scene_id,method,class_id,class_label,object_id,predicted_room_id,rank,score
00847-bCPU9suPUw9,hovsg,0,acoustic panel,0_2_106,0_2,1,0.27940582649782125
00847-bCPU9suPUw9,hovsg,0,acoustic panel,1_3_90,1_3,2,0.27713981193911785
00847-bCPU9suPUw9,hovsg,0,acoustic panel,1_3_32,1_3,3,0.2760922130578339
00847-bCPU9suPUw9,hovsg,0,acoustic panel,0_0_264,0_0,4,0.274493207947053
00847-bCPU9suPUw9,hovsg,0,acoustic panel,1_3_89,1_3,5,0.2740699477197591
00847-bCPU9suPUw9,hovsg,1,air conditioner,1_0_17,1_0,1,0.27636075192617304
00847-bCPU9suPUw9,hovsg,1,air conditioner,0_0_131,0_0,2,0.26183572204310906
00847-bCPU9suPUw9,hovsg,1,air conditioner,1_4_344,1_4,3,0.2611588341406019
00847-bCPU9suPUw9,hovsg,1,air conditioner,0_0_127,0_0,4,0.2606192325841314
00847-bCPU9suPUw9,hovsg,1,air conditioner,0_0_262,0_0,5,0.25719546722207354
00847-bCPU9suPUw9,hovsg,2,air freshener,0_0_131,0_0,1,0.2472793593282856
00847-bCPU9suPUw9,hovsg,2,air freshener,1_3_4,1_3,2,0.24430773273235898
00847-bCPU9suPUw9,hovsg,2,air freshener,1_0_17,1_0,3,0.24149702303570145
00847-bCPU9suPUw9,hovsg,2,air freshener,1_4_128,1_4,4,0.23347827708597912
00847-bCPU9suPUw9,hovsg,2,air freshener,0_0_127,0_0,5,0.2297997007758633
00847-bCPU9suPUw9,hovsg,3,air hockey,1_3_56,1_3,1,0.1929092140454318
00847-bCPU9suPUw9,hovsg,4,air purifier,1_4_128,1_4,1,0.26450417778136615
00847-bCPU9suPUw9,hovsg,4,air purifier,1_4_344,1_4,2,0.2604585430035483
00847-bCPU9suPUw9,hovsg,4,air purifier,0_0_127,0_0,3,0.2600089029326812
00847-bCPU9suPUw9,hovsg,4,air purifier,0_0_47,0_0,4,0.25701215464145
00847-bCPU9suPUw9,hovsg,4,air purifier,1_3_4,1_3,5,0.2558450307411362
00847-bCPU9suPUw9,hovsg,5,aisle frame,1_1_7,1_1,1,0.26025600172452446
00847-bCPU9suPUw9,hovsg,5,aisle frame,1_4_146,1_4,2,0.2599093932968758
00847-bCPU9suPUw9,hovsg,5,aisle frame,1_4_172,1_4,3,0.2587719877097495
00847-bCPU9suPUw9,hovsg,5,aisle frame,1_4_91,1_4,4,0.2567527777903433
00847-bCPU9suPUw9,hovsg,5,aisle frame,1_4_26,1_4,5,0.2554635008722781
00847-bCPU9suPUw9,hovsg,6,alarm,1_4_11,1_4,1,0.2367967148247782
00847-bCPU9suPUw9,hovsg,6,alarm,1_3_60,1_3,2,0.2348233628597311
00847-bCPU9suPUw9,hovsg,6,alarm,1_4_12,1_4,3,0.23291370344965337
00847-bCPU9suPUw9,hovsg,6,alarm,1_4_250,1_4,4,0.2324191271008899
00847-bCPU9suPUw9,hovsg,6,alarm,1_4_6,1_4,5,0.23091118218835008
00847-bCPU9suPUw9,hovsg,7,album,1_4_91,1_4,1,0.2691399096068669
00847-bCPU9suPUw9,hovsg,7,album,1_4_172,1_4,2,0.2681422222472369
00847-bCPU9suPUw9,hovsg,7,album,1_4_152,1_4,3,0.26050051948195274
00847-bCPU9suPUw9,hovsg,7,album,1_4_3,1_4,4,0.25955912000243697
00847-bCPU9suPUw9,hovsg,7,album,1_4_278,1_4,5,0.2580556855623001
00847-bCPU9suPUw9,hovsg,8,amplifier,1_3_49,1_3,1,0.24739845230744112
00847-bCPU9suPUw9,hovsg,8,amplifier,1_4_155,1_4,2,0.24682347237753363
00847-bCPU9suPUw9,hovsg,8,amplifier,1_4_156,1_4,3,0.23835329751754566
00847-bCPU9suPUw9,hovsg,8,amplifier,0_2_54,0_2,4,0.23337278159907845
00847-bCPU9suPUw9,hovsg,8,amplifier,1_4_6,1_4,5,0.2296851790033002
00847-bCPU9suPUw9,hovsg,9,appliance,0_0_204,0_0,1,0.3067669957568365
00847-bCPU9suPUw9,hovsg,9,appliance,0_0_210,0_0,2,0.3066753627721086
00847-bCPU9suPUw9,hovsg,9,appliance,0_0_195,0_0,3,0.3059088752431616
00847-bCPU9suPUw9,hovsg,9,appliance,0_0_252,0_0,4,0.29576701411005507
00847-bCPU9suPUw9,hovsg,9,appliance,0_0_270,0_0,5,0.2935613812727729
00847-bCPU9suPUw9,hovsg,10,apron,0_0_250,0_0,1,0.23963790685755115
00847-bCPU9suPUw9,hovsg,10,apron,0_0_205,0_0,2,0.23806490167707853
00847-bCPU9suPUw9,hovsg,10,apron,0_0_151,0_0,3,0.23308199662527054
00847-bCPU9suPUw9,hovsg,10,apron,0_0_283,0_0,4,0.23290293970212791
00847-bCPU9suPUw9,hovsg,10,apron,1_3_13,1_3,5,0.21437906221467184
00847-bCPU9suPUw9,hovsg,11,aquarium,1_1_45,1_1,1,0.24123935596203988
00847-bCPU9suPUw9,hovsg,11,aquarium,1_1_22,1_1,2,0.23145986555401915
00847-bCPU9suPUw9,hovsg,11,aquarium,1_1_17,1_1,3,0.23003602110155197
00847-bCPU9suPUw9,hovsg,11,aquarium,1_1_28,1_1,4,0.22996011802315164
00847-bCPU9suPUw9,hovsg,11,aquarium,1_1_33,1_1,5,0.22986882681903925
00847-bCPU9suPUw9,hovsg,12,arcade game,1_4_287,1_4,1,0.2280764052328199
00847-bCPU9suPUw9,hovsg,12,arcade game,1_4_155,1_4,2,0.22309015936005686
00847-bCPU9suPUw9,hovsg,12,arcade game,1_4_40,1_4,3,0.22260101857090867
00847-bCPU9suPUw9,hovsg,12,arcade game,1_4_27,1_4,4,0.22121819285838162
00847-bCPU9suPUw9,hovsg,12,arcade game,0_2_136,0_2,5,0.21940558148394954
00847-bCPU9suPUw9,hovsg,13,artwork,0_2_338,0_2,1,0.28481818992516705
00847-bCPU9suPUw9,hovsg,13,artwork,0_1_37,0_1,2,0.2691423717907028
00847-bCPU9suPUw9,hovsg,13,artwork,1_4_91,1_4,3,0.24741296508629468
00847-bCPU9suPUw9,hovsg,13,artwork,1_1_25,1_1,4,0.23250391777286505
00847-bCPU9suPUw9,hovsg,13,artwork,0_1_50,0_1,5,0.23104657666935735
00847-bCPU9suPUw9,hovsg,14,ashtray,0_0_208,0_0,1,0.26849623238812004
00847-bCPU9suPUw9,hovsg,14,ashtray,0_0_4,0_0,2,0.26667775043710423
00847-bCPU9suPUw9,hovsg,14,ashtray,0_0_20,0_0,3,0.26608474587798076
00847-bCPU9suPUw9,hovsg,14,ashtray,0_0_211,0_0,4,0.2634449372779768
00847-bCPU9suPUw9,hovsg,14,ashtray,0_2_88,0_2,5,0.25851775522851106
00847-bCPU9suPUw9,hovsg,15,audio player,1_4_278,1_4,1,0.21374653623668108
00847-bCPU9suPUw9,hovsg,15,audio player,0_1_21,0_1,2,0.21330723554984593
00847-bCPU9suPUw9,hovsg,15,audio player,1_2_58,1_2,3,0.2130940241270955
00847-bCPU9suPUw9,hovsg,15,audio player,1_4_152,1_4,4,0.20963651328467867
00847-bCPU9suPUw9,hovsg,15,audio player,0_0_125,0_0,5,0.2095513896357399
00847-bCPU9suPUw9,hovsg,16,axe,1_2_6,1_2,1,0.2769930837733814
00847-bCPU9suPUw9,hovsg,16,axe,1_2_58,1_2,2,0.2761857389346398
00847-bCPU9suPUw9,hovsg,16,axe,1_4_287,1_4,3,0.2727365926388968
00847-bCPU9suPUw9,hovsg,16,axe,0_2_298,0_2,4,0.27254086767561125
00847-bCPU9suPUw9,hovsg,16,axe,1_2_21,1_2,5,0.2724070009201668
00847-bCPU9suPUw9,hovsg,17,baby changing table,1_4_77,1_4,1,0.27688077737906397
00847-bCPU9suPUw9,hovsg,17,baby changing table,1_4_73,1_4,2,0.2739719382717418
00847-bCPU9suPUw9,hovsg,17,baby changing table,1_4_76,1_4,3,0.2728744416974846
00847-bCPU9suPUw9,hovsg,17,baby changing table,1_3_101,1_3,4,0.2727928477294883
00847-bCPU9suPUw9,hovsg,17,baby changing table,1_4_70,1_4,5,0.27225179242807185
00847-bCPU9suPUw9,hovsg,18,backrest,1_3_34,1_3,1,0.30156380598227855
00847-bCPU9suPUw9,hovsg,18,backrest,1_3_29,1_3,2,0.2994939824505408
00847-bCPU9suPUw9,hovsg,18,backrest,0_1_58,0_1,3,0.29730343020033645
00847-bCPU9suPUw9,hovsg,18,backrest,1_3_15,1_3,4,0.29204773253398086
00847-bCPU9suPUw9,hovsg,18,backrest,1_4_2,1_4,5,0.29016980318158236
00847-bCPU9suPUw9,hovsg,19,backsplash,0_1_42,0_1,1,0.32775987627534103
00847-bCPU9suPUw9,hovsg,19,backsplash,0_1_53,0_1,2,0.3258661373877388
00847-bCPU9suPUw9,hovsg,19,backsplash,0_0_58,0_0,3,0.3257534520350844
00847-bCPU9suPUw9,hovsg,19,backsplash,0_0_150,0_0,4,0.32521556697285114
00847-bCPU9suPUw9,hovsg,19,backsplash,0_1_41,0_1,5,0.32439353238053625
00847-bCPU9suPUw9,hovsg,20,bag,1_4_20,1_4,1,0.26214248507995164
00847-bCPU9suPUw9,hovsg,20,bag,0_0_211,0_0,2,0.2610060681764617
00847-bCPU9suPUw9,hovsg,20,bag,0_0_205,0_0,3,0.26043433118708015
00847-bCPU9suPUw9,hovsg,20,bag,0_0_212,0_0,4,0.2583154926715068
00847-bCPU9suPUw9,hovsg,20,bag,1_3_4,1_3,5,0.2571334619573556
00847-bCPU9suPUw9,hovsg,21,ball,0_2_292,0_2,1,0.25614502606907186
00847-bCPU9suPUw9,hovsg,21,ball,0_0_49,0_0,2,0.23248291048525255
00847-bCPU9suPUw9,hovsg,21,ball,1_4_126,1_4,3,0.22715282878161494
00847-bCPU9suPUw9,hovsg,21,ball,0_2_290,0_2,4,0.22512596985921818
00847-bCPU9suPUw9,hovsg,21,ball,0_2_300,0_2,5,0.22478757337534083
00847-bCPU9suPUw9,hovsg,22,ball pool,1_1_24,1_1,1,0.2286945035925652
00847-bCPU9suPUw9,hovsg,22,ball pool,1_1_32,1_1,2,0.21746205031689622
00847-bCPU9suPUw9,hovsg,23,bar,0_0_235,0_0,1,0.2515645324424981
00847-bCPU9suPUw9,hovsg,23,bar,0_2_88,0_2,2,0.25017478030697804
00847-bCPU9suPUw9,hovsg,23,bar,0_2_134,0_2,3,0.24948836623309645
00847-bCPU9suPUw9,hovsg,23,bar,0_2_54,0_2,4,0.23674078603611698
00847-bCPU9suPUw9,hovsg,23,bar,0_2_102,0_2,5,0.2341562892285703
00847-bCPU9suPUw9,hovsg,24,barbecue,0_0_20,0_0,1,0.2282597995144311
00847-bCPU9suPUw9,hovsg,25,barrel,1_4_327,1_4,1,0.2843564973104339
00847-bCPU9suPUw9,hovsg,25,barrel,0_0_211,0_0,2,0.27599952932854466
00847-bCPU9suPUw9,hovsg,25,barrel,0_0_97,0_0,3,0.2756756425061545
00847-bCPU9suPUw9,hovsg,25,barrel,0_0_203,0_0,4,0.27073015105284176
00847-bCPU9suPUw9,hovsg,25,barrel,0_0_212,0_0,5,0.27021752070253413
00847-bCPU9suPUw9,hovsg,26,base,0_0_20,0_0,1,0.26424929198565994
00847-bCPU9suPUw9,hovsg,26,base,1_2_58,1_2,2,0.2626401283952448
00847-bCPU9suPUw9,hovsg,26,base,0_0_4,0_0,3,0.26066115783686067
00847-bCPU9suPUw9,hovsg,26,base,1_4_40,1_4,4,0.25914237843119337
00847-bCPU9suPUw9,hovsg,26,base,0_1_7,0_1,5,0.25733740116882003
00847-bCPU9suPUw9,hovsg,27,baseball bat,0_2_111,0_2,1,0.2531085461361629
00847-bCPU9suPUw9,hovsg,27,baseball bat,1_2_21,1_2,2,0.25300192453517234
00847-bCPU9suPUw9,hovsg,27,baseball bat,0_2_298,0_2,3,0.2518023903368565
00847-bCPU9suPUw9,hovsg,27,baseball bat,0_2_79,0_2,4,0.2492863740765439
00847-bCPU9suPUw9,hovsg,27,baseball bat,0_2_311,0_2,5,0.2484623514993448
00847-bCPU9suPUw9,hovsg,28,basket,1_4_327,1_4,1,0.2975571360515853
00847-bCPU9suPUw9,hovsg,28,basket,1_1_52,1_1,2,0.25466414882169675
00847-bCPU9suPUw9,hovsg,28,basket,0_0_212,0_0,3,0.2431964174855082
00847-bCPU9suPUw9,hovsg,28,basket,0_0_211,0_0,4,0.24144143497648776
00847-bCPU9suPUw9,hovsg,28,basket,0_1_35,0_1,5,0.2388124871744154
00847-bCPU9suPUw9,hovsg,29,basketball hoop,1_1_49,1_1,1,0.23290068459535485
00847-bCPU9suPUw9,hovsg,29,basketball hoop,0_2_136,0_2,2,0.2300374206742617
00847-bCPU9suPUw9,hovsg,29,basketball hoop,0_2_247,0_2,3,0.22807710515575016
00847-bCPU9suPUw9,hovsg,29,basketball hoop,1_1_30,1_1,4,0.22491640607978314
00847-bCPU9suPUw9,hovsg,29,basketball hoop,1_1_18,1_1,5,0.22439796538655243
00847-bCPU9suPUw9,hovsg,30,basketballs,1_1_52,1_1,1,0.19756629370920498
00847-bCPU9suPUw9,hovsg,30,basketballs,0_2_193,0_2,2,0.1953620978241002
00847-bCPU9suPUw9,hovsg,30,basketballs,0_2_292,0_2,3,0.19133592285360113
00847-bCPU9suPUw9,hovsg,30,basketballs,0_2_136,0_2,4,0.19090446758099588
00847-bCPU9suPUw9,hovsg,30,basketballs,1_1_7,1_1,5,0.1884908095080368
00847-bCPU9suPUw9,hovsg,31,bathroom accessory,1_4_155,1_4,1,0.3052140852181823
00847-bCPU9suPUw9,hovsg,31,bathroom accessory,1_4_138,1_4,2,0.2964063417045627
00847-bCPU9suPUw9,hovsg,31,bathroom accessory,1_4_156,1_4,3,0.29382351406710827
00847-bCPU9suPUw9,hovsg,31,bathroom accessory,1_4_92,1_4,4,0.2921812622280825
00847-bCPU9suPUw9,hovsg,31,bathroom accessory,1_4_325,1_4,5,0.29164642231701526
00847-bCPU9suPUw9,hovsg,32,bathtub,1_4_97,1_4,1,0.2908527416287684
00847-bCPU9suPUw9,hovsg,32,bathtub,1_4_318,1_4,2,0.27500059397494536
00847-bCPU9suPUw9,hovsg,32,bathtub,1_4_199,1_4,3,0.27014779578011333
00847-bCPU9suPUw9,hovsg,32,bathtub,1_4_325,1_4,4,0.26404948393579736
00847-bCPU9suPUw9,hovsg,32,bathtub,1_4_110,1_4,5,0.2628321122542254
00847-bCPU9suPUw9,hovsg,33,bed,1_3_36,1_3,1,0.3015781671818878
00847-bCPU9suPUw9,hovsg,33,bed,1_4_270,1_4,2,0.2982859739870067
00847-bCPU9suPUw9,hovsg,33,bed,1_4_0,1_4,3,0.29591739080900037
00847-bCPU9suPUw9,hovsg,33,bed,1_3_62,1_3,4,0.2940788316644576
00847-bCPU9suPUw9,hovsg,33,bed,1_4_211,1_4,5,0.29381842708677147
00847-bCPU9suPUw9,hovsg,34,bed ladder,1_4_240,1_4,1,0.2842134120399894
00847-bCPU9suPUw9,hovsg,34,bed ladder,1_1_49,1_1,2,0.28226672664801084
00847-bCPU9suPUw9,hovsg,34,bed ladder,1_4_278,1_4,3,0.2807805553130974
00847-bCPU9suPUw9,hovsg,34,bed ladder,1_4_279,1_4,4,0.279562579708589
00847-bCPU9suPUw9,hovsg,34,bed ladder,1_4_236,1_4,5,0.27823365334427796
00847-bCPU9suPUw9,hovsg,35,beer crate,0_2_88,0_2,1,0.2398653470243502
00847-bCPU9suPUw9,hovsg,35,beer crate,0_2_327,0_2,2,0.22789843441344895
00847-bCPU9suPUw9,hovsg,35,beer crate,0_0_205,0_0,3,0.22582077374899517
00847-bCPU9suPUw9,hovsg,35,beer crate,0_2_134,0_2,4,0.22501201162704165
00847-bCPU9suPUw9,hovsg,35,beer crate,1_3_1,1_3,5,0.2225904997560908
00847-bCPU9suPUw9,hovsg,36,bell,0_0_117,0_0,1,0.25273572286343543
00847-bCPU9suPUw9,hovsg,36,bell,1_4_148,1_4,2,0.25173027519004065
00847-bCPU9suPUw9,hovsg,36,bell,1_4_180,1_4,3,0.2503165661941491
00847-bCPU9suPUw9,hovsg,36,bell,1_4_326,1_4,4,0.24926498396237923
00847-bCPU9suPUw9,hovsg,36,bell,1_4_345,1_4,5,0.2481709722925111
00847-bCPU9suPUw9,hovsg,37,belt,0_1_25,0_1,1,0.2554438804981135
00847-bCPU9suPUw9,hovsg,37,belt,1_2_6,1_2,2,0.2550628685760368
00847-bCPU9suPUw9,hovsg,37,belt,1_4_209,1_4,3,0.25384441532708835
00847-bCPU9suPUw9,hovsg,37,belt,1_4_283,1_4,4,0.25362619438996353
00847-bCPU9suPUw9,hovsg,37,belt,1_4_23,1_4,5,0.24904295710021157
00847-bCPU9suPUw9,hovsg,38,bench,0_1_2,0_1,1,0.2906259699463879
00847-bCPU9suPUw9,hovsg,38,bench,0_1_32,0_1,2,0.2851136002400819
00847-bCPU9suPUw9,hovsg,38,bench,1_4_20,1_4,3,0.2817388012391346
00847-bCPU9suPUw9,hovsg,38,bench,0_2_108,0_2,4,0.26934478107004467
00847-bCPU9suPUw9,hovsg,38,bench,0_0_246,0_0,5,0.2678234397787167
00847-bCPU9suPUw9,hovsg,39,beverage dispenser,1_4_155,1_4,1,0.24005826550216192
00847-bCPU9suPUw9,hovsg,39,beverage dispenser,1_3_56,1_3,2,0.19425334129021352
00847-bCPU9suPUw9,hovsg,40,bicycle,0_0_121,0_0,1,0.234061180197858
00847-bCPU9suPUw9,hovsg,40,bicycle,0_2_76,0_2,2,0.21229824510986128
00847-bCPU9suPUw9,hovsg,40,bicycle,0_0_123,0_0,3,0.20785782584854506
00847-bCPU9suPUw9,hovsg,40,bicycle,0_2_136,0_2,4,0.2070887176989511
00847-bCPU9suPUw9,hovsg,40,bicycle,0_2_338,0_2,5,0.20511745522250768
00847-bCPU9suPUw9,hovsg,41,bicycle helmet,0_2_292,0_2,1,0.22378238519956245
00847-bCPU9suPUw9,hovsg,41,bicycle helmet,1_2_7,1_2,2,0.20747611162376492
00847-bCPU9suPUw9,hovsg,41,bicycle helmet,0_0_49,0_0,3,0.19854467043344337
00847-bCPU9suPUw9,hovsg,42,bin,1_4_327,1_4,1,0.29518161728768477
00847-bCPU9suPUw9,hovsg,42,bin,1_3_4,1_3,2,0.2737080690310776
00847-bCPU9suPUw9,hovsg,42,bin,0_2_84,0_2,3,0.2642998402243139
00847-bCPU9suPUw9,hovsg,42,bin,1_1_55,1_1,4,0.2623071319031
00847-bCPU9suPUw9,hovsg,42,bin,0_2_327,0_2,5,0.2617860879496014
00847-bCPU9suPUw9,hovsg,43,birdhouse,1_3_61,1_3,1,0.253172405095922
00847-bCPU9suPUw9,hovsg,43,birdhouse,1_4_11,1_4,2,0.2525012184608234
00847-bCPU9suPUw9,hovsg,43,birdhouse,1_4_12,1_4,3,0.24303571222336862
00847-bCPU9suPUw9,hovsg,43,birdhouse,1_3_4,1_3,4,0.2393070423457729
00847-bCPU9suPUw9,hovsg,43,birdhouse,1_4_6,1_4,5,0.23921773768157856
00847-bCPU9suPUw9,hovsg,44,blanket,1_1_25,1_1,1,0.31777165425397036
00847-bCPU9suPUw9,hovsg,44,blanket,1_1_39,1_1,2,0.31333749177952913
00847-bCPU9suPUw9,hovsg,44,blanket,1_1_36,1_1,3,0.3132886796184331
00847-bCPU9suPUw9,hovsg,44,blanket,1_1_48,1_1,4,0.31305132532807634
00847-bCPU9suPUw9,hovsg,44,blanket,1_1_26,1_1,5,0.3130248947761556
00847-bCPU9suPUw9,hovsg,45,board,0_2_106,0_2,1,0.2588557788759452
00847-bCPU9suPUw9,hovsg,45,board,0_2_105,0_2,2,0.2533687713783816
00847-bCPU9suPUw9,hovsg,45,board,0_2_256,0_2,3,0.2521530495208314
00847-bCPU9suPUw9,hovsg,45,board,1_4_273,1_4,4,0.2510238328907279
00847-bCPU9suPUw9,hovsg,45,board,0_2_78,0_2,5,0.2508489642955386
00847-bCPU9suPUw9,hovsg,46,board game,1_1_45,1_1,1,0.2225571070117926
00847-bCPU9suPUw9,hovsg,46,board game,1_1_28,1_1,2,0.21439594054841576
00847-bCPU9suPUw9,hovsg,46,board game,1_1_24,1_1,3,0.21288453592610718
00847-bCPU9suPUw9,hovsg,46,board game,1_1_22,1_1,4,0.2127407674913619
00847-bCPU9suPUw9,hovsg,46,board game,1_1_25,1_1,5,0.2122477225051
00847-bCPU9suPUw9,hovsg,47,board with keys,1_4_71,1_4,1,0.21321407557475897
00847-bCPU9suPUw9,hovsg,47,board with keys,1_4_70,1_4,2,0.21099829753034793
00847-bCPU9suPUw9,hovsg,48,book,0_0_4,0_0,1,0.2503792010857652
00847-bCPU9suPUw9,hovsg,48,book,0_0_250,0_0,2,0.23528410406762684
00847-bCPU9suPUw9,hovsg,48,book,1_4_11,1_4,3,0.23241620325663837
00847-bCPU9suPUw9,hovsg,48,book,0_0_95,0_0,4,0.23067886389988507
00847-bCPU9suPUw9,hovsg,48,book,1_1_15,1_1,5,0.2204781073159482
00847-bCPU9suPUw9,hovsg,49,bottle,0_0_212,0_0,1,0.28053861950958814
00847-bCPU9suPUw9,hovsg,49,bottle,0_0_211,0_0,2,0.2662324351368617
00847-bCPU9suPUw9,hovsg,49,bottle,0_0_205,0_0,3,0.26621306482506607
00847-bCPU9suPUw9,hovsg,49,bottle,0_0_198,0_0,4,0.264556670200139
00847-bCPU9suPUw9,hovsg,49,bottle,0_2_247,0_2,5,0.26122631412358116
00847-bCPU9suPUw9,hovsg,50,bottle dispenser,1_4_155,1_4,1,0.25351883403506176
00847-bCPU9suPUw9,hovsg,50,bottle dispenser,1_4_337,1_4,2,0.17768888749349135
00847-bCPU9suPUw9,hovsg,51,bottle opener,1_4_156,1_4,1,0.25111961095414126
00847-bCPU9suPUw9,hovsg,51,bottle opener,0_0_184,0_0,2,0.24825555784589215
00847-bCPU9suPUw9,hovsg,51,bottle opener,1_2_6,1_2,3,0.24796701072219354
00847-bCPU9suPUw9,hovsg,51,bottle opener,1_2_21,1_2,4,0.24634369652010957
00847-bCPU9suPUw9,hovsg,51,bottle opener,1_4_180,1_4,5,0.23951845457063353
00847-bCPU9suPUw9,hovsg,52,bowl,0_0_20,0_0,1,0.26978346800968783
00847-bCPU9suPUw9,hovsg,52,bowl,0_0_4,0_0,2,0.26023507901456394
00847-bCPU9suPUw9,hovsg,52,bowl,0_1_35,0_1,3,0.25453217790258065
00847-bCPU9suPUw9,hovsg,52,bowl,0_2_292,0_2,4,0.24881746894743656
00847-bCPU9suPUw9,hovsg,52,bowl,0_0_49,0_0,5,0.2486930991026891
00847-bCPU9suPUw9,hovsg,53,box,1_1_43,1_1,1,0.2838234533664069
00847-bCPU9suPUw9,hovsg,53,box,1_1_66,1_1,2,0.2838217620242976
00847-bCPU9suPUw9,hovsg,53,box,0_2_101,0_2,3,0.2837441218641698
00847-bCPU9suPUw9,hovsg,53,box,1_1_55,1_1,4,0.28246710238462763
00847-bCPU9suPUw9,hovsg,53,box,1_3_1,1_3,5,0.2822463208055663
00847-bCPU9suPUw9,hovsg,54,boxing ring,1_4_81,1_4,1,0.18890833547180436
00847-bCPU9suPUw9,hovsg,55,bread,0_0_20,0_0,1,0.2829668048237218
00847-bCPU9suPUw9,hovsg,55,bread,0_0_4,0_0,2,0.27270543454275703
00847-bCPU9suPUw9,hovsg,55,bread,0_0_95,0_0,3,0.2652225882118146
00847-bCPU9suPUw9,hovsg,55,bread,0_2_292,0_2,4,0.25565083201607863
00847-bCPU9suPUw9,hovsg,55,bread,0_0_211,0_0,5,0.2539598333122452
00847-bCPU9suPUw9,hovsg,56,bread box,1_3_4,1_3,1,0.27585376900815944
00847-bCPU9suPUw9,hovsg,56,bread box,0_0_246,0_0,2,0.27484873999720727
00847-bCPU9suPUw9,hovsg,56,bread box,0_0_196,0_0,3,0.2741168776784165
00847-bCPU9suPUw9,hovsg,56,bread box,0_0_175,0_0,4,0.27303168269464073
00847-bCPU9suPUw9,hovsg,56,bread box,1_1_43,1_1,5,0.27301817467083
00847-bCPU9suPUw9,hovsg,57,bricks,0_2_136,0_2,1,0.26297856895479893
00847-bCPU9suPUw9,hovsg,57,bricks,0_0_109,0_0,2,0.26172885369900234
00847-bCPU9suPUw9,hovsg,57,bricks,0_0_105,0_0,3,0.2561901648213213
00847-bCPU9suPUw9,hovsg,57,bricks,0_0_70,0_0,4,0.255398365570961
00847-bCPU9suPUw9,hovsg,57,bricks,0_0_103,0_0,5,0.2539964290393139
00847-bCPU9suPUw9,hovsg,58,bridge,1_4_240,1_4,1,0.2240077596139983
00847-bCPU9suPUw9,hovsg,58,bridge,1_4_236,1_4,2,0.2198948048827944
00847-bCPU9suPUw9,hovsg,58,bridge,0_2_321,0_2,3,0.20086900095044796
00847-bCPU9suPUw9,hovsg,58,bridge,1_4_81,1_4,4,0.19631754863159495
00847-bCPU9suPUw9,hovsg,59,broom,1_1_52,1_1,1,0.2594561976283954
00847-bCPU9suPUw9,hovsg,59,broom,0_2_172,0_2,2,0.25335357613624493
00847-bCPU9suPUw9,hovsg,59,broom,1_2_53,1_2,3,0.2507327692611627
00847-bCPU9suPUw9,hovsg,59,broom,1_4_309,1_4,4,0.24938138748199068
00847-bCPU9suPUw9,hovsg,59,broom,1_2_21,1_2,5,0.2493226794215201
00847-bCPU9suPUw9,hovsg,60,brush,0_2_76,0_2,1,0.2679130772614175
00847-bCPU9suPUw9,hovsg,60,brush,1_2_53,1_2,2,0.2647044633189221
00847-bCPU9suPUw9,hovsg,60,brush,0_2_338,0_2,3,0.25927375798196295
00847-bCPU9suPUw9,hovsg,60,brush,1_4_165,1_4,4,0.2591068058784885
00847-bCPU9suPUw9,hovsg,60,brush,1_1_40,1_1,5,0.2581285069063425
00847-bCPU9suPUw9,hovsg,61,bucket,1_4_327,1_4,1,0.28800420339573435
00847-bCPU9suPUw9,hovsg,61,bucket,0_0_211,0_0,2,0.27118921915690763
00847-bCPU9suPUw9,hovsg,61,bucket,1_4_359,1_4,3,0.26896823433923356
00847-bCPU9suPUw9,hovsg,61,bucket,1_3_4,1_3,4,0.2686890693698157
00847-bCPU9suPUw9,hovsg,61,bucket,0_0_212,0_0,5,0.25720775296889903
00847-bCPU9suPUw9,hovsg,62,buffet,0_0_20,0_0,1,0.25507322320154435
00847-bCPU9suPUw9,hovsg,62,buffet,1_4_77,1_4,2,0.2275798387004852
00847-bCPU9suPUw9,hovsg,62,buffet,1_4_301,1_4,3,0.22610228780062874
00847-bCPU9suPUw9,hovsg,62,buffet,1_4_300,1_4,4,0.2251131315660903
00847-bCPU9suPUw9,hovsg,62,buffet,1_4_76,1_4,5,0.22417260127864946
00847-bCPU9suPUw9,hovsg,63,button,1_4_152,1_4,1,0.2668586961795502
00847-bCPU9suPUw9,hovsg,63,button,0_0_119,0_0,2,0.25457237352725587
00847-bCPU9suPUw9,hovsg,63,button,0_1_52,0_1,3,0.25258395955995677
00847-bCPU9suPUw9,hovsg,63,button,0_2_292,0_2,4,0.25231817830219455
00847-bCPU9suPUw9,hovsg,63,button,1_4_256,1_4,5,0.24981592335827135
00847-bCPU9suPUw9,hovsg,64,cabinet,0_0_162,0_0,1,0.3221902064485725
00847-bCPU9suPUw9,hovsg,64,cabinet,0_0_258,0_0,2,0.31910708720726355
00847-bCPU9suPUw9,hovsg,64,cabinet,0_0_200,0_0,3,0.3185076697587577
00847-bCPU9suPUw9,hovsg,64,cabinet,0_0_260,0_0,4,0.3131079072764471
00847-bCPU9suPUw9,hovsg,64,cabinet,0_0_165,0_0,5,0.30879899986934856
00847-bCPU9suPUw9,hovsg,65,cable,1_1_49,1_1,1,0.2747610245740299
00847-bCPU9suPUw9,hovsg,65,cable,0_2_230,0_2,2,0.2536664169886934
00847-bCPU9suPUw9,hovsg,65,cable,1_1_65,1_1,3,0.24832660826124262
00847-bCPU9suPUw9,hovsg,65,cable,0_0_184,0_0,4,0.2411497718805009
00847-bCPU9suPUw9,hovsg,65,cable,1_4_179,1_4,5,0.2409452217559377
00847-bCPU9suPUw9,hovsg,66,cage,1_4_327,1_4,1,0.23550242908352487
00847-bCPU9suPUw9,hovsg,66,cage,0_0_131,0_0,2,0.22784021196541107
00847-bCPU9suPUw9,hovsg,66,cage,1_4_81,1_4,3,0.18908367224188816
00847-bCPU9suPUw9,hovsg,67,cake,0_0_4,0_0,1,0.2752297057374764
00847-bCPU9suPUw9,hovsg,67,cake,0_0_20,0_0,2,0.27378071970619555
00847-bCPU9suPUw9,hovsg,67,cake,0_2_88,0_2,3,0.26153675359424966
00847-bCPU9suPUw9,hovsg,67,cake,1_3_13,1_3,4,0.2591881477970791
00847-bCPU9suPUw9,hovsg,67,cake,0_2_341,0_2,5,0.2588763365601182
00847-bCPU9suPUw9,hovsg,68,calculator,1_4_278,1_4,1,0.21095950661588087
00847-bCPU9suPUw9,hovsg,68,calculator,0_1_21,0_1,2,0.20533176404652168
00847-bCPU9suPUw9,hovsg,68,calculator,0_2_114,0_2,3,0.19855955584901622
00847-bCPU9suPUw9,hovsg,68,calculator,1_4_279,1_4,4,0.1983074206418021
00847-bCPU9suPUw9,hovsg,68,calculator,0_0_133,0_0,5,0.19828154826199448
00847-bCPU9suPUw9,hovsg,69,calendar,1_4_282,1_4,1,0.23226468418126328
00847-bCPU9suPUw9,hovsg,69,calendar,0_1_21,0_1,2,0.22821733245842252
00847-bCPU9suPUw9,hovsg,69,calendar,0_1_13,0_1,3,0.2258983290582787
00847-bCPU9suPUw9,hovsg,69,calendar,0_1_28,0_1,4,0.2225651394106382
00847-bCPU9suPUw9,hovsg,69,calendar,0_2_338,0_2,5,0.22213237782281103
00847-bCPU9suPUw9,hovsg,70,camera,0_2_187,0_2,1,0.26819428038141147
00847-bCPU9suPUw9,hovsg,70,camera,0_0_4,0_0,2,0.26471004457891095
00847-bCPU9suPUw9,hovsg,70,camera,1_1_18,1_1,3,0.26258731961120346
00847-bCPU9suPUw9,hovsg,70,camera,1_4_226,1_4,4,0.26219997995824973
00847-bCPU9suPUw9,hovsg,70,camera,1_1_65,1_1,5,0.2618040326848269
00847-bCPU9suPUw9,hovsg,71,can,0_0_212,0_0,1,0.2805605393506455
00847-bCPU9suPUw9,hovsg,71,can,0_0_211,0_0,2,0.2795952341665385
00847-bCPU9suPUw9,hovsg,71,can,1_3_4,1_3,3,0.2716831416688243
00847-bCPU9suPUw9,hovsg,71,can,0_0_203,0_0,4,0.269082088284158
00847-bCPU9suPUw9,hovsg,71,can,0_2_88,0_2,5,0.26004522009430775
00847-bCPU9suPUw9,hovsg,72,canal,1_1_49,1_1,1,0.23455313682492984
00847-bCPU9suPUw9,hovsg,72,canal,1_4_154,1_4,2,0.23120190941063756
00847-bCPU9suPUw9,hovsg,72,canal,1_4_328,1_4,3,0.22715928684069286
00847-bCPU9suPUw9,hovsg,72,canal,0_0_123,0_0,4,0.22603349596449207
00847-bCPU9suPUw9,hovsg,72,canal,0_0_125,0_0,5,0.2239862844479744
00847-bCPU9suPUw9,hovsg,73,candelabra,0_2_76,0_2,1,0.22169011449392473
00847-bCPU9suPUw9,hovsg,73,candelabra,1_1_11,1_1,2,0.220100266210016
00847-bCPU9suPUw9,hovsg,73,candelabra,0_1_58,0_1,3,0.2183354361535892
00847-bCPU9suPUw9,hovsg,73,candelabra,0_1_21,0_1,4,0.2113812301168406
00847-bCPU9suPUw9,hovsg,73,candelabra,1_2_58,1_2,5,0.20846944421848487
00847-bCPU9suPUw9,hovsg,74,candle,1_4_328,1_4,1,0.24026752293205358
00847-bCPU9suPUw9,hovsg,74,candle,0_0_141,0_0,2,0.2262581916793856
00847-bCPU9suPUw9,hovsg,74,candle,1_4_55,1_4,3,0.22501577522368615
00847-bCPU9suPUw9,hovsg,74,candle,0_0_203,0_0,4,0.22102296822828216
00847-bCPU9suPUw9,hovsg,74,candle,0_2_30,0_2,5,0.21820425201549068
00847-bCPU9suPUw9,hovsg,75,candle holder,1_4_11,1_4,1,0.23372641006732978
00847-bCPU9suPUw9,hovsg,75,candle holder,1_4_6,1_4,2,0.23333240646479694
00847-bCPU9suPUw9,hovsg,75,candle holder,1_4_12,1_4,3,0.23312730872641638
00847-bCPU9suPUw9,hovsg,75,candle holder,1_4_250,1_4,4,0.23223174658230888
00847-bCPU9suPUw9,hovsg,75,candle holder,0_2_30,0_2,5,0.22539458359269307
00847-bCPU9suPUw9,hovsg,76,candle stand,0_0_4,0_0,1,0.2528597909549943
00847-bCPU9suPUw9,hovsg,76,candle stand,1_4_6,1_4,2,0.24372539591975986
00847-bCPU9suPUw9,hovsg,76,candle stand,1_4_12,1_4,3,0.2425482432171368
00847-bCPU9suPUw9,hovsg,76,candle stand,1_4_250,1_4,4,0.24220437343837167
00847-bCPU9suPUw9,hovsg,76,candle stand,1_4_11,1_4,5,0.23970761071240498
00847-bCPU9suPUw9,hovsg,77,candlestick,0_2_30,0_2,1,0.2262774013617473
00847-bCPU9suPUw9,hovsg,77,candlestick,0_0_208,0_0,2,0.20754652233127835
00847-bCPU9suPUw9,hovsg,78,canoe,1_4_283,1_4,1,0.2515143206546851
00847-bCPU9suPUw9,hovsg,78,canoe,1_1_70,1_1,2,0.24617614109834224
00847-bCPU9suPUw9,hovsg,78,canoe,1_1_19,1_1,3,0.24337678509462637
00847-bCPU9suPUw9,hovsg,78,canoe,1_3_13,1_3,4,0.2429634428784485
00847-bCPU9suPUw9,hovsg,78,canoe,0_0_20,0_0,5,0.24235052554677267
00847-bCPU9suPUw9,hovsg,79,canopy,1_2_44,1_2,1,0.2732391591719497
00847-bCPU9suPUw9,hovsg,79,canopy,1_1_81,1_1,2,0.2633546858962471
00847-bCPU9suPUw9,hovsg,79,canopy,1_4_66,1_4,3,0.25906768521925627
00847-bCPU9suPUw9,hovsg,79,canopy,1_1_68,1_1,4,0.25818118739281365
00847-bCPU9suPUw9,hovsg,79,canopy,1_1_6,1_1,5,0.2558542379817128
00847-bCPU9suPUw9,hovsg,80,car,0_0_245,0_0,1,0.24786954176630177
00847-bCPU9suPUw9,hovsg,81,card,0_2_217,0_2,1,0.25588700679686516
00847-bCPU9suPUw9,hovsg,81,card,0_2_216,0_2,2,0.2541013091475479
00847-bCPU9suPUw9,hovsg,81,card,0_2_245,0_2,3,0.2536586469412357
00847-bCPU9suPUw9,hovsg,81,card,1_2_12,1_2,4,0.25309038561647546
00847-bCPU9suPUw9,hovsg,81,card,0_2_88,0_2,5,0.25254200486642725
00847-bCPU9suPUw9,hovsg,82,cardboard,0_0_103,0_0,1,0.3135207950236393
00847-bCPU9suPUw9,hovsg,82,cardboard,0_2_159,0_2,2,0.3107470765168739
00847-bCPU9suPUw9,hovsg,82,cardboard,1_3_33,1_3,3,0.3095677129514612
00847-bCPU9suPUw9,hovsg,82,cardboard,1_3_8,1_3,4,0.3079634765310789
00847-bCPU9suPUw9,hovsg,82,cardboard,1_0_36,1_0,5,0.30717158082958174
00847-bCPU9suPUw9,hovsg,83,cart,0_2_88,0_2,1,0.2645425269032683
00847-bCPU9suPUw9,hovsg,83,cart,0_2_134,0_2,2,0.26421489185881397
00847-bCPU9suPUw9,hovsg,83,cart,0_0_107,0_0,3,0.262109382546381
00847-bCPU9suPUw9,hovsg,83,cart,0_2_54,0_2,4,0.2581783805643848
00847-bCPU9suPUw9,hovsg,83,cart,0_0_95,0_0,5,0.2523768844370002
00847-bCPU9suPUw9,hovsg,84,cash register,0_2_88,0_2,1,0.25744024010250033
00847-bCPU9suPUw9,hovsg,84,cash register,0_2_134,0_2,2,0.24430924295729545
00847-bCPU9suPUw9,hovsg,84,cash register,0_2_54,0_2,3,0.24310067235926877
00847-bCPU9suPUw9,hovsg,84,cash register,0_2_102,0_2,4,0.2339234508285235
00847-bCPU9suPUw9,hovsg,85,casket,1_4_20,1_4,1,0.2805170378722609
00847-bCPU9suPUw9,hovsg,85,casket,0_2_37,0_2,2,0.27745066835154164
00847-bCPU9suPUw9,hovsg,85,casket,1_4_209,1_4,3,0.2647383915098616
00847-bCPU9suPUw9,hovsg,85,casket,0_2_84,0_2,4,0.2635710771750989
00847-bCPU9suPUw9,hovsg,85,casket,0_2_108,0_2,5,0.26329742942526285
00847-bCPU9suPUw9,hovsg,86,cassette,0_2_88,0_2,1,0.27558131495475185
00847-bCPU9suPUw9,hovsg,86,cassette,1_1_65,1_1,2,0.2705960740364219
00847-bCPU9suPUw9,hovsg,86,cassette,1_3_72,1_3,3,0.2683390308875713
00847-bCPU9suPUw9,hovsg,86,cassette,1_4_278,1_4,4,0.26691469411076607
00847-bCPU9suPUw9,hovsg,86,cassette,0_2_134,0_2,5,0.266443621861422
00847-bCPU9suPUw9,hovsg,87,cat,0_2_341,0_2,1,0.28062634614208126
00847-bCPU9suPUw9,hovsg,87,cat,1_3_60,1_3,2,0.2797954469857557
00847-bCPU9suPUw9,hovsg,87,cat,1_2_51,1_2,3,0.2782569631350898
00847-bCPU9suPUw9,hovsg,87,cat,1_4_264,1_4,4,0.2781155892238709
00847-bCPU9suPUw9,hovsg,87,cat,0_2_247,0_2,5,0.27522922832302826
00847-bCPU9suPUw9,hovsg,88,cat food,0_0_211,0_0,1,0.2473983208169192
00847-bCPU9suPUw9,hovsg,88,cat food,0_0_212,0_0,2,0.24443964624249914
00847-bCPU9suPUw9,hovsg,88,cat food,0_0_20,0_0,3,0.24367569423128113
00847-bCPU9suPUw9,hovsg,88,cat food,1_3_60,1_3,4,0.23979169849082863
00847-bCPU9suPUw9,hovsg,88,cat food,0_0_95,0_0,5,0.23942404637557652
00847-bCPU9suPUw9,hovsg,89,cat litter box,1_1_66,1_1,1,0.28458172920681024
00847-bCPU9suPUw9,hovsg,89,cat litter box,1_1_8,1_1,2,0.2818768325214331
00847-bCPU9suPUw9,hovsg,89,cat litter box,1_1_43,1_1,3,0.28090579191743165
00847-bCPU9suPUw9,hovsg,89,cat litter box,1_1_3,1_1,4,0.2800684677264035
00847-bCPU9suPUw9,hovsg,89,cat litter box,1_3_1,1_3,5,0.2764161658043852
00847-bCPU9suPUw9,hovsg,90,cat tree,1_3_60,1_3,1,0.26391556704145885
00847-bCPU9suPUw9,hovsg,90,cat tree,0_2_247,0_2,2,0.26272823352963115
00847-bCPU9suPUw9,hovsg,90,cat tree,0_2_88,0_2,3,0.25219975351570056
00847-bCPU9suPUw9,hovsg,90,cat tree,1_4_279,1_4,4,0.25129534707476897
00847-bCPU9suPUw9,hovsg,90,cat tree,0_1_28,0_1,5,0.2483672289914901
00847-bCPU9suPUw9,hovsg,91,cd,1_4_328,1_4,1,0.2510634493303215
00847-bCPU9suPUw9,hovsg,91,cd,1_1_55,1_1,2,0.23551114609015028
00847-bCPU9suPUw9,hovsg,91,cd,0_1_35,0_1,3,0.2241673958525985
00847-bCPU9suPUw9,hovsg,91,cd,0_2_128,0_2,4,0.21960975265666127
00847-bCPU9suPUw9,hovsg,91,cd,1_2_7,1_2,5,0.21901818493449615
00847-bCPU9suPUw9,hovsg,92,ceiling arch,0_0_289,0_0,1,0.3170027350597579
00847-bCPU9suPUw9,hovsg,92,ceiling arch,0_0_48,0_0,2,0.3121921871221786
00847-bCPU9suPUw9,hovsg,92,ceiling arch,0_0_267,0_0,3,0.3069809014673294
00847-bCPU9suPUw9,hovsg,92,ceiling arch,0_0_269,0_0,4,0.3044831372295371
00847-bCPU9suPUw9,hovsg,92,ceiling arch,0_0_282,0_0,5,0.3038843110486521
00847-bCPU9suPUw9,hovsg,93,ceiling chassis,0_0_262,0_0,1,0.3059656001004907
00847-bCPU9suPUw9,hovsg,93,ceiling chassis,1_4_236,1_4,2,0.30450984843206674
00847-bCPU9suPUw9,hovsg,93,ceiling chassis,1_4_25,1_4,3,0.30071282605454447
00847-bCPU9suPUw9,hovsg,93,ceiling chassis,0_2_128,0_2,4,0.2990643054589369
00847-bCPU9suPUw9,hovsg,93,ceiling chassis,1_4_240,1_4,5,0.2976667655018825
00847-bCPU9suPUw9,hovsg,94,ceiling ladder,1_4_240,1_4,1,0.3141072451914135
00847-bCPU9suPUw9,hovsg,94,ceiling ladder,1_4_236,1_4,2,0.31343692390023387
00847-bCPU9suPUw9,hovsg,94,ceiling ladder,1_4_242,1_4,3,0.3115188174398886
00847-bCPU9suPUw9,hovsg,94,ceiling ladder,1_4_25,1_4,4,0.2982658345199607
00847-bCPU9suPUw9,hovsg,94,ceiling ladder,1_4_81,1_4,5,0.29038381875870134
00847-bCPU9suPUw9,hovsg,95,ceramics,0_1_37,0_1,1,0.2686582861396228
00847-bCPU9suPUw9,hovsg,95,ceramics,1_4_165,1_4,2,0.2674175873881997
00847-bCPU9suPUw9,hovsg,95,ceramics,0_0_185,0_0,3,0.26448673105584664
00847-bCPU9suPUw9,hovsg,95,ceramics,0_1_34,0_1,4,0.2637651683811927
00847-bCPU9suPUw9,hovsg,95,ceramics,0_1_46,0_1,5,0.2616777650131913
00847-bCPU9suPUw9,hovsg,96,chain,0_0_49,0_0,1,0.2027646606684895
00847-bCPU9suPUw9,hovsg,97,chair,1_3_34,1_3,1,0.31124980029443877
00847-bCPU9suPUw9,hovsg,97,chair,0_1_5,0_1,2,0.3106298993225862
00847-bCPU9suPUw9,hovsg,97,chair,1_3_29,1_3,3,0.30758822769087907
00847-bCPU9suPUw9,hovsg,97,chair,1_3_15,1_3,4,0.306412384500293
00847-bCPU9suPUw9,hovsg,97,chair,1_3_23,1_3,5,0.30449340682289305
00847-bCPU9suPUw9,hovsg,98,chair stand,0_1_58,0_1,1,0.2927774211476887
00847-bCPU9suPUw9,hovsg,98,chair stand,1_3_29,1_3,2,0.27535010853360053
00847-bCPU9suPUw9,hovsg,98,chair stand,0_1_5,0_1,3,0.27434083906381646
00847-bCPU9suPUw9,hovsg,98,chair stand,1_3_33,1_3,4,0.2726284057292021
00847-bCPU9suPUw9,hovsg,98,chair stand,1_3_34,1_3,5,0.2726158852059509
00847-bCPU9suPUw9,hovsg,99,chassis,0_2_88,0_2,1,0.25247178737600473
00847-bCPU9suPUw9,hovsg,99,chassis,0_2_134,0_2,2,0.2508677314377763
00847-bCPU9suPUw9,hovsg,99,chassis,1_3_49,1_3,3,0.2462877747493295
00847-bCPU9suPUw9,hovsg,99,chassis,0_2_54,0_2,4,0.24390274242315366
00847-bCPU9suPUw9,hovsg,99,chassis,0_0_107,0_0,5,0.24290782926874643
00847-bCPU9suPUw9,hovsg,100,chest,1_4_208,1_4,1,0.3419413506066371
00847-bCPU9suPUw9,hovsg,100,chest,1_4_83,1_4,2,0.3409410855777316
00847-bCPU9suPUw9,hovsg,100,chest,1_4_24,1_4,3,0.3335443516651596
00847-bCPU9suPUw9,hovsg,100,chest,1_4_84,1_4,4,0.33319354229531184
00847-bCPU9suPUw9,hovsg,100,chest,1_4_77,1_4,5,0.32966380904025233
00847-bCPU9suPUw9,hovsg,101,child car seat,0_1_58,0_1,1,0.20451460722539866
00847-bCPU9suPUw9,hovsg,101,child car seat,1_3_49,1_3,2,0.19426924870202994
00847-bCPU9suPUw9,hovsg,101,child car seat,1_1_47,1_1,3,0.1894808143762961
00847-bCPU9suPUw9,hovsg,101,child car seat,1_1_48,1_1,4,0.1887937504036202
00847-bCPU9suPUw9,hovsg,101,child car seat,1_3_29,1_3,5,0.18485356236894188
00847-bCPU9suPUw9,hovsg,102,christmas tree,0_2_30,0_2,1,0.1789867683399723
00847-bCPU9suPUw9,hovsg,102,christmas tree,0_0_121,0_0,2,0.1754586296398537
00847-bCPU9suPUw9,hovsg,102,christmas tree,0_2_338,0_2,3,0.17238775916367677
00847-bCPU9suPUw9,hovsg,102,christmas tree,1_1_12,1_1,4,0.168088084418816
00847-bCPU9suPUw9,hovsg,102,christmas tree,1_2_44,1_2,5,0.1675740347295504
00847-bCPU9suPUw9,hovsg,103,clarinet,0_2_112,0_2,1,0.2617428653056505
00847-bCPU9suPUw9,hovsg,103,clarinet,1_2_53,1_2,2,0.25903486945103865
00847-bCPU9suPUw9,hovsg,103,clarinet,1_2_6,1_2,3,0.2589879164475334
00847-bCPU9suPUw9,hovsg,103,clarinet,1_2_58,1_2,4,0.25835369829596744
00847-bCPU9suPUw9,hovsg,103,clarinet,0_2_13,0_2,5,0.25615599604054173
00847-bCPU9suPUw9,hovsg,104,cleaner,0_0_95,0_0,1,0.24400120855306
00847-bCPU9suPUw9,hovsg,104,cleaner,0_0_121,0_0,2,0.24003393874141504
00847-bCPU9suPUw9,hovsg,104,cleaner,0_0_205,0_0,3,0.23896116759451552
00847-bCPU9suPUw9,hovsg,104,cleaner,0_0_91,0_0,4,0.23636216679793084
00847-bCPU9suPUw9,hovsg,104,cleaner,0_0_117,0_0,5,0.2342377121891142
00847-bCPU9suPUw9,hovsg,105,clock,1_4_11,1_4,1,0.23280478069537477
00847-bCPU9suPUw9,hovsg,105,clock,1_4_6,1_4,2,0.22835627674991738
00847-bCPU9suPUw9,hovsg,105,clock,1_2_7,1_2,3,0.20637214284780944
00847-bCPU9suPUw9,hovsg,106,closet door,1_2_30,1_2,1,0.3546539551048561
00847-bCPU9suPUw9,hovsg,106,closet door,1_2_33,1_2,2,0.3482177635719392
00847-bCPU9suPUw9,hovsg,106,closet door,1_3_28,1_3,3,0.3477766216194176
00847-bCPU9suPUw9,hovsg,106,closet door,1_2_37,1_2,4,0.342980742271575
00847-bCPU9suPUw9,hovsg,106,closet door,1_2_29,1_2,5,0.3426581263755073
00847-bCPU9suPUw9,hovsg,107,cloth,1_4_33,1_4,1,0.2736381569146448
00847-bCPU9suPUw9,hovsg,107,cloth,1_3_31,1_3,2,0.26785622329646547
00847-bCPU9suPUw9,hovsg,107,cloth,1_3_13,1_3,3,0.26230918744692167
00847-bCPU9suPUw9,hovsg,107,cloth,0_2_69,0_2,4,0.2606714531716546
00847-bCPU9suPUw9,hovsg,107,cloth,0_0_205,0_0,5,0.25897283946355637
00847-bCPU9suPUw9,hovsg,108,cloth holder,1_3_4,1_3,1,0.29164896857489364
00847-bCPU9suPUw9,hovsg,108,cloth holder,1_4_235,1_4,2,0.2855752459596363
00847-bCPU9suPUw9,hovsg,108,cloth holder,1_1_49,1_1,3,0.2847219835825639
00847-bCPU9suPUw9,hovsg,108,cloth holder,1_4_232,1_4,4,0.2803461576731089
00847-bCPU9suPUw9,hovsg,108,cloth holder,1_4_33,1_4,5,0.2770580691873389
00847-bCPU9suPUw9,hovsg,109,clothes,0_0_121,0_0,1,0.2252936603784902
00847-bCPU9suPUw9,hovsg,109,clothes,0_1_58,0_1,2,0.21976551711917358
00847-bCPU9suPUw9,hovsg,109,clothes,0_0_205,0_0,3,0.21652290310990924
00847-bCPU9suPUw9,hovsg,109,clothes,1_4_326,1_4,4,0.21136513489655495
00847-bCPU9suPUw9,hovsg,109,clothes,1_4_330,1_4,5,0.20851952012173172
00847-bCPU9suPUw9,hovsg,110,clothes container,1_3_4,1_3,1,0.2978353446552935
00847-bCPU9suPUw9,hovsg,110,clothes container,1_4_278,1_4,2,0.2748723804400706
00847-bCPU9suPUw9,hovsg,110,clothes container,1_1_55,1_1,3,0.2731971950488641
00847-bCPU9suPUw9,hovsg,110,clothes container,1_4_327,1_4,4,0.27072261857532876
00847-bCPU9suPUw9,hovsg,110,clothes container,1_4_20,1_4,5,0.2688828391951813
00847-bCPU9suPUw9,hovsg,111,clothes dryer,1_4_327,1_4,1,0.2832881644307965
00847-bCPU9suPUw9,hovsg,111,clothes dryer,1_4_235,1_4,2,0.2500603122664151
00847-bCPU9suPUw9,hovsg,111,clothes dryer,1_4_222,1_4,3,0.23682771844982708
00847-bCPU9suPUw9,hovsg,111,clothes dryer,1_3_56,1_3,4,0.23541252567398352
00847-bCPU9suPUw9,hovsg,111,clothes dryer,0_0_184,0_0,5,0.23436358308308117
00847-bCPU9suPUw9,hovsg,112,clothes rack,1_4_235,1_4,1,0.2574293924468336
00847-bCPU9suPUw9,hovsg,112,clothes rack,1_4_222,1_4,2,0.25321817210918596
00847-bCPU9suPUw9,hovsg,112,clothes rack,1_4_232,1_4,3,0.2504687490809289
00847-bCPU9suPUw9,hovsg,112,clothes rack,1_1_30,1_1,4,0.24652499037074965
00847-bCPU9suPUw9,hovsg,112,clothes rack,0_0_121,0_0,5,0.24621043956680666
00847-bCPU9suPUw9,hovsg,113,clutter,0_1_6,0_1,1,0.24906888247312733
00847-bCPU9suPUw9,hovsg,113,clutter,0_1_23,0_1,2,0.2427071267545085
00847-bCPU9suPUw9,hovsg,113,clutter,0_0_205,0_0,3,0.23530698409030124
00847-bCPU9suPUw9,hovsg,113,clutter,1_4_208,1_4,4,0.2272123803093194
00847-bCPU9suPUw9,hovsg,113,clutter,1_4_231,1_4,5,0.2240206828746462
00847-bCPU9suPUw9,hovsg,114,coaster,0_1_35,0_1,1,0.22932081912065527
00847-bCPU9suPUw9,hovsg,114,coaster,0_0_206,0_0,2,0.2177442507301588
00847-bCPU9suPUw9,hovsg,114,coaster,0_0_49,0_0,3,0.19857154727818793
00847-bCPU9suPUw9,hovsg,115,coffee maker,1_4_155,1_4,1,0.24905102803519058
00847-bCPU9suPUw9,hovsg,115,coffee maker,0_0_205,0_0,2,0.23174975361781866
00847-bCPU9suPUw9,hovsg,115,coffee maker,1_3_60,1_3,3,0.23104399580063983
00847-bCPU9suPUw9,hovsg,116,coffee table,0_1_2,0_1,1,0.27221430949417275
00847-bCPU9suPUw9,hovsg,116,coffee table,0_1_32,0_1,2,0.26580468281339875
00847-bCPU9suPUw9,hovsg,116,coffee table,0_1_55,0_1,3,0.2535117356021852
00847-bCPU9suPUw9,hovsg,116,coffee table,0_1_33,0_1,4,0.252635213274613
00847-bCPU9suPUw9,hovsg,116,coffee table,0_0_4,0_0,5,0.25243110707866395
00847-bCPU9suPUw9,hovsg,117,compressor,0_0_211,0_0,1,0.2313294522548023
00847-bCPU9suPUw9,hovsg,117,compressor,1_4_327,1_4,2,0.2285116275697679
00847-bCPU9suPUw9,hovsg,117,compressor,0_0_184,0_0,3,0.21936813163411828
00847-bCPU9suPUw9,hovsg,117,compressor,0_2_128,0_2,4,0.2175889821374702
00847-bCPU9suPUw9,hovsg,117,compressor,0_0_203,0_0,5,0.21559896656652577
00847-bCPU9suPUw9,hovsg,118,computer,0_2_88,0_2,1,0.2715679484169902
00847-bCPU9suPUw9,hovsg,118,computer,1_1_65,1_1,2,0.27052398915592724
00847-bCPU9suPUw9,hovsg,118,computer,1_1_71,1_1,3,0.26806772036403986
00847-bCPU9suPUw9,hovsg,118,computer,1_1_82,1_1,4,0.2654386383944008
00847-bCPU9suPUw9,hovsg,118,computer,0_2_134,0_2,5,0.2622949779772342
00847-bCPU9suPUw9,hovsg,119,computer equipment,1_1_65,1_1,1,0.2157764214411435
00847-bCPU9suPUw9,hovsg,119,computer equipment,1_3_49,1_3,2,0.21543080472531217
00847-bCPU9suPUw9,hovsg,119,computer equipment,1_1_82,1_1,3,0.2139902425252417
00847-bCPU9suPUw9,hovsg,119,computer equipment,1_3_72,1_3,4,0.21385439453177582
00847-bCPU9suPUw9,hovsg,119,computer equipment,1_1_71,1_1,5,0.21336072995721084
00847-bCPU9suPUw9,hovsg,120,cone,1_4_55,1_4,1,0.2853711689526257
00847-bCPU9suPUw9,hovsg,120,cone,0_0_117,0_0,2,0.2729691131981225
00847-bCPU9suPUw9,hovsg,120,cone,1_4_241,1_4,3,0.26557483853229347
00847-bCPU9suPUw9,hovsg,120,cone,0_0_141,0_0,4,0.2636846955898693
00847-bCPU9suPUw9,hovsg,120,cone,0_2_292,0_2,5,0.2614304476505447
00847-bCPU9suPUw9,hovsg,121,construction stuff,1_4_330,1_4,1,0.24470136094284978
00847-bCPU9suPUw9,hovsg,121,construction stuff,0_2_76,0_2,2,0.24010108560617038
00847-bCPU9suPUw9,hovsg,121,construction stuff,1_4_333,1_4,3,0.23578071500796222
00847-bCPU9suPUw9,hovsg,121,construction stuff,1_3_72,1_3,4,0.2330853817323409
00847-bCPU9suPUw9,hovsg,121,construction stuff,0_2_134,0_2,5,0.22993103217390687
00847-bCPU9suPUw9,hovsg,122,container,1_3_4,1_3,1,0.2745255011768688
00847-bCPU9suPUw9,hovsg,122,container,0_2_327,0_2,2,0.2607207514526254
00847-bCPU9suPUw9,hovsg,122,container,1_4_278,1_4,3,0.25429863000951225
00847-bCPU9suPUw9,hovsg,122,container,1_1_66,1_1,4,0.25371299078668325
00847-bCPU9suPUw9,hovsg,122,container,1_4_20,1_4,5,0.25302695448116136
00847-bCPU9suPUw9,hovsg,123,controller,1_4_272,1_4,1,0.25015855502911644
00847-bCPU9suPUw9,hovsg,123,controller,0_0_259,0_0,2,0.24159761063618168
00847-bCPU9suPUw9,hovsg,123,controller,1_4_276,1_4,3,0.24127637258484735
00847-bCPU9suPUw9,hovsg,123,controller,1_4_77,1_4,4,0.2387633632496176
00847-bCPU9suPUw9,hovsg,123,controller,0_0_249,0_0,5,0.23615710645663013
00847-bCPU9suPUw9,hovsg,124,cosmetics,1_4_282,1_4,1,0.22755022416761228
00847-bCPU9suPUw9,hovsg,124,cosmetics,0_1_21,0_1,2,0.22246351552208368
00847-bCPU9suPUw9,hovsg,124,cosmetics,1_4_330,1_4,3,0.2160180812271715
00847-bCPU9suPUw9,hovsg,124,cosmetics,0_1_52,0_1,4,0.21448656350129744
00847-bCPU9suPUw9,hovsg,124,cosmetics,1_4_326,1_4,5,0.21317468153831215
00847-bCPU9suPUw9,hovsg,125,counter door,1_4_156,1_4,1,0.2831959524717551
00847-bCPU9suPUw9,hovsg,125,counter door,0_0_246,0_0,2,0.2824844498992894
00847-bCPU9suPUw9,hovsg,125,counter door,0_0_162,0_0,3,0.2810860355060953
00847-bCPU9suPUw9,hovsg,125,counter door,0_0_213,0_0,4,0.27324022980859997
00847-bCPU9suPUw9,hovsg,125,counter door,0_2_247,0_2,5,0.27236111889068426
00847-bCPU9suPUw9,hovsg,126,countertop,0_0_288,0_0,1,0.33445085958508014
00847-bCPU9suPUw9,hovsg,126,countertop,0_0_8,0_0,2,0.33399269752941874
00847-bCPU9suPUw9,hovsg,126,countertop,0_0_279,0_0,3,0.32836079519584527
00847-bCPU9suPUw9,hovsg,126,countertop,0_0_246,0_0,4,0.3211088788768329
00847-bCPU9suPUw9,hovsg,126,countertop,0_0_175,0_0,5,0.31577662564988784
00847-bCPU9suPUw9,hovsg,127,countertop item,0_0_288,0_0,1,0.3344529484729621
00847-bCPU9suPUw9,hovsg,127,countertop item,0_0_8,0_0,2,0.33271330151379586
00847-bCPU9suPUw9,hovsg,127,countertop item,0_0_279,0_0,3,0.33034911314921916
00847-bCPU9suPUw9,hovsg,127,countertop item,0_0_216,0_0,4,0.32066945084549386
00847-bCPU9suPUw9,hovsg,127,countertop item,0_0_185,0_0,5,0.31964878349796955
00847-bCPU9suPUw9,hovsg,128,cover,0_0_103,0_0,1,0.24670629870481547
00847-bCPU9suPUw9,hovsg,128,cover,1_0_48,1_0,2,0.24248668110375157
00847-bCPU9suPUw9,hovsg,128,cover,1_3_4,1_3,3,0.24194122752377634
00847-bCPU9suPUw9,hovsg,128,cover,0_0_95,0_0,4,0.241790658405369
00847-bCPU9suPUw9,hovsg,128,cover,1_4_156,1_4,5,0.2417071034735897
00847-bCPU9suPUw9,hovsg,129,cross,1_3_13,1_3,1,0.21885609684710916
00847-bCPU9suPUw9,hovsg,129,cross,0_0_141,0_0,2,0.20416734921563523
00847-bCPU9suPUw9,hovsg,130,crutches,0_2_76,0_2,1,0.29405367078458866
00847-bCPU9suPUw9,hovsg,130,crutches,0_2_111,0_2,2,0.2820465171611203
00847-bCPU9suPUw9,hovsg,130,crutches,0_2_79,0_2,3,0.27409902448318146
00847-bCPU9suPUw9,hovsg,130,crutches,0_2_298,0_2,4,0.27336617882933856
00847-bCPU9suPUw9,hovsg,130,crutches,0_2_13,0_2,5,0.26946442425789074
00847-bCPU9suPUw9,hovsg,131,cup,1_3_4,1_3,1,0.25124374848447156
00847-bCPU9suPUw9,hovsg,131,cup,1_3_60,1_3,2,0.24809781742783582
00847-bCPU9suPUw9,hovsg,131,cup,1_4_328,1_4,3,0.2460407627391844
00847-bCPU9suPUw9,hovsg,131,cup,0_0_211,0_0,4,0.24497427593758844
00847-bCPU9suPUw9,hovsg,131,cup,1_4_241,1_4,5,0.24458203354380936
00847-bCPU9suPUw9,hovsg,132,curb,0_2_305,0_2,1,0.2594479004353081
00847-bCPU9suPUw9,hovsg,132,curb,0_1_35,0_1,2,0.2569940273994944
00847-bCPU9suPUw9,hovsg,132,curb,0_0_109,0_0,3,0.25253622216855853
00847-bCPU9suPUw9,hovsg,132,curb,1_4_179,1_4,4,0.24993451007579448
00847-bCPU9suPUw9,hovsg,132,curb,0_0_105,0_0,5,0.24620707818332446
00847-bCPU9suPUw9,hovsg,133,curtain,1_0_20,1_0,1,0.2936993616724032
00847-bCPU9suPUw9,hovsg,133,curtain,1_0_19,1_0,2,0.2932637813393105
00847-bCPU9suPUw9,hovsg,133,curtain,1_4_282,1_4,3,0.28488911118258486
00847-bCPU9suPUw9,hovsg,133,curtain,1_4_19,1_4,4,0.28052672012598345
00847-bCPU9suPUw9,hovsg,133,curtain,1_4_175,1_4,5,0.26239651051218355
00847-bCPU9suPUw9,hovsg,134,cushion,1_4_2,1_4,1,0.3099532131037447
00847-bCPU9suPUw9,hovsg,134,cushion,0_2_59,0_2,2,0.30765880086305986
00847-bCPU9suPUw9,hovsg,134,cushion,1_4_266,1_4,3,0.30598950762781
00847-bCPU9suPUw9,hovsg,134,cushion,1_4_4,1_4,4,0.30557217428544303
00847-bCPU9suPUw9,hovsg,134,cushion,1_4_375,1_4,5,0.29754713575945335
00847-bCPU9suPUw9,hovsg,135,cutlery,0_1_28,0_1,1,0.23677737044006997
00847-bCPU9suPUw9,hovsg,135,cutlery,1_3_13,1_3,2,0.22711937000399804
00847-bCPU9suPUw9,hovsg,135,cutlery,0_0_141,0_0,3,0.19671583425427347
00847-bCPU9suPUw9,hovsg,136,cyp,0_0_49,0_0,1,0.22049290625481427
00847-bCPU9suPUw9,hovsg,136,cyp,0_2_292,0_2,2,0.21659720802614782
00847-bCPU9suPUw9,hovsg,136,cyp,1_2_7,1_2,3,0.21554924948691984
00847-bCPU9suPUw9,hovsg,136,cyp,0_0_141,0_0,4,0.2149600476375344
00847-bCPU9suPUw9,hovsg,136,cyp,0_0_6,0_0,5,0.20955499970153335
00847-bCPU9suPUw9,hovsg,137,dartboard,0_1_28,0_1,1,0.2277933237086588
00847-bCPU9suPUw9,hovsg,137,dartboard,0_1_21,0_1,2,0.22700007413101497
00847-bCPU9suPUw9,hovsg,137,dartboard,0_1_13,0_1,3,0.22268139058439185
00847-bCPU9suPUw9,hovsg,137,dartboard,1_2_58,1_2,4,0.22256473538329546
00847-bCPU9suPUw9,hovsg,137,dartboard,0_0_133,0_0,5,0.2223503990940989
00847-bCPU9suPUw9,hovsg,138,decoder,1_3_49,1_3,1,0.23591368844048682
00847-bCPU9suPUw9,hovsg,138,decoder,0_2_128,0_2,2,0.22192461057312252
00847-bCPU9suPUw9,hovsg,138,decoder,1_2_63,1_2,3,0.22056203965489352
00847-bCPU9suPUw9,hovsg,138,decoder,1_2_9,1_2,4,0.21443931847901937
00847-bCPU9suPUw9,hovsg,138,decoder,1_3_16,1_3,5,0.2095567870775262
00847-bCPU9suPUw9,hovsg,139,decoration,0_1_37,0_1,1,0.25905097690078827
00847-bCPU9suPUw9,hovsg,139,decoration,0_0_86,0_0,2,0.2567196222965597
00847-bCPU9suPUw9,hovsg,139,decoration,0_0_4,0_0,3,0.2556843046886055
00847-bCPU9suPUw9,hovsg,139,decoration,0_2_302,0_2,4,0.2541224495976728
00847-bCPU9suPUw9,hovsg,139,decoration,0_2_306,0_2,5,0.25341044886298775
00847-bCPU9suPUw9,hovsg,140,dehumidifier,1_4_327,1_4,1,0.2696168566227486
00847-bCPU9suPUw9,hovsg,140,dehumidifier,0_0_131,0_0,2,0.2599789513509405
00847-bCPU9suPUw9,hovsg,140,dehumidifier,1_0_17,1_0,3,0.25992469796500706
00847-bCPU9suPUw9,hovsg,140,dehumidifier,0_0_47,0_0,4,0.2595346672355786
00847-bCPU9suPUw9,hovsg,140,dehumidifier,1_4_128,1_4,5,0.259011826160699
00847-bCPU9suPUw9,hovsg,141,den,0_2_59,0_2,1,0.2533925188481627
00847-bCPU9suPUw9,hovsg,141,den,0_2_12,0_2,2,0.2502931807277378
00847-bCPU9suPUw9,hovsg,141,den,1_4_12,1_4,3,0.24954803560195604
00847-bCPU9suPUw9,hovsg,141,den,1_4_6,1_4,4,0.2478856708361294
00847-bCPU9suPUw9,hovsg,141,den,1_4_250,1_4,5,0.2475125536544695
00847-bCPU9suPUw9,hovsg,142,desk,0_1_2,0_1,1,0.3003643193684462
00847-bCPU9suPUw9,hovsg,142,desk,0_1_32,0_1,2,0.29426065673552276
00847-bCPU9suPUw9,hovsg,142,desk,1_3_101,1_3,3,0.2768968055849309
00847-bCPU9suPUw9,hovsg,142,desk,1_4_77,1_4,4,0.27461613361839476
00847-bCPU9suPUw9,hovsg,142,desk,0_1_28,0_1,5,0.27271105922977157
00847-bCPU9suPUw9,hovsg,143,desk door,0_0_16,0_0,1,0.3150953557571961
00847-bCPU9suPUw9,hovsg,143,desk door,0_0_9,0_0,2,0.30643318107373163
00847-bCPU9suPUw9,hovsg,143,desk door,0_0_162,0_0,3,0.3063718255922946
00847-bCPU9suPUw9,hovsg,143,desk door,0_2_229,0_2,4,0.297201614139393
00847-bCPU9suPUw9,hovsg,143,desk door,0_0_254,0_0,5,0.29686980632526977
00847-bCPU9suPUw9,hovsg,144,dinnerware,0_1_58,0_1,1,0.23234002845904045
00847-bCPU9suPUw9,hovsg,144,dinnerware,0_1_21,0_1,2,0.22672192018550968
00847-bCPU9suPUw9,hovsg,144,dinnerware,1_1_12,1_1,3,0.22271575189325232
00847-bCPU9suPUw9,hovsg,144,dinnerware,0_0_20,0_0,4,0.21995236961924347
00847-bCPU9suPUw9,hovsg,144,dinnerware,0_0_4,0_0,5,0.2193577740813303
00847-bCPU9suPUw9,hovsg,145,diploma,1_4_330,1_4,1,0.21711860746742823
00847-bCPU9suPUw9,hovsg,145,diploma,0_0_133,0_0,2,0.2140301013427983
00847-bCPU9suPUw9,hovsg,145,diploma,0_1_21,0_1,3,0.21272022174484886
00847-bCPU9suPUw9,hovsg,145,diploma,0_2_294,0_2,4,0.21223887190181234
00847-bCPU9suPUw9,hovsg,145,diploma,1_4_331,1_4,5,0.21063274863668668
00847-bCPU9suPUw9,hovsg,146,dirt ground,0_0_95,0_0,1,0.2441785630058535
00847-bCPU9suPUw9,hovsg,146,dirt ground,0_2_281,0_2,2,0.24255447416914946
00847-bCPU9suPUw9,hovsg,146,dirt ground,0_2_263,0_2,3,0.23411220828162438
00847-bCPU9suPUw9,hovsg,146,dirt ground,0_0_91,0_0,4,0.2324278565371408
00847-bCPU9suPUw9,hovsg,146,dirt ground,0_2_239,0_2,5,0.22988313924311002
00847-bCPU9suPUw9,hovsg,147,dish rack,1_4_236,1_4,1,0.2626693948881088
00847-bCPU9suPUw9,hovsg,147,dish rack,1_4_240,1_4,2,0.2572486097081184
00847-bCPU9suPUw9,hovsg,147,dish rack,1_4_81,1_4,3,0.2569349905770921
00847-bCPU9suPUw9,hovsg,147,dish rack,0_2_341,0_2,4,0.2562736067249113
00847-bCPU9suPUw9,hovsg,147,dish rack,0_2_88,0_2,5,0.25218415957966983
00847-bCPU9suPUw9,hovsg,148,dishwasher,0_2_341,0_2,1,0.2722075884753402
00847-bCPU9suPUw9,hovsg,148,dishwasher,0_0_283,0_0,2,0.26630628041169285
00847-bCPU9suPUw9,hovsg,148,dishwasher,0_0_151,0_0,3,0.2636494303331013
00847-bCPU9suPUw9,hovsg,148,dishwasher,0_0_174,0_0,4,0.25964101938560774
00847-bCPU9suPUw9,hovsg,148,dishwasher,0_1_34,0_1,5,0.25720697424297856
00847-bCPU9suPUw9,hovsg,149,dispenser,1_4_155,1_4,1,0.28732738311983974
00847-bCPU9suPUw9,hovsg,149,dispenser,1_3_4,1_3,2,0.26741068006851554
00847-bCPU9suPUw9,hovsg,149,dispenser,1_3_60,1_3,3,0.25980467660374185
00847-bCPU9suPUw9,hovsg,149,dispenser,1_4_156,1_4,4,0.2577163638253141
00847-bCPU9suPUw9,hovsg,149,dispenser,1_4_336,1_4,5,0.2533438315633281
00847-bCPU9suPUw9,hovsg,150,display case,1_4_278,1_4,1,0.28652301202558667
00847-bCPU9suPUw9,hovsg,150,display case,1_4_279,1_4,2,0.2770993192033814
00847-bCPU9suPUw9,hovsg,150,display case,1_4_18,1_4,3,0.27141550169642376
00847-bCPU9suPUw9,hovsg,150,display case,0_2_108,0_2,4,0.24179027162825711
00847-bCPU9suPUw9,hovsg,150,display case,0_2_92,0_2,5,0.24110341532722135
00847-bCPU9suPUw9,hovsg,151,document,0_0_95,0_0,1,0.25735226702887076
00847-bCPU9suPUw9,hovsg,151,document,0_0_103,0_0,2,0.2571012459695916
00847-bCPU9suPUw9,hovsg,151,document,0_0_250,0_0,3,0.2460533922810852
00847-bCPU9suPUw9,hovsg,151,document,0_0_205,0_0,4,0.245225256992641
00847-bCPU9suPUw9,hovsg,151,document,0_2_281,0_2,5,0.24069825383852617
00847-bCPU9suPUw9,hovsg,152,document holder,1_1_55,1_1,1,0.27458764194572705
00847-bCPU9suPUw9,hovsg,152,document holder,1_3_49,1_3,2,0.26597639833858644
00847-bCPU9suPUw9,hovsg,152,document holder,1_1_15,1_1,3,0.2623923636073327
00847-bCPU9suPUw9,hovsg,152,document holder,1_3_4,1_3,4,0.2616599625835456
00847-bCPU9suPUw9,hovsg,152,document holder,1_4_331,1_4,5,0.2614176332836413
00847-bCPU9suPUw9,hovsg,153,dog leash,0_1_28,0_1,1,0.24106922790608026
00847-bCPU9suPUw9,hovsg,153,dog leash,1_2_53,1_2,2,0.23618858630327688
00847-bCPU9suPUw9,hovsg,154,dog toy,0_0_211,0_0,1,0.23731665727456147
00847-bCPU9suPUw9,hovsg,154,dog toy,0_0_95,0_0,2,0.2351574343333218
00847-bCPU9suPUw9,hovsg,154,dog toy,0_2_30,0_2,3,0.2239433490621929
00847-bCPU9suPUw9,hovsg,154,dog toy,0_2_292,0_2,4,0.21044869532429766
00847-bCPU9suPUw9,hovsg,155,doily,1_3_13,1_3,1,0.22589283969760124
00847-bCPU9suPUw9,hovsg,155,doily,0_0_141,0_0,2,0.2172419014414657
00847-bCPU9suPUw9,hovsg,155,doily,1_2_7,1_2,3,0.20831689136858897
00847-bCPU9suPUw9,hovsg,156,doll,0_0_198,0_0,1,0.25118253209965524
00847-bCPU9suPUw9,hovsg,156,doll,1_4_326,1_4,2,0.25007787294547384
00847-bCPU9suPUw9,hovsg,156,doll,0_0_212,0_0,3,0.2484435291388167
00847-bCPU9suPUw9,hovsg,156,doll,0_0_117,0_0,4,0.2450370459781011
00847-bCPU9suPUw9,hovsg,156,doll,0_0_95,0_0,5,0.2424978720568221
00847-bCPU9suPUw9,hovsg,157,door screen,1_2_30,1_2,1,0.29808935559198735
00847-bCPU9suPUw9,hovsg,157,door screen,1_4_293,1_4,2,0.2980260820478156
00847-bCPU9suPUw9,hovsg,157,door screen,1_2_38,1_2,3,0.29780335058970664
00847-bCPU9suPUw9,hovsg,157,door screen,1_4_56,1_4,4,0.29751064641277114
00847-bCPU9suPUw9,hovsg,157,door screen,1_4_51,1_4,5,0.2973313337814227
00847-bCPU9suPUw9,hovsg,158,drawer,1_4_208,1_4,1,0.354320664194179
00847-bCPU9suPUw9,hovsg,158,drawer,1_4_83,1_4,2,0.3543184012665633
00847-bCPU9suPUw9,hovsg,158,drawer,0_0_196,0_0,3,0.3478765731571173
00847-bCPU9suPUw9,hovsg,158,drawer,1_4_231,1_4,4,0.34511178550363814
00847-bCPU9suPUw9,hovsg,158,drawer,1_4_24,1_4,5,0.344343106263982
00847-bCPU9suPUw9,hovsg,159,drawer cart,1_4_208,1_4,1,0.2761427564423084
00847-bCPU9suPUw9,hovsg,159,drawer cart,1_4_77,1_4,2,0.2689982277067899
00847-bCPU9suPUw9,hovsg,159,drawer cart,1_4_83,1_4,3,0.2682958854788651
00847-bCPU9suPUw9,hovsg,159,drawer cart,1_4_24,1_4,4,0.2682454937466465
00847-bCPU9suPUw9,hovsg,159,drawer cart,1_4_231,1_4,5,0.2665087428212717
00847-bCPU9suPUw9,hovsg,160,dressing table,0_1_28,0_1,1,0.2652669366483731
00847-bCPU9suPUw9,hovsg,160,dressing table,1_3_101,1_3,2,0.2637268487490769
00847-bCPU9suPUw9,hovsg,160,dressing table,1_4_3,1_4,3,0.2630726364018649
00847-bCPU9suPUw9,hovsg,160,dressing table,1_4_77,1_4,4,0.2613675299661233
00847-bCPU9suPUw9,hovsg,160,dressing table,0_1_2,0_1,5,0.259921561555099
00847-bCPU9suPUw9,hovsg,161,drill,1_2_67,1_2,1,0.24451572027004598
00847-bCPU9suPUw9,hovsg,161,drill,1_2_53,1_2,2,0.24195600270818052
00847-bCPU9suPUw9,hovsg,161,drill,1_4_85,1_4,3,0.2397069942103746
00847-bCPU9suPUw9,hovsg,161,drill,1_4_126,1_4,4,0.23041464970596154
00847-bCPU9suPUw9,hovsg,161,drill,0_2_275,0_2,5,0.22745023542907716
00847-bCPU9suPUw9,hovsg,162,drum,1_4_327,1_4,1,0.2552116161780825
00847-bCPU9suPUw9,hovsg,162,drum,0_0_212,0_0,2,0.25393563752142223
00847-bCPU9suPUw9,hovsg,162,drum,0_0_97,0_0,3,0.2533873697981719
00847-bCPU9suPUw9,hovsg,162,drum,1_3_4,1_3,4,0.2505000408575278
00847-bCPU9suPUw9,hovsg,162,drum,0_0_211,0_0,5,0.24765944662375367
00847-bCPU9suPUw9,hovsg,163,dustpan,1_3_118,1_3,1,0.30343165505183334
00847-bCPU9suPUw9,hovsg,163,dustpan,1_4_209,1_4,2,0.2985943896156793
00847-bCPU9suPUw9,hovsg,163,dustpan,0_2_341,0_2,3,0.2908284314733288
00847-bCPU9suPUw9,hovsg,163,dustpan,1_4_283,1_4,4,0.28881324368903744
00847-bCPU9suPUw9,hovsg,163,dustpan,1_4_165,1_4,5,0.2865668006416262
00847-bCPU9suPUw9,hovsg,164,dvd,1_4_279,1_4,1,0.24600754994175822
00847-bCPU9suPUw9,hovsg,164,dvd,1_4_156,1_4,2,0.24570350277672587
00847-bCPU9suPUw9,hovsg,164,dvd,1_4_18,1_4,3,0.23987158981064047
00847-bCPU9suPUw9,hovsg,164,dvd,1_4_53,1_4,4,0.23771111372007972
00847-bCPU9suPUw9,hovsg,164,dvd,1_4_328,1_4,5,0.2347285996540043
00847-bCPU9suPUw9,hovsg,165,easel,0_2_338,0_2,1,0.27544159422112063
00847-bCPU9suPUw9,hovsg,165,easel,1_4_226,1_4,2,0.26364610536593164
00847-bCPU9suPUw9,hovsg,165,easel,1_4_287,1_4,3,0.2601946099805652
00847-bCPU9suPUw9,hovsg,165,easel,1_4_27,1_4,4,0.2586035914227672
00847-bCPU9suPUw9,hovsg,165,easel,1_4_39,1_4,5,0.2552183985233716
00847-bCPU9suPUw9,hovsg,166,electric hub,0_0_119,0_0,1,0.22939918619904118
00847-bCPU9suPUw9,hovsg,166,electric hub,1_4_152,1_4,2,0.2277787267968033
00847-bCPU9suPUw9,hovsg,166,electric hub,1_3_72,1_3,3,0.21446110148819927
00847-bCPU9suPUw9,hovsg,166,electric hub,0_2_230,0_2,4,0.21228830681833324
00847-bCPU9suPUw9,hovsg,166,electric hub,1_1_12,1_1,5,0.20619829494704997
00847-bCPU9suPUw9,hovsg,167,electric wire casing,1_3_72,1_3,1,0.2659465833159721
00847-bCPU9suPUw9,hovsg,167,electric wire casing,0_0_262,0_0,2,0.2602188992881056
00847-bCPU9suPUw9,hovsg,167,electric wire casing,1_4_220,1_4,3,0.2587444246045343
00847-bCPU9suPUw9,hovsg,167,electric wire casing,1_3_56,1_3,4,0.2554736232283012
00847-bCPU9suPUw9,hovsg,167,electric wire casing,1_3_54,1_3,5,0.25511598076306674
00847-bCPU9suPUw9,hovsg,168,electrical box,1_3_56,1_3,1,0.29550380767604856
00847-bCPU9suPUw9,hovsg,168,electrical box,1_3_72,1_3,2,0.29522852874130107
00847-bCPU9suPUw9,hovsg,168,electrical box,0_0_119,0_0,3,0.28727041207200893
00847-bCPU9suPUw9,hovsg,168,electrical box,1_4_152,1_4,4,0.2845471106934654
00847-bCPU9suPUw9,hovsg,168,electrical box,1_3_54,1_3,5,0.2752180140860632
00847-bCPU9suPUw9,hovsg,169,electrical device,0_0_119,0_0,1,0.26923943162355934
00847-bCPU9suPUw9,hovsg,169,electrical device,1_4_152,1_4,2,0.26563299478615854
00847-bCPU9suPUw9,hovsg,169,electrical device,1_3_72,1_3,3,0.2618550963714583
00847-bCPU9suPUw9,hovsg,169,electrical device,0_0_184,0_0,4,0.2534858285687645
00847-bCPU9suPUw9,hovsg,169,electrical device,0_0_36,0_0,5,0.24482431568123497
00847-bCPU9suPUw9,hovsg,170,electrical installation,1_3_72,1_3,1,0.2701978040857682
00847-bCPU9suPUw9,hovsg,170,electrical installation,1_4_152,1_4,2,0.2670862641758839
00847-bCPU9suPUw9,hovsg,170,electrical installation,0_0_119,0_0,3,0.26456519505023485
00847-bCPU9suPUw9,hovsg,170,electrical installation,0_2_230,0_2,4,0.26332768302993237
00847-bCPU9suPUw9,hovsg,170,electrical installation,0_0_36,0_0,5,0.2601321294185579
00847-bCPU9suPUw9,hovsg,171,elevator,1_4_156,1_4,1,0.28940678162663697
00847-bCPU9suPUw9,hovsg,171,elevator,1_4_278,1_4,2,0.26732322825510857
00847-bCPU9suPUw9,hovsg,171,elevator,1_4_147,1_4,3,0.26468749352521254
00847-bCPU9suPUw9,hovsg,171,elevator,1_4_279,1_4,4,0.2641959096792912
00847-bCPU9suPUw9,hovsg,171,elevator,1_4_160,1_4,5,0.26243127313203474
00847-bCPU9suPUw9,hovsg,172,exercise ball,0_2_292,0_2,1,0.2790760635087675
00847-bCPU9suPUw9,hovsg,172,exercise ball,0_0_49,0_0,2,0.22880987328329638
00847-bCPU9suPUw9,hovsg,172,exercise ball,1_4_126,1_4,3,0.2195198467257819
00847-bCPU9suPUw9,hovsg,172,exercise ball,1_2_7,1_2,4,0.2157921308611511
00847-bCPU9suPUw9,hovsg,172,exercise ball,0_2_290,0_2,5,0.21247271484639232
00847-bCPU9suPUw9,hovsg,173,exercise bike,0_0_121,0_0,1,0.22849071627640208
00847-bCPU9suPUw9,hovsg,173,exercise bike,1_4_155,1_4,2,0.22647146093819062
00847-bCPU9suPUw9,hovsg,173,exercise bike,1_2_6,1_2,3,0.2254430974188532
00847-bCPU9suPUw9,hovsg,173,exercise bike,0_2_136,0_2,4,0.22190743403407187
00847-bCPU9suPUw9,hovsg,173,exercise bike,0_1_21,0_1,5,0.22147786194130936
00847-bCPU9suPUw9,hovsg,174,exercise equipment,0_2_76,0_2,1,0.20577287653372928
00847-bCPU9suPUw9,hovsg,174,exercise equipment,1_4_155,1_4,2,0.19812922942420813
00847-bCPU9suPUw9,hovsg,174,exercise equipment,1_2_6,1_2,3,0.19693651201709417
00847-bCPU9suPUw9,hovsg,174,exercise equipment,0_2_136,0_2,4,0.195299649822138
00847-bCPU9suPUw9,hovsg,174,exercise equipment,0_1_58,0_1,5,0.19445779765716112
00847-bCPU9suPUw9,hovsg,175,exercise ladder,1_4_240,1_4,1,0.26327144581574147
00847-bCPU9suPUw9,hovsg,175,exercise ladder,1_4_236,1_4,2,0.24790331518345346
00847-bCPU9suPUw9,hovsg,175,exercise ladder,1_4_242,1_4,3,0.24591148529646967
00847-bCPU9suPUw9,hovsg,175,exercise ladder,1_2_53,1_2,4,0.244652796373857
00847-bCPU9suPUw9,hovsg,175,exercise ladder,1_4_18,1_4,5,0.24053226364738556
00847-bCPU9suPUw9,hovsg,176,exercise mat,0_2_53,0_2,1,0.2220997122245731
00847-bCPU9suPUw9,hovsg,176,exercise mat,1_1_28,1_1,2,0.21921048667233184
00847-bCPU9suPUw9,hovsg,176,exercise mat,1_1_19,1_1,3,0.2178690954369946
00847-bCPU9suPUw9,hovsg,176,exercise mat,0_2_220,0_2,4,0.21729081429625274
00847-bCPU9suPUw9,hovsg,176,exercise mat,1_1_48,1_1,5,0.2157957786107192
00847-bCPU9suPUw9,hovsg,177,exhibition panel,0_0_121,0_0,1,0.2392283846156723
00847-bCPU9suPUw9,hovsg,177,exhibition panel,0_2_92,0_2,2,0.23158176731860347
00847-bCPU9suPUw9,hovsg,177,exhibition panel,0_2_1,0_2,3,0.2259981450324235
00847-bCPU9suPUw9,hovsg,178,extractor hood,0_2_341,0_2,1,0.2841791580116493
00847-bCPU9suPUw9,hovsg,178,extractor hood,1_3_50,1_3,2,0.28343069213171895
00847-bCPU9suPUw9,hovsg,178,extractor hood,0_0_262,0_0,3,0.27598777888412007
00847-bCPU9suPUw9,hovsg,178,extractor hood,0_0_248,0_0,4,0.27532466115074083
00847-bCPU9suPUw9,hovsg,178,extractor hood,1_4_283,1_4,5,0.2749665855525443
00847-bCPU9suPUw9,hovsg,179,eyeglasses,0_0_205,0_0,1,0.22981518119297162
00847-bCPU9suPUw9,hovsg,179,eyeglasses,0_1_58,0_1,2,0.22189748883002752
00847-bCPU9suPUw9,hovsg,179,eyeglasses,0_1_21,0_1,3,0.2154859742227566
00847-bCPU9suPUw9,hovsg,179,eyeglasses,0_0_121,0_0,4,0.21432949538666451
00847-bCPU9suPUw9,hovsg,179,eyeglasses,0_2_247,0_2,5,0.21250202854606648
00847-bCPU9suPUw9,hovsg,180,fan,0_0_131,0_0,1,0.3020566339853325
00847-bCPU9suPUw9,hovsg,180,fan,1_0_17,1_0,2,0.29728622530220067
00847-bCPU9suPUw9,hovsg,180,fan,0_0_127,0_0,3,0.2806582979807
00847-bCPU9suPUw9,hovsg,180,fan,1_2_63,1_2,4,0.2806230557366596
00847-bCPU9suPUw9,hovsg,180,fan,0_0_43,0_0,5,0.2802322976303662
00847-bCPU9suPUw9,hovsg,181,faucet,1_4_318,1_4,1,0.3392544845186374
00847-bCPU9suPUw9,hovsg,181,faucet,0_0_185,0_0,2,0.30203936867651093
00847-bCPU9suPUw9,hovsg,181,faucet,1_4_168,1_4,3,0.29713459077234056
00847-bCPU9suPUw9,hovsg,181,faucet,1_4_180,1_4,4,0.2928735818121756
00847-bCPU9suPUw9,hovsg,181,faucet,1_4_338,1_4,5,0.29159407578441926
00847-bCPU9suPUw9,hovsg,182,fire extinguisher,0_0_203,0_0,1,0.23134638502283567
00847-bCPU9suPUw9,hovsg,182,fire extinguisher,0_0_184,0_0,2,0.21934063811695798
00847-bCPU9suPUw9,hovsg,182,fire extinguisher,0_2_331,0_2,3,0.21899402871927187
00847-bCPU9suPUw9,hovsg,182,fire extinguisher,0_2_284,0_2,4,0.21569081998064132
00847-bCPU9suPUw9,hovsg,182,fire extinguisher,0_0_208,0_0,5,0.20914510931737812
00847-bCPU9suPUw9,hovsg,183,fireplace,0_2_54,0_2,1,0.2600955059085696
00847-bCPU9suPUw9,hovsg,183,fireplace,0_2_88,0_2,2,0.25547981808627085
00847-bCPU9suPUw9,hovsg,183,fireplace,0_2_134,0_2,3,0.2517137556790203
00847-bCPU9suPUw9,hovsg,183,fireplace,0_2_102,0_2,4,0.2489720627876603
00847-bCPU9suPUw9,hovsg,184,fireplace tool set,0_2_134,0_2,1,0.24607508588481522
00847-bCPU9suPUw9,hovsg,184,fireplace tool set,0_2_54,0_2,2,0.24579018964221452
00847-bCPU9suPUw9,hovsg,184,fireplace tool set,0_2_88,0_2,3,0.2450817436598838
00847-bCPU9suPUw9,hovsg,184,fireplace tool set,0_2_102,0_2,4,0.23222073974065982
00847-bCPU9suPUw9,hovsg,184,fireplace tool set,1_2_53,1_2,5,0.22836578063554597
00847-bCPU9suPUw9,hovsg,185,firewood,1_2_53,1_2,1,0.2520795168985737
00847-bCPU9suPUw9,hovsg,185,firewood,1_3_22,1_3,2,0.23377327700619221
00847-bCPU9suPUw9,hovsg,185,firewood,0_2_60,0_2,3,0.2317909635862484
00847-bCPU9suPUw9,hovsg,185,firewood,0_2_143,0_2,4,0.23084250176289756
00847-bCPU9suPUw9,hovsg,185,firewood,0_2_41,0_2,5,0.23000400587756223
00847-bCPU9suPUw9,hovsg,186,fishing rod,1_1_49,1_1,1,0.2714028777624111
00847-bCPU9suPUw9,hovsg,186,fishing rod,0_2_275,0_2,2,0.22591632773647352
00847-bCPU9suPUw9,hovsg,186,fishing rod,0_2_172,0_2,3,0.21630773613199902
00847-bCPU9suPUw9,hovsg,186,fishing rod,1_2_7,1_2,4,0.20683827295111684
00847-bCPU9suPUw9,hovsg,187,flag,1_2_51,1_2,1,0.27090543985695703
00847-bCPU9suPUw9,hovsg,187,flag,1_1_49,1_1,2,0.264866994993138
00847-bCPU9suPUw9,hovsg,187,flag,1_2_12,1_2,3,0.2622934108644729
00847-bCPU9suPUw9,hovsg,187,flag,0_2_136,0_2,4,0.2598318427025
00847-bCPU9suPUw9,hovsg,187,flag,1_4_328,1_4,5,0.25832770776610703
00847-bCPU9suPUw9,hovsg,188,flashlight,1_4_241,1_4,1,0.2595316138751306
00847-bCPU9suPUw9,hovsg,188,flashlight,1_4_5,1_4,2,0.25938047558998784
00847-bCPU9suPUw9,hovsg,188,flashlight,0_0_125,0_0,3,0.25584028792160574
00847-bCPU9suPUw9,hovsg,188,flashlight,0_0_123,0_0,4,0.25289415466760173
00847-bCPU9suPUw9,hovsg,188,flashlight,1_4_148,1_4,5,0.24703191258245255
00847-bCPU9suPUw9,hovsg,189,floor stand,1_1_83,1_1,1,0.2840349602036924
00847-bCPU9suPUw9,hovsg,189,floor stand,1_4_279,1_4,2,0.2806365871546199
00847-bCPU9suPUw9,hovsg,189,floor stand,1_3_33,1_3,3,0.2799650541610779
00847-bCPU9suPUw9,hovsg,189,floor stand,1_1_7,1_1,4,0.2776027316245397
00847-bCPU9suPUw9,hovsg,189,floor stand,0_2_204,0_2,5,0.27510131717788316
00847-bCPU9suPUw9,hovsg,190,flower stand,0_2_30,0_2,1,0.21373586169314798
00847-bCPU9suPUw9,hovsg,190,flower stand,1_4_278,1_4,2,0.2089711477344208
00847-bCPU9suPUw9,hovsg,190,flower stand,1_4_279,1_4,3,0.20633069127426437
00847-bCPU9suPUw9,hovsg,190,flower stand,0_1_21,0_1,4,0.20311532754430237
00847-bCPU9suPUw9,hovsg,190,flower stand,0_2_136,0_2,5,0.20237243866479693
00847-bCPU9suPUw9,hovsg,191,flowerbed,0_0_240,0_0,1,0.2286813762842481
00847-bCPU9suPUw9,hovsg,192,flush,0_0_87,0_0,1,0.28523332283602215
00847-bCPU9suPUw9,hovsg,192,flush,0_0_112,0_0,2,0.2802325314949831
00847-bCPU9suPUw9,hovsg,192,flush,1_0_7,1_0,3,0.27945587273419636
00847-bCPU9suPUw9,hovsg,192,flush,0_0_10,0_0,4,0.2793958811284253
00847-bCPU9suPUw9,hovsg,192,flush,1_4_176,1_4,5,0.27689356151829636
00847-bCPU9suPUw9,hovsg,193,flush button,1_4_152,1_4,1,0.2795350099245955
00847-bCPU9suPUw9,hovsg,193,flush button,0_0_119,0_0,2,0.2707839555757554
00847-bCPU9suPUw9,hovsg,193,flush button,1_4_155,1_4,3,0.2580202116786211
00847-bCPU9suPUw9,hovsg,193,flush button,0_0_36,0_0,4,0.2535066869462762
00847-bCPU9suPUw9,hovsg,193,flush button,1_4_328,1_4,5,0.2450167933198757
00847-bCPU9suPUw9,hovsg,194,flush push,0_0_87,0_0,1,0.2715430493431772
00847-bCPU9suPUw9,hovsg,194,flush push,0_0_112,0_0,2,0.26915462203692564
00847-bCPU9suPUw9,hovsg,194,flush push,1_0_7,1_0,3,0.2672854074620672
00847-bCPU9suPUw9,hovsg,194,flush push,1_4_176,1_4,4,0.2652472932287176
00847-bCPU9suPUw9,hovsg,194,flush push,0_0_10,0_0,5,0.2647155349184359
00847-bCPU9suPUw9,hovsg,195,foam,1_3_51,1_3,1,0.27412222268645126
00847-bCPU9suPUw9,hovsg,195,foam,1_0_7,1_0,2,0.27232978607591873
00847-bCPU9suPUw9,hovsg,195,foam,1_4_203,1_4,3,0.2656997659122325
00847-bCPU9suPUw9,hovsg,195,foam,1_4_74,1_4,4,0.2649974862854773
00847-bCPU9suPUw9,hovsg,195,foam,1_3_94,1_3,5,0.26383609901235255
00847-bCPU9suPUw9,hovsg,196,folding stand,0_0_107,0_0,1,0.2723224803272064
00847-bCPU9suPUw9,hovsg,196,folding stand,1_3_101,1_3,2,0.2680429784181874
00847-bCPU9suPUw9,hovsg,196,folding stand,1_4_279,1_4,3,0.26459832764353386
00847-bCPU9suPUw9,hovsg,196,folding stand,0_0_222,0_0,4,0.2633851163811987
00847-bCPU9suPUw9,hovsg,196,folding stand,1_4_353,1_4,5,0.262203632408795
00847-bCPU9suPUw9,hovsg,197,food,0_0_20,0_0,1,0.269137549071476
00847-bCPU9suPUw9,hovsg,197,food,0_0_4,0_0,2,0.2596586380527315
00847-bCPU9suPUw9,hovsg,197,food,0_0_95,0_0,3,0.23805902087275194
00847-bCPU9suPUw9,hovsg,197,food,0_0_141,0_0,4,0.2337872434358857
00847-bCPU9suPUw9,hovsg,197,food,0_0_210,0_0,5,0.22760268340776268
00847-bCPU9suPUw9,hovsg,198,food processor,0_0_211,0_0,1,0.2349166405841676
00847-bCPU9suPUw9,hovsg,198,food processor,0_0_20,0_0,2,0.22868230346632373
00847-bCPU9suPUw9,hovsg,198,food processor,0_0_204,0_0,3,0.2213898412585517
00847-bCPU9suPUw9,hovsg,198,food processor,0_0_210,0_0,4,0.2191224584734579
00847-bCPU9suPUw9,hovsg,198,food processor,0_0_208,0_0,5,0.21590661715764237
00847-bCPU9suPUw9,hovsg,199,food stand,0_0_20,0_0,1,0.23105270874471248
00847-bCPU9suPUw9,hovsg,200,foosball table,1_4_81,1_4,1,0.18550571864769932
00847-bCPU9suPUw9,hovsg,201,foot spa,0_0_95,0_0,1,0.21705564285106727
00847-bCPU9suPUw9,hovsg,201,foot spa,0_0_235,0_0,2,0.19958235046284148
00847-bCPU9suPUw9,hovsg,201,foot spa,0_0_211,0_0,3,0.19835386879676328
00847-bCPU9suPUw9,hovsg,201,foot spa,1_4_20,1_4,4,0.19819749413912774
00847-bCPU9suPUw9,hovsg,201,foot spa,0_1_21,0_1,5,0.19667112393172098
00847-bCPU9suPUw9,hovsg,202,football,1_4_126,1_4,1,0.23273245675358856
00847-bCPU9suPUw9,hovsg,202,football,0_0_211,0_0,2,0.23089241575172598
00847-bCPU9suPUw9,hovsg,202,football,0_2_292,0_2,3,0.22535785632185001
00847-bCPU9suPUw9,hovsg,202,football,1_4_327,1_4,4,0.22118332580442007
00847-bCPU9suPUw9,hovsg,202,football,1_3_13,1_3,5,0.21687019483832815
00847-bCPU9suPUw9,hovsg,203,footstool,0_2_12,0_2,1,0.3077588312858761
00847-bCPU9suPUw9,hovsg,203,footstool,1_4_20,1_4,2,0.305722392421064
00847-bCPU9suPUw9,hovsg,203,footstool,0_2_23,0_2,3,0.302234807160839
00847-bCPU9suPUw9,hovsg,203,footstool,1_4_2,1_4,4,0.28589348777735885
00847-bCPU9suPUw9,hovsg,203,footstool,0_2_59,0_2,5,0.2841926586429515
00847-bCPU9suPUw9,hovsg,204,frame,1_4_287,1_4,1,0.28369896913975073
00847-bCPU9suPUw9,hovsg,204,frame,1_4_36,1_4,2,0.2833559614589418
00847-bCPU9suPUw9,hovsg,204,frame,1_4_27,1_4,3,0.28282243428653053
00847-bCPU9suPUw9,hovsg,204,frame,1_4_39,1_4,4,0.28175271351346587
00847-bCPU9suPUw9,hovsg,204,frame,1_4_226,1_4,5,0.28021582192628325
00847-bCPU9suPUw9,hovsg,205,fruit,0_2_30,0_2,1,0.2568725988636934
00847-bCPU9suPUw9,hovsg,205,fruit,0_0_20,0_0,2,0.25460878939234755
00847-bCPU9suPUw9,hovsg,205,fruit,0_0_4,0_0,3,0.2523519995461766
00847-bCPU9suPUw9,hovsg,205,fruit,0_2_292,0_2,4,0.2396174036432263
00847-bCPU9suPUw9,hovsg,205,fruit,0_0_141,0_0,5,0.23948508292583243
00847-bCPU9suPUw9,hovsg,206,fume cupboard,0_2_327,0_2,1,0.2692284691615579
00847-bCPU9suPUw9,hovsg,206,fume cupboard,1_4_169,1_4,2,0.26635582782087563
00847-bCPU9suPUw9,hovsg,206,fume cupboard,1_4_279,1_4,3,0.26512600774682815
00847-bCPU9suPUw9,hovsg,206,fume cupboard,1_4_105,1_4,4,0.2647329621764376
00847-bCPU9suPUw9,hovsg,206,fume cupboard,1_4_278,1_4,5,0.25978586669610376
00847-bCPU9suPUw9,hovsg,207,fur,0_2_59,0_2,1,0.2652646635891926
00847-bCPU9suPUw9,hovsg,207,fur,1_4_264,1_4,2,0.2632127385659244
00847-bCPU9suPUw9,hovsg,207,fur,0_1_1,0_1,3,0.2573297204927759
00847-bCPU9suPUw9,hovsg,207,fur,1_4_326,1_4,4,0.2564161160920583
00847-bCPU9suPUw9,hovsg,207,fur,0_2_146,0_2,5,0.25489460033762534
00847-bCPU9suPUw9,hovsg,208,furnace,0_2_88,0_2,1,0.28329705001436345
00847-bCPU9suPUw9,hovsg,208,furnace,0_2_54,0_2,2,0.27730730736449516
00847-bCPU9suPUw9,hovsg,208,furnace,0_2_134,0_2,3,0.27678246255167743
00847-bCPU9suPUw9,hovsg,208,furnace,0_2_102,0_2,4,0.2708269298989076
00847-bCPU9suPUw9,hovsg,208,furnace,0_0_249,0_0,5,0.2614392715746906
00847-bCPU9suPUw9,hovsg,209,furniture,0_1_2,0_1,1,0.2932486834306046
00847-bCPU9suPUw9,hovsg,209,furniture,0_1_32,0_1,2,0.2851054961562203
00847-bCPU9suPUw9,hovsg,209,furniture,0_1_5,0_1,3,0.28286700575344464
00847-bCPU9suPUw9,hovsg,209,furniture,0_2_12,0_2,4,0.28241856219013456
00847-bCPU9suPUw9,hovsg,209,furniture,1_4_77,1_4,5,0.28211901370402037
00847-bCPU9suPUw9,hovsg,210,game,0_1_28,0_1,1,0.23924920937807248
00847-bCPU9suPUw9,hovsg,210,game,0_0_20,0_0,2,0.226500352781794
00847-bCPU9suPUw9,hovsg,210,game,1_3_13,1_3,3,0.22082939008801666
00847-bCPU9suPUw9,hovsg,210,game,0_0_141,0_0,4,0.20775601055973214
00847-bCPU9suPUw9,hovsg,210,game,1_2_7,1_2,5,0.2041423270493039
00847-bCPU9suPUw9,hovsg,211,game console,1_3_49,1_3,1,0.26197007861740246
00847-bCPU9suPUw9,hovsg,211,game console,1_1_65,1_1,2,0.25103078154346853
00847-bCPU9suPUw9,hovsg,211,game console,1_1_82,1_1,3,0.2499754021475896
00847-bCPU9suPUw9,hovsg,211,game console,1_1_71,1_1,4,0.24814138289033882
00847-bCPU9suPUw9,hovsg,211,game console,1_4_53,1_4,5,0.24669850320251352
00847-bCPU9suPUw9,hovsg,212,gap,1_4_39,1_4,1,0.2551842378866367
00847-bCPU9suPUw9,hovsg,212,gap,1_4_40,1_4,2,0.25459017241441995
00847-bCPU9suPUw9,hovsg,212,gap,1_4_283,1_4,3,0.2526273095298237
00847-bCPU9suPUw9,hovsg,212,gap,0_0_123,0_0,4,0.2510982224933549
00847-bCPU9suPUw9,hovsg,212,gap,1_4_27,1_4,5,0.2501924248508756
00847-bCPU9suPUw9,hovsg,213,garage door motor,1_3_95,1_3,1,0.2590700979636726
00847-bCPU9suPUw9,hovsg,213,garage door motor,1_2_38,1_2,2,0.25694293570359306
00847-bCPU9suPUw9,hovsg,213,garage door motor,1_3_96,1_3,3,0.2500124068620651
00847-bCPU9suPUw9,hovsg,213,garage door motor,1_3_102,1_3,4,0.2479277338186166
00847-bCPU9suPUw9,hovsg,213,garage door motor,1_3_97,1_3,5,0.24479197020847782
00847-bCPU9suPUw9,hovsg,214,garage door opener,1_3_95,1_3,1,0.2786345641955015
00847-bCPU9suPUw9,hovsg,214,garage door opener,1_3_96,1_3,2,0.269539762171477
00847-bCPU9suPUw9,hovsg,214,garage door opener,1_2_38,1_2,3,0.266836176895335
00847-bCPU9suPUw9,hovsg,214,garage door opener,1_3_102,1_3,4,0.2645981052809836
00847-bCPU9suPUw9,hovsg,214,garage door opener,1_3_97,1_3,5,0.26379031911513423
00847-bCPU9suPUw9,hovsg,215,garage door opener railing,1_2_35,1_2,1,0.284206757216512
00847-bCPU9suPUw9,hovsg,215,garage door opener railing,1_4_260,1_4,2,0.27237101763698224
00847-bCPU9suPUw9,hovsg,215,garage door opener railing,1_2_38,1_2,3,0.27136157658990917
00847-bCPU9suPUw9,hovsg,215,garage door opener railing,1_2_43,1_2,4,0.2688477678198686
00847-bCPU9suPUw9,hovsg,215,garage door opener railing,1_2_39,1_2,5,0.2666078110926643
00847-bCPU9suPUw9,hovsg,216,gas box,1_3_4,1_3,1,0.2551525803955038
00847-bCPU9suPUw9,hovsg,216,gas box,0_2_88,0_2,2,0.25456996469980386
00847-bCPU9suPUw9,hovsg,216,gas box,0_2_134,0_2,3,0.2535146464033844
00847-bCPU9suPUw9,hovsg,216,gas box,1_3_56,1_3,4,0.2527433536784942
00847-bCPU9suPUw9,hovsg,216,gas box,1_4_328,1_4,5,0.2509897926701864
00847-bCPU9suPUw9,hovsg,217,gas container,0_0_203,0_0,1,0.26536399567510266
00847-bCPU9suPUw9,hovsg,217,gas container,1_3_4,1_3,2,0.26057649114530373
00847-bCPU9suPUw9,hovsg,217,gas container,0_0_212,0_0,3,0.2512341003054345
00847-bCPU9suPUw9,hovsg,217,gas container,0_0_211,0_0,4,0.24647411654349438
00847-bCPU9suPUw9,hovsg,217,gas container,1_4_327,1_4,5,0.24398648237323062
00847-bCPU9suPUw9,hovsg,218,gas meter,0_2_88,0_2,1,0.2605729860790521
00847-bCPU9suPUw9,hovsg,218,gas meter,0_2_134,0_2,2,0.25039020624043873
00847-bCPU9suPUw9,hovsg,218,gas meter,1_4_155,1_4,3,0.2464086011026001
00847-bCPU9suPUw9,hovsg,218,gas meter,0_2_54,0_2,4,0.245461702754621
00847-bCPU9suPUw9,hovsg,218,gas meter,0_2_102,0_2,5,0.2409720849010265
00847-bCPU9suPUw9,hovsg,219,gauge,0_0_177,0_0,1,0.2283262193262574
00847-bCPU9suPUw9,hovsg,219,gauge,0_0_209,0_0,2,0.22814533904652212
00847-bCPU9suPUw9,hovsg,219,gauge,0_0_184,0_0,3,0.22503885139530444
00847-bCPU9suPUw9,hovsg,219,gauge,0_0_202,0_0,4,0.2203247196253073
00847-bCPU9suPUw9,hovsg,219,gauge,0_0_204,0_0,5,0.2180081067555873
00847-bCPU9suPUw9,hovsg,220,gift,0_0_211,0_0,1,0.22558979149139322
00847-bCPU9suPUw9,hovsg,220,gift,0_2_30,0_2,2,0.2235607374690729
00847-bCPU9suPUw9,hovsg,220,gift,0_2_292,0_2,3,0.21589230644232038
00847-bCPU9suPUw9,hovsg,220,gift,0_0_208,0_0,4,0.21310909453846258
00847-bCPU9suPUw9,hovsg,220,gift,0_0_141,0_0,5,0.2107388725433701
00847-bCPU9suPUw9,hovsg,221,glass,1_4_287,1_4,1,0.29177035987282524
00847-bCPU9suPUw9,hovsg,221,glass,0_2_261,0_2,2,0.286146806849008
00847-bCPU9suPUw9,hovsg,221,glass,1_4_27,1_4,3,0.28591405241336265
00847-bCPU9suPUw9,hovsg,221,glass,0_2_260,0_2,4,0.2852634250276076
00847-bCPU9suPUw9,hovsg,221,glass,1_1_65,1_1,5,0.2839190471120159
00847-bCPU9suPUw9,hovsg,222,glasses,0_0_205,0_0,1,0.23953872454734904
00847-bCPU9suPUw9,hovsg,223,globe,0_2_292,0_2,1,0.2330248336695508
00847-bCPU9suPUw9,hovsg,223,globe,1_2_7,1_2,2,0.21181911661227132
00847-bCPU9suPUw9,hovsg,223,globe,0_0_208,0_0,3,0.20977383311777525
00847-bCPU9suPUw9,hovsg,223,globe,0_0_141,0_0,4,0.20663279224326564
00847-bCPU9suPUw9,hovsg,223,globe,0_0_49,0_0,5,0.20303794715398854
00847-bCPU9suPUw9,hovsg,224,globe stand,1_4_279,1_4,1,0.19735969518206928
00847-bCPU9suPUw9,hovsg,224,globe stand,1_4_155,1_4,2,0.19649862556809242
00847-bCPU9suPUw9,hovsg,224,globe stand,0_2_88,0_2,3,0.19544676988366153
00847-bCPU9suPUw9,hovsg,224,globe stand,1_1_49,1_1,4,0.19442808306539314
00847-bCPU9suPUw9,hovsg,224,globe stand,0_0_121,0_0,5,0.19344908545453068
00847-bCPU9suPUw9,hovsg,225,gloves,0_1_20,0_1,1,0.2246131906894166
00847-bCPU9suPUw9,hovsg,226,glue,1_3_24,1_3,1,0.27074132194133993
00847-bCPU9suPUw9,hovsg,226,glue,0_1_14,0_1,2,0.2699238789598496
00847-bCPU9suPUw9,hovsg,226,glue,1_1_40,1_1,3,0.2680247581529286
00847-bCPU9suPUw9,hovsg,226,glue,1_4_326,1_4,4,0.26561181700584113
00847-bCPU9suPUw9,hovsg,226,glue,1_3_60,1_3,5,0.2652554168996935
00847-bCPU9suPUw9,hovsg,227,goalpost,1_2_60,1_2,1,0.24666368196072824
00847-bCPU9suPUw9,hovsg,228,golf sticks,0_2_76,0_2,1,0.23041833157429206
00847-bCPU9suPUw9,hovsg,228,golf sticks,0_2_112,0_2,2,0.21843413753576538
00847-bCPU9suPUw9,hovsg,228,golf sticks,0_1_58,0_1,3,0.2174300014010985
00847-bCPU9suPUw9,hovsg,228,golf sticks,1_1_49,1_1,4,0.2158094620944231
00847-bCPU9suPUw9,hovsg,228,golf sticks,0_2_111,0_2,5,0.21555738450240786
00847-bCPU9suPUw9,hovsg,229,grab bar,1_4_155,1_4,1,0.29877838445973914
00847-bCPU9suPUw9,hovsg,229,grab bar,1_4_179,1_4,2,0.29194114226306744
00847-bCPU9suPUw9,hovsg,229,grab bar,1_4_156,1_4,3,0.28948549673361873
00847-bCPU9suPUw9,hovsg,229,grab bar,1_4_153,1_4,4,0.2891476888683601
00847-bCPU9suPUw9,hovsg,229,grab bar,1_4_180,1_4,5,0.28515992040146865
00847-bCPU9suPUw9,hovsg,230,grass,0_2_292,0_2,1,0.21065752878934663
00847-bCPU9suPUw9,hovsg,231,grate,1_4_139,1_4,1,0.31561135828569753
00847-bCPU9suPUw9,hovsg,231,grate,0_0_131,0_0,2,0.30374245546110945
00847-bCPU9suPUw9,hovsg,231,grate,1_0_17,1_0,3,0.2820649376857502
00847-bCPU9suPUw9,hovsg,231,grate,1_4_344,1_4,4,0.2816611143785661
00847-bCPU9suPUw9,hovsg,231,grate,1_4_240,1_4,5,0.2782720488714642
00847-bCPU9suPUw9,hovsg,232,gravel,0_2_292,0_2,1,0.23129474101844538
00847-bCPU9suPUw9,hovsg,232,gravel,1_4_126,1_4,2,0.22013017648844696
00847-bCPU9suPUw9,hovsg,232,gravel,0_2_315,0_2,3,0.20782549062368225
00847-bCPU9suPUw9,hovsg,233,groceries,0_0_205,0_0,1,0.23581163628866494
00847-bCPU9suPUw9,hovsg,233,groceries,0_0_95,0_0,2,0.2342823558864684
00847-bCPU9suPUw9,hovsg,234,guitar,0_1_25,0_1,1,0.26879702981919096
00847-bCPU9suPUw9,hovsg,234,guitar,1_2_58,1_2,2,0.26771781114220067
00847-bCPU9suPUw9,hovsg,234,guitar,1_2_51,1_2,3,0.26732579318497407
00847-bCPU9suPUw9,hovsg,234,guitar,1_2_6,1_2,4,0.2661838416345371
00847-bCPU9suPUw9,hovsg,234,guitar,0_1_15,0_1,5,0.26509663732641864
00847-bCPU9suPUw9,hovsg,235,gun,1_2_6,1_2,1,0.2587767903049478
00847-bCPU9suPUw9,hovsg,235,gun,1_4_209,1_4,2,0.2582216242794711
00847-bCPU9suPUw9,hovsg,235,gun,0_2_88,0_2,3,0.25450375075567905
00847-bCPU9suPUw9,hovsg,235,gun,1_4_36,1_4,4,0.2532229178181239
00847-bCPU9suPUw9,hovsg,235,gun,1_4_39,1_4,5,0.25281134597613153
00847-bCPU9suPUw9,hovsg,236,gym rope,0_2_136,0_2,1,0.206681844513864
00847-bCPU9suPUw9,hovsg,236,gym rope,1_1_49,1_1,2,0.20384097059353873
00847-bCPU9suPUw9,hovsg,236,gym rope,0_2_76,0_2,3,0.20143137039750625
00847-bCPU9suPUw9,hovsg,236,gym rope,1_2_6,1_2,4,0.19503449422953525
00847-bCPU9suPUw9,hovsg,236,gym rope,0_0_121,0_0,5,0.19108152868619604
00847-bCPU9suPUw9,hovsg,237,hair brush,0_2_292,0_2,1,0.24836130475667126
00847-bCPU9suPUw9,hovsg,237,hair brush,1_4_283,1_4,2,0.24028517897726415
00847-bCPU9suPUw9,hovsg,237,hair brush,1_2_53,1_2,3,0.23951968443927757
00847-bCPU9suPUw9,hovsg,237,hair brush,0_1_28,0_1,4,0.23706981179906766
00847-bCPU9suPUw9,hovsg,237,hair brush,0_0_117,0_0,5,0.23625542757439813
00847-bCPU9suPUw9,hovsg,238,hair dryer,1_4_155,1_4,1,0.2815995650933576
00847-bCPU9suPUw9,hovsg,238,hair dryer,1_4_156,1_4,2,0.25942556206239875
00847-bCPU9suPUw9,hovsg,238,hair dryer,1_4_327,1_4,3,0.25644738822335267
00847-bCPU9suPUw9,hovsg,238,hair dryer,1_4_147,1_4,4,0.2528892700017237
00847-bCPU9suPUw9,hovsg,238,hair dryer,1_4_148,1_4,5,0.24893159098556722
00847-bCPU9suPUw9,hovsg,239,hammer,1_0_43,1_0,1,0.28012611786028696
00847-bCPU9suPUw9,hovsg,239,hammer,0_2_298,0_2,2,0.27188787054827185
00847-bCPU9suPUw9,hovsg,239,hammer,0_2_76,0_2,3,0.27137324560868276
00847-bCPU9suPUw9,hovsg,239,hammer,0_2_79,0_2,4,0.2707974475352594
00847-bCPU9suPUw9,hovsg,239,hammer,1_4_287,1_4,5,0.2692480287017057
00847-bCPU9suPUw9,hovsg,240,hammock,1_1_70,1_1,1,0.24761084345065404
00847-bCPU9suPUw9,hovsg,240,hammock,1_4_283,1_4,2,0.24004642004239246
00847-bCPU9suPUw9,hovsg,240,hammock,1_1_25,1_1,3,0.23505242934967052
00847-bCPU9suPUw9,hovsg,240,hammock,1_1_31,1_1,4,0.23331473010841475
00847-bCPU9suPUw9,hovsg,240,hammock,1_1_51,1_1,5,0.23279007782433678
00847-bCPU9suPUw9,hovsg,241,hand dryer,1_4_155,1_4,1,0.29852065821158114
00847-bCPU9suPUw9,hovsg,241,hand dryer,1_4_336,1_4,2,0.2672129321719703
00847-bCPU9suPUw9,hovsg,241,hand dryer,1_4_156,1_4,3,0.2644571582077125
00847-bCPU9suPUw9,hovsg,241,hand dryer,1_3_54,1_3,4,0.26435171892668713
00847-bCPU9suPUw9,hovsg,241,hand dryer,1_3_56,1_3,5,0.2638675671303472
00847-bCPU9suPUw9,hovsg,242,handcart,0_2_76,0_2,1,0.24166766135236073
00847-bCPU9suPUw9,hovsg,242,handcart,1_2_58,1_2,2,0.22867384110744904
00847-bCPU9suPUw9,hovsg,242,handcart,0_1_21,0_1,3,0.22469924770708122
00847-bCPU9suPUw9,hovsg,242,handcart,0_1_32,0_1,4,0.2227990475318215
00847-bCPU9suPUw9,hovsg,242,handcart,1_4_333,1_4,5,0.22215469694937734
00847-bCPU9suPUw9,hovsg,243,handkerchiefs,0_0_205,0_0,1,0.26064375390305194
00847-bCPU9suPUw9,hovsg,243,handkerchiefs,1_4_33,1_4,2,0.25962896004302694
00847-bCPU9suPUw9,hovsg,243,handkerchiefs,1_3_118,1_3,3,0.2526855993984515
00847-bCPU9suPUw9,hovsg,243,handkerchiefs,0_0_250,0_0,4,0.23690938237293044
00847-bCPU9suPUw9,hovsg,243,handkerchiefs,1_3_13,1_3,5,0.2367507549659474
00847-bCPU9suPUw9,hovsg,244,handle,1_4_179,1_4,1,0.2973851840633665
00847-bCPU9suPUw9,hovsg,244,handle,0_0_184,0_0,2,0.29165821715045365
00847-bCPU9suPUw9,hovsg,244,handle,0_0_215,0_0,3,0.29060110847640586
00847-bCPU9suPUw9,hovsg,244,handle,0_2_245,0_2,4,0.28968175885188613
00847-bCPU9suPUw9,hovsg,244,handle,0_0_16,0_0,5,0.28963610089214953
00847-bCPU9suPUw9,hovsg,245,hanger,0_2_76,0_2,1,0.2678695913118066
00847-bCPU9suPUw9,hovsg,245,hanger,1_4_283,1_4,2,0.2526397369937131
00847-bCPU9suPUw9,hovsg,245,hanger,1_4_240,1_4,3,0.25173910228021784
00847-bCPU9suPUw9,hovsg,245,hanger,0_2_46,0_2,4,0.25028830391629564
00847-bCPU9suPUw9,hovsg,245,hanger,1_4_236,1_4,5,0.24841135589319602
00847-bCPU9suPUw9,hovsg,246,hat,0_2_292,0_2,1,0.2634296347689305
00847-bCPU9suPUw9,hovsg,246,hat,1_4_209,1_4,2,0.2514774382431453
00847-bCPU9suPUw9,hovsg,246,hat,1_4_359,1_4,3,0.2492322603711451
00847-bCPU9suPUw9,hovsg,246,hat,0_1_20,0_1,4,0.24535404653688203
00847-bCPU9suPUw9,hovsg,246,hat,0_0_211,0_0,5,0.24304025501921966
00847-bCPU9suPUw9,hovsg,247,hatch,1_4_40,1_4,1,0.2567624431026169
00847-bCPU9suPUw9,hovsg,247,hatch,1_1_65,1_1,2,0.2548443103972651
00847-bCPU9suPUw9,hovsg,247,hatch,1_1_71,1_1,3,0.25391646138368607
00847-bCPU9suPUw9,hovsg,247,hatch,1_1_82,1_1,4,0.25126184782547734
00847-bCPU9suPUw9,hovsg,247,hatch,0_0_49,0_0,5,0.2499472179684256
00847-bCPU9suPUw9,hovsg,248,headboard,1_3_94,1_3,1,0.2793744662146046
00847-bCPU9suPUw9,hovsg,248,headboard,1_3_82,1_3,2,0.27325901268547614
00847-bCPU9suPUw9,hovsg,248,headboard,1_1_30,1_1,3,0.2719067036032733
00847-bCPU9suPUw9,hovsg,248,headboard,1_1_49,1_1,4,0.27082913229596395
00847-bCPU9suPUw9,hovsg,248,headboard,1_1_72,1_1,5,0.2693891554879255
00847-bCPU9suPUw9,hovsg,249,headphones,0_0_123,0_0,1,0.21162564523441818
00847-bCPU9suPUw9,hovsg,249,headphones,0_1_21,0_1,2,0.21144026649229783
00847-bCPU9suPUw9,hovsg,249,headphones,0_0_121,0_0,3,0.20912979945689952
00847-bCPU9suPUw9,hovsg,249,headphones,1_1_49,1_1,4,0.20906424043868885
00847-bCPU9suPUw9,hovsg,249,headphones,0_0_125,0_0,5,0.2072885640345424
00847-bCPU9suPUw9,hovsg,250,heater,0_0_131,0_0,1,0.2859299698212669
00847-bCPU9suPUw9,hovsg,250,heater,0_2_54,0_2,2,0.2845040236065564
00847-bCPU9suPUw9,hovsg,250,heater,1_4_3,1_4,3,0.2819114129968404
00847-bCPU9suPUw9,hovsg,250,heater,0_2_134,0_2,4,0.28184033023768684
00847-bCPU9suPUw9,hovsg,250,heater,1_4_327,1_4,5,0.2816728997212916
00847-bCPU9suPUw9,hovsg,251,heater piping,1_4_216,1_4,1,0.2719522161647461
00847-bCPU9suPUw9,hovsg,251,heater piping,1_4_224,1_4,2,0.2717023022004698
00847-bCPU9suPUw9,hovsg,251,heater piping,0_0_262,0_0,3,0.2692939324429148
00847-bCPU9suPUw9,hovsg,251,heater piping,1_4_237,1_4,4,0.2635905277083929
00847-bCPU9suPUw9,hovsg,251,heater piping,1_4_85,1_4,5,0.25678076734024463
00847-bCPU9suPUw9,hovsg,252,holder,0_0_101,0_0,1,0.24506516857919713
00847-bCPU9suPUw9,hovsg,252,holder,0_0_92,0_0,2,0.2377949217024945
00847-bCPU9suPUw9,hovsg,252,holder,0_0_184,0_0,3,0.23439107393081138
00847-bCPU9suPUw9,hovsg,252,holder,0_2_275,0_2,4,0.22733227249623256
00847-bCPU9suPUw9,hovsg,252,holder,0_0_107,0_0,5,0.2252914899405945
00847-bCPU9suPUw9,hovsg,253,holy cross,0_2_76,0_2,1,0.2149338384749086
00847-bCPU9suPUw9,hovsg,253,holy cross,1_2_44,1_2,2,0.21100198605324166
00847-bCPU9suPUw9,hovsg,253,holy cross,1_2_58,1_2,3,0.2096703704409537
00847-bCPU9suPUw9,hovsg,253,holy cross,0_2_223,0_2,4,0.20900796300390412
00847-bCPU9suPUw9,hovsg,253,holy cross,0_1_21,0_1,5,0.20718623886559867
00847-bCPU9suPUw9,hovsg,254,hook,1_4_180,1_4,1,0.25185220839062705
00847-bCPU9suPUw9,hovsg,254,hook,1_4_179,1_4,2,0.2507147908465769
00847-bCPU9suPUw9,hovsg,254,hook,0_0_106,0_0,3,0.248885955622897
00847-bCPU9suPUw9,hovsg,254,hook,1_0_43,1_0,4,0.24831613989586712
00847-bCPU9suPUw9,hovsg,254,hook,0_0_117,0_0,5,0.24420759905844328
00847-bCPU9suPUw9,hovsg,255,hose,1_2_53,1_2,1,0.2365505149479004
00847-bCPU9suPUw9,hovsg,255,hose,1_4_327,1_4,2,0.23521572052414869
00847-bCPU9suPUw9,hovsg,255,hose,1_4_181,1_4,3,0.22343303428469286
00847-bCPU9suPUw9,hovsg,255,hose,1_4_118,1_4,4,0.22219368658854077
00847-bCPU9suPUw9,hovsg,255,hose,0_0_184,0_0,5,0.21815396913427987
00847-bCPU9suPUw9,hovsg,256,hourglass,0_0_121,0_0,1,0.24135059521655494
00847-bCPU9suPUw9,hovsg,256,hourglass,0_0_205,0_0,2,0.23969323077409604
00847-bCPU9suPUw9,hovsg,256,hourglass,0_2_30,0_2,3,0.22419356689589154
00847-bCPU9suPUw9,hovsg,256,hourglass,1_4_55,1_4,4,0.22380596348351295
00847-bCPU9suPUw9,hovsg,256,hourglass,0_2_292,0_2,5,0.21289613530630205
00847-bCPU9suPUw9,hovsg,257,hoverboard,0_0_20,0_0,1,0.23363760121919175
00847-bCPU9suPUw9,hovsg,257,hoverboard,0_2_30,0_2,2,0.2333389707535848
00847-bCPU9suPUw9,hovsg,257,hoverboard,1_4_126,1_4,3,0.22603470383510588
00847-bCPU9suPUw9,hovsg,257,hoverboard,1_2_53,1_2,4,0.22299387714948984
00847-bCPU9suPUw9,hovsg,257,hoverboard,1_4_247,1_4,5,0.22023369781982283
00847-bCPU9suPUw9,hovsg,258,ice maker,1_3_56,1_3,1,0.2679071738961781
00847-bCPU9suPUw9,hovsg,258,ice maker,0_0_193,0_0,2,0.26107186260302273
00847-bCPU9suPUw9,hovsg,258,ice maker,1_4_85,1_4,3,0.2591947268141868
00847-bCPU9suPUw9,hovsg,258,ice maker,1_4_237,1_4,4,0.2589028468747001
00847-bCPU9suPUw9,hovsg,258,ice maker,1_3_50,1_3,5,0.2585195947430045
00847-bCPU9suPUw9,hovsg,259,information,1_4_162,1_4,1,0.26364604645733164
00847-bCPU9suPUw9,hovsg,259,information,0_2_341,0_2,2,0.2612021543049406
00847-bCPU9suPUw9,hovsg,259,information,0_0_205,0_0,3,0.25907489018685725
00847-bCPU9suPUw9,hovsg,259,information,1_4_330,1_4,4,0.2585504555505673
00847-bCPU9suPUw9,hovsg,259,information,1_4_328,1_4,5,0.2579908342438602
00847-bCPU9suPUw9,hovsg,260,installation,0_2_90,0_2,1,0.2691484989790667
00847-bCPU9suPUw9,hovsg,260,installation,0_2_139,0_2,2,0.26821023794765586
00847-bCPU9suPUw9,hovsg,260,installation,0_2_361,0_2,3,0.26693462012335994
00847-bCPU9suPUw9,hovsg,260,installation,0_2_127,0_2,4,0.2649292986780094
00847-bCPU9suPUw9,hovsg,260,installation,0_2_187,0_2,5,0.264836757117766
00847-bCPU9suPUw9,hovsg,261,instrument,1_2_6,1_2,1,0.27447736093913017
00847-bCPU9suPUw9,hovsg,261,instrument,0_2_76,0_2,2,0.2700629944678919
00847-bCPU9suPUw9,hovsg,261,instrument,1_2_58,1_2,3,0.26502106286612104
00847-bCPU9suPUw9,hovsg,261,instrument,0_2_254,0_2,4,0.2647761046777285
00847-bCPU9suPUw9,hovsg,261,instrument,0_2_311,0_2,5,0.26396715719189284
00847-bCPU9suPUw9,hovsg,262,iron,0_2_88,0_2,1,0.2818436615133852
00847-bCPU9suPUw9,hovsg,262,iron,1_4_209,1_4,2,0.2716543778849064
00847-bCPU9suPUw9,hovsg,262,iron,1_4_38,1_4,3,0.2667730469397013
00847-bCPU9suPUw9,hovsg,262,iron,0_2_134,0_2,4,0.2664626655691916
00847-bCPU9suPUw9,hovsg,262,iron,0_2_341,0_2,5,0.2663504282762801
00847-bCPU9suPUw9,hovsg,263,ironing board,1_1_52,1_1,1,0.2693643120025441
00847-bCPU9suPUw9,hovsg,263,ironing board,1_1_49,1_1,2,0.26827831986741
00847-bCPU9suPUw9,hovsg,263,ironing board,1_1_83,1_1,3,0.26786435419998555
00847-bCPU9suPUw9,hovsg,263,ironing board,1_4_279,1_4,4,0.2656436428043385
00847-bCPU9suPUw9,hovsg,263,ironing board,1_3_63,1_3,5,0.264281486872547
00847-bCPU9suPUw9,hovsg,264,jewelry,0_0_208,0_0,1,0.21190633923743063
00847-bCPU9suPUw9,hovsg,264,jewelry,1_2_7,1_2,2,0.20563974640837426
00847-bCPU9suPUw9,hovsg,265,jug,0_0_212,0_0,1,0.2537775129299086
00847-bCPU9suPUw9,hovsg,265,jug,0_0_211,0_0,2,0.2530654900593582
00847-bCPU9suPUw9,hovsg,265,jug,1_3_4,1_3,3,0.24521557229020174
00847-bCPU9suPUw9,hovsg,265,jug,1_4_148,1_4,4,0.23108981305441278
00847-bCPU9suPUw9,hovsg,265,jug,0_0_203,0_0,5,0.22700209599177684
00847-bCPU9suPUw9,hovsg,266,keg,0_0_211,0_0,1,0.27937027098842315
00847-bCPU9suPUw9,hovsg,266,keg,0_0_212,0_0,2,0.27926835608395584
00847-bCPU9suPUw9,hovsg,266,keg,0_0_203,0_0,3,0.2675713227157591
00847-bCPU9suPUw9,hovsg,266,keg,1_4_327,1_4,4,0.2664913173431743
00847-bCPU9suPUw9,hovsg,266,keg,0_2_88,0_2,5,0.26223777150019467
00847-bCPU9suPUw9,hovsg,267,kettle,0_0_212,0_0,1,0.24970686745307966
00847-bCPU9suPUw9,hovsg,267,kettle,0_0_211,0_0,2,0.24146560613881873
00847-bCPU9suPUw9,hovsg,267,kettle,1_4_148,1_4,3,0.2284643286848756
00847-bCPU9suPUw9,hovsg,267,kettle,1_2_7,1_2,4,0.2238130430271727
00847-bCPU9suPUw9,hovsg,267,kettle,0_2_292,0_2,5,0.22203211275605855
00847-bCPU9suPUw9,hovsg,268,keys,1_4_208,1_4,1,0.23273458118463564
00847-bCPU9suPUw9,hovsg,268,keys,1_2_53,1_2,2,0.23068736425756392
00847-bCPU9suPUw9,hovsg,268,keys,1_4_231,1_4,3,0.22649775488883117
00847-bCPU9suPUw9,hovsg,268,keys,1_4_83,1_4,4,0.22611660502371703
00847-bCPU9suPUw9,hovsg,268,keys,1_4_301,1_4,5,0.22520388733918031
00847-bCPU9suPUw9,hovsg,269,kitchen appliance,0_0_204,0_0,1,0.29712030033731995
00847-bCPU9suPUw9,hovsg,269,kitchen appliance,0_0_210,0_0,2,0.2970347604742271
00847-bCPU9suPUw9,hovsg,269,kitchen appliance,0_0_195,0_0,3,0.29605604730823964
00847-bCPU9suPUw9,hovsg,269,kitchen appliance,0_0_252,0_0,4,0.28920166065832903
00847-bCPU9suPUw9,hovsg,269,kitchen appliance,0_0_270,0_0,5,0.28612304081540574
00847-bCPU9suPUw9,hovsg,270,kitchen handle,0_0_253,0_0,1,0.2981932762240595
00847-bCPU9suPUw9,hovsg,270,kitchen handle,0_0_216,0_0,2,0.29560264837131073
00847-bCPU9suPUw9,hovsg,270,kitchen handle,0_0_200,0_0,3,0.2951884982860211
00847-bCPU9suPUw9,hovsg,270,kitchen handle,0_0_215,0_0,4,0.29395357717346826
00847-bCPU9suPUw9,hovsg,270,kitchen handle,0_0_174,0_0,5,0.29298495918556955
00847-bCPU9suPUw9,hovsg,271,kitchen island,0_0_213,0_0,1,0.24994447305244302
00847-bCPU9suPUw9,hovsg,271,kitchen island,0_0_162,0_0,2,0.24962123992514823
00847-bCPU9suPUw9,hovsg,271,kitchen island,0_0_196,0_0,3,0.24062212974753783
00847-bCPU9suPUw9,hovsg,271,kitchen island,0_0_246,0_0,4,0.24023226159832334
00847-bCPU9suPUw9,hovsg,271,kitchen island,0_0_288,0_0,5,0.23858336409730702
00847-bCPU9suPUw9,hovsg,272,kitchen utensil,0_0_185,0_0,1,0.26118164096916086
00847-bCPU9suPUw9,hovsg,272,kitchen utensil,0_0_202,0_0,2,0.24834117248971915
00847-bCPU9suPUw9,hovsg,272,kitchen utensil,0_0_204,0_0,3,0.24679254391636185
00847-bCPU9suPUw9,hovsg,272,kitchen utensil,0_0_173,0_0,4,0.2460907134651874
00847-bCPU9suPUw9,hovsg,272,kitchen utensil,0_0_206,0_0,5,0.24499597459505593
00847-bCPU9suPUw9,hovsg,273,knife,1_3_65,1_3,1,0.2850246996423753
00847-bCPU9suPUw9,hovsg,273,knife,0_1_52,0_1,2,0.28438817686253565
00847-bCPU9suPUw9,hovsg,273,knife,0_2_341,0_2,3,0.28279895719633974
00847-bCPU9suPUw9,hovsg,273,knife,0_2_112,0_2,4,0.2825022746830827
00847-bCPU9suPUw9,hovsg,273,knife,0_2_117,0_2,5,0.2812867949286022
00847-bCPU9suPUw9,hovsg,274,knob,1_4_180,1_4,1,0.2883442511369798
00847-bCPU9suPUw9,hovsg,274,knob,0_2_292,0_2,2,0.2816334596194128
00847-bCPU9suPUw9,hovsg,274,knob,0_0_208,0_0,3,0.2787436183419221
00847-bCPU9suPUw9,hovsg,274,knob,1_4_12,1_4,4,0.2775520731124057
00847-bCPU9suPUw9,hovsg,274,knob,1_4_11,1_4,5,0.2760977152635927
00847-bCPU9suPUw9,hovsg,275,lace doily,1_3_13,1_3,1,0.21567969772138929
00847-bCPU9suPUw9,hovsg,276,ladder,1_4_240,1_4,1,0.28938523968694735
00847-bCPU9suPUw9,hovsg,276,ladder,0_2_76,0_2,2,0.28499235558012226
00847-bCPU9suPUw9,hovsg,276,ladder,1_4_279,1_4,3,0.2799874928611976
00847-bCPU9suPUw9,hovsg,276,ladder,1_4_278,1_4,4,0.2798586996184194
00847-bCPU9suPUw9,hovsg,276,ladder,1_4_242,1_4,5,0.2795845666835625
00847-bCPU9suPUw9,hovsg,277,landing,1_4_326,1_4,1,0.2554603148035617
00847-bCPU9suPUw9,hovsg,277,landing,0_0_123,0_0,2,0.2529395922305877
00847-bCPU9suPUw9,hovsg,277,landing,0_2_46,0_2,3,0.25034397954662235
00847-bCPU9suPUw9,hovsg,277,landing,1_2_5,1_2,4,0.24745228079585352
00847-bCPU9suPUw9,hovsg,277,landing,0_2_107,0_2,5,0.24588162316820567
00847-bCPU9suPUw9,hovsg,278,laundry,1_4_327,1_4,1,0.2807478288187853
00847-bCPU9suPUw9,hovsg,278,laundry,0_0_205,0_0,2,0.23907560693526675
00847-bCPU9suPUw9,hovsg,278,laundry,1_1_55,1_1,3,0.23481863843276732
00847-bCPU9suPUw9,hovsg,278,laundry,1_4_233,1_4,4,0.23358879999395415
00847-bCPU9suPUw9,hovsg,278,laundry,1_3_13,1_3,5,0.2328705263481141
00847-bCPU9suPUw9,hovsg,279,lawn mower,0_1_21,0_1,1,0.20466608450787233
00847-bCPU9suPUw9,hovsg,279,lawn mower,1_2_58,1_2,2,0.2039768740168223
00847-bCPU9suPUw9,hovsg,279,lawn mower,0_2_136,0_2,3,0.19963596918300536
00847-bCPU9suPUw9,hovsg,279,lawn mower,0_0_95,0_0,4,0.1948323055016229
00847-bCPU9suPUw9,hovsg,279,lawn mower,0_1_13,0_1,5,0.19391940311813288
00847-bCPU9suPUw9,hovsg,280,level,0_0_125,0_0,1,0.26283706278873753
00847-bCPU9suPUw9,hovsg,280,level,0_0_123,0_0,2,0.2602582272298183
00847-bCPU9suPUw9,hovsg,280,level,1_2_6,1_2,3,0.2527398082668205
00847-bCPU9suPUw9,hovsg,280,level,0_1_52,0_1,4,0.247537006798001
00847-bCPU9suPUw9,hovsg,280,level,1_4_40,1_4,5,0.24624145268780753
00847-bCPU9suPUw9,hovsg,281,lid,0_0_49,0_0,1,0.29501599817733015
00847-bCPU9suPUw9,hovsg,281,lid,1_3_4,1_3,2,0.28047361963590745
00847-bCPU9suPUw9,hovsg,281,lid,0_2_37,0_2,3,0.2758280121901176
00847-bCPU9suPUw9,hovsg,281,lid,1_1_55,1_1,4,0.27348150014954475
00847-bCPU9suPUw9,hovsg,281,lid,0_2_84,0_2,5,0.27157965308911075
00847-bCPU9suPUw9,hovsg,282,light,1_4_241,1_4,1,0.25608661327748417
00847-bCPU9suPUw9,hovsg,282,light,1_4_128,1_4,2,0.25380989949285615
00847-bCPU9suPUw9,hovsg,282,light,0_0_6,0_0,3,0.2537330954977256
00847-bCPU9suPUw9,hovsg,282,light,1_2_7,1_2,4,0.24919873246654928
00847-bCPU9suPUw9,hovsg,282,light,1_4_55,1_4,5,0.24874897701193288
00847-bCPU9suPUw9,hovsg,283,lighter,1_4_328,1_4,1,0.27398442172807136
00847-bCPU9suPUw9,hovsg,283,lighter,1_3_4,1_3,2,0.2677258815837851
00847-bCPU9suPUw9,hovsg,283,lighter,1_4_283,1_4,3,0.26726937092377656
00847-bCPU9suPUw9,hovsg,283,lighter,0_2_134,0_2,4,0.2671930336268388
00847-bCPU9suPUw9,hovsg,283,lighter,1_4_226,1_4,5,0.26715632045697757
00847-bCPU9suPUw9,hovsg,284,liquid,0_0_141,0_0,1,0.2121521852279643
00847-bCPU9suPUw9,hovsg,285,locker,1_4_278,1_4,1,0.2845343119872734
00847-bCPU9suPUw9,hovsg,285,locker,1_4_279,1_4,2,0.27823977557483254
00847-bCPU9suPUw9,hovsg,285,locker,1_4_156,1_4,3,0.2769282938014464
00847-bCPU9suPUw9,hovsg,285,locker,0_2_245,0_2,4,0.27339109201345757
00847-bCPU9suPUw9,hovsg,285,locker,0_2_327,0_2,5,0.2733728529941565
00847-bCPU9suPUw9,hovsg,286,machine,0_0_204,0_0,1,0.2457504569713965
00847-bCPU9suPUw9,hovsg,286,machine,0_0_210,0_0,2,0.24498696048355723
00847-bCPU9suPUw9,hovsg,286,machine,0_0_195,0_0,3,0.24193134885971718
00847-bCPU9suPUw9,hovsg,286,machine,1_4_36,1_4,4,0.2408314949281305
00847-bCPU9suPUw9,hovsg,286,machine,0_0_255,0_0,5,0.23857269613869353
00847-bCPU9suPUw9,hovsg,287,mailbox,1_4_209,1_4,1,0.27182090859657787
00847-bCPU9suPUw9,hovsg,287,mailbox,0_2_88,0_2,2,0.2676596738659087
00847-bCPU9suPUw9,hovsg,287,mailbox,1_3_4,1_3,3,0.2653853939247076
00847-bCPU9suPUw9,hovsg,287,mailbox,0_2_134,0_2,4,0.2623045415854754
00847-bCPU9suPUw9,hovsg,287,mailbox,0_2_84,0_2,5,0.2596975480153225
00847-bCPU9suPUw9,hovsg,288,mannequin,0_0_121,0_0,1,0.23789083050774304
00847-bCPU9suPUw9,hovsg,288,mannequin,1_4_327,1_4,2,0.21686480878283573
00847-bCPU9suPUw9,hovsg,288,mannequin,1_4_233,1_4,3,0.2139730415686585
00847-bCPU9suPUw9,hovsg,289,map,1_0_3,1_0,1,0.2566875058584055
00847-bCPU9suPUw9,hovsg,289,map,1_4_162,1_4,2,0.255921626224031
00847-bCPU9suPUw9,hovsg,289,map,0_0_238,0_0,3,0.2437562323127042
00847-bCPU9suPUw9,hovsg,289,map,1_4_174,1_4,4,0.2436691509593062
00847-bCPU9suPUw9,hovsg,289,map,1_1_45,1_1,5,0.2419214155948526
00847-bCPU9suPUw9,hovsg,290,mascot,0_0_141,0_0,1,0.19862436979793646
00847-bCPU9suPUw9,hovsg,291,massage bed,1_3_2,1_3,1,0.2572484205875917
00847-bCPU9suPUw9,hovsg,291,massage bed,1_3_36,1_3,2,0.2557045128586512
00847-bCPU9suPUw9,hovsg,291,massage bed,1_3_63,1_3,3,0.2552549372864651
00847-bCPU9suPUw9,hovsg,291,massage bed,1_4_20,1_4,4,0.25341134545023336
00847-bCPU9suPUw9,hovsg,291,massage bed,1_3_62,1_3,5,0.2509236188922874
00847-bCPU9suPUw9,hovsg,292,material,0_0_286,0_0,1,0.2663481643702156
00847-bCPU9suPUw9,hovsg,292,material,0_1_58,0_1,2,0.2661186514132869
00847-bCPU9suPUw9,hovsg,292,material,1_3_4,1_3,3,0.26552957256195464
00847-bCPU9suPUw9,hovsg,292,material,0_0_264,0_0,4,0.26509399627510566
00847-bCPU9suPUw9,hovsg,292,material,0_2_69,0_2,5,0.2650501593565432
00847-bCPU9suPUw9,hovsg,293,measuring tape,1_2_53,1_2,1,0.22260799180404955
00847-bCPU9suPUw9,hovsg,294,medical lamp,1_4_148,1_4,1,0.2668318506802639
00847-bCPU9suPUw9,hovsg,294,medical lamp,1_2_7,1_2,2,0.2547213437510212
00847-bCPU9suPUw9,hovsg,294,medical lamp,0_0_49,0_0,3,0.25404814185849967
00847-bCPU9suPUw9,hovsg,294,medical lamp,1_4_241,1_4,4,0.2500911214636523
00847-bCPU9suPUw9,hovsg,294,medical lamp,1_4_55,1_4,5,0.24614150246686015
00847-bCPU9suPUw9,hovsg,295,medical object,1_3_56,1_3,1,0.19779382685696623
00847-bCPU9suPUw9,hovsg,296,menu,0_0_95,0_0,1,0.24117938365330513
00847-bCPU9suPUw9,hovsg,296,menu,0_0_20,0_0,2,0.2342503555841452
00847-bCPU9suPUw9,hovsg,296,menu,0_0_102,0_0,3,0.22016004111492823
00847-bCPU9suPUw9,hovsg,296,menu,1_2_7,1_2,4,0.2046052238932276
00847-bCPU9suPUw9,hovsg,296,menu,0_0_141,0_0,5,0.20333133039933737
00847-bCPU9suPUw9,hovsg,297,meshwork,1_4_327,1_4,1,0.2774746285542581
00847-bCPU9suPUw9,hovsg,297,meshwork,0_1_28,0_1,2,0.272942391188112
00847-bCPU9suPUw9,hovsg,297,meshwork,0_2_350,0_2,3,0.27183049948663474
00847-bCPU9suPUw9,hovsg,297,meshwork,0_1_1,0_1,4,0.27104901072898313
00847-bCPU9suPUw9,hovsg,297,meshwork,0_2_76,0_2,5,0.27103815127200226
00847-bCPU9suPUw9,hovsg,298,meter,1_4_155,1_4,1,0.2636580864098621
00847-bCPU9suPUw9,hovsg,298,meter,1_4_36,1_4,2,0.2551108353455641
00847-bCPU9suPUw9,hovsg,298,meter,1_4_39,1_4,3,0.25408737118054403
00847-bCPU9suPUw9,hovsg,298,meter,1_4_226,1_4,4,0.25398439393834216
00847-bCPU9suPUw9,hovsg,298,meter,1_4_156,1_4,5,0.25004276490983157
00847-bCPU9suPUw9,hovsg,299,microphone,1_4_155,1_4,1,0.23427054410848802
00847-bCPU9suPUw9,hovsg,299,microphone,0_2_292,0_2,2,0.22537732686249926
00847-bCPU9suPUw9,hovsg,299,microphone,1_2_7,1_2,3,0.20692956248564398
00847-bCPU9suPUw9,hovsg,299,microphone,0_0_49,0_0,4,0.20510887804554878
00847-bCPU9suPUw9,hovsg,300,microphone accessory,1_4_155,1_4,1,0.22786813344378834
00847-bCPU9suPUw9,hovsg,300,microphone accessory,0_2_292,0_2,2,0.2120575252705454
00847-bCPU9suPUw9,hovsg,301,microwave,0_0_195,0_0,1,0.34982646135235407
00847-bCPU9suPUw9,hovsg,301,microwave,0_0_204,0_0,2,0.34891249362286936
00847-bCPU9suPUw9,hovsg,301,microwave,0_0_210,0_0,3,0.3470323238552545
00847-bCPU9suPUw9,hovsg,301,microwave,0_0_166,0_0,4,0.3381197739700649
00847-bCPU9suPUw9,hovsg,301,microwave,0_0_252,0_0,5,0.33613814493988864
00847-bCPU9suPUw9,hovsg,302,mirror,1_4_27,1_4,1,0.31042104126945025
00847-bCPU9suPUw9,hovsg,302,mirror,1_4_287,1_4,2,0.3077126548029245
00847-bCPU9suPUw9,hovsg,302,mirror,1_4_39,1_4,3,0.3011907420506685
00847-bCPU9suPUw9,hovsg,302,mirror,1_4_36,1_4,4,0.29547506822645475
00847-bCPU9suPUw9,hovsg,302,mirror,1_4_226,1_4,5,0.29451938242550174
00847-bCPU9suPUw9,hovsg,303,model,0_2_100,0_2,1,0.2710738187448043
00847-bCPU9suPUw9,hovsg,303,model,1_4_17,1_4,2,0.26498320256146385
00847-bCPU9suPUw9,hovsg,303,model,0_2_134,0_2,3,0.2645457964530846
00847-bCPU9suPUw9,hovsg,303,model,0_2_247,0_2,4,0.2619642295250937
00847-bCPU9suPUw9,hovsg,303,model,0_0_198,0_0,5,0.2613371035348421
00847-bCPU9suPUw9,hovsg,304,modem,1_3_60,1_3,1,0.2454014623711167
00847-bCPU9suPUw9,hovsg,304,modem,1_1_55,1_1,2,0.243145453123434
00847-bCPU9suPUw9,hovsg,304,modem,0_2_343,0_2,3,0.23832531276179747
00847-bCPU9suPUw9,hovsg,304,modem,1_3_49,1_3,4,0.2360092657954889
00847-bCPU9suPUw9,hovsg,304,modem,0_0_95,0_0,5,0.2337063374908248
00847-bCPU9suPUw9,hovsg,305,mop,0_0_95,0_0,1,0.27909163770581225
00847-bCPU9suPUw9,hovsg,305,mop,1_1_52,1_1,2,0.27838252143673353
00847-bCPU9suPUw9,hovsg,305,mop,0_0_85,0_0,3,0.2724605777194451
00847-bCPU9suPUw9,hovsg,305,mop,0_0_92,0_0,4,0.2717794517241778
00847-bCPU9suPUw9,hovsg,305,mop,0_0_91,0_0,5,0.2715998898967569
00847-bCPU9suPUw9,hovsg,306,mortar,0_0_211,0_0,1,0.3019467525596535
00847-bCPU9suPUw9,hovsg,306,mortar,0_0_212,0_0,2,0.28737339656779326
00847-bCPU9suPUw9,hovsg,306,mortar,0_2_292,0_2,3,0.2742147215564271
00847-bCPU9suPUw9,hovsg,306,mortar,1_4_165,1_4,4,0.27317580225773574
00847-bCPU9suPUw9,hovsg,306,mortar,0_0_117,0_0,5,0.27218760539211284
00847-bCPU9suPUw9,hovsg,307,motorcycle,0_0_121,0_0,1,0.2102842580251289
00847-bCPU9suPUw9,hovsg,307,motorcycle,0_0_212,0_0,2,0.2076970355402239
00847-bCPU9suPUw9,hovsg,307,motorcycle,0_1_21,0_1,3,0.20145851380637023
00847-bCPU9suPUw9,hovsg,307,motorcycle,1_4_165,1_4,4,0.2008938729287656
00847-bCPU9suPUw9,hovsg,307,motorcycle,1_2_58,1_2,5,0.20082712044208062
00847-bCPU9suPUw9,hovsg,308,music equipment,1_3_49,1_3,1,0.19932873906112333
00847-bCPU9suPUw9,hovsg,308,music equipment,1_4_155,1_4,2,0.19285565270493837
00847-bCPU9suPUw9,hovsg,308,music equipment,1_1_65,1_1,3,0.19111269415639315
00847-bCPU9suPUw9,hovsg,308,music equipment,0_1_21,0_1,4,0.19062240840982195
00847-bCPU9suPUw9,hovsg,308,music equipment,1_1_82,1_1,5,0.19047394865905756
00847-bCPU9suPUw9,hovsg,309,napkin,0_0_107,0_0,1,0.2814883632787881
00847-bCPU9suPUw9,hovsg,309,napkin,1_4_33,1_4,2,0.2787300342532012
00847-bCPU9suPUw9,hovsg,309,napkin,1_3_13,1_3,3,0.2722050001248701
00847-bCPU9suPUw9,hovsg,309,napkin,0_0_205,0_0,4,0.2690594291339618
00847-bCPU9suPUw9,hovsg,309,napkin,0_0_95,0_0,5,0.2683507497855569
00847-bCPU9suPUw9,hovsg,310,nightstand,1_4_250,1_4,1,0.3453874244572118
00847-bCPU9suPUw9,hovsg,310,nightstand,1_4_6,1_4,2,0.3453674096268921
00847-bCPU9suPUw9,hovsg,310,nightstand,1_4_12,1_4,3,0.3418472739754992
00847-bCPU9suPUw9,hovsg,310,nightstand,1_4_11,1_4,4,0.31450744899037597
00847-bCPU9suPUw9,hovsg,310,nightstand,1_4_3,1_4,5,0.30578061842342774
00847-bCPU9suPUw9,hovsg,311,oar,1_2_53,1_2,1,0.2778611373444976
00847-bCPU9suPUw9,hovsg,311,oar,0_2_166,0_2,2,0.27418867830694726
00847-bCPU9suPUw9,hovsg,311,oar,0_2_36,0_2,3,0.2723021410447918
00847-bCPU9suPUw9,hovsg,311,oar,0_2_76,0_2,4,0.2720901919799301
00847-bCPU9suPUw9,hovsg,311,oar,1_2_3,1_2,5,0.2718886372986164
00847-bCPU9suPUw9,hovsg,312,object,0_0_4,0_0,1,0.2718174275817754
00847-bCPU9suPUw9,hovsg,312,object,1_4_3,1_4,2,0.268406565315207
00847-bCPU9suPUw9,hovsg,312,object,0_1_23,0_1,3,0.2665620550413105
00847-bCPU9suPUw9,hovsg,312,object,0_1_58,0_1,4,0.2663528182231909
00847-bCPU9suPUw9,hovsg,312,object,0_1_13,0_1,5,0.2660799652294092
00847-bCPU9suPUw9,hovsg,313,objects,0_1_28,0_1,1,0.24689614493781767
00847-bCPU9suPUw9,hovsg,313,objects,0_1_23,0_1,2,0.2430795846162198
00847-bCPU9suPUw9,hovsg,313,objects,0_0_121,0_0,3,0.24160561820073062
00847-bCPU9suPUw9,hovsg,313,objects,0_0_235,0_0,4,0.23922610574441205
00847-bCPU9suPUw9,hovsg,313,objects,0_0_205,0_0,5,0.2308042833554193
00847-bCPU9suPUw9,hovsg,314,outlet,1_4_152,1_4,1,0.3053345036286673
00847-bCPU9suPUw9,hovsg,314,outlet,0_2_230,0_2,2,0.2907818496341693
00847-bCPU9suPUw9,hovsg,314,outlet,0_0_119,0_0,3,0.28776694068102643
00847-bCPU9suPUw9,hovsg,314,outlet,1_3_72,1_3,4,0.2833932027052678
00847-bCPU9suPUw9,hovsg,314,outlet,0_0_36,0_0,5,0.27818955789784683
00847-bCPU9suPUw9,hovsg,315,oven,0_0_210,0_0,1,0.3195292744873239
00847-bCPU9suPUw9,hovsg,315,oven,0_0_204,0_0,2,0.31664672890954887
00847-bCPU9suPUw9,hovsg,315,oven,0_0_195,0_0,3,0.3163502926361471
00847-bCPU9suPUw9,hovsg,315,oven,0_0_166,0_0,4,0.3132229419695952
00847-bCPU9suPUw9,hovsg,315,oven,0_0_252,0_0,5,0.31077978567551406
00847-bCPU9suPUw9,hovsg,316,overhang,1_4_283,1_4,1,0.30275252107858625
00847-bCPU9suPUw9,hovsg,316,overhang,0_2_296,0_2,2,0.30036965983645136
00847-bCPU9suPUw9,hovsg,316,overhang,0_2_350,0_2,3,0.2996340498834895
00847-bCPU9suPUw9,hovsg,316,overhang,0_0_280,0_0,4,0.2980492399584661
00847-bCPU9suPUw9,hovsg,316,overhang,1_3_5,1_3,5,0.29721429208182804
00847-bCPU9suPUw9,hovsg,317,pad,0_0_95,0_0,1,0.27520594450185853
00847-bCPU9suPUw9,hovsg,317,pad,0_0_94,0_0,2,0.2730701013905776
00847-bCPU9suPUw9,hovsg,317,pad,0_0_85,0_0,3,0.27223152084151747
00847-bCPU9suPUw9,hovsg,317,pad,0_0_115,0_0,4,0.2679557808094831
00847-bCPU9suPUw9,hovsg,317,pad,0_0_92,0_0,5,0.26741610146569694
00847-bCPU9suPUw9,hovsg,318,painting stuff,0_1_58,0_1,1,0.290114539294036
00847-bCPU9suPUw9,hovsg,318,painting stuff,0_1_21,0_1,2,0.2840596838690885
00847-bCPU9suPUw9,hovsg,318,painting stuff,1_4_333,1_4,3,0.28265108506168085
00847-bCPU9suPUw9,hovsg,318,painting stuff,0_2_136,0_2,4,0.2811611948095419
00847-bCPU9suPUw9,hovsg,318,painting stuff,1_4_330,1_4,5,0.28097737294406955
00847-bCPU9suPUw9,hovsg,319,pan,0_0_249,0_0,1,0.298816558757811
00847-bCPU9suPUw9,hovsg,319,pan,0_0_206,0_0,2,0.2970017394818011
00847-bCPU9suPUw9,hovsg,319,pan,0_0_173,0_0,3,0.2964463676674793
00847-bCPU9suPUw9,hovsg,319,pan,0_0_259,0_0,4,0.2960659446676963
00847-bCPU9suPUw9,hovsg,319,pan,0_0_202,0_0,5,0.2959111209887084
00847-bCPU9suPUw9,hovsg,320,panel,1_1_65,1_1,1,0.2735633974755508
00847-bCPU9suPUw9,hovsg,320,panel,0_2_105,0_2,2,0.27310889752937983
00847-bCPU9suPUw9,hovsg,320,panel,1_3_72,1_3,3,0.27180279844320665
00847-bCPU9suPUw9,hovsg,320,panel,0_2_256,0_2,4,0.2703053961461639
00847-bCPU9suPUw9,hovsg,320,panel,0_2_92,0_2,5,0.2700555578400379
00847-bCPU9suPUw9,hovsg,321,pantry,1_4_279,1_4,1,0.272799168878109
00847-bCPU9suPUw9,hovsg,321,pantry,0_0_162,0_0,2,0.26814405004846587
00847-bCPU9suPUw9,hovsg,321,pantry,0_2_247,0_2,3,0.26577955658979613
00847-bCPU9suPUw9,hovsg,321,pantry,0_0_258,0_0,4,0.265268741089159
00847-bCPU9suPUw9,hovsg,321,pantry,0_0_165,0_0,5,0.2651822646802011
00847-bCPU9suPUw9,hovsg,322,paper holder,0_0_107,0_0,1,0.30013294209951685
00847-bCPU9suPUw9,hovsg,322,paper holder,1_1_55,1_1,2,0.2910992775664449
00847-bCPU9suPUw9,hovsg,322,paper holder,1_3_4,1_3,3,0.29050521447749217
00847-bCPU9suPUw9,hovsg,322,paper holder,1_0_48,1_0,4,0.28321647110084325
00847-bCPU9suPUw9,hovsg,322,paper holder,1_4_312,1_4,5,0.2826256342077698
00847-bCPU9suPUw9,hovsg,323,paper storage,1_1_55,1_1,1,0.30502606045358893
00847-bCPU9suPUw9,hovsg,323,paper storage,1_1_15,1_1,2,0.30233999338693046
00847-bCPU9suPUw9,hovsg,323,paper storage,1_4_331,1_4,3,0.28032869249199
00847-bCPU9suPUw9,hovsg,323,paper storage,1_3_8,1_3,4,0.2689754949280224
00847-bCPU9suPUw9,hovsg,323,paper storage,1_3_58,1_3,5,0.2674903111567765
00847-bCPU9suPUw9,hovsg,324,paper towel,0_0_203,0_0,1,0.32999074940029516
00847-bCPU9suPUw9,hovsg,324,paper towel,0_0_107,0_0,2,0.32318405938766664
00847-bCPU9suPUw9,hovsg,324,paper towel,0_0_205,0_0,3,0.2962993956611131
00847-bCPU9suPUw9,hovsg,324,paper towel,1_4_162,1_4,4,0.2932682533364854
00847-bCPU9suPUw9,hovsg,324,paper towel,0_0_95,0_0,5,0.2921963786581036
00847-bCPU9suPUw9,hovsg,325,parapet,0_0_280,0_0,1,0.28622661908718167
00847-bCPU9suPUw9,hovsg,325,parapet,1_4_214,1_4,2,0.2849003688022028
00847-bCPU9suPUw9,hovsg,325,parapet,0_0_56,0_0,3,0.2835558575280135
00847-bCPU9suPUw9,hovsg,325,parapet,1_4_242,1_4,4,0.2820861536617832
00847-bCPU9suPUw9,hovsg,325,parapet,0_2_306,0_2,5,0.27981103757374237
00847-bCPU9suPUw9,hovsg,326,partial,1_4_27,1_4,1,0.28602810586766564
00847-bCPU9suPUw9,hovsg,326,partial,1_4_287,1_4,2,0.2857848218637441
00847-bCPU9suPUw9,hovsg,326,partial,1_4_39,1_4,3,0.2844804025490798
00847-bCPU9suPUw9,hovsg,326,partial,1_2_51,1_2,4,0.28235484081792583
00847-bCPU9suPUw9,hovsg,326,partial,1_4_226,1_4,5,0.27993075964418
00847-bCPU9suPUw9,hovsg,327,pavement,0_0_164,0_0,1,0.25312131211910777
00847-bCPU9suPUw9,hovsg,327,pavement,0_0_13,0_0,2,0.2529819647107736
00847-bCPU9suPUw9,hovsg,327,pavement,0_0_159,0_0,3,0.2526440926755277
00847-bCPU9suPUw9,hovsg,327,pavement,0_0_21,0_0,4,0.2525506422950697
00847-bCPU9suPUw9,hovsg,327,pavement,0_0_179,0_0,5,0.2506012824899612
00847-bCPU9suPUw9,hovsg,328,pedestal,0_2_236,0_2,1,0.2916701889959062
00847-bCPU9suPUw9,hovsg,328,pedestal,1_4_3,1_4,2,0.28975363405556953
00847-bCPU9suPUw9,hovsg,328,pedestal,1_4_38,1_4,3,0.28541285936121735
00847-bCPU9suPUw9,hovsg,328,pedestal,0_2_88,0_2,4,0.2839826391387623
00847-bCPU9suPUw9,hovsg,328,pedestal,0_0_4,0_0,5,0.2822669922794561
00847-bCPU9suPUw9,hovsg,329,pen,1_4_179,1_4,1,0.24146310720730668
00847-bCPU9suPUw9,hovsg,329,pen,1_2_53,1_2,2,0.2341388358295379
00847-bCPU9suPUw9,hovsg,329,pen,1_3_74,1_3,3,0.23278303416753632
00847-bCPU9suPUw9,hovsg,329,pen,0_2_36,0_2,4,0.2317088999655624
00847-bCPU9suPUw9,hovsg,329,pen,0_2_275,0_2,5,0.22610497276042846
00847-bCPU9suPUw9,hovsg,330,pendant,0_0_49,0_0,1,0.2719691844357704
00847-bCPU9suPUw9,hovsg,330,pendant,1_2_7,1_2,2,0.2662995258973848
00847-bCPU9suPUw9,hovsg,330,pendant,1_4_55,1_4,3,0.2646591502794248
00847-bCPU9suPUw9,hovsg,330,pendant,1_4_145,1_4,4,0.26428470900505036
00847-bCPU9suPUw9,hovsg,330,pendant,1_4_148,1_4,5,0.25700527137442747
00847-bCPU9suPUw9,hovsg,331,pet bed,1_1_26,1_1,1,0.289292389530421
00847-bCPU9suPUw9,hovsg,331,pet bed,1_1_48,1_1,2,0.2876812378373162
00847-bCPU9suPUw9,hovsg,331,pet bed,1_1_25,1_1,3,0.28664820301967664
00847-bCPU9suPUw9,hovsg,331,pet bed,1_1_36,1_1,4,0.28659305097748067
00847-bCPU9suPUw9,hovsg,331,pet bed,1_1_70,1_1,5,0.2854111899194436
00847-bCPU9suPUw9,hovsg,332,pet bowl,0_0_211,0_0,1,0.25512751927330557
00847-bCPU9suPUw9,hovsg,332,pet bowl,0_0_212,0_0,2,0.24753484369105105
00847-bCPU9suPUw9,hovsg,332,pet bowl,0_0_20,0_0,3,0.24656122521796534
00847-bCPU9suPUw9,hovsg,332,pet bowl,0_1_35,0_1,4,0.2459481773105829
00847-bCPU9suPUw9,hovsg,332,pet bowl,1_4_359,1_4,5,0.24231398392741774
00847-bCPU9suPUw9,hovsg,333,phone,1_4_226,1_4,1,0.2580619637037257
00847-bCPU9suPUw9,hovsg,333,phone,1_4_36,1_4,2,0.25760489003789383
00847-bCPU9suPUw9,hovsg,333,phone,1_4_39,1_4,3,0.2575315042810318
00847-bCPU9suPUw9,hovsg,333,phone,1_4_27,1_4,4,0.2561540333173862
00847-bCPU9suPUw9,hovsg,333,phone,1_4_278,1_4,5,0.25331172252642714
00847-bCPU9suPUw9,hovsg,334,photo mount,0_2_187,0_2,1,0.26520446808462617
00847-bCPU9suPUw9,hovsg,334,photo mount,1_1_18,1_1,2,0.2597889617356977
00847-bCPU9suPUw9,hovsg,334,photo mount,1_1_72,1_1,3,0.2591143270864378
00847-bCPU9suPUw9,hovsg,334,photo mount,1_1_0,1_1,4,0.2562508164220949
00847-bCPU9suPUw9,hovsg,334,photo mount,1_1_21,1_1,5,0.25622423059978905
00847-bCPU9suPUw9,hovsg,335,photo stand,1_4_279,1_4,1,0.24827327809406363
00847-bCPU9suPUw9,hovsg,335,photo stand,0_2_90,0_2,2,0.24453003402377665
00847-bCPU9suPUw9,hovsg,335,photo stand,1_4_156,1_4,3,0.243204907030233
00847-bCPU9suPUw9,hovsg,335,photo stand,1_4_155,1_4,4,0.2406354480034782
00847-bCPU9suPUw9,hovsg,335,photo stand,1_4_18,1_4,5,0.2397820139483588
00847-bCPU9suPUw9,hovsg,336,piano,1_4_283,1_4,1,0.27025741143356297
00847-bCPU9suPUw9,hovsg,336,piano,1_4_209,1_4,2,0.26708468577856537
00847-bCPU9suPUw9,hovsg,336,piano,0_1_23,0_1,3,0.26040066682289836
00847-bCPU9suPUw9,hovsg,336,piano,1_2_58,1_2,4,0.25921028975890326
00847-bCPU9suPUw9,hovsg,336,piano,0_2_136,0_2,5,0.25830864050884506
00847-bCPU9suPUw9,hovsg,337,pillow,1_4_4,1_4,1,0.3401155241838009
00847-bCPU9suPUw9,hovsg,337,pillow,0_2_59,0_2,2,0.2952098400791515
00847-bCPU9suPUw9,hovsg,337,pillow,1_4_0,1_4,3,0.2938619980739364
00847-bCPU9suPUw9,hovsg,337,pillow,0_2_20,0_2,4,0.2888912189864919
00847-bCPU9suPUw9,hovsg,337,pillow,1_4_270,1_4,5,0.28775828942182735
00847-bCPU9suPUw9,hovsg,338,pitchfork,1_3_13,1_3,1,0.21710494909976188
00847-bCPU9suPUw9,hovsg,339,place mat,0_1_0,0_1,1,0.2611324164096712
00847-bCPU9suPUw9,hovsg,339,place mat,0_1_33,0_1,2,0.2605603767401174
00847-bCPU9suPUw9,hovsg,339,place mat,0_1_55,0_1,3,0.2573234188555924
00847-bCPU9suPUw9,hovsg,339,place mat,0_1_28,0_1,4,0.2511866267332711
00847-bCPU9suPUw9,hovsg,339,place mat,0_0_94,0_0,5,0.24298499323030015
00847-bCPU9suPUw9,hovsg,340,plane,0_2_123,0_2,1,0.2270771909967521
00847-bCPU9suPUw9,hovsg,340,plane,1_3_7,1_3,2,0.22512452879171962
00847-bCPU9suPUw9,hovsg,340,plane,1_3_16,1_3,3,0.22495738011115074
00847-bCPU9suPUw9,hovsg,340,plane,0_2_120,0_2,4,0.22407020368790911
00847-bCPU9suPUw9,hovsg,340,plane,0_2_116,0_2,5,0.22344236818756366
00847-bCPU9suPUw9,hovsg,341,plank,1_1_52,1_1,1,0.3144238275214075
00847-bCPU9suPUw9,hovsg,341,plank,0_2_94,0_2,2,0.3099866740061162
00847-bCPU9suPUw9,hovsg,341,plank,1_4_59,1_4,3,0.3068738672536542
00847-bCPU9suPUw9,hovsg,341,plank,0_1_14,0_1,4,0.3051163792769569
00847-bCPU9suPUw9,hovsg,341,plank,1_4_370,1_4,5,0.30293435064182617
00847-bCPU9suPUw9,hovsg,342,plant,0_2_30,0_2,1,0.2505054995541216
00847-bCPU9suPUw9,hovsg,342,plant,1_3_13,1_3,2,0.24377395344756186
00847-bCPU9suPUw9,hovsg,342,plant,0_0_211,0_0,3,0.2435213321647741
00847-bCPU9suPUw9,hovsg,342,plant,1_4_11,1_4,4,0.24036476213306635
00847-bCPU9suPUw9,hovsg,342,plant,0_2_292,0_2,5,0.2402953522394926
00847-bCPU9suPUw9,hovsg,343,plant ornament,0_2_30,0_2,1,0.24685956550480992
00847-bCPU9suPUw9,hovsg,343,plant ornament,0_2_292,0_2,2,0.2141452361066864
00847-bCPU9suPUw9,hovsg,344,platform,0_2_108,0_2,1,0.2600718036974219
00847-bCPU9suPUw9,hovsg,344,platform,0_2_101,0_2,2,0.25331877376804135
00847-bCPU9suPUw9,hovsg,344,platform,0_0_4,0_0,3,0.2531918068440825
00847-bCPU9suPUw9,hovsg,344,platform,0_2_83,0_2,4,0.25303938718382457
00847-bCPU9suPUw9,hovsg,344,platform,1_4_40,1_4,5,0.24591138445480662
00847-bCPU9suPUw9,hovsg,345,playpen,1_1_48,1_1,1,0.24959884707686875
00847-bCPU9suPUw9,hovsg,345,playpen,1_1_47,1_1,2,0.248951717918019
00847-bCPU9suPUw9,hovsg,345,playpen,1_1_25,1_1,3,0.24349809471531475
00847-bCPU9suPUw9,hovsg,345,playpen,1_1_19,1_1,4,0.24155293151511759
00847-bCPU9suPUw9,hovsg,345,playpen,1_1_24,1_1,5,0.24122939256834885
00847-bCPU9suPUw9,hovsg,346,plenum box,1_3_50,1_3,1,0.31618132815860167
00847-bCPU9suPUw9,hovsg,346,plenum box,1_3_56,1_3,2,0.30665356291026613
00847-bCPU9suPUw9,hovsg,346,plenum box,1_3_54,1_3,3,0.30145870413445863
00847-bCPU9suPUw9,hovsg,346,plenum box,1_3_5,1_3,4,0.2992518807169988
00847-bCPU9suPUw9,hovsg,346,plenum box,1_3_4,1_3,5,0.2921930255337222
00847-bCPU9suPUw9,hovsg,347,pliers,1_0_43,1_0,1,0.2474120782112943
00847-bCPU9suPUw9,hovsg,347,pliers,1_2_67,1_2,2,0.24347670965813756
00847-bCPU9suPUw9,hovsg,347,pliers,0_2_117,0_2,3,0.23988111181111854
00847-bCPU9suPUw9,hovsg,347,pliers,1_4_85,1_4,4,0.23804729887405313
00847-bCPU9suPUw9,hovsg,347,pliers,0_2_56,0_2,5,0.23379235933068176
00847-bCPU9suPUw9,hovsg,348,plumbing,1_4_173,1_4,1,0.28657034718988134
00847-bCPU9suPUw9,hovsg,348,plumbing,1_4_318,1_4,2,0.2859274244191571
00847-bCPU9suPUw9,hovsg,348,plumbing,1_4_168,1_4,3,0.282888855185778
00847-bCPU9suPUw9,hovsg,348,plumbing,1_4_349,1_4,4,0.2815963191449524
00847-bCPU9suPUw9,hovsg,348,plumbing,1_0_7,1_0,5,0.2797477075267735
00847-bCPU9suPUw9,hovsg,349,plunger,0_0_87,0_0,1,0.2772783113902726
00847-bCPU9suPUw9,hovsg,349,plunger,1_0_7,1_0,2,0.2742332710304002
00847-bCPU9suPUw9,hovsg,349,plunger,0_0_112,0_0,3,0.2731393364536693
00847-bCPU9suPUw9,hovsg,349,plunger,1_4_359,1_4,4,0.2718733285362504
00847-bCPU9suPUw9,hovsg,349,plunger,0_0_10,0_0,5,0.2635269846688463
00847-bCPU9suPUw9,hovsg,350,podium,0_2_88,0_2,1,0.2616614019440473
00847-bCPU9suPUw9,hovsg,350,podium,1_3_4,1_3,2,0.2587151582300772
00847-bCPU9suPUw9,hovsg,350,podium,1_4_38,1_4,3,0.25742676782915247
00847-bCPU9suPUw9,hovsg,350,podium,1_4_209,1_4,4,0.2571213885005058
00847-bCPU9suPUw9,hovsg,350,podium,0_2_134,0_2,5,0.25707310462354765
00847-bCPU9suPUw9,hovsg,351,pole,1_1_49,1_1,1,0.28286757711085336
00847-bCPU9suPUw9,hovsg,351,pole,0_2_76,0_2,2,0.2691498828381864
00847-bCPU9suPUw9,hovsg,351,pole,1_4_23,1_4,3,0.26543803347719974
00847-bCPU9suPUw9,hovsg,351,pole,0_2_298,0_2,4,0.26270736101083786
00847-bCPU9suPUw9,hovsg,351,pole,0_2_247,0_2,5,0.2612381619141069
00847-bCPU9suPUw9,hovsg,352,pool,1_1_45,1_1,1,0.2455158293116163
00847-bCPU9suPUw9,hovsg,352,pool,0_1_35,0_1,2,0.24389374246727957
00847-bCPU9suPUw9,hovsg,352,pool,0_1_52,0_1,3,0.23856352718809692
00847-bCPU9suPUw9,hovsg,352,pool,1_1_22,1_1,4,0.23205962354527865
00847-bCPU9suPUw9,hovsg,352,pool,1_1_33,1_1,5,0.22765612265063623
00847-bCPU9suPUw9,hovsg,353,pool table,1_4_81,1_4,1,0.18591227105544295
00847-bCPU9suPUw9,hovsg,354,porcelain,0_1_34,0_1,1,0.2744573125931504
00847-bCPU9suPUw9,hovsg,354,porcelain,1_4_162,1_4,2,0.27293856954109713
00847-bCPU9suPUw9,hovsg,354,porcelain,1_4_326,1_4,3,0.2677356676571546
00847-bCPU9suPUw9,hovsg,354,porcelain,1_3_13,1_3,4,0.266990159902981
00847-bCPU9suPUw9,hovsg,354,porcelain,0_1_37,0_1,5,0.2668580829504385
00847-bCPU9suPUw9,hovsg,355,poster,1_2_19,1_2,1,0.251547205210706
00847-bCPU9suPUw9,hovsg,355,poster,1_1_82,1_1,2,0.24787102279981388
00847-bCPU9suPUw9,hovsg,355,poster,1_2_15,1_2,3,0.24729412114260046
00847-bCPU9suPUw9,hovsg,355,poster,1_0_48,1_0,4,0.2420297121570498
00847-bCPU9suPUw9,hovsg,355,poster,1_4_369,1_4,5,0.2414376305696443
00847-bCPU9suPUw9,hovsg,356,pot,0_0_211,0_0,1,0.2784651621601728
00847-bCPU9suPUw9,hovsg,356,pot,0_0_212,0_0,2,0.2642525523632155
00847-bCPU9suPUw9,hovsg,356,pot,0_1_35,0_1,3,0.26307360048959727
00847-bCPU9suPUw9,hovsg,356,pot,0_0_202,0_0,4,0.2607523309338247
00847-bCPU9suPUw9,hovsg,356,pot,0_0_206,0_0,5,0.26065668449646334
00847-bCPU9suPUw9,hovsg,357,pot lid,0_0_49,0_0,1,0.2989965255531406
00847-bCPU9suPUw9,hovsg,357,pot lid,0_0_206,0_0,2,0.2830462697054634
00847-bCPU9suPUw9,hovsg,357,pot lid,0_0_202,0_0,3,0.2791077511765131
00847-bCPU9suPUw9,hovsg,357,pot lid,0_0_173,0_0,4,0.27749623668944
00847-bCPU9suPUw9,hovsg,357,pot lid,0_0_259,0_0,5,0.2765013371121523
00847-bCPU9suPUw9,hovsg,358,pouches,0_0_205,0_0,1,0.2637064727061565
00847-bCPU9suPUw9,hovsg,358,pouches,1_3_4,1_3,2,0.2623460072083365
00847-bCPU9suPUw9,hovsg,358,pouches,1_1_47,1_1,3,0.2554091693326598
00847-bCPU9suPUw9,hovsg,358,pouches,0_0_211,0_0,4,0.251944483515433
00847-bCPU9suPUw9,hovsg,358,pouches,0_2_25,0_2,5,0.2490097180730003
00847-bCPU9suPUw9,hovsg,359,press,1_4_327,1_4,1,0.22364084119097571
00847-bCPU9suPUw9,hovsg,359,press,0_0_211,0_0,2,0.22358862010214903
00847-bCPU9suPUw9,hovsg,359,press,0_0_184,0_0,3,0.21653335418992126
00847-bCPU9suPUw9,hovsg,359,press,1_2_7,1_2,4,0.2071127455151336
00847-bCPU9suPUw9,hovsg,359,press,0_0_141,0_0,5,0.20364643771582713
00847-bCPU9suPUw9,hovsg,360,pressure washer,1_4_155,1_4,1,0.22890196944691196
00847-bCPU9suPUw9,hovsg,360,pressure washer,0_0_245,0_0,2,0.22290157640653357
00847-bCPU9suPUw9,hovsg,361,printer,1_1_55,1_1,1,0.28682560359939646
00847-bCPU9suPUw9,hovsg,361,printer,1_1_15,1_1,2,0.2756617467021154
00847-bCPU9suPUw9,hovsg,361,printer,1_4_3,1_4,3,0.2686053263413829
00847-bCPU9suPUw9,hovsg,361,printer,1_4_12,1_4,4,0.2645136883240366
00847-bCPU9suPUw9,hovsg,361,printer,1_4_250,1_4,5,0.2640940213111214
00847-bCPU9suPUw9,hovsg,362,product,1_4_214,1_4,1,0.22870038943361523
00847-bCPU9suPUw9,hovsg,362,product,1_3_1,1_3,2,0.22471065564417975
00847-bCPU9suPUw9,hovsg,362,product,1_3_50,1_3,3,0.2235552970945457
00847-bCPU9suPUw9,hovsg,362,product,0_0_203,0_0,4,0.22002793350824434
00847-bCPU9suPUw9,hovsg,362,product,1_3_54,1_3,5,0.21990852413810635
00847-bCPU9suPUw9,hovsg,363,products,1_4_282,1_4,1,0.2341856933279602
00847-bCPU9suPUw9,hovsg,363,products,0_1_21,0_1,2,0.22670090903545365
00847-bCPU9suPUw9,hovsg,363,products,1_4_330,1_4,3,0.22559311176190694
00847-bCPU9suPUw9,hovsg,363,products,1_4_333,1_4,4,0.2246104297933882
00847-bCPU9suPUw9,hovsg,363,products,0_0_264,0_0,5,0.2216562416055083
00847-bCPU9suPUw9,hovsg,364,prop,0_2_88,0_2,1,0.2947113195055809
00847-bCPU9suPUw9,hovsg,364,prop,0_0_4,0_0,2,0.2941031315095774
00847-bCPU9suPUw9,hovsg,364,prop,0_2_139,0_2,3,0.2940919951636528
00847-bCPU9suPUw9,hovsg,364,prop,0_1_21,0_1,4,0.293876768284834
00847-bCPU9suPUw9,hovsg,364,prop,1_4_77,1_4,5,0.2919661432334139
00847-bCPU9suPUw9,hovsg,365,pump,1_4_85,1_4,1,0.23675724575673973
00847-bCPU9suPUw9,hovsg,365,pump,1_4_155,1_4,2,0.2294794372661636
00847-bCPU9suPUw9,hovsg,365,pump,0_0_184,0_0,3,0.22912407102329396
00847-bCPU9suPUw9,hovsg,365,pump,1_4_318,1_4,4,0.2255828010216353
00847-bCPU9suPUw9,hovsg,365,pump,1_4_327,1_4,5,0.224874741765743
00847-bCPU9suPUw9,hovsg,366,punchbag,0_0_203,0_0,1,0.2571828306864888
00847-bCPU9suPUw9,hovsg,366,punchbag,1_3_4,1_3,2,0.24544251416782922
00847-bCPU9suPUw9,hovsg,366,punchbag,0_0_205,0_0,3,0.2427690847537446
00847-bCPU9suPUw9,hovsg,366,punchbag,0_0_211,0_0,4,0.23644615370497218
00847-bCPU9suPUw9,hovsg,366,punchbag,1_4_327,1_4,5,0.22951229958447378
00847-bCPU9suPUw9,hovsg,367,puppet,1_0_39,1_0,1,0.25594966337603803
00847-bCPU9suPUw9,hovsg,367,puppet,1_4_326,1_4,2,0.2502312354008466
00847-bCPU9suPUw9,hovsg,367,puppet,1_4_345,1_4,3,0.2423896405304629
00847-bCPU9suPUw9,hovsg,367,puppet,1_0_43,1_0,4,0.24236921215260357
00847-bCPU9suPUw9,hovsg,367,puppet,0_2_121,0_2,5,0.24018630083288067
00847-bCPU9suPUw9,hovsg,368,rag,0_0_92,0_0,1,0.25546472746305315
00847-bCPU9suPUw9,hovsg,368,rag,1_4_162,1_4,2,0.25499348271712763
00847-bCPU9suPUw9,hovsg,368,rag,1_4_33,1_4,3,0.25337623019092326
00847-bCPU9suPUw9,hovsg,368,rag,0_2_69,0_2,4,0.2525848955813641
00847-bCPU9suPUw9,hovsg,368,rag,0_0_211,0_0,5,0.25245388586544715
00847-bCPU9suPUw9,hovsg,369,rail,0_2_76,0_2,1,0.28959440111189966
00847-bCPU9suPUw9,hovsg,369,rail,1_4_283,1_4,2,0.27999980122538776
00847-bCPU9suPUw9,hovsg,369,rail,1_4_282,1_4,3,0.2762808324120204
00847-bCPU9suPUw9,hovsg,369,rail,0_2_94,0_2,4,0.275783283269931
00847-bCPU9suPUw9,hovsg,369,rail,0_2_108,0_2,5,0.27574125357939455
00847-bCPU9suPUw9,hovsg,370,rake,1_2_53,1_2,1,0.2415991535343722
00847-bCPU9suPUw9,hovsg,370,rake,0_0_43,0_0,2,0.23902143258222736
00847-bCPU9suPUw9,hovsg,370,rake,1_4_240,1_4,3,0.23722289899304372
00847-bCPU9suPUw9,hovsg,370,rake,0_2_117,0_2,4,0.23361966648834243
00847-bCPU9suPUw9,hovsg,370,rake,0_0_131,0_0,5,0.23253031252980644
00847-bCPU9suPUw9,hovsg,371,receipt printer,1_1_15,1_1,1,0.26672912667019866
00847-bCPU9suPUw9,hovsg,371,receipt printer,1_1_55,1_1,2,0.26644438392882136
00847-bCPU9suPUw9,hovsg,371,receipt printer,0_0_107,0_0,3,0.2556484191070871
00847-bCPU9suPUw9,hovsg,371,receipt printer,1_3_60,1_3,4,0.24708369021779192
00847-bCPU9suPUw9,hovsg,371,receipt printer,0_2_84,0_2,5,0.24646285745548482
00847-bCPU9suPUw9,hovsg,372,records,0_1_21,0_1,1,0.22153740423722296
00847-bCPU9suPUw9,hovsg,372,records,1_4_282,1_4,2,0.22088002682348526
00847-bCPU9suPUw9,hovsg,372,records,1_4_17,1_4,3,0.2163849418073595
00847-bCPU9suPUw9,hovsg,372,records,1_4_330,1_4,4,0.21483707288634302
00847-bCPU9suPUw9,hovsg,372,records,0_1_13,0_1,5,0.2119682899734749
00847-bCPU9suPUw9,hovsg,373,recuperator,1_4_327,1_4,1,0.2667010834393456
00847-bCPU9suPUw9,hovsg,373,recuperator,0_2_88,0_2,2,0.2522015008456802
00847-bCPU9suPUw9,hovsg,373,recuperator,0_2_134,0_2,3,0.24439301302124955
00847-bCPU9suPUw9,hovsg,373,recuperator,1_4_328,1_4,4,0.24128564506700534
00847-bCPU9suPUw9,hovsg,373,recuperator,1_2_63,1_2,5,0.236520422267265
00847-bCPU9suPUw9,hovsg,374,refrigerator,0_0_193,0_0,1,0.2905072692192332
00847-bCPU9suPUw9,hovsg,374,refrigerator,0_0_266,0_0,2,0.2842589190621115
00847-bCPU9suPUw9,hovsg,374,refrigerator,1_4_278,1_4,3,0.28379261998451294
00847-bCPU9suPUw9,hovsg,374,refrigerator,1_4_279,1_4,4,0.28242749644946585
00847-bCPU9suPUw9,hovsg,374,refrigerator,0_0_251,0_0,5,0.2809913834804181
00847-bCPU9suPUw9,hovsg,375,remote control,1_4_272,1_4,1,0.22991403908876448
00847-bCPU9suPUw9,hovsg,375,remote control,1_1_49,1_1,2,0.22940969351327484
00847-bCPU9suPUw9,hovsg,375,remote control,1_4_256,1_4,3,0.22716156975902277
00847-bCPU9suPUw9,hovsg,375,remote control,0_1_21,0_1,4,0.22700914697536306
00847-bCPU9suPUw9,hovsg,375,remote control,1_4_152,1_4,5,0.22473112894251815
00847-bCPU9suPUw9,hovsg,376,rice cooker,1_3_4,1_3,1,0.2637998785447433
00847-bCPU9suPUw9,hovsg,376,rice cooker,0_0_211,0_0,2,0.2451552402156552
00847-bCPU9suPUw9,hovsg,376,rice cooker,1_4_250,1_4,3,0.24482453971255913
00847-bCPU9suPUw9,hovsg,376,rice cooker,1_4_12,1_4,4,0.24373900264708231
00847-bCPU9suPUw9,hovsg,376,rice cooker,1_4_6,1_4,5,0.24368641848645206
00847-bCPU9suPUw9,hovsg,377,riser,0_2_76,0_2,1,0.2755614736939173
00847-bCPU9suPUw9,hovsg,377,riser,0_2_247,0_2,2,0.26920496235069286
00847-bCPU9suPUw9,hovsg,377,riser,0_2_108,0_2,3,0.2689306014960664
00847-bCPU9suPUw9,hovsg,377,riser,0_2_159,0_2,4,0.2680662316722777
00847-bCPU9suPUw9,hovsg,377,riser,0_2_254,0_2,5,0.26781463963208607
00847-bCPU9suPUw9,hovsg,378,rocking horse,1_2_58,1_2,1,0.2607233618184619
00847-bCPU9suPUw9,hovsg,378,rocking horse,1_2_6,1_2,2,0.2465819339092008
00847-bCPU9suPUw9,hovsg,378,rocking horse,1_2_53,1_2,3,0.22774964672061104
00847-bCPU9suPUw9,hovsg,378,rocking horse,1_3_13,1_3,4,0.22343901286868273
00847-bCPU9suPUw9,hovsg,378,rocking horse,0_2_30,0_2,5,0.21922864227918537
00847-bCPU9suPUw9,hovsg,379,rod,0_2_76,0_2,1,0.2726618848225899
00847-bCPU9suPUw9,hovsg,379,rod,1_1_62,1_1,2,0.27017776062971083
00847-bCPU9suPUw9,hovsg,379,rod,1_4_282,1_4,3,0.2652045044082415
00847-bCPU9suPUw9,hovsg,379,rod,0_2_57,0_2,4,0.2638767839762588
00847-bCPU9suPUw9,hovsg,379,rod,1_2_6,1_2,5,0.2627430598227837
00847-bCPU9suPUw9,hovsg,380,roll,1_3_78,1_3,1,0.26970323625955794
00847-bCPU9suPUw9,hovsg,380,roll,0_0_211,0_0,2,0.2693747910917277
00847-bCPU9suPUw9,hovsg,380,roll,0_2_292,0_2,3,0.2639759667971424
00847-bCPU9suPUw9,hovsg,380,roll,0_0_97,0_0,4,0.2623274473753758
00847-bCPU9suPUw9,hovsg,380,roll,1_4_326,1_4,5,0.26187416248296125
00847-bCPU9suPUw9,hovsg,381,rope,1_4_179,1_4,1,0.2361117302745248
00847-bCPU9suPUw9,hovsg,381,rope,1_2_53,1_2,2,0.22388088404183654
00847-bCPU9suPUw9,hovsg,381,rope,0_2_292,0_2,3,0.21405271753656074
00847-bCPU9suPUw9,hovsg,381,rope,1_2_7,1_2,4,0.20652883919449852
00847-bCPU9suPUw9,hovsg,382,router,1_4_272,1_4,1,0.2515125303561235
00847-bCPU9suPUw9,hovsg,382,router,1_4_256,1_4,2,0.2504865040868192
00847-bCPU9suPUw9,hovsg,382,router,1_1_55,1_1,3,0.2499302677640543
00847-bCPU9suPUw9,hovsg,382,router,1_4_276,1_4,4,0.24963758315668
00847-bCPU9suPUw9,hovsg,382,router,1_4_87,1_4,5,0.2477449276539544
00847-bCPU9suPUw9,hovsg,383,rug,0_2_53,0_2,1,0.29213740187722603
00847-bCPU9suPUw9,hovsg,383,rug,0_0_17,0_0,2,0.29030123903940974
00847-bCPU9suPUw9,hovsg,383,rug,0_2_193,0_2,3,0.26883419818060716
00847-bCPU9suPUw9,hovsg,383,rug,0_2_281,0_2,4,0.2665919017431271
00847-bCPU9suPUw9,hovsg,383,rug,0_2_220,0_2,5,0.26338991498064035
00847-bCPU9suPUw9,hovsg,384,safe,1_4_3,1_4,1,0.26445435658924493
00847-bCPU9suPUw9,hovsg,384,safe,0_0_184,0_0,2,0.26374252712815444
00847-bCPU9suPUw9,hovsg,384,safe,1_4_169,1_4,3,0.26219362332650664
00847-bCPU9suPUw9,hovsg,384,safe,1_4_226,1_4,4,0.2621673177067815
00847-bCPU9suPUw9,hovsg,384,safe,0_2_134,0_2,5,0.26179671163727325
00847-bCPU9suPUw9,hovsg,385,saturator,0_2_136,0_2,1,0.21854037496492268
00847-bCPU9suPUw9,hovsg,385,saturator,0_1_21,0_1,2,0.2175778179142167
00847-bCPU9suPUw9,hovsg,385,saturator,1_2_58,1_2,3,0.21235085909140888
00847-bCPU9suPUw9,hovsg,385,saturator,1_4_378,1_4,4,0.21022060842039164
00847-bCPU9suPUw9,hovsg,385,saturator,1_4_328,1_4,5,0.21006103513535201
00847-bCPU9suPUw9,hovsg,386,sauna,1_4_156,1_4,1,0.26376661888094843
00847-bCPU9suPUw9,hovsg,386,sauna,1_4_155,1_4,2,0.25256744803988773
00847-bCPU9suPUw9,hovsg,386,sauna,1_4_147,1_4,3,0.2508945233263197
00847-bCPU9suPUw9,hovsg,386,sauna,0_2_108,0_2,4,0.23923679352438137
00847-bCPU9suPUw9,hovsg,386,sauna,1_4_160,1_4,5,0.23538737387992176
00847-bCPU9suPUw9,hovsg,387,saw,0_2_341,0_2,1,0.25924094281199694
00847-bCPU9suPUw9,hovsg,387,saw,1_3_65,1_3,2,0.25843586822965214
00847-bCPU9suPUw9,hovsg,387,saw,0_2_223,0_2,3,0.2584350887426226
00847-bCPU9suPUw9,hovsg,387,saw,0_2_311,0_2,4,0.2582531358527068
00847-bCPU9suPUw9,hovsg,387,saw,1_2_6,1_2,5,0.25793037590018886
00847-bCPU9suPUw9,hovsg,388,saxophone,1_2_53,1_2,1,0.2225099546689417
00847-bCPU9suPUw9,hovsg,389,scale,0_0_96,0_0,1,0.25823051602001484
00847-bCPU9suPUw9,hovsg,389,scale,0_0_25,0_0,2,0.25794840770057303
00847-bCPU9suPUw9,hovsg,389,scale,0_0_125,0_0,3,0.2552381652828993
00847-bCPU9suPUw9,hovsg,389,scale,0_0_123,0_0,4,0.25392825656255164
00847-bCPU9suPUw9,hovsg,389,scale,0_0_81,0_0,5,0.25316628565688815
00847-bCPU9suPUw9,hovsg,390,scanner,1_4_209,1_4,1,0.2736444615344268
00847-bCPU9suPUw9,hovsg,390,scanner,1_4_287,1_4,2,0.2689080033168362
00847-bCPU9suPUw9,hovsg,390,scanner,0_0_250,0_0,3,0.2680508678710033
00847-bCPU9suPUw9,hovsg,390,scanner,1_4_226,1_4,4,0.2679024606803504
00847-bCPU9suPUw9,hovsg,390,scanner,0_0_107,0_0,5,0.26696850079806345
00847-bCPU9suPUw9,hovsg,391,screen,1_1_65,1_1,1,0.2996238498769148
00847-bCPU9suPUw9,hovsg,391,screen,1_1_82,1_1,2,0.29742135128289116
00847-bCPU9suPUw9,hovsg,391,screen,1_1_16,1_1,3,0.29673272835604786
00847-bCPU9suPUw9,hovsg,391,screen,1_1_71,1_1,4,0.2958738777046557
00847-bCPU9suPUw9,hovsg,391,screen,1_4_287,1_4,5,0.27627407432814655
00847-bCPU9suPUw9,hovsg,392,screen frame,1_4_146,1_4,1,0.3007354111943784
00847-bCPU9suPUw9,hovsg,392,screen frame,1_1_82,1_1,2,0.30045104431746905
00847-bCPU9suPUw9,hovsg,392,screen frame,1_1_65,1_1,3,0.3002214891775271
00847-bCPU9suPUw9,hovsg,392,screen frame,1_1_71,1_1,4,0.29835604406387034
00847-bCPU9suPUw9,hovsg,392,screen frame,1_1_16,1_1,5,0.2974267886629343
00847-bCPU9suPUw9,hovsg,393,screwdriver,0_0_184,0_0,1,0.22085113716603644
00847-bCPU9suPUw9,hovsg,394,sculpture,0_2_88,0_2,1,0.2669175444285954
00847-bCPU9suPUw9,hovsg,394,sculpture,1_2_58,1_2,2,0.2636320604957282
00847-bCPU9suPUw9,hovsg,394,sculpture,0_2_30,0_2,3,0.2559423565520002
00847-bCPU9suPUw9,hovsg,394,sculpture,0_0_4,0_0,4,0.251314081697455
00847-bCPU9suPUw9,hovsg,394,sculpture,1_3_13,1_3,5,0.25073236637555024
00847-bCPU9suPUw9,hovsg,395,security camera,0_2_128,0_2,1,0.2778564808568841
00847-bCPU9suPUw9,hovsg,395,security camera,0_2_187,0_2,2,0.269218119513419
00847-bCPU9suPUw9,hovsg,395,security camera,0_2_343,0_2,3,0.26666565115585417
00847-bCPU9suPUw9,hovsg,395,security camera,1_4_155,1_4,4,0.26566333456237384
00847-bCPU9suPUw9,hovsg,395,security camera,1_1_18,1_1,5,0.2642451398650554
00847-bCPU9suPUw9,hovsg,396,self-closing mechanism,1_4_237,1_4,1,0.26998372474250776
00847-bCPU9suPUw9,hovsg,396,self-closing mechanism,1_3_60,1_3,2,0.2696860136877607
00847-bCPU9suPUw9,hovsg,396,self-closing mechanism,1_4_85,1_4,3,0.2674518753389823
00847-bCPU9suPUw9,hovsg,396,self-closing mechanism,1_4_283,1_4,4,0.26708061753051926
00847-bCPU9suPUw9,hovsg,396,self-closing mechanism,1_2_6,1_2,5,0.2664123992502819
00847-bCPU9suPUw9,hovsg,397,sensor,0_2_128,0_2,1,0.2801442891407938
00847-bCPU9suPUw9,hovsg,397,sensor,0_0_123,0_0,2,0.2778346735260002
00847-bCPU9suPUw9,hovsg,397,sensor,0_2_187,0_2,3,0.2774164181933938
00847-bCPU9suPUw9,hovsg,397,sensor,0_0_125,0_0,4,0.2732269872502494
00847-bCPU9suPUw9,hovsg,397,sensor,0_2_114,0_2,5,0.2718577096508036
00847-bCPU9suPUw9,hovsg,398,separator,1_3_4,1_3,1,0.27773212143756043
00847-bCPU9suPUw9,hovsg,398,separator,1_4_237,1_4,2,0.2728321300677888
00847-bCPU9suPUw9,hovsg,398,separator,0_0_133,0_0,3,0.2725241447285426
00847-bCPU9suPUw9,hovsg,398,separator,0_0_264,0_0,4,0.2702534631254915
00847-bCPU9suPUw9,hovsg,398,separator,1_2_51,1_2,5,0.26967674616942505
00847-bCPU9suPUw9,hovsg,399,set of valves,0_0_202,0_0,1,0.20435241900965484
00847-bCPU9suPUw9,hovsg,399,set of valves,0_0_206,0_0,2,0.20283502972870235
00847-bCPU9suPUw9,hovsg,399,set of valves,1_4_180,1_4,3,0.20217535010956136
00847-bCPU9suPUw9,hovsg,399,set of valves,1_4_237,1_4,4,0.20189046364380808
00847-bCPU9suPUw9,hovsg,399,set of valves,0_0_173,0_0,5,0.1984207568249105
00847-bCPU9suPUw9,hovsg,400,sewing machine,1_3_56,1_3,1,0.20812335697723927
00847-bCPU9suPUw9,hovsg,401,sewing tools,0_1_58,0_1,1,0.2099633421352993
00847-bCPU9suPUw9,hovsg,401,sewing tools,1_4_282,1_4,2,0.2085619047945107
00847-bCPU9suPUw9,hovsg,401,sewing tools,1_1_47,1_1,3,0.20613865194104852
00847-bCPU9suPUw9,hovsg,401,sewing tools,1_3_72,1_3,4,0.2044558677237637
00847-bCPU9suPUw9,hovsg,401,sewing tools,1_1_12,1_1,5,0.20195614609379964
00847-bCPU9suPUw9,hovsg,402,shampoo,1_4_162,1_4,1,0.26101972016853936
00847-bCPU9suPUw9,hovsg,402,shampoo,1_4_156,1_4,2,0.25989383253191467
00847-bCPU9suPUw9,hovsg,402,shampoo,1_4_326,1_4,3,0.25748436161162397
00847-bCPU9suPUw9,hovsg,402,shampoo,1_4_155,1_4,4,0.2549890520333472
00847-bCPU9suPUw9,hovsg,402,shampoo,0_0_95,0_0,5,0.2543209870530576
00847-bCPU9suPUw9,hovsg,403,sheet music,1_1_12,1_1,1,0.23574151700856305
00847-bCPU9suPUw9,hovsg,403,sheet music,1_4_282,1_4,2,0.2340319234494151
00847-bCPU9suPUw9,hovsg,403,sheet music,0_1_21,0_1,3,0.23002292696876084
00847-bCPU9suPUw9,hovsg,403,sheet music,0_0_133,0_0,4,0.2275489138109451
00847-bCPU9suPUw9,hovsg,403,sheet music,1_4_33,1_4,5,0.2251816353619041
00847-bCPU9suPUw9,hovsg,404,sheets / clothes,1_3_36,1_3,1,0.29875039902877243
00847-bCPU9suPUw9,hovsg,404,sheets / clothes,1_3_62,1_3,2,0.29763718061955957
00847-bCPU9suPUw9,hovsg,404,sheets / clothes,1_3_2,1_3,3,0.2965874711595043
00847-bCPU9suPUw9,hovsg,404,sheets / clothes,1_3_84,1_3,4,0.2952418607930562
00847-bCPU9suPUw9,hovsg,404,sheets / clothes,1_3_63,1_3,5,0.2948340483918739
00847-bCPU9suPUw9,hovsg,405,shelf,0_2_358,0_2,1,0.3172216732592362
00847-bCPU9suPUw9,hovsg,405,shelf,1_4_279,1_4,2,0.3094238931581523
00847-bCPU9suPUw9,hovsg,405,shelf,0_2_88,0_2,3,0.30785364660915915
00847-bCPU9suPUw9,hovsg,405,shelf,1_4_18,1_4,4,0.3048642478891871
00847-bCPU9suPUw9,hovsg,405,shelf,1_4_232,1_4,5,0.30286980262132357
00847-bCPU9suPUw9,hovsg,406,ship toy,1_1_48,1_1,1,0.24682417170240384
00847-bCPU9suPUw9,hovsg,406,ship toy,1_1_19,1_1,2,0.24574752320295226
00847-bCPU9suPUw9,hovsg,406,ship toy,1_1_47,1_1,3,0.2453089198097822
00847-bCPU9suPUw9,hovsg,406,ship toy,1_1_38,1_1,4,0.23619522260110448
00847-bCPU9suPUw9,hovsg,406,ship toy,1_1_31,1_1,5,0.2321326738382768
00847-bCPU9suPUw9,hovsg,407,shisha,0_2_30,0_2,1,0.23417426243061326
00847-bCPU9suPUw9,hovsg,407,shisha,0_0_208,0_0,2,0.22388584954935148
00847-bCPU9suPUw9,hovsg,408,shoe,0_1_58,0_1,1,0.2685689640503159
00847-bCPU9suPUw9,hovsg,408,shoe,1_4_264,1_4,2,0.2667684722989953
00847-bCPU9suPUw9,hovsg,408,shoe,0_1_1,0_1,3,0.2580374033596745
00847-bCPU9suPUw9,hovsg,408,shoe,0_1_20,0_1,4,0.25772399095315585
00847-bCPU9suPUw9,hovsg,408,shoe,0_1_25,0_1,5,0.25581034652447987
00847-bCPU9suPUw9,hovsg,409,shoe rack,1_4_279,1_4,1,0.2664165801836719
00847-bCPU9suPUw9,hovsg,409,shoe rack,0_2_88,0_2,2,0.2605830559656236
00847-bCPU9suPUw9,hovsg,409,shoe rack,1_4_18,1_4,3,0.2605104956696148
00847-bCPU9suPUw9,hovsg,409,shoe rack,0_2_245,0_2,4,0.25858323411218676
00847-bCPU9suPUw9,hovsg,409,shoe rack,1_4_240,1_4,5,0.25825306361892986
00847-bCPU9suPUw9,hovsg,410,shoehorn,1_2_53,1_2,1,0.2670333044509926
00847-bCPU9suPUw9,hovsg,410,shoehorn,0_2_275,0_2,2,0.2502896730001087
00847-bCPU9suPUw9,hovsg,410,shoehorn,0_2_111,0_2,3,0.25001549443736737
00847-bCPU9suPUw9,hovsg,410,shoehorn,0_2_13,0_2,4,0.24927102770444276
00847-bCPU9suPUw9,hovsg,410,shoehorn,1_2_21,1_2,5,0.24204024599957202
00847-bCPU9suPUw9,hovsg,411,shovel,1_4_165,1_4,1,0.26314732962713716
00847-bCPU9suPUw9,hovsg,411,shovel,1_4_209,1_4,2,0.25651551770400044
00847-bCPU9suPUw9,hovsg,411,shovel,1_2_58,1_2,3,0.25460099397633634
00847-bCPU9suPUw9,hovsg,411,shovel,1_2_6,1_2,4,0.24688094351399964
00847-bCPU9suPUw9,hovsg,411,shovel,1_3_13,1_3,5,0.2464108636396728
00847-bCPU9suPUw9,hovsg,412,shower,1_4_133,1_4,1,0.3270306652741618
00847-bCPU9suPUw9,hovsg,412,shower,1_4_135,1_4,2,0.3261940843278442
00847-bCPU9suPUw9,hovsg,412,shower,1_4_119,1_4,3,0.3240434676460062
00847-bCPU9suPUw9,hovsg,412,shower,1_4_120,1_4,4,0.32378156593126284
00847-bCPU9suPUw9,hovsg,412,shower,1_4_134,1_4,5,0.31998668207656866
00847-bCPU9suPUw9,hovsg,413,shower seat,1_4_138,1_4,1,0.28972923655630045
00847-bCPU9suPUw9,hovsg,413,shower seat,1_4_155,1_4,2,0.2820841042809783
00847-bCPU9suPUw9,hovsg,413,shower seat,1_4_325,1_4,3,0.2801964853264221
00847-bCPU9suPUw9,hovsg,413,shower seat,1_4_120,1_4,4,0.2797905027968886
00847-bCPU9suPUw9,hovsg,413,shower seat,1_4_90,1_4,5,0.27587830059679713
00847-bCPU9suPUw9,hovsg,414,shredder,1_2_67,1_2,1,0.2805276576507554
00847-bCPU9suPUw9,hovsg,414,shredder,1_4_327,1_4,2,0.27940974869387597
00847-bCPU9suPUw9,hovsg,414,shredder,1_2_58,1_2,3,0.2733564536623138
00847-bCPU9suPUw9,hovsg,414,shredder,1_3_65,1_3,4,0.2692740486469518
00847-bCPU9suPUw9,hovsg,414,shredder,1_4_209,1_4,5,0.2660244318257892
00847-bCPU9suPUw9,hovsg,415,side table,1_4_6,1_4,1,0.3305115382506177
00847-bCPU9suPUw9,hovsg,415,side table,1_4_250,1_4,2,0.328831876152422
00847-bCPU9suPUw9,hovsg,415,side table,1_4_12,1_4,3,0.3271328240042641
00847-bCPU9suPUw9,hovsg,415,side table,1_4_11,1_4,4,0.30131186172455016
00847-bCPU9suPUw9,hovsg,415,side table,1_4_3,1_4,5,0.29973289159334926
00847-bCPU9suPUw9,hovsg,416,sideboard,1_4_77,1_4,1,0.2933856019103933
00847-bCPU9suPUw9,hovsg,416,sideboard,1_4_300,1_4,2,0.2908226770387261
00847-bCPU9suPUw9,hovsg,416,sideboard,1_4_76,1_4,3,0.2907113478917774
00847-bCPU9suPUw9,hovsg,416,sideboard,1_4_70,1_4,4,0.289461646178196
00847-bCPU9suPUw9,hovsg,416,sideboard,1_4_73,1_4,5,0.2894226187160393
00847-bCPU9suPUw9,hovsg,417,sign,1_1_65,1_1,1,0.25417851068191716
00847-bCPU9suPUw9,hovsg,417,sign,1_1_71,1_1,2,0.2510001351388661
00847-bCPU9suPUw9,hovsg,417,sign,1_4_27,1_4,3,0.2483272085172173
00847-bCPU9suPUw9,hovsg,417,sign,1_1_82,1_1,4,0.24796070176272508
00847-bCPU9suPUw9,hovsg,417,sign,1_4_39,1_4,5,0.24701538466750778
00847-bCPU9suPUw9,hovsg,418,silicone gun,1_3_100,1_3,1,0.2572223096035996
00847-bCPU9suPUw9,hovsg,418,silicone gun,1_3_68,1_3,2,0.24840118106569878
00847-bCPU9suPUw9,hovsg,418,silicone gun,1_4_333,1_4,3,0.24610972770029252
00847-bCPU9suPUw9,hovsg,418,silicone gun,1_4_85,1_4,4,0.24425665003407052
00847-bCPU9suPUw9,hovsg,418,silicone gun,1_3_60,1_3,5,0.23881839969279364
00847-bCPU9suPUw9,hovsg,419,silicone tube,0_0_263,0_0,1,0.2381139712089268
00847-bCPU9suPUw9,hovsg,419,silicone tube,1_4_327,1_4,2,0.23225116273531887
00847-bCPU9suPUw9,hovsg,419,silicone tube,0_2_292,0_2,3,0.21739337767895273
00847-bCPU9suPUw9,hovsg,419,silicone tube,1_3_67,1_3,4,0.21495671810369266
00847-bCPU9suPUw9,hovsg,419,silicone tube,1_3_54,1_3,5,0.2084972467412741
00847-bCPU9suPUw9,hovsg,420,sink,1_4_318,1_4,1,0.3278397386883567
00847-bCPU9suPUw9,hovsg,420,sink,1_4_168,1_4,2,0.3236634155266307
00847-bCPU9suPUw9,hovsg,420,sink,1_4_337,1_4,3,0.3141076892526269
00847-bCPU9suPUw9,hovsg,420,sink,1_4_349,1_4,4,0.3139548728620637
00847-bCPU9suPUw9,hovsg,420,sink,1_4_338,1_4,5,0.3118264968549055
00847-bCPU9suPUw9,hovsg,421,skateboard,1_2_58,1_2,1,0.25354716982156966
00847-bCPU9suPUw9,hovsg,421,skateboard,1_2_53,1_2,2,0.245295437586383
00847-bCPU9suPUw9,hovsg,421,skateboard,1_3_33,1_3,3,0.24477490909728603
00847-bCPU9suPUw9,hovsg,421,skateboard,1_2_21,1_2,4,0.2441606162440037
00847-bCPU9suPUw9,hovsg,421,skateboard,1_4_328,1_4,5,0.2387208305878482
00847-bCPU9suPUw9,hovsg,422,skates,1_2_58,1_2,1,0.24435224466085387
00847-bCPU9suPUw9,hovsg,422,skates,1_1_52,1_1,2,0.22322583062195178
00847-bCPU9suPUw9,hovsg,422,skates,0_0_212,0_0,3,0.22177791284548726
00847-bCPU9suPUw9,hovsg,422,skates,0_2_76,0_2,4,0.22138640407193305
00847-bCPU9suPUw9,hovsg,422,skates,1_4_326,1_4,5,0.21890371062030914
00847-bCPU9suPUw9,hovsg,423,ski,1_2_6,1_2,1,0.2547838761466137
00847-bCPU9suPUw9,hovsg,423,ski,0_2_254,0_2,2,0.25277243236203856
00847-bCPU9suPUw9,hovsg,423,ski,1_2_58,1_2,3,0.2504876653228139
00847-bCPU9suPUw9,hovsg,423,ski,1_3_13,1_3,4,0.24938128929069114
00847-bCPU9suPUw9,hovsg,423,ski,0_2_62,0_2,5,0.2490836450016772
00847-bCPU9suPUw9,hovsg,424,sky,1_4_66,1_4,1,0.26468905752478467
00847-bCPU9suPUw9,hovsg,424,sky,1_4_288,1_4,2,0.2572411400472122
00847-bCPU9suPUw9,hovsg,424,sky,1_4_289,1_4,3,0.2567566982043571
00847-bCPU9suPUw9,hovsg,424,sky,1_4_255,1_4,4,0.25520248520033884
00847-bCPU9suPUw9,hovsg,424,sky,1_4_261,1_4,5,0.2549627799927715
00847-bCPU9suPUw9,hovsg,425,sled,1_2_58,1_2,1,0.25979655949108027
00847-bCPU9suPUw9,hovsg,425,sled,0_0_20,0_0,2,0.2339849756984571
00847-bCPU9suPUw9,hovsg,425,sled,1_3_13,1_3,3,0.233842079882322
00847-bCPU9suPUw9,hovsg,425,sled,0_0_107,0_0,4,0.23013600139918747
00847-bCPU9suPUw9,hovsg,425,sled,0_0_184,0_0,5,0.2153241053851989
00847-bCPU9suPUw9,hovsg,426,sleeping bag,1_1_25,1_1,1,0.30622743203297403
00847-bCPU9suPUw9,hovsg,426,sleeping bag,1_1_70,1_1,2,0.3044804766422088
00847-bCPU9suPUw9,hovsg,426,sleeping bag,1_1_36,1_1,3,0.3034204448631489
00847-bCPU9suPUw9,hovsg,426,sleeping bag,1_1_26,1_1,4,0.3003611911269006
00847-bCPU9suPUw9,hovsg,426,sleeping bag,1_1_51,1_1,5,0.2977258169887062
00847-bCPU9suPUw9,hovsg,427,smoke detector,1_2_7,1_2,1,0.29497238819962107
00847-bCPU9suPUw9,hovsg,427,smoke detector,0_0_49,0_0,2,0.2923543375074126
00847-bCPU9suPUw9,hovsg,427,smoke detector,0_0_131,0_0,3,0.2901830126133899
00847-bCPU9suPUw9,hovsg,427,smoke detector,0_2_128,0_2,4,0.2804838694681107
00847-bCPU9suPUw9,hovsg,427,smoke detector,0_2_46,0_2,5,0.27562336553580236
00847-bCPU9suPUw9,hovsg,428,snack,0_0_20,0_0,1,0.2731739728205133
00847-bCPU9suPUw9,hovsg,428,snack,0_0_4,0_0,2,0.2603243164174421
00847-bCPU9suPUw9,hovsg,428,snack,0_0_141,0_0,3,0.2592261525076256
00847-bCPU9suPUw9,hovsg,428,snack,0_1_52,0_1,4,0.25745773333813454
00847-bCPU9suPUw9,hovsg,428,snack,0_0_95,0_0,5,0.2368049114868982
00847-bCPU9suPUw9,hovsg,429,soap,1_4_179,1_4,1,0.2722165724171491
00847-bCPU9suPUw9,hovsg,429,soap,1_4_318,1_4,2,0.26584262375968687
00847-bCPU9suPUw9,hovsg,429,soap,0_0_212,0_0,3,0.2632169971088892
00847-bCPU9suPUw9,hovsg,429,soap,1_4_92,1_4,4,0.26228855464231005
00847-bCPU9suPUw9,hovsg,429,soap,1_4_165,1_4,5,0.26197308839226224
00847-bCPU9suPUw9,hovsg,430,socks,0_1_20,0_1,1,0.2520712929600988
00847-bCPU9suPUw9,hovsg,430,socks,0_0_107,0_0,2,0.24503162352667812
00847-bCPU9suPUw9,hovsg,430,socks,0_0_205,0_0,3,0.2351019947826766
00847-bCPU9suPUw9,hovsg,430,socks,1_4_327,1_4,4,0.21711603437071922
00847-bCPU9suPUw9,hovsg,431,sofa,0_2_23,0_2,1,0.31681936617223033
00847-bCPU9suPUw9,hovsg,431,sofa,0_2_12,0_2,2,0.31459970525233605
00847-bCPU9suPUw9,hovsg,431,sofa,0_2_59,0_2,3,0.3084146194350506
00847-bCPU9suPUw9,hovsg,431,sofa,0_2_146,0_2,4,0.3001919898243216
00847-bCPU9suPUw9,hovsg,431,sofa,0_2_165,0_2,5,0.2956407486001112
00847-bCPU9suPUw9,hovsg,432,solarium,0_2_122,0_2,1,0.2442361564497611
00847-bCPU9suPUw9,hovsg,432,solarium,0_0_242,0_0,2,0.23802578324733356
00847-bCPU9suPUw9,hovsg,432,solarium,0_2_98,0_2,3,0.2364791986845005
00847-bCPU9suPUw9,hovsg,432,solarium,0_2_132,0_2,4,0.233958329457648
00847-bCPU9suPUw9,hovsg,432,solarium,0_0_230,0_0,5,0.2190617244254117
00847-bCPU9suPUw9,hovsg,433,speaker,1_1_65,1_1,1,0.2695273512753892
00847-bCPU9suPUw9,hovsg,433,speaker,1_1_71,1_1,2,0.26514133211624896
00847-bCPU9suPUw9,hovsg,433,speaker,1_1_82,1_1,3,0.26429320373278603
00847-bCPU9suPUw9,hovsg,433,speaker,1_4_3,1_4,4,0.261832057421869
00847-bCPU9suPUw9,hovsg,433,speaker,1_1_16,1_1,5,0.26106279452504616
00847-bCPU9suPUw9,hovsg,434,speaker stand,1_4_155,1_4,1,0.24859132847074927
00847-bCPU9suPUw9,hovsg,434,speaker stand,1_3_49,1_3,2,0.2447952365891465
00847-bCPU9suPUw9,hovsg,434,speaker stand,1_4_6,1_4,3,0.2351040412684186
00847-bCPU9suPUw9,hovsg,434,speaker stand,1_4_250,1_4,4,0.23367550324724112
00847-bCPU9suPUw9,hovsg,434,speaker stand,1_4_12,1_4,5,0.2332652107488274
00847-bCPU9suPUw9,hovsg,435,spices,0_0_20,0_0,1,0.23884461554033648
00847-bCPU9suPUw9,hovsg,435,spices,0_0_202,0_0,2,0.22814042875738802
00847-bCPU9suPUw9,hovsg,435,spices,0_0_249,0_0,3,0.22784857415110973
00847-bCPU9suPUw9,hovsg,435,spices,0_0_173,0_0,4,0.22495311430014303
00847-bCPU9suPUw9,hovsg,435,spices,0_0_206,0_0,5,0.2178350800304622
00847-bCPU9suPUw9,hovsg,436,sponge,0_0_20,0_0,1,0.2757193139341438
00847-bCPU9suPUw9,hovsg,436,sponge,1_1_28,1_1,2,0.25198283175215724
00847-bCPU9suPUw9,hovsg,436,sponge,0_0_115,0_0,3,0.24753515554485775
00847-bCPU9suPUw9,hovsg,436,sponge,1_4_333,1_4,4,0.24514582155778553
00847-bCPU9suPUw9,hovsg,436,sponge,1_1_19,1_1,5,0.2444636475111561
00847-bCPU9suPUw9,hovsg,437,spray can,0_0_212,0_0,1,0.2681969987479059
00847-bCPU9suPUw9,hovsg,437,spray can,1_3_4,1_3,2,0.2629332355531969
00847-bCPU9suPUw9,hovsg,437,spray can,1_4_328,1_4,3,0.2569871408059239
00847-bCPU9suPUw9,hovsg,437,spray can,0_0_203,0_0,4,0.2559163361663816
00847-bCPU9suPUw9,hovsg,437,spray can,0_0_211,0_0,5,0.2549052149470729
00847-bCPU9suPUw9,hovsg,438,sprinkler,0_0_230,0_0,1,0.23003751558627905
00847-bCPU9suPUw9,hovsg,438,sprinkler,0_2_164,0_2,2,0.21747057594444286
00847-bCPU9suPUw9,hovsg,438,sprinkler,1_2_7,1_2,3,0.21053018858537315
00847-bCPU9suPUw9,hovsg,438,sprinkler,0_2_284,0_2,4,0.21000843394092872
00847-bCPU9suPUw9,hovsg,438,sprinkler,0_0_243,0_0,5,0.19948599510996948
00847-bCPU9suPUw9,hovsg,439,square,0_0_95,0_0,1,0.24809989909296754
00847-bCPU9suPUw9,hovsg,439,square,0_2_128,0_2,2,0.24514612280458442
00847-bCPU9suPUw9,hovsg,439,square,0_0_131,0_0,3,0.24258141660250992
00847-bCPU9suPUw9,hovsg,439,square,0_0_92,0_0,4,0.24052957372663053
00847-bCPU9suPUw9,hovsg,439,square,0_0_91,0_0,5,0.23777254020271837
00847-bCPU9suPUw9,hovsg,440,stack,1_1_55,1_1,1,0.26559804938649284
00847-bCPU9suPUw9,hovsg,440,stack,1_4_208,1_4,2,0.26270590584406683
00847-bCPU9suPUw9,hovsg,440,stack,1_4_278,1_4,3,0.25886488220009907
00847-bCPU9suPUw9,hovsg,440,stack,1_4_279,1_4,4,0.25643368683355283
00847-bCPU9suPUw9,hovsg,440,stack,1_4_24,1_4,5,0.2550093855387999
00847-bCPU9suPUw9,hovsg,441,stack of books / papers,1_1_15,1_1,1,0.26894358703910065
00847-bCPU9suPUw9,hovsg,441,stack of books / papers,1_1_55,1_1,2,0.26291088162447307
00847-bCPU9suPUw9,hovsg,441,stack of books / papers,0_2_159,0_2,3,0.23706632056848648
00847-bCPU9suPUw9,hovsg,441,stack of books / papers,0_0_203,0_0,4,0.21552418920032232
00847-bCPU9suPUw9,hovsg,442,stack of stuff,0_1_58,0_1,1,0.28373610561858775
00847-bCPU9suPUw9,hovsg,442,stack of stuff,0_1_21,0_1,2,0.28277740481016184
00847-bCPU9suPUw9,hovsg,442,stack of stuff,1_1_55,1_1,3,0.2816243518505941
00847-bCPU9suPUw9,hovsg,442,stack of stuff,1_4_208,1_4,4,0.2813942661721377
00847-bCPU9suPUw9,hovsg,442,stack of stuff,1_4_209,1_4,5,0.279380719203735
00847-bCPU9suPUw9,hovsg,443,stack of yarns,0_1_58,0_1,1,0.2344664180623241
00847-bCPU9suPUw9,hovsg,443,stack of yarns,0_2_136,0_2,2,0.21854333862473296
00847-bCPU9suPUw9,hovsg,443,stack of yarns,0_1_20,0_1,3,0.21782030688084464
00847-bCPU9suPUw9,hovsg,443,stack of yarns,1_4_282,1_4,4,0.21719167587467317
00847-bCPU9suPUw9,hovsg,443,stack of yarns,0_0_205,0_0,5,0.21601082643299352
00847-bCPU9suPUw9,hovsg,444,stage,0_1_21,0_1,1,0.22765953279133522
00847-bCPU9suPUw9,hovsg,444,stage,0_2_127,0_2,2,0.2270981208456588
00847-bCPU9suPUw9,hovsg,444,stage,0_2_90,0_2,3,0.22264506954238428
00847-bCPU9suPUw9,hovsg,444,stage,0_0_125,0_0,4,0.22238734045230615
00847-bCPU9suPUw9,hovsg,444,stage,1_4_156,1_4,5,0.22193471312205382
00847-bCPU9suPUw9,hovsg,445,stained glass,0_0_240,0_0,1,0.21912631064172972
00847-bCPU9suPUw9,hovsg,446,stand,1_3_101,1_3,1,0.23772223773016488
00847-bCPU9suPUw9,hovsg,446,stand,0_0_95,0_0,2,0.23282934502919808
00847-bCPU9suPUw9,hovsg,446,stand,0_0_107,0_0,3,0.23146244470899768
00847-bCPU9suPUw9,hovsg,446,stand,1_4_6,1_4,4,0.22916137059874703
00847-bCPU9suPUw9,hovsg,446,stand,1_4_155,1_4,5,0.22829807398497945
00847-bCPU9suPUw9,hovsg,447,star,1_4_345,1_4,1,0.22998075017221778
00847-bCPU9suPUw9,hovsg,447,star,1_2_5,1_2,2,0.22813966203166894
00847-bCPU9suPUw9,hovsg,447,star,0_0_131,0_0,3,0.227005316364542
00847-bCPU9suPUw9,hovsg,447,star,0_1_57,0_1,4,0.22361635557929344
00847-bCPU9suPUw9,hovsg,447,star,0_0_255,0_0,5,0.22003800130462603
00847-bCPU9suPUw9,hovsg,448,stationery,1_1_55,1_1,1,0.2540494517562476
00847-bCPU9suPUw9,hovsg,448,stationery,1_1_15,1_1,2,0.2443282729899598
00847-bCPU9suPUw9,hovsg,448,stationery,1_3_54,1_3,3,0.2091971926701893
00847-bCPU9suPUw9,hovsg,449,steel plate,1_4_323,1_4,1,0.27351587836896796
00847-bCPU9suPUw9,hovsg,449,steel plate,0_2_299,0_2,2,0.2552424683099627
00847-bCPU9suPUw9,hovsg,449,steel plate,0_2_287,0_2,3,0.25037367660406323
00847-bCPU9suPUw9,hovsg,449,steel plate,0_0_146,0_0,4,0.24928795669018292
00847-bCPU9suPUw9,hovsg,449,steel plate,0_2_141,0_2,5,0.24715574433968562
00847-bCPU9suPUw9,hovsg,450,step stool,1_3_1,1_3,1,0.28198271452969864
00847-bCPU9suPUw9,hovsg,450,step stool,1_4_3,1_4,2,0.2797398821569967
00847-bCPU9suPUw9,hovsg,450,step stool,1_3_58,1_3,3,0.27835997405167423
00847-bCPU9suPUw9,hovsg,450,step stool,0_2_101,0_2,4,0.27666152502697317
00847-bCPU9suPUw9,hovsg,450,step stool,0_0_175,0_0,5,0.2760602771195632
00847-bCPU9suPUw9,hovsg,451,stick,0_2_76,0_2,1,0.28416030471761267
00847-bCPU9suPUw9,hovsg,451,stick,1_1_49,1_1,2,0.2821339165645741
00847-bCPU9suPUw9,hovsg,451,stick,0_2_298,0_2,3,0.282076225306858
00847-bCPU9suPUw9,hovsg,451,stick,0_2_111,0_2,4,0.282068688754772
00847-bCPU9suPUw9,hovsg,451,stick,0_2_79,0_2,5,0.2786879439193217
00847-bCPU9suPUw9,hovsg,452,stone,1_4_92,1_4,1,0.26991445721022317
00847-bCPU9suPUw9,hovsg,452,stone,0_0_208,0_0,2,0.2671883073285454
00847-bCPU9suPUw9,hovsg,452,stone,0_0_279,0_0,3,0.2669107704264524
00847-bCPU9suPUw9,hovsg,452,stone,0_0_29,0_0,4,0.2657219582066274
00847-bCPU9suPUw9,hovsg,452,stone,1_4_91,1_4,5,0.26321926304690135
00847-bCPU9suPUw9,hovsg,453,stonework,0_0_109,0_0,1,0.25771586691507575
00847-bCPU9suPUw9,hovsg,453,stonework,0_0_31,0_0,2,0.2542104055269083
00847-bCPU9suPUw9,hovsg,453,stonework,0_0_27,0_0,3,0.2508109371480729
00847-bCPU9suPUw9,hovsg,453,stonework,0_0_105,0_0,4,0.24939766710099687
00847-bCPU9suPUw9,hovsg,453,stonework,0_0_108,0_0,5,0.24937565593644256
00847-bCPU9suPUw9,hovsg,454,stool,0_0_235,0_0,1,0.3029858117841431
00847-bCPU9suPUw9,hovsg,454,stool,0_0_4,0_0,2,0.29737902587729104
00847-bCPU9suPUw9,hovsg,454,stool,0_1_28,0_1,3,0.2886474470549659
00847-bCPU9suPUw9,hovsg,454,stool,1_4_359,1_4,4,0.2886178278586353
00847-bCPU9suPUw9,hovsg,454,stool,0_1_58,0_1,5,0.28006922294345793
00847-bCPU9suPUw9,hovsg,455,storage,1_4_279,1_4,1,0.27957993841206
00847-bCPU9suPUw9,hovsg,455,storage,1_4_18,1_4,2,0.27625975813369863
00847-bCPU9suPUw9,hovsg,455,storage,1_1_55,1_1,3,0.2748334738773645
00847-bCPU9suPUw9,hovsg,455,storage,1_4_278,1_4,4,0.2691909241976463
00847-bCPU9suPUw9,hovsg,455,storage,0_2_358,0_2,5,0.26633235927522564
00847-bCPU9suPUw9,hovsg,456,strings,1_2_58,1_2,1,0.24837239832559613
00847-bCPU9suPUw9,hovsg,456,strings,1_2_67,1_2,2,0.2359299824894589
00847-bCPU9suPUw9,hovsg,456,strings,1_4_327,1_4,3,0.21650336109225896
00847-bCPU9suPUw9,hovsg,456,strings,1_3_13,1_3,4,0.21392013680218228
00847-bCPU9suPUw9,hovsg,456,strings,0_0_141,0_0,5,0.20717471839861734
00847-bCPU9suPUw9,hovsg,457,stroke,0_1_52,0_1,1,0.24479835157768992
00847-bCPU9suPUw9,hovsg,457,stroke,1_4_328,1_4,2,0.23943814013807035
00847-bCPU9suPUw9,hovsg,457,stroke,0_2_292,0_2,3,0.23700193022015575
00847-bCPU9suPUw9,hovsg,457,stroke,0_0_117,0_0,4,0.2363001502896988
00847-bCPU9suPUw9,hovsg,457,stroke,1_3_13,1_3,5,0.23478227516832728
00847-bCPU9suPUw9,hovsg,458,sunbed,0_2_108,0_2,1,0.260547871996075
00847-bCPU9suPUw9,hovsg,458,sunbed,1_4_278,1_4,2,0.25944866362720054
00847-bCPU9suPUw9,hovsg,458,sunbed,1_4_240,1_4,3,0.2554505727318527
00847-bCPU9suPUw9,hovsg,458,sunbed,1_4_283,1_4,4,0.25409872986051707
00847-bCPU9suPUw9,hovsg,458,sunbed,1_4_236,1_4,5,0.25358995680550944
00847-bCPU9suPUw9,hovsg,459,support,1_3_60,1_3,1,0.24095076580717253
00847-bCPU9suPUw9,hovsg,459,support,1_3_4,1_3,2,0.240859938396101
00847-bCPU9suPUw9,hovsg,459,support,1_4_333,1_4,3,0.2397440514108276
00847-bCPU9suPUw9,hovsg,459,support,0_1_52,0_1,4,0.23748743096664346
00847-bCPU9suPUw9,hovsg,459,support,1_3_5,1_3,5,0.23494238599739545
00847-bCPU9suPUw9,hovsg,460,surface,0_0_132,0_0,1,0.27659831342943036
00847-bCPU9suPUw9,hovsg,460,surface,0_2_350,0_2,2,0.2740647740676582
00847-bCPU9suPUw9,hovsg,460,surface,0_2_299,0_2,3,0.2724774871878251
00847-bCPU9suPUw9,hovsg,460,surface,1_4_328,1_4,4,0.27136968929344985
00847-bCPU9suPUw9,hovsg,460,surface,0_1_35,0_1,5,0.2699725554034058
00847-bCPU9suPUw9,hovsg,461,surfboard,1_4_328,1_4,1,0.24940140503089808
00847-bCPU9suPUw9,hovsg,461,surfboard,1_3_65,1_3,2,0.2460425133457159
00847-bCPU9suPUw9,hovsg,461,surfboard,1_4_283,1_4,3,0.24370827108930465
00847-bCPU9suPUw9,hovsg,461,surfboard,1_3_13,1_3,4,0.240193192730692
00847-bCPU9suPUw9,hovsg,461,surfboard,0_2_256,0_2,5,0.23391714665237545
00847-bCPU9suPUw9,hovsg,462,swing,0_2_76,0_2,1,0.23803045320371818
00847-bCPU9suPUw9,hovsg,462,swing,1_1_49,1_1,2,0.2312794874889428
00847-bCPU9suPUw9,hovsg,462,swing,0_0_123,0_0,3,0.2281986400046264
00847-bCPU9suPUw9,hovsg,462,swing,1_2_6,1_2,4,0.2271990111671427
00847-bCPU9suPUw9,hovsg,462,swing,0_1_58,0_1,5,0.22657689611872206
00847-bCPU9suPUw9,hovsg,463,switch,1_4_152,1_4,1,0.2867572839485317
00847-bCPU9suPUw9,hovsg,463,switch,0_2_230,0_2,2,0.28293507287291075
00847-bCPU9suPUw9,hovsg,463,switch,0_0_119,0_0,3,0.2803920623398064
00847-bCPU9suPUw9,hovsg,463,switch,1_4_256,1_4,4,0.2803844820589507
00847-bCPU9suPUw9,hovsg,463,switch,0_0_36,0_0,5,0.27080752483445397
00847-bCPU9suPUw9,hovsg,464,table,0_1_2,0_1,1,0.3133073039251442
00847-bCPU9suPUw9,hovsg,464,table,0_1_32,0_1,2,0.30593042622193123
00847-bCPU9suPUw9,hovsg,464,table,0_1_0,0_1,3,0.3045282876478774
00847-bCPU9suPUw9,hovsg,464,table,0_1_33,0_1,4,0.3044963934409253
00847-bCPU9suPUw9,hovsg,464,table,0_1_55,0_1,5,0.302768748199364
00847-bCPU9suPUw9,hovsg,465,table cloth,0_1_28,0_1,1,0.27311254419434344
00847-bCPU9suPUw9,hovsg,465,table cloth,0_1_33,0_1,2,0.2719036668055988
00847-bCPU9suPUw9,hovsg,465,table cloth,0_1_0,0_1,3,0.27186138154521283
00847-bCPU9suPUw9,hovsg,465,table cloth,0_1_55,0_1,4,0.27108803619170063
00847-bCPU9suPUw9,hovsg,465,table cloth,1_3_36,1_3,5,0.26793017251886697
00847-bCPU9suPUw9,hovsg,466,table pad,0_1_0,0_1,1,0.2865500700123327
00847-bCPU9suPUw9,hovsg,466,table pad,0_1_33,0_1,2,0.28581270567936606
00847-bCPU9suPUw9,hovsg,466,table pad,0_1_55,0_1,3,0.2828743346348595
00847-bCPU9suPUw9,hovsg,466,table pad,0_1_2,0_1,4,0.27949719365637316
00847-bCPU9suPUw9,hovsg,466,table pad,0_1_32,0_1,5,0.27408104099910524
00847-bCPU9suPUw9,hovsg,467,table stand,0_1_2,0_1,1,0.2945420794173355
00847-bCPU9suPUw9,hovsg,467,table stand,0_1_32,0_1,2,0.2898238503762649
00847-bCPU9suPUw9,hovsg,467,table stand,0_0_4,0_0,3,0.2884102513291906
00847-bCPU9suPUw9,hovsg,467,table stand,0_0_222,0_0,4,0.277894928678327
00847-bCPU9suPUw9,hovsg,467,table stand,0_1_28,0_1,5,0.2769854860195784
00847-bCPU9suPUw9,hovsg,468,table tennis table,0_1_28,0_1,1,0.2670113184170855
00847-bCPU9suPUw9,hovsg,468,table tennis table,1_3_101,1_3,2,0.2527592883532747
00847-bCPU9suPUw9,hovsg,468,table tennis table,0_1_2,0_1,3,0.2486247673625907
00847-bCPU9suPUw9,hovsg,468,table tennis table,1_4_240,1_4,4,0.2246897690339709
00847-bCPU9suPUw9,hovsg,468,table tennis table,1_4_236,1_4,5,0.22237072405311223
00847-bCPU9suPUw9,hovsg,469,tablet,0_0_4,0_0,1,0.2633930638901693
00847-bCPU9suPUw9,hovsg,469,tablet,1_4_91,1_4,2,0.2626455459084417
00847-bCPU9suPUw9,hovsg,469,tablet,1_1_65,1_1,3,0.260634141124236
00847-bCPU9suPUw9,hovsg,469,tablet,1_4_172,1_4,4,0.25845855547683055
00847-bCPU9suPUw9,hovsg,469,tablet,1_3_49,1_3,5,0.2578126829664119
00847-bCPU9suPUw9,hovsg,470,tambourine,0_0_49,0_0,1,0.26619768175324304
00847-bCPU9suPUw9,hovsg,470,tambourine,1_2_7,1_2,2,0.24448968485123423
00847-bCPU9suPUw9,hovsg,470,tambourine,0_0_20,0_0,3,0.23532443597458108
00847-bCPU9suPUw9,hovsg,470,tambourine,0_2_292,0_2,4,0.21861336194772357
00847-bCPU9suPUw9,hovsg,470,tambourine,1_4_359,1_4,5,0.20572941807350797
00847-bCPU9suPUw9,hovsg,471,tea set,0_1_21,0_1,1,0.20909969777163773
00847-bCPU9suPUw9,hovsg,471,tea set,0_0_4,0_0,2,0.19871386977773403
00847-bCPU9suPUw9,hovsg,471,tea set,0_1_13,0_1,3,0.19815892540489755
00847-bCPU9suPUw9,hovsg,471,tea set,0_1_58,0_1,4,0.19541208702851787
00847-bCPU9suPUw9,hovsg,471,tea set,0_2_88,0_2,5,0.19482597915032188
00847-bCPU9suPUw9,hovsg,472,telescope,1_2_6,1_2,1,0.24683618488662604
00847-bCPU9suPUw9,hovsg,472,telescope,0_0_121,0_0,2,0.24510733571939125
00847-bCPU9suPUw9,hovsg,472,telescope,0_1_57,0_1,3,0.2222243659948977
00847-bCPU9suPUw9,hovsg,472,telescope,0_2_164,0_2,4,0.21740885234793073
00847-bCPU9suPUw9,hovsg,472,telescope,0_2_284,0_2,5,0.2085935643790603
00847-bCPU9suPUw9,hovsg,473,tennis racket,0_0_49,0_0,1,0.19902864670412346
00847-bCPU9suPUw9,hovsg,474,tent,1_1_31,1_1,1,0.22963246930842218
00847-bCPU9suPUw9,hovsg,474,tent,1_1_36,1_1,2,0.2272290766485176
00847-bCPU9suPUw9,hovsg,474,tent,0_2_292,0_2,3,0.21048408395410875
00847-bCPU9suPUw9,hovsg,474,tent,0_0_141,0_0,4,0.2017658609337874
00847-bCPU9suPUw9,hovsg,475,thermometer,0_0_131,0_0,1,0.22705265960711024
00847-bCPU9suPUw9,hovsg,475,thermometer,1_2_53,1_2,2,0.2268169158686516
00847-bCPU9suPUw9,hovsg,475,thermometer,1_0_17,1_0,3,0.20930978364087005
00847-bCPU9suPUw9,hovsg,475,thermometer,1_2_7,1_2,4,0.2031030081089968
00847-bCPU9suPUw9,hovsg,476,thermostat,0_2_114,0_2,1,0.2741383312554635
00847-bCPU9suPUw9,hovsg,476,thermostat,0_2_187,0_2,2,0.26645158314535716
00847-bCPU9suPUw9,hovsg,476,thermostat,0_0_131,0_0,3,0.26558325604581146
00847-bCPU9suPUw9,hovsg,476,thermostat,0_0_36,0_0,4,0.2593274693529407
00847-bCPU9suPUw9,hovsg,476,thermostat,0_2_128,0_2,5,0.2589066292574658
00847-bCPU9suPUw9,hovsg,477,three,0_2_245,0_2,1,0.25580219636594964
00847-bCPU9suPUw9,hovsg,477,three,0_2_217,0_2,2,0.24922259208109626
00847-bCPU9suPUw9,hovsg,477,three,0_2_216,0_2,3,0.24788147912879216
00847-bCPU9suPUw9,hovsg,477,three,0_2_88,0_2,4,0.24753884731071613
00847-bCPU9suPUw9,hovsg,477,three,0_0_117,0_0,5,0.2459382426605054
00847-bCPU9suPUw9,hovsg,478,tile,0_1_37,0_1,1,0.35941704380644074
00847-bCPU9suPUw9,hovsg,478,tile,0_1_46,0_1,2,0.34767254604031067
00847-bCPU9suPUw9,hovsg,478,tile,0_1_42,0_1,3,0.3459583769377982
00847-bCPU9suPUw9,hovsg,478,tile,0_1_34,0_1,4,0.34565276848510923
00847-bCPU9suPUw9,hovsg,478,tile,0_1_44,0_1,5,0.3419395926843751
00847-bCPU9suPUw9,hovsg,479,tire,1_4_327,1_4,1,0.25071142743753716
00847-bCPU9suPUw9,hovsg,479,tire,1_4_40,1_4,2,0.24685261683533083
00847-bCPU9suPUw9,hovsg,479,tire,1_4_359,1_4,3,0.23068812780499423
00847-bCPU9suPUw9,hovsg,479,tire,1_4_20,1_4,4,0.23048867471109002
00847-bCPU9suPUw9,hovsg,479,tire,0_0_184,0_0,5,0.22931990219716708
00847-bCPU9suPUw9,hovsg,480,tissue,1_3_78,1_3,1,0.2970453223899847
00847-bCPU9suPUw9,hovsg,480,tissue,1_3_13,1_3,2,0.2938884860621501
00847-bCPU9suPUw9,hovsg,480,tissue,1_4_165,1_4,3,0.2916434334455307
00847-bCPU9suPUw9,hovsg,480,tissue,0_0_107,0_0,4,0.28757407988359474
00847-bCPU9suPUw9,hovsg,480,tissue,1_4_162,1_4,5,0.286537768035673
00847-bCPU9suPUw9,hovsg,481,title,0_1_21,0_1,1,0.2854766470955849
00847-bCPU9suPUw9,hovsg,481,title,0_0_185,0_0,2,0.28546432962647117
00847-bCPU9suPUw9,hovsg,481,title,0_1_37,0_1,3,0.282460832234513
00847-bCPU9suPUw9,hovsg,481,title,1_4_172,1_4,4,0.2812723867578958
00847-bCPU9suPUw9,hovsg,481,title,0_0_198,0_0,5,0.28049397356466876
00847-bCPU9suPUw9,hovsg,482,toaster,0_2_88,0_2,1,0.2794459833060987
00847-bCPU9suPUw9,hovsg,482,toaster,0_2_134,0_2,2,0.26364822150063794
00847-bCPU9suPUw9,hovsg,482,toaster,1_4_3,1_4,3,0.2625415317158091
00847-bCPU9suPUw9,hovsg,482,toaster,0_2_54,0_2,4,0.2621498902684004
00847-bCPU9suPUw9,hovsg,482,toaster,1_3_4,1_3,5,0.2573265090157072
00847-bCPU9suPUw9,hovsg,483,toaster oven,0_0_204,0_0,1,0.29429192662048537
00847-bCPU9suPUw9,hovsg,483,toaster oven,0_0_195,0_0,2,0.29399185491209234
00847-bCPU9suPUw9,hovsg,483,toaster oven,0_0_210,0_0,3,0.2938685398205683
00847-bCPU9suPUw9,hovsg,483,toaster oven,0_0_166,0_0,4,0.28770263034259463
00847-bCPU9suPUw9,hovsg,483,toaster oven,0_0_255,0_0,5,0.28552800406710616
00847-bCPU9suPUw9,hovsg,484,toilet,1_0_7,1_0,1,0.3383995923203956
00847-bCPU9suPUw9,hovsg,484,toilet,1_4_74,1_4,2,0.3259208990986272
00847-bCPU9suPUw9,hovsg,484,toilet,0_0_87,0_0,3,0.3248007712773381
00847-bCPU9suPUw9,hovsg,484,toilet,0_0_112,0_0,4,0.31517705108041566
00847-bCPU9suPUw9,hovsg,484,toilet,0_0_10,0_0,5,0.3148396167670081
00847-bCPU9suPUw9,hovsg,485,toilet brush,0_0_87,0_0,1,0.28855199562241496
00847-bCPU9suPUw9,hovsg,485,toilet brush,0_0_112,0_0,2,0.28603366646069855
00847-bCPU9suPUw9,hovsg,485,toilet brush,1_4_165,1_4,3,0.27931051985541244
00847-bCPU9suPUw9,hovsg,485,toilet brush,1_4_176,1_4,4,0.27740112532391553
00847-bCPU9suPUw9,hovsg,485,toilet brush,0_0_10,0_0,5,0.2773716243876482
00847-bCPU9suPUw9,hovsg,486,toilet cleaner,0_0_87,0_0,1,0.2948974212729141
00847-bCPU9suPUw9,hovsg,486,toilet cleaner,0_0_112,0_0,2,0.2910461092878889
00847-bCPU9suPUw9,hovsg,486,toilet cleaner,1_0_7,1_0,3,0.2894829182527473
00847-bCPU9suPUw9,hovsg,486,toilet cleaner,1_4_74,1_4,4,0.27899935484516836
00847-bCPU9suPUw9,hovsg,486,toilet cleaner,0_0_10,0_0,5,0.2737339960110641
00847-bCPU9suPUw9,hovsg,487,toilet paper,1_0_7,1_0,1,0.31321016177713956
00847-bCPU9suPUw9,hovsg,487,toilet paper,1_4_176,1_4,2,0.30939745657310974
00847-bCPU9suPUw9,hovsg,487,toilet paper,0_0_101,0_0,3,0.3081300180279628
00847-bCPU9suPUw9,hovsg,487,toilet paper,1_4_162,1_4,4,0.30735402499857006
00847-bCPU9suPUw9,hovsg,487,toilet paper,1_4_74,1_4,5,0.3064840370301436
00847-bCPU9suPUw9,hovsg,488,toiletry,0_0_87,0_0,1,0.2603509322730491
00847-bCPU9suPUw9,hovsg,488,toiletry,1_4_155,1_4,2,0.2589799092456162
00847-bCPU9suPUw9,hovsg,488,toiletry,1_4_360,1_4,3,0.2572787075184731
00847-bCPU9suPUw9,hovsg,488,toiletry,0_0_10,0_0,4,0.2569236129498044
00847-bCPU9suPUw9,hovsg,488,toiletry,1_4_325,1_4,5,0.2552432937960897
00847-bCPU9suPUw9,hovsg,489,tool,0_2_76,0_2,1,0.2733907279778368
00847-bCPU9suPUw9,hovsg,489,tool,1_3_65,1_3,2,0.265559069347569
00847-bCPU9suPUw9,hovsg,489,tool,1_1_62,1_1,3,0.2647687381749194
00847-bCPU9suPUw9,hovsg,489,tool,0_2_50,0_2,4,0.2630753207231885
00847-bCPU9suPUw9,hovsg,489,tool,1_4_237,1_4,5,0.2614935919634129
00847-bCPU9suPUw9,hovsg,490,tool rack,1_4_240,1_4,1,0.23386868670961652
00847-bCPU9suPUw9,hovsg,490,tool rack,1_4_236,1_4,2,0.22909531301514802
00847-bCPU9suPUw9,hovsg,490,tool rack,1_4_81,1_4,3,0.21053251873189943
00847-bCPU9suPUw9,hovsg,491,toothbrush,1_4_333,1_4,1,0.23978487521248654
00847-bCPU9suPUw9,hovsg,491,toothbrush,0_2_275,0_2,2,0.23229641443382035
00847-bCPU9suPUw9,hovsg,491,toothbrush,0_0_112,0_0,3,0.23156521647950884
00847-bCPU9suPUw9,hovsg,491,toothbrush,0_0_87,0_0,4,0.23097550676719342
00847-bCPU9suPUw9,hovsg,491,toothbrush,1_0_9,1_0,5,0.230183444144116
00847-bCPU9suPUw9,hovsg,492,toothpaste,1_4_333,1_4,1,0.262184655523089
00847-bCPU9suPUw9,hovsg,492,toothpaste,1_3_60,1_3,2,0.2616811056718409
00847-bCPU9suPUw9,hovsg,492,toothpaste,1_4_165,1_4,3,0.26149290415367654
00847-bCPU9suPUw9,hovsg,492,toothpaste,0_0_107,0_0,4,0.26130503773188923
00847-bCPU9suPUw9,hovsg,492,toothpaste,1_4_328,1_4,5,0.25699019276338264
00847-bCPU9suPUw9,hovsg,493,towel,1_4_33,1_4,1,0.28845000960429207
00847-bCPU9suPUw9,hovsg,493,towel,1_4_294,1_4,2,0.27262302229459
00847-bCPU9suPUw9,hovsg,493,towel,1_4_360,1_4,3,0.2692959590123374
00847-bCPU9suPUw9,hovsg,493,towel,1_4_37,1_4,4,0.2683297757651195
00847-bCPU9suPUw9,hovsg,493,towel,0_0_250,0_0,5,0.26817533522245984
00847-bCPU9suPUw9,hovsg,494,towel bar,1_4_120,1_4,1,0.28355056996866146
00847-bCPU9suPUw9,hovsg,494,towel bar,1_4_313,1_4,2,0.28316487608730684
00847-bCPU9suPUw9,hovsg,494,towel bar,1_4_155,1_4,3,0.2807372230295078
00847-bCPU9suPUw9,hovsg,494,towel bar,1_4_360,1_4,4,0.2803407940527558
00847-bCPU9suPUw9,hovsg,494,towel bar,1_4_364,1_4,5,0.27577931334870925
00847-bCPU9suPUw9,hovsg,495,toy,0_0_95,0_0,1,0.246453473197129
00847-bCPU9suPUw9,hovsg,495,toy,1_1_48,1_1,2,0.24196678646202852
00847-bCPU9suPUw9,hovsg,495,toy,1_1_47,1_1,3,0.24053993046454034
00847-bCPU9suPUw9,hovsg,495,toy,0_2_30,0_2,4,0.23383831512929792
00847-bCPU9suPUw9,hovsg,495,toy,0_0_211,0_0,5,0.23222396623295316
00847-bCPU9suPUw9,hovsg,496,traffic cone,0_0_20,0_0,1,0.21769030411443208
00847-bCPU9suPUw9,hovsg,496,traffic cone,1_1_12,1_1,2,0.21052978051388693
00847-bCPU9suPUw9,hovsg,496,traffic cone,0_0_117,0_0,3,0.20854629160623783
00847-bCPU9suPUw9,hovsg,496,traffic cone,0_2_136,0_2,4,0.20503069034304408
00847-bCPU9suPUw9,hovsg,496,traffic cone,1_4_328,1_4,5,0.20437113827602105
00847-bCPU9suPUw9,hovsg,497,trampoline,1_4_240,1_4,1,0.22454317562951986
00847-bCPU9suPUw9,hovsg,497,trampoline,1_4_236,1_4,2,0.221788147513419
00847-bCPU9suPUw9,hovsg,497,trampoline,0_0_49,0_0,3,0.2133233335955266
00847-bCPU9suPUw9,hovsg,497,trampoline,1_4_81,1_4,4,0.19804497435272694
00847-bCPU9suPUw9,hovsg,498,trash bag,1_4_20,1_4,1,0.3052897616876461
00847-bCPU9suPUw9,hovsg,498,trash bag,0_0_203,0_0,2,0.2913141005588714
00847-bCPU9suPUw9,hovsg,498,trash bag,0_0_211,0_0,3,0.2885470706174632
00847-bCPU9suPUw9,hovsg,498,trash bag,0_0_151,0_0,4,0.2839434550706622
00847-bCPU9suPUw9,hovsg,498,trash bag,0_0_205,0_0,5,0.28379280584003136
00847-bCPU9suPUw9,hovsg,499,tray,0_0_4,0_0,1,0.2748321957133338
00847-bCPU9suPUw9,hovsg,499,tray,0_2_108,0_2,2,0.2659012351312921
00847-bCPU9suPUw9,hovsg,499,tray,0_0_20,0_0,3,0.2630484814975691
00847-bCPU9suPUw9,hovsg,499,tray,0_0_107,0_0,4,0.25846303869209514
00847-bCPU9suPUw9,hovsg,499,tray,1_4_283,1_4,5,0.2524186895571304
00847-bCPU9suPUw9,hovsg,500,treadmill,1_4_283,1_4,1,0.2514484098257573
00847-bCPU9suPUw9,hovsg,500,treadmill,0_2_134,0_2,2,0.24921027189579667
00847-bCPU9suPUw9,hovsg,500,treadmill,0_2_88,0_2,3,0.24801449254728228
00847-bCPU9suPUw9,hovsg,500,treadmill,0_2_54,0_2,4,0.24667679301939396
00847-bCPU9suPUw9,hovsg,500,treadmill,1_4_279,1_4,5,0.24414350693187364
00847-bCPU9suPUw9,hovsg,501,tree,0_2_338,0_2,1,0.26229583970878334
00847-bCPU9suPUw9,hovsg,501,tree,1_3_13,1_3,2,0.21796516516480835
00847-bCPU9suPUw9,hovsg,502,tree branch,0_2_172,0_2,1,0.2174009564650415
00847-bCPU9suPUw9,hovsg,503,trimmer,1_4_155,1_4,1,0.24093052828270758
00847-bCPU9suPUw9,hovsg,503,trimmer,1_2_53,1_2,2,0.23718088741848198
00847-bCPU9suPUw9,hovsg,503,trimmer,1_4_327,1_4,3,0.22919287976769323
00847-bCPU9suPUw9,hovsg,503,trimmer,0_2_275,0_2,4,0.2210759766801221
00847-bCPU9suPUw9,hovsg,503,trimmer,0_2_128,0_2,5,0.21950957338458915
00847-bCPU9suPUw9,hovsg,504,tripod,0_2_76,0_2,1,0.2947320804453217
00847-bCPU9suPUw9,hovsg,504,tripod,0_1_58,0_1,2,0.2748206341470651
00847-bCPU9suPUw9,hovsg,504,tripod,1_1_49,1_1,3,0.2742316776379227
00847-bCPU9suPUw9,hovsg,504,tripod,0_0_222,0_0,4,0.27362096933311425
00847-bCPU9suPUw9,hovsg,504,tripod,0_2_111,0_2,5,0.2700327768046515
00847-bCPU9suPUw9,hovsg,505,trolley,1_4_77,1_4,1,0.23032144679698766
00847-bCPU9suPUw9,hovsg,505,trolley,1_4_76,1_4,2,0.226749218995612
00847-bCPU9suPUw9,hovsg,505,trolley,1_4_169,1_4,3,0.22095726187048684
00847-bCPU9suPUw9,hovsg,505,trolley,1_4_16,1_4,4,0.22006890344416902
00847-bCPU9suPUw9,hovsg,505,trolley,1_4_73,1_4,5,0.2183495188286141
00847-bCPU9suPUw9,hovsg,506,trombone,0_2_76,0_2,1,0.26891232657384667
00847-bCPU9suPUw9,hovsg,506,trombone,0_2_136,0_2,2,0.26347100543672125
00847-bCPU9suPUw9,hovsg,506,trombone,1_4_328,1_4,3,0.2623044348914063
00847-bCPU9suPUw9,hovsg,506,trombone,1_2_58,1_2,4,0.261314902196512
00847-bCPU9suPUw9,hovsg,506,trombone,1_2_6,1_2,5,0.25985566959871775
00847-bCPU9suPUw9,hovsg,507,trophy,0_2_88,0_2,1,0.2771183604119284
00847-bCPU9suPUw9,hovsg,507,trophy,0_0_211,0_0,2,0.27144121308706154
00847-bCPU9suPUw9,hovsg,507,trophy,1_4_27,1_4,3,0.26805131947339994
00847-bCPU9suPUw9,hovsg,507,trophy,1_4_226,1_4,4,0.26679392320858936
00847-bCPU9suPUw9,hovsg,507,trophy,1_4_39,1_4,5,0.26648429377291655
00847-bCPU9suPUw9,hovsg,508,trough,0_0_107,0_0,1,0.28046941563631983
00847-bCPU9suPUw9,hovsg,508,trough,0_0_146,0_0,2,0.2765644705019771
00847-bCPU9suPUw9,hovsg,508,trough,0_2_341,0_2,3,0.2742658446155008
00847-bCPU9suPUw9,hovsg,508,trough,0_2_108,0_2,4,0.2728947459869935
00847-bCPU9suPUw9,hovsg,508,trough,0_1_35,0_1,5,0.27253695237225856
00847-bCPU9suPUw9,hovsg,509,trumpet,1_0_43,1_0,1,0.2405315333220083
00847-bCPU9suPUw9,hovsg,509,trumpet,1_4_328,1_4,2,0.2359310785717444
00847-bCPU9suPUw9,hovsg,509,trumpet,0_2_30,0_2,3,0.22845866401315545
00847-bCPU9suPUw9,hovsg,509,trumpet,0_0_141,0_0,4,0.21571875284392755
00847-bCPU9suPUw9,hovsg,509,trumpet,1_2_7,1_2,5,0.2055447994092453
00847-bCPU9suPUw9,hovsg,510,tv,1_1_16,1_1,1,0.3006089104165529
00847-bCPU9suPUw9,hovsg,510,tv,1_1_65,1_1,2,0.2989367852388729
00847-bCPU9suPUw9,hovsg,510,tv,1_1_82,1_1,3,0.2988008374418394
00847-bCPU9suPUw9,hovsg,510,tv,1_1_71,1_1,4,0.29648654843761957
00847-bCPU9suPUw9,hovsg,510,tv,1_4_272,1_4,5,0.2885493933180109
00847-bCPU9suPUw9,hovsg,511,tv stand,1_4_76,1_4,1,0.2974984216675918
00847-bCPU9suPUw9,hovsg,511,tv stand,1_4_73,1_4,2,0.29260395496452385
00847-bCPU9suPUw9,hovsg,511,tv stand,1_4_77,1_4,3,0.29195409611125206
00847-bCPU9suPUw9,hovsg,511,tv stand,1_4_49,1_4,4,0.2897545379048471
00847-bCPU9suPUw9,hovsg,511,tv stand,1_4_16,1_4,5,0.27994206566282376
00847-bCPU9suPUw9,hovsg,512,typewriter,0_2_88,0_2,1,0.25509059713316534
00847-bCPU9suPUw9,hovsg,512,typewriter,0_1_23,0_1,2,0.245202992407141
00847-bCPU9suPUw9,hovsg,512,typewriter,0_1_28,0_1,3,0.24410592247047322
00847-bCPU9suPUw9,hovsg,512,typewriter,0_2_54,0_2,4,0.2361342974495522
00847-bCPU9suPUw9,hovsg,512,typewriter,0_2_102,0_2,5,0.2301630234698757
00847-bCPU9suPUw9,hovsg,513,ukulele,0_1_58,0_1,1,0.23403295684149614
00847-bCPU9suPUw9,hovsg,513,ukulele,1_2_58,1_2,2,0.22896303029949164
00847-bCPU9suPUw9,hovsg,513,ukulele,0_0_20,0_0,3,0.22407200760524776
00847-bCPU9suPUw9,hovsg,513,ukulele,0_1_21,0_1,4,0.2205683115258259
00847-bCPU9suPUw9,hovsg,513,ukulele,1_2_6,1_2,5,0.21812220226541942
00847-bCPU9suPUw9,hovsg,514,umbrella,1_4_55,1_4,1,0.2649465767318581
00847-bCPU9suPUw9,hovsg,514,umbrella,0_2_46,0_2,2,0.2551242514563556
00847-bCPU9suPUw9,hovsg,514,umbrella,1_4_241,1_4,3,0.25110924250485356
00847-bCPU9suPUw9,hovsg,514,umbrella,0_2_122,0_2,4,0.2463923368610511
00847-bCPU9suPUw9,hovsg,514,umbrella,1_3_118,1_3,5,0.24162286539881864
00847-bCPU9suPUw9,hovsg,515,umbrella stand,1_4_279,1_4,1,0.2530198899964422
00847-bCPU9suPUw9,hovsg,515,umbrella stand,0_1_28,0_1,2,0.249252818326909
00847-bCPU9suPUw9,hovsg,515,umbrella stand,1_4_155,1_4,3,0.24258825297250092
00847-bCPU9suPUw9,hovsg,515,umbrella stand,1_4_18,1_4,4,0.24048451026063516
00847-bCPU9suPUw9,hovsg,515,umbrella stand,1_4_6,1_4,5,0.23275183024121807
00847-bCPU9suPUw9,hovsg,516,unknown,1_4_40,1_4,1,0.26941449039855536
00847-bCPU9suPUw9,hovsg,516,unknown,1_4_287,1_4,2,0.26494235550417705
00847-bCPU9suPUw9,hovsg,516,unknown,1_4_226,1_4,3,0.26394036928142556
00847-bCPU9suPUw9,hovsg,516,unknown,1_4_39,1_4,4,0.263891695503602
00847-bCPU9suPUw9,hovsg,516,unknown,0_2_88,0_2,5,0.26302342713844307
00847-bCPU9suPUw9,hovsg,517,vacuum cleaner,0_0_184,0_0,1,0.2242035016889098
00847-bCPU9suPUw9,hovsg,517,vacuum cleaner,1_4_327,1_4,2,0.21832451581666731
00847-bCPU9suPUw9,hovsg,518,vanity,1_0_5,1_0,1,0.28095910467950225
00847-bCPU9suPUw9,hovsg,518,vanity,1_0_30,1_0,2,0.2789994382576477
00847-bCPU9suPUw9,hovsg,518,vanity,1_0_46,1_0,3,0.27793720803615674
00847-bCPU9suPUw9,hovsg,518,vanity,1_4_169,1_4,4,0.2741855392915693
00847-bCPU9suPUw9,hovsg,518,vanity,1_0_2,1_0,5,0.2740057174427397
00847-bCPU9suPUw9,hovsg,519,vase,0_2_88,0_2,1,0.27075374094482846
00847-bCPU9suPUw9,hovsg,519,vase,0_0_211,0_0,2,0.2702773475231659
00847-bCPU9suPUw9,hovsg,519,vase,0_2_30,0_2,3,0.2701517566986206
00847-bCPU9suPUw9,hovsg,519,vase,1_3_4,1_3,4,0.26900969241759887
00847-bCPU9suPUw9,hovsg,519,vase,0_1_25,0_1,5,0.26881411510951536
00847-bCPU9suPUw9,hovsg,520,vegetables,0_0_20,0_0,1,0.2040240425453662
00847-bCPU9suPUw9,hovsg,520,vegetables,1_4_330,1_4,2,0.18505693588604216
00847-bCPU9suPUw9,hovsg,520,vegetables,0_0_121,0_0,3,0.1847254222311313
00847-bCPU9suPUw9,hovsg,520,vegetables,0_2_292,0_2,4,0.1799735599246369
00847-bCPU9suPUw9,hovsg,520,vegetables,0_1_21,0_1,5,0.17926301361413324
00847-bCPU9suPUw9,hovsg,521,vessel,0_0_212,0_0,1,0.24658979924966137
00847-bCPU9suPUw9,hovsg,521,vessel,0_0_97,0_0,2,0.2461870403179348
00847-bCPU9suPUw9,hovsg,521,vessel,1_4_165,1_4,3,0.2452233213638549
00847-bCPU9suPUw9,hovsg,521,vessel,0_0_211,0_0,4,0.2450783967023692
00847-bCPU9suPUw9,hovsg,521,vessel,1_3_13,1_3,5,0.23718334560926738
00847-bCPU9suPUw9,hovsg,522,vinyl records,0_1_21,0_1,1,0.22426563276086514
00847-bCPU9suPUw9,hovsg,522,vinyl records,0_2_136,0_2,2,0.2177625880017123
00847-bCPU9suPUw9,hovsg,522,vinyl records,1_4_282,1_4,3,0.21162548713602405
00847-bCPU9suPUw9,hovsg,522,vinyl records,1_4_283,1_4,4,0.21038774015757972
00847-bCPU9suPUw9,hovsg,522,vinyl records,1_4_17,1_4,5,0.21026941940348737
00847-bCPU9suPUw9,hovsg,523,violin,1_2_58,1_2,1,0.2763054569260396
00847-bCPU9suPUw9,hovsg,523,violin,1_2_6,1_2,2,0.2519745251704679
00847-bCPU9suPUw9,hovsg,523,violin,1_4_209,1_4,3,0.24943834723860242
00847-bCPU9suPUw9,hovsg,523,violin,0_1_52,0_1,4,0.24932775597205575
00847-bCPU9suPUw9,hovsg,523,violin,0_2_13,0_2,5,0.24433324505250592
00847-bCPU9suPUw9,hovsg,524,violin case,1_2_58,1_2,1,0.25910590565522473
00847-bCPU9suPUw9,hovsg,524,violin case,1_4_20,1_4,2,0.2534459272968
00847-bCPU9suPUw9,hovsg,524,violin case,1_4_283,1_4,3,0.25109888724383966
00847-bCPU9suPUw9,hovsg,524,violin case,1_4_209,1_4,4,0.24886579508966528
00847-bCPU9suPUw9,hovsg,524,violin case,0_2_108,0_2,5,0.24743148615370394
00847-bCPU9suPUw9,hovsg,525,waffle iron,0_0_206,0_0,1,0.23977811398491689
00847-bCPU9suPUw9,hovsg,525,waffle iron,0_0_173,0_0,2,0.23455207436944372
00847-bCPU9suPUw9,hovsg,525,waffle iron,0_0_202,0_0,3,0.23419811400057794
00847-bCPU9suPUw9,hovsg,525,waffle iron,0_0_249,0_0,4,0.2327952454808275
00847-bCPU9suPUw9,hovsg,525,waffle iron,0_0_20,0_0,5,0.23222328714437493
00847-bCPU9suPUw9,hovsg,526,wardrobe,1_2_30,1_2,1,0.2645999664600112
00847-bCPU9suPUw9,hovsg,526,wardrobe,1_4_232,1_4,2,0.2636924724449343
00847-bCPU9suPUw9,hovsg,526,wardrobe,1_4_208,1_4,3,0.2613606226561621
00847-bCPU9suPUw9,hovsg,526,wardrobe,1_4_279,1_4,4,0.2605136863094755
00847-bCPU9suPUw9,hovsg,526,wardrobe,1_4_278,1_4,5,0.25908370574328715
00847-bCPU9suPUw9,hovsg,527,washing machine,1_4_327,1_4,1,0.2838817220200473
00847-bCPU9suPUw9,hovsg,527,washing machine,1_3_56,1_3,2,0.2449270094128692
00847-bCPU9suPUw9,hovsg,527,washing machine,1_3_4,1_3,3,0.24464626010392634
00847-bCPU9suPUw9,hovsg,527,washing machine,0_0_121,0_0,4,0.24033854452791073
00847-bCPU9suPUw9,hovsg,527,washing machine,1_3_49,1_3,5,0.2286071060127136
00847-bCPU9suPUw9,hovsg,528,washing powder,1_4_327,1_4,1,0.2713659271589588
00847-bCPU9suPUw9,hovsg,528,washing powder,0_0_203,0_0,2,0.2672969184720111
00847-bCPU9suPUw9,hovsg,528,washing powder,1_3_4,1_3,3,0.2539052426193672
00847-bCPU9suPUw9,hovsg,528,washing powder,1_4_333,1_4,4,0.2517575380590813
00847-bCPU9suPUw9,hovsg,528,washing powder,1_4_331,1_4,5,0.25057753787479087
00847-bCPU9suPUw9,hovsg,529,washing stuff,1_4_327,1_4,1,0.26712014763069597
00847-bCPU9suPUw9,hovsg,529,washing stuff,1_4_333,1_4,2,0.23943169482640458
00847-bCPU9suPUw9,hovsg,529,washing stuff,0_0_205,0_0,3,0.23833426646657208
00847-bCPU9suPUw9,hovsg,529,washing stuff,0_0_203,0_0,4,0.23034872824467445
00847-bCPU9suPUw9,hovsg,529,washing stuff,1_3_13,1_3,5,0.2190107152259283
00847-bCPU9suPUw9,hovsg,530,watch,1_4_11,1_4,1,0.21646080870952034
00847-bCPU9suPUw9,hovsg,530,watch,1_4_12,1_4,2,0.21594615747931223
00847-bCPU9suPUw9,hovsg,530,watch,0_2_100,0_2,3,0.21498934119611302
00847-bCPU9suPUw9,hovsg,530,watch,1_4_6,1_4,4,0.21477744508254237
00847-bCPU9suPUw9,hovsg,530,watch,1_4_250,1_4,5,0.2145873579504915
00847-bCPU9suPUw9,hovsg,531,water dispenser,1_4_155,1_4,1,0.26649966690160787
00847-bCPU9suPUw9,hovsg,531,water dispenser,1_3_4,1_3,2,0.2577186163957366
00847-bCPU9suPUw9,hovsg,531,water dispenser,1_3_60,1_3,3,0.2481802194662554
00847-bCPU9suPUw9,hovsg,531,water dispenser,1_4_156,1_4,4,0.2422320003732966
00847-bCPU9suPUw9,hovsg,531,water dispenser,1_3_56,1_3,5,0.23747533866988468
00847-bCPU9suPUw9,hovsg,532,water heater,0_0_203,0_0,1,0.28521426353818385
00847-bCPU9suPUw9,hovsg,532,water heater,0_2_247,0_2,2,0.2758632322292677
00847-bCPU9suPUw9,hovsg,532,water heater,1_3_4,1_3,3,0.2725567824177816
00847-bCPU9suPUw9,hovsg,532,water heater,1_4_156,1_4,4,0.27246829102154546
00847-bCPU9suPUw9,hovsg,532,water heater,1_4_155,1_4,5,0.270765517783214
00847-bCPU9suPUw9,hovsg,533,water meter,0_0_92,0_0,1,0.24253111039592823
00847-bCPU9suPUw9,hovsg,533,water meter,1_4_92,1_4,2,0.24068117403887107
00847-bCPU9suPUw9,hovsg,533,water meter,0_0_117,0_0,3,0.24066404841954858
00847-bCPU9suPUw9,hovsg,533,water meter,1_4_155,1_4,4,0.23534109095382827
00847-bCPU9suPUw9,hovsg,533,water meter,1_4_173,1_4,5,0.23229236527896613
00847-bCPU9suPUw9,hovsg,534,water pump,1_4_318,1_4,1,0.22720621445631578
00847-bCPU9suPUw9,hovsg,535,water tank,1_3_4,1_3,1,0.25661473251117783
00847-bCPU9suPUw9,hovsg,535,water tank,0_2_287,0_2,2,0.2419549614735683
00847-bCPU9suPUw9,hovsg,535,water tank,0_2_233,0_2,3,0.23331434492591796
00847-bCPU9suPUw9,hovsg,535,water tank,0_0_203,0_0,4,0.23240914289046263
00847-bCPU9suPUw9,hovsg,535,water tank,1_3_56,1_3,5,0.22825719070929984
00847-bCPU9suPUw9,hovsg,536,watering can,0_2_30,0_2,1,0.24772257242947743
00847-bCPU9suPUw9,hovsg,536,watering can,0_0_212,0_0,2,0.24761666462016674
00847-bCPU9suPUw9,hovsg,536,watering can,0_0_211,0_0,3,0.2340415275824912
00847-bCPU9suPUw9,hovsg,536,watering can,1_4_126,1_4,4,0.22257883098784675
00847-bCPU9suPUw9,hovsg,536,watering can,0_2_290,0_2,5,0.21145915656616543
00847-bCPU9suPUw9,hovsg,537,weight,0_0_212,0_0,1,0.24659307947452072
00847-bCPU9suPUw9,hovsg,537,weight,0_0_211,0_0,2,0.24470407368645905
00847-bCPU9suPUw9,hovsg,537,weight,0_0_95,0_0,3,0.24213698569803893
00847-bCPU9suPUw9,hovsg,537,weight,1_4_92,1_4,4,0.24144535479415857
00847-bCPU9suPUw9,hovsg,537,weight,0_2_292,0_2,5,0.24008840352592467
00847-bCPU9suPUw9,hovsg,538,weight bench,1_4_20,1_4,1,0.24118405088954536
00847-bCPU9suPUw9,hovsg,538,weight bench,1_4_81,1_4,2,0.18488279781994416
00847-bCPU9suPUw9,hovsg,539,weights,0_0_211,0_0,1,0.22250277818091888
00847-bCPU9suPUw9,hovsg,540,wheel,0_0_49,0_0,1,0.2109580778523581
00847-bCPU9suPUw9,hovsg,540,wheel,1_2_7,1_2,2,0.2043981284945387
00847-bCPU9suPUw9,hovsg,541,wheelbarrow,1_3_13,1_3,1,0.21333393236477494
00847-bCPU9suPUw9,hovsg,541,wheelbarrow,0_0_141,0_0,2,0.19969825944047637
00847-bCPU9suPUw9,hovsg,541,wheelbarrow,1_4_359,1_4,3,0.19720154280039198
00847-bCPU9suPUw9,hovsg,542,window shade,0_0_242,0_0,1,0.2952004098506692
00847-bCPU9suPUw9,hovsg,542,window shade,0_0_230,0_0,2,0.2928459660383404
00847-bCPU9suPUw9,hovsg,542,window shade,1_1_84,1_1,3,0.2838256785847993
00847-bCPU9suPUw9,hovsg,542,window shade,0_0_243,0_0,4,0.2835750232587374
00847-bCPU9suPUw9,hovsg,542,window shade,1_4_283,1_4,5,0.2814889375170611
00847-bCPU9suPUw9,hovsg,543,wine,0_2_88,0_2,1,0.2534711979628166
00847-bCPU9suPUw9,hovsg,543,wine,0_2_54,0_2,2,0.23552805977362246
00847-bCPU9suPUw9,hovsg,543,wine,0_1_20,0_1,3,0.2278247818118131
00847-bCPU9suPUw9,hovsg,543,wine,1_2_53,1_2,4,0.22482883300851808
00847-bCPU9suPUw9,hovsg,543,wine,0_0_141,0_0,5,0.22399783467320367
00847-bCPU9suPUw9,hovsg,544,wine storage,0_2_88,0_2,1,0.2382907206055993
00847-bCPU9suPUw9,hovsg,544,wine storage,0_2_247,0_2,2,0.2323097951172479
00847-bCPU9suPUw9,hovsg,544,wine storage,0_2_54,0_2,3,0.22673518082536806
00847-bCPU9suPUw9,hovsg,544,wine storage,0_0_260,0_0,4,0.22613870677588124
00847-bCPU9suPUw9,hovsg,544,wine storage,0_2_134,0_2,5,0.22474010916312484
00847-bCPU9suPUw9,hovsg,545,wood,1_1_52,1_1,1,0.2984553494068657
00847-bCPU9suPUw9,hovsg,545,wood,0_1_14,0_1,2,0.2903615712063504
00847-bCPU9suPUw9,hovsg,545,wood,1_3_22,1_3,3,0.29021215893478625
00847-bCPU9suPUw9,hovsg,545,wood,1_3_105,1_3,4,0.28967029114362286
00847-bCPU9suPUw9,hovsg,545,wood,1_3_19,1_3,5,0.2891023785703915
00847-bCPU9suPUw9,hovsg,546,wrench,0_2_13,0_2,1,0.24935391897213474
00847-bCPU9suPUw9,hovsg,546,wrench,1_0_43,1_0,2,0.2492280324805778
00847-bCPU9suPUw9,hovsg,546,wrench,1_2_6,1_2,3,0.24790791964169134
00847-bCPU9suPUw9,hovsg,546,wrench,0_2_311,0_2,4,0.24716297491693962
00847-bCPU9suPUw9,hovsg,546,wrench,1_4_209,1_4,5,0.24703849026547553
