scene_id,object_id,predicted_class_id,class_label,predicted_room_id,object_x,object_y,object_z,p_obj,p_det,p_view,p_mem,p_sem_bar,p_sem,p_coh
00847-bCPU9suPUw9,0_0_0,326,partial,0_0,-0.64012980782183,1.3034063931420856,1.430614851264367,0.10812413256079587,0.9805068372265294,0.9270317861516935,0.9975541060324079,0.11924520479715037,0.5016572375103091,0.11924520479715037
00847-bCPU9suPUw9,0_0_1,478,tile,0_0,0.27164294493714947,0.007400546213911378,1.0367822169589047,0.8911426264178188,0.9823887613646083,0.9126995747588236,0.999918926766589,0.9939652365269025,0.9939652365269025,0.9973495012722298
00847-bCPU9suPUw9,0_0_10,484,toilet,0_0,-1.0143807563076095,0.6221646897988204,3.7439153188882086,0.8029988235179708,0.9282738703671686,0.9279331459924882,0.9963964403152216,0.9355993851481387,0.9355993851481387,0.9951780237849708
00847-bCPU9suPUw9,0_0_100,478,tile,0_0,-1.0565062068701088,0.3996425876067633,3.314958194186269,0.8299480315824765,0.9915399133680975,0.9431086515215032,0.9994620601914659,0.88799936784234,0.88799936784234,0.9636378944508952
00847-bCPU9suPUw9,0_0_101,82,cardboard,0_0,0.1052465814930225,-0.0050712352558320885,4.018845808418036,0.011639180772312834,0.964139064604586,0.8869388581115216,0.9976746862943267,0.013642692740520069,0.7670339323807114,0.013642692740520069
00847-bCPU9suPUw9,0_0_102,478,tile,0_0,-0.2082272767419829,-0.0025666907129232486,3.4235140623904083,0.900683127396108,0.9918265181039672,0.9464471911544207,0.9984030616224389,0.9610235287943619,0.9610235287943619,0.9971547383808579
00847-bCPU9suPUw9,0_0_103,82,cardboard,0_0,0.27724660658993866,-0.0028299081897047687,3.401274795719129,0.06968791807264962,0.9220223264609064,0.9226793879048587,0.9985487274428275,0.08203439344352859,0.7382664679244085,0.08203439344352859
00847-bCPU9suPUw9,0_0_104,82,cardboard,0_0,-0.7987673735789594,0.010787758326364597,4.0739751735230945,0.0036648186770823297,0.9699039190484766,0.9446733920972914,0.9980839189266676,0.0040075138920187756,0.5985377241656709,0.0040075138920187756
00847-bCPU9suPUw9,0_0_105,478,tile,0_0,0.6604295450092963,0.47748124636808315,3.4557835037525804,0.7544462836685737,0.8169049593033615,0.9418870807503918,0.9997161042152746,0.980801819534216,0.980801819534216,0.9935563246538026
00847-bCPU9suPUw9,0_0_106,82,cardboard,0_0,-1.1027557847448206,0.015433332855065249,4.0813980965751915,0.007510462399986471,0.8684450677117787,0.9591556037701259,0.994543688337038,0.00906590970487205,0.651867610176241,0.00906590970487205
00847-bCPU9suPUw9,0_0_107,324,paper towel,0_0,0.5854505331893102,-0.6101117645037735,3.8556338519425006,0.00312547446868561,0.9712188070819416,0.9303981975360138,0.9980640280366376,0.003465545525887463,0.7784107717616934,0.003465545525887463
00847-bCPU9suPUw9,0_0_108,478,tile,0_0,0.6569383213636261,0.5620969126330824,3.3816415257230337,0.7523900377408895,0.8368107140798288,0.9115763517101974,0.9997457141597721,0.986582035817165,0.986582035817165,0.989245169243746
00847-bCPU9suPUw9,0_0_109,478,tile,0_0,0.6590832173523068,0.18571311654595632,3.4537147086890165,0.8737885156517803,0.9913269823780773,0.9335197326475617,0.9994463442658412,0.9447271989891785,0.9447271989891785,0.9872709653789429
00847-bCPU9suPUw9,0_0_11,478,tile,0_0,-0.2052873249564262,0.7695801839678436,4.164603648588971,0.7264215090669895,0.9585588483906612,0.9264218173568967,0.9999795002558111,0.8180315300050485,0.9937413932225269,0.8180315300050485
00847-bCPU9suPUw9,0_0_110,478,tile,0_0,0.33395419332443155,0.4371170671712742,3.3009576251417783,0.8181239476869604,0.9568848444355859,0.8932570240316693,0.9990297807725145,0.9580861336324532,0.9580861336324532,0.9700238908741089
00847-bCPU9suPUw9,0_0_111,478,tile,0_0,-0.6069690616534457,1.1272254995321718,4.163946671882922,0.8203947459022838,0.9715149579423148,0.916013859441563,0.9999882702893579,0.9218843199065402,0.9981530476683049,0.9218843199065402
00847-bCPU9suPUw9,0_0_112,484,toilet,0_0,-0.6073273956635714,0.40800228730714005,3.765604940268882,0.8340849086290643,0.9674386478728337,0.9301206642401239,0.9945428477383048,0.932017439940501,0.932017439940501,0.9999183692267574
00847-bCPU9suPUw9,0_0_113,478,tile,0_0,0.03118822969437951,0.5848097622289271,3.255988723071602,0.2278475487984439,0.9738171924433578,0.9245398632081929,0.9918752002821284,0.25514334801008387,0.723507789583111,0.25514334801008387
00847-bCPU9suPUw9,0_0_114,478,tile,0_0,-0.2968146700754323,0.011179069847339629,3.079783368538165,0.8923536889198671,0.9772027057664695,0.9305757287842122,0.9996377367514435,0.9816530015373186,0.9837072611631338,0.9816530015373186
00847-bCPU9suPUw9,0_0_115,478,tile,0_0,-0.5053029882485055,0.002828787263709607,4.024931657146211,0.7163381084599919,0.9718606082580448,0.9264914062357172,0.9992017199710966,0.7961951137672262,0.7961951137672262,0.8701670501103457
00847-bCPU9suPUw9,0_0_116,478,tile,0_0,0.05738369965857387,0.004437401599329476,2.989688045587847,0.8899122192404658,0.9788586116738022,0.9167206829792143,0.9998658958606217,0.9918555292265993,0.9918555292265993,0.9952342080934917
00847-bCPU9suPUw9,0_0_117,87,cat,0_0,-0.06185019130001871,0.008717386123474337,4.060644505275724,0.5675147918266504,0.9638003020099629,0.9294410855570897,0.9741715173831902,0.6503285697323143,0.6503285697323143,0.8882835388313083
00847-bCPU9suPUw9,0_0_118,478,tile,0_0,0.6619331873883764,0.8415596850285806,3.4546954452789707,0.9107635339555128,0.9824026092130923,0.9327638656695035,0.9998618859491282,0.99404123217713,0.99404123217713,0.9954523173651567
00847-bCPU9suPUw9,0_0_119,463,switch,0_0,0.26825179038414254,1.3044741590922397,3.306612830454424,0.6448759498397787,0.9808515710835324,0.9460597068130485,0.9981587200107882,0.6962332135485987,0.6962332135485987,0.9789901833785808
00847-bCPU9suPUw9,0_0_12,478,tile,0_0,0.8075621707234679,-0.002459567442980981,1.1621030133609767,0.8378304226524302,0.9383581312493126,0.9118756658495146,0.9998510935883326,0.9793017984738679,0.9793017984738679,0.9938539043317779
00847-bCPU9suPUw9,0_0_120,478,tile,0_0,0.66265449379026,1.180220076898868,3.4545160045697405,0.9006473111881795,0.97226837663933,0.9370308851050693,0.999729136724364,0.9888543788592979,0.9918504379684684,0.9888543788592979
00847-bCPU9suPUw9,0_0_121,412,shower,0_0,0.6340174149985447,2.0496498681778004,4.171994007321937,0.00017119184406871584,0.980537410238765,0.9074141339458586,0.9749621184654413,0.00019734476983284088,0.5829280899952329,0.00019734476983284088
00847-bCPU9suPUw9,0_0_122,478,tile,0_0,0.668934375332283,1.9874141678170072,3.4041143663218953,0.005745573213688255,0.9868125643995859,0.939876458575045,0.98246829951637,0.006305352555388059,0.6762053231422026,0.006305352555388059
00847-bCPU9suPUw9,0_0_123,82,cardboard,0_0,0.3475493345567731,1.8109892579569014,4.17303829924153,0.5345563727659978,0.9832116690193844,0.928859975342101,0.9954850605809882,0.5879785606822877,0.5879785606822877,0.8321169975941504
00847-bCPU9suPUw9,0_0_124,478,tile,0_0,0.42352883665028734,1.7963574350482936,3.292183086930198,0.041782203866122004,0.9762646087626297,0.8973885654837033,0.9810596456555989,0.04861248862881185,0.7849391267373178,0.04861248862881185
00847-bCPU9suPUw9,0_0_125,82,cardboard,0_0,0.08880715445785398,1.8574119603491628,4.174517561509518,0.6912802012654053,0.9514772513185493,0.9094933546484936,0.9916341524934934,0.8055726320568869,0.8055726320568869,0.8715870934667792
00847-bCPU9suPUw9,0_0_126,478,tile,0_0,0.5137880744922378,1.6952585222641903,3.3377970906850902,0.045108637590086965,0.9829451528124721,0.9622482357207982,0.9810596467802857,0.04861249247477719,0.7849391068144094,0.04861249247477719
00847-bCPU9suPUw9,0_0_127,180,fan,0_0,0.03676608847828208,2.439120381582871,3.4679884298804047,0.4815444189143843,0.9293150703666261,0.9265039099201584,0.9995187007539567,0.5595452241292325,0.5595452241292325,0.8826071878026568
00847-bCPU9suPUw9,0_0_128,82,cardboard,0_0,0.02059240264936209,2.1175478556141503,4.1743408988137904,0.3068662495838354,0.9709263187451934,0.9155422952277616,0.9887768579271502,0.3491291784647971,0.8206450864495775,0.3491291784647971
00847-bCPU9suPUw9,0_0_129,82,cardboard,0_0,0.16437802476897834,2.3320424778749764,3.788916475503776,0.49235216270333215,0.9585848850325182,0.9132042416046875,0.9980999921243281,0.5635121715613235,0.8627688092275122,0.5635121715613235
00847-bCPU9suPUw9,0_0_13,478,tile,0_0,0.22797015457853492,0.0044280056596552875,1.1673516038380038,0.852441292361407,0.9349683892784438,0.9275461158968912,0.9998602991220458,0.9830887252855958,0.9830887252855958,0.9957268202642757
00847-bCPU9suPUw9,0_0_130,93,ceiling chassis,0_0,0.27105831592317886,2.1418170774591125,3.294829533207427,0.22889829782219878,0.984819690841917,0.9236090417082551,0.9976336664585169,0.25224732378171133,0.5710617907291816,0.25224732378171133
00847-bCPU9suPUw9,0_0_131,180,fan,0_0,-0.5907402076932264,2.4212451754150948,3.9783649744040877,0.6217437198109955,0.9822849730881696,0.9213642886589426,0.999851659123804,0.687079450984304,0.777929361692247,0.687079450984304
00847-bCPU9suPUw9,0_0_132,82,cardboard,0_0,-0.3457277138214019,1.7275617208302327,4.176057855301654,0.4903442006402019,0.9834420556567529,0.9224957060911139,0.9803230864044353,0.5513389605973792,0.8702314472038086,0.5513389605973792
00847-bCPU9suPUw9,0_0_133,82,cardboard,0_0,-0.33452831745878764,2.429368634158784,3.8421235651013417,0.494279708049667,0.9739733717502285,0.9213976511405337,0.9878747257834515,0.5575408884234934,0.7479708008440028,0.5575408884234934
00847-bCPU9suPUw9,0_0_134,82,cardboard,0_0,-1.285696479870812,2.1530624288293816,3.767598701500185,0.2081626694168413,0.966778278982133,0.9177266758111017,0.987415581782145,0.2376088608667905,0.9042361908913326,0.2376088608667905
00847-bCPU9suPUw9,0_0_135,82,cardboard,0_0,-0.5762274350586963,1.805494827199118,4.177288876682497,0.3876030299585626,0.9853523035878899,0.9630788251394948,0.9927856625723949,0.4114132705574687,0.7973558133649921,0.4114132705574687
00847-bCPU9suPUw9,0_0_136,82,cardboard,0_0,-0.7162328221533031,1.865552336905723,4.17817534495837,0.4314328815079941,0.9481816114166209,0.913881416844714,0.9927484415300107,0.5015250764299592,0.814466697396412,0.5015250764299592
00847-bCPU9suPUw9,0_0_137,326,partial,0_0,-1.2798073176050098,1.8935794362250316,3.9688578219513233,0.18446483951657305,0.9611991548897947,0.9558155101439146,0.9877854654023952,0.2032654252641001,0.761990702252474,0.2032654252641001
00847-bCPU9suPUw9,0_0_138,82,cardboard,0_0,-0.7462974064725562,2.425625348064804,4.124357808409279,0.35579516915491544,0.935656148889794,0.894095837598344,0.9971027843484277,0.42654000435694095,0.8596081334232196,0.42654000435694095
00847-bCPU9suPUw9,0_0_139,82,cardboard,0_0,-1.0007229756664242,2.3439429848301874,4.1796311693676635,0.4777516914678229,0.9774993402545592,0.9139152047112395,0.993184630694904,0.5384555619755812,0.7424011252127113,0.5384555619755812
00847-bCPU9suPUw9,0_0_14,478,tile,0_0,-0.28493035740824463,0.012921926144162587,1.1796356765664349,0.9003096418802464,0.9881061687979898,0.9234271522626765,0.9998655378225256,0.9868338780595387,0.9868338780595387,0.9933735354723022
00847-bCPU9suPUw9,0_0_140,92,ceiling arch,0_0,0.17652712693262593,2.2559141233243545,2.0080021420662293,0.5255454863930543,0.9803055342294719,0.9164339888100141,0.9976284636006872,0.5863795778856298,0.8420187186746635,0.5863795778856298
00847-bCPU9suPUw9,0_0_141,480,tissue,0_0,0.2953901995067463,2.233912827345618,2.5897297479625054,0.06466913803061619,0.9819224308679418,0.9135833053231062,0.4531315832718042,0.1590916561621639,0.8993491871144584,0.1590916561621639
00847-bCPU9suPUw9,0_0_142,316,overhang,0_0,0.016747808368067683,1.935030771045158,3.2386090424985827,0.6245497186155943,0.9760597242758996,0.9164164999418861,0.9857529744613303,0.708320201576142,0.708320201576142,0.8586468276900496
00847-bCPU9suPUw9,0_0_143,82,cardboard,0_0,0.37043381861297925,2.4076430676348717,3.295951196420998,0.5014507938357752,0.9700650498548605,0.9194272038956948,0.9964959705104389,0.5642019320224555,0.5740773623013176,0.5642019320224555
00847-bCPU9suPUw9,0_0_144,82,cardboard,0_0,-0.5717877621904033,2.4325601180019882,3.4692256601613782,0.21744614340192353,0.970693068552973,0.9374255582487766,0.9979363697463682,0.23945843520359128,0.6070390779879474,0.23945843520359128
00847-bCPU9suPUw9,0_0_145,478,tile,0_0,-0.7891651198452604,1.348473625057924,3.3131529841959675,0.6195943700527541,0.9858144094699082,0.940455140956943,0.998659332962264,0.6692014158160985,0.7780032839966282,0.6692014158160985
00847-bCPU9suPUw9,0_0_146,420,sink,0_0,1.2689658379314583,0.7885356397007603,-0.810610840932174,0.008476184568882201,0.9711008545049251,0.9368615698158287,0.999743099565044,0.009319062596273341,0.7781648639042419,0.009319062596273341
00847-bCPU9suPUw9,0_0_147,92,ceiling arch,0_0,0.15983685233688702,1.6346918439628884,1.9971472583119243,0.4961645620406563,0.9626156035430739,0.9302192114352805,0.997473177042605,0.5555028794607266,0.831452233612587,0.5555028794607266
00847-bCPU9suPUw9,0_0_148,106,closet door,0_0,-0.8038428114754878,1.6529590398708627,3.3049585226973384,0.6890837076919897,0.9706373747810978,0.9234404443903899,0.9971024176868423,0.7710211845830124,0.9016178738247903,0.7710211845830124
00847-bCPU9suPUw9,0_0_149,82,cardboard,0_0,1.1539669839489615,1.7506494675913464,-1.200413483430739,0.0030113999295700677,0.9807193643960451,0.8596140798961321,0.9987752045696063,0.0035764521006505456,0.5184556542303965,0.0035764521006505456
00847-bCPU9suPUw9,0_0_15,478,tile,0_0,0.4393147237572391,-0.0004753376288999004,1.7789365866555957,0.9029198867778608,0.9898536222931341,0.9190269906917181,0.9999103006660061,0.9926335119372022,0.9926335119372022,0.9972254401121105
00847-bCPU9suPUw9,0_0_150,478,tile,0_0,1.1936579162187322,1.1272229109440948,-1.4299154749394862,0.4686056167893526,0.9781246785506597,0.9239804781530596,0.9999996359861114,0.5185022387122713,0.98629589275924,0.5185022387122713
00847-bCPU9suPUw9,0_0_151,420,sink,0_0,0.8511945122812472,0.3063055364861407,-0.3347899073053592,0.004727064753293707,0.9749382848567221,0.9239947360119743,0.9947546375803588,0.005275078864325768,0.534121394146889,0.005275078864325768
00847-bCPU9suPUw9,0_0_152,478,tile,0_0,-0.7597031874145269,0.013984852608816347,3.398227871927957,0.5258098978945651,0.9808349787799988,0.9364207067539481,0.9970461032395609,0.5741780191141572,0.5741780191141572,0.7743093251260214
00847-bCPU9suPUw9,0_0_153,478,tile,0_0,-1.2543408119205852,0.4458679778493102,3.4080086214474052,0.23127105018032829,0.9839980245738591,0.9481922689192013,0.9939110711993498,0.249392338596378,0.5172682208298849,0.249392338596378
00847-bCPU9suPUw9,0_0_154,478,tile,0_0,-1.0302357951456176,0.8241064177027029,3.3162124997451192,0.8766719837902148,0.9648150214597172,0.9326095671587009,0.9999174022501071,0.9743816089075396,0.9861786077641926,0.9743816089075396
00847-bCPU9suPUw9,0_0_155,478,tile,0_0,-1.208230613367975,0.8271343482947464,3.3191081032681016,0.8939453531726801,0.9664565708370446,0.9417962502490705,0.999896260756417,0.9822379888755416,0.9822379888755416,0.984896679760326
00847-bCPU9suPUw9,0_0_156,478,tile,0_0,-0.41029734375574767,0.01788571264626632,2.110220402281671,0.8552199040336016,0.965913466349599,0.9152946771600512,0.9996916561618743,0.9676372420543873,0.9676372420543873,0.9950925604831273
00847-bCPU9suPUw9,0_0_157,106,closet door,0_0,-0.6716092761976368,0.6578185999894989,2.0882021359730722,0.5973785074574376,0.9755349194335731,0.9372308802936874,0.9956072393459665,0.6562542643796369,0.6562542643796369,0.7482754031429495
00847-bCPU9suPUw9,0_0_158,478,tile,0_0,-0.16908569071993718,0.012801333692621816,1.7896050927333658,0.8907056174049911,0.9493459662050383,0.944176091967103,0.9999276648669173,0.9937750718042704,0.9937750718042704,0.9973450094850101
00847-bCPU9suPUw9,0_0_159,478,tile,0_0,0.7992179730267446,0.002302340427144927,0.23086612520035785,0.8672580432226611,0.9653169441223145,0.9100655857536237,0.99983798090578,0.9873612635532206,0.9873612635532206,0.9970303786896589
00847-bCPU9suPUw9,0_0_16,143,desk door,0_0,-0.6799405224606061,0.26949223155842966,2.366505243500402,0.5258417069407425,0.9919520169330581,0.9214609023098488,0.9995429919247414,0.5755538626588077,0.5755538626588077,
00847-bCPU9suPUw9,0_0_160,478,tile,0_0,0.7344946298371557,-9.367531551804257e-05,0.547377975348658,0.9145462040292297,0.9789365554889785,0.942416932123809,0.9999265703320835,0.9913794587477873,0.9913794587477873,0.9980787918229389
00847-bCPU9suPUw9,0_0_161,106,closet door,0_0,-0.22704572722938962,1.310693750380002,2.0105218041158865,0.6868098741027601,0.9467723347400118,0.911221105890141,0.9985884685625455,0.7972245318422763,0.8484493678147857,0.7972245318422763
00847-bCPU9suPUw9,0_0_162,64,cabinet,0_0,1.151373377657226,0.5133036743213922,0.9534546452024356,0.7764120070729803,0.9691148853987928,0.9237932070334021,0.9997921095853225,0.8674261477309915,0.8946412525287565,0.8674261477309915
00847-bCPU9suPUw9,0_0_163,478,tile,0_0,-0.3538500149164377,0.016323225505511244,0.5552191148289224,0.9064950557597252,0.9886810515918366,0.9275669580112629,0.9997847285549328,0.9886838962872431,0.9886838962872431,0.9992018248511881
00847-bCPU9suPUw9,0_0_164,478,tile,0_0,0.2724264546180218,0.005208216042001769,0.5455658642931998,0.834524617056694,0.9352669052122351,0.907191312055321,0.9998301907211771,0.9837357542471775,0.9837357542471775,0.9991282500387842
00847-bCPU9suPUw9,0_0_165,64,cabinet,0_0,1.2785971239356164,1.5681083427545934,0.945911589795456,0.8036469532591463,0.9696213559741762,0.9100700823050598,0.9997928942937023,0.9109158247997323,0.9109158247997323,0.997739371484912
00847-bCPU9suPUw9,0_0_166,301,microwave,0_0,0.40345277703222354,1.6174077770018038,-1.897864361920446,0.9433953813609214,0.9750912189894068,0.9690180537759154,0.9999743524693931,0.9984533316438949,0.9984533316438949,0.9999999198054057
00847-bCPU9suPUw9,0_0_167,64,cabinet,0_0,-0.29021510501320813,1.902074960540124,-1.9309126394137182,0.820382327723366,0.9912032168179319,0.9300443402436858,0.9996910837520138,0.8901928890156157,0.8901928890156157,0.999813935420104
00847-bCPU9suPUw9,0_0_168,478,tile,0_0,-0.24885822336289531,0.01620563983010557,0.23888878780304562,0.9180035936189345,0.9770526375693985,0.9555010050565559,0.9997812842744975,0.983536018536945,0.983536018536945,0.9991754755454912
00847-bCPU9suPUw9,0_0_169,478,tile,0_0,-0.3102484050018889,0.022097133065790777,-0.35838824712899486,0.8953852164947731,0.9818579664051355,0.9174148056496403,0.9998532044269087,0.994166818380836,0.994166818380836,0.9984356400801524
00847-bCPU9suPUw9,0_0_17,478,tile,0_0,-0.28165724746156967,0.017069274774790845,2.548964094718822,0.7050386708454661,0.9563748473947941,0.8936169226681399,0.9994187431370211,0.8254407748438493,0.9482872106158646,0.8254407748438493
00847-bCPU9suPUw9,0_0_170,478,tile,0_0,-0.821570853819484,0.028124555920248623,0.2630174797969153,0.9014926054965344,0.9698156790614019,0.9357820537744144,0.9998683724540826,0.9934715263603286,0.9934715263603286,0.9988578812229609
00847-bCPU9suPUw9,0_0_171,478,tile,0_0,0.3710102881420109,0.005058919721305358,0.24916972299642298,0.8775200123895461,0.9825053523147935,0.9100564850782422,0.9998298362204425,0.9815844354538833,0.9815844354538833,0.9990230274502679
00847-bCPU9suPUw9,0_0_172,478,tile,0_0,-0.5763520194750041,0.025556225740974964,-0.050534181540768906,0.8664030987767963,0.968517281635865,0.9008351323872699,0.999864297270394,0.9931760683569515,0.9931760683569515,0.999002544963645
00847-bCPU9suPUw9,0_0_173,319,pan,0_0,0.42175539165930814,0.9201609602658155,-1.9433463546703775,0.7282132647576541,0.9045673570673909,0.91839985445645,0.9997435313320245,0.8767933860854701,0.8767933860854701,0.999109895440059
00847-bCPU9suPUw9,0_0_174,64,cabinet,0_0,-0.16134287707737327,0.5219932806282644,-1.6257990064531638,0.807478372990932,0.9575724113048808,0.9346746862177822,0.9998979613860094,0.9022836971211011,0.9022836971211011,0.9987682872232354
00847-bCPU9suPUw9,0_0_175,158,drawer,0_0,-1.3088248421232418,0.3825230255672977,-0.5692420065321931,0.7441248667986697,0.9502997416257859,0.8987900050288284,0.9999847032836352,0.8712315932639325,0.8712315932639325,0.8888383383216066
00847-bCPU9suPUw9,0_0_176,9,appliance,0_0,-0.5833075469915023,1.0387081357437011,-1.4756639114296153,0.7184381199807245,0.9772190706656173,0.9398073436493006,0.9979582578396026,0.7838739346080986,0.7838739346080986,0.999983235956462
00847-bCPU9suPUw9,0_0_177,315,oven,0_0,0.4167110052048401,0.48478792225487083,-1.62409900524262,0.6352471663570944,0.9868191166504108,0.9140650172172072,0.9991919393724554,0.7048215471755717,0.7048215471755717,0.9997949266565234
00847-bCPU9suPUw9,0_0_178,478,tile,0_0,0.8558736506148905,0.6071681895164579,-0.7047051095278466,0.004378635522356529,0.9482591699848449,0.9397380687098613,0.9985356193888306,0.004920864005842311,0.7399277444951949,0.004920864005842311
00847-bCPU9suPUw9,0_0_179,478,tile,0_0,0.7607805748821831,0.006218196886500115,-0.3658684679122739,0.8776589778298647,0.9260162510857985,0.9544226191992791,0.9999475582426817,0.993091452181585,0.993091452181585,0.9974883647688891
00847-bCPU9suPUw9,0_0_18,478,tile,0_0,0.650068881730359,-0.0017074381269491974,1.4693576771845585,0.8918353291967797,0.9862699032106264,0.9152670264562635,0.9998980222051347,0.9880646594838188,0.9880646594838188,0.9963640137403833
00847-bCPU9suPUw9,0_0_180,478,tile,0_0,0.33814155977062155,0.008486919064522449,-0.3529172850586504,0.8805416236244317,0.9749549141976478,0.9110615864871259,0.9999225519197062,0.9914053503680222,0.9914053503680222,0.9990089946040175
00847-bCPU9suPUw9,0_0_181,195,foam,0_0,-1.7087831934306723,0.5986499619438339,-0.8705262017018015,0.1849468746238268,0.9801712924462604,0.9084332301304716,0.9930302159320605,0.20916525409075762,0.9406471271261403,0.20916525409075762
00847-bCPU9suPUw9,0_0_182,478,tile,0_0,-0.5911533680910718,0.026203576189604394,-0.985538025855063,0.8757463672729817,0.9641895029403437,0.9117033844369263,0.9999321035060833,0.9963039829499166,0.9963039829499166,0.9983126780663352
00847-bCPU9suPUw9,0_0_183,478,tile,0_0,-0.019043220658715835,0.01490529959101334,-0.9960114243584212,0.9155253274217018,0.981087890325808,0.9352101517305041,0.9999586458028198,0.9978636347947119,0.9978636347947119,0.9985015814281426
00847-bCPU9suPUw9,0_0_184,244,handle,0_0,-0.9940454943446695,1.0415117807754435,-1.3289767125025735,0.05313534788510906,0.9826473189189644,0.9636416302571615,0.9978005623722717,0.056237571290372206,0.9108374995774813,0.056237571290372206
00847-bCPU9suPUw9,0_0_185,478,tile,0_0,1.3566749733413836,1.1158291048298696,-0.8100029011720311,0.3313514090675855,0.9330475008318319,0.9055827667829632,0.9999883139288888,0.3921588259595109,0.975526282591499,0.3921588259595109
00847-bCPU9suPUw9,0_0_186,478,tile,0_0,0.009010755633084571,0.01281682143797723,-0.05722782680939052,0.9296758579346692,0.9879388081569696,0.9515803324620118,0.9998199337054133,0.9890864653928302,0.9890864653928302,0.9993830463957637
00847-bCPU9suPUw9,0_0_187,478,tile,0_0,-0.7919671885359051,0.028740461131659137,-0.6659295605244445,0.9221946139152277,0.9809136581562746,0.944694782668722,0.9999039836605004,0.9952724538038833,0.9952724538038833,0.9989732306699787
00847-bCPU9suPUw9,0_0_188,478,tile,0_0,0.6444893910956855,0.0071492654126400915,-1.007395540619552,0.8783689448270884,0.936302552526506,0.9458807762859758,0.9999360133527996,0.9918640649553647,0.9918640649553647,0.9969589216949716
00847-bCPU9suPUw9,0_0_189,478,tile,0_0,0.7399721247534262,0.009631464360348414,-1.3215586014610892,0.9051468008284413,0.9796765198157384,0.929505841409755,0.9999645978742148,0.9940301867516125,0.9940301867516125,0.9969416763942975
00847-bCPU9suPUw9,0_0_19,478,tile,0_0,0.009866980477772963,0.006937297772219587,1.4828266596005018,0.8408816004156261,0.9424077502529745,0.9026155392542352,0.9999100664512522,0.9886265149012095,0.9886265149012095,0.995737847916713
00847-bCPU9suPUw9,0_0_190,478,tile,0_0,-0.8173429652581761,0.029375933577013975,-1.2481076891446288,0.9458092652432274,0.987935704549009,0.961822744962711,0.9999511041976847,0.9954078823457513,0.9954078823457513,0.9979772620415472
00847-bCPU9suPUw9,0_0_191,82,cardboard,0_0,-1.357990687781757,0.6553902614311684,-1.1908838295822357,0.3228136486960881,0.9787530302334219,0.9530143654610164,0.9964684165614212,0.3473087969848816,0.5098095545213709,0.3473087969848816
00847-bCPU9suPUw9,0_0_192,478,tile,0_0,0.22509055331196717,0.01209946480246101,-1.3161738227188833,0.9037860154737812,0.9614931488700135,0.9419517885941346,0.9999687457912453,0.9979397497664247,0.9979397497664247,0.9987527747842009
00847-bCPU9suPUw9,0_0_193,374,refrigerator,0_0,-0.9170059037757079,1.6271356478068144,-1.3465917349468917,0.6439462436939752,0.9028852057287668,0.9211997016647331,0.9994036763550042,0.7746800036629553,0.7746800036629553,
00847-bCPU9suPUw9,0_0_194,64,cabinet,0_0,0.8658272283749109,0.41680344205904457,-1.0048856962192942,0.8356322739500819,0.978766709705561,0.9570544003172854,0.9989117577334402,0.8930427850216736,0.8930427850216736,0.997925551472965
00847-bCPU9suPUw9,0_0_195,301,microwave,0_0,0.7071443372896622,1.6229672565077824,-1.8485758132092176,0.8893890114583968,0.9603995780534155,0.9265867536562626,0.9999938022346645,0.9994392547994365,0.9994392547994365,0.9999998747239843
00847-bCPU9suPUw9,0_0_196,158,drawer,0_0,-1.2245974864439428,0.10731096678700029,-0.9451816190348243,0.8749186432078625,0.9806623877503736,0.9594667378432917,0.999991754160298,0.9298690862441317,0.9783476263583553,0.9298690862441317
00847-bCPU9suPUw9,0_0_197,478,tile,0_0,-0.8217875760550889,0.09364559345210466,-1.3577701043136343,0.11777356426257858,0.9749882903968138,0.9546243995669064,0.9914987600545124,0.12762146123330811,0.7194698174698683,0.12762146123330811
00847-bCPU9suPUw9,0_0_198,478,tile,0_0,1.1868262977939241,1.0147010448551494,-1.9905136129890981,0.00030670746299777345,0.9828593935052056,0.9398974556998425,0.9910128754644394,0.0003350218866387835,0.6880819804473227,0.0003350218866387835
00847-bCPU9suPUw9,0_0_199,478,tile,0_0,-1.0728677040008066,0.03232944125083444,-0.9795068432942609,0.9234730941284326,0.9806526970552653,0.9473733600376117,0.9999579643444046,0.9940451424808625,0.9940451424808625,0.9981730161748598
00847-bCPU9suPUw9,0_0_2,106,closet door,0_0,-0.5093366738154532,1.195877108540731,2.966172184505105,0.8584691081865852,0.942107858603483,0.9264815862393788,0.9999406465369992,0.9835875678389977,0.9835875678389977,0.9959214980829096
00847-bCPU9suPUw9,0_0_20,319,pan,0_0,-0.7208416586998432,0.9207801493234896,1.2874295646040832,0.0013932903997698567,0.9558162924507192,0.9292816973908237,0.8341524826375847,0.0018805045359717573,0.6887132994925311,0.0018805045359717573
00847-bCPU9suPUw9,0_0_200,64,cabinet,0_0,1.2983980005980293,1.4721215811187085,-1.1924845959883457,0.8803013518312962,0.9795099999597643,0.9654904852023293,0.9997900358385984,0.9310343241767594,0.9310343241767594,0.9922944942494966
00847-bCPU9suPUw9,0_0_201,64,cabinet,0_0,0.8681752727113914,0.515783775890333,-1.4238203716897566,0.8012234481509591,0.9740435239033011,0.9492769671244718,0.9995351469244149,0.866930483285044,0.866930483285044,0.9723124357680095
00847-bCPU9suPUw9,0_0_202,319,pan,0_0,0.17004152969929268,0.9252267651475828,-1.8099399349670202,0.8472032196992235,0.9778167312100289,0.9529169785783796,0.9996254732536023,0.9095734055415623,0.9095734055415623,0.9994537905530096
00847-bCPU9suPUw9,0_0_203,324,paper towel,0_0,-0.1481560266730224,1.058747265370639,-2.0190020062061103,0.003633212663121313,0.9599437042951126,0.9174538104299853,0.9983097759887345,0.004132335001429896,0.923520316772766,0.004132335001429896
00847-bCPU9suPUw9,0_0_204,301,microwave,0_0,0.644655432526038,1.6288640719978278,-1.8447863174815384,0.9079525725555367,0.9707802230705043,0.9371162811379442,0.9999856822686527,0.9980561571010264,0.9980561571010264,0.9999993307879387
00847-bCPU9suPUw9,0_0_205,326,partial,0_0,-0.29076519264175094,1.1568236091058333,-2.2407539921742554,0.003921797433629455,0.9789207304452919,0.9416084567305552,0.9843866999205924,0.004322167016165312,0.594574312031425,0.004322167016165312
00847-bCPU9suPUw9,0_0_206,319,pan,0_0,0.19430315613031926,0.9272521016171008,-2.037377368957049,0.8096667665921305,0.9673105825980505,0.938306641021167,0.9997441583306316,0.8922914042896873,0.8922914042896873,0.9995463477423957
00847-bCPU9suPUw9,0_0_207,82,cardboard,0_0,-0.12875335209898206,0.9049235119572524,-1.786777235657648,0.00043414742164800223,0.9636581434062345,0.9151175855718411,0.9993776812469795,0.0004926150579554849,0.51464022495439,0.0004926150579554849
00847-bCPU9suPUw9,0_0_208,452,stone,0_0,1.1314739309105348,0.978525405889182,-1.324325109582764,0.4072243630779298,0.9456783402323937,0.9345773540972708,0.5252727287116182,0.8771829946761246,0.8771829946761246,
00847-bCPU9suPUw9,0_0_209,315,oven,0_0,0.46335232459588577,0.7714599746195031,-1.6215957701026957,0.7260523097032597,0.9643019617129316,0.9046880159576363,0.999504242980094,0.8326670544285795,0.8326670544285795,0.9996188991202912
00847-bCPU9suPUw9,0_0_21,478,tile,0_0,0.03640740877922453,0.007896124268353807,0.8779977161677487,0.8893373995267561,0.9564187638653968,0.9412724847074811,0.9997910224757316,0.9880840117263612,0.9880840117263612,0.9981728658787371
00847-bCPU9suPUw9,0_0_210,301,microwave,0_0,0.6749886050496694,1.469273151717169,-1.8631587774513914,0.8976586633909642,0.9696383620800098,0.9276823197056314,0.999984413940854,0.9979503314096128,0.9979503314096128,0.9999996939676683
00847-bCPU9suPUw9,0_0_211,306,mortar,0_0,1.2280611558349093,0.9429588649278544,-1.8365029970128648,0.45902947650876325,0.8926172025421795,0.9326931510284149,0.9725942458414373,0.5668978877083463,0.5668978877083463,
00847-bCPU9suPUw9,0_0_212,71,can,0_0,1.0255649176502022,0.9674497939735722,-1.9009580748965642,0.6438572737957957,0.9801583785470427,0.9270530865768214,0.9723155331951806,0.728754956612685,0.728754956612685,
00847-bCPU9suPUw9,0_0_213,127,countertop item,0_0,0.8406986005172262,0.7920525217358373,0.2737821046334275,0.22977502332265531,0.9656178115387077,0.9433382945607818,0.9998628064011422,0.25228397924928386,0.6458861911979921,0.25228397924928386
00847-bCPU9suPUw9,0_0_214,478,tile,0_0,0.5584942183537569,0.007665277837277082,-0.6728714007913428,0.8781203541106009,0.9266520032103903,0.9516007177197443,0.9999711220046346,0.9958528159575653,0.9958528159575653,0.9975424723763419
00847-bCPU9suPUw9,0_0_215,244,handle,0_0,0.8251618851219605,0.46525395909446693,-1.6387964379961393,0.5261874069803746,0.9012497771246842,0.9542904423280303,0.9977005171664474,0.6132174547941347,0.7342839806863303,0.6132174547941347
00847-bCPU9suPUw9,0_0_216,127,countertop item,0_0,0.8630057613755572,0.7916067980602673,-1.4283623765525055,0.6936316269269229,0.9660049709213907,0.9443961118837616,0.9999003630728935,0.7603938739604343,0.9375558461666303,0.7603938739604343
00847-bCPU9suPUw9,0_0_217,478,tile,0_0,0.6841859856593938,0.014732285769556664,-1.5895358540681854,0.8975823162603933,0.9622418522834778,0.9391088526451532,0.9999541144597738,0.9933311141261945,0.995817883105409,0.9933311141261945
00847-bCPU9suPUw9,0_0_218,478,tile,0_0,0.6170596901462637,-0.00033954322746771387,0.8532671254034594,0.8691887790564841,0.9640783990537906,0.911001790263078,0.9999024962818198,0.9897485536777634,0.9897485536777634,0.9981692462608901
00847-bCPU9suPUw9,0_0_219,478,tile,0_0,0.6089937665167406,0.005141659057436905,-0.062070857636801494,0.854380884144465,0.9082285193084668,0.9519805754463235,0.9998981073037531,0.9882630423968378,0.9882630423968378,0.9987815752616415
00847-bCPU9suPUw9,0_0_22,326,partial,0_0,-1.2794623362634372,1.8536823298348033,3.884304947023646,0.20835897727595037,0.9495453198284803,0.9073942535689659,0.991771372596269,0.24383100384596684,0.5845442968001803,0.24383100384596684
00847-bCPU9suPUw9,0_0_220,478,tile,0_0,-0.5524126954171305,0.019596086572747678,0.8672540344335643,0.8979416009506808,0.9658753014279483,0.9357094008405672,0.999888980974118,0.9936518756171042,0.9936518756171042,0.9970441684573836
00847-bCPU9suPUw9,0_0_221,478,tile,0_0,0.8381910383559574,0.007427603728573839,-0.6959419264782497,0.8856789995655145,0.9854016441474346,0.9028433248156427,0.9999681989732925,0.9955532270097286,0.9955532270097286,0.996757278662044
00847-bCPU9suPUw9,0_0_222,326,partial,0_0,-0.48968327296271436,0.24397801488993362,0.9324650406638939,0.23140415050952862,0.9158352406742973,0.9282724007985054,0.9856950788308945,0.27614409882697927,0.5956345371578461,0.27614409882697927
00847-bCPU9suPUw9,0_0_223,326,partial,0_0,-1.4481474777812482,0.6447416682523419,0.0469592976836763,0.32158069418475643,0.9476923045681902,0.9344900129450491,0.9964914450187419,0.3643966496655406,0.6833457182454159,0.3643966496655406
00847-bCPU9suPUw9,0_0_224,478,tile,0_0,-0.9221705274487108,0.030673785742125797,-0.3555910786001336,0.9161345926418559,0.9720168416458023,0.948657813221945,0.9999096741129472,0.9936081249981843,0.9936081249981843,0.9992729972144939
00847-bCPU9suPUw9,0_0_225,478,tile,0_0,-1.1677231498362766,0.03505113662434999,-0.6549469019938355,0.9014357737596302,0.9538062038678655,0.9488332566549745,0.9999457948753777,0.9961122696769599,0.9961122696769599,0.9993723839511166
00847-bCPU9suPUw9,0_0_226,478,tile,0_0,-0.22116112364373366,0.020302489008691287,-0.652797482471732,0.9105058791089522,0.9648257633455757,0.947171320920526,0.999937437547057,0.9963971904543055,0.9963971904543055,0.9987940373909809
00847-bCPU9suPUw9,0_0_227,478,tile,0_0,-0.9488633512816621,0.027678221997363098,0.5716799792564502,0.8942366573003547,0.9302549590450186,0.9702970823966232,0.9997510547888109,0.9909548749639977,0.9909548749639977,0.9976308983290317
00847-bCPU9suPUw9,0_0_228,478,tile,0_0,-1.0410996918899234,0.03241054853891985,-0.044634927927219334,0.8781708363416624,0.9510926719787329,0.9292581226789455,0.9998559422181956,0.9937619790910951,0.9937619790910951,0.9969762017102097
00847-bCPU9suPUw9,0_0_229,478,tile,0_0,-1.0737691137162413,0.025160129206913698,0.8683302870655923,0.8913076173436052,0.9560963112052785,0.9377870182243998,0.9998389703201854,0.9942410699600611,0.9942410699600611,0.9948898148749434
00847-bCPU9suPUw9,0_0_23,478,tile,0_0,-1.2577401584114447,0.8595940158168744,3.933425991382639,0.8488758342275181,0.9820418505264179,0.9145073799730429,0.9998096175938794,0.9453870513908625,0.9753299279713754,0.9453870513908625
00847-bCPU9suPUw9,0_0_230,542,window shade,0_0,-1.7612750566397968,1.6163218246036413,-0.7950330041853313,0.6866755065656012,0.9166186769803365,0.9141005712007116,0.9942354926162189,0.8242892032468307,0.8776411616656882,0.8242892032468307
00847-bCPU9suPUw9,0_0_231,195,foam,0_0,-1.7913115839291942,0.7762432829597999,-0.5103544785347478,0.05423825096833839,0.9690638552263418,0.9431753653180996,0.9905468573998245,0.059908136078938024,0.8433839269163147,0.059908136078938024
00847-bCPU9suPUw9,0_0_232,478,tile,0_0,-0.37778410681686986,0.01422636947880861,1.4915163990339435,0.9168378038558201,0.977806063561499,0.9454673723840579,0.9999150625225857,0.9918137604663135,0.9918137604663135,0.9957675969451741
00847-bCPU9suPUw9,0_0_233,326,partial,0_0,-1.1014581719247731,0.8507546899267294,1.8911409634669023,0.6313586564873135,0.9948392839978636,0.9340551624800001,0.9969925802149525,0.6814888612495279,0.7581609798628256,0.6814888612495279
00847-bCPU9suPUw9,0_0_234,326,partial,0_0,-0.4327238812382052,0.15975703608526337,1.877668797464664,0.4214459888669791,0.9525930659397683,0.9547937453727027,0.997539726326631,0.4645096527795488,0.571407163979921,0.4645096527795488
00847-bCPU9suPUw9,0_0_235,454,stool,0_0,-0.4965273361036075,0.32990234929013484,1.1604298072701626,0.5480729151548998,0.9671138260334371,0.9000684254092766,0.9898343528303527,0.6360960509652371,0.6360960509652371,
00847-bCPU9suPUw9,0_0_236,315,oven,0_0,0.14392609150500207,0.766155334837248,-1.624234241774645,0.5204819680487109,0.9816076288332688,0.95576105067723,0.9988694904704355,0.5554048742367943,0.5554048742367943,0.9987214519909673
00847-bCPU9suPUw9,0_0_237,478,tile,0_0,-0.3637652365733733,0.02205221098663388,-1.270184785285995,0.8947130114933614,0.9811826889727073,0.9146932631681157,0.999958747375674,0.9969567348281917,0.9969567348281917,0.9987544596800344
00847-bCPU9suPUw9,0_0_238,478,tile,0_0,-0.268573328815891,1.071874706996412,-2.2482604267712256,0.43292720699711146,0.9045162660380204,0.9016721413946032,0.9999949886031122,0.530825800215118,0.9967747997312024,0.530825800215118
00847-bCPU9suPUw9,0_0_239,478,tile,0_0,-1.244014747312833,0.07347755180773959,0.23267659472718197,0.7758184373480668,0.9392527689536413,0.9730034323880931,0.9991757613623931,0.8496133931933054,0.9025861568515025,0.8496133931933054
00847-bCPU9suPUw9,0_0_24,478,tile,0_0,0.639384068499869,-0.00037806126994963725,2.7208876085605387,0.8852751543464901,0.9752833267052969,0.9136346810145247,0.9998916517316239,0.993623734592446,0.993623734592446,0.9950391066171124
00847-bCPU9suPUw9,0_0_240,195,foam,0_0,-1.8358410905015274,0.7437453159428039,-0.8656134729196882,0.005870781334624709,0.9714243010032002,0.9515231931813748,0.9798090267585658,0.006482255225338864,0.613316118534787,0.006482255225338864
00847-bCPU9suPUw9,0_0_241,195,foam,0_0,-1.8510279990125567,0.9031613804644575,-0.23230041372633248,0.030363082969991288,0.9289017272634165,0.9377258491182504,0.9894054146444674,0.0352310774630303,0.7545989377901962,0.0352310774630303
00847-bCPU9suPUw9,0_0_242,542,window shade,0_0,-1.8462330274389598,1.6201514483353108,-0.31465306976988466,0.5372536159320394,0.9155555455123677,0.9501809387941642,0.995837606186901,0.6201543766567352,0.7354415496517256,0.6201543766567352
00847-bCPU9suPUw9,0_0_243,542,window shade,0_0,-1.6800485799964837,2.0602624979244104,-0.792429088996184,0.8971626034929355,0.9678568176479422,0.9583446880016997,0.9845406157148575,0.9824369134471761,0.9824369134471761,0.9904079684515522
00847-bCPU9suPUw9,0_0_244,195,foam,0_0,-1.8504545762620273,0.9616633909057634,-0.36250589057620175,0.013053066090354292,0.9715390748033921,0.9448291453079254,0.993442282800629,0.014313846069802731,0.5259915414269467,0.014313846069802731
00847-bCPU9suPUw9,0_0_245,80,car,0_0,-1.8443565130187325,1.2317764561160585,-0.6502417294601776,0.5993767360787045,0.9536861710046758,0.921513822699142,0.9942139093670969,0.6859819817124843,0.6859819817124843,
00847-bCPU9suPUw9,0_0_246,158,drawer,0_0,-1.211234412704112,0.4152854799033224,-0.96672150422394,0.6242378125092612,0.8176900413301255,0.9679375508706259,0.9999712479119761,0.788726644133223,0.8050388221368253,0.788726644133223
00847-bCPU9suPUw9,0_0_247,64,cabinet,0_0,-0.16931822637127142,1.3633243554723922,-1.9479318993638637,0.8236045162956654,1.0,0.9140782197006944,0.9996867059251581,0.9013042973993342,0.9013042973993342,0.9996547810443643
00847-bCPU9suPUw9,0_0_248,319,pan,0_0,-1.2612999635120754,2.0505590920726253,-1.6617862270340462,3.5607611421450855e-06,0.9813283518753915,0.9566762289450741,0.9981309263285449,3.7999335362373733e-06,0.5162335270359457,3.7999335362373733e-06
00847-bCPU9suPUw9,0_0_249,319,pan,0_0,0.498718761212537,0.92932967829317,-1.8490787804137299,0.8613765971167372,0.9848890945867256,0.9288429024488767,0.9995123372199899,0.9420529492819001,0.9420529492819001,0.9994453820778203
00847-bCPU9suPUw9,0_0_25,478,tile,0_0,0.19319286798793892,1.3493314735077482,4.168982375665182,0.41021226483758116,0.9514170327557321,0.9519421196979152,0.9987790067132793,0.4534796163504343,0.827783399461201,0.4534796163504343
00847-bCPU9suPUw9,0_0_250,127,countertop item,0_0,-0.19409915602004593,0.9199079444511883,-1.755729190833449,0.6506835452942622,0.9832300080786078,0.9239097534165763,0.9993560039674844,0.7167454122027901,0.7167454122027901,0.9826643251001929
00847-bCPU9suPUw9,0_0_251,82,cardboard,0_0,-0.3406801121629146,1.5768529744516484,-1.813474176981887,0.00015271515912810595,0.9958401486371298,0.9407255420913624,0.9974732050842817,0.00016342870654404885,0.702618354424595,0.00016342870654404885
00847-bCPU9suPUw9,0_0_252,301,microwave,0_0,0.022271517768852236,1.6345738882612382,-1.8884411206413259,0.9537590830273528,0.9893650021812366,0.9650443422163804,0.9999891740656398,0.9989403966292083,0.9989403966292083,0.9999999726931771
00847-bCPU9suPUw9,0_0_253,64,cabinet,0_0,0.595209421210854,1.9847696339286465,-1.9324469044213912,0.6213969429032826,0.9841487887832854,0.8962271946856232,0.9996808182752397,0.7047399206207855,0.7047399206207855,0.9998758255289623
00847-bCPU9suPUw9,0_0_254,82,cardboard,0_0,-0.38327970057420646,1.8424966644741754,-1.9270473586407275,0.0023514817201996698,0.9921081057803581,0.9291533321905098,0.9993252684334498,0.0025526328354649446,0.7401357652780215,0.0025526328354649446
00847-bCPU9suPUw9,0_0_255,301,microwave,0_0,0.3450642463199729,1.5730626941548032,-1.8830066011770512,0.9461584649170485,0.9899634569883347,0.9599889056620867,0.9998552859092829,0.9957294557630642,0.9957294557630642,0.9999988516348786
00847-bCPU9suPUw9,0_0_256,9,appliance,0_0,-0.3397847844676315,1.2699083002134859,-1.8854360133031545,0.5486063969396531,0.9791173779964447,0.9159653553856921,0.9970928739794201,0.6134955945759708,0.6134955945759708,0.9999409721426107
00847-bCPU9suPUw9,0_0_257,9,appliance,0_0,-0.3353966262474849,1.094586585918833,-1.761678266198875,0.6262889650240812,0.9813748399416605,0.95938786654052,0.9972264438161749,0.6670399299784332,0.6670399299784332,0.9999543011895433
00847-bCPU9suPUw9,0_0_258,64,cabinet,0_0,1.1822214809658316,1.5827006634274676,-1.0882338828910112,0.8600265189235915,0.9309537731357583,0.9869738176023084,0.9997673613108964,0.9362226419180396,0.9362226419180396,0.9959233808584629
00847-bCPU9suPUw9,0_0_259,319,pan,0_0,0.7661398784507234,0.9198085456214984,-1.7272857392319563,0.8744477910643969,0.990412848336356,0.9493522725558989,0.9995619553598706,0.9304231487936775,0.9304231487936775,0.9981897998014716
00847-bCPU9suPUw9,0_0_26,478,tile,0_0,0.1339470265679736,0.0031053662010872,2.7108365343836267,0.9162429153613426,0.9873078768115433,0.9375195120502484,0.9998566271540352,0.9900109155220642,0.9900109155220642,0.9945211397378986
00847-bCPU9suPUw9,0_0_260,64,cabinet,0_0,1.3469464003200955,1.475418289654321,-0.46694696506644423,0.5591180990701915,0.9770527382691702,0.9192028147077451,0.9994897512581242,0.6228677625961822,0.6228677625961822,0.9365968587699872
00847-bCPU9suPUw9,0_0_261,92,ceiling arch,0_0,0.7261716609996653,2.450099690797309,-0.9476236995506303,0.5657119220709821,0.9673085801185124,0.9191610373746936,0.9944521669093697,0.6398155431882118,0.6398155431882118,0.8238780683652304
00847-bCPU9suPUw9,0_0_262,93,ceiling chassis,0_0,-0.6646401639192402,2.454953429060689,-0.6086737628473505,0.0647091375751037,0.9731538891792297,0.9770902566579065,0.996747256680058,0.06827541638764599,0.6699737974683563,0.06827541638764599
00847-bCPU9suPUw9,0_0_263,316,overhang,0_0,-1.4351437004207404,2.1250247654138086,-0.11617937592366849,0.5034077455945493,0.9835454449057579,0.9391737106233526,0.9922842370153234,0.5492163308022245,0.5620272798310422,0.5492163308022245
00847-bCPU9suPUw9,0_0_264,82,cardboard,0_0,-0.12625018868944407,1.653345643566696,4.1716274971816585,0.3950240709445611,0.9598997520548957,0.9217683003870645,0.9951656092943066,0.4486219851916706,0.6811062266557585,0.4486219851916706
00847-bCPU9suPUw9,0_0_265,82,cardboard,0_0,-1.1021925317410455,2.0636201306771422,1.8970862592642694,0.5568370332123747,0.9889487936961812,0.9123600015743096,0.997422044832338,0.6187413006253927,0.6187413006253927,0.8185420964502026
00847-bCPU9suPUw9,0_0_266,82,cardboard,0_0,-0.3374719598249303,1.607491698629509,-1.7193064969212823,0.00017211149634433252,0.9695724637971983,0.9303114850754111,0.9974122428531986,0.00019130509217423058,0.68488073495209,0.00019130509217423058
00847-bCPU9suPUw9,0_0_267,92,ceiling arch,0_0,-0.73861136021776,2.4540694185251044,-1.2390946815892214,0.6098438527576892,0.9934342784348782,0.9317719078851203,0.9988257467041357,0.6595992723993319,0.6595992723993319,0.7700821642763156
00847-bCPU9suPUw9,0_0_268,64,cabinet,0_0,0.2171619988971225,1.988309101839017,-1.9323334549717675,0.5071558702001396,0.8482837307736987,0.9294566025010422,0.9992860302104332,0.6436968531700451,0.6436968531700451,0.9997506308236408
00847-bCPU9suPUw9,0_0_269,92,ceiling arch,0_0,-0.28919847508398694,2.452699897066223,-1.6756153534576588,0.6805722897510234,0.9644102685305537,0.930799248899201,0.9982713214347784,0.7594650933143637,0.7594650933143637,0.7600831278509709
00847-bCPU9suPUw9,0_0_27,478,tile,0_0,0.4186081825930067,-0.001673157102023548,2.4063942115699692,0.9056172894709705,0.9891288319886964,0.9225405793309558,0.9999215198387089,0.992522704905542,0.992522704905542,0.9969782625859551
00847-bCPU9suPUw9,0_0_270,301,microwave,0_0,0.3547207737386838,1.807855209272754,-1.8695525920713525,0.9280585708194421,0.9740052421887716,0.9553678490457821,0.9999770499018337,0.9973634228204544,0.9973634228204544,0.9999998887815517
00847-bCPU9suPUw9,0_0_271,64,cabinet,0_0,1.160613234476963,1.8367766467173139,-1.4627898816338638,0.8152105196111692,0.976667815198501,0.9138212824181173,0.9996569416857847,0.9137147683435655,0.9137147683435655,0.9999322489483935
00847-bCPU9suPUw9,0_0_272,316,overhang,0_0,1.1311501518793834,2.130014773095848,-1.1170284587908461,0.6077064778861565,0.9682760944840028,0.9700246571620335,0.9957789949372574,0.6497539392808184,0.6497539392808184,0.757290544215133
00847-bCPU9suPUw9,0_0_273,92,ceiling arch,0_0,0.6892604024402125,2.4483897348228854,-1.5848059667448857,0.4687124180106755,0.9531355963812934,0.9380454849540891,0.9959783666451988,0.5263540485915488,0.5263540485915488,0.7866917850848089
00847-bCPU9suPUw9,0_0_274,316,overhang,0_0,0.7740058017590594,2.140232329190298,-1.908843385933928,0.5008637859641402,0.9547293556606189,0.9394858051756039,0.9964442600597517,0.5603974148791317,0.5603974148791317,0.807726797647024
00847-bCPU9suPUw9,0_0_275,92,ceiling arch,0_0,0.8703309624750077,2.446980286082612,-1.0811161284912054,0.5437198702445041,0.9899172611559806,0.9301617620308443,0.996069138221749,0.5928274994390188,0.5928274994390188,0.8321126836442305
00847-bCPU9suPUw9,0_0_276,316,overhang,0_0,0.9570798609126651,2.3637867026079875,-1.1146519311412046,0.28449426547357515,0.9277287754281941,0.9395394374360597,0.9964424225260311,0.3275557790528065,0.6386208641979705,0.3275557790528065
00847-bCPU9suPUw9,0_0_277,64,cabinet,0_0,1.0109258473626366,1.8367650768036592,-1.7962483588692093,0.804346560192361,0.9473843803752097,0.9465727968880309,0.9994791302862501,0.8974065584759333,0.8974065584759333,0.9999214369190998
00847-bCPU9suPUw9,0_0_278,82,cardboard,0_0,0.8170265508827252,2.302816578942838,-1.8720568365177377,0.0707755416710316,0.9719565214162064,0.9209135098617625,0.9962944611779955,0.07936514312404562,0.6469972936647657,0.07936514312404562
00847-bCPU9suPUw9,0_0_279,127,countertop item,0_0,1.4130551014238604,0.9117765958815509,-1.353039988417621,0.8456148871249346,0.9769277096810045,0.8992600292071815,0.9999602025983735,0.9625918627435784,0.9625918627435784,0.9769779157406409
00847-bCPU9suPUw9,0_0_28,106,closet door,0_0,-0.4472157614016089,1.8526148742471442,2.7829309681725802,0.8829426596491929,0.9666817442230009,0.9387948025616009,0.9997989081719094,0.9731183199581462,0.9731183199581462,0.9847074341703033
00847-bCPU9suPUw9,0_0_280,316,overhang,0_0,1.100971299148399,2.2235380060111316,0.4703469474575828,0.781024878065647,0.9618017033849974,0.9667833187726292,0.9974210167389974,0.8421155027374062,0.855398215114214,0.8421155027374062
00847-bCPU9suPUw9,0_0_281,64,cabinet,0_0,1.1827322655448156,1.5782546162101498,-0.7060828818440746,0.8921893697613659,0.9701132826183153,0.9728400230041778,0.9996661765019363,0.9456668517552841,0.9456668517552841,0.9977063538690705
00847-bCPU9suPUw9,0_0_282,92,ceiling arch,0_0,-0.040932393060467476,2.4339213608352726,1.6512557093743874,0.6155457795742106,0.9560087331031498,0.9764947110556703,0.9928259815828148,0.6641336251869026,0.6641336251869026,0.6833418816315392
00847-bCPU9suPUw9,0_0_283,420,sink,0_0,0.8411130784218165,0.5019768532120754,-0.1539252651744986,0.006839073687316644,0.9718712608397111,0.9176857720767853,0.9965496429550549,0.0076947693593496435,0.541557543818127,0.0076947693593496435
00847-bCPU9suPUw9,0_0_284,64,cabinet,0_0,1.1514473703421815,1.4734424680963545,-0.21090969019395378,0.8369363560214298,0.9485557579946058,0.9225619893717942,0.9998805898856534,0.9565019816980431,0.9565019816980431,0.9998476767079556
00847-bCPU9suPUw9,0_0_285,326,partial,0_0,-1.3441554291122328,0.8419953894910237,0.04557594690977034,0.21176669492628372,0.9837774923882473,0.9310740420130347,0.9959013906592251,0.2321454728135394,0.6465154147391505,0.2321454728135394
00847-bCPU9suPUw9,0_0_286,478,tile,0_0,-0.08689226347765446,1.2026243143829094,4.1659292218467625,0.4608430536773089,0.980958872238795,0.9175931350487584,0.9989505264694641,0.512516805310271,0.8557374330534905,0.512516805310271
00847-bCPU9suPUw9,0_0_287,478,tile,0_0,0.2603882381236905,0.0010390044400730358,2.0972221303739733,0.8548499532248203,0.9622380863022235,0.8954251593588801,0.9998845176800366,0.9922662339859663,0.9922662339859663,0.9979285241540945
00847-bCPU9suPUw9,0_0_288,127,countertop item,0_0,1.302840144912444,0.9118628305175986,0.8577879303688087,0.9014115718736216,0.97699733376503,0.9261670771610306,0.9999936091889875,0.9961923150348528,0.9961923150348528,0.9984703883594177
00847-bCPU9suPUw9,0_0_289,92,ceiling arch,0_0,0.7578747626725926,2.434307937339302,0.7343648320528505,0.8117172429966412,0.9872181699363464,0.9392574372344975,0.9979491064561146,0.8771999441513267,0.8820786285092743,0.8771999441513267
00847-bCPU9suPUw9,0_0_29,478,tile,0_0,0.3460505107713895,1.2397936394641658,4.1622177264453795,0.7069415861190379,0.9797690613733011,0.9005011286716016,0.9995297949393326,0.8016407811115092,0.9746550887859433,0.8016407811115092
00847-bCPU9suPUw9,0_0_3,244,handle,0_0,-1.1859488420219289,0.9447970125552545,3.5983164166294954,0.4654417300054191,0.9402091239113999,0.9233751014265658,0.9943816124279558,0.5391500031921085,0.5391500031921085,0.8093980800272014
00847-bCPU9suPUw9,0_0_30,244,handle,0_0,-0.7600228775129325,0.9344927118797537,2.436400187367131,0.0005705674759174475,0.9676056315458533,0.9241579481486617,0.9989931951624913,0.0006387043759650436,0.5974903352726874,0.0006387043759650436
00847-bCPU9suPUw9,0_0_31,478,tile,0_0,0.031303410748832534,0.0036722222645560166,2.403061862777271,0.9145272017853951,0.9946144583765292,0.9251504697285923,0.9999338274009206,0.9939355522779806,0.9939355522779806,0.9978691760352022
00847-bCPU9suPUw9,0_0_32,106,closet door,0_0,-0.4469523061121645,1.366253814404139,2.777505102000813,0.8758407405116098,0.9864139581713709,0.9300089235454219,0.9998095503852678,0.9549080120444645,0.9549080120444645,0.9780874742338906
00847-bCPU9suPUw9,0_0_33,106,closet door,0_0,-0.4442354293780316,0.5375225650845447,2.7843572490463466,0.9152672847734933,0.9869742361970861,0.9381880365409286,0.9999653008245727,0.9884786703729962,0.9884786703729962,0.9942091080482639
00847-bCPU9suPUw9,0_0_34,106,closet door,0_0,-0.37118122703238565,0.9349140235619365,2.039308768608908,0.7850730049958132,0.9863498468945159,0.9345102299449409,0.998648664309948,0.8528688986190658,0.8674704923482859,0.8528688986190658
00847-bCPU9suPUw9,0_0_35,478,tile,0_0,-1.1060807578168865,0.5072455790485157,4.168549912451382,0.691070346666831,0.969102267366213,0.9439339861414773,0.9999601483335341,0.7554893265843686,0.989263645230548,0.7554893265843686
00847-bCPU9suPUw9,0_0_36,463,switch,0_0,-0.23415615308779225,1.3083173119283122,2.009637314312892,0.6003037686731247,0.9707834795079281,0.9051463694434468,0.9986648556906623,0.6840850701630029,0.6840850701630029,0.9702272654776893
00847-bCPU9suPUw9,0_0_37,106,closet door,0_0,-0.674616675400363,1.3456619150875921,2.11448214391884,0.5639678544522208,0.9767563329778328,0.9373862706056897,0.9972128445766115,0.6176773305090824,0.6176773305090824,0.7916538080691111
00847-bCPU9suPUw9,0_0_38,106,closet door,0_0,-0.5092202948100959,1.856706920540235,3.010733808442771,0.828777491980064,0.9056523593548487,0.9425093644448679,0.9998698976216726,0.9710626666549536,0.9710626666549536,0.9956665630280502
00847-bCPU9suPUw9,0_0_39,478,tile,0_0,-1.2500021771639696,1.4241420453280724,4.086385139811123,0.7157429248043262,0.9519549658476935,0.9555185523661349,0.9999741867378398,0.7868876820898388,0.9963970458090335,0.7868876820898388
00847-bCPU9suPUw9,0_0_4,319,pan,0_0,-0.6792123436353669,0.8177732862651139,1.2916057149475568,0.04460734511204482,0.9776704441239437,0.9238391988199979,0.9962689395356504,0.049572510533523205,0.5264604079830363,0.049572510533523205
00847-bCPU9suPUw9,0_0_40,106,closet door,0_0,-0.5079306184208912,1.3564924469331685,3.0129004481510475,0.8908049581553773,0.9923544581565591,0.9133482173186942,0.9999198893965661,0.9829110286537339,0.9829110286537339,0.9971856892785247
00847-bCPU9suPUw9,0_0_41,106,closet door,0_0,-0.5223626752998879,1.3830134371460898,2.018216919305336,0.717707648305409,0.9308235186717597,0.9513073494930278,0.9983144116686297,0.8118803567315487,0.8677294494806421,0.8118803567315487
00847-bCPU9suPUw9,0_0_42,82,cardboard,0_0,-0.3234792870050051,2.360300702403027,2.8171090698117456,0.17708942894529262,0.9604388813530579,0.9200198452991574,0.9953131725831484,0.20135664065243133,0.56564861739366,0.20135664065243133
00847-bCPU9suPUw9,0_0_43,180,fan,0_0,-0.27875297872120575,2.4410715559969,2.50367935747534,0.5158787274279057,0.9216320213643056,0.8999359716917297,0.9990213458177046,0.6225922137243118,0.655031393005698,0.6225922137243118
00847-bCPU9suPUw9,0_0_44,82,cardboard,0_0,-0.6754992375157607,2.1172520087758175,4.177922722762093,0.3670535144288372,0.957054146861345,0.9129591445042691,0.9932478266509248,0.42294501527496264,0.8230681449327957,0.42294501527496264
00847-bCPU9suPUw9,0_0_45,82,cardboard,0_0,-0.029434046096673435,2.4352741549506782,2.3244981262469264,0.1814215093618297,0.9944005422175288,0.933612538421811,0.9944690506654027,0.19650313157694121,0.618278907211593,0.19650313157694121
00847-bCPU9suPUw9,0_0_46,244,handle,0_0,-0.6792300848005098,1.883606531096875,2.214743053435552,0.00818315342021022,0.9844159335006057,0.9279405574711124,0.9987751583644506,0.00896920954109039,0.7112439117128921,0.00896920954109039
00847-bCPU9suPUw9,0_0_47,82,cardboard,0_0,-0.8365817820689928,2.430526485840225,3.8103388421726394,0.18066349186665648,0.9574161092083963,0.900891200723434,0.9980569326734499,0.20986596314603248,0.566161855163283,0.20986596314603248
00847-bCPU9suPUw9,0_0_48,92,ceiling arch,0_0,0.04859160271425311,2.440586111274272,0.31914270649340354,0.6817889827134698,0.9663955168189002,0.904130398513133,0.9985267648600745,0.7814555696486567,0.7814555696486567,0.8859257752523512
00847-bCPU9suPUw9,0_0_49,281,lid,0_0,-0.06084662254412499,2.368213380872703,0.03145084930756477,0.6693308049038843,0.8135691499195076,0.9906693268257736,0.9340714144771816,0.8890732489941519,0.8890732489941519,
00847-bCPU9suPUw9,0_0_5,326,partial,0_0,-0.05119468482320941,1.0212732739347379,1.9498663547913315,0.5671203663847065,0.9832547306014604,0.9305139469802599,0.9977008611763704,0.6212779860120422,0.7726738269561418,0.6212779860120422
00847-bCPU9suPUw9,0_0_50,82,cardboard,0_0,-1.2626305138387177,2.0858097875510913,-0.3291816717857062,0.4742438657198361,0.9648255622685005,0.8986490506755312,0.99620912045942,0.5490504951180463,0.5490504951180463,0.6488545163254263
00847-bCPU9suPUw9,0_0_51,316,overhang,0_0,-0.2844468823520158,2.0030866857606138,-1.584623280901511,0.4198953283411955,0.9623295863457066,0.9119210470865065,0.9968486060624403,0.47998841946408805,0.57728423099054,0.47998841946408805
00847-bCPU9suPUw9,0_0_52,316,overhang,0_0,0.21440718456983304,2.0743685500967284,1.9578453446274473,0.6437656670097225,0.9679620859092113,0.9268298891819895,0.9942784935396395,0.7217077819014451,0.8129442277075817,0.7217077819014451
00847-bCPU9suPUw9,0_0_53,326,partial,0_0,-0.0524568404633272,1.8850814941790066,1.955449162984758,0.10435680304728825,0.9866948408645649,0.9125387360182983,0.9946969080348678,0.11651875404571646,0.5274185335735717,0.11651875404571646
00847-bCPU9suPUw9,0_0_54,244,handle,0_0,-0.6764461617962048,2.034856803860244,2.271759479665695,0.40334862772135677,0.9874737851160892,0.9203272212984026,0.995833001708239,0.4456831616713523,0.621325426436943,0.4456831616713523
00847-bCPU9suPUw9,0_0_55,64,cabinet,0_0,1.1631438225717652,1.7405070728525767,0.28006867949683023,0.8624254332781237,0.8935841169764617,0.9910593015249471,0.9998510906260004,0.9739824874012736,0.9739824874012736,0.9998831727223004
00847-bCPU9suPUw9,0_0_56,316,overhang,0_0,1.132357767725912,2.2542935562999786,0.022081008035568925,0.631446561647927,0.9860290921350844,0.9206235526434565,0.9970642429276491,0.6976565097667228,0.7802326433375278,0.6976565097667228
00847-bCPU9suPUw9,0_0_57,316,overhang,0_0,0.5079044675115703,2.071910514031157,1.9523793522380204,0.5287136131904809,0.9754000912730891,0.9091713499554752,0.9941191140439584,0.5997269082543837,0.6046283157523751,0.5997269082543837
00847-bCPU9suPUw9,0_0_58,478,tile,0_0,1.4668642597079997,1.090394790953659,0.5570885968740851,0.5352309591464451,0.9770359631723364,0.9301432735075854,0.9999995983760831,0.5889534920619205,0.9907934284823575,0.5889534920619205
00847-bCPU9suPUw9,0_0_59,478,tile,0_0,1.4673577572674184,1.0495023047546321,0.602648244783241,0.5813290276140749,0.9737016934063196,0.9162781298839565,0.9999994125251296,0.6515819098137419,0.9927677149464135,0.6515819098137419
00847-bCPU9suPUw9,0_0_6,282,light,0_0,0.4901725982534168,2.2610063215804135,2.532500482930645,0.5643676505007931,0.9773141850124706,0.9166695898087085,0.8349075633226346,0.7545303101871713,0.7545303101871713,
00847-bCPU9suPUw9,0_0_60,82,cardboard,0_0,-0.7972407571151741,1.6149965358117793,4.1597145748382625,0.46678591639996564,0.9769651162262147,0.9327231065288425,0.9942877301969949,0.5151976476917699,0.8362731830956547,0.5151976476917699
00847-bCPU9suPUw9,0_0_61,478,tile,0_0,-0.3805216072164553,1.1508236843905246,4.162325038073728,0.8582006667261837,0.9757275318104106,0.9299017170998072,0.9999843335714707,0.9458669314470995,0.9964166520869718,0.9458669314470995
00847-bCPU9suPUw9,0_0_62,316,overhang,0_0,-0.6185241222849782,2.1505716223158604,3.291216271163239,0.5115381002779945,0.9822744555116373,0.9353998236627867,0.9958306058308227,0.5590651008813357,0.5590651008813357,0.7115674070031107
00847-bCPU9suPUw9,0_0_63,478,tile,0_0,-0.8650355535594085,0.8358374701536766,4.166118811839774,0.7673557971694566,0.9807905569037336,0.9300561964592451,0.9999860906357015,0.8412350376993352,0.9972202215603582,0.8412350376993352
00847-bCPU9suPUw9,0_0_64,478,tile,0_0,-0.8580733540731343,0.5148256978348092,4.1646023159040455,0.6547674196883011,0.9719353624724983,0.9023565783709968,0.9999810880421359,0.7465857605113422,0.9935474608659125,0.7465857605113422
00847-bCPU9suPUw9,0_0_65,82,cardboard,0_0,-0.6647009315975553,2.2660135273054456,3.0756374530244743,0.44449201924240317,0.9850448670777958,0.9349812529473663,0.9946887924263783,0.4851966881199842,0.6159492661162704,0.4851966881199842
00847-bCPU9suPUw9,0_0_66,478,tile,0_0,-0.6162602636546224,0.8355193467132804,4.163579696646139,0.7834879360908739,0.9745285634185312,0.9230601136407871,0.9999844476025185,0.870992690220026,0.9973779702065471,0.870992690220026
00847-bCPU9suPUw9,0_0_67,106,closet door,0_0,-0.44131235575076516,2.023737965724261,2.7630137283259866,0.8380009554205821,0.9786268966776164,0.9395498182908817,0.9994342590188907,0.9119128191546712,0.9273814688280331,0.9119128191546712
00847-bCPU9suPUw9,0_0_68,478,tile,0_0,-0.6178432363014447,0.5156399902675193,4.162916002590237,0.7910162983360053,0.9900730644573402,0.9285821988535464,0.9999709425565199,0.8604199118660454,0.9896653311243739,0.8604199118660454
00847-bCPU9suPUw9,0_0_69,478,tile,0_0,-0.8685690322702897,1.1484643035571143,4.167559630015612,0.7981763751526857,0.9786859482817462,0.9316310424321639,0.9999894009645599,0.8754194034035551,0.9991090271683055,0.8754194034035551
00847-bCPU9suPUw9,0_0_7,316,overhang,0_0,0.15287235541260372,2.09358199536121,2.0893531146375133,0.47594680315091986,0.9694443985595637,0.9566260143695848,0.9951328619745434,0.5157179570003517,0.5157179570003517,0.5473420354839694
00847-bCPU9suPUw9,0_0_70,478,tile,0_0,0.12282896001656834,1.1430173184332675,4.164203108650876,0.874220733066175,0.978643882246004,0.936778246859165,0.9999579143723377,0.9536255910518208,0.9937487536022883,0.9536255910518208
00847-bCPU9suPUw9,0_0_71,478,tile,0_0,-0.1228715047858762,1.1412386641229342,4.163373677426067,0.7532494425149198,0.897916486145442,0.8708726737788455,0.9999193440662107,0.9633480881112796,0.9810646335523638,0.9633480881112796
00847-bCPU9suPUw9,0_0_72,478,tile,0_0,-0.6149148942936563,0.19228258298865633,4.1612027121084525,0.7193481219192276,0.9848364919533872,0.9145278481431292,0.9999481796812814,0.7987310228027813,0.9696401652614626,0.7987310228027813
00847-bCPU9suPUw9,0_0_73,478,tile,0_0,-0.37627609998340095,0.5062542287172067,4.161999531291765,0.7729734327952833,0.97144597696775,0.9136742707810976,0.9999728264493842,0.8708960474933066,0.9876154812936798,0.8708960474933066
00847-bCPU9suPUw9,0_0_74,478,tile,0_0,-0.37687176243519604,0.8313308102752195,4.162988575361468,0.770645496472957,0.9673524776619136,0.9003973417242224,0.9999845063799211,0.8847945139020543,0.9953887302752864,0.8847945139020543
00847-bCPU9suPUw9,0_0_75,478,tile,0_0,-0.37488109346541454,0.1819102041372341,4.160386880051174,0.6409376964021187,0.9668181255226214,0.9043679223715264,0.9999658683577761,0.7330619961139548,0.9813080233348476,0.7330619961139548
00847-bCPU9suPUw9,0_0_76,478,tile,0_0,0.12529930548444146,0.8205459417336561,4.163880421319744,0.8151834563005936,0.9636022679260526,0.936199960336719,0.9999635993121161,0.9036593246890431,0.9943139892583903,0.9036593246890431
00847-bCPU9suPUw9,0_0_77,478,tile,0_0,0.301115441716919,0.7071729784018185,4.164934369421612,0.7988625555923219,0.9809878380953957,0.933457070126108,0.9998265548779375,0.8725481970198141,0.976351683492296,0.8725481970198141
00847-bCPU9suPUw9,0_0_78,478,tile,0_0,-0.11716963751744744,0.8272182292486195,4.16303128962929,0.7735967282191553,0.9104917249065779,0.9251792776549104,0.9999352816890824,0.918418941843471,0.9869903947349187,0.918418941843471
00847-bCPU9suPUw9,0_0_79,478,tile,0_0,-0.8657370754696406,0.19343711133232402,4.163100545607967,0.5676473849794829,0.9721929075036038,0.9114374282611151,0.9999712954774863,0.6406366795848448,0.9825691775208463,0.6406366795848448
00847-bCPU9suPUw9,0_0_8,127,countertop item,0_0,0.9926712514188586,0.6594740821048638,0.2415366348368891,0.8247273091586028,0.8937844321837081,0.9249312288705964,0.9999964661518485,0.997630415719254,0.997630415719254,0.9979141822574663
00847-bCPU9suPUw9,0_0_80,478,tile,0_0,0.13315332183225748,0.5135743335703515,4.163535844922866,0.6508782488015474,0.9736899251009896,0.9231413914126981,0.999919768332537,0.7241786276917932,0.9869126239517586,0.7241786276917932
00847-bCPU9suPUw9,0_0_81,478,tile,0_0,-0.13270011650063857,0.5461550525186721,4.161756820958085,0.7498056814763062,0.9647121273532069,0.9264821712872358,0.9998266711393521,0.8390526332150564,0.9761097258396693,0.8390526332150564
00847-bCPU9suPUw9,0_0_82,478,tile,0_0,-1.2626022609476468,1.1338657235951557,3.9576662228103063,0.8383400108006017,0.9934805205017728,0.9072543018644801,0.9997049969191182,0.9303790846341006,0.984801221294157,0.9303790846341006
00847-bCPU9suPUw9,0_0_83,478,tile,0_0,-0.28620447124025966,1.3592954287286596,4.162926192462175,0.8899256994607126,0.98792761441443,0.9450210027778112,0.9999641250691226,0.9532410657830653,0.9949185716268282,0.9532410657830653
00847-bCPU9suPUw9,0_0_84,478,tile,0_0,-1.2560547723734896,0.8611789321390144,3.7066155136900316,0.597685205559278,0.9002063819340297,1.0,0.9992588467715525,0.6644348700914308,0.9779703255785313,0.6644348700914308
00847-bCPU9suPUw9,0_0_85,478,tile,0_0,-0.5850248934273473,0.0059214348239128006,3.975114961455348,0.5176053692929901,0.9542828599611918,0.8757407231277681,0.9984900259712971,0.6203008450808546,0.6203008450808546,0.8935519540376712
00847-bCPU9suPUw9,0_0_86,326,partial,0_0,-1.2729328954310228,1.6056449979695109,3.9146737441328576,0.3406541248751184,0.9707960283704351,0.8873735262733607,0.9957150426052632,0.39714045130247067,0.733852323910011,0.39714045130247067
00847-bCPU9suPUw9,0_0_87,484,toilet,0_0,-0.995642402185925,0.40800486944848113,3.7039423899247486,0.8898230292883018,0.991527878090124,0.9411062907871572,0.9965142824656456,0.9569219309087645,0.9569219309087645,0.9999067704349331
00847-bCPU9suPUw9,0_0_88,478,tile,0_0,-0.6076345964729,1.5745898119697552,4.176490403538523,0.2388711555714386,0.9860575214488417,0.9389202211081902,0.997021838871331,0.2587784437413292,0.8570482123066216,0.2587784437413292
00847-bCPU9suPUw9,0_0_89,478,tile,0_0,-1.2643150097783125,1.1601397395693598,3.698685202357172,0.6625863030258876,0.9824900541906544,0.9160469045974147,0.9995745052808213,0.7365146825958916,0.9827714244745644,0.7365146825958916
00847-bCPU9suPUw9,0_0_9,244,handle,0_0,-0.692844770060067,1.0589006100380653,2.359228889753956,0.00027514460010621977,0.9590020693688905,0.9444796319687323,0.9995878905726704,0.00030389801733294035,0.5371998880429463,0.00030389801733294035
00847-bCPU9suPUw9,0_0_90,478,tile,0_0,-1.107926034507491,1.1027759968233475,4.17041380147975,0.7577044647813009,0.9898514531389117,0.9330581739502659,0.9999803823347566,0.8204074953302727,0.9975125851941866,0.8204074953302727
00847-bCPU9suPUw9,0_0_91,478,tile,0_0,-0.2040294557958734,-0.005897248042675216,3.73472027542903,0.7748567865531991,0.949685259807272,0.9186133213596358,0.9980695432910679,0.8899143332439304,0.8899143332439304,0.9904176293900484
00847-bCPU9suPUw9,0_0_92,478,tile,0_0,-0.2163440173578382,-0.005818301413003465,4.012433695973558,0.6156599676465777,0.9882527750202289,0.9245794746761913,0.9946845000892744,0.6773970080791788,0.6773970080791788,0.6879720381125082
00847-bCPU9suPUw9,0_0_93,478,tile,0_0,-1.0973540017598131,0.8176122654359945,4.169159210457768,0.7026986494605851,0.9890173884381467,0.9292794674119257,0.9999807590485393,0.7645875227185357,0.9968852968383921,0.7645875227185357
00847-bCPU9suPUw9,0_0_94,478,tile,0_0,-0.45626376844728644,0.000993370731178132,3.722902637223348,0.5331133052234404,0.9675032692917046,0.9061770376450666,0.997735654151619,0.6094506369942674,0.6094506369942674,0.7996057630084507
00847-bCPU9suPUw9,0_0_95,478,tile,0_0,0.09032962669417717,-0.008374233035668798,3.721006214167081,0.5758962371942472,0.8842841040705389,0.8852769040028834,0.9984926605547562,0.736764024929056,0.7428590011792149,0.736764024929056
00847-bCPU9suPUw9,0_0_96,478,tile,0_0,-0.13864639994480624,0.5980670718334387,4.161454740638288,0.7090635646194504,0.8109519238255108,0.9422550180152331,0.9997618887434168,0.9281646522597137,0.9530909704108047,0.9281646522597137
00847-bCPU9suPUw9,0_0_97,480,tissue,0_0,-1.210757213012758,0.03990247810106467,3.440539549441262,0.4513478911260737,0.9935984202372122,0.9307273273458063,0.9321404593735364,0.5235964590724097,0.5235964590724097,0.7707875482624499
00847-bCPU9suPUw9,0_0_98,478,tile,0_0,-1.1015877247443326,0.20095810735026207,4.167886433771839,0.4251036553393088,0.8437569389557339,0.992747830762337,0.9999700805225178,0.5075180927210362,0.9900523989849473,0.5075180927210362
00847-bCPU9suPUw9,0_0_99,478,tile,0_0,-0.5067035497224402,0.0048938449261333086,3.4507038575854705,0.8279217274461027,0.916254080907933,0.9421506997591208,0.9994668594094297,0.9595875062785002,0.9595875062785002,0.9954405833725345
00847-bCPU9suPUw9,0_1_0,464,table,0_1,2.9872733737604524,0.7601499994633385,-0.46770019671695695,0.5619807886535311,0.8382629914438283,0.983131747951762,0.9988913718065714,0.6826705906337929,0.6826705906337929,0.9999970706506127
00847-bCPU9suPUw9,0_1_1,545,wood,0_1,3.2482287538722567,0.4469287730414528,-0.007347328957791175,4.718911037794691e-06,0.8903686145941416,0.9165959568969704,0.9856011388328002,5.866685582003946e-06,0.5917503255629268,5.866685582003946e-06
00847-bCPU9suPUw9,0_1_10,545,wood,0_1,3.6613834025507725,-0.008152507905371632,-1.5555602479891422,0.6455436540574532,0.8830951448413281,0.9153765859208505,0.9988865687785342,0.7994699529586458,0.7994699529586458,0.9999042421713188
00847-bCPU9suPUw9,0_1_11,545,wood,0_1,3.5533265282934376,-0.013059937649162022,-0.7153711056664189,0.7297607185842885,0.9757839256565288,0.9326737939622312,0.9938490663290155,0.8068199245726332,0.8068199245726332,0.8548336556140488
00847-bCPU9suPUw9,0_1_12,97,chair,0_1,3.6230908969911155,0.67347504957248,-0.1257730573860386,0.0005828522774069428,0.8670358814251128,0.9669218093184359,0.9987670699920989,0.0006960907394239376,0.967613973404621,0.0006960907394239376
00847-bCPU9suPUw9,0_1_13,82,cardboard,0_1,3.4677773909467797,0.4372479552453112,-2.2651404665620984,0.10455515586041172,0.8904389038959551,0.8996380886945148,0.9953619248839989,0.1311271038726286,0.5901296160075512,0.1311271038726286
00847-bCPU9suPUw9,0_1_14,545,wood,0_1,1.9815300798353814,-0.008753032001855534,-0.07489509364053004,0.8155803309406954,0.9880860886751238,0.8947906206153884,0.9980896837075026,0.9242319311557499,0.9242319311557499,0.9978369533759766
00847-bCPU9suPUw9,0_1_15,545,wood,0_1,2.231044792850051,0.3757826805975747,0.08693070736597422,0.0003835027084276723,0.9635297846541381,0.915219507673124,0.9851806209989994,0.0004414303227539628,0.8619890844683646,0.0004414303227539628
00847-bCPU9suPUw9,0_1_16,545,wood,0_1,2.0297102995425536,-0.008700110440813726,0.36277950803518005,0.6948285030755182,0.863157656453587,0.9352440185467144,0.9450015858182852,0.9108146802766893,0.9108146802766893,0.9998702311798376
00847-bCPU9suPUw9,0_1_17,545,wood,0_1,2.210127573721701,0.5173153877817461,0.0491934688335343,0.0007228466522959955,0.9539223071438936,0.9375174969394373,0.9888516544650933,0.0008173774329308884,0.7139111367715333,0.0008173774329308884
00847-bCPU9suPUw9,0_1_18,545,wood,0_1,1.939801483668026,-0.004443152607138804,-0.2771597897200388,0.7556380138877554,0.9647192467342723,0.9222955248956208,0.9701952315119574,0.8753537924835864,0.8753537924835864,0.999861437578819
00847-bCPU9suPUw9,0_1_19,545,wood,0_1,3.404854862170987,-0.014805978092865926,-0.15859416858097553,0.6173735568599029,0.9023320424773166,0.9183452191396607,0.9944332504410996,0.7492039140978547,0.7492039140978547,0.9998513113419798
00847-bCPU9suPUw9,0_1_2,545,wood,0_1,2.9417341798815695,0.7762872423686147,-1.9732477069376262,9.023356598493801e-05,0.9533353589206437,0.9330189467693164,0.9995270389960043,0.00010149330840279102,0.5736987249725022,0.00010149330840279102
00847-bCPU9suPUw9,0_1_20,408,shoe,0_1,2.6023930597527496,0.4382434259293248,0.016735067042382836,0.514210960077781,0.9616718444518728,0.9163727851402917,0.9438985782514853,0.618182794242127,0.618182794242127,
00847-bCPU9suPUw9,0_1_21,326,partial,0_1,3.40635214712086,0.26250650458041463,-2.1473789273854926,0.364609957853173,0.9668342461107468,0.921719750376947,0.9942681034561754,0.41150403644107897,0.569981181064486,0.41150403644107897
00847-bCPU9suPUw9,0_1_22,303,model,0_1,2.7495518199158715,0.1150312343910641,-1.9706615847189592,5.833377014403986e-06,0.9830471463453138,0.8856929132168222,0.9004639867482277,7.440398237173354e-06,0.5365751050251225,7.440398237173354e-06
00847-bCPU9suPUw9,0_1_23,326,partial,0_1,2.9022842671133766,0.8870768730319084,-1.342117422589324,0.0027910346420362236,0.9776777075165078,0.9431075102464561,0.9836684123055457,0.0030772273619314914,0.5446907573211095,0.0030772273619314914
00847-bCPU9suPUw9,0_1_24,82,cardboard,0_1,1.636767290478935,1.1415781686905897,-1.782338824707604,0.8300395149798935,0.9891753038820004,0.9355046396208189,0.9987237670060508,0.8981195955240994,0.8981195955240994,0.9629661273019922
00847-bCPU9suPUw9,0_1_25,545,wood,0_1,3.5304824048065573,0.332768079146171,-1.19863138891553,0.000610819059595803,0.986405655934855,0.9387269644602525,0.9838919288818403,0.0006704560828477659,0.720772998296514,0.0006704560828477659
00847-bCPU9suPUw9,0_1_26,545,wood,0_1,1.9318653838938007,0.005942646159471106,-1.834305671904863,0.020967493948412852,0.9700556460179169,0.9234677285174258,0.9987999635947956,0.023434173314980905,0.9057889439028176,0.023434173314980905
00847-bCPU9suPUw9,0_1_27,545,wood,0_1,3.2651781232806423,0.023439560923327465,-1.8677934021416829,0.00690863209309818,0.8258231491730685,0.9348070980484507,0.9815458399848572,0.00911742973242913,0.7610711768182499,0.00911742973242913
00847-bCPU9suPUw9,0_1_28,545,wood,0_1,1.627106556721294,0.2530216048294479,-2.0276705844118945,4.819201753084303e-05,0.9800328733394298,0.9476457523588722,0.9906294902194217,5.238141088722842e-05,0.5210757294767767,5.238141088722842e-05
00847-bCPU9suPUw9,0_1_29,545,wood,0_1,3.244665197617299,-0.0035234639709521847,-1.6646124929776074,0.7722359465587184,0.9900205522646636,0.9380284262582745,0.9991726441953668,0.8322413087299463,0.8322413087299463,0.9998445101334974
00847-bCPU9suPUw9,0_1_3,481,title,0_1,2.0934549125633937,0.8722865257601707,-0.5910528813010875,0.36559282463451515,0.9866744390811721,0.9478143073203493,0.9840177354875044,0.3972808210837024,0.5262013057857191,0.3972808210837024
00847-bCPU9suPUw9,0_1_30,545,wood,0_1,3.3614112951828763,-0.02362826719653041,-0.911432267219381,0.0024615741680646666,0.9378897459238474,0.9428305485776194,0.9539365471623718,0.002918152638973122,0.5214701037052513,0.002918152638973122
00847-bCPU9suPUw9,0_1_31,82,cardboard,0_1,1.6254035136453406,0.7618231574495229,-0.33453046568751427,0.8371831372046944,0.9876756186555204,0.9389524153166943,0.9988816080529342,0.9037504754886858,0.9037504754886858,0.9622075634042871
00847-bCPU9suPUw9,0_1_32,545,wood,0_1,2.5329802022027224,0.8054422657281995,-1.8037373848826357,0.00029849792831029506,0.926458849399351,0.9374389902833673,0.9989939837619464,0.0003440402872886535,0.7753174881241561,0.0003440402872886535
00847-bCPU9suPUw9,0_1_33,464,table,0_1,2.9988050448124253,0.7544000561404756,-0.039270797393015526,0.5572734771787604,0.9817992164442937,0.9124626264613387,0.9986863432600834,0.6228758549902318,0.6228758549902318,0.9999957360419627
00847-bCPU9suPUw9,0_1_34,478,tile,0_1,1.4847685876418404,1.202042436370256,-1.4047569071613641,0.5788995939557737,0.9707092723471589,0.9204607278474265,0.9999981264816908,0.6479024419261563,0.9958495274540645,0.6479024419261563
00847-bCPU9suPUw9,0_1_35,127,countertop item,0_1,2.1213106739931407,0.004258457248229611,-1.331063847020779,0.22788798713221362,0.9819557586224221,0.9570751641798121,0.9988619861857109,0.242760475255469,0.9159552042017773,0.242760475255469
00847-bCPU9suPUw9,0_1_36,478,tile,0_1,-0.041284495847748945,1.0359914145163915,-2.2487365768815812,0.5478346536835198,0.9735945799944494,0.9354591673154498,0.9999979289610543,0.6015163229396363,0.9962445491511176,0.6015163229396363
00847-bCPU9suPUw9,0_1_37,478,tile,0_1,1.472601960691797,1.300479027500224,-0.8309190496538248,0.7581780624811195,0.9397281895143416,0.918899607036078,0.9999993608576613,0.8780134547796337,0.9997226715941454,0.8780134547796337
00847-bCPU9suPUw9,0_1_38,478,tile,0_1,1.4697842736395257,0.9653145233012024,-0.5166067700025249,0.5100749609463202,0.9548644933670524,0.914466215206602,0.9999990058769292,0.5841508690696199,0.9920607575933601,0.5841508690696199
00847-bCPU9suPUw9,0_1_39,478,tile,0_1,0.5749206380641586,0.9621385669103485,-2.2500120317724113,0.39589789967381556,0.8801799847664491,0.927683352272395,0.999999741072078,0.4848552010176018,0.9900583055701594,0.4848552010176018
00847-bCPU9suPUw9,0_1_4,545,wood,0_1,2.331243638708171,-0.00742774200172644,0.407714774674715,0.7911248526294606,0.957789798361114,0.963652800403179,0.9603323192230061,0.8925502748489382,0.8925502748489382,0.9998469587945844
00847-bCPU9suPUw9,0_1_40,478,tile,0_1,1.4775167834896856,1.1342032314032433,-1.1337850842934485,0.5402239378898374,0.9784784983836994,0.9630241972748931,0.9999996331063465,0.5733046938225563,0.9898578054855812,0.5733046938225563
00847-bCPU9suPUw9,0_1_41,478,tile,0_1,1.4789094155986713,1.0399279634924523,-1.1355161048989229,0.4635118406760083,0.9623887468784573,0.9582829961264733,0.9999994249602864,0.5025933805883165,0.9860915858379538,0.5025933805883165
00847-bCPU9suPUw9,0_1_42,478,tile,0_1,1.470340682890095,1.0407229899024777,-0.11395912617131292,0.5810903835978354,0.9673006027858714,0.9375751866352942,0.9999994391904782,0.6407319322564393,0.9929193432537274,0.6407319322564393
00847-bCPU9suPUw9,0_1_43,478,tile,0_1,0.5909444560061458,1.0404379511741315,-2.250561834282887,0.4516776650164128,0.9805429702175075,0.9925762400351195,0.9999993691368897,0.46408591119360576,0.9883659578205201,0.46408591119360576
00847-bCPU9suPUw9,0_1_44,478,tile,0_1,0.5737337792637905,1.2286549085555143,-2.249817407594491,0.5497912852993807,0.9934649091344032,0.93817482343007,0.999999357920239,0.5898774913106998,0.9965068218165364,0.5898774913106998
00847-bCPU9suPUw9,0_1_45,478,tile,0_1,1.1920106306781741,0.9623396296436671,-2.2486108064124246,0.49089880539537295,0.9598149110767857,0.9951349023390048,0.9999998187906265,0.5139520502310777,0.9924137095396679,0.5139520502310777
00847-bCPU9suPUw9,0_1_46,478,tile,0_1,0.4200386777631818,1.2654940722115318,-2.2497686970615383,0.5203550679074215,0.9750392436981201,0.9532006467255663,0.9999993173496241,0.5598783333416021,0.9986965102652371,0.5598783333416021
00847-bCPU9suPUw9,0_1_47,478,tile,0_1,0.38191441873401555,1.2563374112695165,-2.249015864096208,0.48711387517918103,0.9909742123659594,0.9664309587077244,0.9999983106958121,0.5086254031965611,0.9955489232821129,0.5086254031965611
00847-bCPU9suPUw9,0_1_48,478,tile,0_1,1.473916888739497,1.054661976861105,-2.1988394212531643,0.3651694619258005,0.9691086107077963,0.9700182785799668,0.9999970561211535,0.3884573648323645,0.9865450023024919,0.3884573648323645
00847-bCPU9suPUw9,0_1_49,478,tile,0_1,1.4856198200583632,1.0356821160716903,-1.8753998020844944,0.3596690305768919,0.9679494798183441,0.9522228297239309,0.9999995707789281,0.39022217967051276,0.9773398275032803,0.39022217967051276
00847-bCPU9suPUw9,0_1_5,97,chair,0_1,2.864674098055662,0.6181946711253087,0.26625346209756245,0.002216893972407737,0.9668246880086138,0.9333392071107725,0.9996018889613963,0.0024577098667011212,0.9877706076645391,0.0024577098667011212
00847-bCPU9suPUw9,0_1_50,478,tile,0_1,1.4731299009558196,1.050951354658978,-0.8968820600369083,0.5273260730958526,0.9749086648225784,0.9275518033259058,0.9999997173859031,0.5831459495145004,0.9881203846921199,0.5831459495145004
00847-bCPU9suPUw9,0_1_51,326,partial,0_1,1.4451498128619,1.9965079284071263,-0.4311279528632998,0.4748102710355473,0.9706087317317724,0.9297535299905549,0.9982192059816791,0.527086816236369,0.527086816236369,0.6468354494209014
00847-bCPU9suPUw9,0_1_52,273,knife,0_1,2.201387231108331,0.013599001385974098,-0.9238165543471367,0.5413334847141794,0.9756472557783127,0.9667846760308239,0.9278204126855808,0.6185550874436825,0.6334301905659849,0.6185550874436825
00847-bCPU9suPUw9,0_1_53,478,tile,0_1,1.4733915499383643,1.5233194673764392,-0.926395370396048,0.5025169297266024,0.9775331680570637,0.9190678354041771,0.9999983144981491,0.5593354692484296,0.9848200064032034,0.5593354692484296
00847-bCPU9suPUw9,0_1_54,478,tile,0_1,1.4856843759066714,1.0376313659228669,-1.8175657267730088,0.4197373610969067,0.9685596441182659,0.9316450784584414,0.9999994762886704,0.46515853204509877,0.9817138432440261,0.46515853204509877
00847-bCPU9suPUw9,0_1_55,545,wood,0_1,3.461740489244769,0.7251006155716122,-0.05514148477725725,7.120444543635893e-07,0.9869548980113245,0.9480536090733174,0.99862698938465,7.620326973890678e-07,0.6627556290134585,7.620326973890678e-07
00847-bCPU9suPUw9,0_1_56,82,cardboard,0_1,2.6929488754065116,1.8394466971772683,-2.2724970440878747,0.7905539612534874,0.9505469811319439,0.9328398622470717,0.9981995421391295,0.8931686474109093,0.8931686474109093,0.9622860035081245
00847-bCPU9suPUw9,0_1_57,92,ceiling arch,0_1,2.642282928498024,2.4491079119290085,-1.1918626168992654,0.29282174516481685,0.9163877648265307,0.9120083681385636,0.9260759305481928,0.3783368317290621,0.6453602772800049,0.3783368317290621
00847-bCPU9suPUw9,0_1_58,545,wood,0_1,3.3650581053745134,0.37536474106989565,0.02867222815099422,3.120660342247749e-06,0.9509849632752544,0.8970625175923091,0.9831554584350312,3.72072820469607e-06,0.7075363192799123,3.72072820469607e-06
00847-bCPU9suPUw9,0_1_6,326,partial,0_1,3.639831063314582,0.7803089354632339,-0.6542040673282732,0.0008961299238272431,0.9514698954620838,0.9406626921292077,0.9890504216466115,0.0010123334232493464,0.6257819278173544,0.0010123334232493464
00847-bCPU9suPUw9,0_1_7,545,wood,0_1,3.51482877216294,0.6861805390417952,-1.157236488213097,9.682131563518211e-05,0.970895321317732,0.9324177643013364,0.9903439780516134,0.00010799458184977073,0.6687363390503412,0.00010799458184977073
00847-bCPU9suPUw9,0_1_8,82,cardboard,0_1,1.6179021681257821,0.22405205171249032,-0.23216198718912878,0.767916634737286,0.9729063610966299,0.9307527643286075,0.998941833401459,0.8489233848136666,0.861005671099724,0.8489233848136666
00847-bCPU9suPUw9,0_1_9,82,cardboard,0_1,3.467528247775632,0.6787174582165577,-2.219207198062287,0.5386955397270383,0.9864604532511158,0.9353844965161752,0.9941106263218981,0.5872713534500718,0.70164022038592,0.5872713534500718
00847-bCPU9suPUw9,0_2_0,545,wood,0_2,3.3248681365767245,1.6489321850899348,3.6902833066665974,0.7482105456573472,0.9816696031331174,0.933512050052749,0.8487289579955033,0.961987730640869,0.961987730640869,0.9888423271328182
00847-bCPU9suPUw9,0_2_1,320,panel,0_2,6.4263265344938265,0.9552917542324817,3.9396214834816736,0.5085154319772452,0.9533536320457875,0.9975684197425698,0.9934352881458938,0.5382299205402599,0.5382299205402599,0.9999087245485537
00847-bCPU9suPUw9,0_2_10,545,wood,0_2,4.338096521812923,1.4422300685077953,3.992377174689633,0.6547561461799886,0.9832865585647093,0.9732011532805656,0.7258009508057396,0.9427126475758708,0.9427126475758708,0.9923930280187955
00847-bCPU9suPUw9,0_2_100,326,partial,0_2,8.474327768330104,1.189277079894899,0.7620314692350768,0.004562675036817841,0.9063223537305788,0.9272375089877916,0.9994940961859639,0.005432073305935578,0.5330907939892129,0.005432073305935578
00847-bCPU9suPUw9,0_2_101,53,box,0_2,7.361065147103125,0.48954021762891287,3.7994783430838623,0.5010191492358226,0.9258831852803273,0.9568963264146941,0.9997298089097255,0.5656536569160778,0.5656536569160778,0.6581037756324695
00847-bCPU9suPUw9,0_2_102,250,heater,0_2,8.145566458961936,0.63103123206149,2.620653489922203,0.7621113036920408,0.9508244524635966,0.9308577487830555,0.999309637558929,0.861657488987179,0.861657488987179,0.9968961485728571
00847-bCPU9suPUw9,0_2_103,326,partial,0_2,8.321389940265071,0.787706179888493,2.266426398597125,0.49624940826094177,0.9443730820172086,0.9124476266888999,0.9707336488943737,0.5932645146653213,0.7084785837240734,0.5932645146653213
00847-bCPU9suPUw9,0_2_104,545,wood,0_2,8.058185626272321,0.0032502126513997845,3.8604704644758283,0.5386732851432634,0.9845661673843478,0.953177471389625,0.9983949070227492,0.5749160110675711,0.5749160110675711,0.9971422412951993
00847-bCPU9suPUw9,0_2_105,82,cardboard,0_2,5.432269220464567,0.8730207279860278,3.9643140428353085,0.004112875151243817,0.9568878116871917,0.9145799759972775,0.9976823196946016,0.004710538297405367,0.7402269767144547,0.004710538297405367
00847-bCPU9suPUw9,0_2_106,545,wood,0_2,5.926828764721511,1.6953816312260497,4.122933086070299,0.009079556513398904,0.9509053731506522,0.964717997765949,0.9633743099869675,0.01027381859226159,0.7135590855738457,0.01027381859226159
00847-bCPU9suPUw9,0_2_107,82,cardboard,0_2,2.8033455047085902,1.8938488000670244,3.5656075955621565,0.44517131042491337,0.9638209404203892,0.9103454053199412,0.9939942067999549,0.5104353602528326,0.7546699007736027,0.5104353602528326
00847-bCPU9suPUw9,0_2_108,82,cardboard,0_2,7.142877055821284,0.4692020181860392,3.794947243223153,0.019361251238686466,0.9055805681972486,0.9371398021875373,0.9988747148144803,0.02283972772534742,0.5831269301831007,0.02283972772534742
00847-bCPU9suPUw9,0_2_109,545,wood,0_2,5.667551599503881,0.0022118068195246805,3.1093135927988023,0.5630960400040123,0.9151518914206492,0.8788442216788681,0.9899580954867494,0.7072298431281818,0.7072298431281818,0.9993985550229197
00847-bCPU9suPUw9,0_2_11,545,wood,0_2,4.113037639070494,1.4341118178070198,3.6587571383285695,0.4887935326267929,0.9414504567782084,0.8540626664374413,0.6289530288738013,0.9665404399605266,0.9665404399605266,0.981784947839517
00847-bCPU9suPUw9,0_2_110,82,cardboard,0_2,4.791380018344608,0.061868463387763535,3.708378422566507,0.6565463205499547,0.9385415126034585,0.9040970081392715,0.9990844295262569,0.7744522795231881,0.7744522795231881,0.835276625441486
00847-bCPU9suPUw9,0_2_111,451,stick,0_2,2.8803858220027196,0.6750008021167826,2.2393307871358488,0.7674773686111608,0.9642705262466795,0.9144279349250128,0.9915067381863434,0.877852460239393,0.877852460239393,0.9948426141969877
00847-bCPU9suPUw9,0_2_112,326,partial,0_2,4.7193619328185,1.4651718708662944,2.82175582476147,0.008847732115382784,0.904033844891768,0.9220750674530203,0.9824359590722104,0.010803805227234127,0.6867377463489395,0.010803805227234127
00847-bCPU9suPUw9,0_2_113,545,wood,0_2,4.035943658021608,0.6100659905692086,2.532969987437266,0.02852916328129335,0.9826155795206472,0.9193482904929609,0.9419181311558302,0.03352834829411174,0.8902710828814359,0.03352834829411174
00847-bCPU9suPUw9,0_2_114,82,cardboard,0_2,1.6307808949368583,1.4607312774661132,0.5647222497637405,0.788622430908703,0.9756598766460565,0.9212181332343615,0.9985557205083575,0.8786904338060814,0.8786904338060814,0.9283021650984314
00847-bCPU9suPUw9,0_2_115,93,ceiling chassis,0_2,4.917624760908788,2.432429975817236,0.9082345906310539,0.7094710346359859,0.9876882135340506,0.9499315205061214,0.9952043476233511,0.7598191498132046,0.838091714977333,0.7598191498132046
00847-bCPU9suPUw9,0_2_116,180,fan,0_2,6.870784886452493,2.4382489574425366,2.208090237471639,0.06477433785755182,0.9705116432913024,0.9289633061458151,0.9976111974370666,0.07201821570502437,0.6937002317509595,0.07201821570502437
00847-bCPU9suPUw9,0_2_117,273,knife,0_2,6.223600805595787,2.238875836306872,0.9713102045269542,0.009103579963270481,0.9392227006596663,0.9448926635554551,0.9614413928518227,0.010669359227674202,0.5936428633210387,0.010669359227674202
00847-bCPU9suPUw9,0_2_118,316,overhang,0_2,4.820161771020824,2.437224211626305,2.675001601822878,0.17437238720536777,0.951249129043725,0.9480830025899896,0.9953667902973057,0.19424682718873265,0.805278829967197,0.19424682718873265
00847-bCPU9suPUw9,0_2_119,244,handle,0_2,6.710698469293033,2.248803075064435,0.3216300641822714,7.26273223593517e-05,0.9586833973725637,0.9818579601298676,0.8888408332392272,8.680648347069068e-05,0.617502754148227,8.680648347069068e-05
00847-bCPU9suPUw9,0_2_12,431,sofa,0_2,7.563332766670859,0.46339458838817743,-1.0054808203729142,0.6827735517104162,0.9184569085772659,0.949399980315275,0.9996684969783155,0.7832721406706025,0.7832721406706025,0.8755673089792242
00847-bCPU9suPUw9,0_2_120,180,fan,0_2,6.571531375792533,2.4341264321237204,1.1506398814793362,0.08368672494552366,0.9858114540033827,0.9102912820619324,0.996851968648929,0.09355169444132648,0.7445676867906236,0.09355169444132648
00847-bCPU9suPUw9,0_2_121,364,prop,0_2,6.559433091112852,2.164967937885759,0.8315741834963333,0.0004927695403705207,0.927454593178509,0.9223524558086724,0.8061381993848,0.0007145700163892031,0.5138051787468818,0.0007145700163892031
00847-bCPU9suPUw9,0_2_122,326,partial,0_2,8.44261635348266,1.5161106182058015,1.6479696294316906,0.0016215522238391398,0.9636027730521939,0.9313190768491297,0.998543000294776,0.0018095376696601617,0.62328976973886,0.0018095376696601617
00847-bCPU9suPUw9,0_2_123,180,fan,0_2,7.413652623278747,2.433729223860766,1.6685507967844782,0.04645747815197289,0.9621074054964176,0.9234757481930973,0.9961475804653502,0.05249076408691917,0.6737344881340684,0.05249076408691917
00847-bCPU9suPUw9,0_2_124,93,ceiling chassis,0_2,7.86733469776231,2.435689238647559,0.9571412266907315,0.6798166141098831,0.9885629384753016,0.9406428317448866,0.9969253257870699,0.7333310441054535,0.7333310441054535,0.8744201100258012
00847-bCPU9suPUw9,0_2_125,93,ceiling chassis,0_2,7.909967067866104,2.442263967249645,3.112361887784999,0.7008056149542643,0.925326036612682,0.9178132845136724,0.9984632327543681,0.8264496000820346,0.8991653867715431,0.8264496000820346
00847-bCPU9suPUw9,0_2_126,82,cardboard,0_2,8.312650026090234,1.9868808491000827,3.1828414029104986,0.6898045763930457,0.972981087276314,0.9460122038515673,0.9993028636189561,0.7499422161353768,0.7499422161353768,0.9066505892198425
00847-bCPU9suPUw9,0_2_127,82,cardboard,0_2,7.912457412510967,1.9034786184112922,4.179574569889497,0.7092159150511869,0.969728026006903,0.9453146930779524,0.999611900916989,0.7739638909228831,0.7739638909228831,0.9612690537225858
00847-bCPU9suPUw9,0_2_128,93,ceiling chassis,0_2,7.695920030038771,2.423271353408535,3.1817816563139636,0.11443710516981849,0.9646437466144562,0.9485383028990915,0.9982302057660609,0.12528940014754225,0.6982935941373772,0.12528940014754225
00847-bCPU9suPUw9,0_2_129,326,partial,0_2,8.310881441472134,1.9221303191559393,2.1939778605741345,0.46949365780076097,0.9722834485560568,0.9084778230186489,0.9976245141891517,0.5327891778522859,0.598437289654893,0.5327891778522859
00847-bCPU9suPUw9,0_2_13,326,partial,0_2,3.744961018649023,2.1069924558209245,3.2833198805401778,0.004366076286057751,0.9704274217034278,0.9354740040720828,0.9751650788664123,0.004931946939959014,0.572107326837676,0.004931946939959014
00847-bCPU9suPUw9,0_2_130,82,cardboard,0_2,8.116404305671622,2.194582414145492,3.2272585656433206,0.7048193450503756,0.9381959408182884,0.9241308711521539,0.9994059589037013,0.8134087746318064,0.8134087746318064,0.9279988303157048
00847-bCPU9suPUw9,0_2_131,244,handle,0_2,8.303512787056432,2.1237269594544634,2.1182070013817467,0.29374478711897817,0.9731734208072776,0.9497817666389246,0.9981787229673406,0.3183814768572705,0.5858792119741154,0.3183814768572705
00847-bCPU9suPUw9,0_2_132,326,partial,0_2,8.448546738144671,1.1313183578815122,1.61527136229253,0.0016705930056529893,0.783320874937119,0.9932097766195169,0.9988327411875426,0.0021497957637182635,0.5306754666224247,0.0021497957637182635
00847-bCPU9suPUw9,0_2_133,82,cardboard,0_2,8.311409145038258,1.2768801764308122,2.8429950631854513,0.62498031734001,0.946528304968,0.9245607904338311,0.9994525413760192,0.7145540521369009,0.7145540521369009,0.9437684347311585
00847-bCPU9suPUw9,0_2_134,250,heater,0_2,7.940559475362111,0.7682666644363274,2.654164766903936,0.6346540743729194,0.9900314290123388,0.9291918269468333,0.9985301810256297,0.690910055577486,0.690910055577486,0.9682548935281134
00847-bCPU9suPUw9,0_2_135,221,glass,0_2,8.371959960333037,0.6558727658628429,1.0819911113650578,0.6478278952799601,0.9329488541727603,0.9352001182815719,0.9991196699041763,0.743155586468581,0.743155586468581,0.9463139576985709
00847-bCPU9suPUw9,0_2_136,87,cat,0_2,8.708802025208357,0.0110278410667999,2.8926645222802896,0.6950050893813253,0.9841152340640581,0.9277847367971246,0.9791478550795489,0.7774035682327363,0.7774035682327363,0.9397677428878383
00847-bCPU9suPUw9,0_2_137,545,wood,0_2,7.864038015728848,-0.0010582236643799268,2.705042507467637,0.4890079139194455,0.9884442797026319,0.9318985379334792,0.9943234988062676,0.5339091474281378,0.5339091474281378,0.9928245529799908
00847-bCPU9suPUw9,0_2_138,82,cardboard,0_2,8.310404024714616,0.8405818814549936,3.578810492856917,0.6483528373731143,0.9392384872681598,0.9445050143292935,0.9991545402393802,0.7314735071839905,0.8075078347194445,0.7314735071839905
00847-bCPU9suPUw9,0_2_139,82,cardboard,0_2,8.307358398084734,0.08292500011646069,3.8402570173389035,0.6470044512561451,0.9517501633981783,0.9288665352243479,0.999470030799917,0.7322530943551991,0.8550065497998015,0.7322530943551991
00847-bCPU9suPUw9,0_2_14,311,oar,0_2,4.737739415767229,1.4047723169538302,2.4741531126944167,0.41774850174425704,0.9916828408485452,0.9732732066967238,0.9876311724837695,0.4382405353283166,0.6364000810553445,0.4382405353283166
00847-bCPU9suPUw9,0_2_140,545,wood,0_2,8.289959058317033,0.03139922042462686,3.8620478149363677,0.6793934247711606,0.9888047892048868,0.9191828175594647,0.9984900062680674,0.7486264345948116,0.7486264345948116,0.9885137667127236
00847-bCPU9suPUw9,0_2_141,82,cardboard,0_2,8.098864387026815,0.9524388513527501,3.1363319247718477,0.0007664308241662818,0.9890825464634369,0.933270902623653,0.9952680225738699,0.000834243147794765,0.7167149835044276,0.000834243147794765
00847-bCPU9suPUw9,0_2_142,545,wood,0_2,7.631044279926528,-0.0045054897634040116,1.677178025989362,0.5168833185701148,0.9552485567678791,0.9226680306377044,0.9835441906708656,0.5962615099109052,0.5962615099109052,0.9390392956697972
00847-bCPU9suPUw9,0_2_143,545,wood,0_2,7.027653730654872,0.007328169728177053,0.23280163011659938,0.6891927075192072,0.9852999577043909,0.9245430977213662,0.9545204583547071,0.7926104748458721,0.7926104748458721,0.9944903471558485
00847-bCPU9suPUw9,0_2_144,545,wood,0_2,8.152042209756516,-0.0038940505294491933,0.9882432596927455,0.490957701304778,0.933279632621414,0.9208944489537328,0.9794467238673473,0.5832323645923874,0.5832323645923874,0.9459633823510722
00847-bCPU9suPUw9,0_2_145,545,wood,0_2,7.034260177069013,-0.0013933048515249406,0.6272617148211997,0.6495806244007977,0.9685374596243639,0.9275141977935382,0.962103062629898,0.7515787226283921,0.7515787226283921,0.996324874978681
00847-bCPU9suPUw9,0_2_146,431,sofa,0_2,8.05674808868352,0.6444805114327097,-1.5300327279314547,0.7964455939563,0.9934448686622713,0.9301228811840155,0.9946874198561224,0.8665335648463071,0.8665335648463071,0.8836744041767743
00847-bCPU9suPUw9,0_2_147,545,wood,0_2,5.926726678321242,0.0015090811227046125,1.1132987661551856,0.6200075993794625,0.9265517795565651,0.8845444786723746,0.9402822426130586,0.8045432725472211,0.8045432725472211,0.9986130078288928
00847-bCPU9suPUw9,0_2_148,545,wood,0_2,6.892121197946435,-0.0001365007232991805,1.8891498885731597,0.6361396727444137,0.9279268117705554,0.9230615589573281,0.9008891365892614,0.8243976450628517,0.8243976450628517,0.995079797177411
00847-bCPU9suPUw9,0_2_149,545,wood,0_2,5.536932207147421,0.002411737001655425,1.6940917033823677,0.6939107961253689,0.952334148324404,0.9251814008035649,0.9378683756063448,0.8397412780680176,0.8397412780680176,0.999456184721767
00847-bCPU9suPUw9,0_2_15,545,wood,0_2,3.297643609751672,2.351332550178626,2.5420738536980685,0.021357337019911972,0.9416091186972978,0.9459380619226468,0.9856852194640624,0.024326268748120418,0.7805235423530124,0.024326268748120418
00847-bCPU9suPUw9,0_2_150,545,wood,0_2,7.616352272719342,-0.0029147756908720103,2.048866626115843,0.4633409531178893,0.9916421466064061,0.8821676182413467,0.9906827595144607,0.5346382094613895,0.5346382094613895,0.9456410101428653
00847-bCPU9suPUw9,0_2_151,303,model,0_2,8.435048301915645,0.25101965935437104,1.8664111775478478,0.0806739114886637,0.9172799661905254,0.9169107780165112,0.9980081872863715,0.09611032017233646,0.5452596861452835,0.09611032017233646
00847-bCPU9suPUw9,0_2_152,364,prop,0_2,4.77908988300683,0.18842062754738323,2.1790008237431793,8.54565435451879e-06,0.8999445178666299,0.8958307475022594,0.9965438870989222,1.0636706922743118e-05,0.5723280888236149,1.0636706922743118e-05
00847-bCPU9suPUw9,0_2_153,545,wood,0_2,5.034980839726063,0.003732661250365417,2.154999355602523,0.5119160276479734,0.8606033238354447,0.9042507470985988,0.9450864140422095,0.6960417844236007,0.6960417844236007,0.999717166933024
00847-bCPU9suPUw9,0_2_154,545,wood,0_2,7.903831430678849,-0.006578205657265135,0.3241601779126647,0.6123043570182511,0.9908561814287353,0.9315391198239453,0.9581927498498282,0.6923134173852271,0.6923134173852271,0.9878421521816491
00847-bCPU9suPUw9,0_2_155,545,wood,0_2,4.940230513848795,0.002143974944089928,1.3657077980103691,0.6823957176992652,0.9218995175457312,0.9266947767783644,0.9395628120420733,0.8501394523036201,0.8501394523036201,0.9992856542992872
00847-bCPU9suPUw9,0_2_156,481,title,0_2,4.729825599057037,0.4805793857707369,2.2964150946969464,2.0626094508936532e-07,0.9955547256875991,0.9293726437961038,0.9834594412996636,2.2667599271944404e-07,0.5040438957086247,2.2667599271944404e-07
00847-bCPU9suPUw9,0_2_157,545,wood,0_2,6.027413926905031,0.007075618287819988,0.3287777004322856,0.6048294709840933,0.8517621695989798,0.9126126747379211,0.958875768718098,0.8114574598386879,0.8114574598386879,0.99920408545676
00847-bCPU9suPUw9,0_2_158,545,wood,0_2,5.392133489838801,0.002927200980474009,1.9619006716735383,0.6192336788389923,0.863126121038272,0.883532794206627,0.9437220408800892,0.8604260224273197,0.8604260224273197,0.9996707218716249
00847-bCPU9suPUw9,0_2_159,82,cardboard,0_2,5.595886065737505,0.4850585075195603,3.7852707148640876,0.04258598672629315,0.9075624253278897,0.93135648431923,0.9996717275426374,0.05039841230213626,0.7941553742568467,0.05039841230213626
00847-bCPU9suPUw9,0_2_16,431,sofa,0_2,4.615562938783991,0.4654178844020674,-0.1864648512127049,0.5356878116710245,0.9506872442341526,0.9111864773797134,0.9963970334543902,0.6206323463141274,0.6206323463141274,0.9931909238639189
00847-bCPU9suPUw9,0_2_160,545,wood,0_2,4.082987623713135,1.0224436620810378,2.9284800215043556,0.025377296490848734,0.8729045648629996,0.9229740032358531,0.9301243817326025,0.03386476696839584,0.8941229214297199,0.03386476696839584
00847-bCPU9suPUw9,0_2_161,545,wood,0_2,5.341647894925162,0.0029960965958417294,2.327417056654105,0.6600902413931674,0.9907275758013846,0.9275908125759865,0.9723617089528301,0.7386943449791273,0.7386943449791273,0.999744111756351
00847-bCPU9suPUw9,0_2_162,326,partial,0_2,3.7274366447875433,1.8210855581214762,3.284874294969714,0.01661061429528368,0.9934737675143421,0.9335543193513862,0.986055832237454,0.018163025425684265,0.6641027484830653,0.018163025425684265
00847-bCPU9suPUw9,0_2_163,431,sofa,0_2,5.162013195439784,0.21654663765307472,-0.5554249099334495,0.8075943708133669,0.9790556501315184,0.9158041727807615,0.993793421300595,0.9063316985938886,0.9063316985938886,0.9927369049441299
00847-bCPU9suPUw9,0_2_164,93,ceiling chassis,0_2,4.261371891578218,2.447156268795375,-1.9623894214442366,0.493583259604785,0.9753239312052501,0.9260679612954141,0.9680353951858965,0.5645175456976568,0.7734729911459424,0.5645175456976568
00847-bCPU9suPUw9,0_2_165,431,sofa,0_2,5.075837830600783,0.48035579819277413,-0.901392009098304,0.8039152703177704,0.9693365773153712,0.9319714963912306,0.9968956798721941,0.8926543656412015,0.8926543656412015,0.9769217506563717
00847-bCPU9suPUw9,0_2_166,451,stick,0_2,3.7742713933606433,1.1083005105743362,2.1476775262951713,0.60312828273752,0.9721516572030545,0.9324177633776857,0.993844309736337,0.6694941392153726,0.6694941392153726,0.8281116818060216
00847-bCPU9suPUw9,0_2_167,545,wood,0_2,1.8503391471040347,-0.011077428366088804,1.304488222260867,0.6479220343325842,0.8552425237797965,0.9322264940149272,0.8966643155785784,0.9063211922329468,0.9063211922329468,0.9998486634231236
00847-bCPU9suPUw9,0_2_168,82,cardboard,0_2,1.5328182407838091,0.0008430003231185324,1.2695121600047734,0.0637138013700985,0.9257054661031803,0.9220578298518651,0.9968157787536168,0.07488375696784473,0.5264904370303942,0.07488375696784473
00847-bCPU9suPUw9,0_2_169,341,plank,0_2,3.1224618455202844,-0.19257449562429096,2.3066463732779794,0.4632654609387073,0.9544576904593849,0.9360662545623567,0.9869383335091076,0.5253837474846893,0.5253837474846893,0.9698568712198042
00847-bCPU9suPUw9,0_2_17,545,wood,0_2,3.306360464500915,2.2608708333250638,2.6546575453902297,0.1952318488884315,0.9798075358072916,0.9674704876998417,0.9811794645045722,0.2099054504937305,0.9051649925512298,0.2099054504937305
00847-bCPU9suPUw9,0_2_170,545,wood,0_2,3.414630022501279,-0.009660693748664866,1.3535344284007789,0.6776161662084248,0.8996075392640269,0.8922232249565172,0.9684422592871886,0.8717328580036834,0.8717328580036834,0.9998076723866748
00847-bCPU9suPUw9,0_2_171,545,wood,0_2,2.37312909895355,-0.010785930045676255,1.2754045348528176,0.7539584980241105,0.9765305013569775,0.9161806005105755,0.9199255576073392,0.9160682927682667,0.9160682927682667,0.999833652060783
00847-bCPU9suPUw9,0_2_172,451,stick,0_2,2.788764838421953,-0.47068133886616287,2.9234444322494695,0.6651203925440837,0.9729394952168455,0.9375111085948395,0.9696488976026109,0.7520097989971298,0.7520097989971298,0.8584655996993404
00847-bCPU9suPUw9,0_2_173,478,tile,0_2,2.3299020357328355,0.008098087431442755,2.6683958874677747,0.6496768755197218,0.9375687432409536,0.9358700480114888,0.9995207861772818,0.7407760114269722,0.9729125478688182,0.7407760114269722
00847-bCPU9suPUw9,0_2_174,478,tile,0_2,2.0526194314743815,0.008974141858438027,2.9979611588918997,0.7819086295005122,0.9339258004685131,0.9082861323662502,0.9997483451978904,0.9219985870328096,0.9673291362285589,0.9219985870328096
00847-bCPU9suPUw9,0_2_175,478,tile,0_2,2.491674416392758,0.006665263558640953,2.205124124582007,0.20929630103406174,0.8358623738522115,0.9290107748274974,0.9990274907594543,0.26979170131690855,0.9397490562222803,0.26979170131690855
00847-bCPU9suPUw9,0_2_176,478,tile,0_2,1.8875661414171037,0.006680932700954436,2.7012084367170908,0.7927921443395061,0.9429857616152091,0.923458924449571,0.9997233405904762,0.9106611059961862,0.9851370033280764,0.9106611059961862
00847-bCPU9suPUw9,0_2_177,478,tile,0_2,1.4880661275435825,0.006781885049650343,3.0194104658081007,0.8858135771142877,0.9763939806452167,0.9265616931421865,0.9998467369442307,0.9792858163670203,0.9865978666991043,0.9792858163670203
00847-bCPU9suPUw9,0_2_178,478,tile,0_2,1.3188568271830103,-0.0010264826067169779,1.1632852775956464,0.8338098622824693,0.9884306463372238,0.9275121261713541,0.9995635408937432,0.9098940441779109,0.9371860370801723,0.9098940441779109
00847-bCPU9suPUw9,0_2_179,478,tile,0_2,1.6326510177883522,0.009719655937591757,3.317254741306761,0.8429704761414327,0.952767132683485,0.9168108991695587,0.9997491065333509,0.9652833274511223,0.9652833274511223,0.9746050800585992
00847-bCPU9suPUw9,0_2_18,545,wood,0_2,3.3125628455015494,2.461522790321687,2.4569176546172087,0.019767296144887612,0.97838547733819,0.9999999999999991,0.9844692564429134,0.020522729114480075,0.8634460128778851,0.020522729114480075
00847-bCPU9suPUw9,0_2_180,478,tile,0_2,1.2204605723300754,-0.0015810258568901218,1.4724445724251918,0.7694881210438206,0.9710493836348604,0.9408692522354865,0.9996823738451125,0.8424988022661681,0.9532132131121757,0.8424988022661681
00847-bCPU9suPUw9,0_2_181,478,tile,0_2,1.0258599885828432,-0.00012250073284553962,2.412769741449521,0.8897202794255333,0.9839799046328148,0.9435112913368449,0.999783226282465,0.9585489866213861,0.9918401448172343,0.9585489866213861
00847-bCPU9suPUw9,0_2_182,478,tile,0_2,1.6887976240043598,0.004519216319677741,2.3894203992744543,0.7727891007109668,0.9771531777059418,0.931298656855461,0.9996093712823175,0.8495306337455748,0.9788417432653488,0.8495306337455748
00847-bCPU9suPUw9,0_2_183,545,wood,0_2,2.196869782772565,0.009537358122763231,1.99809709768187,0.5813702812511532,0.8114855961921887,0.8771620797384632,0.9919652859927075,0.8233712324143723,0.8233712324143723,0.9947303871839602
00847-bCPU9suPUw9,0_2_184,478,tile,0_2,1.2855089293361934,0.003948007051946806,2.703890792128811,0.8918540788548195,0.9889921072858404,0.9204157675612858,0.9998467746405791,0.9799038800014496,0.99308336180542,0.9799038800014496
00847-bCPU9suPUw9,0_2_185,478,tile,0_2,1.849025442417244,0.005066070678807893,2.13117185991348,0.5002007457207596,0.9650313598849534,0.9422859792357401,0.9991882516943786,0.5505196945655302,0.9471108659512876,0.5505196945655302
00847-bCPU9suPUw9,0_2_186,106,closet door,0_2,1.3085336711633386,1.042576943499609,3.5173961505463995,0.8764173404570431,0.9738284428062425,0.9167697639943548,0.9999587928618506,0.9817165711636675,0.9817165711636675,0.9975071240306841
00847-bCPU9suPUw9,0_2_187,82,cardboard,0_2,1.6150245046285119,1.2806089708953947,0.8524417066088018,0.49108881774507274,0.9371803566560442,0.9040747988065558,0.9976796384730838,0.580953531157047,0.580953531157047,0.6493221338998985
00847-bCPU9suPUw9,0_2_188,82,cardboard,0_2,1.1817248480103197,1.1114530607673685,1.787076556931318,0.6660963180136036,0.9646799968534491,0.907340283491387,0.9980715881370981,0.7624684434377402,0.7624684434377402,0.8796164992128593
00847-bCPU9suPUw9,0_2_189,478,tile,0_2,1.0586363589184793,0.03239229608192113,1.865626044716642,0.29591600378414445,0.9584503226277434,0.9348879879263672,0.9980260459859112,0.33090047481485463,0.8435748646344179,0.33090047481485463
00847-bCPU9suPUw9,0_2_19,545,wood,0_2,3.443905562433931,1.650107618418499,3.36893854022531,0.5535826383354787,0.9576089258988696,0.9018520422539795,0.684563558020959,0.936365074038885,0.936365074038885,0.9547070890321292
00847-bCPU9suPUw9,0_2_190,478,tile,0_2,1.1206727690114044,-0.001023329951599806,1.684525922129692,0.7114855585488777,0.91373669618652,0.9299131910843004,0.9996905969649033,0.8376006526580623,0.9549062958196232,0.8376006526580623
00847-bCPU9suPUw9,0_2_191,82,cardboard,0_2,6.109227469602705,1.675174711569451,-2.2882237282711024,0.7798032291802033,0.9539954679818667,0.8970235504163213,0.9985090052714204,0.9126050897321173,0.9126050897321173,0.9555944130832722
00847-bCPU9suPUw9,0_2_192,93,ceiling chassis,0_2,4.669006084425362,2.4311454013576403,0.6317873046590011,0.6873981101206501,0.983019155106437,0.9563091521633704,0.9948865475681496,0.7349782418863038,0.8594932455280606,0.7349782418863038
00847-bCPU9suPUw9,0_2_193,545,wood,0_2,4.109267040509595,-0.005635798852856974,-0.17282413769015137,0.8288613217392684,0.9772263126522539,0.9285712861425983,0.9990836904380793,0.9142597540713149,0.9142597540713149,0.9997438288228286
00847-bCPU9suPUw9,0_2_194,545,wood,0_2,6.473877919263881,0.003029601923396706,0.09373826193499647,0.6771605705554888,0.9830125603191843,0.9073814962311939,0.9668344185956809,0.785218591875613,0.785218591875613,0.9982977640235892
00847-bCPU9suPUw9,0_2_195,431,sofa,0_2,4.672032775155848,0.8752550141651593,-0.2903221830665481,0.5843238432666628,0.9456759470027117,0.9107264797062872,0.9580455287824602,0.7081693928840959,0.7081693928840959,0.9241383084376917
00847-bCPU9suPUw9,0_2_196,93,ceiling chassis,0_2,7.303722656944343,2.4383046592069415,-1.0190938721812353,0.5538457952525253,0.9778065554750791,0.9330570278647508,0.9952766117194342,0.6099355282884038,0.6099355282884038,0.8654170906598216
00847-bCPU9suPUw9,0_2_197,545,wood,0_2,5.767035683482884,0.0018290561968399449,1.3407532685335803,0.6762805772040283,0.9757952052952671,0.9268374330963456,0.9154326653306784,0.8168423833408957,0.8168423833408957,0.9989858198645115
00847-bCPU9suPUw9,0_2_198,431,sofa,0_2,6.785074857036395,0.9492035139991871,-2.078330637622464,0.33841890145322384,0.931616263823551,0.9127130437577089,0.9361162744685795,0.4251610754721839,0.7012825477603568,0.4251610754721839
00847-bCPU9suPUw9,0_2_199,545,wood,0_2,3.785863094172597,-0.0038215779071176497,-1.9993368103027953,0.7169060398163549,0.9683648246909273,0.89795064430313,0.9992414449374787,0.8250881097513155,0.8250881097513155,0.9997168384404687
00847-bCPU9suPUw9,0_2_2,545,wood,0_2,4.228832346841792,0.908130723011394,2.9210111922973234,0.1326591433384053,0.9948740142764467,0.9723955013976457,0.8468080598930094,0.16193516834111546,0.9592272723289442,0.16193516834111546
00847-bCPU9suPUw9,0_2_20,134,cushion,0_2,5.791278992143356,0.7674832463352531,-1.8051542561223142,0.7730075763793566,0.9571416169404984,0.9141052860360612,0.9911287241390593,0.8914177293729327,0.8979088393654359,0.8914177293729327
00847-bCPU9suPUw9,0_2_200,82,cardboard,0_2,3.993326830321439,1.1355348915393078,-2.27662845816187,0.8285381289590448,0.9883830624792188,0.9257208092415632,0.9980872174100832,0.9072744586083302,0.9072744586083302,0.9723104843879937
00847-bCPU9suPUw9,0_2_201,82,cardboard,0_2,2.961545642013127,0.27650465379307454,3.9363698809892713,0.4908004748638711,0.9584652361837234,0.9241244877790562,0.9928360435330035,0.5581110163939763,0.706235835301999,0.5581110163939763
00847-bCPU9suPUw9,0_2_202,545,wood,0_2,4.882202783212338,0.6912655867666442,0.20060871695605098,0.00015674944619736058,0.9868514596870094,0.9339844075355859,0.9882785033152833,0.0001720819237535762,0.5181078543573678,0.0001720819237535762
00847-bCPU9suPUw9,0_2_203,431,sofa,0_2,4.215005567791563,0.8076093395733114,0.001711313836964093,0.4759198760520972,0.9762237139502351,0.9342675571960122,0.9257093345237194,0.5636877262753226,0.5636877262753226,0.9247882567215884
00847-bCPU9suPUw9,0_2_204,545,wood,0_2,5.983645384125927,0.020684290724257925,3.4707897091641766,0.694502259583833,0.973238963314555,0.9290129038579764,0.9969391184271156,0.7704842969244076,0.7704842969244076,0.9984994380779828
00847-bCPU9suPUw9,0_2_205,82,cardboard,0_2,6.032062797224711,2.14938304425837,4.185518737899003,0.6916218067491197,0.99197421638272,0.9284869360338485,0.9989262804521168,0.7517251103847119,0.7517251103847119,0.8413816902426327
00847-bCPU9suPUw9,0_2_206,82,cardboard,0_2,3.2784578482820996,-0.5069107999036033,4.172973694074868,0.37307872395251324,0.9791710682584577,0.9200829281407071,0.9912247450639106,0.41777534063984156,0.7138124827652033,0.41777534063984156
00847-bCPU9suPUw9,0_2_207,478,tile,0_2,1.1345389617081603,0.01255057690029398,3.487408579571823,0.8643345104143543,0.9734524765455609,0.929041839530238,0.9997663366214974,0.9559459041861363,0.9559459041861363,0.9656962549453454
00847-bCPU9suPUw9,0_2_208,316,overhang,0_2,2.664531264315719,2.2924022304667813,2.425635663547712,0.6209649752169539,0.8514849023825649,0.9408358291973883,0.9352135058793609,0.8288301389525631,0.8288301389525631,0.912576228945527
00847-bCPU9suPUw9,0_2_209,316,overhang,0_2,5.425130235291223,2.441181410298214,3.2750377971999844,0.14911081903117315,0.9196389125141927,0.8900607898553761,0.9954324616784955,0.1830039011809972,0.778740016421151,0.1830039011809972
00847-bCPU9suPUw9,0_2_21,364,prop,0_2,4.8277900134738525,0.7115023952868313,-0.9929902438509972,6.620178434145016e-06,0.9642783589779383,0.9414129006121297,0.9260155237793699,7.875331837425434e-06,0.550632792037535,7.875331837425434e-06
00847-bCPU9suPUw9,0_2_210,545,wood,0_2,4.212577353232226,0.4839482088968853,2.4797555872450006,0.03674766519676714,0.9848391651113827,0.9317729502827947,0.886370881251648,0.04517923373054222,0.9452121259761378,0.04517923373054222
00847-bCPU9suPUw9,0_2_211,478,tile,0_2,2.0896035284043952,0.0061333344858818546,2.4223866069724402,0.6229591410408194,0.9844843370658803,0.9184036059310906,0.9995812725342746,0.6892853700141757,0.973348145051242,0.6892853700141757
00847-bCPU9suPUw9,0_2_212,82,cardboard,0_2,1.5733087012663471,0.7807968540902601,1.003453260599826,0.6035161609713466,0.8336962262520918,0.9027754129117174,0.9987147355652773,0.8028970979843749,0.8265973836106036,0.8028970979843749
00847-bCPU9suPUw9,0_2_213,478,tile,0_2,0.8540047850326623,0.0030548633209775255,3.0146911879627445,0.8890712347456944,0.9795653892237246,0.9134218531264648,0.9998961665120311,0.9937492783767581,0.9937492783767581,0.9958547804032054
00847-bCPU9suPUw9,0_2_214,545,wood,0_2,1.6338046929002497,-0.00021995838857531572,1.8052536099462744,0.7015227653354533,0.9230666756285253,0.8940096231786421,0.9856835721798579,0.8624401858838483,0.8624401858838483,0.9980494169708829
00847-bCPU9suPUw9,0_2_215,106,closet door,0_2,1.7053465483105148,1.835206618533824,3.4902552891306535,0.7442568452296977,0.8109157631794611,0.9363871421980662,0.9999713953322015,0.9801760271553592,0.9801760271553592,0.9987571603571567
00847-bCPU9suPUw9,0_2_216,244,handle,0_2,2.2171696168343895,0.682684215092693,3.2253720857741763,0.7567089327868223,0.9917340630127981,0.9234777176551034,0.9982073374063845,0.8277257228828531,0.8369535375697106,0.8277257228828531
00847-bCPU9suPUw9,0_2_217,244,handle,0_2,2.2250280819731523,0.2844074782633915,3.229959720692128,0.6987130747255206,0.9722627488544149,0.9185609056537531,0.998299286897434,0.7836939695509514,0.8012620777671527,0.7836939695509514
00847-bCPU9suPUw9,0_2_218,82,cardboard,0_2,3.69259745587213,-0.17756773514853308,4.169413241046168,0.6534710832230851,0.9678495269823589,0.914146257421568,0.9937041148493538,0.7432685527387971,0.8715345092847907,0.7432685527387971
00847-bCPU9suPUw9,0_2_219,478,tile,0_2,1.0743397320993566,0.006714692375307476,3.0506479390057377,0.864882289901825,0.9700552960390288,0.9037800521482791,0.9998572403381115,0.9866423792376882,0.9889893757125275,0.9866423792376882
00847-bCPU9suPUw9,0_2_22,545,wood,0_2,3.191268463251764,1.649166358225343,3.3123709798412357,0.4999134137298755,0.9535741281046859,0.9095711198534636,0.6009828575255765,0.9590507375638916,0.9590507375638916,0.9668998934728715
00847-bCPU9suPUw9,0_2_220,82,cardboard,0_2,3.6630011982808752,-1.1397763140130104,4.048207159435862,0.07918267818807125,0.9603620123524248,0.935257773159162,0.9931021960291972,0.0887707614488466,0.8844016515703392,0.0887707614488466
00847-bCPU9suPUw9,0_2_221,478,tile,0_2,2.5804746539573125,0.01019692088681781,2.952633094107253,0.20619252151076087,0.9913496211367822,0.9241028809732958,0.9986213353669309,0.22538494335725182,0.8626695126486524,0.22538494335725182
00847-bCPU9suPUw9,0_2_222,106,closet door,0_2,1.4535310954746938,1.331904108775746,3.489331620680207,0.9026481994185268,0.9927359226469076,0.927776966806414,0.9999833568191617,0.9800504321643327,0.9800504321643327,0.9995597151015373
00847-bCPU9suPUw9,0_2_223,451,stick,0_2,2.707045858460334,0.8797722129975136,2.5692621037217753,0.7406378594287136,0.9901965769985998,0.9174174062216531,0.9808145287494577,0.8312480153132905,0.8312480153132905,0.9835279948946112
00847-bCPU9suPUw9,0_2_224,316,overhang,0_2,2.665130963039538,1.7551331682947546,3.302669532761523,0.4909054887130081,0.8533246672815746,0.8860244429288001,0.9582892013868093,0.6775499077969274,0.6775499077969274,0.8737672312281398
00847-bCPU9suPUw9,0_2_225,478,tile,0_2,2.474945925000359,0.013807813314502109,3.1199757153466825,0.02977926434067339,0.9829569040777493,0.9131379996741842,0.9962834043459899,0.03330122237608426,0.7638043042075197,0.03330122237608426
00847-bCPU9suPUw9,0_2_226,316,overhang,0_2,3.664601404173665,0.1741008896671395,3.1978042260865527,0.1383960946478789,0.9922367860356177,0.9266706088400527,0.9539396116914527,0.15778373758712863,0.5525891639511196,0.15778373758712863
00847-bCPU9suPUw9,0_2_227,478,tile,0_2,2.3973484405448233,0.008875234100901764,2.774499021031965,0.5838836274382597,0.9889636704149027,0.9315795331723881,0.9993552119192153,0.6341706507120325,0.953831721040047,0.6341706507120325
00847-bCPU9suPUw9,0_2_228,244,handle,0_2,2.048074829589267,1.5510759147146898,3.478939298429144,0.11854272182313595,0.9848043800707892,0.9355556356511887,0.991545984881285,0.12976048009465382,0.5222634385889374,0.12976048009465382
00847-bCPU9suPUw9,0_2_229,106,closet door,0_2,1.69282624944996,0.5473005161446916,3.495477014688214,0.8866565801847924,0.9893931105221467,0.9166107000472871,0.9999513433736308,0.9777386174282025,0.9777386174282025,0.9931851265731148
00847-bCPU9suPUw9,0_2_23,431,sofa,0_2,6.506443755448309,0.4085406128970837,-1.3593716445686987,0.8316423051225794,0.9862496195875006,0.9441927082524477,0.9995793506617886,0.8934531961199854,0.8934531961199854,0.9688398602076217
00847-bCPU9suPUw9,0_2_230,463,switch,0_2,1.3438173038492036,1.305726265278228,2.0089552087266065,0.5941410287988199,0.9791888528623551,0.9420403725120654,0.9955319985465925,0.6469911555371467,0.6469911555371467,0.9530320866923176
00847-bCPU9suPUw9,0_2_231,478,tile,0_2,0.715939124379434,-0.0027132324078566607,2.103988551806621,0.8533762200781567,0.9559255881693612,0.9002558198871626,0.999853709297394,0.991777040222129,0.991777040222129,0.9955268464816311
00847-bCPU9suPUw9,0_2_232,451,stick,0_2,3.7231174559710682,1.2500527477054393,2.2941573058861917,0.1819458032914141,0.9825874877026687,0.9262393930975898,0.9873683034076675,0.20247359043465984,0.559122040084911,0.20247359043465984
00847-bCPU9suPUw9,0_2_233,82,cardboard,0_2,4.574815061088909,0.6380560128365242,3.7186821228850038,0.5318380637720852,0.9687173796347406,0.9414848034856325,0.9950528002446508,0.5860340962071731,0.8737273235270908,0.5860340962071731
00847-bCPU9suPUw9,0_2_234,545,wood,0_2,4.43527227850661,1.2015458611426324,3.1040814836053965,0.03585974384619822,0.9858457107436785,0.9317393008859185,0.9003928618157353,0.04335825287590641,0.9294578626953333,0.04335825287590641
00847-bCPU9suPUw9,0_2_235,106,closet door,0_2,1.7126651318513881,1.3220555748866214,3.4900772867370358,0.896530731016169,0.9735160199734346,0.934913660685013,0.9999835150731593,0.9850487675184398,0.9850487675184398,0.9995013066357573
00847-bCPU9suPUw9,0_2_236,244,handle,0_2,1.8698951911341628,1.1152251935427113,3.3114588872217627,0.4962934045751335,0.9875060942700524,0.9284061671094364,0.9964388454230142,0.5432629063876709,0.5432629063876709,0.731619960585903
00847-bCPU9suPUw9,0_2_237,316,overhang,0_2,1.3175027317280747,2.432339606979965,3.2924985275535454,0.4105375320096435,0.9802596579202553,0.9272463805806819,0.994763603656315,0.45404270630940957,0.7474477487817474,0.45404270630940957
00847-bCPU9suPUw9,0_2_238,106,closet door,0_2,1.4806239175069777,1.6758219292763459,3.489932882931584,0.8919142476784324,0.9816446204174197,0.9259732320852878,0.9999820072899064,0.9812466622142849,0.9812466622142849,0.9995913050690598
00847-bCPU9suPUw9,0_2_239,82,cardboard,0_2,3.2643716752117964,-1.1270708408553312,3.7558858304688747,0.04241974313689029,0.9733094266259031,0.9087589726507481,0.9960519956560591,0.048148901463747354,0.945403238639661,0.048148901463747354
00847-bCPU9suPUw9,0_2_24,545,wood,0_2,3.014465055668623,1.6496403071845163,3.2375026479546025,0.6540309227189548,0.9114837833974305,0.9508461181305541,0.8085846341696246,0.9332835567335682,0.9727368748216898,0.9332835567335682
00847-bCPU9suPUw9,0_2_240,244,handle,0_2,1.8665070254896077,0.6792845395811495,3.3506235550185486,0.6678821805838812,0.9735663090584868,0.9368065252509101,0.9949601688106298,0.7360015312594346,0.7962532826289378,0.7360015312594346
00847-bCPU9suPUw9,0_2_241,82,cardboard,0_2,0.9931581596423807,1.4770170456033993,3.700247430488161,0.07674229576820558,0.9832982290437994,0.9301246094931286,0.9903117175328408,0.08472985773049843,0.6344713733176142,0.08472985773049843
00847-bCPU9suPUw9,0_2_242,478,tile,0_2,1.3395104329469318,0.004638413105967813,2.1178749364822402,0.741216327265039,0.9894426225626798,0.8938872896233696,0.9994673263056048,0.8384998696876597,0.9597623700624951,0.8384998696876597
00847-bCPU9suPUw9,0_2_243,82,cardboard,0_2,1.513132332606632,1.0155792192166067,1.0066665760420537,0.5009923504898476,0.9831283386378616,0.935205847015516,0.9980242262655518,0.5459747812845526,0.5962504664878059,0.5459747812845526
00847-bCPU9suPUw9,0_2_244,545,wood,0_2,2.326480438740235,-0.010545520355262124,0.6663738427240337,0.7524692088276249,0.9794277535619157,0.9263505408033148,0.9651040101621565,0.8593436010050644,0.8593436010050644,0.9997857404015045
00847-bCPU9suPUw9,0_2_245,244,handle,0_2,2.473386063763583,0.12530133566030893,3.21655017859146,0.5856088554105782,0.9457133861734596,0.9521796743653539,0.9982890259644278,0.6514377104830781,0.7513786072445295,0.6514377104830781
00847-bCPU9suPUw9,0_2_246,478,tile,0_2,0.9543024524597865,-0.001228035338393054,1.7481698213558845,0.8985614909621573,0.987198938926061,0.9277004331980402,0.9998651455550007,0.9812822284144781,0.9836683014908788,0.9812822284144781
00847-bCPU9suPUw9,0_2_247,87,cat,0_2,2.693062170167903,0.5860231730843944,3.2536423965836403,0.5331248970056045,0.979711549400011,0.9255274494838945,0.9982680538477267,0.5889714727245281,0.5889714727245281,0.7536756838359755
00847-bCPU9suPUw9,0_2_248,82,cardboard,0_2,1.4747507719704003,2.2478232730975027,1.5717367903447048,0.5756596006428535,0.9815044747856067,0.9472520410410628,0.9975525169414278,0.6206862858158776,0.6206862858158776,0.8209500242357641
00847-bCPU9suPUw9,0_2_249,82,cardboard,0_2,4.1286047977382845,0.8420568713384348,4.1742442472023615,0.5086910014130468,0.9834814361427167,0.9394338057237919,0.9918872642802035,0.555084870285775,0.8477655496091959,0.555084870285775
00847-bCPU9suPUw9,0_2_25,431,sofa,0_2,7.286275508165616,0.7100521654316797,-1.7249194218427284,0.21659355942351943,0.8582849444062622,0.9539204953906208,0.9928654294655455,0.26644739267869266,0.5361110478174391,0.26644739267869266
00847-bCPU9suPUw9,0_2_250,82,cardboard,0_2,0.9530338506124757,2.378690504347087,3.355592231142983,0.2323410777895823,0.9865489049301569,0.9337261182862824,0.9929873885602043,0.25400609679035857,0.5471068516336272,0.25400609679035857
00847-bCPU9suPUw9,0_2_251,545,wood,0_2,5.885886758572118,-0.0007056299600806752,1.7944895103983796,0.6974274272155787,0.9736416144755223,0.922716120567468,0.9609032996989008,0.8078897569708982,0.8078897569708982,0.9990393063360011
00847-bCPU9suPUw9,0_2_252,82,cardboard,0_2,4.646244025731884,1.5942033988735278,3.431766993928557,0.45455579079197267,0.9773532455080556,0.9688244178181233,0.9957100122245829,0.48212281669566787,0.5983303900464851,0.48212281669566787
00847-bCPU9suPUw9,0_2_253,82,cardboard,0_2,1.4096692042835501,1.3556052554652709,1.862051182527486,0.4843391650801025,0.9894132829072465,0.9484398082921343,0.9957774122716951,0.5183221966781948,0.5183221966781948,0.6880849163417032
00847-bCPU9suPUw9,0_2_254,451,stick,0_2,4.69856206155572,0.7035617587542857,2.0394976917017185,0.5939737089447938,0.982117387000423,0.9236801517117331,0.989220199769114,0.6618952051838373,0.6618952051838373,0.9393790932492423
00847-bCPU9suPUw9,0_2_255,82,cardboard,0_2,4.183053878561094,0.6718730400645261,-1.8196314997815721,0.00022220279117156363,0.9733662513175327,0.9421254574830396,0.9959010995679771,0.00024330345419379653,0.6288481124082463,0.00024330345419379653
00847-bCPU9suPUw9,0_2_256,82,cardboard,0_2,7.3521910023087536,1.5252318566774783,4.071328213601953,0.00019196695476192434,0.9514547751449999,0.9498521559759621,0.9918696649800218,0.00021415474651649815,0.6172292260356288,0.00021415474651649815
00847-bCPU9suPUw9,0_2_257,545,wood,0_2,4.431285144913568,-0.004848025358282067,1.2891640993020776,0.7869910972539107,0.9904991168291676,0.9718588764212538,0.9333120424764125,0.8759627768832712,0.8759627768832712,0.9998127107162799
00847-bCPU9suPUw9,0_2_258,311,oar,0_2,4.660312453741824,0.38830631265920695,2.2499154649691926,0.48992225058269057,0.9771059443171629,0.9680290435146537,0.9714150315026995,0.5332026532110344,0.5332026532110344,0.9629046788257395
00847-bCPU9suPUw9,0_2_259,545,wood,0_2,5.861569630434019,0.008331046206890888,0.30919026582038706,0.7820765999458084,0.9916935968987382,0.972193595712135,0.9644875148718745,0.841051164941131,0.841051164941131,0.9992741488181003
00847-bCPU9suPUw9,0_2_26,207,fur,0_2,4.673439466741133,0.7970555737093872,-1.3936819308807142,0.44220002016091237,0.9721337553096377,0.9198438581684124,0.9451892871947124,0.5231904777839892,0.5231904777839892,
00847-bCPU9suPUw9,0_2_260,221,glass,0_2,8.474959304744644,1.4294101929575855,0.7884535525421563,0.6110639565445293,0.9910897028562852,0.9700134058000003,0.9987288608688761,0.6364266647906196,0.6364266647906196,0.9216191621368782
00847-bCPU9suPUw9,0_2_261,221,glass,0_2,8.473424589004836,0.26376790935926,0.702620502626603,0.4906580568542374,0.9826929220456907,0.9282806394269816,0.9986097069979042,0.538624408940735,0.538624408940735,0.8263224091112764
00847-bCPU9suPUw9,0_2_262,316,overhang,0_2,3.293204573818469,1.394606620164968,3.193876973034282,0.6800421074545063,0.9641322304857487,0.9676594105453191,0.9700379413548235,0.751429009668114,0.751429009668114,0.8854482157564179
00847-bCPU9suPUw9,0_2_263,82,cardboard,0_2,3.8496352109430716,-1.3306442073504279,3.969382507971552,0.013356103453508673,0.9666385543566175,0.9414456342630766,0.9733096724486212,0.015078890111001646,0.5083518183498532,0.015078890111001646
00847-bCPU9suPUw9,0_2_264,326,partial,0_2,8.437756633297298,0.2807399267197146,2.060909268643087,0.01841775817550384,0.9343007067902809,0.9447802534148224,0.9981599972049827,0.020903505379013945,0.5102692062136954,0.020903505379013945
00847-bCPU9suPUw9,0_2_265,545,wood,0_2,4.1745242415478305,-0.00746617878641111,1.4264778321660492,0.69119484842927,0.9426524702293907,0.9141653383515869,0.9567714542147434,0.838331766103352,0.838331766103352,0.9998577771842218
00847-bCPU9suPUw9,0_2_266,82,cardboard,0_2,8.303154876252174,1.0176033051055673,3.1660309130965216,0.7057341606327006,0.9490955864226276,0.9303989926910488,0.9995790992880926,0.799548453714516,0.799548453714516,0.908030837529602
00847-bCPU9suPUw9,0_2_267,545,wood,0_2,4.704495726011872,-0.0007481445625911556,1.181055953613528,0.7699274166903504,0.9859893616433081,0.9435811871665513,0.94617318874179,0.8746365958525035,0.8746365958525035,0.9996584351871446
00847-bCPU9suPUw9,0_2_268,244,handle,0_2,2.311928245690222,1.0391685991617459,3.2261555396144472,0.555714453262228,0.9891755814034459,0.9518573378309747,0.9976844437496427,0.5915796723775475,0.5915796723775475,0.7482798516300708
00847-bCPU9suPUw9,0_2_269,244,handle,0_2,2.3068210079532507,1.3461283309712948,3.4802493620813806,0.246074729132845,0.9347713266809783,0.9449713696863835,0.9915230110712183,0.2809572122845542,0.6036770179154596,0.2809572122845542
00847-bCPU9suPUw9,0_2_27,545,wood,0_2,3.3629754159061824,1.649949637318641,3.3365196374486987,0.4810666287855921,0.9742693397637997,0.9366032268266272,0.5541005987717035,0.9514411407624676,0.9523633794558665,0.9514411407624676
00847-bCPU9suPUw9,0_2_270,451,stick,0_2,3.714782453001872,1.4461665956851706,2.5419802024675677,0.3675928355732711,0.9863880918980539,0.9713797717037043,0.9887575191558238,0.38800771692694747,0.5072906001267831,0.38800771692694747
00847-bCPU9suPUw9,0_2_271,250,heater,0_2,2.802733572908708,0.21751099192331144,4.034656423051851,0.003056384151778219,0.962668301979982,0.9645721560036902,0.9957172578114508,0.0033056777271135928,0.5394174479311746,0.0033056777271135928
00847-bCPU9suPUw9,0_2_272,545,wood,0_2,4.6303337947543355,1.3081178671005311,3.2169517573152002,0.00047079267305686717,0.8992925718005909,0.9290287760522759,0.9560633736366216,0.0005894036786620758,0.7237417092268148,0.0005894036786620758
00847-bCPU9suPUw9,0_2_273,545,wood,0_2,3.9965099989349655,1.2279483627605299,3.191398959319613,0.17207247492360464,0.939710510440461,0.8755609468919543,0.8966878193088932,0.23323282266351975,0.9679982426919094,0.23323282266351975
00847-bCPU9suPUw9,0_2_274,244,handle,0_2,2.440275530707021,1.276038095351336,3.225971587207839,0.6532108000426335,0.9921031249177146,0.9176976209132869,0.9945600109018737,0.7213830605719217,0.7213830605719217,0.7782456548631012
00847-bCPU9suPUw9,0_2_275,244,handle,0_2,4.619172171847526,-0.47758987003176323,4.096657017638059,0.6347315053543994,0.990320214048676,0.9685649699778942,0.9900202458050592,0.6684079053495736,0.83311266141183,0.6684079053495736
00847-bCPU9suPUw9,0_2_276,326,partial,0_2,2.814909445797551,-0.4895615895911418,4.152225042761013,0.5371746541588701,0.9868933307607725,0.975911767214722,0.9917873149751785,0.5623622952998815,0.5623622952998815,0.6158496036200929
00847-bCPU9suPUw9,0_2_277,82,cardboard,0_2,3.6334865041411906,0.13590111263493107,4.1672912886503335,0.7347471811441315,0.9826034817292116,0.9386669164711787,0.9936571273628994,0.8016994147573083,0.9305085318992795,0.8016994147573083
00847-bCPU9suPUw9,0_2_278,82,cardboard,0_2,3.495957439503262,0.26362262952462256,4.17167415974661,0.5615807727924647,0.9875527829644813,0.9353852796286986,0.9935688173947795,0.6118760141477326,0.8248735748539906,0.6118760141477326
00847-bCPU9suPUw9,0_2_279,82,cardboard,0_2,3.5174263343564163,-0.5080532099418941,4.169481999896181,0.6346189436900039,0.9867984080141458,0.9594879153548189,0.9888782806115471,0.6778010607573962,0.8791717605580542,0.6778010607573962
00847-bCPU9suPUw9,0_2_28,311,oar,0_2,4.669992211379906,0.7331087414838436,2.577728233196357,0.4542801950014951,0.954410506784916,0.95689041796717,0.9729465833140174,0.511254788656639,0.511254788656639,0.958419507910285
00847-bCPU9suPUw9,0_2_280,82,cardboard,0_2,3.6059885053683822,0.2553414911831962,4.1709368458324745,0.7067423133782927,0.9750330376761656,0.9624971546466727,0.9936596900863558,0.7578873109852787,0.9493021083391833,0.7578873109852787
00847-bCPU9suPUw9,0_2_281,82,cardboard,0_2,4.2435239441182615,-1.3257950173213948,3.772194677914518,0.3543926990065351,0.9771098145970905,0.9597670690229099,0.9990723568730968,0.3782497096425832,0.9727285150894563,0.3782497096425832
00847-bCPU9suPUw9,0_2_282,82,cardboard,0_2,3.457408498577182,0.2609734761304101,4.172061049776762,0.6356050848621544,0.9689571249602609,0.9138597016491278,0.9942055870281801,0.7219831739197985,0.8370887486106914,0.7219831739197985
00847-bCPU9suPUw9,0_2_283,82,cardboard,0_2,3.5034594916845974,0.19592371208931503,4.17004183354555,0.6921887310018051,0.9737937351857217,0.9565999205420739,0.9941382509832946,0.7474470353360958,0.8321151008480624,0.7474470353360958
00847-bCPU9suPUw9,0_2_284,82,cardboard,0_2,4.524095866784918,-0.5675414798064052,3.6690457343139316,0.5133841396163549,0.9870919339071765,0.940688447954914,0.995555931320782,0.5553584313074891,0.5553584313074891,0.7870043005894561
00847-bCPU9suPUw9,0_2_285,326,partial,0_2,3.719990442068507,-0.6410587660337199,3.2438523816354836,0.5550915375875555,0.9684785151437716,0.8902578089923046,0.9953701098438287,0.6468062814472663,0.6468062814472663,0.706833052391266
00847-bCPU9suPUw9,0_2_286,92,ceiling arch,0_2,4.154026755967005,1.11586670591395,3.346854845796597,0.49436925466062437,0.9584182781728035,0.9221065560938241,0.9955723027900257,0.5618785465981825,0.5618785465981825,0.5865573477777613
00847-bCPU9suPUw9,0_2_287,82,cardboard,0_2,4.63627553038897,0.9700501985097764,3.539033286489085,0.39496213537362257,0.935197136764433,0.9770015333867599,0.9905664115253621,0.4363886542068978,0.8267310985017493,0.4363886542068978
00847-bCPU9suPUw9,0_2_288,82,cardboard,0_2,4.635865623813584,0.4167258717245033,3.114685287848666,0.4844080374659322,0.9564300074632857,0.9654706761037412,0.9961854531566025,0.5265975858794614,0.7410384218182888,0.5265975858794614
00847-bCPU9suPUw9,0_2_289,82,cardboard,0_2,4.324005529481076,0.3951827384405845,4.170288146922893,0.6315976969625487,0.984071029534258,0.9361216203844436,0.9933493438077813,0.6902077098505891,0.9003593319198102,0.6902077098505891
00847-bCPU9suPUw9,0_2_29,545,wood,0_2,4.22465856701375,1.2302227387413673,3.1284063826411397,0.43594119335959863,0.9782261463314175,0.9191131177260161,0.8396017745221537,0.577492475406336,0.9644465444435791,0.577492475406336
00847-bCPU9suPUw9,0_2_290,82,cardboard,0_2,4.140218618161709,1.0614466336392134,3.588945065990601,0.08458087876222857,0.9692813413091799,0.9535778116099691,0.9901195467961315,0.09242268237797956,0.7620279451392645,0.09242268237797956
00847-bCPU9suPUw9,0_2_291,82,cardboard,0_2,4.453445700445265,0.48682700421302644,4.0962972411420076,0.5726414159586471,0.9775713903490586,0.9279883188170024,0.9954151041535534,0.6341434865817297,0.9025477319971413,0.6341434865817297
00847-bCPU9suPUw9,0_2_292,274,knob,0_2,3.764822602110322,1.170274851449521,3.766151554596569,0.225925441325544,0.9842554975406272,0.9291218997752065,0.4643038225405581,0.5320866151913837,0.5320866151913837,
00847-bCPU9suPUw9,0_2_293,82,cardboard,0_2,4.269891394731155,0.6045959911005265,4.17507901298949,0.5198794764122148,0.9685955826469042,0.9004240913145398,0.9906150919004141,0.6017389756806032,0.8904140161164503,0.6017389756806032
00847-bCPU9suPUw9,0_2_294,82,cardboard,0_2,4.532392496061126,0.6910178958597635,3.9367318943371576,0.05477315210996766,0.9724730964750051,0.9102151103679561,0.9761906584779318,0.06338864245440598,0.8983448246041009,0.06338864245440598
00847-bCPU9suPUw9,0_2_295,82,cardboard,0_2,3.7817767352797897,0.5365010532640139,4.176013786230556,0.59247197790456,0.9786733428275947,0.9387227244285721,0.9922712790446074,0.6499235933551667,0.9349859506323757,0.6499235933551667
00847-bCPU9suPUw9,0_2_296,316,overhang,0_2,4.0866609767559465,0.795150465355919,2.991733148104053,0.5188736864742995,0.9723301183651475,0.9117711753516813,0.9948718119046175,0.5882946842836796,0.752882951563582,0.5882946842836796
00847-bCPU9suPUw9,0_2_297,92,ceiling arch,0_2,2.7383148915142645,2.4359862003364356,1.0727336385142727,0.3240099086596644,0.9577056244809018,0.9189519102712611,0.9876108616474527,0.3727757144481469,0.5255721429185845,0.3727757144481469
00847-bCPU9suPUw9,0_2_298,451,stick,0_2,2.7587458252161308,0.8775794633439448,2.843119451355347,0.6836782572000747,0.9520456065182332,0.9161622842374957,0.9912514270026098,0.790747414354253,0.790747414354253,0.9963545435451905
00847-bCPU9suPUw9,0_2_299,82,cardboard,0_2,4.637408728627655,1.1465513020243383,3.4742343250360572,0.2857366084171973,0.904772407079546,0.9540498158679723,0.9892373993349183,0.33462236090743597,0.82584556777631,0.33462236090743597
00847-bCPU9suPUw9,0_2_3,451,stick,0_2,4.690728993943753,1.4218788340959003,2.49939118613462,0.38384939279073194,0.8835037814246284,0.9711340353012246,0.9712987970746243,0.4605962728495893,0.7282229620648871,0.4605962728495893
00847-bCPU9suPUw9,0_2_30,244,handle,0_2,6.405044201759253,0.68434335515445,0.30177659251538724,0.0016357547005814153,0.9504582919290898,0.9635658303955671,0.8741924031768115,0.0020431332622666567,0.5265156175294107,0.0020431332622666567
00847-bCPU9suPUw9,0_2_300,82,cardboard,0_2,3.6332985283068306,1.241800979209263,3.6314569226226086,0.07672308757642873,0.964014837880345,0.9155089710672812,0.9895199735393286,0.08785271433032853,0.7625609466378422,0.08785271433032853
00847-bCPU9suPUw9,0_2_301,326,partial,0_2,1.6098328294939463,0.7109930376733512,1.9314688032738077,0.3352189702008308,0.9760640008213158,0.8974114820616895,0.9950010605502924,0.3846228898786683,0.627940660176147,0.3846228898786683
00847-bCPU9suPUw9,0_2_302,316,overhang,0_2,4.0381860078004275,0.7135511983038156,3.263406589489034,0.6053139504935635,0.9857922609659637,0.9252539202180239,0.9941910711168483,0.6675203136560087,0.6675203136560087,0.8497182096418451
00847-bCPU9suPUw9,0_2_303,545,wood,0_2,2.8655557868397987,-0.012233056771394307,1.0303860989133276,0.6836993155768558,0.8728169210363126,0.9103546974879364,0.9840609694387754,0.8743983784893626,0.8743983784893626,0.9998577858700742
00847-bCPU9suPUw9,0_2_304,478,tile,0_2,2.742927530872006,-0.13727520814492722,2.4638683345226986,0.031686777608256514,0.9718634360793965,0.9510582423205121,0.9971048565098938,0.03438150531362817,0.6831446777052719,0.03438150531362817
00847-bCPU9suPUw9,0_2_305,545,wood,0_2,3.2887852383000973,-0.10447093346115538,2.114742877718388,0.003460995631308471,0.9760933140944836,0.9295194646829115,0.9984762747208721,0.0038204408020549438,0.7927512756203937,0.0038204408020549438
00847-bCPU9suPUw9,0_2_306,316,overhang,0_2,4.271358753574872,0.7146647753231076,3.2544226637187945,0.6986755913047952,0.9823431611910441,0.9533339520039722,0.9899673374685737,0.7536095943952412,0.7536095943952412,0.7865308676723206
00847-bCPU9suPUw9,0_2_307,82,cardboard,0_2,3.240803889827529,-0.41213083787794064,2.493715072757668,1.4939998986897593e-05,0.9640401076347911,0.9505780535481725,0.990653653221086,1.6456816884804784e-05,0.7066794941229343,1.6456816884804784e-05
00847-bCPU9suPUw9,0_2_308,341,plank,0_2,3.2896631827351612,-0.4955545547256042,2.5488779158467576,0.5032652130254135,0.9875811462866516,0.9392715606435618,0.9873392738537596,0.5494985315377807,0.5494985315377807,0.8385336849121783
00847-bCPU9suPUw9,0_2_309,516,unknown,0_2,3.295914032954782,-0.314954089507252,2.3339308576248055,1.2736657430982034e-11,0.9753406038230976,0.9014373125282586,0.9884476964253381,1.4655813824691947e-11,0.5323356518111222,1.4655813824691947e-11
00847-bCPU9suPUw9,0_2_31,326,partial,0_2,8.017518898509262,0.006075980151570844,-0.378634189339728,0.21412403819592357,0.960732598061196,0.9513300112296663,0.9919510705301483,0.2361790930443449,0.5238976298180715,0.2361790930443449
00847-bCPU9suPUw9,0_2_310,82,cardboard,0_2,4.26879917700499,-0.2773584010425841,2.1362002602752774,0.6904106657549461,0.9713428493473265,0.946931198336455,0.9988679748545245,0.7514644325270141,0.9017161698470154,0.7514644325270141
00847-bCPU9suPUw9,0_2_311,451,stick,0_2,2.7508554269837293,0.8383393932198001,2.332730544437525,0.6536541987474948,0.9789533263279332,0.9127682099100897,0.9907113076553101,0.7383774806803336,0.7383774806803336,0.9953536828716668
00847-bCPU9suPUw9,0_2_312,82,cardboard,0_2,3.745038431648204,0.20145603462788877,3.304216223673676,0.3701671397843407,0.983837922068573,0.9309009747148609,0.9960903838737653,0.4057626537868523,0.6581430418052188,0.4057626537868523
00847-bCPU9suPUw9,0_2_313,82,cardboard,0_2,3.5202975099918143,-0.944615597983658,3.057247409404242,0.00015004184423535158,0.9640882213910421,0.9083422631211608,0.9784874265776927,0.00017510189487685986,0.7410266881104816,0.00017510189487685986
00847-bCPU9suPUw9,0_2_314,341,plank,0_2,3.3824870374064924,-0.6900867145182478,2.7585388000826963,0.504485041521236,0.9805224677720089,0.943355549974499,0.992164715116149,0.549707366842921,0.549707366842921,0.9613989457413064
00847-bCPU9suPUw9,0_2_315,82,cardboard,0_2,3.4499633024059007,-0.19980004679176128,2.263725792872022,1.6326719964294223e-05,0.9849428757830294,0.9460588065725959,0.9924587224620363,1.7654576933966225e-05,0.538608534739729,1.7654576933966225e-05
00847-bCPU9suPUw9,0_2_316,82,cardboard,0_2,3.432810007810339,-0.3841626217184466,2.480132455163132,1.1998629526818215e-05,0.976288036189925,0.9499342023476953,0.992200105874712,1.3039498329698187e-05,0.6916901927875171,1.3039498329698187e-05
00847-bCPU9suPUw9,0_2_317,82,cardboard,0_2,3.4232695182009993,-0.5741695619561797,2.686324520235076,1.5077345039219903e-05,0.981296457616779,0.936839079650678,0.989315102227157,1.6577727821783013e-05,0.712847943452742,1.6577727821783013e-05
00847-bCPU9suPUw9,0_2_318,82,cardboard,0_2,3.391505158763004,-0.7930481150451184,2.90387535629116,3.1975218569168784e-05,0.9829400871840035,0.9126021681892551,0.9933356144967331,3.588467122892559e-05,0.6275191143431795,3.588467122892559e-05
00847-bCPU9suPUw9,0_2_319,545,wood,0_2,3.4267997659859177,-0.010259474722389339,1.1406891038359113,0.7061897134131171,0.9716938787036472,0.8895637046927101,0.9834829858467083,0.8307072761020509,0.8307072761020509,0.9998751916420611
00847-bCPU9suPUw9,0_2_32,545,wood,0_2,4.154310781025981,1.431994518406675,3.324505358214999,0.6803523229809929,0.9834353696807262,0.9189656379886159,0.8620215701044653,0.8733144425919489,0.9712112811359737,0.8733144425919489
00847-bCPU9suPUw9,0_2_320,82,cardboard,0_2,4.286986135506133,-1.3240574035222796,3.272858370582434,0.004890718062407311,0.8613079389882465,0.9026059247754501,0.9904227450599301,0.006351779188291913,0.6334037503967843,0.006351779188291913
00847-bCPU9suPUw9,0_2_321,326,partial,0_2,3.7470117970245385,-0.2713151308033023,3.3073414026367116,0.5874229577705661,0.9822590791551499,0.9187942372469483,0.9953954803472579,0.6538993970020285,0.6538993970020285,0.7090862814572273
00847-bCPU9suPUw9,0_2_322,82,cardboard,0_2,3.4257832832107593,-0.5196441425231508,2.601143185377775,1.534418190520461e-05,0.9915297495626615,0.9673118599010523,0.991433565821556,1.6136444866634097e-05,0.7166208851434237,1.6136444866634097e-05
00847-bCPU9suPUw9,0_2_323,82,cardboard,0_2,4.511183126580822,-0.017545607117729022,3.4627312172270823,0.5472786070113341,0.9908219964921844,0.961959035285255,0.9961200986251464,0.5764273137696756,0.5764273137696756,0.768696901928496
00847-bCPU9suPUw9,0_2_324,82,cardboard,0_2,4.52153923320947,-0.01133064320532741,3.3176866178717943,0.7740570885720736,0.9866918917213788,0.9534736942520978,0.9972360951251621,0.825058471107843,0.8997169405985673,0.825058471107843
00847-bCPU9suPUw9,0_2_325,82,cardboard,0_2,4.603923303747501,0.15933256663895667,2.386293022979715,0.7803388475221855,0.9473067205167558,0.9583354555332888,0.9986603796135906,0.8607107620550394,0.8945145130468329,0.8607107620550394
00847-bCPU9suPUw9,0_2_326,82,cardboard,0_2,3.7698572206873724,0.4119529391171254,2.7780689316019953,0.5746577396062558,0.9629723599509008,0.8923558909128266,0.9979247603838185,0.6701307474312581,0.7961325856304815,0.6701307474312581
00847-bCPU9suPUw9,0_2_327,82,cardboard,0_2,4.485627244634446,0.8746899985266816,3.0750335316243267,0.45223372100533815,0.9445953020550382,0.9074453748881943,0.9950522854590871,0.5302134841300004,0.6533295226084851,0.5302134841300004
00847-bCPU9suPUw9,0_2_328,82,cardboard,0_2,4.163156487725109,0.13773225420783164,2.351038585863946,0.5654930359933947,0.8511265652221547,0.9172288465592489,0.9975378422386498,0.7261494797138281,0.7261494797138281,0.7861226876024682
00847-bCPU9suPUw9,0_2_329,82,cardboard,0_2,4.63278851693465,-0.053980066683291104,2.690441921420996,0.7244149378667025,0.9297435700730462,0.9158149085396404,0.9987297401600298,0.8518605806624574,0.8997533250480626,0.8518605806624574
00847-bCPU9suPUw9,0_2_33,134,cushion,0_2,6.741813302899515,0.7575023668389311,-1.7916161577408118,0.7194535114606836,0.9743233159046001,0.9349214669340302,0.9972329686643088,0.792004923480367,0.9135795675230973,0.792004923480367
00847-bCPU9suPUw9,0_2_330,87,cat,0_2,4.301177180668215,-1.039235195174019,-0.26739673835336725,0.6116183347020024,0.9668676842214103,0.9078781090300905,0.995511223702706,0.6999060471052309,0.6999060471052309,0.8393858213174139
00847-bCPU9suPUw9,0_2_331,195,foam,0_2,3.6999069376071176,-1.0217645713497687,-1.0323220668290167,0.02884809726181732,0.9873634126687806,0.9364228893735442,0.9985445713396038,0.031246448899754094,0.5176160022323113,0.031246448899754094
00847-bCPU9suPUw9,0_2_332,82,cardboard,0_2,3.7705303190784605,-0.767577872459003,2.3027318209149046,0.663559056962859,0.9777224606744311,0.9504257697040623,0.9958261079810954,0.717071196172533,0.717071196172533,0.8752399853210733
00847-bCPU9suPUw9,0_2_333,64,cabinet,0_2,4.221165860222183,-0.8270503763734457,-1.8999395080961266,0.8436188983944335,0.9898843065816528,0.9018459691407743,0.9993277571946856,0.9456306538092283,0.9456306538092283,0.9952623727390936
00847-bCPU9suPUw9,0_2_334,82,cardboard,0_2,3.7740244969761663,-0.8886021812369815,1.832316836897664,0.5579240276786879,0.9779093171374452,0.8756535143380724,0.9947132530964056,0.6550075138362095,0.6550075138362095,0.8172100785904558
00847-bCPU9suPUw9,0_2_335,82,cardboard,0_2,3.771697563586522,-0.7949852949971357,2.1676541657684387,0.6174704867618147,0.9492397534570186,0.9284231688002921,0.9944162890945935,0.7045731470664182,0.7045731470664182,0.8517616369387743
00847-bCPU9suPUw9,0_2_336,424,sky,0_2,5.444015139856127,-0.41265836237297143,0.27010648600055975,0.8577939755226711,0.9422673127717441,0.9597979358152273,0.989868891473272,0.9581894361501176,0.9581894361501176,0.9949552217904869
00847-bCPU9suPUw9,0_2_337,82,cardboard,0_2,3.771279388930304,-0.6050358760718568,2.1347016445697964,0.7064269082513078,0.9755059386952514,0.9202606437380785,0.9959015614993508,0.7901509257860241,0.7901509257860241,0.8649093775715997
00847-bCPU9suPUw9,0_2_338,13,artwork,0_2,8.216253620091765,-1.0675366169776335,-0.9162241947985978,0.7331964975368908,0.8096549255980385,0.9896423681867994,0.9863440250793714,0.9277131687938343,0.9277131687938343,
00847-bCPU9suPUw9,0_2_339,64,cabinet,0_2,5.127264513825599,-0.6106932425016861,-1.9052651105662735,0.862801095282873,0.9469773140218521,0.9360481938553032,0.9996782140821172,0.9736719871133274,0.9736719871133274,0.998592665298551
00847-bCPU9suPUw9,0_2_34,545,wood,0_2,3.24385764742281,2.008584570194195,2.891756864202096,0.5669749190640581,0.986470782409485,0.9660984458009587,0.8160441351977621,0.7290286393955595,0.9828288710170965,0.7290286393955595
00847-bCPU9suPUw9,0_2_340,303,model,0_2,8.308408131382045,-0.4945315085678621,0.4991969978454212,0.0009190118304605146,0.9483284597108567,0.8972478929165737,0.9988009962784486,0.0010813615019800616,0.6684967486585293,0.0010813615019800616
00847-bCPU9suPUw9,0_2_341,87,cat,0_2,3.979823307482952,-1.246363256645593,-2.2029522785036932,0.6502965188372227,0.9420643858060724,0.9189283821439715,0.9970189373914217,0.753434964417051,0.753434964417051,0.7791467067659523
00847-bCPU9suPUw9,0_2_342,316,overhang,0_2,3.7851981470581775,-0.5793854662385616,0.8885698193853372,0.35374831505886656,0.9804479532677294,0.9329927889956047,0.9957995215024278,0.3883467145222253,0.5244213248721591,0.3883467145222253
00847-bCPU9suPUw9,0_2_343,82,cardboard,0_2,3.7731072756663915,-1.1976192776263084,2.1685136050629015,0.7125784000958769,0.9941945066531863,0.9420015878921808,0.9960420072257069,0.7638920758004376,0.7638920758004376,0.8462920228684088
00847-bCPU9suPUw9,0_2_344,82,cardboard,0_2,3.774373548084034,-0.9644748472835932,1.9020080613337096,0.6226246335462224,0.9831692946947892,0.935806658126767,0.9958628752489073,0.6795357646749824,0.6795357646749824,0.8434360256103335
00847-bCPU9suPUw9,0_2_345,82,cardboard,0_2,3.772859151064516,-0.704421660321493,1.9848279048481512,0.5659986899534484,0.9781309952261958,0.9398219611742706,0.9948443534737413,0.6188960008331003,0.6188960008331003,0.8348473537992203
00847-bCPU9suPUw9,0_2_346,82,cardboard,0_2,3.770172606829348,-0.6821277352691043,2.318906733486736,0.6658545185355714,0.9638837165085287,0.9421018425072165,0.996756232087583,0.7356443348476734,0.7356443348476734,0.7750802807525778
00847-bCPU9suPUw9,0_2_347,82,cardboard,0_2,3.7707271298136242,-0.8639196366213588,2.3036813520872257,0.7322092928795861,0.9753607966742672,0.937188400053951,0.9967446637715642,0.8036355070277088,0.8036355070277088,0.8654704899213141
00847-bCPU9suPUw9,0_2_348,424,sky,0_2,6.334548356704192,-0.40721421957180676,2.0290216441685587,0.7576962874716571,0.9566383408579061,0.9024002276189065,0.9923288413546583,0.8844892649903302,0.8844892649903302,0.9933324329827874
00847-bCPU9suPUw9,0_2_349,82,cardboard,0_2,4.657039396945374,-0.9742111740704694,2.924507397188387,0.38320508350707055,0.9674383496778525,0.9376338971871347,0.9836039545288671,0.42949132579669075,0.6318662049564667,0.42949132579669075
00847-bCPU9suPUw9,0_2_35,545,wood,0_2,3.2191847757936563,1.8151644572500376,3.0966411143030337,0.35639296670632153,0.9684530023184025,0.9280643238521717,0.7004900036209725,0.5660705417254848,0.9752102552688536,0.5660705417254848
00847-bCPU9suPUw9,0_2_350,316,overhang,0_2,4.727366684567922,-0.6221777337609159,3.1249698813881412,0.5139144578737158,0.9665705962044463,0.9245236601192487,0.9862413268188426,0.5831174384261936,0.6411382948005743,0.5831174384261936
00847-bCPU9suPUw9,0_2_351,316,overhang,0_2,4.632814219910546,-0.3970911063553707,2.9339612194340488,0.19611336682346028,0.9757574252267023,0.9405255087168469,0.9960779237461359,0.2145366214649411,0.5672264321018873,0.2145366214649411
00847-bCPU9suPUw9,0_2_352,82,cardboard,0_2,4.629786058547078,-0.36753677556092185,2.8442887501748064,0.7914819644484391,0.952905629389862,0.9606836931733067,0.9987966822737686,0.8656326331588946,0.9118310529706433,0.8656326331588946
00847-bCPU9suPUw9,0_2_353,82,cardboard,0_2,4.633131279655641,-0.34760470014264755,2.822831260577954,0.7723088200854623,0.9915965039431582,0.9234789986988825,0.9985432826040147,0.8446214177071156,0.855397172400907,0.8446214177071156
00847-bCPU9suPUw9,0_2_354,82,cardboard,0_2,4.63563986180003,-0.30482694921974646,2.464603037179974,0.7676514665768114,0.9392647169648655,0.8962979192755534,0.9989666879036354,0.9127937986835829,0.93029393917415,0.9127937986835829
00847-bCPU9suPUw9,0_2_355,82,cardboard,0_2,4.631681916225906,-0.34347354571022537,2.375410902371554,0.7962763069715699,0.9639766668899904,0.9135732569693751,0.9989691266488033,0.9051109671134165,0.9228264799204502,0.9051109671134165
00847-bCPU9suPUw9,0_2_356,82,cardboard,0_2,3.772859347670613,-0.8608733622977445,2.047916707832229,0.6241267619802533,0.9912759536506177,0.9318051146987519,0.9954740954872141,0.678770846296774,0.678770846296774,0.8659797646418388
00847-bCPU9suPUw9,0_2_357,82,cardboard,0_2,3.771278776779439,-0.7472521671430433,2.2012203626291895,0.6242860252679572,0.9541542485422259,0.9073667530671978,0.994787313865891,0.724856310977118,0.724856310977118,0.8818408709001486
00847-bCPU9suPUw9,0_2_358,405,shelf,0_2,5.526711602319694,-1.1394781713055513,-2.192277998635234,0.6020173012652179,0.9627181627560789,0.9115970669856812,0.9999474450376028,0.6860088412994839,0.9785057555364615,0.6860088412994839
00847-bCPU9suPUw9,0_2_359,82,cardboard,0_2,3.7749203136829723,-0.8294744665631014,1.7719954512651248,0.5760490873346908,0.9685707470018375,0.9137197493662392,0.9954095885620428,0.6539029743226531,0.6539029743226531,0.8193301262880359
00847-bCPU9suPUw9,0_2_36,451,stick,0_2,3.7629266158727814,1.348764103527734,2.423823640163595,0.6356805860244809,0.955895070473353,0.9924679352515049,0.9925547106429502,0.675083956195039,0.675083956195039,0.7096080090978645
00847-bCPU9suPUw9,0_2_360,82,cardboard,0_2,3.769529084494838,-0.5666217187132486,2.292062059202487,0.4705600472900689,0.9577437089728349,0.9094366202105326,0.9973642805303347,0.5416758762342849,0.5416758762342849,0.7425365411260587
00847-bCPU9suPUw9,0_2_361,82,cardboard,0_2,3.770476424304357,-0.5654577237973545,2.2245212883670242,0.4665607528146433,0.9488482076675055,0.911340052485508,0.9966906267459601,0.5413406374084262,0.5413406374084262,0.7942843608443673
00847-bCPU9suPUw9,0_2_362,82,cardboard,0_2,3.778783868172827,-0.6609799667041658,1.6222761058627033,0.6687328209707794,0.9665967259532917,0.9730432012878261,0.9958641705674154,0.7139619857594209,0.7139619857594209,0.8125172042779912
00847-bCPU9suPUw9,0_2_363,82,cardboard,0_2,3.7736312652525563,-0.7350841260256186,1.912663803319847,0.5787049779131815,0.9883427521465526,0.9184306491876022,0.9949530227413631,0.6407678190687734,0.6407678190687734,0.8531985417927661
00847-bCPU9suPUw9,0_2_364,326,partial,0_2,3.7696233742517142,-1.0144683592850017,-0.1925928128334837,0.3914299588489653,0.9912697009710005,0.9287316002590609,0.995172893744787,0.427241537537505,0.5051980479547374,0.427241537537505
00847-bCPU9suPUw9,0_2_37,53,box,0_2,5.101020912697004,0.3509121164738489,2.9089320341858067,0.7017454219300142,0.9884835295758005,0.9566629402657467,0.9987264294217421,0.7430271063348444,0.7430271063348444,0.9691950158457783
00847-bCPU9suPUw9,0_2_38,82,cardboard,0_2,3.452322600743959,0.9417684679429686,-2.2718147255545307,0.8309822152933489,0.9602262681578575,0.9540534141691992,0.9983463213339233,0.9085822215351647,0.9085822215351647,0.9766345356346512
00847-bCPU9suPUw9,0_2_39,545,wood,0_2,4.234291772897594,0.19902858790903372,2.0999351162601574,0.06495015947307146,0.8640385785866534,0.9314603182858963,0.881303505154477,0.09157084726684982,0.9701602436498106,0.09157084726684982
00847-bCPU9suPUw9,0_2_4,545,wood,0_2,6.238136045141468,0.00477546389454387,3.1135545935592464,0.700590277607238,0.9931596983562817,0.9566057451914669,0.9836599427096675,0.7496646756487165,0.7496646756487165,0.9993969319625273
00847-bCPU9suPUw9,0_2_40,545,wood,0_2,3.7937434285954255,-0.011069262046301476,0.701002811574459,0.7114724085288694,0.9422780139795738,0.9363759586037168,0.9740294168929282,0.8278595756997076,0.8278595756997076,0.9998699542199924
00847-bCPU9suPUw9,0_2_41,545,wood,0_2,6.5667931371691335,0.0018874836115306457,-0.28867638745066226,0.6805584975130896,0.9654070545333371,0.9404128082446221,0.9694074499868525,0.7732681179648163,0.7732681179648163,0.9980735814593334
00847-bCPU9suPUw9,0_2_42,221,glass,0_2,8.443988214400893,0.9692705474440788,1.3249308618737976,0.37582207872076445,0.9655165892014805,0.932009892141179,0.9988826651620342,0.4181071091880587,0.5103119669641373,0.4181071091880587
00847-bCPU9suPUw9,0_2_43,545,wood,0_2,6.815794908057292,-0.000313264651810272,1.4650613417617113,0.6821999729078798,0.917434277084836,0.942614569978015,0.9394096997177263,0.8397452330853878,0.8397452330853878,0.9932410085977436
00847-bCPU9suPUw9,0_2_44,545,wood,0_2,5.559230779630206,0.002247529332275978,1.0889405146503095,0.6642239326286729,0.9191528409719467,0.978127313414076,0.940686404718376,0.7853921060768223,0.7853921060768223,0.9988106577521868
00847-bCPU9suPUw9,0_2_45,221,glass,0_2,8.469122091707236,1.6879167599999074,0.42604361069040875,0.6868118449662151,0.9889400453226909,0.9273172241980595,0.9985790060125499,0.7499927332801137,0.7499927332801137,0.9468596770304443
00847-bCPU9suPUw9,0_2_46,180,fan,0_2,7.67154638670065,2.4403782599243264,-1.0551550148726487,0.10384704569194803,0.9567169125145035,0.9922638202116698,0.9936874436763466,0.11008641679348963,0.5668526547411538,0.11008641679348963
00847-bCPU9suPUw9,0_2_47,326,partial,0_2,8.430892756602686,1.3521678095667704,-0.02903751718230442,0.0028627085652459016,0.9894690252012677,0.921325631056636,0.9988479912134369,0.003143854078951481,0.5439460808962805,0.003143854078951481
00847-bCPU9suPUw9,0_2_48,82,cardboard,0_2,4.178257832590558,0.8163844989673565,-0.4456056698286084,0.00022112092845471876,0.9945360741444996,0.9183939527175737,0.9959412159296827,0.00024307852236629733,0.5530960037762848,0.00024307852236629733
00847-bCPU9suPUw9,0_2_49,545,wood,0_2,6.874752060282312,-0.0007147479760076345,1.1336190328940277,0.6098478953786414,0.9721349883884849,0.9221611136659584,0.910113691444934,0.7474678244298129,0.7474678244298129,0.9834096403988216
00847-bCPU9suPUw9,0_2_5,545,wood,0_2,3.514047280409665,1.645451562835838,4.026990103840739,0.7152500809364452,0.9073679354455736,0.9346450461337593,0.8933838560185332,0.9440384405856117,0.9440384405856117,0.9846331778107875
00847-bCPU9suPUw9,0_2_50,244,handle,0_2,7.89247627230975,0.6812905683864058,0.9921996768287175,0.0627585453426841,0.9182578670803273,0.8998851385358052,0.9967364247775128,0.07619751390934842,0.5764592874410549,0.07619751390934842
00847-bCPU9suPUw9,0_2_51,221,glass,0_2,8.469339551164667,0.9311817292748799,0.4564896247262376,0.46366355150292216,0.9879455265722105,0.9193819912093341,0.9991884049560128,0.5108890331748288,0.5108890331748288,0.6709050549403595
00847-bCPU9suPUw9,0_2_52,326,partial,0_2,8.471188796777831,0.7336977419569075,0.5787513048404446,0.003349844784830459,0.9695413687905811,0.9194414519412578,0.9990922669564427,0.0037612193607545344,0.5738614463467023,0.0037612193607545344
00847-bCPU9suPUw9,0_2_53,383,rug,0_2,8.042023465458321,-0.00106823007332295,1.8454624369294281,0.7992252224334081,0.9692712935590766,0.925355307589208,0.9968592080559027,0.8938846620599474,0.8938846620599474,
00847-bCPU9suPUw9,0_2_54,250,heater,0_2,8.066809019745069,0.6684426803811465,2.8984940267142667,0.863221027833292,0.9870250138440182,0.9240868966774098,0.9995373395453188,0.9468518180305849,0.9468518180305849,0.9964822516526364
00847-bCPU9suPUw9,0_2_55,545,wood,0_2,5.848494813819593,0.043101826864463615,-1.2988775306738995,0.4978008795342176,0.993556715319791,0.945875069565794,0.9961777083631466,0.531731511700916,0.531731511700916,0.9838925317517808
00847-bCPU9suPUw9,0_2_56,180,fan,0_2,6.410104102868537,2.223150459128075,0.7825505159346905,0.008010541395676864,0.9681644683534448,0.9000612782674138,0.9657570670469098,0.009518592967792373,0.5798184174985908,0.009518592967792373
00847-bCPU9suPUw9,0_2_57,379,rod,0_2,8.295557449349841,2.1566027394270537,0.9338392076145254,0.0024642056907442146,0.9514251607822048,0.9066800536004045,0.9984119794870717,0.002861135849230783,0.5876271136802437,0.002861135849230783
00847-bCPU9suPUw9,0_2_58,545,wood,0_2,6.557922168502771,0.0016914023541207805,-0.8405434410465576,0.6729189429997314,0.9779448770714275,0.9397879359420611,0.9810019075039946,0.7463605233507109,0.7463605233507109,0.9986790159644972
00847-bCPU9suPUw9,0_2_59,134,cushion,0_2,7.789465762720269,0.5850651437863172,-1.4829336508861148,0.025799470215822195,0.9955071895527914,0.9465924219851324,0.999210142407491,0.027399745571621826,0.5809930866546837,0.027399745571621826
00847-bCPU9suPUw9,0_2_6,82,cardboard,0_2,2.8042100413504523,2.1648263042929794,4.055130794528238,0.6765290891538018,0.9066907487566908,0.939083327169034,0.9970977406458498,0.7968662406940203,0.8965137978886999,0.7968662406940203
00847-bCPU9suPUw9,0_2_60,545,wood,0_2,6.722066830213181,0.0017038313492495848,-0.47291896600444516,0.6434652431922159,0.9641218984472579,0.9237660278656983,0.9704927379173751,0.7444557171484077,0.7444557171484077,0.9971667575540136
00847-bCPU9suPUw9,0_2_61,326,partial,0_2,8.312509312495642,0.7292164846949468,-0.14686751762755107,0.4649972394559193,0.9239982547859351,0.9071098466454668,0.9928874834805688,0.5587522777332664,0.5587522777332664,0.6858404430819048
00847-bCPU9suPUw9,0_2_62,326,partial,0_2,8.346073706362873,0.0361593470995834,0.11460576851171599,0.5612689696345323,0.9784901090645245,0.9153200473523396,0.9961598268922964,0.6290897288402187,0.6290897288402187,0.68468894791471
00847-bCPU9suPUw9,0_2_63,337,pillow,0_2,5.6840399114262725,0.8950124543856964,-2.0314401215290054,1.212903032371308e-06,0.9840773510040206,0.9412996184074194,0.9605632094886899,1.3631480104887467e-06,0.8423045733053637,1.3631480104887467e-06
00847-bCPU9suPUw9,0_2_64,481,title,0_2,6.527741911522369,0.7292596799441688,-1.9882726438207803,0.0002946924961248593,0.9469693373111846,0.9219938431991817,0.9554580748397383,0.0003532592189803392,0.6347298035190124,0.0003532592189803392
00847-bCPU9suPUw9,0_2_65,545,wood,0_2,3.789836106106031,-0.010725113190291534,0.7943826685931271,0.7228211353496106,0.9510813718622857,0.9363921819642272,0.9605825133583249,0.8449299639538032,0.8449299639538032,0.9999011586841553
00847-bCPU9suPUw9,0_2_66,545,wood,0_2,4.742989622797159,-0.0002136989530510153,0.8834105253237302,0.7467693124532854,0.9823113113083985,0.9395940882476881,0.9332104263125479,0.8669967309600373,0.8669967309600373,0.999572059682299
00847-bCPU9suPUw9,0_2_67,431,sofa,0_2,5.126206159865426,0.6082521332122155,0.23001286052175662,0.5782592366469946,0.9857434268057503,0.9302398815989245,0.9803404356087558,0.6432604020753065,0.6432604020753065,0.9946955487059255
00847-bCPU9suPUw9,0_2_68,545,wood,0_2,4.0883812164080435,-0.009530289838575987,0.8648001922383056,0.7053243143605987,0.9652111342956224,0.9169327839162843,0.9491473816642059,0.839644364605046,0.839644364605046,0.9998697277826211
00847-bCPU9suPUw9,0_2_69,134,cushion,0_2,4.788301932819768,0.5485973954737852,-0.6497195037535662,0.01973260092207512,0.9825165914289137,0.9095021173536175,0.969029112025432,0.02278787879250799,0.6227125935951995,0.02278787879250799
00847-bCPU9suPUw9,0_2_7,545,wood,0_2,3.1927670149588585,1.645218865434686,4.051819048940467,0.6974997657221067,0.8673290261660764,0.935150630626677,0.8920017687342175,0.9640796120400746,0.9640796120400746,0.9880117414487701
00847-bCPU9suPUw9,0_2_70,326,partial,0_2,0.5370324933834087,1.2205143537036636,3.2197551888505087,0.10976052076759009,0.9474810845496361,0.9197326120140833,0.9941519729551844,0.12669551629503634,0.5520955433659821,0.12669551629503634
00847-bCPU9suPUw9,0_2_71,316,overhang,0_2,3.742545380438482,0.24252015868618748,2.1250299004914806,0.003459685876086028,0.990395016140408,0.9397419093310769,0.9851168050634147,0.003773391781945293,0.7279015982514695,0.003773391781945293
00847-bCPU9suPUw9,0_2_72,326,partial,0_2,3.751469674126837,0.8991136815721366,2.757089598566029,0.003948450466546701,0.9646868985323678,0.9469462394729706,0.9706046837756241,0.0044532041725452495,0.5351656558027033,0.0044532041725452495
00847-bCPU9suPUw9,0_2_73,326,partial,0_2,2.795507376034735,0.8975361987936031,3.4834551164820593,0.5285134583802021,0.9760727026367281,0.9305469517161755,0.9937954710527268,0.585515747080712,0.6921023418405777,0.585515747080712
00847-bCPU9suPUw9,0_2_74,478,tile,0_2,1.6282157860928375,-0.008503511885959067,2.663247665788308,0.8712175399399311,0.9519047854716925,0.9463901497824332,0.9997709588124607,0.9673026365215784,0.9861572760616903,0.9673026365215784
00847-bCPU9suPUw9,0_2_75,316,overhang,0_2,2.9331323011898136,1.6202572366912182,2.915649199173569,0.6422175038475528,0.9805045657687718,0.9358981254444767,0.9518785901820038,0.73522858182787,0.73522858182787,0.9053243181322465
00847-bCPU9suPUw9,0_2_76,451,stick,0_2,2.7279231200207703,0.13506430596221813,2.381475758299562,0.5555875712757118,0.984385157870063,0.9202547648698964,0.993237239377537,0.617484976888164,0.6717974313490894,0.617484976888164
00847-bCPU9suPUw9,0_2_77,316,overhang,0_2,2.7929793094913387,-0.11290577692978335,2.5110594785215152,0.11609993389861162,0.9819953836224697,0.9203652497061667,0.9962008382393174,0.1289482376195111,0.5365371963224772,0.1289482376195111
00847-bCPU9suPUw9,0_2_78,341,plank,0_2,6.491551151255176,0.6121603905605417,3.9534949425038572,0.0037478484816816033,0.9814336606633594,0.9220752405600696,0.9949064667460722,0.004162674585394827,0.5494848361606444,0.004162674585394827
00847-bCPU9suPUw9,0_2_79,451,stick,0_2,2.799285252635988,0.6199081009025328,2.553152463108762,0.7081004973557296,0.9794926436508403,0.920200405167384,0.9903711961008435,0.793255879622481,0.793255879622481,0.9967507545897174
00847-bCPU9suPUw9,0_2_8,545,wood,0_2,3.710145984422368,1.6391219383083537,4.008913338743715,0.8286735650922501,0.9953722157697568,0.9638906811821455,0.9082063357526147,0.9510112669162855,0.9510112669162855,0.981168157301735
00847-bCPU9suPUw9,0_2_80,244,handle,0_2,2.236372648977683,0.8730256451436551,3.2410840230373146,0.6661038383049217,0.9764552765093955,0.9229407759358954,0.9980097622879708,0.7405953082641141,0.7405953082641141,0.7958512924138005
00847-bCPU9suPUw9,0_2_81,82,cardboard,0_2,4.262807443565578,1.71411597662164,4.188905058595963,0.7583122839780533,0.9825196324184148,0.9241320139530331,0.996125515137732,0.8384144877872785,0.9018520524487382,0.8384144877872785
00847-bCPU9suPUw9,0_2_82,93,ceiling chassis,0_2,4.147992464436917,2.4361544646640714,2.274981820098335,0.5652788162997946,0.9818248336806018,0.9408743568111413,0.9959766567672049,0.6143953301489626,0.6143953301489626,0.686978574081295
00847-bCPU9suPUw9,0_2_83,82,cardboard,0_2,6.384411173403896,0.23354760937017038,3.613169069049146,0.010689620994290406,0.9350158504838758,0.9279844625512839,0.9972530960468791,0.012353705277189413,0.7010112344136337,0.012353705277189413
00847-bCPU9suPUw9,0_2_84,82,cardboard,0_2,5.1009883105062945,0.25873598500652695,2.52945739231088,0.009789637518050315,0.9621638685591154,0.936066354866346,0.9979787670068098,0.01089154851529213,0.5001239673648604,0.01089154851529213
00847-bCPU9suPUw9,0_2_85,545,wood,0_2,3.7111095335302178,1.5698934912622886,3.7956951886661043,0.7405419983739032,0.9824778934319814,0.9360612617806909,0.9913612325278672,0.8122518369494075,0.9408158811652971,0.8122518369494075
00847-bCPU9suPUw9,0_2_86,545,wood,0_2,6.3634047927191935,0.003775837686548921,2.6392203991415863,0.6749793942873499,0.9345738420634147,0.929971465451235,0.9518302599386285,0.8159203459943434,0.8159203459943434,0.998966821123609
00847-bCPU9suPUw9,0_2_87,545,wood,0_2,4.031910061724772,0.8151523698734946,2.757941271796875,0.049030660907231356,0.9705952911342546,0.9443541858195913,0.8236527083043935,0.06494571866383596,0.9382177197246637,0.06494571866383596
00847-bCPU9suPUw9,0_2_88,405,shelf,0_2,8.682365693193905,0.3050166739467143,3.6214826521864043,0.00018546623065425884,0.9510359837129343,0.942987520611742,0.9975321573623284,0.00020731706218839952,0.5572848609976371,0.00020731706218839952
00847-bCPU9suPUw9,0_2_89,545,wood,0_2,7.4864747593312195,-0.004092227311754553,1.1620313628642127,0.5679868252437896,0.9749260410419452,0.9395658625589127,0.9774347727807775,0.6343830592389004,0.6343830592389004,0.9651576939111641
00847-bCPU9suPUw9,0_2_9,545,wood,0_2,4.253169103046244,1.4407503032971467,4.078216349473954,0.5735194643224242,0.9628921696512158,0.9439516455550434,0.6640911603162505,0.9501519400657479,0.9501519400657479,0.9752709569454049
00847-bCPU9suPUw9,0_2_90,82,cardboard,0_2,5.15434466459717,0.49269639720996705,4.1719886825302845,0.5965391518238237,0.9160529406550949,0.936009281017324,0.9994522820943182,0.6961072551562278,0.6961072551562278,0.919364556267117
00847-bCPU9suPUw9,0_2_91,82,cardboard,0_2,8.31352948916437,1.63979558570634,3.1187717902442857,0.7446658765526868,0.9565934844626047,0.9325194718686856,0.999016301252607,0.8356098504166004,0.8356098504166004,0.8985755741388514
00847-bCPU9suPUw9,0_2_92,320,panel,0_2,6.946602236255611,1.0037352649633593,3.9762873626604,0.5312891583404371,0.9739298569933931,0.9438623585887784,0.9959729586191018,0.5802926367807655,0.5802926367807655,0.9999003421815511
00847-bCPU9suPUw9,0_2_93,545,wood,0_2,6.419328384434897,0.0005393824540365264,1.4768587030799845,0.750832247967318,0.9636951373893373,0.9343104872469199,0.9571590989349434,0.8712201143737152,0.8712201143737152,0.9987304925044085
00847-bCPU9suPUw9,0_2_94,341,plank,0_2,6.84506374000295,0.07109110034003532,3.6159686544101843,0.10838864357743988,0.9814134069218599,0.9539957976761744,0.9977357560810814,0.11602986763368141,0.6045279670179358,0.11602986763368141
00847-bCPU9suPUw9,0_2_95,221,glass,0_2,8.372971297494818,1.3753634228153373,1.0761056055412006,0.6337432188324111,0.9621761007297529,0.9420566287895549,0.9990914975779028,0.6998041072154787,0.6998041072154787,0.9484098051603259
00847-bCPU9suPUw9,0_2_96,545,wood,0_2,7.80574411132587,-0.005808245098407217,0.6884819287162968,0.6023732993408875,0.9536981240655886,0.9260780178414753,0.9544616871890393,0.7145764662063483,0.7145764662063483,0.9840898791268896
00847-bCPU9suPUw9,0_2_97,545,wood,0_2,8.081977993661086,-0.0022043592059026043,0.5692514651190556,0.5328247948242071,0.9742714554130559,0.9516622922380709,0.9704895271254499,0.5921486357688276,0.5921486357688276,0.9526301208953057
00847-bCPU9suPUw9,0_2_98,303,model,0_2,8.452124763893332,1.242520535697494,1.2367879115299767,0.0028381775882168254,0.9495780360135,0.9386331792097166,0.9988527177627043,0.003187950344405055,0.5109134138606696,0.003187950344405055
00847-bCPU9suPUw9,0_2_99,545,wood,0_2,7.383257393915585,-0.0013855209677507724,2.0657726704507926,0.6122539638831849,0.9596737542939724,0.9415213987216219,0.9705369763666849,0.6981772715663079,0.6981772715663079,0.9829491698320348
00847-bCPU9suPUw9,1_0_0,478,tile,1_0,2.1700261927317834,2.877772408285798,1.739180810047811,0.6881397683796928,0.9768601655960083,0.9380419625151926,0.999804892988068,0.7511155138925721,0.7511155138925721,0.9948324405059701
00847-bCPU9suPUw9,1_0_1,478,tile,1_0,2.533185080166692,2.8788758189670105,1.7766059952280389,0.6305511051743934,0.9838619796018788,0.9514755637917247,0.9997007698168816,0.6737805152352198,0.6737805152352198,0.9936147271574087
00847-bCPU9suPUw9,1_0_10,478,tile,1_0,1.7931673943568849,4.4618022998342655,1.662386199227105,0.4039950422910726,0.9670677214277822,0.9455163027309568,0.9993116281432305,0.4421291868400031,0.9595813724493488,0.4421291868400031
00847-bCPU9suPUw9,1_0_11,133,curtain,1_0,1.8996577891401767,4.107848405835479,3.440299494775688,0.593653671583735,0.9564327410857143,0.9512265816298416,0.9943039070001481,0.6562594943636187,0.6562594943636187,0.9999999996316795
00847-bCPU9suPUw9,1_0_12,478,tile,1_0,1.9900211264814172,2.8815642158730768,2.7981357506792857,0.7313666478767252,0.972017645961751,0.9303524937169899,0.9998305375327514,0.8088855536939421,0.8088855536939421,0.9951829944104396
00847-bCPU9suPUw9,1_0_13,478,tile,1_0,2.6905433348687997,4.119577208369499,3.420419025749934,0.4765287564445723,0.9718846951660357,0.9767092601715524,0.9911530218160428,0.5064870618088683,0.6890253527695996,0.5064870618088683
00847-bCPU9suPUw9,1_0_14,478,tile,1_0,2.5780517111732744,3.8200576655792253,3.5010160111077657,0.4459276244333403,0.9469521219796478,0.9380528288204386,0.9911530222829298,0.5064870531101532,0.689025353996664,0.5064870531101532
00847-bCPU9suPUw9,1_0_15,133,curtain,1_0,2.294097129265975,4.333050331276424,3.3964050929242844,0.5832620887204341,0.9857501345834155,0.96147656268183,0.9911835257315206,0.6208749334466421,0.6208749334466421,0.9999999992573503
00847-bCPU9suPUw9,1_0_16,133,curtain,1_0,1.9250474654668763,4.337467864819944,3.378302759412992,0.5910509700239717,0.9503567392983764,0.9295267481744803,0.9901427029186235,0.6757383901844308,0.6757383901844308,0.9999999994854794
00847-bCPU9suPUw9,1_0_17,180,fan,1_0,1.685185943743006,5.25626513182602,3.1149689282150828,0.06060554566532984,0.9916876612933855,0.9430986143595845,0.9998853937156514,0.06480822471289023,0.7973110929414124,0.06480822471289023
00847-bCPU9suPUw9,1_0_18,451,stick,1_0,2.6951992133030105,4.986307371782756,3.5523097778869412,0.0011364159273536455,0.989050514932456,0.9378870446819838,0.9832719005190012,0.001245932955833783,0.5170817855114545,0.001245932955833783
00847-bCPU9suPUw9,1_0_19,133,curtain,1_0,2.3910718403131392,4.732359603532939,3.3936460503005135,0.7871567375143497,0.9407884682218234,0.89415232385054,0.9977029790253669,0.9378998213240568,0.9378998213240568,0.9999996964612374
00847-bCPU9suPUw9,1_0_2,420,sink,1_0,1.7339794839938094,3.561209975580028,2.138325824846643,0.8620571753917194,0.9785709510638351,0.9305308951113125,0.9999791428860347,0.9467210045890145,0.9467210045890145,0.9999506363643086
00847-bCPU9suPUw9,1_0_20,133,curtain,1_0,1.4066456655231299,4.751392954711581,3.4531157345970516,0.8734071537644379,0.9797160145214626,0.9601724382909077,0.9975909586498132,0.9307108949654253,0.9307108949654253,0.9999992886807515
00847-bCPU9suPUw9,1_0_21,93,ceiling chassis,1_0,1.8369969338428096,5.270273302709987,3.2900604680913292,0.5959500984647965,0.9689159137862069,0.9609397549080777,0.9987732732076223,0.6408564116900212,0.6408564116900212,0.7341545196309711
00847-bCPU9suPUw9,1_0_22,250,heater,1_0,1.4902300168298566,5.042220912129117,1.707864504658859,0.003868255211228417,0.9780479788780211,0.9549722860048078,0.9977071665587346,0.004151079962770908,0.705088299657273,0.004151079962770908
00847-bCPU9suPUw9,1_0_23,93,ceiling chassis,1_0,2.0126154959672364,5.266237381269099,1.7979623849056936,0.6440582292221433,0.9912738410086023,0.9430846937570424,0.9959552330547561,0.6917369486528628,0.6917369486528628,0.7234136537401921
00847-bCPU9suPUw9,1_0_24,93,ceiling chassis,1_0,1.6839530036187162,5.268295933732686,2.4318769512355223,0.5703973345607721,0.9725153521563075,0.9421814569859118,0.9975272486140977,0.624053324494524,0.624053324494524,0.7353617724764886
00847-bCPU9suPUw9,1_0_25,316,overhang,1_0,2.679899534671007,5.10143385799267,1.769219817447018,0.8268997991200497,0.9831825523149401,0.9574804047771277,0.9852908886713331,0.8915061881702949,0.8915061881702949,0.8964541352203131
00847-bCPU9suPUw9,1_0_26,478,tile,1_0,1.6524230855488435,4.085446043775825,1.7193254389896304,0.37835475544046965,0.977314927180608,0.9421991784085058,0.9999105661952871,0.41092331777130664,0.9782715605051485,0.41092331777130664
00847-bCPU9suPUw9,1_0_27,478,tile,1_0,1.9166292597851624,2.8747683508101547,1.768704529609207,0.7665175925745082,0.9813398913000569,0.921224494808641,0.9998616925313729,0.8480027623724934,0.8480027623724934,0.9962357109769409
00847-bCPU9suPUw9,1_0_28,420,sink,1_0,1.7387575504066495,3.385877305709881,1.8933505768804355,0.5211308950133581,0.7309382036328316,0.9385337469036648,0.9999035032602479,0.7597280759423803,0.7597280759423803,0.9999524847852909
00847-bCPU9suPUw9,1_0_29,478,tile,1_0,2.2084444771020784,2.8768652099835146,1.4547249909773259,0.675468425957393,0.9535429812298938,0.9548215402039962,0.9998114853380923,0.7420351021268051,0.7420351021268051,0.9939118673753076
00847-bCPU9suPUw9,1_0_3,478,tile,1_0,2.512677195623836,2.879574646713543,2.0524688236665414,0.7946574947590466,0.9864458529401667,0.9497858594101012,0.999592872951548,0.8485117916112864,0.8485117916112864,0.9958594963382773
00847-bCPU9suPUw9,1_0_30,420,sink,1_0,1.7417049472671384,3.108047325716315,1.8640884679629164,0.6989786307244721,0.955516625928182,0.9424701541781145,0.9999484244431486,0.7762121635678781,0.7762121635678781,0.9999494794878208
00847-bCPU9suPUw9,1_0_31,478,tile,1_0,1.428400481339899,4.517765622262234,1.7092197939509128,0.15072645000583293,0.961216530390777,0.9460756547450808,0.9998269796082322,0.16577442145883683,0.9844776144633939,0.16577442145883683
00847-bCPU9suPUw9,1_0_32,478,tile,1_0,2.460955875407911,2.8791344759881885,2.3264098558847874,0.7133892741868239,0.9433750877179131,0.9327009236659547,0.9992145294694088,0.8114112499457049,0.8114112499457049,0.9889383226855503
00847-bCPU9suPUw9,1_0_33,478,tile,1_0,2.176581626594756,2.879790082539707,2.6656132808490827,0.8164822095136434,0.9631300080398607,0.9251476740317321,0.9993645455432191,0.9169102185358781,0.9169102185358781,0.9876880229894138
00847-bCPU9suPUw9,1_0_34,478,tile,1_0,2.1994848113693783,2.87715232438059,2.0846430969050815,0.8137492545767052,0.9578183202357766,0.9095756247675236,0.9998778017275396,0.9341609826968875,0.9341609826968875,0.9957003878971554
00847-bCPU9suPUw9,1_0_35,478,tile,1_0,2.20136447903064,2.8778801576341437,2.389445723878915,0.8337243373387833,0.9843288070308215,0.9190599812608643,0.9997296372653477,0.9218406624218911,0.9218406624218911,0.9946941883288476
00847-bCPU9suPUw9,1_0_36,478,tile,1_0,1.927767135459345,2.8753692481132234,2.086311451545345,0.8111885957886033,0.9745368895248548,0.9236223422950423,0.9998864202773313,0.9013188483454208,0.9013188483454208,0.993719426513135
00847-bCPU9suPUw9,1_0_37,478,tile,1_0,1.9321691911532246,2.8767525751296836,2.3950435154013174,0.8707017234499994,0.9956573501120335,0.9479173214867245,0.9998370631270318,0.9226984881694308,0.9226984881694308,0.9925016916173024
00847-bCPU9suPUw9,1_0_38,478,tile,1_0,1.9342479425903614,2.8797226017616473,2.693784932054478,0.7870471914361775,0.9415759948495904,0.9523238251724848,0.9997026820340986,0.8779906456289454,0.8779906456289454,0.9851202207336782
00847-bCPU9suPUw9,1_0_39,82,cardboard,1_0,1.545224384451156,2.8888270242467127,3.4179562737365807,0.035724335751674226,0.9296859114292342,0.9508667160012895,0.9877227539878706,0.040914119415414354,0.739045132617913,0.040914119415414354
00847-bCPU9suPUw9,1_0_4,478,tile,1_0,2.222839703133365,2.8766941979918523,1.7738470247737361,0.729670870643586,0.9887041347372632,0.9472789652369189,0.9998064411268156,0.7792320998263447,0.7792320998263447,0.9965130943658262
00847-bCPU9suPUw9,1_0_40,478,tile,1_0,2.6642384638059946,3.3383244478189456,2.0792263384677994,0.6365349815720736,0.9756811864832614,0.9054203716796112,0.9957003475304272,0.7236614275264256,0.7236614275264256,0.895776070770653
00847-bCPU9suPUw9,1_0_41,478,tile,1_0,1.949962988794415,2.88277880036411,2.9663823180851026,0.5708426498928748,0.8858733965290917,0.9022168163328956,0.9985578573403066,0.7152545066317151,0.7152545066317151,0.9683254091873046
00847-bCPU9suPUw9,1_0_42,478,tile,1_0,1.656058619936753,2.881397475954529,2.7061961490598785,0.4730131486780937,0.9547639539384616,0.8895137047885673,0.9988134382815416,0.5576223578534507,0.5576223578534507,0.9583142473658929
00847-bCPU9suPUw9,1_0_43,244,handle,1_0,1.427871663876119,3.049254818975717,3.4016729526966727,0.27977034422983804,0.9970523389197384,0.9271900580599302,0.9641824339480186,0.31387428717555577,0.781824947406182,0.31387428717555577
00847-bCPU9suPUw9,1_0_44,478,tile,1_0,2.203199440519678,2.882463903424231,3.0047146006112087,0.8157450950233217,0.9511096493819109,0.9627685582744396,0.9981702892042891,0.8924776430871415,0.8924776430871415,0.9797509511156419
00847-bCPU9suPUw9,1_0_45,478,tile,1_0,1.792117064519677,3.1690619566637395,1.684482083906115,0.2981942546570575,0.9618016944012326,0.9663266633895795,0.9997045352925653,0.32093575832847093,0.9272306916757858,0.32093575832847093
00847-bCPU9suPUw9,1_0_46,420,sink,1_0,1.7359035061876875,3.6011480601200243,1.900531269871621,0.7189390689675623,0.9861810714131646,0.9454221918154648,0.9998479214854596,0.7712153802287727,0.7712153802287727,0.999892128740762
00847-bCPU9suPUw9,1_0_47,478,tile,1_0,1.561324637760915,3.9999600912029463,1.7189899383462781,0.5421725786730207,0.96710655535008,0.9173780956126399,0.9999298227098153,0.6111465071320316,0.9803439588779358,0.6111465071320316
00847-bCPU9suPUw9,1_0_48,106,closet door,1_0,2.28381765330473,4.411183481552256,1.3063850989114392,0.6575602144682415,0.7795361217699552,0.9960997578995187,0.9998787589791355,0.8469331017448256,0.9308128061434414,0.8469331017448256
00847-bCPU9suPUw9,1_0_5,420,sink,1_0,1.7380834873678626,2.975034902060661,1.93178609949746,0.6919692358255355,0.9850562965746926,0.9456135421500698,0.9998485007785974,0.7429812472727143,0.7429812472727143,0.9993734788519966
00847-bCPU9suPUw9,1_0_6,106,closet door,1_0,2.0176175682304205,4.149431584344794,1.3083365340567563,0.6870133986256821,0.8561062725526947,0.9864063193471619,0.9997787895765935,0.8137251952785814,0.8718712345061715,0.8137251952785814
00847-bCPU9suPUw9,1_0_7,484,toilet,1_0,1.4840762223268897,3.407761530037548,3.003399445952779,0.926293445839106,0.9898992758391149,0.9507921753477562,0.9998943986214985,0.9842781631543256,0.9842781631543256,0.999747636715596
00847-bCPU9suPUw9,1_0_8,478,tile,1_0,1.8009721105695564,3.955886751928872,1.6568385845693794,0.672953395082416,0.9742882114389142,0.9525729311230358,0.9998496718112269,0.7252113562106255,0.979505349314159,0.7252113562106255
00847-bCPU9suPUw9,1_0_9,195,foam,1_0,1.8841156150399707,3.1257123590697096,3.4737999598814002,0.0013688324746029268,0.9879213317992196,0.950492526594505,0.9970204793865409,0.0014620935166884876,0.525305553169919,0.0014620935166884876
00847-bCPU9suPUw9,1_1_0,82,cardboard,1_1,8.102631814277755,4.414688587971344,3.338143308823267,0.7398986391980961,0.999681544303894,0.9480516640558194,0.9990813426952212,0.7814077252278647,0.7814077252278647,0.9018751779964211
00847-bCPU9suPUw9,1_1_1,545,wood,1_1,6.284116042477066,2.863956234542789,1.825634379718137,0.6131952718960341,0.9392793382821458,0.9504525699378745,0.9722675156292663,0.7064603681723065,0.7064603681723065,0.9998422784107948
00847-bCPU9suPUw9,1_1_10,195,foam,1_1,7.194739403591538,3.548496218242922,1.5402099626904084,0.08058498197839248,0.9805507501524005,0.9417670513724945,0.9967625458924613,0.08754852508871153,0.6512604582662577,0.08754852508871153
00847-bCPU9suPUw9,1_1_11,379,rod,1_1,8.390804100106054,4.4403921212140505,1.1426904541441363,0.36639990700201835,0.982985536318247,0.9292621414017141,0.989335145769878,0.40543995543449046,0.612547108704309,0.40543995543449046
00847-bCPU9suPUw9,1_1_12,87,cat,1_1,8.385412299166182,5.074221004724233,1.1467503495893583,0.10390242375316018,0.9894747713504456,0.9397623336545973,0.9806563237277454,0.11394258963148328,0.6528239454292849,0.11394258963148328
00847-bCPU9suPUw9,1_1_13,244,handle,1_1,8.352946643630561,3.6294788573209975,1.1887525818728166,0.6513654759240746,0.9826601011848783,0.9441300409861779,0.9872640773742848,0.7111418901245541,0.7696615797158307,0.7111418901245541
00847-bCPU9suPUw9,1_1_14,44,blanket,1_1,7.1951401596437226,3.466413467800033,3.3897424986144142,0.9053718292601256,0.9771498157880006,0.9306409716097688,0.9999464451881558,0.9956504937414732,0.9956504937414732,0.9999999999237079
00847-bCPU9suPUw9,1_1_15,53,box,1_1,5.972308003407538,3.194907923716696,2.2923161570615984,0.6971180000234449,0.9964169804949806,0.9436596214191183,0.9997967026281712,0.7415460131307726,0.7415460131307726,0.9836093313514886
00847-bCPU9suPUw9,1_1_16,510,tv,1_1,8.113619885245127,4.740297609874669,3.3923757689825176,6.382006816425009e-05,0.9090801912215021,0.9059669231989621,0.9998423955485223,7.75016911598354e-05,0.5256177551790692,7.75016911598354e-05
00847-bCPU9suPUw9,1_1_17,44,blanket,1_1,6.8758575724109,3.3437424748776694,3.0898675991467877,0.8007048578726569,0.8544905308036156,0.9423342970893771,0.9998506142576028,0.9945464999044084,0.9945464999044084,0.999999999740069
00847-bCPU9suPUw9,1_1_18,82,cardboard,1_1,8.301753067226684,5.010934681739649,3.0825575300097094,0.11372833041333441,0.9624676309328831,0.9368992758634318,0.9967037379387524,0.1265387502113769,0.6769009729212332,0.1265387502113769
00847-bCPU9suPUw9,1_1_19,44,blanket,1_1,6.796499457070115,3.1258277863586756,3.0964332715084213,0.9244383700589313,0.990742812212825,0.9393090066184344,0.9997426706166298,0.9936199836210942,0.9936199836210942,0.9999999995773636
00847-bCPU9suPUw9,1_1_2,82,cardboard,1_1,8.134199680468095,4.54138526153524,2.470792363471477,0.5745411449436962,0.875927279208128,0.9699338647558149,0.9987597075304229,0.6770955309990128,0.6770955309990128,0.901009739167883
00847-bCPU9suPUw9,1_1_20,545,wood,1_1,7.3214289334509,2.864620801047465,1.9323241038956522,0.6426864524009981,0.9838677184169207,0.9052242736467991,0.8957852575458191,0.8055682337833951,0.8055682337833951,0.9997725282387866
00847-bCPU9suPUw9,1_1_21,82,cardboard,1_1,6.9129706590044,4.2389060112461445,4.0414170327378605,0.6609456081329508,0.9095929183103181,0.927012624620298,0.9986884507068201,0.7848794790652239,0.7848794790652239,0.878171227764908
00847-bCPU9suPUw9,1_1_22,44,blanket,1_1,6.555600815667529,3.573228687380113,3.261300355464307,0.9100556281263905,0.9647097926127728,0.9443654295649213,0.9996796157894786,0.9992412081120615,0.9992412081120615,0.9999999998686688
00847-bCPU9suPUw9,1_1_23,44,blanket,1_1,6.578231856062058,3.604967362723392,3.8571493258563647,0.8916410058187147,0.9748604522298568,0.9171730899939332,0.9998199910598305,0.9974117051893451,0.9974117051893451,0.9999999996247984
00847-bCPU9suPUw9,1_1_24,44,blanket,1_1,7.19833873348161,3.5861756291367883,3.7869556176450665,0.9037098157922863,0.9519730747321147,0.9560848037191907,0.9997911308642482,0.9931129363581003,0.9931129363581003,0.9999999997133282
00847-bCPU9suPUw9,1_1_25,44,blanket,1_1,7.806791648173613,3.447396275495953,3.094075886725681,0.8203861744112134,0.8876790168964974,0.9318507119640201,0.9998676606812846,0.9919128475131811,0.9919128475131811,0.9999999991387423
00847-bCPU9suPUw9,1_1_26,44,blanket,1_1,7.783839295466254,3.698164806949249,3.6290538223634026,0.872358434866296,0.974638244580655,0.9020292313589371,0.9998405604171248,0.9924306153104798,0.9924306153104798,0.9999999996152862
00847-bCPU9suPUw9,1_1_27,542,window shade,1_1,8.317998105671968,4.935958683840178,1.832587247814777,0.551664200890683,0.9661483160638936,0.9093261649256112,0.9954433188476823,0.6308044919114772,0.6308044919114772,0.7904296051701991
00847-bCPU9suPUw9,1_1_28,44,blanket,1_1,6.870388613733088,3.5699688147155526,3.517569779063013,0.8953503844408479,0.9530472971498964,0.9442988245492308,0.999763940585417,0.9951112881083278,0.9951112881083278,0.9999999999259535
00847-bCPU9suPUw9,1_1_29,44,blanket,1_1,7.197960703429686,3.4019531277731554,3.103490729865422,0.9264010281806927,0.9970409634953746,0.9331970607581992,0.9999099205622214,0.9957533753040176,0.9957533753040176,0.9999999997757691
00847-bCPU9suPUw9,1_1_3,53,box,1_1,7.761199310460199,3.1234505480598536,2.2841152955636748,0.5077901961971631,0.9831000787082023,0.923480495348546,0.9995111784776827,0.5595916146665443,0.5595916146665443,0.9950644569800736
00847-bCPU9suPUw9,1_1_30,82,cardboard,1_1,8.30042549707287,3.906468473929994,3.8296119741024737,0.4769455033932996,0.9931037009471939,0.9378687356948634,0.9994648596309674,0.5123474397335331,0.5123474397335331,0.5618924024532598
00847-bCPU9suPUw9,1_1_31,44,blanket,1_1,7.766654860711565,3.631916788401385,3.2540342052136433,0.905774549035985,0.9759847166181421,0.9347815475158557,0.9996052770979557,0.9932039212117705,0.9932039212117705,0.9999999997489175
00847-bCPU9suPUw9,1_1_32,44,blanket,1_1,7.16667892716524,3.5631847505106298,3.2772885641416956,0.8945772361766702,0.9712647804927994,0.9256047727060421,0.9999406437121874,0.9951313207432897,0.9951313207432897,0.999999999829013
00847-bCPU9suPUw9,1_1_33,44,blanket,1_1,6.857652800745697,3.5503983269867603,3.2094595152004204,0.9113463050616984,0.9816951685600783,0.933599305524188,0.9998769010108729,0.9944884143971155,0.9944884143971155,0.9999999997271858
00847-bCPU9suPUw9,1_1_34,545,wood,1_1,7.29877015943078,2.8703327989166363,2.721492967250507,0.7747715551362165,0.9822913007546413,0.930916768494105,0.9852477451155015,0.8599576553227775,0.8599576553227775,0.9963500911978832
00847-bCPU9suPUw9,1_1_35,545,wood,1_1,7.177244461016837,2.8727289424638593,2.913431733163315,0.765893402756565,0.9978130525740813,0.9423727011208917,0.9925005871319104,0.820664559307437,0.820664559307437,0.9961728609147615
00847-bCPU9suPUw9,1_1_36,44,blanket,1_1,8.03270263650189,3.59990258049675,3.1720025493270616,0.9351343054298138,0.9950453902618785,0.9496122837580925,0.9998134408054065,0.9898418296216493,0.9898418296216493,0.9999999996998936
00847-bCPU9suPUw9,1_1_37,44,blanket,1_1,7.069845031538621,3.0149350750520094,3.0946709848837353,0.8846065457833923,0.9627877664633637,0.9236386465110525,0.9999061287574781,0.9948514993758822,0.9948514993758822,0.9999999999122049
00847-bCPU9suPUw9,1_1_38,44,blanket,1_1,7.406599747216331,3.1432037270752513,3.0933072250127687,0.9367446102597491,0.9908462431755934,0.9500518261160622,0.9999078357817441,0.9951938123043551,0.9951938123043551,0.99999999943685
00847-bCPU9suPUw9,1_1_39,44,blanket,1_1,6.607461706300109,3.387765128536218,3.106545808016182,0.9535103774657702,0.993061929743434,0.9629628213985946,0.9999031474065729,0.99719854382257,0.99719854382257,0.9999999999364055
00847-bCPU9suPUw9,1_1_4,221,glass,1_1,8.39606917346894,4.212000181329069,1.8614727906889903,0.399768449821718,0.9628852834928321,0.9008846739570697,0.9975669277151179,0.461979522652825,0.7245564387396821,0.461979522652825
00847-bCPU9suPUw9,1_1_40,82,cardboard,1_1,8.158684968256198,2.8629090761497897,1.6346907234184525,0.09834040900740114,0.9895072352534681,0.9578975433634525,0.997129238700422,0.10405010563456984,0.6429207075913242,0.10405010563456984
00847-bCPU9suPUw9,1_1_41,369,rail,1_1,8.277870883817519,2.9111422576585797,1.5402588721685155,0.5034387224983191,0.9901392846000671,0.9579356317021763,0.9913119206149879,0.535431192861963,0.535431192861963,
00847-bCPU9suPUw9,1_1_42,44,blanket,1_1,7.350860837785917,3.11009068983342,3.093102902192461,0.9174468519628485,0.9833244653004739,0.9370990316908911,0.9999479373233626,0.9956832292925144,0.9956832292925144,0.999999999817194
00847-bCPU9suPUw9,1_1_43,53,box,1_1,7.950638018178332,3.355468532447064,2.6700139654679305,0.665528290156894,0.9733704622282906,0.9105692635893206,0.9998405943540726,0.7510080739007992,0.7510080739007992,0.9986964544588532
00847-bCPU9suPUw9,1_1_44,44,blanket,1_1,6.598869407956912,3.5876954887802315,3.573817334429814,0.9373107688768751,0.98651363688125,0.9528334873542226,0.9999152004214756,0.997241472298199,0.997241472298199,0.9999999998951803
00847-bCPU9suPUw9,1_1_45,44,blanket,1_1,6.613630627116956,3.580898503289546,3.324224406469354,0.9367424721634593,0.9908384680422732,0.9501549399932095,0.998967261301453,0.9960282729756397,0.9960282729756397,0.9999999996538351
00847-bCPU9suPUw9,1_1_46,44,blanket,1_1,6.382145491392916,3.5947327113820826,3.618073159350947,0.9032142545211189,0.9552578664892251,0.9484186938787318,0.9998502314901412,0.997091704709473,0.997091704709473,0.9999999998814235
00847-bCPU9suPUw9,1_1_47,44,blanket,1_1,6.289850503805007,3.3208764562062574,3.064191052793212,0.926718511041088,0.978327448097443,0.9520119985323363,0.9997787090689806,0.9952158723744057,0.9952158723744057,0.9999999864698725
00847-bCPU9suPUw9,1_1_48,44,blanket,1_1,6.273410761339896,3.0791254844101426,3.08730290978256,0.808908020536694,0.8973689874285263,0.905881640603523,0.9997995419418818,0.9952763713673031,0.9952763713673031,0.9999999738323417
00847-bCPU9suPUw9,1_1_49,451,stick,1_1,8.303531211114471,3.9535046578524313,3.505957783374378,0.00019700876668557287,0.9875282130458138,0.96686008017256,0.9958178228838686,0.00020720131911761968,0.5518804075661571,0.00020720131911761968
00847-bCPU9suPUw9,1_1_5,545,wood,1_1,5.90255664358182,2.8624361523915094,1.6763762186865991,0.5121497349891208,0.9804027872458793,0.9349017531791228,0.9515001638479764,0.5872426279060576,0.5872426279060576,0.9998985390452251
00847-bCPU9suPUw9,1_1_50,545,wood,1_1,6.810506777629386,2.873379739202466,2.9551597822696496,0.703476548760309,0.9498927160618973,0.9257401235477729,0.9917312237075299,0.8066627315462725,0.8066627315462725,0.9976229151393613
00847-bCPU9suPUw9,1_1_51,44,blanket,1_1,7.48443458572284,3.581088564461063,3.4985848908554846,0.886746799338158,0.9745984667452136,0.9168106748178932,0.9997755560309047,0.9926399048508177,0.9926399048508177,0.9999999997788016
00847-bCPU9suPUw9,1_1_52,545,wood,1_1,6.152158135915059,2.8675505615598635,2.4304806897174283,0.8077562681766358,0.9685276168361658,0.9167671371209614,0.9963279825282533,0.9130760746463629,0.9130760746463629,0.9990616795626586
00847-bCPU9suPUw9,1_1_53,545,wood,1_1,6.154894670984335,2.8719610249037317,2.973249055819445,0.5233610107342258,0.9684945974747339,0.9201826823518742,0.9963730978714451,0.589397262407171,0.589397262407171,0.9998873451122409
00847-bCPU9suPUw9,1_1_54,44,blanket,1_1,6.818430617787572,3.1029989971290766,3.0916300952033597,0.9163998301351423,0.9817618706242374,0.9372345417548713,0.9999452254428217,0.9959885407801431,0.9959885407801431,0.9999999999292786
00847-bCPU9suPUw9,1_1_55,158,drawer,1_1,6.096879852994637,3.0416267075803667,2.3003272826773324,2.37122694714802e-06,0.9178449023930912,0.9308473227758793,0.999633114120861,2.7764172450316905e-06,0.5503842371920201,2.7764172450316905e-06
00847-bCPU9suPUw9,1_1_56,545,wood,1_1,6.226887901482964,2.8626557707135594,1.8474566806024866,0.673821018403709,0.9740036450613653,0.9238397179070825,0.8765738611494078,0.8542772202989922,0.8542772202989922,0.9999039522061475
00847-bCPU9suPUw9,1_1_57,545,wood,1_1,6.399149511929442,2.8618908797264,1.4999178508009667,0.5436285405191943,0.987163953784047,0.9257869979587934,0.9255560828708824,0.6426864503757642,0.6426864503757642,0.9999037490194816
00847-bCPU9suPUw9,1_1_58,195,foam,1_1,7.180856199604972,3.6276454048519535,1.3760562247691428,0.07477382453271103,0.9640403734253985,0.91605134439757,0.9968538816389928,0.08493819966405909,0.6558396499520533,0.08493819966405909
00847-bCPU9suPUw9,1_1_59,82,cardboard,1_1,8.04103424890698,3.59202804346136,1.144193162613074,0.679921863018814,0.9655507200291046,0.9326566021066128,0.9979259770108478,0.7565956106293739,0.7565956106293739,0.823751511207995
00847-bCPU9suPUw9,1_1_6,93,ceiling chassis,1_1,7.701880278439778,5.26120140218086,2.4949283331843533,0.6181602736485635,0.9833922150008606,0.9404063514148511,0.9912661597583717,0.6743238053440964,0.6743238053440964,0.8821652065257921
00847-bCPU9suPUw9,1_1_60,82,cardboard,1_1,8.294700718440321,3.221761996582326,1.6259623207678513,0.24088981136752424,0.8893756882356225,0.9379361937960633,0.9978754446208856,0.289390018245957,0.5160107992493718,0.289390018245957
00847-bCPU9suPUw9,1_1_61,545,wood,1_1,6.778848243902014,2.862122244562157,1.7256010725449695,0.5898556836008555,0.9742083804108415,0.9564757953258343,0.8796323101960074,0.7196457249540649,0.7196457249540649,0.9998739224365356
00847-bCPU9suPUw9,1_1_62,379,rod,1_1,8.273344029599212,3.052228486644179,1.2426385532691404,0.2203141129428518,0.9743298069891129,0.9097504045587558,0.9639282298739632,0.25785132811257955,0.8138321844857062,0.25785132811257955
00847-bCPU9suPUw9,1_1_63,221,glass,1_1,8.117196296425488,3.537178830573436,1.363690416611398,0.25586337170538687,0.9856976173159323,0.9396008577223043,0.9901913249850547,0.27899851398842346,0.5308321314441551,0.27899851398842346
00847-bCPU9suPUw9,1_1_64,82,cardboard,1_1,8.301587988124881,4.8009932884662225,2.2227936137913407,0.6454445956767526,0.9820668625571424,0.9556696563866969,0.9985256803482097,0.6887329744395038,0.6887329744395038,0.8714782499605324
00847-bCPU9suPUw9,1_1_65,391,screen,1_1,8.093990250876177,4.842258625348628,3.3408215935135672,0.5613744927670002,0.9917942597076735,0.9344760030304824,0.9993335226164934,0.6061114326848004,0.6061114326848004,0.9684713764604711
00847-bCPU9suPUw9,1_1_66,53,box,1_1,8.2070018006562,3.351333254519578,2.6910808876560095,0.5786977043508957,0.9716742695032022,0.9374329496521883,0.9996703453731087,0.6355270401096612,0.6355270401096612,0.9980334264815868
00847-bCPU9suPUw9,1_1_67,221,glass,1_1,8.421241257491447,3.89316622260661,1.6373197647568514,0.5521341871194718,0.9846131151696466,0.9441360020256861,0.9980549069921809,0.5951001086446361,0.8687278698266593,0.5951001086446361
00847-bCPU9suPUw9,1_1_68,93,ceiling chassis,1_1,6.78745756307308,5.262626866946565,3.438415039191761,0.534208621665213,0.9823109709446154,0.9339299368664071,0.9908740174448137,0.5876641003339786,0.5876641003339786,0.8795740867932291
00847-bCPU9suPUw9,1_1_69,44,blanket,1_1,6.874007908558741,3.590379639540316,3.8123356107481903,0.882947877710007,0.965109709321875,0.9189570202900352,0.9999426412832674,0.9956073489575827,0.9956073489575827,0.9999999999389935
00847-bCPU9suPUw9,1_1_7,87,cat,1_1,6.015709308158302,3.1052796308665096,2.0818432162268308,0.7725796530168844,0.9868418117297069,0.934227691316152,0.9786614214024935,0.8562695877321296,0.9228240511748615,0.8562695877321296
00847-bCPU9suPUw9,1_1_70,44,blanket,1_1,8.13561863314516,3.586924255573906,3.1163938524669765,0.8572688936248232,0.9323608777111154,0.9354141707007224,0.999419552280184,0.9835155641849689,0.9835155641849689,0.9999999968192981
00847-bCPU9suPUw9,1_1_71,391,screen,1_1,8.119678474044015,4.8561779586812825,3.6949250053360916,0.528305749866643,0.9873061550636674,0.9419619893174789,0.9992996468448709,0.5684658509811233,0.5684658509811233,0.9741513159902093
00847-bCPU9suPUw9,1_1_72,391,screen,1_1,6.534497063611661,4.314490990850357,4.191418908932367,1.3143604551994706e-06,0.9962260723114014,0.93748408002247,0.9945068197205462,1.415092774915117e-06,0.5577895550714549,1.415092774915117e-06
00847-bCPU9suPUw9,1_1_73,44,blanket,1_1,6.527849744235398,3.597693999163574,3.8396224225576643,0.9444988465192825,0.9906295958793524,0.955732508729507,0.9998997595267541,0.9976938855934183,0.9976938855934183,0.9999999999148561
00847-bCPU9suPUw9,1_1_74,93,ceiling chassis,1_1,6.498590686894014,5.262620885468945,1.7930387822957234,0.5156301709288662,0.981396863323758,0.9481891348077527,0.9907295720742854,0.5592983714565437,0.5592983714565437,0.8327419229591296
00847-bCPU9suPUw9,1_1_75,93,ceiling chassis,1_1,6.833619090954216,5.262505974944729,1.8243790155458506,0.5326907482855338,0.993253458468687,0.9320663630932697,0.9909066519172842,0.5806781561358998,0.5806781561358998,0.8920515251047934
00847-bCPU9suPUw9,1_1_76,93,ceiling chassis,1_1,7.142387192291088,5.040210963386518,1.2924872492871107,0.5324383324993831,0.9908590614795685,0.9422470166147126,0.9908473469525312,0.5755537757649544,0.5755537757649544,0.8345962868651268
00847-bCPU9suPUw9,1_1_77,93,ceiling chassis,1_1,7.596615729481548,5.260145097083212,1.9327405866850027,0.6176241689683526,0.978915410382407,0.9653694507255133,0.9904954687283408,0.6598315425824498,0.6598315425824498,0.8535287226231506
00847-bCPU9suPUw9,1_1_78,93,ceiling chassis,1_1,7.584216641602204,5.262229968220632,2.849997283173222,0.640676877455464,0.9742511534265109,0.9632616645287475,0.9912922266796882,0.6886874108870237,0.6886874108870237,0.8882831497346326
00847-bCPU9suPUw9,1_1_79,82,cardboard,1_1,6.968401643372708,4.948352207385342,4.188480142310482,0.5052041957407493,0.8932833173772791,0.9223506179547927,0.9977313355199032,0.6145653494055824,0.8095843408716288,0.6145653494055824
00847-bCPU9suPUw9,1_1_8,53,box,1_1,7.9044880507545425,3.2533953878837756,2.372438976380119,0.6331616738229848,0.9817878061306111,0.934488836937555,0.9997809599628582,0.6902684206940474,0.6902684206940474,0.9979015800369863
00847-bCPU9suPUw9,1_1_80,221,glass,1_1,8.41093904814586,4.738875689417726,1.6807836990745615,0.2851482675921582,0.9615521408262707,0.936020352937394,0.9977473744183467,0.3175353001292046,0.6934786981774169,0.3175353001292046
00847-bCPU9suPUw9,1_1_81,93,ceiling chassis,1_1,7.003739514417082,5.258639381849714,3.244349376638311,0.5985652697312305,0.973370163213639,0.9006887925125376,0.9918201407913706,0.688376130558321,0.688376130558321,0.9088855828824508
00847-bCPU9suPUw9,1_1_82,391,screen,1_1,8.112061190469735,4.711778502468613,3.186219263781981,0.47590211029814483,0.9703853857825588,0.8969791223291002,0.9996562281216782,0.5469408641037999,0.5469408641037999,0.9729698038790043
00847-bCPU9suPUw9,1_1_83,545,wood,1_1,7.2717844973519075,2.8640317769231505,1.3899076714953134,0.6135600389113247,0.961202960638773,0.9323168387946724,0.99018517497286,0.691451970332135,0.9171211376170822,0.691451970332135
00847-bCPU9suPUw9,1_1_84,542,window shade,1_1,8.305871218395765,5.10798198410819,1.377279635309099,0.017276289478171905,0.95937793982021,0.9407374759910608,0.9946311096408446,0.0192455470516806,0.6640503606782879,0.0192455470516806
00847-bCPU9suPUw9,1_1_85,221,glass,1_1,8.344729800253324,4.896986859735453,1.4178277474041627,0.14706575412676898,0.8089970383379196,0.9041114159691737,0.9968416083405908,0.20170492959827183,0.5077963810295786,0.20170492959827183
00847-bCPU9suPUw9,1_1_9,545,wood,1_1,6.146782240577883,2.862447919622398,1.750192631656773,0.5963293243734111,0.9753795199415878,0.9441521086815805,0.9115289401395992,0.7103953412464343,0.7103953412464343,0.9999170265858958
00847-bCPU9suPUw9,1_2_0,106,closet door,1_2,5.079580022307883,4.005600656290416,2.0939807480585615,0.8393203412030673,0.9834134050760085,0.9427351085152944,0.9996595097496029,0.9056280006739169,0.910681773942685,0.9056280006739169
00847-bCPU9suPUw9,1_2_1,244,handle,1_2,4.8212704641690385,5.269745503871304,1.9241510539978548,0.49380435235764114,0.9711954272357982,0.9365852128286496,0.9332076820824224,0.5817316362683429,0.902255663154252,0.5817316362683429
00847-bCPU9suPUw9,1_2_10,106,closet door,1_2,5.017961865080678,3.7995632932180325,2.0781401312190537,0.6786449698667848,0.9899516892821565,0.9319164458112724,0.999582579590328,0.7359240207932998,0.8463034640954974,0.7359240207932998
00847-bCPU9suPUw9,1_2_11,106,closet door,1_2,4.181648649212744,4.181596669104957,1.157950145934938,0.45340402492166276,0.9872486433457761,0.9330120700364223,0.9981444007806537,0.4931490359992684,0.8109365148444944,0.4931490359992684
00847-bCPU9suPUw9,1_2_12,326,partial,1_2,4.63770565582897,3.1747853832640454,2.2489026011087145,0.564221171200391,0.9776575978184159,0.9510847985311801,0.9976179445360526,0.6082457817667979,0.6082457817667979,0.7908707372702887
00847-bCPU9suPUw9,1_2_13,316,overhang,1_2,5.531181040858428,5.05804871325892,1.6300760169475716,0.026141287630128185,0.9838160208694432,0.9261763521023154,0.9539003722450231,0.03007574395098562,0.5628129505682852,0.03007574395098562
00847-bCPU9suPUw9,1_2_14,106,closet door,1_2,4.08746424209239,4.39137446758447,1.155171290006562,0.49916768464460204,0.981452767111389,0.9452220347328103,0.9986602739886222,0.5387973446238183,0.7105719789738654,0.5387973446238183
00847-bCPU9suPUw9,1_2_15,82,cardboard,1_2,4.624002390602197,3.8655826333156056,0.4998063274110665,0.5541539254676315,0.9494219825800619,0.9440518098685928,0.9976056832162192,0.6197497885086963,0.7391418299950079,0.6197497885086963
00847-bCPU9suPUw9,1_2_16,106,closet door,1_2,4.613108517355337,4.419491975460638,1.1648312594580408,0.4865704340722492,0.9584239047642171,0.9145155257658675,0.9983753345766163,0.5560363103096571,0.8328072901272243,0.5560363103096571
00847-bCPU9suPUw9,1_2_17,244,handle,1_2,5.589790327731856,4.768899943157415,1.4489740062098853,0.2092512957936646,0.9453663775292984,0.9199883971650333,0.9949771999627038,0.24180903545138585,0.71818324035157,0.24180903545138585
00847-bCPU9suPUw9,1_2_18,545,wood,1_2,5.114294174220373,2.8635865014495434,1.7638638699171185,0.5206268005040263,0.9874789764673344,0.9276927594527808,0.9616971105022876,0.5909574122886848,0.5909574122886848,0.9998519064654683
00847-bCPU9suPUw9,1_2_19,82,cardboard,1_2,4.596853044214512,3.0629610274017707,0.3203505332561381,0.7342803066466937,0.9820353307723999,0.9382826057878748,0.9979179037638126,0.7985576751758032,0.8512758595051726,0.7985576751758032
00847-bCPU9suPUw9,1_2_2,82,cardboard,1_2,4.271265496363658,2.8665701327462725,2.123984449046417,0.15886296937900748,0.9821003553058631,0.9435471911269733,0.997407507266895,0.17188205953891156,0.6389411100849668,0.17188205953891156
00847-bCPU9suPUw9,1_2_20,545,wood,1_2,4.644282117274017,2.860448467377668,1.3733236686291987,0.5514952918251872,0.9748981976616772,0.9442298436006609,0.9895588916730889,0.6054289353729149,0.6054289353729149,0.9995011378603293
00847-bCPU9suPUw9,1_2_21,244,handle,1_2,3.766371048035986,3.4597885974138713,2.1258384103164722,0.04453778722235039,0.9708024788809548,0.9630360197883844,0.9913519018174298,0.048053761036621484,0.5943325024957721,0.048053761036621484
00847-bCPU9suPUw9,1_2_22,244,handle,1_2,4.648735447564433,2.880338730039314,0.6541112014891445,0.44314752694396087,0.9097579489151636,0.9300191239911313,0.9817435380242058,0.533497686809354,0.533497686809354,0.5941515203242246
00847-bCPU9suPUw9,1_2_23,106,closet door,1_2,4.944748336514945,3.076144710519529,2.091537747796145,0.7690305919966133,0.9847405761463985,0.9103799904302823,0.9993915424068147,0.8583480197928677,0.8866048188909844,0.8583480197928677
00847-bCPU9suPUw9,1_2_24,82,cardboard,1_2,3.290734636162982,3.5261181784898956,4.19414605729454,0.6599672322262545,0.9719099881071034,0.9443645553357791,0.9965933935620901,0.7215038377328176,0.882229136554309,0.7215038377328176
00847-bCPU9suPUw9,1_2_25,106,closet door,1_2,5.393503522304318,3.201491782519814,2.0898650971867423,0.5534991558085945,0.8470559117867965,0.9195370648128247,0.9992665027655947,0.7111387043789984,0.7111387043789984,0.8713876882894297
00847-bCPU9suPUw9,1_2_26,545,wood,1_2,4.548175830836376,2.860201119860648,1.5289155474634541,0.573197793188583,0.9822189933140594,0.9444730364424068,0.9916515529644214,0.6230853232805417,0.6230853232805417,0.9994758733877042
00847-bCPU9suPUw9,1_2_27,106,closet door,1_2,5.390978200193911,4.287881736796737,2.0980073452578867,0.8667231314826396,0.9868404342139021,0.9433359878274117,0.9998046746774918,0.9312191228546006,0.9312191228546006,0.9335356904350021
00847-bCPU9suPUw9,1_2_28,106,closet door,1_2,5.523361476182205,4.190537227275322,2.0633245223829797,0.6859731919787225,0.9294156667846931,0.9154481088030748,0.9989897793118049,0.8070535979049085,0.8795653692515509,0.8070535979049085
00847-bCPU9suPUw9,1_2_29,106,closet door,1_2,5.630709162335396,3.464512631510942,3.2754592784376966,0.9339258349011504,0.9909802535515272,0.9454826410976744,0.9999957419988126,0.9967716517538036,0.9967716517538036,0.999781808447402
00847-bCPU9suPUw9,1_2_3,451,stick,1_2,4.112802351352599,3.7109236279451947,2.142890161260851,0.6588322904322519,0.9836414567758642,0.9310703182825264,0.9909829822238319,0.7259210225084215,0.7259210225084215,0.9077807203667716
00847-bCPU9suPUw9,1_2_30,106,closet door,1_2,5.611816571922529,4.105697287952001,3.987024026039971,0.9475103844946449,0.990448235217389,0.9607818289707017,0.9999962093854647,0.9957012707900477,0.9957012707900477,0.9998329866697981
00847-bCPU9suPUw9,1_2_31,106,closet door,1_2,5.653136459404269,4.096592687243927,2.953710863052542,0.9113959290858453,0.9786092341037859,0.9361406747956917,0.9999901758929496,0.9948576092772682,0.9948576092772682,0.999954413397103
00847-bCPU9suPUw9,1_2_32,545,wood,1_2,4.5394054457245225,2.861708988997903,1.473855096827292,0.5554152837523996,0.9850083264437589,0.9448215716153963,0.9837521322810518,0.6066559168259502,0.6066559168259502,0.9997595110430032
00847-bCPU9suPUw9,1_2_33,106,closet door,1_2,5.6455902957978115,3.3623966474003786,2.9444342815209756,0.9290908858479566,0.9852199388272835,0.9452484138508841,0.9999971705189714,0.9976547596476664,0.9976547596476664,0.9996918695591589
00847-bCPU9suPUw9,1_2_34,545,wood,1_2,5.733133849435527,2.863308900784903,1.8745181458257996,0.542396827589141,0.9719938054534355,0.9192343711422866,0.9501178987924721,0.638925011177515,0.638925011177515,0.999862986785056
00847-bCPU9suPUw9,1_2_35,106,closet door,1_2,5.663072526627118,4.869537544029805,3.4644900549654927,0.7487564331125358,0.9961039018833718,0.9413149764138244,0.9982781956901182,0.7999251872814747,0.7999251872814747,0.8734483605283362
00847-bCPU9suPUw9,1_2_36,106,closet door,1_2,5.65470509439822,4.924277248692706,3.202638270184969,0.22114185345864684,0.9906711631677885,0.9412896408841807,0.9993915113906869,0.23729166745100472,0.9596023515132347,0.23729166745100472
00847-bCPU9suPUw9,1_2_37,106,closet door,1_2,5.632621369899503,4.138350735934734,3.4682565745116296,0.9267660821826358,0.9939346619842716,0.9359241257114923,0.999996784030918,0.9962608153720568,0.9962608153720568,0.9998978847723146
00847-bCPU9suPUw9,1_2_38,106,closet door,1_2,5.607005632237507,4.660472734094262,3.9943422539222806,0.9224684056992969,0.9859936942035954,0.9512660231225682,0.9999888979099064,0.9835132148709543,0.9835132148709543,0.9990115361910461
00847-bCPU9suPUw9,1_2_39,106,closet door,1_2,5.652661752661029,4.663007830151289,3.1055627099863243,0.897957354375071,0.9923480001352135,0.9402606042377678,0.9999699506467588,0.9624020142832794,0.9624020142832794,0.9995265214701801
00847-bCPU9suPUw9,1_2_4,545,wood,1_2,4.064680720224223,2.8611711867829763,1.6232247059795588,0.7016044055325356,0.9923665743178219,0.9237420222477387,0.986180483593281,0.7760917654305803,0.7760917654305803,0.9997093848788996
00847-bCPU9suPUw9,1_2_40,106,closet door,1_2,5.657406740450998,4.671554535292019,2.1300472535380104,0.19017251396555385,0.9834660379484356,0.9543532416395969,0.9994387419629271,0.20273234660455522,0.9119190853694926,0.20273234660455522
00847-bCPU9suPUw9,1_2_41,326,partial,1_2,4.591438201108648,5.0616450653105405,0.5991135676527528,0.041093504749104705,0.953013614408013,0.925996723777745,0.9893975185326004,0.047064539185241644,0.508010601457293,0.047064539185241644
00847-bCPU9suPUw9,1_2_42,82,cardboard,1_2,4.758153878467298,4.587369471900079,0.8464621825778061,0.379707319221437,0.943860120178912,0.9522146200915464,0.9942971020846942,0.42490350446460506,0.77988893051206,0.42490350446460506
00847-bCPU9suPUw9,1_2_43,106,closet door,1_2,5.656380815708652,4.56515617702665,2.7537182466777583,0.8628937572146775,0.9813930597156286,0.9434933385192212,0.9998347673467409,0.9320673004856337,0.9561076234404917,0.9320673004856337
00847-bCPU9suPUw9,1_2_44,82,cardboard,1_2,5.712180496834244,5.268742808283882,2.187257716643032,0.12274376791417632,0.9968035345773663,0.9461879913635816,0.9910954239203157,0.13130975130475322,0.5451628843700906,0.13130975130475322
00847-bCPU9suPUw9,1_2_45,106,closet door,1_2,5.653627496898775,4.712877577657919,2.47608544632803,0.21391963827681554,0.9826502872135502,0.9288727808236664,0.9995763138849653,0.23446578540388296,0.9622207072195829,0.23446578540388296
00847-bCPU9suPUw9,1_2_46,106,closet door,1_2,5.654192459159345,4.086034809171797,2.3151216225505014,0.3213662056183096,0.9783091099673542,0.9822272409683559,0.9998612653747722,0.33448172063435305,0.9617475577859192,0.33448172063435305
00847-bCPU9suPUw9,1_2_47,82,cardboard,1_2,4.1272282418963915,2.8949069153453046,1.1648341411646825,0.45899275957249236,0.9876546421342104,0.9690606105621062,0.9964555730109096,0.48127338336050013,0.5564677067600635,0.48127338336050013
00847-bCPU9suPUw9,1_2_48,545,wood,1_2,3.5394736665942323,2.8607575674322874,1.5642709852695158,0.6498317633429378,0.9624882787466049,0.8534667727876017,0.994577743305876,0.7953900101049624,0.7953900101049624,0.9992289302700393
00847-bCPU9suPUw9,1_2_49,106,closet door,1_2,3.7070100847574814,4.153343105570564,1.1645806538560695,0.25144889981268476,0.6670770476261775,0.9694278755290145,0.9985573862971991,0.3893903726572394,0.8398854813314017,0.3893903726572394
00847-bCPU9suPUw9,1_2_5,180,fan,1_2,3.7837040721435833,5.268472906528318,2.3496040286142006,0.3513496019522893,0.9561057039629034,0.9234742943108545,0.9917393130040871,0.4012464624645363,0.7312561981632572,0.4012464624645363
00847-bCPU9suPUw9,1_2_50,545,wood,1_2,3.541361119502575,2.8564239506121187,1.1821457193722633,0.662161590234545,0.8574227608632351,0.9609941823761313,0.9926857890442183,0.8095364611332376,0.8095364611332376,0.999234223336189
00847-bCPU9suPUw9,1_2_51,326,partial,1_2,4.6386904638458075,3.0655669240687238,2.3044058202214392,0.4698334719635615,0.9491202068179803,0.9519947172371557,0.9965479545407523,0.5217830817735968,0.5217830817735968,0.769976307353872
00847-bCPU9suPUw9,1_2_52,326,partial,1_2,2.8051280487009898,3.9161984136285355,1.9936465679196713,0.2754594952316733,0.9932236494841398,0.9173885363172163,0.9932709022883415,0.3043614703242856,0.5791415441840179,0.3043614703242856
00847-bCPU9suPUw9,1_2_53,451,stick,1_2,3.6608731692282874,2.715812984731065,2.2378355300587365,0.31998192236179696,0.97994567326137,0.9144022822944775,0.9850746894626197,0.36250748786348963,0.6224686871787879,0.36250748786348963
00847-bCPU9suPUw9,1_2_54,82,cardboard,1_2,3.555012163310095,3.0349451991366236,4.191897926485806,0.7284841131589281,0.970991168750657,0.97236536277923,0.9965114753005155,0.774271049032624,0.8915632197450439,0.774271049032624
00847-bCPU9suPUw9,1_2_55,82,cardboard,1_2,3.6838666334781074,2.985375919988796,4.19161210285226,0.7353962269504013,0.9622183149024135,0.9414530318378201,0.9969259852753753,0.8143033167593388,0.9144806572984884,0.8143033167593388
00847-bCPU9suPUw9,1_2_56,82,cardboard,1_2,3.60329443327921,3.016226876711025,4.191698960918994,0.6876279597724807,0.9289166899506376,0.9381010657509883,0.9966746573562337,0.7917238292025435,0.89693493152708,0.7917238292025435
00847-bCPU9suPUw9,1_2_57,82,cardboard,1_2,3.7934315182877536,3.0059790395163564,4.191782607177938,0.7654607661847614,0.9376947787742317,0.9226949346959628,0.9963384530510649,0.8879661481641546,0.9595788591679598,0.8879661481641546
00847-bCPU9suPUw9,1_2_58,545,wood,1_2,4.33143665058991,2.9961222419573623,2.155027274827119,7.102151481525051e-07,0.9293061801383182,0.9452391704188443,0.9323275257666694,8.67203234483243e-07,0.71978827280778,8.67203234483243e-07
00847-bCPU9suPUw9,1_2_59,82,cardboard,1_2,4.212517116331713,3.3780452038777415,1.1581781870827306,0.6045948952638158,0.9963371388373836,0.9803739951211812,0.9981559022905744,0.6201089433022832,0.6591607682811915,0.6201089433022832
00847-bCPU9suPUw9,1_2_6,326,partial,1_2,3.67780860809615,3.3782449269772648,2.0970811038600057,0.24845472590229706,0.9714544889254447,0.9279938424436841,0.9858602980949762,0.27955311163974733,0.6195208403862262,0.27955311163974733
00847-bCPU9suPUw9,1_2_60,451,stick,1_2,3.9601528368469157,3.523183034027071,2.3442092778997385,0.783146283049611,0.9947484274705249,0.955796650179743,0.9959775991888625,0.8270172248024342,0.8270172248024342,0.9696074818385593
00847-bCPU9suPUw9,1_2_61,545,wood,1_2,4.466883739071224,2.8604018553143704,1.4817571587708833,0.6174828227221482,0.9780194706099045,0.9396430501690481,0.9947445741782127,0.6754650692127802,0.6754650692127802,0.9992506140115023
00847-bCPU9suPUw9,1_2_62,82,cardboard,1_2,4.633308732971979,4.642391933802794,3.080402534733377,0.723706709847788,0.8736621770083941,0.9528905128854424,0.9985474613438408,0.8705773218983432,0.9322087202740933,0.8705773218983432
00847-bCPU9suPUw9,1_2_63,180,fan,1_2,3.563778963965202,5.267211423277928,3.9979146947137654,0.5853612966735643,0.9350594334304332,0.9678074218614969,0.997886946620084,0.648208166378909,0.648208166378909,0.9622865285309271
00847-bCPU9suPUw9,1_2_64,545,wood,1_2,3.198430743096283,2.8368968668551293,2.1310868458290533,0.45338039467101343,0.9119649214772584,0.9438584048148987,0.9948096372664753,0.5294656274534437,0.9364304711556991,0.5294656274534437
00847-bCPU9suPUw9,1_2_65,545,wood,1_2,4.385318388777105,2.859623991398197,1.7906076819640098,0.651856857914186,0.9245916959168253,0.924695983012857,0.992397247445238,0.7682768168368179,0.7682768168368179,0.9992960708205484
00847-bCPU9suPUw9,1_2_66,82,cardboard,1_2,4.639958098838308,2.8748280082430497,3.543398771025827,0.8342146285616212,0.9936115514073108,0.9653324474266193,0.9984019077982507,0.8711217614456453,0.8838407155629079,0.8711217614456453
00847-bCPU9suPUw9,1_2_67,273,knife,1_2,3.698406757696146,3.031224437988217,2.568530587936962,0.43461422557742935,0.9697050783369277,0.9365615710026757,0.737039973898197,0.6492872738476975,0.6492872738476975,0.7513809650965929
00847-bCPU9suPUw9,1_2_7,427,smoke detector,1_2,4.166835251558768,5.208123841955536,1.6271269236034223,0.682841742813198,0.9773377151328473,0.9437427944289503,0.968209432762009,0.764631958054785,0.764631958054785,
00847-bCPU9suPUw9,1_2_8,106,closet door,1_2,3.6381383746728595,4.3171870384197275,1.0981045584941724,0.18834759958363037,0.984765640563435,0.9208162950938182,0.997804332918172,0.20816553202590155,0.6842327085918011,0.20816553202590155
00847-bCPU9suPUw9,1_2_9,180,fan,1_2,3.6730705941734616,5.131701430115965,3.553944311476711,0.05089445456256154,0.9736185669898987,0.960450306738837,0.6531061287945593,0.08333414006349436,0.5401405654111604,0.08333414006349436
00847-bCPU9suPUw9,1_3_0,195,foam,1_3,6.408785668072351,4.321483730351301,-2.248939576610186,0.3378975740025792,0.9857407004950506,0.9440928208298764,0.9981780690199219,0.36374720605428446,0.5309037223573264,0.36374720605428446
00847-bCPU9suPUw9,1_3_1,53,box,1_3,6.384670895412923,3.4197490691316483,0.6707403192595428,0.49062409501074267,0.8949493092256459,0.8961975195715473,0.9997855372063966,0.6118427922858852,0.6118427922858852,0.8622374465670645
00847-bCPU9suPUw9,1_3_10,82,cardboard,1_3,6.798553200550806,4.078112624162701,1.0288166060425599,0.6652091844220245,0.980784114627611,0.9247686230004408,0.9988232485828015,0.7342823435551756,0.7342823435551756,0.8696024295987121
00847-bCPU9suPUw9,1_3_100,82,cardboard,1_3,5.719467571964733,4.632738578127394,1.0342570843441625,0.7199170548387667,0.9875530431975824,0.9344141513625341,0.9988260481813384,0.7810750471911285,0.7810750471911285,0.8257545908025776
00847-bCPU9suPUw9,1_3_101,142,desk,1_3,6.464980472684825,3.583066784602224,0.614694909973362,0.4675339012878456,0.9893706900232927,0.9196818511375601,0.9977036786950922,0.515009069641448,0.515009069641448,
00847-bCPU9suPUw9,1_3_102,106,closet door,1_3,4.574877247071318,4.999444591351114,-0.9928104769157543,0.761389753455161,0.8029578561524311,0.9668748836865805,0.999788918235816,0.9809247191787546,0.9809247191787546,0.99764812452508
00847-bCPU9suPUw9,1_3_103,82,cardboard,1_3,5.650168938485052,3.9661462183127347,1.0262921046347897,0.5677904169425868,0.89385544832106,0.940450602157658,0.9984198502229783,0.6765058724988036,0.8593540724074277,0.6765058724988036
00847-bCPU9suPUw9,1_3_104,82,cardboard,1_3,4.937095209913294,2.8604409674450517,0.8036694124756836,0.0007847404844294255,0.9919486992395922,0.9233215630625766,0.9972239583029212,0.0008591938584428565,0.5766026962272424,0.0008591938584428565
00847-bCPU9suPUw9,1_3_105,545,wood,1_3,4.6615707973217,2.861549547327891,0.0626287278133658,0.681555625488924,0.9663822732028122,0.9006451281395067,0.998546312389827,0.7842064962002702,0.7842064962002702,0.9951262529752736
00847-bCPU9suPUw9,1_3_106,82,cardboard,1_3,4.855090602965417,3.936082386424873,0.28801115802284066,0.50555824815537,0.98013254831578,0.928679536489091,0.9944470978497847,0.5585201270440495,0.8539592928725834,0.5585201270440495
00847-bCPU9suPUw9,1_3_107,82,cardboard,1_3,5.519993670293693,4.128373716925538,1.039096523831468,0.4832709135436307,0.9636813770417566,0.9906230035004397,0.9971096926692782,0.5076984578407161,0.7043278920788727,0.5076984578407161
00847-bCPU9suPUw9,1_3_108,82,cardboard,1_3,5.633660551125682,4.192012436724284,1.2655735975167481,0.24673937275952648,0.9010856559996803,0.8976556751916137,0.9958355636066666,0.30631972761023835,0.8193477867346091,0.30631972761023835
00847-bCPU9suPUw9,1_3_109,82,cardboard,1_3,5.584629153708084,3.4263661261534746,1.2461158693914827,0.4030938866120039,0.9780020661846505,0.934191934456944,0.9970418818883651,0.4425037181177424,0.6500085583406363,0.4425037181177424
00847-bCPU9suPUw9,1_3_11,545,wood,1_3,6.87509025691128,2.858507152537852,-0.62821463412261,0.7513245255773737,0.9851594162937333,0.923099110276431,0.8686864735095184,0.9510638219065896,0.9510638219065896,0.9998978542228478
00847-bCPU9suPUw9,1_3_110,106,closet door,1_3,7.0440352466270655,3.7645975460187597,1.1451157465467101,0.592123851918762,0.957172891321954,0.9383514366052469,0.9987020586487335,0.6601166653918963,0.6601166653918963,0.7530024723674611
00847-bCPU9suPUw9,1_3_111,82,cardboard,1_3,5.301744647650831,2.8618540979462823,1.1706163142997963,0.0001287286276062088,0.9713663647016808,0.939263493706335,0.9767940327849587,0.00014444470864005465,0.5565231792624632,0.00014444470864005465
00847-bCPU9suPUw9,1_3_112,82,cardboard,1_3,5.177098346326855,2.861478466513829,1.068983921911687,0.00020046627834516178,0.9386129820163754,0.9254507602606266,0.9890628876374984,0.0002333337432875205,0.598924371925339,0.0002333337432875205
00847-bCPU9suPUw9,1_3_113,82,cardboard,1_3,6.573149305761972,3.359005255783968,1.1450648070219114,0.6793505003647018,0.9606447028167664,0.91747396081948,0.9982265829994237,0.7721616513845684,0.7721616513845684,0.8821265744663721
00847-bCPU9suPUw9,1_3_114,82,cardboard,1_3,7.3282170913083355,3.9979048825875303,1.144421578068977,0.7453545055565447,0.9808603829807704,0.939932235793449,0.9982602761750727,0.8098700778222571,0.8193915531685045,0.8098700778222571
00847-bCPU9suPUw9,1_3_115,82,cardboard,1_3,7.567305269724649,4.5674220209176974,1.1437910119638182,0.4914699744088079,0.9901829139629952,0.9474582988156972,0.9971910269660754,0.525343177124387,0.775059124910975,0.525343177124387
00847-bCPU9suPUw9,1_3_116,82,cardboard,1_3,6.521835572749373,4.745925153454776,1.1499293343275905,0.1792968522827791,0.9872561759418913,0.9353156984715106,0.9964471521887188,0.19486341620355033,0.8242212841132301,0.19486341620355033
00847-bCPU9suPUw9,1_3_117,82,cardboard,1_3,6.0338741634887425,4.422300601802251,1.288251282846477,0.19081933052098632,0.9880012103489467,0.9401219176783554,0.9973921323137628,0.20597512511678687,0.7115402480708003,0.20597512511678687
00847-bCPU9suPUw9,1_3_118,163,dustpan,1_3,8.321099860775087,5.21919963717554,1.0924643431015744,0.7417378854744567,0.9772231656268646,0.9348700215442077,0.9768012553827002,0.8311880020338491,0.8311880020338491,
00847-bCPU9suPUw9,1_3_119,545,wood,1_3,4.703236192024762,2.8583674938087134,-0.18192451843821755,0.6994559318996006,0.9958317954745542,0.9469179247814365,0.9986891776876613,0.7427312342537946,0.7427312342537946,0.9879740197305407
00847-bCPU9suPUw9,1_3_12,195,foam,1_3,6.559571935760846,5.249047615626395,-1.3724472687707532,0.5192108776598328,0.9845862863883285,0.8985328078227324,0.9969739675379775,0.5886704594172849,0.8018024176727208,0.5886704594172849
00847-bCPU9suPUw9,1_3_13,480,tissue,1_3,6.926945761219935,3.543140340153457,0.2803738851737591,0.009358331853592779,0.9668956158685638,0.9170636341626756,0.9646060709313784,0.010941311625748497,0.9663370024618457,0.010941311625748497
00847-bCPU9suPUw9,1_3_14,106,closet door,1_3,4.596335026563295,4.137035116766879,-1.5069170411210564,0.9120549698957213,0.9816655036475923,0.9326483751789776,0.9999781691247499,0.9962057119219089,0.9962057119219089,0.9995877801317331
00847-bCPU9suPUw9,1_3_15,97,chair,1_3,5.0415088023201236,3.47283383370303,-0.5554339660841596,0.6755752245595151,0.8449524367204703,0.9087559006545167,0.9925362732441313,0.8864368877388586,0.8864368877388586,0.9999997072485263
00847-bCPU9suPUw9,1_3_16,180,fan,1_3,6.407304032655022,5.158466147119492,-0.5907615071644847,0.8287973305002114,0.9753004466848714,0.9341636160574878,0.9938790733331042,0.9152788475066024,0.9152788475066024,0.9920017387478666
00847-bCPU9suPUw9,1_3_17,545,wood,1_3,6.267515283583163,2.8565840964569733,-0.25351729459478944,0.46878916353707195,0.9344198937388595,0.9473983846869057,0.5664508587955497,0.934847150451832,0.934847150451832,0.9997500946902622
00847-bCPU9suPUw9,1_3_18,545,wood,1_3,6.3360754061311635,2.8576695376138823,0.2345601787288832,0.7054986321934089,0.91212837610744,0.9067353598419629,0.9674809618859364,0.8816926683139603,0.8816926683139603,0.999620846457907
00847-bCPU9suPUw9,1_3_19,545,wood,1_3,5.54055384136875,2.8580103856620753,-0.1914355096831662,0.8244326117775458,0.9702948286797962,0.9248735795260965,0.9646273305883084,0.9523783408954053,0.9523783408954053,0.9999716875032317
00847-bCPU9suPUw9,1_3_2,404,sheets / clothes,1_3,7.0437665156366185,3.511793258780084,-1.2623415380977474,0.6576842463513148,0.9884169845263968,0.9220774445876379,0.9990790724758318,0.7222873006159516,0.7222873006159516,0.971660979597351
00847-bCPU9suPUw9,1_3_20,545,wood,1_3,6.9920124125778,2.8558214695114073,-0.1849144879556422,0.6907861121011634,0.9776840595715633,0.9167966755197834,0.7975914689045673,0.9662545087792712,0.9662545087792712,0.9992348070868051
00847-bCPU9suPUw9,1_3_21,545,wood,1_3,6.741788858986214,2.859797067688433,0.4196183998026768,0.7968458231829508,0.9826318626464469,0.9153579365929828,0.963241645379534,0.9197234417682773,0.9197234417682773,0.999838117786405
00847-bCPU9suPUw9,1_3_22,545,wood,1_3,5.565500669296281,2.8596898936939263,-0.5450643282318589,0.8438825302659279,0.9778107602710331,0.9238094252708721,0.9691389155654706,0.9639594438734439,0.9639594438734439,0.9999872090493529
00847-bCPU9suPUw9,1_3_23,97,chair,1_3,4.982559428481808,3.312215392045967,-0.5588436462930554,0.823158449400377,0.9733719737155007,0.9344791043328616,0.9957925063966798,0.9087954719656348,0.9087954719656348,0.9999999132959532
00847-bCPU9suPUw9,1_3_24,545,wood,1_3,4.672467597522792,2.861715464458945,-0.5615215556553472,0.7402044119224314,0.9091693609284682,0.947317898634187,0.9956099224294822,0.863220844038913,0.8936566075791906,0.863220844038913
00847-bCPU9suPUw9,1_3_25,545,wood,1_3,6.438550700462437,2.8582708204550644,-0.9997296767762136,0.7278078926247576,0.9749120711187225,0.9333081666936036,0.836188066378526,0.9565821704913455,0.9565821704913455,0.9997469916592456
00847-bCPU9suPUw9,1_3_26,545,wood,1_3,4.832461815640452,2.862705176915549,-1.2843304118859304,0.7096126757548132,0.9573442736043216,0.9415032641159621,0.9929627311417509,0.7928635311375097,0.7928635311375097,0.999833798225616
00847-bCPU9suPUw9,1_3_27,106,closet door,1_3,4.569190321758359,3.556182352389319,-1.1643266440829545,0.9257552729081321,0.9898776222750446,0.9414983237750632,0.9999721190092097,0.9933613206658432,0.9933613206658432,0.9991714023981028
00847-bCPU9suPUw9,1_3_28,106,closet door,1_3,4.611461080377014,3.194755877115936,-1.8016680239743301,0.9312144719524982,0.991189700373682,0.9419151955511598,0.9999899676852901,0.9974370356426643,0.9974370356426643,0.9994910321686928
00847-bCPU9suPUw9,1_3_29,97,chair,1_3,5.040141219015024,3.4256630140909166,-0.8474931878848363,0.6821011128052569,0.963099699797448,0.8931299065471393,0.9925305491475604,0.7989488863916333,0.7989488863916333,0.9999208061551791
00847-bCPU9suPUw9,1_3_3,82,cardboard,1_3,7.702278777005871,4.299240598908226,-1.5912754365741246,0.5005590080145115,0.9828573235894188,0.9330736313543557,0.9982802067834529,0.5467596117803015,0.6621033064256143,0.5467596117803015
00847-bCPU9suPUw9,1_3_30,106,closet door,1_3,4.579905903354667,4.133562711191236,-1.3265543861288092,0.8340396845707747,0.9158683121747863,0.9146149035472269,0.9999839050766925,0.9956859942693296,0.9956859942693296,0.9995919445762615
00847-bCPU9suPUw9,1_3_31,44,blanket,1_3,5.995718702903169,3.1737536665554713,-1.2413693093721871,6.86333752232747e-07,0.7048545637220707,0.977718429616669,0.9822107633568239,1.0139518932231051e-06,0.7443677395010824,1.0139518932231051e-06
00847-bCPU9suPUw9,1_3_32,106,closet door,1_3,4.575836905125309,3.930726334136882,-1.0952082244065338,0.789702747252306,0.8712838481563008,0.9147798474574349,0.999934517079678,0.9908680771200813,0.9908680771200813,0.9991842592827914
00847-bCPU9suPUw9,1_3_33,82,cardboard,1_3,5.12409548638836,2.859115304935974,0.3246326504192978,0.00032036485054693774,0.9633832316827545,0.9270527843124374,0.99869359722453,0.00035917743900601125,0.5418046743992033,0.00035917743900601125
00847-bCPU9suPUw9,1_3_34,97,chair,1_3,4.89158561654307,3.5131330634806353,-0.6057069416550908,0.7564153671339298,0.9756157395504041,0.9407904630419404,0.997704253818282,0.8260128718098506,0.8260128718098506,0.999999364440294
00847-bCPU9suPUw9,1_3_35,82,cardboard,1_3,4.761177088659553,3.3492784720342326,0.2945763044797504,0.27417473432653217,0.9683449065740175,0.9198458616631835,0.9935367927506202,0.3098120784851389,0.7161228190720182,0.3098120784851389
00847-bCPU9suPUw9,1_3_36,33,bed,1_3,5.496416252554183,3.5944473582858176,-1.809331371805107,0.2802747053566857,0.9816951924047467,0.9290829198868937,0.9993081014948726,0.30750583149209576,0.5276287628211759,0.30750583149209576
00847-bCPU9suPUw9,1_3_37,82,cardboard,1_3,5.498898080370697,3.5417304840418655,1.0328548969947904,0.3246798582924983,0.9590956183930781,0.9389081061855016,0.9958648140205572,0.36205117734336667,0.6187946781134315,0.36205117734336667
00847-bCPU9suPUw9,1_3_38,545,wood,1_3,5.155561238687638,2.861430759399484,1.1647548760550261,0.5512462552105339,0.9834303305391097,0.9348028631145124,0.9874032623945135,0.6072778796039091,0.6072778796039091,0.9997476149590625
00847-bCPU9suPUw9,1_3_39,195,foam,1_3,5.121137707362836,5.253528615848428,-0.04983455588655005,0.5387124998762202,0.9162211407912234,0.9104526470365315,0.9966880378100228,0.6479479728103826,0.6758077732229022,0.6479479728103826
00847-bCPU9suPUw9,1_3_4,82,cardboard,1_3,5.713582812046602,4.410104697464517,0.8133190981228571,0.07848604888379641,0.9850588760745584,0.9383394647664787,0.9958823729247366,0.08526332212846394,0.6619282831245954,0.08526332212846394
00847-bCPU9suPUw9,1_3_40,82,cardboard,1_3,4.595954336493038,4.852322789505819,-0.4632981678338618,0.3630499606917897,0.9229440424393438,0.906954867628111,0.9978750070966076,0.434639509481875,0.6029036327206343,0.434639509481875
00847-bCPU9suPUw9,1_3_41,195,foam,1_3,5.716878176849597,5.245143574476445,-1.3985170188154676,0.5447575776583861,0.9918202163159423,0.9480700154926648,0.9931182458996779,0.5833496631118439,0.6037851432848559,0.5833496631118439
00847-bCPU9suPUw9,1_3_42,106,closet door,1_3,4.5913872717014375,5.233524187577709,-1.0555716074020256,0.8555682759743705,0.965741909905874,0.9287428914709188,0.9992764542771879,0.9545802330901387,0.9627457044997337,0.9545802330901387
00847-bCPU9suPUw9,1_3_43,195,foam,1_3,5.0914529869924054,5.119483738386124,-1.6067553156989811,0.44579243118231504,0.954463013800149,0.911012483111459,0.9972344327733201,0.5141051961333151,0.7224678661138241,0.5141051961333151
00847-bCPU9suPUw9,1_3_44,195,foam,1_3,5.60119046694111,5.0192254053205065,-2.0258814210263245,0.4373190533516863,0.9286823445733787,0.9734894179875023,0.9975566889432098,0.4849113953759787,0.6345264973238018,0.4849113953759787
00847-bCPU9suPUw9,1_3_45,195,foam,1_3,6.71190438706115,5.046014576495099,-1.054033529960042,0.5243455262930741,0.9196816898054547,0.9458988733526902,0.9575598253826343,0.6294618326265702,0.6959871820777758,0.6294618326265702
00847-bCPU9suPUw9,1_3_46,221,glass,1_3,8.422022552046213,4.140028178810308,0.33659891137416453,0.2903899282684507,0.8918061997545393,0.9345916908848406,0.9959178747028116,0.3498369029004278,0.8478385483613208,0.3498369029004278
00847-bCPU9suPUw9,1_3_47,542,window shade,1_3,8.381238821516552,4.915077651519649,0.5987885403515837,0.7522973892651383,0.9715170307372704,0.9357875272724723,0.9883340613763433,0.8372557160477986,0.8494798695820237,0.8372557160477986
00847-bCPU9suPUw9,1_3_48,221,glass,1_3,8.452524430327106,4.561897790072398,0.44203520455324713,0.1681726121884623,0.9628444634958877,0.9406638652172816,0.9947723024405641,0.18665558389472756,0.7883793559843746,0.18665558389472756
00847-bCPU9suPUw9,1_3_49,53,box,1_3,6.841124475459239,4.517486386440577,0.7731082966074074,0.0032006553804356337,0.9683928929761182,0.9201044686745878,0.9928466458756158,0.003617995389370375,0.5367489502903738,0.003617995389370375
00847-bCPU9suPUw9,1_3_5,316,overhang,1_3,5.57527403264281,4.739010876377904,0.8751581714236071,0.38981246348485754,0.977647195315719,0.9123162380383718,0.9957890351552836,0.43889518601227745,0.5201295854551873,0.43889518601227745
00847-bCPU9suPUw9,1_3_50,346,plenum box,1_3,7.701273650551599,4.76438669370465,0.8734355251516079,0.850023935543558,0.9769989683208973,0.9303001226888292,0.999265719867573,0.9359076186957188,0.9359076186957188,0.9502135527789741
00847-bCPU9suPUw9,1_3_51,195,foam,1_3,6.92414694612861,5.239364976601917,-0.6889990891416446,0.7514987484237692,0.9796005978498893,0.9389313345319998,0.9977444196994039,0.8188909656564672,0.9749395448207328,0.8188909656564672
00847-bCPU9suPUw9,1_3_52,180,fan,1_3,8.394991698493259,5.072145639857041,1.0038356682310698,0.0042078629738171724,0.9488265742756002,0.9184029233176375,0.987238135479841,0.004891246707884959,0.591317362720955,0.004891246707884959
00847-bCPU9suPUw9,1_3_53,195,foam,1_3,7.517985301185997,5.246487798353413,-0.12493101196817351,0.5404802092480068,0.9806109772991041,0.9320454289110708,0.9966677059261653,0.5933290032367308,0.8626540359432384,0.5933290032367308
00847-bCPU9suPUw9,1_3_54,346,plenum box,1_3,7.666839312099329,4.379845850471704,0.8255247104610368,0.7900743375805909,0.9876773480064244,0.9342252663957986,0.9985066760022849,0.8575318918619034,0.8575318918619034,0.9777560116953101
00847-bCPU9suPUw9,1_3_55,82,cardboard,1_3,7.242449982263974,5.06924144459092,1.02903739719766,0.41719087247300685,0.8778479667617384,0.9073427556194804,0.9983118937944454,0.5246598964154178,0.5246598964154178,0.5837546831516729
00847-bCPU9suPUw9,1_3_56,346,plenum box,1_3,6.198151760561483,4.3925653619998215,0.861428365259783,0.6460437254463248,0.9532508678762585,0.944184231243057,0.9996613024716128,0.718034116767865,0.8307918677180515,0.718034116767865
00847-bCPU9suPUw9,1_3_57,53,box,1_3,7.874709119102005,3.231232622002204,0.6251142989861583,0.5604880921627119,0.9451796220556087,0.9346289387145241,0.9977655825491838,0.6358933709208741,0.6358933709208741,0.9700330815146755
00847-bCPU9suPUw9,1_3_58,82,cardboard,1_3,5.996248011844203,3.352427157485628,0.7665019738799804,0.004081395903299392,0.9663236330623035,0.897586976477177,0.9995313147143733,0.004707747655200299,0.5980169443232966,0.004707747655200299
00847-bCPU9suPUw9,1_3_59,545,wood,1_3,7.362907916441305,2.860424095438005,-1.1139574532598067,0.7441489137759089,0.9306052431951163,0.9753827813364828,0.8857311572825813,0.925587221862589,0.925587221862589,0.9996665089176751
00847-bCPU9suPUw9,1_3_6,82,cardboard,1_3,5.7359664894279,3.9296259504983615,1.2218038400738733,0.2672217510580382,0.9797191159336853,0.9507974032211017,0.9972257487314002,0.2876661447464971,0.5593149569019148,0.2876661447464971
00847-bCPU9suPUw9,1_3_60,87,cat,1_3,6.596454869201161,3.0533051871036383,0.8229587350643481,0.263680918926942,0.9977494882419705,0.9668225038530371,0.9976465047186374,0.273989395361626,0.9245994253569058,0.273989395361626
00847-bCPU9suPUw9,1_3_61,405,shelf,1_3,8.394208638535574,4.457373437039919,1.0514195246145253,0.07281807402731287,0.9758969322766786,0.9465551749150145,0.988051185178914,0.07978290723307646,0.6788566605796458,0.07978290723307646
00847-bCPU9suPUw9,1_3_62,33,bed,1_3,7.096157828673731,3.4718299011517146,-1.2632254011664443,0.08413822632734103,0.9710893167480736,0.9388428061605337,0.9984719336286829,0.09242839928318285,0.5068459982354376,0.09242839928318285
00847-bCPU9suPUw9,1_3_63,44,blanket,1_3,7.287681567875371,3.1905867594846558,-0.23587895636932096,2.0389556731279496e-08,0.9752126448429548,0.9471338038176392,0.9961274815467568,2.216063504774706e-08,0.5463478781475163,2.216063504774706e-08
00847-bCPU9suPUw9,1_3_64,97,chair,1_3,5.2284539595276724,3.3010474498296496,-0.17285219476259372,0.8386578602195336,0.9761914731259796,0.958321398354016,0.9882616292272491,0.9071240738814434,0.9071240738814434,0.9999984800693447
00847-bCPU9suPUw9,1_3_65,273,knife,1_3,7.34337975898954,3.086699801114995,0.5138350222084574,0.0014537468081845877,0.792051606045829,0.9658725693990523,0.9834566186168903,0.0019322363833453088,0.5083962006358704,0.0019322363833453088
00847-bCPU9suPUw9,1_3_66,195,foam,1_3,6.115221856829319,5.252035245792731,0.52319408184929,0.592376104045948,0.9884598788907046,0.9403121507456473,0.9969771744526765,0.6392654329824946,0.8259087176211669,0.6392654329824946
00847-bCPU9suPUw9,1_3_67,195,foam,1_3,5.852503963011877,4.793823412081332,0.8530080814551291,0.0007280396951866615,0.9943890314752992,0.9463563796981906,0.9961498177258913,0.0007766392941285736,0.6564035507227088,0.0007766392941285736
00847-bCPU9suPUw9,1_3_68,82,cardboard,1_3,6.553008398224933,4.723828801166122,1.0296533655365416,0.678145705117739,0.9418187938377238,0.9723062621760707,0.9983849188231683,0.7417448986744997,0.7417448986744997,0.7984710847069015
00847-bCPU9suPUw9,1_3_69,82,cardboard,1_3,5.489378421867885,4.011531585246388,1.0244523588618486,0.2171894389616046,0.9841114519927119,0.9579213271761859,0.9950206036496833,0.23154345086072517,0.5884941929944634,0.23154345086072517
00847-bCPU9suPUw9,1_3_7,180,fan,1_3,6.534473719864531,5.024283525915635,-0.47863026663387276,0.8231847103372355,0.9735389926848204,0.9331508543331137,0.9949562271969653,0.9107267900488307,0.9107267900488307,0.9897907463549782
00847-bCPU9suPUw9,1_3_70,82,cardboard,1_3,4.8402919339516774,3.4458725086981405,0.29131884180491635,0.365659450267595,0.9699544095228273,0.895157892821279,0.9945844345675667,0.423432488455216,0.7526960461812332,0.423432488455216
00847-bCPU9suPUw9,1_3_71,82,cardboard,1_3,8.30555034433402,5.10872991932368,0.37209443159493394,0.32105817383035185,0.9615984085227075,0.9570971539974849,0.9966570158285837,0.35001627787283984,0.5319090898365566,0.35001627787283984
00847-bCPU9suPUw9,1_3_72,82,cardboard,1_3,5.744674450298972,4.145626023762828,1.022986074714373,0.2925275030456163,0.9841260009409399,0.920416770886517,0.9964739217335177,0.3240899301162494,0.6690613234186827,0.3240899301162494
00847-bCPU9suPUw9,1_3_73,244,handle,1_3,8.388413580284192,3.8585704670070737,1.1182233889458337,0.6333028213011365,0.9879758889703955,0.9597954235120392,0.9954899102700737,0.6708872515975732,0.6708872515975732,0.791535033010584
00847-bCPU9suPUw9,1_3_74,244,handle,1_3,8.394599912155876,3.889724262318147,1.045262100415072,0.7213111477142818,0.9836616745701543,0.9554656975714891,0.9910197190723364,0.7744252371668681,0.8008800966445551,0.7744252371668681
00847-bCPU9suPUw9,1_3_75,195,foam,1_3,6.478925353471765,4.990646073069935,-0.1382038687664267,0.3893585057686303,0.973121780193494,0.927292401825311,0.9711320901172392,0.44431141107178884,0.552093241612121,0.44431141107178884
00847-bCPU9suPUw9,1_3_76,545,wood,1_3,7.911273919381675,2.862443203893397,0.15337772681373127,0.49205159122326536,0.7696304757443687,0.8971175218181937,0.9759868450026447,0.7301886550176558,0.7301886550176558,0.9978873367269615
00847-bCPU9suPUw9,1_3_77,545,wood,1_3,8.131182660261297,2.8632861312377744,0.3090827242930035,0.701387279422624,0.9794943192546816,0.9341591436773383,0.9972308105825031,0.7686690704901538,0.7686690704901538,0.9567389745828965
00847-bCPU9suPUw9,1_3_78,480,tissue,1_3,7.167698146261875,3.417771474220448,0.5170027620455037,0.0076087264671267,0.9829793515181887,0.9425311215647085,0.994973106447308,0.00825392531909935,0.9529097857057319,0.00825392531909935
00847-bCPU9suPUw9,1_3_79,244,handle,1_3,8.398363226418898,3.160006380219478,0.7850381412056608,0.004804501629677952,0.9704462575434387,0.9156190988292346,0.9951985133688345,0.0054331574880139896,0.8453181366723447,0.0054331574880139896
00847-bCPU9suPUw9,1_3_8,82,cardboard,1_3,5.460394932408066,3.2531314719757316,0.7351180196589283,0.18450752313705543,0.9930494685856849,0.9090837584372878,0.9971583947092444,0.204962847949738,0.9048813171467682,0.204962847949738
00847-bCPU9suPUw9,1_3_80,195,foam,1_3,7.943496004289422,4.713666523861596,0.7595238983341618,0.009646919446829976,0.9890335468801627,0.928046241658231,0.9921703565657356,0.01059306813964514,0.5112951361041719,0.01059306813964514
00847-bCPU9suPUw9,1_3_81,545,wood,1_3,8.278976303847553,2.8853274305191254,0.15214102057301843,0.5734447863574814,0.9943887016989967,0.9353788720289221,0.9855725476638082,0.6255460316051092,0.6255460316051092,0.9190259541330669
00847-bCPU9suPUw9,1_3_82,82,cardboard,1_3,8.085940291959776,3.705054021367137,-2.240406005770261,0.24779588190855711,0.9744395799207058,0.9427952966546189,0.9986267453901311,0.27009625852852437,0.5681641495959745,0.27009625852852437
00847-bCPU9suPUw9,1_3_83,545,wood,1_3,8.011083412850148,2.86260542121882,0.2520388068179034,0.6227493328569537,0.9898387293958018,0.9278882708100866,0.9782522887765506,0.6931101693514422,0.6931101693514422,0.9964484477485162
00847-bCPU9suPUw9,1_3_84,404,sheets / clothes,1_3,7.9177797826116025,3.129465530900749,-0.2309333684698797,0.5477245800874696,0.9695407726739588,0.9275198755313946,0.9975294226111653,0.6105865235551081,0.6105865235551081,0.8612557992010254
00847-bCPU9suPUw9,1_3_85,404,sheets / clothes,1_3,7.305975978139525,3.391517348042677,-0.2338514682320441,0.5101659401411058,0.8728253359249395,0.9122359458471869,0.99782413095038,0.6421299590857763,0.6421299590857763,0.969870187712462
00847-bCPU9suPUw9,1_3_86,82,cardboard,1_3,8.29436935498822,3.0789336411208095,-0.15139290707633096,0.4983883143680954,0.9815286092157023,0.950690766294207,0.9963190588847087,0.5360769996316496,0.7850750757570565,0.5360769996316496
00847-bCPU9suPUw9,1_3_87,82,cardboard,1_3,8.311781584308054,4.488538773700415,-1.4617662186213833,0.6391421405224151,0.9809969073661251,0.9326022708130576,0.9983795117465648,0.6997415874319133,0.8964955771793508,0.6997415874319133
00847-bCPU9suPUw9,1_3_88,195,foam,1_3,6.349788164724859,4.78540088271264,-2.2517965153086545,0.43137029857628834,0.9501790938236785,0.9119802181500164,0.9971872945033347,0.4992092384330289,0.5870262846611254,0.4992092384330289
00847-bCPU9suPUw9,1_3_89,106,closet door,1_3,4.573042488592545,4.642387298323856,-1.0707860471282393,0.8969838849830012,0.950180549844591,0.9528964135024046,0.9998925564003645,0.9907851228321267,0.9907851228321267,0.9994235302428904
00847-bCPU9suPUw9,1_3_9,195,foam,1_3,6.103702602222022,5.245630497243076,-0.48347027189485076,0.5783674092086734,0.9782467114889699,0.9398440731728513,0.9951183926936076,0.6321568607080711,0.6640521230985217,0.6321568607080711
00847-bCPU9suPUw9,1_3_90,106,closet door,1_3,4.575683722458319,4.275230924276666,-1.06222608967082,0.8376485552249037,0.9201407254332775,0.9184185453783933,0.9999167141048965,0.9912954621943162,0.9912954621943162,0.999285789306278
00847-bCPU9suPUw9,1_3_91,106,closet door,1_3,4.573772240252522,4.935041759512151,-1.156952639653889,0.8991108683145181,0.955329305871817,0.9469709045628173,0.9999217825213619,0.9939338513969255,0.9939338513969255,0.9991993425864293
00847-bCPU9suPUw9,1_3_92,545,wood,1_3,5.789716731913451,2.858681170900474,-0.5606057683519408,0.8296402060328506,0.9515635374390546,0.9527760615906566,0.9445107701473567,0.9688448767088843,0.9688448767088843,0.9999719468659557
00847-bCPU9suPUw9,1_3_93,545,wood,1_3,5.358981196879084,2.859588580334575,-0.5365512827482544,0.7756256622611075,0.9383297469116384,0.9755326415917969,0.9856307846367552,0.8596875156853891,0.8596875156853891,0.9999715250082992
00847-bCPU9suPUw9,1_3_94,82,cardboard,1_3,4.668304800633083,3.565025075074645,-2.2438613892265495,0.6149890433943223,0.9704006134061861,0.9338444480059268,0.9975328286847475,0.6803220980166469,0.6803220980166469,0.7203520241013611
00847-bCPU9suPUw9,1_3_95,106,closet door,1_3,4.612600552595927,4.64002666105714,-1.7964630242875794,0.8458762251341542,0.8935499455479832,0.9562838041318908,0.9999006746393116,0.9900208110067138,0.9900208110067138,0.9988238012997592
00847-bCPU9suPUw9,1_3_96,106,closet door,1_3,4.610911166311844,4.281634097844459,-1.8033547888927917,0.9386065200323687,0.993941042452986,0.9487923156803908,0.9999558510045705,0.9953388551566692,0.9953388551566692,0.9992614655945116
00847-bCPU9suPUw9,1_3_97,106,closet door,1_3,4.610679613401109,3.9201636373873723,-1.7947145450898885,0.8830919004456218,0.9265170580506649,0.9582176403369448,0.9998970956029556,0.9947936705509353,0.9947936705509353,0.9984662336371084
00847-bCPU9suPUw9,1_3_98,106,closet door,1_3,4.610267326172018,3.5637187119409455,-1.7791691520899253,0.9546134218615883,0.9740759254879311,0.9825462411148429,0.9999609592945756,0.9974673374975821,0.9974673374975821,0.999146713342101
00847-bCPU9suPUw9,1_3_99,545,wood,1_3,5.669971466287458,2.8598538357291496,-1.0278622891892955,0.8289488497630438,0.9719343560214778,0.9468270615667339,0.9408076117041793,0.9574570797023854,0.9574570797023854,0.9999872064543336
00847-bCPU9suPUw9,1_4_0,44,blanket,1_4,0.778158011334129,3.6624477320451407,-1.6177835842721602,1.8740714255726894e-05,0.9808902454374238,0.9495983453823089,0.9996007192510747,2.012793466669984e-05,0.6161649623476467,2.012793466669984e-05
00847-bCPU9suPUw9,1_4_1,44,blanket,1_4,1.1364422179581704,3.456696052209947,-0.7787708314138254,9.496217777973794e-07,0.9866488856903332,0.9275424919321282,0.9990789434770374,1.0386145821837785e-06,0.5992568634022462,1.0386145821837785e-06
00847-bCPU9suPUw9,1_4_10,545,wood,1_4,2.9859457952107804,2.8594865807645435,-1.1504717244794973,0.8701672509404658,0.9718765716253577,0.9441987731847896,0.9773629682573455,0.9702246622099371,0.9702246622099371,0.9997713542234872
00847-bCPU9suPUw9,1_4_100,478,tile,1_4,-0.1066953657138988,2.8742774887911806,2.8490458097546987,0.8943934051993734,0.9730926183353418,0.9358173908663537,0.9999190576250162,0.9822418923656729,0.9822418923656729,0.9945040723944429
00847-bCPU9suPUw9,1_4_101,478,tile,1_4,-0.40473257387837624,2.875007276586641,3.161907155105829,0.8983079420848601,0.9662158207346996,0.9611858169735883,0.9997896404035662,0.9674646577157802,0.9674646577157802,0.9945986806297334
00847-bCPU9suPUw9,1_4_102,478,tile,1_4,-0.08929288638207313,2.8756506758457374,3.460201755021255,0.8322994607586323,0.9315787854071037,0.9417142852199727,0.9997699620712388,0.9489444291901271,0.9489444291901271,0.9925704616084013
00847-bCPU9suPUw9,1_4_103,478,tile,1_4,-0.40351918903121214,2.875552144078487,3.457821560264032,0.8613120131121832,0.9777013909816743,0.9410013865333268,0.9996472531303685,0.936520376830266,0.936520376830266,0.9925450096147282
00847-bCPU9suPUw9,1_4_104,478,tile,1_4,0.15135577815801332,2.875436612082505,3.146272322765092,0.8339509605052918,0.9509865449499294,0.9522650373152164,0.9998247973277467,0.921052525477124,0.921052525477124,0.9927862055499485
00847-bCPU9suPUw9,1_4_105,420,sink,1_4,0.33702077581376577,3.521506887898207,2.8348478562752075,0.7349173061302605,0.9737459879319267,0.9557192226205193,0.9998512335899598,0.7898181056835882,0.7898181056835882,0.9873781019581058
00847-bCPU9suPUw9,1_4_106,478,tile,1_4,-0.49210229203135114,3.6104219987393025,2.674726015579495,0.8058132132647882,0.9750800619321507,0.9585256917489886,0.9997486751459437,0.8623816620318581,0.9852847133607664,0.8623816620318581
00847-bCPU9suPUw9,1_4_107,478,tile,1_4,-0.38690556202136905,2.8759117657874684,3.7410776099597323,0.811932062002618,0.9745628679630081,0.9560266956496732,0.9993810161902923,0.8719844016271869,0.8719844016271869,0.9846888013061293
00847-bCPU9suPUw9,1_4_108,478,tile,1_4,0.20700329788772032,2.876055684250886,3.4617233680709223,0.828737945133042,0.9854506804148316,0.9577814792696121,0.9996743232520242,0.8783292753732124,0.8783292753732124,0.9606281812692343
00847-bCPU9suPUw9,1_4_109,412,shower,1_4,-1.1406281357085197,3.7692302377718487,3.229397635871679,0.48687216909663045,0.977024920498912,0.9500549180110609,0.9999863208899112,0.5245254185501335,0.5245254185501335,0.9162049352734098
00847-bCPU9suPUw9,1_4_11,310,nightstand,1_4,2.4183173604388206,3.600153055478783,-1.992029495810063,0.6119422611445272,0.9178437115007304,0.8970862989684294,0.997249468018068,0.7452528971598754,0.7452528971598754,0.9997160159977264
00847-bCPU9suPUw9,1_4_110,478,tile,1_4,-0.9812974680036686,3.44151371507546,2.7224340579559243,0.1688808750143903,0.9293949016979417,0.9606243117930912,0.9999519677448797,0.18916791262889712,0.7601579302486231,0.18916791262889712
00847-bCPU9suPUw9,1_4_111,478,tile,1_4,-1.3008808686874105,3.7932539062348396,3.3607902234647424,0.07039021089802533,0.9822587996796754,0.9375676850905548,0.9999856663394557,0.0764345887244673,0.645851814039358,0.0764345887244673
00847-bCPU9suPUw9,1_4_112,478,tile,1_4,-0.11671813853769293,3.506565647488905,4.1911636536056625,0.06991583268566964,0.9689721027161292,0.952014106649431,0.9999550392648117,0.07579497319824598,0.8569028097161309,0.07579497319824598
00847-bCPU9suPUw9,1_4_113,478,tile,1_4,-0.3202914583732617,2.8773986695060327,4.032550071215076,0.8711276898538948,0.9545817204230495,0.9563847150311442,0.9997681951889597,0.9544139126552704,0.9544139126552704,0.9819808112842653
00847-bCPU9suPUw9,1_4_114,478,tile,1_4,-1.3086773253402968,5.064490081898304,3.5975503069325385,0.24663728370003798,0.9778248344858488,0.9417965924161178,0.9999744736573419,0.26782532272692117,0.792382250084664,0.26782532272692117
00847-bCPU9suPUw9,1_4_115,478,tile,1_4,-1.3108225495580195,4.735797166200048,3.3634743894468975,0.4473422062171731,0.9687422357108251,0.9469057442646817,0.9999647641055337,0.4876858921378031,0.9206521470510443,0.4876858921378031
00847-bCPU9suPUw9,1_4_116,478,tile,1_4,-1.3090713543031358,4.403780448898063,3.5987381002278966,0.250390367955691,0.977015562953592,0.9610281369748049,0.9999780288319841,0.26667946526542124,0.879224205805602,0.26667946526542124
00847-bCPU9suPUw9,1_4_117,478,tile,1_4,-1.3098306512999132,4.403014208641463,3.350822269019179,0.3046526930754363,0.9582196400855452,0.9476417692446434,0.9999820547892422,0.33550851915430696,0.9259532146352005,0.33550851915430696
00847-bCPU9suPUw9,1_4_118,480,tissue,1_4,-0.462435048608764,4.150320312145934,3.872987574449732,0.5941287884913936,0.9955124423486047,0.9429822534170348,0.7674064133086616,0.8247170256525496,0.8247170256525496,0.9999603337419085
00847-bCPU9suPUw9,1_4_119,412,shower,1_4,-1.1681008555174268,5.05210441696128,4.19475022031991,0.7254835985127814,0.9849575973008536,0.9378759506284526,0.9999715901479393,0.7853748736583539,0.7853748736583539,0.9761601431972959
00847-bCPU9suPUw9,1_4_12,310,nightstand,1_4,2.4086477193914844,3.4448523338952546,-1.7799492110048014,0.860387101858671,0.9718369925080791,0.9230825352413153,0.9999315709427274,0.9591568884913202,0.9591568884913202,0.9999944150497032
00847-bCPU9suPUw9,1_4_120,412,shower,1_4,-0.20575336845958075,4.457836141935315,4.190768191868937,0.6163006070911131,0.9249413531415696,0.9651024720116894,0.9999813126954541,0.6904195599248184,0.6904195599248184,0.9579358415540999
00847-bCPU9suPUw9,1_4_121,412,shower,1_4,-1.3009307137662516,3.7918856797059086,4.094179682225227,0.47400349177975937,0.9662151363782056,0.9627115467810023,0.9999819520685049,0.5095881984807585,0.5095881984807585,0.9432347468135607
00847-bCPU9suPUw9,1_4_122,478,tile,1_4,-1.2185999833463423,4.631834220448261,3.831285869712477,0.08467018293822398,0.9804743213931976,0.9525242054306889,0.9999849266185901,0.09066189653656699,0.626084655977769,0.09066189653656699
00847-bCPU9suPUw9,1_4_123,478,tile,1_4,-1.3076160195179987,5.065327081250522,3.3529577559357397,0.32402181375743033,0.9804721583916512,0.9525601296663403,0.9999555625669618,0.3469491936175838,0.8428376148359602,0.3469491936175838
00847-bCPU9suPUw9,1_4_124,478,tile,1_4,-1.3121768809732952,4.742677601672506,3.580021946109338,0.2957528252359589,0.9791763213334725,0.9318533204229609,0.9999787288219796,0.32413780011317267,0.8748770145463189,0.32413780011317267
00847-bCPU9suPUw9,1_4_125,478,tile,1_4,-1.3069595934530898,4.093876081608115,3.3561741620236027,0.11292728686867906,0.9819095296701914,0.9642945248926196,0.9999830057649202,0.11926831915710602,0.8229702952405014,0.11926831915710602
00847-bCPU9suPUw9,1_4_126,244,handle,1_4,-1.3074275365688945,5.001573087610963,3.0086045061985884,0.004101762159779532,0.9827955028400963,0.9232371952679889,0.947146773874221,0.004772838468766166,0.6079899326585317,0.004772838468766166
00847-bCPU9suPUw9,1_4_127,478,tile,1_4,-1.3061678379375143,4.0837360775269715,3.5951793540805252,0.07256526833999591,0.9920406107162988,0.9581556339019381,0.9999840534500749,0.07634317585742059,0.6916735958535122,0.07634317585742059
00847-bCPU9suPUw9,1_4_128,250,heater,1_4,-0.1583778279370732,5.217174606238921,3.9534889798113704,0.00024273974378536536,0.958572108334252,0.9467406144540962,0.999380188669392,0.0002676420555799065,0.6903343738249951,0.0002676420555799065
00847-bCPU9suPUw9,1_4_129,478,tile,1_4,0.32437497824080425,5.068809201424104,4.192487644054197,0.2014834123451166,0.9080098933678549,0.966887877541093,0.9999589797370122,0.22950408339541542,0.9439135860246365,0.22950408339541542
00847-bCPU9suPUw9,1_4_13,545,wood,1_4,0.7747232947876505,2.856402728390981,0.07292894825472114,0.7709882150600816,0.9834745932350039,0.9459226902930817,0.9715897973995586,0.852994057956866,0.852994057956866,0.9997481385016279
00847-bCPU9suPUw9,1_4_130,478,tile,1_4,0.3087014087268605,4.743585581582802,4.190092379584132,0.07809981796399863,0.9906482995756198,0.959943201491616,0.9999674453022591,0.08212948972888336,0.854121103855118,0.08212948972888336
00847-bCPU9suPUw9,1_4_131,478,tile,1_4,0.06688271987262721,4.726359320602403,4.190130892241677,0.12186804007221604,0.8975811442247301,0.9460177599920758,0.9999693831640123,0.14352584529056256,0.8633114745787019,0.14352584529056256
00847-bCPU9suPUw9,1_4_132,478,tile,1_4,0.06786736130593465,4.537388242531753,4.189704201733495,0.060558488169388816,0.9718647961030925,0.8769174313475768,0.9999727041809267,0.07105952909500003,0.7688932712351765,0.07105952909500003
00847-bCPU9suPUw9,1_4_133,412,shower,1_4,-0.936290915673693,5.053236652879449,4.192199595387881,0.7947097125706936,0.9201732915759641,0.9518991056506009,0.999974148476775,0.9073173293867263,0.9073173293867263,0.9836987405370168
00847-bCPU9suPUw9,1_4_134,478,tile,1_4,-1.3076050831555315,4.72824343058176,4.0955534339207444,0.06887098303415552,0.9418571431667377,0.9298924790446266,0.9999850254091647,0.07863665190468434,0.6154257751205626,0.07863665190468434
00847-bCPU9suPUw9,1_4_135,412,shower,1_4,-1.1668462033919287,4.724812384680166,4.19720344401745,0.8690729569199032,0.9871542357460807,0.9304543317341882,0.9999895743187635,0.9461950866094685,0.9461950866094685,0.9911350658108273
00847-bCPU9suPUw9,1_4_136,478,tile,1_4,-1.3106650342492383,4.7262965936304395,3.8537969643063,0.22677153427317223,0.9885599688473173,0.930825504088718,0.9999851595404075,0.2464470871218906,0.8354594338868042,0.2464470871218906
00847-bCPU9suPUw9,1_4_137,478,tile,1_4,-0.42491848287824513,4.728089912372272,4.192877462663772,0.052354552054316814,0.9815060301059828,0.9347825130732114,0.9999596920161195,0.057064813521716884,0.6044543704649379,0.057064813521716884
00847-bCPU9suPUw9,1_4_138,478,tile,1_4,0.6361375293460706,4.876019004903266,3.6198192923948485,0.17148111907077868,0.9801112083219147,0.9154451129297867,0.9999883376724064,0.19112333176483268,0.8856574136299471,0.19112333176483268
00847-bCPU9suPUw9,1_4_139,231,grate,1_4,0.6348373316217516,4.906634207833127,3.404710254207076,0.5627416806860158,0.9825025153836103,0.9540224814403071,0.9998815964420659,0.6004380813259815,0.6004380813259815,
00847-bCPU9suPUw9,1_4_14,545,wood,1_4,1.1269921357291348,2.857707519211029,-0.29896825585303966,0.808010661510336,0.9837968511330215,0.933746327086093,0.9819140588306237,0.8957963289465214,0.8957963289465214,0.9998959022961993
00847-bCPU9suPUw9,1_4_140,82,cardboard,1_4,0.6461163613521207,5.179434260884318,3.0314911067993244,0.4391541513365576,0.9899869464447485,0.9645635371060743,0.9947457102660234,0.4623220517564093,0.7614114611657045,0.4623220517564093
00847-bCPU9suPUw9,1_4_141,82,cardboard,1_4,0.11510078251072536,5.256811660037058,3.5568225658765216,0.21525287154284675,0.9850071471970099,0.961349824603839,0.9973717426138989,0.22791403027420898,0.7863186776841086,0.22791403027420898
00847-bCPU9suPUw9,1_4_142,478,tile,1_4,0.6381677970935735,4.909563893928426,3.089064180574945,0.6224591871659169,0.9865564541526575,0.9638634777099511,0.9996697975218999,0.6548123223983396,0.9852393492965474,0.6548123223983396
00847-bCPU9suPUw9,1_4_143,478,tile,1_4,0.564247876383696,4.734579593084941,4.190300350628185,0.05686275119722407,0.9806085531398352,0.9316552149174308,0.9999769776675789,0.0622424917975295,0.9093147762562084,0.0622424917975295
00847-bCPU9suPUw9,1_4_144,478,tile,1_4,0.15679235409492948,4.9151937693645005,2.447061858159259,0.18408042537186048,0.9503059085466353,0.9577547464913034,0.997759883154376,0.2027047046177166,0.7442004818806677,0.2027047046177166
00847-bCPU9suPUw9,1_4_145,330,pendant,1_4,0.6452719965559891,4.765947862622391,2.808373376903322,0.47610224176052146,0.9104007378457085,0.9396733623387052,0.9388654336659464,0.5927715611610049,0.5927715611610049,
00847-bCPU9suPUw9,1_4_146,392,screen frame,1_4,0.6447041465202851,4.315452106918407,2.840476464457622,0.5353331959862386,0.9905888945453584,0.9655791021876752,0.9995212200382172,0.5599520557637464,0.5599520557637464,
00847-bCPU9suPUw9,1_4_147,412,shower,1_4,0.6449008791544939,4.3598706678150085,2.83244842898941,0.0001162767220966481,0.9719609419504801,0.9487145779318946,0.9995510289508289,0.000126154696313812,0.5012404647672569,0.000126154696313812
00847-bCPU9suPUw9,1_4_148,244,handle,1_4,0.6506445893714033,4.7802349844126235,2.587677683189651,0.031227948695095285,0.99217376965109,0.9704388242885794,0.9806729473606345,0.033072220724203606,0.5558136788801527,0.033072220724203606
00847-bCPU9suPUw9,1_4_149,82,cardboard,1_4,0.35183840975940583,5.25303573556506,3.2438719297202185,0.1987334036097645,0.9964787058678328,0.9311300401649523,0.9970565240139609,0.21481901968316816,0.7839396473015567,0.21481901968316816
00847-bCPU9suPUw9,1_4_15,545,wood,1_4,2.8033484036384544,2.861521339303878,-0.2585921041567526,0.8348486831983304,0.9873470020813437,0.936778164632696,0.9766972051922771,0.9241474094547523,0.9241474094547523,0.9995994167676007
00847-bCPU9suPUw9,1_4_150,478,tile,1_4,0.33206205012871837,4.773462753202497,2.4456891422834155,0.6812984091322977,0.9867172923882803,0.9349680369638078,0.9999920186080559,0.7385014248046889,0.9984500341186084,0.7385014248046889
00847-bCPU9suPUw9,1_4_151,478,tile,1_4,0.1840481171422757,4.467754864509423,2.4420840732351237,0.7081308803157585,0.9287651420632999,0.9023744496680883,0.9998535542202672,0.8450539606628504,0.9803996696724468,0.8450539606628504
00847-bCPU9suPUw9,1_4_152,478,tile,1_4,0.31588378117800037,4.176931374800827,2.4538424383596658,0.010245150997250284,0.9766800065835318,0.9163046223671678,0.999903161719087,0.011449018235720617,0.952152227173539,0.011449018235720617
00847-bCPU9suPUw9,1_4_153,478,tile,1_4,0.6355843195409989,4.386319581209556,3.2051732100531183,0.4304085415740653,0.9580526736047533,0.9322777101672285,0.999698696653605,0.48203332906535484,0.914336998193696,0.48203332906535484
00847-bCPU9suPUw9,1_4_154,420,sink,1_4,0.6444911066911686,3.9637762624992234,2.860726004375737,0.04540041906298777,0.9782132127155097,0.9130265697456338,0.998416114022682,0.05091331079650604,0.5813829006809433,0.05091331079650604
00847-bCPU9suPUw9,1_4_155,31,bathroom accessory,1_4,0.6414414108350323,4.22514702774349,2.9838367933877343,0.5337206026099282,0.9677963261750706,0.9163951762858948,0.999760931001942,0.6019370046518454,0.6019370046518454,
00847-bCPU9suPUw9,1_4_156,412,shower,1_4,0.6460067187049605,4.250369256391713,2.7944259704082484,0.0008895943362686978,0.9702866154909134,0.94748469789608,0.9992083527795266,0.0009684199065602364,0.5917562551698332,0.0009684199065602364
00847-bCPU9suPUw9,1_4_157,478,tile,1_4,0.1975756183490907,3.60754818566642,2.3924553294504958,0.440380777437436,0.9605294684569039,0.9373246615988525,0.9986856214329308,0.48977748818643113,0.7602793667648188,0.48977748818643113
00847-bCPU9suPUw9,1_4_158,484,toilet,1_4,0.24810773429619495,3.2016930407728013,4.0580731387538895,0.5088312279207041,0.9947657858176776,0.9713552596185588,0.9909064704379772,0.5314252149740822,0.5314252149740822,0.9978506678666135
00847-bCPU9suPUw9,1_4_159,478,tile,1_4,0.4834184563375879,4.047031436360772,2.449779155014893,0.7733582877119641,0.9619346639941655,0.952403322402295,0.9999869298621848,0.8441506194007343,0.9980727990951671,0.8441506194007343
00847-bCPU9suPUw9,1_4_16,100,chest,1_4,1.66215887555444,3.5951684820584457,0.6334356180285372,0.6270704856131997,0.9651396212679599,0.9230605072788367,0.9998810872360645,0.7039595279973205,0.7039595279973205,0.9988425370170106
00847-bCPU9suPUw9,1_4_160,478,tile,1_4,0.6489965321141128,4.215560894330813,2.674395557079816,0.0006297218998915985,0.872867384978703,0.9324674260687652,0.9994962754523619,0.000774079705112793,0.7593252577530425,0.000774079705112793
00847-bCPU9suPUw9,1_4_161,478,tile,1_4,0.1526242163236973,2.8745911455255504,2.8514037806198744,0.7242395920849567,0.9932100743291871,0.8939536288428609,0.9996368208004879,0.8159882600388354,0.8159882600388354,0.992347951888228
00847-bCPU9suPUw9,1_4_162,478,tile,1_4,0.5009579037810394,2.876025741840015,3.508182173389164,0.1910013301393994,0.9670040247134949,0.9218439086409185,0.9975535943031824,0.21479020968717155,0.8343313656460696,0.21479020968717155
00847-bCPU9suPUw9,1_4_163,478,tile,1_4,0.1845629932624527,2.874901421056773,2.6380939735768454,0.5071588257553808,0.990524211211476,0.9321501596981954,0.999294111875247,0.5496670268356043,0.5496670268356043,0.9673116734484736
00847-bCPU9suPUw9,1_4_164,478,tile,1_4,-0.12797830939262259,2.8778044190627887,3.711182996631788,0.8307153854596018,0.960842764377594,0.9252529982606328,0.9996905785931194,0.9347034155457602,0.9347034155457602,0.9837136619603752
00847-bCPU9suPUw9,1_4_165,480,tissue,1_4,0.6464655170019749,3.1119906218695816,3.5158285116739596,0.006341471450393302,0.9627723274959458,0.9238483968494362,0.9794395197424267,0.00727927471147182,0.8028578530866504,0.00727927471147182
00847-bCPU9suPUw9,1_4_166,316,overhang,1_4,0.2250744303607903,3.3293447261833102,2.4591052561315268,0.5413987740757968,0.9522568504049314,0.9176720529452124,0.996221629684545,0.6218987585761897,0.9022765194303077,0.6218987585761897
00847-bCPU9suPUw9,1_4_167,478,tile,1_4,-0.15572760997782079,2.8784523305107137,4.06715651343353,0.8306393537774746,0.9802094018342449,0.9283485427323706,0.9995209074214192,0.9132521355364926,0.9132521355364926,0.9709053162307453
00847-bCPU9suPUw9,1_4_168,420,sink,1_4,0.6441936849636474,3.8896729044222615,2.88011063492826,0.8084354049773927,0.9199747296679341,0.8985940551142233,0.9999911959953468,0.9779343687154337,0.9779343687154337,0.9998893266414569
00847-bCPU9suPUw9,1_4_169,420,sink,1_4,0.25501256557755186,3.4012448690274333,3.05935081919325,0.575400422620243,0.8000611878103681,0.9525535302398167,0.9998172316626434,0.7551565010665934,0.7551565010665934,0.9797468039134187
00847-bCPU9suPUw9,1_4_17,82,cardboard,1_4,-0.6974701009371108,3.059386388095849,1.0558286005665873,0.36177557132538,0.9867112216490664,0.8706470537714086,0.9978228086465357,0.42203999473989323,0.5271948774701247,0.42203999473989323
00847-bCPU9suPUw9,1_4_170,316,overhang,1_4,0.5093854944360495,3.2814124891583702,3.231707380739492,0.12132601447880383,0.9747919343192291,0.9443545853533444,0.9794791734523819,0.13455867589415538,0.8711246207997893,0.13455867589415538
00847-bCPU9suPUw9,1_4_171,480,tissue,1_4,-0.4473006125131839,3.2019180133861935,3.7676475178633533,0.665630684213273,0.9730271980166435,0.9486222968356561,0.8884426919779846,0.8116814230271883,0.8116814230271883,0.999961921646699
00847-bCPU9suPUw9,1_4_172,478,tile,1_4,0.6182107050424324,4.061137970995277,3.610841150565492,0.6345768796726384,0.9624816512158422,0.9443915074195606,0.9997192126282768,0.6983315677638996,0.9766911677528181,0.6983315677638996
00847-bCPU9suPUw9,1_4_173,484,toilet,1_4,0.6346518436887871,3.757965109731532,3.7561334271527698,0.07596099932518566,0.9327750045061111,0.9033332063017611,0.9998150488705848,0.09016668963744912,0.6055681215583135,0.09016668963744912
00847-bCPU9suPUw9,1_4_174,82,cardboard,1_4,0.5013343897685937,2.878871931665176,3.3362753025158223,0.01753989981113907,0.9390644570154355,0.9475099870193902,0.9990757888521754,0.019731017164302356,0.6605249382578839,0.019731017164302356
00847-bCPU9suPUw9,1_4_175,480,tissue,1_4,-0.4025471855311231,3.479661665687091,3.9708365578507565,0.6270093774289901,0.965672034407232,0.9498165637720067,0.823904579855853,0.8297126770094527,0.8297126770094527,0.999988553528744
00847-bCPU9suPUw9,1_4_176,487,toilet paper,1_4,0.08270358900234077,2.9725805739195943,4.168021136950537,0.6543482513841152,0.8834901933670045,0.9441790575549991,0.9979257414368748,0.7860580583361766,0.7860580583361766,
00847-bCPU9suPUw9,1_4_177,480,tissue,1_4,-0.4700587246838089,3.613977126344174,3.772399396833871,0.6418323969305506,0.9724226342104461,0.9303654187406801,0.7835860382404758,0.9053704735393228,0.9053704735393228,0.999986300482348
00847-bCPU9suPUw9,1_4_178,478,tile,1_4,-0.4777879217051695,3.143142593869823,2.5370856879380472,0.8417551939970217,0.9757953618916908,0.9389806079110938,0.9991801513822396,0.9194468598741657,0.9584192462441705,0.9194468598741657
00847-bCPU9suPUw9,1_4_179,244,handle,1_4,-1.2505614977628323,4.254683209055179,2.7861730152545676,0.5876360919349453,0.983043064057632,0.9366987123252566,0.9968329422673183,0.6401969689326014,0.9571186062675758,0.6401969689326014
00847-bCPU9suPUw9,1_4_18,405,shelf,1_4,-0.8324398148827319,3.6672531891619973,0.7613553910886246,0.7150253647099712,0.9425170142276138,0.9270390851064723,0.9990206355868602,0.8191430398040931,0.8191430398040931,0.9646273866459205
00847-bCPU9suPUw9,1_4_180,412,shower,1_4,-0.9725480844551476,3.950357430309287,2.7400740625716815,0.46888632084059134,0.9859948692689264,0.9314395818939233,0.9883381596860036,0.5165741319809432,0.5165741319809432,0.8458114670369421
00847-bCPU9suPUw9,1_4_181,480,tissue,1_4,-0.4723242461883728,4.169210319690856,3.767438380446109,0.5050577677241703,0.8909453368127198,0.9618599221201203,0.7461813130730163,0.7898303135012056,0.7898303135012056,0.9999742124407647
00847-bCPU9suPUw9,1_4_182,480,tissue,1_4,-0.524841362406402,4.367528684176286,4.171786619584326,0.6764260721407886,0.9873408383881807,0.9996928140844018,0.7157422504491369,0.9574806659073041,0.9574806659073041,0.999994851572663
00847-bCPU9suPUw9,1_4_183,480,tissue,1_4,-0.4602659052521825,3.3758465916749403,3.758226488749216,0.6534539207734382,0.9755943924334216,0.9282739865134891,0.8247574790542884,0.8748694068791651,0.8748694068791651,0.9999818827714784
00847-bCPU9suPUw9,1_4_184,478,tile,1_4,-0.5656808814292998,5.046896492702408,4.192280068789799,0.09723264841107856,0.9913144032160441,0.9303839450021123,0.9997479801846401,0.10545033312681629,0.5313767811065185,0.10545033312681629
00847-bCPU9suPUw9,1_4_185,478,tile,1_4,-0.4991923022076804,4.712179855580313,2.61475555701761,0.7207330577933119,0.9799331068992615,0.9171108832014576,0.9998785551883059,0.8020637909164589,0.9710409402534877,0.8020637909164589
00847-bCPU9suPUw9,1_4_186,82,cardboard,1_4,-0.7190209273738356,5.257106133935981,3.1716902392725244,0.31707730671521306,0.9775379101435343,0.9445154936535138,0.9959904793258318,0.34480001678753264,0.5055939640073843,0.34480001678753264
00847-bCPU9suPUw9,1_4_187,478,tile,1_4,-1.3098022865340737,4.411899328982484,3.0934918488572483,0.2828884769877735,0.9736483562215776,0.9458845179407163,0.9999801828616393,0.3071734051051615,0.829201303647542,0.3071734051051615
00847-bCPU9suPUw9,1_4_188,478,tile,1_4,-1.3058142178135654,4.125583150460195,3.851515558770803,0.04762064223532245,0.7338948773249747,0.954914306740949,0.9999860587999284,0.06795212561500613,0.6295736664264152,0.06795212561500613
00847-bCPU9suPUw9,1_4_189,478,tile,1_4,-1.307944934047275,4.396895180913149,3.855450895207317,0.14154359251183446,0.9685737071856375,0.9368132565623832,0.9999876576768016,0.15599471005642518,0.7502122378914868,0.15599471005642518
00847-bCPU9suPUw9,1_4_19,133,curtain,1_4,-1.6067181611495132,4.026115389258894,-0.5867143631165311,3.6740398861520205e-05,0.958072717035385,0.9497056115428407,0.9891351719019914,4.082260782349522e-05,0.6660698015800649,4.082260782349522e-05
00847-bCPU9suPUw9,1_4_190,412,shower,1_4,-1.2575115845599485,4.983145798216806,2.7361731858603915,6.9593484520464195e-06,0.9272815316560722,0.9174021625305397,0.8661020275115142,9.445569698905287e-06,0.6022908275900113,9.445569698905287e-06
00847-bCPU9suPUw9,1_4_191,478,tile,1_4,-1.3068356799446692,4.1210659230879925,3.0893710888966424,0.08062444938308715,0.9766602467686413,0.928804803553829,0.9999866457232904,0.08888011292496857,0.568345665585639,0.08888011292496857
00847-bCPU9suPUw9,1_4_192,478,tile,1_4,-0.798235962323835,4.6904891895111565,2.6945332422582364,0.1870109620703876,0.9644197215968665,0.9398858780938217,0.9999592144438091,0.2063210648825063,0.5092619518002556,0.2063210648825063
00847-bCPU9suPUw9,1_4_193,478,tile,1_4,-1.3087939353198859,4.690111703014314,3.334075891408186,0.23087781950992967,0.9773347890762115,0.9519588283902005,0.9999830999704103,0.2481578557140809,0.8109462175445342,0.2481578557140809
00847-bCPU9suPUw9,1_4_194,316,overhang,1_4,-0.6156259773495109,4.959795421475442,1.259246823148847,0.5068254023130306,0.9551589546884809,0.9276191616224103,0.9976947777956068,0.5733440528099997,0.7601871705308973,0.5733440528099997
00847-bCPU9suPUw9,1_4_195,351,pole,1_4,-0.44186938757687116,3.9627033736062227,1.1468581450345023,0.4465014928722604,0.9576862368852862,0.9265959194609358,0.9722931956401751,0.5175020081229676,0.5175020081229676,
00847-bCPU9suPUw9,1_4_196,82,cardboard,1_4,-0.8862485753859696,4.753016646053895,-2.2497196324151445,0.49625960050054074,0.9064860437037354,0.9045384171054645,0.997901068085927,0.6065034775220729,0.6065034775220729,0.9221453794599417
00847-bCPU9suPUw9,1_4_197,478,tile,1_4,-1.3056656651522933,5.136133271086438,2.7735302256283596,0.548779026188057,0.9696773226975481,0.9268795234788683,0.9997627948380906,0.6107310590079866,0.9609234788794847,0.6107310590079866
00847-bCPU9suPUw9,1_4_198,478,tile,1_4,-0.25162497361115493,4.490375290978789,2.41423533615482,0.22690754070147587,0.9785694180216108,0.9427327301642556,0.9991027871935086,0.24618326870844018,0.6215361749034773,0.24618326870844018
00847-bCPU9suPUw9,1_4_199,478,tile,1_4,-1.290534349280135,3.410782465309984,2.8314666792387717,0.14184291262568244,0.9103889493715196,0.9655121996531979,0.9999783398860114,0.1613735319511304,0.8736487054171581,0.1613735319511304
00847-bCPU9suPUw9,1_4_2,134,cushion,1_4,3.204106866284441,3.4120423471753245,-1.5381668443011056,0.7826135398606227,0.9430235822481489,0.9431910536963167,0.999696008307954,0.8801509725668705,0.8801509725668705,0.9956584855959013
00847-bCPU9suPUw9,1_4_20,203,footstool,1_4,-1.2526890576157557,3.1920018737345863,-0.4994907826291281,0.5861871750376862,0.9752845075762993,0.955558663304775,0.997827043332922,0.6303653932614167,0.6303653932614167,
00847-bCPU9suPUw9,1_4_200,478,tile,1_4,-0.4582774619374213,3.667596572158261,2.4215976234817234,0.7350636131273816,0.9814560912304209,0.9291517489773499,0.9986619601026042,0.8071400436975581,0.9144158613028951,0.8071400436975581
00847-bCPU9suPUw9,1_4_201,478,tile,1_4,-0.6654097573565126,3.6870127093745833,2.63132381349792,0.1995317258242238,0.9868084473567232,0.9229848161606197,0.9999634820867679,0.21907882533865775,0.6417681135687506,0.21907882533865775
00847-bCPU9suPUw9,1_4_202,106,closet door,1_4,-0.7386660601073083,3.620459428638236,1.1935180485038894,0.14341297503396205,0.9912272645876032,0.977473947756148,0.9988539615761005,0.14818628769372877,0.7987527558622812,0.14818628769372877
00847-bCPU9suPUw9,1_4_203,420,sink,1_4,0.4874135429330779,3.6982167569740168,2.701199344465658,0.857778362216327,0.9875553777734666,0.9522898138352547,0.9997800276074389,0.9123049533499904,0.9123049533499904,0.992925896842046
00847-bCPU9suPUw9,1_4_204,545,wood,1_4,-0.669342548039658,2.857225929770373,1.4070402793320531,0.8320493915669301,0.9715036880970002,0.9547308497723295,0.984331482528304,0.9113439652665101,0.9113439652665101,0.9998899176250251
00847-bCPU9suPUw9,1_4_205,545,wood,1_4,-0.22615607270589833,2.8543429553301,0.8263831845590688,0.7849136390415267,0.9074813044625959,0.9447853189434985,0.9818684576337015,0.9323902946573508,0.9323902946573508,0.9998761575926219
00847-bCPU9suPUw9,1_4_206,545,wood,1_4,-0.6178231873317148,2.8613545821141093,-1.1152387358524154,0.8629998020411482,0.9588538745199233,0.9514403034668149,0.970581601710337,0.9746409839065182,0.9746409839065182,0.9998131903748777
00847-bCPU9suPUw9,1_4_207,545,wood,1_4,0.2271679236617818,2.8504313954659453,0.8072317368888481,0.7249252214316472,0.8532317739630503,0.9728257602498749,0.98376913116017,0.8877648316469853,0.8877648316469853,0.9997183859768438
00847-bCPU9suPUw9,1_4_208,158,drawer,1_4,-0.8210749536925434,4.0246110189081845,1.4673643319061886,0.5212835492300475,0.8616917634530673,0.9471812601125267,0.9999926586231465,0.638693018877634,0.638693018877634,0.9709664371290884
00847-bCPU9suPUw9,1_4_209,100,chest,1_4,-1.2862031709720054,3.963351160032837,0.973931109434075,1.5523983173409077e-05,0.6905394554138183,0.9920797415254472,0.9728626751183557,2.3292523508926625e-05,0.5234678274991783,2.3292523508926625e-05
00847-bCPU9suPUw9,1_4_21,326,partial,1_4,-1.2571267150806011,2.9105166113791445,0.37964536042530456,0.2719219373692612,0.9700862050016348,0.9310976651455583,0.997722038038969,0.3017373794626238,0.6129642163947457,0.3017373794626238
00847-bCPU9suPUw9,1_4_210,82,cardboard,1_4,0.39478628987097536,3.7461714955267644,2.0433643416728544,0.5333262283815843,0.9787875112791158,0.962231218624592,0.998614480774679,0.5670576587859569,0.5670576587859569,0.630994475484954
00847-bCPU9suPUw9,1_4_211,44,blanket,1_4,1.2535088611361282,3.62175198472803,-1.6904331112278053,1.3454490081213527e-06,0.9321787601289072,0.9518077837373738,0.9991617070737536,1.5176897681182272e-06,0.5015333174527775,1.5176897681182272e-06
00847-bCPU9suPUw9,1_4_212,545,wood,1_4,0.5252788471994795,2.8502645627350947,1.6774535965466848,0.8301768527833112,0.9779340429501628,0.9296760617943147,0.9851822146408925,0.9268572342108351,0.9268572342108351,0.9995988530072539
00847-bCPU9suPUw9,1_4_213,424,sky,1_4,0.6280427294183736,5.257740561153865,1.6091674669372817,0.0012149717831837585,0.978424323458879,0.9379155492151564,0.9682307162921814,0.0013674024674187137,0.6116920239633293,0.0013674024674187137
00847-bCPU9suPUw9,1_4_214,82,cardboard,1_4,0.8584238975760138,4.902960693817585,1.5248415486627453,0.045957089274706986,0.9862766152336484,0.9522241491993921,0.9943916108485173,0.04921042722152228,0.7051277206784923,0.04921042722152228
00847-bCPU9suPUw9,1_4_215,82,cardboard,1_4,1.0270638499157165,5.217162457396683,1.461330938043053,0.09379329041314863,0.9855089580746975,0.9270049861097324,0.9851200081298764,0.10421734033817223,0.6293745244780191,0.10421734033817223
00847-bCPU9suPUw9,1_4_216,346,plenum box,1_4,0.7486869258433608,4.507813963405368,1.4824537318940643,0.5028022524143958,0.8902458958757254,0.8971331944905363,0.9738080075682711,0.6464827881451647,0.6464827881451647,0.7347833928917842
00847-bCPU9suPUw9,1_4_217,33,bed,1_4,0.6627389050588809,3.4390359394801213,-0.1633324565277784,0.46559819017312765,0.9204200777848942,0.9372274113761248,0.998893892637585,0.5403322133786735,0.5403322133786735,0.965216250943933
00847-bCPU9suPUw9,1_4_218,82,cardboard,1_4,0.6089683376157831,4.510045313504367,1.1740351977951642,0.544917113701833,0.9823494450812168,0.9178578135289976,0.9986462399443723,0.6051699613827901,0.6051699613827901,0.6922053779838988
00847-bCPU9suPUw9,1_4_219,244,handle,1_4,0.2520152906005785,4.799575494101947,1.0988687391887102,0.07644421420991951,0.8988717241725105,0.955419390905059,0.9942358139089276,0.08952894098607765,0.5809235569581386,0.08952894098607765
00847-bCPU9suPUw9,1_4_22,545,wood,1_4,0.8337427437167125,2.8553439506358895,0.46363953114597256,0.7024859419568545,0.9397354513928442,0.9456920735153096,0.9891118947861414,0.799165732064036,0.799165732064036,0.9994754259602682
00847-bCPU9suPUw9,1_4_220,82,cardboard,1_4,0.7699210376312278,4.463144719217057,1.176251818331164,0.33904905377440003,0.9703434760975853,0.956641036977619,0.9961843922095304,0.3666471440013277,0.7203429310728959,0.3666471440013277
00847-bCPU9suPUw9,1_4_221,82,cardboard,1_4,1.023199955453764,4.791164862923236,1.5272106347015741,0.1999996881613735,0.9678648609158284,0.947039935986299,0.9948604442187959,0.21932298038635692,0.8461476276766309,0.21932298038635692
00847-bCPU9suPUw9,1_4_222,106,closet door,1_4,1.0122417202501857,4.4574247341234114,1.50725681021374,0.27406872362855567,0.9337624301306077,0.9289057429084372,0.9984896306271966,0.3164520213956986,0.8512783203884078,0.3164520213956986
00847-bCPU9suPUw9,1_4_223,316,overhang,1_4,0.11878690502078816,4.9183428958119295,1.1574871044245645,0.5167675413002383,0.9710229490366247,0.9385522015516209,0.9977118445000077,0.5683320820951979,0.756967668593883,0.5683320820951979
00847-bCPU9suPUw9,1_4_224,346,plenum box,1_4,1.0921121237498803,4.628288329064081,1.7192936221889668,0.42485724388872215,0.9945146437888872,0.9454876334411562,0.9483441801514149,0.4764419669937227,0.7076669137213744,0.4764419669937227
00847-bCPU9suPUw9,1_4_225,106,closet door,1_4,0.8274465006204407,4.0171872897602645,1.1695087005920004,0.30011075051439123,0.9874196175767594,0.9286122297921172,0.9990698828631088,0.3276042561027208,0.6142232728564898,0.3276042561027208
00847-bCPU9suPUw9,1_4_226,326,partial,1_4,-0.24049083281300881,3.603856982348281,-2.1853421638975044,0.10526499231447058,0.9854209825671837,0.9452708249134103,0.9986220791813836,0.11316307491429538,0.6083069516562476,0.11316307491429538
00847-bCPU9suPUw9,1_4_227,82,cardboard,1_4,0.4814643325498993,3.4434664082148947,1.9658842591988328,0.46863270930377277,0.9786040689836876,0.9316746287206377,0.9987549790001491,0.5146385969071516,0.5146385969071516,0.7299358604151346
00847-bCPU9suPUw9,1_4_228,545,wood,1_4,-0.59099752430805,2.8580958252349573,1.6005590557210145,0.8069010342883072,0.9275521609029084,0.9629217725076809,0.9729112951102852,0.9285764787852194,0.9285764787852194,0.9985938332667396
00847-bCPU9suPUw9,1_4_229,82,cardboard,1_4,-0.6872244184147858,2.9096106876617616,1.1901353300270698,0.47346128252671826,0.988757543978237,0.9203822910021379,0.9982644039376412,0.52117169490033,0.52117169490033,0.8567082688999146
00847-bCPU9suPUw9,1_4_23,326,partial,1_4,-0.4182759259912645,3.93795424443927,1.084531386211882,0.00855265059153041,0.9757141508161377,0.9196815272469567,0.988656368651467,0.009640405338626132,0.6603906707146864,0.009640405338626132
00847-bCPU9suPUw9,1_4_230,158,drawer,1_4,-0.8211328568217704,3.0686560312658884,1.6415787173460086,0.5953206373236022,0.9836639050382252,0.9354525625486383,0.9999795056871522,0.646980712928332,0.646980712928332,0.972593446519692
00847-bCPU9suPUw9,1_4_231,158,drawer,1_4,-0.8595907110725861,3.996205361860504,2.2052741668539424,0.6860961127797974,0.9917475700378416,0.9621527223400789,0.9999906648141357,0.7190247751288709,0.7190247751288709,0.9872232216345939
00847-bCPU9suPUw9,1_4_232,158,drawer,1_4,-1.2904951098868178,4.139308303716769,1.8017282743447371,0.049718146626833,0.9602389376305243,0.9993395463396182,0.9991797939391973,0.051853598600728065,0.5692582558529427,0.051853598600728065
00847-bCPU9suPUw9,1_4_233,82,cardboard,1_4,-0.8772785162695909,4.040750527058369,2.323574732457928,0.6276091091510224,0.9609192127766408,0.962847394347587,0.9989055438854191,0.6790792785623082,0.6790792785623082,0.9748798970067907
00847-bCPU9suPUw9,1_4_234,106,closet door,1_4,-0.832868167557505,3.7604783224878884,1.1762059638595324,0.05104022141317669,0.9252925939526822,0.9661316218658078,0.9983173719031471,0.0571911116511943,0.540593461509151,0.0571911116511943
00847-bCPU9suPUw9,1_4_235,82,cardboard,1_4,-1.247958445436915,4.2959648617452,1.6304076538209937,0.44895113383338076,0.914164686406358,0.9831263398424832,0.9987730349980627,0.5001479480987799,0.5001479480987799,0.8803616760191411
00847-bCPU9suPUw9,1_4_236,94,ceiling ladder,1_4,-1.258223548755284,4.9175986883477245,1.7492620727155561,0.5971208166555271,0.9934343111104432,0.9322166932875966,0.9979494190935964,0.6460968904367721,0.6460968904367721,0.9999980731237865
00847-bCPU9suPUw9,1_4_237,379,rod,1_4,-1.2013750860663588,4.535657050861152,1.6372031135152336,0.3137807762869376,0.963559720480698,0.9475630106305433,0.9655640888196348,0.35592499848998965,0.5137772512662819,0.35592499848998965
00847-bCPU9suPUw9,1_4_238,316,overhang,1_4,-0.8338225387059757,5.255504067109729,1.6835498835142224,0.1766420341663633,0.980064644891655,0.91183308657237,0.9895278402192283,0.1997542233669543,0.6301361697288217,0.1997542233669543
00847-bCPU9suPUw9,1_4_239,82,cardboard,1_4,-0.8863019684660588,4.883726162852651,2.3236030022153575,0.47278073295236167,0.8676468448019495,0.9430627114227044,0.9978579003697331,0.57903858492465,0.57903858492465,0.9363254916293212
00847-bCPU9suPUw9,1_4_24,158,drawer,1_4,-0.819406861899986,3.63170070228369,1.6648470452049426,0.5377461489758454,0.9468127345898876,0.9414984255221386,0.9999878085261121,0.603252200834837,0.603252200834837,0.9793169472448411
00847-bCPU9suPUw9,1_4_240,94,ceiling ladder,1_4,-1.156620715092371,4.928700677858892,2.1443691941792418,0.7424792574674466,0.9562195722056306,0.9694927488841755,0.9967391732522055,0.8035272404701105,0.8035272404701105,0.9999964049512468
00847-bCPU9suPUw9,1_4_241,221,glass,1_4,-0.14257226619658342,5.168758162804127,1.699640357209355,9.959583063854975e-05,0.9584791129543668,0.952463328879928,0.9233552421498867,0.00011815209369811047,0.5468305372346287,0.00011815209369811047
00847-bCPU9suPUw9,1_4_242,94,ceiling ladder,1_4,-1.092736364701403,4.923874954397374,1.2440441985738921,0.705962382199148,0.9652873804310298,0.9298740256837983,0.997362158668688,0.7885839402278376,0.7885839402278376,0.9999910352205944
00847-bCPU9suPUw9,1_4_243,316,overhang,1_4,-0.2780872812375087,5.254827242736133,1.4230128581505472,0.1935625112062548,0.9901460707187653,0.9395753064671825,0.9896517402937077,0.21023643931162037,0.6270144908575888,0.21023643931162037
00847-bCPU9suPUw9,1_4_244,82,cardboard,1_4,0.33445351148198693,4.3935373960221344,1.1369105427979638,0.6907924757158481,0.9536692375938097,0.9645330944458699,0.9978792090560641,0.7525835426106976,0.8248454837583501,0.7525835426106976
00847-bCPU9suPUw9,1_4_245,106,closet door,1_4,-0.7210818302330697,4.468004595025106,1.1662937332187504,0.16160572649373428,0.9522457359430659,0.954957394568644,0.9986565795188798,0.17795391448547926,0.8505365125070441,0.17795391448547926
00847-bCPU9suPUw9,1_4_246,82,cardboard,1_4,3.267485672244028,3.36524949515307,-2.25118065573425,0.8512074880174764,0.9977464988258724,0.9457818767755772,0.9978593068427593,0.9039718840160285,0.9039718840160285,0.9721312125614032
00847-bCPU9suPUw9,1_4_247,545,wood,1_4,-1.087408035180901,2.8617783086833453,-0.47555655153829435,0.699430695643036,0.9543550187453875,0.9026774851004571,0.9948065786539094,0.8161377521822978,0.8161377521822978,0.999763587198321
00847-bCPU9suPUw9,1_4_248,106,closet door,1_4,3.7496080671983543,3.3866245301075737,-0.03031264516243605,0.8930495754702888,0.9863369243338881,0.9199179507634472,0.9999893394942218,0.9842508829578613,0.9842508829578613,0.9998384314100061
00847-bCPU9suPUw9,1_4_249,82,cardboard,1_4,2.7204173647715195,4.480948409219881,1.0257120182963573,0.5974964652170209,0.9722383826639918,0.9515118592206295,0.9994582262999011,0.6462249557595898,0.6462249557595898,0.7577686964694235
00847-bCPU9suPUw9,1_4_25,93,ceiling chassis,1_4,-1.2916301277945619,4.763089191747885,1.6809083384745986,0.06498774130858025,0.9460488606302545,0.969262976873839,0.9992665665592604,0.07092427331992535,0.6463274541051265,0.07092427331992535
00847-bCPU9suPUw9,1_4_250,310,nightstand,1_4,2.4144953927779036,3.2577820513417226,-1.872661707037732,0.8752978135346509,0.974188042845991,0.9225521158489642,0.9999565941799268,0.9739597083188912,0.9739597083188912,0.9999943139552574
00847-bCPU9suPUw9,1_4_251,100,chest,1_4,1.8764744239551039,3.883320412745238,0.6744828141233721,0.7414478611115685,0.9900581881007798,0.9386683056510481,0.9983924958496871,0.7991097593790005,0.7991097593790005,0.9992331685954124
00847-bCPU9suPUw9,1_4_252,82,cardboard,1_4,3.713800998702438,4.180890682899776,-0.8933110122100255,0.7224157257859731,0.9565108310186474,0.9545788972604345,0.9987870098683117,0.7921594082990159,0.7921594082990159,0.9438904729678337
00847-bCPU9suPUw9,1_4_253,82,cardboard,1_4,3.707564592355045,4.477638651587099,-2.0493205968254724,0.681005304259761,0.9857060114542643,0.9406770948068012,0.9984387141435568,0.7355989622966886,0.7355989622966886,0.9637549931748881
00847-bCPU9suPUw9,1_4_254,545,wood,1_4,3.2802539011362013,2.856789214850171,0.009295329635924965,0.8040337205419824,0.9739469718188047,0.9501746157662375,0.9873534551477553,0.879959891057108,0.879959891057108,0.9997036224814854
00847-bCPU9suPUw9,1_4_255,82,cardboard,1_4,3.4033028426248046,5.250643777004666,-0.2929175511992735,0.20719869935501709,0.8973489040444638,0.9315912229674941,0.993477177683685,0.24948383145804906,0.6617308403833592,0.24948383145804906
00847-bCPU9suPUw9,1_4_256,463,switch,1_4,2.623772417299108,4.1698074149497035,1.0264158754022867,0.3296999568460583,0.977309597035249,0.889928639832974,0.9990872021251436,0.3794269260582224,0.7995005773041186,0.3794269260582224
00847-bCPU9suPUw9,1_4_257,82,cardboard,1_4,3.7197093864436326,5.1008387570123235,0.767526038734972,0.7141494033466076,0.9075306000622066,0.9082663365382948,0.9981510088357088,0.8679972157906175,0.8679972157906175,0.9437711011633275
00847-bCPU9suPUw9,1_4_258,244,handle,1_4,3.2665495414924295,4.932694142610368,1.0580233193358937,0.17600750790992548,0.9753007313622619,0.9090836132148408,0.9970605957715153,0.1990981668586817,0.7426869298475764,0.1990981668586817
00847-bCPU9suPUw9,1_4_259,82,cardboard,1_4,2.052792994218933,5.251981399503111,-1.273642910737974,0.11542713618589093,0.953523749002704,0.9321052549407366,0.9942756748198041,0.13061848299559284,0.6418654769158133,0.13061848299559284
00847-bCPU9suPUw9,1_4_26,82,cardboard,1_4,-1.286610959314285,4.286075352825444,1.5908617301563446,0.20981701445900458,0.9129088840550846,0.9121991571841633,0.9954512901527928,0.2531066694541674,0.6920099494080042,0.2531066694541674
00847-bCPU9suPUw9,1_4_260,244,handle,1_4,3.6957344603360536,4.848770333054491,-0.20266406340377366,0.5147508882533205,0.9301781985494825,0.9460909436360463,0.9962809331368029,0.5871056289657854,0.5871056289657854,0.7783948456334987
00847-bCPU9suPUw9,1_4_261,82,cardboard,1_4,3.563584236952225,5.172166585341357,-1.9428063168990892,0.09720120752045845,0.9472227863306233,0.9312278372204055,0.9924184578433564,0.11103726100761344,0.5848927328461583,0.11103726100761344
00847-bCPU9suPUw9,1_4_262,106,closet door,1_4,3.7463056048918117,3.9788487521975715,-0.11003220568578315,0.88061755468996,0.9465896888205847,0.9509125063640158,0.9999896738615581,0.9783392889133111,0.9783392889133111,0.9998663659007007
00847-bCPU9suPUw9,1_4_263,106,closet door,1_4,3.7105364392537252,3.6534063085402497,-0.6007467505088311,0.8634921175621033,0.968087688088417,0.9623075471959744,0.9996522337451847,0.927215852012846,0.927215852012846,0.9378275523309701
00847-bCPU9suPUw9,1_4_264,87,cat,1_4,2.359569884402767,2.8626279984844967,-1.9148980099031347,0.13162806790560538,0.9661574854995266,0.9253780298969021,0.9927015607517443,0.14830735670769304,0.6512136873918093,0.14830735670769304
00847-bCPU9suPUw9,1_4_265,106,closet door,1_4,3.7328018297835217,2.8583746508722254,-0.33592357292398306,0.7642905709101833,0.9542442822456358,0.9296325945940089,0.9991038403297601,0.8623368886939622,0.8817373115820843,0.8623368886939622
00847-bCPU9suPUw9,1_4_266,134,cushion,1_4,2.946420550992374,3.331848770129713,-1.660843528785308,0.611525673811295,0.8480025889972846,0.9423128634357354,0.9998124615033601,0.7654271302385496,0.7654271302385496,0.9989711090323428
00847-bCPU9suPUw9,1_4_267,82,cardboard,1_4,3.7119157998992036,3.953389824280892,-1.375285208987464,0.6541541722940073,0.9344494258102616,0.8917838800415754,0.9987683107670019,0.7859590915927588,0.7859590915927588,0.9532378506716593
00847-bCPU9suPUw9,1_4_268,82,cardboard,1_4,3.7108100356870026,2.914544471326716,-1.207030721247659,0.6551219906616268,0.9193657111887781,0.9310886704011294,0.998764032982762,0.7662666760738053,0.7662666760738053,0.8902316279637117
00847-bCPU9suPUw9,1_4_269,82,cardboard,1_4,-0.760093943230303,3.906576236933401,1.0467532415746394,0.6453473669853005,0.9711579394913898,0.9387509876155934,0.9989822027238802,0.7085908163790392,0.7085908163790392,0.7293442635618319
00847-bCPU9suPUw9,1_4_27,302,mirror,1_4,-0.3286476481008077,4.531784243172475,-2.241359554025497,0.0063362435825872025,0.9229816795068473,0.9219710999440931,0.9991756135809988,0.0074521167445331955,0.6506701935321622,0.0074521167445331955
00847-bCPU9suPUw9,1_4_270,44,blanket,1_4,0.8062325455831579,3.5555862282137234,-1.4287636936366097,1.3183142366491536e-05,0.9683713143745322,0.9405194122897966,0.9993987625141967,1.4483397658481824e-05,0.6783723889704877,1.4483397658481824e-05
00847-bCPU9suPUw9,1_4_271,82,cardboard,1_4,1.012176993776355,4.080999685091897,-2.247456039671188,0.8082199936641611,0.9926499881851912,0.9290507785187639,0.998036061137432,0.8781076544084495,0.8781076544084495,0.969325428730426
00847-bCPU9suPUw9,1_4_272,510,tv,1_4,1.5136083406130045,4.318023892829031,1.033571077615764,0.4448918230410184,0.9883254631644203,0.9286655510503186,0.9996682441296659,0.4848855109529856,0.7682194513135396,0.4848855109529856
00847-bCPU9suPUw9,1_4_273,100,chest,1_4,2.2987750933264164,3.8827523678738745,0.7467179488833998,0.5760112029502611,0.9820920630489104,0.9449937855849078,0.9973038816853483,0.6223321923863036,0.6223321923863036,0.9953950690276451
00847-bCPU9suPUw9,1_4_274,82,cardboard,1_4,-1.2410761231154512,3.955353778125238,-1.636884597657544,0.7511974085654464,0.9785173996625054,0.9305716049418573,0.9988243454004194,0.825936411900594,0.825936411900594,0.9570656105608752
00847-bCPU9suPUw9,1_4_275,82,cardboard,1_4,2.8545558054430744,3.23656474737543,1.026374346776613,0.6334037258036034,0.9549781935246531,0.9317285998990424,0.99705378162003,0.7139686577286171,0.8575022945259533,0.7139686577286171
00847-bCPU9suPUw9,1_4_276,82,cardboard,1_4,2.1178141497553375,3.776506151147182,1.0306099819175218,0.39028866183430255,0.9873273467440302,0.933012003571045,0.9996615683156908,0.4238230197073375,0.5556057503444319,0.4238230197073375
00847-bCPU9suPUw9,1_4_277,545,wood,1_4,3.076167838515269,2.865335613624371,1.3149019676347387,0.6917063237313392,0.9784813901759224,0.9441825695229757,0.9948124580051965,0.7526134614144349,0.7526134614144349,0.9988702471440395
00847-bCPU9suPUw9,1_4_278,405,shelf,1_4,-0.8031156224839754,4.503904237575784,0.660066484591797,0.6017886459145159,0.978543883044493,0.9386913383932867,0.9973038564044621,0.6569213461745536,0.6569213461745536,0.9620909693143014
00847-bCPU9suPUw9,1_4_279,405,shelf,1_4,-0.8208146967704695,3.288492814154082,0.656723040276641,0.6736854628043144,0.9838432931580439,0.9343754411518848,0.9990681455987661,0.7335246611646374,0.7335246611646374,0.9581459260551731
00847-bCPU9suPUw9,1_4_28,100,chest,1_4,1.101607008470336,3.880589648864817,0.644941754493588,0.7205493382468217,0.9919395494379063,0.9161109870242855,0.9993539549418751,0.7934345176445694,0.7934345176445694,0.9991902107072158
00847-bCPU9suPUw9,1_4_280,82,cardboard,1_4,-1.2812083924801099,4.3700064651966555,0.5019423244400687,0.5340689299938352,0.9893767484677173,0.9239013641636826,0.9985283699648574,0.5851262698537003,0.5851262698537003,0.8862003295681902
00847-bCPU9suPUw9,1_4_281,82,cardboard,1_4,-1.2732158419564183,5.048229493978411,-0.2450566121271831,0.7303626342306353,0.9770242965704096,0.9316362729711395,0.9978336832319831,0.8041343851082697,0.8041343851082697,0.918510188616948
00847-bCPU9suPUw9,1_4_282,379,rod,1_4,-1.5488608058048186,4.886761063054068,-0.2840965001954637,0.09882941238585502,0.9820655992587496,0.885348459329415,0.9859951518664664,0.11528072506958646,0.6459002360049865,0.11528072506958646
00847-bCPU9suPUw9,1_4_283,316,overhang,1_4,-1.2618453524800406,5.067043473366201,1.5040079425380894,0.057835108074672445,0.9901690676923827,0.9288921866230879,0.9919227841205641,0.06339266658671727,0.694879656825305,0.06339266658671727
00847-bCPU9suPUw9,1_4_284,82,cardboard,1_4,0.16445274963752346,5.008233854992449,-2.2529790299089227,0.7521842962875509,0.9294653666043092,0.9935857562900996,0.9972798801520287,0.8167114343918858,0.8167114343918858,0.8698502048634064
00847-bCPU9suPUw9,1_4_285,82,cardboard,1_4,2.0937359052204285,5.245252445369872,0.5344303364037017,0.14108478850477757,0.9785901248326342,0.9422803806381126,0.9942617396477004,0.15388577862542271,0.7495204466276546,0.15388577862542271
00847-bCPU9suPUw9,1_4_286,82,cardboard,1_4,-1.2481475243944122,5.037398812389966,-2.0289129467141995,0.6965368664123793,0.936989882850334,0.9052665355446026,0.9985241380259805,0.8223830904977835,0.8223830904977835,0.938762711790636
00847-bCPU9suPUw9,1_4_287,302,mirror,1_4,-0.22596038471900579,4.815198232351025,-2.2513931375886767,0.006045167074766735,0.9848361726487582,0.9387196242107045,0.9989666096077189,0.006545720352818347,0.5854766863042655,0.006545720352818347
00847-bCPU9suPUw9,1_4_288,82,cardboard,1_4,3.1250738655469386,5.241250374539377,-0.341769597933318,0.4072202485473333,0.9824622280669935,0.9498156352031164,0.9950673500987752,0.43855262148089225,0.7178652147470808,0.43855262148089225
00847-bCPU9suPUw9,1_4_289,82,cardboard,1_4,3.1676228328612863,5.245911177341307,-0.5436130299302485,0.25096068374764696,0.9220412525974054,0.9213054760010799,0.9948817193992752,0.29694788300117536,0.6425263770960871,0.29694788300117536
00847-bCPU9suPUw9,1_4_29,82,cardboard,1_4,0.7216785510484427,4.455154396006805,1.0333968770339204,0.3386086623493674,0.9803998849450777,0.9263680054050545,0.9995580752217673,0.3729951916678236,0.5071858575794338,0.3729951916678236
00847-bCPU9suPUw9,1_4_290,82,cardboard,1_4,1.1923958568635245,4.97882388017403,-2.2393738471842974,0.7540269631136093,0.978580739342336,0.932722138196744,0.9977084223721571,0.8280075352393564,0.8280075352393564,0.874091296683964
00847-bCPU9suPUw9,1_4_291,82,cardboard,1_4,3.442594608407302,5.250587087090668,-0.42390846204694255,0.36748212844067585,0.9870070492249936,0.9400789437887196,0.994828512293417,0.39811030514882667,0.7727105349792978,0.39811030514882667
00847-bCPU9suPUw9,1_4_292,82,cardboard,1_4,3.7048622449857365,4.963999503285771,-1.1844472215601647,0.699114123128518,0.9796337232571327,0.9004767795250738,0.9984426287408781,0.7937590964748937,0.7937590964748937,0.9179625957175804
00847-bCPU9suPUw9,1_4_293,106,closet door,1_4,3.7500908095222996,4.63075744355739,-0.36655285856813313,0.7856439953594022,0.908692109097134,0.895643199497401,0.999978415124767,0.9653468424865036,0.9653468424865036,0.999637446302093
00847-bCPU9suPUw9,1_4_294,33,bed,1_4,2.1222033975661163,3.569275235680862,-2.0228029916945185,0.43463531683379103,0.9792151269161325,0.8875150612100938,0.9881140100239504,0.5061323655135735,0.5061323655135735,0.6320872201716987
00847-bCPU9suPUw9,1_4_295,106,closet door,1_4,3.7480215669171635,3.0616133533663272,-0.5411298038599591,0.8785204190328034,0.9452919618824599,0.9474823341319745,0.9999880045588502,0.9808892691226077,0.9808892691226077,0.999330445896412
00847-bCPU9suPUw9,1_4_296,545,wood,1_4,2.9411039928745666,2.8597060341228637,-0.636283698904593,0.8607179057946133,0.9772464271079345,0.9436085366725953,0.9816219273541373,0.9508688804623946,0.9508688804623946,0.9997069808768682
00847-bCPU9suPUw9,1_4_297,82,cardboard,1_4,-1.108246764365263,3.398085629260527,-2.2424893346823005,0.664359137284744,0.9736107394126139,0.9233832915563072,0.9984818564762643,0.7401084577885748,0.7401084577885748,0.932619863171863
00847-bCPU9suPUw9,1_4_298,82,cardboard,1_4,-1.2740187757525105,3.7533946686203135,0.33407668856009104,0.47700717978106705,0.9593966862941014,0.9143761112113276,0.9983752577128224,0.5446381025810056,0.5446381025810056,0.88563952595324
00847-bCPU9suPUw9,1_4_299,82,cardboard,1_4,-1.2450775580624065,4.391023628753193,-1.9170013432422872,0.7779728726791983,0.9837531782440395,0.9364732715426713,0.9988106524822443,0.8454730199999815,0.8454730199999815,0.9529384840235613
00847-bCPU9suPUw9,1_4_3,250,heater,1_4,-0.19010362160703234,3.5988465045278604,-2.0340543403856706,0.004260619418309896,0.9492777438796313,0.9139345391529852,0.9990872730834073,0.004915423330427799,0.5856544467137974,0.004915423330427799
00847-bCPU9suPUw9,1_4_30,545,wood,1_4,-1.1663671180739972,2.86454567968758,-1.860511237869929,0.7977776234889351,0.9738090749116246,0.9185652961361288,0.9961096248968779,0.8953459292222045,0.8953459292222045,0.9989608285630068
00847-bCPU9suPUw9,1_4_300,100,chest,1_4,1.7545700847324774,3.16623065297572,0.4962978967174873,0.490139831988258,0.9880643791087796,0.9436537982001625,0.9999490500269048,0.5257075211684323,0.5257075211684323,0.9989615429349116
00847-bCPU9suPUw9,1_4_301,100,chest,1_4,1.350064981536236,3.1698407595584674,0.49726589271236177,0.6175386572347151,0.986383483836026,0.931944412374581,0.9998023443620655,0.6719147854587916,0.6719147854587916,0.9983822350429348
00847-bCPU9suPUw9,1_4_302,545,wood,1_4,0.42029828174328576,2.8551194853837574,0.5033346288207454,0.7479534353433135,0.981127001176327,0.9371041559081887,0.9860244603907763,0.8250376747650248,0.8250376747650248,0.9998204034223847
00847-bCPU9suPUw9,1_4_303,82,cardboard,1_4,2.52780731781812,2.935845545692169,1.0299308503474085,0.5461475465239953,0.9838072965090925,0.9355289640322405,0.9978419455616202,0.5946767425510606,0.7818626244428805,0.5946767425510606
00847-bCPU9suPUw9,1_4_304,100,chest,1_4,2.1951364447346813,3.8846927138401606,0.8128311419458897,0.7055689586028024,0.983435435172839,0.8900172689727361,0.9989492576236878,0.8069595233232029,0.8069595233232029,0.9991250985104352
00847-bCPU9suPUw9,1_4_305,82,cardboard,1_4,3.5504590616081333,5.259595304971425,0.909186271778856,0.42156900235540934,0.9803690094225991,0.9173311822905326,0.9881609252321623,0.4743787896584079,0.6023561517236113,0.4743787896584079
00847-bCPU9suPUw9,1_4_306,82,cardboard,1_4,2.8500611135275884,4.2854696427408205,1.00937675947664,0.6322906017870327,0.9856673188130576,0.9351442042034432,0.9983633585982327,0.6870987358773266,0.6870987358773266,0.8546558704575908
00847-bCPU9suPUw9,1_4_307,326,partial,1_4,2.763253501953173,3.5424810351126537,1.2080290357378884,0.3251951570105721,0.961781138818356,0.9456304781790374,0.9898923766092,0.3612088415025277,0.6612414404488453,0.3612088415025277
00847-bCPU9suPUw9,1_4_308,545,wood,1_4,2.631646827567189,2.8663242056553138,0.8782582004810209,0.7022027347167354,0.9743413032530782,0.9088842688622316,0.9984763797236056,0.7941545367585454,0.7941545367585454,0.9894603168443331
00847-bCPU9suPUw9,1_4_309,545,wood,1_4,2.5432606600183436,2.866506169413855,0.8481535129141803,0.74608193611392,0.9806646576003423,0.9460712306707177,0.9987339594820134,0.805178830122427,0.805178830122427,0.9886173501572202
00847-bCPU9suPUw9,1_4_31,82,cardboard,1_4,-1.2274729479911328,2.9264348786999723,-1.7014498920698213,0.7915924223322043,0.9596372950584201,0.926101182657919,0.9987872507364821,0.8917909923895085,0.8917909923895085,0.9646976073799854
00847-bCPU9suPUw9,1_4_310,82,cardboard,1_4,2.792819037895402,5.087605163703487,1.2644774875953597,0.5328971087840493,0.9390962214381605,0.9357169046396638,0.9965389449730107,0.6085475519314281,0.6085475519314281,0.7571002883162099
00847-bCPU9suPUw9,1_4_311,420,sink,1_4,1.5318083235458364,3.590874422159843,2.167579661913467,0.9024908541905955,0.9767330797339872,0.9447077066307573,0.9999967536947735,0.9780720864200358,0.9780720864200358,0.9999471179736644
00847-bCPU9suPUw9,1_4_312,106,closet door,1_4,2.3529382309227036,3.9230489510826474,1.2975107005904383,0.8089216660791749,0.9861982864171549,0.9466092600627182,0.9998950372024806,0.8665967633879083,0.9362599903663985,0.8665967633879083
00847-bCPU9suPUw9,1_4_313,478,tile,1_4,1.1991252174165443,3.9340988393406575,1.863033113122557,0.639403411125039,0.9038217079205655,0.9455189104910573,0.999855698191409,0.7483153185971115,0.8963492796472552,0.7483153185971115
00847-bCPU9suPUw9,1_4_314,302,mirror,1_4,1.1852799294059448,4.9585039017569414,2.3619286956736953,0.7458007914770327,0.9438364553848063,0.933383635132982,0.9996409698229487,0.8468799728471623,0.8468799728471623,0.9999074728805512
00847-bCPU9suPUw9,1_4_315,545,wood,1_4,2.298582907520331,2.8659774754762672,0.33326573216565253,0.6770821494726186,0.9763907165926692,0.921524050171185,0.9910550181710255,0.7592997970045678,0.7592997970045678,0.999187836869251
00847-bCPU9suPUw9,1_4_316,44,blanket,1_4,1.6625018190099436,3.050626416271023,-0.12358344726446165,1.2266954131896144e-05,0.9737860463654603,0.9327981108955722,0.9707228627894282,1.3912022711018667e-05,0.5882359969720118,1.3912022711018667e-05
00847-bCPU9suPUw9,1_4_317,302,mirror,1_4,1.2145942037656257,4.3178676971687535,2.095823222277467,0.772174416734004,0.9831562986125401,0.9105582064008961,0.9997741305087191,0.8627465573611577,0.8627465573611577,0.9999559496296431
00847-bCPU9suPUw9,1_4_318,181,faucet,1_4,1.3096785503383253,3.7997250555053776,2.1268215411327183,0.9453446414015113,0.9828530356167874,0.9668282845089347,0.999965262797363,0.9948722624648477,0.9948722624648477,
00847-bCPU9suPUw9,1_4_319,478,tile,1_4,1.1908568701772106,4.167565000832541,2.965938057677448,0.4010299046831182,0.8687841501264345,0.9641715302885616,0.9999124828561364,0.478793864063863,0.9253441440104371,0.478793864063863
00847-bCPU9suPUw9,1_4_32,545,wood,1_4,-0.49648268424702835,2.85855403660648,-1.5212245043130765,0.886944270819374,0.9978483713619294,0.9342300428191482,0.9788716585390103,0.9719685133478853,0.9719685133478853,0.9998095237825146
00847-bCPU9suPUw9,1_4_320,478,tile,1_4,1.7636176792512226,3.81321136727231,1.1671746267075733,0.873291477022109,0.9878485194661402,0.9476000983412871,0.9996015057874641,0.9332905524488022,0.947418226887881,0.9332905524488022
00847-bCPU9suPUw9,1_4_321,478,tile,1_4,1.193570721874695,4.047378376304568,3.339677583727619,0.6760093304456939,0.9864573037941275,0.9419508684237672,0.9999316640322369,0.7275717459621021,0.9901488009383794,0.7275717459621021
00847-bCPU9suPUw9,1_4_322,478,tile,1_4,1.1923168486451239,4.04934300101137,3.092404996391558,0.4645950986475663,0.9188989286998849,0.9556359277121529,0.9999372258717105,0.5291047653052704,0.9742777051141541,0.5291047653052704
00847-bCPU9suPUw9,1_4_323,405,shelf,1_4,1.4426547231661955,3.6727859451302205,1.3161562619542062,0.4510651188876588,0.9455087115722043,0.9441626929984269,0.9965468705047039,0.5070247316516032,0.5070247316516032,0.6883509813604183
00847-bCPU9suPUw9,1_4_324,405,shelf,1_4,1.4369275214830517,4.579043953674332,1.3351101954996096,0.21069912277416533,0.9806784038810546,0.9470363337036359,0.9944494323626859,0.2281322954804502,0.5187176549959955,0.2281322954804502
00847-bCPU9suPUw9,1_4_325,478,tile,1_4,1.1940080189238829,3.7609462765631703,3.085630590030767,0.4261853962732124,0.9056119251325264,0.9122804590883542,0.9999420738503811,0.5158853756561793,0.8567312738220126,0.5158853756561793
00847-bCPU9suPUw9,1_4_326,87,cat,1_4,1.2813115711851055,4.789125286795228,2.1254045474912804,0.623766733513042,0.9800131452579719,0.9153728166888546,0.9781754129381959,0.7108460503398818,0.7108460503398818,0.9763866742586237
00847-bCPU9suPUw9,1_4_327,42,bin,1_4,1.5251683309642357,3.4010498185318623,1.3487591737723732,0.6427684873870972,0.985690957548284,0.909577245928382,0.9991908181450124,0.7175064049973888,0.7175064049973888,
00847-bCPU9suPUw9,1_4_328,87,cat,1_4,1.2107086535447034,3.916800990239343,1.3346011784261012,0.5391292104708546,0.9604532926292239,0.9485197742122746,0.9225041364003069,0.6415077416468772,0.6415077416468772,0.9882789360855814
00847-bCPU9suPUw9,1_4_329,478,tile,1_4,1.1952815579571787,3.738716660452798,3.349836952359899,0.5745296476537803,0.98702919949447,0.9516657600757752,0.999930648727588,0.6116854071481371,0.9191949995426382,0.6116854071481371
00847-bCPU9suPUw9,1_4_33,44,blanket,1_4,0.21540500252054462,3.3606109722355613,-1.4234697923692408,6.61802942117691e-05,0.9066912476615214,0.9070122366038519,0.9866715713602178,8.15611815502035e-05,0.7608352010072209,8.15611815502035e-05
00847-bCPU9suPUw9,1_4_330,82,cardboard,1_4,1.1778386532406022,4.104215782380842,1.3063771113808371,0.00887428513391021,0.9579184315997321,0.9238350986573411,0.9969221375573113,0.010058868967331118,0.8385016283635429,0.010058868967331118
00847-bCPU9suPUw9,1_4_331,82,cardboard,1_4,1.178754642156834,4.43806228941763,1.316189565225982,0.049248383480340614,0.9908098926146826,0.9439883122257668,0.9950480926235806,0.05291648118942316,0.6946438512728587,0.05291648118942316
00847-bCPU9suPUw9,1_4_332,405,shelf,1_4,1.3859666122304204,4.559118780930152,1.173864626261319,0.08478533892838287,0.9752938191411356,0.8747324855211339,0.981214873626943,0.1012851814332722,0.6881604742584725,0.1012851814332722
00847-bCPU9suPUw9,1_4_333,87,cat,1_4,1.4701695782742135,4.282582122173887,1.2923584467507199,0.4430927983643117,0.9596541733413347,0.9315444463392639,0.978263618206661,0.5066644717182168,0.5066644717182168,0.9542044207904726
00847-bCPU9suPUw9,1_4_334,478,tile,1_4,1.1936879271356438,3.7430960870575993,2.8239224725336842,0.4534194808471096,0.9737402866346029,0.9478967702939346,0.9999024515772615,0.4912904929987577,0.7645624763233041,0.4912904929987577
00847-bCPU9suPUw9,1_4_335,478,tile,1_4,1.1898156235827313,4.265666148110537,3.0906059538067936,0.2928274561991537,0.9945039451122284,0.9750523651472772,0.9999279236892111,0.30200118557737926,0.9166189616255781,0.30200118557737926
00847-bCPU9suPUw9,1_4_336,302,mirror,1_4,1.217651544069727,4.203402737296004,2.3178551847557083,0.7473506628359123,0.9625719442794439,0.946889409259925,0.9996354992097068,0.8202576608035608,0.8202576608035608,0.998681930239136
00847-bCPU9suPUw9,1_4_337,420,sink,1_4,1.4314503150572448,3.638204541812763,2.1337234693615286,0.8844932243411977,0.9761905213433959,0.920073324037531,0.999998602418911,0.9847774416828303,0.9847774416828303,0.9999291641861692
00847-bCPU9suPUw9,1_4_338,420,sink,1_4,1.215739295855913,3.8332056843226714,2.170859908835717,0.9097445103682323,0.970256747518267,0.9504857402249902,0.9999968621418153,0.986480554855418,0.986480554855418,0.9995526198933053
00847-bCPU9suPUw9,1_4_339,478,tile,1_4,1.191598223968237,4.56558677400576,3.432170859649764,0.6907681329701845,0.9595446391289713,0.9350620221885054,0.9998694709593356,0.7699869844917219,0.983920688848831,0.7699869844917219
00847-bCPU9suPUw9,1_4_34,82,cardboard,1_4,0.1899687566385312,3.614690431120005,-2.2446361493760425,0.8271313622558197,0.98283195661776,0.938144300819286,0.9984263848062946,0.8984822985312041,0.8984822985312041,0.9627843487239531
00847-bCPU9suPUw9,1_4_340,478,tile,1_4,1.1948988310931696,4.035855493293215,3.538404266185658,0.6878248944776705,0.980981739001833,0.9174966533480382,0.9998914840786564,0.7642925191932363,0.9880592268095737,0.7642925191932363
00847-bCPU9suPUw9,1_4_341,478,tile,1_4,1.1980188590506409,4.390647323421422,3.5263612302397447,0.6350470704411653,0.9458853707817853,0.9192584297810598,0.9998931838553283,0.7304259251042121,0.9860926811121363,0.7304259251042121
00847-bCPU9suPUw9,1_4_342,478,tile,1_4,1.191029836407344,5.180806941052099,3.436265885651461,0.6181447887598217,0.9680815721209929,0.9306510299793967,0.9984449831073938,0.6871748520981442,0.8510906851760507,0.6871748520981442
00847-bCPU9suPUw9,1_4_343,478,tile,1_4,1.1918767157961867,5.066911906236188,3.515101505893777,0.5867348302219849,0.9852821404487155,0.9429534271008873,0.9988380026301148,0.6322603660521218,0.788605544346642,0.6322603660521218
00847-bCPU9suPUw9,1_4_344,180,fan,1_4,1.447477932339273,4.890113669201378,1.7096118684369874,0.043701328419884826,0.9906168899021831,0.940895210350209,0.9992666084815178,0.04692089389740444,0.5381943351277416,0.04692089389740444
00847-bCPU9suPUw9,1_4_345,87,cat,1_4,1.2674486485303307,4.850495460000261,1.979002695076751,0.6220132942080188,0.9995187386112809,0.9514544893053117,0.946147330701966,0.6912926482957157,0.6912926482957157,0.840932088292584
00847-bCPU9suPUw9,1_4_346,478,tile,1_4,1.6003055453228907,4.23585653003925,1.6768759061385214,0.38021164649539496,0.9860582362722466,0.9610562143290688,0.999927604055565,0.40124118274282755,0.9811468265293426,0.40124118274282755
00847-bCPU9suPUw9,1_4_347,244,handle,1_4,2.722518219544815,4.9188640840423545,1.5103407811745344,0.518108071515906,0.9800803234179815,0.9523830264104873,0.9794809336623428,0.5666971841902283,0.5666971841902283,0.6316749490184012
00847-bCPU9suPUw9,1_4_348,316,overhang,1_4,2.9822446988295894,5.0152768516712,1.1547506475545615,0.6364106586139829,0.9732024417320889,0.9473965285000493,0.9881678560677104,0.698508576669232,0.698508576669232,0.7412446208184889
00847-bCPU9suPUw9,1_4_349,420,sink,1_4,1.3041297586821383,3.452853099870285,2.497255851204777,0.7503887505713309,0.8514073026781457,0.8949898461206239,0.9999709078978328,0.9847896382313511,0.9847896382313511,0.9995268116636334
00847-bCPU9suPUw9,1_4_35,545,wood,1_4,-0.1594847740741441,2.856623739460634,-0.3571827942347793,0.8476323095396728,0.9855888513573524,0.9349098878344715,0.98028479054517,0.9384036812561138,0.9384036812561138,0.9998745876272466
00847-bCPU9suPUw9,1_4_350,302,mirror,1_4,1.2368041555227522,4.243442571037162,2.0817136713773134,0.8053991428863893,0.9931882619857788,0.9621694121339133,0.9996370890242329,0.8431127896308066,0.8431127896308066,0.9999151918863316
00847-bCPU9suPUw9,1_4_351,302,mirror,1_4,1.227799834000011,4.628025354669391,2.18581144905753,0.7410786496491467,0.9800369292497635,0.951262787281494,0.999512719154746,0.7953037455462263,0.7953037455462263,0.9999198576107745
00847-bCPU9suPUw9,1_4_352,302,mirror,1_4,1.2173917598321722,4.120454536085748,2.3189804877162654,0.8115284246203072,0.9850270074038279,0.9368778465392862,0.9997274904343121,0.8796116925300714,0.8796116925300714,0.9998865565680026
00847-bCPU9suPUw9,1_4_353,244,handle,1_4,2.6552208686760936,3.9591486156761584,1.2763178243589919,0.45578811070637243,0.9591500904825,0.9338502977635708,0.9944434574731362,0.5117042968513891,0.5117042968513891,0.7457552754137394
00847-bCPU9suPUw9,1_4_354,478,tile,1_4,1.1906475686375464,4.032722349040105,2.8192285949402365,0.38516266511850866,0.9765364538369812,0.9194342316221917,0.999913035661731,0.42901534261424557,0.9519307939705234,0.42901534261424557
00847-bCPU9suPUw9,1_4_355,545,wood,1_4,2.869093446391385,2.870212473179317,1.3578189805776228,0.6879104105926737,0.9650843974101443,0.9198662525581,0.9965314262318522,0.7775904219988558,0.7775904219988558,0.9968477661487292
00847-bCPU9suPUw9,1_4_356,478,tile,1_4,2.5289139606076207,2.8762095144231523,1.4642575390546348,0.6773133243847526,0.9770585767380773,0.9582889129210469,0.9997990685794633,0.7235354701722021,0.7235354701722021,0.9936864449567548
00847-bCPU9suPUw9,1_4_357,478,tile,1_4,1.2007020854932104,3.076807071955696,3.3712036849468823,0.5425030410109578,0.98365502162197,0.9377791114537584,0.9976113346071288,0.5895184938026545,0.5895184938026545,0.7180585742170651
00847-bCPU9suPUw9,1_4_358,82,cardboard,1_4,2.729470160421696,2.882092807100092,1.5483287706605853,0.032730754942382444,0.9855053908488975,0.955732130218226,0.9992070496475529,0.03477805918876414,0.7199902974548186,0.03477805918876414
00847-bCPU9suPUw9,1_4_359,484,toilet,1_4,1.445963015424536,3.092398353134719,2.689167403438476,0.6887440918700959,0.9222874126269561,0.937465564120963,0.9932423760058563,0.8020123225818918,0.8020123225818918,0.9351845606729234
00847-bCPU9suPUw9,1_4_36,326,partial,1_4,-0.1857521267547956,4.03314383409573,-2.244155059110113,0.24151613013842174,0.9508966963881296,0.927255870042649,0.9979527243340122,0.274475284104028,0.5124420441269584,0.274475284104028
00847-bCPU9suPUw9,1_4_360,478,tile,1_4,1.1956021465061806,3.382189592070922,3.5705033284583614,0.3996168038601521,0.9470681588643836,0.9434501121836543,0.9998402484250988,0.447314473636106,0.8715798445745603,0.447314473636106
00847-bCPU9suPUw9,1_4_361,478,tile,1_4,1.196162847578488,3.723469310873186,3.5463422371045716,0.4957573157255384,0.9653902317685563,0.960735880526979,0.9998764809844187,0.5345838912456896,0.9251448356060938,0.5345838912456896
00847-bCPU9suPUw9,1_4_362,484,toilet,1_4,1.1959646843953329,3.389022316272727,3.413080859674456,0.00766103080967672,0.902858129201027,0.9754159942863472,0.9998755390832783,0.008700252954036612,0.5585951672809629,0.008700252954036612
00847-bCPU9suPUw9,1_4_363,478,tile,1_4,1.3636936301931863,3.8313043538510483,1.7264689879175061,0.19116567953598332,0.8799645378142178,0.9658370471777126,0.9999226945515179,0.2249440287367525,0.9722632964626965,0.2249440287367525
00847-bCPU9suPUw9,1_4_364,478,tile,1_4,1.193865852724919,3.8839267234416166,2.331782170212397,0.4325209505537365,0.9621903694882227,0.9515284488695004,0.9998542236231062,0.47248462424557586,0.7026342932086854,0.47248462424557586
00847-bCPU9suPUw9,1_4_365,478,tile,1_4,1.1916699071771084,3.706284032474964,2.5835941518941414,0.4628664806912826,0.9361719233942204,0.8949177408020388,0.9998013788920247,0.552590317089507,0.7542010829667077,0.552590317089507
00847-bCPU9suPUw9,1_4_366,480,tissue,1_4,1.5290161319763773,3.961555124211317,1.2151026929007194,0.005442120706573133,0.9506685909097835,0.9684015075045742,0.9596372908196247,0.006159939572802722,0.5065570296740678,0.006159939572802722
00847-bCPU9suPUw9,1_4_367,276,ladder,1_4,1.5920468534943766,4.066643733846056,1.1578804319711082,0.55405602464405,0.8728946095451395,0.9928650914332364,0.9963765501560385,0.6416203514826572,0.6416203514826572,
00847-bCPU9suPUw9,1_4_368,545,wood,1_4,3.4133430474683,2.857580415216067,1.033522117515918,0.7338150550820259,0.936057653213557,0.9442814846025693,0.993331577344513,0.8357729353578058,0.8357729353578058,0.9882625388363238
00847-bCPU9suPUw9,1_4_369,106,closet door,1_4,2.467083146998347,4.142207365786526,1.2933977064443354,0.7775769932385814,0.927375956773758,1.0,0.9998607789553176,0.8385868295517056,0.9436302135435478,0.8385868295517056
00847-bCPU9suPUw9,1_4_37,44,blanket,1_4,0.3363217663922733,3.485006596490626,-2.031513278925913,6.1545543737610895e-06,0.877072463215898,0.9221976951401709,0.9863556664880694,7.714424989398588e-06,0.6419761493237865,7.714424989398588e-06
00847-bCPU9suPUw9,1_4_370,545,wood,1_4,3.4567923919005485,2.859046574804571,0.8447752959191995,0.7168321779697444,0.9201239042209856,0.9843314097019649,0.9962006687949131,0.794480068212853,0.794480068212853,0.9903953083738015
00847-bCPU9suPUw9,1_4_371,545,wood,1_4,3.6584625864116513,2.8506040200002154,-0.414667028377135,0.6213455140411583,0.8115806060227734,0.9647109280689277,0.9902461743635869,0.801421769796251,0.801421769796251,0.9993897027617897
00847-bCPU9suPUw9,1_4_372,545,wood,1_4,2.7551746953563208,2.8623695320616567,0.037896883906625926,0.8694787206295871,0.9728219552645607,0.9665717746444493,0.9797287372222773,0.9438123119625142,0.9438123119625142,0.9996784061393006
00847-bCPU9suPUw9,1_4_373,326,partial,1_4,2.87944232168315,4.215734226614042,1.1086932559426956,0.4944704789268726,0.9044011113936693,0.9740065443373789,0.9851000647730525,0.5698191734009765,0.5698191734009765,0.7180498952061969
00847-bCPU9suPUw9,1_4_374,82,cardboard,1_4,3.569829449068528,4.213254407778435,-2.254904444138014,0.6673035074355536,0.9554333180069399,0.997483057582193,0.9978422592733065,0.7017066706156058,0.7017066706156058,0.9342907169427094
00847-bCPU9suPUw9,1_4_375,134,cushion,1_4,3.4813931031285064,3.6542761322708834,-1.6795204987548238,0.7656577796023588,0.9686892786043095,0.924503436357755,0.9963755043035246,0.8580619319885179,0.8580619319885179,0.9963596472542362
00847-bCPU9suPUw9,1_4_376,545,wood,1_4,3.362281365146045,2.85431803559425,-0.8880197134833375,0.6759866383000654,0.7896087020635606,0.9584786896155564,0.9836843894385109,0.908004383026695,0.908004383026695,0.9998349465407346
00847-bCPU9suPUw9,1_4_377,106,closet door,1_4,3.5996359459791507,3.94998528045273,0.9803659768196386,0.706261594080642,0.995767642557621,0.9710851530524014,0.9996750697881334,0.7306197446488599,0.947917991429455,0.7306197446488599
00847-bCPU9suPUw9,1_4_378,326,partial,1_4,0.1658507156334383,3.39863429909385,-2.2183466156572265,0.45675617320085715,0.98153669493539,0.9238372308579537,0.9829559623564993,0.5124463020538008,0.6626225203467502,0.5124463020538008
00847-bCPU9suPUw9,1_4_379,82,cardboard,1_4,3.5622001682604947,3.205964345853118,-2.165911255957596,0.7881993764204447,0.9837536436127611,0.929438188423221,0.9959860850120501,0.8655176915810866,0.8655176915810866,0.9009946548114169
00847-bCPU9suPUw9,1_4_38,100,chest,1_4,-0.02750960583308282,3.5269337748189544,-1.89623186440684,0.0030908047373066237,0.9692517018872566,0.9173864905135851,0.9987198170529754,0.003480478770975337,0.5819010120922447,0.003480478770975337
00847-bCPU9suPUw9,1_4_39,326,partial,1_4,-0.07980432488322034,4.25482796718095,-2.237586006592979,0.4095722309606391,0.9552917396241211,0.9087635905764689,0.9979040268990038,0.47277530922976024,0.5583415267471594,0.47277530922976024
00847-bCPU9suPUw9,1_4_4,337,pillow,1_4,1.668579899503063,3.722199613832049,-1.624245717623959,0.0034217326668463904,0.9901341938939502,0.9342314171305115,0.9999771296442448,0.003699197182039813,0.9974222803365292,0.003699197182039813
00847-bCPU9suPUw9,1_4_40,516,unknown,1_4,-0.1897744222481293,3.4962164880951083,-2.4125227615853215,3.4145481373108326e-07,0.9063135648389717,0.9195469443544857,0.9818555645026293,4.172854560293256e-07,0.7128772813418972,4.172854560293256e-07
00847-bCPU9suPUw9,1_4_41,82,cardboard,1_4,-0.5457682742793931,3.645688920799981,-2.2402517401483095,0.6218830092961763,0.9854326538892134,0.9353538736785636,0.9983426908539005,0.6758123911215984,0.6758123911215984,0.8967209452259715
00847-bCPU9suPUw9,1_4_42,244,handle,1_4,0.2409571661914949,3.1729464109802503,-1.8245670816924113,0.07041769761288301,0.8582223045615813,0.9397449722536271,0.9894726898997712,0.08824054893059222,0.6119432069541617,0.08824054893059222
00847-bCPU9suPUw9,1_4_43,82,cardboard,1_4,3.715245378602919,3.428938588993647,-1.4677049646280507,0.7039172261378289,0.9688810155189856,0.9161388987350897,0.9987570222061195,0.7940173234299157,0.7940173234299157,0.9628344087422173
00847-bCPU9suPUw9,1_4_44,106,closet door,1_4,3.7477387855898003,3.9041304970088544,-0.24223054375732295,0.9044948717297028,0.9801451704155446,0.9415415934936275,0.9999920235838855,0.9801209189224928,0.9801209189224928,0.9999125561368053
00847-bCPU9suPUw9,1_4_45,82,cardboard,1_4,-0.7123501230582844,3.213578559054242,-2.2347211333956944,0.6670963900578223,0.9874406607710441,0.9426621728325077,0.9983682433073559,0.7178451088420575,0.7178451088420575,0.9038073519453291
00847-bCPU9suPUw9,1_4_46,545,wood,1_4,0.10157333066403959,2.857661387113136,-0.7379700867645063,0.8573301384458577,0.9837029799291381,0.9364625659081682,0.9776328865192792,0.9519582022321027,0.9519582022321027,0.999849076101987
00847-bCPU9suPUw9,1_4_47,545,wood,1_4,0.33517598609359617,2.855840513442753,1.2659302853640846,0.8425943234565008,0.9968043429983986,0.9415910298833988,0.9802309800150393,0.9158363370265382,0.9158363370265382,0.9997067272476319
00847-bCPU9suPUw9,1_4_48,510,tv,1_4,1.7739036100723409,4.637030122124165,0.8422676719696902,0.654945009228232,0.974445462638499,0.9377081875076001,0.9897294441365111,0.7242076378364626,0.7242076378364626,0.9605471109261005
00847-bCPU9suPUw9,1_4_49,100,chest,1_4,0.9940781915094952,3.4186015207620737,0.7532739995910914,0.5977776904753948,0.9422708183170379,0.9459508362194227,0.9998787325923087,0.6707305146595146,0.6707305146595146,0.9886692732193724
00847-bCPU9suPUw9,1_4_5,82,cardboard,1_4,3.317626544825936,4.4647395792719875,-2.2627761682455,0.4778492829256779,0.9754499978438192,0.9103070525785506,0.9967787274763326,0.539882509698782,0.539882509698782,0.8980212491250619
00847-bCPU9suPUw9,1_4_50,82,cardboard,1_4,0.6746346434944166,2.9293035173381803,1.0372826911921211,0.6422216001951202,0.9852441294105737,0.9822114236893444,0.999270368972912,0.6641299440783331,0.6641299440783331,0.7122733271612695
00847-bCPU9suPUw9,1_4_51,106,closet door,1_4,3.749350952354841,4.12083717159328,-0.3614064215098884,0.8867063436726874,0.9874427526555161,0.9248883191065005,0.9999879035598214,0.9709208954379576,0.9709208954379576,0.9998683723927102
00847-bCPU9suPUw9,1_4_52,106,closet door,1_4,3.59719991509117,3.948515621651644,0.6693079378749788,0.6696084137027617,0.9852721844256032,0.9474869274296415,0.9995464440090189,0.7176099877281762,0.9080621489233774,0.7176099877281762
00847-bCPU9suPUw9,1_4_53,510,tv,1_4,1.7457843915126243,4.50886849879753,0.855766225539589,0.6582807965398262,0.977196407345941,0.9324382693282152,0.9875381471954179,0.7315691007756739,0.7315691007756739,0.9506981734643821
00847-bCPU9suPUw9,1_4_54,44,blanket,1_4,0.213154421036863,3.1410318789900167,-0.6467056173410413,7.890562859573954e-06,0.9842022263479454,0.9393298273263035,0.9932192258391845,8.59330863603621e-06,0.6728724584620984,8.59330863603621e-06
00847-bCPU9suPUw9,1_4_55,120,cone,1_4,3.328839319547082,4.613543991179845,-1.9060682691449145,0.5865997746994301,0.9243127020825476,0.9362417596593713,0.968176981657554,0.7001324536456689,0.7001324536456689,
00847-bCPU9suPUw9,1_4_56,106,closet door,1_4,3.7549492396875963,3.3790502643678098,-0.3531582326365666,0.8667076816780567,0.9490109461767265,0.9347650786199042,0.9999862718900027,0.9770232679989302,0.9770232679989302,0.9995784754539173
00847-bCPU9suPUw9,1_4_57,82,cardboard,1_4,1.514361173070834,4.616342818471155,-2.2555750979992046,0.8515545878679811,0.9807091734549515,0.9426986226904605,0.9980819200887712,0.9228544151228953,0.9228544151228953,0.948787485107197
00847-bCPU9suPUw9,1_4_58,44,blanket,1_4,0.3765481473187214,3.6076078630638544,-1.793576303312958,2.424012253114286e-06,0.9917102146975953,0.9381724979279265,0.9988624794474801,2.6083245359583244e-06,0.5539746695216144,2.6083245359583244e-06
00847-bCPU9suPUw9,1_4_59,545,wood,1_4,3.787230856811723,2.860496307636334,1.2077571515507577,0.6794434178563373,0.9915519942744205,0.9286601503465809,0.9975072310884813,0.7397158777375206,0.7397158777375206,0.9892951804485084
00847-bCPU9suPUw9,1_4_6,310,nightstand,1_4,2.439644530680722,3.314990134663693,-1.7830150824176962,0.8630584605950058,0.9501979527014525,0.9313142661793575,0.9999644408087142,0.9753159166364237,0.9753159166364237,0.9999955839756248
00847-bCPU9suPUw9,1_4_60,106,closet door,1_4,3.7507872331799534,4.628628495720783,-0.03167531056921514,0.8843330245642786,0.9812228535414192,0.9228428394748485,0.9999840499069431,0.9766239472664193,0.9766239472664193,0.9998425312303234
00847-bCPU9suPUw9,1_4_61,33,bed,1_4,0.252835682551351,3.520293704047859,-0.37624441973676076,0.5003266108071138,0.9708508071895477,0.9382309946363239,0.9982408008713185,0.5502448844494964,0.5502448844494964,0.9844698048604974
00847-bCPU9suPUw9,1_4_62,316,overhang,1_4,0.45710942679612376,5.103568732493689,2.3164889528029313,0.5547961915549008,0.9919499675789449,0.9364251247220501,0.9962894770203362,0.5994943616549118,0.7677523651336445,0.5994943616549118
00847-bCPU9suPUw9,1_4_63,545,wood,1_4,0.37796553179667003,2.850818848768311,0.8233905267387087,0.7120619927440058,0.9833939763802836,0.9304531115537786,0.9889048037276973,0.7869393866656591,0.7869393866656591,0.9989823194094232
00847-bCPU9suPUw9,1_4_64,545,wood,1_4,-0.20443407841533587,2.853615302776626,1.4001879969278561,0.8171388042635431,0.9620219280368697,0.9360378801919356,0.9823422797869734,0.9237503216704526,0.9237503216704526,0.999285444354072
00847-bCPU9suPUw9,1_4_65,106,closet door,1_4,0.7668545343633546,3.627620085826166,1.3154259108963955,0.4113877916256847,0.9824697497281228,0.9445089723704918,0.9991597382855288,0.4437018082649264,0.6328626033930849,0.4437018082649264
00847-bCPU9suPUw9,1_4_66,82,cardboard,1_4,2.1181329574240944,5.256438754469965,0.9128630200382438,0.2812806000395931,0.9727851225239699,0.9448777923546839,0.9912710657842172,0.30871290769932463,0.5410654736490724,0.30871290769932463
00847-bCPU9suPUw9,1_4_67,478,tile,1_4,-0.16239703181296242,2.8761138854972073,3.317004313630745,0.8201282416015899,0.9411216886005463,0.9142662286040282,0.9998121457124312,0.9533335981403014,0.9533335981403014,0.9929592212547542
00847-bCPU9suPUw9,1_4_68,480,tissue,1_4,-0.4865996513575378,3.849026573298574,3.917813940689942,0.6262679373441441,0.8911489673455557,0.9398998790736984,0.8535125122847377,0.8760287996032445,0.8760287996032445,0.9999585556291146
00847-bCPU9suPUw9,1_4_69,316,overhang,1_4,0.08235651157013084,5.151178413064617,2.275292513993216,0.5486084733599853,0.9526819412659835,0.9474514722243734,0.9979100023121414,0.6090686239377584,0.6090686239377584,0.7796828253536203
00847-bCPU9suPUw9,1_4_7,82,cardboard,1_4,1.496636883674049,4.422987293934863,-1.476229087917847,0.710776302032126,0.9812340599192934,0.9167299309056967,0.997959172036309,0.7917829392796848,0.9031301560661833,0.7917829392796848
00847-bCPU9suPUw9,1_4_70,100,chest,1_4,1.9395785710164901,3.3683038161868177,0.49336327771802635,0.5158818803989997,0.9555090096847219,0.9282856498952983,0.999966982420246,0.5816318635137951,0.5816318635137951,0.9990744092386333
00847-bCPU9suPUw9,1_4_71,100,chest,1_4,1.8691946427346315,3.5908251875226034,0.4944111886346769,0.6037805629155285,0.9714215757089572,1.0,0.9999591545515308,0.6215686790465726,0.6215686790465726,0.9992027380033667
00847-bCPU9suPUw9,1_4_72,545,wood,1_4,1.9482213730456905,2.8641491828634864,0.5173018871283449,0.8154056497740285,0.9857651603278256,0.9450652205213579,0.9984749633562491,0.8765996460395028,0.8765996460395028,0.9951588395624859
00847-bCPU9suPUw9,1_4_73,100,chest,1_4,1.3933306443979192,3.702749974488955,0.6146952469567396,0.5104630246622512,0.9768878515399662,0.9397934764470532,0.9999703811984832,0.5560322968699548,0.5560322968699548,0.9978926804653965
00847-bCPU9suPUw9,1_4_74,484,toilet,1_4,0.3099091228612637,3.3719694024564615,3.7129033079020735,0.8850608972714417,0.9865497896517371,0.9207556202973524,0.9994493742472538,0.9748750743678335,0.9748750743678335,0.9998682850657864
00847-bCPU9suPUw9,1_4_75,510,tv,1_4,1.745882351108554,5.067495935480139,1.0243596535451112,0.21702721918390436,0.9789529912893716,0.9388995760576193,0.9997888702359897,0.2361701074549358,0.9261549404131748,0.2361701074549358
00847-bCPU9suPUw9,1_4_76,100,chest,1_4,1.6115905081378685,3.770319690842073,0.561195355251941,0.5583999906997019,0.9561727125862152,0.9636058517972897,0.9999377607563812,0.6060893587800307,0.6060893587800307,0.9968881677419124
00847-bCPU9suPUw9,1_4_77,100,chest,1_4,2.0023552711217807,3.7057602745847382,0.6095912657298429,0.538499500574508,0.9724201404970456,0.9396206689882667,0.9999577647894426,0.5893823703384015,0.5893823703384015,0.9976809965685673
00847-bCPU9suPUw9,1_4_78,478,tile,1_4,0.11767141827697265,3.9979563697658347,4.102031151699161,0.05644653322347046,0.9733450347115058,0.935311831922436,0.9999667722724055,0.0620052494171337,0.7573556679014036,0.0620052494171337
00847-bCPU9suPUw9,1_4_79,82,cardboard,1_4,-0.8529126236962465,3.2871213063365423,2.312611303949483,0.3671932954260168,0.9678892872077077,0.9321516723149977,0.9946241208950803,0.4091885658704235,0.6208695759443499,0.4091885658704235
00847-bCPU9suPUw9,1_4_8,545,wood,1_4,2.827315890250473,2.861245998725451,-0.3599463942167196,0.83931659101768,0.9852887516281972,0.9366750246562838,0.9793579029502567,0.9286069090597113,0.9286069090597113,0.9991524456991294
00847-bCPU9suPUw9,1_4_80,82,cardboard,1_4,-0.5265731966997899,5.257533431045926,3.708569359874296,0.36155003153330745,0.9870432565810152,0.9346599542533632,0.9961573993877537,0.3934147305768815,0.5069645906352085,0.3934147305768815
00847-bCPU9suPUw9,1_4_81,94,ceiling ladder,1_4,-1.1148808142922395,4.940373143764405,1.7304675476465614,0.46241189243474123,0.9603420221379826,0.9299526022695961,0.9974116953983893,0.5191200363623414,0.5191200363623414,0.9999999978583476
00847-bCPU9suPUw9,1_4_82,478,tile,1_4,-0.10436290238401665,2.87333274032288,2.5735444972301256,0.8950363870432566,0.9925024738678566,0.9303412586726147,0.9998950706423219,0.9694209140706332,0.9694209140706332,0.9958877352073889
00847-bCPU9suPUw9,1_4_83,158,drawer,1_4,-0.8336916276311918,4.025162256441709,1.962715393216759,0.619266082151768,0.9798385253832532,0.9525954979845845,0.9999978450367386,0.6634606869068531,0.6634606869068531,0.9627442360928435
00847-bCPU9suPUw9,1_4_84,158,drawer,1_4,-0.8221502144385697,3.2833475098618212,1.6879106610822205,0.5558635725997203,0.965986353858453,0.9587857972249596,0.9999869749160598,0.6001796800912147,0.6001796800912147,0.9691801531918114
00847-bCPU9suPUw9,1_4_85,244,handle,1_4,-1.0277681226665838,4.506628979541067,1.8465536894906598,0.233313977777032,0.9725220500025226,0.9573267788799107,0.9843723887980406,0.2545784689683748,0.7705498973505064,0.2545784689683748
00847-bCPU9suPUw9,1_4_86,545,wood,1_4,-0.3302474916660963,2.8664855698851377,2.2660534819108813,0.6871484585383902,0.9726065636488607,0.9633641147551014,0.9958927569682632,0.7363941705259891,0.7363941705259891,0.9390251947710886
00847-bCPU9suPUw9,1_4_87,82,cardboard,1_4,0.3318158015817331,4.239622673823245,1.0492216521104663,0.7942308592892994,0.9712113189385422,0.9491127084741303,0.9994304002047886,0.8621099906627261,0.8813620312765678,0.8621099906627261
00847-bCPU9suPUw9,1_4_88,82,cardboard,1_4,-0.7519052338378972,4.426068434629715,2.3158616581782616,0.47261382284803133,0.8918146382472668,0.9171821472888311,0.9978578995351336,0.5790386197255333,0.5790386197255333,0.9363254881365297
00847-bCPU9suPUw9,1_4_89,478,tile,1_4,-0.10652565331102665,2.8753794126821584,3.148300420345881,0.8910912647909522,0.9897480837323449,0.9278015158365323,0.9998007191696516,0.9705747623431493,0.9705747623431493,0.9951953555434626
00847-bCPU9suPUw9,1_4_9,545,wood,1_4,-1.0874750414167351,2.860638228794984,-1.929275009679998,0.8396676787475679,0.9948314110108214,0.9223975206988562,0.9931840518765422,0.9213191171334765,0.9213191171334765,0.9996066379426409
00847-bCPU9suPUw9,1_4_90,412,shower,1_4,-1.3002394472357404,3.980365049388627,4.047327693048598,0.4958039539903339,0.9664094344901157,0.9203468993383497,0.9999850866933967,0.557447212530927,0.557447212530927,0.9438991925902269
00847-bCPU9suPUw9,1_4_91,478,tile,1_4,0.6257750824415517,4.169839703698503,3.77430374615376,0.6789226320174175,0.9895048842891276,0.9167170550359465,0.9999222352240917,0.7485155152189007,0.9899130242958947,0.7485155152189007
00847-bCPU9suPUw9,1_4_92,478,tile,1_4,0.6230186992767639,4.294368302924597,3.346088161579707,0.15998428829781433,0.949779025361545,0.9507928843733697,0.9983714958073813,0.1774502694597902,0.8209364344202478,0.1774502694597902
00847-bCPU9suPUw9,1_4_93,478,tile,1_4,-0.18211209796345848,4.726932084486519,4.190921296349174,0.15040962013053605,0.9688185154973723,0.9561703509078685,0.9999647159756209,0.16237278333327887,0.8589722063742996,0.16237278333327887
00847-bCPU9suPUw9,1_4_94,478,tile,1_4,0.5366547128055474,5.07355663916837,4.191669727019788,0.5417029880115461,0.980646335413598,0.9538983191603968,0.999955589978827,0.5791166152510738,0.9965980227712896,0.5791166152510738
00847-bCPU9suPUw9,1_4_95,478,tile,1_4,-0.4323324481410771,5.050882953367807,4.191301688025411,0.08098654445386806,0.9335555623169818,0.9158541700102902,0.9999192245935721,0.0947286727638847,0.6190054401454287,0.0947286727638847
00847-bCPU9suPUw9,1_4_96,478,tile,1_4,-0.1758098245241122,5.050588605458253,4.1902173390390915,0.08258598232296471,0.9768543704350791,0.8807185439110903,0.9999669409216884,0.09599613149014709,0.7449727827119973,0.09599613149014709
00847-bCPU9suPUw9,1_4_97,32,bathtub,1_4,-0.9230275774296659,3.041626368548589,3.3694013577064768,0.8483066093729732,0.9753737484601999,0.9404408792579793,0.9994068018229625,0.9253541741091899,0.9253541741091899,
00847-bCPU9suPUw9,1_4_98,478,tile,1_4,0.08137314176713162,5.048840589167682,4.190989501779667,0.19797286183657212,0.9839854348603541,0.9281695160931084,0.9999713415323889,0.21677147703794786,0.9182460551170102,0.21677147703794786
00847-bCPU9suPUw9,1_4_99,478,tile,1_4,-0.2953836084367852,2.8765701368208414,2.615017633687744,0.8867100887986759,0.9847287298634705,0.9311874999341492,0.999849143504102,0.9671490834949378,0.9671490834949378,0.9952056918826166
