scene_id,method,class_id,class_label,object_id,predicted_room_id,rank,score,p_det,p_view,p_mem,p_sem_q
00847-bCPU9suPUw9,belief,0,acoustic panel,1_3_44,1_3,1,0.09595206186918866,0.9286823445733787,0.9734894179875023,0.9975566889432098,0.10639428548468273
00847-bCPU9suPUw9,belief,0,acoustic panel,1_3_88,1_3,2,0.06173354065019805,0.9501790938236785,0.9119802181500164,0.9971872945033347,0.07144199291298589
00847-bCPU9suPUw9,belief,0,acoustic panel,0_0_139,0_0,3,0.0586495760679966,0.9774993402545592,0.9139152047112395,0.993184630694904,0.06610168211921373
00847-bCPU9suPUw9,belief,0,acoustic panel,0_2_92,0_2,4,0.05665369720892943,0.9739298569933931,0.9438623585887784,0.9959729586191018,0.061879153415140456
00847-bCPU9suPUw9,belief,0,acoustic panel,1_3_0,1_3,5,0.055739364179833634,0.9857407004950506,0.9440928208298764,0.9981780690199219,0.06000350268126515
00847-bCPU9suPUw9,belief,1,air conditioner,0_0_263,0_0,1,0.01704725296463007,0.9835454449057579,0.9391737106233526,0.9922842370153234,0.018598501523717607
00847-bCPU9suPUw9,belief,1,air conditioner,1_4_344,1_4,2,0.015867327496683802,0.9906168899021831,0.940895210350209,0.9992666084815178,0.017036305687414863
00847-bCPU9suPUw9,belief,1,air conditioner,1_4_128,1_4,3,0.014774818396175582,0.958572108334252,0.9467406144540962,0.999380188669392,0.016290545193409965
00847-bCPU9suPUw9,belief,1,air conditioner,0_0_47,0_0,4,0.008273647080178304,0.9574161092083963,0.900891200723434,0.9980569326734499,0.00961100051411352
00847-bCPU9suPUw9,belief,1,air conditioner,0_2_128,0_2,5,0.007826843531916485,0.9646437466144562,0.9485383028990915,0.9982302057660609,0.008569078444507133
00847-bCPU9suPUw9,belief,2,air freshener,0_0_133,0_0,1,0.0022841454990955032,0.9739733717502285,0.9213976511405337,0.9878747257834515,0.0025764855204742985
00847-bCPU9suPUw9,belief,2,air freshener,0_0_47,0_0,2,0.0020334329778465346,0.9574161092083963,0.900891200723434,0.9980569326734499,0.002362117359624827
00847-bCPU9suPUw9,belief,2,air freshener,0_2_30,0_2,3,0.0019975447151314397,0.9504582919290898,0.9635658303955671,0.8741924031768115,0.002495025720482033
00847-bCPU9suPUw9,belief,2,air freshener,1_4_148,1_4,4,0.0019850881392539516,0.99217376965109,0.9704388242885794,0.9806729473606345,0.0021023242269101266
00847-bCPU9suPUw9,belief,2,air freshener,1_1_12,1_1,5,0.0018485548723819625,0.9894747713504456,0.9397623336545973,0.9806563237277454,0.002027182058192273
00847-bCPU9suPUw9,belief,3,air hockey,0_2_334,0_2,1,0.0004286463191573573,0.9779093171374452,0.8756535143380724,0.9947132530964056,0.0005032343937479572
00847-bCPU9suPUw9,belief,3,air hockey,0_2_344,0_2,2,0.0003821345334622531,0.9831692946947892,0.935806658126767,0.9958628752489073,0.0004170636181321473
00847-bCPU9suPUw9,belief,3,air hockey,0_2_343,0_2,3,0.00037136316224279324,0.9941945066531863,0.9420015878921808,0.9960420072257069,0.0003981054952595994
00847-bCPU9suPUw9,belief,3,air hockey,0_2_356,0_2,4,0.0003210122313411414,0.9912759536506177,0.9318051146987519,0.9954740954872141,0.0003491177709600222
00847-bCPU9suPUw9,belief,3,air hockey,0_2_83,0_2,5,0.00031767835398744396,0.9350158504838758,0.9279844625512839,0.9972530960468791,0.0003671322641092429
00847-bCPU9suPUw9,belief,4,air purifier,1_4_128,1_4,1,0.037096483645692506,0.958572108334252,0.9467406144540962,0.999380188669392,0.04090215711234558
00847-bCPU9suPUw9,belief,4,air purifier,0_0_47,0_0,2,0.02578916977391781,0.9574161092083963,0.900891200723434,0.9980569326734499,0.02995773466691588
00847-bCPU9suPUw9,belief,4,air purifier,0_0_144,0_0,3,0.024657808081200435,0.970693068552973,0.9374255582487766,0.9979363697463682,0.02715394279382971
00847-bCPU9suPUw9,belief,4,air purifier,0_0_133,0_0,4,0.01756961352063458,0.9739733717502285,0.9213976511405337,0.9878747257834515,0.019818288657254993
00847-bCPU9suPUw9,belief,4,air purifier,1_4_344,1_4,5,0.011494170452626089,0.9906168899021831,0.940895210350209,0.9992666084815178,0.012340969296506599
00847-bCPU9suPUw9,belief,5,aisle frame,0_0_53,0_0,1,0.012167490037075786,0.9866948408645649,0.9125387360182983,0.9946969080348678,0.01358551371434121
00847-bCPU9suPUw9,belief,5,aisle frame,1_4_146,1_4,2,0.010193767491263215,0.9905888945453584,0.9655791021876752,0.9995212200382172,0.010662557647288544
00847-bCPU9suPUw9,belief,5,aisle frame,1_2_13,1_2,3,0.008912082575257198,0.9838160208694432,0.9261763521023154,0.9539003722450231,0.010253416640982872
00847-bCPU9suPUw9,belief,5,aisle frame,0_0_54,0_0,4,0.007587684027182605,0.9874737851160892,0.9203272212984026,0.995833001708239,0.008384069696982153
00847-bCPU9suPUw9,belief,5,aisle frame,1_4_310,1_4,5,0.007192940289196245,0.9390962214381605,0.9357169046396638,0.9965389449730107,0.008214055081227968
00847-bCPU9suPUw9,belief,6,alarm,0_2_331,0_2,1,0.010983889312256776,0.9873634126687806,0.9364228893735442,0.9985445713396038,0.011897059726370517
00847-bCPU9suPUw9,belief,6,alarm,0_2_364,0_2,2,0.008448895229396505,0.9912697009710005,0.9287316002590609,0.995172893744787,0.00922187713713931
00847-bCPU9suPUw9,belief,6,alarm,1_4_148,1_4,3,0.007892383803024336,0.99217376965109,0.9704388242885794,0.9806729473606345,0.00835849519679614
00847-bCPU9suPUw9,belief,6,alarm,1_4_278,1_4,4,0.005756377950150745,0.978543883044493,0.9386913383932867,0.9973038564044621,0.0062837469230679135
00847-bCPU9suPUw9,belief,6,alarm,1_1_63,1_1,5,0.004630659408926668,0.9856976173159323,0.9396008577223043,0.9901913249850547,0.005049363202188472
00847-bCPU9suPUw9,belief,7,album,0_1_21,0_1,1,0.23016015286130379,0.9668342461107468,0.921719750376947,0.9942681034561754,0.2597620550134901
00847-bCPU9suPUw9,belief,7,album,0_2_263,0_2,2,0.18952963372359752,0.9666385543566175,0.9414456342630766,0.9733096724486212,0.2139768181374594
00847-bCPU9suPUw9,belief,7,album,1_4_282,1_4,3,0.17164651199310693,0.9820655992587496,0.885348459329415,0.9859951518664664,0.2002190833734324
00847-bCPU9suPUw9,belief,7,album,1_4_305,1_4,4,0.16770234228150782,0.9803690094225991,0.9173311822905326,0.9881609252321623,0.1887103504050146
00847-bCPU9suPUw9,belief,7,album,1_4_17,1_4,5,0.16399622783990764,0.9867112216490664,0.8706470537714086,0.9978228086465357,0.19131465090733554
00847-bCPU9suPUw9,belief,8,amplifier,1_3_49,1_3,1,0.020677858766864805,0.9683928929761182,0.9201044686745878,0.9928466458756158,0.0233740871128669
00847-bCPU9suPUw9,belief,8,amplifier,1_4_155,1_4,2,0.0019821103240560516,0.9677963261750706,0.9163951762858948,0.999760931001942,0.002235449681944889
00847-bCPU9suPUw9,belief,8,amplifier,0_2_271,0_2,3,0.0012098591588427339,0.962668301979982,0.9645721560036902,0.9957172578114508,0.0013085411635850612
00847-bCPU9suPUw9,belief,8,amplifier,1_3_72,1_3,4,0.001126070284603746,0.9841260009409399,0.920416770886517,0.9964739217335177,0.001247568300565242
00847-bCPU9suPUw9,belief,8,amplifier,1_4_237,1_4,5,0.0009832754172979048,0.963559720480698,0.9475630106305433,0.9655640888196348,0.0011153401605997928
00847-bCPU9suPUw9,belief,9,appliance,0_0_252,0_0,1,0.9096510819878411,0.9893650021812366,0.9650443422163804,0.9999891740656398,0.9527429188415523
00847-bCPU9suPUw9,belief,9,appliance,0_0_270,0_0,2,0.8865944544076158,0.9740052421887716,0.9553678490457821,0.9999770499018337,0.9528028806639285
00847-bCPU9suPUw9,belief,9,appliance,0_0_204,0_0,3,0.8722866583891661,0.9707802230705043,0.9371162811379442,0.9999856822686527,0.9588508215930357
00847-bCPU9suPUw9,belief,9,appliance,0_0_210,0_0,4,0.8636945267739872,0.9696383620800098,0.9276823197056314,0.999984413940854,0.9601915231061148
00847-bCPU9suPUw9,belief,9,appliance,0_0_166,0_0,5,0.8613213289217784,0.9750912189894068,0.9690180537759154,0.9999743524693931,0.9115893160694674
00847-bCPU9suPUw9,belief,10,apron,0_0_151,0_0,1,0.005592230188280178,0.9749382848567221,0.9239947360119743,0.9947546375803588,0.006240543933756515
00847-bCPU9suPUw9,belief,10,apron,0_0_283,0_0,2,0.0034017667557415736,0.9718712608397111,0.9176857720767853,0.9965496429550549,0.003827391222334491
00847-bCPU9suPUw9,belief,10,apron,0_0_256,0_0,3,0.0022983118802432866,0.9791173779964447,0.9159653553856921,0.9970928739794201,0.0025701563477138483
00847-bCPU9suPUw9,belief,10,apron,0_0_257,0_0,4,0.0017275981668426978,0.9813748399416605,0.95938786654052,0.9972264438161749,0.0018400084060195968
00847-bCPU9suPUw9,belief,10,apron,0_0_205,0_0,5,0.0015341125550211324,0.9789207304452919,0.9416084567305552,0.9843866999205924,0.0016907274780536055
00847-bCPU9suPUw9,belief,11,aquarium,0_0_244,0_0,1,0.0005442721703667871,0.9715390748033921,0.9448291453079254,0.993442282800629,0.0005968427657364433
00847-bCPU9suPUw9,belief,11,aquarium,0_0_121,0_0,2,0.00029542526313763146,0.980537410238765,0.9074141339458586,0.9749621184654413,0.00034055729041215685
00847-bCPU9suPUw9,belief,11,aquarium,1_4_241,1_4,3,0.0002084921755014127,0.9584791129543668,0.952463328879928,0.9233552421498867,0.0002473375330797332
00847-bCPU9suPUw9,belief,11,aquarium,0_0_212,0_0,4,0.00015029513819915603,0.9801583785470427,0.9270530865768214,0.9723155331951806,0.00017011274295576442
00847-bCPU9suPUw9,belief,11,aquarium,0_0_240,0_0,5,0.0001371327318684463,0.9714243010032002,0.9515231931813748,0.9798090267585658,0.0001514158537086877
00847-bCPU9suPUw9,belief,12,arcade game,0_0_121,0_0,1,0.00011369557692221736,0.980537410238765,0.9074141339458586,0.9749621184654413,0.00013106481550441627
00847-bCPU9suPUw9,belief,12,arcade game,1_4_40,1_4,2,0.00010603225492039651,0.9063135648389717,0.9195469443544857,0.9818555645026293,0.00012958000903487508
00847-bCPU9suPUw9,belief,12,arcade game,0_2_136,0_2,3,7.884883040532344e-05,0.9841152340640581,0.9277847367971246,0.9791478550795489,8.81969974675172e-05
00847-bCPU9suPUw9,belief,12,arcade game,1_4_155,1_4,4,7.118214840593424e-05,0.9677963261750706,0.9163951762858948,0.999760931001942,8.028014842714667e-05
00847-bCPU9suPUw9,belief,12,arcade game,1_4_328,1_4,5,6.915059190473653e-05,0.9604532926292239,0.9485197742122746,0.9225041364003069,8.228201919834671e-05
00847-bCPU9suPUw9,belief,13,artwork,0_2_338,0_2,1,0.7331973457379389,0.8096549255980385,0.9896423681867994,0.9863440250793714,0.9277142420222048
00847-bCPU9suPUw9,belief,13,artwork,0_0_126,0_0,2,0.1995621370790362,0.9829451528124721,0.9622482357207982,0.9810596467802857,0.21506330949656152
00847-bCPU9suPUw9,belief,13,artwork,0_0_124,0_0,3,0.18484587937252797,0.9762646087626297,0.8973885654837033,0.9810596456555989,0.21506328957352241
00847-bCPU9suPUw9,belief,13,artwork,0_0_122,0_0,4,0.08926508872063582,0.9868125643995859,0.939876458575045,0.98246829951637,0.09796200210810542
00847-bCPU9suPUw9,belief,13,artwork,0_2_187,0_2,5,0.08757209873723926,0.9371803566560442,0.9040747988065558,0.9976796384730838,0.10359698318083559
00847-bCPU9suPUw9,belief,14,ashtray,0_0_20,0_0,1,0.01425753712884515,0.9558162924507192,0.9292816973908237,0.8341524826375847,0.019243198149508346
00847-bCPU9suPUw9,belief,14,ashtray,0_0_4,0_0,2,0.011546718181054778,0.9776704441239437,0.9238391988199979,0.9962689395356504,0.012831963149122792
00847-bCPU9suPUw9,belief,14,ashtray,0_0_208,0_0,3,0.007925682335709932,0.9456783402323937,0.9345773540972708,0.5252727287116182,0.017072342414737245
00847-bCPU9suPUw9,belief,14,ashtray,0_0_211,0_0,4,0.007920824846780965,0.8926172025421795,0.9326931510284149,0.9725942458414373,0.009782158018913608
00847-bCPU9suPUw9,belief,14,ashtray,1_4_328,1_4,5,0.0037928758174748537,0.9604532926292239,0.9485197742122746,0.9225041364003069,0.00451312811986262
00847-bCPU9suPUw9,belief,15,audio player,0_0_121,0_0,1,0.0001848674255317972,0.980537410238765,0.9074141339458586,0.9749621184654413,0.00021310956570173034
00847-bCPU9suPUw9,belief,15,audio player,1_1_11,1_1,2,0.00012048478172108181,0.982985536318247,0.9292621414017141,0.989335145769878,0.00013332248070483443
00847-bCPU9suPUw9,belief,15,audio player,1_3_49,1_3,3,9.192939722060236e-05,0.9683928929761182,0.9201044686745878,0.9928466458756158,0.0001039162595650856
00847-bCPU9suPUw9,belief,15,audio player,1_4_328,1_4,4,7.072272691864499e-05,0.9604532926292239,0.9485197742122746,0.9225041364003069,8.415269651048044e-05
00847-bCPU9suPUw9,belief,15,audio player,1_1_12,1_1,5,6.938378831865258e-05,0.9894747713504456,0.9397623336545973,0.9806563237277454,7.608839364759749e-05
00847-bCPU9suPUw9,belief,16,axe,1_2_6,1_2,1,0.1728698388774394,0.9714544889254447,0.9279938424436841,0.9858602980949762,0.19450747491860507
00847-bCPU9suPUw9,belief,16,axe,1_2_58,1_2,2,0.143122799433564,0.9293061801383182,0.9452391704188443,0.9323275257666694,0.17475909225528308
00847-bCPU9suPUw9,belief,16,axe,1_2_21,1_2,3,0.1050748323466779,0.9708024788809548,0.9630360197883844,0.9913519018174298,0.1133698191906684
00847-bCPU9suPUw9,belief,16,axe,0_2_223,0_2,4,0.08883013192981963,0.9901965769985998,0.9174174062216531,0.9808145287494577,0.09969767265696658
00847-bCPU9suPUw9,belief,16,axe,0_0_97,0_0,5,0.0699261018309508,0.9935984202372122,0.9307273273458063,0.9321404593735364,0.08111937606283301
00847-bCPU9suPUw9,belief,17,baby changing table,1_3_101,1_3,1,0.07953540780958557,0.9893706900232927,0.9196818511375601,0.9977036786950922,0.08761173524901066
00847-bCPU9suPUw9,belief,17,baby changing table,0_2_37,0_2,2,0.012048680305051107,0.9884835295758005,0.9566629402657467,0.9987264294217421,0.01275746984938449
00847-bCPU9suPUw9,belief,17,baby changing table,1_1_59,1_1,3,0.00751777312489785,0.9655507200291046,0.9326566021066128,0.9979259770108478,0.00836554089134768
00847-bCPU9suPUw9,belief,17,baby changing table,1_3_57,1_3,4,0.007498499734781477,0.9451796220556087,0.9346289387145241,0.9977655825491838,0.008507310574254327
00847-bCPU9suPUw9,belief,17,baby changing table,1_1_60,1_1,5,0.00728020338930727,0.8893756882356225,0.9379361937960633,0.9978754446208856,0.008745982985770819
00847-bCPU9suPUw9,belief,18,backrest,0_1_58,0_1,1,0.21778656726110893,0.9509849632752544,0.8970625175923091,0.9831554584350312,0.25966447307388957
00847-bCPU9suPUw9,belief,18,backrest,1_3_29,1_3,2,0.1716482524229909,0.963099699797448,0.8931299065471393,0.9925305491475604,0.20105256764706694
00847-bCPU9suPUw9,belief,18,backrest,1_3_34,1_3,3,0.15932892551387287,0.9756157395504041,0.9407904630419404,0.997704253818282,0.17398872239303623
00847-bCPU9suPUw9,belief,18,backrest,1_3_15,1_3,4,0.08655003741254853,0.8449524367204703,0.9087559006545167,0.9925362732441313,0.11356417910038753
00847-bCPU9suPUw9,belief,18,backrest,1_3_64,1_3,5,0.08586666661376552,0.9761914731259796,0.958321398354016,0.9882616292272491,0.09287663554349702
00847-bCPU9suPUw9,belief,19,backsplash,0_0_126,0_0,1,0.022100472777344855,0.9829451528124721,0.9622482357207982,0.9810596467802857,0.02381714731313001
00847-bCPU9suPUw9,belief,19,backsplash,0_1_49,0_1,2,0.020886376718747605,0.9679494798183441,0.9522228297239309,0.9999995707789281,0.022660631735616513
00847-bCPU9suPUw9,belief,19,backsplash,0_0_124,0_0,3,0.02047072121480518,0.9762646087626297,0.8973885654837033,0.9810596456555989,0.023817142472112907
00847-bCPU9suPUw9,belief,19,backsplash,0_1_54,0_1,4,0.01650090321536971,0.9685596441182659,0.9316450784584414,0.9999994762886704,0.018286520640004543
00847-bCPU9suPUw9,belief,19,backsplash,0_0_260,0_0,5,0.015519455008434225,0.9770527382691702,0.9192028147077451,0.9994897512581242,0.01728895600748922
00847-bCPU9suPUw9,belief,20,bag,1_3_49,1_3,1,0.1179980718065552,0.9683928929761182,0.9201044686745878,0.9928466458756158,0.1333840820102927
00847-bCPU9suPUw9,belief,20,bag,0_2_64,0_2,2,0.1125139514799589,0.9469693373111846,0.9219938431991817,0.9554580748397383,0.13487479710837869
00847-bCPU9suPUw9,belief,20,bag,0_2_195,0_2,3,0.09218186907915525,0.9456759470027117,0.9107264797062872,0.9580455287824602,0.11171951823111752
00847-bCPU9suPUw9,belief,20,bag,0_2_69,0_2,4,0.07356561881767526,0.9825165914289137,0.9095021173536175,0.969029112025432,0.08495607910651115
00847-bCPU9suPUw9,belief,20,bag,0_2_25,0_2,5,0.07095314811361757,0.8582849444062622,0.9539204953906208,0.9928654294655455,0.08728459593875447
00847-bCPU9suPUw9,belief,21,ball,0_2_292,0_2,1,0.12002500047145007,0.9842554975406272,0.9291218997752065,0.4643038225405581,0.2826759831230101
00847-bCPU9suPUw9,belief,21,ball,1_4_126,1_4,2,0.026456195357216356,0.9827955028400963,0.9232371952679889,0.947146773874221,0.030784609643212977
00847-bCPU9suPUw9,belief,21,ball,1_4_241,1_4,3,0.022336692301210874,0.9584791129543668,0.952463328879928,0.9233552421498867,0.02649836790112602
00847-bCPU9suPUw9,belief,21,ball,0_2_290,0_2,4,0.014753221887532473,0.9692813413091799,0.9535778116099691,0.9901195467961315,0.01612104722151675
00847-bCPU9suPUw9,belief,21,ball,0_2_300,0_2,5,0.014063578165566243,0.964014837880345,0.9155089710672812,0.9895199735393286,0.016103673015126684
00847-bCPU9suPUw9,belief,22,ball pool,0_0_121,0_0,1,4.099244297300791e-05,0.980537410238765,0.9074141339458586,0.9749621184654413,4.725484597354384e-05
00847-bCPU9suPUw9,belief,22,ball pool,0_2_292,0_2,2,2.12713123216577e-05,0.9842554975406272,0.9291218997752065,0.4643038225405581,5.009697229096412e-05
00847-bCPU9suPUw9,belief,22,ball pool,0_2_290,0_2,3,1.5983102198472913e-05,0.9692813413091799,0.9535778116099691,0.9901195467961315,1.7464954248783772e-05
00847-bCPU9suPUw9,belief,22,ball pool,0_2_300,0_2,4,1.4377813703566593e-05,0.964014837880345,0.9155089710672812,0.9895199735393286,1.6463492279763047e-05
00847-bCPU9suPUw9,belief,22,ball pool,1_1_72,1_1,5,1.4049967323618452e-05,0.9962260723114014,0.93748408002247,0.9945068197205462,1.5126753980458589e-05
00847-bCPU9suPUw9,belief,23,bar,0_1_21,0_1,1,0.020182538079311644,0.9668342461107468,0.921719750376947,0.9942681034561754,0.022778302419834046
00847-bCPU9suPUw9,belief,23,bar,0_1_23,0_1,2,0.01460213959494496,0.9776777075165078,0.9431075102464561,0.9836684123055457,0.01609944313393609
00847-bCPU9suPUw9,belief,23,bar,0_1_3,0_1,3,0.014521000011997746,0.9866744390811721,0.9478143073203493,0.9840177354875044,0.01577961715602632
00847-bCPU9suPUw9,belief,23,bar,0_0_235,0_0,4,0.014365222968981508,0.9671138260334371,0.9000684254092766,0.9898343528303527,0.016672346596842347
00847-bCPU9suPUw9,belief,23,bar,1_4_17,1_4,5,0.014011036496776399,0.9867112216490664,0.8706470537714086,0.9978228086465357,0.01634498909845306
00847-bCPU9suPUw9,belief,24,barbecue,0_0_20,0_0,1,0.0002592583324124597,0.9558162924507192,0.9292816973908237,0.8341524826375847,0.0003499173396806834
00847-bCPU9suPUw9,belief,24,barbecue,0_2_98,0_2,2,0.00018868542697689374,0.9495780360135,0.9386331792097166,0.9988527177627043,0.00021193873646684912
00847-bCPU9suPUw9,belief,24,barbecue,0_0_121,0_0,3,0.00013807309716371818,0.980537410238765,0.9074141339458586,0.9749621184654413,0.00015916648207226614
00847-bCPU9suPUw9,belief,24,barbecue,0_1_9,0_1,4,8.137482201167059e-05,0.9864604532511158,0.9353844965161752,0.9941106263218981,8.871263698186108e-05
00847-bCPU9suPUw9,belief,24,barbecue,0_2_132,0_2,5,7.838297180255139e-05,0.783320874937119,0.9932097766195169,0.9988327411875426,0.00010086680607339674
00847-bCPU9suPUw9,belief,25,barrel,0_0_97,0_0,1,0.06628911066422209,0.9935984202372122,0.9307273273458063,0.9321404593735364,0.07690020115581023
00847-bCPU9suPUw9,belief,25,barrel,0_0_211,0_0,2,0.04297614914315778,0.8926172025421795,0.9326931510284149,0.9725942458414373,0.05307521503061882
00847-bCPU9suPUw9,belief,25,barrel,0_0_212,0_0,3,0.030931255128922856,0.9801583785470427,0.9270530865768214,0.9723155331951806,0.03500978618532034
00847-bCPU9suPUw9,belief,25,barrel,1_2_67,1_2,4,0.03090184995467817,0.9697050783369277,0.9365615710026757,0.737039973898197,0.046165488226406474
00847-bCPU9suPUw9,belief,25,barrel,1_4_328,1_4,5,0.024652994359155772,0.9604532926292239,0.9485197742122746,0.9225041364003069,0.02933450169090808
00847-bCPU9suPUw9,belief,26,base,0_0_121,0_0,1,0.08782606421588408,0.980537410238765,0.9074141339458586,0.9749621184654413,0.10124322523829427
00847-bCPU9suPUw9,belief,26,base,0_2_263,0_2,2,0.08762582115376222,0.9666385543566175,0.9414456342630766,0.9733096724486212,0.09892856345888484
00847-bCPU9suPUw9,belief,26,base,0_0_20,0_0,3,0.07619548848508453,0.9558162924507192,0.9292816973908237,0.8341524826375847,0.10283998349551049
00847-bCPU9suPUw9,belief,26,base,0_1_21,0_1,4,0.0688097229026839,0.9668342461107468,0.921719750376947,0.9942681034561754,0.07765964179247432
00847-bCPU9suPUw9,belief,26,base,1_2_58,1_2,5,0.0668213641675514,0.9293061801383182,0.9452391704188443,0.9323275257666694,0.08159175890492283
00847-bCPU9suPUw9,belief,27,baseball bat,1_2_21,1_2,1,0.006116931374952288,0.9708024788809548,0.9630360197883844,0.9913519018174298,0.006599824034855982
00847-bCPU9suPUw9,belief,27,baseball bat,1_2_3,1_2,2,0.00440361892652234,0.9836414567758642,0.9310703182825264,0.9909829822238319,0.004852038371982697
00847-bCPU9suPUw9,belief,27,baseball bat,1_3_74,1_3,3,0.0037998745804491453,0.9836616745701543,0.9554656975714891,0.9910197190723364,0.004079680152585582
00847-bCPU9suPUw9,belief,27,baseball bat,0_2_172,0_2,4,0.0034084136561303565,0.9729394952168455,0.9375111085948395,0.9696488976026109,0.0038536789687677138
00847-bCPU9suPUw9,belief,27,baseball bat,1_2_53,1_2,5,0.0031533008156878228,0.97994567326137,0.9144022822944775,0.9850746894626197,0.003572374178940057
00847-bCPU9suPUw9,belief,28,basket,1_4_327,1_4,1,0.20641549518156735,0.985690957548284,0.909577245928382,0.9991908181450124,0.23041646065372315
00847-bCPU9suPUw9,belief,28,basket,0_0_212,0_0,2,0.005667357774423344,0.9801583785470427,0.9270530865768214,0.9723155331951806,0.006414643799331129
00847-bCPU9suPUw9,belief,28,basket,0_2_30,0_2,3,0.005536300004065526,0.9504582919290898,0.9635658303955671,0.8741924031768115,0.006915094716935712
00847-bCPU9suPUw9,belief,28,basket,0_0_4,0_0,4,0.004586089172322592,0.9776704441239437,0.9238391988199979,0.9962689395356504,0.005096558722147561
00847-bCPU9suPUw9,belief,28,basket,0_0_211,0_0,5,0.003535808601871367,0.8926172025421795,0.9326931510284149,0.9725942458414373,0.0043666965419890905
00847-bCPU9suPUw9,belief,29,basketball hoop,1_1_72,1_1,1,0.00036963819012190204,0.9962260723114014,0.93748408002247,0.9945068197205462,0.0003979671863262359
00847-bCPU9suPUw9,belief,29,basketball hoop,0_2_136,0_2,2,0.00029564187742271925,0.9841152340640581,0.9277847367971246,0.9791478550795489,0.0003306926149735656
00847-bCPU9suPUw9,belief,29,basketball hoop,0_2_334,0_2,3,0.00029138030876779306,0.9779093171374452,0.8756535143380724,0.9947132530964056,0.00034208293989577846
00847-bCPU9suPUw9,belief,29,basketball hoop,1_1_2,1_1,4,0.000291049513998622,0.875927279208128,0.9699338647558149,0.9987597075304229,0.0003430012401413198
00847-bCPU9suPUw9,belief,29,basketball hoop,0_2_248,0_2,5,0.00027316703856329594,0.9815044747856067,0.9472520410410628,0.9975525169414278,0.00029453349580869123
00847-bCPU9suPUw9,belief,30,basketballs,0_0_121,0_0,1,2.3744838549419638e-05,0.980537410238765,0.9074141339458586,0.9749621184654413,2.737233028678792e-05
00847-bCPU9suPUw9,belief,30,basketballs,1_2_13,1_2,2,1.5578449832829198e-05,0.9838160208694432,0.9261763521023154,0.9539003722450231,1.7923121269108973e-05
00847-bCPU9suPUw9,belief,30,basketballs,0_2_292,0_2,3,1.0755889255180512e-05,0.9842554975406272,0.9291218997752065,0.4643038225405581,2.5331652219352326e-05
00847-bCPU9suPUw9,belief,30,basketballs,1_4_126,1_4,4,7.27398510047864e-06,0.9827955028400963,0.9232371952679889,0.947146773874221,8.464058752412509e-06
00847-bCPU9suPUw9,belief,30,basketballs,0_2_136,0_2,5,5.098706964446663e-06,0.9841152340640581,0.9277847367971246,0.9791478550795489,5.7031999449994875e-06
00847-bCPU9suPUw9,belief,31,bathroom accessory,1_4_155,1_4,1,0.5337216033778968,0.9677963261750706,0.9163951762858948,0.999760931001942,0.6019381333309154
00847-bCPU9suPUw9,belief,31,bathroom accessory,1_0_9,1_0,2,0.44441635081717024,0.9879213317992196,0.950492526594505,0.9970204793865409,0.47469524379061057
00847-bCPU9suPUw9,belief,31,bathroom accessory,1_4_147,1_4,3,0.34175329807544497,0.9719609419504801,0.9487145779318946,0.9995510289508289,0.37078602454165904
00847-bCPU9suPUw9,belief,31,bathroom accessory,1_0_13,1_0,4,0.2925837338408925,0.9718846951660357,0.9767092601715524,0.9911530218160428,0.3109778238606222
00847-bCPU9suPUw9,belief,31,bathroom accessory,1_0_14,1_0,5,0.2737949585225001,0.9469521219796478,0.9380528288204386,0.9911530222829298,0.31097782263365337
00847-bCPU9suPUw9,belief,32,bathtub,1_4_97,1_4,1,0.8483065211879225,0.9753737484601999,0.9404408792579793,0.9994068018229625,0.9253540779147198
00847-bCPU9suPUw9,belief,32,bathtub,1_0_9,1_0,2,0.13251336387730456,0.9879213317992196,0.950492526594505,0.9970204793865409,0.14154173998231
00847-bCPU9suPUw9,belief,32,bathtub,1_0_13,1_0,3,0.11326964482612316,0.9718846951660357,0.9767092601715524,0.9911530218160428,0.12039065601865764
00847-bCPU9suPUw9,belief,32,bathtub,1_0_14,1_0,4,0.10599583239541986,0.9469521219796478,0.9380528288204386,0.9911530222829298,0.12039065052346656
00847-bCPU9suPUw9,belief,32,bathtub,1_4_328,1_4,5,0.034975226670095366,0.9604532926292239,0.9485197742122746,0.9225041364003069,0.04161688559802762
00847-bCPU9suPUw9,belief,33,bed,1_4_61,1_4,1,0.5003285840973161,0.9708508071895477,0.9382309946363239,0.9982408008713185,0.5502470546175744
00847-bCPU9suPUw9,belief,33,bed,1_3_36,1_3,2,0.48090713974111404,0.9816951924047467,0.9290829198868937,0.9993081014948726,0.5276314524651027
00847-bCPU9suPUw9,belief,33,bed,1_4_217,1_4,3,0.4656000967118668,0.9204200777848942,0.9372274113761248,0.998893892637585,0.5403344259394579
00847-bCPU9suPUw9,belief,33,bed,1_3_62,1_3,4,0.4613845584242107,0.9710893167480736,0.9388428061605337,0.9984719336286829,0.5068449627547031
00847-bCPU9suPUw9,belief,33,bed,1_4_211,1_4,5,0.44189764720290775,0.9321787601289072,0.9518077837373738,0.9991617070737536,0.4984681943850233
00847-bCPU9suPUw9,belief,34,bed ladder,1_4_240,1_4,1,0.17811826238027967,0.9562195722056306,0.9694927488841755,0.9967391732522055,0.19276346700369917
00847-bCPU9suPUw9,belief,34,bed ladder,1_4_239,1_4,2,0.09227701379892704,0.8676468448019495,0.9430627114227044,0.9978579003697331,0.11301634725581555
00847-bCPU9suPUw9,belief,34,bed ladder,1_4_88,1_4,3,0.09224444496570014,0.8918146382472668,0.9171821472888311,0.9978578995351336,0.1130163645413771
00847-bCPU9suPUw9,belief,34,bed ladder,1_4_242,1_4,4,0.06583964231129591,0.9652873804310298,0.9298740256837983,0.997362158668688,0.0735451149610785
00847-bCPU9suPUw9,belief,34,bed ladder,1_4_278,1_4,5,0.05331563432692536,0.978543883044493,0.9386913383932867,0.9973038564044621,0.058200131411534205
00847-bCPU9suPUw9,belief,35,beer crate,0_2_327,0_2,1,0.00040079992200124106,0.9445953020550382,0.9074453748881943,0.9950522854590871,0.0004699108297605299
00847-bCPU9suPUw9,belief,35,beer crate,0_0_205,0_0,2,0.0002789646131323782,0.9789207304452919,0.9416084567305552,0.9843866999205924,0.000307443632661626
00847-bCPU9suPUw9,belief,35,beer crate,0_2_88,0_2,3,0.0002677225510741859,0.9510359837129343,0.942987520611742,0.9975321573623284,0.00029926446757713005
00847-bCPU9suPUw9,belief,35,beer crate,1_3_49,1_3,4,0.00018741218129373854,0.9683928929761182,0.9201044686745878,0.9928466458756158,0.0002118492393705636
00847-bCPU9suPUw9,belief,35,beer crate,0_0_121,0_0,5,0.00011838784266772216,0.980537410238765,0.9074141339458586,0.9749621184654413,0.00013647391725560412
00847-bCPU9suPUw9,belief,36,bell,1_4_148,1_4,1,0.17537814813416577,0.99217376965109,0.9704388242885794,0.9806729473606345,0.18573569727319894
00847-bCPU9suPUw9,belief,36,bell,1_4_145,1_4,2,0.14089949305490918,0.9104007378457085,0.9396733623387052,0.9388654336659464,0.17542705145875725
00847-bCPU9suPUw9,belief,36,bell,1_4_305,1_4,3,0.044888511656696016,0.9803690094225991,0.9173311822905326,0.9881609252321623,0.0505116783024727
00847-bCPU9suPUw9,belief,36,bell,1_2_7,1_2,4,0.03207989902828759,0.9773377151328473,0.9437427944289503,0.968209432762009,0.035922402615784006
00847-bCPU9suPUw9,belief,36,bell,1_4_345,1_4,5,0.029603317149878697,0.9995187386112809,0.9514544893053117,0.946147330701966,0.032900511454396174
00847-bCPU9suPUw9,belief,37,belt,1_4_195,1_4,1,0.02380922768588148,0.9576862368852862,0.9265959194609358,0.9722931956401751,0.02759525631155198
00847-bCPU9suPUw9,belief,37,belt,1_2_6,1_2,2,0.01634368751166449,0.9714544889254447,0.9279938424436841,0.9858602980949762,0.018389381336824256
00847-bCPU9suPUw9,belief,37,belt,1_4_23,1_4,3,0.013203191799144936,0.9757141508161377,0.9196815272469567,0.988656368651467,0.01488241795279578
00847-bCPU9suPUw9,belief,37,belt,1_4_237,1_4,4,0.012708571738488932,0.963559720480698,0.9475630106305433,0.9655640888196348,0.014415473217821528
00847-bCPU9suPUw9,belief,37,belt,0_1_52,0_1,5,0.011327961833071415,0.9756472557783127,0.9667846760308239,0.9278204126855808,0.012943903564202794
00847-bCPU9suPUw9,belief,38,bench,1_4_20,1_4,1,0.12765560859939237,0.9752845075762993,0.955558663304775,0.997827043332922,0.13727642183848193
00847-bCPU9suPUw9,belief,38,bench,0_1_2,0_1,2,0.11412651885686009,0.9533353589206437,0.9330189467693164,0.9995270389960043,0.12836772933488763
00847-bCPU9suPUw9,belief,38,bench,1_3_101,1_3,3,0.05722024689462227,0.9893706900232927,0.9196818511375601,0.9977036786950922,0.06303060812634051
00847-bCPU9suPUw9,belief,38,bench,0_1_32,0_1,4,0.055349612697748775,0.926458849399351,0.9374389902833673,0.9989939837619464,0.06379440139381506
00847-bCPU9suPUw9,belief,38,bench,0_1_9,0_1,5,0.05512150290139604,0.9864604532511158,0.9353844965161752,0.9941106263218981,0.060091976312831016
00847-bCPU9suPUw9,belief,39,beverage dispenser,1_4_155,1_4,1,0.0006730321878615965,0.9677963261750706,0.9163951762858948,0.999760931001942,0.0007590544138911072
00847-bCPU9suPUw9,belief,39,beverage dispenser,0_0_121,0_0,2,0.00034070872352496174,0.980537410238765,0.9074141339458586,0.9749621184654413,0.0003927586912206276
00847-bCPU9suPUw9,belief,39,beverage dispenser,0_2_247,0_2,3,0.00023153712525752812,0.979711549400011,0.9255274494838945,0.9982680538477267,0.0002557913960110857
00847-bCPU9suPUw9,belief,39,beverage dispenser,1_3_4,1_3,4,0.00012570104630299086,0.9850588760745584,0.9383394647664787,0.9958823729247366,0.00013655533633353224
00847-bCPU9suPUw9,belief,39,beverage dispenser,1_1_11,1_1,5,0.00012225759467495768,0.982985536318247,0.9292621414017141,0.989335145769878,0.00013528418754830577
00847-bCPU9suPUw9,belief,40,bicycle,0_0_121,0_0,1,0.00586423889509971,0.980537410238765,0.9074141339458586,0.9749621184654413,0.006760116881115659
00847-bCPU9suPUw9,belief,40,bicycle,1_4_5,1_4,2,4.469830644873432e-05,0.9754499978438192,0.9103070525785506,0.9967787274763326,5.050093141728388e-05
00847-bCPU9suPUw9,belief,40,bicycle,0_0_123,0_0,3,3.50456088015763e-05,0.9832116690193844,0.928859975342101,0.9954850605809882,3.854797673585244e-05
00847-bCPU9suPUw9,belief,40,bicycle,0_2_136,0_2,4,2.9519516274148778e-05,0.9841152340640581,0.9277847367971246,0.9791478550795489,3.301929386510794e-05
00847-bCPU9suPUw9,belief,40,bicycle,0_0_125,0_0,5,1.670686266072794e-05,0.9514772513185493,0.9094933546484936,0.9916341524934934,1.9469082583848417e-05
00847-bCPU9suPUw9,belief,41,bicycle helmet,1_4_148,1_4,1,0.0010679628795698258,0.99217376965109,0.9704388242885794,0.9806729473606345,0.0011310350360584764
00847-bCPU9suPUw9,belief,41,bicycle helmet,0_0_121,0_0,2,0.0006276920143674309,0.980537410238765,0.9074141339458586,0.9749621184654413,0.0007235843318069007
00847-bCPU9suPUw9,belief,41,bicycle helmet,0_2_292,0_2,3,0.0006141005660578616,0.9842554975406272,0.9291218997752065,0.4643038225405581,0.0014462943600495521
00847-bCPU9suPUw9,belief,41,bicycle helmet,0_1_20,0_1,4,0.00032004592408172653,0.9616718444518728,0.9163727851402917,0.9438985782514853,0.0003847582004178177
00847-bCPU9suPUw9,belief,41,bicycle helmet,1_4_145,1_4,5,0.0003181337104370731,0.9104007378457085,0.9396733623387052,0.9388654336659464,0.00039609268693295216
00847-bCPU9suPUw9,belief,42,bin,1_4_327,1_4,1,0.642768987567467,0.985690957548284,0.909577245928382,0.9991908181450124,0.7175069633362403
00847-bCPU9suPUw9,belief,42,bin,1_3_4,1_3,2,0.27772755418689415,0.9850588760745584,0.9383394647664787,0.9958823729247366,0.30170933883609413
00847-bCPU9suPUw9,belief,42,bin,0_2_327,0_2,3,0.19307897667901938,0.9445953020550382,0.9074453748881943,0.9950522854590871,0.22637205538246352
00847-bCPU9suPUw9,belief,42,bin,1_3_57,1_3,4,0.19168775541842442,0.9451796220556087,0.9346289387145241,0.9977655825491838,0.2174764721350974
00847-bCPU9suPUw9,belief,42,bin,0_2_236,0_2,5,0.1888346107473285,0.9875060942700524,0.9284061671094364,0.9964388454230142,0.20670603017382566
00847-bCPU9suPUw9,belief,43,birdhouse,1_3_61,1_3,1,0.009720508625380962,0.9758969322766786,0.9465551749150145,0.988051185178914,0.0106502464982279
00847-bCPU9suPUw9,belief,43,birdhouse,1_1_11,1_1,2,0.003827908659253786,0.982985536318247,0.9292621414017141,0.989335145769878,0.004235773772198599
00847-bCPU9suPUw9,belief,43,birdhouse,0_2_271,0_2,3,0.001022657657112124,0.962668301979982,0.9645721560036902,0.9957172578114508,0.0011060705957433006
00847-bCPU9suPUw9,belief,43,birdhouse,0_2_290,0_2,4,0.0009702081218563354,0.9692813413091799,0.9535778116099691,0.9901195467961315,0.0010601596767389927
00847-bCPU9suPUw9,belief,43,birdhouse,0_2_300,0_2,5,0.0009502888139693019,0.964014837880345,0.9155089710672812,0.9895199735393286,0.001088139885165422
00847-bCPU9suPUw9,belief,44,blanket,1_1_39,1_1,1,0.953510359728031,0.993061929743434,0.9629628213985946,0.9999031474065729,0.9971985252721189
00847-bCPU9suPUw9,belief,44,blanket,1_1_73,1_1,2,0.9444988295629864,0.9906295958793524,0.955732508729507,0.9998997595267541,0.9976938676821281
00847-bCPU9suPUw9,belief,44,blanket,1_1_44,1_1,3,0.9373107519288416,0.98651363688125,0.9528334873542226,0.9999152004214756,0.9972414542665253
00847-bCPU9suPUw9,belief,44,blanket,1_1_38,1_1,4,0.936744580812423,0.9908462431755934,0.9500518261160622,0.9999078357817441,0.995193781019631
00847-bCPU9suPUw9,belief,44,blanket,1_1_45,1_1,5,0.9367424717058151,0.9908384680422732,0.9501549399932095,0.998967261301453,0.9960282724890316
00847-bCPU9suPUw9,belief,45,board,0_2_1,0_2,1,0.061306565829254506,0.9533536320457875,0.9975684197425698,0.9934352881458938,0.06488894137700899
00847-bCPU9suPUw9,belief,45,board,0_2_256,0_2,2,0.05585071731153759,0.9514547751449999,0.9498521559759621,0.9918696649800218,0.06230601627999191
00847-bCPU9suPUw9,belief,45,board,0_2_92,0_2,3,0.054101457839798466,0.9739298569933931,0.9438623585887784,0.9959729586191018,0.05909150813768936
00847-bCPU9suPUw9,belief,45,board,0_2_105,0_2,4,0.02651692927274575,0.9568878116871917,0.9145799759972775,0.9976823196946016,0.030370241321593067
00847-bCPU9suPUw9,belief,45,board,0_2_106,0_2,5,0.019996793619601223,0.9509053731506522,0.964717997765949,0.9633743099869675,0.022627033574987885
00847-bCPU9suPUw9,belief,46,board game,0_1_28,0_1,1,2.3763238388570497e-05,0.9800328733394298,0.9476457523588722,0.9906294902194217,2.582900691481169e-05
00847-bCPU9suPUw9,belief,46,board game,1_2_58,1_2,2,2.2215430054987756e-05,0.9293061801383182,0.9452391704188443,0.9323275257666694,2.7125995339914627e-05
00847-bCPU9suPUw9,belief,46,board game,0_0_121,0_0,3,1.8998719782408955e-05,0.980537410238765,0.9074141339458586,0.9749621184654413,2.1901148404436722e-05
00847-bCPU9suPUw9,belief,46,board game,0_1_9,0_1,4,1.7477972811768385e-05,0.9864604532511158,0.9353844965161752,0.9941106263218981,1.9054014729603646e-05
00847-bCPU9suPUw9,belief,46,board game,0_1_3,0_1,5,1.4703825977120345e-05,0.9866744390811721,0.9478143073203493,0.9840177354875044,1.5978289680882185e-05
00847-bCPU9suPUw9,belief,47,board with keys,0_2_1,0_2,1,0.000411969082196559,0.9533536320457875,0.9975684197425698,0.9934352881458938,0.0004360420007580415
00847-bCPU9suPUw9,belief,47,board with keys,0_2_92,0_2,2,0.0002937513051124587,0.9739298569933931,0.9438623585887784,0.9959729586191018,0.00032084546941248165
00847-bCPU9suPUw9,belief,47,board with keys,0_2_256,0_2,3,0.00016759080999511182,0.9514547751449999,0.9498521559759621,0.9918696649800218,0.00018696117504967812
00847-bCPU9suPUw9,belief,47,board with keys,1_3_72,1_3,4,6.593852828859839e-05,0.9841260009409399,0.920416770886517,0.9964739217335177,7.305300459795667e-05
00847-bCPU9suPUw9,belief,47,board with keys,1_3_49,1_3,5,3.260429865172308e-05,0.9683928929761182,0.9201044686745878,0.9928466458756158,3.685563991570166e-05
00847-bCPU9suPUw9,belief,48,book,1_1_12,1_1,1,0.19334447118324422,0.9894747713504456,0.9397623336545973,0.9806563237277454,0.21202748638362248
00847-bCPU9suPUw9,belief,48,book,0_1_21,0_1,2,0.14864779043741355,0.9668342461107468,0.921719750376947,0.9942681034561754,0.1677660317705197
00847-bCPU9suPUw9,belief,48,book,1_4_17,1_4,3,0.1007016965449399,0.9867112216490664,0.8706470537714086,0.9978228086465357,0.11747654305243357
00847-bCPU9suPUw9,belief,48,book,0_0_137,0_0,4,0.09060011327066701,0.9611991548897947,0.9558155101439146,0.9877854654023952,0.09983404209279251
00847-bCPU9suPUw9,belief,48,book,0_0_4,0_0,5,0.07232388884500605,0.9776704441239437,0.9238391988199979,0.9962689395356504,0.0803741341832588
00847-bCPU9suPUw9,belief,49,bottle,0_0_212,0_0,1,0.23827201566934944,0.9801583785470427,0.9270530865768214,0.9723155331951806,0.2696900687592536
00847-bCPU9suPUw9,belief,49,bottle,1_4_148,1_4,2,0.11324946031448806,0.99217376965109,0.9704388242885794,0.9806729473606345,0.11993778986212904
00847-bCPU9suPUw9,belief,49,bottle,0_0_205,0_0,3,0.07583936289874084,0.9789207304452919,0.9416084567305552,0.9843866999205924,0.08358167355537613
00847-bCPU9suPUw9,belief,49,bottle,0_1_20,0_1,4,0.05675360489142127,0.9616718444518728,0.9163727851402917,0.9438985782514853,0.06822900478392277
00847-bCPU9suPUw9,belief,49,bottle,0_0_211,0_0,5,0.0468677814941718,0.8926172025421795,0.9326931510284149,0.9725942458414373,0.05788135117748824
00847-bCPU9suPUw9,belief,50,bottle dispenser,1_4_155,1_4,1,0.003539793066248962,0.9677963261750706,0.9163951762858948,0.999760931001942,0.003992224442837419
00847-bCPU9suPUw9,belief,50,bottle dispenser,1_4_156,1_4,2,0.0006756480840255181,0.9702866154909134,0.94748469789608,0.9992083527795266,0.0007355162097187222
00847-bCPU9suPUw9,belief,50,bottle dispenser,0_1_28,0_1,3,0.0005353289249161522,0.9800328733394298,0.9476457523588722,0.9906294902194217,0.0005818657489885065
00847-bCPU9suPUw9,belief,50,bottle dispenser,0_0_121,0_0,4,0.0005231783278469745,0.980537410238765,0.9074141339458586,0.9749621184654413,0.0006031041212982609
00847-bCPU9suPUw9,belief,50,bottle dispenser,1_4_147,1_4,5,0.0004947440324995773,0.9719609419504801,0.9487145779318946,0.9995510289508289,0.0005367736727319915
00847-bCPU9suPUw9,belief,51,bottle opener,0_2_271,0_2,1,0.004199298555402709,0.962668301979982,0.9645721560036902,0.9957172578114508,0.0045418137952386245
00847-bCPU9suPUw9,belief,51,bottle opener,1_2_6,1_2,2,0.00349428459129933,0.9714544889254447,0.9279938424436841,0.9858602980949762,0.0039316544569841854
00847-bCPU9suPUw9,belief,51,bottle opener,0_2_30,0_2,3,0.0030356966488619243,0.9504582919290898,0.9635658303955671,0.8741924031768115,0.00379172549235937
00847-bCPU9suPUw9,belief,51,bottle opener,1_4_156,1_4,4,0.0029085140285593503,0.9702866154909134,0.94748469789608,0.9992083527795266,0.0031662329321708073
00847-bCPU9suPUw9,belief,51,bottle opener,1_2_21,1_2,5,0.0027023908807349453,0.9708024788809548,0.9630360197883844,0.9913519018174298,0.002915727379136934
00847-bCPU9suPUw9,belief,52,bowl,0_0_20,0_0,1,0.0944095272707381,0.9558162924507192,0.9292816973908237,0.8341524826375847,0.12742321651028238
00847-bCPU9suPUw9,belief,52,bowl,0_0_6,0_0,2,0.04442181195635223,0.9773141850124706,0.9166695898087085,0.8349075633226346,0.05938966119826449
00847-bCPU9suPUw9,belief,52,bowl,0_0_4,0_0,3,0.02710076320360902,0.9776704441239437,0.9238391988199979,0.9962689395356504,0.03011730166865879
00847-bCPU9suPUw9,belief,52,bowl,0_2_292,0_2,4,0.019926416397832627,0.9842554975406272,0.9291218997752065,0.4643038225405581,0.04692955070402723
00847-bCPU9suPUw9,belief,52,bowl,1_2_7,1_2,5,0.019068925760179965,0.9773377151328473,0.9437427944289503,0.968209432762009,0.021352985805960775
00847-bCPU9suPUw9,belief,53,box,0_2_37,0_2,1,0.7017453888332407,0.9884835295758005,0.9566629402657467,0.9987264294217421,0.7430270712910819
00847-bCPU9suPUw9,belief,53,box,1_1_15,1_1,2,0.6971176323620059,0.9964169804949806,0.9436596214191183,0.9997967026281712,0.7415456220379099
00847-bCPU9suPUw9,belief,53,box,1_1_43,1_1,3,0.6655291632220631,0.9733704622282906,0.9105692635893206,0.9998405943540726,0.7510090591015799
00847-bCPU9suPUw9,belief,53,box,1_1_8,1_1,4,0.6331626531506691,0.9817878061306111,0.934488836937555,0.9997809599628582,0.6902694883502274
00847-bCPU9suPUw9,belief,53,box,1_1_66,1_1,5,0.5786986521235689,0.9716742695032022,0.9374329496521883,0.9996703453731087,0.6355280809556108
00847-bCPU9suPUw9,belief,54,boxing ring,1_4_333,1_4,1,0.0009690424638043796,0.9596541733413347,0.9315444463392639,0.978263618206661,0.001108073500197765
00847-bCPU9suPUw9,belief,54,boxing ring,1_4_224,1_4,2,0.00022628520038333518,0.9945146437888872,0.9454876334411562,0.9483441801514149,0.0002537599806123178
00847-bCPU9suPUw9,belief,54,boxing ring,1_2_58,1_2,3,0.0001814408753607234,0.9293061801383182,0.9452391704188443,0.9323275257666694,0.0002215471106038747
00847-bCPU9suPUw9,belief,54,boxing ring,1_4_282,1_4,4,0.00015435252420672904,0.9820655992587496,0.885348459329415,0.9859951518664664,0.0001800463088599662
00847-bCPU9suPUw9,belief,54,boxing ring,1_4_220,1_4,5,0.00014898969138579926,0.9703434760975853,0.956641036977619,0.9961843922095304,0.00016111723133901019
00847-bCPU9suPUw9,belief,55,bread,0_0_20,0_0,1,0.23063638615794235,0.9558162924507192,0.9292816973908237,0.8341524826375847,0.3112866997445651
00847-bCPU9suPUw9,belief,55,bread,0_0_4,0_0,2,0.07418410430636704,0.9776704441239437,0.9238391988199979,0.9962689395356504,0.0824414069680729
00847-bCPU9suPUw9,belief,55,bread,0_0_121,0_0,3,0.03096801757165882,0.980537410238765,0.9074141339458586,0.9749621184654413,0.03569899216346601
00847-bCPU9suPUw9,belief,55,bread,0_2_292,0_2,4,0.030439935441938046,0.9842554975406272,0.9291218997752065,0.4643038225405581,0.07169038653157558
00847-bCPU9suPUw9,belief,55,bread,0_2_21,0_2,5,0.029162675238601048,0.9642783589779383,0.9414129006121297,0.9260155237793699,0.0346917756153674
00847-bCPU9suPUw9,belief,56,bread box,1_3_57,1_3,1,0.038765010602023524,0.9451796220556087,0.9346289387145241,0.9977655825491838,0.04398026222178516
00847-bCPU9suPUw9,belief,56,bread box,1_3_4,1_3,2,0.018629791391038687,0.9850588760745584,0.9383394647664787,0.9958823729247366,0.020238474571601883
00847-bCPU9suPUw9,belief,56,bread box,0_2_37,0_2,3,0.01567841634270742,0.9884835295758005,0.9566629402657467,0.9987264294217421,0.016600732919632273
00847-bCPU9suPUw9,belief,56,bread box,1_1_3,1_1,4,0.006461783934972443,0.9831000787082023,0.923480495348546,0.9995111784776827,0.007120972663272081
00847-bCPU9suPUw9,belief,56,bread box,1_1_8,1_1,5,0.005501592988000989,0.9817878061306111,0.934488836937555,0.9997809599628582,0.005997798129819509
00847-bCPU9suPUw9,belief,57,bricks,0_2_136,0_2,1,0.011057626142952985,0.9841152340640581,0.9277847367971246,0.9791478550795489,0.012368597224758998
00847-bCPU9suPUw9,belief,57,bricks,0_2_309,0_2,2,0.006069194591337473,0.9753406038230976,0.9014373125282586,0.9884476964253381,0.006983699332298921
00847-bCPU9suPUw9,belief,57,bricks,0_2_313,0_2,3,0.005844693461596306,0.9640882213910421,0.9083422631211608,0.9784874265776927,0.006820876571568945
00847-bCPU9suPUw9,belief,57,bricks,0_2_315,0_2,4,0.004792485983665877,0.9849428757830294,0.9460588065725959,0.9924587224620363,0.005182260287958675
00847-bCPU9suPUw9,belief,57,bricks,0_2_350,0_2,5,0.0029482007763537202,0.9665705962044463,0.9245236601192487,0.9862413268188426,0.0033452012457216027
00847-bCPU9suPUw9,belief,58,bridge,0_2_169,0_2,1,0.01220823526069764,0.9544576904593849,0.9360662545623567,0.9869383335091076,0.01384521172470628
00847-bCPU9suPUw9,belief,58,bridge,0_2_308,0_2,2,0.012004250742154242,0.9875811462866516,0.9392715606435618,0.9873392738537596,0.013107041743201063
00847-bCPU9suPUw9,belief,58,bridge,0_2_309,0_2,3,0.011683704396378168,0.9753406038230976,0.9014373125282586,0.9884476964253381,0.013444202087081693
00847-bCPU9suPUw9,belief,58,bridge,0_2_315,0_2,4,0.009516100536135217,0.9849428757830294,0.9460588065725959,0.9924587224620363,0.010290047810826094
00847-bCPU9suPUw9,belief,58,bridge,0_2_322,0_2,5,0.0047961085600689585,0.9915297495626615,0.9673118599010523,0.991433565821556,0.005043745038482232
00847-bCPU9suPUw9,belief,59,broom,0_2_308,0_2,1,0.05379240090473777,0.9875811462866516,0.9392715606435618,0.9873392738537596,0.05873413170632231
00847-bCPU9suPUw9,belief,59,broom,0_2_172,0_2,2,0.0288388696774767,0.9729394952168455,0.9375111085948395,0.9696488976026109,0.03260629629248101
00847-bCPU9suPUw9,belief,59,broom,0_2_263,0_2,3,0.028726485257945824,0.9666385543566175,0.9414456342630766,0.9733096724486212,0.03243187775444199
00847-bCPU9suPUw9,belief,59,broom,1_4_195,1_4,4,0.0172534837077739,0.9576862368852862,0.9265959194609358,0.9722931956401751,0.01999704952485862
00847-bCPU9suPUw9,belief,59,broom,0_2_309,0_2,5,0.01412249324242067,0.9753406038230976,0.9014373125282586,0.9884476964253381,0.01625046703367517
00847-bCPU9suPUw9,belief,60,brush,1_2_53,1_2,1,0.13882775457986277,0.97994567326137,0.9144022822944775,0.9850746894626197,0.15727794928856148
00847-bCPU9suPUw9,belief,60,brush,1_4_333,1_4,2,0.06211258407887831,0.9596541733413347,0.9315444463392639,0.978263618206661,0.07102403766333237
00847-bCPU9suPUw9,belief,60,brush,1_2_13,1_2,3,0.05515915498506286,0.9838160208694432,0.9261763521023154,0.9539003722450231,0.06346101406158423
00847-bCPU9suPUw9,belief,60,brush,0_2_76,0_2,4,0.05406161667962045,0.984385157870063,0.9202547648698964,0.993237239377537,0.06008456245574685
00847-bCPU9suPUw9,belief,60,brush,1_4_126,1_4,5,0.047024540435894165,0.9827955028400963,0.9232371952679889,0.947146773874221,0.054718076481682046
00847-bCPU9suPUw9,belief,61,bucket,0_0_211,0_0,1,0.05057351709426256,0.8926172025421795,0.9326931510284149,0.9725942458414373,0.0624579062607803
00847-bCPU9suPUw9,belief,61,bucket,1_4_327,1_4,2,0.04429269521516904,0.985690957548284,0.909577245928382,0.9991908181450124,0.04944282916026312
00847-bCPU9suPUw9,belief,61,bucket,1_4_359,1_4,3,0.030552821790551757,0.9222874126269561,0.937465564120963,0.9932423760058563,0.035577422521531704
00847-bCPU9suPUw9,belief,61,bucket,1_3_4,1_3,4,0.02973838939747052,0.9850588760745584,0.9383394647664787,0.9958823729247366,0.03230630042967679
00847-bCPU9suPUw9,belief,61,bucket,1_4_213,1_4,5,0.028345975894061924,0.978424323458879,0.9379155492151564,0.9682307162921814,0.03190226959622266
00847-bCPU9suPUw9,belief,62,buffet,0_0_20,0_0,1,0.009502539818047096,0.9558162924507192,0.9292816973908237,0.8341524826375847,0.012825444885030065
00847-bCPU9suPUw9,belief,62,buffet,0_1_21,0_1,2,0.0024181554164168302,0.9668342461107468,0.921719750376947,0.9942681034561754,0.002729164942330233
00847-bCPU9suPUw9,belief,62,buffet,0_1_23,0_1,3,0.0016985969563876077,0.9776777075165078,0.9431075102464561,0.9836684123055457,0.001872771105154079
00847-bCPU9suPUw9,belief,62,buffet,0_1_6,0_1,4,0.0016421269130119777,0.9514698954620838,0.9406626921292077,0.9890504216466115,0.0018550657834965599
00847-bCPU9suPUw9,belief,62,buffet,0_1_3,0_1,5,0.001244296473945458,0.9866744390811721,0.9478143073203493,0.9840177354875044,0.0013521466821314024
00847-bCPU9suPUw9,belief,63,button,0_0_119,0_0,1,0.03598143964041813,0.9808515710835324,0.9460597068130485,0.9981587200107882,0.03884696483901649
00847-bCPU9suPUw9,belief,63,button,1_4_256,1_4,2,0.034553398604860494,0.977309597035249,0.889928639832974,0.9990872021251436,0.03976491214291595
00847-bCPU9suPUw9,belief,63,button,0_2_292,0_2,3,0.023268891702082163,0.9842554975406272,0.9291218997752065,0.4643038225405581,0.05480155644434685
00847-bCPU9suPUw9,belief,63,button,0_2_343,0_2,4,0.021282254107739523,0.9941945066531863,0.9420015878921808,0.9960420072257069,0.022814816258654655
00847-bCPU9suPUw9,belief,63,button,0_1_52,0_1,5,0.02018464058794916,0.9756472557783127,0.9667846760308239,0.9278204126855808,0.023063993779158805
00847-bCPU9suPUw9,belief,64,cabinet,0_0_281,0_0,1,0.8921891273595564,0.9701132826183153,0.9728400230041778,0.9996661765019363,0.945666594824005
00847-bCPU9suPUw9,belief,64,cabinet,0_0_200,0_0,2,0.8803011603242029,0.9795099999597643,0.9654904852023293,0.9997900358385984,0.93103412163285
00847-bCPU9suPUw9,belief,64,cabinet,0_2_339,0_2,3,0.8628011107236045,0.9469773140218521,0.9360481938553032,0.9996782140821172,0.9736720045382101
00847-bCPU9suPUw9,belief,64,cabinet,0_0_55,0_0,4,0.8624253631467906,0.8935841169764617,0.9910593015249471,0.9998510906260004,0.9739824081982634
00847-bCPU9suPUw9,belief,64,cabinet,0_0_258,0_0,5,0.8600262605440148,0.9309537731357583,0.9869738176023084,0.9997673613108964,0.9362223606467013
00847-bCPU9suPUw9,belief,65,cable,1_1_49,1_1,1,0.04893332661460799,0.9875282130458138,0.96686008017256,0.9958178228838686,0.05146496774705506
00847-bCPU9suPUw9,belief,65,cable,1_4_237,1_4,2,0.025154673744143232,0.963559720480698,0.9475630106305433,0.9655640888196348,0.028533224120183533
00847-bCPU9suPUw9,belief,65,cable,0_2_271,0_2,3,0.024226943667430056,0.962668301979982,0.9645721560036902,0.9957172578114508,0.026203011172814955
00847-bCPU9suPUw9,belief,65,cable,1_4_220,1_4,4,0.017723404214885226,0.9703434760975853,0.956641036977619,0.9961843922095304,0.0191660630372755
00847-bCPU9suPUw9,belief,65,cable,0_2_131,0_2,5,0.01354801201073368,0.9731734208072776,0.9497817666389246,0.9981787229673406,0.014684298280705546
00847-bCPU9suPUw9,belief,66,cage,1_4_145,1_4,1,0.0004763637310247361,0.9104007378457085,0.9396733623387052,0.9388654336659464,0.0005930971286248383
00847-bCPU9suPUw9,belief,66,cage,0_0_121,0_0,2,0.00023032421976210347,0.980537410238765,0.9074141339458586,0.9749621184654413,0.0002655107805114604
00847-bCPU9suPUw9,belief,66,cage,1_4_148,1_4,3,0.00021478048363070948,0.99217376965109,0.9704388242885794,0.9806729473606345,0.00022746507083257997
00847-bCPU9suPUw9,belief,66,cage,0_2_271,0_2,4,0.0002049099279859078,0.962668301979982,0.9645721560036902,0.9957172578114508,0.00022162337957856856
00847-bCPU9suPUw9,belief,66,cage,0_0_47,0_0,5,0.00014188314582232826,0.9574161092083963,0.900891200723434,0.9980569326734499,0.00016481715671791175
00847-bCPU9suPUw9,belief,67,cake,0_0_20,0_0,1,0.1980424312301838,0.9558162924507192,0.9292816973908237,0.8341524826375847,0.2672950953403193
00847-bCPU9suPUw9,belief,67,cake,0_0_4,0_0,2,0.1900182992046667,0.9776704441239437,0.9238391988199979,0.9962689395356504,0.21116890313075395
00847-bCPU9suPUw9,belief,67,cake,1_4_333,1_4,3,0.0926422754870149,0.9596541733413347,0.9315444463392639,0.978263618206661,0.10593390310489532
00847-bCPU9suPUw9,belief,67,cake,1_2_58,1_2,4,0.043192873404043236,0.9293061801383182,0.9452391704188443,0.9323275257666694,0.052740355679612126
00847-bCPU9suPUw9,belief,67,cake,0_1_23,0_1,5,0.04271880518939362,0.9776777075165078,0.9431075102464561,0.9836684123055457,0.04709919189749595
00847-bCPU9suPUw9,belief,68,calculator,1_4_278,1_4,1,3.880109650143483e-05,0.978543883044493,0.9386913383932867,0.9973038564044621,4.2355848219828465e-05
00847-bCPU9suPUw9,belief,68,calculator,1_3_49,1_3,2,3.090826359028361e-05,0.9683928929761182,0.9201044686745878,0.9928466458756158,3.4938455369684306e-05
00847-bCPU9suPUw9,belief,68,calculator,0_0_133,0_0,3,2.741467111038069e-05,0.9739733717502285,0.9213976511405337,0.9878747257834515,3.092338171645852e-05
00847-bCPU9suPUw9,belief,68,calculator,1_4_282,1_4,4,2.3134409659121654e-05,0.9820655992587496,0.885348459329415,0.9859951518664664,2.698540298052098e-05
00847-bCPU9suPUw9,belief,68,calculator,0_0_121,0_0,5,1.9596989088999353e-05,0.980537410238765,0.9074141339458586,0.9749621184654413,2.2590815130380422e-05
00847-bCPU9suPUw9,belief,69,calendar,1_4_282,1_4,1,0.0020321217728184967,0.9820655992587496,0.885348459329415,0.9859951518664664,0.0023703922318750823
00847-bCPU9suPUw9,belief,69,calendar,1_1_11,1_1,2,0.0017432778906887499,0.982985536318247,0.9292621414017141,0.989335145769878,0.0019290248081500901
00847-bCPU9suPUw9,belief,69,calendar,0_1_28,0_1,3,0.0006825871620851821,0.9800328733394298,0.9476457523588722,0.9906294902194217,0.0007419253319421184
00847-bCPU9suPUw9,belief,69,calendar,1_2_13,1_2,4,0.000542234063247864,0.9838160208694432,0.9261763521023154,0.9539003722450231,0.0006238442833607786
00847-bCPU9suPUw9,belief,69,calendar,1_1_12,1_1,5,0.000506404996016629,0.9894747713504456,0.9397623336545973,0.9806563237277454,0.0005553392747173593
00847-bCPU9suPUw9,belief,70,camera,1_4_5,1_4,1,0.40724963893310523,0.9754499978438192,0.9103070525785506,0.9967787274763326,0.46011779236116296
00847-bCPU9suPUw9,belief,70,camera,1_3_55,1_3,2,0.357618715602848,0.8778479667617384,0.9073427556194804,0.9983118937944454,0.44974185837813346
00847-bCPU9suPUw9,belief,70,camera,0_2_187,0_2,3,0.28804117992380057,0.9371803566560442,0.9040747988065558,0.9976796384730838,0.340750052839201
00847-bCPU9suPUw9,belief,70,camera,1_4_374,1_4,4,0.2836687322228297,0.9554333180069399,0.997483057582193,0.9978422592733065,0.2982934143577173
00847-bCPU9suPUw9,belief,70,camera,1_1_18,1_1,5,0.2233985516380297,0.9624676309328831,0.9368992758634318,0.9967037379387524,0.2485622836505968
00847-bCPU9suPUw9,belief,71,can,0_0_212,0_0,1,0.6438575519434984,0.9801583785470427,0.9270530865768214,0.9723155331951806,0.7287552714363659
00847-bCPU9suPUw9,belief,71,can,0_0_211,0_0,2,0.3444951105413346,0.8926172025421795,0.9326931510284149,0.9725942458414373,0.42544882297554915
00847-bCPU9suPUw9,belief,71,can,0_2_345,0_2,3,0.17302212034347111,0.9781309952261958,0.9398219611742706,0.9948443534737413,0.1891924844296811
00847-bCPU9suPUw9,belief,71,can,0_2_363,0_2,4,0.1658198858064611,0.9883427521465526,0.9184306491876022,0.9949530227413631,0.18360313223775185
00847-bCPU9suPUw9,belief,71,can,0_2_334,0_2,5,0.1652590877933065,0.9779093171374452,0.8756535143380724,0.9947132530964056,0.19401556280826307
00847-bCPU9suPUw9,belief,72,canal,1_4_328,1_4,1,0.0009161410519622487,0.9604532926292239,0.9485197742122746,0.9225041364003069,0.0010901126591916844
00847-bCPU9suPUw9,belief,72,canal,0_0_121,0_0,2,0.0008669366577145787,0.980537410238765,0.9074141339458586,0.9749621184654413,0.0009993783062916407
00847-bCPU9suPUw9,belief,72,canal,0_2_334,0_2,3,0.0006669088519641985,0.9779093171374452,0.8756535143380724,0.9947132530964056,0.0007829566166883277
00847-bCPU9suPUw9,belief,72,canal,0_2_345,0_2,4,0.0006377936586276492,0.9781309952261958,0.9398219611742706,0.9948443534737413,0.0006974008097330204
00847-bCPU9suPUw9,belief,72,canal,0_2_363,0_2,5,0.0005455099726386778,0.9883427521465526,0.9184306491876022,0.9949530227413631,0.0006040128369180735
00847-bCPU9suPUw9,belief,73,candelabra,1_1_11,1_1,1,0.0007916446147472573,0.982985536318247,0.9292621414017141,0.989335145769878,0.0008759946473493901
00847-bCPU9suPUw9,belief,73,candelabra,1_4_5,1_4,2,0.0003203782744437937,0.9754499978438192,0.9103070525785506,0.9967787274763326,0.0003619689995152359
00847-bCPU9suPUw9,belief,73,candelabra,0_2_30,0_2,3,0.00026217061894169563,0.9504582919290898,0.9635658303955671,0.8741924031768115,0.00032746322645958037
00847-bCPU9suPUw9,belief,73,candelabra,1_4_145,1_4,4,0.0002245576417671266,0.9104007378457085,0.9396733623387052,0.9388654336659464,0.00027958571123025313
00847-bCPU9suPUw9,belief,73,candelabra,0_0_121,0_0,5,0.00021949773142429638,0.980537410238765,0.9074141339458586,0.9749621184654413,0.00025303033285494197
00847-bCPU9suPUw9,belief,74,candle,1_4_241,1_4,1,0.005635088837150189,0.9584791129543668,0.952463328879928,0.9233552421498867,0.006684994140974017
00847-bCPU9suPUw9,belief,74,candle,1_4_328,1_4,2,0.0035608307339151835,0.9604532926292239,0.9485197742122746,0.9225041364003069,0.004237018581326176
00847-bCPU9suPUw9,belief,74,candle,1_4_145,1_4,3,0.0027704657542084567,0.9104007378457085,0.9396733623387052,0.9388654336659464,0.003449371093470503
00847-bCPU9suPUw9,belief,74,candle,0_0_121,0_0,4,0.001128579772489521,0.980537410238765,0.9074141339458586,0.9749621184654413,0.001300992559847335
00847-bCPU9suPUw9,belief,74,candle,0_2_30,0_2,5,0.0010217892676561643,0.9504582919290898,0.9635658303955671,0.8741924031768115,0.0012762620453013883
00847-bCPU9suPUw9,belief,75,candle holder,1_1_11,1_1,1,0.0041401426869838494,0.982985536318247,0.9292621414017141,0.989335145769878,0.004581276453473327
00847-bCPU9suPUw9,belief,75,candle holder,0_2_30,0_2,2,0.003013938250053007,0.9504582919290898,0.9635658303955671,0.8741924031768115,0.003764548246086221
00847-bCPU9suPUw9,belief,75,candle holder,1_4_145,1_4,3,0.002152754964170956,0.9104007378457085,0.9396733623387052,0.9388654336659464,0.0026802896709538972
00847-bCPU9suPUw9,belief,75,candle holder,1_4_5,1_4,4,0.001693058728630734,0.9754499978438192,0.9103070525785506,0.9967787274763326,0.0019128474775230683
00847-bCPU9suPUw9,belief,75,candle holder,0_1_20,0_1,5,0.0012622189956277576,0.9616718444518728,0.9163727851402917,0.9438985782514853,0.0015174356951563818
00847-bCPU9suPUw9,belief,76,candle stand,1_4_145,1_4,1,0.010813082921969194,0.9104007378457085,0.9396733623387052,0.9388654336659464,0.013462839454226182
00847-bCPU9suPUw9,belief,76,candle stand,0_0_4,0_0,2,0.004726944186031126,0.9776704441239437,0.9238391988199979,0.9962689395356504,0.005253092060619669
00847-bCPU9suPUw9,belief,76,candle stand,0_0_121,0_0,3,0.004689929780387555,0.980537410238765,0.9074141339458586,0.9749621184654413,0.005406408921392669
00847-bCPU9suPUw9,belief,76,candle stand,1_1_11,1_1,4,0.004573614280970356,0.982985536318247,0.9292621414017141,0.989335145769878,0.005060934609464722
00847-bCPU9suPUw9,belief,76,candle stand,0_1_20,0_1,5,0.0027758921636243717,0.9616718444518728,0.9163727851402917,0.9438985782514853,0.0033371688031786973
00847-bCPU9suPUw9,belief,77,candlestick,1_1_11,1_1,1,0.008568438713917582,0.982985536318247,0.9292621414017141,0.989335145769878,0.009481409094066093
00847-bCPU9suPUw9,belief,77,candlestick,0_2_30,0_2,2,0.0027527157870382672,0.9504582919290898,0.9635658303955671,0.8741924031768115,0.003438269310224424
00847-bCPU9suPUw9,belief,77,candlestick,1_4_5,1_4,3,0.0015970892758186551,0.9754499978438192,0.9103070525785506,0.9967787274763326,0.0018044195047501918
00847-bCPU9suPUw9,belief,77,candlestick,0_1_20,0_1,4,0.0007830140626075824,0.9616718444518728,0.9163727851402917,0.9438985782514853,0.0009413370362242315
00847-bCPU9suPUw9,belief,77,candlestick,1_4_241,1_4,5,0.000567147164599031,0.9584791129543668,0.952463328879928,0.9233552421498867,0.0006728155636907306
00847-bCPU9suPUw9,belief,78,canoe,1_4_283,1_4,1,0.00559510730081573,0.9901690676923827,0.9288921866230879,0.9919227841205641,0.006132758863000154
00847-bCPU9suPUw9,belief,78,canoe,1_2_58,1_2,2,0.005244808349310955,0.9293061801383182,0.9452391704188443,0.9323275257666694,0.006404136516376465
00847-bCPU9suPUw9,belief,78,canoe,0_0_20,0_0,3,0.00330867053968601,0.9558162924507192,0.9292816973908237,0.8341524826375847,0.00446566628101608
00847-bCPU9suPUw9,belief,78,canoe,0_0_6,0_0,4,0.003037516366165384,0.9773141850124706,0.9166695898087085,0.8349075633226346,0.004061002015136153
00847-bCPU9suPUw9,belief,78,canoe,1_2_21,1_2,5,0.0030196572306035725,0.9708024788809548,0.9630360197883844,0.9913519018174298,0.0032580398807759317
00847-bCPU9suPUw9,belief,79,canopy,1_1_68,1_1,1,0.0996486520548209,0.9823109709446154,0.9339299368664071,0.9908740174448137,0.10961997445258259
00847-bCPU9suPUw9,belief,79,canopy,1_2_44,1_2,2,0.09062996422335447,0.9968035345773663,0.9461879913635816,0.9910954239203157,0.09695480483578096
00847-bCPU9suPUw9,belief,79,canopy,1_1_81,1_1,3,0.08387138209299108,0.973370163213639,0.9006887925125376,0.9918201407913706,0.09645574240496115
00847-bCPU9suPUw9,belief,79,canopy,1_1_75,1_1,4,0.07053893532406173,0.993253458468687,0.9320663630932697,0.9909066519172842,0.07689343025310061
00847-bCPU9suPUw9,belief,79,canopy,1_1_6,1_1,5,0.059848003983892506,0.9833922150008606,0.9404063514148511,0.9912661597583717,0.0652855505425293
00847-bCPU9suPUw9,belief,80,car,0_0_245,0_0,1,0.5993764083469717,0.9536861710046758,0.921513822699142,0.9942139093670969,0.685981606626082
00847-bCPU9suPUw9,belief,80,car,0_0_244,0_0,2,0.0545563699880106,0.9715390748033921,0.9448291453079254,0.993442282800629,0.059825904253457546
00847-bCPU9suPUw9,belief,80,car,1_4_126,1_4,3,0.018944653651086718,0.9827955028400963,0.9232371952679889,0.947146773874221,0.022044128401686295
00847-bCPU9suPUw9,belief,80,car,1_4_237,1_4,4,0.004020489435753761,0.963559720480698,0.9475630106305433,0.9655640888196348,0.0045604855507180644
00847-bCPU9suPUw9,belief,80,car,1_4_66,1_4,5,0.0038361667170693538,0.9727851225239699,0.9448777923546839,0.9912710657842172,0.00421029456521052
00847-bCPU9suPUw9,belief,81,card,1_3_40,1_3,1,0.10927628257025965,0.9229440424393438,0.906954867628111,0.9978750070966076,0.13082439057103176
00847-bCPU9suPUw9,belief,81,card,0_2_294,0_2,2,0.08783940301373372,0.9724730964750051,0.9102151103679561,0.9761906584779318,0.1016560175296679
00847-bCPU9suPUw9,belief,81,card,0_0_264,0_0,3,0.08271625306098165,0.9598997520548957,0.9217683003870645,0.9951656092943066,0.09393941378585531
00847-bCPU9suPUw9,belief,81,card,0_1_21,0_1,4,0.07704316423884511,0.9668342461107468,0.921719750376947,0.9942681034561754,0.08695202196656583
00847-bCPU9suPUw9,belief,81,card,0_2_284,0_2,5,0.075418571642472,0.9870919339071765,0.940688447954914,0.995555931320782,0.08158479471164483
00847-bCPU9suPUw9,belief,82,cardboard,0_2_281,0_2,1,0.9113764523771756,0.9771098145970905,0.9597670690229099,0.9990723568730968,0.9727284999186661
00847-bCPU9suPUw9,belief,82,cardboard,0_2_280,0_2,2,0.8852396960233058,0.9750330376761656,0.9624971546466727,0.9936596900863558,0.9493020583266175
00847-bCPU9suPUw9,belief,82,cardboard,0_2_277,0_2,3,0.8527987813008657,0.9826034817292116,0.9386669164711787,0.9936571273628994,0.9305082093816626
00847-bCPU9suPUw9,belief,82,cardboard,0_2_295,0_2,4,0.8523352554944059,0.9786733428275947,0.9387227244285721,0.9922712790446074,0.9349856409300988
00847-bCPU9suPUw9,belief,82,cardboard,1_4_57,1_4,5,0.8515539978185176,0.9807091734549515,0.9426986226904605,0.9980819200887712,0.922853775669171
00847-bCPU9suPUw9,belief,83,cart,1_4_333,1_4,1,0.04328832704902488,0.9596541733413347,0.9315444463392639,0.978263618206661,0.049499015639217235
00847-bCPU9suPUw9,belief,83,cart,0_0_121,0_0,2,0.021623472895254826,0.980537410238765,0.9074141339458586,0.9749621184654413,0.02492688424915772
00847-bCPU9suPUw9,belief,83,cart,0_2_88,0_2,3,0.015392137889416171,0.9510359837129343,0.942987520611742,0.9975321573623284,0.017205573202062792
00847-bCPU9suPUw9,belief,83,cart,0_2_134,0_2,4,0.014379072966578789,0.9900314290123388,0.9291918269468333,0.9985301810256297,0.015653639523716553
00847-bCPU9suPUw9,belief,83,cart,0_2_136,0_2,5,0.014236210477208097,0.9841152340640581,0.9277847367971246,0.9791478550795489,0.01592402845991478
00847-bCPU9suPUw9,belief,84,cash register,0_2_88,0_2,1,0.0018025033376060913,0.9510359837129343,0.942987520611742,0.9975321573623284,0.0020148665081456364
00847-bCPU9suPUw9,belief,84,cash register,1_3_49,1_3,2,0.0006865665121675272,0.9683928929761182,0.9201044686745878,0.9928466458756158,0.0007760893255493574
00847-bCPU9suPUw9,belief,84,cash register,0_1_23,0_1,3,0.0004888522162001324,0.9776777075165078,0.9431075102464561,0.9836684123055457,0.0005389791273011266
00847-bCPU9suPUw9,belief,84,cash register,0_2_134,0_2,4,0.0004278632404021609,0.9900314290123388,0.9291918269468333,0.9985301810256297,0.0004657892025634714
00847-bCPU9suPUw9,belief,84,cash register,0_2_54,0_2,5,0.0002709828464767747,0.9870250138440182,0.9240868966774098,0.9995373395453188,0.0002972362727141404
00847-bCPU9suPUw9,belief,85,casket,0_2_37,0_2,1,0.07490411879097353,0.9884835295758005,0.9566629402657467,0.9987264294217421,0.07931051475155775
00847-bCPU9suPUw9,belief,85,casket,1_4_20,1_4,2,0.046946264581672115,0.9752845075762993,0.955558663304775,0.997827043332922,0.050484387573436235
00847-bCPU9suPUw9,belief,85,casket,1_3_49,1_3,3,0.012158491983134973,0.9683928929761182,0.9201044686745878,0.9928466458756158,0.013743862649371427
00847-bCPU9suPUw9,belief,85,casket,0_2_84,0_2,4,0.009548511974939953,0.9621638685591154,0.936066354866346,0.9979787670068098,0.010623282142178685
00847-bCPU9suPUw9,belief,85,casket,1_4_209,1_4,5,0.008671370145171173,0.6905394554138183,0.9920797415254472,0.9728626751183557,0.013010713210960631
00847-bCPU9suPUw9,belief,86,cassette,1_4_328,1_4,1,0.04586980689668818,0.9604532926292239,0.9485197742122746,0.9225041364003069,0.054580304054334956
00847-bCPU9suPUw9,belief,86,cassette,1_3_72,1_3,2,0.03533526028108172,0.9841260009409399,0.920416770886517,0.9964739217335177,0.039147778981142446
00847-bCPU9suPUw9,belief,86,cassette,1_4_333,1_4,3,0.031988782020406836,0.9596541733413347,0.9315444463392639,0.978263618206661,0.03657829556948187
00847-bCPU9suPUw9,belief,86,cassette,1_4_237,1_4,4,0.027879549584018448,0.963559720480698,0.9475630106305433,0.9655640888196348,0.03162408086631546
00847-bCPU9suPUw9,belief,86,cassette,1_3_49,1_3,5,0.027677609883896604,0.9683928929761182,0.9201044686745878,0.9928466458756158,0.031286550111215145
00847-bCPU9suPUw9,belief,87,cat,1_3_60,1_3,1,0.8898122285941845,0.9977494882419705,0.9668225038530371,0.9976465047186374,0.924599002044023
00847-bCPU9suPUw9,belief,87,cat,1_1_7,1_1,2,0.8326294225349216,0.9868418117297069,0.934227691316152,0.9786614214024935,0.9228242674830542
00847-bCPU9suPUw9,belief,87,cat,0_2_136,0_2,3,0.6950053540973099,0.9841152340640581,0.9277847367971246,0.9791478550795489,0.7774038643329435
00847-bCPU9suPUw9,belief,87,cat,0_2_341,0_2,4,0.6502962425867527,0.9420643858060724,0.9189283821439715,0.9970189373914217,0.7534346443526542
00847-bCPU9suPUw9,belief,87,cat,1_4_326,1_4,5,0.6237665833003233,0.9800131452579719,0.9153728166888546,0.9781754129381959,0.7108458791571108
00847-bCPU9suPUw9,belief,88,cat food,0_0_211,0_0,1,0.0016517626888780984,0.8926172025421795,0.9326931510284149,0.9725942458414373,0.002039914269650559
00847-bCPU9suPUw9,belief,88,cat food,0_0_212,0_0,2,0.0015865695433216647,0.9801583785470427,0.9270530865768214,0.9723155331951806,0.001795771307963962
00847-bCPU9suPUw9,belief,88,cat food,0_0_20,0_0,3,0.0015221197830810093,0.9558162924507192,0.9292816973908237,0.8341524826375847,0.0020543837500416194
00847-bCPU9suPUw9,belief,88,cat food,0_2_247,0_2,4,0.0005396211086864676,0.979711549400011,0.9255274494838945,0.9982680538477267,0.00059614818381474
00847-bCPU9suPUw9,belief,88,cat food,0_1_28,0_1,5,0.00048784302594038565,0.9800328733394298,0.9476457523588722,0.9906294902194217,0.0005302518404401226
00847-bCPU9suPUw9,belief,89,cat litter box,1_3_57,1_3,1,0.037912711853450666,0.9451796220556087,0.9346289387145241,0.9977655825491838,0.04301329944088044
00847-bCPU9suPUw9,belief,89,cat litter box,1_1_60,1_1,2,0.03405786973836064,0.8893756882356225,0.9379361937960633,0.9978754446208856,0.040915003789701
00847-bCPU9suPUw9,belief,89,cat litter box,0_2_37,0_2,3,0.03199402175601012,0.9884835295758005,0.9566629402657467,0.9987264294217421,0.03387613892799019
00847-bCPU9suPUw9,belief,89,cat litter box,1_1_3,1_1,4,0.020345873424567888,0.9831000787082023,0.923480495348546,0.9995111784776827,0.022421425712272708
00847-bCPU9suPUw9,belief,89,cat litter box,1_3_101,1_3,5,0.01269666231988,0.9893706900232927,0.9196818511375601,0.9977036786950922,0.01398592964253781
00847-bCPU9suPUw9,belief,90,cat tree,0_0_121,0_0,1,0.005847199260395924,0.980537410238765,0.9074141339458586,0.9749621184654413,0.006740474106619319
00847-bCPU9suPUw9,belief,90,cat tree,0_2_271,0_2,2,0.004397511586920107,0.962668301979982,0.9645721560036902,0.9957172578114508,0.004756194046860304
00847-bCPU9suPUw9,belief,90,cat tree,1_1_12,1_1,3,0.004320596993079375,0.9894747713504456,0.9397623336545973,0.9806563237277454,0.0047380993855833005
00847-bCPU9suPUw9,belief,90,cat tree,1_4_239,1_4,4,0.003139898485934993,0.8676468448019495,0.9430627114227044,0.9978579003697331,0.0038455932092436745
00847-bCPU9suPUw9,belief,90,cat tree,1_4_88,1_4,5,0.003138788069423923,0.8918146382472668,0.9171821472888311,0.9978578995351336,0.0038455911009496846
00847-bCPU9suPUw9,belief,91,cd,1_4_328,1_4,1,0.07076994546153013,0.9604532926292239,0.9485197742122746,0.9225041364003069,0.08420888167021914
00847-bCPU9suPUw9,belief,91,cd,1_4_241,1_4,2,0.012609645175284755,0.9584791129543668,0.952463328879928,0.9233552421498867,0.014959019556321715
00847-bCPU9suPUw9,belief,91,cd,1_1_12,1_1,3,0.010935481528194062,0.9894747713504456,0.9397623336545973,0.9806563237277454,0.01199218496721338
00847-bCPU9suPUw9,belief,91,cd,0_2_136,0_2,4,0.010142484934169376,0.9841152340640581,0.9277847367971246,0.9791478550795489,0.011344958618344623
00847-bCPU9suPUw9,belief,91,cd,1_1_11,1_1,5,0.009942762265483133,0.982985536318247,0.9292621414017141,0.989335145769878,0.011002167338953523
00847-bCPU9suPUw9,belief,92,ceiling arch,0_0_289,0_0,1,0.816231425891306,0.9872181699363464,0.9392574372344975,0.9979491064561146,0.8820782943616418
00847-bCPU9suPUw9,belief,92,ceiling arch,0_0_140,0_0,2,0.7546627526020854,0.9803055342294719,0.9164339888100141,0.9976284636006872,0.842018127401173
00847-bCPU9suPUw9,belief,92,ceiling arch,0_0_147,0_0,3,0.7426367111796254,0.9626156035430739,0.9302192114352805,0.997473177042605,0.8314516251560146
00847-bCPU9suPUw9,belief,92,ceiling arch,0_0_48,0_0,4,0.681787784943231,0.9663955168189002,0.904130398513133,0.9985267648600745,0.7814541967836678
00847-bCPU9suPUw9,belief,92,ceiling arch,0_0_269,0_0,5,0.6805712430324897,0.9644102685305537,0.930799248899201,0.9982713214347784,0.7594639252588893
00847-bCPU9suPUw9,belief,93,ceiling chassis,0_2_192,0_2,1,0.8038532685615161,0.983019155106437,0.9563091521633704,0.9948865475681496,0.8594941611902364
00847-bCPU9suPUw9,belief,93,ceiling chassis,0_2_115,0_2,2,0.7825579046265779,0.9876882135340506,0.9499315205061214,0.9952043476233511,0.8380926813707719
00847-bCPU9suPUw9,belief,93,ceiling chassis,0_2_125,0_2,3,0.7624669760050036,0.925326036612682,0.9178132845136724,0.9984632327543681,0.8991659226877303
00847-bCPU9suPUw9,belief,93,ceiling chassis,0_2_124,0_2,4,0.6798168877610272,0.9885629384753016,0.9406428317448866,0.9969253257870699,0.7333313392981203
00847-bCPU9suPUw9,belief,93,ceiling chassis,0_2_164,0_2,5,0.6762835867537424,0.9753239312052501,0.9260679612954141,0.9680353951858965,0.7734742683443512
00847-bCPU9suPUw9,belief,94,ceiling ladder,1_4_240,1_4,1,0.7424787292483794,0.9562195722056306,0.9694927488841755,0.9967391732522055,0.8035266688199194
00847-bCPU9suPUw9,belief,94,ceiling ladder,1_4_242,1_4,2,0.7059620460883878,0.9652873804310298,0.9298740256837983,0.997362158668688,0.7885835647807113
00847-bCPU9suPUw9,belief,94,ceiling ladder,1_4_236,1_4,3,0.5971200753465136,0.9934343111104432,0.9322166932875966,0.9979494190935964,0.6460960883253147
00847-bCPU9suPUw9,belief,94,ceiling ladder,1_4_81,1_4,4,0.4624113995467313,0.9603420221379826,0.9299526022695961,0.9974116953983893,0.5191194830287316
00847-bCPU9suPUw9,belief,94,ceiling ladder,0_0_143,0_0,5,0.36552419932926505,0.9700650498548605,0.9194272038956948,0.9964959705104389,0.41126559574272503
00847-bCPU9suPUw9,belief,95,ceramics,0_2_64,0_2,1,0.017344575092348897,0.9469693373111846,0.9219938431991817,0.9554580748397383,0.020791608647113265
00847-bCPU9suPUw9,belief,95,ceramics,1_4_333,1_4,2,0.01571170850348643,0.9596541733413347,0.9315444463392639,0.978263618206661,0.01796590808538571
00847-bCPU9suPUw9,belief,95,ceramics,1_4_328,1_4,3,0.014675457841096884,0.9604532926292239,0.9485197742122746,0.9225041364003069,0.0174622699613212
00847-bCPU9suPUw9,belief,95,ceramics,0_2_63,0_2,4,0.010842435284931791,0.9840773510040206,0.9412996184074194,0.9605632094886899,0.012185511696357258
00847-bCPU9suPUw9,belief,95,ceramics,1_3_80,1_3,5,0.009279558864300643,0.9890335468801627,0.928046241658231,0.9921703565657356,0.010189677637215712
00847-bCPU9suPUw9,belief,96,chain,0_0_121,0_0,1,0.0031983431318762996,0.980537410238765,0.9074141339458586,0.9749621184654413,0.003686953035877245
00847-bCPU9suPUw9,belief,96,chain,1_1_49,1_1,2,0.00310080547855044,0.9875282130458138,0.96686008017256,0.9958178228838686,0.0032612304330000325
00847-bCPU9suPUw9,belief,96,chain,0_2_28,0_2,3,0.0029279511425503585,0.954410506784916,0.95689041796717,0.9729465833140174,0.003295166857486758
00847-bCPU9suPUw9,belief,96,chain,0_2_76,0_2,4,0.0025947007558763187,0.984385157870063,0.9202547648698964,0.993237239377537,0.002883773538337307
00847-bCPU9suPUw9,belief,96,chain,0_2_156,0_2,5,0.002398878684136869,0.9955547256875991,0.9293726437961038,0.9834594412996636,0.0026363120119741695
00847-bCPU9suPUw9,belief,97,chair,0_1_5,0_1,1,0.8909850240830911,0.9668246880086138,0.9333392071107725,0.9996018889613963,0.987770597974813
00847-bCPU9suPUw9,belief,97,chair,1_3_64,1_3,2,0.8386572043392417,0.9761914731259796,0.958321398354016,0.9882616292272491,0.9071233644565031
00847-bCPU9suPUw9,belief,97,chair,1_3_23,1_3,3,0.823157670767678,0.9733719737155007,0.9344791043328616,0.9957925063966798,0.9087946123281353
00847-bCPU9suPUw9,belief,97,chair,0_1_12,0_1,4,0.8102045912162154,0.8670358814251128,0.9669218093184359,0.9987670699920989,0.9676138103010291
00847-bCPU9suPUw9,belief,97,chair,1_3_34,1_3,5,0.7564139072540622,0.9756157395504041,0.9407904630419404,0.997704253818282,0.8260112776069637
00847-bCPU9suPUw9,belief,98,chair stand,0_1_12,0_1,1,0.16570910700743408,0.8670358814251128,0.9669218093184359,0.9987670699920989,0.1979036186308829
00847-bCPU9suPUw9,belief,98,chair stand,0_1_58,0_1,2,0.16563317179504652,0.9509849632752544,0.8970625175923091,0.9831554584350312,0.1974825666183228
00847-bCPU9suPUw9,belief,98,chair stand,1_3_64,1_3,3,0.1482946656881217,0.9761914731259796,0.958321398354016,0.9882616292272491,0.1604011214283286
00847-bCPU9suPUw9,belief,98,chair stand,0_1_5,0_1,4,0.10849986543619235,0.9668246880086138,0.9333392071107725,0.9996018889613963,0.12028594652574068
00847-bCPU9suPUw9,belief,98,chair stand,1_3_23,1_3,5,0.07292328888350162,0.9733719737155007,0.9344791043328616,0.9957925063966798,0.0805098396140424
00847-bCPU9suPUw9,belief,99,chassis,1_3_49,1_3,1,0.019333149846839294,0.9683928929761182,0.9201044686745878,0.9928466458756158,0.02185403884324178
00847-bCPU9suPUw9,belief,99,chassis,1_4_237,1_4,2,0.015787792536989743,0.963559720480698,0.9475630106305433,0.9655640888196348,0.01790826736227393
00847-bCPU9suPUw9,belief,99,chassis,0_2_76,0_2,3,0.003028338668379535,0.984385157870063,0.9202547648698964,0.993237239377537,0.0033657225779190458
00847-bCPU9suPUw9,belief,99,chassis,1_4_85,1_4,4,0.0024497546036473415,0.9725220500025226,0.9573267788799107,0.9843723887980406,0.002673027918373445
00847-bCPU9suPUw9,belief,99,chassis,0_2_88,0_2,5,0.0016146614854360974,0.9510359837129343,0.942987520611742,0.9975321573623284,0.001804893938958597
00847-bCPU9suPUw9,belief,100,chest,1_4_251,1_4,1,0.741448695379031,0.9900581881007798,0.9386683056510481,0.9983924958496871,0.799110658526879
00847-bCPU9suPUw9,belief,100,chest,1_4_28,1_4,2,0.7205502149562372,0.9919395494379063,0.9161109870242855,0.9993539549418751,0.7934354830351059
00847-bCPU9suPUw9,belief,100,chest,1_4_304,1_4,3,0.7055698103562608,0.983435435172839,0.8900172689727361,0.9989492576236878,0.8069604974740019
00847-bCPU9suPUw9,belief,100,chest,1_4_16,1_4,4,0.6270721794938084,0.9651396212679599,0.9230605072788367,0.9998810872360645,0.7039614295752472
00847-bCPU9suPUw9,belief,100,chest,1_4_301,1_4,5,0.6175403477926494,0.986383483836026,0.931944412374581,0.9998023443620655,0.671916624875415
00847-bCPU9suPUw9,belief,101,child car seat,1_3_49,1_3,1,4.7085669384127914e-05,0.9683928929761182,0.9201044686745878,0.9928466458756158,5.322526623094483e-05
00847-bCPU9suPUw9,belief,101,child car seat,0_1_58,0_1,2,1.0431537251424893e-05,0.9509849632752544,0.8970625175923091,0.9831554584350312,1.24374044634919e-05
00847-bCPU9suPUw9,belief,101,child car seat,0_0_121,0_0,3,5.737338535036109e-06,0.980537410238765,0.9074141339458586,0.9749621184654413,6.61382999177995e-06
00847-bCPU9suPUw9,belief,101,child car seat,1_1_12,1_1,4,5.6085364769315985e-06,0.9894747713504456,0.9397623336545973,0.9806563237277454,6.15049338735744e-06
00847-bCPU9suPUw9,belief,101,child car seat,0_0_245,0_0,5,4.281736804449317e-06,0.9536861710046758,0.921513822699142,0.9942139093670969,4.900414249480877e-06
00847-bCPU9suPUw9,belief,102,christmas tree,0_2_30,0_2,1,1.8053649318371018e-05,0.9504582919290898,0.9635658303955671,0.8741924031768115,2.254984284290961e-05
00847-bCPU9suPUw9,belief,102,christmas tree,0_0_121,0_0,2,1.449708593185336e-05,0.980537410238765,0.9074141339458586,0.9749621184654413,1.6711801324601373e-05
00847-bCPU9suPUw9,belief,102,christmas tree,1_1_12,1_1,3,1.7175768000625616e-06,0.9894747713504456,0.9397623336545973,0.9806563237277454,1.8835474806152666e-06
00847-bCPU9suPUw9,belief,102,christmas tree,0_2_271,0_2,4,1.6078679969908376e-06,0.962668301979982,0.9645721560036902,0.9957172578114508,1.7390135407877343e-06
00847-bCPU9suPUw9,belief,102,christmas tree,0_2_294,0_2,5,9.563749404696393e-07,0.9724730964750051,0.9102151103679561,0.9761906584779318,1.1068070180089472e-06
00847-bCPU9suPUw9,belief,103,clarinet,1_2_67,1_2,1,0.017991983461738956,0.9697050783369277,0.9365615710026757,0.737039973898197,0.026878931257863593
00847-bCPU9suPUw9,belief,103,clarinet,0_2_13,0_2,2,0.01760083971350724,0.9704274217034278,0.9354740040720828,0.9751650788664123,0.01988201805885553
00847-bCPU9suPUw9,belief,103,clarinet,1_2_53,1_2,3,0.01169353322581037,0.97994567326137,0.9144022822944775,0.9850746894626197,0.01324760262282512
00847-bCPU9suPUw9,belief,103,clarinet,0_2_112,0_2,4,0.011122456485539754,0.904033844891768,0.9220750674530203,0.9824359590722104,0.013581429902159707
00847-bCPU9suPUw9,belief,103,clarinet,1_2_6,1_2,5,0.010987564690599241,0.9714544889254447,0.9279938424436841,0.9858602980949762,0.012362847546751522
00847-bCPU9suPUw9,belief,104,cleaner,0_0_121,0_0,1,0.017701047963485605,0.980537410238765,0.9074141339458586,0.9749621184654413,0.020405231657835178
00847-bCPU9suPUw9,belief,104,cleaner,1_4_148,1_4,2,0.002940035544949093,0.99217376965109,0.9704388242885794,0.9806729473606345,0.003113669278406118
00847-bCPU9suPUw9,belief,104,cleaner,1_4_333,1_4,3,0.002095501920792708,0.9596541733413347,0.9315444463392639,0.978263618206661,0.002396149017998711
00847-bCPU9suPUw9,belief,104,cleaner,0_2_263,0_2,4,0.0019019177464739408,0.9666385543566175,0.9414456342630766,0.9733096724486212,0.0021472436776993117
00847-bCPU9suPUw9,belief,104,cleaner,0_0_205,0_0,5,0.0017141379983978315,0.9789207304452919,0.9416084567305552,0.9843866999205924,0.0018891314105874712
00847-bCPU9suPUw9,belief,105,clock,0_0_121,0_0,1,0.0009227297579706682,0.980537410238765,0.9074141339458586,0.9749621184654413,0.0010636949014436797
00847-bCPU9suPUw9,belief,105,clock,1_1_72,1_1,2,0.00036473654975892626,0.9962260723114014,0.93748408002247,0.9945068197205462,0.0003926898852362342
00847-bCPU9suPUw9,belief,105,clock,1_4_145,1_4,3,0.0003026629744112089,0.9104007378457085,0.9396733623387052,0.9388654336659464,0.00037683083193212197
00847-bCPU9suPUw9,belief,105,clock,1_4_5,1_4,4,0.00026320775443404193,0.9754499978438192,0.9103070525785506,0.9967787274763326,0.00029737674223554914
00847-bCPU9suPUw9,belief,105,clock,1_4_328,1_4,5,0.0002528023383693967,0.9604532926292239,0.9485197742122746,0.9225041364003069,0.00030080851495463266
00847-bCPU9suPUw9,belief,106,closet door,1_3_98,1_3,1,0.9546134131727231,0.9740759254879311,0.9825462411148429,0.9999609592945756,0.9974673284186618
00847-bCPU9suPUw9,belief,106,closet door,1_2_30,1_2,2,0.9475103925448878,0.990448235217389,0.9607818289707017,0.9999962093854647,0.9957012792497303
00847-bCPU9suPUw9,belief,106,closet door,1_3_96,1_3,3,0.9386065224966746,0.993941042452986,0.9487923156803908,0.9999558510045705,0.9953388577699258
00847-bCPU9suPUw9,belief,106,closet door,1_2_29,1_2,4,0.9339258427290041,0.9909802535515272,0.9454826410976744,0.9999957419988126,0.9967716601084098
00847-bCPU9suPUw9,belief,106,closet door,1_3_28,1_3,5,0.9312144623686492,0.991189700373682,0.9419151955511598,0.9999899676852901,0.9974370253772675
00847-bCPU9suPUw9,belief,107,cloth,0_2_69,0_2,1,0.17154183102981665,0.9825165914289137,0.9095021173536175,0.969029112025432,0.19810234184482065
00847-bCPU9suPUw9,belief,107,cloth,1_3_31,1_3,2,0.11575913010929924,0.7048545637220707,0.977718429616669,0.9822107633568239,0.17101619838795312
00847-bCPU9suPUw9,belief,107,cloth,0_2_263,0_2,3,0.10810882336994566,0.9666385543566175,0.9414456342630766,0.9733096724486212,0.12205364186489967
00847-bCPU9suPUw9,belief,107,cloth,1_4_33,1_4,4,0.09239646982991465,0.9066912476615214,0.9070122366038519,0.9866715713602178,0.11387022889746265
00847-bCPU9suPUw9,belief,107,cloth,0_2_64,0_2,5,0.08562684702377536,0.9469693373111846,0.9219938431991817,0.9554580748397383,0.1026441918309036
00847-bCPU9suPUw9,belief,108,cloth holder,1_4_235,1_4,1,0.16629174883243722,0.914164686406358,0.9831263398424832,0.9987730349980627,0.18525507721552656
00847-bCPU9suPUw9,belief,108,cloth holder,1_3_4,1_3,2,0.16561500607759463,0.9850588760745584,0.9383394647664787,0.9958823729247366,0.17991586802144077
00847-bCPU9suPUw9,belief,108,cloth holder,1_4_220,1_4,3,0.1408142687551233,0.9703434760975853,0.956641036977619,0.9961843922095304,0.15227634142891575
00847-bCPU9suPUw9,belief,108,cloth holder,1_1_12,1_1,4,0.12176693857820468,0.9894747713504456,0.9397623336545973,0.9806563237277454,0.13353336536267682
00847-bCPU9suPUw9,belief,108,cloth holder,1_4_233,1_4,5,0.11827720686877832,0.9609192127766408,0.962847394347587,0.9989055438854191,0.12797711049711272
00847-bCPU9suPUw9,belief,109,clothes,0_0_121,0_0,1,0.003536056805726498,0.980537410238765,0.9074141339458586,0.9749621184654413,0.004076259124598499
00847-bCPU9suPUw9,belief,109,clothes,0_1_20,0_1,2,0.00014670764641973332,0.9616718444518728,0.9163727851402917,0.9438985782514853,0.0001763714697693693
00847-bCPU9suPUw9,belief,109,clothes,0_0_205,0_0,3,0.00014620765259256745,0.9789207304452919,0.9416084567305552,0.9843866999205924,0.0001611337414134937
00847-bCPU9suPUw9,belief,109,clothes,1_4_333,1_4,4,9.525188640819665e-05,0.9596541733413347,0.9315444463392639,0.978263618206661,0.00010891792167538793
00847-bCPU9suPUw9,belief,109,clothes,1_1_12,1_1,5,8.943700720230019e-05,0.9894747713504456,0.9397623336545973,0.9806563237277454,9.807936948352236e-05
00847-bCPU9suPUw9,belief,110,clothes container,1_3_4,1_3,1,0.31119977432272267,0.9850588760745584,0.9383394647664787,0.9958823729247366,0.33807188642746877
00847-bCPU9suPUw9,belief,110,clothes container,1_3_57,1_3,2,0.0880618566585808,0.9451796220556087,0.9346289387145241,0.9977655825491838,0.0999092606304994
00847-bCPU9suPUw9,belief,110,clothes container,1_3_49,1_3,3,0.05572346511399451,0.9683928929761182,0.9201044686745878,0.9928466458756158,0.06298936183336701
00847-bCPU9suPUw9,belief,110,clothes container,1_4_278,1_4,4,0.040720703080718436,0.978543883044493,0.9386913383932867,0.9973038564044621,0.0444513190246526
00847-bCPU9suPUw9,belief,110,clothes container,1_4_20,1_4,5,0.019765281381926902,0.9752845075762993,0.955558663304775,0.997827043332922,0.021254899291237295
00847-bCPU9suPUw9,belief,111,clothes dryer,1_4_327,1_4,1,0.010806528204163158,0.985690957548284,0.909577245928382,0.9991908181450124,0.012063057468469857
00847-bCPU9suPUw9,belief,111,clothes dryer,0_2_271,0_2,2,0.004688852989046093,0.962668301979982,0.9645721560036902,0.9957172578114508,0.005071298672512021
00847-bCPU9suPUw9,belief,111,clothes dryer,0_2_236,0_2,3,0.0035042760699391644,0.9875060942700524,0.9284061671094364,0.9964388454230142,0.0038359228331266483
00847-bCPU9suPUw9,belief,111,clothes dryer,1_4_235,1_4,4,0.0033621869523016786,0.914164686406358,0.9831263398424832,0.9987730349980627,0.003745598971896714
00847-bCPU9suPUw9,belief,111,clothes dryer,1_4_224,1_4,5,0.0030888454773271997,0.9945146437888872,0.9454876334411562,0.9483441801514149,0.0034638826008646065
00847-bCPU9suPUw9,belief,112,clothes rack,0_0_121,0_0,1,0.019974948608410235,0.980537410238765,0.9074141339458586,0.9749621184654413,0.023026515410204104
00847-bCPU9suPUw9,belief,112,clothes rack,1_4_233,1_4,2,0.009409026617649403,0.9609192127766408,0.962847394347587,0.9989055438854191,0.010180660086546646
00847-bCPU9suPUw9,belief,112,clothes rack,1_4_235,1_4,3,0.006290817168202217,0.914164686406358,0.9831263398424832,0.9987730349980627,0.007008199916271103
00847-bCPU9suPUw9,belief,112,clothes rack,1_4_222,1_4,4,0.005956099879807964,0.9337624301306077,0.9289057429084372,0.9984896306271966,0.006877179641827344
00847-bCPU9suPUw9,belief,112,clothes rack,1_4_239,1_4,5,0.00520663492017329,0.8676468448019495,0.9430627114227044,0.9978579003697331,0.0063768303280247905
00847-bCPU9suPUw9,belief,113,clutter,0_1_21,0_1,1,0.015828055540011616,0.9668342461107468,0.921719750376947,0.9942681034561754,0.017863770869229096
00847-bCPU9suPUw9,belief,113,clutter,0_1_6,0_1,2,0.01335968708137173,0.9514698954620838,0.9406626921292077,0.9890504216466115,0.015092072474116348
00847-bCPU9suPUw9,belief,113,clutter,0_1_58,0_1,3,0.008941153397530714,0.9509849632752544,0.8970625175923091,0.9831554584350312,0.010660436567968378
00847-bCPU9suPUw9,belief,113,clutter,1_4_17,1_4,4,0.004795461666471033,0.9867112216490664,0.8706470537714086,0.9978228086465357,0.005594287665909108
00847-bCPU9suPUw9,belief,113,clutter,0_1_9,0_1,5,0.004703376423127909,0.9864604532511158,0.9353844965161752,0.9941106263218981,0.005127494167104286
00847-bCPU9suPUw9,belief,114,coaster,0_0_4,0_0,1,0.00673947524594774,0.9776704441239437,0.9238391988199979,0.9962689395356504,0.007489634426370555
00847-bCPU9suPUw9,belief,114,coaster,0_2_315,0_2,2,0.004158633399410462,0.9849428757830294,0.9460588065725959,0.9924587224620363,0.004496856285317397
00847-bCPU9suPUw9,belief,114,coaster,0_2_309,0_2,3,0.003586093632586749,0.9753406038230976,0.9014373125282586,0.9884476964253381,0.004126445334806522
00847-bCPU9suPUw9,belief,114,coaster,0_2_169,0_2,4,0.0032899269882254506,0.9544576904593849,0.9360662545623567,0.9869383335091076,0.0037310663448177754
00847-bCPU9suPUw9,belief,114,coaster,0_2_308,0_2,5,0.0028985606173928067,0.9875811462866516,0.9392715606435618,0.9873392738537596,0.0031648418400620918
00847-bCPU9suPUw9,belief,115,coffee maker,0_0_121,0_0,1,0.003865664897061408,0.980537410238765,0.9074141339458586,0.9749621184654413,0.004456221343437735
00847-bCPU9suPUw9,belief,115,coffee maker,1_4_155,1_4,2,0.0018871312829350515,0.9677963261750706,0.9163951762858948,0.999760931001942,0.0021283310898622385
00847-bCPU9suPUw9,belief,115,coffee maker,0_0_205,0_0,3,0.0005770599284837272,0.9789207304452919,0.9416084567305552,0.9843866999205924,0.0006359709881636725
00847-bCPU9suPUw9,belief,115,coffee maker,0_2_247,0_2,4,0.0003287871928816445,0.979711549400011,0.9255274494838945,0.9982680538477267,0.0003632287261242461
00847-bCPU9suPUw9,belief,115,coffee maker,1_4_145,1_4,5,0.000314486051837506,0.9104007378457085,0.9396733623387052,0.9388654336659464,0.0003915511660305252
00847-bCPU9suPUw9,belief,116,coffee table,0_1_2,0_1,1,0.008752931162869048,0.9533353589206437,0.9330189467693164,0.9995270389960043,0.00984516052584862
00847-bCPU9suPUw9,belief,116,coffee table,0_1_0,0_1,2,0.006298944373115542,0.8382629914438283,0.983131747951762,0.9988913718065714,0.007651692304050037
00847-bCPU9suPUw9,belief,116,coffee table,0_1_33,0_1,3,0.006081954015403881,0.9817992164442937,0.9124626264613387,0.9986863432600834,0.0067979232145311055
00847-bCPU9suPUw9,belief,116,coffee table,0_0_4,0_0,4,0.004292837806141433,0.9776704441239437,0.9238391988199979,0.9962689395356504,0.0047706660602446615
00847-bCPU9suPUw9,belief,116,coffee table,0_1_28,0_1,5,0.0037976822666697585,0.9800328733394298,0.9476457523588722,0.9906294902194217,0.004127819614571129
00847-bCPU9suPUw9,belief,117,compressor,1_4_237,1_4,1,0.0040568112778748,0.963559720480698,0.9475630106305433,0.9655640888196348,0.004601685817206865
00847-bCPU9suPUw9,belief,117,compressor,1_4_85,1_4,2,0.0014873212849906947,0.9725220500025226,0.9573267788799107,0.9843723887980406,0.001622877374105964
00847-bCPU9suPUw9,belief,117,compressor,0_0_133,0_0,3,0.0014771379101990157,0.9739733717502285,0.9213976511405337,0.9878747257834515,0.0016661917723185733
00847-bCPU9suPUw9,belief,117,compressor,0_2_271,0_2,4,0.0007568863705459994,0.962668301979982,0.9645721560036902,0.9957172578114508,0.0008186217087973273
00847-bCPU9suPUw9,belief,117,compressor,0_2_136,0_2,5,0.0006885536273618742,0.9841152340640581,0.9277847367971246,0.9791478550795489,0.0007701872331715012
00847-bCPU9suPUw9,belief,118,computer,1_3_49,1_3,1,0.08305626468253897,0.9683928929761182,0.9201044686745878,0.9928466458756158,0.09388614110615419
00847-bCPU9suPUw9,belief,118,computer,0_2_88,0_2,2,0.08241338783033117,0.9510359837129343,0.942987520611742,0.9975321573623284,0.09212297780412737
00847-bCPU9suPUw9,belief,118,computer,0_1_21,0_1,3,0.06758578600958484,0.9668342461107468,0.921719750376947,0.9942681034561754,0.0762782890317737
00847-bCPU9suPUw9,belief,118,computer,1_4_328,1_4,4,0.05955130395600488,0.9604532926292239,0.9485197742122746,0.9225041364003069,0.07085986396392573
00847-bCPU9suPUw9,belief,118,computer,1_1_18,1_1,5,0.05334330971894025,0.9624676309328831,0.9368992758634318,0.9967037379387524,0.05935192857787412
00847-bCPU9suPUw9,belief,119,computer equipment,1_3_49,1_3,1,0.0007745358946217365,0.9683928929761182,0.9201044686745878,0.9928466458756158,0.0008755292159138643
00847-bCPU9suPUw9,belief,119,computer equipment,1_3_72,1_3,2,0.00014225578574029004,0.9841260009409399,0.920416770886517,0.9964739217335177,0.00015760455744912784
00847-bCPU9suPUw9,belief,119,computer equipment,1_3_10,1_3,3,0.00011414513520029533,0.980784114627611,0.9247686230004408,0.9988232485828015,0.0001259975949567184
00847-bCPU9suPUw9,belief,119,computer equipment,1_3_55,1_3,4,8.140255217351357e-05,0.8778479667617384,0.9073427556194804,0.9983118937944454,0.00010237197745516259
00847-bCPU9suPUw9,belief,119,computer equipment,1_3_68,1_3,5,3.6789054259635226e-05,0.9418187938377238,0.9723062621760707,0.9983849188231683,4.023927766291179e-05
00847-bCPU9suPUw9,belief,120,cone,1_4_55,1_4,1,0.5865997129756306,0.9243127020825476,0.9362417596593713,0.968176981657554,0.7001323799756181
00847-bCPU9suPUw9,belief,120,cone,1_4_241,1_4,2,0.2111299697283808,0.9584791129543668,0.952463328879928,0.9233552421498867,0.2504667896827746
00847-bCPU9suPUw9,belief,120,cone,1_4_213,1_4,3,0.14687579718791402,0.978424323458879,0.9379155492151564,0.9682307162921814,0.16530287390918638
00847-bCPU9suPUw9,belief,120,cone,1_4_148,1_4,4,0.09984883036487777,0.99217376965109,0.9704388242885794,0.9806729473606345,0.10574574043025288
00847-bCPU9suPUw9,belief,120,cone,1_4_366,1_4,5,0.09040303343894837,0.9506685909097835,0.9684015075045742,0.9596372908196247,0.10232724579397424
00847-bCPU9suPUw9,belief,121,construction stuff,1_4_333,1_4,1,0.004184421431727901,0.9596541733413347,0.9315444463392639,0.978263618206661,0.004784771230720057
00847-bCPU9suPUw9,belief,121,construction stuff,0_2_360,0_2,2,0.0027080238609699884,0.9577437089728349,0.9094366202105326,0.9973642805303347,0.0031172880192483514
00847-bCPU9suPUw9,belief,121,construction stuff,0_2_361,0_2,3,0.0023430312139355275,0.9488482076675055,0.911340052485508,0.9966906267459601,0.0027185698822026765
00847-bCPU9suPUw9,belief,121,construction stuff,0_0_121,0_0,4,0.002315950857815713,0.980537410238765,0.9074141339458586,0.9749621184654413,0.002669757963448058
00847-bCPU9suPUw9,belief,121,construction stuff,0_0_122,0_0,5,0.001165223953348201,0.9868125643995859,0.939876458575045,0.98246829951637,0.0012787493185779284
00847-bCPU9suPUw9,belief,122,container,1_3_4,1_3,1,0.03543572451681326,0.9850588760745584,0.9383394647664787,0.9958823729247366,0.03849560064879662
00847-bCPU9suPUw9,belief,122,container,0_2_327,0_2,2,0.02047948581926536,0.9445953020550382,0.9074453748881943,0.9950522854590871,0.024010813491052007
00847-bCPU9suPUw9,belief,122,container,0_0_121,0_0,3,0.010762020405564197,0.980537410238765,0.9074141339458586,0.9749621184654413,0.01240613097794487
00847-bCPU9suPUw9,belief,122,container,1_3_49,1_3,4,0.009435156650662125,0.9683928929761182,0.9201044686745878,0.9928466458756158,0.010665426046410712
00847-bCPU9suPUw9,belief,122,container,1_4_213,1_4,5,0.00570156305100178,0.978424323458879,0.9379155492151564,0.9682307162921814,0.006416882673318879
00847-bCPU9suPUw9,belief,123,controller,0_1_20,0_1,1,0.007767230442443449,0.9616718444518728,0.9163727851402917,0.9438985782514853,0.009337739937915568
00847-bCPU9suPUw9,belief,123,controller,0_2_121,0_2,2,0.006066634178935179,0.927454593178509,0.9223524558086724,0.8061381993848,0.008797286620860196
00847-bCPU9suPUw9,belief,123,controller,1_4_276,1_4,3,0.005346936150233998,0.9873273467440302,0.933012003571045,0.9996615683156908,0.005806355262087007
00847-bCPU9suPUw9,belief,123,controller,1_3_49,1_3,4,0.0044248081677337,0.9683928929761182,0.9201044686745878,0.9928466458756158,0.005001767965262778
00847-bCPU9suPUw9,belief,123,controller,0_2_187,0_2,5,0.00421508422954134,0.9371803566560442,0.9040747988065558,0.9976796384730838,0.00498640567407013
00847-bCPU9suPUw9,belief,124,cosmetics,1_4_282,1_4,1,0.0006347995114997283,0.9820655992587496,0.885348459329415,0.9859951518664664,0.000740469321762171
00847-bCPU9suPUw9,belief,124,cosmetics,1_1_12,1_1,2,0.00020053711218100692,0.9894747713504456,0.9397623336545973,0.9806563237277454,0.00021991515745009972
00847-bCPU9suPUw9,belief,124,cosmetics,0_0_121,0_0,3,0.00019825807029515393,0.980537410238765,0.9074141339458586,0.9749621184654413,0.0002285458951782517
00847-bCPU9suPUw9,belief,124,cosmetics,1_4_328,1_4,4,0.00014329591524115125,0.9604532926292239,0.9485197742122746,0.9225041364003069,0.00017050724981732885
00847-bCPU9suPUw9,belief,124,cosmetics,1_4_333,1_4,5,0.00014222523463972933,0.9596541733413347,0.9315444463392639,0.978263618206661,0.00016263065804669128
00847-bCPU9suPUw9,belief,125,counter door,1_4_156,1_4,1,0.05353629797990345,0.9702866154909134,0.94748469789608,0.9992083527795266,0.05828006606330206
00847-bCPU9suPUw9,belief,125,counter door,0_2_92,0_2,2,0.04682981484862641,0.9739298569933931,0.9438623585887784,0.9959729586191018,0.05114916484151441
00847-bCPU9suPUw9,belief,125,counter door,1_4_160,1_4,3,0.03977339161333502,0.872867384978703,0.9324674260687652,0.9994962754523619,0.0488910664480398
00847-bCPU9suPUw9,belief,125,counter door,0_2_364,0_2,4,0.03899878817051687,0.9912697009710005,0.9287316002590609,0.995172893744787,0.04256675260388065
00847-bCPU9suPUw9,belief,125,counter door,1_4_147,1_4,5,0.036419397015657676,0.9719609419504801,0.9487145779318946,0.9995510289508289,0.0395133083182682
00847-bCPU9suPUw9,belief,126,countertop,0_0_288,0_0,1,0.9007607597713155,0.97699733376503,0.9261670771610306,0.9999936091889875,0.9954730719775429
00847-bCPU9suPUw9,belief,126,countertop,0_0_279,0_0,2,0.8309672240624717,0.9769277096810045,0.8992600292071815,0.9999602025983735,0.9459179353011761
00847-bCPU9suPUw9,belief,126,countertop,0_0_8,0_0,3,0.8246587730439399,0.8937844321837081,0.9249312288705964,0.9999964661518485,0.9975475110890767
00847-bCPU9suPUw9,belief,126,countertop,0_0_216,0_0,4,0.6716492188651494,0.9660049709213907,0.9443961118837616,0.9999003630728935,0.7362956526911321
00847-bCPU9suPUw9,belief,126,countertop,0_0_213,0_0,5,0.4588357325214771,0.9656178115387077,0.9433382945607818,0.9998628064011422,0.5037836695580694
00847-bCPU9suPUw9,belief,127,countertop item,0_0_288,0_0,1,0.9014116222502451,0.97699733376503,0.9261670771610306,0.9999936091889875,0.9961923707084284
00847-bCPU9suPUw9,belief,127,countertop item,0_1_35,0_1,2,0.8598403896491157,0.9819557586224221,0.9570751641798121,0.9988619861857109,0.9159555282480301
00847-bCPU9suPUw9,belief,127,countertop item,0_0_216,0_0,3,0.8552387885091055,0.9660049709213907,0.9443961118837616,0.9999003630728935,0.9375557721277048
00847-bCPU9suPUw9,belief,127,countertop item,0_0_279,0_0,4,0.8456151966744467,0.9769277096810045,0.8992600292071815,0.9999602025983735,0.9625922151141979
00847-bCPU9suPUw9,belief,127,countertop item,0_0_8,0_0,5,0.8247273343545358,0.8937844321837081,0.9249312288705964,0.9999964661518485,0.9976304461974848
00847-bCPU9suPUw9,belief,128,cover,0_0_264,0_0,1,0.01399498910257263,0.9598997520548957,0.9217683003870645,0.9951656092943066,0.015893866363432492
00847-bCPU9suPUw9,belief,128,cover,0_0_137,0_0,2,0.013722376682983367,0.9611991548897947,0.9558155101439146,0.9877854654023952,0.015120956055423152
00847-bCPU9suPUw9,belief,128,cover,0_0_121,0_0,3,0.012976958340790141,0.980537410238765,0.9074141339458586,0.9749621184654413,0.0149594443054521
00847-bCPU9suPUw9,belief,128,cover,0_1_21,0_1,4,0.012755216887448616,0.9668342461107468,0.921719750376947,0.9942681034561754,0.014395721021366619
00847-bCPU9suPUw9,belief,128,cover,0_0_122,0_0,5,0.012310838505547334,0.9868125643995859,0.939876458575045,0.98246829951637,0.013510258096614405
00847-bCPU9suPUw9,belief,129,cross,0_0_121,0_0,1,0.021788574275877364,0.980537410238765,0.9074141339458586,0.9749621184654413,0.02511720811730275
00847-bCPU9suPUw9,belief,129,cross,1_4_328,1_4,2,0.005668524038916842,0.9604532926292239,0.9485197742122746,0.9225041364003069,0.0067449546120876775
00847-bCPU9suPUw9,belief,129,cross,1_1_11,1_1,3,0.004198514424822751,0.982985536318247,0.9292621414017141,0.989335145769878,0.0046458677220183485
00847-bCPU9suPUw9,belief,129,cross,0_2_76,0_2,4,0.004094137144733707,0.984385157870063,0.9202547648698964,0.993237239377537,0.004550260500586875
00847-bCPU9suPUw9,belief,129,cross,1_2_6,1_2,5,0.0040819351916925916,0.9714544889254447,0.9279938424436841,0.9858602980949762,0.004592859645576588
00847-bCPU9suPUw9,belief,130,crutches,0_2_76,0_2,1,0.07533743566783731,0.984385157870063,0.9202547648698964,0.993237239377537,0.08373069724247398
00847-bCPU9suPUw9,belief,130,crutches,0_2_162,0_2,2,0.05297777712084223,0.9934737675143421,0.9335543193513862,0.986055832237454,0.057929026328382295
00847-bCPU9suPUw9,belief,130,crutches,0_2_13,0_2,3,0.04874825277059047,0.9704274217034278,0.9354740040720828,0.9751650788664123,0.05506632965805262
00847-bCPU9suPUw9,belief,130,crutches,0_2_254,0_2,4,0.031992044768175486,0.982117387000423,0.9236801517117331,0.989220199769114,0.03565036754522437
00847-bCPU9suPUw9,belief,130,crutches,1_2_67,1_2,5,0.029096160700045035,0.9697050783369277,0.9365615710026757,0.737039973898197,0.043467898077351505
00847-bCPU9suPUw9,belief,131,cup,1_4_241,1_4,1,0.02176222286599247,0.9584791129543668,0.952463328879928,0.9233552421498867,0.02581686581312241
00847-bCPU9suPUw9,belief,131,cup,1_4_328,1_4,2,0.01151331002453082,0.9604532926292239,0.9485197742122746,0.9225041364003069,0.013699642626053558
00847-bCPU9suPUw9,belief,131,cup,0_1_20,0_1,3,0.008429920076634307,0.9616718444518728,0.9163727851402917,0.9438985782514853,0.01013442332583369
00847-bCPU9suPUw9,belief,131,cup,0_0_121,0_0,4,0.00476854654164756,0.980537410238765,0.9074141339458586,0.9749621184654413,0.005497035941273544
00847-bCPU9suPUw9,belief,131,cup,0_2_30,0_2,5,0.004166050126987456,0.9504582919290898,0.9635658303955671,0.8741924031768115,0.0052035892568077936
00847-bCPU9suPUw9,belief,132,curb,0_2_308,0_2,1,0.1317476381369877,0.9875811462866516,0.9392715606435618,0.9873392738537596,0.14385085997626842
00847-bCPU9suPUw9,belief,132,curb,0_2_309,0_2,2,0.11272671761483538,0.9753406038230976,0.9014373125282586,0.9884476964253381,0.1297123515635191
00847-bCPU9suPUw9,belief,132,curb,0_2_169,0_2,3,0.046806626396254346,0.9544576904593849,0.9360662545623567,0.9869383335091076,0.05308282800394972
00847-bCPU9suPUw9,belief,132,curb,0_2_315,0_2,4,0.037663964471960854,0.9849428757830294,0.9460588065725959,0.9924587224620363,0.04072718585622828
00847-bCPU9suPUw9,belief,132,curb,0_2_316,0_2,5,0.02857191566221072,0.976288036189925,0.9499342023476953,0.992200105874712,0.03105050003593787
00847-bCPU9suPUw9,belief,133,curtain,1_0_20,1_0,1,0.8734069724469743,0.9797160145214626,0.9601724382909077,0.9975909586498132,0.9307107017518271
00847-bCPU9suPUw9,belief,133,curtain,1_0_19,1_0,2,0.7871565938728745,0.9407884682218234,0.89415232385054,0.9977029790253669,0.9378996501747704
00847-bCPU9suPUw9,belief,133,curtain,1_4_19,1_4,3,0.5994630331279981,0.958072717035385,0.9497056115428407,0.9891351719019914,0.6660690973525982
00847-bCPU9suPUw9,belief,133,curtain,1_0_11,1_0,4,0.593653061989746,0.9564327410857143,0.9512265816298416,0.9943039070001481,0.6562588204827651
00847-bCPU9suPUw9,belief,133,curtain,1_0_16,1_0,5,0.5910503884003049,0.9503567392983764,0.9295267481744803,0.9901427029186235,0.6757377252241139
00847-bCPU9suPUw9,belief,134,cushion,1_4_4,1_4,1,0.8321676966056418,0.9901341938939502,0.9342314171305115,0.9999771296442448,0.8996472541805226
00847-bCPU9suPUw9,belief,134,cushion,0_2_33,0_2,2,0.829892332756786,0.9743233159046001,0.9349214669340302,0.9972329686643088,0.9135806595307726
00847-bCPU9suPUw9,belief,134,cushion,1_4_2,1_4,3,0.7826138559117366,0.9430235822481489,0.9431910536963167,0.999696008307954,0.880151328007559
00847-bCPU9suPUw9,belief,134,cushion,0_2_20,0_2,4,0.7786374331024609,0.9571416169404984,0.9141052860360612,0.9911287241390593,0.8979099737572772
00847-bCPU9suPUw9,belief,134,cushion,1_4_375,1_4,5,0.7656585783492931,0.9686892786043095,0.924503436357755,0.9963755043035246,0.8580628271330012
00847-bCPU9suPUw9,belief,135,cutlery,1_2_67,1_2,1,0.003001171907071233,0.9697050783369277,0.9365615710026757,0.737039973898197,0.004483568671277688
00847-bCPU9suPUw9,belief,135,cutlery,0_1_58,0_1,2,0.0022248562313169954,0.9509849632752544,0.8970625175923091,0.9831554584350312,0.0026526710450302995
00847-bCPU9suPUw9,belief,135,cutlery,0_1_28,0_1,3,0.001998255618778801,0.9800328733394298,0.9476457523588722,0.9906294902194217,0.0021719665203469686
00847-bCPU9suPUw9,belief,135,cutlery,1_3_65,1_3,4,0.0018100423236780316,0.792051606045829,0.9658725693990523,0.9834566186168903,0.0024058038260273843
00847-bCPU9suPUw9,belief,135,cutlery,1_1_12,1_1,5,0.0017891864988830934,0.9894747713504456,0.9397623336545973,0.9806563237277454,0.0019620768760962243
00847-bCPU9suPUw9,belief,136,cyp,1_4_328,1_4,1,0.002342416082728148,0.9604532926292239,0.9485197742122746,0.9225041364003069,0.002787231747127703
00847-bCPU9suPUw9,belief,136,cyp,1_4_305,1_4,2,0.0020226823709194267,0.9803690094225991,0.9173311822905326,0.9881609252321623,0.0022760630160640286
00847-bCPU9suPUw9,belief,136,cyp,1_4_17,1_4,3,0.0017535674523456199,0.9867112216490664,0.8706470537714086,0.9978228086465357,0.002045675985398061
00847-bCPU9suPUw9,belief,136,cyp,1_3_52,1_3,4,0.0017041618304918349,0.9488265742756002,0.9184029233176375,0.987238135479841,0.0019809285604029184
00847-bCPU9suPUw9,belief,136,cyp,1_4_21,1_4,5,0.0016254395498245266,0.9700862050016348,0.9310976651455583,0.997722038038969,0.0018036642243135258
00847-bCPU9suPUw9,belief,137,dartboard,0_1_28,0_1,1,0.00038210468566972204,0.9800328733394298,0.9476457523588722,0.9906294902194217,0.000415321531811595
00847-bCPU9suPUw9,belief,137,dartboard,0_2_263,0_2,2,0.00036348869082147644,0.9666385543566175,0.9414456342630766,0.9733096724486212,0.00041037463093691634
00847-bCPU9suPUw9,belief,137,dartboard,0_0_121,0_0,3,0.00025933066913696014,0.980537410238765,0.9074141339458586,0.9749621184654413,0.0002989485363034439
00847-bCPU9suPUw9,belief,137,dartboard,1_1_72,1_1,4,0.00020368876608284966,0.9962260723114014,0.93748408002247,0.9945068197205462,0.00021929943195945597
00847-bCPU9suPUw9,belief,137,dartboard,0_0_133,0_0,5,0.00018646831476304884,0.9739733717502285,0.9213976511405337,0.9878747257834515,0.00021033376078909396
00847-bCPU9suPUw9,belief,138,decoder,1_3_49,1_3,1,0.004774443497129679,0.9683928929761182,0.9201044686745878,0.9928466458756158,0.00539699296119579
00847-bCPU9suPUw9,belief,138,decoder,0_2_121,0_2,2,0.0017639928165137909,0.927454593178509,0.9223524558086724,0.8061381993848,0.002557983545125192
00847-bCPU9suPUw9,belief,138,decoder,0_1_52,0_1,3,0.0009294088332743546,0.9756472557783127,0.9667846760308239,0.9278204126855808,0.0010619896577070006
00847-bCPU9suPUw9,belief,138,decoder,1_4_85,1_4,4,0.000714070193183558,0.9725220500025226,0.9573267788799107,0.9843723887980406,0.0007791513318175376
00847-bCPU9suPUw9,belief,138,decoder,0_2_117,0_2,5,0.0006293974476903023,0.9392227006596663,0.9448926635554551,0.9614413928518227,0.0007376512859207801
00847-bCPU9suPUw9,belief,139,decoration,0_2_302,0_2,1,0.13824645187261508,0.9857922609659637,0.9252539202180239,0.9941910711168483,0.15245363970315365
00847-bCPU9suPUw9,belief,139,decoration,1_2_13,1_2,2,0.11101459967487019,0.9838160208694432,0.9261763521023154,0.9539003722450231,0.12772311455670232
00847-bCPU9suPUw9,belief,139,decoration,1_1_11,1_1,3,0.11049928183340092,0.982985536318247,0.9292621414017141,0.989335145769878,0.12227302203390156
00847-bCPU9suPUw9,belief,139,decoration,1_4_5,1_4,4,0.10826590788307953,0.9754499978438192,0.9103070525785506,0.9967787274763326,0.12232072360737489
00847-bCPU9suPUw9,belief,139,decoration,0_2_306,0_2,5,0.10378674118944718,0.9823431611910441,0.9533339520039722,0.9899673374685737,0.11194706800235453
00847-bCPU9suPUw9,belief,140,dehumidifier,1_0_23,1_0,1,0.04346600771278811,0.9912738410086023,0.9430846937570424,0.9959552330547561,0.04668373476367053
00847-bCPU9suPUw9,belief,140,dehumidifier,0_0_263,0_0,2,0.03982159764080347,0.9835454449057579,0.9391737106233526,0.9922842370153234,0.04344524281630643
00847-bCPU9suPUw9,belief,140,dehumidifier,0_0_144,0_0,3,0.036225496138044905,0.970693068552973,0.9374255582487766,0.9979363697463682,0.03989263954733003
00847-bCPU9suPUw9,belief,140,dehumidifier,1_0_24,1_0,4,0.035996178410718706,0.9725153521563075,0.9421814569859118,0.9975272486140977,0.03938225767412607
00847-bCPU9suPUw9,belief,140,dehumidifier,0_0_47,0_0,5,0.03587750679447125,0.9574161092083963,0.900891200723434,0.9980569326734499,0.04167675184899758
00847-bCPU9suPUw9,belief,141,den,0_2_26,0_2,1,0.06945260873812407,0.9721337553096377,0.9198438581684124,0.9451892871947124,0.08217309337937372
00847-bCPU9suPUw9,belief,141,den,0_1_9,0_1,2,0.055768943507043985,0.9864604532511158,0.9353844965161752,0.9941106263218981,0.06079779860523401
00847-bCPU9suPUw9,belief,141,den,0_2_340,0_2,3,0.04099370273428895,0.9483284597108567,0.8972478929165737,0.9988009962784486,0.04823551829388497
00847-bCPU9suPUw9,belief,141,den,0_1_21,0_1,4,0.03987901339356272,0.9668342461107468,0.921719750376947,0.9942681034561754,0.04500802742021461
00847-bCPU9suPUw9,belief,141,den,0_2_200,0_2,5,0.03521843785226302,0.9883830624792188,0.9257208092415632,0.9980872174100832,0.0385652609320319
00847-bCPU9suPUw9,belief,142,desk,1_3_101,1_3,1,0.46753264811560447,0.9893706900232927,0.9196818511375601,0.9977036786950922,0.515007689217337
00847-bCPU9suPUw9,belief,142,desk,0_1_2,0_1,2,0.3582138374781893,0.9533353589206437,0.9330189467693164,0.9995270389960043,0.40291334033490156
00847-bCPU9suPUw9,belief,142,desk,0_1_28,0_1,3,0.2197571757415142,0.9800328733394298,0.9476457523588722,0.9906294902194217,0.23886094643300468
00847-bCPU9suPUw9,belief,142,desk,0_1_32,0_1,4,0.19493871487885842,0.926458849399351,0.9374389902833673,0.9989939837619464,0.22468086076927815
00847-bCPU9suPUw9,belief,142,desk,0_0_4,0_0,5,0.061551140602262716,0.9776704441239437,0.9238391988199979,0.9962689395356504,0.06840229021009687
00847-bCPU9suPUw9,belief,143,desk door,0_0_16,0_0,1,0.5258418636445142,0.9919520169330581,0.9214609023098488,0.9995429919247414,0.57555403417708
00847-bCPU9suPUw9,belief,143,desk door,0_0_9,0_0,2,0.4190128107187246,0.9590020693688905,0.9444796319687323,0.9995878905726704,0.4628008776671046
00847-bCPU9suPUw9,belief,143,desk door,0_0_30,0_0,3,0.35957082944572094,0.9676056315458533,0.9241579481486617,0.9989931951624913,0.4025106090512432
00847-bCPU9suPUw9,belief,143,desk door,0_0_46,0_0,4,0.2634497469332973,0.9844159335006057,0.9279405574711124,0.9987751583644506,0.2887561631138619
00847-bCPU9suPUw9,belief,143,desk door,1_3_101,1_3,5,0.24473428954292353,0.9893706900232927,0.9196818511375601,0.9977036786950922,0.26958553897306103
00847-bCPU9suPUw9,belief,144,dinnerware,1_1_12,1_1,1,0.0006542923214830392,0.9894747713504456,0.9397623336545973,0.9806563237277454,0.0007175170587250617
00847-bCPU9suPUw9,belief,144,dinnerware,1_1_11,1_1,2,0.0003920292742510159,0.982985536318247,0.9292621414017141,0.989335145769878,0.00043380014144073453
00847-bCPU9suPUw9,belief,144,dinnerware,0_1_58,0_1,3,0.00028571765831088053,0.9509849632752544,0.8970625175923091,0.9831554584350312,0.0003406579484043733
00847-bCPU9suPUw9,belief,144,dinnerware,1_4_145,1_4,4,0.00023861586758148456,0.9104007378457085,0.9396733623387052,0.9388654336659464,0.00029708891901250627
00847-bCPU9suPUw9,belief,144,dinnerware,0_0_20,0_0,5,0.00016226409266168113,0.9558162924507192,0.9292816973908237,0.8341524826375847,0.00021900557294160324
00847-bCPU9suPUw9,belief,145,diploma,0_2_294,0_2,1,0.00010567908480111232,0.9724730964750051,0.9102151103679561,0.9761906584779318,0.0001223017749264698
00847-bCPU9suPUw9,belief,145,diploma,0_0_133,0_0,2,0.00010399124808974223,0.9739733717502285,0.9213976511405337,0.9878747257834515,0.00011730073459215691
00847-bCPU9suPUw9,belief,145,diploma,1_4_328,1_4,3,7.244912256228292e-05,0.9604532926292239,0.9485197742122746,0.9225041364003069,8.620692794337189e-05
00847-bCPU9suPUw9,belief,145,diploma,1_3_49,1_3,4,4.7748094954883594e-05,0.9683928929761182,0.9201044686745878,0.9928466458756158,5.3974066828299014e-05
00847-bCPU9suPUw9,belief,145,diploma,1_1_77,1_1,5,4.677362025758769e-05,0.978915410382407,0.9653694507255133,0.9904954687283408,4.9970049032053385e-05
00847-bCPU9suPUw9,belief,146,dirt ground,0_2_263,0_2,1,0.01840836549065369,0.9666385543566175,0.9414456342630766,0.9733096724486212,0.020782836949634564
00847-bCPU9suPUw9,belief,146,dirt ground,0_2_313,0_2,2,0.0030630669433527836,0.9640882213910421,0.9083422631211608,0.9784874265776927,0.00357466164621678
00847-bCPU9suPUw9,belief,146,dirt ground,0_2_309,0_2,3,0.002704644070302381,0.9753406038230976,0.9014373125282586,0.9884476964253381,0.0031121791703360956
00847-bCPU9suPUw9,belief,146,dirt ground,0_2_308,0_2,4,0.0022070398582810305,0.9875811462866516,0.9392715606435618,0.9873392738537596,0.002409793345103582
00847-bCPU9suPUw9,belief,146,dirt ground,0_2_315,0_2,5,0.0020789311084157516,0.9849428757830294,0.9460588065725959,0.9924587224620363,0.002248011191115457
00847-bCPU9suPUw9,belief,147,dish rack,1_4_81,1_4,1,0.022517938284636118,0.9603420221379826,0.9299526022695961,0.9974116953983893,0.02527943838030715
00847-bCPU9suPUw9,belief,147,dish rack,1_4_333,1_4,2,0.006713679717376512,0.9596541733413347,0.9315444463392639,0.978263618206661,0.007676908764590416
00847-bCPU9suPUw9,belief,147,dish rack,1_4_236,1_4,3,0.0037785792446211833,0.9934343111104432,0.9322166932875966,0.9979494190935964,0.004088499734262407
00847-bCPU9suPUw9,belief,147,dish rack,1_4_282,1_4,4,0.0020294613470653636,0.9820655992587496,0.885348459329415,0.9859951518664664,0.002367288947109839
00847-bCPU9suPUw9,belief,147,dish rack,1_4_240,1_4,5,0.0019849300925056587,0.9562195722056306,0.9694927488841755,0.9967391732522055,0.0021481346229084144
00847-bCPU9suPUw9,belief,148,dishwasher,0_0_151,0_0,1,0.07814579309739791,0.9749382848567221,0.9239947360119743,0.9947546375803588,0.08720532571863533
00847-bCPU9suPUw9,belief,148,dishwasher,0_0_283,0_0,2,0.06513127485902033,0.9718712608397111,0.9176857720767853,0.9965496429550549,0.07328041209001901
00847-bCPU9suPUw9,belief,148,dishwasher,0_0_176,0_0,3,0.05347315682545986,0.9772190706656173,0.9398073436493006,0.9979582578396026,0.05834352698018547
00847-bCPU9suPUw9,belief,148,dishwasher,0_0_257,0_0,4,0.032619966961619444,0.9813748399416605,0.95938786654052,0.9972264438161749,0.034742461855672
00847-bCPU9suPUw9,belief,148,dishwasher,0_0_256,0_0,5,0.024276111938875366,0.9791173779964447,0.9159653553856921,0.9970928739794201,0.0271474919195509
00847-bCPU9suPUw9,belief,149,dispenser,1_4_155,1_4,1,0.19111580847162604,0.9677963261750706,0.9163951762858948,0.999760931001942,0.2155428827938718
00847-bCPU9suPUw9,belief,149,dispenser,1_3_4,1_3,2,0.023408946743227674,0.9850588760745584,0.9383394647664787,0.9958823729247366,0.02543031016647266
00847-bCPU9suPUw9,belief,149,dispenser,1_4_336,1_4,3,0.016263010462524055,0.9625719442794439,0.946889409259925,0.9996354992097068,0.017849531127722713
00847-bCPU9suPUw9,belief,149,dispenser,1_4_156,1_4,4,0.010291412080677206,0.9702866154909134,0.94748469789608,0.9992083527795266,0.011203318095914676
00847-bCPU9suPUw9,belief,149,dispenser,1_4_147,1_4,5,0.010063784451870363,0.9719609419504801,0.9487145779318946,0.9995510289508289,0.010918726021860975
00847-bCPU9suPUw9,belief,150,display case,1_4_278,1_4,1,0.05440917650037078,0.978543883044493,0.9386913383932867,0.9973038564044621,0.059393858148579455
00847-bCPU9suPUw9,belief,150,display case,1_4_279,1_4,2,0.00789286383337253,0.9838432931580439,0.9343754411518848,0.9990681455987661,0.008593936768196104
00847-bCPU9suPUw9,belief,150,display case,1_4_18,1_4,3,0.006801665212649077,0.9425170142276138,0.9270390851064723,0.9990206355868602,0.007792082621123581
00847-bCPU9suPUw9,belief,150,display case,0_2_92,0_2,4,0.0035843849480806465,0.9739298569933931,0.9438623585887784,0.9959729586191018,0.00391499084840387
00847-bCPU9suPUw9,belief,150,display case,0_0_121,0_0,5,0.0025517241137340673,0.980537410238765,0.9074141339458586,0.9749621184654413,0.002941550227706107
00847-bCPU9suPUw9,belief,151,document,0_0_205,0_0,1,0.01620104791936826,0.9789207304452919,0.9416084567305552,0.9843866999205924,0.01785498515143942
00847-bCPU9suPUw9,belief,151,document,0_2_26,0_2,2,0.012175083749698347,0.9721337553096377,0.9198438581684124,0.9451892871947124,0.014404992296804552
00847-bCPU9suPUw9,belief,151,document,0_2_263,0_2,3,0.010592594700834608,0.9666385543566175,0.9414456342630766,0.9733096724486212,0.011958919908059222
00847-bCPU9suPUw9,belief,151,document,0_0_133,0_0,4,0.007494213896805348,0.9739733717502285,0.9213976511405337,0.9878747257834515,0.00845337286968028
00847-bCPU9suPUw9,belief,151,document,0_0_121,0_0,5,0.006716636769768606,0.980537410238765,0.9074141339458586,0.9749621184654413,0.007742735318913516
00847-bCPU9suPUw9,belief,152,document holder,1_3_49,1_3,1,0.20101346571450407,0.9683928929761182,0.9201044686745878,0.9928466458756158,0.2272240231178682
00847-bCPU9suPUw9,belief,152,document holder,0_2_268,0_2,2,0.0329110685278922,0.9891755814034459,0.9518573378309747,0.9976844437496427,0.03503511384854749
00847-bCPU9suPUw9,belief,152,document holder,1_4_331,1_4,3,0.020182410781178918,0.9908098926146826,0.9439883122257668,0.9950480926235806,0.02168562874527225
00847-bCPU9suPUw9,belief,152,document holder,1_3_57,1_3,4,0.017023472835889012,0.9451796220556087,0.9346289387145241,0.9977655825491838,0.01931372615718448
00847-bCPU9suPUw9,belief,152,document holder,0_2_274,0_2,5,0.016604022960988576,0.9921031249177146,0.9176976209132869,0.9945600109018737,0.01833689966642106
00847-bCPU9suPUw9,belief,153,dog leash,0_1_28,0_1,1,0.002416285645465975,0.9800328733394298,0.9476457523588722,0.9906294902194217,0.0026263364287469598
00847-bCPU9suPUw9,belief,153,dog leash,1_2_53,1_2,2,0.0009079721367433683,0.97994567326137,0.9144022822944775,0.9850746894626197,0.0010286415429704306
00847-bCPU9suPUw9,belief,153,dog leash,0_1_20,0_1,3,0.00024182142988753586,0.9616718444518728,0.9163727851402917,0.9438985782514853,0.00029071696023922017
00847-bCPU9suPUw9,belief,153,dog leash,0_2_136,0_2,4,0.00020987800582645768,0.9841152340640581,0.9277847367971246,0.9791478550795489,0.00023476074221024732
00847-bCPU9suPUw9,belief,153,dog leash,1_2_6,1_2,5,0.0001503296039937978,0.9714544889254447,0.9279938424436841,0.9858602980949762,0.0001691459416415497
00847-bCPU9suPUw9,belief,154,dog toy,0_2_30,0_2,1,0.001837848290168569,0.9504582919290898,0.9635658303955671,0.8741924031768115,0.0022955575009557566
00847-bCPU9suPUw9,belief,154,dog toy,0_1_20,0_1,2,0.000616461323499609,0.9616718444518728,0.9163727851402917,0.9438985782514853,0.0007411078586219631
00847-bCPU9suPUw9,belief,154,dog toy,0_0_211,0_0,3,0.0005807979244480357,0.8926172025421795,0.9326931510284149,0.9725942458414373,0.0007172809882693827
00847-bCPU9suPUw9,belief,154,dog toy,0_0_212,0_0,4,0.0005045277701571853,0.9801583785470427,0.9270530865768214,0.9723155331951806,0.0005710537540147536
00847-bCPU9suPUw9,belief,154,dog toy,0_1_28,0_1,5,0.00038465720225460483,0.9800328733394298,0.9476457523588722,0.9906294902194217,0.0004180959419085294
00847-bCPU9suPUw9,belief,155,doily,0_1_57,0_1,1,0.0007179659954436922,0.9163877648265307,0.9120083681385636,0.9260759305481928,0.0009276393727264967
00847-bCPU9suPUw9,belief,155,doily,0_2_164,0_2,2,0.0007138031845653253,0.9753239312052501,0.9260679612954141,0.9680353951858965,0.0008163859167035708
00847-bCPU9suPUw9,belief,155,doily,0_0_6,0_0,3,0.0002719487481891498,0.9773141850124706,0.9166695898087085,0.8349075633226346,0.00036358138731745716
00847-bCPU9suPUw9,belief,155,doily,0_0_121,0_0,4,0.00022666482411289957,0.980537410238765,0.9074141339458586,0.9749621184654413,0.0002612923401059142
00847-bCPU9suPUw9,belief,155,doily,0_2_46,0_2,5,0.000207966805476145,0.9567169125145035,0.9922638202116698,0.9936874436763466,0.0002204619329737238
00847-bCPU9suPUw9,belief,156,doll,0_2_30,0_2,1,0.04990218888419751,0.9504582919290898,0.9635658303955671,0.8741924031768115,0.062330141513869806
00847-bCPU9suPUw9,belief,156,doll,1_4_145,1_4,2,0.04364605271085903,0.9104007378457085,0.9396733623387052,0.9388654336659464,0.054341560561155806
00847-bCPU9suPUw9,belief,156,doll,0_1_20,0_1,3,0.01851588945303122,0.9616718444518728,0.9163727851402917,0.9438985782514853,0.022259743896205133
00847-bCPU9suPUw9,belief,156,doll,0_0_212,0_0,4,0.018028680613239968,0.9801583785470427,0.9270530865768214,0.9723155331951806,0.02040590499293267
00847-bCPU9suPUw9,belief,156,doll,1_4_345,1_4,5,0.015247515184877582,0.9995187386112809,0.9514544893053117,0.946147330701966,0.01694577149754314
00847-bCPU9suPUw9,belief,157,door screen,0_0_37,0_0,1,0.18105124623399274,0.9767563329778328,0.9373862706056897,0.9972128445766115,0.19829366084663874
00847-bCPU9suPUw9,belief,157,door screen,0_0_30,0_0,2,0.15126145588853787,0.9676056315458533,0.9241579481486617,0.9989931951624913,0.1693250279215543
00847-bCPU9suPUw9,belief,157,door screen,0_2_364,0_2,3,0.14310273921507838,0.9912697009710005,0.9287316002590609,0.995172893744787,0.15619508151053296
00847-bCPU9suPUw9,belief,157,door screen,0_0_157,0_0,4,0.13710104166633086,0.9755349194335731,0.9372308802936874,0.9956072393459665,0.1506132914412398
00847-bCPU9suPUw9,belief,157,door screen,0_0_54,0_0,5,0.12791435803392026,0.9874737851160892,0.9203272212984026,0.995833001708239,0.14133995157931306
00847-bCPU9suPUw9,belief,158,drawer,0_0_196,0_0,1,0.9205322858404188,0.9806623877503736,0.9594667378432917,0.999991754160298,0.9783475550986634
00847-bCPU9suPUw9,belief,158,drawer,0_0_175,0_0,2,0.7441242100710446,0.9502997416257859,0.8987900050288284,0.9999847032836352,0.8712308243582276
00847-bCPU9suPUw9,belief,158,drawer,1_4_231,1_4,3,0.6860945414018236,0.9917475700378416,0.9621527223400789,0.9999906648141357,0.7190231283338036
00847-bCPU9suPUw9,belief,158,drawer,0_0_246,0_0,4,0.6371474781787358,0.8176900413301255,0.9679375508706259,0.9999712479119761,0.805038051542904
00847-bCPU9suPUw9,belief,158,drawer,1_4_83,1_4,5,0.6192646801899399,0.9798385253832532,0.9525954979845845,0.9999978450367386,0.6634591848924778
00847-bCPU9suPUw9,belief,159,drawer cart,0_0_196,0_0,1,0.007262746628148438,0.9806623877503736,0.9594667378432917,0.999991754160298,0.007718893205861849
00847-bCPU9suPUw9,belief,159,drawer cart,1_4_232,1_4,2,0.0034025799981530153,0.9602389376305243,0.9993395463396182,0.9991797939391973,0.0035487247494432857
00847-bCPU9suPUw9,belief,159,drawer cart,1_1_55,1_1,3,0.002875902508313886,0.9178449023930912,0.9308473227758793,0.999633114120861,0.00336733070983194
00847-bCPU9suPUw9,belief,159,drawer cart,1_1_60,1_1,4,0.002465097192656713,0.8893756882356225,0.9379361937960633,0.9978754446208856,0.0029614142562160587
00847-bCPU9suPUw9,belief,159,drawer cart,1_4_235,1_4,5,0.0019197223832957276,0.914164686406358,0.9831263398424832,0.9987730349980627,0.0021386407975550327
00847-bCPU9suPUw9,belief,160,dressing table,1_3_101,1_3,1,0.035999548792867035,0.9893706900232927,0.9196818511375601,0.9977036786950922,0.03965507972845764
00847-bCPU9suPUw9,belief,160,dressing table,1_1_59,1_1,2,0.022394149608443544,0.9655507200291046,0.9326566021066128,0.9979259770108478,0.024919503576923605
00847-bCPU9suPUw9,belief,160,dressing table,0_1_28,0_1,3,0.021924693408027534,0.9800328733394298,0.9476457523588722,0.9906294902194217,0.023830634881542145
00847-bCPU9suPUw9,belief,160,dressing table,1_3_114,1_3,4,0.014654073094012733,0.9808603829807704,0.939932235793449,0.9982602761750727,0.015922484171742628
00847-bCPU9suPUw9,belief,160,dressing table,1_3_113,1_3,5,0.007206954332945149,0.9606447028167664,0.91747396081948,0.9982265829994237,0.008191550247173768
00847-bCPU9suPUw9,belief,161,drill,1_4_237,1_4,1,0.018802195170273185,0.963559720480698,0.9475630106305433,0.9655640888196348,0.021327537546367407
00847-bCPU9suPUw9,belief,161,drill,1_2_67,1_2,2,0.014380542106141607,0.9697050783369277,0.9365615710026757,0.737039973898197,0.021483657071149513
00847-bCPU9suPUw9,belief,161,drill,1_4_126,1_4,3,0.006662059107182694,0.9827955028400963,0.9232371952679889,0.947146773874221,0.007752017486470891
00847-bCPU9suPUw9,belief,161,drill,1_4_85,1_4,4,0.006253401842790255,0.9725220500025226,0.9573267788799107,0.9843723887980406,0.006823343728265368
00847-bCPU9suPUw9,belief,161,drill,0_0_121,0_0,5,0.0033829503282659275,0.980537410238765,0.9074141339458586,0.9749621184654413,0.003899762617310189
00847-bCPU9suPUw9,belief,162,drum,0_0_97,0_0,1,0.020661171826603406,0.9935984202372122,0.9307273273458063,0.9321404593735364,0.023968465614641325
00847-bCPU9suPUw9,belief,162,drum,0_0_212,0_0,2,0.017744481278135722,0.9801583785470427,0.9270530865768214,0.9723155331951806,0.020084231723789897
00847-bCPU9suPUw9,belief,162,drum,1_4_145,1_4,3,0.013200967990666465,0.9104007378457085,0.9396733623387052,0.9388654336659464,0.01643587809149585
00847-bCPU9suPUw9,belief,162,drum,1_3_4,1_3,4,0.0069561735858425875,0.9850588760745584,0.9383394647664787,0.9958823729247366,0.0075568394340928095
00847-bCPU9suPUw9,belief,162,drum,0_0_211,0_0,5,0.006724435307235903,0.8926172025421795,0.9326931510284149,0.9725942458414373,0.008304626100913766
00847-bCPU9suPUw9,belief,163,dustpan,1_3_118,1_3,1,0.7417368918945806,0.9772231656268646,0.9348700215442077,0.9768012553827002,0.8311868886328914
00847-bCPU9suPUw9,belief,163,dustpan,1_4_209,1_4,2,0.17933438158057166,0.6905394554138183,0.9920797415254472,0.9728626751183557,0.26907722407734214
00847-bCPU9suPUw9,belief,163,dustpan,0_2_263,0_2,3,0.16287352142468423,0.9666385543566175,0.9414456342630766,0.9733096724486212,0.1838823680951275
00847-bCPU9suPUw9,belief,163,dustpan,0_0_151,0_0,4,0.09689547772480028,0.9749382848567221,0.9239947360119743,0.9947546375803588,0.10812868307731517
00847-bCPU9suPUw9,belief,163,dustpan,0_0_248,0_0,5,0.0921985157731061,0.9813283518753915,0.9566762289450741,0.9981309263285449,0.09839138827112633
00847-bCPU9suPUw9,belief,164,dvd,1_3_49,1_3,1,0.004466561435276305,0.9683928929761182,0.9201044686745878,0.9928466458756158,0.005048965526857096
00847-bCPU9suPUw9,belief,164,dvd,1_4_328,1_4,2,0.003510052031873892,0.9604532926292239,0.9485197742122746,0.9225041364003069,0.004176597202113911
00847-bCPU9suPUw9,belief,164,dvd,1_4_278,1_4,3,0.0033378697304606193,0.978543883044493,0.9386913383932867,0.9973038564044621,0.0036436677421144968
00847-bCPU9suPUw9,belief,164,dvd,1_4_282,1_4,4,0.002748680743222684,0.9820655992587496,0.885348459329415,0.9859951518664664,0.00320623083163118
00847-bCPU9suPUw9,belief,164,dvd,1_4_156,1_4,5,0.002542143122105117,0.9702866154909134,0.94748469789608,0.9992083527795266,0.002767398469619068
00847-bCPU9suPUw9,belief,165,easel,0_1_58,0_1,1,0.004330828407493049,0.9509849632752544,0.8970625175923091,0.9831554584350312,0.005163597969092618
00847-bCPU9suPUw9,belief,165,easel,0_2_338,0_2,2,0.0039442753988846255,0.8096549255980385,0.9896423681867994,0.9863440250793714,0.004990689728043485
00847-bCPU9suPUw9,belief,165,easel,1_2_58,1_2,3,0.0032150986624428076,0.9293061801383182,0.9452391704188443,0.9323275257666694,0.003925773713086799
00847-bCPU9suPUw9,belief,165,easel,1_4_226,1_4,4,0.0028169978859126027,0.9854209825671837,0.9452708249134103,0.9986220791813836,0.0030283585814038718
00847-bCPU9suPUw9,belief,165,easel,1_4_282,1_4,5,0.002666350635295115,0.9820655992587496,0.885348459329415,0.9859951518664664,0.003110195913403681
00847-bCPU9suPUw9,belief,166,electric hub,0_0_119,0_0,1,0.0003242731329986113,0.9808515710835324,0.9460597068130485,0.9981587200107882,0.0003500979149729314
00847-bCPU9suPUw9,belief,166,electric hub,1_3_72,1_3,2,8.483916363861207e-05,0.9841260009409399,0.920416770886517,0.9964739217335177,9.399293512060378e-05
00847-bCPU9suPUw9,belief,166,electric hub,1_1_12,1_1,3,7.76233791163689e-05,0.9894747713504456,0.9397623336545973,0.9806563237277454,8.512418202560423e-05
00847-bCPU9suPUw9,belief,166,electric hub,0_0_36,0_0,4,6.487871353271169e-05,0.9707834795079281,0.9051463694434468,0.9986648556906623,7.393350102933881e-05
00847-bCPU9suPUw9,belief,166,electric hub,1_4_145,1_4,5,4.364720081836569e-05,0.9104007378457085,0.9396733623387052,0.9388654336659464,5.434299001352845e-05
00847-bCPU9suPUw9,belief,167,electric wire casing,1_4_220,1_4,1,0.1136369534258384,0.9703434760975853,0.956641036977619,0.9961843922095304,0.12288683293102128
00847-bCPU9suPUw9,belief,167,electric wire casing,1_3_72,1_3,2,0.05223458469323423,0.9841260009409399,0.920416770886517,0.9964739217335177,0.0578704659446731
00847-bCPU9suPUw9,belief,167,electric wire casing,1_1_41,1_1,3,0.034792184029471866,0.9901392846000671,0.9579356317021763,0.9913119206149879,0.03700315403774937
00847-bCPU9suPUw9,belief,167,electric wire casing,1_4_224,1_4,4,0.034442213414801616,0.9945146437888872,0.9454876334411562,0.9483441801514149,0.03862406995057301
00847-bCPU9suPUw9,belief,167,electric wire casing,0_2_271,0_2,5,0.030397472701832254,0.962668301979982,0.9645721560036902,0.9957172578114508,0.03287683860437769
00847-bCPU9suPUw9,belief,168,electrical box,1_3_72,1_3,1,0.29871007272885536,0.9841260009409399,0.920416770886517,0.9964739217335177,0.3309395717934197
00847-bCPU9suPUw9,belief,168,electrical box,1_3_56,1_3,2,0.1522426551712499,0.9532508678762585,0.944184231243057,0.9996613024716128,0.16920746403776551
00847-bCPU9suPUw9,belief,168,electrical box,0_0_119,0_0,3,0.12812617340764917,0.9808515710835324,0.9460597068130485,0.9981587200107882,0.1383300113354452
00847-bCPU9suPUw9,belief,168,electrical box,0_0_36,0_0,4,0.08933824531819747,0.9707834795079281,0.9051463694434468,0.9986648556906623,0.10180672353902341
00847-bCPU9suPUw9,belief,168,electrical box,0_2_92,0_2,5,0.08454693108431725,0.9739298569933931,0.9438623585887784,0.9959729586191018,0.09234512092039045
00847-bCPU9suPUw9,belief,169,electrical device,0_0_119,0_0,1,0.06585245854851342,0.9808515710835324,0.9460597068130485,0.9981587200107882,0.07109688126328577
00847-bCPU9suPUw9,belief,169,electrical device,1_3_72,1_3,2,0.038506794154895364,0.9841260009409399,0.920416770886517,0.9964739217335177,0.04266150736847052
00847-bCPU9suPUw9,belief,169,electrical device,1_4_220,1_4,3,0.014254613007194094,0.9703434760975853,0.956641036977619,0.9961843922095304,0.015414917368887561
00847-bCPU9suPUw9,belief,169,electrical device,0_0_36,0_0,4,0.013370727685049107,0.9707834795079281,0.9051463694434468,0.9986648556906623,0.015236811201060041
00847-bCPU9suPUw9,belief,169,electrical device,1_3_49,1_3,5,0.007255003196626047,0.9683928929761182,0.9201044686745878,0.9928466458756158,0.008200997919272314
00847-bCPU9suPUw9,belief,170,electrical installation,0_2_271,0_2,1,0.09111448415953867,0.962668301979982,0.9645721560036902,0.9957172578114508,0.09854622519502151
00847-bCPU9suPUw9,belief,170,electrical installation,1_3_72,1_3,2,0.06877662571418652,0.9841260009409399,0.920416770886517,0.9964739217335177,0.0761973202152767
00847-bCPU9suPUw9,belief,170,electrical installation,1_4_220,1_4,3,0.05315407348495017,0.9703434760975853,0.956641036977619,0.9961843922095304,0.05748073624845251
00847-bCPU9suPUw9,belief,170,electrical installation,0_0_36,0_0,4,0.051782263169846215,0.9707834795079281,0.9051463694434468,0.9986648556906623,0.05900924662199146
00847-bCPU9suPUw9,belief,170,electrical installation,0_0_119,0_0,5,0.030173610461772308,0.9808515710835324,0.9460597068130485,0.9981587200107882,0.032576606061030515
00847-bCPU9suPUw9,belief,171,elevator,1_4_156,1_4,1,0.12607282177873327,0.9702866154909134,0.94748469789608,0.9992083527795266,0.13724393839875915
00847-bCPU9suPUw9,belief,171,elevator,0_2_271,0_2,2,0.041725475408872476,0.962668301979982,0.9645721560036902,0.9957172578114508,0.04512880837707745
00847-bCPU9suPUw9,belief,171,elevator,1_4_147,1_4,3,0.03126109773745272,0.9719609419504801,0.9487145779318946,0.9995510289508289,0.03391679968606914
00847-bCPU9suPUw9,belief,171,elevator,1_4_160,1_4,4,0.024604477906126968,0.872867384978703,0.9324674260687652,0.9994962754523619,0.03024482236572617
00847-bCPU9suPUw9,belief,171,elevator,0_0_121,0_0,5,0.02310318685625753,0.980537410238765,0.9074141339458586,0.9749621184654413,0.026632653660317907
00847-bCPU9suPUw9,belief,172,exercise ball,0_2_292,0_2,1,0.10128835282872976,0.9842554975406272,0.9291218997752065,0.4643038225405581,0.23854850741352052
00847-bCPU9suPUw9,belief,172,exercise ball,1_4_126,1_4,2,0.0011203057101303688,0.9827955028400963,0.9232371952679889,0.947146773874221,0.0013035953772551315
00847-bCPU9suPUw9,belief,172,exercise ball,1_4_148,1_4,3,0.0005722775596891099,0.99217376965109,0.9704388242885794,0.9806729473606345,0.0006060753446965753
00847-bCPU9suPUw9,belief,172,exercise ball,0_0_121,0_0,4,0.0004873291816831579,0.980537410238765,0.9074141339458586,0.9749621184654413,0.0005617783120175189
00847-bCPU9suPUw9,belief,172,exercise ball,0_2_290,0_2,5,0.00036797093900525817,0.9692813413091799,0.9535778116099691,0.9901195467961315,0.00040208687492612413
00847-bCPU9suPUw9,belief,173,exercise bike,0_0_121,0_0,1,0.0031113059633353633,0.980537410238765,0.9074141339458586,0.9749621184654413,0.0035866192256653593
00847-bCPU9suPUw9,belief,173,exercise bike,1_2_6,1_2,2,0.00023080009681095286,0.9714544889254447,0.9279938424436841,0.9858602980949762,0.00025968870181857255
00847-bCPU9suPUw9,belief,173,exercise bike,0_2_136,0_2,3,0.00013777544744490407,0.9841152340640581,0.9277847367971246,0.9791478550795489,0.00015410984192054493
00847-bCPU9suPUw9,belief,173,exercise bike,1_4_155,1_4,4,0.00013726828763335774,0.9677963261750706,0.9163951762858948,0.999760931001942,0.00015481295173478527
00847-bCPU9suPUw9,belief,173,exercise bike,0_1_28,0_1,5,0.00011465792778398105,0.9800328733394298,0.9476457523588722,0.9906294902194217,0.00012462528722494452
00847-bCPU9suPUw9,belief,174,exercise equipment,0_0_121,0_0,1,4.0394983063303904e-05,0.980537410238765,0.9074141339458586,0.9749621184654413,4.656611229580181e-05
00847-bCPU9suPUw9,belief,174,exercise equipment,1_2_6,1_2,2,2.3418074864227415e-05,0.9714544889254447,0.9279938424436841,0.9858602980949762,2.634925004196429e-05
00847-bCPU9suPUw9,belief,174,exercise equipment,1_3_49,1_3,3,2.006434671809376e-05,0.9683928929761182,0.9201044686745878,0.9928466458756158,2.2680577971787583e-05
00847-bCPU9suPUw9,belief,174,exercise equipment,1_4_333,1_4,4,1.9816743089312208e-05,0.9596541733413347,0.9315444463392639,0.978263618206661,2.2659902633458575e-05
00847-bCPU9suPUw9,belief,174,exercise equipment,0_2_136,0_2,5,1.7006365208601577e-05,0.9841152340640581,0.9277847367971246,0.9791478550795489,1.9022607456881697e-05
00847-bCPU9suPUw9,belief,175,exercise ladder,0_2_258,0_2,1,0.03113773699668585,0.9771059443171629,0.9680290435146537,0.9714150315026995,0.03388848733013
00847-bCPU9suPUw9,belief,175,exercise ladder,1_4_240,1_4,2,0.0282704384190036,0.9562195722056306,0.9694927488841755,0.9967391732522055,0.030594884828413032
00847-bCPU9suPUw9,belief,175,exercise ladder,0_2_28,0_2,3,0.020003782270000468,0.954410506784916,0.95689041796717,0.9729465833140174,0.022512602550830665
00847-bCPU9suPUw9,belief,175,exercise ladder,1_4_367,1_4,4,0.019852139286910608,0.8728946095451395,0.9928650914332364,0.9963765501560385,0.022989618414732346
00847-bCPU9suPUw9,belief,175,exercise ladder,0_2_272,0_2,5,0.01566467837321117,0.8992925718005909,0.9290287760522759,0.9560633736366216,0.019611220791266842
00847-bCPU9suPUw9,belief,176,exercise mat,0_2_263,0_2,1,0.0005771271918104873,0.9666385543566175,0.9414456342630766,0.9733096724486212,0.0006515700882127534
00847-bCPU9suPUw9,belief,176,exercise mat,0_2_53,0_2,2,0.000175246515914045,0.9692712935590766,0.925355307589208,0.9968592080559027,0.00019600253878131513
00847-bCPU9suPUw9,belief,176,exercise mat,1_3_49,1_3,3,0.0001281437716483678,0.9683928929761182,0.9201044686745878,0.9928466458756158,0.0001448527004295046
00847-bCPU9suPUw9,belief,176,exercise mat,0_1_28,0_1,4,9.710418862245323e-05,0.9800328733394298,0.9476457523588722,0.9906294902194217,0.00010554557919988112
00847-bCPU9suPUw9,belief,176,exercise mat,0_2_239,0_2,5,8.308866170907102e-05,0.9733094266259031,0.9087589726507481,0.9960519956560591,9.431051415079306e-05
00847-bCPU9suPUw9,belief,177,exhibition panel,0_0_121,0_0,1,0.010501412540871736,0.980537410238765,0.9074141339458586,0.9749621184654413,0.01210571012931076
00847-bCPU9suPUw9,belief,177,exhibition panel,0_2_92,0_2,2,0.002562082648692428,0.9739298569933931,0.9438623585887784,0.9959729586191018,0.0027983964523275646
00847-bCPU9suPUw9,belief,177,exhibition panel,0_2_1,0_2,3,0.001326097968338938,0.9533536320457875,0.9975684197425698,0.9934352881458938,0.0014035869105337299
00847-bCPU9suPUw9,belief,177,exhibition panel,0_2_256,0_2,4,0.0006461168510037617,0.9514547751449999,0.9498521559759621,0.9918696649800218,0.0007207958818659833
00847-bCPU9suPUw9,belief,177,exhibition panel,1_3_72,1_3,5,0.0002710228114947195,0.9841260009409399,0.920416770886517,0.9964739217335177,0.0003002649772166418
00847-bCPU9suPUw9,belief,178,extractor hood,0_0_248,0_0,1,0.3124075573917101,0.9813283518753915,0.9566762289450741,0.9981309263285449,0.33339162805837846
00847-bCPU9suPUw9,belief,178,extractor hood,0_0_51,0_0,2,0.2278468332240952,0.9623295863457066,0.9119210470865065,0.9968486060624403,0.26045500861172965
00847-bCPU9suPUw9,belief,178,extractor hood,0_0_278,0_0,3,0.21096655718764432,0.9719565214162064,0.9209135098617625,0.9962944611779955,0.23657029830175938
00847-bCPU9suPUw9,belief,178,extractor hood,0_0_256,0_0,4,0.17795497485276604,0.9791173779964447,0.9159653553856921,0.9970928739794201,0.19900349998481492
00847-bCPU9suPUw9,belief,178,extractor hood,0_0_251,0_0,5,0.1692851240813607,0.9958401486371298,0.9407255420913624,0.9974732050842817,0.18116111736201498
00847-bCPU9suPUw9,belief,179,eyeglasses,0_0_121,0_0,1,0.0014603484562535256,0.980537410238765,0.9074141339458586,0.9749621184654413,0.0016834454441615639
00847-bCPU9suPUw9,belief,179,eyeglasses,0_0_205,0_0,2,0.0008581958362307174,0.9789207304452919,0.9416084567305552,0.9843866999205924,0.0009458075791880075
00847-bCPU9suPUw9,belief,179,eyeglasses,0_1_20,0_1,3,0.00044564713046505475,0.9616718444518728,0.9163727851402917,0.9438985782514853,0.0005357555745509618
00847-bCPU9suPUw9,belief,179,eyeglasses,1_4_145,1_4,4,0.00017360846225559517,0.9104007378457085,0.9396733623387052,0.9388654336659464,0.00021615138551221981
00847-bCPU9suPUw9,belief,179,eyeglasses,0_1_58,0_1,5,0.0001361396597821656,0.9509849632752544,0.8970625175923091,0.9831554584350312,0.00016231778417909496
00847-bCPU9suPUw9,belief,180,fan,1_3_16,1_3,1,0.8287970500719077,0.9753004466848714,0.9341636160574878,0.9938790733331042,0.915278537816784
00847-bCPU9suPUw9,belief,180,fan,1_3_7,1_3,2,0.8231843839429499,0.9735389926848204,0.9331508543331137,0.9949562271969653,0.9107264289439458
00847-bCPU9suPUw9,belief,180,fan,1_0_17,1_0,3,0.7456084222995532,0.9916876612933855,0.9430986143595845,0.9998853937156514,0.7973124843566246
00847-bCPU9suPUw9,belief,180,fan,0_0_131,0_0,4,0.7039562261337593,0.9822849730881696,0.9213642886589426,0.999851659123804,0.7779312310802244
00847-bCPU9suPUw9,belief,180,fan,0_2_120,0_2,5,0.6660527481620305,0.9858114540033827,0.9102912820619324,0.996851968648929,0.7445668738789973
00847-bCPU9suPUw9,belief,181,faucet,1_4_318,1_4,1,0.9453446267107485,0.9828530356167874,0.9668282845089347,0.999965262797363,0.9948722470044201
00847-bCPU9suPUw9,belief,181,faucet,1_4_338,1_4,2,0.6925921596822098,0.970256747518267,0.9504857402249902,0.9999968621418153,0.7510116193999037
00847-bCPU9suPUw9,belief,181,faucet,1_4_337,1_4,3,0.4882339081480072,0.9761905213433959,0.920073324037531,0.999998602418911,0.5435900759634681
00847-bCPU9suPUw9,belief,181,faucet,1_4_168,1_4,4,0.39065607250327344,0.9199747296679341,0.8985940551142233,0.9999911959953468,0.4725621828240227
00847-bCPU9suPUw9,belief,181,faucet,1_4_349,1_4,5,0.224452747056036,0.8514073026781457,0.8949898461206239,0.9999709078978328,0.2945656360187332
00847-bCPU9suPUw9,belief,182,fire extinguisher,0_2_331,0_2,1,0.004747972471538297,0.9873634126687806,0.9364228893735442,0.9985445713396038,0.005142705872866105
00847-bCPU9suPUw9,belief,182,fire extinguisher,0_2_271,0_2,2,0.0033547147271626443,0.962668301979982,0.9645721560036902,0.9957172578114508,0.0036283415970304383
00847-bCPU9suPUw9,belief,182,fire extinguisher,0_2_364,0_2,3,0.0020150019165265415,0.9912697009710005,0.9287316002590609,0.995172893744787,0.0021993526491670442
00847-bCPU9suPUw9,belief,182,fire extinguisher,0_0_121,0_0,4,0.0016464715120342286,0.980537410238765,0.9074141339458586,0.9749621184654413,0.0018980024623620592
00847-bCPU9suPUw9,belief,182,fire extinguisher,0_2_247,0_2,5,0.0013931318300311791,0.979711549400011,0.9255274494838945,0.9982680538477267,0.0015390669433025088
00847-bCPU9suPUw9,belief,183,fireplace,0_2_54,0_2,1,0.0013535654768575699,0.9870250138440182,0.9240868966774098,0.9995373395453188,0.0014847019375824767
00847-bCPU9suPUw9,belief,183,fireplace,0_2_88,0_2,2,0.001188125091645401,0.9510359837129343,0.942987520611742,0.9975321573623284,0.0013281048665480671
00847-bCPU9suPUw9,belief,183,fireplace,0_2_102,0_2,3,0.0009296096449624542,0.9508244524635966,0.9308577487830555,0.999309637558929,0.0010510342892647699
00847-bCPU9suPUw9,belief,183,fireplace,0_1_9,0_1,4,0.0008490073264871391,0.9864604532511158,0.9353844965161752,0.9941106263218981,0.0009255648969504609
00847-bCPU9suPUw9,belief,183,fireplace,0_2_134,0_2,5,0.0007707458566924148,0.9900314290123388,0.9291918269468333,0.9985301810256297,0.0008390650658150028
00847-bCPU9suPUw9,belief,184,fireplace tool set,0_0_121,0_0,1,0.0015058202238480188,0.980537410238765,0.9074141339458586,0.9749621184654413,0.0017358639198117574
00847-bCPU9suPUw9,belief,184,fireplace tool set,0_2_271,0_2,2,0.0009496059263426251,0.962668301979982,0.9645721560036902,0.9957172578114508,0.0010270604100664335
00847-bCPU9suPUw9,belief,184,fireplace tool set,0_2_112,0_2,3,0.0006295050664874296,0.904033844891768,0.9220750674530203,0.9824359590722104,0.0007686772202407511
00847-bCPU9suPUw9,belief,184,fireplace tool set,0_2_134,0_2,4,0.0005724864454856853,0.9900314290123388,0.9291918269468333,0.9985301810256297,0.0006232318641595247
00847-bCPU9suPUw9,belief,184,fireplace tool set,0_2_88,0_2,5,0.0005316584800596782,0.9510359837129343,0.942987520611742,0.9975321573623284,0.0005942961895796271
00847-bCPU9suPUw9,belief,185,firewood,1_2_53,1_2,1,0.004325090014766614,0.97994567326137,0.9144022822944775,0.9850746894626197,0.004899894045463425
00847-bCPU9suPUw9,belief,185,firewood,0_2_202,0_2,2,0.0028260082730368857,0.9868514596870094,0.9339844075355859,0.9882785033152833,0.0031024348217180337
00847-bCPU9suPUw9,belief,185,firewood,0_2_67,0_2,3,0.0019778074549026826,0.9857434268057503,0.9302398815989245,0.9803404356087558,0.0022001295233004567
00847-bCPU9suPUw9,belief,185,firewood,1_4_195,1_4,4,0.0019519514583593387,0.9576862368852862,0.9265959194609358,0.9722931956401751,0.002262341370823823
00847-bCPU9suPUw9,belief,185,firewood,0_2_21,0_2,5,0.0014429830311231335,0.9642783589779383,0.9414129006121297,0.9260155237793699,0.0017165655456137722
00847-bCPU9suPUw9,belief,186,fishing rod,1_1_49,1_1,1,0.012025496383659557,0.9875282130458138,0.96686008017256,0.9958178228838686,0.01264765398849073
00847-bCPU9suPUw9,belief,186,fishing rod,0_0_121,0_0,2,0.0031361383228719363,0.980537410238765,0.9074141339458586,0.9749621184654413,0.0036152452171885553
00847-bCPU9suPUw9,belief,186,fishing rod,0_2_254,0_2,3,0.0022639087832043397,0.982117387000423,0.9236801517117331,0.989220199769114,0.0025227890494321547
00847-bCPU9suPUw9,belief,186,fishing rod,0_2_3,0_2,4,0.0013009873417902055,0.8835037814246284,0.9711340353012246,0.9712987970746243,0.001561106860939476
00847-bCPU9suPUw9,belief,186,fishing rod,0_2_112,0_2,5,0.0010405645197860893,0.904033844891768,0.9220750674530203,0.9824359590722104,0.0012706144638572107
00847-bCPU9suPUw9,belief,187,flag,1_4_328,1_4,1,0.21243036635949955,0.9604532926292239,0.9485197742122746,0.9225041364003069,0.25277006315699974
00847-bCPU9suPUw9,belief,187,flag,1_4_241,1_4,2,0.13493199851174995,0.9584791129543668,0.952463328879928,0.9233552421498867,0.16007194306046432
00847-bCPU9suPUw9,belief,187,flag,0_2_136,0_2,3,0.09640525209425278,0.9841152340640581,0.9277847367971246,0.9791478550795489,0.10783487505273276
00847-bCPU9suPUw9,belief,187,flag,1_4_305,1_4,4,0.08045348246848467,0.9803690094225991,0.9173311822905326,0.9881609252321623,0.09053185937287636
00847-bCPU9suPUw9,belief,187,flag,0_0_123,0_0,5,0.0769706470567917,0.9832116690193844,0.928859975342101,0.9954850605809882,0.08466289539690523
00847-bCPU9suPUw9,belief,188,flashlight,1_4_5,1_4,1,0.10470870434050011,0.9754499978438192,0.9103070525785506,0.9967787274763326,0.1183017325892888
00847-bCPU9suPUw9,belief,188,flashlight,1_4_241,1_4,2,0.07438089060971441,0.9584791129543668,0.952463328879928,0.9233552421498867,0.0882392154402725
00847-bCPU9suPUw9,belief,188,flashlight,1_4_148,1_4,3,0.02690161688716079,0.99217376965109,0.9704388242885794,0.9806729473606345,0.028490382772720573
00847-bCPU9suPUw9,belief,188,flashlight,1_4_243,1_4,4,0.02162969439319762,0.9901460707187653,0.9395753064671825,0.9896517402937077,0.023492926932420596
00847-bCPU9suPUw9,belief,188,flashlight,1_4_238,1_4,5,0.018992692561473446,0.980064644891655,0.91183308657237,0.9895278402192283,0.02147773359930486
00847-bCPU9suPUw9,belief,189,floor stand,0_2_169,0_2,1,0.11298074150710094,0.9544576904593849,0.9360662545623567,0.9869383335091076,0.12813009035105494
00847-bCPU9suPUw9,belief,189,floor stand,0_2_315,0_2,2,0.07325113347686102,0.9849428757830294,0.9460588065725959,0.9924587224620363,0.07920866985504002
00847-bCPU9suPUw9,belief,189,floor stand,1_4_195,1_4,3,0.06489804419737667,0.9576862368852862,0.9265959194609358,0.9722931956401751,0.07521781837581411
00847-bCPU9suPUw9,belief,189,floor stand,1_1_61,1_1,4,0.061741631626948984,0.9742083804108415,0.9564757953258343,0.8796323101960074,0.07532707149786304
00847-bCPU9suPUw9,belief,189,floor stand,1_1_7,1_1,5,0.0613917710228157,0.9868418117297069,0.934227691316152,0.9786614214024935,0.06804205399220223
00847-bCPU9suPUw9,belief,190,flower stand,0_2_30,0_2,1,0.0004514893352805213,0.9504582919290898,0.9635658303955671,0.8741924031768115,0.0005639310577205847
00847-bCPU9suPUw9,belief,190,flower stand,0_0_240,0_0,2,8.792063649340517e-05,0.9714243010032002,0.9515231931813748,0.9798090267585658,9.707805023552744e-05
00847-bCPU9suPUw9,belief,190,flower stand,0_0_121,0_0,3,7.343598786594717e-05,0.980537410238765,0.9074141339458586,0.9749621184654413,8.465478131677532e-05
00847-bCPU9suPUw9,belief,190,flower stand,0_1_20,0_1,4,2.525165309762705e-05,0.9616718444518728,0.9163727851402917,0.9438985782514853,3.035745770327944e-05
00847-bCPU9suPUw9,belief,190,flower stand,1_4_282,1_4,5,1.9245232112723427e-05,0.9820655992587496,0.885348459329415,0.9859951518664664,2.244882630107375e-05
00847-bCPU9suPUw9,belief,191,flowerbed,0_0_240,0_0,1,0.0043411521659241555,0.9714243010032002,0.9515231931813748,0.9798090267585658,0.004793306837300535
00847-bCPU9suPUw9,belief,191,flowerbed,0_2_30,0_2,2,7.895902002447919e-05,0.9504582919290898,0.9635658303955671,0.8741924031768115,9.86234672659973e-05
00847-bCPU9suPUw9,belief,191,flowerbed,1_4_294,1_4,3,6.181485370680466e-05,0.9792151269161325,0.8875150612100938,0.9881140100239504,7.198333158569533e-05
00847-bCPU9suPUw9,belief,191,flowerbed,0_0_231,0_0,4,1.429362975630656e-05,0.9690638552263418,0.9431753653180996,0.9905468573998245,1.5787837941209414e-05
00847-bCPU9suPUw9,belief,191,flowerbed,1_1_72,1_1,5,1.2897108548498397e-05,0.9962260723114014,0.93748408002247,0.9945068197205462,1.388554034175223e-05
00847-bCPU9suPUw9,belief,192,flush,1_4_158,1_4,1,0.25689895658237144,0.9947657858176776,0.9713552596185588,0.9909064704379772,0.26830621969939267
00847-bCPU9suPUw9,belief,192,flush,1_4_176,1_4,2,0.144049868619325,0.8834901933670045,0.9441790575549991,0.9979257414368748,0.17304479654522498
00847-bCPU9suPUw9,belief,192,flush,1_4_148,1_4,3,0.11750340127046852,0.99217376965109,0.9704388242885794,0.9806729473606345,0.12444296167528793
00847-bCPU9suPUw9,belief,192,flush,0_0_6,0_0,4,0.09818797889963594,0.9773141850124706,0.9166695898087085,0.8349075633226346,0.13127224090546918
00847-bCPU9suPUw9,belief,192,flush,0_0_139,0_0,5,0.07689219989175645,0.9774993402545592,0.9139152047112395,0.993184630694904,0.08666224200494115
00847-bCPU9suPUw9,belief,193,flush button,0_0_119,0_0,1,0.03312978031415734,0.9808515710835324,0.9460597068130485,0.9981587200107882,0.035768202269003346
00847-bCPU9suPUw9,belief,193,flush button,0_0_36,0_0,2,0.015108710475072333,0.9707834795079281,0.9051463694434468,0.9986648556906623,0.01721735528707014
00847-bCPU9suPUw9,belief,193,flush button,1_4_328,1_4,3,0.006432962590816849,0.9604532926292239,0.9485197742122746,0.9225041364003069,0.007654557059020375
00847-bCPU9suPUw9,belief,193,flush button,1_4_155,1_4,4,0.005099868958221297,0.9677963261750706,0.9163951762858948,0.999760931001942,0.005751698229030575
00847-bCPU9suPUw9,belief,193,flush button,0_2_343,0_2,5,0.003907577179127302,0.9941945066531863,0.9420015878921808,0.9960420072257069,0.004188966775181998
00847-bCPU9suPUw9,belief,194,flush push,1_4_158,1_4,1,0.03309996313689435,0.9947657858176776,0.9713552596185588,0.9909064704379772,0.03456972383070702
00847-bCPU9suPUw9,belief,194,flush push,1_4_176,1_4,2,0.012247260805743714,0.8834901933670045,0.9441790575549991,0.9979257414368748,0.014712437954156601
00847-bCPU9suPUw9,belief,194,flush push,1_2_13,1_2,3,0.010503763324526775,0.9838160208694432,0.9261763521023154,0.9539003722450231,0.012084657065864346
00847-bCPU9suPUw9,belief,194,flush push,1_4_328,1_4,4,0.010234016772425083,0.9604532926292239,0.9485197742122746,0.9225041364003069,0.012177416582419798
00847-bCPU9suPUw9,belief,194,flush push,0_2_284,0_2,5,0.005558684772533251,0.9870919339071765,0.940688447954914,0.995555931320782,0.006013162887567609
00847-bCPU9suPUw9,belief,195,foam,1_3_51,1_3,1,0.894704979962021,0.9796005978498893,0.9389313345319998,0.9977444196994039,0.974939514610609
00847-bCPU9suPUw9,belief,195,foam,0_0_181,0_0,2,0.8317331018484189,0.9801712924462604,0.9084332301304716,0.9930302159320605,0.9406466907735782
00847-bCPU9suPUw9,belief,195,foam,1_3_53,1_3,3,0.7858154673141104,0.9806109772991041,0.9320454289110708,0.9966677059261653,0.8626534329502952
00847-bCPU9suPUw9,belief,195,foam,1_3_66,1_3,4,0.7653287657083423,0.9884598788907046,0.9403121507456473,0.9969771744526765,0.8259081037248472
00847-bCPU9suPUw9,belief,195,foam,0_0_231,0_0,5,0.7635629677658513,0.9690638552263418,0.9431753653180996,0.9905468573998245,0.843383283219388
00847-bCPU9suPUw9,belief,196,folding stand,1_3_101,1_3,1,0.08419872351297532,0.9893706900232927,0.9196818511375601,0.9977036786950922,0.0927485817434181
00847-bCPU9suPUw9,belief,196,folding stand,1_3_49,1_3,2,0.04262866214559873,0.9683928929761182,0.9201044686745878,0.9928466458756158,0.04818710069211254
00847-bCPU9suPUw9,belief,196,folding stand,1_4_353,1_4,3,0.028935278446376674,0.9591500904825,0.9338502977635708,0.9944434574731362,0.032485064800518326
00847-bCPU9suPUw9,belief,196,folding stand,1_3_57,1_3,4,0.02859252469590972,0.9451796220556087,0.9346289387145241,0.9977655825491838,0.032439220683286384
00847-bCPU9suPUw9,belief,196,folding stand,1_4_307,1_4,5,0.02358969641739744,0.961781138818356,0.9456304781790374,0.9898923766092,0.02620213349009821
00847-bCPU9suPUw9,belief,197,food,0_0_20,0_0,1,0.130614044156592,0.9558162924507192,0.9292816973908237,0.8341524826375847,0.1762879458142094
00847-bCPU9suPUw9,belief,197,food,0_0_4,0_0,2,0.038862064650786725,0.9776704441239437,0.9238391988199979,0.9962689395356504,0.04318773297125446
00847-bCPU9suPUw9,belief,197,food,0_1_58,0_1,3,0.01273018973837334,0.9509849632752544,0.8970625175923091,0.9831554584350312,0.015178061953574126
00847-bCPU9suPUw9,belief,197,food,0_1_9,0_1,4,0.007521185177127525,0.9864604532511158,0.9353844965161752,0.9941106263218981,0.008199393298779528
00847-bCPU9suPUw9,belief,197,food,0_1_1,0_1,5,0.0072094143729659116,0.8903686145941416,0.9165959568969704,0.9856011388328002,0.008962950777800042
00847-bCPU9suPUw9,belief,198,food processor,0_0_212,0_0,1,0.0008073714582613023,0.9801583785470427,0.9270530865768214,0.9723155331951806,0.0009138297818192287
00847-bCPU9suPUw9,belief,198,food processor,0_0_211,0_0,2,0.00040241638884796344,0.8926172025421795,0.9326931510284149,0.9725942458414373,0.0004969811580559267
00847-bCPU9suPUw9,belief,198,food processor,0_2_247,0_2,3,0.0002899678578855552,0.979711549400011,0.9255274494838945,0.9982680538477267,0.0003203429388889275
00847-bCPU9suPUw9,belief,198,food processor,0_0_20,0_0,4,0.00028409634471220026,0.9558162924507192,0.9292816973908237,0.8341524826375847,0.00038344085696171803
00847-bCPU9suPUw9,belief,198,food processor,1_4_145,1_4,5,0.0002466213182939838,0.9104007378457085,0.9396733623387052,0.9388654336659464,0.0003070561132418344
00847-bCPU9suPUw9,belief,199,food stand,0_0_20,0_0,1,0.00028953246905790895,0.9558162924507192,0.9292816973908237,0.8341524826375847,0.00039077791784428796
00847-bCPU9suPUw9,belief,199,food stand,0_0_121,0_0,2,0.00010746204938185388,0.980537410238765,0.9074141339458586,0.9749621184654413,0.0001238789938644208
00847-bCPU9suPUw9,belief,199,food stand,0_0_4,0_0,3,6.82934445075135e-05,0.9776704441239437,0.9238391988199979,0.9962689395356504,7.589506814888099e-05
00847-bCPU9suPUw9,belief,199,food stand,1_4_282,1_4,4,3.912840391723806e-05,0.9820655992587496,0.885348459329415,0.9859951518664664,4.5641784823972635e-05
00847-bCPU9suPUw9,belief,199,food stand,1_4_331,1_4,5,2.801308742351169e-05,0.9908098926146826,0.9439883122257668,0.9950480926235806,3.009954660330448e-05
00847-bCPU9suPUw9,belief,200,foosball table,0_1_28,0_1,1,8.703495038048916e-05,0.9800328733394298,0.9476457523588722,0.9906294902194217,9.460100927528418e-05
00847-bCPU9suPUw9,belief,200,foosball table,0_2_83,0_2,2,5.841776703589772e-05,0.9350158504838758,0.9279844625512839,0.9972530960468791,6.751183014799651e-05
00847-bCPU9suPUw9,belief,200,foosball table,1_3_101,1_3,3,5.3048634716616435e-05,0.9893706900232927,0.9196818511375601,0.9977036786950922,5.843539460111423e-05
00847-bCPU9suPUw9,belief,200,foosball table,1_4_50,1_4,4,4.042118830379937e-05,0.9852441294105737,0.9822114236893444,0.999270368972912,4.180009130746459e-05
00847-bCPU9suPUw9,belief,200,foosball table,0_2_108,0_2,5,3.580966414441428e-05,0.9055805681972486,0.9371398021875373,0.9988747148144803,4.224329145423797e-05
00847-bCPU9suPUw9,belief,201,foot spa,0_1_20,0_1,1,8.041572420500626e-05,0.9616718444518728,0.9163727851402917,0.9438985782514853,9.667552998585539e-05
00847-bCPU9suPUw9,belief,201,foot spa,0_2_263,0_2,2,2.934239383773286e-05,0.9666385543566175,0.9414456342630766,0.9733096724486212,3.312723159213573e-05
00847-bCPU9suPUw9,belief,201,foot spa,0_2_309,0_2,3,1.4910909081931521e-05,0.9753406038230976,0.9014373125282586,0.9884476964253381,1.715768117701877e-05
00847-bCPU9suPUw9,belief,201,foot spa,0_2_308,0_2,4,1.3600522348274017e-05,0.9875811462866516,0.9392715606435618,0.9873392738537596,1.484995756729554e-05
00847-bCPU9suPUw9,belief,201,foot spa,0_0_122,0_0,5,8.835871060345248e-06,0.9868125643995859,0.939876458575045,0.98246829951637,9.69673174413581e-06
00847-bCPU9suPUw9,belief,202,football,1_4_126,1_4,1,0.02608668624047503,0.9827955028400963,0.9232371952679889,0.947146773874221,0.030354646310810106
00847-bCPU9suPUw9,belief,202,football,0_2_121,0_2,2,0.006111053579656197,0.927454593178509,0.9223524558086724,0.8061381993848,0.008861699636074876
00847-bCPU9suPUw9,belief,202,football,0_0_6,0_0,3,0.004215308052260741,0.9773141850124706,0.9166695898087085,0.8349075633226346,0.005635648480887387
00847-bCPU9suPUw9,belief,202,football,1_4_148,1_4,4,0.0023548926808332612,0.99217376965109,0.9704388242885794,0.9806729473606345,0.0024939688252581687
00847-bCPU9suPUw9,belief,202,football,0_2_292,0_2,5,0.002351088433457165,0.9842554975406272,0.9291218997752065,0.4643038225405581,0.005537148358476592
00847-bCPU9suPUw9,belief,203,footstool,1_4_20,1_4,1,0.5861888351731691,0.9752845075762993,0.955558663304775,0.997827043332922,0.6303671785136383
00847-bCPU9suPUw9,belief,203,footstool,0_2_12,0_2,2,0.18892301730231392,0.9184569085772659,0.949399980315275,0.9996684969783155,0.2167309143912101
00847-bCPU9suPUw9,belief,203,footstool,0_2_67,0_2,3,0.1580823550160691,0.9857434268057503,0.9302398815989245,0.9803404356087558,0.17585213136980068
00847-bCPU9suPUw9,belief,203,footstool,0_2_203,0_2,4,0.12777993676210675,0.9762237139502351,0.9342675571960122,0.9257093345237194,0.15134476545617487
00847-bCPU9suPUw9,belief,203,footstool,0_2_202,0_2,5,0.11333832040946157,0.9868514596870094,0.9339844075355859,0.9882785033152833,0.12442453025641223
00847-bCPU9suPUw9,belief,204,frame,1_4_146,1_4,1,0.3145627833952913,0.9905888945453584,0.9655791021876752,0.9995212200382172,0.3290288712704589
00847-bCPU9suPUw9,belief,204,frame,1_4_36,1_4,2,0.206746467564898,0.9508966963881296,0.927255870042649,0.9979527243340122,0.23496068519256216
00847-bCPU9suPUw9,belief,204,frame,1_4_226,1_4,3,0.12966127760491003,0.9854209825671837,0.9452708249134103,0.9986220791813836,0.13938982513059694
00847-bCPU9suPUw9,belief,204,frame,0_2_261,0_2,4,0.12656168072007493,0.9826929220456907,0.9282806394269816,0.9986097069979042,0.13893425272469906
00847-bCPU9suPUw9,belief,204,frame,0_2_100,0_2,5,0.1149226989261208,0.9063223537305788,0.9272375089877916,0.9994940961859639,0.13682072907783444
00847-bCPU9suPUw9,belief,205,fruit,0_2_30,0_2,1,0.2564733466140738,0.9504582919290898,0.9635658303955671,0.8741924031768115,0.3203470698667746
00847-bCPU9suPUw9,belief,205,fruit,0_0_20,0_0,2,0.028956433142802808,0.9558162924507192,0.9292816973908237,0.8341524826375847,0.039082092203892374
00847-bCPU9suPUw9,belief,205,fruit,0_0_4,0_0,3,0.017258732219594734,0.9776704441239437,0.9238391988199979,0.9962689395356504,0.01917977146145152
00847-bCPU9suPUw9,belief,205,fruit,0_2_292,0_2,4,0.010830807197788856,0.9842554975406272,0.9291218997752065,0.4643038225405581,0.025508094652155356
00847-bCPU9suPUw9,belief,205,fruit,0_0_141,0_0,5,0.006875594106880437,0.9819224308679418,0.9135833053231062,0.4531315832718042,0.016914554405295518
00847-bCPU9suPUw9,belief,206,fume cupboard,0_2_327,0_2,1,0.03626716731523933,0.9445953020550382,0.9074453748881943,0.9950522854590871,0.042520803400044854
00847-bCPU9suPUw9,belief,206,fume cupboard,0_2_92,0_2,2,0.02866373114034481,0.9739298569933931,0.9438623585887784,0.9959729586191018,0.03130753161868096
00847-bCPU9suPUw9,belief,206,fume cupboard,1_4_323,1_4,3,0.012692535017549293,0.9455087115722043,0.9441626929984269,0.9965468705047039,0.014267184252955502
00847-bCPU9suPUw9,belief,206,fume cupboard,0_0_268,0_0,4,0.007960680279564154,0.8482837307736987,0.9294566025010422,0.9992860302104332,0.010103924939340809
00847-bCPU9suPUw9,belief,206,fume cupboard,0_0_256,0_0,5,0.007577141812343816,0.9791173779964447,0.9159653553856921,0.9970928739794201,0.008473366601778177
00847-bCPU9suPUw9,belief,207,fur,0_2_26,0_2,1,0.4422013831118609,0.9721337553096377,0.9198438581684124,0.9451892871947124,0.523192090364101
00847-bCPU9suPUw9,belief,207,fur,0_2_198,0_2,2,0.22007968844243445,0.931616263823551,0.9127130437577089,0.9361162744685795,0.2764896305317678
00847-bCPU9suPUw9,belief,207,fur,0_1_1,0_1,3,0.09773966430539466,0.8903686145941416,0.9165959568969704,0.9856011388328002,0.12151275469654492
00847-bCPU9suPUw9,belief,207,fur,0_2_195,0_2,4,0.09054618251026345,0.9456759470027117,0.9107264797062872,0.9580455287824602,0.10973715318168693
00847-bCPU9suPUw9,belief,207,fur,0_2_21,0_2,5,0.07080996057420638,0.9642783589779383,0.9414129006121297,0.9260155237793699,0.08423518224836292
00847-bCPU9suPUw9,belief,208,furnace,0_2_88,0_2,1,0.042903989832262096,0.9510359837129343,0.942987520611742,0.9975321573623284,0.04795875290508737
00847-bCPU9suPUw9,belief,208,furnace,0_2_134,0_2,2,0.02098754822836901,0.9900314290123388,0.9291918269468333,0.9985301810256297,0.022847892573958604
00847-bCPU9suPUw9,belief,208,furnace,0_2_102,0_2,3,0.017785816304363575,0.9508244524635966,0.9308577487830555,0.999309637558929,0.020108981118849657
00847-bCPU9suPUw9,belief,208,furnace,0_2_54,0_2,4,0.016100545468440388,0.9870250138440182,0.9240868966774098,0.9995373395453188,0.01766040244216688
00847-bCPU9suPUw9,belief,208,furnace,0_2_271,0_2,5,0.013918035308181143,0.962668301979982,0.9645721560036902,0.9957172578114508,0.015053258045676941
00847-bCPU9suPUw9,belief,209,furniture,0_1_5,0_1,1,0.7935162766820713,0.9668246880086138,0.9333392071107725,0.9996018889613963,0.8797140534742593
00847-bCPU9suPUw9,belief,209,furniture,0_1_12,0_1,2,0.6716131620537701,0.8670358814251128,0.9669218093184359,0.9987670699920989,0.8020963813691171
00847-bCPU9suPUw9,belief,209,furniture,0_2_163,0_2,3,0.4515525580645838,0.9790556501315184,0.9158041727807615,0.993793421300595,0.5067598434878986
00847-bCPU9suPUw9,belief,209,furniture,0_2_165,0_2,4,0.24265618621914592,0.9693365773153712,0.9319714963912306,0.9968956798721941,0.269441459785612
00847-bCPU9suPUw9,belief,209,furniture,0_2_146,0_2,5,0.2251975279442486,0.9934448686622713,0.9301228811840155,0.9946874198561224,0.24501512490608712
00847-bCPU9suPUw9,belief,210,game,0_1_9,0_1,1,0.011376851390152811,0.9864604532511158,0.9353844965161752,0.9941106263218981,0.012402736650243742
00847-bCPU9suPUw9,belief,210,game,0_0_132,0_0,2,0.009169745223407275,0.9834420556567529,0.9224957060911139,0.9803230864044353,0.01031038563077818
00847-bCPU9suPUw9,belief,210,game,0_0_133,0_0,3,0.008551116930744512,0.9739733717502285,0.9213976511405337,0.9878747257834515,0.009645545331797043
00847-bCPU9suPUw9,belief,210,game,0_1_3,0_1,4,0.007414409293652554,0.9866744390811721,0.9478143073203493,0.9840177354875044,0.008057058053526224
00847-bCPU9suPUw9,belief,210,game,1_4_241,1_4,5,0.007391483633141655,0.9584791129543668,0.952463328879928,0.9233552421498867,0.008768632795085845
00847-bCPU9suPUw9,belief,211,game console,1_3_49,1_3,1,0.10031864973669995,0.9683928929761182,0.9201044686745878,0.9928466458756158,0.11339940389516143
00847-bCPU9suPUw9,belief,211,game console,1_3_101,1_3,2,0.007684424892342609,0.9893706900232927,0.9196818511375601,0.9977036786950922,0.008464730586666944
00847-bCPU9suPUw9,belief,211,game console,1_1_30,1_1,3,0.004914470517535044,0.9931037009471939,0.9378687356948634,0.9994648596309674,0.005279253854771503
00847-bCPU9suPUw9,belief,211,game console,1_3_10,1_3,4,0.0030436433548230645,0.980784114627611,0.9247686230004408,0.9988232485828015,0.0033596853859849105
00847-bCPU9suPUw9,belief,211,game console,1_4_53,1_4,5,0.0030171113472597104,0.977196407345941,0.9324382693282152,0.9875381471954179,0.003353015076327432
00847-bCPU9suPUw9,belief,212,gap,1_4_305,1_4,1,0.1741538773668174,0.9803690094225991,0.9173311822905326,0.9881609252321623,0.195970066817057
00847-bCPU9suPUw9,belief,212,gap,1_4_17,1_4,2,0.1658288495643788,0.9867112216490664,0.8706470537714086,0.9978228086465357,0.19345254999245756
00847-bCPU9suPUw9,belief,212,gap,1_4_237,1_4,3,0.16222684289584494,0.963559720480698,0.9475630106305433,0.9655640888196348,0.18401569878180926
00847-bCPU9suPUw9,belief,212,gap,0_2_343,0_2,4,0.14515087155997153,0.9941945066531863,0.9420015878921808,0.9960420072257069,0.15560337019094403
00847-bCPU9suPUw9,belief,212,gap,1_2_41,1_2,5,0.1385877254693089,0.953013614408013,0.925996723777745,0.9893975185326004,0.15872502177088962
00847-bCPU9suPUw9,belief,213,garage door motor,0_2_364,0_2,1,0.019087639281349947,0.9912697009710005,0.9287316002590609,0.995172893744787,0.020833950417351366
00847-bCPU9suPUw9,belief,213,garage door motor,0_2_342,0_2,2,0.007232603742967727,0.9804479532677294,0.9329927889956047,0.9957995215024278,0.007939989482508958
00847-bCPU9suPUw9,belief,213,garage door motor,0_2_331,0_2,3,0.003319020291196149,0.9873634126687806,0.9364228893735442,0.9985445713396038,0.00359495452975238
00847-bCPU9suPUw9,belief,213,garage door motor,1_3_49,1_3,4,0.002743338784948555,0.9683928929761182,0.9201044686745878,0.9928466458756158,0.003101048346565158
00847-bCPU9suPUw9,belief,213,garage door motor,0_2_131,0_2,5,0.00184734321713285,0.9731734208072776,0.9497817666389246,0.9981787229673406,0.0020022818702644424
00847-bCPU9suPUw9,belief,214,garage door opener,0_2_364,0_2,1,0.05629047521865155,0.9912697009710005,0.9287316002590609,0.995172893744787,0.06144044071601875
00847-bCPU9suPUw9,belief,214,garage door opener,0_2_342,0_2,2,0.019129903419556556,0.9804479532677294,0.9329927889956047,0.9957995215024278,0.021000906084530802
00847-bCPU9suPUw9,belief,214,garage door opener,0_2_331,0_2,3,0.01671835080252047,0.9873634126687806,0.9364228893735442,0.9985445713396038,0.01810826860773729
00847-bCPU9suPUw9,belief,214,garage door opener,0_0_161,0_0,4,0.009821302786532626,0.9467723347400118,0.911221105890141,0.9985884685625455,0.01140021978615763
00847-bCPU9suPUw9,belief,214,garage door opener,0_0_248,0_0,5,0.008258487494336716,0.9813283518753915,0.9566762289450741,0.9981309263285449,0.00881320098023255
00847-bCPU9suPUw9,belief,215,garage door opener railing,1_2_35,1_2,1,0.1872763002663298,0.9961039018833718,0.9413149764138244,0.9982781956901182,0.20007444736225727
00847-bCPU9suPUw9,belief,215,garage door opener railing,0_2_364,0_2,2,0.05791784387904551,0.9912697009710005,0.9287316002590609,0.995172893744787,0.06321669588731835
00847-bCPU9suPUw9,belief,215,garage door opener railing,0_2_342,0_2,3,0.017725217149614263,0.9804479532677294,0.9329927889956047,0.9957995215024278,0.01945883429324667
00847-bCPU9suPUw9,belief,215,garage door opener railing,0_2_331,0_2,4,0.015817776599513497,0.9873634126687806,0.9364228893735442,0.9985445713396038,0.01713282313695613
00847-bCPU9suPUw9,belief,215,garage door opener railing,1_4_260,1_4,5,0.014814177724215382,0.9301781985494825,0.9460909436360463,0.9962809331368029,0.016896497565840374
00847-bCPU9suPUw9,belief,216,gas box,1_4_328,1_4,1,0.012802919185894797,0.9604532926292239,0.9485197742122746,0.9225041364003069,0.015234143529818726
00847-bCPU9suPUw9,belief,216,gas box,0_0_47,0_0,2,0.005050094080017933,0.9574161092083963,0.900891200723434,0.9980569326734499,0.005866391970677096
00847-bCPU9suPUw9,belief,216,gas box,0_2_327,0_2,3,0.004802206649384574,0.9445953020550382,0.9074453748881943,0.9950522854590871,0.00563026285041755
00847-bCPU9suPUw9,belief,216,gas box,0_0_144,0_0,4,0.004626028141272865,0.970693068552973,0.9374255582487766,0.9979363697463682,0.005094325622825366
00847-bCPU9suPUw9,belief,216,gas box,1_3_49,1_3,5,0.00378329884260253,0.9683928929761182,0.9201044686745878,0.9928466458756158,0.00427661092562961
00847-bCPU9suPUw9,belief,217,gas container,1_3_4,1_3,1,0.006922998693007444,0.9850588760745584,0.9383394647664787,0.9958823729247366,0.007520799888025609
00847-bCPU9suPUw9,belief,217,gas container,1_4_328,1_4,2,0.005078988163968596,0.9604532926292239,0.9485197742122746,0.9225041364003069,0.0060434681772726035
00847-bCPU9suPUw9,belief,217,gas container,0_0_212,0_0,3,0.004434011702661048,0.9801583785470427,0.9270530865768214,0.9723155331951806,0.005018671276233377
00847-bCPU9suPUw9,belief,217,gas container,0_0_211,0_0,4,0.0020157802677963584,0.8926172025421795,0.9326931510284149,0.9725942458414373,0.0024894731915459122
00847-bCPU9suPUw9,belief,217,gas container,1_4_237,1_4,5,0.001350962953056149,0.963559720480698,0.9475630106305433,0.9655640888196348,0.0015324121914557158
00847-bCPU9suPUw9,belief,218,gas meter,0_2_88,0_2,1,0.0025876866013041615,0.9510359837129343,0.942987520611742,0.9975321573623284,0.002892556678130473
00847-bCPU9suPUw9,belief,218,gas meter,1_4_155,1_4,2,0.0013567796761615016,0.9677963261750706,0.9163951762858948,0.999760931001942,0.0015301936823264074
00847-bCPU9suPUw9,belief,218,gas meter,1_4_328,1_4,3,0.001266084646306734,0.9604532926292239,0.9485197742122746,0.9225041364003069,0.0015065091751876542
00847-bCPU9suPUw9,belief,218,gas meter,0_2_134,0_2,4,0.0008418850925576904,0.9900314290123388,0.9291918269468333,0.9985301810256297,0.000916510110903513
00847-bCPU9suPUw9,belief,218,gas meter,0_2_236,0_2,5,0.0008351415480757884,0.9875060942700524,0.9284061671094364,0.9964388454230142,0.0009141798389224134
00847-bCPU9suPUw9,belief,219,gauge,1_4_237,1_4,1,0.0015897133023621934,0.963559720480698,0.9475630106305433,0.9655640888196348,0.0018032293483312876
00847-bCPU9suPUw9,belief,219,gauge,1_1_11,1_1,2,0.0015508291446198112,0.982985536318247,0.9292621414017141,0.989335145769878,0.001716070575524741
00847-bCPU9suPUw9,belief,219,gauge,1_1_41,1_1,3,0.0014369719464694545,0.9901392846000671,0.9579356317021763,0.9913119206149879,0.0015282884868076188
00847-bCPU9suPUw9,belief,219,gauge,0_0_236,0_0,4,0.0013823232676842448,0.9816076288332688,0.95576105067723,0.9988694904704355,0.0014750733508041727
00847-bCPU9suPUw9,belief,219,gauge,0_2_271,0_2,5,0.001175883601241691,0.962668301979982,0.9645721560036902,0.9957172578114508,0.0012717943940526095
00847-bCPU9suPUw9,belief,220,gift,0_2_30,0_2,1,0.009424399401760444,0.9504582919290898,0.9635658303955671,0.8741924031768115,0.01177151065974538
00847-bCPU9suPUw9,belief,220,gift,0_2_121,0_2,2,0.004486233366960851,0.927454593178509,0.9223524558086724,0.8061381993848,0.0065055316693165945
00847-bCPU9suPUw9,belief,220,gift,1_4_305,1_4,3,0.004404757877709308,0.9803690094225991,0.9173311822905326,0.9881609252321623,0.004956540208344061
00847-bCPU9suPUw9,belief,220,gift,0_2_309,0_2,4,0.004341444640962678,0.9753406038230976,0.9014373125282586,0.9884476964253381,0.004995612446432087
00847-bCPU9suPUw9,belief,220,gift,1_4_241,1_4,5,0.004092804413581559,0.9584791129543668,0.952463328879928,0.9233552421498867,0.0048553579749387185
00847-bCPU9suPUw9,belief,221,glass,1_1_67,1_1,1,0.8060063410250661,0.9846131151696466,0.9441360020256861,0.9980549069921809,0.8687280597759723
00847-bCPU9suPUw9,belief,221,glass,1_3_48,1_3,2,0.7103125695498719,0.9628444634958877,0.9406638652172816,0.9947723024405641,0.7883793067834127
00847-bCPU9suPUw9,belief,221,glass,1_3_46,1_3,3,0.7037673566467925,0.8918061997545393,0.9345916908848406,0.9959178747028116,0.8478386074882451
00847-bCPU9suPUw9,belief,221,glass,0_2_45,0_2,4,0.6868120216983945,0.9889400453226909,0.9273172241980595,0.9985790060125499,0.7499929262701608
00847-bCPU9suPUw9,belief,221,glass,0_2_135,0_2,5,0.6478280655353552,0.9329488541727603,0.9352001182815719,0.9991196699041763,0.7431557817770092
00847-bCPU9suPUw9,belief,222,glasses,0_0_121,0_0,1,0.0037783273359347624,0.980537410238765,0.9074141339458586,0.9749621184654413,0.0043555412497565124
00847-bCPU9suPUw9,belief,222,glasses,0_0_205,0_0,2,0.003589198081231322,0.9789207304452919,0.9416084567305552,0.9843866999205924,0.003955613165574727
00847-bCPU9suPUw9,belief,222,glasses,0_1_20,0_1,3,0.001867326129367357,0.9616718444518728,0.9163727851402917,0.9438985782514853,0.0022448935826631117
00847-bCPU9suPUw9,belief,222,glasses,1_4_145,1_4,4,0.0012103421979563374,0.9104007378457085,0.9396733623387052,0.9388654336659464,0.0015069377358288086
00847-bCPU9suPUw9,belief,222,glasses,0_1_3,0_1,5,0.0008429351470351008,0.9866744390811721,0.9478143073203493,0.9840177354875044,0.0009159971005153052
00847-bCPU9suPUw9,belief,223,globe,0_2_292,0_2,1,0.002602506280073943,0.9842554975406272,0.9291218997752065,0.4643038225405581,0.006129273221529377
00847-bCPU9suPUw9,belief,223,globe,1_4_126,1_4,2,0.0008470784396714889,0.9827955028400963,0.9232371952679889,0.947146773874221,0.0009856662588997628
00847-bCPU9suPUw9,belief,223,globe,1_4_241,1_4,3,0.0005398755070240381,0.9584791129543668,0.952463328879928,0.9233552421498867,0.0006404627691967797
00847-bCPU9suPUw9,belief,223,globe,1_4_148,1_4,4,0.0003521968744807881,0.99217376965109,0.9704388242885794,0.9806729473606345,0.00037299705097289015
00847-bCPU9suPUw9,belief,223,globe,0_0_212,0_0,5,0.0003405958182708014,0.9801583785470427,0.9270530865768214,0.9723155331951806,0.00038550607544292765
00847-bCPU9suPUw9,belief,224,globe stand,0_0_121,0_0,1,7.207796147335115e-05,0.980537410238765,0.9074141339458586,0.9749621184654413,8.308928964670364e-05
00847-bCPU9suPUw9,belief,224,globe stand,0_1_20,0_1,2,2.579892760190043e-05,0.9616718444518728,0.9163727851402917,0.9438985782514853,3.101538938606197e-05
00847-bCPU9suPUw9,belief,224,globe stand,1_1_11,1_1,3,9.374326489005528e-06,0.982985536318247,0.9292621414017141,0.989335145769878,1.0373164515868253e-05
00847-bCPU9suPUw9,belief,224,globe stand,0_2_345,0_2,4,8.842272596105264e-06,0.9781309952261958,0.9398219611742706,0.9948443534737413,9.66865691589455e-06
00847-bCPU9suPUw9,belief,224,globe stand,1_4_148,1_4,5,8.328652183435284e-06,0.99217376965109,0.9704388242885794,0.9806729473606345,8.820528880558657e-06
00847-bCPU9suPUw9,belief,225,gloves,0_1_20,0_1,1,0.003950473288438125,0.9616718444518728,0.9163727851402917,0.9438985782514853,0.004749246526476532
00847-bCPU9suPUw9,belief,225,gloves,0_2_119,0_2,2,0.0010207420115887047,0.9586833973725637,0.9818579601298676,0.8888408332392272,0.0012200232870819194
00847-bCPU9suPUw9,belief,225,gloves,0_1_52,0_1,3,0.0008000192817032754,0.9756472557783127,0.9667846760308239,0.9278204126855808,0.0009141425955053977
00847-bCPU9suPUw9,belief,225,gloves,0_0_205,0_0,4,0.0006276143016568271,0.9789207304452919,0.9416084567305552,0.9843866999205924,0.0006916863707017932
00847-bCPU9suPUw9,belief,225,gloves,1_4_333,1_4,5,0.0005100000318095131,0.9596541733413347,0.9315444463392639,0.978263618206661,0.0005831710595318336
00847-bCPU9suPUw9,belief,226,glue,1_2_41,1_2,1,0.10967303249917904,0.953013614408013,0.925996723777745,0.9893975185326004,0.1256089196367304
00847-bCPU9suPUw9,belief,226,glue,1_4_333,1_4,2,0.09647227489513037,0.9596541733413347,0.9315444463392639,0.978263618206661,0.11031340246475269
00847-bCPU9suPUw9,belief,226,glue,0_2_224,0_2,3,0.062369656688371446,0.8533246672815746,0.8860244429288001,0.9582892013868093,0.08608287360836002
00847-bCPU9suPUw9,belief,226,glue,1_1_63,1_1,4,0.05917523764864605,0.9856976173159323,0.9396008577223043,0.9901913249850547,0.06452585713555835
00847-bCPU9suPUw9,belief,226,glue,1_4_345,1_4,5,0.0589984732936469,0.9995187386112809,0.9514544893053117,0.946147330701966,0.06556967709267238
00847-bCPU9suPUw9,belief,227,goalpost,1_1_49,1_1,1,0.0018082806270862239,0.9875282130458138,0.96686008017256,0.9958178228838686,0.0019018348146155881
00847-bCPU9suPUw9,belief,227,goalpost,1_2_60,1_2,2,0.001501598536475055,0.9947484274705249,0.955796650179743,0.9959775991888625,0.0015857163358640723
00847-bCPU9suPUw9,belief,227,goalpost,1_4_220,1_4,3,0.0012785605250159573,0.9703434760975853,0.956641036977619,0.9961843922095304,0.0013826334558711404
00847-bCPU9suPUw9,belief,227,goalpost,1_4_333,1_4,4,0.0007535240434464854,0.9596541733413347,0.9315444463392639,0.978263618206661,0.0008616340929239949
00847-bCPU9suPUw9,belief,227,goalpost,0_2_136,0_2,5,0.0006655043812398515,0.9841152340640581,0.9277847367971246,0.9791478550795489,0.0007444053123566685
00847-bCPU9suPUw9,belief,228,golf sticks,0_2_270,0_2,1,0.00013343365618605227,0.9863880918980539,0.9713797717037043,0.9887575191558238,0.0001408441168806338
00847-bCPU9suPUw9,belief,228,golf sticks,0_2_76,0_2,2,0.00011846433061283458,0.984385157870063,0.9202547648698964,0.993237239377537,0.00013166231253621243
00847-bCPU9suPUw9,belief,228,golf sticks,0_0_121,0_0,3,0.00011254905308721183,0.980537410238765,0.9074141339458586,0.9749621184654413,0.00012974313757309957
00847-bCPU9suPUw9,belief,228,golf sticks,0_2_254,0_2,4,0.00011098419030672538,0.982117387000423,0.9236801517117331,0.989220199769114,0.00012367534506827757
00847-bCPU9suPUw9,belief,228,golf sticks,0_2_112,0_2,5,9.652818207395408e-05,0.904033844891768,0.9220750674530203,0.9824359590722104,0.0001178688125347785
00847-bCPU9suPUw9,belief,229,grab bar,1_0_9,1_0,1,0.31000957726512457,0.9879213317992196,0.950492526594505,0.9970204793865409,0.3311310926942763
00847-bCPU9suPUw9,belief,229,grab bar,1_4_155,1_4,2,0.21607317626898354,0.9677963261750706,0.9163951762858948,0.999760931001942,0.24369012526956696
00847-bCPU9suPUw9,belief,229,grab bar,0_2_271,0_2,3,0.19534383155779692,0.962668301979982,0.9645721560036902,0.9957172578114508,0.2112770257410024
00847-bCPU9suPUw9,belief,229,grab bar,1_4_147,1_4,4,0.16323312511671367,0.9719609419504801,0.9487145779318946,0.9995510289508289,0.17710015346267757
00847-bCPU9suPUw9,belief,229,grab bar,1_4_220,1_4,5,0.15600970302666087,0.9703434760975853,0.956641036977619,0.9961843922095304,0.16870866151799133
00847-bCPU9suPUw9,belief,230,grass,0_2_308,0_2,1,0.0019693995797241647,0.9875811462866516,0.9392715606435618,0.9873392738537596,0.002150321836401007
00847-bCPU9suPUw9,belief,230,grass,0_2_309,0_2,2,0.0013005859277421213,0.9753406038230976,0.9014373125282586,0.9884476964253381,0.0014965578938816691
00847-bCPU9suPUw9,belief,230,grass,0_2_263,0_2,3,0.0009685782044727893,0.9666385543566175,0.9414456342630766,0.9733096724486212,0.0010935138650277293
00847-bCPU9suPUw9,belief,230,grass,1_2_13,1_2,4,0.0008665719175235903,0.9838160208694432,0.9261763521023154,0.9539003722450231,0.000996997373477365
00847-bCPU9suPUw9,belief,230,grass,0_0_240,0_0,5,0.0006610104220725071,0.9714243010032002,0.9515231931813748,0.9798090267585658,0.0007298582621723325
00847-bCPU9suPUw9,belief,231,grate,1_4_139,1_4,1,0.5627403844817189,0.9825025153836103,0.9540224814403071,0.9998815964420659,0.6004366982927928
00847-bCPU9suPUw9,belief,231,grate,1_4_344,1_4,2,0.10783515073622683,0.9906168899021831,0.940895210350209,0.9992666084815178,0.11577958494741905
00847-bCPU9suPUw9,belief,231,grate,0_0_131,0_0,3,0.04762079726241314,0.9822849730881696,0.9213642886589426,0.999851659123804,0.05262501284040316
00847-bCPU9suPUw9,belief,231,grate,1_4_81,1_4,4,0.04682874574544648,0.9603420221379826,0.9299526022695961,0.9974116953983893,0.05257161546209535
00847-bCPU9suPUw9,belief,231,grate,1_4_240,1_4,5,0.02886401235610985,0.9562195722056306,0.9694927488841755,0.9967391732522055,0.031237263484652972
00847-bCPU9suPUw9,belief,232,gravel,0_2_309,0_2,1,0.023239490156546815,0.9753406038230976,0.9014373125282586,0.9884476964253381,0.02674121078946617
00847-bCPU9suPUw9,belief,232,gravel,0_2_315,0_2,2,0.02259648387794414,0.9849428757830294,0.9460588065725959,0.9924587224620363,0.024434262603433923
00847-bCPU9suPUw9,belief,232,gravel,0_2_308,0_2,3,0.008718550586658408,0.9875811462866516,0.9392715606435618,0.9873392738537596,0.009519495130025464
00847-bCPU9suPUw9,belief,232,gravel,0_2_169,0_2,4,0.007692486071535133,0.9544576904593849,0.9360662545623567,0.9869383335091076,0.008723955270802325
00847-bCPU9suPUw9,belief,232,gravel,0_2_322,0_2,5,0.006254835247220779,0.9915297495626615,0.9673118599010523,0.991433565821556,0.006577789858084445
00847-bCPU9suPUw9,belief,233,groceries,0_0_205,0_0,1,0.0006703699272484481,0.9789207304452919,0.9416084567305552,0.9843866999205924,0.0007388068448759518
00847-bCPU9suPUw9,belief,233,groceries,0_0_121,0_0,2,0.0004447282151579244,0.980537410238765,0.9074141339458586,0.9749621184654413,0.0005126692088396585
00847-bCPU9suPUw9,belief,233,groceries,0_0_212,0_0,3,0.00019821625783027498,0.9801583785470427,0.9270530865768214,0.9723155331951806,0.0002243526418882154
00847-bCPU9suPUw9,belief,233,groceries,1_4_331,1_4,4,0.00017316262895211604,0.9908098926146826,0.9439883122257668,0.9950480926235806,0.0001860600561907486
00847-bCPU9suPUw9,belief,233,groceries,0_0_256,0_0,5,0.00016092352409123655,0.9791173779964447,0.9159653553856921,0.9970928739794201,0.00017995756820253338
00847-bCPU9suPUw9,belief,234,guitar,1_2_58,1_2,1,0.1635970461716338,0.9293061801383182,0.9452391704188443,0.9323275257666694,0.19975902789598202
00847-bCPU9suPUw9,belief,234,guitar,1_2_6,1_2,2,0.1590145932235323,0.9714544889254447,0.9279938424436841,0.9858602980949762,0.17891800677298428
00847-bCPU9suPUw9,belief,234,guitar,0_1_25,0_1,3,0.13021670330760135,0.986405655934855,0.9387269644602525,0.9838919288818403,0.14293034811116756
00847-bCPU9suPUw9,belief,234,guitar,0_1_30,0_1,4,0.12837278030499805,0.9378897459238474,0.9428305485776194,0.9539365471623718,0.1521836605532276
00847-bCPU9suPUw9,belief,234,guitar,0_1_17,0_1,5,0.058144051544766685,0.9539223071438936,0.9375174969394373,0.9888516544650933,0.0657478808830418
00847-bCPU9suPUw9,belief,235,gun,1_2_6,1_2,1,0.20620925799263295,0.9714544889254447,0.9279938424436841,0.9858602980949762,0.23201989622621627
00847-bCPU9suPUw9,belief,235,gun,1_4_209,1_4,2,0.09775666412188345,0.6905394554138183,0.9920797415254472,0.9728626751183557,0.14667623455773068
00847-bCPU9suPUw9,belief,235,gun,0_2_136,0_2,3,0.04732052692551511,0.9841152340640581,0.9277847367971246,0.9791478550795489,0.05293075841400764
00847-bCPU9suPUw9,belief,235,gun,1_4_36,1_4,4,0.041073960756929526,0.9508966963881296,0.927255870042649,0.9979527243340122,0.046679230250892594
00847-bCPU9suPUw9,belief,235,gun,1_3_68,1_3,5,0.039630118633082585,0.9418187938377238,0.9723062621760707,0.9983849188231683,0.04334678832014521
00847-bCPU9suPUw9,belief,236,gym rope,0_0_121,0_0,1,5.9114685192265065e-05,0.980537410238765,0.9074141339458586,0.9749621184654413,6.81456176050403e-05
00847-bCPU9suPUw9,belief,236,gym rope,0_2_136,0_2,2,2.7783307865727145e-05,0.9841152340640581,0.9277847367971246,0.9791478550795489,3.107724389666216e-05
00847-bCPU9suPUw9,belief,236,gym rope,0_2_28,0_2,3,2.2743308296993317e-05,0.954410506784916,0.95689041796717,0.9729465833140174,2.5595712524279942e-05
00847-bCPU9suPUw9,belief,236,gym rope,0_2_258,0_2,4,2.0478868270125845e-05,0.9771059443171629,0.9680290435146537,0.9714150315026995,2.2287999541566772e-05
00847-bCPU9suPUw9,belief,236,gym rope,0_2_271,0_2,5,2.013528852002714e-05,0.962668301979982,0.9645721560036902,0.9957172578114508,2.1777620706132226e-05
00847-bCPU9suPUw9,belief,237,hair brush,0_2_292,0_2,1,0.01142954384468738,0.9842554975406272,0.9291218997752065,0.4643038225405581,0.02691820479278454
00847-bCPU9suPUw9,belief,237,hair brush,0_0_121,0_0,2,0.010488051899942962,0.980537410238765,0.9074141339458586,0.9749621184654413,0.012090308387345473
00847-bCPU9suPUw9,belief,237,hair brush,0_2_271,0_2,3,0.005907362899001214,0.962668301979982,0.9645721560036902,0.9957172578114508,0.006389196184597445
00847-bCPU9suPUw9,belief,237,hair brush,1_4_145,1_4,4,0.005503135947323495,0.9104007378457085,0.9396733623387052,0.9388654336659464,0.00685168478668291
00847-bCPU9suPUw9,belief,237,hair brush,1_4_333,1_4,5,0.004408289133593278,0.9596541733413347,0.9315444463392639,0.978263618206661,0.005040757812580803
00847-bCPU9suPUw9,belief,238,hair dryer,1_4_155,1_4,1,0.06081872858741426,0.9677963261750706,0.9163951762858948,0.999760931001942,0.06859214940105576
00847-bCPU9suPUw9,belief,238,hair dryer,1_4_148,1_4,2,0.028419139383638808,0.99217376965109,0.9704388242885794,0.9806729473606345,0.030097527687921104
00847-bCPU9suPUw9,belief,238,hair dryer,1_4_126,1_4,3,0.013062243494060315,0.9827955028400963,0.9232371952679889,0.947146773874221,0.015199315759496063
00847-bCPU9suPUw9,belief,238,hair dryer,1_4_147,1_4,4,0.010215656482214583,0.9719609419504801,0.9487145779318946,0.9995510289508289,0.011083499929494112
00847-bCPU9suPUw9,belief,238,hair dryer,0_0_121,0_0,5,0.008036951050068492,0.980537410238765,0.9074141339458586,0.9749621184654413,0.009264753608804752
00847-bCPU9suPUw9,belief,239,hammer,1_0_43,1_0,1,0.19446837293409025,0.9970523389197384,0.9271900580599302,0.9641824339480186,0.21817402448750262
00847-bCPU9suPUw9,belief,239,hammer,0_2_13,0_2,2,0.13085211631678778,0.9704274217034278,0.9354740040720828,0.9751650788664123,0.1478113647983122
00847-bCPU9suPUw9,belief,239,hammer,1_4_126,1_4,3,0.10797614623996242,0.9827955028400963,0.9232371952679889,0.947146773874221,0.12564178136328458
00847-bCPU9suPUw9,belief,239,hammer,1_2_67,1_2,4,0.09561269857175939,0.9697050783369277,0.9365615710026757,0.737039973898197,0.1428395683974668
00847-bCPU9suPUw9,belief,239,hammer,0_2_162,0_2,5,0.0909956820106855,0.9934737675143421,0.9335543193513862,0.986055832237454,0.09950004597101718
00847-bCPU9suPUw9,belief,240,hammock,0_2_122,0_2,1,0.0009808545444841108,0.9636027730521939,0.9313190768491297,0.998543000294776,0.0010945643443411102
00847-bCPU9suPUw9,belief,240,hammock,1_1_49,1_1,2,0.0007983325304993705,0.9875282130458138,0.96686008017256,0.9958178228838686,0.0008396354953989489
00847-bCPU9suPUw9,belief,240,hammock,0_1_58,0_1,3,0.0007001137810585835,0.9509849632752544,0.8970625175923091,0.9831554584350312,0.0008347377817493587
00847-bCPU9suPUw9,belief,240,hammock,0_2_98,0_2,4,0.0005305243669899551,0.9495780360135,0.9386331792097166,0.9988527177627043,0.0005959053955899583
00847-bCPU9suPUw9,belief,240,hammock,1_4_305,1_4,5,0.0005135287094196846,0.9803690094225991,0.9173311822905326,0.9881609252321623,0.0005778582539709076
00847-bCPU9suPUw9,belief,241,hand dryer,1_4_155,1_4,1,0.18251497359060193,0.9677963261750706,0.9163951762858948,0.999760931001942,0.20584274987700082
00847-bCPU9suPUw9,belief,241,hand dryer,1_4_148,1_4,2,0.048554240104075795,0.99217376965109,0.9704388242885794,0.9806729473606345,0.051421774817703034
00847-bCPU9suPUw9,belief,241,hand dryer,1_4_336,1_4,3,0.023389064359185648,0.9625719442794439,0.946889409259925,0.9996354992097068,0.02567075962286503
00847-bCPU9suPUw9,belief,241,hand dryer,1_4_147,1_4,4,0.012507688070344272,0.9719609419504801,0.9487145779318946,0.9995510289508289,0.013570244857699311
00847-bCPU9suPUw9,belief,241,hand dryer,1_3_54,1_3,5,0.00958078284814465,0.9876773480064244,0.9342252663957986,0.9985066760022849,0.010398802303143417
00847-bCPU9suPUw9,belief,242,handcart,1_4_333,1_4,1,0.0005859763060478232,0.9596541733413347,0.9315444463392639,0.978263618206661,0.0006700478469501242
00847-bCPU9suPUw9,belief,242,handcart,0_2_76,0_2,2,0.0002620455806341945,0.984385157870063,0.9202547648698964,0.993237239377537,0.0002912397930897069
00847-bCPU9suPUw9,belief,242,handcart,1_2_58,1_2,3,0.00022994447296645942,0.9293061801383182,0.9452391704188443,0.9323275257666694,0.0002807720888899417
00847-bCPU9suPUw9,belief,242,handcart,0_1_28,0_1,4,0.00017086275467146316,0.9800328733394298,0.9476457523588722,0.9906294902194217,0.00018571607117385302
00847-bCPU9suPUw9,belief,242,handcart,1_2_13,1_2,5,0.00016504452037465983,0.9838160208694432,0.9261763521023154,0.9539003722450231,0.0001898849362561854
00847-bCPU9suPUw9,belief,243,handkerchiefs,0_0_205,0_0,1,0.01672208328384937,0.9789207304452919,0.9416084567305552,0.9843866999205924,0.018429212123823306
00847-bCPU9suPUw9,belief,243,handkerchiefs,1_4_33,1_4,2,0.0071340725758515565,0.9066912476615214,0.9070122366038519,0.9866715713602178,0.0087920943157107
00847-bCPU9suPUw9,belief,243,handkerchiefs,1_3_118,1_3,3,0.0067695913157022666,0.9772231656268646,0.9348700215442077,0.9768012553827002,0.007585972336690133
00847-bCPU9suPUw9,belief,243,handkerchiefs,1_4_333,1_4,4,0.003044065224601498,0.9596541733413347,0.9315444463392639,0.978263618206661,0.003480805159984603
00847-bCPU9suPUw9,belief,243,handkerchiefs,1_3_80,1_3,5,0.0020486698842361517,0.9890335468801627,0.928046241658231,0.9921703565657356,0.0022495989314478787
00847-bCPU9suPUw9,belief,244,handle,1_4_179,1_4,1,0.8785383649505634,0.983043064057632,0.9366987123252566,0.9968329422673183,0.9571188802927022
00847-bCPU9suPUw9,belief,244,handle,0_0_184,0_0,2,0.8605930945227482,0.9826473189189644,0.9636416302571615,0.9978005623722717,0.9108374637891156
00847-bCPU9suPUw9,belief,244,handle,0_2_275,0_2,3,0.791138100748259,0.990320214048676,0.9685649699778942,0.9900202458050592,0.8331128300747086
00847-bCPU9suPUw9,belief,244,handle,1_2_1,1_2,4,0.7658822434800792,0.9711954272357982,0.9365852128286496,0.9332076820824224,0.9022559816683268
00847-bCPU9suPUw9,belief,244,handle,0_2_216,0_2,5,0.7651454675922795,0.9917340630127981,0.9234777176551034,0.9982073374063845,0.8369540226529587
00847-bCPU9suPUw9,belief,245,hanger,0_2_46,0_2,1,0.014843300653109145,0.9567169125145035,0.9922638202116698,0.9936874436763466,0.015735120545812012
00847-bCPU9suPUw9,belief,245,hanger,1_4_220,1_4,2,0.011330758032102867,0.9703434760975853,0.956641036977619,0.9961843922095304,0.01225306493438826
00847-bCPU9suPUw9,belief,245,hanger,0_2_76,0_2,3,0.010619710207635618,0.984385157870063,0.9202547648698964,0.993237239377537,0.011802840544225738
00847-bCPU9suPUw9,belief,245,hanger,1_3_52,1_3,4,0.00937261359213864,0.9488265742756002,0.9184029233176375,0.987238135479841,0.010894785705257573
00847-bCPU9suPUw9,belief,245,hanger,1_4_305,1_4,5,0.008518752599117742,0.9803690094225991,0.9173311822905326,0.9881609252321623,0.009585893471270868
00847-bCPU9suPUw9,belief,246,hat,0_2_292,0_2,1,0.1179058098163497,0.9842554975406272,0.9291218997752065,0.4643038225405581,0.2776849870846632
00847-bCPU9suPUw9,belief,246,hat,0_1_20,0_1,2,0.10734585224232379,0.9616718444518728,0.9163727851402917,0.9438985782514853,0.12905084496725722
00847-bCPU9suPUw9,belief,246,hat,1_4_148,1_4,3,0.026844122712129166,0.99217376965109,0.9704388242885794,0.9806729473606345,0.02842949308491023
00847-bCPU9suPUw9,belief,246,hat,0_2_63,0_2,4,0.02120797022749616,0.9840773510040206,0.9412996184074194,0.9605632094886899,0.02383504835138859
00847-bCPU9suPUw9,belief,246,hat,0_2_198,0_2,5,0.01906075322826795,0.931616263823551,0.9127130437577089,0.9361162744685795,0.023946328964017456
00847-bCPU9suPUw9,belief,247,hatch,0_2_1,0_2,1,0.09863503719893636,0.9533536320457875,0.9975684197425698,0.9934352881458938,0.10439865714133267
00847-bCPU9suPUw9,belief,247,hatch,0_2_256,0_2,2,0.06892425620513795,0.9514547751449999,0.9498521559759621,0.9918696649800218,0.07689061190117474
00847-bCPU9suPUw9,belief,247,hatch,0_2_92,0_2,3,0.06659962062703086,0.9739298569933931,0.9438623585887784,0.9959729586191018,0.07274243950879603
00847-bCPU9suPUw9,belief,247,hatch,1_4_40,1_4,4,0.058995772722322606,0.9063135648389717,0.9195469443544857,0.9818555645026293,0.07209761565588907
00847-bCPU9suPUw9,belief,247,hatch,0_2_268,0_2,5,0.03226994875035049,0.9891755814034459,0.9518573378309747,0.9976844437496427,0.034352616883196976
00847-bCPU9suPUw9,belief,248,headboard,1_1_72,1_1,1,0.10987084286011155,0.9962260723114014,0.93748408002247,0.9945068197205462,0.11829132205714632
00847-bCPU9suPUw9,belief,248,headboard,1_4_61,1_4,2,0.08196992468351878,0.9708508071895477,0.9382309946363239,0.9982408008713185,0.09014817673410751
00847-bCPU9suPUw9,belief,248,headboard,1_3_82,1_3,3,0.0797590045071805,0.9744395799207058,0.9427952966546189,0.9986267453901311,0.08693691168483149
00847-bCPU9suPUw9,belief,248,headboard,1_4_217,1_4,4,0.06723584155770436,0.9204200777848942,0.9372274113761248,0.998893892637585,0.07802799034451444
00847-bCPU9suPUw9,belief,248,headboard,1_3_94,1_3,5,0.06469589661814487,0.9704006134061861,0.9338444480059268,0.9975328286847475,0.07156883296228615
00847-bCPU9suPUw9,belief,249,headphones,0_0_121,0_0,1,0.0005851007285856941,0.980537410238765,0.9074141339458586,0.9749621184654413,0.0006744863882967661
00847-bCPU9suPUw9,belief,249,headphones,1_4_5,1_4,2,0.00012721505088854963,0.9754499978438192,0.9103070525785506,0.9967787274763326,0.00014372979807495233
00847-bCPU9suPUw9,belief,249,headphones,0_1_20,0_1,3,8.198305709322628e-05,0.9616718444518728,0.9163727851402917,0.9438985782514853,9.855977264027271e-05
00847-bCPU9suPUw9,belief,249,headphones,0_0_123,0_0,4,7.469447581374354e-05,0.9832116690193844,0.928859975342101,0.9954850605809882,8.215924945881868e-05
00847-bCPU9suPUw9,belief,249,headphones,1_4_126,1_4,5,6.96306064444518e-05,0.9827955028400963,0.9232371952679889,0.947146773874221,8.102264931408401e-05
00847-bCPU9suPUw9,belief,250,heater,0_2_54,0_2,1,0.8632222172991947,0.9870250138440182,0.9240868966774098,0.9995373395453188,0.9468531227346133
00847-bCPU9suPUw9,belief,250,heater,0_2_102,0_2,2,0.7621142798244023,0.9508244524635966,0.9308577487830555,0.999309637558929,0.861660853858852
00847-bCPU9suPUw9,belief,250,heater,1_0_22,1_0,3,0.6570502389790007,0.9780479788780211,0.9549722860048078,0.9977071665587346,0.7050900037935764
00847-bCPU9suPUw9,belief,250,heater,0_2_134,0_2,4,0.6346560890497226,0.9900314290123388,0.9291918269468333,0.9985301810256297,0.6909122488360157
00847-bCPU9suPUw9,belief,250,heater,1_4_128,1_4,5,0.6261026399571473,0.958572108334252,0.9467406144540962,0.999380188669392,0.6903335850527489
00847-bCPU9suPUw9,belief,251,heater piping,1_4_216,1_4,1,0.2749475289161575,0.8902458958757254,0.8971331944905363,0.9738080075682711,0.3535164057714783
00847-bCPU9suPUw9,belief,251,heater piping,1_4_224,1_4,2,0.16957529369277116,0.9945146437888872,0.9454876334411562,0.9483441801514149,0.19016454972269042
00847-bCPU9suPUw9,belief,251,heater piping,1_4_237,1_4,3,0.0542336622771733,0.963559720480698,0.9475630106305433,0.9655640888196348,0.061517841827434736
00847-bCPU9suPUw9,belief,251,heater piping,0_2_271,0_2,4,0.04956575366902244,0.962668301979982,0.9645721560036902,0.9957172578114508,0.0536085779125502
00847-bCPU9suPUw9,belief,251,heater piping,1_1_41,1_1,5,0.047723941614568076,0.9901392846000671,0.9579356317021763,0.9913119206149879,0.05075669757772393
00847-bCPU9suPUw9,belief,252,holder,1_1_63,1_1,1,0.006774234809703658,0.9856976173159323,0.9396008577223043,0.9901913249850547,0.007386760491424335
00847-bCPU9suPUw9,belief,252,holder,1_1_11,1_1,2,0.006533014968315376,0.982985536318247,0.9292621414017141,0.989335145769878,0.007229110179856171
00847-bCPU9suPUw9,belief,252,holder,1_3_49,1_3,3,0.005638216600384408,0.9683928929761182,0.9201044686745878,0.9928466458756158,0.006373395208104482
00847-bCPU9suPUw9,belief,252,holder,0_2_274,0_2,4,0.005473152665745654,0.9921031249177146,0.9176976209132869,0.9945600109018737,0.006044357534712041
00847-bCPU9suPUw9,belief,252,holder,0_2_284,0_2,5,0.005034374440780607,0.9870919339071765,0.940688447954914,0.995555931320782,0.0054459849385603545
00847-bCPU9suPUw9,belief,253,holy cross,0_0_121,0_0,1,0.00018941726806604643,0.980537410238765,0.9074141339458586,0.9749621184654413,0.00021835448629115207
00847-bCPU9suPUw9,belief,253,holy cross,0_2_271,0_2,2,8.645470275603739e-05,0.962668301979982,0.9645721560036902,0.9957172578114508,9.350636932814356e-05
00847-bCPU9suPUw9,belief,253,holy cross,1_4_328,1_4,3,7.894585330974826e-05,0.9604532926292239,0.9485197742122746,0.9225041364003069,9.393736248290352e-05
00847-bCPU9suPUw9,belief,253,holy cross,1_4_66,1_4,4,7.549522710420202e-05,0.9727851225239699,0.9448777923546839,0.9912710657842172,8.285801108742823e-05
00847-bCPU9suPUw9,belief,253,holy cross,1_2_44,1_2,5,7.359346864147357e-05,0.9968035345773663,0.9461879913635816,0.9910954239203157,7.872937444549441e-05
00847-bCPU9suPUw9,belief,254,hook,0_2_119,0_2,1,0.02154673026093505,0.9586833973725637,0.9818579601298676,0.8888408332392272,0.02575333667113299
00847-bCPU9suPUw9,belief,254,hook,1_4_145,1_4,2,0.01980029348960852,0.9104007378457085,0.9396733623387052,0.9388654336659464,0.02465237475018032
00847-bCPU9suPUw9,belief,254,hook,0_2_30,0_2,3,0.017109960698344473,0.9504582919290898,0.9635658303955671,0.8741924031768115,0.02137113211805983
00847-bCPU9suPUw9,belief,254,hook,1_4_180,1_4,4,0.015217071771273162,0.9859948692689264,0.9314395818939233,0.9883381596860036,0.01676471522445968
00847-bCPU9suPUw9,belief,254,hook,1_4_220,1_4,5,0.012745147145365664,0.9703434760975853,0.956641036977619,0.9961843922095304,0.013782583224179547
00847-bCPU9suPUw9,belief,255,hose,1_4_195,1_4,1,0.007546528293138576,0.9576862368852862,0.9265959194609358,0.9722931956401751,0.008746540847901005
00847-bCPU9suPUw9,belief,255,hose,1_4_333,1_4,2,0.006241630523150599,0.9596541733413347,0.9315444463392639,0.978263618206661,0.007137133447771035
00847-bCPU9suPUw9,belief,255,hose,1_4_237,1_4,3,0.006146825337553873,0.963559720480698,0.9475630106305433,0.9655640888196348,0.006972411837576834
00847-bCPU9suPUw9,belief,255,hose,1_4_282,1_4,4,0.005435846987095409,0.9820655992587496,0.885348459329415,0.9859951518664664,0.006340707355347738
00847-bCPU9suPUw9,belief,255,hose,0_0_263,0_0,5,0.004426300783038945,0.9835454449057579,0.9391737106233526,0.9922842370153234,0.004829080792582037
00847-bCPU9suPUw9,belief,256,hourglass,0_0_121,0_0,1,0.007587412350408106,0.980537410238765,0.9074141339458586,0.9749621184654413,0.008746539019213533
00847-bCPU9suPUw9,belief,256,hourglass,1_1_11,1_1,2,0.0031493890232610422,0.982985536318247,0.9292621414017141,0.989335145769878,0.003484957612802551
00847-bCPU9suPUw9,belief,256,hourglass,1_4_145,1_4,3,0.0021934917858084805,0.9104007378457085,0.9396733623387052,0.9388654336659464,0.0027310090905254586
00847-bCPU9suPUw9,belief,256,hourglass,0_2_30,0_2,4,0.0010801997556788964,0.9504582919290898,0.9635658303955671,0.8741924031768115,0.0013492194458835497
00847-bCPU9suPUw9,belief,256,hourglass,0_2_162,0_2,5,0.00071792015153582,0.9934737675143421,0.9335543193513862,0.986055832237454,0.0007850162392644676
00847-bCPU9suPUw9,belief,257,hoverboard,0_0_121,0_0,1,0.00383755963009344,0.980537410238765,0.9074141339458586,0.9749621184654413,0.0044238224434138655
00847-bCPU9suPUw9,belief,257,hoverboard,0_2_30,0_2,2,0.0029971190817538905,0.9504582919290898,0.9635658303955671,0.8741924031768115,0.003743540327121738
00847-bCPU9suPUw9,belief,257,hoverboard,1_4_126,1_4,3,0.0014406880313360799,0.9827955028400963,0.9232371952679889,0.947146773874221,0.0016763944347815208
00847-bCPU9suPUw9,belief,257,hoverboard,1_2_58,1_2,4,0.000794514369756277,0.9293061801383182,0.9452391704188443,0.9323275257666694,0.0009701362088493612
00847-bCPU9suPUw9,belief,257,hoverboard,1_4_328,1_4,5,0.000551540178369191,0.9604532926292239,0.9485197742122746,0.9225041364003069,0.0006562755038706311
00847-bCPU9suPUw9,belief,258,ice maker,0_0_176,0_0,1,0.049188740709631744,0.9772190706656173,0.9398073436493006,0.9979582578396026,0.053668883437742815
00847-bCPU9suPUw9,belief,258,ice maker,0_0_256,0_0,2,0.04814081773763825,0.9791173779964447,0.9159653553856921,0.9970928739794201,0.05383491655598502
00847-bCPU9suPUw9,belief,258,ice maker,0_0_257,0_0,3,0.048138196061758086,0.9813748399416605,0.95938786654052,0.9972264438161749,0.05127042104132962
00847-bCPU9suPUw9,belief,258,ice maker,0_0_193,0_0,4,0.04158397383817099,0.9028852057287668,0.9211997016647331,0.9994036763550042,0.05002633887648522
00847-bCPU9suPUw9,belief,258,ice maker,1_4_237,1_4,5,0.03607822434490785,0.963559720480698,0.9475630106305433,0.9655640888196348,0.04092392815594356
00847-bCPU9suPUw9,belief,259,information,1_4_328,1_4,1,0.28547050277291935,0.9604532926292239,0.9485197742122746,0.9225041364003069,0.3396802361732804
00847-bCPU9suPUw9,belief,259,information,0_0_245,0_0,2,0.25281809225738916,0.9536861710046758,0.921513822699142,0.9942139093670969,0.2893483271875278
00847-bCPU9suPUw9,belief,259,information,1_4_148,1_4,3,0.19781396193200282,0.99217376965109,0.9704388242885794,0.9806729473606345,0.20949653386525277
00847-bCPU9suPUw9,belief,259,information,0_2_364,0_2,4,0.19214343767019168,0.9912697009710005,0.9287316002590609,0.995172893744787,0.20972246983688292
00847-bCPU9suPUw9,belief,259,information,1_4_333,1_4,5,0.1755173232866182,0.9596541733413347,0.9315444463392639,0.978263618206661,0.2006992490256924
00847-bCPU9suPUw9,belief,260,installation,0_2_360,0_2,1,0.17359724013001682,0.9577437089728349,0.9094366202105326,0.9973642805303347,0.19983302386340304
00847-bCPU9suPUw9,belief,260,installation,0_2_361,0_2,2,0.15857236015825169,0.9488482076675055,0.911340052485508,0.9966906267459601,0.18398817732860168
00847-bCPU9suPUw9,belief,260,installation,0_2_337,0_2,3,0.10187277558206641,0.9755059386952514,0.9202606437380785,0.9959015614993508,0.11394649184275693
00847-bCPU9suPUw9,belief,260,installation,0_2_346,0_2,4,0.10055619630391183,0.9638837165085287,0.9421018425072165,0.996756232087583,0.11109573350571393
00847-bCPU9suPUw9,belief,260,installation,1_4_5,1_4,5,0.08545821655571552,0.9754499978438192,0.9103070525785506,0.9967787274763326,0.09655219349917422
00847-bCPU9suPUw9,belief,261,instrument,1_2_6,1_2,1,0.19172211491350427,0.9714544889254447,0.9279938424436841,0.9858602980949762,0.215719437815402
00847-bCPU9suPUw9,belief,261,instrument,0_2_254,0_2,2,0.12725936000427446,0.982117387000423,0.9236801517117331,0.989220199769114,0.14181159693285672
00847-bCPU9suPUw9,belief,261,instrument,0_1_23,0_1,3,0.08034253401775968,0.9776777075165078,0.9431075102464561,0.9836684123055457,0.08858085825333621
00847-bCPU9suPUw9,belief,261,instrument,0_2_162,0_2,4,0.06988819641102886,0.9934737675143421,0.9335543193513862,0.986055832237454,0.07641987621909647
00847-bCPU9suPUw9,belief,261,instrument,1_2_58,1_2,5,0.06813155194295105,0.9293061801383182,0.9452391704188443,0.9323275257666694,0.0831915545155383
00847-bCPU9suPUw9,belief,262,iron,1_2_67,1_2,1,0.09495157446061522,0.9697050783369277,0.9365615710026757,0.737039973898197,0.14185188910273258
00847-bCPU9suPUw9,belief,262,iron,0_2_88,0_2,2,0.07985025801517688,0.9510359837129343,0.942987520611742,0.9975321573623284,0.08925787108679796
00847-bCPU9suPUw9,belief,262,iron,1_4_224,1_4,3,0.06736024193682129,0.9945146437888872,0.9454876334411562,0.9483441801514149,0.07553889365708447
00847-bCPU9suPUw9,belief,262,iron,1_4_237,1_4,4,0.05365464071877091,0.963559720480698,0.9475630106305433,0.9655640888196348,0.0608610512816953
00847-bCPU9suPUw9,belief,262,iron,1_4_209,1_4,5,0.052961386046137614,0.6905394554138183,0.9920797415254472,0.9728626751183557,0.0794644206815446
00847-bCPU9suPUw9,belief,263,ironing board,1_4_333,1_4,1,0.0528753017113971,0.9596541733413347,0.9315444463392639,0.978263618206661,0.06046145842912014
00847-bCPU9suPUw9,belief,263,ironing board,1_1_59,1_1,2,0.04099985740684317,0.9655507200291046,0.9326566021066128,0.9979259770108478,0.04562334856055277
00847-bCPU9suPUw9,belief,263,ironing board,1_3_113,1_3,3,0.02900105138953808,0.9606447028167664,0.91747396081948,0.9982265829994237,0.0329631018462675
00847-bCPU9suPUw9,belief,263,ironing board,1_3_101,1_3,4,0.026700866541344882,0.9893706900232927,0.9196818511375601,0.9977036786950922,0.029412173958295117
00847-bCPU9suPUw9,belief,263,ironing board,0_1_28,0_1,5,0.020597944927660202,0.9800328733394298,0.9476457523588722,0.9906294902194217,0.02238855046891823
00847-bCPU9suPUw9,belief,264,jewelry,0_2_30,0_2,1,0.0016326709315583486,0.9504582919290898,0.9635658303955671,0.8741924031768115,0.002039281492155933
00847-bCPU9suPUw9,belief,264,jewelry,0_2_64,0_2,2,0.0015265012177632677,0.9469693373111846,0.9219938431991817,0.9554580748397383,0.0018298756671805846
00847-bCPU9suPUw9,belief,264,jewelry,0_0_121,0_0,3,0.001242557452061223,0.980537410238765,0.9074141339458586,0.9749621184654413,0.0014323825747368892
00847-bCPU9suPUw9,belief,264,jewelry,0_2_121,0_2,4,0.0007063571538879985,0.927454593178509,0.9223524558086724,0.8061381993848,0.0010242955411790574
00847-bCPU9suPUw9,belief,264,jewelry,0_2_198,0_2,5,0.0006312941813274603,0.931616263823551,0.9127130437577089,0.9361162744685795,0.0007931049711465757
00847-bCPU9suPUw9,belief,265,jug,0_0_212,0_0,1,0.026526367729938292,0.9801583785470427,0.9270530865768214,0.9723155331951806,0.0300240794829544
00847-bCPU9suPUw9,belief,265,jug,1_4_148,1_4,2,0.01953648665540732,0.99217376965109,0.9704388242885794,0.9806729473606345,0.02069027988843113
00847-bCPU9suPUw9,belief,265,jug,0_0_211,0_0,3,0.01868996648952753,0.8926172025421795,0.9326931510284149,0.9725942458414373,0.02308196546513208
00847-bCPU9suPUw9,belief,265,jug,1_2_67,1_2,4,0.008879643542288854,0.9697050783369277,0.9365615710026757,0.737039973898197,0.0132656484970138
00847-bCPU9suPUw9,belief,265,jug,0_0_121,0_0,5,0.006338683713500272,0.980537410238765,0.9074141339458586,0.9749621184654413,0.007307042489604697
00847-bCPU9suPUw9,belief,266,keg,0_0_212,0_0,1,0.23964556244833946,0.9801583785470427,0.9270530865768214,0.9723155331951806,0.27124472856363413
00847-bCPU9suPUw9,belief,266,keg,0_0_211,0_0,2,0.19243555476823704,0.8926172025421795,0.9326931510284149,0.9725942458414373,0.23765643624416505
00847-bCPU9suPUw9,belief,266,keg,1_4_126,1_4,3,0.06855478700771372,0.9827955028400963,0.9232371952679889,0.947146773874221,0.07977081846843942
00847-bCPU9suPUw9,belief,266,keg,1_2_67,1_2,4,0.03266410434426501,0.9697050783369277,0.9365615710026757,0.737039973898197,0.048798189323386865
00847-bCPU9suPUw9,belief,266,keg,0_0_97,0_0,5,0.020684902376683304,0.9935984202372122,0.9307273273458063,0.9321404593735364,0.023995994782801778
00847-bCPU9suPUw9,belief,267,kettle,0_0_212,0_0,1,0.003029792888487007,0.9801583785470427,0.9270530865768214,0.9723155331951806,0.003429295085815939
00847-bCPU9suPUw9,belief,267,kettle,1_4_148,1_4,2,0.003021315833933251,0.99217376965109,0.9704388242885794,0.9806729473606345,0.0031997498495015017
00847-bCPU9suPUw9,belief,267,kettle,1_4_145,1_4,3,0.001643685569912649,0.9104007378457085,0.9396733623387052,0.9388654336659464,0.002046472324373182
00847-bCPU9suPUw9,belief,267,kettle,0_0_211,0_0,4,0.0009517180107044003,0.8926172025421795,0.9326931510284149,0.9725942458414373,0.0011753644538598901
00847-bCPU9suPUw9,belief,267,kettle,1_4_126,1_4,5,0.0006975728295449709,0.9827955028400963,0.9232371952679889,0.947146773874221,0.0008117005096651569
00847-bCPU9suPUw9,belief,268,keys,1_4_17,1_4,1,0.005251374412458379,0.9867112216490664,0.8706470537714086,0.9978228086465357,0.006126146166507794
00847-bCPU9suPUw9,belief,268,keys,0_2_263,0_2,2,0.004666166246884042,0.9666385543566175,0.9414456342630766,0.9733096724486212,0.005268049047489639
00847-bCPU9suPUw9,belief,268,keys,0_2_254,0_2,3,0.004509990801722678,0.982117387000423,0.9236801517117331,0.989220199769114,0.005025712825550165
00847-bCPU9suPUw9,belief,268,keys,0_2_258,0_2,4,0.004179298689588073,0.9771059443171629,0.9680290435146537,0.9714150315026995,0.004548503659916221
00847-bCPU9suPUw9,belief,268,keys,0_2_156,0_2,5,0.004025290544460097,0.9955547256875991,0.9293726437961038,0.9834594412996636,0.004423700908353534
00847-bCPU9suPUw9,belief,269,kitchen appliance,0_0_252,0_0,1,0.7844047006110904,0.9893650021812366,0.9650443422163804,0.9999891740656398,0.821563387117736
00847-bCPU9suPUw9,belief,269,kitchen appliance,0_0_270,0_0,2,0.7520943887459917,0.9740052421887716,0.9553678490457821,0.9999770499018337,0.808258721409618
00847-bCPU9suPUw9,belief,269,kitchen appliance,0_0_204,0_0,3,0.7160064980895687,0.9707802230705043,0.9371162811379442,0.9999856822686527,0.7870616985326373
00847-bCPU9suPUw9,belief,269,kitchen appliance,0_0_210,0_0,4,0.7132495503581467,0.9696383620800098,0.9276823197056314,0.999984413940854,0.7929379553569343
00847-bCPU9suPUw9,belief,269,kitchen appliance,0_0_195,0_0,5,0.6875058617590343,0.9603995780534155,0.9265867536562626,0.9999938022346645,0.7725757090476884
00847-bCPU9suPUw9,belief,270,kitchen handle,0_0_253,0_0,1,0.26034327115728845,0.9841487887832854,0.8962271946856232,0.9996808182752397,0.2952610217107231
00847-bCPU9suPUw9,belief,270,kitchen handle,0_0_268,0_0,2,0.24540761733085542,0.8482837307736987,0.9294566025010422,0.9992860302104332,0.3114784236993867
00847-bCPU9suPUw9,belief,270,kitchen handle,0_0_272,0_0,3,0.13180634182678574,0.9682760944840028,0.9700246571620335,0.9957789949372574,0.140926076881793
00847-bCPU9suPUw9,belief,270,kitchen handle,0_0_274,0_0,4,0.11420557049636157,0.9547293556606189,0.9394858051756039,0.9964442600597517,0.12778026334597017
00847-bCPU9suPUw9,belief,270,kitchen handle,0_0_247,0_0,5,0.0901875476943508,1.0,0.9140782197006944,0.9996867059251581,0.09869594289553994
00847-bCPU9suPUw9,belief,271,kitchen island,0_0_213,0_0,1,0.0018125548965174656,0.9656178115387077,0.9433382945607818,0.9998628064011422,0.001990114309591775
00847-bCPU9suPUw9,belief,271,kitchen island,0_0_268,0_0,2,0.0006168222076710176,0.8482837307736987,0.9294566025010422,0.9992860302104332,0.0007828885306731184
00847-bCPU9suPUw9,belief,271,kitchen island,0_0_151,0_0,3,0.00048055597774880376,0.9749382848567221,0.9239947360119743,0.9947546375803588,0.0005362673907908309
00847-bCPU9suPUw9,belief,271,kitchen island,0_0_178,0_0,4,0.00040175007133656034,0.9482591699848449,0.9397380687098613,0.9985356193888306,0.00045150080551136754
00847-bCPU9suPUw9,belief,271,kitchen island,0_0_283,0_0,5,0.00037747226886055064,0.9718712608397111,0.9176857720767853,0.9965496429550549,0.00042470108983019015
00847-bCPU9suPUw9,belief,272,kitchen utensil,0_2_247,0_2,1,0.0028022714660190916,0.979711549400011,0.9255274494838945,0.9982680538477267,0.0030958185625644045
00847-bCPU9suPUw9,belief,272,kitchen utensil,1_1_12,1_1,2,0.00178779270461097,0.9894747713504456,0.9397623336545973,0.9806563237277454,0.001960548398481914
00847-bCPU9suPUw9,belief,272,kitchen utensil,0_0_274,0_0,3,0.0017816704360757844,0.9547293556606189,0.9394858051756039,0.9964442600597517,0.001993443196579857
00847-bCPU9suPUw9,belief,272,kitchen utensil,1_4_333,1_4,4,0.0016236437558738127,0.9596541733413347,0.9315444463392639,0.978263618206661,0.0018565921379566379
00847-bCPU9suPUw9,belief,272,kitchen utensil,0_0_268,0_0,5,0.0013030791265115959,0.8482837307736987,0.9294566025010422,0.9992860302104332,0.0016539055987581754
00847-bCPU9suPUw9,belief,273,knife,0_1_52,0_1,1,0.5543508383390445,0.9756472557783127,0.9667846760308239,0.9278204126855808,0.6334293757282232
00847-bCPU9suPUw9,belief,273,knife,0_2_117,0_2,2,0.5065204168507488,0.9392227006596663,0.9448926635554551,0.9614413928518227,0.5936398982967172
00847-bCPU9suPUw9,belief,273,knife,1_2_67,1_2,3,0.4346123026055307,0.9697050783369277,0.9365615710026757,0.737039973898197,0.6492844010443968
00847-bCPU9suPUw9,belief,273,knife,1_3_65,1_3,4,0.3824988473363353,0.792051606045829,0.9658725693990523,0.9834566186168903,0.5083953995633238
00847-bCPU9suPUw9,belief,273,knife,0_2_119,0_2,5,0.3200170368946038,0.9586833973725637,0.9818579601298676,0.8888408332392272,0.3824945312740676
00847-bCPU9suPUw9,belief,274,knob,1_4_180,1_4,1,0.23310748471640227,0.9859948692689264,0.9314395818939233,0.9883381596860036,0.25681554616428043
00847-bCPU9suPUw9,belief,274,knob,0_2_292,0_2,2,0.22592550463293914,0.9842554975406272,0.9291218997752065,0.4643038225405581,0.5320867642893223
00847-bCPU9suPUw9,belief,274,knob,1_0_43,1_0,3,0.06376071540469971,0.9970523389197384,0.9271900580599302,0.9641824339480186,0.07153313247887548
00847-bCPU9suPUw9,belief,274,knob,0_0_208,0_0,4,0.057016891946252216,0.9456783402323937,0.9345773540972708,0.5252727287116182,0.12281742586940309
00847-bCPU9suPUw9,belief,274,knob,0_0_97,0_0,5,0.049231009751173914,0.9935984202372122,0.9307273273458063,0.9321404593735364,0.0571115604815658
00847-bCPU9suPUw9,belief,275,lace doily,1_4_294,1_4,1,0.00013085184396851505,0.9792151269161325,0.8875150612100938,0.9881140100239504,0.0001523768335303593
00847-bCPU9suPUw9,belief,275,lace doily,0_0_6,0_0,2,0.00010916100162803597,0.9773141850124706,0.9166695898087085,0.8349075633226346,0.00014594260380738913
00847-bCPU9suPUw9,belief,275,lace doily,0_1_28,0_1,3,0.00010349561416579138,0.9800328733394298,0.9476457523588722,0.9906294902194217,0.00011249261949190574
00847-bCPU9suPUw9,belief,275,lace doily,0_2_164,0_2,4,9.324554908931718e-05,0.9753239312052501,0.9260679612954141,0.9680353951858965,0.0001066461382042816
00847-bCPU9suPUw9,belief,275,lace doily,0_1_57,0_1,5,9.113112445034958e-05,0.9163877648265307,0.9120083681385636,0.9260759305481928,0.00011774487880688569
00847-bCPU9suPUw9,belief,276,ladder,1_4_367,1_4,1,0.5540580234414034,0.8728946095451395,0.9928650914332364,0.9963765501560385,0.64162266617468
00847-bCPU9suPUw9,belief,276,ladder,0_2_309,0_2,2,0.3455253992653535,0.9753406038230976,0.9014373125282586,0.9884476964253381,0.3975890810266478
00847-bCPU9suPUw9,belief,276,ladder,0_2_258,0_2,3,0.33601404348366093,0.9771059443171629,0.9680290435146537,0.9714150315026995,0.36569798429968664
00847-bCPU9suPUw9,belief,276,ladder,0_2_28,0_2,4,0.2832356318406762,0.954410506784916,0.95689041796717,0.9729465833140174,0.31875827889934305
00847-bCPU9suPUw9,belief,276,ladder,0_2_308,0_2,5,0.2533163008291732,0.9875811462866516,0.9392715606435618,0.9873392738537596,0.27658763553995996
00847-bCPU9suPUw9,belief,277,landing,0_2_315,0_2,1,0.10489458726695246,0.9849428757830294,0.9460588065725959,0.9924587224620363,0.11342569511273538
00847-bCPU9suPUw9,belief,277,landing,0_2_263,0_2,2,0.10284499251426674,0.9666385543566175,0.9414456342630766,0.9733096724486212,0.11611083621713188
00847-bCPU9suPUw9,belief,277,landing,0_2_309,0_2,3,0.0875625338564486,0.9753406038230976,0.9014373125282586,0.9884476964253381,0.10075643481599472
00847-bCPU9suPUw9,belief,277,landing,0_2_313,0_2,4,0.061635207929278776,0.9640882213910421,0.9083422631211608,0.9784874265776927,0.07192954575136545
00847-bCPU9suPUw9,belief,277,landing,0_2_308,0_2,5,0.06078081390397964,0.9875811462866516,0.9392715606435618,0.9873392738537596,0.06636454720390415
00847-bCPU9suPUw9,belief,278,laundry,1_4_327,1_4,1,0.0129966728576077,0.985690957548284,0.909577245928382,0.9991908181450124,0.014507861231493897
00847-bCPU9suPUw9,belief,278,laundry,0_0_121,0_0,2,0.011418083052006473,0.980537410238765,0.9074141339458586,0.9749621184654413,0.013162420114628896
00847-bCPU9suPUw9,belief,278,laundry,1_4_233,1_4,3,0.005299008157986012,0.9609192127766408,0.962847394347587,0.9989055438854191,0.00573357936421383
00847-bCPU9suPUw9,belief,278,laundry,0_2_248,0_2,4,0.0044721982230764125,0.9815044747856067,0.9472520410410628,0.9975525169414278,0.004822002623449387
00847-bCPU9suPUw9,belief,278,laundry,1_4_239,1_4,5,0.004172851099228201,0.8676468448019495,0.9430627114227044,0.9978579003697331,0.005110702757512398
00847-bCPU9suPUw9,belief,279,lawn mower,0_0_245,0_0,1,3.1694206607589136e-05,0.9536861710046758,0.921513822699142,0.9942139093670969,3.627377131738393e-05
00847-bCPU9suPUw9,belief,279,lawn mower,0_2_308,0_2,2,2.728111907747017e-05,0.9875811462866516,0.9392715606435618,0.9873392738537596,2.9787345685306075e-05
00847-bCPU9suPUw9,belief,279,lawn mower,0_2_263,0_2,3,2.522461973964689e-05,0.9666385543566175,0.9414456342630766,0.9733096724486212,2.847831109349616e-05
00847-bCPU9suPUw9,belief,279,lawn mower,0_0_121,0_0,4,2.3948740895640044e-05,0.980537410238765,0.9074141339458586,0.9749621184654413,2.760738273220168e-05
00847-bCPU9suPUw9,belief,279,lawn mower,1_2_58,1_2,5,2.1263577383879873e-05,0.9293061801383182,0.9452391704188443,0.9323275257666694,2.5963742299714733e-05
00847-bCPU9suPUw9,belief,280,level,0_0_121,0_0,1,0.04509182911368382,0.980537410238765,0.9074141339458586,0.9749621184654413,0.05198049408364246
00847-bCPU9suPUw9,belief,280,level,0_0_125,0_0,2,0.0446917992550092,0.9514772513185493,0.9094933546484936,0.9916341524934934,0.052080893234483415
00847-bCPU9suPUw9,belief,280,level,0_2_315,0_2,3,0.034996982447238305,0.9849428757830294,0.9460588065725959,0.9924587224620363,0.03784329739363808
00847-bCPU9suPUw9,belief,280,level,0_0_123,0_0,4,0.03262462256042364,0.9832116690193844,0.928859975342101,0.9954850605809882,0.035885043361512714
00847-bCPU9suPUw9,belief,280,level,1_4_241,1_4,5,0.03223227759593984,0.9584791129543668,0.952463328879928,0.9233552421498867,0.038237655715127286
00847-bCPU9suPUw9,belief,281,lid,0_0_49,0_0,1,0.669330934384507,0.8135691499195076,0.9906693268257736,0.9340714144771816,0.8890734209834836
00847-bCPU9suPUw9,belief,281,lid,1_4_148,1_4,2,0.41941494635589177,0.99217376965109,0.9704388242885794,0.9806729473606345,0.4441849132117559
00847-bCPU9suPUw9,belief,281,lid,0_2_37,0_2,3,0.2214551921288886,0.9884835295758005,0.9566629402657467,0.9987264294217421,0.23448277031547995
00847-bCPU9suPUw9,belief,281,lid,1_2_7,1_2,4,0.21019095604887336,0.9773377151328473,0.9437427944289503,0.968209432762009,0.23536745370445872
00847-bCPU9suPUw9,belief,281,lid,1_3_4,1_3,5,0.17302895868031454,0.9850588760745584,0.9383394647664787,0.9958823729247366,0.18797001570757021
00847-bCPU9suPUw9,belief,282,light,0_0_6,0_0,1,0.564367187190127,0.9773141850124706,0.9166695898087085,0.8349075633226346,0.7545296907648139
00847-bCPU9suPUw9,belief,282,light,1_4_241,1_4,2,0.3149849995957469,0.9584791129543668,0.952463328879928,0.9233552421498867,0.373671638131115
00847-bCPU9suPUw9,belief,282,light,1_4_145,1_4,3,0.2504004971830118,0.9104007378457085,0.9396733623387052,0.9388654336659464,0.3117613836091238
00847-bCPU9suPUw9,belief,282,light,0_1_57,0_1,4,0.15937740586484525,0.9163877648265307,0.9120083681385636,0.9260759305481928,0.2059216700254383
00847-bCPU9suPUw9,belief,282,light,1_4_5,1_4,5,0.13128880614490163,0.9754499978438192,0.9103070525785506,0.9967787274763326,0.14833239828862682
00847-bCPU9suPUw9,belief,283,lighter,1_4_328,1_4,1,0.2856336392238039,0.9604532926292239,0.9485197742122746,0.9225041364003069,0.33987435159896073
00847-bCPU9suPUw9,belief,283,lighter,1_4_241,1_4,2,0.19687640768096168,0.9584791129543668,0.952463328879928,0.9233552421498867,0.2335575657949761
00847-bCPU9suPUw9,belief,283,lighter,1_1_11,1_1,3,0.1637055045792171,0.982985536318247,0.9292621414017141,0.989335145769878,0.18114838790232807
00847-bCPU9suPUw9,belief,283,lighter,0_2_271,0_2,4,0.16008798206349137,0.962668301979982,0.9645721560036902,0.9957172578114508,0.17314553747373446
00847-bCPU9suPUw9,belief,283,lighter,0_0_6,0_0,5,0.14493541507097277,0.9773141850124706,0.9166695898087085,0.8349075633226346,0.19377114119416353
00847-bCPU9suPUw9,belief,284,liquid,1_4_328,1_4,1,0.0044157463690679315,0.9604532926292239,0.9485197742122746,0.9225041364003069,0.005254279356208811
00847-bCPU9suPUw9,belief,284,liquid,0_2_13,0_2,2,0.004341825434566348,0.9704274217034278,0.9354740040720828,0.9751650788664123,0.004904553027217186
00847-bCPU9suPUw9,belief,284,liquid,0_1_52,0_1,3,0.003310244175827611,0.9756472557783127,0.9667846760308239,0.9278204126855808,0.003782452838143
00847-bCPU9suPUw9,belief,284,liquid,0_2_30,0_2,4,0.0032678649425368165,0.9504582919290898,0.9635658303955671,0.8741924031768115,0.00408171442718087
00847-bCPU9suPUw9,belief,284,liquid,0_2_119,0_2,5,0.0024199903593358856,0.9586833973725637,0.9818579601298676,0.8888408332392272,0.0028924493744587575
00847-bCPU9suPUw9,belief,285,locker,0_0_121,0_0,1,0.07115234812173649,0.980537410238765,0.9074141339458586,0.9749621184654413,0.08202227062589515
00847-bCPU9suPUw9,belief,285,locker,1_4_278,1_4,2,0.05803343689348036,0.978543883044493,0.9386913383932867,0.9973038564044621,0.06335015415464744
00847-bCPU9suPUw9,belief,285,locker,0_2_327,0_2,3,0.04166611548246738,0.9445953020550382,0.9074453748881943,0.9950522854590871,0.04885070536317041
00847-bCPU9suPUw9,belief,285,locker,1_4_156,1_4,4,0.030472878131655095,0.9702866154909134,0.94748469789608,0.9992083527795266,0.03317303245955623
00847-bCPU9suPUw9,belief,285,locker,1_4_160,1_4,5,0.025702461314769734,0.872867384978703,0.9324674260687652,0.9994962754523619,0.031594508113239855
00847-bCPU9suPUw9,belief,286,machine,1_4_85,1_4,1,0.015527775001968433,0.9725220500025226,0.9573267788799107,0.9843723887980406,0.016942993403782573
00847-bCPU9suPUw9,belief,286,machine,1_4_237,1_4,2,0.010150404147513174,0.963559720480698,0.9475630106305433,0.9655640888196348,0.011513715478773284
00847-bCPU9suPUw9,belief,286,machine,0_2_88,0_2,3,0.005924441432095075,0.9510359837129343,0.942987520611742,0.9975321573623284,0.006622433574437781
00847-bCPU9suPUw9,belief,286,machine,1_4_36,1_4,4,0.005193244021526977,0.9508966963881296,0.927255870042649,0.9979527243340122,0.005901954156905392
00847-bCPU9suPUw9,belief,286,machine,0_0_248,0_0,5,0.00493898199953052,0.9813283518753915,0.9566762289450741,0.9981309263285449,0.005270727966769089
00847-bCPU9suPUw9,belief,287,mailbox,1_3_61,1_3,1,0.018754987011229282,0.9758969322766786,0.9465551749150145,0.988051185178914,0.020548845995476506
00847-bCPU9suPUw9,belief,287,mailbox,1_4_209,1_4,2,0.01653183815435406,0.6905394554138183,0.9920797415254472,0.9728626751183557,0.02480473114114442
00847-bCPU9suPUw9,belief,287,mailbox,1_3_4,1_3,3,0.008691051407598162,0.9850588760745584,0.9383394647664787,0.9958823729247366,0.00944152402037999
00847-bCPU9suPUw9,belief,287,mailbox,0_2_274,0_2,4,0.0078340334204335,0.9921031249177146,0.9176976209132869,0.9945600109018737,0.008651631303533544
00847-bCPU9suPUw9,belief,287,mailbox,0_2_236,0_2,5,0.006221656506965729,0.9875060942700524,0.9284061671094364,0.9964388454230142,0.006810477764485932
00847-bCPU9suPUw9,belief,288,mannequin,0_0_121,0_0,1,0.013102972178090635,0.980537410238765,0.9074141339458586,0.9749621184654413,0.015104709238212782
00847-bCPU9suPUw9,belief,288,mannequin,0_1_20,0_1,2,0.002527860386358009,0.9616718444518728,0.9163727851402917,0.9438985782514853,0.003038985782909802
00847-bCPU9suPUw9,belief,288,mannequin,1_4_5,1_4,3,0.0011276010768096348,0.9754499978438192,0.9103070525785506,0.9967787274763326,0.001273983494460365
00847-bCPU9suPUw9,belief,288,mannequin,0_0_191,0_0,4,0.0010244868015050804,0.9787530302334219,0.9530143654610164,0.9964684165614212,0.0011022250143227308
00847-bCPU9suPUw9,belief,288,mannequin,1_4_269,1_4,5,0.0008424588651140868,0.9711579394913898,0.9387509876155934,0.9989822027238802,0.0009250190603327386
00847-bCPU9suPUw9,belief,289,map,0_0_133,0_0,1,0.015118020386139368,0.9739733717502285,0.9213976511405337,0.9878747257834515,0.01705292444747835
00847-bCPU9suPUw9,belief,289,map,1_3_55,1_3,2,0.011624682980847683,0.8778479667617384,0.9073427556194804,0.9983118937944454,0.014619219573142108
00847-bCPU9suPUw9,belief,289,map,0_0_125,0_0,3,0.009243831186126658,0.9514772513185493,0.9094933546484936,0.9916341524934934,0.01077215491672761
00847-bCPU9suPUw9,belief,289,map,0_1_56,0_1,4,0.00897776825290569,0.9505469811319439,0.9328398622470717,0.9981995421391295,0.010143091452608928
00847-bCPU9suPUw9,belief,289,map,0_1_24,0_1,5,0.008649924606925282,0.9891753038820004,0.9355046396208189,0.9987237670060508,0.009359393919305002
00847-bCPU9suPUw9,belief,290,mascot,1_4_145,1_4,1,0.001357968195713827,0.9104007378457085,0.9396733623387052,0.9388654336659464,0.001690739628537969
00847-bCPU9suPUw9,belief,290,mascot,0_1_20,0_1,2,0.001280520603023094,0.9616718444518728,0.9163727851402917,0.9438985782514853,0.001539437829838731
00847-bCPU9suPUw9,belief,290,mascot,0_2_64,0_2,3,0.0008561741180705441,0.9469693373111846,0.9219938431991817,0.9554580748397383,0.0010263288147406187
00847-bCPU9suPUw9,belief,290,mascot,1_2_67,1_2,4,0.0006490872226058549,0.9697050783369277,0.9365615710026757,0.737039973898197,0.0009696969138439903
00847-bCPU9suPUw9,belief,290,mascot,1_2_13,1_2,5,0.000640348425473014,0.9838160208694432,0.9261763521023154,0.9539003722450231,0.0007367255797203717
00847-bCPU9suPUw9,belief,291,massage bed,1_3_2,1_3,1,0.00924812298074907,0.9884169845263968,0.9220774445876379,0.9990790724758318,0.01015654825334139
00847-bCPU9suPUw9,belief,291,massage bed,1_3_63,1_3,2,0.007596786417701212,0.9752126448429548,0.9471338038176392,0.9961274815467568,0.00825665871784717
00847-bCPU9suPUw9,belief,291,massage bed,1_3_62,1_3,3,0.004128962668060433,0.9710893167480736,0.9388428061605337,0.9984719336286829,0.004535791004484634
00847-bCPU9suPUw9,belief,291,massage bed,1_3_85,1_3,4,0.004017305367673944,0.8728253359249395,0.9122359458471869,0.99782413095038,0.005056456984694123
00847-bCPU9suPUw9,belief,291,massage bed,1_3_84,1_3,5,0.0034117880461616307,0.9695407726739588,0.9275198755313946,0.9975294226111653,0.003803356427568079
00847-bCPU9suPUw9,belief,292,material,0_2_69,0_2,1,0.13022717452195676,0.9825165914289137,0.9095021173536175,0.969029112025432,0.15039077110089635
00847-bCPU9suPUw9,belief,292,material,1_3_80,1_3,2,0.08861828992578334,0.9890335468801627,0.928046241658231,0.9921703565657356,0.09730977736225689
00847-bCPU9suPUw9,belief,292,material,0_2_195,0_2,3,0.0641511277367495,0.9456759470027117,0.9107264797062872,0.9580455287824602,0.07774775187708974
00847-bCPU9suPUw9,belief,292,material,0_2_64,0_2,4,0.049939256084963586,0.9469693373111846,0.9219938431991817,0.9554580748397383,0.05986410523856298
00847-bCPU9suPUw9,belief,292,material,0_2_26,0_2,5,0.045102195645444994,0.9721337553096377,0.9198438581684124,0.9451892871947124,0.05336281821122618
00847-bCPU9suPUw9,belief,293,measuring tape,1_4_333,1_4,1,0.0012359441934671235,0.9596541733413347,0.9315444463392639,0.978263618206661,0.0014132683134726726
00847-bCPU9suPUw9,belief,293,measuring tape,0_2_342,0_2,2,0.0008525302270492502,0.9804479532677294,0.9329927889956047,0.9957995215024278,0.000935912055582142
00847-bCPU9suPUw9,belief,293,measuring tape,0_2_240,0_2,3,0.0007162897889204307,0.9735663090584868,0.9368065252509101,0.9949601688106298,0.0007893463799409197
00847-bCPU9suPUw9,belief,293,measuring tape,0_2_334,0_2,4,0.0007116637654328356,0.9779093171374452,0.8756535143380724,0.9947132530964056,0.0008354992625482211
00847-bCPU9suPUw9,belief,293,measuring tape,0_2_343,0_2,5,0.0006731928909085463,0.9941945066531863,0.9420015878921808,0.9960420072257069,0.0007216703660692431
00847-bCPU9suPUw9,belief,294,medical lamp,1_4_148,1_4,1,0.1542109660783289,0.99217376965109,0.9704388242885794,0.9806729473606345,0.1633184157573628
00847-bCPU9suPUw9,belief,294,medical lamp,1_4_241,1_4,2,0.02268654466941255,0.9584791129543668,0.952463328879928,0.9233552421498867,0.026913403244706667
00847-bCPU9suPUw9,belief,294,medical lamp,1_4_145,1_4,3,0.017871598058588917,0.9104007378457085,0.9396733623387052,0.9388654336659464,0.022251050619838054
00847-bCPU9suPUw9,belief,294,medical lamp,1_2_7,1_2,4,0.014283116667032674,0.9773377151328473,0.9437427944289503,0.968209432762009,0.0159939364855523
00847-bCPU9suPUw9,belief,294,medical lamp,1_4_55,1_4,5,0.005073110928520207,0.9243127020825476,0.9362417596593713,0.968176981657554,0.006054979485495804
00847-bCPU9suPUw9,belief,295,medical object,0_2_119,0_2,1,0.00043018031093186923,0.9586833973725637,0.9818579601298676,0.8888408332392272,0.0005141651769227806
00847-bCPU9suPUw9,belief,295,medical object,0_2_121,0_2,2,0.00023255559962653567,0.927454593178509,0.9223524558086724,0.8061381993848,0.00033723119028741794
00847-bCPU9suPUw9,belief,295,medical object,0_1_28,0_1,3,0.00014563448121395422,0.9800328733394298,0.9476457523588722,0.9906294902194217,0.00015829467182888111
00847-bCPU9suPUw9,belief,295,medical object,0_0_205,0_0,4,0.00013785352736535682,0.9789207304452919,0.9416084567305552,0.9843866999205924,0.00015192675785122747
00847-bCPU9suPUw9,belief,295,medical object,0_0_121,0_0,5,0.0001339093468645439,0.980537410238765,0.9074141339458586,0.9749621184654413,0.00015436663691082174
00847-bCPU9suPUw9,belief,296,menu,0_0_121,0_0,1,0.010925426678924377,0.980537410238765,0.9074141339458586,0.9749621184654413,0.012594500777808484
00847-bCPU9suPUw9,belief,296,menu,1_4_305,1_4,2,0.003834472559377625,0.9803690094225991,0.9173311822905326,0.9881609252321623,0.0043148154668222255
00847-bCPU9suPUw9,belief,296,menu,0_2_294,0_2,3,0.0032652089272236346,0.9724730964750051,0.9102151103679561,0.9761906584779318,0.0037788068287756557
00847-bCPU9suPUw9,belief,296,menu,1_1_11,1_1,4,0.003223150487730418,0.982985536318247,0.9292621414017141,0.989335145769878,0.003566578389161213
00847-bCPU9suPUw9,belief,296,menu,0_2_345,0_2,5,0.0026219671119198213,0.9781309952261958,0.9398219611742706,0.9948443534737413,0.0028670118653747333
00847-bCPU9suPUw9,belief,297,meshwork,0_1_28,0_1,1,0.08755981956844122,0.9800328733394298,0.9476457523588722,0.9906294902194217,0.09517150600907556
00847-bCPU9suPUw9,belief,297,meshwork,1_4_213,1_4,2,0.057285567844203765,0.978424323458879,0.9379155492151564,0.9682307162921814,0.06447263047737706
00847-bCPU9suPUw9,belief,297,meshwork,0_2_77,0_2,3,0.04307015310786528,0.9819953836224697,0.9203652497061667,0.9962008382393174,0.047836550381775464
00847-bCPU9suPUw9,belief,297,meshwork,0_1_57,0_1,4,0.04160583929169895,0.9163877648265307,0.9120083681385636,0.9260759305481928,0.05375632677207753
00847-bCPU9suPUw9,belief,297,meshwork,0_2_26,0_2,5,0.03677837132913899,0.9721337553096377,0.9198438581684124,0.9451892871947124,0.04351445678543204
00847-bCPU9suPUw9,belief,298,meter,1_4_155,1_4,1,0.028079830895877896,0.9677963261750706,0.9163951762858948,0.999760931001942,0.03166879677858003
00847-bCPU9suPUw9,belief,298,meter,1_4_336,1_4,2,0.010314845609712393,0.9625719442794439,0.946889409259925,0.9996354992097068,0.011321099387624708
00847-bCPU9suPUw9,belief,298,meter,0_2_187,0_2,3,0.008113414271586511,0.9371803566560442,0.9040747988065558,0.9976796384730838,0.009598094072801676
00847-bCPU9suPUw9,belief,298,meter,1_4_160,1_4,4,0.007669696466333464,0.872867384978703,0.9324674260687652,0.9994962754523619,0.009427902031017243
00847-bCPU9suPUw9,belief,298,meter,1_4_156,1_4,5,0.006972514853529672,0.9702866154909134,0.94748469789608,0.9992083527795266,0.0075903385483173285
00847-bCPU9suPUw9,belief,299,microphone,0_0_121,0_0,1,0.0065103156112313165,0.980537410238765,0.9074141339458586,0.9749621184654413,0.007504894539963538
00847-bCPU9suPUw9,belief,299,microphone,1_4_5,1_4,2,0.0013309579424056579,0.9754499978438192,0.9103070525785506,0.9967787274763326,0.0015037396516534164
00847-bCPU9suPUw9,belief,299,microphone,0_0_133,0_0,3,0.0013136286761133709,0.9739733717502285,0.9213976511405337,0.9878747257834515,0.0014817555469326124
00847-bCPU9suPUw9,belief,299,microphone,1_4_148,1_4,4,0.0012884008491414799,0.99217376965109,0.9704388242885794,0.9806729473606345,0.0013644917147808307
00847-bCPU9suPUw9,belief,299,microphone,0_0_125,0_0,5,0.000755011785087141,0.9514772513185493,0.9094933546484936,0.9916341524934934,0.0008798412421377917
00847-bCPU9suPUw9,belief,300,microphone accessory,1_4_148,1_4,1,0.0007817047790318653,0.99217376965109,0.9704388242885794,0.9806729473606345,0.0008278709961300507
00847-bCPU9suPUw9,belief,300,microphone accessory,1_3_49,1_3,2,0.0007736852550273277,0.9683928929761182,0.9201044686745878,0.9928466458756158,0.0008745676596809129
00847-bCPU9suPUw9,belief,300,microphone accessory,0_0_121,0_0,3,0.0006206936872281534,0.980537410238765,0.9074141339458586,0.9749621184654413,0.0007155168723667111
00847-bCPU9suPUw9,belief,300,microphone accessory,1_4_145,1_4,4,0.0004364298872579755,0.9104007378457085,0.9396733623387052,0.9388654336659464,0.000543377457435621
00847-bCPU9suPUw9,belief,300,microphone accessory,0_1_20,0_1,5,0.00040148214048505636,0.9616718444518728,0.9163727851402917,0.9438985782514853,0.00048266056290558346
00847-bCPU9suPUw9,belief,301,microwave,0_0_252,0_0,1,0.9537590873752351,0.9893650021812366,0.9650443422163804,0.9999891740656398,0.9989404011830577
00847-bCPU9suPUw9,belief,301,microwave,0_0_255,0_0,2,0.9461584834695613,0.9899634569883347,0.9599889056620867,0.9998552859092829,0.9957294752875776
00847-bCPU9suPUw9,belief,301,microwave,0_0_166,0_0,3,0.9433953884181625,0.9750912189894068,0.9690180537759154,0.9999743524693931,0.9984533391130072
00847-bCPU9suPUw9,belief,301,microwave,0_0_270,0_0,4,0.9280585819602843,0.9740052421887716,0.9553678490457821,0.9999770499018337,0.997363434793264
00847-bCPU9suPUw9,belief,301,microwave,0_0_204,0_0,5,0.907952581687381,0.9707802230705043,0.9371162811379442,0.9999856822686527,0.9980561671390984
00847-bCPU9suPUw9,belief,302,mirror,1_4_352,1_4,1,0.8115284725823718,0.9850270074038279,0.9368778465392862,0.9997274904343121,0.8796117445159188
00847-bCPU9suPUw9,belief,302,mirror,1_4_350,1_4,2,0.8054000454996011,0.9931882619857788,0.9621694121339133,0.9996370890242329,0.8431137345098144
00847-bCPU9suPUw9,belief,302,mirror,1_4_317,1_4,3,0.7721752470080618,0.9831562986125401,0.9105582064008961,0.9997741305087191,0.8627474850221493
00847-bCPU9suPUw9,belief,302,mirror,1_4_336,1_4,4,0.7473505230930986,0.9625719442794439,0.946889409259925,0.9996354992097068,0.8202575074282857
00847-bCPU9suPUw9,belief,302,mirror,1_4_314,1_4,5,0.7458017774150388,0.9438364553848063,0.933383635132982,0.9996409698229487,0.8468810924104042
00847-bCPU9suPUw9,belief,303,model,0_2_340,0_2,1,0.5681324371814428,0.9483284597108567,0.8972478929165737,0.9988009962784486,0.6684968846225467
00847-bCPU9suPUw9,belief,303,model,0_2_151,0_2,2,0.4576855748511962,0.9172799661905254,0.9169107780165112,0.9980081872863715,0.5452606217486997
00847-bCPU9suPUw9,belief,303,model,0_2_98,0_2,3,0.4548584949148262,0.9495780360135,0.9386331792097166,0.9988527177627043,0.5109145747396078
00847-bCPU9suPUw9,belief,303,model,0_2_42,0_2,4,0.4377390428003738,0.9655165892014805,0.932009892141179,0.9988826651620342,0.48699056315953504
00847-bCPU9suPUw9,belief,303,model,0_2_264,0_2,5,0.4314950818696751,0.9343007067902809,0.9447802534148224,0.9981599972049827,0.48973168606792555
00847-bCPU9suPUw9,belief,304,modem,0_2_343,0_2,1,0.010489947526322953,0.9941945066531863,0.9420015878921808,0.9960420072257069,0.011245341971974366
00847-bCPU9suPUw9,belief,304,modem,1_3_49,1_3,2,0.007362642740091336,0.9683928929761182,0.9201044686745878,0.9928466458756158,0.008322672803220096
00847-bCPU9suPUw9,belief,304,modem,0_2_334,0_2,3,0.003352113716091809,0.9779093171374452,0.8756535143380724,0.9947132530964056,0.0039354097732783935
00847-bCPU9suPUw9,belief,304,modem,0_2_344,0_2,4,0.002817092973054091,0.9831692946947892,0.935806658126767,0.9958628752489073,0.003074589928608593
00847-bCPU9suPUw9,belief,304,modem,0_2_356,0_2,5,0.002589363202163725,0.9912759536506177,0.9318051146987519,0.9954740954872141,0.0028160693614961577
00847-bCPU9suPUw9,belief,305,mop,0_2_308,0_2,1,0.16018019116611518,0.9875811462866516,0.9392715606435618,0.9873392738537596,0.17489541806017214
00847-bCPU9suPUw9,belief,305,mop,0_2_263,0_2,2,0.08017521545537713,0.9666385543566175,0.9414456342630766,0.9733096724486212,0.09051691368562426
00847-bCPU9suPUw9,belief,305,mop,0_2_309,0_2,3,0.07104017626835908,0.9753406038230976,0.9014373125282586,0.9884476964253381,0.08174449247019544
00847-bCPU9suPUw9,belief,305,mop,0_2_315,0_2,4,0.050696023063504715,0.9849428757830294,0.9460588065725959,0.9924587224620363,0.05481914563232115
00847-bCPU9suPUw9,belief,305,mop,0_2_317,0_2,5,0.04899379297584676,0.981296457616779,0.936839079650678,0.989315102227157,0.053869282874247686
00847-bCPU9suPUw9,belief,306,mortar,0_0_211,0_0,1,0.4590292218613701,0.8926172025421795,0.9326931510284149,0.9725942458414373,0.5668975732207661
00847-bCPU9suPUw9,belief,306,mortar,0_0_212,0_0,2,0.17655695426631168,0.9801583785470427,0.9270530865768214,0.9723155331951806,0.19983738754316133
00847-bCPU9suPUw9,belief,306,mortar,0_2_292,0_2,3,0.08921271602621834,0.9842554975406272,0.9291218997752065,0.4643038225405581,0.21010866161824163
00847-bCPU9suPUw9,belief,306,mortar,1_4_126,1_4,4,0.08644834787490768,0.9827955028400963,0.9232371952679889,0.947146773874221,0.10059188812664276
00847-bCPU9suPUw9,belief,306,mortar,0_0_97,0_0,5,0.04582581286029492,0.9935984202372122,0.9307273273458063,0.9321404593735364,0.053161283833412384
00847-bCPU9suPUw9,belief,307,motorcycle,0_0_121,0_0,1,0.0007341812385989148,0.980537410238765,0.9074141339458586,0.9749621184654413,0.0008463418823196727
00847-bCPU9suPUw9,belief,307,motorcycle,1_4_126,1_4,2,6.812603097088393e-05,0.9827955028400963,0.9232371952679889,0.947146773874221,7.927191501509853e-05
00847-bCPU9suPUw9,belief,307,motorcycle,0_0_212,0_0,3,4.679789993961047e-05,0.9801583785470427,0.9270530865768214,0.9723155331951806,5.296857382537237e-05
00847-bCPU9suPUw9,belief,307,motorcycle,1_2_58,1_2,4,2.372866759218286e-05,0.9293061801383182,0.9452391704188443,0.9323275257666694,2.8973723440632726e-05
00847-bCPU9suPUw9,belief,307,motorcycle,1_2_67,1_2,5,2.3530093373838606e-05,0.9697050783369277,0.9365615710026757,0.737039973898197,3.5152531327715595e-05
00847-bCPU9suPUw9,belief,308,music equipment,1_3_49,1_3,1,0.0001007911940357975,0.9683928929761182,0.9201044686745878,0.9928466458756158,0.00011393356421303217
00847-bCPU9suPUw9,belief,308,music equipment,1_4_282,1_4,2,7.697471384098031e-06,0.9820655992587496,0.885348459329415,0.9859951518664664,8.978805609980733e-06
00847-bCPU9suPUw9,belief,308,music equipment,1_4_333,1_4,3,6.409308554477843e-06,0.9596541733413347,0.9315444463392639,0.978263618206661,7.328868681281459e-06
00847-bCPU9suPUw9,belief,308,music equipment,1_4_155,1_4,4,5.004930296172757e-06,0.9677963261750706,0.9163951762858948,0.999760931001942,5.6446251769885535e-06
00847-bCPU9suPUw9,belief,308,music equipment,1_4_145,1_4,5,4.530639695656581e-06,0.9104007378457085,0.9396733623387052,0.9388654336659464,5.6408773786098675e-06
00847-bCPU9suPUw9,belief,309,napkin,1_4_33,1_4,1,0.05173808477068092,0.9066912476615214,0.9070122366038519,0.9866715713602178,0.06376247454473992
00847-bCPU9suPUw9,belief,309,napkin,0_0_107,0_0,2,0.04772010953180188,0.9712188070819416,0.9303981975360138,0.9980640280366376,0.05291235418484898
00847-bCPU9suPUw9,belief,309,napkin,0_0_205,0_0,3,0.03929741645840232,0.9789207304452919,0.9416084567305552,0.9843866999205924,0.04330922239393418
00847-bCPU9suPUw9,belief,309,napkin,1_4_37,1_4,4,0.019035308586424923,0.877072463215898,0.9221976951401709,0.9863556664880694,0.023859803865911917
00847-bCPU9suPUw9,belief,309,napkin,0_2_292,0_2,5,0.016738074455522504,0.9842554975406272,0.9291218997752065,0.4643038225405581,0.03942055099950964
00847-bCPU9suPUw9,belief,310,nightstand,1_4_250,1_4,1,0.8752976097254519,0.974188042845991,0.9225521158489642,0.9999565941799268,0.9739594815367094
00847-bCPU9suPUw9,belief,310,nightstand,1_4_6,1_4,2,0.8630582646867248,0.9501979527014525,0.9313142661793575,0.9999644408087142,0.9753156952464791
00847-bCPU9suPUw9,belief,310,nightstand,1_4_12,1_4,3,0.8603867799358402,0.9718369925080791,0.9230825352413153,0.9999315709427274,0.9591565296127409
00847-bCPU9suPUw9,belief,310,nightstand,1_4_11,1_4,4,0.6119410327479199,0.9178437115007304,0.8970862989684294,0.997249468018068,0.7452514011590456
00847-bCPU9suPUw9,belief,310,nightstand,1_4_38,1_4,5,0.23709886579989228,0.9692517018872566,0.9173864905135851,0.9987198170529754,0.2669911687006029
00847-bCPU9suPUw9,belief,311,oar,0_2_14,0_2,1,0.606641213964374,0.9916828408485452,0.9732732066967238,0.9876311724837695,0.6363990995776729
00847-bCPU9suPUw9,belief,311,oar,0_2_258,0_2,2,0.48992073852727347,0.9771059443171629,0.9680290435146537,0.9714150315026995,0.5332010075785709
00847-bCPU9suPUw9,belief,311,oar,0_2_270,0_2,3,0.46678590483745847,0.9863880918980539,0.9713797717037043,0.9887575191558238,0.4927096387697693
00847-bCPU9suPUw9,belief,311,oar,0_2_28,0_2,4,0.45428032312546385,0.954410506784916,0.95689041796717,0.9729465833140174,0.5112549328495695
00847-bCPU9suPUw9,belief,311,oar,0_2_156,0_2,5,0.45128878418733653,0.9955547256875991,0.9293726437961038,0.9834594412996636,0.4959559024346281
00847-bCPU9suPUw9,belief,312,object,0_1_23,0_1,1,0.20510310201060394,0.9776777075165078,0.9431075102464561,0.9836684123055457,0.22613437612640885
00847-bCPU9suPUw9,belief,312,object,0_0_4,0_0,2,0.14039039720874585,0.9776704441239437,0.9238391988199979,0.9962689395356504,0.1560170063238501
00847-bCPU9suPUw9,belief,312,object,0_1_28,0_1,3,0.09540293182676012,0.9800328733394298,0.9476457523588722,0.9906294902194217,0.10369642998792175
00847-bCPU9suPUw9,belief,312,object,0_1_6,0_1,4,0.08099819779489374,0.9514698954620838,0.9406626921292077,0.9890504216466115,0.09150144490269244
00847-bCPU9suPUw9,belief,312,object,0_1_21,0_1,5,0.07956215733793388,0.9668342461107468,0.921719750376947,0.9942681034561754,0.08979499376619968
00847-bCPU9suPUw9,belief,313,objects,0_0_121,0_0,1,0.019263316866174825,0.980537410238765,0.9074141339458586,0.9749621184654413,0.022206167903924424
00847-bCPU9suPUw9,belief,313,objects,0_1_28,0_1,2,0.005946506267511687,0.9800328733394298,0.9476457523588722,0.9906294902194217,0.006463443617870044
00847-bCPU9suPUw9,belief,313,objects,0_1_23,0_1,3,0.004434698501989949,0.9776777075165078,0.9431075102464561,0.9836684123055457,0.004889432530398149
00847-bCPU9suPUw9,belief,313,objects,0_1_9,0_1,4,0.0027660675014150793,0.9864604532511158,0.9353844965161752,0.9941106263218981,0.00301549221312173
00847-bCPU9suPUw9,belief,313,objects,0_0_4,0_0,5,0.0021835011913170317,0.9776704441239437,0.9238391988199979,0.9962689395356504,0.002426542882896134
00847-bCPU9suPUw9,belief,314,outlet,0_2_230,0_2,1,0.28618036169447253,0.9791888528623551,0.9420403725120654,0.9955319985465925,0.3116367224782931
00847-bCPU9suPUw9,belief,314,outlet,0_0_119,0_0,2,0.2813611817911266,0.9808515710835324,0.9460597068130485,0.9981587200107882,0.3037684996857732
00847-bCPU9suPUw9,belief,314,outlet,0_0_36,0_0,3,0.2772237877290948,0.9707834795079281,0.9051463694434468,0.9986648556906623,0.31591448226069
00847-bCPU9suPUw9,belief,314,outlet,1_3_72,1_3,4,0.23715530071708707,0.9841260009409399,0.920416770886517,0.9964739217335177,0.26274331143527896
00847-bCPU9suPUw9,belief,314,outlet,0_2_343,0_2,5,0.2029606784941096,0.9941945066531863,0.9420015878921808,0.9960420072257069,0.2175761347521481
00847-bCPU9suPUw9,belief,315,oven,0_0_252,0_0,1,0.9396524512575478,0.9893650021812366,0.9650443422163804,0.9999891740656398,0.9841655078905319
00847-bCPU9suPUw9,belief,315,oven,0_0_166,0_0,2,0.9241871450962181,0.9750912189894068,0.9690180537759154,0.9999743524693931,0.9781240742907059
00847-bCPU9suPUw9,belief,315,oven,0_0_255,0_0,3,0.9142343114147575,0.9899634569883347,0.9599889056620867,0.9998552859092829,0.9621327368505304
00847-bCPU9suPUw9,belief,315,oven,0_0_270,0_0,4,0.8947224932202117,0.9740052421887716,0.9553678490457821,0.9999770499018337,0.9615378989761783
00847-bCPU9suPUw9,belief,315,oven,0_0_195,0_0,5,0.8721928243489806,0.9603995780534155,0.9265867536562626,0.9999938022346645,0.980115264724672
00847-bCPU9suPUw9,belief,316,overhang,1_0_25,1_0,1,0.8269002295451721,0.9831825523149401,0.9574804047771277,0.9852908886713331,0.8915066522249004
00847-bCPU9suPUw9,belief,316,overhang,0_0_280,0_0,2,0.7933439088098105,0.9618017033849974,0.9667833187726292,0.9974210167389974,0.8553981100649116
00847-bCPU9suPUw9,belief,316,overhang,1_4_166,1_4,3,0.7854839844010791,0.9522568504049314,0.9176720529452124,0.996221629684545,0.9022767286726816
00847-bCPU9suPUw9,belief,316,overhang,1_4_170,1_4,4,0.7854572013345641,0.9747919343192291,0.9443545853533444,0.9794791734523819,0.8711246424531028
00847-bCPU9suPUw9,belief,316,overhang,0_0_52,0_0,5,0.7251496165101486,0.9679620859092113,0.9268298891819895,0.9942784935396395,0.8129450638601997
00847-bCPU9suPUw9,belief,317,pad,0_0_94,0_0,1,0.14599772980817896,0.9675032692917046,0.9061770376450666,0.997735654151619,0.1669033741223522
00847-bCPU9suPUw9,belief,317,pad,1_4_158,1_4,2,0.09665092791941453,0.9947657858176776,0.9713552596185588,0.9909064704379772,0.10094258632063308
00847-bCPU9suPUw9,belief,317,pad,0_0_3,0_0,3,0.09385303434906665,0.9402091239113999,0.9233751014265658,0.9943816124279558,0.10871578654603921
00847-bCPU9suPUw9,belief,317,pad,1_4_333,1_4,4,0.09085362286855121,0.9596541733413347,0.9315444463392639,0.978263618206661,0.10388862785472935
00847-bCPU9suPUw9,belief,317,pad,0_2_263,0_2,5,0.07984482446804923,0.9666385543566175,0.9414456342630766,0.9733096724486212,0.09014390598851227
00847-bCPU9suPUw9,belief,318,painting stuff,1_4_333,1_4,1,0.422540349966357,0.9596541733413347,0.9315444463392639,0.978263618206661,0.4831633102267501
00847-bCPU9suPUw9,belief,318,painting stuff,0_0_126,0_0,2,0.16793695939895276,0.9829451528124721,0.9622482357207982,0.9810596467802857,0.18098161707310423
00847-bCPU9suPUw9,belief,318,painting stuff,0_0_124,0_0,3,0.15555281465256118,0.9762646087626297,0.8973885654837033,0.9810596456555989,0.18098158387496172
00847-bCPU9suPUw9,belief,318,painting stuff,0_1_28,0_1,4,0.13925582322361407,0.9800328733394298,0.9476457523588722,0.9906294902194217,0.1513615089894696
00847-bCPU9suPUw9,belief,318,painting stuff,0_1_58,0_1,5,0.13586546301292002,0.9509849632752544,0.8970625175923091,0.9831554584350312,0.1619908624570617
00847-bCPU9suPUw9,belief,319,pan,0_0_259,0_0,1,0.8744473248045076,0.990412848336356,0.9493522725558989,0.9995619553598706,0.9304226526874505
00847-bCPU9suPUw9,belief,319,pan,0_0_249,0_0,2,0.8613760630094695,0.9848890945867256,0.9288429024488767,0.9995123372199899,0.9420523651502573
00847-bCPU9suPUw9,belief,319,pan,0_0_202,0_0,3,0.847202425691336,0.9778167312100289,0.9529169785783796,0.9996254732536023,0.9095725530796718
00847-bCPU9suPUw9,belief,319,pan,0_0_206,0_0,4,0.8096658875849081,0.9673105825980505,0.938306641021167,0.9997441583306316,0.8922904355817927
00847-bCPU9suPUw9,belief,319,pan,0_0_173,0_0,5,0.7282123076833141,0.9045673570673909,0.91839985445645,0.9997435313320245,0.8767922337356133
00847-bCPU9suPUw9,belief,320,panel,0_2_92,0_2,1,0.5312899933655543,0.9739298569933931,0.9438623585887784,0.9959729586191018,0.5802935488244604
00847-bCPU9suPUw9,belief,320,panel,0_2_1,0_2,2,0.5085165736810537,0.9533536320457875,0.9975684197425698,0.9934352881458938,0.5382311289581594
00847-bCPU9suPUw9,belief,320,panel,0_2_256,0_2,3,0.3431142663158222,0.9514547751449999,0.9498521559759621,0.9918696649800218,0.3827718620644257
00847-bCPU9suPUw9,belief,320,panel,1_3_72,1_3,4,0.24505188094523375,0.9841260009409399,0.920416770886517,0.9964739217335177,0.27149189783366057
00847-bCPU9suPUw9,belief,320,panel,0_2_105,0_2,5,0.22681460042232543,0.9568878116871917,0.9145799759972775,0.9976823196946016,0.2597742023306854
00847-bCPU9suPUw9,belief,321,pantry,0_0_265,0_0,1,0.011646060667110514,0.9889487936961812,0.9123600015743096,0.997422044832338,0.012940767755261524
00847-bCPU9suPUw9,belief,321,pantry,0_2_248,0_2,2,0.011139655337874551,0.9815044747856067,0.9472520410410628,0.9975525169414278,0.012010971916759618
00847-bCPU9suPUw9,belief,321,pantry,0_0_121,0_0,3,0.010871191226976735,0.980537410238765,0.9074141339458586,0.9749621184654413,0.012531979792421521
00847-bCPU9suPUw9,belief,321,pantry,0_0_0,0_0,4,0.008073673586759013,0.9805068372265294,0.9270317861516935,0.9975541060324079,0.008904088638834538
00847-bCPU9suPUw9,belief,321,pantry,0_0_161,0_0,5,0.007976962318429676,0.9467723347400118,0.911221105890141,0.9985884685625455,0.009259374813359311
00847-bCPU9suPUw9,belief,322,paper holder,1_3_4,1_3,1,0.15742657972185503,0.9850588760745584,0.9383394647664787,0.9958823729247366,0.17102037074486978
00847-bCPU9suPUw9,belief,322,paper holder,1_3_79,1_3,2,0.1367845515814956,0.9704462575434387,0.9156190988292346,0.9951985133688345,0.15468243492290246
00847-bCPU9suPUw9,belief,322,paper holder,0_2_268,0_2,3,0.12347905971206448,0.9891755814034459,0.9518573378309747,0.9976844437496427,0.1314482667512722
00847-bCPU9suPUw9,belief,322,paper holder,1_4_220,1_4,4,0.10503732724626916,0.9703434760975853,0.956641036977619,0.9961843922095304,0.11358720993217312
00847-bCPU9suPUw9,belief,322,paper holder,1_4_333,1_4,5,0.10182455417092356,0.9596541733413347,0.9315444463392639,0.978263618206661,0.11643358713434974
00847-bCPU9suPUw9,belief,323,paper storage,1_1_15,1_1,1,0.24296968208561048,0.9964169804949806,0.9436596214191183,0.9997967026281712,0.2584543779620901
00847-bCPU9suPUw9,belief,323,paper storage,1_3_57,1_3,2,0.13130303919595712,0.9451796220556087,0.9346289387145241,0.9977655825491838,0.14896789668500926
00847-bCPU9suPUw9,belief,323,paper storage,1_1_55,1_1,3,0.12568221263047424,0.9178449023930912,0.9308473227758793,0.999633114120861,0.14715852607894894
00847-bCPU9suPUw9,belief,323,paper storage,1_3_80,1_3,4,0.09589178903746531,0.9890335468801627,0.928046241658231,0.9921703565657356,0.10529664530785937
00847-bCPU9suPUw9,belief,323,paper storage,1_4_331,1_4,5,0.0588756223172196,0.9908098926146826,0.9439883122257668,0.9950480926235806,0.06326077204358192
00847-bCPU9suPUw9,belief,324,paper towel,0_0_203,0_0,1,0.8119732344770355,0.9599437042951126,0.9174538104299853,0.9983097759887345,0.9235202362669027
00847-bCPU9suPUw9,belief,324,paper towel,0_0_107,0_0,2,0.7020255701201871,0.9712188070819416,0.9303981975360138,0.9980640280366376,0.7784103175258841
00847-bCPU9suPUw9,belief,324,paper towel,0_0_205,0_0,3,0.34485850873952684,0.9789207304452919,0.9416084567305552,0.9843866999205924,0.380064523204737
00847-bCPU9suPUw9,belief,324,paper towel,1_4_333,1_4,4,0.1398356088734876,0.9596541733413347,0.9315444463392639,0.978263618206661,0.1598981864720537
00847-bCPU9suPUw9,belief,324,paper towel,0_0_122,0_0,5,0.08564217626334591,0.9868125643995859,0.939876458575045,0.98246829951637,0.09398611676630919
00847-bCPU9suPUw9,belief,325,parapet,0_0_263,0_0,1,0.31125966948406864,0.9835454449057579,0.9391737106233526,0.9922842370153234,0.3395833598047926
00847-bCPU9suPUw9,belief,325,parapet,0_0_56,0_0,2,0.19891072351027653,0.9860290921350844,0.9206235526434565,0.9970642429276491,0.21976738737351348
00847-bCPU9suPUw9,belief,325,parapet,1_4_214,1_4,3,0.18734093057551687,0.9862766152336484,0.9522241491993921,0.9943916108485173,0.20060294015993274
00847-bCPU9suPUw9,belief,325,parapet,0_0_191,0_0,4,0.1782923988865913,0.9787530302334219,0.9530143654610164,0.9964684165614212,0.19182125297046354
00847-bCPU9suPUw9,belief,325,parapet,0_0_51,0_0,5,0.15880638007879785,0.9623295863457066,0.9119210470865065,0.9968486060624403,0.18153386863332016
00847-bCPU9suPUw9,belief,326,partial,0_0_5,0_0,1,0.7053201141783614,0.9832547306014604,0.9305139469802599,0.9977008611763704,0.7726752308755259
00847-bCPU9suPUw9,belief,326,partial,0_0_233,0_0,2,0.7023905182161571,0.9948392839978636,0.9340551624800001,0.9969925802149525,0.758160689638399
00847-bCPU9suPUw9,belief,326,partial,0_0_137,0_0,3,0.6915127076034313,0.9611991548897947,0.9558155101439146,0.9877854654023952,0.7619914177406814
00847-bCPU9suPUw9,belief,326,partial,0_0_86,0_0,4,0.6294755897383841,0.9707960283704351,0.8873735262733607,0.9957150426052632,0.7338534940219366
00847-bCPU9suPUw9,belief,326,partial,0_2_73,0_2,5,0.6247235591999326,0.9760727026367281,0.9305469517161755,0.9937954710527268,0.6921024917793694
00847-bCPU9suPUw9,belief,327,pavement,0_2_309,0_2,1,0.014960421222686997,0.9753406038230976,0.9014373125282586,0.9884476964253381,0.017214653794905867
00847-bCPU9suPUw9,belief,327,pavement,0_2_308,0_2,2,0.009026808217198305,0.9875811462866516,0.9392715606435618,0.9873392738537596,0.009856071374385187
00847-bCPU9suPUw9,belief,327,pavement,0_2_263,0_2,3,0.008800835202906029,0.9666385543566175,0.9414456342630766,0.9733096724486212,0.009936043650125558
00847-bCPU9suPUw9,belief,327,pavement,0_2_315,0_2,4,0.00871737890625288,0.9849428757830294,0.9460588065725959,0.9924587224620363,0.009426365914252928
00847-bCPU9suPUw9,belief,327,pavement,0_2_169,0_2,5,0.007268178241635818,0.9544576904593849,0.9360662545623567,0.9869383335091076,0.008242752900766169
00847-bCPU9suPUw9,belief,328,pedestal,0_2_236,0_2,1,0.4172483692217419,0.9875060942700524,0.9284061671094364,0.9964388454230142,0.4567370020622616
00847-bCPU9suPUw9,belief,328,pedestal,0_0_121,0_0,2,0.1987391741018762,0.980537410238765,0.9074141339458586,0.9749621184654413,0.22910049706667576
00847-bCPU9suPUw9,belief,328,pedestal,0_0_4,0_0,3,0.0881707176764982,0.9776704441239437,0.9238391988199979,0.9962689395356504,0.09798484576447697
00847-bCPU9suPUw9,belief,328,pedestal,0_2_240,0_2,4,0.08487106278052257,0.9735663090584868,0.9368065252509101,0.9949601688106298,0.09352732260571973
00847-bCPU9suPUw9,belief,328,pedestal,0_0_191,0_0,5,0.07908754366942512,0.9787530302334219,0.9530143654610164,0.9964684165614212,0.08508871839609485
00847-bCPU9suPUw9,belief,329,pen,1_3_74,1_3,1,0.02047788569184111,0.9836616745701543,0.9554656975714891,0.9910197190723364,0.0219857845450377
00847-bCPU9suPUw9,belief,329,pen,0_2_62,0_2,2,0.01586155023654109,0.9784901090645245,0.9153200473523396,0.9961598268922964,0.01777817566467017
00847-bCPU9suPUw9,belief,329,pen,1_4_5,1_4,3,0.015719505083435857,0.9754499978438192,0.9103070525785506,0.9967787274763326,0.017760172838823925
00847-bCPU9suPUw9,belief,329,pen,0_2_156,0_2,4,0.014745533222466337,0.9955547256875991,0.9293726437961038,0.9834594412996636,0.016204998866518015
00847-bCPU9suPUw9,belief,329,pen,0_2_131,0_2,5,0.014318016644171374,0.9731734208072776,0.9497817666389246,0.9981787229673406,0.015518884027010335
00847-bCPU9suPUw9,belief,330,pendant,1_4_145,1_4,1,0.4761001793398469,0.9104007378457085,0.9396733623387052,0.9388654336659464,0.5927689933421295
00847-bCPU9suPUw9,belief,330,pendant,1_4_148,1_4,2,0.2062859417816163,0.99217376965109,0.9704388242885794,0.9806729473606345,0.2184688551116185
00847-bCPU9suPUw9,belief,330,pendant,1_2_7,1_2,3,0.17479566361155838,0.9773377151328473,0.9437427944289503,0.968209432762009,0.19573254261837744
00847-bCPU9suPUw9,belief,330,pendant,1_4_55,1_4,4,0.13394467075775884,0.9243127020825476,0.9362417596593713,0.968176981657554,0.15986881522149018
00847-bCPU9suPUw9,belief,330,pendant,0_2_30,0_2,5,0.1017839861500003,0.9504582919290898,0.9635658303955671,0.8741924031768115,0.12713290543822817
00847-bCPU9suPUw9,belief,331,pet bed,0_2_25,0_2,1,0.027405339437194334,0.8582849444062622,0.9539204953906208,0.9928654294655455,0.03371328888056522
00847-bCPU9suPUw9,belief,331,pet bed,1_4_294,1_4,2,0.02733674838873112,0.9792151269161325,0.8875150612100938,0.9881140100239504,0.031833614507513396
00847-bCPU9suPUw9,belief,331,pet bed,0_2_26,0_2,3,0.02722836705468806,0.9721337553096377,0.9198438581684124,0.9451892871947124,0.0322153363164394
00847-bCPU9suPUw9,belief,331,pet bed,1_4_61,1_4,4,0.026859086561813017,0.9708508071895477,0.9382309946363239,0.9982408008713185,0.02953885454499933
00847-bCPU9suPUw9,belief,331,pet bed,0_2_59,0_2,5,0.02007452554902216,0.9955071895527914,0.9465924219851324,0.999210142407491,0.021319697184204373
00847-bCPU9suPUw9,belief,332,pet bowl,0_0_211,0_0,1,0.0037842283125233784,0.8926172025421795,0.9326931510284149,0.9725942458414373,0.004673492981958138
00847-bCPU9suPUw9,belief,332,pet bowl,0_0_212,0_0,2,0.0022182183147529985,0.9801583785470427,0.9270530865768214,0.9723155331951806,0.002510707974447737
00847-bCPU9suPUw9,belief,332,pet bowl,0_0_20,0_0,3,0.0020807970551755266,0.9558162924507192,0.9292816973908237,0.8341524826375847,0.0028084226384826826
00847-bCPU9suPUw9,belief,332,pet bowl,0_1_28,0_1,4,0.0016893230290712978,0.9800328733394298,0.9476457523588722,0.9906294902194217,0.001836178027832258
00847-bCPU9suPUw9,belief,332,pet bowl,1_2_7,1_2,5,0.001040864391855345,0.9773377151328473,0.9437427944289503,0.968209432762009,0.0011655382618159303
00847-bCPU9suPUw9,belief,333,phone,0_0_121,0_0,1,0.10149835940653351,0.980537410238765,0.9074141339458586,0.9749621184654413,0.11700423279191544
00847-bCPU9suPUw9,belief,333,phone,1_4_36,1_4,2,0.06805018936188831,0.9508966963881296,0.927255870042649,0.9979527243340122,0.07733684308262183
00847-bCPU9suPUw9,belief,333,phone,1_4_278,1_4,3,0.06757371796557012,0.978543883044493,0.9386913383932867,0.9973038564044621,0.0737644654370359
00847-bCPU9suPUw9,belief,333,phone,1_4_226,1_4,4,0.05821559768019985,0.9854209825671837,0.9452708249134103,0.9986220791813836,0.06258354175131893
00847-bCPU9suPUw9,belief,333,phone,0_2_187,0_2,5,0.04738426142216009,0.9371803566560442,0.9040747988065558,0.9976796384730838,0.05605514318341195
00847-bCPU9suPUw9,belief,334,photo mount,1_1_72,1_1,1,0.0474356938840277,0.9962260723114014,0.93748408002247,0.9945068197205462,0.05107115587876204
00847-bCPU9suPUw9,belief,334,photo mount,1_4_239,1_4,2,0.02172747749027239,0.8676468448019495,0.9430627114227044,0.9978579003697331,0.026610745622785776
00847-bCPU9suPUw9,belief,334,photo mount,1_4_88,1_4,3,0.021719800842774403,0.8918146382472668,0.9171821472888311,0.9978578995351336,0.026610739874101324
00847-bCPU9suPUw9,belief,334,photo mount,0_2_187,0_2,4,0.020316991128464506,0.9371803566560442,0.9040747988065558,0.9976796384730838,0.024034812669456836
00847-bCPU9suPUw9,belief,334,photo mount,0_0_265,0_0,5,0.018112424618436294,0.9889487936961812,0.9123600015743096,0.997422044832338,0.020126005451250942
00847-bCPU9suPUw9,belief,335,photo stand,0_0_121,0_0,1,0.011156747106352739,0.980537410238765,0.9074141339458586,0.9749621184654413,0.012861159956327297
00847-bCPU9suPUw9,belief,335,photo stand,1_1_59,1_1,2,0.006415105569375595,0.9655507200291046,0.9326566021066128,0.9979259770108478,0.007138527203646224
00847-bCPU9suPUw9,belief,335,photo stand,1_1_72,1_1,3,0.0054699863487941555,0.9962260723114014,0.93748408002247,0.9945068197205462,0.005889204997337056
00847-bCPU9suPUw9,belief,335,photo stand,1_3_114,1_3,4,0.004747524980535784,0.9808603829807704,0.939932235793449,0.9982602761750727,0.005158456005546936
00847-bCPU9suPUw9,belief,335,photo stand,1_3_10,1_3,5,0.003651018198613456,0.980784114627611,0.9247686230004408,0.9988232485828015,0.004030128058995156
00847-bCPU9suPUw9,belief,336,piano,0_1_23,0_1,1,0.022062332568468224,0.9776777075165078,0.9431075102464561,0.9836684123055457,0.024324604369006454
00847-bCPU9suPUw9,belief,336,piano,1_4_283,1_4,2,0.017890756352103254,0.9901690676923827,0.9288921866230879,0.9919227841205641,0.019609935732267568
00847-bCPU9suPUw9,belief,336,piano,1_4_209,1_4,3,0.011034460329708977,0.6905394554138183,0.9920797415254472,0.9728626751183557,0.01655634535074175
00847-bCPU9suPUw9,belief,336,piano,1_2_58,1_2,4,0.009229747757895004,0.9293061801383182,0.9452391704188443,0.9323275257666694,0.011269918882935862
00847-bCPU9suPUw9,belief,336,piano,0_1_28,0_1,5,0.008595257058822458,0.9800328733394298,0.9476457523588722,0.9906294902194217,0.00934245368315157
00847-bCPU9suPUw9,belief,337,pillow,1_4_4,1_4,1,0.9226089612973939,0.9901341938939502,0.9342314171305115,0.9999771296442448,0.9974223009366417
00847-bCPU9suPUw9,belief,337,pillow,0_2_63,0_2,2,0.7494678058706306,0.9840773510040206,0.9412996184074194,0.9605632094886899,0.842306038678582
00847-bCPU9suPUw9,belief,337,pillow,0_2_20,0_2,3,0.6912434081509755,0.9571416169404984,0.9141052860360612,0.9911287241390593,0.7971288356888677
00847-bCPU9suPUw9,belief,337,pillow,0_2_33,0_2,4,0.6836846382757235,0.9743233159046001,0.9349214669340302,0.9972329686643088,0.7526290316144456
00847-bCPU9suPUw9,belief,337,pillow,1_4_375,1_4,5,0.4631895847922875,0.9686892786043095,0.924503436357755,0.9963755043035246,0.5190900694697326
00847-bCPU9suPUw9,belief,338,pitchfork,1_2_58,1_2,1,0.001750714496845263,0.9293061801383182,0.9452391704188443,0.9323275257666694,0.0021376976797387397
00847-bCPU9suPUw9,belief,338,pitchfork,1_2_67,1_2,2,0.0014831256092659407,0.9697050783369277,0.9365615710026757,0.737039973898197,0.0022156996410657706
00847-bCPU9suPUw9,belief,338,pitchfork,1_3_52,1_3,3,0.0009819336378529026,0.9488265742756002,0.9184029233176375,0.987238135479841,0.0011414059115980597
00847-bCPU9suPUw9,belief,338,pitchfork,0_2_76,0_2,4,0.0008389465612990378,0.984385157870063,0.9202547648698964,0.993237239377537,0.0009324126830710973
00847-bCPU9suPUw9,belief,338,pitchfork,0_2_119,0_2,5,0.0006989506432132896,0.9586833973725637,0.9818579601298676,0.8888408332392272,0.0008354080184412935
00847-bCPU9suPUw9,belief,339,place mat,0_1_28,0_1,1,0.005268876769968238,0.9800328733394298,0.9476457523588722,0.9906294902194217,0.00572690692655156
00847-bCPU9suPUw9,belief,339,place mat,0_1_33,0_1,2,0.004646042326538568,0.9817992164442937,0.9124626264613387,0.9986863432600834,0.0051929756304106645
00847-bCPU9suPUw9,belief,339,place mat,0_1_0,0_1,3,0.004525302882120025,0.8382629914438283,0.983131747951762,0.9988913718065714,0.0054971473290669265
00847-bCPU9suPUw9,belief,339,place mat,0_1_55,0_1,4,0.0021171920903878473,0.9869548980113245,0.9480536090733174,0.99862698938465,0.0022658270697031788
00847-bCPU9suPUw9,belief,339,place mat,0_1_1,0_1,5,0.0018886825980205914,0.8903686145941416,0.9165959568969704,0.9856011388328002,0.002348064389865541
00847-bCPU9suPUw9,belief,340,plane,1_4_241,1_4,1,0.03661700473924611,0.9584791129543668,0.952463328879928,0.9233552421498867,0.04343932619626134
00847-bCPU9suPUw9,belief,340,plane,0_2_46,0_2,2,0.030781515725624847,0.9567169125145035,0.9922638202116698,0.9936874436763466,0.03263094050608351
00847-bCPU9suPUw9,belief,340,plane,0_0_132,0_0,3,0.022457870868951405,0.9834420556567529,0.9224957060911139,0.9803230864044353,0.02525144412017478
00847-bCPU9suPUw9,belief,340,plane,1_3_75,1_3,4,0.02174922402433795,0.973121780193494,0.927292401825311,0.9711320901172392,0.02481884503047783
00847-bCPU9suPUw9,belief,340,plane,0_0_128,0_0,5,0.018648284714768506,0.9709263187451934,0.9155422952277616,0.9887768579271502,0.0212166060330009
00847-bCPU9suPUw9,belief,341,plank,0_2_94,0_2,1,0.5647155337917015,0.9814134069218599,0.9539957976761744,0.9977357560810814,0.604527065510515
00847-bCPU9suPUw9,belief,341,plank,0_2_314,0_2,2,0.5044869368688356,0.9805224677720089,0.943355549974499,0.992164715116149,0.5497094320905548
00847-bCPU9suPUw9,belief,341,plank,0_2_308,0_2,3,0.5032640643629308,0.9875811462866516,0.9392715606435618,0.9873392738537596,0.5494972773514568
00847-bCPU9suPUw9,belief,341,plank,0_2_78,0_2,4,0.494725841333639,0.9814336606633594,0.9220752405600696,0.9949064667460722,0.5494839763462366
00847-bCPU9suPUw9,belief,341,plank,0_2_169,0_2,5,0.46326525084580034,0.9544576904593849,0.9360662545623567,0.9869383335091076,0.5253835092208685
00847-bCPU9suPUw9,belief,342,plant,0_2_30,0_2,1,0.2014509870029864,0.9504582919290898,0.9635658303955671,0.8741924031768115,0.2516215983459823
00847-bCPU9suPUw9,belief,342,plant,0_0_240,0_0,2,0.11804448425467064,0.9714243010032002,0.9515231931813748,0.9798090267585658,0.13033946101335847
00847-bCPU9suPUw9,belief,342,plant,0_2_263,0_2,3,0.020853325929254835,0.9666385543566175,0.9414456342630766,0.9733096724486212,0.023543169699956887
00847-bCPU9suPUw9,belief,342,plant,0_0_6,0_0,4,0.020807134105204315,0.9773141850124706,0.9166695898087085,0.8349075633226346,0.027818060331017896
00847-bCPU9suPUw9,belief,342,plant,0_0_244,0_0,5,0.017443119266925215,0.9715390748033921,0.9448291453079254,0.993442282800629,0.019127929211090123
00847-bCPU9suPUw9,belief,343,plant ornament,0_2_30,0_2,1,0.0253174048978337,0.9504582919290898,0.9635658303955671,0.8741924031768115,0.031622609455226346
00847-bCPU9suPUw9,belief,343,plant ornament,0_0_240,0_0,2,0.00019687889257834237,0.9714243010032002,0.9515231931813748,0.9798090267585658,0.00021738490286599493
00847-bCPU9suPUw9,belief,343,plant ornament,0_2_292,0_2,3,0.00016154267171781538,0.9842554975406272,0.9291218997752065,0.4643038225405581,0.00038045601636979906
00847-bCPU9suPUw9,belief,343,plant ornament,0_0_121,0_0,4,9.178060343369259e-05,0.980537410238765,0.9074141339458586,0.9749621184654413,0.0001058018982053318
00847-bCPU9suPUw9,belief,343,plant ornament,1_1_11,1_1,5,2.9514167747105556e-05,0.982985536318247,0.9292621414017141,0.989335145769878,3.265891346420739e-05
00847-bCPU9suPUw9,belief,344,platform,0_2_315,0_2,1,0.051920737710915925,0.9849428757830294,0.9460588065725959,0.9924587224620363,0.056143466684691896
00847-bCPU9suPUw9,belief,344,platform,0_2_169,0_2,2,0.04473449457133785,0.9544576904593849,0.9360662545623567,0.9869383335091076,0.05073284840207961
00847-bCPU9suPUw9,belief,344,platform,0_2_309,0_2,3,0.0396256051659917,0.9753406038230976,0.9014373125282586,0.9884476964253381,0.04559638155854433
00847-bCPU9suPUw9,belief,344,platform,0_2_308,0_2,4,0.032948296243397075,0.9875811462866516,0.9392715606435618,0.9873392738537596,0.035975147762705016
00847-bCPU9suPUw9,belief,344,platform,0_2_83,0_2,5,0.03048367695224125,0.9350158504838758,0.9279844625512839,0.9972530960468791,0.03522915929705873
00847-bCPU9suPUw9,belief,345,playpen,1_1_30,1_1,1,0.0001706946349655075,0.9931037009471939,0.9378687356948634,0.9994648596309674,0.00018336467914807143
00847-bCPU9suPUw9,belief,345,playpen,1_4_333,1_4,2,0.0001506405496769154,0.9596541733413347,0.9315444463392639,0.978263618206661,0.0001722533401651955
00847-bCPU9suPUw9,belief,345,playpen,1_1_50,1_1,3,0.00013690536295396567,0.9498927160618973,0.9257401235477729,0.9917312237075299,0.0001569866888077432
00847-bCPU9suPUw9,belief,345,playpen,1_1_49,1_1,4,0.00011560442028178917,0.9875282130458138,0.96686008017256,0.9958178228838686,0.00012158539328579306
00847-bCPU9suPUw9,belief,345,playpen,1_3_49,1_3,5,0.00011230432753125597,0.9683928929761182,0.9201044686745878,0.9928466458756158,0.000126947918760039
00847-bCPU9suPUw9,belief,346,plenum box,1_3_50,1_3,1,0.8500238604382576,0.9769989683208973,0.9303001226888292,0.999265719867573,0.9359075360020206
00847-bCPU9suPUw9,belief,346,plenum box,1_3_54,1_3,2,0.7900740535180143,0.9876773480064244,0.9342252663957986,0.9985066760022849,0.8575315835457019
00847-bCPU9suPUw9,belief,346,plenum box,1_3_56,1_3,3,0.7474969398697277,0.9532508678762585,0.944184231243057,0.9996613024716128,0.8307925359622345
00847-bCPU9suPUw9,belief,346,plenum box,1_4_224,1_4,4,0.6310491040519353,0.9945146437888872,0.9454876334411562,0.9483441801514149,0.7076689422833009
00847-bCPU9suPUw9,belief,346,plenum box,1_4_216,1_4,5,0.5028028793460557,0.8902458958757254,0.8971331944905363,0.9738080075682711,0.6464835942285218
00847-bCPU9suPUw9,belief,347,pliers,1_2_67,1_2,1,0.0074026384031198105,0.9697050783369277,0.9365615710026757,0.737039973898197,0.011059092466787275
00847-bCPU9suPUw9,belief,347,pliers,1_3_72,1_3,2,0.00435085708019442,0.9841260009409399,0.920416770886517,0.9964739217335177,0.0048202953650006534
00847-bCPU9suPUw9,belief,347,pliers,1_4_237,1_4,3,0.003991039461536975,0.963559720480698,0.9475630106305433,0.9655640888196348,0.004527080119854275
00847-bCPU9suPUw9,belief,347,pliers,1_3_75,1_3,4,0.003864809502110698,0.973121780193494,0.927292401825311,0.9711320901172392,0.004410277258529614
00847-bCPU9suPUw9,belief,347,pliers,1_4_333,1_4,5,0.003292398018346919,0.9596541733413347,0.9315444463392639,0.978263618206661,0.003764766903930353
00847-bCPU9suPUw9,belief,348,plumbing,1_4_318,1_4,1,0.526455291497416,0.9828530356167874,0.9668282845089347,0.999965262797363,0.5540368496320414
00847-bCPU9suPUw9,belief,348,plumbing,1_4_349,1_4,2,0.44618422519714107,0.8514073026781457,0.8949898461206239,0.9999709078978328,0.5855599532667297
00847-bCPU9suPUw9,belief,348,plumbing,0_2_271,0_2,3,0.3464027365508362,0.962668301979982,0.9645721560036902,0.9957172578114508,0.37465703064880584
00847-bCPU9suPUw9,belief,348,plumbing,1_4_168,1_4,4,0.22780414215249636,0.9199747296679341,0.8985940551142233,0.9999911959953468,0.2755662339564313
00847-bCPU9suPUw9,belief,348,plumbing,1_1_41,1_1,5,0.22491167783985816,0.9901392846000671,0.9579356317021763,0.9913119206149879,0.23920434120913864
00847-bCPU9suPUw9,belief,349,plunger,0_2_284,0_2,1,0.0413721172378317,0.9870919339071765,0.940688447954914,0.995555931320782,0.04475470190068914
00847-bCPU9suPUw9,belief,349,plunger,1_4_158,1_4,2,0.025833515427276688,0.9947657858176776,0.9713552596185588,0.9909064704379772,0.026980618987512764
00847-bCPU9suPUw9,belief,349,plunger,1_0_9,1_0,3,0.025338504177277853,0.9879213317992196,0.950492526594505,0.9970204793865409,0.02706486247773223
00847-bCPU9suPUw9,belief,349,plunger,1_4_359,1_4,4,0.017126383036340134,0.9222874126269561,0.937465564120963,0.9932423760058563,0.019942922775725142
00847-bCPU9suPUw9,belief,349,plunger,0_0_121,0_0,5,0.015526956792646582,0.980537410238765,0.9074141339458586,0.9749621184654413,0.017899005242442274
00847-bCPU9suPUw9,belief,350,podium,0_2_315,0_2,1,0.014693227325273684,0.9849428757830294,0.9460588065725959,0.9924587224620363,0.01588823185487353
00847-bCPU9suPUw9,belief,350,podium,1_4_333,1_4,2,0.012886545831892882,0.9596541733413347,0.9315444463392639,0.978263618206661,0.014735411995616128
00847-bCPU9suPUw9,belief,350,podium,0_2_236,0_2,3,0.012478210326477121,0.9875060942700524,0.9284061671094364,0.9964388454230142,0.01365915554384997
00847-bCPU9suPUw9,belief,350,podium,0_2_309,0_2,4,0.00991946432556972,0.9753406038230976,0.9014373125282586,0.9884476964253381,0.011414126758453156
00847-bCPU9suPUw9,belief,350,podium,1_3_49,1_3,5,0.009017815846415724,0.9683928929761182,0.9201044686745878,0.9928466458756158,0.010193667320123197
00847-bCPU9suPUw9,belief,351,pole,1_4_195,1_4,1,0.4465010522841299,0.9576862368852862,0.9265959194609358,0.9722931956401751,0.5175014974746364
00847-bCPU9suPUw9,belief,351,pole,1_1_49,1_1,2,0.42607545754427834,0.9875282130458138,0.96686008017256,0.9958178228838686,0.44811912856506864
00847-bCPU9suPUw9,belief,351,pole,1_1_11,1_1,3,0.3501432616623697,0.982985536318247,0.9292621414017141,0.989335145769878,0.3874511583958898
00847-bCPU9suPUw9,belief,351,pole,1_4_23,1_4,4,0.3012900003486329,0.9757141508161377,0.9196815272469567,0.988656368651467,0.33960907168497917
00847-bCPU9suPUw9,belief,351,pole,0_2_131,0_2,5,0.22884159785744415,0.9731734208072776,0.9497817666389246,0.9981787229673406,0.24803478763597575
00847-bCPU9suPUw9,belief,352,pool,0_2_98,0_2,1,0.00763456793126212,0.9495780360135,0.9386331792097166,0.9988527177627043,0.008575440651387276
00847-bCPU9suPUw9,belief,352,pool,1_4_241,1_4,2,0.005141011502325551,0.9584791129543668,0.952463328879928,0.9233552421498867,0.0060988624607215495
00847-bCPU9suPUw9,belief,352,pool,0_1_52,0_1,3,0.004821449538200276,0.9756472557783127,0.9667846760308239,0.9278204126855808,0.005509232709447903
00847-bCPU9suPUw9,belief,352,pool,0_2_132,0_2,4,0.004801991562958084,0.783320874937119,0.9932097766195169,0.9988327411875426,0.006179423165621979
00847-bCPU9suPUw9,belief,352,pool,0_2_122,0_2,5,0.004789251490950107,0.9636027730521939,0.9313190768491297,0.998543000294776,0.00534446615714427
00847-bCPU9suPUw9,belief,353,pool table,0_1_28,0_1,1,0.0006718688950533711,0.9800328733394298,0.9476457523588722,0.9906294902194217,0.0007302753123297831
00847-bCPU9suPUw9,belief,353,pool table,0_1_58,0_1,2,0.0003302705044615553,0.9509849632752544,0.8970625175923091,0.9831554584350312,0.00039377780545132775
00847-bCPU9suPUw9,belief,353,pool table,1_2_58,1_2,3,0.00023467540215462915,0.9293061801383182,0.9452391704188443,0.9323275257666694,0.00028654875685424
00847-bCPU9suPUw9,belief,353,pool table,1_4_283,1_4,4,0.00019257705068302506,0.9901690676923827,0.9288921866230879,0.9919227841205641,0.00021108238875321757
00847-bCPU9suPUw9,belief,353,pool table,0_1_9,0_1,5,0.00017766000374465577,0.9864604532511158,0.9353844965161752,0.9941106263218981,0.00019368014612843474
00847-bCPU9suPUw9,belief,354,porcelain,0_0_6,0_0,1,0.041120528889934435,0.9773141850124706,0.9166695898087085,0.8349075633226346,0.05497601677001005
00847-bCPU9suPUw9,belief,354,porcelain,1_3_80,1_3,2,0.03623624492307795,0.9890335468801627,0.928046241658231,0.9921703565657356,0.03979021631834719
00847-bCPU9suPUw9,belief,354,porcelain,1_4_148,1_4,3,0.03387301803810264,0.99217376965109,0.9704388242885794,0.9806729473606345,0.035873503574924526
00847-bCPU9suPUw9,belief,354,porcelain,1_4_345,1_4,4,0.027059699819851183,0.9995187386112809,0.9514544893053117,0.946147330701966,0.030073588016104606
00847-bCPU9suPUw9,belief,354,porcelain,1_1_12,1_1,5,0.027037521136102076,0.9894747713504456,0.9397623336545973,0.9806563237277454,0.02965017623440892
00847-bCPU9suPUw9,belief,355,poster,1_1_72,1_1,1,0.018284716448394158,0.9962260723114014,0.93748408002247,0.9945068197205462,0.019686053422512156
00847-bCPU9suPUw9,belief,355,poster,1_2_15,1_2,2,0.01610480119279521,0.9494219825800619,0.9440518098685928,0.9976056832162192,0.018011145774681377
00847-bCPU9suPUw9,belief,355,poster,1_1_18,1_1,3,0.014771965820359409,0.9624676309328831,0.9368992758634318,0.9967037379387524,0.016435887929418625
00847-bCPU9suPUw9,belief,355,poster,1_2_19,1_2,4,0.010919386278875317,0.9820353307723999,0.9382826057878748,0.9979179037638126,0.011875246608514637
00847-bCPU9suPUw9,belief,355,poster,0_2_271,0_2,5,0.01082649310417625,0.962668301979982,0.9645721560036902,0.9957172578114508,0.011709554604385112
00847-bCPU9suPUw9,belief,356,pot,0_0_211,0_0,1,0.3506923990188291,0.8926172025421795,0.9326931510284149,0.9725942458414373,0.43310242677923394
00847-bCPU9suPUw9,belief,356,pot,0_0_202,0_0,2,0.1752407249574363,0.9778167312100289,0.9529169785783796,0.9996254732536023,0.18814175782487724
00847-bCPU9suPUw9,belief,356,pot,0_0_249,0_0,3,0.16346276104199176,0.9848890945867256,0.9288429024488767,0.9995123372199899,0.17877264909775742
00847-bCPU9suPUw9,belief,356,pot,0_0_212,0_0,4,0.13266366368313434,0.9801583785470427,0.9270530865768214,0.9723155331951806,0.15015641883102337
00847-bCPU9suPUw9,belief,356,pot,0_0_206,0_0,5,0.12949193157633226,0.9673105825980505,0.938306641021167,0.9997441583306316,0.14270628638588442
00847-bCPU9suPUw9,belief,357,pot lid,0_0_49,0_0,1,0.5596368002625558,0.8135691499195076,0.9906693268257736,0.9340714144771816,0.743366515661222
00847-bCPU9suPUw9,belief,357,pot lid,0_2_292,0_2,2,0.08826838984749368,0.9842554975406272,0.9291218997752065,0.4643038225405581,0.20788463887371944
00847-bCPU9suPUw9,belief,357,pot lid,1_2_7,1_2,3,0.06820112544449994,0.9773377151328473,0.9437427944289503,0.968209432762009,0.07637019944815253
00847-bCPU9suPUw9,belief,357,pot lid,0_0_206,0_0,4,0.02160247860497213,0.9673105825980505,0.938306641021167,0.9997441583306316,0.023806962031675732
00847-bCPU9suPUw9,belief,357,pot lid,0_0_202,0_0,5,0.016548048840358143,0.9778167312100289,0.9529169785783796,0.9996254732536023,0.017766298319943048
00847-bCPU9suPUw9,belief,358,pouches,0_0_205,0_0,1,0.028427553195791152,0.9789207304452919,0.9416084567305552,0.9843866999205924,0.03132967340932336
00847-bCPU9suPUw9,belief,358,pouches,1_4_333,1_4,2,0.021957642812774358,0.9596541733413347,0.9315444463392639,0.978263618206661,0.025107962794657063
00847-bCPU9suPUw9,belief,358,pouches,0_2_26,0_2,3,0.014645893965799135,0.9721337553096377,0.9198438581684124,0.9451892871947124,0.017328339919007126
00847-bCPU9suPUw9,belief,358,pouches,1_3_49,1_3,4,0.01457446192298527,0.9683928929761182,0.9201044686745878,0.9928466458756158,0.01647485585678324
00847-bCPU9suPUw9,belief,358,pouches,0_2_64,0_2,5,0.014157262034948498,0.9469693373111846,0.9219938431991817,0.9554580748397383,0.01697085400928209
00847-bCPU9suPUw9,belief,359,press,1_4_282,1_4,1,0.0054007410796247214,0.9820655992587496,0.885348459329415,0.9859951518664664,0.006299757658595055
00847-bCPU9suPUw9,belief,359,press,1_3_49,1_3,2,0.0030935164054892686,0.9683928929761182,0.9201044686745878,0.9928466458756158,0.0034968863440956984
00847-bCPU9suPUw9,belief,359,press,0_0_121,0_0,3,0.0030386796685135313,0.980537410238765,0.9074141339458586,0.9749621184654413,0.0035028978339518998
00847-bCPU9suPUw9,belief,359,press,1_4_333,1_4,4,0.0028911257295967364,0.9596541733413347,0.9315444463392639,0.978263618206661,0.003305923038840926
00847-bCPU9suPUw9,belief,359,press,0_1_21,0_1,5,0.002652917488893298,0.9668342461107468,0.921719750376947,0.9942681034561754,0.0029941207899328434
00847-bCPU9suPUw9,belief,360,pressure washer,0_2_98,0_2,1,0.003181912771736013,0.9495780360135,0.9386331792097166,0.9988527177627043,0.003574046937244619
00847-bCPU9suPUw9,belief,360,pressure washer,0_2_132,0_2,2,0.0021915877003921987,0.783320874937119,0.9932097766195169,0.9988327411875426,0.0028202356517580507
00847-bCPU9suPUw9,belief,360,pressure washer,0_2_151,0_2,3,0.0010557125176984656,0.9172799661905254,0.9169107780165112,0.9980081872863715,0.0012577159854236248
00847-bCPU9suPUw9,belief,360,pressure washer,0_2_42,0_2,4,0.0009077029448963912,0.9655165892014805,0.932009892141179,0.9988826651620342,0.0010098317150070866
00847-bCPU9suPUw9,belief,360,pressure washer,0_0_245,0_0,5,0.0008536758970750258,0.9536861710046758,0.921513822699142,0.9942139093670969,0.000977025380475916
00847-bCPU9suPUw9,belief,361,printer,1_4_328,1_4,1,0.035140969588118035,0.9604532926292239,0.9485197742122746,0.9225041364003069,0.04181410244877445
00847-bCPU9suPUw9,belief,361,printer,1_3_49,1_3,2,0.03417526770729784,0.9683928929761182,0.9201044686745878,0.9928466458756158,0.03863145084325595
00847-bCPU9suPUw9,belief,361,printer,1_1_55,1_1,3,0.03410306006849417,0.9178449023930912,0.9308473227758793,0.999633114120861,0.03993051959720679
00847-bCPU9suPUw9,belief,361,printer,1_1_15,1_1,4,0.030240709872611883,0.9964169804949806,0.9436596214191183,0.9997967026281712,0.03216797993958779
00847-bCPU9suPUw9,belief,361,printer,0_1_28,0_1,5,0.02772217941420312,0.9800328733394298,0.9476457523588722,0.9906294902194217,0.030132103717290384
00847-bCPU9suPUw9,belief,362,product,0_0_126,0_0,1,0.03343826204909749,0.9829451528124721,0.9622482357207982,0.9810596467802857,0.03603560978726172
00847-bCPU9suPUw9,belief,362,product,0_0_124,0_0,2,0.03097243399303665,0.9762646087626297,0.8973885654837033,0.9810596456555989,0.03603560741117187
00847-bCPU9suPUw9,belief,362,product,0_0_122,0_0,3,0.027129306081853682,0.9868125643995859,0.939876458575045,0.98246829951637,0.029772458389632547
00847-bCPU9suPUw9,belief,362,product,1_4_237,1_4,4,0.014620593191590332,0.963559720480698,0.9475630106305433,0.9655640888196348,0.01658430025962101
00847-bCPU9suPUw9,belief,362,product,0_0_191,0_0,5,0.010568881375173055,0.9787530302334219,0.9530143654610164,0.9964684165614212,0.011370849685922082
00847-bCPU9suPUw9,belief,363,products,0_0_126,0_0,1,0.003296609434978967,0.9829451528124721,0.9622482357207982,0.9810596467802857,0.0035526766027935267
00847-bCPU9suPUw9,belief,363,products,0_0_124,0_0,2,0.0030535083055629976,0.9762646087626297,0.8973885654837033,0.9810596456555989,0.003552676116793383
00847-bCPU9suPUw9,belief,363,products,1_4_282,1_4,3,0.002161606683143009,0.9820655992587496,0.885348459329415,0.9859951518664664,0.0025214314213979436
00847-bCPU9suPUw9,belief,363,products,1_4_333,1_4,4,0.001982737831311708,0.9596541733413347,0.9315444463392639,0.978263618206661,0.0022672063720415056
00847-bCPU9suPUw9,belief,363,products,0_0_122,0_0,5,0.0019236544695106972,0.9868125643995859,0.939876458575045,0.98246829951637,0.002111072154840189
00847-bCPU9suPUw9,belief,364,prop,0_2_21,0_2,1,0.46287696581473486,0.9642783589779383,0.9414129006121297,0.9260155237793699,0.5506361712080424
00847-bCPU9suPUw9,belief,364,prop,0_2_152,0_2,2,0.4598176818907605,0.8999445178666299,0.8958307475022594,0.9965438870989222,0.5723313531375043
00847-bCPU9suPUw9,belief,364,prop,0_0_4,0_0,3,0.4261110478969167,0.9776704441239437,0.9238391988199979,0.9962689395356504,0.4735407219878862
00847-bCPU9suPUw9,belief,364,prop,0_1_23,0_1,4,0.4129652643751283,0.9776777075165078,0.9431075102464561,0.9836684123055457,0.45531072668281264
00847-bCPU9suPUw9,belief,364,prop,0_2_72,0_2,5,0.399968885588347,0.9646868985323678,0.9469462394729706,0.9706046837756241,0.4510992667328765
00847-bCPU9suPUw9,belief,365,pump,1_4_85,1_4,1,0.03268910784604715,0.9725220500025226,0.9573267788799107,0.9843723887980406,0.03566842889859643
00847-bCPU9suPUw9,belief,365,pump,1_4_237,1_4,2,0.025130340368760898,0.963559720480698,0.9475630106305433,0.9655640888196348,0.02850562250386178
00847-bCPU9suPUw9,belief,365,pump,1_4_126,1_4,3,0.010998234911083605,0.9827955028400963,0.9232371952679889,0.947146773874221,0.01279762127284541
00847-bCPU9suPUw9,belief,365,pump,1_1_63,1_1,4,0.010902108902260059,0.9856976173159323,0.9396008577223043,0.9901913249850547,0.011887876575678222
00847-bCPU9suPUw9,belief,365,pump,1_4_328,1_4,5,0.009291315932451813,0.9604532926292239,0.9485197742122746,0.9225041364003069,0.011055700535218978
00847-bCPU9suPUw9,belief,366,punchbag,1_4_148,1_4,1,0.0011699494502736855,0.99217376965109,0.9704388242885794,0.9806729473606345,0.0012390447683068326
00847-bCPU9suPUw9,belief,366,punchbag,0_0_205,0_0,2,0.0011078620273931139,0.9789207304452919,0.9416084567305552,0.9843866999205924,0.0012209617641646326
00847-bCPU9suPUw9,belief,366,punchbag,0_1_28,0_1,3,0.0008411190775338925,0.9800328733394298,0.9476457523588722,0.9906294902194217,0.0009142386283618747
00847-bCPU9suPUw9,belief,366,punchbag,1_3_4,1_3,4,0.0006614066910394578,0.9850588760745584,0.9383394647664787,0.9958823729247366,0.0007185191834476624
00847-bCPU9suPUw9,belief,366,punchbag,0_2_271,0_2,5,0.0005833398330730825,0.962668301979982,0.9645721560036902,0.9957172578114508,0.0006309198705947798
00847-bCPU9suPUw9,belief,367,puppet,0_2_121,0_2,1,0.013215057875224954,0.927454593178509,0.9223524558086724,0.8061381993848,0.019163286990878877
00847-bCPU9suPUw9,belief,367,puppet,0_0_121,0_0,2,0.00997870347991773,0.980537410238765,0.9074141339458586,0.9749621184654413,0.01150314696466547
00847-bCPU9suPUw9,belief,367,puppet,0_1_30,0_1,3,0.0070729267665129185,0.9378897459238474,0.9428305485776194,0.9539365471623718,0.00838482958455432
00847-bCPU9suPUw9,belief,367,puppet,0_1_22,0_1,4,0.006468003002694495,0.9830471463453138,0.8856929132168222,0.9004639867482277,0.0082498556188721
00847-bCPU9suPUw9,belief,367,puppet,0_1_20,0_1,5,0.0062845623010372165,0.9616718444518728,0.9163727851402917,0.9438985782514853,0.007555280975061792
00847-bCPU9suPUw9,belief,368,rag,0_2_69,0_2,1,0.07268792207396434,0.9825165914289137,0.9095021173536175,0.969029112025432,0.08394248505009418
00847-bCPU9suPUw9,belief,368,rag,0_2_26,0_2,2,0.03298630756904504,0.9721337553096377,0.9198438581684124,0.9451892871947124,0.03902786347928755
00847-bCPU9suPUw9,belief,368,rag,1_4_54,1_4,3,0.026102993442450276,0.9842022263479454,0.9393298273263035,0.9932192258391845,0.02842776655701289
00847-bCPU9suPUw9,belief,368,rag,1_3_31,1_3,4,0.021375516513775342,0.7048545637220707,0.977718429616669,0.9822107633568239,0.03157901730354409
00847-bCPU9suPUw9,belief,368,rag,0_2_195,0_2,5,0.02045423549042724,0.9456759470027117,0.9107264797062872,0.9580455287824602,0.024789444579542453
00847-bCPU9suPUw9,belief,369,rail,1_1_41,1_1,1,0.5034387315084619,0.9901392846000671,0.9579356317021763,0.9913119206149879,0.5354312024446813
00847-bCPU9suPUw9,belief,369,rail,1_4_282,1_4,2,0.30356635992575937,0.9820655992587496,0.885348459329415,0.9859951518664664,0.354098534375029
00847-bCPU9suPUw9,belief,369,rail,0_2_156,0_2,3,0.29772917542282296,0.9955547256875991,0.9293726437961038,0.9834594412996636,0.32719745549148815
00847-bCPU9suPUw9,belief,369,rail,0_2_28,0_2,4,0.2774909862967699,0.954410506784916,0.95689041796717,0.9729465833140174,0.31229315544519937
00847-bCPU9suPUw9,belief,369,rail,0_2_258,0_2,5,0.2642262617631874,0.9771059443171629,0.9680290435146537,0.9714150315026995,0.2875683716193773
00847-bCPU9suPUw9,belief,370,rake,0_2_308,0_2,1,0.02562535103537166,0.9875811462866516,0.9392715606435618,0.9873392738537596,0.027979467683505118
00847-bCPU9suPUw9,belief,370,rake,0_2_263,0_2,2,0.02511333197164915,0.9666385543566175,0.9414456342630766,0.9733096724486212,0.02835266845901239
00847-bCPU9suPUw9,belief,370,rake,0_2_156,0_2,3,0.01821777892747061,0.9955547256875991,0.9293726437961038,0.9834594412996636,0.020020916328772728
00847-bCPU9suPUw9,belief,370,rake,0_2_28,0_2,4,0.016234522655681375,0.954410506784916,0.95689041796717,0.9729465833140174,0.018270612587996452
00847-bCPU9suPUw9,belief,370,rake,0_2_309,0_2,5,0.0155989996373324,0.9753406038230976,0.9014373125282586,0.9884476964253381,0.01794945304723909
00847-bCPU9suPUw9,belief,371,receipt printer,1_1_15,1_1,1,0.006602199159865343,0.9964169804949806,0.9436596214191183,0.9997967026281712,0.007022963780491723
00847-bCPU9suPUw9,belief,371,receipt printer,1_3_49,1_3,2,0.0022369760191511805,0.9683928929761182,0.9201044686745878,0.9928466458756158,0.00252865990287261
00847-bCPU9suPUw9,belief,371,receipt printer,1_1_55,1_1,3,0.0021710171355307306,0.9178449023930912,0.9308473227758793,0.999633114120861,0.0025419959998331434
00847-bCPU9suPUw9,belief,371,receipt printer,0_0_205,0_0,4,0.0020114986103472,0.9789207304452919,0.9416084567305552,0.9843866999205924,0.002216849058075668
00847-bCPU9suPUw9,belief,371,receipt printer,0_2_84,0_2,5,0.0012534060804862818,0.9621638685591154,0.936066354866346,0.9979787670068098,0.0013944881115166463
00847-bCPU9suPUw9,belief,372,records,1_4_282,1_4,1,0.0002330714388315457,0.9820655992587496,0.885348459329415,0.9859951518664664,0.0002718689083833705
00847-bCPU9suPUw9,belief,372,records,1_4_17,1_4,2,9.94242705900101e-05,0.9867112216490664,0.8706470537714086,0.9978228086465357,0.00011598632401601807
00847-bCPU9suPUw9,belief,372,records,1_0_13,1_0,3,9.08446275491885e-05,0.9718846951660357,0.9767092601715524,0.9911530218160428,9.655582767303849e-05
00847-bCPU9suPUw9,belief,372,records,1_0_14,1_0,4,8.501086501147475e-05,0.9469521219796478,0.9380528288204386,0.9911530222829298,9.655580893137348e-05
00847-bCPU9suPUw9,belief,372,records,0_0_121,0_0,5,6.661385602242685e-05,0.980537410238765,0.9074141339458586,0.9749621184654413,7.679043447389415e-05
00847-bCPU9suPUw9,belief,373,recuperator,1_4_328,1_4,1,0.004934877656779573,0.9604532926292239,0.9485197742122746,0.9225041364003069,0.00587199164767838
00847-bCPU9suPUw9,belief,373,recuperator,1_4_237,1_4,2,0.003331441949046837,0.963559720480698,0.9475630106305433,0.9655640888196348,0.0037788913798838886
00847-bCPU9suPUw9,belief,373,recuperator,1_2_67,1_2,3,0.0025011097873135477,0.9697050783369277,0.9365615710026757,0.737039973898197,0.0037365062159229593
00847-bCPU9suPUw9,belief,373,recuperator,1_4_327,1_4,4,0.002393493336747224,0.985690957548284,0.909577245928382,0.9991908181450124,0.0026717968181916487
00847-bCPU9suPUw9,belief,373,recuperator,0_2_121,0_2,5,0.0016522336326181258,0.927454593178509,0.9223524558086724,0.8061381993848,0.0023959204399098787
00847-bCPU9suPUw9,belief,374,refrigerator,0_0_193,0_0,1,0.6439467200723155,0.9028852057287668,0.9211997016647331,0.9994036763550042,0.7746805767554735
00847-bCPU9suPUw9,belief,374,refrigerator,0_0_176,0_0,2,0.6179718830542947,0.9772190706656173,0.9398073436493006,0.9979582578396026,0.6742571670054791
00847-bCPU9suPUw9,belief,374,refrigerator,0_0_257,0_0,3,0.4970327010137608,0.9813748399416605,0.95938786654052,0.9972264438161749,0.529373303054226
00847-bCPU9suPUw9,belief,374,refrigerator,0_0_256,0_0,4,0.4649945401268731,0.9791173779964447,0.9159653553856921,0.9970928739794201,0.5199941223089605
00847-bCPU9suPUw9,belief,374,refrigerator,0_0_266,0_0,5,0.28350265355115206,0.9695724637971983,0.9303114850754111,0.9974122428531986,0.3151184111532945
00847-bCPU9suPUw9,belief,375,remote control,1_3_49,1_3,1,0.0011075106342537363,0.9683928929761182,0.9201044686745878,0.9928466458756158,0.001251921213668214
00847-bCPU9suPUw9,belief,375,remote control,0_2_343,0_2,2,0.0005085555479931578,0.9941945066531863,0.9420015878921808,0.9960420072257069,0.0005451772789689563
00847-bCPU9suPUw9,belief,375,remote control,1_4_256,1_4,3,0.00034891546059345914,0.977309597035249,0.889928639832974,0.9990872021251436,0.0004015406065975886
00847-bCPU9suPUw9,belief,375,remote control,1_3_72,1_3,4,0.00031644104868316225,0.9841260009409399,0.920416770886517,0.9964739217335177,0.00035058364183160724
00847-bCPU9suPUw9,belief,375,remote control,1_4_5,1_4,5,0.0003135465129507617,0.9754499978438192,0.9103070525785506,0.9967787274763326,0.0003542503554316049
00847-bCPU9suPUw9,belief,376,rice cooker,1_3_4,1_3,1,0.006735591725765765,0.9850588760745584,0.9383394647664787,0.9958823729247366,0.00731721032218183
00847-bCPU9suPUw9,belief,376,rice cooker,0_2_334,0_2,2,0.003845028181064212,0.9779093171374452,0.8756535143380724,0.9947132530964056,0.0045140955122288905
00847-bCPU9suPUw9,belief,376,rice cooker,0_2_356,0_2,3,0.0037999460515534254,0.9912759536506177,0.9318051146987519,0.9954740954872141,0.004132642204143474
00847-bCPU9suPUw9,belief,376,rice cooker,0_2_344,0_2,4,0.0034463277844983715,0.9831692946947892,0.935806658126767,0.9958628752489073,0.0037613400758354045
00847-bCPU9suPUw9,belief,376,rice cooker,1_4_148,1_4,5,0.0033625616613468484,0.99217376965109,0.9704388242885794,0.9806729473606345,0.003561149102319172
00847-bCPU9suPUw9,belief,377,riser,0_2_258,0_2,1,0.33225841835893816,0.9771059443171629,0.9680290435146537,0.9714150315026995,0.36161058210763164
00847-bCPU9suPUw9,belief,377,riser,0_2_169,0_2,2,0.27210915211042513,0.9544576904593849,0.9360662545623567,0.9869383335091076,0.30859569321437325
00847-bCPU9suPUw9,belief,377,riser,0_2_28,0_2,3,0.2555167018375111,0.954410506784916,0.95689041796717,0.9729465833140174,0.28756291564889425
00847-bCPU9suPUw9,belief,377,riser,0_2_315,0_2,4,0.2547337007274301,0.9849428757830294,0.9460588065725959,0.9924587224620363,0.27545126804413533
00847-bCPU9suPUw9,belief,377,riser,0_2_156,0_2,5,0.24688388907340952,0.9955547256875991,0.9293726437961038,0.9834594412996636,0.2713196655717137
00847-bCPU9suPUw9,belief,378,rocking horse,1_2_58,1_2,1,0.007490163726265792,0.9293061801383182,0.9452391704188443,0.9323275257666694,0.009145811979825544
00847-bCPU9suPUw9,belief,378,rocking horse,1_2_6,1_2,2,0.001905642764329118,0.9714544889254447,0.9279938424436841,0.9858602980949762,0.0021441667591843914
00847-bCPU9suPUw9,belief,378,rocking horse,0_1_23,0_1,3,0.0010012756859890631,0.9776777075165078,0.9431075102464561,0.9836684123055457,0.0011039465047679906
00847-bCPU9suPUw9,belief,378,rocking horse,0_2_30,0_2,4,0.0008730123048302694,0.9504582919290898,0.9635658303955671,0.8741924031768115,0.001090432738926446
00847-bCPU9suPUw9,belief,378,rocking horse,0_1_58,0_1,5,0.0008263047527729685,0.9509849632752544,0.8970625175923091,0.9831554584350312,0.000985193857112411
00847-bCPU9suPUw9,belief,379,rod,1_1_62,1_1,1,0.6953573815554261,0.9743298069891129,0.9097504045587558,0.9639282298739632,0.8138326771352201
00847-bCPU9suPUw9,belief,379,rod,1_4_282,1_4,2,0.5537271063167456,0.9820655992587496,0.885348459329415,0.9859951518664664,0.6459014656249711
00847-bCPU9suPUw9,belief,379,rod,1_1_11,1_1,3,0.5535661584152968,0.982985536318247,0.9292621414017141,0.989335145769878,0.6125488416041102
00847-bCPU9suPUw9,belief,379,rod,0_2_57,0_2,4,0.5061062578236335,0.9514251607822048,0.9066800536004045,0.9984119794870717,0.5876290129587004
00847-bCPU9suPUw9,belief,379,rod,1_4_237,1_4,5,0.4529431499793795,0.963559720480698,0.9475630106305433,0.9655640888196348,0.5137784152367557
00847-bCPU9suPUw9,belief,380,roll,1_3_45,1_3,1,0.08930459289607705,0.9196816898054547,0.9458988733526902,0.9575598253826343,0.10720761384910657
00847-bCPU9suPUw9,belief,380,roll,1_3_75,1_3,2,0.08009895095116833,0.973121780193494,0.927292401825311,0.9711320901172392,0.09140387944582798
00847-bCPU9suPUw9,belief,380,roll,1_4_237,1_4,3,0.06857536924563125,0.963559720480698,0.9475630106305433,0.9655640888196348,0.07778579836542347
00847-bCPU9suPUw9,belief,380,roll,0_2_292,0_2,4,0.060951052922034274,0.9842554975406272,0.9291218997752065,0.4643038225405581,0.1435484169085003
00847-bCPU9suPUw9,belief,380,roll,0_2_121,0_2,5,0.06044112540864226,0.927454593178509,0.9223524558086724,0.8061381993848,0.08764627769273364
00847-bCPU9suPUw9,belief,381,rope,0_2_309,0_2,1,0.005325197947600546,0.9753406038230976,0.9014373125282586,0.9884476964253381,0.00612759745816982
00847-bCPU9suPUw9,belief,381,rope,0_2_308,0_2,2,0.004874435253255706,0.9875811462866516,0.9392715606435618,0.9873392738537596,0.0053222335746952254
00847-bCPU9suPUw9,belief,381,rope,1_1_49,1_1,3,0.003781265342551786,0.9875282130458138,0.96686008017256,0.9958178228838686,0.003976894937680169
00847-bCPU9suPUw9,belief,381,rope,0_2_314,0_2,4,0.002441569685208193,0.9805224677720089,0.943355549974499,0.992164715116149,0.0026604333769186662
00847-bCPU9suPUw9,belief,381,rope,0_0_121,0_0,5,0.0022410941817140994,0.980537410238765,0.9074141339458586,0.9749621184654413,0.0025834654557875016
00847-bCPU9suPUw9,belief,382,router,0_2_343,0_2,1,0.013334510888120973,0.9941945066531863,0.9420015878921808,0.9960420072257069,0.014294745954606163
00847-bCPU9suPUw9,belief,382,router,0_2_347,0_2,2,0.00587646890258113,0.9753607966742672,0.937188400053951,0.9967446637715642,0.006449712004454149
00847-bCPU9suPUw9,belief,382,router,0_2_344,0_2,3,0.00562738461552841,0.9831692946947892,0.935806658126767,0.9958628752489073,0.006141756849633935
00847-bCPU9suPUw9,belief,382,router,1_3_72,1_3,4,0.005154690981960064,0.9841260009409399,0.920416770886517,0.9964739217335177,0.0057108593985906
00847-bCPU9suPUw9,belief,382,router,0_2_334,0_2,5,0.005096072989224411,0.9779093171374452,0.8756535143380724,0.9947132530964056,0.0059828326678952395
00847-bCPU9suPUw9,belief,383,rug,0_2_53,0_2,1,0.7992258229533923,0.9692712935590766,0.925355307589208,0.9968592080559027,0.8938853337049205
00847-bCPU9suPUw9,belief,383,rug,0_2_308,0_2,2,0.267442375823618,0.9875811462866516,0.9392715606435618,0.9873392738537596,0.29201142654505774
00847-bCPU9suPUw9,belief,383,rug,0_2_263,0_2,3,0.2451221671770662,0.9666385543566175,0.9414456342630766,0.9733096724486212,0.2767401611929387
00847-bCPU9suPUw9,belief,383,rug,0_2_309,0_2,4,0.21225895425264113,0.9753406038230976,0.9014373125282586,0.9884476964253381,0.2442420810175358
00847-bCPU9suPUw9,belief,383,rug,0_2_315,0_2,5,0.1427169689226163,0.9849428757830294,0.9460588065725959,0.9924587224620363,0.1543241822691307
00847-bCPU9suPUw9,belief,384,safe,0_2_331,0_2,1,0.38744087893717727,0.9873634126687806,0.9364228893735442,0.9985445713396038,0.41965165035025537
00847-bCPU9suPUw9,belief,384,safe,0_2_364,0_2,2,0.3495012595645807,0.9912697009710005,0.9287316002590609,0.995172893744787,0.38147681885862583
00847-bCPU9suPUw9,belief,384,safe,0_0_193,0_0,3,0.18729487729585498,0.9028852057287668,0.9211997016647331,0.9994036763550042,0.22531942324452633
00847-bCPU9suPUw9,belief,384,safe,0_0_245,0_0,4,0.1399253740854812,0.9536861710046758,0.921513822699142,0.9942139093670969,0.1601434951162587
00847-bCPU9suPUw9,belief,384,safe,0_0_177,0_0,5,0.11860030255553831,0.9868191166504108,0.9140650172172072,0.9991919393724554,0.13158980184367394
00847-bCPU9suPUw9,belief,385,saturator,0_0_121,0_0,1,0.0003897104433764549,0.980537410238765,0.9074141339458586,0.9749621184654413,0.0004492463888566474
00847-bCPU9suPUw9,belief,385,saturator,1_4_145,1_4,2,0.00038612650457939247,0.9104007378457085,0.9396733623387052,0.9388654336659464,0.000480747181695265
00847-bCPU9suPUw9,belief,385,saturator,1_4_328,1_4,3,0.00016439648443501028,0.9604532926292239,0.9485197742122746,0.9225041364003069,0.00019561473468017687
00847-bCPU9suPUw9,belief,385,saturator,0_1_57,0_1,4,0.0001351760808131023,0.9163877648265307,0.9120083681385636,0.9260759305481928,0.00017465263760242634
00847-bCPU9suPUw9,belief,385,saturator,1_2_13,1_2,5,0.0001317760519789345,0.9838160208694432,0.9261763521023154,0.9539003722450231,0.00015160931834216508
00847-bCPU9suPUw9,belief,386,sauna,1_4_156,1_4,1,0.006879504134419285,0.9702866154909134,0.94748469789608,0.9992083527795266,0.007489086294073238
00847-bCPU9suPUw9,belief,386,sauna,1_4_147,1_4,2,0.005507796799574758,0.9719609419504801,0.9487145779318946,0.9995510289508289,0.00597569676956493
00847-bCPU9suPUw9,belief,386,sauna,1_4_155,1_4,3,0.001900595754274782,0.9677963261750706,0.9163951762858948,0.999760931001942,0.002143516494937151
00847-bCPU9suPUw9,belief,386,sauna,0_0_121,0_0,4,0.001529129440230274,0.980537410238765,0.9074141339458586,0.9749621184654413,0.0017627340780658717
00847-bCPU9suPUw9,belief,386,sauna,1_4_160,1_4,5,0.0010682874770322362,0.872867384978703,0.9324674260687652,0.9994962754523619,0.0013131823037108188
00847-bCPU9suPUw9,belief,387,saw,1_4_85,1_4,1,0.1496774042762657,0.9725220500025226,0.9573267788799107,0.9843723887980406,0.16331916665630358
00847-bCPU9suPUw9,belief,387,saw,1_4_237,1_4,2,0.13289787066564596,0.963559720480698,0.9475630106305433,0.9655640888196348,0.15074752180719234
00847-bCPU9suPUw9,belief,387,saw,0_2_263,0_2,3,0.12506257979343124,0.9666385543566175,0.9414456342630766,0.9733096724486212,0.14119424158908564
00847-bCPU9suPUw9,belief,387,saw,0_2_156,0_2,4,0.1233318184456335,0.9955547256875991,0.9293726437961038,0.9834594412996636,0.13553880676705785
00847-bCPU9suPUw9,belief,387,saw,0_2_254,0_2,5,0.1189160619373967,0.982117387000423,0.9236801517117331,0.989220199769114,0.1325142342672657
00847-bCPU9suPUw9,belief,388,saxophone,0_2_13,0_2,1,0.001248362872359007,0.9704274217034278,0.9354740040720828,0.9751650788664123,0.0014101584683598471
00847-bCPU9suPUw9,belief,388,saxophone,0_0_121,0_0,2,0.0012361021245611697,0.980537410238765,0.9074141339458586,0.9749621184654413,0.001424941068825064
00847-bCPU9suPUw9,belief,388,saxophone,1_2_58,1_2,3,0.0008853888460266761,0.9293061801383182,0.9452391704188443,0.9323275257666694,0.00108109785189325
00847-bCPU9suPUw9,belief,388,saxophone,0_2_162,0_2,4,0.0007972327492247878,0.9934737675143421,0.9335543193513862,0.986055832237454,0.0008717413117267675
00847-bCPU9suPUw9,belief,388,saxophone,0_2_112,0_2,5,0.0005198655088079692,0.904033844891768,0.9220750674530203,0.9824359590722104,0.0006347983447366473
00847-bCPU9suPUw9,belief,389,scale,0_0_121,0_0,1,0.046699419709368896,0.980537410238765,0.9074141339458586,0.9749621184654413,0.05383367580393265
00847-bCPU9suPUw9,belief,389,scale,0_2_263,0_2,2,0.03222707291048526,0.9666385543566175,0.9414456342630766,0.9733096724486212,0.036384001719362666
00847-bCPU9suPUw9,belief,389,scale,0_2_169,0_2,3,0.01677046834448633,0.9544576904593849,0.9360662545623567,0.9869383335091076,0.019019185000423156
00847-bCPU9suPUw9,belief,389,scale,0_2_315,0_2,4,0.015603791225710898,0.9849428757830294,0.9460588065725959,0.9924587224620363,0.016872852186986642
00847-bCPU9suPUw9,belief,389,scale,0_2_309,0_2,5,0.014611062985108982,0.9753406038230976,0.9014373125282586,0.9884476964253381,0.01681265434443693
00847-bCPU9suPUw9,belief,390,scanner,0_0_121,0_0,1,0.19814605901528443,0.980537410238765,0.9074141339458586,0.9749621184654413,0.22841677196934662
00847-bCPU9suPUw9,belief,390,scanner,0_1_22,0_1,2,0.09007471904655871,0.9830471463453138,0.8856929132168222,0.9004639867482277,0.11488915925595736
00847-bCPU9suPUw9,belief,390,scanner,0_0_265,0_0,3,0.0789320963478609,0.9889487936961812,0.9123600015743096,0.997422044832338,0.08770707593497558
00847-bCPU9suPUw9,belief,390,scanner,1_3_49,1_3,4,0.07414205979218856,0.9683928929761182,0.9201044686745878,0.9928466458756158,0.0838095947868185
00847-bCPU9suPUw9,belief,390,scanner,1_4_328,1_4,5,0.04503798733035467,0.9604532926292239,0.9485197742122746,0.9225041364003069,0.05359052520152478
00847-bCPU9suPUw9,belief,391,screen,1_1_65,1_1,1,0.5613743592332155,0.9917942597076735,0.9344760030304824,0.9993335226164934,0.6061112885094689
00847-bCPU9suPUw9,belief,391,screen,1_1_71,1_1,2,0.5283058673054494,0.9873061550636674,0.9419619893174789,0.9992996468448709,0.5684659773472495
00847-bCPU9suPUw9,belief,391,screen,1_1_72,1_1,3,0.5180844548666944,0.9962260723114014,0.93748408002247,0.9945068197205462,0.5577903428070144
00847-bCPU9suPUw9,belief,391,screen,1_1_82,1_1,4,0.4759022146409966,0.9703853857825588,0.8969791223291002,0.9996562281216782,0.5469409840220947
00847-bCPU9suPUw9,belief,391,screen,1_1_16,1_1,5,0.39063828094085723,0.9090801912215021,0.9059669231989621,0.9998423955485223,0.47438256140325563
00847-bCPU9suPUw9,belief,392,screen frame,1_4_146,1_4,1,0.535331362542005,0.9905888945453584,0.9655791021876752,0.9995212200382172,0.5599501380032275
00847-bCPU9suPUw9,belief,392,screen frame,1_3_49,1_3,2,0.08479874550485617,0.9683928929761182,0.9201044686745878,0.9928466458756158,0.09585582757091561
00847-bCPU9suPUw9,belief,392,screen frame,1_1_71,1_1,3,0.07558823924871702,0.9873061550636674,0.9419619893174789,0.9992996468448709,0.08133421368125021
00847-bCPU9suPUw9,belief,392,screen frame,1_1_65,1_1,4,0.06968895381835741,0.9917942597076735,0.9344760030304824,0.9993335226164934,0.07524259150598957
00847-bCPU9suPUw9,belief,392,screen frame,1_1_82,1_1,5,0.06796017079243889,0.9703853857825588,0.8969791223291002,0.9996562281216782,0.07810470626947177
00847-bCPU9suPUw9,belief,393,screwdriver,1_2_67,1_2,1,0.0038322607275122194,0.9697050783369277,0.9365615710026757,0.737039973898197,0.005725164925593783
00847-bCPU9suPUw9,belief,393,screwdriver,1_4_237,1_4,2,0.0008696908640437426,0.963559720480698,0.9475630106305433,0.9655640888196348,0.0009864999479396498
00847-bCPU9suPUw9,belief,393,screwdriver,0_2_13,0_2,3,0.0006493359980408598,0.9704274217034278,0.9354740040720828,0.9751650788664123,0.0007334939837788464
00847-bCPU9suPUw9,belief,393,screwdriver,1_4_5,1_4,4,0.000539891295694262,0.9754499978438192,0.9103070525785506,0.9967787274763326,0.0006099786650287394
00847-bCPU9suPUw9,belief,393,screwdriver,1_4_85,1_4,5,0.00045303922873560817,0.9725220500025226,0.9573267788799107,0.9843723887980406,0.0004943297196893373
00847-bCPU9suPUw9,belief,394,sculpture,0_2_30,0_2,1,0.06619940565686308,0.9504582919290898,0.9635658303955671,0.8741924031768115,0.08268611888551838
00847-bCPU9suPUw9,belief,394,sculpture,0_0_121,0_0,2,0.03726781534876319,0.980537410238765,0.9074141339458586,0.9749621184654413,0.04296120812404106
00847-bCPU9suPUw9,belief,394,sculpture,0_1_22,0_1,3,0.023199096908511272,0.9830471463453138,0.8856929132168222,0.9004639867482277,0.029590153236433187
00847-bCPU9suPUw9,belief,394,sculpture,1_2_58,1_2,4,0.017247887156597162,0.9293061801383182,0.9452391704188443,0.9323275257666694,0.021060411861267742
00847-bCPU9suPUw9,belief,394,sculpture,0_2_312,0_2,5,0.007221330774928011,0.983837922068573,0.9309009747148609,0.9960903838737653,0.007915738660148384
00847-bCPU9suPUw9,belief,395,security camera,0_2_347,0_2,1,0.09435334224860485,0.9753607966742672,0.937188400053951,0.9967446637715642,0.10355740739032965
00847-bCPU9suPUw9,belief,395,security camera,0_2_343,0_2,2,0.08640519040983269,0.9941945066531863,0.9420015878921808,0.9960420072257069,0.09262733792270203
00847-bCPU9suPUw9,belief,395,security camera,0_2_356,0_2,3,0.05983739033456598,0.9912759536506177,0.9318051146987519,0.9954740954872141,0.06507632511817976
00847-bCPU9suPUw9,belief,395,security camera,0_2_128,0_2,4,0.05856282885166442,0.9646437466144562,0.9485383028990915,0.9982302057660609,0.06411645669365768
00847-bCPU9suPUw9,belief,395,security camera,0_2_344,0_2,5,0.05547220100358228,0.9831692946947892,0.935806658126767,0.9958628752489073,0.060542648806674926
00847-bCPU9suPUw9,belief,396,self-closing mechanism,1_4_237,1_4,1,0.07261184643907811,0.963559720480698,0.9475630106305433,0.9655640888196348,0.08236441900618789
00847-bCPU9suPUw9,belief,396,self-closing mechanism,1_4_85,1_4,2,0.042051817734487365,0.9725220500025226,0.9573267788799107,0.9843723887980406,0.04588446640952525
00847-bCPU9suPUw9,belief,396,self-closing mechanism,1_2_6,1_2,3,0.01338642660542496,0.9714544889254447,0.9279938424436841,0.9858602980949762,0.015061968323175492
00847-bCPU9suPUw9,belief,396,self-closing mechanism,0_2_1,0_2,4,0.011251406492167285,0.9533536320457875,0.9975684197425698,0.9934352881458938,0.011908868918094792
00847-bCPU9suPUw9,belief,396,self-closing mechanism,1_2_67,1_2,5,0.009946302122554611,0.9697050783369277,0.9365615710026757,0.737039973898197,0.014859171674463552
00847-bCPU9suPUw9,belief,397,sensor,0_2_128,0_2,1,0.2673041681606085,0.9646437466144562,0.9485383028990915,0.9982302057660609,0.2926531463381784
00847-bCPU9suPUw9,belief,397,sensor,0_2_343,0_2,2,0.21827925277229224,0.9941945066531863,0.9420015878921808,0.9960420072257069,0.23399781902168204
00847-bCPU9suPUw9,belief,397,sensor,1_4_5,1_4,3,0.21583978114498759,0.9754499978438192,0.9103070525785506,0.9967787274763326,0.24385957434933708
00847-bCPU9suPUw9,belief,397,sensor,0_0_123,0_0,4,0.18608771456853176,0.9832116690193844,0.928859975342101,0.9954850605809882,0.20468484176234564
00847-bCPU9suPUw9,belief,397,sensor,0_2_187,0_2,5,0.17454077124898512,0.9371803566560442,0.9040747988065558,0.9976796384730838,0.20648011871573446
00847-bCPU9suPUw9,belief,398,separator,1_4_237,1_4,1,0.28516513905773977,0.963559720480698,0.9475630106305433,0.9655640888196348,0.32346596528179006
00847-bCPU9suPUw9,belief,398,separator,0_0_121,0_0,2,0.1549242265330871,0.980537410238765,0.9074141339458586,0.9749621184654413,0.17859195333178884
00847-bCPU9suPUw9,belief,398,separator,1_1_41,1_1,3,0.13398517200241927,0.9901392846000671,0.9579356317021763,0.9913119206149879,0.14249964745473104
00847-bCPU9suPUw9,belief,398,separator,0_0_143,0_0,4,0.13126801937470892,0.9700650498548605,0.9194272038956948,0.9964959705104389,0.14769479090350596
00847-bCPU9suPUw9,belief,398,separator,0_0_133,0_0,5,0.12668280796226505,0.9739733717502285,0.9213976511405337,0.9878747257834515,0.14289651011157192
00847-bCPU9suPUw9,belief,399,set of valves,1_4_237,1_4,1,9.776898090751394e-05,0.963559720480698,0.9475630106305433,0.9655640888196348,0.0001109004343531014
00847-bCPU9suPUw9,belief,399,set of valves,0_2_271,0_2,2,9.2788129330961e-05,0.962668301979982,0.9645721560036902,0.9957172578114508,0.00010035638101690771
00847-bCPU9suPUw9,belief,399,set of valves,0_0_121,0_0,3,3.013495637936892e-05,0.980537410238765,0.9074141339458586,0.9749621184654413,3.47386644671119e-05
00847-bCPU9suPUw9,belief,399,set of valves,1_4_85,1_4,4,2.81840947942645e-05,0.9725220500025226,0.9573267788799107,0.9843723887980406,3.075282402857275e-05
00847-bCPU9suPUw9,belief,399,set of valves,1_4_333,1_4,5,2.704168311143562e-05,0.9596541733413347,0.9315444463392639,0.978263618206661,3.0921423545146225e-05
00847-bCPU9suPUw9,belief,400,sewing machine,0_1_23,0_1,1,0.000737968823279413,0.9776777075165078,0.9431075102464561,0.9836684123055457,0.0008136401537427861
00847-bCPU9suPUw9,belief,400,sewing machine,1_3_49,1_3,2,0.000688314435677851,0.9683928929761182,0.9201044686745878,0.9928466458756158,0.0007780651643853594
00847-bCPU9suPUw9,belief,400,sewing machine,0_1_28,0_1,3,0.0006577215265611042,0.9800328733394298,0.9476457523588722,0.9906294902194217,0.0007148980951071967
00847-bCPU9suPUw9,belief,400,sewing machine,1_4_333,1_4,4,0.00043592245775257217,0.9596541733413347,0.9315444463392639,0.978263618206661,0.0004984653837359752
00847-bCPU9suPUw9,belief,400,sewing machine,1_3_72,1_3,5,0.00043574612602351604,0.9841260009409399,0.920416770886517,0.9964739217335177,0.0004827612106932932
00847-bCPU9suPUw9,belief,401,sewing tools,1_4_282,1_4,1,6.974580967354341e-05,0.9820655992587496,0.885348459329415,0.9859951518664664,8.135581620519925e-05
00847-bCPU9suPUw9,belief,401,sewing tools,1_1_12,1_1,2,5.178259286827141e-05,0.9894747713504456,0.9397623336545973,0.9806563237277454,5.678638203147949e-05
00847-bCPU9suPUw9,belief,401,sewing tools,1_3_72,1_3,3,3.062912624296391e-05,0.9841260009409399,0.920416770886517,0.9964739217335177,3.3933873841790596e-05
00847-bCPU9suPUw9,belief,401,sewing tools,1_4_333,1_4,4,2.8701689866634326e-05,0.9596541733413347,0.9315444463392639,0.978263618206661,3.28195957762821e-05
00847-bCPU9suPUw9,belief,401,sewing tools,0_0_121,0_0,5,1.9587351296498405e-05,0.980537410238765,0.9074141339458586,0.9749621184654413,2.2579704975260923e-05
00847-bCPU9suPUw9,belief,402,shampoo,1_4_148,1_4,1,0.02470657238660341,0.99217376965109,0.9704388242885794,0.9806729473606345,0.02616570250214984
00847-bCPU9suPUw9,belief,402,shampoo,0_0_121,0_0,2,0.019339555634678512,0.980537410238765,0.9074141339458586,0.9749621184654413,0.022294053645821453
00847-bCPU9suPUw9,belief,402,shampoo,1_4_333,1_4,3,0.01678703111381853,0.9596541733413347,0.9315444463392639,0.978263618206661,0.019195510020469767
00847-bCPU9suPUw9,belief,402,shampoo,1_4_145,1_4,4,0.013158407235945557,0.9104007378457085,0.9396733623387052,0.9388654336659464,0.016382887782257202
00847-bCPU9suPUw9,belief,402,shampoo,1_4_156,1_4,5,0.013061206259813354,0.9702866154909134,0.94748469789608,0.9992083527795266,0.014218539428596284
00847-bCPU9suPUw9,belief,403,sheet music,1_1_12,1_1,1,0.002178073183634332,0.9894747713504456,0.9397623336545973,0.9806563237277454,0.002388541960674299
00847-bCPU9suPUw9,belief,403,sheet music,1_4_282,1_4,2,0.001206301553782779,0.9820655992587496,0.885348459329415,0.9859951518664664,0.0014071045695355263
00847-bCPU9suPUw9,belief,403,sheet music,0_0_133,0_0,3,0.000510307374556037,0.9739733717502285,0.9213976511405337,0.9878747257834515,0.0005756198815073428
00847-bCPU9suPUw9,belief,403,sheet music,1_4_366,1_4,4,0.00042514344094967364,0.9506685909097835,0.9684015075045742,0.9596372908196247,0.0004812201065037547
00847-bCPU9suPUw9,belief,403,sheet music,0_2_294,0_2,5,0.00034530156523617666,0.9724730964750051,0.9102151103679561,0.9761906584779318,0.0003996154432331733
00847-bCPU9suPUw9,belief,404,sheets / clothes,1_3_2,1_3,1,0.6576849812085169,0.9884169845263968,0.9220774445876379,0.9990790724758318,0.7222881076567585
00847-bCPU9suPUw9,belief,404,sheets / clothes,1_3_84,1_3,2,0.5477277952414877,0.9695407726739588,0.9275198755313946,0.9975294226111653,0.6105901077099661
00847-bCPU9suPUw9,belief,404,sheets / clothes,1_3_85,1_3,3,0.5101689780986137,0.8728253359249395,0.9122359458471869,0.99782413095038,0.6421337828681513
00847-bCPU9suPUw9,belief,404,sheets / clothes,1_3_62,1_3,4,0.44892252229843266,0.9710893167480736,0.9388428061605337,0.9984719336286829,0.4931550372452969
00847-bCPU9suPUw9,belief,404,sheets / clothes,1_3_63,1_3,5,0.4174000765082396,0.9752126448429548,0.9471338038176392,0.9961274815467568,0.45365629504885996
00847-bCPU9suPUw9,belief,405,shelf,0_2_358,0_2,1,0.8587021481662176,0.9627181627560789,0.9115970669856812,0.9999474450376028,0.978505542028214
00847-bCPU9suPUw9,belief,405,shelf,1_4_18,1_4,2,0.7150238594813291,0.9425170142276138,0.9270390851064723,0.9990206355868602,0.8191413153931469
00847-bCPU9suPUw9,belief,405,shelf,1_4_279,1_4,3,0.673683263787008,0.9838432931580439,0.9343754411518848,0.9990681455987661,0.7335222668225986
00847-bCPU9suPUw9,belief,405,shelf,1_3_61,1_3,4,0.619592008351846,0.9758969322766786,0.9465551749150145,0.988051185178914,0.6788541496737391
00847-bCPU9suPUw9,belief,405,shelf,1_4_278,1_4,5,0.6017856839739508,0.978543883044493,0.9386913383932867,0.9973038564044621,0.6569181128766234
00847-bCPU9suPUw9,belief,406,ship toy,0_2_30,0_2,1,0.0011292253354433896,0.9504582919290898,0.9635658303955671,0.8741924031768115,0.00141045466207039
00847-bCPU9suPUw9,belief,406,ship toy,1_2_58,1_2,2,0.0009143267349969211,0.9293061801383182,0.9452391704188443,0.9323275257666694,0.0011164322586281578
00847-bCPU9suPUw9,belief,406,ship toy,1_4_333,1_4,3,0.0006640655474339335,0.9596541733413347,0.9315444463392639,0.978263618206661,0.0007593407543948519
00847-bCPU9suPUw9,belief,406,ship toy,0_0_121,0_0,4,0.00046280955733912863,0.980537410238765,0.9074141339458586,0.9749621184654413,0.0005335128321467729
00847-bCPU9suPUw9,belief,406,ship toy,0_2_136,0_2,5,0.0003575625517980419,0.9841152340640581,0.9277847367971246,0.9791478550795489,0.00039995448649396523
00847-bCPU9suPUw9,belief,407,shisha,0_2_30,0_2,1,0.004111944518042132,0.9504582919290898,0.9635658303955671,0.8741924031768115,0.005136008849261299
00847-bCPU9suPUw9,belief,407,shisha,0_1_9,0_1,2,0.0011971964469802145,0.9864604532511158,0.9353844965161752,0.9941106263218981,0.0013051512884623918
00847-bCPU9suPUw9,belief,407,shisha,0_2_271,0_2,3,0.0005651256127135596,0.962668301979982,0.9645721560036902,0.9957172578114508,0.0006112200097235005
00847-bCPU9suPUw9,belief,407,shisha,0_0_121,0_0,4,0.0004806957357613746,0.980537410238765,0.9074141339458586,0.9749621184654413,0.0005541314765870444
00847-bCPU9suPUw9,belief,407,shisha,0_1_20,0_1,5,0.00035968323713763133,0.9616718444518728,0.9163727851402917,0.9438985782514853,0.00043241005314659416
00847-bCPU9suPUw9,belief,408,shoe,0_1_20,0_1,1,0.5142114720175944,0.9616718444518728,0.9163727851402917,0.9438985782514853,0.6181834096945558
00847-bCPU9suPUw9,belief,408,shoe,0_1_58,0_1,2,0.09831251556281129,0.9509849632752544,0.8970625175923091,0.9831554584350312,0.11721690585066977
00847-bCPU9suPUw9,belief,408,shoe,0_1_1,0_1,3,0.06059005031655358,0.8903686145941416,0.9165959568969704,0.9856011388328002,0.07532728880838119
00847-bCPU9suPUw9,belief,408,shoe,0_2_263,0_2,4,0.05988946512302669,0.9666385543566175,0.9414456342630766,0.9733096724486212,0.06761453043099541
00847-bCPU9suPUw9,belief,408,shoe,0_0_97,0_0,5,0.05680577724857075,0.9935984202372122,0.9307273273458063,0.9321404593735364,0.0658988430144223
00847-bCPU9suPUw9,belief,409,shoe rack,1_4_81,1_4,1,0.0053870397434020315,0.9603420221379826,0.9299526022695961,0.9974116953983893,0.00604768240876267
00847-bCPU9suPUw9,belief,409,shoe rack,1_4_279,1_4,2,0.003518006346855162,0.9838432931580439,0.9343754411518848,0.9990681455987661,0.0038304884935620883
00847-bCPU9suPUw9,belief,409,shoe rack,1_4_282,1_4,3,0.0031458959142513557,0.9820655992587496,0.885348459329415,0.9859951518664664,0.003669567118060209
00847-bCPU9suPUw9,belief,409,shoe rack,1_3_61,1_3,4,0.003081929095058267,0.9758969322766786,0.9465551749150145,0.988051185178914,0.0033767064890747518
00847-bCPU9suPUw9,belief,409,shoe rack,1_4_18,1_4,5,0.0029399185400424154,0.9425170142276138,0.9270390851064723,0.9990206355868602,0.0033680117217150408
00847-bCPU9suPUw9,belief,410,shoehorn,1_2_53,1_2,1,0.017857517583907856,0.97994567326137,0.9144022822944775,0.9850746894626197,0.020230779886062113
00847-bCPU9suPUw9,belief,410,shoehorn,0_2_13,0_2,2,0.005682993666288159,0.9704274217034278,0.9354740040720828,0.9751650788664123,0.006419545006980118
00847-bCPU9suPUw9,belief,410,shoehorn,0_2_270,0_2,3,0.003943658666047141,0.9863880918980539,0.9713797717037043,0.9887575191558238,0.004162676329003475
00847-bCPU9suPUw9,belief,410,shoehorn,0_2_254,0_2,4,0.0034865879837382755,0.982117387000423,0.9236801517117331,0.989220199769114,0.003885282857026992
00847-bCPU9suPUw9,belief,410,shoehorn,0_2_156,0_2,5,0.0028906420511393863,0.9955547256875991,0.9293726437961038,0.9834594412996636,0.0031767485417789547
00847-bCPU9suPUw9,belief,411,shovel,1_4_126,1_4,1,0.015666935389215056,0.9827955028400963,0.9232371952679889,0.947146773874221,0.01823015304167193
00847-bCPU9suPUw9,belief,411,shovel,1_2_67,1_2,2,0.01236017886193989,0.9697050783369277,0.9365615710026757,0.737039973898197,0.018465357011442616
00847-bCPU9suPUw9,belief,411,shovel,1_2_58,1_2,3,0.007126052411546359,0.9293061801383182,0.9452391704188443,0.9323275257666694,0.008701216408106149
00847-bCPU9suPUw9,belief,411,shovel,0_2_30,0_2,4,0.005822570777601864,0.9504582919290898,0.9635658303955671,0.8741924031768115,0.0072726601509332444
00847-bCPU9suPUw9,belief,411,shovel,1_3_45,1_3,5,0.005351361633540951,0.9196816898054547,0.9458988733526902,0.9575598253826343,0.006424156843122277
00847-bCPU9suPUw9,belief,412,shower,1_4_135,1_4,1,0.8690736880050246,0.9871542357460807,0.9304543317341882,0.9999895743187635,0.9461958825715846
00847-bCPU9suPUw9,belief,412,shower,1_4_133,1_4,2,0.794710713674404,0.9201732915759641,0.9518991056506009,0.999974148476775,0.907318472343369
00847-bCPU9suPUw9,belief,412,shower,1_4_119,1_4,3,0.7254856015437402,0.9849575973008536,0.9378759506284526,0.9999715901479393,0.7853770420467081
00847-bCPU9suPUw9,belief,412,shower,1_4_120,1_4,4,0.6163030158748726,0.9249413531415696,0.9651024720116894,0.9999813126954541,0.6904222583992382
00847-bCPU9suPUw9,belief,412,shower,1_4_156,1_4,5,0.5435906334517662,0.9702866154909134,0.94748469789608,0.9992083527795266,0.5917573538770543
00847-bCPU9suPUw9,belief,413,shower seat,1_1_60,1_1,1,0.08509074615039178,0.8893756882356225,0.9379361937960633,0.9978754446208856,0.10222272349848223
00847-bCPU9suPUw9,belief,413,shower seat,1_4_155,1_4,2,0.04008909479707879,0.9677963261750706,0.9163951762858948,0.999760931001942,0.045213000066616896
00847-bCPU9suPUw9,belief,413,shower seat,1_0_9,1_0,3,0.02854685175532869,0.9879213317992196,0.950492526594505,0.9970204793865409,0.030491800602145215
00847-bCPU9suPUw9,belief,413,shower seat,1_4_97,1_4,4,0.022559186565050595,0.9753737484601999,0.9404408792579793,0.9994068018229625,0.024608127794627795
00847-bCPU9suPUw9,belief,413,shower seat,1_1_59,1_1,5,0.018343139762040286,0.9655507200291046,0.9326566021066128,0.9979259770108478,0.02041166755177101
00847-bCPU9suPUw9,belief,414,shredder,1_2_67,1_2,1,0.2313506115066143,0.9697050783369277,0.9365615710026757,0.737039973898197,0.34562377163001057
00847-bCPU9suPUw9,belief,414,shredder,0_1_22,0_1,2,0.06205766746868832,0.9830471463453138,0.8856929132168222,0.9004639867482277,0.07915376607700635
00847-bCPU9suPUw9,belief,414,shredder,1_2_58,1_2,3,0.03473785071337295,0.9293061801383182,0.9452391704188443,0.9323275257666694,0.04241640941621304
00847-bCPU9suPUw9,belief,414,shredder,1_3_65,1_3,4,0.029148683046817937,0.792051606045829,0.9658725693990523,0.9834566186168903,0.03874274776912238
00847-bCPU9suPUw9,belief,414,shredder,1_4_237,1_4,5,0.013984298495829061,0.963559720480698,0.9475630106305433,0.9655640888196348,0.015862544161915012
00847-bCPU9suPUw9,belief,415,side table,1_4_6,1_4,1,0.8229917378694449,0.9501979527014525,0.9313142661793575,0.9999644408087142,0.9300377411872692
00847-bCPU9suPUw9,belief,415,side table,1_4_250,1_4,2,0.8202668199611303,0.974188042845991,0.9225521158489642,0.9999565941799268,0.912725726443712
00847-bCPU9suPUw9,belief,415,side table,1_4_12,1_4,3,0.7971382721865398,0.9718369925080791,0.9230825352413153,0.9999315709427274,0.8886472881753871
00847-bCPU9suPUw9,belief,415,side table,0_1_28,0_1,4,0.4406212533087959,0.9800328733394298,0.9476457523588722,0.9906294902194217,0.47892501907483104
00847-bCPU9suPUw9,belief,415,side table,1_4_11,1_4,5,0.43469248992997667,0.9178437115007304,0.8970862989684294,0.997249468018068,0.5293895487591498
00847-bCPU9suPUw9,belief,416,sideboard,1_4_76,1_4,1,0.027174630003104782,0.9561727125862152,0.9636058517972897,0.9999377607563812,0.029495441167590893
00847-bCPU9suPUw9,belief,416,sideboard,1_4_73,1_4,2,0.022779520426976112,0.9768878515399662,0.9397934764470532,0.9999703811984832,0.02481305883611876
00847-bCPU9suPUw9,belief,416,sideboard,1_4_300,1_4,3,0.020115619945706396,0.9880643791087796,0.9436537982001625,0.9999490500269048,0.021575338318304483
00847-bCPU9suPUw9,belief,416,sideboard,1_4_70,1_4,4,0.01846629393176902,0.9555090096847219,0.9282856498952983,0.999966982420246,0.020819853070670337
00847-bCPU9suPUw9,belief,416,sideboard,1_4_49,1_4,5,0.018406176463858392,0.9422708183170379,0.9459508362194227,0.9998787325923087,0.020652467312220216
00847-bCPU9suPUw9,belief,417,sign,1_3_72,1_3,1,0.007090121902956015,0.9841260009409399,0.920416770886517,0.9964739217335177,0.007855114777656935
00847-bCPU9suPUw9,belief,417,sign,1_1_18,1_1,2,0.004460205827393563,0.9624676309328831,0.9368992758634318,0.9967037379387524,0.0049626057907705655
00847-bCPU9suPUw9,belief,417,sign,0_0_121,0_0,3,0.004446465832371727,0.980537410238765,0.9074141339458586,0.9749621184654413,0.005125751060352907
00847-bCPU9suPUw9,belief,417,sign,1_4_328,1_4,4,0.0037189705739688024,0.9604532926292239,0.9485197742122746,0.9225041364003069,0.0044251885592960115
00847-bCPU9suPUw9,belief,417,sign,1_4_305,1_4,5,0.0032666129127174866,0.9803690094225991,0.9173311822905326,0.9881609252321623,0.003675820259932268
00847-bCPU9suPUw9,belief,418,silicone gun,1_4_333,1_4,1,0.008342883038642604,0.9596541733413347,0.9315444463392639,0.978263618206661,0.009539858113210058
00847-bCPU9suPUw9,belief,418,silicone gun,1_3_100,1_3,2,0.005504344053178831,0.9875530431975824,0.9344141513625341,0.9988260481813384,0.00597194602099785
00847-bCPU9suPUw9,belief,418,silicone gun,1_3_68,1_3,3,0.0047921017534186434,0.9418187938377238,0.9723062621760707,0.9983849188231683,0.0052415240599515
00847-bCPU9suPUw9,belief,418,silicone gun,1_4_85,1_4,4,0.004460498719736696,0.9725220500025226,0.9573267788799107,0.9843723887980406,0.004867033453054222
00847-bCPU9suPUw9,belief,418,silicone gun,1_3_49,1_3,5,0.003409351684322135,0.9683928929761182,0.9201044686745878,0.9928466458756158,0.0038539040316613892
00847-bCPU9suPUw9,belief,419,silicone tube,0_0_263,0_0,1,0.017986807612878714,0.9835454449057579,0.9391737106233526,0.9922842370153234,0.019623552808714924
00847-bCPU9suPUw9,belief,419,silicone tube,1_1_41,1_1,2,0.011401540070201967,0.9901392846000671,0.9579356317021763,0.9913119206149879,0.012126083925282667
00847-bCPU9suPUw9,belief,419,silicone tube,1_4_237,1_4,3,0.00769824124678941,0.963559720480698,0.9475630106305433,0.9655640888196348,0.008732200030104775
00847-bCPU9suPUw9,belief,419,silicone tube,1_4_333,1_4,4,0.004677234129685173,0.9596541733413347,0.9315444463392639,0.978263618206661,0.00534828904502056
00847-bCPU9suPUw9,belief,419,silicone tube,1_4_241,1_4,5,0.004059927875487592,0.9584791129543668,0.952463328879928,0.9233552421498867,0.00481635602290475
00847-bCPU9suPUw9,belief,420,sink,1_4_318,1_4,1,0.9444794133416314,0.9828530356167874,0.9668282845089347,0.999965262797363,0.9939617041776556
00847-bCPU9suPUw9,belief,420,sink,1_4_338,1_4,2,0.9097444906190589,0.970256747518267,0.9504857402249902,0.9999968621418153,0.9864805334404215
00847-bCPU9suPUw9,belief,420,sink,1_4_311,1_4,3,0.9024908022909536,0.9767330797339872,0.9447077066307573,0.9999967536947735,0.9780720301739355
00847-bCPU9suPUw9,belief,420,sink,1_4_337,1_4,4,0.884493198035115,0.9761905213433959,0.920073324037531,0.999998602418911,0.9847774123941527
00847-bCPU9suPUw9,belief,420,sink,1_0_2,1_0,5,0.8620570454918176,0.9785709510638351,0.9305308951113125,0.9999791428860347,0.9467208619314634
00847-bCPU9suPUw9,belief,421,skateboard,0_0_121,0_0,1,0.0051909830155808055,0.980537410238765,0.9074141339458586,0.9749621184654413,0.0059840079063859155
00847-bCPU9suPUw9,belief,421,skateboard,1_2_58,1_2,2,0.004031357173601998,0.9293061801383182,0.9452391704188443,0.9323275257666694,0.00492246045356692
00847-bCPU9suPUw9,belief,421,skateboard,1_4_328,1_4,3,0.0025679314890422575,0.9604532926292239,0.9485197742122746,0.9225041364003069,0.0030555716482152237
00847-bCPU9suPUw9,belief,421,skateboard,0_2_254,0_2,4,0.002231203064442127,0.982117387000423,0.9236801517117331,0.989220199769114,0.002486343398547611
00847-bCPU9suPUw9,belief,421,skateboard,1_2_53,1_2,5,0.0020114972457724346,0.97994567326137,0.9144022822944775,0.9850746894626197,0.002278825028699033
00847-bCPU9suPUw9,belief,422,skates,1_2_58,1_2,1,0.001902489494570897,0.9293061801383182,0.9452391704188443,0.9323275257666694,0.002323021478145098
00847-bCPU9suPUw9,belief,422,skates,1_0_13,1_0,2,0.0012145199196616375,0.9718846951660357,0.9767092601715524,0.9911530218160428,0.0012908740916442796
00847-bCPU9suPUw9,belief,422,skates,1_0_14,1_0,3,0.0011365271866560715,0.9469521219796478,0.9380528288204386,0.9911530222829298,0.001290873841423242
00847-bCPU9suPUw9,belief,422,skates,0_0_121,0_0,4,0.0004953684360021403,0.980537410238765,0.9074141339458586,0.9749621184654413,0.0005710457207649264
00847-bCPU9suPUw9,belief,422,skates,0_1_20,0_1,5,0.0002845623499765537,0.9616718444518728,0.9163727851402917,0.9438985782514853,0.00034209995955357137
00847-bCPU9suPUw9,belief,423,ski,0_2_62,0_2,1,0.07336932657042033,0.9784901090645245,0.9153200473523396,0.9961598268922964,0.08223488604301318
00847-bCPU9suPUw9,belief,423,ski,0_2_254,0_2,2,0.07243637608495282,0.982117387000423,0.9236801517117331,0.989220199769114,0.08071954918122422
00847-bCPU9suPUw9,belief,423,ski,0_2_98,0_2,3,0.06993793010673091,0.9495780360135,0.9386331792097166,0.9988527177627043,0.07855697589057853
00847-bCPU9suPUw9,belief,423,ski,1_2_6,1_2,4,0.05164787272156506,0.9714544889254447,0.9279938424436841,0.9858602980949762,0.058112493036517644
00847-bCPU9suPUw9,belief,423,ski,0_2_132,0_2,5,0.04335512904414475,0.783320874937119,0.9932097766195169,0.9988327411875426,0.05579137015369572
00847-bCPU9suPUw9,belief,424,sky,0_2_336,0_2,1,0.8577937023690081,0.9422673127717441,0.9597979358152273,0.989868891473272,0.9581891310267875
00847-bCPU9suPUw9,belief,424,sky,0_2_348,0_2,2,0.7576948516646694,0.9566383408579061,0.9024002276189065,0.9923288413546583,0.8844875889152483
00847-bCPU9suPUw9,belief,424,sky,1_4_213,1_4,3,0.5435036692328655,0.978424323458879,0.9379155492151564,0.9682307162921814,0.61169178465418
00847-bCPU9suPUw9,belief,424,sky,1_4_66,1_4,4,0.41815357679027,0.9727851225239699,0.9448777923546839,0.9912710657842172,0.45893462449108274
00847-bCPU9suPUw9,belief,424,sky,1_4_261,1_4,5,0.36338177157120544,0.9472227863306233,0.9312278372204055,0.9924184578433564,0.4151071539607001
00847-bCPU9suPUw9,belief,425,sled,1_2_58,1_2,1,0.01558869117978434,0.9293061801383182,0.9452391704188443,0.9323275257666694,0.019034462229699626
00847-bCPU9suPUw9,belief,425,sled,1_4_237,1_4,2,0.005592405458563839,0.963559720480698,0.9475630106305433,0.9655640888196348,0.0063435272483823146
00847-bCPU9suPUw9,belief,425,sled,1_4_85,1_4,3,0.00204044011259099,0.9725220500025226,0.9573267788799107,0.9843723887980406,0.002226408056792424
00847-bCPU9suPUw9,belief,425,sled,0_1_52,0_1,4,0.0018342871210586564,0.9756472557783127,0.9667846760308239,0.9278204126855808,0.0020959494703386454
00847-bCPU9suPUw9,belief,425,sled,1_4_333,1_4,5,0.0017045380153255729,0.9596541733413347,0.9315444463392639,0.978263618206661,0.001949092506686313
00847-bCPU9suPUw9,belief,426,sleeping bag,1_1_70,1_1,1,0.014368538121532597,0.9323608777111154,0.9354141707007224,0.999419552280184,0.016484537094725124
00847-bCPU9suPUw9,belief,426,sleeping bag,0_2_26,0_2,2,0.012312882717950904,0.9721337553096377,0.9198438581684124,0.9451892871947124,0.014568029620981882
00847-bCPU9suPUw9,belief,426,sleeping bag,1_1_49,1_1,3,0.012042624249480868,0.9875282130458138,0.96686008017256,0.9958178228838686,0.012665667990870174
00847-bCPU9suPUw9,belief,426,sleeping bag,1_1_36,1_1,4,0.009596800853177562,0.9950453902618785,0.9496122837580925,0.9998134408054065,0.010158235945218301
00847-bCPU9suPUw9,belief,426,sleeping bag,0_2_69,0_2,5,0.009127888320017803,0.9825165914289137,0.9095021173536175,0.969029112025432,0.010541195937096003
00847-bCPU9suPUw9,belief,427,smoke detector,1_2_7,1_2,1,0.6828422681317373,0.9773377151328473,0.9437427944289503,0.968209432762009,0.7646325462955413
00847-bCPU9suPUw9,belief,427,smoke detector,0_2_331,0_2,2,0.1921306312444026,0.9873634126687806,0.9364228893735442,0.9985445713396038,0.20810384465812534
00847-bCPU9suPUw9,belief,427,smoke detector,0_2_284,0_2,3,0.1349220726628585,0.9870919339071765,0.940688447954914,0.995555931320782,0.14595330248962193
00847-bCPU9suPUw9,belief,427,smoke detector,0_2_300,0_2,4,0.108963696206385,0.964014837880345,0.9155089710672812,0.9895199735393286,0.12477021946829515
00847-bCPU9suPUw9,belief,427,smoke detector,0_2_46,0_2,5,0.1060559674839497,0.9567169125145035,0.9922638202116698,0.9936874436763466,0.11242805572445994
00847-bCPU9suPUw9,belief,428,snack,0_0_20,0_0,1,0.06768015265802367,0.9558162924507192,0.9292816973908237,0.8341524826375847,0.09134695400879629
00847-bCPU9suPUw9,belief,428,snack,0_1_52,0_1,2,0.021551802933100002,0.9756472557783127,0.9667846760308239,0.9278204126855808,0.024626182795419265
00847-bCPU9suPUw9,belief,428,snack,0_0_141,0_0,3,0.01999739103599951,0.9819224308679418,0.9135833053231062,0.4531315832718042,0.04919530638143653
00847-bCPU9suPUw9,belief,428,snack,0_0_4,0_0,4,0.013545088536644798,0.9776704441239437,0.9238391988199979,0.9962689395356504,0.015052768607361497
00847-bCPU9suPUw9,belief,428,snack,0_1_58,0_1,5,0.003726634125671439,0.9509849632752544,0.8970625175923091,0.9831554584350312,0.004443223926760754
00847-bCPU9suPUw9,belief,429,soap,1_4_148,1_4,1,0.13548450067286713,0.99217376965109,0.9704388242885794,0.9806729473606345,0.1434859956608463
00847-bCPU9suPUw9,belief,429,soap,1_4_333,1_4,2,0.06274527032775912,0.9596541733413347,0.9315444463392639,0.978263618206661,0.07174749704979934
00847-bCPU9suPUw9,belief,429,soap,1_4_126,1_4,3,0.059914466044622854,0.9827955028400963,0.9232371952679889,0.947146773874221,0.06971688197268136
00847-bCPU9suPUw9,belief,429,soap,0_0_212,0_0,4,0.03733727896813609,0.9801583785470427,0.9270530865768214,0.9723155331951806,0.04226049502251876
00847-bCPU9suPUw9,belief,429,soap,1_4_328,1_4,5,0.03552644807225823,0.9604532926292239,0.9485197742122746,0.9225041364003069,0.04227278179133551
00847-bCPU9suPUw9,belief,430,socks,0_1_20,0_1,1,0.1478797307325342,0.9616718444518728,0.9163727851402917,0.9438985782514853,0.17778054583314087
00847-bCPU9suPUw9,belief,430,socks,0_0_205,0_0,2,0.002674924071654849,0.9789207304452919,0.9416084567305552,0.9843866999205924,0.0029480024883777756
00847-bCPU9suPUw9,belief,430,socks,1_4_333,1_4,3,0.0023344088295102843,0.9596541733413347,0.9315444463392639,0.978263618206661,0.0026693325207368867
00847-bCPU9suPUw9,belief,430,socks,0_2_309,0_2,4,0.0008929177856579268,0.9753406038230976,0.9014373125282586,0.9884476964253381,0.0010274624169074288
00847-bCPU9suPUw9,belief,430,socks,0_2_63,0_2,5,0.0007977743696877385,0.9840773510040206,0.9412996184074194,0.9605632094886899,0.0008965964432726732
00847-bCPU9suPUw9,belief,431,sofa,0_2_23,0_2,1,0.8316407984904169,0.9862496195875006,0.9441927082524477,0.9995793506617886,0.8934515775090601
00847-bCPU9suPUw9,belief,431,sofa,0_2_163,0_2,2,0.8075933401034692,0.9790556501315184,0.9158041727807615,0.993793421300595,0.9063305418683267
00847-bCPU9suPUw9,belief,431,sofa,0_2_165,0_2,3,0.803913629064533,0.9693365773153712,0.9319714963912306,0.9968956798721941,0.8926525432204544
00847-bCPU9suPUw9,belief,431,sofa,0_2_146,0_2,4,0.7964441395714409,0.9934448686622713,0.9301228811840155,0.9946874198561224,0.866531982474195
00847-bCPU9suPUw9,belief,431,sofa,0_2_12,0_2,5,0.6827708886316521,0.9184569085772659,0.949399980315275,0.9996684969783155,0.7832690856087899
00847-bCPU9suPUw9,belief,432,solarium,0_2_98,0_2,1,0.011807946339984315,0.9495780360135,0.9386331792097166,0.9988527177627043,0.013263139966135767
00847-bCPU9suPUw9,belief,432,solarium,0_2_122,0_2,2,0.007200946543458895,0.9636027730521939,0.9313190768491297,0.998543000294776,0.00803574737589866
00847-bCPU9suPUw9,belief,432,solarium,0_2_132,0_2,3,0.006231522844525424,0.783320874937119,0.9932097766195169,0.9988327411875426,0.008019009637501752
00847-bCPU9suPUw9,belief,432,solarium,0_2_42,0_2,4,0.004351541638868445,0.9655165892014805,0.932009892141179,0.9988826651620342,0.0048411485065798215
00847-bCPU9suPUw9,belief,432,solarium,0_2_51,0_2,5,0.004007697909668716,0.9879455265722105,0.9193819912093341,0.9991884049560128,0.004415893601493343
00847-bCPU9suPUw9,belief,433,speaker,1_3_49,1_3,1,0.2944393241565311,0.9683928929761182,0.9201044686745878,0.9928466458756158,0.3328318705472959
00847-bCPU9suPUw9,belief,433,speaker,1_4_278,1_4,2,0.08995455958225211,0.978543883044493,0.9386913383932867,0.9973038564044621,0.09819572166488885
00847-bCPU9suPUw9,belief,433,speaker,1_4_155,1_4,3,0.041506114438498914,0.9677963261750706,0.9163951762858948,0.999760931001942,0.04681113316157003
00847-bCPU9suPUw9,belief,433,speaker,0_2_271,0_2,4,0.04093164208241866,0.962668301979982,0.9645721560036902,0.9957172578114508,0.044270226138724944
00847-bCPU9suPUw9,belief,433,speaker,1_4_3,1_4,5,0.04092428620060967,0.9492777438796313,0.9139345391529852,0.9990872730834073,0.04721383710244121
00847-bCPU9suPUw9,belief,434,speaker stand,1_3_49,1_3,1,0.017775454030289597,0.9683928929761182,0.9201044686745878,0.9928466458756158,0.020093231879528224
00847-bCPU9suPUw9,belief,434,speaker stand,0_0_121,0_0,2,0.0028788084045623624,0.980537410238765,0.9074141339458586,0.9749621184654413,0.0033186030858056922
00847-bCPU9suPUw9,belief,434,speaker stand,1_4_155,1_4,3,0.0027330317068985444,0.9677963261750706,0.9163951762858948,0.999760931001942,0.0030823485382132938
00847-bCPU9suPUw9,belief,434,speaker stand,1_4_3,1_4,4,0.0008190851095011865,0.9492777438796313,0.9139345391529852,0.9990872730834073,0.0009449682455902706
00847-bCPU9suPUw9,belief,434,speaker stand,0_0_251,0_0,5,0.0007465179828020508,0.9958401486371298,0.9407255420913624,0.9974732050842817,0.0007988890496382826
00847-bCPU9suPUw9,belief,435,spices,0_0_121,0_0,1,0.0008606524370130735,0.980537410238765,0.9074141339458586,0.9749621184654413,0.0009921340471117494
00847-bCPU9suPUw9,belief,435,spices,0_0_20,0_0,2,0.0008605453476382936,0.9558162924507192,0.9292816973908237,0.8341524826375847,0.0011614660015675895
00847-bCPU9suPUw9,belief,435,spices,1_2_58,1_2,3,0.000518950474303574,0.9293061801383182,0.9452391704188443,0.9323275257666694,0.0006336608435110932
00847-bCPU9suPUw9,belief,435,spices,0_2_263,0_2,4,0.0003616686683140284,0.9666385543566175,0.9414456342630766,0.9733096724486212,0.0004083198460601079
00847-bCPU9suPUw9,belief,435,spices,0_2_247,0_2,5,0.00034261146165768603,0.979711549400011,0.9255274494838945,0.9982680538477267,0.00037850113224539427
00847-bCPU9suPUw9,belief,436,sponge,0_0_20,0_0,1,0.04772372451311635,0.9558162924507192,0.9292816973908237,0.8341524826375847,0.06441204248246155
00847-bCPU9suPUw9,belief,436,sponge,1_4_333,1_4,2,0.009914188702754852,0.9596541733413347,0.9315444463392639,0.978263618206661,0.011336603077592662
00847-bCPU9suPUw9,belief,436,sponge,1_4_328,1_4,3,0.005069474742061552,0.9604532926292239,0.9485197742122746,0.9225041364003069,0.006032148193705785
00847-bCPU9suPUw9,belief,436,sponge,0_1_52,0_1,4,0.0023313490051100672,0.9756472557783127,0.9667846760308239,0.9278204126855808,0.0026639175821148438
00847-bCPU9suPUw9,belief,436,sponge,0_2_292,0_2,5,0.0014778286797016366,0.9842554975406272,0.9291218997752065,0.4643038225405581,0.0034804971737651285
00847-bCPU9suPUw9,belief,437,spray can,0_2_284,0_2,1,0.0512878192426867,0.9870919339071765,0.940688447954914,0.995555931320782,0.05548111178714168
00847-bCPU9suPUw9,belief,437,spray can,0_0_212,0_0,2,0.03162475217044136,0.9801583785470427,0.9270530865768214,0.9723155331951806,0.03579472630632475
00847-bCPU9suPUw9,belief,437,spray can,1_4_328,1_4,3,0.03085620637324451,0.9604532926292239,0.9485197742122746,0.9225041364003069,0.03671567943610831
00847-bCPU9suPUw9,belief,437,spray can,0_2_323,0_2,4,0.015438167364363093,0.9908219964921844,0.961959035285255,0.9961200986251464,0.016260422441804295
00847-bCPU9suPUw9,belief,437,spray can,1_3_4,1_3,5,0.010422301933525684,0.9850588760745584,0.9383394647664787,0.9958823729247366,0.011322268093709256
00847-bCPU9suPUw9,belief,438,sprinkler,0_2_46,0_2,1,0.0012097432979344856,0.9567169125145035,0.9922638202116698,0.9936874436763466,0.0012824274780488295
00847-bCPU9suPUw9,belief,438,sprinkler,0_2_164,0_2,2,0.0009894693194471467,0.9753239312052501,0.9260679612954141,0.9680353951858965,0.001131668833753978
00847-bCPU9suPUw9,belief,438,sprinkler,0_2_196,0_2,3,0.0009038540178815914,0.9778065554750791,0.9330570278647508,0.9952766117194342,0.0009953902017814248
00847-bCPU9suPUw9,belief,438,sprinkler,0_0_242,0_0,4,0.0007981531761853366,0.9155555455123677,0.9501809387941642,0.995837606186901,0.00092131196659349
00847-bCPU9suPUw9,belief,438,sprinkler,0_0_230,0_0,5,0.0007919831004608974,0.9166186769803365,0.9141005712007116,0.9942354926162189,0.0009507010409166251
00847-bCPU9suPUw9,belief,439,square,0_2_128,0_2,1,0.046603550076121346,0.9646437466144562,0.9485383028990915,0.9982302057660609,0.05102305607187924
00847-bCPU9suPUw9,belief,439,square,1_4_305,1_4,2,0.04367012235498782,0.9803690094225991,0.9173311822905326,0.9881609252321623,0.049140661840048325
00847-bCPU9suPUw9,belief,439,square,0_0_133,0_0,3,0.043323796232532165,0.9739733717502285,0.9213976511405337,0.9878747257834515,0.04886866170710213
00847-bCPU9suPUw9,belief,439,square,0_0_139,0_0,4,0.042302822082393145,0.9774993402545592,0.9139152047112395,0.993184630694904,0.047677884232173694
00847-bCPU9suPUw9,belief,439,square,1_4_261,1_4,5,0.040447521464814264,0.9472227863306233,0.9312278372204055,0.9924184578433564,0.04620500210405663
00847-bCPU9suPUw9,belief,440,stack,0_2_315,0_2,1,0.030759987605781393,0.9849428757830294,0.9460588065725959,0.9924587224620363,0.033261706506986725
00847-bCPU9suPUw9,belief,440,stack,0_2_309,0_2,2,0.02586360197669366,0.9753406038230976,0.9014373125282586,0.9884476964253381,0.02976072313009763
00847-bCPU9suPUw9,belief,440,stack,0_0_121,0_0,3,0.02041275016132226,0.980537410238765,0.9074141339458586,0.9749621184654413,0.023531199772720838
00847-bCPU9suPUw9,belief,440,stack,0_2_169,0_2,4,0.02015278853041999,0.9544576904593849,0.9360662545623567,0.9869383335091076,0.022855033351556867
00847-bCPU9suPUw9,belief,440,stack,0_2_313,0_2,5,0.014793950438757102,0.9640882213910421,0.9083422631211608,0.9784874265776927,0.017264842136153785
00847-bCPU9suPUw9,belief,441,stack of books / papers,1_1_15,1_1,1,0.006632785563749334,0.9964169804949806,0.9436596214191183,0.9997967026281712,0.007055499485860711
00847-bCPU9suPUw9,belief,441,stack of books / papers,1_1_55,1_1,2,0.001189146408342819,0.9178449023930912,0.9308473227758793,0.999633114120861,0.001392345257783714
00847-bCPU9suPUw9,belief,441,stack of books / papers,1_4_331,1_4,3,0.0008777974289245234,0.9908098926146826,0.9439883122257668,0.9950480926235806,0.0009431771736091773
00847-bCPU9suPUw9,belief,441,stack of books / papers,1_4_367,1_4,4,0.0007289956714364254,0.8728946095451395,0.9928650914332364,0.9963765501560385,0.0008442078745319495
00847-bCPU9suPUw9,belief,441,stack of books / papers,1_4_209,1_4,5,0.0007228265627241318,0.6905394554138183,0.9920797415254472,0.9728626751183557,0.0010845447664467654
00847-bCPU9suPUw9,belief,442,stack of stuff,0_1_58,0_1,1,0.03348306294455924,0.9509849632752544,0.8970625175923091,0.9831554584350312,0.03992147911480233
00847-bCPU9suPUw9,belief,442,stack of stuff,0_2_69,0_2,2,0.032729698608468125,0.9825165914289137,0.9095021173536175,0.969029112025432,0.03779736932553618
00847-bCPU9suPUw9,belief,442,stack of stuff,0_1_21,0_1,3,0.026689844368026627,0.9668342461107468,0.921719750376947,0.9942681034561754,0.030122541781620663
00847-bCPU9suPUw9,belief,442,stack of stuff,1_4_333,1_4,4,0.02607976510421917,0.9596541733413347,0.9315444463392639,0.978263618206661,0.029821496665806954
00847-bCPU9suPUw9,belief,442,stack of stuff,1_4_209,1_4,5,0.024451803248058224,0.6905394554138183,0.9920797415254472,0.9728626751183557,0.03668801979678855
00847-bCPU9suPUw9,belief,443,stack of yarns,0_1_20,0_1,1,0.0009561687205309359,0.9616718444518728,0.9163727851402917,0.9438985782514853,0.0011495030198020745
00847-bCPU9suPUw9,belief,443,stack of yarns,0_0_121,0_0,2,0.00022326144370964044,0.980537410238765,0.9074141339458586,0.9749621184654413,0.0002573690263172901
00847-bCPU9suPUw9,belief,443,stack of yarns,0_1_58,0_1,3,0.00021310186010792614,0.9509849632752544,0.8970625175923091,0.9831554584350312,0.00025407894945902743
00847-bCPU9suPUw9,belief,443,stack of yarns,1_4_282,1_4,4,0.00014731078741285023,0.9820655992587496,0.885348459329415,0.9859951518664664,0.00017183239253940614
00847-bCPU9suPUw9,belief,443,stack of yarns,0_2_136,0_2,5,8.657660302997819e-05,0.9841152340640581,0.9277847367971246,0.9791478550795489,9.684096008690702e-05
00847-bCPU9suPUw9,belief,444,stage,0_0_121,0_0,1,0.000954354718750144,0.980537410238765,0.9074141339458586,0.9749621184654413,0.0011001511978282969
00847-bCPU9suPUw9,belief,444,stage,1_3_49,1_3,2,0.00047566337104603215,0.9683928929761182,0.9201044686745878,0.9928466458756158,0.0005376860919974084
00847-bCPU9suPUw9,belief,444,stage,0_2_309,0_2,3,0.0003806958916706889,0.9753406038230976,0.9014373125282586,0.9884476964253381,0.00043805905453488526
00847-bCPU9suPUw9,belief,444,stage,0_2_315,0_2,4,0.00034503275349911017,0.9849428757830294,0.9460588065725959,0.9924587224620363,0.0003730943695187931
00847-bCPU9suPUw9,belief,444,stage,1_1_72,1_1,5,0.0002861912361989542,0.9962260723114014,0.93748408002247,0.9945068197205462,0.00030812487471536406
00847-bCPU9suPUw9,belief,445,stained glass,0_0_240,0_0,1,0.0018832994035591463,0.9714243010032002,0.9515231931813748,0.9798090267585658,0.0020794553065021015
00847-bCPU9suPUw9,belief,445,stained glass,1_4_328,1_4,2,0.0003349040212214695,0.9604532926292239,0.9485197742122746,0.9225041364003069,0.00039850098668296367
00847-bCPU9suPUw9,belief,445,stained glass,0_0_244,0_0,3,0.00023606955210342878,0.9715390748033921,0.9448291453079254,0.993442282800629,0.0002588712266670244
00847-bCPU9suPUw9,belief,445,stained glass,0_0_149,0_0,4,0.00022091172419793425,0.9807193643960451,0.8596140798961321,0.9987752045696063,0.00026236309309432516
00847-bCPU9suPUw9,belief,445,stained glass,1_4_278,1_4,5,0.00020917610336598853,0.978543883044493,0.9386913383932867,0.9973038564044621,0.00022833971418970936
00847-bCPU9suPUw9,belief,446,stand,0_0_121,0_0,1,0.012492935884625682,0.980537410238765,0.9074141339458586,0.9749621184654413,0.014401477886401434
00847-bCPU9suPUw9,belief,446,stand,1_3_101,1_3,2,0.006245411729851262,0.9893706900232927,0.9196818511375601,0.9977036786950922,0.006879594561289841
00847-bCPU9suPUw9,belief,446,stand,0_0_222,0_0,3,0.005686335245498154,0.9158352406742973,0.9282724007985054,0.9856950788308945,0.0067857379331297644
00847-bCPU9suPUw9,belief,446,stand,0_1_21,0_1,4,0.0027439745360974778,0.9668342461107468,0.921719750376947,0.9942681034561754,0.003096889081538349
00847-bCPU9suPUw9,belief,446,stand,1_4_282,1_4,5,0.0022546800350410714,0.9820655992587496,0.885348459329415,0.9859951518664664,0.002629997922325567
00847-bCPU9suPUw9,belief,447,star,1_4_241,1_4,1,0.05217436557349603,0.9584791129543668,0.952463328879928,0.9233552421498867,0.06189526700421057
00847-bCPU9suPUw9,belief,447,star,0_1_57,0_1,2,0.04804591021442012,0.9163877648265307,0.9120083681385636,0.9260759305481928,0.06207714334135715
00847-bCPU9suPUw9,belief,447,star,0_2_46,0_2,3,0.03215850605127688,0.9567169125145035,0.9922638202116698,0.9936874436763466,0.03409066360075877
00847-bCPU9suPUw9,belief,447,star,0_0_121,0_0,4,0.032126276937922256,0.980537410238765,0.9074141339458586,0.9749621184654413,0.03703419845956876
00847-bCPU9suPUw9,belief,447,star,0_2_121,0_2,5,0.029825998835773235,0.927454593178509,0.9223524558086724,0.8061381993848,0.04325097785240023
00847-bCPU9suPUw9,belief,448,stationery,0_0_134,0_0,1,0.008626735348368345,0.966778278982133,0.9177266758111017,0.987415581782145,0.009847052619316767
00847-bCPU9suPUw9,belief,448,stationery,1_3_80,1_3,2,0.0062651748604493455,0.9890335468801627,0.928046241658231,0.9921703565657356,0.006879649464196604
00847-bCPU9suPUw9,belief,448,stationery,1_4_282,1_4,3,0.004678813375423976,0.9820655992587496,0.885348459329415,0.9859951518664664,0.005457656636450403
00847-bCPU9suPUw9,belief,448,stationery,0_0_137,0_0,4,0.004310285103933466,0.9611991548897947,0.9558155101439146,0.9877854654023952,0.004749587709813049
00847-bCPU9suPUw9,belief,448,stationery,0_0_264,0_0,5,0.003776430385960443,0.9598997520548957,0.9217683003870645,0.9951656092943066,0.0042888264824891865
00847-bCPU9suPUw9,belief,449,steel plate,1_4_323,1_4,1,0.43857267486244556,0.9455087115722043,0.9441626929984269,0.9965468705047039,0.4929824618898087
00847-bCPU9suPUw9,belief,449,steel plate,0_0_257,0_0,2,0.02802727656658262,0.9813748399416605,0.95938786654052,0.9972264438161749,0.029850937255042658
00847-bCPU9suPUw9,belief,449,steel plate,0_0_256,0_0,3,0.026711793199943823,0.9791173779964447,0.9159653553856921,0.9970928739794201,0.029871265706718594
00847-bCPU9suPUw9,belief,449,steel plate,0_2_92,0_2,4,0.024427118294340324,0.9739298569933931,0.9438623585887784,0.9959729586191018,0.026680154604049926
00847-bCPU9suPUw9,belief,449,steel plate,0_0_176,0_0,5,0.02099518229227792,0.9772190706656173,0.9398073436493006,0.9979582578396026,0.022907437249715706
00847-bCPU9suPUw9,belief,450,step stool,0_2_309,0_2,1,0.40642283047314093,0.9753406038230976,0.9014373125282586,0.9884476964253381,0.46766252211742415
00847-bCPU9suPUw9,belief,450,step stool,0_2_315,0_2,2,0.37307737460374557,0.9849428757830294,0.9460588065725959,0.9924587224620363,0.40341986796297014
00847-bCPU9suPUw9,belief,450,step stool,0_2_308,0_2,3,0.295965761583631,0.9875811462866516,0.9392715606435618,0.9873392738537596,0.32315516186383747
00847-bCPU9suPUw9,belief,450,step stool,0_2_316,0_2,4,0.26433894005748915,0.976288036189925,0.9499342023476953,0.992200105874712,0.2872700719402786
00847-bCPU9suPUw9,belief,450,step stool,0_2_322,0_2,5,0.23822464577230096,0.9915297495626615,0.9673118599010523,0.991433565821556,0.25052484949192944
00847-bCPU9suPUw9,belief,451,stick,1_2_60,1_2,1,0.7831461202298462,0.9947484274705249,0.955796650179743,0.9959775991888625,0.827017052861696
00847-bCPU9suPUw9,belief,451,stick,0_2_111,0_2,2,0.7674773006752711,0.9642705262466795,0.9144279349250128,0.9915067381863434,0.8778523825332738
00847-bCPU9suPUw9,belief,451,stick,0_2_223,0_2,3,0.7406374854273461,0.9901965769985998,0.9174174062216531,0.9808145287494577,0.831247595556333
00847-bCPU9suPUw9,belief,451,stick,0_2_79,0_2,4,0.7081002945905471,0.9794926436508403,0.920200405167384,0.9903711961008435,0.7932556524729822
00847-bCPU9suPUw9,belief,451,stick,0_2_298,0_2,5,0.6836780294062362,0.9520456065182332,0.9161622842374957,0.9912514270026098,0.7907471508861864
00847-bCPU9suPUw9,belief,452,stone,0_0_208,0_0,1,0.40722416784342835,0.9456783402323937,0.9345773540972708,0.5252727287116182,0.877182574130597
00847-bCPU9suPUw9,belief,452,stone,0_2_315,0_2,2,0.37117178985891963,0.9849428757830294,0.9460588065725959,0.9924587224620363,0.40135930144652987
00847-bCPU9suPUw9,belief,452,stone,0_2_309,0_2,3,0.3378520698316786,0.9753406038230976,0.9014373125282586,0.9884476964253381,0.38875953621044584
00847-bCPU9suPUw9,belief,452,stone,0_2_316,0_2,4,0.28369943877637194,0.976288036189925,0.9499342023476953,0.992200105874712,0.308310074062416
00847-bCPU9suPUw9,belief,452,stone,0_2_322,0_2,5,0.26946607251342675,0.9915297495626615,0.9673118599010523,0.991433565821556,0.2833793583394927
00847-bCPU9suPUw9,belief,453,stonework,0_2_309,0_2,1,0.00690226383500378,0.9753406038230976,0.9014373125282586,0.9884476964253381,0.00794229524369959
00847-bCPU9suPUw9,belief,453,stonework,0_2_315,0_2,2,0.00646828944625924,0.9849428757830294,0.9460588065725959,0.9924587224620363,0.006994357342435255
00847-bCPU9suPUw9,belief,453,stonework,1_4_367,1_4,3,0.00441448198260534,0.8728946095451395,0.9928650914332364,0.9963765501560385,0.005112157174200511
00847-bCPU9suPUw9,belief,453,stonework,0_2_313,0_2,4,0.004284190769445695,0.9640882213910421,0.9083422631211608,0.9784874265776927,0.004999738076847397
00847-bCPU9suPUw9,belief,453,stonework,0_2_307,0_2,5,0.004184073835356691,0.9640401076347911,0.9505780535481725,0.990653653221086,0.004608871593723347
00847-bCPU9suPUw9,belief,454,stool,0_0_235,0_0,1,0.5480731753545521,0.9671138260334371,0.9000684254092766,0.9898343528303527,0.6360963529542002
00847-bCPU9suPUw9,belief,454,stool,0_1_28,0_1,2,0.41539866024943095,0.9800328733394298,0.9476457523588722,0.9906294902194217,0.45150979393223595
00847-bCPU9suPUw9,belief,454,stool,0_0_4,0_0,3,0.41323644007231686,0.9776704441239437,0.9238391988199979,0.9962689395356504,0.45923306412578174
00847-bCPU9suPUw9,belief,454,stool,1_4_359,1_4,4,0.1700260138706376,0.9222874126269561,0.937465564120963,0.9932423760058563,0.1979878446775126
00847-bCPU9suPUw9,belief,454,stool,0_0_222,0_0,5,0.12878997116465787,0.9158352406742973,0.9282724007985054,0.9856950788308945,0.15369037438139052
00847-bCPU9suPUw9,belief,455,storage,1_3_80,1_3,1,0.18543854014784247,0.9890335468801627,0.928046241658231,0.9921703565657356,0.2036259452905368
00847-bCPU9suPUw9,belief,455,storage,1_4_18,1_4,2,0.15787053132125586,0.9425170142276138,0.9270390851064723,0.9990206355868602,0.1808586846068531
00847-bCPU9suPUw9,belief,455,storage,1_4_279,1_4,3,0.15084363907227763,0.9838432931580439,0.9343754411518848,0.9990681455987661,0.16424212091314358
00847-bCPU9suPUw9,belief,455,storage,1_4_278,1_4,4,0.12596502250230443,0.978543883044493,0.9386913383932867,0.9973038564044621,0.13750527318003983
00847-bCPU9suPUw9,belief,455,storage,1_4_331,1_4,5,0.11714052084285308,0.9908098926146826,0.9439883122257668,0.9950480926235806,0.12586533261897828
00847-bCPU9suPUw9,belief,456,strings,1_4_282,1_4,1,0.0075413857220615775,0.9820655992587496,0.885348459329415,0.9859951518664664,0.008796737662209507
00847-bCPU9suPUw9,belief,456,strings,0_0_121,0_0,2,0.005716079649374737,0.980537410238765,0.9074141339458586,0.9749621184654413,0.00658932339264511
00847-bCPU9suPUw9,belief,456,strings,1_2_67,1_2,3,0.004777341355931845,0.9697050783369277,0.9365615710026757,0.737039973898197,0.007137058022230412
00847-bCPU9suPUw9,belief,456,strings,0_2_76,0_2,4,0.0046930208075472105,0.984385157870063,0.9202547648698964,0.993237239377537,0.005215865139369516
00847-bCPU9suPUw9,belief,456,strings,1_2_58,1_2,5,0.004092993912283547,0.9293061801383182,0.9452391704188443,0.9323275257666694,0.004997721561819372
00847-bCPU9suPUw9,belief,457,stroke,1_4_333,1_4,1,0.005099038246802565,0.9596541733413347,0.9315444463392639,0.978263618206661,0.0058306104931614006
00847-bCPU9suPUw9,belief,457,stroke,1_4_328,1_4,2,0.004657001689296741,0.9604532926292239,0.9485197742122746,0.9225041364003069,0.005541348119381763
00847-bCPU9suPUw9,belief,457,stroke,0_0_121,0_0,3,0.00458185546134416,0.980537410238765,0.9074141339458586,0.9749621184654413,0.005281824121617402
00847-bCPU9suPUw9,belief,457,stroke,0_2_119,0_2,4,0.004431593972585643,0.9586833973725637,0.9818579601298676,0.8888408332392272,0.005296781933204979
00847-bCPU9suPUw9,belief,457,stroke,0_1_52,0_1,5,0.0043687759947065065,0.9756472557783127,0.9667846760308239,0.9278204126855808,0.004991984966262258
00847-bCPU9suPUw9,belief,458,sunbed,0_0_121,0_0,1,0.014575159583094004,0.980537410238765,0.9074141339458586,0.9749621184654413,0.016801802263711006
00847-bCPU9suPUw9,belief,458,sunbed,0_2_98,0_2,2,0.005810112660278803,0.9495780360135,0.9386331792097166,0.9988527177627043,0.00652614224468076
00847-bCPU9suPUw9,belief,458,sunbed,0_2_132,0_2,3,0.004752548624137584,0.783320874937119,0.9932097766195169,0.9988327411875426,0.006115797722403662
00847-bCPU9suPUw9,belief,458,sunbed,1_4_278,1_4,4,0.004653298065980241,0.978543883044493,0.9386913383932867,0.9973038564044621,0.005079608680568913
00847-bCPU9suPUw9,belief,458,sunbed,0_2_151,0_2,5,0.004179585629280663,0.9172799661905254,0.9169107780165112,0.9980081872863715,0.00497932114118835
00847-bCPU9suPUw9,belief,459,support,1_4_333,1_4,1,0.00675114064968627,0.9596541733413347,0.9315444463392639,0.978263618206661,0.007719744314048365
00847-bCPU9suPUw9,belief,459,support,0_0_121,0_0,2,0.0051648825067513865,0.980537410238765,0.9074141339458586,0.9749621184654413,0.005953920030789493
00847-bCPU9suPUw9,belief,459,support,1_3_61,1_3,3,0.003994125809750799,0.9758969322766786,0.9465551749150145,0.988051185178914,0.004376152119006322
00847-bCPU9suPUw9,belief,459,support,1_3_80,1_3,4,0.0034293157895238856,0.9890335468801627,0.928046241658231,0.9921703565657356,0.0037656555578189995
00847-bCPU9suPUw9,belief,459,support,1_4_282,1_4,5,0.0031847847232209575,0.9820655992587496,0.885348459329415,0.9859951518664664,0.0037149294245525824
00847-bCPU9suPUw9,belief,460,surface,1_4_328,1_4,1,0.1381194900378891,0.9604532926292239,0.9485197742122746,0.9225041364003069,0.1643478416875996
00847-bCPU9suPUw9,belief,460,surface,1_4_241,1_4,2,0.13729628963362667,0.9584791129543668,0.952463328879928,0.9233552421498867,0.16287673864649024
00847-bCPU9suPUw9,belief,460,surface,0_0_132,0_0,3,0.11541327955551026,0.9834420556567529,0.9224957060911139,0.9803230864044353,0.12976973625096605
00847-bCPU9suPUw9,belief,460,surface,0_0_139,0_0,4,0.06657797614888944,0.9774993402545592,0.9139152047112395,0.993184630694904,0.07503747700464518
00847-bCPU9suPUw9,belief,460,surface,1_4_243,1_4,5,0.061948631468276366,0.9901460707187653,0.9395753064671825,0.9896517402937077,0.06728503168798197
00847-bCPU9suPUw9,belief,461,surfboard,1_4_328,1_4,1,0.00985890850438807,0.9604532926292239,0.9485197742122746,0.9225041364003069,0.011731076719492813
00847-bCPU9suPUw9,belief,461,surfboard,1_4_366,1_4,2,0.0033531588741427102,0.9506685909097835,0.9684015075045742,0.9596372908196247,0.00379544246745177
00847-bCPU9suPUw9,belief,461,surfboard,1_3_65,1_3,3,0.0029031431873715453,0.792051606045829,0.9658725693990523,0.9834566186168903,0.003858690427465483
00847-bCPU9suPUw9,belief,461,surfboard,1_4_353,1_4,4,0.0021463867206372536,0.9591500904825,0.9338502977635708,0.9944434574731362,0.0024097059178500614
00847-bCPU9suPUw9,belief,461,surfboard,1_4_333,1_4,5,0.0016951644813379889,0.9596541733413347,0.9315444463392639,0.978263618206661,0.0019383741274585668
00847-bCPU9suPUw9,belief,462,swing,0_2_122,0_2,1,0.00215115704332924,0.9636027730521939,0.9313190768491297,0.998543000294776,0.002400539215470366
00847-bCPU9suPUw9,belief,462,swing,0_1_22,0_1,2,0.0020135625418510575,0.9830471463453138,0.8856929132168222,0.9004639867482277,0.002568273428896081
00847-bCPU9suPUw9,belief,462,swing,1_4_5,1_4,3,0.001667623065218581,0.9754499978438192,0.9103070525785506,0.9967787274763326,0.001884109818412795
00847-bCPU9suPUw9,belief,462,swing,1_4_145,1_4,4,0.0016267116252772268,0.9104007378457085,0.9396733623387052,0.9388654336659464,0.0020253388980246865
00847-bCPU9suPUw9,belief,462,swing,0_0_121,0_0,5,0.0013517559205717053,0.980537410238765,0.9074141339458586,0.9749621184654413,0.0015582632599501981
00847-bCPU9suPUw9,belief,463,switch,1_4_256,1_4,1,0.6947187037256288,0.977309597035249,0.889928639832974,0.9990872021251436,0.7994995957880717
00847-bCPU9suPUw9,belief,463,switch,0_0_119,0_0,2,0.6448743629812071,0.9808515710835324,0.9460597068130485,0.9981587200107882,0.6962315003142269
00847-bCPU9suPUw9,belief,463,switch,0_0_36,0_0,3,0.6003041614338437,0.9707834795079281,0.9051463694434468,0.9986648556906623,0.68408551773931
00847-bCPU9suPUw9,belief,463,switch,0_2_230,0_2,4,0.594139511103644,0.9791888528623551,0.9420403725120654,0.9955319985465925,0.6469895028397096
00847-bCPU9suPUw9,belief,463,switch,1_3_72,1_3,5,0.15320362797122083,0.9841260009409399,0.920416770886517,0.9964739217335177,0.16973362355951271
00847-bCPU9suPUw9,belief,464,table,0_1_0,0_1,1,0.5619812253945897,0.8382629914438283,0.983131747951762,0.9988913718065714,0.6826711211684349
00847-bCPU9suPUw9,belief,464,table,0_1_33,0_1,2,0.5572739772699584,0.9817992164442937,0.9124626264613387,0.9986863432600834,0.6228764139522949
00847-bCPU9suPUw9,belief,464,table,0_1_2,0_1,3,0.37900712273232706,0.9533353589206437,0.9330189467693164,0.9995270389960043,0.42630130345006517
00847-bCPU9suPUw9,belief,464,table,0_1_55,0_1,4,0.3151221510582351,0.9869548980113245,0.9480536090733174,0.99862698938465,0.33724493085558604
00847-bCPU9suPUw9,belief,464,table,0_0_4,0_0,5,0.22408685851150428,0.9776704441239437,0.9238391988199979,0.9962689395356504,0.24902957407761425
00847-bCPU9suPUw9,belief,465,table cloth,0_1_28,0_1,1,0.06794009244090352,0.9800328733394298,0.9476457523588722,0.9906294902194217,0.07384621105737288
00847-bCPU9suPUw9,belief,465,table cloth,0_1_0,0_1,2,0.03929671791770524,0.8382629914438283,0.983131747951762,0.9988913718065714,0.04773599769330982
00847-bCPU9suPUw9,belief,465,table cloth,0_1_33,0_1,3,0.03341232141706667,0.9817992164442937,0.9124626264613387,0.9986863432600834,0.037345628532735486
00847-bCPU9suPUw9,belief,465,table cloth,1_3_63,1_3,4,0.017379846082405996,0.9752126448429548,0.9471338038176392,0.9961274815467568,0.018889494818068404
00847-bCPU9suPUw9,belief,465,table cloth,1_3_85,1_3,5,0.014422941638975742,0.8728253359249395,0.9122359458471869,0.99782413095038,0.01815370685461761
00847-bCPU9suPUw9,belief,466,table pad,0_1_0,0_1,1,0.2665202306919618,0.8382629914438283,0.983131747951762,0.9988913718065714,0.3237575500370143
00847-bCPU9suPUw9,belief,466,table pad,0_1_33,0_1,2,0.22711263404056048,0.9817992164442937,0.9124626264613387,0.9986863432600834,0.25384839203772064
00847-bCPU9suPUw9,belief,466,table pad,0_1_55,0_1,3,0.07837111440478198,0.9869548980113245,0.9480536090733174,0.99862698938465,0.08387306626893254
00847-bCPU9suPUw9,belief,466,table pad,0_1_28,0_1,4,0.04923446979057202,0.9800328733394298,0.9476457523588722,0.9906294902194217,0.0535144848472932
00847-bCPU9suPUw9,belief,466,table pad,1_3_101,1_3,5,0.04507964039784288,0.9893706900232927,0.9196818511375601,0.9977036786950922,0.04965719832746521
00847-bCPU9suPUw9,belief,467,table stand,0_0_4,0_0,1,0.19204802831919085,0.9776704441239437,0.9238391988199979,0.9962689395356504,0.21342455783643555
00847-bCPU9suPUw9,belief,467,table stand,1_3_101,1_3,2,0.18577731473912523,0.9893706900232927,0.9196818511375601,0.9977036786950922,0.20464184898835405
00847-bCPU9suPUw9,belief,467,table stand,0_1_28,0_1,3,0.15146893674121836,0.9800328733394298,0.9476457523588722,0.9906294902194217,0.16463632399319003
00847-bCPU9suPUw9,belief,467,table stand,0_1_2,0_1,4,0.10114313672896755,0.9533353589206437,0.9330189467693164,0.9995270389960043,0.11376422351048698
00847-bCPU9suPUw9,belief,467,table stand,0_0_222,0_0,5,0.0954223040568836,0.9158352406742973,0.9282724007985054,0.9856950788308945,0.11387136360243068
00847-bCPU9suPUw9,belief,468,table tennis table,0_1_28,0_1,1,0.020111657284120496,0.9800328733394298,0.9476457523588722,0.9906294902194217,0.021859989222248428
00847-bCPU9suPUw9,belief,468,table tennis table,1_3_101,1_3,2,0.008974106176504997,0.9893706900232927,0.9196818511375601,0.9977036786950922,0.0098853710075239
00847-bCPU9suPUw9,belief,468,table tennis table,0_0_4,0_0,3,0.0009780975098209273,0.9776704441239437,0.9238391988199979,0.9962689395356504,0.00108696782977381
00847-bCPU9suPUw9,belief,468,table tennis table,0_1_21,0_1,4,0.0006036380997251007,0.9668342461107468,0.921719750376947,0.9942681034561754,0.000681274631250008
00847-bCPU9suPUw9,belief,468,table tennis table,0_1_9,0_1,5,0.0005480879774404883,0.9864604532511158,0.9353844965161752,0.9941106263218981,0.0005975107358124507
00847-bCPU9suPUw9,belief,469,tablet,1_3_49,1_3,1,0.07230596049652706,0.9683928929761182,0.9201044686745878,0.9928466458756158,0.08173408274427385
00847-bCPU9suPUw9,belief,469,tablet,0_0_4,0_0,2,0.017288820635622988,0.9776704441239437,0.9238391988199979,0.9962689395356504,0.01921320896634564
00847-bCPU9suPUw9,belief,469,tablet,1_4_278,1_4,3,0.007038852019365902,0.978543883044493,0.9386913383932867,0.9973038564044621,0.007683714499229949
00847-bCPU9suPUw9,belief,469,tablet,1_4_328,1_4,4,0.006582884521116858,0.9604532926292239,0.9485197742122746,0.9225041364003069,0.007832948578274363
00847-bCPU9suPUw9,belief,469,tablet,0_0_264,0_0,5,0.005311363135196334,0.9598997520548957,0.9217683003870645,0.9951656092943066,0.006032022980493367
00847-bCPU9suPUw9,belief,470,tambourine,0_0_49,0_0,1,0.00512257133283271,0.8135691499195076,0.9906693268257736,0.9340714144771816,0.00680432023256405
00847-bCPU9suPUw9,belief,470,tambourine,1_2_7,1_2,2,0.003686555280956222,0.9773377151328473,0.9437427944289503,0.968209432762009,0.004128127802119306
00847-bCPU9suPUw9,belief,470,tambourine,0_0_20,0_0,3,0.0005177116631605035,0.9558162924507192,0.9292816973908237,0.8341524826375847,0.0006987481798910131
00847-bCPU9suPUw9,belief,470,tambourine,0_0_97,0_0,4,0.0004073292234604041,0.9935984202372122,0.9307273273458063,0.9321404593735364,0.00047253159541407513
00847-bCPU9suPUw9,belief,470,tambourine,1_4_145,1_4,5,0.0003643085469044175,0.9104007378457085,0.9396733623387052,0.9388654336659464,0.00045358271218023813
00847-bCPU9suPUw9,belief,471,tea set,0_1_21,0_1,1,1.2603034653908152e-05,0.9668342461107468,0.921719750376947,0.9942681034561754,1.4223965966333981e-05
00847-bCPU9suPUw9,belief,471,tea set,0_1_9,0_1,2,1.0405840638870888e-05,0.9864604532511158,0.9353844965161752,0.9941106263218981,1.134416690895935e-05
00847-bCPU9suPUw9,belief,471,tea set,0_1_23,0_1,3,9.182648265083318e-06,0.9776777075165078,0.9431075102464561,0.9836684123055457,1.0124237109322267e-05
00847-bCPU9suPUw9,belief,471,tea set,0_0_121,0_0,4,8.033133123202107e-06,0.980537410238765,0.9074141339458586,0.9749621184654413,9.260352418416365e-06
00847-bCPU9suPUw9,belief,471,tea set,0_0_4,0_0,5,7.871691877292806e-06,0.9776704441239437,0.9238391988199979,0.9962689395356504,8.747876107031082e-06
00847-bCPU9suPUw9,belief,472,telescope,0_0_121,0_0,1,0.020546669055786677,0.980537410238765,0.9074141339458586,0.9749621184654413,0.02368557741581545
00847-bCPU9suPUw9,belief,472,telescope,0_2_136,0_2,2,0.0050879400401462795,0.9841152340640581,0.9277847367971246,0.9791478550795489,0.005691156514673733
00847-bCPU9suPUw9,belief,472,telescope,1_4_378,1_4,3,0.0026455604259301873,0.98153669493539,0.9238372308579537,0.9829559623564993,0.0029681211479360443
00847-bCPU9suPUw9,belief,472,telescope,1_2_6,1_2,4,0.002583484576603862,0.9714544889254447,0.9279938424436841,0.9858602980949762,0.0029068521423372433
00847-bCPU9suPUw9,belief,472,telescope,1_4_5,1_4,5,0.0021140671752498306,0.9754499978438192,0.9103070525785506,0.9967787274763326,0.0023885102123784342
00847-bCPU9suPUw9,belief,473,tennis racket,1_4_333,1_4,1,0.00011354180903834279,0.9596541733413347,0.9315444463392639,0.978263618206661,0.0001298319469571774
00847-bCPU9suPUw9,belief,473,tennis racket,1_4_148,1_4,2,0.00010510597569021046,0.99217376965109,0.9704388242885794,0.9806729473606345,0.00011131336423661341
00847-bCPU9suPUw9,belief,473,tennis racket,1_1_49,1_1,3,8.737182554496964e-05,0.9875282130458138,0.96686008017256,0.9958178228838686,9.189214171126522e-05
00847-bCPU9suPUw9,belief,473,tennis racket,0_2_292,0_2,4,8.681421653213826e-05,0.9842554975406272,0.9291218997752065,0.4643038225405581,0.00020445985345455905
00847-bCPU9suPUw9,belief,473,tennis racket,1_4_145,1_4,5,8.042798674305499e-05,0.9104007378457085,0.9396733623387052,0.9388654336659464,0.00010013694345656529
00847-bCPU9suPUw9,belief,474,tent,1_4_261,1_4,1,0.0008723028668788285,0.9472227863306233,0.9312278372204055,0.9924184578433564,0.0009964703482405579
00847-bCPU9suPUw9,belief,474,tent,1_4_241,1_4,2,0.000754276311995793,0.9584791129543668,0.952463328879928,0.9233552421498867,0.000894809801954676
00847-bCPU9suPUw9,belief,474,tent,1_1_49,1_1,3,0.0006351418728114953,0.9875282130458138,0.96686008017256,0.9958178228838686,0.0006680019173127213
00847-bCPU9suPUw9,belief,474,tent,1_2_44,1_2,4,0.0006004481078467871,0.9968035345773663,0.9461879913635816,0.9910954239203157,0.0006423518933189363
00847-bCPU9suPUw9,belief,474,tent,1_4_305,1_4,5,0.0005973070247264873,0.9803690094225991,0.9173311822905326,0.9881609252321623,0.0006721314467170762
00847-bCPU9suPUw9,belief,475,thermometer,0_2_271,0_2,1,0.002451726941886545,0.962668301979982,0.9645721560036902,0.9957172578114508,0.002651701730635976
00847-bCPU9suPUw9,belief,475,thermometer,0_0_133,0_0,2,0.001800275743574828,0.9739733717502285,0.9213976511405337,0.9878747257834515,0.0020306869190331333
00847-bCPU9suPUw9,belief,475,thermometer,1_1_11,1_1,3,0.0017845077182330519,0.982985536318247,0.9292621414017141,0.989335145769878,0.0019746476893863604
00847-bCPU9suPUw9,belief,475,thermometer,1_4_278,1_4,4,0.0016119280547725258,0.978543883044493,0.9386913383932867,0.9973038564044621,0.0017596043974351014
00847-bCPU9suPUw9,belief,475,thermometer,1_1_49,1_1,5,0.0014445158234604228,0.9875282130458138,0.96686008017256,0.9958178228838686,0.001519250077764142
00847-bCPU9suPUw9,belief,476,thermostat,0_2_271,0_2,1,0.021435646058795457,0.962668301979982,0.9645721560036902,0.9957172578114508,0.02318404173821674
00847-bCPU9suPUw9,belief,476,thermostat,0_2_114,0_2,2,0.0201961040917304,0.9756598766460565,0.9212181332343615,0.9985557205083575,0.022502686672387827
00847-bCPU9suPUw9,belief,476,thermostat,0_0_36,0_0,3,0.01870804923246525,0.9707834795079281,0.9051463694434468,0.9986648556906623,0.021319035194617555
00847-bCPU9suPUw9,belief,476,thermostat,0_2_343,0_2,4,0.0162136489948931,0.9941945066531863,0.9420015878921808,0.9960420072257069,0.017381214453514326
00847-bCPU9suPUw9,belief,476,thermostat,0_2_187,0_2,5,0.0144345459020702,0.9371803566560442,0.9040747988065558,0.9976796384730838,0.017075934351266957
00847-bCPU9suPUw9,belief,477,three,1_4_145,1_4,1,0.1408632117460963,0.9104007378457085,0.9396733623387052,0.9388654336659464,0.17538187937978017
00847-bCPU9suPUw9,belief,477,three,0_0_245,0_0,2,0.10673716079029037,0.9536861710046758,0.921513822699142,0.9942139093670969,0.12215984484201425
00847-bCPU9suPUw9,belief,477,three,0_0_121,0_0,3,0.04818120996562841,0.980537410238765,0.9074141339458586,0.9749621184654413,0.05554183870534226
00847-bCPU9suPUw9,belief,477,three,1_4_42,1_4,4,0.04144503688139915,0.8582223045615813,0.9397449722536271,0.9894726898997712,0.051934853436534735
00847-bCPU9suPUw9,belief,477,three,1_4_148,1_4,5,0.03616676716546302,0.99217376965109,0.9704388242885794,0.9806729473606345,0.038302717807556036
00847-bCPU9suPUw9,belief,478,tile,0_1_43,0_1,1,0.9619398470621723,0.9805429702175075,0.9925762400351195,0.9999993691368897,0.988365741797448
00847-bCPU9suPUw9,belief,478,tile,0_1_47,0_1,2,0.9534436440714531,0.9909742123659594,0.9664309587077244,0.9999983106958121,0.9955488492555419
00847-bCPU9suPUw9,belief,478,tile,0_1_45,0_1,3,0.9478989896432107,0.9598149110767857,0.9951349023390048,0.9999998187906265,0.9924135560825448
00847-bCPU9suPUw9,belief,478,tile,0_0_190,0_0,4,0.945809249530459,0.987935704549009,0.961822744962711,0.9999511041976847,0.9954078658089991
00847-bCPU9suPUw9,belief,478,tile,1_4_142,1_4,5,0.9365603159031385,0.9865564541526575,0.9638634777099511,0.9996697975218999,0.9852392705695402
00847-bCPU9suPUw9,belief,479,tire,1_4_40,1_4,1,0.1181449273797532,0.9063135648389717,0.9195469443544857,0.9818555645026293,0.14438267646751873
00847-bCPU9suPUw9,belief,479,tire,1_4_126,1_4,2,0.0917753942218639,0.9827955028400963,0.9232371952679889,0.947146773874221,0.10679047564567616
00847-bCPU9suPUw9,belief,479,tire,0_0_245,0_0,3,0.045614852030648974,0.9536861710046758,0.921513822699142,0.9942139093670969,0.0522058410144859
00847-bCPU9suPUw9,belief,479,tire,0_2_364,0_2,4,0.03565033676778978,0.9912697009710005,0.9287316002590609,0.995172893744787,0.038911954361361
00847-bCPU9suPUw9,belief,479,tire,0_0_151,0_0,5,0.03468600507403507,0.9749382848567221,0.9239947360119743,0.9947546375803588,0.03870719395719058
00847-bCPU9suPUw9,belief,480,tissue,1_3_78,1_3,1,0.8784223934068589,0.9829793515181887,0.9425311215647085,0.994973106447308,0.9529101703327126
00847-bCPU9suPUw9,belief,480,tissue,1_3_13,1_3,2,0.8265282860327829,0.9668956158685638,0.9170636341626756,0.9646060709313784,0.9663371299991497
00847-bCPU9suPUw9,belief,480,tissue,1_4_165,1_4,3,0.6994245309235619,0.9627723274959458,0.9238483968494362,0.9794395197424267,0.8028583492588552
00847-bCPU9suPUw9,belief,480,tissue,1_4_182,1_4,4,0.6764260064258479,0.9873408383881807,0.9996928140844018,0.7157422504491369,0.957480572887848
00847-bCPU9suPUw9,belief,480,tissue,1_4_171,1_4,5,0.6656306338369343,0.9730271980166435,0.9486222968356561,0.8884426919779846,0.8116813615974205
00847-bCPU9suPUw9,belief,481,title,0_2_64,0_2,1,0.5294994587987493,0.9469693373111846,0.9219938431991817,0.9554580748397383,0.6347313478471008
00847-bCPU9suPUw9,belief,481,title,0_1_3,0_1,2,0.4842343072929304,0.9866744390811721,0.9478143073203493,0.9840177354875044,0.5262056316082063
00847-bCPU9suPUw9,belief,481,title,0_2_156,0_2,3,0.45864853477988937,0.9955547256875991,0.9293726437961038,0.9834594412996636,0.5040440975653719
00847-bCPU9suPUw9,belief,481,title,0_2_28,0_2,4,0.43427897271047544,0.954410506784916,0.95689041796717,0.9729465833140174,0.48874506715043053
00847-bCPU9suPUw9,belief,481,title,0_2_258,0_2,5,0.4007122223657706,0.9771059443171629,0.9680290435146537,0.9714150315026995,0.43611168891676333
00847-bCPU9suPUw9,belief,482,toaster,0_2_88,0_2,1,0.01479281576384463,0.9510359837129343,0.942987520611742,0.9975321573623284,0.016535641528034103
00847-bCPU9suPUw9,belief,482,toaster,1_3_49,1_3,2,0.008746682494261887,0.9683928929761182,0.9201044686745878,0.9928466458756158,0.00988718033499092
00847-bCPU9suPUw9,belief,482,toaster,1_3_4,1_3,3,0.0030137520413718276,0.9850588760745584,0.9383394647664787,0.9958823729247366,0.00327398964240449
00847-bCPU9suPUw9,belief,482,toaster,0_2_134,0_2,4,0.0027072314256003523,0.9900314290123388,0.9291918269468333,0.9985301810256297,0.0029472014602140366
00847-bCPU9suPUw9,belief,482,toaster,1_4_333,1_4,5,0.002537020165565204,0.9596541733413347,0.9315444463392639,0.978263618206661,0.0029010130308362273
00847-bCPU9suPUw9,belief,483,toaster oven,0_0_255,0_0,1,0.13553549203299314,0.9899634569883347,0.9599889056620867,0.9998552859092829,0.1426364469829304
00847-bCPU9suPUw9,belief,483,toaster oven,0_0_209,0_0,2,0.11768787351128578,0.9643019617129316,0.9046880159576363,0.999504242980094,0.13496935918936256
00847-bCPU9suPUw9,belief,483,toaster oven,0_0_166,0_0,3,0.08353543249307539,0.9750912189894068,0.9690180537759154,0.9999743524693931,0.08841068393053272
00847-bCPU9suPUw9,belief,483,toaster oven,0_0_236,0_0,4,0.04875039053130912,0.9816076288332688,0.95576105067723,0.9988694904704355,0.052021407434238595
00847-bCPU9suPUw9,belief,483,toaster oven,0_0_177,0_0,5,0.04571015320623094,0.9868191166504108,0.9140650172172072,0.9991919393724554,0.05071648109696177
00847-bCPU9suPUw9,belief,484,toilet,1_0_7,1_0,1,0.9262934756381953,0.9898992758391149,0.9507921753477562,0.9998943986214985,0.9842781948187977
00847-bCPU9suPUw9,belief,484,toilet,0_0_87,0_0,2,0.8898228499784795,0.991527878090124,0.9411062907871572,0.9965142824656456,0.9569217380777231
00847-bCPU9suPUw9,belief,484,toilet,1_4_74,1_4,3,0.885060929315932,0.9865497896517371,0.9207556202973524,0.9994493742472538,0.9748751096641335
00847-bCPU9suPUw9,belief,484,toilet,0_0_112,0_0,4,0.8340845277686009,0.9674386478728337,0.9301206642401239,0.9945428477383048,0.9320170143620132
00847-bCPU9suPUw9,belief,484,toilet,0_0_10,0_0,5,0.8029985275055861,0.9282738703671686,0.9279331459924882,0.9963964403152216,0.9355990402547253
00847-bCPU9suPUw9,belief,485,toilet brush,0_0_112,0_0,1,0.24230081135186043,0.9674386478728337,0.9301206642401239,0.9945428477383048,0.2707501113559868
00847-bCPU9suPUw9,belief,485,toilet brush,0_0_87,0_0,2,0.2012787207159816,0.991527878090124,0.9411062907871572,0.9965142824656456,0.21645654893022356
00847-bCPU9suPUw9,belief,485,toilet brush,0_0_10,0_0,3,0.11894743185865374,0.9282738703671686,0.9279331459924882,0.9963964403152216,0.13858942361129872
00847-bCPU9suPUw9,belief,485,toilet brush,1_4_176,1_4,4,0.11773853786033377,0.8834901933670045,0.9441790575549991,0.9979257414368748,0.1414374169504827
00847-bCPU9suPUw9,belief,485,toilet brush,1_4_158,1_4,5,0.0749212694211885,0.9947657858176776,0.9713552596185588,0.9909064704379772,0.07824805067681692
00847-bCPU9suPUw9,belief,486,toilet cleaner,0_0_112,0_0,1,0.3622660549995293,0.9674386478728337,0.9301206642401239,0.9945428477383048,0.404800851406078
00847-bCPU9suPUw9,belief,486,toilet cleaner,0_0_87,0_0,2,0.3430260926768445,0.991527878090124,0.9411062907871572,0.9965142824656456,0.36889266758914413
00847-bCPU9suPUw9,belief,486,toilet cleaner,1_0_7,1_0,3,0.16259096202132584,0.9898992758391149,0.9507921753477562,0.9998943986214985,0.17276893641288144
00847-bCPU9suPUw9,belief,486,toilet cleaner,1_4_74,1_4,4,0.12728326050928973,0.9865497896517371,0.9207556202973524,0.9994493742472538,0.1401997065256382
00847-bCPU9suPUw9,belief,486,toilet cleaner,0_0_10,0_0,5,0.08911342887452788,0.9282738703671686,0.9279331459924882,0.9963964403152216,0.1038288809667039
00847-bCPU9suPUw9,belief,487,toilet paper,1_4_176,1_4,1,0.654348361003885,0.8834901933670045,0.9441790575549991,0.9979257414368748,0.7860581900206478
00847-bCPU9suPUw9,belief,487,toilet paper,1_4_74,1_4,2,0.6157169001216625,0.9865497896517371,0.9207556202973524,0.9994493742472538,0.6781985970074399
00847-bCPU9suPUw9,belief,487,toilet paper,1_0_7,1_0,3,0.6031944617825914,0.9898992758391149,0.9507921753477562,0.9998943986214985,0.6409536195415948
00847-bCPU9suPUw9,belief,487,toilet paper,0_0_87,0_0,4,0.45932432180625127,0.991527878090124,0.9411062907871572,0.9965142824656456,0.493960599432617
00847-bCPU9suPUw9,belief,487,toilet paper,0_0_10,0_0,5,0.399591905140889,0.9282738703671686,0.9279331459924882,0.9963964403152216,0.465577196143454
00847-bCPU9suPUw9,belief,488,toiletry,0_0_10,0_0,1,0.010110965698109044,0.9282738703671686,0.9279331459924882,0.9963964403152216,0.011780606662611175
00847-bCPU9suPUw9,belief,488,toiletry,1_0_15,1_0,2,0.009417353950579488,0.9857501345834155,0.96147656268183,0.9911835257315206,0.010024651216636956
00847-bCPU9suPUw9,belief,488,toiletry,1_0_9,1_0,3,0.009067127151359931,0.9879213317992196,0.950492526594505,0.9970204793865409,0.00968488698870117
00847-bCPU9suPUw9,belief,488,toiletry,1_0_11,1_0,4,0.008804078278129096,0.9564327410857143,0.9512265816298416,0.9943039070001481,0.009732543123550387
00847-bCPU9suPUw9,belief,488,toiletry,1_0_16,1_0,5,0.008403797387576765,0.9503567392983764,0.9295267481744803,0.9901427029186235,0.009607916755279042
00847-bCPU9suPUw9,belief,489,tool,1_4_237,1_4,1,0.25418948697668886,0.963559720480698,0.9475630106305433,0.9655640888196348,0.28832994117401417
00847-bCPU9suPUw9,belief,489,tool,1_3_52,1_3,2,0.21361525938563738,0.9488265742756002,0.9184029233176375,0.987238135479841,0.24830773737771153
00847-bCPU9suPUw9,belief,489,tool,1_4_85,1_4,3,0.2019559298472378,0.9725220500025226,0.9573267788799107,0.9843723887980406,0.22036241424304237
00847-bCPU9suPUw9,belief,489,tool,1_3_75,1_3,4,0.16693505511399293,0.973121780193494,0.927292401825311,0.9711320901172392,0.19049577393621903
00847-bCPU9suPUw9,belief,489,tool,1_1_41,1_1,5,0.1499059879653527,0.9901392846000671,0.9579356317021763,0.9913119206149879,0.1594321977362555
00847-bCPU9suPUw9,belief,490,tool rack,1_4_282,1_4,1,0.004477657452667046,0.9820655992587496,0.885348459329415,0.9859951518664664,0.005223015955425979
00847-bCPU9suPUw9,belief,490,tool rack,1_4_237,1_4,2,0.0011127469172306883,0.963559720480698,0.9475630106305433,0.9655640888196348,0.0012622011122596635
00847-bCPU9suPUw9,belief,490,tool rack,1_4_85,1_4,3,0.0007026535613660273,0.9725220500025226,0.9573267788799107,0.9843723887980406,0.0007666941756858112
00847-bCPU9suPUw9,belief,490,tool rack,0_0_121,0_0,4,0.00044800896175299605,0.980537410238765,0.9074141339458586,0.9749621184654413,0.0005164511540906507
00847-bCPU9suPUw9,belief,490,tool rack,1_1_12,1_1,5,0.0004042225855115198,0.9894747713504456,0.9397623336545973,0.9806563237277454,0.0004432829044501997
00847-bCPU9suPUw9,belief,491,toothbrush,1_0_9,1_0,1,0.007920177393421239,0.9879213317992196,0.950492526594505,0.9970204793865409,0.0084597934610684
00847-bCPU9suPUw9,belief,491,toothbrush,1_4_333,1_4,2,0.006169752490293887,0.9596541733413347,0.9315444463392639,0.978263618206661,0.007054942887057955
00847-bCPU9suPUw9,belief,491,toothbrush,1_4_237,1_4,3,0.0031482317346306346,0.963559720480698,0.9475630106305433,0.9655640888196348,0.00357107401114296
00847-bCPU9suPUw9,belief,491,toothbrush,1_4_85,1_4,4,0.0017236289631336467,0.9725220500025226,0.9573267788799107,0.9843723887980406,0.0018807223925668614
00847-bCPU9suPUw9,belief,491,toothbrush,1_4_282,1_4,5,0.0016987982753759534,0.9820655992587496,0.885348459329415,0.9859951518664664,0.0019815831360779435
00847-bCPU9suPUw9,belief,492,toothpaste,1_4_333,1_4,1,0.06750331612110831,0.9596541733413347,0.9315444463392639,0.978263618206661,0.07718819201752987
00847-bCPU9suPUw9,belief,492,toothpaste,0_0_122,0_0,2,0.04055917536432898,0.9868125643995859,0.939876458575045,0.98246829951637,0.044510772122549815
00847-bCPU9suPUw9,belief,492,toothpaste,1_0_9,1_0,3,0.032645532424928785,0.9879213317992196,0.950492526594505,0.9970204793865409,0.03486973182834372
00847-bCPU9suPUw9,belief,492,toothpaste,1_4_328,1_4,4,0.02465426679995122,0.9604532926292239,0.9485197742122746,0.9225041364003069,0.029336015763240304
00847-bCPU9suPUw9,belief,492,toothpaste,1_4_237,1_4,5,0.01746273418505514,0.963559720480698,0.9475630106305433,0.9655640888196348,0.019808172164005135
00847-bCPU9suPUw9,belief,493,towel,1_4_33,1_4,1,0.17054981804886912,0.9066912476615214,0.9070122366038519,0.9866715713602178,0.2101871083970533
00847-bCPU9suPUw9,belief,493,towel,1_4_294,1_4,2,0.12765816476349065,0.9792151269161325,0.8875150612100938,0.9881140100239504,0.14865779748306857
00847-bCPU9suPUw9,belief,493,towel,1_4_37,1_4,3,0.09164285021531686,0.877072463215898,0.9221976951401709,0.9863556664880694,0.11486971287715132
00847-bCPU9suPUw9,belief,493,towel,1_4_181,1_4,4,0.057078517520558744,0.8909453368127198,0.9618599221201203,0.7461813130730163,0.08926175631471132
00847-bCPU9suPUw9,belief,493,towel,1_4_177,1_4,5,0.05293110006641837,0.9724226342104461,0.9303654187406801,0.7835860382404758,0.07466474949109791
00847-bCPU9suPUw9,belief,494,towel bar,1_4_364,1_4,1,0.11776173075791672,0.9621903694882227,0.9515284488695004,0.9998542236231062,0.12864257103945803
00847-bCPU9suPUw9,belief,494,towel bar,1_0_9,1_0,2,0.10868516558811071,0.9879213317992196,0.950492526594505,0.9970204793865409,0.11609008327530193
00847-bCPU9suPUw9,belief,494,towel bar,1_4_333,1_4,3,0.09935165030408845,0.9596541733413347,0.9315444463392639,0.978263618206661,0.11360588933396756
00847-bCPU9suPUw9,belief,494,towel bar,1_4_147,1_4,4,0.08148139353095943,0.9719609419504801,0.9487145779318946,0.9995510289508289,0.08840342478506032
00847-bCPU9suPUw9,belief,494,towel bar,1_0_13,1_0,5,0.07899484437174496,0.9718846951660357,0.9767092601715524,0.9911530218160428,0.08396107492528142
00847-bCPU9suPUw9,belief,495,toy,0_2_30,0_2,1,0.017259598033167168,0.9504582919290898,0.9635658303955671,0.8741924031768115,0.02155803606884445
00847-bCPU9suPUw9,belief,495,toy,0_0_121,0_0,2,0.0034033303187695828,0.980537410238765,0.9074141339458586,0.9749621184654413,0.00392325605274234
00847-bCPU9suPUw9,belief,495,toy,0_2_121,0_2,3,0.003392620618224418,0.927454593178509,0.9223524558086724,0.8061381993848,0.004919672934621994
00847-bCPU9suPUw9,belief,495,toy,0_2_64,0_2,4,0.00248539450294407,0.9469693373111846,0.9219938431991817,0.9554580748397383,0.0029793378946305193
00847-bCPU9suPUw9,belief,495,toy,0_0_212,0_0,5,0.002399031858423617,0.9801583785470427,0.9270530865768214,0.9723155331951806,0.0027153632164330266
00847-bCPU9suPUw9,belief,496,traffic cone,1_4_241,1_4,1,0.00011910751092612301,0.9584791129543668,0.952463328879928,0.9233552421498867,0.00014129910560377372
00847-bCPU9suPUw9,belief,496,traffic cone,1_1_12,1_1,2,0.00010841342092365996,0.9894747713504456,0.9397623336545973,0.9806563237277454,0.00011888948770046512
00847-bCPU9suPUw9,belief,496,traffic cone,1_4_213,1_4,3,9.980019727708798e-05,0.978424323458879,0.9379155492151564,0.9682307162921814,0.0001123211566674915
00847-bCPU9suPUw9,belief,496,traffic cone,1_4_55,1_4,4,9.29644214127582e-05,0.9243127020825476,0.9362417596593713,0.968176981657554,0.00011095709762045975
00847-bCPU9suPUw9,belief,496,traffic cone,0_0_20,0_0,5,7.745701662997122e-05,0.9558162924507192,0.9292816973908237,0.8341524826375847,0.00010454265036173399
00847-bCPU9suPUw9,belief,497,trampoline,1_3_49,1_3,1,0.0011936053014607333,0.9683928929761182,0.9201044686745878,0.9928466458756158,0.00134924194082563
00847-bCPU9suPUw9,belief,497,trampoline,0_2_46,0_2,2,0.0011589594648156215,0.9567169125145035,0.9922638202116698,0.9936874436763466,0.0012285924345784714
00847-bCPU9suPUw9,belief,497,trampoline,0_2_98,0_2,3,0.0006584212154995432,0.9495780360135,0.9386331792097166,0.9988527177627043,0.0007395640602017914
00847-bCPU9suPUw9,belief,497,trampoline,1_4_283,1_4,4,0.0005546398400619369,0.9901690676923827,0.9288921866230879,0.9919227841205641,0.0006079369370480025
00847-bCPU9suPUw9,belief,497,trampoline,0_2_122,0_2,5,0.0004863577184014349,0.9636027730521939,0.9313190768491297,0.998543000294776,0.000542740837722579
00847-bCPU9suPUw9,belief,498,trash bag,0_0_151,0_0,1,0.41748188722527674,0.9749382848567221,0.9239947360119743,0.9947546375803588,0.46588104764302535
00847-bCPU9suPUw9,belief,498,trash bag,1_4_20,1_4,2,0.34372765660129373,0.9752845075762993,0.955558663304775,0.997827043332922,0.3696328214863617
00847-bCPU9suPUw9,belief,498,trash bag,0_0_283,0_0,3,0.22367212399954978,0.9718712608397111,0.9176857720767853,0.9965496429550549,0.25165767836136255
00847-bCPU9suPUw9,belief,498,trash bag,0_0_205,0_0,4,0.10770057079295331,0.9789207304452919,0.9416084567305552,0.9843866999205924,0.11869553758993612
00847-bCPU9suPUw9,belief,498,trash bag,0_0_211,0_0,5,0.10578314087959508,0.8926172025421795,0.9326931510284149,0.9725942458414373,0.13064136877635138
00847-bCPU9suPUw9,belief,499,tray,0_0_4,0_0,1,0.08006134121931338,0.9776704441239437,0.9238391988199979,0.9962689395356504,0.08897282882344743
00847-bCPU9suPUw9,belief,499,tray,0_0_20,0_0,2,0.030307273587962234,0.9558162924507192,0.9292816973908237,0.8341524826375847,0.04090530263074668
00847-bCPU9suPUw9,belief,499,tray,1_3_49,1_3,3,0.019742024301312285,0.9683928929761182,0.9201044686745878,0.9928466458756158,0.022316227275072657
00847-bCPU9suPUw9,belief,499,tray,1_1_10,1_1,4,0.01695634281130305,0.9805507501524005,0.9417670513724945,0.9967625458924613,0.01842158138629606
00847-bCPU9suPUw9,belief,499,tray,0_2_108,0_2,5,0.016878845600311627,0.9055805681972486,0.9371398021875373,0.9988747148144803,0.019911328719240878
00847-bCPU9suPUw9,belief,500,treadmill,1_3_49,1_3,1,0.0023571152727353273,0.9683928929761182,0.9201044686745878,0.9928466458756158,0.002664464359736904
00847-bCPU9suPUw9,belief,500,treadmill,1_4_283,1_4,2,0.0016606524950410879,0.9901690676923827,0.9288921866230879,0.9919227841205641,0.0018202298472170023
00847-bCPU9suPUw9,belief,500,treadmill,0_2_263,0_2,3,0.001222074666731236,0.9666385543566175,0.9414456342630766,0.9733096724486212,0.001379708510885959
00847-bCPU9suPUw9,belief,500,treadmill,0_2_308,0_2,4,0.0007043489739873989,0.9875811462866516,0.9392715606435618,0.9873392738537596,0.000769055195707862
00847-bCPU9suPUw9,belief,500,treadmill,0_2_152,0_2,5,0.0006408014493081279,0.8999445178666299,0.8958307475022594,0.9965438870989222,0.000797600386020223
00847-bCPU9suPUw9,belief,501,tree,0_2_338,0_2,1,0.022969011496091478,0.8096549255980385,0.9896423681867994,0.9863440250793714,0.02906267898262688
00847-bCPU9suPUw9,belief,501,tree,0_0_121,0_0,2,0.01246308411109374,0.980537410238765,0.9074141339458586,0.9749621184654413,0.014367065666538911
00847-bCPU9suPUw9,belief,501,tree,1_1_11,1_1,3,0.008359807050822256,0.982985536318247,0.9292621414017141,0.989335145769878,0.009250547648495021
00847-bCPU9suPUw9,belief,501,tree,0_2_30,0_2,4,0.006148867853846494,0.9504582919290898,0.9635658303955671,0.8741924031768115,0.0076802202879261575
00847-bCPU9suPUw9,belief,501,tree,1_1_12,1_1,5,0.004043478682407955,0.9894747713504456,0.9397623336545973,0.9806563237277454,0.004434202933396417
00847-bCPU9suPUw9,belief,502,tree branch,0_2_172,0_2,1,0.0003891709974836634,0.9729394952168455,0.9375111085948395,0.9696488976026109,0.0004400111722236886
00847-bCPU9suPUw9,belief,502,tree branch,0_0_121,0_0,2,6.415183408580443e-05,0.980537410238765,0.9074141339458586,0.9749621184654413,7.395229019751652e-05
00847-bCPU9suPUw9,belief,502,tree branch,0_2_30,0_2,3,4.814643055092428e-05,0.9504582919290898,0.9635658303955671,0.8741924031768115,6.0137118165113826e-05
00847-bCPU9suPUw9,belief,502,tree branch,1_2_6,1_2,4,4.278580875399346e-05,0.9714544889254447,0.9279938424436841,0.9858602980949762,4.8141189215718715e-05
00847-bCPU9suPUw9,belief,502,tree branch,1_1_12,1_1,5,3.750499240629756e-05,0.9894747713504456,0.9397623336545973,0.9806563237277454,4.112912677605064e-05
00847-bCPU9suPUw9,belief,503,trimmer,0_0_121,0_0,1,0.003555346686862645,0.980537410238765,0.9074141339458586,0.9749621184654413,0.00409849591498781
00847-bCPU9suPUw9,belief,503,trimmer,0_2_308,0_2,2,0.003350327932862509,0.9875811462866516,0.9392715606435618,0.9873392738537596,0.0036581115317123893
00847-bCPU9suPUw9,belief,503,trimmer,0_0_263,0_0,3,0.0030174791291305925,0.9835454449057579,0.9391737106233526,0.9922842370153234,0.003292060620990453
00847-bCPU9suPUw9,belief,503,trimmer,1_4_333,1_4,4,0.0028593681807434546,0.9596541733413347,0.9315444463392639,0.978263618206661,0.003269609152060974
00847-bCPU9suPUw9,belief,503,trimmer,0_2_271,0_2,5,0.0024039202226910756,0.962668301979982,0.9645721560036902,0.9957172578114508,0.0025999956626147516
00847-bCPU9suPUw9,belief,504,tripod,0_2_76,0_2,1,0.19253005735571263,0.984385157870063,0.9202547648698964,0.993237239377537,0.21397962114881866
00847-bCPU9suPUw9,belief,504,tripod,1_4_5,1_4,2,0.16639593186067989,0.9754499978438192,0.9103070525785506,0.9967787274763326,0.18799704531644912
00847-bCPU9suPUw9,belief,504,tripod,0_2_98,0_2,3,0.1099134427407287,0.9495780360135,0.9386331792097166,0.9988527177627043,0.1234590108437155
00847-bCPU9suPUw9,belief,504,tripod,0_0_121,0_0,4,0.09226328717343514,0.980537410238765,0.9074141339458586,0.9749621184654413,0.10635832139266142
00847-bCPU9suPUw9,belief,504,tripod,0_2_122,0_2,5,0.08809832174855688,0.9636027730521939,0.9313190768491297,0.998543000294776,0.09831150023674425
00847-bCPU9suPUw9,belief,505,trolley,1_4_333,1_4,1,0.0023564127880576786,0.9596541733413347,0.9315444463392639,0.978263618206661,0.0026944934443047727
00847-bCPU9suPUw9,belief,505,trolley,1_4_282,1_4,2,0.0017623959848606424,0.9820655992587496,0.885348459329415,0.9859951518664664,0.0020557674288422824
00847-bCPU9suPUw9,belief,505,trolley,0_0_121,0_0,3,0.0014015064740491984,0.980537410238765,0.9074141339458586,0.9749621184654413,0.0016156141902966892
00847-bCPU9suPUw9,belief,505,trolley,0_0_245,0_0,4,0.000924314281006375,0.9536861710046758,0.921513822699142,0.9942139093670969,0.0010578704578327912
00847-bCPU9suPUw9,belief,505,trolley,1_3_49,1_3,5,0.000782717798546888,0.9683928929761182,0.9201044686745878,0.9928466458756158,0.0008847779750456394
00847-bCPU9suPUw9,belief,506,trombone,1_4_328,1_4,1,0.03758148213702896,0.9604532926292239,0.9485197742122746,0.9225041364003069,0.04471805879783846
00847-bCPU9suPUw9,belief,506,trombone,0_2_136,0_2,2,0.013997938750898846,0.9841152340640581,0.9277847367971246,0.9791478550795489,0.015657507691834254
00847-bCPU9suPUw9,belief,506,trombone,1_2_58,1_2,3,0.011307632356014034,0.9293061801383182,0.9452391704188443,0.9323275257666694,0.013807105324339111
00847-bCPU9suPUw9,belief,506,trombone,1_2_6,1_2,4,0.010951210062787216,0.9714544889254447,0.9279938424436841,0.9858602980949762,0.01232194251147619
00847-bCPU9suPUw9,belief,506,trombone,1_2_67,1_2,5,0.009235529392287082,0.9697050783369277,0.9365615710026757,0.737039973898197,0.013797320356211038
00847-bCPU9suPUw9,belief,507,trophy,0_2_30,0_2,1,0.1707609863231481,0.9504582919290898,0.9635658303955671,0.8741924031768115,0.2132883683172522
00847-bCPU9suPUw9,belief,507,trophy,0_0_211,0_0,2,0.044101671752651596,0.8926172025421795,0.9326931510284149,0.9725942458414373,0.05446522683278649
00847-bCPU9suPUw9,belief,507,trophy,0_2_88,0_2,3,0.029919298996881984,0.9510359837129343,0.942987520611742,0.9975321573623284,0.03344426178765103
00847-bCPU9suPUw9,belief,507,trophy,0_0_212,0_0,4,0.023096269750347787,0.9801583785470427,0.9270530865768214,0.9723155331951806,0.0261416959081646
00847-bCPU9suPUw9,belief,507,trophy,1_2_67,1_2,5,0.01843719683390826,0.9697050783369277,0.9365615710026757,0.737039973898197,0.027544053013398143
00847-bCPU9suPUw9,belief,508,trough,1_1_41,1_1,1,0.1943094931819674,0.9901392846000671,0.9579356317021763,0.9913119206149879,0.20665745217715478
00847-bCPU9suPUw9,belief,508,trough,1_4_237,1_4,2,0.1495569463019127,0.963559720480698,0.9475630106305433,0.9655640888196348,0.16964409520740834
00847-bCPU9suPUw9,belief,508,trough,1_4_224,1_4,3,0.09090214404781724,0.9945146437888872,0.9454876334411562,0.9483441801514149,0.10193917353903548
00847-bCPU9suPUw9,belief,508,trough,1_4_85,1_4,4,0.09032527718340763,0.9725220500025226,0.9573267788799107,0.9843723887980406,0.09855762176611292
00847-bCPU9suPUw9,belief,508,trough,1_1_60,1_1,5,0.08284197634686626,0.8893756882356225,0.9379361937960633,0.9978754446208856,0.09952119149603349
00847-bCPU9suPUw9,belief,509,trumpet,0_2_30,0_2,1,0.0037644681147686685,0.9504582919290898,0.9635658303955671,0.8741924031768115,0.004701994753426237
00847-bCPU9suPUw9,belief,509,trumpet,1_4_328,1_4,2,0.0027755810285069273,0.9604532926292239,0.9485197742122746,0.9225041364003069,0.003302653024124451
00847-bCPU9suPUw9,belief,509,trumpet,0_2_136,0_2,3,0.0021987048456421766,0.9841152340640581,0.9277847367971246,0.9791478550795489,0.0024593791018341915
00847-bCPU9suPUw9,belief,509,trumpet,0_0_121,0_0,4,0.0017268200664991731,0.980537410238765,0.9074141339458586,0.9749621184654413,0.001990625840967183
00847-bCPU9suPUw9,belief,509,trumpet,1_4_190,1_4,5,0.0011074575727765836,0.9272815316560722,0.9174021625305397,0.8661020275115142,0.0015030958378245496
00847-bCPU9suPUw9,belief,510,tv,1_4_75,1_4,1,0.8510854307720035,0.9789529912893716,0.9388995760576193,0.9997888702359897,0.9261554306164259
00847-bCPU9suPUw9,belief,510,tv,1_4_272,1_4,2,0.7048573403505866,0.9883254631644203,0.9286655510503186,0.9996682441296659,0.7682207087751879
00847-bCPU9suPUw9,belief,510,tv,1_4_53,1_4,3,0.6582807961569503,0.977196407345941,0.9324382693282152,0.9875381471954179,0.7315691003501713
00847-bCPU9suPUw9,belief,510,tv,1_4_48,1_4,4,0.6549449895816258,0.974445462638499,0.9377081875076001,0.9897294441365111,0.7242076161121621
00847-bCPU9suPUw9,belief,510,tv,1_1_30,1_1,5,0.4539570221451149,0.9931037009471939,0.9378687356948634,0.9994648596309674,0.48765260682899214
00847-bCPU9suPUw9,belief,511,tv stand,1_3_49,1_3,1,0.09258626037165611,0.9683928929761182,0.9201044686745878,0.9928466458756158,0.10465877244744293
00847-bCPU9suPUw9,belief,511,tv stand,1_4_272,1_4,2,0.08786426948040028,0.9883254631644203,0.9286655510503186,0.9996682441296659,0.0957628551370041
00847-bCPU9suPUw9,belief,511,tv stand,1_4_75,1_4,3,0.07232599474441465,0.9789529912893716,0.9388995760576193,0.9997888702359897,0.07870550991163575
00847-bCPU9suPUw9,belief,511,tv stand,0_2_90,0_2,4,0.0669005931576434,0.9160529406550949,0.936009281017324,0.9994522820943182,0.07806694351730367
00847-bCPU9suPUw9,belief,511,tv stand,1_4_76,1_4,5,0.06367646099268344,0.9561727125862152,0.9636058517972897,0.9999377607563812,0.06911465984101733
00847-bCPU9suPUw9,belief,512,typewriter,0_1_23,0_1,1,0.003501642951638665,0.9776777075165078,0.9431075102464561,0.9836684123055457,0.0038607014546533174
00847-bCPU9suPUw9,belief,512,typewriter,0_1_28,0_1,2,0.0027689134646768023,0.9800328733394298,0.9476457523588722,0.9906294902194217,0.0030096186326208285
00847-bCPU9suPUw9,belief,512,typewriter,0_2_88,0_2,3,0.0011896979260629964,0.9510359837129343,0.942987520611742,0.9975321573623284,0.0013298630055344175
00847-bCPU9suPUw9,belief,512,typewriter,0_1_58,0_1,4,0.0009721249756223781,0.9509849632752544,0.8970625175923091,0.9831554584350312,0.0011590536676870126
00847-bCPU9suPUw9,belief,512,typewriter,0_1_21,0_1,5,0.0008246993464007726,0.9668342461107468,0.921719750376947,0.9942681034561754,0.0009307675300269754
00847-bCPU9suPUw9,belief,513,ukulele,0_2_30,0_2,1,0.0006149856900912133,0.9504582919290898,0.9635658303955671,0.8741924031768115,0.0007681455653447061
00847-bCPU9suPUw9,belief,513,ukulele,1_2_58,1_2,2,0.0003926761862727184,0.9293061801383182,0.9452391704188443,0.9323275257666694,0.0004794745081487948
00847-bCPU9suPUw9,belief,513,ukulele,0_1_58,0_1,3,0.0003034609303171902,0.9509849632752544,0.8970625175923091,0.9831554584350312,0.00036181305192644367
00847-bCPU9suPUw9,belief,513,ukulele,0_0_20,0_0,4,0.00022531032940609222,0.9558162924507192,0.9292816973908237,0.8341524826375847,0.00030409819555164767
00847-bCPU9suPUw9,belief,513,ukulele,0_0_121,0_0,5,0.0001571880310856967,0.980537410238765,0.9074141339458586,0.9749621184654413,0.0001812015986149015
00847-bCPU9suPUw9,belief,514,umbrella,1_4_55,1_4,1,0.03914226044186759,0.9243127020825476,0.9362417596593713,0.968176981657554,0.04671799756221281
00847-bCPU9suPUw9,belief,514,umbrella,1_4_241,1_4,2,0.026848608030236556,0.9584791129543668,0.952463328879928,0.9233552421498867,0.03185092419345219
00847-bCPU9suPUw9,belief,514,umbrella,0_2_46,0_2,3,0.01672632831923166,0.9567169125145035,0.9922638202116698,0.9936874436763466,0.017731284876777744
00847-bCPU9suPUw9,belief,514,umbrella,1_4_5,1_4,4,0.01399134318565244,0.9754499978438192,0.9103070525785506,0.9967787274763326,0.015807665184467485
00847-bCPU9suPUw9,belief,514,umbrella,1_4_148,1_4,5,0.009799367519633806,0.99217376965109,0.9704388242885794,0.9806729473606345,0.010378102280468472
00847-bCPU9suPUw9,belief,515,umbrella stand,0_0_121,0_0,1,0.010077489962406897,0.980537410238765,0.9074141339458586,0.9749621184654413,0.011617025027931119
00847-bCPU9suPUw9,belief,515,umbrella stand,0_1_28,0_1,2,0.008724292629188562,0.9800328733394298,0.9476457523588722,0.9906294902194217,0.009482706479708366
00847-bCPU9suPUw9,belief,515,umbrella stand,0_2_236,0_2,3,0.002390538646027611,0.9875060942700524,0.9284061671094364,0.9964388454230142,0.00261678063963955
00847-bCPU9suPUw9,belief,515,umbrella stand,1_4_279,1_4,4,0.0015250003251723332,0.9838432931580439,0.9343754411518848,0.9990681455987661,0.0016604564126136189
00847-bCPU9suPUw9,belief,515,umbrella stand,1_4_155,1_4,5,0.0013551513998638208,0.9677963261750706,0.9163951762858948,0.999760931001942,0.0015283572912398002
00847-bCPU9suPUw9,belief,516,unknown,1_4_40,1_4,1,0.583331997621693,0.9063135648389717,0.9195469443544857,0.9818555645026293,0.7128789779949353
00847-bCPU9suPUw9,belief,516,unknown,0_2_309,0_2,2,0.46262869974781895,0.9753406038230976,0.9014373125282586,0.9884476964253381,0.5323374778825759
00847-bCPU9suPUw9,belief,516,unknown,0_2_263,0_2,3,0.4326703449930274,0.9666385543566175,0.9414456342630766,0.9733096724486212,0.48847993796612255
00847-bCPU9suPUw9,belief,516,unknown,0_2_308,0_2,4,0.4125986434354275,0.9875811462866516,0.9392715606435618,0.9873392738537596,0.4505027226485431
00847-bCPU9suPUw9,belief,516,unknown,0_0_244,0_0,5,0.29294135517255865,0.9715390748033921,0.9448291453079254,0.993442282800629,0.32123620890251725
00847-bCPU9suPUw9,belief,517,vacuum cleaner,0_2_263,0_2,1,0.001443227840673007,0.9666385543566175,0.9414456342630766,0.9733096724486212,0.001629387949142418
00847-bCPU9suPUw9,belief,517,vacuum cleaner,0_2_308,0_2,2,0.0014244425167696574,0.9875811462866516,0.9392715606435618,0.9873392738537596,0.0015553013619190516
00847-bCPU9suPUw9,belief,517,vacuum cleaner,0_0_121,0_0,3,0.001181341946703695,0.980537410238765,0.9074141339458586,0.9749621184654413,0.001361815195311189
00847-bCPU9suPUw9,belief,517,vacuum cleaner,0_2_309,0_2,4,0.0009990864058319338,0.9753406038230976,0.9014373125282586,0.9884476964253381,0.001149628498528634
00847-bCPU9suPUw9,belief,517,vacuum cleaner,1_4_126,1_4,5,0.0009553460210750647,0.9827955028400963,0.9232371952679889,0.947146773874221,0.0011116471562102577
00847-bCPU9suPUw9,belief,518,vanity,1_4_147,1_4,1,0.2949300096404522,0.9719609419504801,0.9487145779318946,0.9995510289508289,0.31998499036716005
00847-bCPU9suPUw9,belief,518,vanity,1_0_5,1_0,2,0.239372459238298,0.9850562965746926,0.9456135421500698,0.9998485007785974,0.2570190105567761
00847-bCPU9suPUw9,belief,518,vanity,1_0_46,1_0,3,0.21327656914565196,0.9861810714131646,0.9454221918154648,0.9998479214854596,0.22878457642280858
00847-bCPU9suPUw9,belief,518,vanity,1_0_30,1_0,4,0.20152096911422682,0.955516625928182,0.9424701541781145,0.9999484244431486,0.22378799660630738
00847-bCPU9suPUw9,belief,518,vanity,1_4_351,1_4,5,0.1907384994601274,0.9800369292497635,0.951262787281494,0.999512719154746,0.2046949309797605
00847-bCPU9suPUw9,belief,519,vase,0_2_30,0_2,1,0.27256818318161086,0.9504582919290898,0.9635658303955671,0.8741924031768115,0.3404502650036691
00847-bCPU9suPUw9,belief,519,vase,1_1_11,1_1,2,0.05946877882769762,0.982985536318247,0.9292621414017141,0.989335145769878,0.06580519966538222
00847-bCPU9suPUw9,belief,519,vase,1_2_67,1_2,3,0.05691695355059908,0.9697050783369277,0.9365615710026757,0.737039973898197,0.0850304739967621
00847-bCPU9suPUw9,belief,519,vase,0_0_121,0_0,4,0.05553191380695155,0.980537410238765,0.9074141339458586,0.9749621184654413,0.06401550732879034
00847-bCPU9suPUw9,belief,519,vase,0_1_20,0_1,5,0.03963284975342645,0.9616718444518728,0.9163727851402917,0.9438985782514853,0.047646486960615464
00847-bCPU9suPUw9,belief,520,vegetables,0_0_121,0_0,1,4.241035794077886e-05,0.980537410238765,0.9074141339458586,0.9749621184654413,4.8889375378139656e-05
00847-bCPU9suPUw9,belief,520,vegetables,0_0_20,0_0,2,3.0282618939673703e-05,0.9558162924507192,0.9292816973908237,0.8341524826375847,4.087202659730309e-05
00847-bCPU9suPUw9,belief,520,vegetables,0_2_30,0_2,3,6.727945802334433e-06,0.9504582919290898,0.9635658303955671,0.8741924031768115,8.403515423547844e-06
00847-bCPU9suPUw9,belief,520,vegetables,0_2_292,0_2,4,4.540776792490612e-06,0.9842554975406272,0.9291218997752065,0.4643038225405581,1.0694176537535197e-05
00847-bCPU9suPUw9,belief,520,vegetables,1_2_13,1_2,5,4.053198744548264e-06,0.9838160208694432,0.9261763521023154,0.9539003722450231,4.66323500771229e-06
00847-bCPU9suPUw9,belief,521,vessel,0_0_6,0_0,1,0.07301728656503916,0.9773141850124706,0.9166695898087085,0.8349075633226346,0.09762032928722436
00847-bCPU9suPUw9,belief,521,vessel,1_4_241,1_4,2,0.056276533742080415,0.9584791129543668,0.952463328879928,0.9233552421498867,0.06676173334835879
00847-bCPU9suPUw9,belief,521,vessel,0_0_97,0_0,3,0.020882622390493,0.9935984202372122,0.9307273273458063,0.9321404593735364,0.024225364413532118
00847-bCPU9suPUw9,belief,521,vessel,1_4_328,1_4,4,0.018805176666951938,0.9604532926292239,0.9485197742122746,0.9225041364003069,0.022376206261113078
00847-bCPU9suPUw9,belief,521,vessel,0_0_212,0_0,5,0.017673218634589205,0.9801583785470427,0.9270530865768214,0.9723155331951806,0.020003572536079425
00847-bCPU9suPUw9,belief,522,vinyl records,1_4_282,1_4,1,8.214715300282415e-05,0.9820655992587496,0.885348459329415,0.9859951518664664,9.582150831368516e-05
00847-bCPU9suPUw9,belief,522,vinyl records,0_2_136,0_2,2,8.021691309800848e-05,0.9841152340640581,0.9277847367971246,0.9791478550795489,8.972727743694525e-05
00847-bCPU9suPUw9,belief,522,vinyl records,0_1_21,0_1,3,6.349466272998664e-05,0.9668342461107468,0.921719750376947,0.9942681034561754,7.166098852510276e-05
00847-bCPU9suPUw9,belief,522,vinyl records,1_4_17,1_4,4,4.894801229981558e-05,0.9867112216490664,0.8706470537714086,0.9978228086465357,5.710175172375756e-05
00847-bCPU9suPUw9,belief,522,vinyl records,1_4_328,1_4,5,4.453112084348318e-05,0.9604532926292239,0.9485197742122746,0.9225041364003069,5.298740674866738e-05
00847-bCPU9suPUw9,belief,523,violin,1_2_58,1_2,1,0.06917917924054619,0.9293061801383182,0.9452391704188443,0.9323275257666694,0.08447075249289875
00847-bCPU9suPUw9,belief,523,violin,0_1_30,0_1,2,0.010655795165138409,0.9378897459238474,0.9428305485776194,0.9539365471623718,0.012632256701797172
00847-bCPU9suPUw9,belief,523,violin,0_2_30,0_2,3,0.00898205791837957,0.9504582919290898,0.9635658303955671,0.8741924031768115,0.01121900569206618
00847-bCPU9suPUw9,belief,523,violin,1_2_67,1_2,4,0.007929664025919977,0.9697050783369277,0.9365615710026757,0.737039973898197,0.011846436759121861
00847-bCPU9suPUw9,belief,523,violin,0_1_52,0_1,5,0.0065138808110030075,0.9756472557783127,0.9667846760308239,0.9278204126855808,0.007443090494900899
00847-bCPU9suPUw9,belief,524,violin case,1_2_58,1_2,1,0.008542706566853775,0.9293061801383182,0.9452391704188443,0.9323275257666694,0.01043101204654403
00847-bCPU9suPUw9,belief,524,violin case,1_3_49,1_3,2,0.007214231995125933,0.9683928929761182,0.9201044686745878,0.9928466458756158,0.008154910477322714
00847-bCPU9suPUw9,belief,524,violin case,0_1_58,0_1,3,0.003040489849110234,0.9509849632752544,0.8970625175923091,0.9831554584350312,0.003625141828004305
00847-bCPU9suPUw9,belief,524,violin case,0_1_28,0_1,4,0.00250975098330045,0.9800328733394298,0.9476457523588722,0.9906294902194217,0.002727926827233346
00847-bCPU9suPUw9,belief,524,violin case,1_4_20,1_4,5,0.002500462759022811,0.9752845075762993,0.955558663304775,0.997827043332922,0.0026889110808772064
00847-bCPU9suPUw9,belief,525,waffle iron,0_0_20,0_0,1,0.0003688141832513298,0.9558162924507192,0.9292816973908237,0.8341524826375847,0.000497783336947851
00847-bCPU9suPUw9,belief,525,waffle iron,0_0_206,0_0,2,0.00014016068654093257,0.9673105825980505,0.938306641021167,0.9997441583306316,0.000154463763340822
00847-bCPU9suPUw9,belief,525,waffle iron,0_2_88,0_2,3,0.00011125065865020293,0.9510359837129343,0.942987520611742,0.9975321573623284,0.00012435773152084012
00847-bCPU9suPUw9,belief,525,waffle iron,0_0_202,0_0,4,9.02405068214288e-05,0.9778167312100289,0.9529169785783796,0.9996254732536023,9.688391545124672e-05
00847-bCPU9suPUw9,belief,525,waffle iron,0_0_173,0_0,5,7.854952984698833e-05,0.9045673570673909,0.91839985445645,0.9997435313320245,9.457628909421578e-05
00847-bCPU9suPUw9,belief,526,wardrobe,0_2_339,0_2,1,0.0846513718110835,0.9469773140218521,0.9360481938553032,0.9996782140821172,0.09552916640207111
00847-bCPU9suPUw9,belief,526,wardrobe,0_0_121,0_0,2,0.06734830878993356,0.980537410238765,0.9074141339458586,0.9749621184654413,0.07763708936650998
00847-bCPU9suPUw9,belief,526,wardrobe,1_2_45,1_2,3,0.03263129941520334,0.9826502872135502,0.9288727808236664,0.9995763138849653,0.03576540848594039
00847-bCPU9suPUw9,belief,526,wardrobe,1_3_98,1_3,4,0.032452869900423606,0.9740759254879311,0.9825462411148429,0.9999609592945756,0.033909724075118296
00847-bCPU9suPUw9,belief,526,wardrobe,0_2_333,0_2,5,0.03195115670037419,0.9898843065816528,0.9018459691407743,0.9993277571946856,0.03581474200973793
00847-bCPU9suPUw9,belief,527,washing machine,0_0_121,0_0,1,0.013682175923800118,0.980537410238765,0.9074141339458586,0.9749621184654413,0.01577239776335932
00847-bCPU9suPUw9,belief,527,washing machine,1_4_327,1_4,2,0.012787171810728387,0.985690957548284,0.909577245928382,0.9991908181450124,0.01427400044656242
00847-bCPU9suPUw9,belief,527,washing machine,1_3_49,1_3,3,0.0021445179623180185,0.9683928929761182,0.9201044686745878,0.9928466458756158,0.002424146050685564
00847-bCPU9suPUw9,belief,527,washing machine,0_2_236,0_2,4,0.001669746342481754,0.9875060942700524,0.9284061671094364,0.9964388454230142,0.0018277721254897198
00847-bCPU9suPUw9,belief,527,washing machine,1_4_85,1_4,5,0.0013556060420083548,0.9725220500025226,0.9573267788799107,0.9843723887980406,0.0014791574597753853
00847-bCPU9suPUw9,belief,528,washing powder,0_0_126,0_0,1,0.02961249652639068,0.9829451528124721,0.9622482357207982,0.9810596467802857,0.03191267441127249
00847-bCPU9suPUw9,belief,528,washing powder,0_0_124,0_0,2,0.027428788448302942,0.9762646087626297,0.8973885654837033,0.9810596456555989,0.03191266958577908
00847-bCPU9suPUw9,belief,528,washing powder,1_4_333,1_4,3,0.020373241640100695,0.9596541733413347,0.9315444463392639,0.978263618206661,0.02329624347512438
00847-bCPU9suPUw9,belief,528,washing powder,1_4_241,1_4,4,0.010512823219426457,0.9584791129543668,0.952463328879928,0.9233552421498867,0.012471526830888964
00847-bCPU9suPUw9,belief,528,washing powder,0_0_122,0_0,5,0.007585985576908569,0.9868125643995859,0.939876458575045,0.98246829951637,0.008325072497299605
00847-bCPU9suPUw9,belief,529,washing stuff,1_4_333,1_4,1,0.004221570042800176,0.9596541733413347,0.9315444463392639,0.978263618206661,0.004827249649402286
00847-bCPU9suPUw9,belief,529,washing stuff,0_0_121,0_0,2,0.0017879537036668317,0.980537410238765,0.9074141339458586,0.9749621184654413,0.0020610988452246367
00847-bCPU9suPUw9,belief,529,washing stuff,1_4_327,1_4,3,0.001510355297576567,0.985690957548284,0.909577245928382,0.9991908181450124,0.0016859718873870199
00847-bCPU9suPUw9,belief,529,washing stuff,0_0_126,0_0,4,0.0010350686798925512,0.9829451528124721,0.9622482357207982,0.9810596467802857,0.0011154685909470228
00847-bCPU9suPUw9,belief,529,washing stuff,1_1_12,1_1,5,0.0009778775488772803,0.9894747713504456,0.9397623336545973,0.9806563237277454,0.0010723705591918476
00847-bCPU9suPUw9,belief,530,watch,0_2_98,0_2,1,0.02694079702801834,0.9495780360135,0.9386331792097166,0.9988527177627043,0.03026094051358438
00847-bCPU9suPUw9,belief,530,watch,0_2_132,0_2,2,0.014235300907198201,0.783320874937119,0.9932097766195169,0.9988327411875426,0.018318638640287835
00847-bCPU9suPUw9,belief,530,watch,0_2_51,0_2,3,0.013385544927207007,0.9879455265722105,0.9193819912093341,0.9991884049560128,0.014748901621040885
00847-bCPU9suPUw9,belief,530,watch,0_2_271,0_2,4,0.011089427253920878,0.962668301979982,0.9645721560036902,0.9957172578114508,0.011993934943814196
00847-bCPU9suPUw9,belief,530,watch,0_2_100,0_2,5,0.007333963873417964,0.9063223537305788,0.9272375089877916,0.9994940961859639,0.008731419411204524
00847-bCPU9suPUw9,belief,531,water dispenser,1_4_155,1_4,1,0.020659222991641055,0.9677963261750706,0.9163951762858948,0.999760931001942,0.02329973912420152
00847-bCPU9suPUw9,belief,531,water dispenser,0_0_121,0_0,2,0.00977292051448276,0.980537410238765,0.9074141339458586,0.9749621184654413,0.011265926598413774
00847-bCPU9suPUw9,belief,531,water dispenser,1_3_4,1_3,3,0.007081738689822203,0.9850588760745584,0.9383394647664787,0.9958823729247366,0.007693247089478278
00847-bCPU9suPUw9,belief,531,water dispenser,0_2_247,0_2,4,0.004188635299124012,0.979711549400011,0.9255274494838945,0.9982680538477267,0.004627408539138398
00847-bCPU9suPUw9,belief,531,water dispenser,0_2_236,0_2,5,0.002703099663508482,0.9875060942700524,0.9284061671094364,0.9964388454230142,0.002958922616975538
00847-bCPU9suPUw9,belief,532,water heater,0_2_271,0_2,1,0.12644101524996387,0.962668301979982,0.9645721560036902,0.9957172578114508,0.1367541601935924
00847-bCPU9suPUw9,belief,532,water heater,0_2_323,0_2,2,0.05835751040098954,0.9908219964921844,0.961959035285255,0.9961200986251464,0.06146570051847768
00847-bCPU9suPUw9,belief,532,water heater,1_4_148,1_4,3,0.05740075938472726,0.99217376965109,0.9704388242885794,0.9806729473606345,0.0607907551867716
00847-bCPU9suPUw9,belief,532,water heater,0_2_236,0_2,4,0.04977438864869089,0.9875060942700524,0.9284061671094364,0.9964388454230142,0.054485066276684035
00847-bCPU9suPUw9,belief,532,water heater,0_2_284,0_2,5,0.04930114274943681,0.9870919339071765,0.940688447954914,0.995555931320782,0.053332004606637
00847-bCPU9suPUw9,belief,533,water meter,0_0_240,0_0,1,0.0012265612045659685,0.9714243010032002,0.9515231931813748,0.9798090267585658,0.0013543142427402198
00847-bCPU9suPUw9,belief,533,water meter,0_0_117,0_0,2,0.0007466945295896721,0.9638003020099629,0.9294410855570897,0.9741715173831902,0.0008556548524347927
00847-bCPU9suPUw9,belief,533,water meter,0_0_241,0_0,3,0.0005969666310504452,0.9289017272634165,0.9377258491182504,0.9894054146444674,0.0006926759592288035
00847-bCPU9suPUw9,belief,533,water meter,1_4_158,1_4,4,0.0005525922890635413,0.9947657858176776,0.9713552596185588,0.9909064704379772,0.0005771294289633824
00847-bCPU9suPUw9,belief,533,water meter,1_4_126,1_4,5,0.0005515254439355011,0.9827955028400963,0.9232371952679889,0.947146773874221,0.0006417587741021494
00847-bCPU9suPUw9,belief,534,water pump,0_0_121,0_0,1,0.0005412195670624648,0.980537410238765,0.9074141339458586,0.9749621184654413,0.0006239015151218302
00847-bCPU9suPUw9,belief,534,water pump,1_4_126,1_4,2,0.0002869592906582733,0.9827955028400963,0.9232371952679889,0.947146773874221,0.0003339077908645182
00847-bCPU9suPUw9,belief,534,water pump,0_1_28,0_1,3,0.00027242379908913773,0.9800328733394298,0.9476457523588722,0.9906294902194217,0.0002961059463097821
00847-bCPU9suPUw9,belief,534,water pump,0_2_136,0_2,4,0.00025246497228723346,0.9841152340640581,0.9277847367971246,0.9791478550795489,0.0002823967382520693
00847-bCPU9suPUw9,belief,534,water pump,1_4_237,1_4,5,0.00020844199112809338,0.963559720480698,0.9475630106305433,0.9655640888196348,0.00023643805160859853
00847-bCPU9suPUw9,belief,535,water tank,1_4_213,1_4,1,0.00841285708952125,0.978424323458879,0.9379155492151564,0.9682307162921814,0.009468336385646321
00847-bCPU9suPUw9,belief,535,water tank,0_0_121,0_0,2,0.0053442258403518595,0.980537410238765,0.9074141339458586,0.9749621184654413,0.006160661590721712
00847-bCPU9suPUw9,belief,535,water tank,1_3_4,1_3,3,0.003696945210602617,0.9850588760745584,0.9383394647664787,0.9958823729247366,0.004016176567246837
00847-bCPU9suPUw9,belief,535,water tank,1_4_241,1_4,4,0.0024136517720092037,0.9584791129543668,0.952463328879928,0.9233552421498867,0.002863352898335689
00847-bCPU9suPUw9,belief,535,water tank,0_2_345,0_2,5,0.0017255715624150381,0.9781309952261958,0.9398219611742706,0.9948443534737413,0.0018868406554400808
00847-bCPU9suPUw9,belief,536,watering can,0_2_30,0_2,1,0.01736113720575094,0.9504582919290898,0.9635658303955671,0.8741924031768115,0.02168486319081769
00847-bCPU9suPUw9,belief,536,watering can,0_0_121,0_0,2,0.005943793053768693,0.980537410238765,0.9074141339458586,0.9749621184654413,0.006851824504321551
00847-bCPU9suPUw9,belief,536,watering can,0_0_212,0_0,3,0.0017387892639486005,0.9801583785470427,0.9270530865768214,0.9723155331951806,0.001968062404789033
00847-bCPU9suPUw9,belief,536,watering can,1_4_126,1_4,4,0.0012737802564712565,0.9827955028400963,0.9232371952679889,0.947146773874221,0.0014821794077810742
00847-bCPU9suPUw9,belief,536,watering can,1_4_213,1_4,5,0.0008707853898122543,0.978424323458879,0.9379155492151564,0.9682307162921814,0.0009800343572599274
00847-bCPU9suPUw9,belief,537,weight,1_4_145,1_4,1,0.022885892687990527,0.9104007378457085,0.9396733623387052,0.9388654336659464,0.028494103046141712
00847-bCPU9suPUw9,belief,537,weight,0_0_121,0_0,2,0.008221797444587151,0.980537410238765,0.9074141339458586,0.9749621184654413,0.009477838930591887
00847-bCPU9suPUw9,belief,537,weight,0_2_308,0_2,3,0.008171393585938337,0.9875811462866516,0.9392715606435618,0.9873392738537596,0.008922072616737003
00847-bCPU9suPUw9,belief,537,weight,0_2_309,0_2,4,0.007374498535885661,0.9753406038230976,0.9014373125282586,0.9884476964253381,0.00848568615259289
00847-bCPU9suPUw9,belief,537,weight,1_4_126,1_4,5,0.007156608841535386,0.9827955028400963,0.9232371952679889,0.947146773874221,0.008327478935694336
00847-bCPU9suPUw9,belief,538,weight bench,1_4_20,1_4,1,0.0007696582447339357,0.9752845075762993,0.955558663304775,0.997827043332922,0.0008276638295394427
00847-bCPU9suPUw9,belief,538,weight bench,0_1_9,0_1,2,0.00047107979165739156,0.9864604532511158,0.9353844965161752,0.9941106263218981,0.0005135584879165622
00847-bCPU9suPUw9,belief,538,weight bench,1_3_101,1_3,3,0.00042450200233033243,0.9893706900232927,0.9196818511375601,0.9977036786950922,0.0004676075481989005
00847-bCPU9suPUw9,belief,538,weight bench,0_1_28,0_1,4,0.0003735369527600325,0.9800328733394298,0.9476457523588722,0.9906294902194217,0.0004060089949868553
00847-bCPU9suPUw9,belief,538,weight bench,1_1_60,1_1,5,0.0002974874527370149,0.8893756882356225,0.9379361937960633,0.9978754446208856,0.0003573829000354072
00847-bCPU9suPUw9,belief,539,weights,1_2_58,1_2,1,0.00045485522166368583,0.9293061801383182,0.9452391704188443,0.9323275257666694,0.0005553977840017006
00847-bCPU9suPUw9,belief,539,weights,0_0_212,0_0,2,0.00036867689041198483,0.9801583785470427,0.9270530865768214,0.9723155331951806,0.0004172898594316385
00847-bCPU9suPUw9,belief,539,weights,1_2_67,1_2,3,0.000339602249109371,0.9697050783369277,0.9365615710026757,0.737039973898197,0.0005073451478119801
00847-bCPU9suPUw9,belief,539,weights,0_0_121,0_0,4,0.000313879424334884,0.980537410238765,0.9074141339458586,0.9749621184654413,0.0003618306881826028
00847-bCPU9suPUw9,belief,539,weights,1_4_333,1_4,5,0.00027263965787924915,0.9596541733413347,0.9315444463392639,0.978263618206661,0.00031175597693927946
00847-bCPU9suPUw9,belief,540,wheel,1_4_126,1_4,1,0.001483073154080802,0.9827955028400963,0.9232371952679889,0.947146773874221,0.0017257140531453166
00847-bCPU9suPUw9,belief,540,wheel,0_0_121,0_0,2,0.00044533495528498564,0.980537410238765,0.9074141339458586,0.9749621184654413,0.0005133686404707308
00847-bCPU9suPUw9,belief,540,wheel,0_0_245,0_0,3,0.00027713343590963347,0.9536861710046758,0.921513822699142,0.9942139093670969,0.0003171770476242122
00847-bCPU9suPUw9,belief,540,wheel,1_4_180,1_4,4,0.00020024568855674284,0.9859948692689264,0.9314395818939233,0.9883381596860036,0.00022061156009772594
00847-bCPU9suPUw9,belief,540,wheel,0_0_123,0_0,5,0.00019737726488063475,0.9832116690193844,0.928859975342101,0.9954850605809882,0.00021710264067270745
00847-bCPU9suPUw9,belief,541,wheelbarrow,1_2_58,1_2,1,0.0006145958776286609,0.9293061801383182,0.9452391704188443,0.9323275257666694,0.00075044799363417
00847-bCPU9suPUw9,belief,541,wheelbarrow,0_1_23,0_1,2,0.0003452882016732011,0.9776777075165078,0.9431075102464561,0.9836684123055457,0.0003806940572997385
00847-bCPU9suPUw9,belief,541,wheelbarrow,1_3_65,1_3,3,0.00031652332537208965,0.792051606045829,0.9658725693990523,0.9834566186168903,0.0004207045422339735
00847-bCPU9suPUw9,belief,541,wheelbarrow,1_4_333,1_4,4,0.00030070521592268356,0.9596541733413347,0.9315444463392639,0.978263618206661,0.0003438481734092886
00847-bCPU9suPUw9,belief,541,wheelbarrow,1_3_49,1_3,5,0.00027304865829061166,0.9683928929761182,0.9201044686745878,0.9928466458756158,0.00030865203195813625
00847-bCPU9suPUw9,belief,542,window shade,0_0_243,0_0,1,0.8971625897280795,0.9678568176479422,0.9583446880016997,0.9845406157148575,0.9824368983739857
00847-bCPU9suPUw9,belief,542,window shade,1_3_47,1_3,2,0.7632807007590453,0.9715170307372704,0.9357875272724723,0.9883340613763433,0.8494793930944381
00847-bCPU9suPUw9,belief,542,window shade,0_0_230,0_0,3,0.7311203907231189,0.9166186769803365,0.9141005712007116,0.9942354926162189,0.8776410962447763
00847-bCPU9suPUw9,belief,542,window shade,0_0_242,0_0,4,0.6371284595717761,0.9155555455123677,0.9501809387941642,0.995837606186901,0.7354403785827319
00847-bCPU9suPUw9,belief,542,window shade,1_1_84,1_1,5,0.5961034740950183,0.95937793982021,0.9407374759910608,0.9946311096408446,0.6640510089195315
00847-bCPU9suPUw9,belief,543,wine,0_1_20,0_1,1,0.034892307535157575,0.9616718444518728,0.9163727851402917,0.9438985782514853,0.04194742205879201
00847-bCPU9suPUw9,belief,543,wine,0_0_121,0_0,2,0.02278378012857251,0.980537410238765,0.9074141339458586,0.9749621184654413,0.02626445126433951
00847-bCPU9suPUw9,belief,543,wine,0_2_30,0_2,3,0.017577685509568366,0.9504582919290898,0.9635658303955671,0.8741924031768115,0.02195534203600123
00847-bCPU9suPUw9,belief,543,wine,0_2_88,0_2,4,0.015587317582625314,0.9510359837129343,0.942987520611742,0.9975321573623284,0.01742374812507821
00847-bCPU9suPUw9,belief,543,wine,0_1_21,0_1,5,0.010452415181862665,0.9668342461107468,0.921719750376947,0.9942681034561754,0.011796745934258276
00847-bCPU9suPUw9,belief,544,wine storage,0_0_121,0_0,1,0.0006541523333317074,0.980537410238765,0.9074141339458586,0.9749621184654413,0.0007540869856226555
00847-bCPU9suPUw9,belief,544,wine storage,0_2_271,0_2,2,0.00048649419941759054,0.962668301979982,0.9645721560036902,0.9957172578114508,0.0005261750354414817
00847-bCPU9suPUw9,belief,544,wine storage,1_4_239,1_4,3,0.00020872393540494904,0.8676468448019495,0.9430627114227044,0.9978579003697331,0.00025563480863964003
00847-bCPU9suPUw9,belief,544,wine storage,1_4_88,1_4,4,0.00020865022225023734,0.8918146382472668,0.9171821472888311,0.9978578995351336,0.0002556347928402671
00847-bCPU9suPUw9,belief,544,wine storage,0_2_88,0_2,5,0.00018630958619678004,0.9510359837129343,0.942987520611742,0.9975321573623284,0.00020825977824424978
00847-bCPU9suPUw9,belief,545,wood,1_4_32,1_4,1,0.8869442878419118,0.9978483713619294,0.9342300428191482,0.9788716585390103,0.9719685320022374
00847-bCPU9suPUw9,belief,545,wood,1_4_10,1_4,2,0.8701672584936453,0.9718765716253577,0.9441987731847896,0.9773629682573455,0.9702246706316296
00847-bCPU9suPUw9,belief,545,wood,1_4_372,1_4,3,0.8694791908224535,0.9728219552645607,0.9665717746444493,0.9797287372222773,0.9438128223531723
00847-bCPU9suPUw9,belief,545,wood,1_4_206,1_4,4,0.8629998265054148,0.9588538745199233,0.9514403034668149,0.970581601710337,0.9746410115355825
00847-bCPU9suPUw9,belief,545,wood,1_4_296,1_4,5,0.860718369771987,0.9772464271079345,0.9436085366725953,0.9816219273541373,0.9508693930364248
00847-bCPU9suPUw9,belief,546,wrench,1_4_237,1_4,1,0.007761713363379705,0.963559720480698,0.9475630106305433,0.9655640888196348,0.008804197152646465
00847-bCPU9suPUw9,belief,546,wrench,0_2_13,0_2,2,0.006406291802838792,0.9704274217034278,0.9354740040720828,0.9751650788664123,0.007236587082637466
00847-bCPU9suPUw9,belief,546,wrench,0_2_119,0_2,3,0.005087886084979565,0.9586833973725637,0.9818579601298676,0.8888408332392272,0.00608120312010465
00847-bCPU9suPUw9,belief,546,wrench,1_2_67,1_2,4,0.004802046468039183,0.9697050783369277,0.9365615710026757,0.737039973898197,0.007173965960227526
00847-bCPU9suPUw9,belief,546,wrench,1_3_75,1_3,5,0.003479947525367693,0.973121780193494,0.927292401825311,0.9711320901172392,0.003971097003260771
