scene_id,predicted_room_id,class_id,class_label,gt_class_present_in_room,gt_class_present_in_scene,num_gt_instances_in_room,belief
00847-bCPU9suPUw9,0_0,0,acoustic panel,0,0,0,0.0
00847-bCPU9suPUw9,0_0,1,air conditioner,0,0,0,0.0
00847-bCPU9suPUw9,0_0,2,air freshener,0,0,0,0.0
00847-bCPU9suPUw9,0_0,3,air hockey,0,0,0,0.0
00847-bCPU9suPUw9,0_0,4,air purifier,0,0,0,0.0
00847-bCPU9suPUw9,0_0,5,aisle frame,0,0,0,0.0
00847-bCPU9suPUw9,0_0,6,alarm,0,0,0,0.0
00847-bCPU9suPUw9,0_0,7,album,0,0,0,0.0
00847-bCPU9suPUw9,0_0,8,amplifier,0,0,0,0.0
00847-bCPU9suPUw9,0_0,9,appliance,0,0,0,0.9525031094932594
00847-bCPU9suPUw9,0_0,10,apron,0,0,0,0.0
00847-bCPU9suPUw9,0_0,11,aquarium,0,0,0,0.0
00847-bCPU9suPUw9,0_0,12,arcade game,0,0,0,0.0
00847-bCPU9suPUw9,0_0,13,artwork,0,1,0,0.0
00847-bCPU9suPUw9,0_0,14,ashtray,0,0,0,0.0
00847-bCPU9suPUw9,0_0,15,audio player,0,0,0,0.0
00847-bCPU9suPUw9,0_0,16,axe,0,0,0,0.0
00847-bCPU9suPUw9,0_0,17,baby changing table,0,0,0,0.0
00847-bCPU9suPUw9,0_0,18,backrest,0,0,0,0.0
00847-bCPU9suPUw9,0_0,19,backsplash,0,0,0,0.0
00847-bCPU9suPUw9,0_0,20,bag,0,0,0,0.0
00847-bCPU9suPUw9,0_0,21,ball,0,0,0,0.0
00847-bCPU9suPUw9,0_0,22,ball pool,0,0,0,0.0
00847-bCPU9suPUw9,0_0,23,bar,0,0,0,0.0
00847-bCPU9suPUw9,0_0,24,barbecue,0,0,0,0.0
00847-bCPU9suPUw9,0_0,25,barrel,0,0,0,0.0
00847-bCPU9suPUw9,0_0,26,base,0,0,0,0.0
00847-bCPU9suPUw9,0_0,27,baseball bat,0,0,0,0.0
00847-bCPU9suPUw9,0_0,28,basket,0,0,0,0.0
00847-bCPU9suPUw9,0_0,29,basketball hoop,0,0,0,0.0
00847-bCPU9suPUw9,0_0,30,basketballs,0,0,0,0.0
00847-bCPU9suPUw9,0_0,31,bathroom accessory,0,0,0,0.0
00847-bCPU9suPUw9,0_0,32,bathtub,0,1,0,0.0
00847-bCPU9suPUw9,0_0,33,bed,0,1,0,0.0
00847-bCPU9suPUw9,0_0,34,bed ladder,0,0,0,0.0
00847-bCPU9suPUw9,0_0,35,beer crate,0,0,0,0.0
00847-bCPU9suPUw9,0_0,36,bell,0,0,0,0.0
00847-bCPU9suPUw9,0_0,37,belt,0,0,0,0.0
00847-bCPU9suPUw9,0_0,38,bench,0,0,0,0.0
00847-bCPU9suPUw9,0_0,39,beverage dispenser,0,0,0,0.0
00847-bCPU9suPUw9,0_0,40,bicycle,0,0,0,0.0
00847-bCPU9suPUw9,0_0,41,bicycle helmet,0,0,0,0.0
00847-bCPU9suPUw9,0_0,42,bin,0,1,0,0.0
00847-bCPU9suPUw9,0_0,43,birdhouse,0,0,0,0.0
00847-bCPU9suPUw9,0_0,44,blanket,0,0,0,0.0
00847-bCPU9suPUw9,0_0,45,board,0,0,0,0.0
00847-bCPU9suPUw9,0_0,46,board game,0,0,0,0.0
00847-bCPU9suPUw9,0_0,47,board with keys,0,0,0,0.0
00847-bCPU9suPUw9,0_0,48,book,0,0,0,0.0
00847-bCPU9suPUw9,0_0,49,bottle,0,0,0,0.0
00847-bCPU9suPUw9,0_0,50,bottle dispenser,0,0,0,0.0
00847-bCPU9suPUw9,0_0,51,bottle opener,0,0,0,0.0
00847-bCPU9suPUw9,0_0,52,bowl,0,0,0,0.0
00847-bCPU9suPUw9,0_0,53,box,1,1,1,0.0
00847-bCPU9suPUw9,0_0,54,boxing ring,0,0,0,0.0
00847-bCPU9suPUw9,0_0,55,bread,0,0,0,0.0
00847-bCPU9suPUw9,0_0,56,bread box,0,0,0,0.0
00847-bCPU9suPUw9,0_0,57,bricks,0,0,0,0.0
00847-bCPU9suPUw9,0_0,58,bridge,0,0,0,0.0
00847-bCPU9suPUw9,0_0,59,broom,0,0,0,0.0
00847-bCPU9suPUw9,0_0,60,brush,0,0,0,0.0
00847-bCPU9suPUw9,0_0,61,bucket,0,0,0,0.0
00847-bCPU9suPUw9,0_0,62,buffet,0,0,0,0.0
00847-bCPU9suPUw9,0_0,63,button,0,0,0,0.0
00847-bCPU9suPUw9,0_0,64,cabinet,1,1,3,0.9999999999989455
00847-bCPU9suPUw9,0_0,65,cable,0,0,0,0.0
00847-bCPU9suPUw9,0_0,66,cage,0,0,0,0.0
00847-bCPU9suPUw9,0_0,67,cake,0,0,0,0.0
00847-bCPU9suPUw9,0_0,68,calculator,0,0,0,0.0
00847-bCPU9suPUw9,0_0,69,calendar,0,0,0,0.0
00847-bCPU9suPUw9,0_0,70,camera,0,0,0,0.0
00847-bCPU9suPUw9,0_0,71,can,0,0,0,0.6438572737957957
00847-bCPU9suPUw9,0_0,72,canal,0,0,0,0.0
00847-bCPU9suPUw9,0_0,73,candelabra,0,0,0,0.0
00847-bCPU9suPUw9,0_0,74,candle,0,0,0,0.0
00847-bCPU9suPUw9,0_0,75,candle holder,0,0,0,0.0
00847-bCPU9suPUw9,0_0,76,candle stand,0,0,0,0.0
00847-bCPU9suPUw9,0_0,77,candlestick,0,0,0,0.0
00847-bCPU9suPUw9,0_0,78,canoe,0,0,0,0.0
00847-bCPU9suPUw9,0_0,79,canopy,0,0,0,0.0
00847-bCPU9suPUw9,0_0,80,car,0,0,0,0.5993767360787045
00847-bCPU9suPUw9,0_0,81,card,0,0,0,0.0
00847-bCPU9suPUw9,0_0,82,cardboard,0,0,0,0.9999960885739496
00847-bCPU9suPUw9,0_0,83,cart,0,0,0,0.0
00847-bCPU9suPUw9,0_0,84,cash register,0,0,0,0.0
00847-bCPU9suPUw9,0_0,85,casket,0,0,0,0.0
00847-bCPU9suPUw9,0_0,86,cassette,0,0,0,0.0
00847-bCPU9suPUw9,0_0,87,cat,0,0,0,0.5675147918266504
00847-bCPU9suPUw9,0_0,88,cat food,0,0,0,0.0
00847-bCPU9suPUw9,0_0,89,cat litter box,0,0,0,0.0
00847-bCPU9suPUw9,0_0,90,cat tree,0,0,0,0.0
00847-bCPU9suPUw9,0_0,91,cd,0,0,0,0.0
00847-bCPU9suPUw9,0_0,92,ceiling arch,0,0,0,0.9999277556549291
00847-bCPU9suPUw9,0_0,93,ceiling chassis,0,0,0,0.27879562395281865
00847-bCPU9suPUw9,0_0,94,ceiling ladder,0,0,0,0.0
00847-bCPU9suPUw9,0_0,95,ceramics,0,0,0,0.0
00847-bCPU9suPUw9,0_0,96,chain,0,0,0,0.0
00847-bCPU9suPUw9,0_0,97,chair,1,1,3,0.0
00847-bCPU9suPUw9,0_0,98,chair stand,0,0,0,0.0
00847-bCPU9suPUw9,0_0,99,chassis,0,0,0,0.0
00847-bCPU9suPUw9,0_0,100,chest,0,0,0,0.0
00847-bCPU9suPUw9,0_0,101,child car seat,0,0,0,0.0
00847-bCPU9suPUw9,0_0,102,christmas tree,0,0,0,0.0
00847-bCPU9suPUw9,0_0,103,clarinet,0,0,0,0.0
00847-bCPU9suPUw9,0_0,104,cleaner,0,0,0,0.0
00847-bCPU9suPUw9,0_0,105,clock,0,1,0,0.0
00847-bCPU9suPUw9,0_0,106,closet door,0,0,0,0.999999999452463
00847-bCPU9suPUw9,0_0,107,cloth,0,0,0,0.0
00847-bCPU9suPUw9,0_0,108,cloth holder,0,0,0,0.0
00847-bCPU9suPUw9,0_0,109,clothes,0,0,0,0.0
00847-bCPU9suPUw9,0_0,110,clothes container,0,0,0,0.0
00847-bCPU9suPUw9,0_0,111,clothes dryer,0,0,0,0.0
00847-bCPU9suPUw9,0_0,112,clothes rack,0,0,0,0.0
00847-bCPU9suPUw9,0_0,113,clutter,0,0,0,0.0
00847-bCPU9suPUw9,0_0,114,coaster,0,0,0,0.0
00847-bCPU9suPUw9,0_0,115,coffee maker,0,0,0,0.0
00847-bCPU9suPUw9,0_0,116,coffee table,0,0,0,0.0
00847-bCPU9suPUw9,0_0,117,compressor,0,0,0,0.0
00847-bCPU9suPUw9,0_0,118,computer,0,0,0,0.0
00847-bCPU9suPUw9,0_0,119,computer equipment,0,0,0,0.0
00847-bCPU9suPUw9,0_0,120,cone,0,0,0,0.0
00847-bCPU9suPUw9,0_0,121,construction stuff,0,0,0,0.0
00847-bCPU9suPUw9,0_0,122,container,0,0,0,0.0
00847-bCPU9suPUw9,0_0,123,controller,0,0,0,0.0
00847-bCPU9suPUw9,0_0,124,cosmetics,0,0,0,0.0
00847-bCPU9suPUw9,0_0,125,counter door,0,0,0,0.0
00847-bCPU9suPUw9,0_0,126,countertop,0,0,0,0.0
00847-bCPU9suPUw9,0_0,127,countertop item,0,0,0,0.9997800995146311
00847-bCPU9suPUw9,0_0,128,cover,0,0,0,0.0
00847-bCPU9suPUw9,0_0,129,cross,0,0,0,0.0
00847-bCPU9suPUw9,0_0,130,crutches,0,0,0,0.0
00847-bCPU9suPUw9,0_0,131,cup,0,0,0,0.0
00847-bCPU9suPUw9,0_0,132,curb,0,0,0,0.0
00847-bCPU9suPUw9,0_0,133,curtain,1,1,1,0.0
00847-bCPU9suPUw9,0_0,134,cushion,0,0,0,0.0
00847-bCPU9suPUw9,0_0,135,cutlery,0,0,0,0.0
00847-bCPU9suPUw9,0_0,136,cyp,0,0,0,0.0
00847-bCPU9suPUw9,0_0,137,dartboard,0,0,0,0.0
00847-bCPU9suPUw9,0_0,138,decoder,0,0,0,0.0
00847-bCPU9suPUw9,0_0,139,decoration,0,1,0,0.0
00847-bCPU9suPUw9,0_0,140,dehumidifier,0,0,0,0.0
00847-bCPU9suPUw9,0_0,141,den,0,0,0,0.0
00847-bCPU9suPUw9,0_0,142,desk,0,1,0,0.0
00847-bCPU9suPUw9,0_0,143,desk door,0,0,0,0.5258417069407425
00847-bCPU9suPUw9,0_0,144,dinnerware,0,0,0,0.0
00847-bCPU9suPUw9,0_0,145,diploma,0,0,0,0.0
00847-bCPU9suPUw9,0_0,146,dirt ground,0,0,0,0.0
00847-bCPU9suPUw9,0_0,147,dish rack,0,0,0,0.0
00847-bCPU9suPUw9,0_0,148,dishwasher,0,0,0,0.0
00847-bCPU9suPUw9,0_0,149,dispenser,0,0,0,0.0
00847-bCPU9suPUw9,0_0,150,display case,0,0,0,0.0
00847-bCPU9suPUw9,0_0,151,document,0,0,0,0.0
00847-bCPU9suPUw9,0_0,152,document holder,0,0,0,0.0
00847-bCPU9suPUw9,0_0,153,dog leash,0,0,0,0.0
00847-bCPU9suPUw9,0_0,154,dog toy,0,0,0,0.0
00847-bCPU9suPUw9,0_0,155,doily,0,0,0,0.0
00847-bCPU9suPUw9,0_0,156,doll,0,0,0,0.0
00847-bCPU9suPUw9,0_0,157,door screen,0,0,0,0.0
00847-bCPU9suPUw9,0_0,158,drawer,0,1,0,0.9879736527188694
00847-bCPU9suPUw9,0_0,159,drawer cart,0,0,0,0.0
00847-bCPU9suPUw9,0_0,160,dressing table,0,0,0,0.0
00847-bCPU9suPUw9,0_0,161,drill,0,0,0,0.0
00847-bCPU9suPUw9,0_0,162,drum,0,0,0,0.0
00847-bCPU9suPUw9,0_0,163,dustpan,0,0,0,0.0
00847-bCPU9suPUw9,0_0,164,dvd,0,0,0,0.0
00847-bCPU9suPUw9,0_0,165,easel,0,0,0,0.0
00847-bCPU9suPUw9,0_0,166,electric hub,0,0,0,0.0
00847-bCPU9suPUw9,0_0,167,electric wire casing,0,0,0,0.0
00847-bCPU9suPUw9,0_0,168,electrical box,0,0,0,0.0
00847-bCPU9suPUw9,0_0,169,electrical device,0,1,0,0.0
00847-bCPU9suPUw9,0_0,170,electrical installation,0,0,0,0.0
00847-bCPU9suPUw9,0_0,171,elevator,0,0,0,0.0
00847-bCPU9suPUw9,0_0,172,exercise ball,0,0,0,0.0
00847-bCPU9suPUw9,0_0,173,exercise bike,0,0,0,0.0
00847-bCPU9suPUw9,0_0,174,exercise equipment,0,0,0,0.0
00847-bCPU9suPUw9,0_0,175,exercise ladder,0,0,0,0.0
00847-bCPU9suPUw9,0_0,176,exercise mat,0,0,0,0.0
00847-bCPU9suPUw9,0_0,177,exhibition panel,0,0,0,0.0
00847-bCPU9suPUw9,0_0,178,extractor hood,0,0,0,0.0
00847-bCPU9suPUw9,0_0,179,eyeglasses,0,0,0,0.0
00847-bCPU9suPUw9,0_0,180,fan,0,0,0,0.9050594228478904
00847-bCPU9suPUw9,0_0,181,faucet,1,1,1,0.0
00847-bCPU9suPUw9,0_0,182,fire extinguisher,0,0,0,0.0
00847-bCPU9suPUw9,0_0,183,fireplace,0,0,0,0.0
00847-bCPU9suPUw9,0_0,184,fireplace tool set,0,0,0,0.0
00847-bCPU9suPUw9,0_0,185,firewood,0,0,0,0.0
00847-bCPU9suPUw9,0_0,186,fishing rod,0,0,0,0.0
00847-bCPU9suPUw9,0_0,187,flag,0,0,0,0.0
00847-bCPU9suPUw9,0_0,188,flashlight,0,0,0,0.0
00847-bCPU9suPUw9,0_0,189,floor stand,0,0,0,0.0
00847-bCPU9suPUw9,0_0,190,flower stand,0,0,0,0.0
00847-bCPU9suPUw9,0_0,191,flowerbed,0,0,0,0.0
00847-bCPU9suPUw9,0_0,192,flush,0,0,0,0.0
00847-bCPU9suPUw9,0_0,193,flush button,0,0,0,0.0
00847-bCPU9suPUw9,0_0,194,flush push,0,0,0,0.0
00847-bCPU9suPUw9,0_0,195,foam,0,0,0,0.26664637187248774
00847-bCPU9suPUw9,0_0,196,folding stand,0,0,0,0.0
00847-bCPU9suPUw9,0_0,197,food,0,0,0,0.0
00847-bCPU9suPUw9,0_0,198,food processor,0,0,0,0.0
00847-bCPU9suPUw9,0_0,199,food stand,0,0,0,0.0
00847-bCPU9suPUw9,0_0,200,foosball table,0,0,0,0.0
00847-bCPU9suPUw9,0_0,201,foot spa,0,0,0,0.0
00847-bCPU9suPUw9,0_0,202,football,0,0,0,0.0
00847-bCPU9suPUw9,0_0,203,footstool,0,1,0,0.0
00847-bCPU9suPUw9,0_0,204,frame,0,0,0,0.0
00847-bCPU9suPUw9,0_0,205,fruit,0,0,0,0.0
00847-bCPU9suPUw9,0_0,206,fume cupboard,0,0,0,0.0
00847-bCPU9suPUw9,0_0,207,fur,0,0,0,0.0
00847-bCPU9suPUw9,0_0,208,furnace,0,0,0,0.0
00847-bCPU9suPUw9,0_0,209,furniture,0,0,0,0.0
00847-bCPU9suPUw9,0_0,210,game,0,0,0,0.0
00847-bCPU9suPUw9,0_0,211,game console,0,0,0,0.0
00847-bCPU9suPUw9,0_0,212,gap,0,0,0,0.0
00847-bCPU9suPUw9,0_0,213,garage door motor,0,0,0,0.0
00847-bCPU9suPUw9,0_0,214,garage door opener,0,0,0,0.0
00847-bCPU9suPUw9,0_0,215,garage door opener railing,0,0,0,0.0
00847-bCPU9suPUw9,0_0,216,gas box,0,0,0,0.0
00847-bCPU9suPUw9,0_0,217,gas container,0,0,0,0.0
00847-bCPU9suPUw9,0_0,218,gas meter,0,0,0,0.0
00847-bCPU9suPUw9,0_0,219,gauge,0,0,0,0.0
00847-bCPU9suPUw9,0_0,220,gift,0,0,0,0.0
00847-bCPU9suPUw9,0_0,221,glass,0,0,0,0.0
00847-bCPU9suPUw9,0_0,222,glasses,0,0,0,0.0
00847-bCPU9suPUw9,0_0,223,globe,0,0,0,0.0
00847-bCPU9suPUw9,0_0,224,globe stand,0,0,0,0.0
00847-bCPU9suPUw9,0_0,225,gloves,0,0,0,0.0
00847-bCPU9suPUw9,0_0,226,glue,0,0,0,0.0
00847-bCPU9suPUw9,0_0,227,goalpost,0,0,0,0.0
00847-bCPU9suPUw9,0_0,228,golf sticks,0,0,0,0.0
00847-bCPU9suPUw9,0_0,229,grab bar,0,0,0,0.0
00847-bCPU9suPUw9,0_0,230,grass,0,0,0,0.0
00847-bCPU9suPUw9,0_0,231,grate,0,0,0,0.0
00847-bCPU9suPUw9,0_0,232,gravel,0,0,0,0.0
00847-bCPU9suPUw9,0_0,233,groceries,0,0,0,0.0
00847-bCPU9suPUw9,0_0,234,guitar,0,0,0,0.0
00847-bCPU9suPUw9,0_0,235,gun,0,0,0,0.0
00847-bCPU9suPUw9,0_0,236,gym rope,0,0,0,0.0
00847-bCPU9suPUw9,0_0,237,hair brush,0,0,0,0.0
00847-bCPU9suPUw9,0_0,238,hair dryer,0,0,0,0.0
00847-bCPU9suPUw9,0_0,239,hammer,0,0,0,0.0
00847-bCPU9suPUw9,0_0,240,hammock,0,0,0,0.0
00847-bCPU9suPUw9,0_0,241,hand dryer,0,0,0,0.0
00847-bCPU9suPUw9,0_0,242,handcart,0,0,0,0.0
00847-bCPU9suPUw9,0_0,243,handkerchiefs,0,0,0,0.0
00847-bCPU9suPUw9,0_0,244,handle,0,1,0,0.8582006286879016
00847-bCPU9suPUw9,0_0,245,hanger,1,1,2,0.0
00847-bCPU9suPUw9,0_0,246,hat,0,0,0,0.0
00847-bCPU9suPUw9,0_0,247,hatch,0,0,0,0.0
00847-bCPU9suPUw9,0_0,248,headboard,0,0,0,0.0
00847-bCPU9suPUw9,0_0,249,headphones,0,0,0,0.0
00847-bCPU9suPUw9,0_0,250,heater,0,0,0,0.0
00847-bCPU9suPUw9,0_0,251,heater piping,0,0,0,0.0
00847-bCPU9suPUw9,0_0,252,holder,0,0,0,0.0
00847-bCPU9suPUw9,0_0,253,holy cross,0,0,0,0.0
00847-bCPU9suPUw9,0_0,254,hook,0,0,0,0.0
00847-bCPU9suPUw9,0_0,255,hose,0,0,0,0.0
00847-bCPU9suPUw9,0_0,256,hourglass,0,0,0,0.0
00847-bCPU9suPUw9,0_0,257,hoverboard,0,0,0,0.0
00847-bCPU9suPUw9,0_0,258,ice maker,0,0,0,0.0
00847-bCPU9suPUw9,0_0,259,information,0,0,0,0.0
00847-bCPU9suPUw9,0_0,260,installation,0,0,0,0.0
00847-bCPU9suPUw9,0_0,261,instrument,0,0,0,0.0
00847-bCPU9suPUw9,0_0,262,iron,0,0,0,0.0
00847-bCPU9suPUw9,0_0,263,ironing board,0,0,0,0.0
00847-bCPU9suPUw9,0_0,264,jewelry,0,0,0,0.0
00847-bCPU9suPUw9,0_0,265,jug,0,0,0,0.0
00847-bCPU9suPUw9,0_0,266,keg,0,0,0,0.0
00847-bCPU9suPUw9,0_0,267,kettle,0,0,0,0.0
00847-bCPU9suPUw9,0_0,268,keys,0,0,0,0.0
00847-bCPU9suPUw9,0_0,269,kitchen appliance,1,1,2,0.0
00847-bCPU9suPUw9,0_0,270,kitchen handle,0,0,0,0.0
00847-bCPU9suPUw9,0_0,271,kitchen island,0,0,0,0.0
00847-bCPU9suPUw9,0_0,272,kitchen utensil,0,0,0,0.0
00847-bCPU9suPUw9,0_0,273,knife,0,0,0,0.0
00847-bCPU9suPUw9,0_0,274,knob,0,0,0,0.0
00847-bCPU9suPUw9,0_0,275,lace doily,0,0,0,0.0
00847-bCPU9suPUw9,0_0,276,ladder,0,0,0,0.0
00847-bCPU9suPUw9,0_0,277,landing,0,0,0,0.0
00847-bCPU9suPUw9,0_0,278,laundry,0,1,0,0.0
00847-bCPU9suPUw9,0_0,279,lawn mower,0,0,0,0.0
00847-bCPU9suPUw9,0_0,280,level,0,0,0,0.0
00847-bCPU9suPUw9,0_0,281,lid,0,0,0,0.6693308049038843
00847-bCPU9suPUw9,0_0,282,light,1,1,3,0.5643676505007931
00847-bCPU9suPUw9,0_0,283,lighter,0,0,0,0.0
00847-bCPU9suPUw9,0_0,284,liquid,0,0,0,0.0
00847-bCPU9suPUw9,0_0,285,locker,0,0,0,0.0
00847-bCPU9suPUw9,0_0,286,machine,0,0,0,0.0
00847-bCPU9suPUw9,0_0,287,mailbox,0,0,0,0.0
00847-bCPU9suPUw9,0_0,288,mannequin,0,0,0,0.0
00847-bCPU9suPUw9,0_0,289,map,0,0,0,0.0
00847-bCPU9suPUw9,0_0,290,mascot,0,0,0,0.0
00847-bCPU9suPUw9,0_0,291,massage bed,0,0,0,0.0
00847-bCPU9suPUw9,0_0,292,material,0,0,0,0.0
00847-bCPU9suPUw9,0_0,293,measuring tape,0,0,0,0.0
00847-bCPU9suPUw9,0_0,294,medical lamp,0,0,0,0.0
00847-bCPU9suPUw9,0_0,295,medical object,0,0,0,0.0
00847-bCPU9suPUw9,0_0,296,menu,0,0,0,0.0
00847-bCPU9suPUw9,0_0,297,meshwork,0,0,0,0.0
00847-bCPU9suPUw9,0_0,298,meter,0,0,0,0.0
00847-bCPU9suPUw9,0_0,299,microphone,0,0,0,0.0
00847-bCPU9suPUw9,0_0,300,microphone accessory,0,0,0,0.0
00847-bCPU9suPUw9,0_0,301,microwave,0,0,0,0.9999999894358195
00847-bCPU9suPUw9,0_0,302,mirror,1,1,1,0.0
00847-bCPU9suPUw9,0_0,303,model,0,0,0,0.0
00847-bCPU9suPUw9,0_0,304,modem,0,0,0,0.0
00847-bCPU9suPUw9,0_0,305,mop,0,0,0,0.0
00847-bCPU9suPUw9,0_0,306,mortar,0,0,0,0.45902947650876325
00847-bCPU9suPUw9,0_0,307,motorcycle,0,0,0,0.0
00847-bCPU9suPUw9,0_0,308,music equipment,0,0,0,0.0
00847-bCPU9suPUw9,0_0,309,napkin,0,0,0,0.0
00847-bCPU9suPUw9,0_0,310,nightstand,0,0,0,0.0
00847-bCPU9suPUw9,0_0,311,oar,0,0,0,0.0
00847-bCPU9suPUw9,0_0,312,object,0,0,0,0.0
00847-bCPU9suPUw9,0_0,313,objects,0,0,0,0.0
00847-bCPU9suPUw9,0_0,314,outlet,0,0,0,0.0
00847-bCPU9suPUw9,0_0,315,oven,1,1,2,0.9520850255612252
00847-bCPU9suPUw9,0_0,316,overhang,0,0,0,0.9999474437879665
00847-bCPU9suPUw9,0_0,317,pad,0,0,0,0.0
00847-bCPU9suPUw9,0_0,318,painting stuff,0,0,0,0.0
00847-bCPU9suPUw9,0_0,319,pan,0,0,0,0.9998687519588734
00847-bCPU9suPUw9,0_0,320,panel,0,0,0,0.0
00847-bCPU9suPUw9,0_0,321,pantry,0,0,0,0.0
00847-bCPU9suPUw9,0_0,322,paper holder,0,0,0,0.0
00847-bCPU9suPUw9,0_0,323,paper storage,0,0,0,0.0
00847-bCPU9suPUw9,0_0,324,paper towel,1,1,1,0.00674733161838903
00847-bCPU9suPUw9,0_0,325,parapet,0,0,0,0.0
00847-bCPU9suPUw9,0_0,326,partial,0,0,0,0.987147628458982
00847-bCPU9suPUw9,0_0,327,pavement,0,0,0,0.0
00847-bCPU9suPUw9,0_0,328,pedestal,0,0,0,0.0
00847-bCPU9suPUw9,0_0,329,pen,0,0,0,0.0
00847-bCPU9suPUw9,0_0,330,pendant,0,0,0,0.0
00847-bCPU9suPUw9,0_0,331,pet bed,0,0,0,0.0
00847-bCPU9suPUw9,0_0,332,pet bowl,0,0,0,0.0
00847-bCPU9suPUw9,0_0,333,phone,0,0,0,0.0
00847-bCPU9suPUw9,0_0,334,photo mount,0,0,0,0.0
00847-bCPU9suPUw9,0_0,335,photo stand,0,0,0,0.0
00847-bCPU9suPUw9,0_0,336,piano,0,0,0,0.0
00847-bCPU9suPUw9,0_0,337,pillow,0,1,0,0.0
00847-bCPU9suPUw9,0_0,338,pitchfork,0,0,0,0.0
00847-bCPU9suPUw9,0_0,339,place mat,0,0,0,0.0
00847-bCPU9suPUw9,0_0,340,plane,0,0,0,0.0
00847-bCPU9suPUw9,0_0,341,plank,0,0,0,0.0
00847-bCPU9suPUw9,0_0,342,plant,1,1,1,0.0
00847-bCPU9suPUw9,0_0,343,plant ornament,0,0,0,0.0
00847-bCPU9suPUw9,0_0,344,platform,0,0,0,0.0
00847-bCPU9suPUw9,0_0,345,playpen,0,0,0,0.0
00847-bCPU9suPUw9,0_0,346,plenum box,0,0,0,0.0
00847-bCPU9suPUw9,0_0,347,pliers,0,0,0,0.0
00847-bCPU9suPUw9,0_0,348,plumbing,0,0,0,0.0
00847-bCPU9suPUw9,0_0,349,plunger,0,0,0,0.0
00847-bCPU9suPUw9,0_0,350,podium,0,0,0,0.0
00847-bCPU9suPUw9,0_0,351,pole,0,0,0,0.0
00847-bCPU9suPUw9,0_0,352,pool,0,0,0,0.0
00847-bCPU9suPUw9,0_0,353,pool table,0,0,0,0.0
00847-bCPU9suPUw9,0_0,354,porcelain,0,0,0,0.0
00847-bCPU9suPUw9,0_0,355,poster,0,0,0,0.0
00847-bCPU9suPUw9,0_0,356,pot,0,0,0,0.0
00847-bCPU9suPUw9,0_0,357,pot lid,0,0,0,0.0
00847-bCPU9suPUw9,0_0,358,pouches,0,0,0,0.0
00847-bCPU9suPUw9,0_0,359,press,0,0,0,0.0
00847-bCPU9suPUw9,0_0,360,pressure washer,0,0,0,0.0
00847-bCPU9suPUw9,0_0,361,printer,0,0,0,0.0
00847-bCPU9suPUw9,0_0,362,product,0,0,0,0.0
00847-bCPU9suPUw9,0_0,363,products,0,0,0,0.0
00847-bCPU9suPUw9,0_0,364,prop,0,0,0,0.0
00847-bCPU9suPUw9,0_0,365,pump,0,0,0,0.0
00847-bCPU9suPUw9,0_0,366,punchbag,0,0,0,0.0
00847-bCPU9suPUw9,0_0,367,puppet,0,0,0,0.0
00847-bCPU9suPUw9,0_0,368,rag,0,0,0,0.0
00847-bCPU9suPUw9,0_0,369,rail,0,0,0,0.0
00847-bCPU9suPUw9,0_0,370,rake,0,0,0,0.0
00847-bCPU9suPUw9,0_0,371,receipt printer,0,0,0,0.0
00847-bCPU9suPUw9,0_0,372,records,0,0,0,0.0
00847-bCPU9suPUw9,0_0,373,recuperator,0,0,0,0.0
00847-bCPU9suPUw9,0_0,374,refrigerator,0,1,0,0.6439462436939752
00847-bCPU9suPUw9,0_0,375,remote control,0,0,0,0.0
00847-bCPU9suPUw9,0_0,376,rice cooker,0,0,0,0.0
00847-bCPU9suPUw9,0_0,377,riser,0,0,0,0.0
00847-bCPU9suPUw9,0_0,378,rocking horse,0,0,0,0.0
00847-bCPU9suPUw9,0_0,379,rod,0,0,0,0.0
00847-bCPU9suPUw9,0_0,380,roll,0,0,0,0.0
00847-bCPU9suPUw9,0_0,381,rope,0,0,0,0.0
00847-bCPU9suPUw9,0_0,382,router,0,0,0,0.0
00847-bCPU9suPUw9,0_0,383,rug,1,1,1,0.0
00847-bCPU9suPUw9,0_0,384,safe,0,0,0,0.0
00847-bCPU9suPUw9,0_0,385,saturator,0,0,0,0.0
00847-bCPU9suPUw9,0_0,386,sauna,0,0,0,0.0
00847-bCPU9suPUw9,0_0,387,saw,0,0,0,0.0
00847-bCPU9suPUw9,0_0,388,saxophone,0,0,0,0.0
00847-bCPU9suPUw9,0_0,389,scale,0,0,0,0.0
00847-bCPU9suPUw9,0_0,390,scanner,0,0,0,0.0
00847-bCPU9suPUw9,0_0,391,screen,0,0,0,0.0
00847-bCPU9suPUw9,0_0,392,screen frame,0,0,0,0.0
00847-bCPU9suPUw9,0_0,393,screwdriver,0,0,0,0.0
00847-bCPU9suPUw9,0_0,394,sculpture,0,0,0,0.0
00847-bCPU9suPUw9,0_0,395,security camera,0,0,0,0.0
00847-bCPU9suPUw9,0_0,396,self-closing mechanism,0,0,0,0.0
00847-bCPU9suPUw9,0_0,397,sensor,0,1,0,0.0
00847-bCPU9suPUw9,0_0,398,separator,0,0,0,0.0
00847-bCPU9suPUw9,0_0,399,set of valves,0,0,0,0.0
00847-bCPU9suPUw9,0_0,400,sewing machine,0,0,0,0.0
00847-bCPU9suPUw9,0_0,401,sewing tools,0,0,0,0.0
00847-bCPU9suPUw9,0_0,402,shampoo,0,0,0,0.0
00847-bCPU9suPUw9,0_0,403,sheet music,0,0,0,0.0
00847-bCPU9suPUw9,0_0,404,sheets / clothes,0,0,0,0.0
00847-bCPU9suPUw9,0_0,405,shelf,1,1,3,0.0
00847-bCPU9suPUw9,0_0,406,ship toy,0,0,0,0.0
00847-bCPU9suPUw9,0_0,407,shisha,0,0,0,0.0
00847-bCPU9suPUw9,0_0,408,shoe,0,0,0,0.0
00847-bCPU9suPUw9,0_0,409,shoe rack,0,0,0,0.0
00847-bCPU9suPUw9,0_0,410,shoehorn,0,0,0,0.0
00847-bCPU9suPUw9,0_0,411,shovel,0,0,0,0.0
00847-bCPU9suPUw9,0_0,412,shower,0,1,0,0.00017119184406866328
00847-bCPU9suPUw9,0_0,413,shower seat,0,0,0,0.0
00847-bCPU9suPUw9,0_0,414,shredder,0,0,0,0.0
00847-bCPU9suPUw9,0_0,415,side table,0,0,0,0.0
00847-bCPU9suPUw9,0_0,416,sideboard,0,0,0,0.0
00847-bCPU9suPUw9,0_0,417,sign,0,0,0,0.0
00847-bCPU9suPUw9,0_0,418,silicone gun,0,0,0,0.0
00847-bCPU9suPUw9,0_0,419,silicone tube,0,0,0,0.0
00847-bCPU9suPUw9,0_0,420,sink,1,1,1,0.019912231565550664
00847-bCPU9suPUw9,0_0,421,skateboard,0,0,0,0.0
00847-bCPU9suPUw9,0_0,422,skates,0,0,0,0.0
00847-bCPU9suPUw9,0_0,423,ski,0,0,0,0.0
00847-bCPU9suPUw9,0_0,424,sky,0,0,0,0.0
00847-bCPU9suPUw9,0_0,425,sled,0,0,0,0.0
00847-bCPU9suPUw9,0_0,426,sleeping bag,0,0,0,0.0
00847-bCPU9suPUw9,0_0,427,smoke detector,0,0,0,0.0
00847-bCPU9suPUw9,0_0,428,snack,0,0,0,0.0
00847-bCPU9suPUw9,0_0,429,soap,0,0,0,0.0
00847-bCPU9suPUw9,0_0,430,socks,0,0,0,0.0
00847-bCPU9suPUw9,0_0,431,sofa,0,1,0,0.0
00847-bCPU9suPUw9,0_0,432,solarium,0,0,0,0.0
00847-bCPU9suPUw9,0_0,433,speaker,0,0,0,0.0
00847-bCPU9suPUw9,0_0,434,speaker stand,0,0,0,0.0
00847-bCPU9suPUw9,0_0,435,spices,0,0,0,0.0
00847-bCPU9suPUw9,0_0,436,sponge,0,0,0,0.0
00847-bCPU9suPUw9,0_0,437,spray can,0,0,0,0.0
00847-bCPU9suPUw9,0_0,438,sprinkler,0,0,0,0.0
00847-bCPU9suPUw9,0_0,439,square,0,0,0,0.0
00847-bCPU9suPUw9,0_0,440,stack,0,0,0,0.0
00847-bCPU9suPUw9,0_0,441,stack of books / papers,0,0,0,0.0
00847-bCPU9suPUw9,0_0,442,stack of stuff,0,0,0,0.0
00847-bCPU9suPUw9,0_0,443,stack of yarns,0,0,0,0.0
00847-bCPU9suPUw9,0_0,444,stage,0,0,0,0.0
00847-bCPU9suPUw9,0_0,445,stained glass,0,0,0,0.0
00847-bCPU9suPUw9,0_0,446,stand,0,0,0,0.0
00847-bCPU9suPUw9,0_0,447,star,0,0,0,0.0
00847-bCPU9suPUw9,0_0,448,stationery,0,0,0,0.0
00847-bCPU9suPUw9,0_0,449,steel plate,0,0,0,0.0
00847-bCPU9suPUw9,0_0,450,step stool,0,0,0,0.0
00847-bCPU9suPUw9,0_0,451,stick,0,0,0,0.0
00847-bCPU9suPUw9,0_0,452,stone,0,0,0,0.40722436307792975
00847-bCPU9suPUw9,0_0,453,stonework,0,0,0,0.0
00847-bCPU9suPUw9,0_0,454,stool,0,0,0,0.5480729151548998
00847-bCPU9suPUw9,0_0,455,storage,0,0,0,0.0
00847-bCPU9suPUw9,0_0,456,strings,0,0,0,0.0
00847-bCPU9suPUw9,0_0,457,stroke,0,0,0,0.0
00847-bCPU9suPUw9,0_0,458,sunbed,0,0,0,0.0
00847-bCPU9suPUw9,0_0,459,support,0,0,0,0.0
00847-bCPU9suPUw9,0_0,460,surface,0,0,0,0.0
00847-bCPU9suPUw9,0_0,461,surfboard,0,0,0,0.0
00847-bCPU9suPUw9,0_0,462,swing,0,0,0,0.0
00847-bCPU9suPUw9,0_0,463,switch,0,0,0,0.8580582554974233
00847-bCPU9suPUw9,0_0,464,table,1,1,1,0.0
00847-bCPU9suPUw9,0_0,465,table cloth,0,0,0,0.0
00847-bCPU9suPUw9,0_0,466,table pad,0,0,0,0.0
00847-bCPU9suPUw9,0_0,467,table stand,0,0,0,0.0
00847-bCPU9suPUw9,0_0,468,table tennis table,0,0,0,0.0
00847-bCPU9suPUw9,0_0,469,tablet,0,0,0,0.0
00847-bCPU9suPUw9,0_0,470,tambourine,0,0,0,0.0
00847-bCPU9suPUw9,0_0,471,tea set,0,0,0,0.0
00847-bCPU9suPUw9,0_0,472,telescope,0,0,0,0.0
00847-bCPU9suPUw9,0_0,473,tennis racket,0,0,0,0.0
00847-bCPU9suPUw9,0_0,474,tent,0,0,0,0.0
00847-bCPU9suPUw9,0_0,475,thermometer,0,0,0,0.0
00847-bCPU9suPUw9,0_0,476,thermostat,0,0,0,0.0
00847-bCPU9suPUw9,0_0,477,three,0,0,0,0.0
00847-bCPU9suPUw9,0_0,478,tile,0,0,0,1.0
00847-bCPU9suPUw9,0_0,479,tire,0,0,0,0.0
00847-bCPU9suPUw9,0_0,480,tissue,0,0,0,0.4868287500856303
00847-bCPU9suPUw9,0_0,481,title,0,0,0,0.0
00847-bCPU9suPUw9,0_0,482,toaster,0,0,0,0.0
00847-bCPU9suPUw9,0_0,483,toaster oven,0,0,0,0.0
00847-bCPU9suPUw9,0_0,484,toilet,1,1,1,0.9963988141278494
00847-bCPU9suPUw9,0_0,485,toilet brush,1,1,1,0.0
00847-bCPU9suPUw9,0_0,486,toilet cleaner,0,0,0,0.0
00847-bCPU9suPUw9,0_0,487,toilet paper,0,1,0,0.0
00847-bCPU9suPUw9,0_0,488,toiletry,0,0,0,0.0
00847-bCPU9suPUw9,0_0,489,tool,0,0,0,0.0
00847-bCPU9suPUw9,0_0,490,tool rack,0,0,0,0.0
00847-bCPU9suPUw9,0_0,491,toothbrush,0,0,0,0.0
00847-bCPU9suPUw9,0_0,492,toothpaste,0,0,0,0.0
00847-bCPU9suPUw9,0_0,493,towel,1,1,1,0.0
00847-bCPU9suPUw9,0_0,494,towel bar,1,1,1,0.0
00847-bCPU9suPUw9,0_0,495,toy,0,0,0,0.0
00847-bCPU9suPUw9,0_0,496,traffic cone,0,0,0,0.0
00847-bCPU9suPUw9,0_0,497,trampoline,0,0,0,0.0
00847-bCPU9suPUw9,0_0,498,trash bag,0,0,0,0.0
00847-bCPU9suPUw9,0_0,499,tray,0,0,0,0.0
00847-bCPU9suPUw9,0_0,500,treadmill,0,0,0,0.0
00847-bCPU9suPUw9,0_0,501,tree,0,0,0,0.0
00847-bCPU9suPUw9,0_0,502,tree branch,0,0,0,0.0
00847-bCPU9suPUw9,0_0,503,trimmer,0,0,0,0.0
00847-bCPU9suPUw9,0_0,504,tripod,0,0,0,0.0
00847-bCPU9suPUw9,0_0,505,trolley,0,0,0,0.0
00847-bCPU9suPUw9,0_0,506,trombone,0,0,0,0.0
00847-bCPU9suPUw9,0_0,507,trophy,0,0,0,0.0
00847-bCPU9suPUw9,0_0,508,trough,0,0,0,0.0
00847-bCPU9suPUw9,0_0,509,trumpet,0,0,0,0.0
00847-bCPU9suPUw9,0_0,510,tv,0,1,0,0.0
00847-bCPU9suPUw9,0_0,511,tv stand,0,0,0,0.0
00847-bCPU9suPUw9,0_0,512,typewriter,0,0,0,0.0
00847-bCPU9suPUw9,0_0,513,ukulele,0,0,0,0.0
00847-bCPU9suPUw9,0_0,514,umbrella,0,0,0,0.0
00847-bCPU9suPUw9,0_0,515,umbrella stand,0,0,0,0.0
00847-bCPU9suPUw9,0_0,516,unknown,1,1,1,0.0
00847-bCPU9suPUw9,0_0,517,vacuum cleaner,0,0,0,0.0
00847-bCPU9suPUw9,0_0,518,vanity,0,0,0,0.0
00847-bCPU9suPUw9,0_0,519,vase,0,0,0,0.0
00847-bCPU9suPUw9,0_0,520,vegetables,0,0,0,0.0
00847-bCPU9suPUw9,0_0,521,vessel,0,0,0,0.0
00847-bCPU9suPUw9,0_0,522,vinyl records,0,0,0,0.0
00847-bCPU9suPUw9,0_0,523,violin,0,0,0,0.0
00847-bCPU9suPUw9,0_0,524,violin case,0,0,0,0.0
00847-bCPU9suPUw9,0_0,525,waffle iron,0,0,0,0.0
00847-bCPU9suPUw9,0_0,526,wardrobe,0,0,0,0.0
00847-bCPU9suPUw9,0_0,527,washing machine,1,1,1,0.0
00847-bCPU9suPUw9,0_0,528,washing powder,0,0,0,0.0
00847-bCPU9suPUw9,0_0,529,washing stuff,0,0,0,0.0
00847-bCPU9suPUw9,0_0,530,watch,0,0,0,0.0
00847-bCPU9suPUw9,0_0,531,water dispenser,0,0,0,0.0
00847-bCPU9suPUw9,0_0,532,water heater,0,0,0,0.0
00847-bCPU9suPUw9,0_0,533,water meter,0,0,0,0.0
00847-bCPU9suPUw9,0_0,534,water pump,0,0,0,0.0
00847-bCPU9suPUw9,0_0,535,water tank,0,0,0,0.0
00847-bCPU9suPUw9,0_0,536,watering can,0,0,0,0.0
00847-bCPU9suPUw9,0_0,537,weight,0,0,0,0.0
00847-bCPU9suPUw9,0_0,538,weight bench,0,0,0,0.0
00847-bCPU9suPUw9,0_0,539,weights,0,0,0,0.0
00847-bCPU9suPUw9,0_0,540,wheel,0,0,0,0.0
00847-bCPU9suPUw9,0_0,541,wheelbarrow,0,0,0,0.0
00847-bCPU9suPUw9,0_0,542,window shade,1,1,1,0.9850896288772794
00847-bCPU9suPUw9,0_0,543,wine,0,0,0,0.0
00847-bCPU9suPUw9,0_0,544,wine storage,0,0,0,0.0
00847-bCPU9suPUw9,0_0,545,wood,0,0,0,0.0
00847-bCPU9suPUw9,0_0,546,wrench,0,0,0,0.0
00847-bCPU9suPUw9,0_1,0,acoustic panel,0,0,0,0.0
00847-bCPU9suPUw9,0_1,1,air conditioner,0,0,0,0.0
00847-bCPU9suPUw9,0_1,2,air freshener,0,0,0,0.0
00847-bCPU9suPUw9,0_1,3,air hockey,0,0,0,0.0
00847-bCPU9suPUw9,0_1,4,air purifier,0,0,0,0.0
00847-bCPU9suPUw9,0_1,5,aisle frame,0,0,0,0.0
00847-bCPU9suPUw9,0_1,6,alarm,0,0,0,0.0
00847-bCPU9suPUw9,0_1,7,album,0,0,0,0.0
00847-bCPU9suPUw9,0_1,8,amplifier,0,0,0,0.0
00847-bCPU9suPUw9,0_1,9,appliance,0,0,0,0.0
00847-bCPU9suPUw9,0_1,10,apron,0,0,0,0.0
00847-bCPU9suPUw9,0_1,11,aquarium,0,0,0,0.0
00847-bCPU9suPUw9,0_1,12,arcade game,0,0,0,0.0
00847-bCPU9suPUw9,0_1,13,artwork,0,1,0,0.0
00847-bCPU9suPUw9,0_1,14,ashtray,0,0,0,0.0
00847-bCPU9suPUw9,0_1,15,audio player,0,0,0,0.0
00847-bCPU9suPUw9,0_1,16,axe,0,0,0,0.0
00847-bCPU9suPUw9,0_1,17,baby changing table,0,0,0,0.0
00847-bCPU9suPUw9,0_1,18,backrest,0,0,0,0.0
00847-bCPU9suPUw9,0_1,19,backsplash,0,0,0,0.0
00847-bCPU9suPUw9,0_1,20,bag,0,0,0,0.0
00847-bCPU9suPUw9,0_1,21,ball,0,0,0,0.0
00847-bCPU9suPUw9,0_1,22,ball pool,0,0,0,0.0
00847-bCPU9suPUw9,0_1,23,bar,0,0,0,0.0
00847-bCPU9suPUw9,0_1,24,barbecue,0,0,0,0.0
00847-bCPU9suPUw9,0_1,25,barrel,0,0,0,0.0
00847-bCPU9suPUw9,0_1,26,base,0,0,0,0.0
00847-bCPU9suPUw9,0_1,27,baseball bat,0,0,0,0.0
00847-bCPU9suPUw9,0_1,28,basket,0,0,0,0.0
00847-bCPU9suPUw9,0_1,29,basketball hoop,0,0,0,0.0
00847-bCPU9suPUw9,0_1,30,basketballs,0,0,0,0.0
00847-bCPU9suPUw9,0_1,31,bathroom accessory,0,0,0,0.0
00847-bCPU9suPUw9,0_1,32,bathtub,0,1,0,0.0
00847-bCPU9suPUw9,0_1,33,bed,0,1,0,0.0
00847-bCPU9suPUw9,0_1,34,bed ladder,0,0,0,0.0
00847-bCPU9suPUw9,0_1,35,beer crate,0,0,0,0.0
00847-bCPU9suPUw9,0_1,36,bell,0,0,0,0.0
00847-bCPU9suPUw9,0_1,37,belt,0,0,0,0.0
00847-bCPU9suPUw9,0_1,38,bench,0,0,0,0.0
00847-bCPU9suPUw9,0_1,39,beverage dispenser,0,0,0,0.0
00847-bCPU9suPUw9,0_1,40,bicycle,0,0,0,0.0
00847-bCPU9suPUw9,0_1,41,bicycle helmet,0,0,0,0.0
00847-bCPU9suPUw9,0_1,42,bin,0,1,0,0.0
00847-bCPU9suPUw9,0_1,43,birdhouse,0,0,0,0.0
00847-bCPU9suPUw9,0_1,44,blanket,0,0,0,0.0
00847-bCPU9suPUw9,0_1,45,board,0,0,0,0.0
00847-bCPU9suPUw9,0_1,46,board game,0,0,0,0.0
00847-bCPU9suPUw9,0_1,47,board with keys,0,0,0,0.0
00847-bCPU9suPUw9,0_1,48,book,0,0,0,0.0
00847-bCPU9suPUw9,0_1,49,bottle,0,0,0,0.0
00847-bCPU9suPUw9,0_1,50,bottle dispenser,0,0,0,0.0
00847-bCPU9suPUw9,0_1,51,bottle opener,0,0,0,0.0
00847-bCPU9suPUw9,0_1,52,bowl,0,0,0,0.0
00847-bCPU9suPUw9,0_1,53,box,0,1,0,0.0
00847-bCPU9suPUw9,0_1,54,boxing ring,0,0,0,0.0
00847-bCPU9suPUw9,0_1,55,bread,0,0,0,0.0
00847-bCPU9suPUw9,0_1,56,bread box,0,0,0,0.0
00847-bCPU9suPUw9,0_1,57,bricks,0,0,0,0.0
00847-bCPU9suPUw9,0_1,58,bridge,0,0,0,0.0
00847-bCPU9suPUw9,0_1,59,broom,0,0,0,0.0
00847-bCPU9suPUw9,0_1,60,brush,0,0,0,0.0
00847-bCPU9suPUw9,0_1,61,bucket,0,0,0,0.0
00847-bCPU9suPUw9,0_1,62,buffet,0,0,0,0.0
00847-bCPU9suPUw9,0_1,63,button,0,0,0,0.0
00847-bCPU9suPUw9,0_1,64,cabinet,0,1,0,0.0
00847-bCPU9suPUw9,0_1,65,cable,0,0,0,0.0
00847-bCPU9suPUw9,0_1,66,cage,0,0,0,0.0
00847-bCPU9suPUw9,0_1,67,cake,0,0,0,0.0
00847-bCPU9suPUw9,0_1,68,calculator,0,0,0,0.0
00847-bCPU9suPUw9,0_1,69,calendar,0,0,0,0.0
00847-bCPU9suPUw9,0_1,70,camera,0,0,0,0.0
00847-bCPU9suPUw9,0_1,71,can,0,0,0,0.0
00847-bCPU9suPUw9,0_1,72,canal,0,0,0,0.0
00847-bCPU9suPUw9,0_1,73,candelabra,0,0,0,0.0
00847-bCPU9suPUw9,0_1,74,candle,0,0,0,0.0
00847-bCPU9suPUw9,0_1,75,candle holder,0,0,0,0.0
00847-bCPU9suPUw9,0_1,76,candle stand,0,0,0,0.0
00847-bCPU9suPUw9,0_1,77,candlestick,0,0,0,0.0
00847-bCPU9suPUw9,0_1,78,canoe,0,0,0,0.0
00847-bCPU9suPUw9,0_1,79,canopy,0,0,0,0.0
00847-bCPU9suPUw9,0_1,80,car,0,0,0,0.0
00847-bCPU9suPUw9,0_1,81,card,0,0,0,0.0
00847-bCPU9suPUw9,0_1,82,cardboard,0,0,0,0.9994443644784101
00847-bCPU9suPUw9,0_1,83,cart,0,0,0,0.0
00847-bCPU9suPUw9,0_1,84,cash register,0,0,0,0.0
00847-bCPU9suPUw9,0_1,85,casket,0,0,0,0.0
00847-bCPU9suPUw9,0_1,86,cassette,0,0,0,0.0
00847-bCPU9suPUw9,0_1,87,cat,0,0,0,0.0
00847-bCPU9suPUw9,0_1,88,cat food,0,0,0,0.0
00847-bCPU9suPUw9,0_1,89,cat litter box,0,0,0,0.0
00847-bCPU9suPUw9,0_1,90,cat tree,0,0,0,0.0
00847-bCPU9suPUw9,0_1,91,cd,0,0,0,0.0
00847-bCPU9suPUw9,0_1,92,ceiling arch,0,0,0,0.29282174516481685
00847-bCPU9suPUw9,0_1,93,ceiling chassis,0,0,0,0.0
00847-bCPU9suPUw9,0_1,94,ceiling ladder,0,0,0,0.0
00847-bCPU9suPUw9,0_1,95,ceramics,0,0,0,0.0
00847-bCPU9suPUw9,0_1,96,chain,0,0,0,0.0
00847-bCPU9suPUw9,0_1,97,chair,1,1,5,0.0027984541281140807
00847-bCPU9suPUw9,0_1,98,chair stand,0,0,0,0.0
00847-bCPU9suPUw9,0_1,99,chassis,0,0,0,0.0
00847-bCPU9suPUw9,0_1,100,chest,0,0,0,0.0
00847-bCPU9suPUw9,0_1,101,child car seat,0,0,0,0.0
00847-bCPU9suPUw9,0_1,102,christmas tree,0,0,0,0.0
00847-bCPU9suPUw9,0_1,103,clarinet,0,0,0,0.0
00847-bCPU9suPUw9,0_1,104,cleaner,0,0,0,0.0
00847-bCPU9suPUw9,0_1,105,clock,0,1,0,0.0
00847-bCPU9suPUw9,0_1,106,closet door,0,0,0,0.0
00847-bCPU9suPUw9,0_1,107,cloth,0,0,0,0.0
00847-bCPU9suPUw9,0_1,108,cloth holder,0,0,0,0.0
00847-bCPU9suPUw9,0_1,109,clothes,0,0,0,0.0
00847-bCPU9suPUw9,0_1,110,clothes container,0,0,0,0.0
00847-bCPU9suPUw9,0_1,111,clothes dryer,0,0,0,0.0
00847-bCPU9suPUw9,0_1,112,clothes rack,0,0,0,0.0
00847-bCPU9suPUw9,0_1,113,clutter,0,0,0,0.0
00847-bCPU9suPUw9,0_1,114,coaster,0,0,0,0.0
00847-bCPU9suPUw9,0_1,115,coffee maker,0,0,0,0.0
00847-bCPU9suPUw9,0_1,116,coffee table,0,0,0,0.0
00847-bCPU9suPUw9,0_1,117,compressor,0,0,0,0.0
00847-bCPU9suPUw9,0_1,118,computer,0,0,0,0.0
00847-bCPU9suPUw9,0_1,119,computer equipment,0,0,0,0.0
00847-bCPU9suPUw9,0_1,120,cone,0,0,0,0.0
00847-bCPU9suPUw9,0_1,121,construction stuff,0,0,0,0.0
00847-bCPU9suPUw9,0_1,122,container,0,0,0,0.0
00847-bCPU9suPUw9,0_1,123,controller,0,0,0,0.0
00847-bCPU9suPUw9,0_1,124,cosmetics,0,0,0,0.0
00847-bCPU9suPUw9,0_1,125,counter door,0,0,0,0.0
00847-bCPU9suPUw9,0_1,126,countertop,0,0,0,0.0
00847-bCPU9suPUw9,0_1,127,countertop item,0,0,0,0.2278879871322136
00847-bCPU9suPUw9,0_1,128,cover,0,0,0,0.0
00847-bCPU9suPUw9,0_1,129,cross,0,0,0,0.0
00847-bCPU9suPUw9,0_1,130,crutches,0,0,0,0.0
00847-bCPU9suPUw9,0_1,131,cup,0,0,0,0.0
00847-bCPU9suPUw9,0_1,132,curb,0,0,0,0.0
00847-bCPU9suPUw9,0_1,133,curtain,0,1,0,0.0
00847-bCPU9suPUw9,0_1,134,cushion,0,0,0,0.0
00847-bCPU9suPUw9,0_1,135,cutlery,0,0,0,0.0
00847-bCPU9suPUw9,0_1,136,cyp,0,0,0,0.0
00847-bCPU9suPUw9,0_1,137,dartboard,0,0,0,0.0
00847-bCPU9suPUw9,0_1,138,decoder,0,0,0,0.0
00847-bCPU9suPUw9,0_1,139,decoration,0,1,0,0.0
00847-bCPU9suPUw9,0_1,140,dehumidifier,0,0,0,0.0
00847-bCPU9suPUw9,0_1,141,den,0,0,0,0.0
00847-bCPU9suPUw9,0_1,142,desk,0,1,0,0.0
00847-bCPU9suPUw9,0_1,143,desk door,0,0,0,0.0
00847-bCPU9suPUw9,0_1,144,dinnerware,0,0,0,0.0
00847-bCPU9suPUw9,0_1,145,diploma,0,0,0,0.0
00847-bCPU9suPUw9,0_1,146,dirt ground,0,0,0,0.0
00847-bCPU9suPUw9,0_1,147,dish rack,0,0,0,0.0
00847-bCPU9suPUw9,0_1,148,dishwasher,0,0,0,0.0
00847-bCPU9suPUw9,0_1,149,dispenser,0,0,0,0.0
00847-bCPU9suPUw9,0_1,150,display case,0,0,0,0.0
00847-bCPU9suPUw9,0_1,151,document,0,0,0,0.0
00847-bCPU9suPUw9,0_1,152,document holder,0,0,0,0.0
00847-bCPU9suPUw9,0_1,153,dog leash,0,0,0,0.0
00847-bCPU9suPUw9,0_1,154,dog toy,0,0,0,0.0
00847-bCPU9suPUw9,0_1,155,doily,0,0,0,0.0
00847-bCPU9suPUw9,0_1,156,doll,0,0,0,0.0
00847-bCPU9suPUw9,0_1,157,door screen,0,0,0,0.0
00847-bCPU9suPUw9,0_1,158,drawer,0,1,0,0.0
00847-bCPU9suPUw9,0_1,159,drawer cart,0,0,0,0.0
00847-bCPU9suPUw9,0_1,160,dressing table,0,0,0,0.0
00847-bCPU9suPUw9,0_1,161,drill,0,0,0,0.0
00847-bCPU9suPUw9,0_1,162,drum,0,0,0,0.0
00847-bCPU9suPUw9,0_1,163,dustpan,0,0,0,0.0
00847-bCPU9suPUw9,0_1,164,dvd,0,0,0,0.0
00847-bCPU9suPUw9,0_1,165,easel,0,0,0,0.0
00847-bCPU9suPUw9,0_1,166,electric hub,0,0,0,0.0
00847-bCPU9suPUw9,0_1,167,electric wire casing,0,0,0,0.0
00847-bCPU9suPUw9,0_1,168,electrical box,0,0,0,0.0
00847-bCPU9suPUw9,0_1,169,electrical device,0,1,0,0.0
00847-bCPU9suPUw9,0_1,170,electrical installation,0,0,0,0.0
00847-bCPU9suPUw9,0_1,171,elevator,0,0,0,0.0
00847-bCPU9suPUw9,0_1,172,exercise ball,0,0,0,0.0
00847-bCPU9suPUw9,0_1,173,exercise bike,0,0,0,0.0
00847-bCPU9suPUw9,0_1,174,exercise equipment,0,0,0,0.0
00847-bCPU9suPUw9,0_1,175,exercise ladder,0,0,0,0.0
00847-bCPU9suPUw9,0_1,176,exercise mat,0,0,0,0.0
00847-bCPU9suPUw9,0_1,177,exhibition panel,0,0,0,0.0
00847-bCPU9suPUw9,0_1,178,extractor hood,0,0,0,0.0
00847-bCPU9suPUw9,0_1,179,eyeglasses,0,0,0,0.0
00847-bCPU9suPUw9,0_1,180,fan,0,0,0,0.0
00847-bCPU9suPUw9,0_1,181,faucet,0,1,0,0.0
00847-bCPU9suPUw9,0_1,182,fire extinguisher,0,0,0,0.0
00847-bCPU9suPUw9,0_1,183,fireplace,0,0,0,0.0
00847-bCPU9suPUw9,0_1,184,fireplace tool set,0,0,0,0.0
00847-bCPU9suPUw9,0_1,185,firewood,0,0,0,0.0
00847-bCPU9suPUw9,0_1,186,fishing rod,0,0,0,0.0
00847-bCPU9suPUw9,0_1,187,flag,0,0,0,0.0
00847-bCPU9suPUw9,0_1,188,flashlight,0,0,0,0.0
00847-bCPU9suPUw9,0_1,189,floor stand,0,0,0,0.0
00847-bCPU9suPUw9,0_1,190,flower stand,0,0,0,0.0
00847-bCPU9suPUw9,0_1,191,flowerbed,0,0,0,0.0
00847-bCPU9suPUw9,0_1,192,flush,0,0,0,0.0
00847-bCPU9suPUw9,0_1,193,flush button,0,0,0,0.0
00847-bCPU9suPUw9,0_1,194,flush push,0,0,0,0.0
00847-bCPU9suPUw9,0_1,195,foam,0,0,0,0.0
00847-bCPU9suPUw9,0_1,196,folding stand,0,0,0,0.0
00847-bCPU9suPUw9,0_1,197,food,0,0,0,0.0
00847-bCPU9suPUw9,0_1,198,food processor,0,0,0,0.0
00847-bCPU9suPUw9,0_1,199,food stand,0,0,0,0.0
00847-bCPU9suPUw9,0_1,200,foosball table,0,0,0,0.0
00847-bCPU9suPUw9,0_1,201,foot spa,0,0,0,0.0
00847-bCPU9suPUw9,0_1,202,football,0,0,0,0.0
00847-bCPU9suPUw9,0_1,203,footstool,0,1,0,0.0
00847-bCPU9suPUw9,0_1,204,frame,0,0,0,0.0
00847-bCPU9suPUw9,0_1,205,fruit,0,0,0,0.0
00847-bCPU9suPUw9,0_1,206,fume cupboard,0,0,0,0.0
00847-bCPU9suPUw9,0_1,207,fur,0,0,0,0.0
00847-bCPU9suPUw9,0_1,208,furnace,0,0,0,0.0
00847-bCPU9suPUw9,0_1,209,furniture,0,0,0,0.0
00847-bCPU9suPUw9,0_1,210,game,0,0,0,0.0
00847-bCPU9suPUw9,0_1,211,game console,0,0,0,0.0
00847-bCPU9suPUw9,0_1,212,gap,0,0,0,0.0
00847-bCPU9suPUw9,0_1,213,garage door motor,0,0,0,0.0
00847-bCPU9suPUw9,0_1,214,garage door opener,0,0,0,0.0
00847-bCPU9suPUw9,0_1,215,garage door opener railing,0,0,0,0.0
00847-bCPU9suPUw9,0_1,216,gas box,0,0,0,0.0
00847-bCPU9suPUw9,0_1,217,gas container,0,0,0,0.0
00847-bCPU9suPUw9,0_1,218,gas meter,0,0,0,0.0
00847-bCPU9suPUw9,0_1,219,gauge,0,0,0,0.0
00847-bCPU9suPUw9,0_1,220,gift,0,0,0,0.0
00847-bCPU9suPUw9,0_1,221,glass,0,0,0,0.0
00847-bCPU9suPUw9,0_1,222,glasses,0,0,0,0.0
00847-bCPU9suPUw9,0_1,223,globe,0,0,0,0.0
00847-bCPU9suPUw9,0_1,224,globe stand,0,0,0,0.0
00847-bCPU9suPUw9,0_1,225,gloves,0,0,0,0.0
00847-bCPU9suPUw9,0_1,226,glue,0,0,0,0.0
00847-bCPU9suPUw9,0_1,227,goalpost,0,0,0,0.0
00847-bCPU9suPUw9,0_1,228,golf sticks,0,0,0,0.0
00847-bCPU9suPUw9,0_1,229,grab bar,0,0,0,0.0
00847-bCPU9suPUw9,0_1,230,grass,0,0,0,0.0
00847-bCPU9suPUw9,0_1,231,grate,0,0,0,0.0
00847-bCPU9suPUw9,0_1,232,gravel,0,0,0,0.0
00847-bCPU9suPUw9,0_1,233,groceries,0,0,0,0.0
00847-bCPU9suPUw9,0_1,234,guitar,0,0,0,0.0
00847-bCPU9suPUw9,0_1,235,gun,0,0,0,0.0
00847-bCPU9suPUw9,0_1,236,gym rope,0,0,0,0.0
00847-bCPU9suPUw9,0_1,237,hair brush,0,0,0,0.0
00847-bCPU9suPUw9,0_1,238,hair dryer,0,0,0,0.0
00847-bCPU9suPUw9,0_1,239,hammer,0,0,0,0.0
00847-bCPU9suPUw9,0_1,240,hammock,0,0,0,0.0
00847-bCPU9suPUw9,0_1,241,hand dryer,0,0,0,0.0
00847-bCPU9suPUw9,0_1,242,handcart,0,0,0,0.0
00847-bCPU9suPUw9,0_1,243,handkerchiefs,0,0,0,0.0
00847-bCPU9suPUw9,0_1,244,handle,0,1,0,0.0
00847-bCPU9suPUw9,0_1,245,hanger,0,1,0,0.0
00847-bCPU9suPUw9,0_1,246,hat,0,0,0,0.0
00847-bCPU9suPUw9,0_1,247,hatch,0,0,0,0.0
00847-bCPU9suPUw9,0_1,248,headboard,0,0,0,0.0
00847-bCPU9suPUw9,0_1,249,headphones,0,0,0,0.0
00847-bCPU9suPUw9,0_1,250,heater,0,0,0,0.0
00847-bCPU9suPUw9,0_1,251,heater piping,0,0,0,0.0
00847-bCPU9suPUw9,0_1,252,holder,0,0,0,0.0
00847-bCPU9suPUw9,0_1,253,holy cross,0,0,0,0.0
00847-bCPU9suPUw9,0_1,254,hook,0,0,0,0.0
00847-bCPU9suPUw9,0_1,255,hose,0,0,0,0.0
00847-bCPU9suPUw9,0_1,256,hourglass,0,0,0,0.0
00847-bCPU9suPUw9,0_1,257,hoverboard,0,0,0,0.0
00847-bCPU9suPUw9,0_1,258,ice maker,0,0,0,0.0
00847-bCPU9suPUw9,0_1,259,information,0,0,0,0.0
00847-bCPU9suPUw9,0_1,260,installation,0,0,0,0.0
00847-bCPU9suPUw9,0_1,261,instrument,0,0,0,0.0
00847-bCPU9suPUw9,0_1,262,iron,0,0,0,0.0
00847-bCPU9suPUw9,0_1,263,ironing board,0,0,0,0.0
00847-bCPU9suPUw9,0_1,264,jewelry,0,0,0,0.0
00847-bCPU9suPUw9,0_1,265,jug,0,0,0,0.0
00847-bCPU9suPUw9,0_1,266,keg,0,0,0,0.0
00847-bCPU9suPUw9,0_1,267,kettle,0,0,0,0.0
00847-bCPU9suPUw9,0_1,268,keys,0,0,0,0.0
00847-bCPU9suPUw9,0_1,269,kitchen appliance,0,1,0,0.0
00847-bCPU9suPUw9,0_1,270,kitchen handle,0,0,0,0.0
00847-bCPU9suPUw9,0_1,271,kitchen island,0,0,0,0.0
00847-bCPU9suPUw9,0_1,272,kitchen utensil,0,0,0,0.0
00847-bCPU9suPUw9,0_1,273,knife,0,0,0,0.5413334847141794
00847-bCPU9suPUw9,0_1,274,knob,0,0,0,0.0
00847-bCPU9suPUw9,0_1,275,lace doily,0,0,0,0.0
00847-bCPU9suPUw9,0_1,276,ladder,0,0,0,0.0
00847-bCPU9suPUw9,0_1,277,landing,0,0,0,0.0
00847-bCPU9suPUw9,0_1,278,laundry,0,1,0,0.0
00847-bCPU9suPUw9,0_1,279,lawn mower,0,0,0,0.0
00847-bCPU9suPUw9,0_1,280,level,0,0,0,0.0
00847-bCPU9suPUw9,0_1,281,lid,0,0,0,0.0
00847-bCPU9suPUw9,0_1,282,light,0,1,0,0.0
00847-bCPU9suPUw9,0_1,283,lighter,0,0,0,0.0
00847-bCPU9suPUw9,0_1,284,liquid,0,0,0,0.0
00847-bCPU9suPUw9,0_1,285,locker,0,0,0,0.0
00847-bCPU9suPUw9,0_1,286,machine,0,0,0,0.0
00847-bCPU9suPUw9,0_1,287,mailbox,0,0,0,0.0
00847-bCPU9suPUw9,0_1,288,mannequin,0,0,0,0.0
00847-bCPU9suPUw9,0_1,289,map,0,0,0,0.0
00847-bCPU9suPUw9,0_1,290,mascot,0,0,0,0.0
00847-bCPU9suPUw9,0_1,291,massage bed,0,0,0,0.0
00847-bCPU9suPUw9,0_1,292,material,0,0,0,0.0
00847-bCPU9suPUw9,0_1,293,measuring tape,0,0,0,0.0
00847-bCPU9suPUw9,0_1,294,medical lamp,0,0,0,0.0
00847-bCPU9suPUw9,0_1,295,medical object,0,0,0,0.0
00847-bCPU9suPUw9,0_1,296,menu,0,0,0,0.0
00847-bCPU9suPUw9,0_1,297,meshwork,0,0,0,0.0
00847-bCPU9suPUw9,0_1,298,meter,0,0,0,0.0
00847-bCPU9suPUw9,0_1,299,microphone,0,0,0,0.0
00847-bCPU9suPUw9,0_1,300,microphone accessory,0,0,0,0.0
00847-bCPU9suPUw9,0_1,301,microwave,0,0,0,0.0
00847-bCPU9suPUw9,0_1,302,mirror,0,1,0,0.0
00847-bCPU9suPUw9,0_1,303,model,0,0,0,5.833377014430319e-06
00847-bCPU9suPUw9,0_1,304,modem,0,0,0,0.0
00847-bCPU9suPUw9,0_1,305,mop,0,0,0,0.0
00847-bCPU9suPUw9,0_1,306,mortar,0,0,0,0.0
00847-bCPU9suPUw9,0_1,307,motorcycle,0,0,0,0.0
00847-bCPU9suPUw9,0_1,308,music equipment,0,0,0,0.0
00847-bCPU9suPUw9,0_1,309,napkin,0,0,0,0.0
00847-bCPU9suPUw9,0_1,310,nightstand,0,0,0,0.0
00847-bCPU9suPUw9,0_1,311,oar,0,0,0,0.0
00847-bCPU9suPUw9,0_1,312,object,0,0,0,0.0
00847-bCPU9suPUw9,0_1,313,objects,0,0,0,0.0
00847-bCPU9suPUw9,0_1,314,outlet,0,0,0,0.0
00847-bCPU9suPUw9,0_1,315,oven,0,1,0,0.0
00847-bCPU9suPUw9,0_1,316,overhang,0,0,0,0.0
00847-bCPU9suPUw9,0_1,317,pad,0,0,0,0.0
00847-bCPU9suPUw9,0_1,318,painting stuff,0,0,0,0.0
00847-bCPU9suPUw9,0_1,319,pan,0,0,0,0.0
00847-bCPU9suPUw9,0_1,320,panel,0,0,0,0.0
00847-bCPU9suPUw9,0_1,321,pantry,0,0,0,0.0
00847-bCPU9suPUw9,0_1,322,paper holder,0,0,0,0.0
00847-bCPU9suPUw9,0_1,323,paper storage,0,0,0,0.0
00847-bCPU9suPUw9,0_1,324,paper towel,0,1,0,0.0
00847-bCPU9suPUw9,0_1,325,parapet,0,0,0,0.0
00847-bCPU9suPUw9,0_1,326,partial,0,0,0,0.6675292493607679
00847-bCPU9suPUw9,0_1,327,pavement,0,0,0,0.0
00847-bCPU9suPUw9,0_1,328,pedestal,0,0,0,0.0
00847-bCPU9suPUw9,0_1,329,pen,0,0,0,0.0
00847-bCPU9suPUw9,0_1,330,pendant,0,0,0,0.0
00847-bCPU9suPUw9,0_1,331,pet bed,0,0,0,0.0
00847-bCPU9suPUw9,0_1,332,pet bowl,0,0,0,0.0
00847-bCPU9suPUw9,0_1,333,phone,0,0,0,0.0
00847-bCPU9suPUw9,0_1,334,photo mount,0,0,0,0.0
00847-bCPU9suPUw9,0_1,335,photo stand,0,0,0,0.0
00847-bCPU9suPUw9,0_1,336,piano,0,0,0,0.0
00847-bCPU9suPUw9,0_1,337,pillow,0,1,0,0.0
00847-bCPU9suPUw9,0_1,338,pitchfork,0,0,0,0.0
00847-bCPU9suPUw9,0_1,339,place mat,0,0,0,0.0
00847-bCPU9suPUw9,0_1,340,plane,0,0,0,0.0
00847-bCPU9suPUw9,0_1,341,plank,0,0,0,0.0
00847-bCPU9suPUw9,0_1,342,plant,0,1,0,0.0
00847-bCPU9suPUw9,0_1,343,plant ornament,0,0,0,0.0
00847-bCPU9suPUw9,0_1,344,platform,0,0,0,0.0
00847-bCPU9suPUw9,0_1,345,playpen,0,0,0,0.0
00847-bCPU9suPUw9,0_1,346,plenum box,0,0,0,0.0
00847-bCPU9suPUw9,0_1,347,pliers,0,0,0,0.0
00847-bCPU9suPUw9,0_1,348,plumbing,0,0,0,0.0
00847-bCPU9suPUw9,0_1,349,plunger,0,0,0,0.0
00847-bCPU9suPUw9,0_1,350,podium,0,0,0,0.0
00847-bCPU9suPUw9,0_1,351,pole,0,0,0,0.0
00847-bCPU9suPUw9,0_1,352,pool,0,0,0,0.0
00847-bCPU9suPUw9,0_1,353,pool table,0,0,0,0.0
00847-bCPU9suPUw9,0_1,354,porcelain,0,0,0,0.0
00847-bCPU9suPUw9,0_1,355,poster,0,0,0,0.0
00847-bCPU9suPUw9,0_1,356,pot,0,0,0,0.0
00847-bCPU9suPUw9,0_1,357,pot lid,0,0,0,0.0
00847-bCPU9suPUw9,0_1,358,pouches,0,0,0,0.0
00847-bCPU9suPUw9,0_1,359,press,0,0,0,0.0
00847-bCPU9suPUw9,0_1,360,pressure washer,0,0,0,0.0
00847-bCPU9suPUw9,0_1,361,printer,0,0,0,0.0
00847-bCPU9suPUw9,0_1,362,product,0,0,0,0.0
00847-bCPU9suPUw9,0_1,363,products,0,0,0,0.0
00847-bCPU9suPUw9,0_1,364,prop,0,0,0,0.0
00847-bCPU9suPUw9,0_1,365,pump,0,0,0,0.0
00847-bCPU9suPUw9,0_1,366,punchbag,0,0,0,0.0
00847-bCPU9suPUw9,0_1,367,puppet,0,0,0,0.0
00847-bCPU9suPUw9,0_1,368,rag,0,0,0,0.0
00847-bCPU9suPUw9,0_1,369,rail,0,0,0,0.0
00847-bCPU9suPUw9,0_1,370,rake,0,0,0,0.0
00847-bCPU9suPUw9,0_1,371,receipt printer,0,0,0,0.0
00847-bCPU9suPUw9,0_1,372,records,0,0,0,0.0
00847-bCPU9suPUw9,0_1,373,recuperator,0,0,0,0.0
00847-bCPU9suPUw9,0_1,374,refrigerator,0,1,0,0.0
00847-bCPU9suPUw9,0_1,375,remote control,0,0,0,0.0
00847-bCPU9suPUw9,0_1,376,rice cooker,0,0,0,0.0
00847-bCPU9suPUw9,0_1,377,riser,0,0,0,0.0
00847-bCPU9suPUw9,0_1,378,rocking horse,0,0,0,0.0
00847-bCPU9suPUw9,0_1,379,rod,0,0,0,0.0
00847-bCPU9suPUw9,0_1,380,roll,0,0,0,0.0
00847-bCPU9suPUw9,0_1,381,rope,0,0,0,0.0
00847-bCPU9suPUw9,0_1,382,router,0,0,0,0.0
00847-bCPU9suPUw9,0_1,383,rug,0,1,0,0.0
00847-bCPU9suPUw9,0_1,384,safe,0,0,0,0.0
00847-bCPU9suPUw9,0_1,385,saturator,0,0,0,0.0
00847-bCPU9suPUw9,0_1,386,sauna,0,0,0,0.0
00847-bCPU9suPUw9,0_1,387,saw,0,0,0,0.0
00847-bCPU9suPUw9,0_1,388,saxophone,0,0,0,0.0
00847-bCPU9suPUw9,0_1,389,scale,0,0,0,0.0
00847-bCPU9suPUw9,0_1,390,scanner,0,0,0,0.0
00847-bCPU9suPUw9,0_1,391,screen,0,0,0,0.0
00847-bCPU9suPUw9,0_1,392,screen frame,0,0,0,0.0
00847-bCPU9suPUw9,0_1,393,screwdriver,0,0,0,0.0
00847-bCPU9suPUw9,0_1,394,sculpture,0,0,0,0.0
00847-bCPU9suPUw9,0_1,395,security camera,0,0,0,0.0
00847-bCPU9suPUw9,0_1,396,self-closing mechanism,0,0,0,0.0
00847-bCPU9suPUw9,0_1,397,sensor,0,1,0,0.0
00847-bCPU9suPUw9,0_1,398,separator,0,0,0,0.0
00847-bCPU9suPUw9,0_1,399,set of valves,0,0,0,0.0
00847-bCPU9suPUw9,0_1,400,sewing machine,0,0,0,0.0
00847-bCPU9suPUw9,0_1,401,sewing tools,0,0,0,0.0
00847-bCPU9suPUw9,0_1,402,shampoo,0,0,0,0.0
00847-bCPU9suPUw9,0_1,403,sheet music,0,0,0,0.0
00847-bCPU9suPUw9,0_1,404,sheets / clothes,0,0,0,0.0
00847-bCPU9suPUw9,0_1,405,shelf,0,1,0,0.0
00847-bCPU9suPUw9,0_1,406,ship toy,0,0,0,0.0
00847-bCPU9suPUw9,0_1,407,shisha,0,0,0,0.0
00847-bCPU9suPUw9,0_1,408,shoe,0,0,0,0.514210960077781
00847-bCPU9suPUw9,0_1,409,shoe rack,0,0,0,0.0
00847-bCPU9suPUw9,0_1,410,shoehorn,0,0,0,0.0
00847-bCPU9suPUw9,0_1,411,shovel,0,0,0,0.0
00847-bCPU9suPUw9,0_1,412,shower,0,1,0,0.0
00847-bCPU9suPUw9,0_1,413,shower seat,0,0,0,0.0
00847-bCPU9suPUw9,0_1,414,shredder,0,0,0,0.0
00847-bCPU9suPUw9,0_1,415,side table,0,0,0,0.0
00847-bCPU9suPUw9,0_1,416,sideboard,0,0,0,0.0
00847-bCPU9suPUw9,0_1,417,sign,0,0,0,0.0
00847-bCPU9suPUw9,0_1,418,silicone gun,0,0,0,0.0
00847-bCPU9suPUw9,0_1,419,silicone tube,0,0,0,0.0
00847-bCPU9suPUw9,0_1,420,sink,0,1,0,0.0
00847-bCPU9suPUw9,0_1,421,skateboard,0,0,0,0.0
00847-bCPU9suPUw9,0_1,422,skates,0,0,0,0.0
00847-bCPU9suPUw9,0_1,423,ski,0,0,0,0.0
00847-bCPU9suPUw9,0_1,424,sky,0,0,0,0.0
00847-bCPU9suPUw9,0_1,425,sled,0,0,0,0.0
00847-bCPU9suPUw9,0_1,426,sleeping bag,0,0,0,0.0
00847-bCPU9suPUw9,0_1,427,smoke detector,0,0,0,0.0
00847-bCPU9suPUw9,0_1,428,snack,0,0,0,0.0
00847-bCPU9suPUw9,0_1,429,soap,0,0,0,0.0
00847-bCPU9suPUw9,0_1,430,socks,0,0,0,0.0
00847-bCPU9suPUw9,0_1,431,sofa,0,1,0,0.0
00847-bCPU9suPUw9,0_1,432,solarium,0,0,0,0.0
00847-bCPU9suPUw9,0_1,433,speaker,0,0,0,0.0
00847-bCPU9suPUw9,0_1,434,speaker stand,0,0,0,0.0
00847-bCPU9suPUw9,0_1,435,spices,0,0,0,0.0
00847-bCPU9suPUw9,0_1,436,sponge,0,0,0,0.0
00847-bCPU9suPUw9,0_1,437,spray can,0,0,0,0.0
00847-bCPU9suPUw9,0_1,438,sprinkler,0,0,0,0.0
00847-bCPU9suPUw9,0_1,439,square,0,0,0,0.0
00847-bCPU9suPUw9,0_1,440,stack,0,0,0,0.0
00847-bCPU9suPUw9,0_1,441,stack of books / papers,0,0,0,0.0
00847-bCPU9suPUw9,0_1,442,stack of stuff,0,0,0,0.0
00847-bCPU9suPUw9,0_1,443,stack of yarns,0,0,0,0.0
00847-bCPU9suPUw9,0_1,444,stage,0,0,0,0.0
00847-bCPU9suPUw9,0_1,445,stained glass,0,0,0,0.0
00847-bCPU9suPUw9,0_1,446,stand,0,0,0,0.0
00847-bCPU9suPUw9,0_1,447,star,0,0,0,0.0
00847-bCPU9suPUw9,0_1,448,stationery,0,0,0,0.0
00847-bCPU9suPUw9,0_1,449,steel plate,0,0,0,0.0
00847-bCPU9suPUw9,0_1,450,step stool,0,0,0,0.0
00847-bCPU9suPUw9,0_1,451,stick,0,0,0,0.0
00847-bCPU9suPUw9,0_1,452,stone,0,0,0,0.0
00847-bCPU9suPUw9,0_1,453,stonework,0,0,0,0.0
00847-bCPU9suPUw9,0_1,454,stool,0,0,0,0.0
00847-bCPU9suPUw9,0_1,455,storage,0,0,0,0.0
00847-bCPU9suPUw9,0_1,456,strings,0,0,0,0.0
00847-bCPU9suPUw9,0_1,457,stroke,0,0,0,0.0
00847-bCPU9suPUw9,0_1,458,sunbed,0,0,0,0.0
00847-bCPU9suPUw9,0_1,459,support,0,0,0,0.0
00847-bCPU9suPUw9,0_1,460,surface,0,0,0,0.0
00847-bCPU9suPUw9,0_1,461,surfboard,0,0,0,0.0
00847-bCPU9suPUw9,0_1,462,swing,0,0,0,0.0
00847-bCPU9suPUw9,0_1,463,switch,0,0,0,0.0
00847-bCPU9suPUw9,0_1,464,table,1,1,2,0.8060772776316761
00847-bCPU9suPUw9,0_1,465,table cloth,0,0,0,0.0
00847-bCPU9suPUw9,0_1,466,table pad,0,0,0,0.0
00847-bCPU9suPUw9,0_1,467,table stand,0,0,0,0.0
00847-bCPU9suPUw9,0_1,468,table tennis table,0,0,0,0.0
00847-bCPU9suPUw9,0_1,469,tablet,0,0,0,0.0
00847-bCPU9suPUw9,0_1,470,tambourine,0,0,0,0.0
00847-bCPU9suPUw9,0_1,471,tea set,0,0,0,0.0
00847-bCPU9suPUw9,0_1,472,telescope,0,0,0,0.0
00847-bCPU9suPUw9,0_1,473,tennis racket,0,0,0,0.0
00847-bCPU9suPUw9,0_1,474,tent,0,0,0,0.0
00847-bCPU9suPUw9,0_1,475,thermometer,0,0,0,0.0
00847-bCPU9suPUw9,0_1,476,thermostat,0,0,0,0.0
00847-bCPU9suPUw9,0_1,477,three,0,0,0,0.0
00847-bCPU9suPUw9,0_1,478,tile,0,0,0,0.9999975852783283
00847-bCPU9suPUw9,0_1,479,tire,0,0,0,0.0
00847-bCPU9suPUw9,0_1,480,tissue,0,0,0,0.0
00847-bCPU9suPUw9,0_1,481,title,0,0,0,0.36559282463451515
00847-bCPU9suPUw9,0_1,482,toaster,0,0,0,0.0
00847-bCPU9suPUw9,0_1,483,toaster oven,0,0,0,0.0
00847-bCPU9suPUw9,0_1,484,toilet,0,1,0,0.0
00847-bCPU9suPUw9,0_1,485,toilet brush,0,1,0,0.0
00847-bCPU9suPUw9,0_1,486,toilet cleaner,0,0,0,0.0
00847-bCPU9suPUw9,0_1,487,toilet paper,0,1,0,0.0
00847-bCPU9suPUw9,0_1,488,toiletry,0,0,0,0.0
00847-bCPU9suPUw9,0_1,489,tool,0,0,0,0.0
00847-bCPU9suPUw9,0_1,490,tool rack,0,0,0,0.0
00847-bCPU9suPUw9,0_1,491,toothbrush,0,0,0,0.0
00847-bCPU9suPUw9,0_1,492,toothpaste,0,0,0,0.0
00847-bCPU9suPUw9,0_1,493,towel,0,1,0,0.0
00847-bCPU9suPUw9,0_1,494,towel bar,0,1,0,0.0
00847-bCPU9suPUw9,0_1,495,toy,0,0,0,0.0
00847-bCPU9suPUw9,0_1,496,traffic cone,0,0,0,0.0
00847-bCPU9suPUw9,0_1,497,trampoline,0,0,0,0.0
00847-bCPU9suPUw9,0_1,498,trash bag,0,0,0,0.0
00847-bCPU9suPUw9,0_1,499,tray,0,0,0,0.0
00847-bCPU9suPUw9,0_1,500,treadmill,0,0,0,0.0
00847-bCPU9suPUw9,0_1,501,tree,0,0,0,0.0
00847-bCPU9suPUw9,0_1,502,tree branch,0,0,0,0.0
00847-bCPU9suPUw9,0_1,503,trimmer,0,0,0,0.0
00847-bCPU9suPUw9,0_1,504,tripod,0,0,0,0.0
00847-bCPU9suPUw9,0_1,505,trolley,0,0,0,0.0
00847-bCPU9suPUw9,0_1,506,trombone,0,0,0,0.0
00847-bCPU9suPUw9,0_1,507,trophy,0,0,0,0.0
00847-bCPU9suPUw9,0_1,508,trough,0,0,0,0.0
00847-bCPU9suPUw9,0_1,509,trumpet,0,0,0,0.0
00847-bCPU9suPUw9,0_1,510,tv,0,1,0,0.0
00847-bCPU9suPUw9,0_1,511,tv stand,0,0,0,0.0
00847-bCPU9suPUw9,0_1,512,typewriter,0,0,0,0.0
00847-bCPU9suPUw9,0_1,513,ukulele,0,0,0,0.0
00847-bCPU9suPUw9,0_1,514,umbrella,0,0,0,0.0
00847-bCPU9suPUw9,0_1,515,umbrella stand,0,0,0,0.0
00847-bCPU9suPUw9,0_1,516,unknown,0,1,0,0.0
00847-bCPU9suPUw9,0_1,517,vacuum cleaner,0,0,0,0.0
00847-bCPU9suPUw9,0_1,518,vanity,0,0,0,0.0
00847-bCPU9suPUw9,0_1,519,vase,0,0,0,0.0
00847-bCPU9suPUw9,0_1,520,vegetables,0,0,0,0.0
00847-bCPU9suPUw9,0_1,521,vessel,0,0,0,0.0
00847-bCPU9suPUw9,0_1,522,vinyl records,0,0,0,0.0
00847-bCPU9suPUw9,0_1,523,violin,0,0,0,0.0
00847-bCPU9suPUw9,0_1,524,violin case,0,0,0,0.0
00847-bCPU9suPUw9,0_1,525,waffle iron,0,0,0,0.0
00847-bCPU9suPUw9,0_1,526,wardrobe,0,0,0,0.0
00847-bCPU9suPUw9,0_1,527,washing machine,0,1,0,0.0
00847-bCPU9suPUw9,0_1,528,washing powder,0,0,0,0.0
00847-bCPU9suPUw9,0_1,529,washing stuff,0,0,0,0.0
00847-bCPU9suPUw9,0_1,530,watch,0,0,0,0.0
00847-bCPU9suPUw9,0_1,531,water dispenser,0,0,0,0.0
00847-bCPU9suPUw9,0_1,532,water heater,0,0,0,0.0
00847-bCPU9suPUw9,0_1,533,water meter,0,0,0,0.0
00847-bCPU9suPUw9,0_1,534,water pump,0,0,0,0.0
00847-bCPU9suPUw9,0_1,535,water tank,0,0,0,0.0
00847-bCPU9suPUw9,0_1,536,watering can,0,0,0,0.0
00847-bCPU9suPUw9,0_1,537,weight,0,0,0,0.0
00847-bCPU9suPUw9,0_1,538,weight bench,0,0,0,0.0
00847-bCPU9suPUw9,0_1,539,weights,0,0,0,0.0
00847-bCPU9suPUw9,0_1,540,wheel,0,0,0,0.0
00847-bCPU9suPUw9,0_1,541,wheelbarrow,0,0,0,0.0
00847-bCPU9suPUw9,0_1,542,window shade,0,1,0,0.0
00847-bCPU9suPUw9,0_1,543,wine,0,0,0,0.0
00847-bCPU9suPUw9,0_1,544,wine storage,0,0,0,0.0
00847-bCPU9suPUw9,0_1,545,wood,0,0,0,0.9999767952203644
00847-bCPU9suPUw9,0_1,546,wrench,0,0,0,0.0
00847-bCPU9suPUw9,0_2,0,acoustic panel,0,0,0,0.0
00847-bCPU9suPUw9,0_2,1,air conditioner,0,0,0,0.0
00847-bCPU9suPUw9,0_2,2,air freshener,0,0,0,0.0
00847-bCPU9suPUw9,0_2,3,air hockey,0,0,0,0.0
00847-bCPU9suPUw9,0_2,4,air purifier,0,0,0,0.0
00847-bCPU9suPUw9,0_2,5,aisle frame,0,0,0,0.0
00847-bCPU9suPUw9,0_2,6,alarm,0,0,0,0.0
00847-bCPU9suPUw9,0_2,7,album,0,0,0,0.0
00847-bCPU9suPUw9,0_2,8,amplifier,0,0,0,0.0
00847-bCPU9suPUw9,0_2,9,appliance,0,0,0,0.0
00847-bCPU9suPUw9,0_2,10,apron,0,0,0,0.0
00847-bCPU9suPUw9,0_2,11,aquarium,0,0,0,0.0
00847-bCPU9suPUw9,0_2,12,arcade game,0,0,0,0.0
00847-bCPU9suPUw9,0_2,13,artwork,1,1,1,0.7331964975368908
00847-bCPU9suPUw9,0_2,14,ashtray,0,0,0,0.0
00847-bCPU9suPUw9,0_2,15,audio player,0,0,0,0.0
00847-bCPU9suPUw9,0_2,16,axe,0,0,0,0.0
00847-bCPU9suPUw9,0_2,17,baby changing table,0,0,0,0.0
00847-bCPU9suPUw9,0_2,18,backrest,0,0,0,0.0
00847-bCPU9suPUw9,0_2,19,backsplash,0,0,0,0.0
00847-bCPU9suPUw9,0_2,20,bag,0,0,0,0.0
00847-bCPU9suPUw9,0_2,21,ball,0,0,0,0.0
00847-bCPU9suPUw9,0_2,22,ball pool,0,0,0,0.0
00847-bCPU9suPUw9,0_2,23,bar,0,0,0,0.0
00847-bCPU9suPUw9,0_2,24,barbecue,0,0,0,0.0
00847-bCPU9suPUw9,0_2,25,barrel,0,0,0,0.0
00847-bCPU9suPUw9,0_2,26,base,0,0,0,0.0
00847-bCPU9suPUw9,0_2,27,baseball bat,0,0,0,0.0
00847-bCPU9suPUw9,0_2,28,basket,0,0,0,0.0
00847-bCPU9suPUw9,0_2,29,basketball hoop,0,0,0,0.0
00847-bCPU9suPUw9,0_2,30,basketballs,0,0,0,0.0
00847-bCPU9suPUw9,0_2,31,bathroom accessory,0,0,0,0.0
00847-bCPU9suPUw9,0_2,32,bathtub,0,1,0,0.0
00847-bCPU9suPUw9,0_2,33,bed,0,1,0,0.0
00847-bCPU9suPUw9,0_2,34,bed ladder,0,0,0,0.0
00847-bCPU9suPUw9,0_2,35,beer crate,0,0,0,0.0
00847-bCPU9suPUw9,0_2,36,bell,0,0,0,0.0
00847-bCPU9suPUw9,0_2,37,belt,0,0,0,0.0
00847-bCPU9suPUw9,0_2,38,bench,0,0,0,0.0
00847-bCPU9suPUw9,0_2,39,beverage dispenser,0,0,0,0.0
00847-bCPU9suPUw9,0_2,40,bicycle,0,0,0,0.0
00847-bCPU9suPUw9,0_2,41,bicycle helmet,0,0,0,0.0
00847-bCPU9suPUw9,0_2,42,bin,0,1,0,0.0
00847-bCPU9suPUw9,0_2,43,birdhouse,0,0,0,0.0
00847-bCPU9suPUw9,0_2,44,blanket,0,0,0,0.0
00847-bCPU9suPUw9,0_2,45,board,0,0,0,0.0
00847-bCPU9suPUw9,0_2,46,board game,0,0,0,0.0
00847-bCPU9suPUw9,0_2,47,board with keys,0,0,0,0.0
00847-bCPU9suPUw9,0_2,48,book,0,0,0,0.0
00847-bCPU9suPUw9,0_2,49,bottle,0,0,0,0.0
00847-bCPU9suPUw9,0_2,50,bottle dispenser,0,0,0,0.0
00847-bCPU9suPUw9,0_2,51,bottle opener,0,0,0,0.0
00847-bCPU9suPUw9,0_2,52,bowl,0,0,0,0.0
00847-bCPU9suPUw9,0_2,53,box,0,1,0,0.8511766768903277
00847-bCPU9suPUw9,0_2,54,boxing ring,0,0,0,0.0
00847-bCPU9suPUw9,0_2,55,bread,0,0,0,0.0
00847-bCPU9suPUw9,0_2,56,bread box,0,0,0,0.0
00847-bCPU9suPUw9,0_2,57,bricks,0,0,0,0.0
00847-bCPU9suPUw9,0_2,58,bridge,0,0,0,0.0
00847-bCPU9suPUw9,0_2,59,broom,0,0,0,0.0
00847-bCPU9suPUw9,0_2,60,brush,0,0,0,0.0
00847-bCPU9suPUw9,0_2,61,bucket,0,0,0,0.0
00847-bCPU9suPUw9,0_2,62,buffet,0,0,0,0.0
00847-bCPU9suPUw9,0_2,63,button,0,0,0,0.0
00847-bCPU9suPUw9,0_2,64,cabinet,1,1,5,0.9785446841412585
00847-bCPU9suPUw9,0_2,65,cable,0,0,0,0.0
00847-bCPU9suPUw9,0_2,66,cage,0,0,0,0.0
00847-bCPU9suPUw9,0_2,67,cake,0,0,0,0.0
00847-bCPU9suPUw9,0_2,68,calculator,0,0,0,0.0
00847-bCPU9suPUw9,0_2,69,calendar,0,0,0,0.0
00847-bCPU9suPUw9,0_2,70,camera,0,0,0,0.0
00847-bCPU9suPUw9,0_2,71,can,0,0,0,0.0
00847-bCPU9suPUw9,0_2,72,canal,0,0,0,0.0
00847-bCPU9suPUw9,0_2,73,candelabra,0,0,0,0.0
00847-bCPU9suPUw9,0_2,74,candle,0,0,0,0.0
00847-bCPU9suPUw9,0_2,75,candle holder,0,0,0,0.0
00847-bCPU9suPUw9,0_2,76,candle stand,0,0,0,0.0
00847-bCPU9suPUw9,0_2,77,candlestick,0,0,0,0.0
00847-bCPU9suPUw9,0_2,78,canoe,0,0,0,0.0
00847-bCPU9suPUw9,0_2,79,canopy,0,0,0,0.0
00847-bCPU9suPUw9,0_2,80,car,0,0,0,0.0
00847-bCPU9suPUw9,0_2,81,card,0,0,0,0.0
00847-bCPU9suPUw9,0_2,82,cardboard,0,0,0,1.0
00847-bCPU9suPUw9,0_2,83,cart,0,0,0,0.0
00847-bCPU9suPUw9,0_2,84,cash register,0,0,0,0.0
00847-bCPU9suPUw9,0_2,85,casket,0,0,0,0.0
00847-bCPU9suPUw9,0_2,86,cassette,0,0,0,0.0
00847-bCPU9suPUw9,0_2,87,cat,0,0,0,0.9806601998236166
00847-bCPU9suPUw9,0_2,88,cat food,0,0,0,0.0
00847-bCPU9suPUw9,0_2,89,cat litter box,0,0,0,0.0
00847-bCPU9suPUw9,0_2,90,cat tree,0,0,0,0.0
00847-bCPU9suPUw9,0_2,91,cd,0,0,0,0.0
00847-bCPU9suPUw9,0_2,92,ceiling arch,0,0,0,0.6581986262735535
00847-bCPU9suPUw9,0_2,93,ceiling chassis,0,0,0,0.9992432428598378
00847-bCPU9suPUw9,0_2,94,ceiling ladder,0,0,0,0.0
00847-bCPU9suPUw9,0_2,95,ceramics,0,0,0,0.0
00847-bCPU9suPUw9,0_2,96,chain,0,0,0,0.0
00847-bCPU9suPUw9,0_2,97,chair,0,1,0,0.0
00847-bCPU9suPUw9,0_2,98,chair stand,0,0,0,0.0
00847-bCPU9suPUw9,0_2,99,chassis,0,0,0,0.0
00847-bCPU9suPUw9,0_2,100,chest,0,0,0,0.0
00847-bCPU9suPUw9,0_2,101,child car seat,0,0,0,0.0
00847-bCPU9suPUw9,0_2,102,christmas tree,0,0,0,0.0
00847-bCPU9suPUw9,0_2,103,clarinet,0,0,0,0.0
00847-bCPU9suPUw9,0_2,104,cleaner,0,0,0,0.0
00847-bCPU9suPUw9,0_2,105,clock,1,1,1,0.0
00847-bCPU9suPUw9,0_2,106,closet door,0,0,0,0.9999960998466221
00847-bCPU9suPUw9,0_2,107,cloth,0,0,0,0.0
00847-bCPU9suPUw9,0_2,108,cloth holder,0,0,0,0.0
00847-bCPU9suPUw9,0_2,109,clothes,0,0,0,0.0
00847-bCPU9suPUw9,0_2,110,clothes container,0,0,0,0.0
00847-bCPU9suPUw9,0_2,111,clothes dryer,0,0,0,0.0
00847-bCPU9suPUw9,0_2,112,clothes rack,0,0,0,0.0
00847-bCPU9suPUw9,0_2,113,clutter,0,0,0,0.0
00847-bCPU9suPUw9,0_2,114,coaster,0,0,0,0.0
00847-bCPU9suPUw9,0_2,115,coffee maker,0,0,0,0.0
00847-bCPU9suPUw9,0_2,116,coffee table,0,0,0,0.0
00847-bCPU9suPUw9,0_2,117,compressor,0,0,0,0.0
00847-bCPU9suPUw9,0_2,118,computer,0,0,0,0.0
00847-bCPU9suPUw9,0_2,119,computer equipment,0,0,0,0.0
00847-bCPU9suPUw9,0_2,120,cone,0,0,0,0.0
00847-bCPU9suPUw9,0_2,121,construction stuff,0,0,0,0.0
00847-bCPU9suPUw9,0_2,122,container,0,0,0,0.0
00847-bCPU9suPUw9,0_2,123,controller,0,0,0,0.0
00847-bCPU9suPUw9,0_2,124,cosmetics,0,0,0,0.0
00847-bCPU9suPUw9,0_2,125,counter door,0,0,0,0.0
00847-bCPU9suPUw9,0_2,126,countertop,0,0,0,0.0
00847-bCPU9suPUw9,0_2,127,countertop item,0,0,0,0.0
00847-bCPU9suPUw9,0_2,128,cover,0,0,0,0.0
00847-bCPU9suPUw9,0_2,129,cross,0,0,0,0.0
00847-bCPU9suPUw9,0_2,130,crutches,0,0,0,0.0
00847-bCPU9suPUw9,0_2,131,cup,0,0,0,0.0
00847-bCPU9suPUw9,0_2,132,curb,0,0,0,0.0
00847-bCPU9suPUw9,0_2,133,curtain,1,1,3,0.0
00847-bCPU9suPUw9,0_2,134,cushion,0,0,0,0.9391852228017065
00847-bCPU9suPUw9,0_2,135,cutlery,0,0,0,0.0
00847-bCPU9suPUw9,0_2,136,cyp,0,0,0,0.0
00847-bCPU9suPUw9,0_2,137,dartboard,0,0,0,0.0
00847-bCPU9suPUw9,0_2,138,decoder,0,0,0,0.0
00847-bCPU9suPUw9,0_2,139,decoration,0,1,0,0.0
00847-bCPU9suPUw9,0_2,140,dehumidifier,0,0,0,0.0
00847-bCPU9suPUw9,0_2,141,den,0,0,0,0.0
00847-bCPU9suPUw9,0_2,142,desk,0,1,0,0.0
00847-bCPU9suPUw9,0_2,143,desk door,0,0,0,0.0
00847-bCPU9suPUw9,0_2,144,dinnerware,0,0,0,0.0
00847-bCPU9suPUw9,0_2,145,diploma,0,0,0,0.0
00847-bCPU9suPUw9,0_2,146,dirt ground,0,0,0,0.0
00847-bCPU9suPUw9,0_2,147,dish rack,0,0,0,0.0
00847-bCPU9suPUw9,0_2,148,dishwasher,0,0,0,0.0
00847-bCPU9suPUw9,0_2,149,dispenser,0,0,0,0.0
00847-bCPU9suPUw9,0_2,150,display case,0,0,0,0.0
00847-bCPU9suPUw9,0_2,151,document,0,0,0,0.0
00847-bCPU9suPUw9,0_2,152,document holder,0,0,0,0.0
00847-bCPU9suPUw9,0_2,153,dog leash,0,0,0,0.0
00847-bCPU9suPUw9,0_2,154,dog toy,0,0,0,0.0
00847-bCPU9suPUw9,0_2,155,doily,0,0,0,0.0
00847-bCPU9suPUw9,0_2,156,doll,0,0,0,0.0
00847-bCPU9suPUw9,0_2,157,door screen,0,0,0,0.0
00847-bCPU9suPUw9,0_2,158,drawer,0,1,0,0.0
00847-bCPU9suPUw9,0_2,159,drawer cart,0,0,0,0.0
00847-bCPU9suPUw9,0_2,160,dressing table,0,0,0,0.0
00847-bCPU9suPUw9,0_2,161,drill,0,0,0,0.0
00847-bCPU9suPUw9,0_2,162,drum,0,0,0,0.0
00847-bCPU9suPUw9,0_2,163,dustpan,0,0,0,0.0
00847-bCPU9suPUw9,0_2,164,dvd,0,0,0,0.0
00847-bCPU9suPUw9,0_2,165,easel,0,0,0,0.0
00847-bCPU9suPUw9,0_2,166,electric hub,0,0,0,0.0
00847-bCPU9suPUw9,0_2,167,electric wire casing,0,0,0,0.0
00847-bCPU9suPUw9,0_2,168,electrical box,0,0,0,0.0
00847-bCPU9suPUw9,0_2,169,electrical device,0,1,0,0.0
00847-bCPU9suPUw9,0_2,170,electrical installation,0,0,0,0.0
00847-bCPU9suPUw9,0_2,171,elevator,0,0,0,0.0
00847-bCPU9suPUw9,0_2,172,exercise ball,0,0,0,0.0
00847-bCPU9suPUw9,0_2,173,exercise bike,0,0,0,0.0
00847-bCPU9suPUw9,0_2,174,exercise equipment,0,0,0,0.0
00847-bCPU9suPUw9,0_2,175,exercise ladder,0,0,0,0.0
00847-bCPU9suPUw9,0_2,176,exercise mat,0,0,0,0.0
00847-bCPU9suPUw9,0_2,177,exhibition panel,0,0,0,0.0
00847-bCPU9suPUw9,0_2,178,extractor hood,0,0,0,0.0
00847-bCPU9suPUw9,0_2,179,eyeglasses,0,0,0,0.0
00847-bCPU9suPUw9,0_2,180,fan,0,0,0,0.2735768833148452
00847-bCPU9suPUw9,0_2,181,faucet,0,1,0,0.0
00847-bCPU9suPUw9,0_2,182,fire extinguisher,0,0,0,0.0
00847-bCPU9suPUw9,0_2,183,fireplace,0,0,0,0.0
00847-bCPU9suPUw9,0_2,184,fireplace tool set,0,0,0,0.0
00847-bCPU9suPUw9,0_2,185,firewood,0,0,0,0.0
00847-bCPU9suPUw9,0_2,186,fishing rod,0,0,0,0.0
00847-bCPU9suPUw9,0_2,187,flag,0,0,0,0.0
00847-bCPU9suPUw9,0_2,188,flashlight,0,0,0,0.0
00847-bCPU9suPUw9,0_2,189,floor stand,0,0,0,0.0
00847-bCPU9suPUw9,0_2,190,flower stand,0,0,0,0.0
00847-bCPU9suPUw9,0_2,191,flowerbed,0,0,0,0.0
00847-bCPU9suPUw9,0_2,192,flush,0,0,0,0.0
00847-bCPU9suPUw9,0_2,193,flush button,0,0,0,0.0
00847-bCPU9suPUw9,0_2,194,flush push,0,0,0,0.0
00847-bCPU9suPUw9,0_2,195,foam,0,0,0,0.028848097261817363
00847-bCPU9suPUw9,0_2,196,folding stand,0,0,0,0.0
00847-bCPU9suPUw9,0_2,197,food,0,0,0,0.0
00847-bCPU9suPUw9,0_2,198,food processor,0,0,0,0.0
00847-bCPU9suPUw9,0_2,199,food stand,0,0,0,0.0
00847-bCPU9suPUw9,0_2,200,foosball table,0,0,0,0.0
00847-bCPU9suPUw9,0_2,201,foot spa,0,0,0,0.0
00847-bCPU9suPUw9,0_2,202,football,0,0,0,0.0
00847-bCPU9suPUw9,0_2,203,footstool,0,1,0,0.0
00847-bCPU9suPUw9,0_2,204,frame,0,0,0,0.0
00847-bCPU9suPUw9,0_2,205,fruit,0,0,0,0.0
00847-bCPU9suPUw9,0_2,206,fume cupboard,0,0,0,0.0
00847-bCPU9suPUw9,0_2,207,fur,0,0,0,0.4422000201609124
00847-bCPU9suPUw9,0_2,208,furnace,0,0,0,0.0
00847-bCPU9suPUw9,0_2,209,furniture,0,0,0,0.0
00847-bCPU9suPUw9,0_2,210,game,0,0,0,0.0
00847-bCPU9suPUw9,0_2,211,game console,0,0,0,0.0
00847-bCPU9suPUw9,0_2,212,gap,0,0,0,0.0
00847-bCPU9suPUw9,0_2,213,garage door motor,0,0,0,0.0
00847-bCPU9suPUw9,0_2,214,garage door opener,0,0,0,0.0
00847-bCPU9suPUw9,0_2,215,garage door opener railing,0,0,0,0.0
00847-bCPU9suPUw9,0_2,216,gas box,0,0,0,0.0
00847-bCPU9suPUw9,0_2,217,gas container,0,0,0,0.0
00847-bCPU9suPUw9,0_2,218,gas meter,0,0,0,0.0
00847-bCPU9suPUw9,0_2,219,gauge,0,0,0,0.0
00847-bCPU9suPUw9,0_2,220,gift,0,0,0,0.0
00847-bCPU9suPUw9,0_2,221,glass,0,0,0,0.9973209593539745
00847-bCPU9suPUw9,0_2,222,glasses,0,0,0,0.0
00847-bCPU9suPUw9,0_2,223,globe,0,0,0,0.0
00847-bCPU9suPUw9,0_2,224,globe stand,0,0,0,0.0
00847-bCPU9suPUw9,0_2,225,gloves,0,0,0,0.0
00847-bCPU9suPUw9,0_2,226,glue,0,0,0,0.0
00847-bCPU9suPUw9,0_2,227,goalpost,0,0,0,0.0
00847-bCPU9suPUw9,0_2,228,golf sticks,0,0,0,0.0
00847-bCPU9suPUw9,0_2,229,grab bar,0,0,0,0.0
00847-bCPU9suPUw9,0_2,230,grass,0,0,0,0.0
00847-bCPU9suPUw9,0_2,231,grate,0,0,0,0.0
00847-bCPU9suPUw9,0_2,232,gravel,0,0,0,0.0
00847-bCPU9suPUw9,0_2,233,groceries,0,0,0,0.0
00847-bCPU9suPUw9,0_2,234,guitar,0,0,0,0.0
00847-bCPU9suPUw9,0_2,235,gun,0,0,0,0.0
00847-bCPU9suPUw9,0_2,236,gym rope,0,0,0,0.0
00847-bCPU9suPUw9,0_2,237,hair brush,0,0,0,0.0
00847-bCPU9suPUw9,0_2,238,hair dryer,0,0,0,0.0
00847-bCPU9suPUw9,0_2,239,hammer,0,0,0,0.0
00847-bCPU9suPUw9,0_2,240,hammock,0,0,0,0.0
00847-bCPU9suPUw9,0_2,241,hand dryer,0,0,0,0.0
00847-bCPU9suPUw9,0_2,242,handcart,0,0,0,0.0
00847-bCPU9suPUw9,0_2,243,handkerchiefs,0,0,0,0.0
00847-bCPU9suPUw9,0_2,244,handle,0,1,0,0.999958068700537
00847-bCPU9suPUw9,0_2,245,hanger,0,1,0,0.0
00847-bCPU9suPUw9,0_2,246,hat,0,0,0,0.0
00847-bCPU9suPUw9,0_2,247,hatch,0,0,0,0.0
00847-bCPU9suPUw9,0_2,248,headboard,0,0,0,0.0
00847-bCPU9suPUw9,0_2,249,headphones,0,0,0,0.0
00847-bCPU9suPUw9,0_2,250,heater,0,0,0,0.9881486450044568
00847-bCPU9suPUw9,0_2,251,heater piping,0,0,0,0.0
00847-bCPU9suPUw9,0_2,252,holder,0,0,0,0.0
00847-bCPU9suPUw9,0_2,253,holy cross,0,0,0,0.0
00847-bCPU9suPUw9,0_2,254,hook,0,0,0,0.0
00847-bCPU9suPUw9,0_2,255,hose,0,0,0,0.0
00847-bCPU9suPUw9,0_2,256,hourglass,0,0,0,0.0
00847-bCPU9suPUw9,0_2,257,hoverboard,0,0,0,0.0
00847-bCPU9suPUw9,0_2,258,ice maker,0,0,0,0.0
00847-bCPU9suPUw9,0_2,259,information,0,0,0,0.0
00847-bCPU9suPUw9,0_2,260,installation,0,0,0,0.0
00847-bCPU9suPUw9,0_2,261,instrument,0,0,0,0.0
00847-bCPU9suPUw9,0_2,262,iron,0,0,0,0.0
00847-bCPU9suPUw9,0_2,263,ironing board,0,0,0,0.0
00847-bCPU9suPUw9,0_2,264,jewelry,0,0,0,0.0
00847-bCPU9suPUw9,0_2,265,jug,0,0,0,0.0
00847-bCPU9suPUw9,0_2,266,keg,0,0,0,0.0
00847-bCPU9suPUw9,0_2,267,kettle,0,0,0,0.0
00847-bCPU9suPUw9,0_2,268,keys,0,0,0,0.0
00847-bCPU9suPUw9,0_2,269,kitchen appliance,0,1,0,0.0
00847-bCPU9suPUw9,0_2,270,kitchen handle,0,0,0,0.0
00847-bCPU9suPUw9,0_2,271,kitchen island,0,0,0,0.0
00847-bCPU9suPUw9,0_2,272,kitchen utensil,0,0,0,0.0
00847-bCPU9suPUw9,0_2,273,knife,0,0,0,0.009103579963270492
00847-bCPU9suPUw9,0_2,274,knob,0,0,0,0.22592544132554404
00847-bCPU9suPUw9,0_2,275,lace doily,0,0,0,0.0
00847-bCPU9suPUw9,0_2,276,ladder,0,0,0,0.0
00847-bCPU9suPUw9,0_2,277,landing,0,0,0,0.0
00847-bCPU9suPUw9,0_2,278,laundry,0,1,0,0.0
00847-bCPU9suPUw9,0_2,279,lawn mower,0,0,0,0.0
00847-bCPU9suPUw9,0_2,280,level,0,0,0,0.0
00847-bCPU9suPUw9,0_2,281,lid,0,0,0,0.0
00847-bCPU9suPUw9,0_2,282,light,1,1,7,0.0
00847-bCPU9suPUw9,0_2,283,lighter,0,0,0,0.0
00847-bCPU9suPUw9,0_2,284,liquid,0,0,0,0.0
00847-bCPU9suPUw9,0_2,285,locker,0,0,0,0.0
00847-bCPU9suPUw9,0_2,286,machine,0,0,0,0.0
00847-bCPU9suPUw9,0_2,287,mailbox,0,0,0,0.0
00847-bCPU9suPUw9,0_2,288,mannequin,0,0,0,0.0
00847-bCPU9suPUw9,0_2,289,map,0,0,0,0.0
00847-bCPU9suPUw9,0_2,290,mascot,0,0,0,0.0
00847-bCPU9suPUw9,0_2,291,massage bed,0,0,0,0.0
00847-bCPU9suPUw9,0_2,292,material,0,0,0,0.0
00847-bCPU9suPUw9,0_2,293,measuring tape,0,0,0,0.0
00847-bCPU9suPUw9,0_2,294,medical lamp,0,0,0,0.0
00847-bCPU9suPUw9,0_2,295,medical object,0,0,0,0.0
00847-bCPU9suPUw9,0_2,296,menu,0,0,0,0.0
00847-bCPU9suPUw9,0_2,297,meshwork,0,0,0,0.0
00847-bCPU9suPUw9,0_2,298,meter,0,0,0,0.0
00847-bCPU9suPUw9,0_2,299,microphone,0,0,0,0.0
00847-bCPU9suPUw9,0_2,300,microphone accessory,0,0,0,0.0
00847-bCPU9suPUw9,0_2,301,microwave,0,0,0,0.0
00847-bCPU9suPUw9,0_2,302,mirror,0,1,0,0.0
00847-bCPU9suPUw9,0_2,303,model,0,0,0,0.08412559584523038
00847-bCPU9suPUw9,0_2,304,modem,0,0,0,0.0
00847-bCPU9suPUw9,0_2,305,mop,0,0,0,0.0
00847-bCPU9suPUw9,0_2,306,mortar,0,0,0,0.0
00847-bCPU9suPUw9,0_2,307,motorcycle,0,0,0,0.0
00847-bCPU9suPUw9,0_2,308,music equipment,0,0,0,0.0
00847-bCPU9suPUw9,0_2,309,napkin,0,0,0,0.0
00847-bCPU9suPUw9,0_2,310,nightstand,0,0,0,0.0
00847-bCPU9suPUw9,0_2,311,oar,0,0,0,0.8379247466351245
00847-bCPU9suPUw9,0_2,312,object,0,0,0,0.0
00847-bCPU9suPUw9,0_2,313,objects,0,0,0,0.0
00847-bCPU9suPUw9,0_2,314,outlet,0,0,0,0.0
00847-bCPU9suPUw9,0_2,315,oven,0,1,0,0.0
00847-bCPU9suPUw9,0_2,316,overhang,0,0,0,0.999899685632278
00847-bCPU9suPUw9,0_2,317,pad,0,0,0,0.0
00847-bCPU9suPUw9,0_2,318,painting stuff,0,0,0,0.0
00847-bCPU9suPUw9,0_2,319,pan,0,0,0,0.0
00847-bCPU9suPUw9,0_2,320,panel,0,0,0,0.769635854459368
00847-bCPU9suPUw9,0_2,321,pantry,0,0,0,0.0
00847-bCPU9suPUw9,0_2,322,paper holder,0,0,0,0.0
00847-bCPU9suPUw9,0_2,323,paper storage,0,0,0,0.0
00847-bCPU9suPUw9,0_2,324,paper towel,0,1,0,0.0
00847-bCPU9suPUw9,0_2,325,parapet,0,0,0,0.0
00847-bCPU9suPUw9,0_2,326,partial,0,0,0,0.9993346847253316
00847-bCPU9suPUw9,0_2,327,pavement,0,0,0,0.0
00847-bCPU9suPUw9,0_2,328,pedestal,0,0,0,0.0
00847-bCPU9suPUw9,0_2,329,pen,0,0,0,0.0
00847-bCPU9suPUw9,0_2,330,pendant,0,0,0,0.0
00847-bCPU9suPUw9,0_2,331,pet bed,0,0,0,0.0
00847-bCPU9suPUw9,0_2,332,pet bowl,0,0,0,0.0
00847-bCPU9suPUw9,0_2,333,phone,0,0,0,0.0
00847-bCPU9suPUw9,0_2,334,photo mount,0,0,0,0.0
00847-bCPU9suPUw9,0_2,335,photo stand,0,0,0,0.0
00847-bCPU9suPUw9,0_2,336,piano,0,0,0,0.0
00847-bCPU9suPUw9,0_2,337,pillow,1,1,8,1.2129030323437817e-06
00847-bCPU9suPUw9,0_2,338,pitchfork,0,0,0,0.0
00847-bCPU9suPUw9,0_2,339,place mat,0,0,0,0.0
00847-bCPU9suPUw9,0_2,340,plane,0,0,0,0.0
00847-bCPU9suPUw9,0_2,341,plank,0,0,0,0.8826492818763454
00847-bCPU9suPUw9,0_2,342,plant,1,1,1,0.0
00847-bCPU9suPUw9,0_2,343,plant ornament,0,0,0,0.0
00847-bCPU9suPUw9,0_2,344,platform,0,0,0,0.0
00847-bCPU9suPUw9,0_2,345,playpen,0,0,0,0.0
00847-bCPU9suPUw9,0_2,346,plenum box,0,0,0,0.0
00847-bCPU9suPUw9,0_2,347,pliers,0,0,0,0.0
00847-bCPU9suPUw9,0_2,348,plumbing,0,0,0,0.0
00847-bCPU9suPUw9,0_2,349,plunger,0,0,0,0.0
00847-bCPU9suPUw9,0_2,350,podium,0,0,0,0.0
00847-bCPU9suPUw9,0_2,351,pole,0,0,0,0.0
00847-bCPU9suPUw9,0_2,352,pool,0,0,0,0.0
00847-bCPU9suPUw9,0_2,353,pool table,0,0,0,0.0
00847-bCPU9suPUw9,0_2,354,porcelain,0,0,0,0.0
00847-bCPU9suPUw9,0_2,355,poster,0,0,0,0.0
00847-bCPU9suPUw9,0_2,356,pot,0,0,0,0.0
00847-bCPU9suPUw9,0_2,357,pot lid,0,0,0,0.0
00847-bCPU9suPUw9,0_2,358,pouches,0,0,0,0.0
00847-bCPU9suPUw9,0_2,359,press,0,0,0,0.0
00847-bCPU9suPUw9,0_2,360,pressure washer,0,0,0,0.0
00847-bCPU9suPUw9,0_2,361,printer,0,0,0,0.0
00847-bCPU9suPUw9,0_2,362,product,0,0,0,0.0
00847-bCPU9suPUw9,0_2,363,products,0,0,0,0.0
00847-bCPU9suPUw9,0_2,364,prop,0,0,0,0.0005079278433527401
00847-bCPU9suPUw9,0_2,365,pump,0,0,0,0.0
00847-bCPU9suPUw9,0_2,366,punchbag,0,0,0,0.0
00847-bCPU9suPUw9,0_2,367,puppet,0,0,0,0.0
00847-bCPU9suPUw9,0_2,368,rag,0,0,0,0.0
00847-bCPU9suPUw9,0_2,369,rail,0,0,0,0.0
00847-bCPU9suPUw9,0_2,370,rake,0,0,0,0.0
00847-bCPU9suPUw9,0_2,371,receipt printer,0,0,0,0.0
00847-bCPU9suPUw9,0_2,372,records,0,0,0,0.0
00847-bCPU9suPUw9,0_2,373,recuperator,0,0,0,0.0
00847-bCPU9suPUw9,0_2,374,refrigerator,0,1,0,0.0
00847-bCPU9suPUw9,0_2,375,remote control,0,0,0,0.0
00847-bCPU9suPUw9,0_2,376,rice cooker,0,0,0,0.0
00847-bCPU9suPUw9,0_2,377,riser,0,0,0,0.0
00847-bCPU9suPUw9,0_2,378,rocking horse,0,0,0,0.0
00847-bCPU9suPUw9,0_2,379,rod,0,0,0,0.0024642056907442367
00847-bCPU9suPUw9,0_2,380,roll,0,0,0,0.0
00847-bCPU9suPUw9,0_2,381,rope,0,0,0,0.0
00847-bCPU9suPUw9,0_2,382,router,0,0,0,0.0
00847-bCPU9suPUw9,0_2,383,rug,1,1,1,0.7992252224334081
00847-bCPU9suPUw9,0_2,384,safe,0,0,0,0.0
00847-bCPU9suPUw9,0_2,385,saturator,0,0,0,0.0
00847-bCPU9suPUw9,0_2,386,sauna,0,0,0,0.0
00847-bCPU9suPUw9,0_2,387,saw,0,0,0,0.0
00847-bCPU9suPUw9,0_2,388,saxophone,0,0,0,0.0
00847-bCPU9suPUw9,0_2,389,scale,0,0,0,0.0
00847-bCPU9suPUw9,0_2,390,scanner,0,0,0,0.0
00847-bCPU9suPUw9,0_2,391,screen,0,0,0,0.0
00847-bCPU9suPUw9,0_2,392,screen frame,0,0,0,0.0
00847-bCPU9suPUw9,0_2,393,screwdriver,0,0,0,0.0
00847-bCPU9suPUw9,0_2,394,sculpture,0,0,0,0.0
00847-bCPU9suPUw9,0_2,395,security camera,0,0,0,0.0
00847-bCPU9suPUw9,0_2,396,self-closing mechanism,0,0,0,0.0
00847-bCPU9suPUw9,0_2,397,sensor,1,1,1,0.0
00847-bCPU9suPUw9,0_2,398,separator,0,0,0,0.0
00847-bCPU9suPUw9,0_2,399,set of valves,0,0,0,0.0
00847-bCPU9suPUw9,0_2,400,sewing machine,0,0,0,0.0
00847-bCPU9suPUw9,0_2,401,sewing tools,0,0,0,0.0
00847-bCPU9suPUw9,0_2,402,shampoo,0,0,0,0.0
00847-bCPU9suPUw9,0_2,403,sheet music,0,0,0,0.0
00847-bCPU9suPUw9,0_2,404,sheets / clothes,0,0,0,0.0
00847-bCPU9suPUw9,0_2,405,shelf,0,1,0,0.6020911136162179
00847-bCPU9suPUw9,0_2,406,ship toy,0,0,0,0.0
00847-bCPU9suPUw9,0_2,407,shisha,0,0,0,0.0
00847-bCPU9suPUw9,0_2,408,shoe,0,0,0,0.0
00847-bCPU9suPUw9,0_2,409,shoe rack,0,0,0,0.0
00847-bCPU9suPUw9,0_2,410,shoehorn,0,0,0,0.0
00847-bCPU9suPUw9,0_2,411,shovel,0,0,0,0.0
00847-bCPU9suPUw9,0_2,412,shower,0,1,0,0.0
00847-bCPU9suPUw9,0_2,413,shower seat,0,0,0,0.0
00847-bCPU9suPUw9,0_2,414,shredder,0,0,0,0.0
00847-bCPU9suPUw9,0_2,415,side table,0,0,0,0.0
00847-bCPU9suPUw9,0_2,416,sideboard,0,0,0,0.0
00847-bCPU9suPUw9,0_2,417,sign,0,0,0,0.0
00847-bCPU9suPUw9,0_2,418,silicone gun,0,0,0,0.0
00847-bCPU9suPUw9,0_2,419,silicone tube,0,0,0,0.0
00847-bCPU9suPUw9,0_2,420,sink,0,1,0,0.0
00847-bCPU9suPUw9,0_2,421,skateboard,0,0,0,0.0
00847-bCPU9suPUw9,0_2,422,skates,0,0,0,0.0
00847-bCPU9suPUw9,0_2,423,ski,0,0,0,0.0
00847-bCPU9suPUw9,0_2,424,sky,0,0,0,0.9655429523252468
00847-bCPU9suPUw9,0_2,425,sled,0,0,0,0.0
00847-bCPU9suPUw9,0_2,426,sleeping bag,0,0,0,0.0
00847-bCPU9suPUw9,0_2,427,smoke detector,0,0,0,0.0
00847-bCPU9suPUw9,0_2,428,snack,0,0,0,0.0
00847-bCPU9suPUw9,0_2,429,soap,0,0,0,0.0
00847-bCPU9suPUw9,0_2,430,socks,0,0,0,0.0
00847-bCPU9suPUw9,0_2,431,sofa,1,1,1,0.9999909317578535
00847-bCPU9suPUw9,0_2,432,solarium,0,0,0,0.0
00847-bCPU9suPUw9,0_2,433,speaker,0,0,0,0.0
00847-bCPU9suPUw9,0_2,434,speaker stand,0,0,0,0.0
00847-bCPU9suPUw9,0_2,435,spices,0,0,0,0.0
00847-bCPU9suPUw9,0_2,436,sponge,0,0,0,0.0
00847-bCPU9suPUw9,0_2,437,spray can,0,0,0,0.0
00847-bCPU9suPUw9,0_2,438,sprinkler,0,0,0,0.0
00847-bCPU9suPUw9,0_2,439,square,0,0,0,0.0
00847-bCPU9suPUw9,0_2,440,stack,0,0,0,0.0
00847-bCPU9suPUw9,0_2,441,stack of books / papers,0,0,0,0.0
00847-bCPU9suPUw9,0_2,442,stack of stuff,0,0,0,0.0
00847-bCPU9suPUw9,0_2,443,stack of yarns,0,0,0,0.0
00847-bCPU9suPUw9,0_2,444,stage,0,0,0,0.0
00847-bCPU9suPUw9,0_2,445,stained glass,0,0,0,0.0
00847-bCPU9suPUw9,0_2,446,stand,0,0,0,0.0
00847-bCPU9suPUw9,0_2,447,star,0,0,0,0.0
00847-bCPU9suPUw9,0_2,448,stationery,0,0,0,0.0
00847-bCPU9suPUw9,0_2,449,steel plate,0,0,0,0.0
00847-bCPU9suPUw9,0_2,450,step stool,0,0,0,0.0
00847-bCPU9suPUw9,0_2,451,stick,0,0,0,0.9999946287991083
00847-bCPU9suPUw9,0_2,452,stone,0,0,0,0.0
00847-bCPU9suPUw9,0_2,453,stonework,0,0,0,0.0
00847-bCPU9suPUw9,0_2,454,stool,0,0,0,0.0
00847-bCPU9suPUw9,0_2,455,storage,0,0,0,0.0
00847-bCPU9suPUw9,0_2,456,strings,0,0,0,0.0
00847-bCPU9suPUw9,0_2,457,stroke,0,0,0,0.0
00847-bCPU9suPUw9,0_2,458,sunbed,0,0,0,0.0
00847-bCPU9suPUw9,0_2,459,support,0,0,0,0.0
00847-bCPU9suPUw9,0_2,460,surface,0,0,0,0.0
00847-bCPU9suPUw9,0_2,461,surfboard,0,0,0,0.0
00847-bCPU9suPUw9,0_2,462,swing,0,0,0,0.0
00847-bCPU9suPUw9,0_2,463,switch,0,0,0,0.5941410287988199
00847-bCPU9suPUw9,0_2,464,table,1,1,1,0.0
00847-bCPU9suPUw9,0_2,465,table cloth,0,0,0,0.0
00847-bCPU9suPUw9,0_2,466,table pad,0,0,0,0.0
00847-bCPU9suPUw9,0_2,467,table stand,0,0,0,0.0
00847-bCPU9suPUw9,0_2,468,table tennis table,0,0,0,0.0
00847-bCPU9suPUw9,0_2,469,tablet,0,0,0,0.0
00847-bCPU9suPUw9,0_2,470,tambourine,0,0,0,0.0
00847-bCPU9suPUw9,0_2,471,tea set,0,0,0,0.0
00847-bCPU9suPUw9,0_2,472,telescope,0,0,0,0.0
00847-bCPU9suPUw9,0_2,473,tennis racket,0,0,0,0.0
00847-bCPU9suPUw9,0_2,474,tent,0,0,0,0.0
00847-bCPU9suPUw9,0_2,475,thermometer,0,0,0,0.0
00847-bCPU9suPUw9,0_2,476,thermostat,0,0,0,0.0
00847-bCPU9suPUw9,0_2,477,three,0,0,0,0.0
00847-bCPU9suPUw9,0_2,478,tile,0,0,0,0.9999999999999997
00847-bCPU9suPUw9,0_2,479,tire,0,0,0,0.0
00847-bCPU9suPUw9,0_2,480,tissue,0,0,0,0.0
00847-bCPU9suPUw9,0_2,481,title,0,0,0,0.0002948986962864053
00847-bCPU9suPUw9,0_2,482,toaster,0,0,0,0.0
00847-bCPU9suPUw9,0_2,483,toaster oven,0,0,0,0.0
00847-bCPU9suPUw9,0_2,484,toilet,0,1,0,0.0
00847-bCPU9suPUw9,0_2,485,toilet brush,0,1,0,0.0
00847-bCPU9suPUw9,0_2,486,toilet cleaner,0,0,0,0.0
00847-bCPU9suPUw9,0_2,487,toilet paper,0,1,0,0.0
00847-bCPU9suPUw9,0_2,488,toiletry,0,0,0,0.0
00847-bCPU9suPUw9,0_2,489,tool,0,0,0,0.0
00847-bCPU9suPUw9,0_2,490,tool rack,0,0,0,0.0
00847-bCPU9suPUw9,0_2,491,toothbrush,0,0,0,0.0
00847-bCPU9suPUw9,0_2,492,toothpaste,0,0,0,0.0
00847-bCPU9suPUw9,0_2,493,towel,0,1,0,0.0
00847-bCPU9suPUw9,0_2,494,towel bar,0,1,0,0.0
00847-bCPU9suPUw9,0_2,495,toy,0,0,0,0.0
00847-bCPU9suPUw9,0_2,496,traffic cone,0,0,0,0.0
00847-bCPU9suPUw9,0_2,497,trampoline,0,0,0,0.0
00847-bCPU9suPUw9,0_2,498,trash bag,0,0,0,0.0
00847-bCPU9suPUw9,0_2,499,tray,0,0,0,0.0
00847-bCPU9suPUw9,0_2,500,treadmill,0,0,0,0.0
00847-bCPU9suPUw9,0_2,501,tree,0,0,0,0.0
00847-bCPU9suPUw9,0_2,502,tree branch,0,0,0,0.0
00847-bCPU9suPUw9,0_2,503,trimmer,0,0,0,0.0
00847-bCPU9suPUw9,0_2,504,tripod,0,0,0,0.0
00847-bCPU9suPUw9,0_2,505,trolley,0,0,0,0.0
00847-bCPU9suPUw9,0_2,506,trombone,0,0,0,0.0
00847-bCPU9suPUw9,0_2,507,trophy,0,0,0,0.0
00847-bCPU9suPUw9,0_2,508,trough,0,0,0,0.0
00847-bCPU9suPUw9,0_2,509,trumpet,0,0,0,0.0
00847-bCPU9suPUw9,0_2,510,tv,0,1,0,0.0
00847-bCPU9suPUw9,0_2,511,tv stand,0,0,0,0.0
00847-bCPU9suPUw9,0_2,512,typewriter,0,0,0,0.0
00847-bCPU9suPUw9,0_2,513,ukulele,0,0,0,0.0
00847-bCPU9suPUw9,0_2,514,umbrella,0,0,0,0.0
00847-bCPU9suPUw9,0_2,515,umbrella stand,0,0,0,0.0
00847-bCPU9suPUw9,0_2,516,unknown,1,1,1,1.2736700583104721e-11
00847-bCPU9suPUw9,0_2,517,vacuum cleaner,0,0,0,0.0
00847-bCPU9suPUw9,0_2,518,vanity,0,0,0,0.0
00847-bCPU9suPUw9,0_2,519,vase,0,0,0,0.0
00847-bCPU9suPUw9,0_2,520,vegetables,0,0,0,0.0
00847-bCPU9suPUw9,0_2,521,vessel,0,0,0,0.0
00847-bCPU9suPUw9,0_2,522,vinyl records,0,0,0,0.0
00847-bCPU9suPUw9,0_2,523,violin,0,0,0,0.0
00847-bCPU9suPUw9,0_2,524,violin case,0,0,0,0.0
00847-bCPU9suPUw9,0_2,525,waffle iron,0,0,0,0.0
00847-bCPU9suPUw9,0_2,526,wardrobe,0,0,0,0.0
00847-bCPU9suPUw9,0_2,527,washing machine,0,1,0,0.0
00847-bCPU9suPUw9,0_2,528,washing powder,0,0,0,0.0
00847-bCPU9suPUw9,0_2,529,washing stuff,0,0,0,0.0
00847-bCPU9suPUw9,0_2,530,watch,0,0,0,0.0
00847-bCPU9suPUw9,0_2,531,water dispenser,0,0,0,0.0
00847-bCPU9suPUw9,0_2,532,water heater,0,0,0,0.0
00847-bCPU9suPUw9,0_2,533,water meter,0,0,0,0.0
00847-bCPU9suPUw9,0_2,534,water pump,0,0,0,0.0
00847-bCPU9suPUw9,0_2,535,water tank,0,0,0,0.0
00847-bCPU9suPUw9,0_2,536,watering can,0,0,0,0.0
00847-bCPU9suPUw9,0_2,537,weight,0,0,0,0.0
00847-bCPU9suPUw9,0_2,538,weight bench,0,0,0,0.0
00847-bCPU9suPUw9,0_2,539,weights,0,0,0,0.0
00847-bCPU9suPUw9,0_2,540,wheel,0,0,0,0.0
00847-bCPU9suPUw9,0_2,541,wheelbarrow,0,0,0,0.0
00847-bCPU9suPUw9,0_2,542,window shade,0,1,0,0.0
00847-bCPU9suPUw9,0_2,543,wine,0,0,0,0.0
00847-bCPU9suPUw9,0_2,544,wine storage,0,0,0,0.0
00847-bCPU9suPUw9,0_2,545,wood,0,0,0,1.0
00847-bCPU9suPUw9,0_2,546,wrench,0,0,0,0.0
00847-bCPU9suPUw9,1_0,0,acoustic panel,0,0,0,0.0
00847-bCPU9suPUw9,1_0,1,air conditioner,0,0,0,0.0
00847-bCPU9suPUw9,1_0,2,air freshener,0,0,0,0.0
00847-bCPU9suPUw9,1_0,3,air hockey,0,0,0,0.0
00847-bCPU9suPUw9,1_0,4,air purifier,0,0,0,0.0
00847-bCPU9suPUw9,1_0,5,aisle frame,0,0,0,0.0
00847-bCPU9suPUw9,1_0,6,alarm,0,0,0,0.0
00847-bCPU9suPUw9,1_0,7,album,0,0,0,0.0
00847-bCPU9suPUw9,1_0,8,amplifier,0,0,0,0.0
00847-bCPU9suPUw9,1_0,9,appliance,0,0,0,0.0
00847-bCPU9suPUw9,1_0,10,apron,0,0,0,0.0
00847-bCPU9suPUw9,1_0,11,aquarium,0,0,0,0.0
00847-bCPU9suPUw9,1_0,12,arcade game,0,0,0,0.0
00847-bCPU9suPUw9,1_0,13,artwork,0,1,0,0.0
00847-bCPU9suPUw9,1_0,14,ashtray,0,0,0,0.0
00847-bCPU9suPUw9,1_0,15,audio player,0,0,0,0.0
00847-bCPU9suPUw9,1_0,16,axe,0,0,0,0.0
00847-bCPU9suPUw9,1_0,17,baby changing table,0,0,0,0.0
00847-bCPU9suPUw9,1_0,18,backrest,0,0,0,0.0
00847-bCPU9suPUw9,1_0,19,backsplash,0,0,0,0.0
00847-bCPU9suPUw9,1_0,20,bag,0,0,0,0.0
00847-bCPU9suPUw9,1_0,21,ball,0,0,0,0.0
00847-bCPU9suPUw9,1_0,22,ball pool,0,0,0,0.0
00847-bCPU9suPUw9,1_0,23,bar,0,0,0,0.0
00847-bCPU9suPUw9,1_0,24,barbecue,0,0,0,0.0
00847-bCPU9suPUw9,1_0,25,barrel,0,0,0,0.0
00847-bCPU9suPUw9,1_0,26,base,0,0,0,0.0
00847-bCPU9suPUw9,1_0,27,baseball bat,0,0,0,0.0
00847-bCPU9suPUw9,1_0,28,basket,0,0,0,0.0
00847-bCPU9suPUw9,1_0,29,basketball hoop,0,0,0,0.0
00847-bCPU9suPUw9,1_0,30,basketballs,0,0,0,0.0
00847-bCPU9suPUw9,1_0,31,bathroom accessory,0,0,0,0.0
00847-bCPU9suPUw9,1_0,32,bathtub,1,1,1,0.0
00847-bCPU9suPUw9,1_0,33,bed,0,1,0,0.0
00847-bCPU9suPUw9,1_0,34,bed ladder,0,0,0,0.0
00847-bCPU9suPUw9,1_0,35,beer crate,0,0,0,0.0
00847-bCPU9suPUw9,1_0,36,bell,0,0,0,0.0
00847-bCPU9suPUw9,1_0,37,belt,0,0,0,0.0
00847-bCPU9suPUw9,1_0,38,bench,0,0,0,0.0
00847-bCPU9suPUw9,1_0,39,beverage dispenser,0,0,0,0.0
00847-bCPU9suPUw9,1_0,40,bicycle,0,0,0,0.0
00847-bCPU9suPUw9,1_0,41,bicycle helmet,0,0,0,0.0
00847-bCPU9suPUw9,1_0,42,bin,1,1,1,0.0
00847-bCPU9suPUw9,1_0,43,birdhouse,0,0,0,0.0
00847-bCPU9suPUw9,1_0,44,blanket,0,0,0,0.0
00847-bCPU9suPUw9,1_0,45,board,0,0,0,0.0
00847-bCPU9suPUw9,1_0,46,board game,0,0,0,0.0
00847-bCPU9suPUw9,1_0,47,board with keys,0,0,0,0.0
00847-bCPU9suPUw9,1_0,48,book,0,0,0,0.0
00847-bCPU9suPUw9,1_0,49,bottle,0,0,0,0.0
00847-bCPU9suPUw9,1_0,50,bottle dispenser,0,0,0,0.0
00847-bCPU9suPUw9,1_0,51,bottle opener,0,0,0,0.0
00847-bCPU9suPUw9,1_0,52,bowl,0,0,0,0.0
00847-bCPU9suPUw9,1_0,53,box,0,1,0,0.0
00847-bCPU9suPUw9,1_0,54,boxing ring,0,0,0,0.0
00847-bCPU9suPUw9,1_0,55,bread,0,0,0,0.0
00847-bCPU9suPUw9,1_0,56,bread box,0,0,0,0.0
00847-bCPU9suPUw9,1_0,57,bricks,0,0,0,0.0
00847-bCPU9suPUw9,1_0,58,bridge,0,0,0,0.0
00847-bCPU9suPUw9,1_0,59,broom,0,0,0,0.0
00847-bCPU9suPUw9,1_0,60,brush,0,0,0,0.0
00847-bCPU9suPUw9,1_0,61,bucket,0,0,0,0.0
00847-bCPU9suPUw9,1_0,62,buffet,0,0,0,0.0
00847-bCPU9suPUw9,1_0,63,button,0,0,0,0.0
00847-bCPU9suPUw9,1_0,64,cabinet,1,1,1,0.0
00847-bCPU9suPUw9,1_0,65,cable,0,0,0,0.0
00847-bCPU9suPUw9,1_0,66,cage,0,0,0,0.0
00847-bCPU9suPUw9,1_0,67,cake,0,0,0,0.0
00847-bCPU9suPUw9,1_0,68,calculator,0,0,0,0.0
00847-bCPU9suPUw9,1_0,69,calendar,0,0,0,0.0
00847-bCPU9suPUw9,1_0,70,camera,0,0,0,0.0
00847-bCPU9suPUw9,1_0,71,can,0,0,0,0.0
00847-bCPU9suPUw9,1_0,72,canal,0,0,0,0.0
00847-bCPU9suPUw9,1_0,73,candelabra,0,0,0,0.0
00847-bCPU9suPUw9,1_0,74,candle,0,0,0,0.0
00847-bCPU9suPUw9,1_0,75,candle holder,0,0,0,0.0
00847-bCPU9suPUw9,1_0,76,candle stand,0,0,0,0.0
00847-bCPU9suPUw9,1_0,77,candlestick,0,0,0,0.0
00847-bCPU9suPUw9,1_0,78,canoe,0,0,0,0.0
00847-bCPU9suPUw9,1_0,79,canopy,0,0,0,0.0
00847-bCPU9suPUw9,1_0,80,car,0,0,0,0.0
00847-bCPU9suPUw9,1_0,81,card,0,0,0,0.0
00847-bCPU9suPUw9,1_0,82,cardboard,0,0,0,0.03572433575167422
00847-bCPU9suPUw9,1_0,83,cart,0,0,0,0.0
00847-bCPU9suPUw9,1_0,84,cash register,0,0,0,0.0
00847-bCPU9suPUw9,1_0,85,casket,0,0,0,0.0
00847-bCPU9suPUw9,1_0,86,cassette,0,0,0,0.0
00847-bCPU9suPUw9,1_0,87,cat,0,0,0,0.0
00847-bCPU9suPUw9,1_0,88,cat food,0,0,0,0.0
00847-bCPU9suPUw9,1_0,89,cat litter box,0,0,0,0.0
00847-bCPU9suPUw9,1_0,90,cat tree,0,0,0,0.0
00847-bCPU9suPUw9,1_0,91,cd,0,0,0,0.0
00847-bCPU9suPUw9,1_0,92,ceiling arch,0,0,0,0.0
00847-bCPU9suPUw9,1_0,93,ceiling chassis,0,0,0,0.9382153018591269
00847-bCPU9suPUw9,1_0,94,ceiling ladder,0,0,0,0.0
00847-bCPU9suPUw9,1_0,95,ceramics,0,0,0,0.0
00847-bCPU9suPUw9,1_0,96,chain,0,0,0,0.0
00847-bCPU9suPUw9,1_0,97,chair,0,1,0,0.0
00847-bCPU9suPUw9,1_0,98,chair stand,0,0,0,0.0
00847-bCPU9suPUw9,1_0,99,chassis,0,0,0,0.0
00847-bCPU9suPUw9,1_0,100,chest,0,0,0,0.0
00847-bCPU9suPUw9,1_0,101,child car seat,0,0,0,0.0
00847-bCPU9suPUw9,1_0,102,christmas tree,0,0,0,0.0
00847-bCPU9suPUw9,1_0,103,clarinet,0,0,0,0.0
00847-bCPU9suPUw9,1_0,104,cleaner,0,0,0,0.0
00847-bCPU9suPUw9,1_0,105,clock,0,1,0,0.0
00847-bCPU9suPUw9,1_0,106,closet door,0,0,0,0.8928209353510645
00847-bCPU9suPUw9,1_0,107,cloth,0,0,0,0.0
00847-bCPU9suPUw9,1_0,108,cloth holder,0,0,0,0.0
00847-bCPU9suPUw9,1_0,109,clothes,0,0,0,0.0
00847-bCPU9suPUw9,1_0,110,clothes container,0,0,0,0.0
00847-bCPU9suPUw9,1_0,111,clothes dryer,0,0,0,0.0
00847-bCPU9suPUw9,1_0,112,clothes rack,0,0,0,0.0
00847-bCPU9suPUw9,1_0,113,clutter,0,0,0,0.0
00847-bCPU9suPUw9,1_0,114,coaster,0,0,0,0.0
00847-bCPU9suPUw9,1_0,115,coffee maker,0,0,0,0.0
00847-bCPU9suPUw9,1_0,116,coffee table,0,0,0,0.0
00847-bCPU9suPUw9,1_0,117,compressor,0,0,0,0.0
00847-bCPU9suPUw9,1_0,118,computer,0,0,0,0.0
00847-bCPU9suPUw9,1_0,119,computer equipment,0,0,0,0.0
00847-bCPU9suPUw9,1_0,120,cone,0,0,0,0.0
00847-bCPU9suPUw9,1_0,121,construction stuff,0,0,0,0.0
00847-bCPU9suPUw9,1_0,122,container,0,0,0,0.0
00847-bCPU9suPUw9,1_0,123,controller,0,0,0,0.0
00847-bCPU9suPUw9,1_0,124,cosmetics,0,0,0,0.0
00847-bCPU9suPUw9,1_0,125,counter door,0,0,0,0.0
00847-bCPU9suPUw9,1_0,126,countertop,0,0,0,0.0
00847-bCPU9suPUw9,1_0,127,countertop item,0,0,0,0.0
00847-bCPU9suPUw9,1_0,128,cover,0,0,0,0.0
00847-bCPU9suPUw9,1_0,129,cross,0,0,0,0.0
00847-bCPU9suPUw9,1_0,130,crutches,0,0,0,0.0
00847-bCPU9suPUw9,1_0,131,cup,0,0,0,0.0
00847-bCPU9suPUw9,1_0,132,curb,0,0,0,0.0
00847-bCPU9suPUw9,1_0,133,curtain,1,1,1,0.9981340603010499
00847-bCPU9suPUw9,1_0,134,cushion,0,0,0,0.0
00847-bCPU9suPUw9,1_0,135,cutlery,0,0,0,0.0
00847-bCPU9suPUw9,1_0,136,cyp,0,0,0,0.0
00847-bCPU9suPUw9,1_0,137,dartboard,0,0,0,0.0
00847-bCPU9suPUw9,1_0,138,decoder,0,0,0,0.0
00847-bCPU9suPUw9,1_0,139,decoration,0,1,0,0.0
00847-bCPU9suPUw9,1_0,140,dehumidifier,0,0,0,0.0
00847-bCPU9suPUw9,1_0,141,den,0,0,0,0.0
00847-bCPU9suPUw9,1_0,142,desk,0,1,0,0.0
00847-bCPU9suPUw9,1_0,143,desk door,0,0,0,0.0
00847-bCPU9suPUw9,1_0,144,dinnerware,0,0,0,0.0
00847-bCPU9suPUw9,1_0,145,diploma,0,0,0,0.0
00847-bCPU9suPUw9,1_0,146,dirt ground,0,0,0,0.0
00847-bCPU9suPUw9,1_0,147,dish rack,0,0,0,0.0
00847-bCPU9suPUw9,1_0,148,dishwasher,0,0,0,0.0
00847-bCPU9suPUw9,1_0,149,dispenser,0,0,0,0.0
00847-bCPU9suPUw9,1_0,150,display case,0,0,0,0.0
00847-bCPU9suPUw9,1_0,151,document,0,0,0,0.0
00847-bCPU9suPUw9,1_0,152,document holder,0,0,0,0.0
00847-bCPU9suPUw9,1_0,153,dog leash,0,0,0,0.0
00847-bCPU9suPUw9,1_0,154,dog toy,0,0,0,0.0
00847-bCPU9suPUw9,1_0,155,doily,0,0,0,0.0
00847-bCPU9suPUw9,1_0,156,doll,0,0,0,0.0
00847-bCPU9suPUw9,1_0,157,door screen,0,0,0,0.0
00847-bCPU9suPUw9,1_0,158,drawer,0,1,0,0.0
00847-bCPU9suPUw9,1_0,159,drawer cart,0,0,0,0.0
00847-bCPU9suPUw9,1_0,160,dressing table,0,0,0,0.0
00847-bCPU9suPUw9,1_0,161,drill,0,0,0,0.0
00847-bCPU9suPUw9,1_0,162,drum,0,0,0,0.0
00847-bCPU9suPUw9,1_0,163,dustpan,0,0,0,0.0
00847-bCPU9suPUw9,1_0,164,dvd,0,0,0,0.0
00847-bCPU9suPUw9,1_0,165,easel,0,0,0,0.0
00847-bCPU9suPUw9,1_0,166,electric hub,0,0,0,0.0
00847-bCPU9suPUw9,1_0,167,electric wire casing,0,0,0,0.0
00847-bCPU9suPUw9,1_0,168,electrical box,0,0,0,0.0
00847-bCPU9suPUw9,1_0,169,electrical device,0,1,0,0.0
00847-bCPU9suPUw9,1_0,170,electrical installation,0,0,0,0.0
00847-bCPU9suPUw9,1_0,171,elevator,0,0,0,0.0
00847-bCPU9suPUw9,1_0,172,exercise ball,0,0,0,0.0
00847-bCPU9suPUw9,1_0,173,exercise bike,0,0,0,0.0
00847-bCPU9suPUw9,1_0,174,exercise equipment,0,0,0,0.0
00847-bCPU9suPUw9,1_0,175,exercise ladder,0,0,0,0.0
00847-bCPU9suPUw9,1_0,176,exercise mat,0,0,0,0.0
00847-bCPU9suPUw9,1_0,177,exhibition panel,0,0,0,0.0
00847-bCPU9suPUw9,1_0,178,extractor hood,0,0,0,0.0
00847-bCPU9suPUw9,1_0,179,eyeglasses,0,0,0,0.0
00847-bCPU9suPUw9,1_0,180,fan,0,0,0,0.06060554566532983
00847-bCPU9suPUw9,1_0,181,faucet,0,1,0,0.0
00847-bCPU9suPUw9,1_0,182,fire extinguisher,0,0,0,0.0
00847-bCPU9suPUw9,1_0,183,fireplace,0,0,0,0.0
00847-bCPU9suPUw9,1_0,184,fireplace tool set,0,0,0,0.0
00847-bCPU9suPUw9,1_0,185,firewood,0,0,0,0.0
00847-bCPU9suPUw9,1_0,186,fishing rod,0,0,0,0.0
00847-bCPU9suPUw9,1_0,187,flag,0,0,0,0.0
00847-bCPU9suPUw9,1_0,188,flashlight,0,0,0,0.0
00847-bCPU9suPUw9,1_0,189,floor stand,0,0,0,0.0
00847-bCPU9suPUw9,1_0,190,flower stand,0,0,0,0.0
00847-bCPU9suPUw9,1_0,191,flowerbed,0,0,0,0.0
00847-bCPU9suPUw9,1_0,192,flush,0,0,0,0.0
00847-bCPU9suPUw9,1_0,193,flush button,0,0,0,0.0
00847-bCPU9suPUw9,1_0,194,flush push,0,0,0,0.0
00847-bCPU9suPUw9,1_0,195,foam,0,0,0,0.0013688324746029545
00847-bCPU9suPUw9,1_0,196,folding stand,0,0,0,0.0
00847-bCPU9suPUw9,1_0,197,food,0,0,0,0.0
00847-bCPU9suPUw9,1_0,198,food processor,0,0,0,0.0
00847-bCPU9suPUw9,1_0,199,food stand,0,0,0,0.0
00847-bCPU9suPUw9,1_0,200,foosball table,0,0,0,0.0
00847-bCPU9suPUw9,1_0,201,foot spa,0,0,0,0.0
00847-bCPU9suPUw9,1_0,202,football,0,0,0,0.0
00847-bCPU9suPUw9,1_0,203,footstool,0,1,0,0.0
00847-bCPU9suPUw9,1_0,204,frame,0,0,0,0.0
00847-bCPU9suPUw9,1_0,205,fruit,0,0,0,0.0
00847-bCPU9suPUw9,1_0,206,fume cupboard,0,0,0,0.0
00847-bCPU9suPUw9,1_0,207,fur,0,0,0,0.0
00847-bCPU9suPUw9,1_0,208,furnace,0,0,0,0.0
00847-bCPU9suPUw9,1_0,209,furniture,0,0,0,0.0
00847-bCPU9suPUw9,1_0,210,game,0,0,0,0.0
00847-bCPU9suPUw9,1_0,211,game console,0,0,0,0.0
00847-bCPU9suPUw9,1_0,212,gap,0,0,0,0.0
00847-bCPU9suPUw9,1_0,213,garage door motor,0,0,0,0.0
00847-bCPU9suPUw9,1_0,214,garage door opener,0,0,0,0.0
00847-bCPU9suPUw9,1_0,215,garage door opener railing,0,0,0,0.0
00847-bCPU9suPUw9,1_0,216,gas box,0,0,0,0.0
00847-bCPU9suPUw9,1_0,217,gas container,0,0,0,0.0
00847-bCPU9suPUw9,1_0,218,gas meter,0,0,0,0.0
00847-bCPU9suPUw9,1_0,219,gauge,0,0,0,0.0
00847-bCPU9suPUw9,1_0,220,gift,0,0,0,0.0
00847-bCPU9suPUw9,1_0,221,glass,0,0,0,0.0
00847-bCPU9suPUw9,1_0,222,glasses,0,0,0,0.0
00847-bCPU9suPUw9,1_0,223,globe,0,0,0,0.0
00847-bCPU9suPUw9,1_0,224,globe stand,0,0,0,0.0
00847-bCPU9suPUw9,1_0,225,gloves,0,0,0,0.0
00847-bCPU9suPUw9,1_0,226,glue,0,0,0,0.0
00847-bCPU9suPUw9,1_0,227,goalpost,0,0,0,0.0
00847-bCPU9suPUw9,1_0,228,golf sticks,0,0,0,0.0
00847-bCPU9suPUw9,1_0,229,grab bar,0,0,0,0.0
00847-bCPU9suPUw9,1_0,230,grass,0,0,0,0.0
00847-bCPU9suPUw9,1_0,231,grate,0,0,0,0.0
00847-bCPU9suPUw9,1_0,232,gravel,0,0,0,0.0
00847-bCPU9suPUw9,1_0,233,groceries,0,0,0,0.0
00847-bCPU9suPUw9,1_0,234,guitar,0,0,0,0.0
00847-bCPU9suPUw9,1_0,235,gun,0,0,0,0.0
00847-bCPU9suPUw9,1_0,236,gym rope,0,0,0,0.0
00847-bCPU9suPUw9,1_0,237,hair brush,0,0,0,0.0
00847-bCPU9suPUw9,1_0,238,hair dryer,0,0,0,0.0
00847-bCPU9suPUw9,1_0,239,hammer,0,0,0,0.0
00847-bCPU9suPUw9,1_0,240,hammock,0,0,0,0.0
00847-bCPU9suPUw9,1_0,241,hand dryer,0,0,0,0.0
00847-bCPU9suPUw9,1_0,242,handcart,0,0,0,0.0
00847-bCPU9suPUw9,1_0,243,handkerchiefs,0,0,0,0.0
00847-bCPU9suPUw9,1_0,244,handle,0,1,0,0.27977034422983804
00847-bCPU9suPUw9,1_0,245,hanger,0,1,0,0.0
00847-bCPU9suPUw9,1_0,246,hat,0,0,0,0.0
00847-bCPU9suPUw9,1_0,247,hatch,0,0,0,0.0
00847-bCPU9suPUw9,1_0,248,headboard,0,0,0,0.0
00847-bCPU9suPUw9,1_0,249,headphones,0,0,0,0.0
00847-bCPU9suPUw9,1_0,250,heater,0,0,0,0.0038682552112284663
00847-bCPU9suPUw9,1_0,251,heater piping,0,0,0,0.0
00847-bCPU9suPUw9,1_0,252,holder,0,0,0,0.0
00847-bCPU9suPUw9,1_0,253,holy cross,0,0,0,0.0
00847-bCPU9suPUw9,1_0,254,hook,0,0,0,0.0
00847-bCPU9suPUw9,1_0,255,hose,0,0,0,0.0
00847-bCPU9suPUw9,1_0,256,hourglass,0,0,0,0.0
00847-bCPU9suPUw9,1_0,257,hoverboard,0,0,0,0.0
00847-bCPU9suPUw9,1_0,258,ice maker,0,0,0,0.0
00847-bCPU9suPUw9,1_0,259,information,0,0,0,0.0
00847-bCPU9suPUw9,1_0,260,installation,0,0,0,0.0
00847-bCPU9suPUw9,1_0,261,instrument,0,0,0,0.0
00847-bCPU9suPUw9,1_0,262,iron,0,0,0,0.0
00847-bCPU9suPUw9,1_0,263,ironing board,0,0,0,0.0
00847-bCPU9suPUw9,1_0,264,jewelry,0,0,0,0.0
00847-bCPU9suPUw9,1_0,265,jug,0,0,0,0.0
00847-bCPU9suPUw9,1_0,266,keg,0,0,0,0.0
00847-bCPU9suPUw9,1_0,267,kettle,0,0,0,0.0
00847-bCPU9suPUw9,1_0,268,keys,0,0,0,0.0
00847-bCPU9suPUw9,1_0,269,kitchen appliance,0,1,0,0.0
00847-bCPU9suPUw9,1_0,270,kitchen handle,0,0,0,0.0
00847-bCPU9suPUw9,1_0,271,kitchen island,0,0,0,0.0
00847-bCPU9suPUw9,1_0,272,kitchen utensil,0,0,0,0.0
00847-bCPU9suPUw9,1_0,273,knife,0,0,0,0.0
00847-bCPU9suPUw9,1_0,274,knob,0,0,0,0.0
00847-bCPU9suPUw9,1_0,275,lace doily,0,0,0,0.0
00847-bCPU9suPUw9,1_0,276,ladder,0,0,0,0.0
00847-bCPU9suPUw9,1_0,277,landing,0,0,0,0.0
00847-bCPU9suPUw9,1_0,278,laundry,0,1,0,0.0
00847-bCPU9suPUw9,1_0,279,lawn mower,0,0,0,0.0
00847-bCPU9suPUw9,1_0,280,level,0,0,0,0.0
00847-bCPU9suPUw9,1_0,281,lid,0,0,0,0.0
00847-bCPU9suPUw9,1_0,282,light,0,1,0,0.0
00847-bCPU9suPUw9,1_0,283,lighter,0,0,0,0.0
00847-bCPU9suPUw9,1_0,284,liquid,0,0,0,0.0
00847-bCPU9suPUw9,1_0,285,locker,0,0,0,0.0
00847-bCPU9suPUw9,1_0,286,machine,0,0,0,0.0
00847-bCPU9suPUw9,1_0,287,mailbox,0,0,0,0.0
00847-bCPU9suPUw9,1_0,288,mannequin,0,0,0,0.0
00847-bCPU9suPUw9,1_0,289,map,0,0,0,0.0
00847-bCPU9suPUw9,1_0,290,mascot,0,0,0,0.0
00847-bCPU9suPUw9,1_0,291,massage bed,0,0,0,0.0
00847-bCPU9suPUw9,1_0,292,material,0,0,0,0.0
00847-bCPU9suPUw9,1_0,293,measuring tape,0,0,0,0.0
00847-bCPU9suPUw9,1_0,294,medical lamp,0,0,0,0.0
00847-bCPU9suPUw9,1_0,295,medical object,0,0,0,0.0
00847-bCPU9suPUw9,1_0,296,menu,0,0,0,0.0
00847-bCPU9suPUw9,1_0,297,meshwork,0,0,0,0.0
00847-bCPU9suPUw9,1_0,298,meter,0,0,0,0.0
00847-bCPU9suPUw9,1_0,299,microphone,0,0,0,0.0
00847-bCPU9suPUw9,1_0,300,microphone accessory,0,0,0,0.0
00847-bCPU9suPUw9,1_0,301,microwave,0,0,0,0.0
00847-bCPU9suPUw9,1_0,302,mirror,0,1,0,0.0
00847-bCPU9suPUw9,1_0,303,model,0,0,0,0.0
00847-bCPU9suPUw9,1_0,304,modem,0,0,0,0.0
00847-bCPU9suPUw9,1_0,305,mop,0,0,0,0.0
00847-bCPU9suPUw9,1_0,306,mortar,0,0,0,0.0
00847-bCPU9suPUw9,1_0,307,motorcycle,0,0,0,0.0
00847-bCPU9suPUw9,1_0,308,music equipment,0,0,0,0.0
00847-bCPU9suPUw9,1_0,309,napkin,0,0,0,0.0
00847-bCPU9suPUw9,1_0,310,nightstand,0,0,0,0.0
00847-bCPU9suPUw9,1_0,311,oar,0,0,0,0.0
00847-bCPU9suPUw9,1_0,312,object,0,0,0,0.0
00847-bCPU9suPUw9,1_0,313,objects,0,0,0,0.0
00847-bCPU9suPUw9,1_0,314,outlet,0,0,0,0.0
00847-bCPU9suPUw9,1_0,315,oven,0,1,0,0.0
00847-bCPU9suPUw9,1_0,316,overhang,0,0,0,0.8268997991200497
00847-bCPU9suPUw9,1_0,317,pad,0,0,0,0.0
00847-bCPU9suPUw9,1_0,318,painting stuff,0,0,0,0.0
00847-bCPU9suPUw9,1_0,319,pan,0,0,0,0.0
00847-bCPU9suPUw9,1_0,320,panel,0,0,0,0.0
00847-bCPU9suPUw9,1_0,321,pantry,0,0,0,0.0
00847-bCPU9suPUw9,1_0,322,paper holder,0,0,0,0.0
00847-bCPU9suPUw9,1_0,323,paper storage,0,0,0,0.0
00847-bCPU9suPUw9,1_0,324,paper towel,0,1,0,0.0
00847-bCPU9suPUw9,1_0,325,parapet,0,0,0,0.0
00847-bCPU9suPUw9,1_0,326,partial,0,0,0,0.0
00847-bCPU9suPUw9,1_0,327,pavement,0,0,0,0.0
00847-bCPU9suPUw9,1_0,328,pedestal,0,0,0,0.0
00847-bCPU9suPUw9,1_0,329,pen,0,0,0,0.0
00847-bCPU9suPUw9,1_0,330,pendant,0,0,0,0.0
00847-bCPU9suPUw9,1_0,331,pet bed,0,0,0,0.0
00847-bCPU9suPUw9,1_0,332,pet bowl,0,0,0,0.0
00847-bCPU9suPUw9,1_0,333,phone,0,0,0,0.0
00847-bCPU9suPUw9,1_0,334,photo mount,0,0,0,0.0
00847-bCPU9suPUw9,1_0,335,photo stand,0,0,0,0.0
00847-bCPU9suPUw9,1_0,336,piano,0,0,0,0.0
00847-bCPU9suPUw9,1_0,337,pillow,0,1,0,0.0
00847-bCPU9suPUw9,1_0,338,pitchfork,0,0,0,0.0
00847-bCPU9suPUw9,1_0,339,place mat,0,0,0,0.0
00847-bCPU9suPUw9,1_0,340,plane,0,0,0,0.0
00847-bCPU9suPUw9,1_0,341,plank,0,0,0,0.0
00847-bCPU9suPUw9,1_0,342,plant,0,1,0,0.0
00847-bCPU9suPUw9,1_0,343,plant ornament,0,0,0,0.0
00847-bCPU9suPUw9,1_0,344,platform,0,0,0,0.0
00847-bCPU9suPUw9,1_0,345,playpen,0,0,0,0.0
00847-bCPU9suPUw9,1_0,346,plenum box,0,0,0,0.0
00847-bCPU9suPUw9,1_0,347,pliers,0,0,0,0.0
00847-bCPU9suPUw9,1_0,348,plumbing,0,0,0,0.0
00847-bCPU9suPUw9,1_0,349,plunger,0,0,0,0.0
00847-bCPU9suPUw9,1_0,350,podium,0,0,0,0.0
00847-bCPU9suPUw9,1_0,351,pole,0,0,0,0.0
00847-bCPU9suPUw9,1_0,352,pool,0,0,0,0.0
00847-bCPU9suPUw9,1_0,353,pool table,0,0,0,0.0
00847-bCPU9suPUw9,1_0,354,porcelain,0,0,0,0.0
00847-bCPU9suPUw9,1_0,355,poster,0,0,0,0.0
00847-bCPU9suPUw9,1_0,356,pot,0,0,0,0.0
00847-bCPU9suPUw9,1_0,357,pot lid,0,0,0,0.0
00847-bCPU9suPUw9,1_0,358,pouches,0,0,0,0.0
00847-bCPU9suPUw9,1_0,359,press,0,0,0,0.0
00847-bCPU9suPUw9,1_0,360,pressure washer,0,0,0,0.0
00847-bCPU9suPUw9,1_0,361,printer,0,0,0,0.0
00847-bCPU9suPUw9,1_0,362,product,0,0,0,0.0
00847-bCPU9suPUw9,1_0,363,products,0,0,0,0.0
00847-bCPU9suPUw9,1_0,364,prop,0,0,0,0.0
00847-bCPU9suPUw9,1_0,365,pump,0,0,0,0.0
00847-bCPU9suPUw9,1_0,366,punchbag,0,0,0,0.0
00847-bCPU9suPUw9,1_0,367,puppet,0,0,0,0.0
00847-bCPU9suPUw9,1_0,368,rag,0,0,0,0.0
00847-bCPU9suPUw9,1_0,369,rail,0,0,0,0.0
00847-bCPU9suPUw9,1_0,370,rake,0,0,0,0.0
00847-bCPU9suPUw9,1_0,371,receipt printer,0,0,0,0.0
00847-bCPU9suPUw9,1_0,372,records,0,0,0,0.0
00847-bCPU9suPUw9,1_0,373,recuperator,0,0,0,0.0
00847-bCPU9suPUw9,1_0,374,refrigerator,0,1,0,0.0
00847-bCPU9suPUw9,1_0,375,remote control,0,0,0,0.0
00847-bCPU9suPUw9,1_0,376,rice cooker,0,0,0,0.0
00847-bCPU9suPUw9,1_0,377,riser,0,0,0,0.0
00847-bCPU9suPUw9,1_0,378,rocking horse,0,0,0,0.0
00847-bCPU9suPUw9,1_0,379,rod,0,0,0,0.0
00847-bCPU9suPUw9,1_0,380,roll,0,0,0,0.0
00847-bCPU9suPUw9,1_0,381,rope,0,0,0,0.0
00847-bCPU9suPUw9,1_0,382,router,0,0,0,0.0
00847-bCPU9suPUw9,1_0,383,rug,0,1,0,0.0
00847-bCPU9suPUw9,1_0,384,safe,0,0,0,0.0
00847-bCPU9suPUw9,1_0,385,saturator,0,0,0,0.0
00847-bCPU9suPUw9,1_0,386,sauna,0,0,0,0.0
00847-bCPU9suPUw9,1_0,387,saw,0,0,0,0.0
00847-bCPU9suPUw9,1_0,388,saxophone,0,0,0,0.0
00847-bCPU9suPUw9,1_0,389,scale,0,0,0,0.0
00847-bCPU9suPUw9,1_0,390,scanner,0,0,0,0.0
00847-bCPU9suPUw9,1_0,391,screen,0,0,0,0.0
00847-bCPU9suPUw9,1_0,392,screen frame,0,0,0,0.0
00847-bCPU9suPUw9,1_0,393,screwdriver,0,0,0,0.0
00847-bCPU9suPUw9,1_0,394,sculpture,0,0,0,0.0
00847-bCPU9suPUw9,1_0,395,security camera,0,0,0,0.0
00847-bCPU9suPUw9,1_0,396,self-closing mechanism,0,0,0,0.0
00847-bCPU9suPUw9,1_0,397,sensor,0,1,0,0.0
00847-bCPU9suPUw9,1_0,398,separator,0,0,0,0.0
00847-bCPU9suPUw9,1_0,399,set of valves,0,0,0,0.0
00847-bCPU9suPUw9,1_0,400,sewing machine,0,0,0,0.0
00847-bCPU9suPUw9,1_0,401,sewing tools,0,0,0,0.0
00847-bCPU9suPUw9,1_0,402,shampoo,0,0,0,0.0
00847-bCPU9suPUw9,1_0,403,sheet music,0,0,0,0.0
00847-bCPU9suPUw9,1_0,404,sheets / clothes,0,0,0,0.0
00847-bCPU9suPUw9,1_0,405,shelf,0,1,0,0.0
00847-bCPU9suPUw9,1_0,406,ship toy,0,0,0,0.0
00847-bCPU9suPUw9,1_0,407,shisha,0,0,0,0.0
00847-bCPU9suPUw9,1_0,408,shoe,0,0,0,0.0
00847-bCPU9suPUw9,1_0,409,shoe rack,0,0,0,0.0
00847-bCPU9suPUw9,1_0,410,shoehorn,0,0,0,0.0
00847-bCPU9suPUw9,1_0,411,shovel,0,0,0,0.0
00847-bCPU9suPUw9,1_0,412,shower,0,1,0,0.0
00847-bCPU9suPUw9,1_0,413,shower seat,0,0,0,0.0
00847-bCPU9suPUw9,1_0,414,shredder,0,0,0,0.0
00847-bCPU9suPUw9,1_0,415,side table,0,0,0,0.0
00847-bCPU9suPUw9,1_0,416,sideboard,0,0,0,0.0
00847-bCPU9suPUw9,1_0,417,sign,0,0,0,0.0
00847-bCPU9suPUw9,1_0,418,silicone gun,0,0,0,0.0
00847-bCPU9suPUw9,1_0,419,silicone tube,0,0,0,0.0
00847-bCPU9suPUw9,1_0,420,sink,0,1,0,0.9982784968008062
00847-bCPU9suPUw9,1_0,421,skateboard,0,0,0,0.0
00847-bCPU9suPUw9,1_0,422,skates,0,0,0,0.0
00847-bCPU9suPUw9,1_0,423,ski,0,0,0,0.0
00847-bCPU9suPUw9,1_0,424,sky,0,0,0,0.0
00847-bCPU9suPUw9,1_0,425,sled,0,0,0,0.0
00847-bCPU9suPUw9,1_0,426,sleeping bag,0,0,0,0.0
00847-bCPU9suPUw9,1_0,427,smoke detector,0,0,0,0.0
00847-bCPU9suPUw9,1_0,428,snack,0,0,0,0.0
00847-bCPU9suPUw9,1_0,429,soap,0,0,0,0.0
00847-bCPU9suPUw9,1_0,430,socks,0,0,0,0.0
00847-bCPU9suPUw9,1_0,431,sofa,0,1,0,0.0
00847-bCPU9suPUw9,1_0,432,solarium,0,0,0,0.0
00847-bCPU9suPUw9,1_0,433,speaker,0,0,0,0.0
00847-bCPU9suPUw9,1_0,434,speaker stand,0,0,0,0.0
00847-bCPU9suPUw9,1_0,435,spices,0,0,0,0.0
00847-bCPU9suPUw9,1_0,436,sponge,0,0,0,0.0
00847-bCPU9suPUw9,1_0,437,spray can,0,0,0,0.0
00847-bCPU9suPUw9,1_0,438,sprinkler,0,0,0,0.0
00847-bCPU9suPUw9,1_0,439,square,0,0,0,0.0
00847-bCPU9suPUw9,1_0,440,stack,0,0,0,0.0
00847-bCPU9suPUw9,1_0,441,stack of books / papers,0,0,0,0.0
00847-bCPU9suPUw9,1_0,442,stack of stuff,0,0,0,0.0
00847-bCPU9suPUw9,1_0,443,stack of yarns,0,0,0,0.0
00847-bCPU9suPUw9,1_0,444,stage,0,0,0,0.0
00847-bCPU9suPUw9,1_0,445,stained glass,0,0,0,0.0
00847-bCPU9suPUw9,1_0,446,stand,0,0,0,0.0
00847-bCPU9suPUw9,1_0,447,star,0,0,0,0.0
00847-bCPU9suPUw9,1_0,448,stationery,0,0,0,0.0
00847-bCPU9suPUw9,1_0,449,steel plate,0,0,0,0.0
00847-bCPU9suPUw9,1_0,450,step stool,0,0,0,0.0
00847-bCPU9suPUw9,1_0,451,stick,0,0,0,0.0011364159273536956
00847-bCPU9suPUw9,1_0,452,stone,0,0,0,0.0
00847-bCPU9suPUw9,1_0,453,stonework,0,0,0,0.0
00847-bCPU9suPUw9,1_0,454,stool,0,0,0,0.0
00847-bCPU9suPUw9,1_0,455,storage,0,0,0,0.0
00847-bCPU9suPUw9,1_0,456,strings,0,0,0,0.0
00847-bCPU9suPUw9,1_0,457,stroke,0,0,0,0.0
00847-bCPU9suPUw9,1_0,458,sunbed,0,0,0,0.0
00847-bCPU9suPUw9,1_0,459,support,0,0,0,0.0
00847-bCPU9suPUw9,1_0,460,surface,0,0,0,0.0
00847-bCPU9suPUw9,1_0,461,surfboard,0,0,0,0.0
00847-bCPU9suPUw9,1_0,462,swing,0,0,0,0.0
00847-bCPU9suPUw9,1_0,463,switch,0,0,0,0.0
00847-bCPU9suPUw9,1_0,464,table,0,1,0,0.0
00847-bCPU9suPUw9,1_0,465,table cloth,0,0,0,0.0
00847-bCPU9suPUw9,1_0,466,table pad,0,0,0,0.0
00847-bCPU9suPUw9,1_0,467,table stand,0,0,0,0.0
00847-bCPU9suPUw9,1_0,468,table tennis table,0,0,0,0.0
00847-bCPU9suPUw9,1_0,469,tablet,0,0,0,0.0
00847-bCPU9suPUw9,1_0,470,tambourine,0,0,0,0.0
00847-bCPU9suPUw9,1_0,471,tea set,0,0,0,0.0
00847-bCPU9suPUw9,1_0,472,telescope,0,0,0,0.0
00847-bCPU9suPUw9,1_0,473,tennis racket,0,0,0,0.0
00847-bCPU9suPUw9,1_0,474,tent,0,0,0,0.0
00847-bCPU9suPUw9,1_0,475,thermometer,0,0,0,0.0
00847-bCPU9suPUw9,1_0,476,thermostat,0,0,0,0.0
00847-bCPU9suPUw9,1_0,477,three,0,0,0,0.0
00847-bCPU9suPUw9,1_0,478,tile,0,0,0,0.9999999999998399
00847-bCPU9suPUw9,1_0,479,tire,0,0,0,0.0
00847-bCPU9suPUw9,1_0,480,tissue,0,0,0,0.0
00847-bCPU9suPUw9,1_0,481,title,0,0,0,0.0
00847-bCPU9suPUw9,1_0,482,toaster,0,0,0,0.0
00847-bCPU9suPUw9,1_0,483,toaster oven,0,0,0,0.0
00847-bCPU9suPUw9,1_0,484,toilet,1,1,1,0.926293445839106
00847-bCPU9suPUw9,1_0,485,toilet brush,1,1,1,0.0
00847-bCPU9suPUw9,1_0,486,toilet cleaner,0,0,0,0.0
00847-bCPU9suPUw9,1_0,487,toilet paper,0,1,0,0.0
00847-bCPU9suPUw9,1_0,488,toiletry,0,0,0,0.0
00847-bCPU9suPUw9,1_0,489,tool,0,0,0,0.0
00847-bCPU9suPUw9,1_0,490,tool rack,0,0,0,0.0
00847-bCPU9suPUw9,1_0,491,toothbrush,0,0,0,0.0
00847-bCPU9suPUw9,1_0,492,toothpaste,0,0,0,0.0
00847-bCPU9suPUw9,1_0,493,towel,0,1,0,0.0
00847-bCPU9suPUw9,1_0,494,towel bar,1,1,1,0.0
00847-bCPU9suPUw9,1_0,495,toy,0,0,0,0.0
00847-bCPU9suPUw9,1_0,496,traffic cone,0,0,0,0.0
00847-bCPU9suPUw9,1_0,497,trampoline,0,0,0,0.0
00847-bCPU9suPUw9,1_0,498,trash bag,0,0,0,0.0
00847-bCPU9suPUw9,1_0,499,tray,0,0,0,0.0
00847-bCPU9suPUw9,1_0,500,treadmill,0,0,0,0.0
00847-bCPU9suPUw9,1_0,501,tree,0,0,0,0.0
00847-bCPU9suPUw9,1_0,502,tree branch,0,0,0,0.0
00847-bCPU9suPUw9,1_0,503,trimmer,0,0,0,0.0
00847-bCPU9suPUw9,1_0,504,tripod,0,0,0,0.0
00847-bCPU9suPUw9,1_0,505,trolley,0,0,0,0.0
00847-bCPU9suPUw9,1_0,506,trombone,0,0,0,0.0
00847-bCPU9suPUw9,1_0,507,trophy,0,0,0,0.0
00847-bCPU9suPUw9,1_0,508,trough,0,0,0,0.0
00847-bCPU9suPUw9,1_0,509,trumpet,0,0,0,0.0
00847-bCPU9suPUw9,1_0,510,tv,0,1,0,0.0
00847-bCPU9suPUw9,1_0,511,tv stand,0,0,0,0.0
00847-bCPU9suPUw9,1_0,512,typewriter,0,0,0,0.0
00847-bCPU9suPUw9,1_0,513,ukulele,0,0,0,0.0
00847-bCPU9suPUw9,1_0,514,umbrella,0,0,0,0.0
00847-bCPU9suPUw9,1_0,515,umbrella stand,0,0,0,0.0
00847-bCPU9suPUw9,1_0,516,unknown,0,1,0,0.0
00847-bCPU9suPUw9,1_0,517,vacuum cleaner,0,0,0,0.0
00847-bCPU9suPUw9,1_0,518,vanity,0,0,0,0.0
00847-bCPU9suPUw9,1_0,519,vase,0,0,0,0.0
00847-bCPU9suPUw9,1_0,520,vegetables,0,0,0,0.0
00847-bCPU9suPUw9,1_0,521,vessel,0,0,0,0.0
00847-bCPU9suPUw9,1_0,522,vinyl records,0,0,0,0.0
00847-bCPU9suPUw9,1_0,523,violin,0,0,0,0.0
00847-bCPU9suPUw9,1_0,524,violin case,0,0,0,0.0
00847-bCPU9suPUw9,1_0,525,waffle iron,0,0,0,0.0
00847-bCPU9suPUw9,1_0,526,wardrobe,0,0,0,0.0
00847-bCPU9suPUw9,1_0,527,washing machine,0,1,0,0.0
00847-bCPU9suPUw9,1_0,528,washing powder,0,0,0,0.0
00847-bCPU9suPUw9,1_0,529,washing stuff,0,0,0,0.0
00847-bCPU9suPUw9,1_0,530,watch,0,0,0,0.0
00847-bCPU9suPUw9,1_0,531,water dispenser,0,0,0,0.0
00847-bCPU9suPUw9,1_0,532,water heater,0,0,0,0.0
00847-bCPU9suPUw9,1_0,533,water meter,0,0,0,0.0
00847-bCPU9suPUw9,1_0,534,water pump,0,0,0,0.0
00847-bCPU9suPUw9,1_0,535,water tank,0,0,0,0.0
00847-bCPU9suPUw9,1_0,536,watering can,0,0,0,0.0
00847-bCPU9suPUw9,1_0,537,weight,0,0,0,0.0
00847-bCPU9suPUw9,1_0,538,weight bench,0,0,0,0.0
00847-bCPU9suPUw9,1_0,539,weights,0,0,0,0.0
00847-bCPU9suPUw9,1_0,540,wheel,0,0,0,0.0
00847-bCPU9suPUw9,1_0,541,wheelbarrow,0,0,0,0.0
00847-bCPU9suPUw9,1_0,542,window shade,0,1,0,0.0
00847-bCPU9suPUw9,1_0,543,wine,0,0,0,0.0
00847-bCPU9suPUw9,1_0,544,wine storage,0,0,0,0.0
00847-bCPU9suPUw9,1_0,545,wood,0,0,0,0.0
00847-bCPU9suPUw9,1_0,546,wrench,0,0,0,0.0
00847-bCPU9suPUw9,1_1,0,acoustic panel,0,0,0,0.0
00847-bCPU9suPUw9,1_1,1,air conditioner,0,0,0,0.0
00847-bCPU9suPUw9,1_1,2,air freshener,0,0,0,0.0
00847-bCPU9suPUw9,1_1,3,air hockey,0,0,0,0.0
00847-bCPU9suPUw9,1_1,4,air purifier,0,0,0,0.0
00847-bCPU9suPUw9,1_1,5,aisle frame,0,0,0,0.0
00847-bCPU9suPUw9,1_1,6,alarm,0,0,0,0.0
00847-bCPU9suPUw9,1_1,7,album,0,0,0,0.0
00847-bCPU9suPUw9,1_1,8,amplifier,0,0,0,0.0
00847-bCPU9suPUw9,1_1,9,appliance,0,0,0,0.0
00847-bCPU9suPUw9,1_1,10,apron,0,0,0,0.0
00847-bCPU9suPUw9,1_1,11,aquarium,0,0,0,0.0
00847-bCPU9suPUw9,1_1,12,arcade game,0,0,0,0.0
00847-bCPU9suPUw9,1_1,13,artwork,0,1,0,0.0
00847-bCPU9suPUw9,1_1,14,ashtray,0,0,0,0.0
00847-bCPU9suPUw9,1_1,15,audio player,0,0,0,0.0
00847-bCPU9suPUw9,1_1,16,axe,0,0,0,0.0
00847-bCPU9suPUw9,1_1,17,baby changing table,0,0,0,0.0
00847-bCPU9suPUw9,1_1,18,backrest,0,0,0,0.0
00847-bCPU9suPUw9,1_1,19,backsplash,0,0,0,0.0
00847-bCPU9suPUw9,1_1,20,bag,0,0,0,0.0
00847-bCPU9suPUw9,1_1,21,ball,0,0,0,0.0
00847-bCPU9suPUw9,1_1,22,ball pool,0,0,0,0.0
00847-bCPU9suPUw9,1_1,23,bar,0,0,0,0.0
00847-bCPU9suPUw9,1_1,24,barbecue,0,0,0,0.0
00847-bCPU9suPUw9,1_1,25,barrel,0,0,0,0.0
00847-bCPU9suPUw9,1_1,26,base,0,0,0,0.0
00847-bCPU9suPUw9,1_1,27,baseball bat,0,0,0,0.0
00847-bCPU9suPUw9,1_1,28,basket,0,0,0,0.0
00847-bCPU9suPUw9,1_1,29,basketball hoop,0,0,0,0.0
00847-bCPU9suPUw9,1_1,30,basketballs,0,0,0,0.0
00847-bCPU9suPUw9,1_1,31,bathroom accessory,0,0,0,0.0
00847-bCPU9suPUw9,1_1,32,bathtub,0,1,0,0.0
00847-bCPU9suPUw9,1_1,33,bed,1,1,1,0.0
00847-bCPU9suPUw9,1_1,34,bed ladder,0,0,0,0.0
00847-bCPU9suPUw9,1_1,35,beer crate,0,0,0,0.0
00847-bCPU9suPUw9,1_1,36,bell,0,0,0,0.0
00847-bCPU9suPUw9,1_1,37,belt,0,0,0,0.0
00847-bCPU9suPUw9,1_1,38,bench,0,0,0,0.0
00847-bCPU9suPUw9,1_1,39,beverage dispenser,0,0,0,0.0
00847-bCPU9suPUw9,1_1,40,bicycle,0,0,0,0.0
00847-bCPU9suPUw9,1_1,41,bicycle helmet,0,0,0,0.0
00847-bCPU9suPUw9,1_1,42,bin,0,1,0,0.0
00847-bCPU9suPUw9,1_1,43,birdhouse,0,0,0,0.0
00847-bCPU9suPUw9,1_1,44,blanket,0,0,0,1.0
00847-bCPU9suPUw9,1_1,45,board,0,0,0,0.0
00847-bCPU9suPUw9,1_1,46,board game,0,0,0,0.0
00847-bCPU9suPUw9,1_1,47,board with keys,0,0,0,0.0
00847-bCPU9suPUw9,1_1,48,book,0,0,0,0.0
00847-bCPU9suPUw9,1_1,49,bottle,0,0,0,0.0
00847-bCPU9suPUw9,1_1,50,bottle dispenser,0,0,0,0.0
00847-bCPU9suPUw9,1_1,51,bottle opener,0,0,0,0.0
00847-bCPU9suPUw9,1_1,52,bowl,0,0,0,0.0
00847-bCPU9suPUw9,1_1,53,box,1,1,1,0.9922935982994282
00847-bCPU9suPUw9,1_1,54,boxing ring,0,0,0,0.0
00847-bCPU9suPUw9,1_1,55,bread,0,0,0,0.0
00847-bCPU9suPUw9,1_1,56,bread box,0,0,0,0.0
00847-bCPU9suPUw9,1_1,57,bricks,0,0,0,0.0
00847-bCPU9suPUw9,1_1,58,bridge,0,0,0,0.0
00847-bCPU9suPUw9,1_1,59,broom,0,0,0,0.0
00847-bCPU9suPUw9,1_1,60,brush,0,0,0,0.0
00847-bCPU9suPUw9,1_1,61,bucket,0,0,0,0.0
00847-bCPU9suPUw9,1_1,62,buffet,0,0,0,0.0
00847-bCPU9suPUw9,1_1,63,button,0,0,0,0.0
00847-bCPU9suPUw9,1_1,64,cabinet,1,1,1,0.0
00847-bCPU9suPUw9,1_1,65,cable,0,0,0,0.0
00847-bCPU9suPUw9,1_1,66,cage,0,0,0,0.0
00847-bCPU9suPUw9,1_1,67,cake,0,0,0,0.0
00847-bCPU9suPUw9,1_1,68,calculator,0,0,0,0.0
00847-bCPU9suPUw9,1_1,69,calendar,0,0,0,0.0
00847-bCPU9suPUw9,1_1,70,camera,0,0,0,0.0
00847-bCPU9suPUw9,1_1,71,can,0,0,0,0.0
00847-bCPU9suPUw9,1_1,72,canal,0,0,0,0.0
00847-bCPU9suPUw9,1_1,73,candelabra,0,0,0,0.0
00847-bCPU9suPUw9,1_1,74,candle,0,0,0,0.0
00847-bCPU9suPUw9,1_1,75,candle holder,0,0,0,0.0
00847-bCPU9suPUw9,1_1,76,candle stand,0,0,0,0.0
00847-bCPU9suPUw9,1_1,77,candlestick,0,0,0,0.0
00847-bCPU9suPUw9,1_1,78,canoe,0,0,0,0.0
00847-bCPU9suPUw9,1_1,79,canopy,0,0,0,0.0
00847-bCPU9suPUw9,1_1,80,car,0,0,0,0.0
00847-bCPU9suPUw9,1_1,81,card,0,0,0,0.0
00847-bCPU9suPUw9,1_1,82,cardboard,0,0,0,0.9993315069013178
00847-bCPU9suPUw9,1_1,83,cart,0,0,0,0.0
00847-bCPU9suPUw9,1_1,84,cash register,0,0,0,0.0
00847-bCPU9suPUw9,1_1,85,casket,0,0,0,0.0
00847-bCPU9suPUw9,1_1,86,cassette,0,0,0,0.0
00847-bCPU9suPUw9,1_1,87,cat,0,0,0,0.7962091782792148
00847-bCPU9suPUw9,1_1,88,cat food,0,0,0,0.0
00847-bCPU9suPUw9,1_1,89,cat litter box,0,0,0,0.0
00847-bCPU9suPUw9,1_1,90,cat tree,0,0,0,0.0
00847-bCPU9suPUw9,1_1,91,cd,0,0,0,0.0
00847-bCPU9suPUw9,1_1,92,ceiling arch,0,0,0,0.0
00847-bCPU9suPUw9,1_1,93,ceiling chassis,0,0,0,0.9989617941799838
00847-bCPU9suPUw9,1_1,94,ceiling ladder,0,0,0,0.0
00847-bCPU9suPUw9,1_1,95,ceramics,0,0,0,0.0
00847-bCPU9suPUw9,1_1,96,chain,0,0,0,0.0
00847-bCPU9suPUw9,1_1,97,chair,1,1,1,0.0
00847-bCPU9suPUw9,1_1,98,chair stand,0,0,0,0.0
00847-bCPU9suPUw9,1_1,99,chassis,0,0,0,0.0
00847-bCPU9suPUw9,1_1,100,chest,0,0,0,0.0
00847-bCPU9suPUw9,1_1,101,child car seat,0,0,0,0.0
00847-bCPU9suPUw9,1_1,102,christmas tree,0,0,0,0.0
00847-bCPU9suPUw9,1_1,103,clarinet,0,0,0,0.0
00847-bCPU9suPUw9,1_1,104,cleaner,0,0,0,0.0
00847-bCPU9suPUw9,1_1,105,clock,0,1,0,0.0
00847-bCPU9suPUw9,1_1,106,closet door,0,0,0,0.0
00847-bCPU9suPUw9,1_1,107,cloth,0,0,0,0.0
00847-bCPU9suPUw9,1_1,108,cloth holder,0,0,0,0.0
00847-bCPU9suPUw9,1_1,109,clothes,0,0,0,0.0
00847-bCPU9suPUw9,1_1,110,clothes container,0,0,0,0.0
00847-bCPU9suPUw9,1_1,111,clothes dryer,0,0,0,0.0
00847-bCPU9suPUw9,1_1,112,clothes rack,0,0,0,0.0
00847-bCPU9suPUw9,1_1,113,clutter,0,0,0,0.0
00847-bCPU9suPUw9,1_1,114,coaster,0,0,0,0.0
00847-bCPU9suPUw9,1_1,115,coffee maker,0,0,0,0.0
00847-bCPU9suPUw9,1_1,116,coffee table,0,0,0,0.0
00847-bCPU9suPUw9,1_1,117,compressor,0,0,0,0.0
00847-bCPU9suPUw9,1_1,118,computer,0,0,0,0.0
00847-bCPU9suPUw9,1_1,119,computer equipment,0,0,0,0.0
00847-bCPU9suPUw9,1_1,120,cone,0,0,0,0.0
00847-bCPU9suPUw9,1_1,121,construction stuff,0,0,0,0.0
00847-bCPU9suPUw9,1_1,122,container,0,0,0,0.0
00847-bCPU9suPUw9,1_1,123,controller,0,0,0,0.0
00847-bCPU9suPUw9,1_1,124,cosmetics,0,0,0,0.0
00847-bCPU9suPUw9,1_1,125,counter door,0,0,0,0.0
00847-bCPU9suPUw9,1_1,126,countertop,0,0,0,0.0
00847-bCPU9suPUw9,1_1,127,countertop item,0,0,0,0.0
00847-bCPU9suPUw9,1_1,128,cover,0,0,0,0.0
00847-bCPU9suPUw9,1_1,129,cross,0,0,0,0.0
00847-bCPU9suPUw9,1_1,130,crutches,0,0,0,0.0
00847-bCPU9suPUw9,1_1,131,cup,0,0,0,0.0
00847-bCPU9suPUw9,1_1,132,curb,0,0,0,0.0
00847-bCPU9suPUw9,1_1,133,curtain,0,1,0,0.0
00847-bCPU9suPUw9,1_1,134,cushion,0,0,0,0.0
00847-bCPU9suPUw9,1_1,135,cutlery,0,0,0,0.0
00847-bCPU9suPUw9,1_1,136,cyp,0,0,0,0.0
00847-bCPU9suPUw9,1_1,137,dartboard,0,0,0,0.0
00847-bCPU9suPUw9,1_1,138,decoder,0,0,0,0.0
00847-bCPU9suPUw9,1_1,139,decoration,0,1,0,0.0
00847-bCPU9suPUw9,1_1,140,dehumidifier,0,0,0,0.0
00847-bCPU9suPUw9,1_1,141,den,0,0,0,0.0
00847-bCPU9suPUw9,1_1,142,desk,1,1,1,0.0
00847-bCPU9suPUw9,1_1,143,desk door,0,0,0,0.0
00847-bCPU9suPUw9,1_1,144,dinnerware,0,0,0,0.0
00847-bCPU9suPUw9,1_1,145,diploma,0,0,0,0.0
00847-bCPU9suPUw9,1_1,146,dirt ground,0,0,0,0.0
00847-bCPU9suPUw9,1_1,147,dish rack,0,0,0,0.0
00847-bCPU9suPUw9,1_1,148,dishwasher,0,0,0,0.0
00847-bCPU9suPUw9,1_1,149,dispenser,0,0,0,0.0
00847-bCPU9suPUw9,1_1,150,display case,0,0,0,0.0
00847-bCPU9suPUw9,1_1,151,document,0,0,0,0.0
00847-bCPU9suPUw9,1_1,152,document holder,0,0,0,0.0
00847-bCPU9suPUw9,1_1,153,dog leash,0,0,0,0.0
00847-bCPU9suPUw9,1_1,154,dog toy,0,0,0,0.0
00847-bCPU9suPUw9,1_1,155,doily,0,0,0,0.0
00847-bCPU9suPUw9,1_1,156,doll,0,0,0,0.0
00847-bCPU9suPUw9,1_1,157,door screen,0,0,0,0.0
00847-bCPU9suPUw9,1_1,158,drawer,0,1,0,2.3712269471287684e-06
00847-bCPU9suPUw9,1_1,159,drawer cart,0,0,0,0.0
00847-bCPU9suPUw9,1_1,160,dressing table,0,0,0,0.0
00847-bCPU9suPUw9,1_1,161,drill,0,0,0,0.0
00847-bCPU9suPUw9,1_1,162,drum,0,0,0,0.0
00847-bCPU9suPUw9,1_1,163,dustpan,0,0,0,0.0
00847-bCPU9suPUw9,1_1,164,dvd,0,0,0,0.0
00847-bCPU9suPUw9,1_1,165,easel,0,0,0,0.0
00847-bCPU9suPUw9,1_1,166,electric hub,0,0,0,0.0
00847-bCPU9suPUw9,1_1,167,electric wire casing,0,0,0,0.0
00847-bCPU9suPUw9,1_1,168,electrical box,0,0,0,0.0
00847-bCPU9suPUw9,1_1,169,electrical device,0,1,0,0.0
00847-bCPU9suPUw9,1_1,170,electrical installation,0,0,0,0.0
00847-bCPU9suPUw9,1_1,171,elevator,0,0,0,0.0
00847-bCPU9suPUw9,1_1,172,exercise ball,0,0,0,0.0
00847-bCPU9suPUw9,1_1,173,exercise bike,0,0,0,0.0
00847-bCPU9suPUw9,1_1,174,exercise equipment,0,0,0,0.0
00847-bCPU9suPUw9,1_1,175,exercise ladder,0,0,0,0.0
00847-bCPU9suPUw9,1_1,176,exercise mat,0,0,0,0.0
00847-bCPU9suPUw9,1_1,177,exhibition panel,0,0,0,0.0
00847-bCPU9suPUw9,1_1,178,extractor hood,0,0,0,0.0
00847-bCPU9suPUw9,1_1,179,eyeglasses,0,0,0,0.0
00847-bCPU9suPUw9,1_1,180,fan,0,0,0,0.0
00847-bCPU9suPUw9,1_1,181,faucet,0,1,0,0.0
00847-bCPU9suPUw9,1_1,182,fire extinguisher,0,0,0,0.0
00847-bCPU9suPUw9,1_1,183,fireplace,0,0,0,0.0
00847-bCPU9suPUw9,1_1,184,fireplace tool set,0,0,0,0.0
00847-bCPU9suPUw9,1_1,185,firewood,0,0,0,0.0
00847-bCPU9suPUw9,1_1,186,fishing rod,0,0,0,0.0
00847-bCPU9suPUw9,1_1,187,flag,0,0,0,0.0
00847-bCPU9suPUw9,1_1,188,flashlight,0,0,0,0.0
00847-bCPU9suPUw9,1_1,189,floor stand,0,0,0,0.0
00847-bCPU9suPUw9,1_1,190,flower stand,0,0,0,0.0
00847-bCPU9suPUw9,1_1,191,flowerbed,0,0,0,0.0
00847-bCPU9suPUw9,1_1,192,flush,0,0,0,0.0
00847-bCPU9suPUw9,1_1,193,flush button,0,0,0,0.0
00847-bCPU9suPUw9,1_1,194,flush push,0,0,0,0.0
00847-bCPU9suPUw9,1_1,195,foam,0,0,0,0.1493331592086795
00847-bCPU9suPUw9,1_1,196,folding stand,0,0,0,0.0
00847-bCPU9suPUw9,1_1,197,food,0,0,0,0.0
00847-bCPU9suPUw9,1_1,198,food processor,0,0,0,0.0
00847-bCPU9suPUw9,1_1,199,food stand,0,0,0,0.0
00847-bCPU9suPUw9,1_1,200,foosball table,0,0,0,0.0
00847-bCPU9suPUw9,1_1,201,foot spa,0,0,0,0.0
00847-bCPU9suPUw9,1_1,202,football,0,0,0,0.0
00847-bCPU9suPUw9,1_1,203,footstool,0,1,0,0.0
00847-bCPU9suPUw9,1_1,204,frame,0,0,0,0.0
00847-bCPU9suPUw9,1_1,205,fruit,0,0,0,0.0
00847-bCPU9suPUw9,1_1,206,fume cupboard,0,0,0,0.0
00847-bCPU9suPUw9,1_1,207,fur,0,0,0,0.0
00847-bCPU9suPUw9,1_1,208,furnace,0,0,0,0.0
00847-bCPU9suPUw9,1_1,209,furniture,0,0,0,0.0
00847-bCPU9suPUw9,1_1,210,game,0,0,0,0.0
00847-bCPU9suPUw9,1_1,211,game console,0,0,0,0.0
00847-bCPU9suPUw9,1_1,212,gap,0,0,0,0.0
00847-bCPU9suPUw9,1_1,213,garage door motor,0,0,0,0.0
00847-bCPU9suPUw9,1_1,214,garage door opener,0,0,0,0.0
00847-bCPU9suPUw9,1_1,215,garage door opener railing,0,0,0,0.0
00847-bCPU9suPUw9,1_1,216,gas box,0,0,0,0.0
00847-bCPU9suPUw9,1_1,217,gas container,0,0,0,0.0
00847-bCPU9suPUw9,1_1,218,gas meter,0,0,0,0.0
00847-bCPU9suPUw9,1_1,219,gauge,0,0,0,0.0
00847-bCPU9suPUw9,1_1,220,gift,0,0,0,0.0
00847-bCPU9suPUw9,1_1,221,glass,0,0,0,0.8780305851433181
00847-bCPU9suPUw9,1_1,222,glasses,0,0,0,0.0
00847-bCPU9suPUw9,1_1,223,globe,0,0,0,0.0
00847-bCPU9suPUw9,1_1,224,globe stand,0,0,0,0.0
00847-bCPU9suPUw9,1_1,225,gloves,0,0,0,0.0
00847-bCPU9suPUw9,1_1,226,glue,0,0,0,0.0
00847-bCPU9suPUw9,1_1,227,goalpost,0,0,0,0.0
00847-bCPU9suPUw9,1_1,228,golf sticks,0,0,0,0.0
00847-bCPU9suPUw9,1_1,229,grab bar,0,0,0,0.0
00847-bCPU9suPUw9,1_1,230,grass,0,0,0,0.0
00847-bCPU9suPUw9,1_1,231,grate,0,0,0,0.0
00847-bCPU9suPUw9,1_1,232,gravel,0,0,0,0.0
00847-bCPU9suPUw9,1_1,233,groceries,0,0,0,0.0
00847-bCPU9suPUw9,1_1,234,guitar,0,0,0,0.0
00847-bCPU9suPUw9,1_1,235,gun,0,0,0,0.0
00847-bCPU9suPUw9,1_1,236,gym rope,0,0,0,0.0
00847-bCPU9suPUw9,1_1,237,hair brush,0,0,0,0.0
00847-bCPU9suPUw9,1_1,238,hair dryer,0,0,0,0.0
00847-bCPU9suPUw9,1_1,239,hammer,0,0,0,0.0
00847-bCPU9suPUw9,1_1,240,hammock,0,0,0,0.0
00847-bCPU9suPUw9,1_1,241,hand dryer,0,0,0,0.0
00847-bCPU9suPUw9,1_1,242,handcart,0,0,0,0.0
00847-bCPU9suPUw9,1_1,243,handkerchiefs,0,0,0,0.0
00847-bCPU9suPUw9,1_1,244,handle,0,1,0,0.6513654759240746
00847-bCPU9suPUw9,1_1,245,hanger,0,1,0,0.0
00847-bCPU9suPUw9,1_1,246,hat,0,0,0,0.0
00847-bCPU9suPUw9,1_1,247,hatch,0,0,0,0.0
00847-bCPU9suPUw9,1_1,248,headboard,0,0,0,0.0
00847-bCPU9suPUw9,1_1,249,headphones,0,0,0,0.0
00847-bCPU9suPUw9,1_1,250,heater,0,0,0,0.0
00847-bCPU9suPUw9,1_1,251,heater piping,0,0,0,0.0
00847-bCPU9suPUw9,1_1,252,holder,0,0,0,0.0
00847-bCPU9suPUw9,1_1,253,holy cross,0,0,0,0.0
00847-bCPU9suPUw9,1_1,254,hook,0,0,0,0.0
00847-bCPU9suPUw9,1_1,255,hose,0,0,0,0.0
00847-bCPU9suPUw9,1_1,256,hourglass,0,0,0,0.0
00847-bCPU9suPUw9,1_1,257,hoverboard,0,0,0,0.0
00847-bCPU9suPUw9,1_1,258,ice maker,0,0,0,0.0
00847-bCPU9suPUw9,1_1,259,information,0,0,0,0.0
00847-bCPU9suPUw9,1_1,260,installation,0,0,0,0.0
00847-bCPU9suPUw9,1_1,261,instrument,0,0,0,0.0
00847-bCPU9suPUw9,1_1,262,iron,0,0,0,0.0
00847-bCPU9suPUw9,1_1,263,ironing board,0,0,0,0.0
00847-bCPU9suPUw9,1_1,264,jewelry,0,0,0,0.0
00847-bCPU9suPUw9,1_1,265,jug,0,0,0,0.0
00847-bCPU9suPUw9,1_1,266,keg,0,0,0,0.0
00847-bCPU9suPUw9,1_1,267,kettle,0,0,0,0.0
00847-bCPU9suPUw9,1_1,268,keys,0,0,0,0.0
00847-bCPU9suPUw9,1_1,269,kitchen appliance,0,1,0,0.0
00847-bCPU9suPUw9,1_1,270,kitchen handle,0,0,0,0.0
00847-bCPU9suPUw9,1_1,271,kitchen island,0,0,0,0.0
00847-bCPU9suPUw9,1_1,272,kitchen utensil,0,0,0,0.0
00847-bCPU9suPUw9,1_1,273,knife,0,0,0,0.0
00847-bCPU9suPUw9,1_1,274,knob,0,0,0,0.0
00847-bCPU9suPUw9,1_1,275,lace doily,0,0,0,0.0
00847-bCPU9suPUw9,1_1,276,ladder,0,0,0,0.0
00847-bCPU9suPUw9,1_1,277,landing,0,0,0,0.0
00847-bCPU9suPUw9,1_1,278,laundry,0,1,0,0.0
00847-bCPU9suPUw9,1_1,279,lawn mower,0,0,0,0.0
00847-bCPU9suPUw9,1_1,280,level,0,0,0,0.0
00847-bCPU9suPUw9,1_1,281,lid,0,0,0,0.0
00847-bCPU9suPUw9,1_1,282,light,1,1,1,0.0
00847-bCPU9suPUw9,1_1,283,lighter,0,0,0,0.0
00847-bCPU9suPUw9,1_1,284,liquid,0,0,0,0.0
00847-bCPU9suPUw9,1_1,285,locker,0,0,0,0.0
00847-bCPU9suPUw9,1_1,286,machine,0,0,0,0.0
00847-bCPU9suPUw9,1_1,287,mailbox,0,0,0,0.0
00847-bCPU9suPUw9,1_1,288,mannequin,0,0,0,0.0
00847-bCPU9suPUw9,1_1,289,map,0,0,0,0.0
00847-bCPU9suPUw9,1_1,290,mascot,0,0,0,0.0
00847-bCPU9suPUw9,1_1,291,massage bed,0,0,0,0.0
00847-bCPU9suPUw9,1_1,292,material,0,0,0,0.0
00847-bCPU9suPUw9,1_1,293,measuring tape,0,0,0,0.0
00847-bCPU9suPUw9,1_1,294,medical lamp,0,0,0,0.0
00847-bCPU9suPUw9,1_1,295,medical object,0,0,0,0.0
00847-bCPU9suPUw9,1_1,296,menu,0,0,0,0.0
00847-bCPU9suPUw9,1_1,297,meshwork,0,0,0,0.0
00847-bCPU9suPUw9,1_1,298,meter,0,0,0,0.0
00847-bCPU9suPUw9,1_1,299,microphone,0,0,0,0.0
00847-bCPU9suPUw9,1_1,300,microphone accessory,0,0,0,0.0
00847-bCPU9suPUw9,1_1,301,microwave,0,0,0,0.0
00847-bCPU9suPUw9,1_1,302,mirror,0,1,0,0.0
00847-bCPU9suPUw9,1_1,303,model,0,0,0,0.0
00847-bCPU9suPUw9,1_1,304,modem,0,0,0,0.0
00847-bCPU9suPUw9,1_1,305,mop,0,0,0,0.0
00847-bCPU9suPUw9,1_1,306,mortar,0,0,0,0.0
00847-bCPU9suPUw9,1_1,307,motorcycle,0,0,0,0.0
00847-bCPU9suPUw9,1_1,308,music equipment,0,0,0,0.0
00847-bCPU9suPUw9,1_1,309,napkin,0,0,0,0.0
00847-bCPU9suPUw9,1_1,310,nightstand,0,0,0,0.0
00847-bCPU9suPUw9,1_1,311,oar,0,0,0,0.0
00847-bCPU9suPUw9,1_1,312,object,0,0,0,0.0
00847-bCPU9suPUw9,1_1,313,objects,0,0,0,0.0
00847-bCPU9suPUw9,1_1,314,outlet,0,0,0,0.0
00847-bCPU9suPUw9,1_1,315,oven,0,1,0,0.0
00847-bCPU9suPUw9,1_1,316,overhang,0,0,0,0.0
00847-bCPU9suPUw9,1_1,317,pad,0,0,0,0.0
00847-bCPU9suPUw9,1_1,318,painting stuff,0,0,0,0.0
00847-bCPU9suPUw9,1_1,319,pan,0,0,0,0.0
00847-bCPU9suPUw9,1_1,320,panel,0,0,0,0.0
00847-bCPU9suPUw9,1_1,321,pantry,0,0,0,0.0
00847-bCPU9suPUw9,1_1,322,paper holder,0,0,0,0.0
00847-bCPU9suPUw9,1_1,323,paper storage,0,0,0,0.0
00847-bCPU9suPUw9,1_1,324,paper towel,0,1,0,0.0
00847-bCPU9suPUw9,1_1,325,parapet,0,0,0,0.0
00847-bCPU9suPUw9,1_1,326,partial,0,0,0,0.0
00847-bCPU9suPUw9,1_1,327,pavement,0,0,0,0.0
00847-bCPU9suPUw9,1_1,328,pedestal,0,0,0,0.0
00847-bCPU9suPUw9,1_1,329,pen,0,0,0,0.0
00847-bCPU9suPUw9,1_1,330,pendant,0,0,0,0.0
00847-bCPU9suPUw9,1_1,331,pet bed,0,0,0,0.0
00847-bCPU9suPUw9,1_1,332,pet bowl,0,0,0,0.0
00847-bCPU9suPUw9,1_1,333,phone,0,0,0,0.0
00847-bCPU9suPUw9,1_1,334,photo mount,0,0,0,0.0
00847-bCPU9suPUw9,1_1,335,photo stand,0,0,0,0.0
00847-bCPU9suPUw9,1_1,336,piano,0,0,0,0.0
00847-bCPU9suPUw9,1_1,337,pillow,0,1,0,0.0
00847-bCPU9suPUw9,1_1,338,pitchfork,0,0,0,0.0
00847-bCPU9suPUw9,1_1,339,place mat,0,0,0,0.0
00847-bCPU9suPUw9,1_1,340,plane,0,0,0,0.0
00847-bCPU9suPUw9,1_1,341,plank,0,0,0,0.0
00847-bCPU9suPUw9,1_1,342,plant,0,1,0,0.0
00847-bCPU9suPUw9,1_1,343,plant ornament,0,0,0,0.0
00847-bCPU9suPUw9,1_1,344,platform,0,0,0,0.0
00847-bCPU9suPUw9,1_1,345,playpen,0,0,0,0.0
00847-bCPU9suPUw9,1_1,346,plenum box,0,0,0,0.0
00847-bCPU9suPUw9,1_1,347,pliers,0,0,0,0.0
00847-bCPU9suPUw9,1_1,348,plumbing,0,0,0,0.0
00847-bCPU9suPUw9,1_1,349,plunger,0,0,0,0.0
00847-bCPU9suPUw9,1_1,350,podium,0,0,0,0.0
00847-bCPU9suPUw9,1_1,351,pole,0,0,0,0.0
00847-bCPU9suPUw9,1_1,352,pool,0,0,0,0.0
00847-bCPU9suPUw9,1_1,353,pool table,0,0,0,0.0
00847-bCPU9suPUw9,1_1,354,porcelain,0,0,0,0.0
00847-bCPU9suPUw9,1_1,355,poster,0,0,0,0.0
00847-bCPU9suPUw9,1_1,356,pot,0,0,0,0.0
00847-bCPU9suPUw9,1_1,357,pot lid,0,0,0,0.0
00847-bCPU9suPUw9,1_1,358,pouches,0,0,0,0.0
00847-bCPU9suPUw9,1_1,359,press,0,0,0,0.0
00847-bCPU9suPUw9,1_1,360,pressure washer,0,0,0,0.0
00847-bCPU9suPUw9,1_1,361,printer,0,0,0,0.0
00847-bCPU9suPUw9,1_1,362,product,0,0,0,0.0
00847-bCPU9suPUw9,1_1,363,products,0,0,0,0.0
00847-bCPU9suPUw9,1_1,364,prop,0,0,0,0.0
00847-bCPU9suPUw9,1_1,365,pump,0,0,0,0.0
00847-bCPU9suPUw9,1_1,366,punchbag,0,0,0,0.0
00847-bCPU9suPUw9,1_1,367,puppet,0,0,0,0.0
00847-bCPU9suPUw9,1_1,368,rag,0,0,0,0.0
00847-bCPU9suPUw9,1_1,369,rail,0,0,0,0.5034387224983191
00847-bCPU9suPUw9,1_1,370,rake,0,0,0,0.0
00847-bCPU9suPUw9,1_1,371,receipt printer,0,0,0,0.0
00847-bCPU9suPUw9,1_1,372,records,0,0,0,0.0
00847-bCPU9suPUw9,1_1,373,recuperator,0,0,0,0.0
00847-bCPU9suPUw9,1_1,374,refrigerator,0,1,0,0.0
00847-bCPU9suPUw9,1_1,375,remote control,0,0,0,0.0
00847-bCPU9suPUw9,1_1,376,rice cooker,0,0,0,0.0
00847-bCPU9suPUw9,1_1,377,riser,0,0,0,0.0
00847-bCPU9suPUw9,1_1,378,rocking horse,0,0,0,0.0
00847-bCPU9suPUw9,1_1,379,rod,0,0,0,0.505990949451377
00847-bCPU9suPUw9,1_1,380,roll,0,0,0,0.0
00847-bCPU9suPUw9,1_1,381,rope,0,0,0,0.0
00847-bCPU9suPUw9,1_1,382,router,0,0,0,0.0
00847-bCPU9suPUw9,1_1,383,rug,0,1,0,0.0
00847-bCPU9suPUw9,1_1,384,safe,0,0,0,0.0
00847-bCPU9suPUw9,1_1,385,saturator,0,0,0,0.0
00847-bCPU9suPUw9,1_1,386,sauna,0,0,0,0.0
00847-bCPU9suPUw9,1_1,387,saw,0,0,0,0.0
00847-bCPU9suPUw9,1_1,388,saxophone,0,0,0,0.0
00847-bCPU9suPUw9,1_1,389,scale,0,0,0,0.0
00847-bCPU9suPUw9,1_1,390,scanner,0,0,0,0.0
00847-bCPU9suPUw9,1_1,391,screen,0,0,0,0.8915657934482933
00847-bCPU9suPUw9,1_1,392,screen frame,0,0,0,0.0
00847-bCPU9suPUw9,1_1,393,screwdriver,0,0,0,0.0
00847-bCPU9suPUw9,1_1,394,sculpture,0,0,0,0.0
00847-bCPU9suPUw9,1_1,395,security camera,0,0,0,0.0
00847-bCPU9suPUw9,1_1,396,self-closing mechanism,0,0,0,0.0
00847-bCPU9suPUw9,1_1,397,sensor,0,1,0,0.0
00847-bCPU9suPUw9,1_1,398,separator,0,0,0,0.0
00847-bCPU9suPUw9,1_1,399,set of valves,0,0,0,0.0
00847-bCPU9suPUw9,1_1,400,sewing machine,0,0,0,0.0
00847-bCPU9suPUw9,1_1,401,sewing tools,0,0,0,0.0
00847-bCPU9suPUw9,1_1,402,shampoo,0,0,0,0.0
00847-bCPU9suPUw9,1_1,403,sheet music,0,0,0,0.0
00847-bCPU9suPUw9,1_1,404,sheets / clothes,0,0,0,0.0
00847-bCPU9suPUw9,1_1,405,shelf,0,1,0,0.0
00847-bCPU9suPUw9,1_1,406,ship toy,0,0,0,0.0
00847-bCPU9suPUw9,1_1,407,shisha,0,0,0,0.0
00847-bCPU9suPUw9,1_1,408,shoe,0,0,0,0.0
00847-bCPU9suPUw9,1_1,409,shoe rack,0,0,0,0.0
00847-bCPU9suPUw9,1_1,410,shoehorn,0,0,0,0.0
00847-bCPU9suPUw9,1_1,411,shovel,0,0,0,0.0
00847-bCPU9suPUw9,1_1,412,shower,0,1,0,0.0
00847-bCPU9suPUw9,1_1,413,shower seat,0,0,0,0.0
00847-bCPU9suPUw9,1_1,414,shredder,0,0,0,0.0
00847-bCPU9suPUw9,1_1,415,side table,0,0,0,0.0
00847-bCPU9suPUw9,1_1,416,sideboard,0,0,0,0.0
00847-bCPU9suPUw9,1_1,417,sign,0,0,0,0.0
00847-bCPU9suPUw9,1_1,418,silicone gun,0,0,0,0.0
00847-bCPU9suPUw9,1_1,419,silicone tube,0,0,0,0.0
00847-bCPU9suPUw9,1_1,420,sink,0,1,0,0.0
00847-bCPU9suPUw9,1_1,421,skateboard,0,0,0,0.0
00847-bCPU9suPUw9,1_1,422,skates,0,0,0,0.0
00847-bCPU9suPUw9,1_1,423,ski,0,0,0,0.0
00847-bCPU9suPUw9,1_1,424,sky,0,0,0,0.0
00847-bCPU9suPUw9,1_1,425,sled,0,0,0,0.0
00847-bCPU9suPUw9,1_1,426,sleeping bag,0,0,0,0.0
00847-bCPU9suPUw9,1_1,427,smoke detector,0,0,0,0.0
00847-bCPU9suPUw9,1_1,428,snack,0,0,0,0.0
00847-bCPU9suPUw9,1_1,429,soap,0,0,0,0.0
00847-bCPU9suPUw9,1_1,430,socks,0,0,0,0.0
00847-bCPU9suPUw9,1_1,431,sofa,0,1,0,0.0
00847-bCPU9suPUw9,1_1,432,solarium,0,0,0,0.0
00847-bCPU9suPUw9,1_1,433,speaker,0,0,0,0.0
00847-bCPU9suPUw9,1_1,434,speaker stand,0,0,0,0.0
00847-bCPU9suPUw9,1_1,435,spices,0,0,0,0.0
00847-bCPU9suPUw9,1_1,436,sponge,0,0,0,0.0
00847-bCPU9suPUw9,1_1,437,spray can,0,0,0,0.0
00847-bCPU9suPUw9,1_1,438,sprinkler,0,0,0,0.0
00847-bCPU9suPUw9,1_1,439,square,0,0,0,0.0
00847-bCPU9suPUw9,1_1,440,stack,0,0,0,0.0
00847-bCPU9suPUw9,1_1,441,stack of books / papers,0,0,0,0.0
00847-bCPU9suPUw9,1_1,442,stack of stuff,0,0,0,0.0
00847-bCPU9suPUw9,1_1,443,stack of yarns,0,0,0,0.0
00847-bCPU9suPUw9,1_1,444,stage,0,0,0,0.0
00847-bCPU9suPUw9,1_1,445,stained glass,0,0,0,0.0
00847-bCPU9suPUw9,1_1,446,stand,0,0,0,0.0
00847-bCPU9suPUw9,1_1,447,star,0,0,0,0.0
00847-bCPU9suPUw9,1_1,448,stationery,0,0,0,0.0
00847-bCPU9suPUw9,1_1,449,steel plate,0,0,0,0.0
00847-bCPU9suPUw9,1_1,450,step stool,0,0,0,0.0
00847-bCPU9suPUw9,1_1,451,stick,0,0,0,0.0001970087666856024
00847-bCPU9suPUw9,1_1,452,stone,0,0,0,0.0
00847-bCPU9suPUw9,1_1,453,stonework,0,0,0,0.0
00847-bCPU9suPUw9,1_1,454,stool,0,0,0,0.0
00847-bCPU9suPUw9,1_1,455,storage,0,0,0,0.0
00847-bCPU9suPUw9,1_1,456,strings,0,0,0,0.0
00847-bCPU9suPUw9,1_1,457,stroke,0,0,0,0.0
00847-bCPU9suPUw9,1_1,458,sunbed,0,0,0,0.0
00847-bCPU9suPUw9,1_1,459,support,0,0,0,0.0
00847-bCPU9suPUw9,1_1,460,surface,0,0,0,0.0
00847-bCPU9suPUw9,1_1,461,surfboard,0,0,0,0.0
00847-bCPU9suPUw9,1_1,462,swing,0,0,0,0.0
00847-bCPU9suPUw9,1_1,463,switch,0,0,0,0.0
00847-bCPU9suPUw9,1_1,464,table,0,1,0,0.0
00847-bCPU9suPUw9,1_1,465,table cloth,0,0,0,0.0
00847-bCPU9suPUw9,1_1,466,table pad,0,0,0,0.0
00847-bCPU9suPUw9,1_1,467,table stand,0,0,0,0.0
00847-bCPU9suPUw9,1_1,468,table tennis table,0,0,0,0.0
00847-bCPU9suPUw9,1_1,469,tablet,0,0,0,0.0
00847-bCPU9suPUw9,1_1,470,tambourine,0,0,0,0.0
00847-bCPU9suPUw9,1_1,471,tea set,0,0,0,0.0
00847-bCPU9suPUw9,1_1,472,telescope,0,0,0,0.0
00847-bCPU9suPUw9,1_1,473,tennis racket,0,0,0,0.0
00847-bCPU9suPUw9,1_1,474,tent,0,0,0,0.0
00847-bCPU9suPUw9,1_1,475,thermometer,0,0,0,0.0
00847-bCPU9suPUw9,1_1,476,thermostat,0,0,0,0.0
00847-bCPU9suPUw9,1_1,477,three,0,0,0,0.0
00847-bCPU9suPUw9,1_1,478,tile,0,0,0,0.0
00847-bCPU9suPUw9,1_1,479,tire,0,0,0,0.0
00847-bCPU9suPUw9,1_1,480,tissue,0,0,0,0.0
00847-bCPU9suPUw9,1_1,481,title,0,0,0,0.0
00847-bCPU9suPUw9,1_1,482,toaster,0,0,0,0.0
00847-bCPU9suPUw9,1_1,483,toaster oven,0,0,0,0.0
00847-bCPU9suPUw9,1_1,484,toilet,0,1,0,0.0
00847-bCPU9suPUw9,1_1,485,toilet brush,0,1,0,0.0
00847-bCPU9suPUw9,1_1,486,toilet cleaner,0,0,0,0.0
00847-bCPU9suPUw9,1_1,487,toilet paper,0,1,0,0.0
00847-bCPU9suPUw9,1_1,488,toiletry,0,0,0,0.0
00847-bCPU9suPUw9,1_1,489,tool,0,0,0,0.0
00847-bCPU9suPUw9,1_1,490,tool rack,0,0,0,0.0
00847-bCPU9suPUw9,1_1,491,toothbrush,0,0,0,0.0
00847-bCPU9suPUw9,1_1,492,toothpaste,0,0,0,0.0
00847-bCPU9suPUw9,1_1,493,towel,0,1,0,0.0
00847-bCPU9suPUw9,1_1,494,towel bar,0,1,0,0.0
00847-bCPU9suPUw9,1_1,495,toy,0,0,0,0.0
00847-bCPU9suPUw9,1_1,496,traffic cone,0,0,0,0.0
00847-bCPU9suPUw9,1_1,497,trampoline,0,0,0,0.0
00847-bCPU9suPUw9,1_1,498,trash bag,0,0,0,0.0
00847-bCPU9suPUw9,1_1,499,tray,0,0,0,0.0
00847-bCPU9suPUw9,1_1,500,treadmill,0,0,0,0.0
00847-bCPU9suPUw9,1_1,501,tree,0,0,0,0.0
00847-bCPU9suPUw9,1_1,502,tree branch,0,0,0,0.0
00847-bCPU9suPUw9,1_1,503,trimmer,0,0,0,0.0
00847-bCPU9suPUw9,1_1,504,tripod,0,0,0,0.0
00847-bCPU9suPUw9,1_1,505,trolley,0,0,0,0.0
00847-bCPU9suPUw9,1_1,506,trombone,0,0,0,0.0
00847-bCPU9suPUw9,1_1,507,trophy,0,0,0,0.0
00847-bCPU9suPUw9,1_1,508,trough,0,0,0,0.0
00847-bCPU9suPUw9,1_1,509,trumpet,0,0,0,0.0
00847-bCPU9suPUw9,1_1,510,tv,1,1,1,6.382006816429975e-05
00847-bCPU9suPUw9,1_1,511,tv stand,0,0,0,0.0
00847-bCPU9suPUw9,1_1,512,typewriter,0,0,0,0.0
00847-bCPU9suPUw9,1_1,513,ukulele,0,0,0,0.0
00847-bCPU9suPUw9,1_1,514,umbrella,0,0,0,0.0
00847-bCPU9suPUw9,1_1,515,umbrella stand,0,0,0,0.0
00847-bCPU9suPUw9,1_1,516,unknown,0,1,0,0.0
00847-bCPU9suPUw9,1_1,517,vacuum cleaner,0,0,0,0.0
00847-bCPU9suPUw9,1_1,518,vanity,0,0,0,0.0
00847-bCPU9suPUw9,1_1,519,vase,0,0,0,0.0
00847-bCPU9suPUw9,1_1,520,vegetables,0,0,0,0.0
00847-bCPU9suPUw9,1_1,521,vessel,0,0,0,0.0
00847-bCPU9suPUw9,1_1,522,vinyl records,0,0,0,0.0
00847-bCPU9suPUw9,1_1,523,violin,0,0,0,0.0
00847-bCPU9suPUw9,1_1,524,violin case,0,0,0,0.0
00847-bCPU9suPUw9,1_1,525,waffle iron,0,0,0,0.0
00847-bCPU9suPUw9,1_1,526,wardrobe,0,0,0,0.0
00847-bCPU9suPUw9,1_1,527,washing machine,0,1,0,0.0
00847-bCPU9suPUw9,1_1,528,washing powder,0,0,0,0.0
00847-bCPU9suPUw9,1_1,529,washing stuff,0,0,0,0.0
00847-bCPU9suPUw9,1_1,530,watch,0,0,0,0.0
00847-bCPU9suPUw9,1_1,531,water dispenser,0,0,0,0.0
00847-bCPU9suPUw9,1_1,532,water heater,0,0,0,0.0
00847-bCPU9suPUw9,1_1,533,water meter,0,0,0,0.0
00847-bCPU9suPUw9,1_1,534,water pump,0,0,0,0.0
00847-bCPU9suPUw9,1_1,535,water tank,0,0,0,0.0
00847-bCPU9suPUw9,1_1,536,watering can,0,0,0,0.0
00847-bCPU9suPUw9,1_1,537,weight,0,0,0,0.0
00847-bCPU9suPUw9,1_1,538,weight bench,0,0,0,0.0
00847-bCPU9suPUw9,1_1,539,weights,0,0,0,0.0
00847-bCPU9suPUw9,1_1,540,wheel,0,0,0,0.0
00847-bCPU9suPUw9,1_1,541,wheelbarrow,0,0,0,0.0
00847-bCPU9suPUw9,1_1,542,window shade,0,1,0,0.5594097799395231
00847-bCPU9suPUw9,1_1,543,wine,0,0,0,0.0
00847-bCPU9suPUw9,1_1,544,wine storage,0,0,0,0.0
00847-bCPU9suPUw9,1_1,545,wood,0,0,0,0.9999990800041455
00847-bCPU9suPUw9,1_1,546,wrench,0,0,0,0.0
00847-bCPU9suPUw9,1_2,0,acoustic panel,0,0,0,0.0
00847-bCPU9suPUw9,1_2,1,air conditioner,0,0,0,0.0
00847-bCPU9suPUw9,1_2,2,air freshener,0,0,0,0.0
00847-bCPU9suPUw9,1_2,3,air hockey,0,0,0,0.0
00847-bCPU9suPUw9,1_2,4,air purifier,0,0,0,0.0
00847-bCPU9suPUw9,1_2,5,aisle frame,0,0,0,0.0
00847-bCPU9suPUw9,1_2,6,alarm,0,0,0,0.0
00847-bCPU9suPUw9,1_2,7,album,0,0,0,0.0
00847-bCPU9suPUw9,1_2,8,amplifier,0,0,0,0.0
00847-bCPU9suPUw9,1_2,9,appliance,0,0,0,0.0
00847-bCPU9suPUw9,1_2,10,apron,0,0,0,0.0
00847-bCPU9suPUw9,1_2,11,aquarium,0,0,0,0.0
00847-bCPU9suPUw9,1_2,12,arcade game,0,0,0,0.0
00847-bCPU9suPUw9,1_2,13,artwork,0,1,0,0.0
00847-bCPU9suPUw9,1_2,14,ashtray,0,0,0,0.0
00847-bCPU9suPUw9,1_2,15,audio player,0,0,0,0.0
00847-bCPU9suPUw9,1_2,16,axe,0,0,0,0.0
00847-bCPU9suPUw9,1_2,17,baby changing table,0,0,0,0.0
00847-bCPU9suPUw9,1_2,18,backrest,0,0,0,0.0
00847-bCPU9suPUw9,1_2,19,backsplash,0,0,0,0.0
00847-bCPU9suPUw9,1_2,20,bag,0,0,0,0.0
00847-bCPU9suPUw9,1_2,21,ball,0,0,0,0.0
00847-bCPU9suPUw9,1_2,22,ball pool,0,0,0,0.0
00847-bCPU9suPUw9,1_2,23,bar,0,0,0,0.0
00847-bCPU9suPUw9,1_2,24,barbecue,0,0,0,0.0
00847-bCPU9suPUw9,1_2,25,barrel,0,0,0,0.0
00847-bCPU9suPUw9,1_2,26,base,0,0,0,0.0
00847-bCPU9suPUw9,1_2,27,baseball bat,0,0,0,0.0
00847-bCPU9suPUw9,1_2,28,basket,0,0,0,0.0
00847-bCPU9suPUw9,1_2,29,basketball hoop,0,0,0,0.0
00847-bCPU9suPUw9,1_2,30,basketballs,0,0,0,0.0
00847-bCPU9suPUw9,1_2,31,bathroom accessory,0,0,0,0.0
00847-bCPU9suPUw9,1_2,32,bathtub,0,1,0,0.0
00847-bCPU9suPUw9,1_2,33,bed,0,1,0,0.0
00847-bCPU9suPUw9,1_2,34,bed ladder,0,0,0,0.0
00847-bCPU9suPUw9,1_2,35,beer crate,0,0,0,0.0
00847-bCPU9suPUw9,1_2,36,bell,0,0,0,0.0
00847-bCPU9suPUw9,1_2,37,belt,0,0,0,0.0
00847-bCPU9suPUw9,1_2,38,bench,0,0,0,0.0
00847-bCPU9suPUw9,1_2,39,beverage dispenser,0,0,0,0.0
00847-bCPU9suPUw9,1_2,40,bicycle,0,0,0,0.0
00847-bCPU9suPUw9,1_2,41,bicycle helmet,0,0,0,0.0
00847-bCPU9suPUw9,1_2,42,bin,0,1,0,0.0
00847-bCPU9suPUw9,1_2,43,birdhouse,0,0,0,0.0
00847-bCPU9suPUw9,1_2,44,blanket,0,0,0,0.0
00847-bCPU9suPUw9,1_2,45,board,0,0,0,0.0
00847-bCPU9suPUw9,1_2,46,board game,0,0,0,0.0
00847-bCPU9suPUw9,1_2,47,board with keys,0,0,0,0.0
00847-bCPU9suPUw9,1_2,48,book,0,0,0,0.0
00847-bCPU9suPUw9,1_2,49,bottle,0,0,0,0.0
00847-bCPU9suPUw9,1_2,50,bottle dispenser,0,0,0,0.0
00847-bCPU9suPUw9,1_2,51,bottle opener,0,0,0,0.0
00847-bCPU9suPUw9,1_2,52,bowl,0,0,0,0.0
00847-bCPU9suPUw9,1_2,53,box,0,1,0,0.0
00847-bCPU9suPUw9,1_2,54,boxing ring,0,0,0,0.0
00847-bCPU9suPUw9,1_2,55,bread,0,0,0,0.0
00847-bCPU9suPUw9,1_2,56,bread box,0,0,0,0.0
00847-bCPU9suPUw9,1_2,57,bricks,0,0,0,0.0
00847-bCPU9suPUw9,1_2,58,bridge,0,0,0,0.0
00847-bCPU9suPUw9,1_2,59,broom,0,0,0,0.0
00847-bCPU9suPUw9,1_2,60,brush,0,0,0,0.0
00847-bCPU9suPUw9,1_2,61,bucket,0,0,0,0.0
00847-bCPU9suPUw9,1_2,62,buffet,0,0,0,0.0
00847-bCPU9suPUw9,1_2,63,button,0,0,0,0.0
00847-bCPU9suPUw9,1_2,64,cabinet,0,1,0,0.0
00847-bCPU9suPUw9,1_2,65,cable,0,0,0,0.0
00847-bCPU9suPUw9,1_2,66,cage,0,0,0,0.0
00847-bCPU9suPUw9,1_2,67,cake,0,0,0,0.0
00847-bCPU9suPUw9,1_2,68,calculator,0,0,0,0.0
00847-bCPU9suPUw9,1_2,69,calendar,0,0,0,0.0
00847-bCPU9suPUw9,1_2,70,camera,0,0,0,0.0
00847-bCPU9suPUw9,1_2,71,can,0,0,0,0.0
00847-bCPU9suPUw9,1_2,72,canal,0,0,0,0.0
00847-bCPU9suPUw9,1_2,73,candelabra,0,0,0,0.0
00847-bCPU9suPUw9,1_2,74,candle,0,0,0,0.0
00847-bCPU9suPUw9,1_2,75,candle holder,0,0,0,0.0
00847-bCPU9suPUw9,1_2,76,candle stand,0,0,0,0.0
00847-bCPU9suPUw9,1_2,77,candlestick,0,0,0,0.0
00847-bCPU9suPUw9,1_2,78,canoe,0,0,0,0.0
00847-bCPU9suPUw9,1_2,79,canopy,0,0,0,0.0
00847-bCPU9suPUw9,1_2,80,car,0,0,0,0.0
00847-bCPU9suPUw9,1_2,81,card,0,0,0,0.0
00847-bCPU9suPUw9,1_2,82,cardboard,0,0,0,0.9999990490445737
00847-bCPU9suPUw9,1_2,83,cart,0,0,0,0.0
00847-bCPU9suPUw9,1_2,84,cash register,0,0,0,0.0
00847-bCPU9suPUw9,1_2,85,casket,0,0,0,0.0
00847-bCPU9suPUw9,1_2,86,cassette,0,0,0,0.0
00847-bCPU9suPUw9,1_2,87,cat,0,0,0,0.0
00847-bCPU9suPUw9,1_2,88,cat food,0,0,0,0.0
00847-bCPU9suPUw9,1_2,89,cat litter box,0,0,0,0.0
00847-bCPU9suPUw9,1_2,90,cat tree,0,0,0,0.0
00847-bCPU9suPUw9,1_2,91,cd,0,0,0,0.0
00847-bCPU9suPUw9,1_2,92,ceiling arch,0,0,0,0.0
00847-bCPU9suPUw9,1_2,93,ceiling chassis,0,0,0,0.0
00847-bCPU9suPUw9,1_2,94,ceiling ladder,0,0,0,0.0
00847-bCPU9suPUw9,1_2,95,ceramics,0,0,0,0.0
00847-bCPU9suPUw9,1_2,96,chain,0,0,0,0.0
00847-bCPU9suPUw9,1_2,97,chair,0,1,0,0.0
00847-bCPU9suPUw9,1_2,98,chair stand,0,0,0,0.0
00847-bCPU9suPUw9,1_2,99,chassis,0,0,0,0.0
00847-bCPU9suPUw9,1_2,100,chest,0,0,0,0.0
00847-bCPU9suPUw9,1_2,101,child car seat,0,0,0,0.0
00847-bCPU9suPUw9,1_2,102,christmas tree,0,0,0,0.0
00847-bCPU9suPUw9,1_2,103,clarinet,0,0,0,0.0
00847-bCPU9suPUw9,1_2,104,cleaner,0,0,0,0.0
00847-bCPU9suPUw9,1_2,105,clock,0,1,0,0.0
00847-bCPU9suPUw9,1_2,106,closet door,0,0,0,0.9999999999999972
00847-bCPU9suPUw9,1_2,107,cloth,0,0,0,0.0
00847-bCPU9suPUw9,1_2,108,cloth holder,0,0,0,0.0
00847-bCPU9suPUw9,1_2,109,clothes,0,0,0,0.0
00847-bCPU9suPUw9,1_2,110,clothes container,0,0,0,0.0
00847-bCPU9suPUw9,1_2,111,clothes dryer,0,0,0,0.0
00847-bCPU9suPUw9,1_2,112,clothes rack,0,0,0,0.0
00847-bCPU9suPUw9,1_2,113,clutter,0,0,0,0.0
00847-bCPU9suPUw9,1_2,114,coaster,0,0,0,0.0
00847-bCPU9suPUw9,1_2,115,coffee maker,0,0,0,0.0
00847-bCPU9suPUw9,1_2,116,coffee table,0,0,0,0.0
00847-bCPU9suPUw9,1_2,117,compressor,0,0,0,0.0
00847-bCPU9suPUw9,1_2,118,computer,0,0,0,0.0
00847-bCPU9suPUw9,1_2,119,computer equipment,0,0,0,0.0
00847-bCPU9suPUw9,1_2,120,cone,0,0,0,0.0
00847-bCPU9suPUw9,1_2,121,construction stuff,0,0,0,0.0
00847-bCPU9suPUw9,1_2,122,container,0,0,0,0.0
00847-bCPU9suPUw9,1_2,123,controller,0,0,0,0.0
00847-bCPU9suPUw9,1_2,124,cosmetics,0,0,0,0.0
00847-bCPU9suPUw9,1_2,125,counter door,0,0,0,0.0
00847-bCPU9suPUw9,1_2,126,countertop,0,0,0,0.0
00847-bCPU9suPUw9,1_2,127,countertop item,0,0,0,0.0
00847-bCPU9suPUw9,1_2,128,cover,0,0,0,0.0
00847-bCPU9suPUw9,1_2,129,cross,0,0,0,0.0
00847-bCPU9suPUw9,1_2,130,crutches,0,0,0,0.0
00847-bCPU9suPUw9,1_2,131,cup,0,0,0,0.0
00847-bCPU9suPUw9,1_2,132,curb,0,0,0,0.0
00847-bCPU9suPUw9,1_2,133,curtain,0,1,0,0.0
00847-bCPU9suPUw9,1_2,134,cushion,0,0,0,0.0
00847-bCPU9suPUw9,1_2,135,cutlery,0,0,0,0.0
00847-bCPU9suPUw9,1_2,136,cyp,0,0,0,0.0
00847-bCPU9suPUw9,1_2,137,dartboard,0,0,0,0.0
00847-bCPU9suPUw9,1_2,138,decoder,0,0,0,0.0
00847-bCPU9suPUw9,1_2,139,decoration,0,1,0,0.0
00847-bCPU9suPUw9,1_2,140,dehumidifier,0,0,0,0.0
00847-bCPU9suPUw9,1_2,141,den,0,0,0,0.0
00847-bCPU9suPUw9,1_2,142,desk,0,1,0,0.0
00847-bCPU9suPUw9,1_2,143,desk door,0,0,0,0.0
00847-bCPU9suPUw9,1_2,144,dinnerware,0,0,0,0.0
00847-bCPU9suPUw9,1_2,145,diploma,0,0,0,0.0
00847-bCPU9suPUw9,1_2,146,dirt ground,0,0,0,0.0
00847-bCPU9suPUw9,1_2,147,dish rack,0,0,0,0.0
00847-bCPU9suPUw9,1_2,148,dishwasher,0,0,0,0.0
00847-bCPU9suPUw9,1_2,149,dispenser,0,0,0,0.0
00847-bCPU9suPUw9,1_2,150,display case,0,0,0,0.0
00847-bCPU9suPUw9,1_2,151,document,0,0,0,0.0
00847-bCPU9suPUw9,1_2,152,document holder,0,0,0,0.0
00847-bCPU9suPUw9,1_2,153,dog leash,0,0,0,0.0
00847-bCPU9suPUw9,1_2,154,dog toy,0,0,0,0.0
00847-bCPU9suPUw9,1_2,155,doily,0,0,0,0.0
00847-bCPU9suPUw9,1_2,156,doll,0,0,0,0.0
00847-bCPU9suPUw9,1_2,157,door screen,0,0,0,0.0
00847-bCPU9suPUw9,1_2,158,drawer,0,1,0,0.0
00847-bCPU9suPUw9,1_2,159,drawer cart,0,0,0,0.0
00847-bCPU9suPUw9,1_2,160,dressing table,0,0,0,0.0
00847-bCPU9suPUw9,1_2,161,drill,0,0,0,0.0
00847-bCPU9suPUw9,1_2,162,drum,0,0,0,0.0
00847-bCPU9suPUw9,1_2,163,dustpan,0,0,0,0.0
00847-bCPU9suPUw9,1_2,164,dvd,0,0,0,0.0
00847-bCPU9suPUw9,1_2,165,easel,0,0,0,0.0
00847-bCPU9suPUw9,1_2,166,electric hub,0,0,0,0.0
00847-bCPU9suPUw9,1_2,167,electric wire casing,0,0,0,0.0
00847-bCPU9suPUw9,1_2,168,electrical box,0,0,0,0.0
00847-bCPU9suPUw9,1_2,169,electrical device,0,1,0,0.0
00847-bCPU9suPUw9,1_2,170,electrical installation,0,0,0,0.0
00847-bCPU9suPUw9,1_2,171,elevator,0,0,0,0.0
00847-bCPU9suPUw9,1_2,172,exercise ball,0,0,0,0.0
00847-bCPU9suPUw9,1_2,173,exercise bike,0,0,0,0.0
00847-bCPU9suPUw9,1_2,174,exercise equipment,0,0,0,0.0
00847-bCPU9suPUw9,1_2,175,exercise ladder,0,0,0,0.0
00847-bCPU9suPUw9,1_2,176,exercise mat,0,0,0,0.0
00847-bCPU9suPUw9,1_2,177,exhibition panel,0,0,0,0.0
00847-bCPU9suPUw9,1_2,178,extractor hood,0,0,0,0.0
00847-bCPU9suPUw9,1_2,179,eyeglasses,0,0,0,0.0
00847-bCPU9suPUw9,1_2,180,fan,0,0,0,0.7447327865669862
00847-bCPU9suPUw9,1_2,181,faucet,0,1,0,0.0
00847-bCPU9suPUw9,1_2,182,fire extinguisher,0,0,0,0.0
00847-bCPU9suPUw9,1_2,183,fireplace,0,0,0,0.0
00847-bCPU9suPUw9,1_2,184,fireplace tool set,0,0,0,0.0
00847-bCPU9suPUw9,1_2,185,firewood,0,0,0,0.0
00847-bCPU9suPUw9,1_2,186,fishing rod,0,0,0,0.0
00847-bCPU9suPUw9,1_2,187,flag,0,0,0,0.0
00847-bCPU9suPUw9,1_2,188,flashlight,0,0,0,0.0
00847-bCPU9suPUw9,1_2,189,floor stand,0,0,0,0.0
00847-bCPU9suPUw9,1_2,190,flower stand,0,0,0,0.0
00847-bCPU9suPUw9,1_2,191,flowerbed,0,0,0,0.0
00847-bCPU9suPUw9,1_2,192,flush,0,0,0,0.0
00847-bCPU9suPUw9,1_2,193,flush button,0,0,0,0.0
00847-bCPU9suPUw9,1_2,194,flush push,0,0,0,0.0
00847-bCPU9suPUw9,1_2,195,foam,0,0,0,0.0
00847-bCPU9suPUw9,1_2,196,folding stand,0,0,0,0.0
00847-bCPU9suPUw9,1_2,197,food,0,0,0,0.0
00847-bCPU9suPUw9,1_2,198,food processor,0,0,0,0.0
00847-bCPU9suPUw9,1_2,199,food stand,0,0,0,0.0
00847-bCPU9suPUw9,1_2,200,foosball table,0,0,0,0.0
00847-bCPU9suPUw9,1_2,201,foot spa,0,0,0,0.0
00847-bCPU9suPUw9,1_2,202,football,0,0,0,0.0
00847-bCPU9suPUw9,1_2,203,footstool,0,1,0,0.0
00847-bCPU9suPUw9,1_2,204,frame,0,0,0,0.0
00847-bCPU9suPUw9,1_2,205,fruit,0,0,0,0.0
00847-bCPU9suPUw9,1_2,206,fume cupboard,0,0,0,0.0
00847-bCPU9suPUw9,1_2,207,fur,0,0,0,0.0
00847-bCPU9suPUw9,1_2,208,furnace,0,0,0,0.0
00847-bCPU9suPUw9,1_2,209,furniture,0,0,0,0.0
00847-bCPU9suPUw9,1_2,210,game,0,0,0,0.0
00847-bCPU9suPUw9,1_2,211,game console,0,0,0,0.0
00847-bCPU9suPUw9,1_2,212,gap,0,0,0,0.0
00847-bCPU9suPUw9,1_2,213,garage door motor,0,0,0,0.0
00847-bCPU9suPUw9,1_2,214,garage door opener,0,0,0,0.0
00847-bCPU9suPUw9,1_2,215,garage door opener railing,0,0,0,0.0
00847-bCPU9suPUw9,1_2,216,gas box,0,0,0,0.0
00847-bCPU9suPUw9,1_2,217,gas container,0,0,0,0.0
00847-bCPU9suPUw9,1_2,218,gas meter,0,0,0,0.0
00847-bCPU9suPUw9,1_2,219,gauge,0,0,0,0.0
00847-bCPU9suPUw9,1_2,220,gift,0,0,0,0.0
00847-bCPU9suPUw9,1_2,221,glass,0,0,0,0.0
00847-bCPU9suPUw9,1_2,222,glasses,0,0,0,0.0
00847-bCPU9suPUw9,1_2,223,globe,0,0,0,0.0
00847-bCPU9suPUw9,1_2,224,globe stand,0,0,0,0.0
00847-bCPU9suPUw9,1_2,225,gloves,0,0,0,0.0
00847-bCPU9suPUw9,1_2,226,glue,0,0,0,0.0
00847-bCPU9suPUw9,1_2,227,goalpost,0,0,0,0.0
00847-bCPU9suPUw9,1_2,228,golf sticks,0,0,0,0.0
00847-bCPU9suPUw9,1_2,229,grab bar,0,0,0,0.0
00847-bCPU9suPUw9,1_2,230,grass,0,0,0,0.0
00847-bCPU9suPUw9,1_2,231,grate,0,0,0,0.0
00847-bCPU9suPUw9,1_2,232,gravel,0,0,0,0.0
00847-bCPU9suPUw9,1_2,233,groceries,0,0,0,0.0
00847-bCPU9suPUw9,1_2,234,guitar,0,0,0,0.0
00847-bCPU9suPUw9,1_2,235,gun,0,0,0,0.0
00847-bCPU9suPUw9,1_2,236,gym rope,0,0,0,0.0
00847-bCPU9suPUw9,1_2,237,hair brush,0,0,0,0.0
00847-bCPU9suPUw9,1_2,238,hair dryer,0,0,0,0.0
00847-bCPU9suPUw9,1_2,239,hammer,0,0,0,0.0
00847-bCPU9suPUw9,1_2,240,hammock,0,0,0,0.0
00847-bCPU9suPUw9,1_2,241,hand dryer,0,0,0,0.0
00847-bCPU9suPUw9,1_2,242,handcart,0,0,0,0.0
00847-bCPU9suPUw9,1_2,243,handkerchiefs,0,0,0,0.0
00847-bCPU9suPUw9,1_2,244,handle,0,1,0,0.7870338575720052
00847-bCPU9suPUw9,1_2,245,hanger,0,1,0,0.0
00847-bCPU9suPUw9,1_2,246,hat,0,0,0,0.0
00847-bCPU9suPUw9,1_2,247,hatch,0,0,0,0.0
00847-bCPU9suPUw9,1_2,248,headboard,0,0,0,0.0
00847-bCPU9suPUw9,1_2,249,headphones,0,0,0,0.0
00847-bCPU9suPUw9,1_2,250,heater,0,0,0,0.0
00847-bCPU9suPUw9,1_2,251,heater piping,0,0,0,0.0
00847-bCPU9suPUw9,1_2,252,holder,0,0,0,0.0
00847-bCPU9suPUw9,1_2,253,holy cross,0,0,0,0.0
00847-bCPU9suPUw9,1_2,254,hook,0,0,0,0.0
00847-bCPU9suPUw9,1_2,255,hose,0,0,0,0.0
00847-bCPU9suPUw9,1_2,256,hourglass,0,0,0,0.0
00847-bCPU9suPUw9,1_2,257,hoverboard,0,0,0,0.0
00847-bCPU9suPUw9,1_2,258,ice maker,0,0,0,0.0
00847-bCPU9suPUw9,1_2,259,information,0,0,0,0.0
00847-bCPU9suPUw9,1_2,260,installation,0,0,0,0.0
00847-bCPU9suPUw9,1_2,261,instrument,0,0,0,0.0
00847-bCPU9suPUw9,1_2,262,iron,0,0,0,0.0
00847-bCPU9suPUw9,1_2,263,ironing board,0,0,0,0.0
00847-bCPU9suPUw9,1_2,264,jewelry,0,0,0,0.0
00847-bCPU9suPUw9,1_2,265,jug,0,0,0,0.0
00847-bCPU9suPUw9,1_2,266,keg,0,0,0,0.0
00847-bCPU9suPUw9,1_2,267,kettle,0,0,0,0.0
00847-bCPU9suPUw9,1_2,268,keys,0,0,0,0.0
00847-bCPU9suPUw9,1_2,269,kitchen appliance,0,1,0,0.0
00847-bCPU9suPUw9,1_2,270,kitchen handle,0,0,0,0.0
00847-bCPU9suPUw9,1_2,271,kitchen island,0,0,0,0.0
00847-bCPU9suPUw9,1_2,272,kitchen utensil,0,0,0,0.0
00847-bCPU9suPUw9,1_2,273,knife,0,0,0,0.43461422557742935
00847-bCPU9suPUw9,1_2,274,knob,0,0,0,0.0
00847-bCPU9suPUw9,1_2,275,lace doily,0,0,0,0.0
00847-bCPU9suPUw9,1_2,276,ladder,0,0,0,0.0
00847-bCPU9suPUw9,1_2,277,landing,0,0,0,0.0
00847-bCPU9suPUw9,1_2,278,laundry,0,1,0,0.0
00847-bCPU9suPUw9,1_2,279,lawn mower,0,0,0,0.0
00847-bCPU9suPUw9,1_2,280,level,0,0,0,0.0
00847-bCPU9suPUw9,1_2,281,lid,0,0,0,0.0
00847-bCPU9suPUw9,1_2,282,light,1,1,2,0.0
00847-bCPU9suPUw9,1_2,283,lighter,0,0,0,0.0
00847-bCPU9suPUw9,1_2,284,liquid,0,0,0,0.0
00847-bCPU9suPUw9,1_2,285,locker,0,0,0,0.0
00847-bCPU9suPUw9,1_2,286,machine,0,0,0,0.0
00847-bCPU9suPUw9,1_2,287,mailbox,0,0,0,0.0
00847-bCPU9suPUw9,1_2,288,mannequin,0,0,0,0.0
00847-bCPU9suPUw9,1_2,289,map,0,0,0,0.0
00847-bCPU9suPUw9,1_2,290,mascot,0,0,0,0.0
00847-bCPU9suPUw9,1_2,291,massage bed,0,0,0,0.0
00847-bCPU9suPUw9,1_2,292,material,0,0,0,0.0
00847-bCPU9suPUw9,1_2,293,measuring tape,0,0,0,0.0
00847-bCPU9suPUw9,1_2,294,medical lamp,0,0,0,0.0
00847-bCPU9suPUw9,1_2,295,medical object,0,0,0,0.0
00847-bCPU9suPUw9,1_2,296,menu,0,0,0,0.0
00847-bCPU9suPUw9,1_2,297,meshwork,0,0,0,0.0
00847-bCPU9suPUw9,1_2,298,meter,0,0,0,0.0
00847-bCPU9suPUw9,1_2,299,microphone,0,0,0,0.0
00847-bCPU9suPUw9,1_2,300,microphone accessory,0,0,0,0.0
00847-bCPU9suPUw9,1_2,301,microwave,0,0,0,0.0
00847-bCPU9suPUw9,1_2,302,mirror,0,1,0,0.0
00847-bCPU9suPUw9,1_2,303,model,0,0,0,0.0
00847-bCPU9suPUw9,1_2,304,modem,0,0,0,0.0
00847-bCPU9suPUw9,1_2,305,mop,0,0,0,0.0
00847-bCPU9suPUw9,1_2,306,mortar,0,0,0,0.0
00847-bCPU9suPUw9,1_2,307,motorcycle,0,0,0,0.0
00847-bCPU9suPUw9,1_2,308,music equipment,0,0,0,0.0
00847-bCPU9suPUw9,1_2,309,napkin,0,0,0,0.0
00847-bCPU9suPUw9,1_2,310,nightstand,0,0,0,0.0
00847-bCPU9suPUw9,1_2,311,oar,0,0,0,0.0
00847-bCPU9suPUw9,1_2,312,object,0,0,0,0.0
00847-bCPU9suPUw9,1_2,313,objects,0,0,0,0.0
00847-bCPU9suPUw9,1_2,314,outlet,0,0,0,0.0
00847-bCPU9suPUw9,1_2,315,oven,0,1,0,0.0
00847-bCPU9suPUw9,1_2,316,overhang,0,0,0,0.02614128763012813
00847-bCPU9suPUw9,1_2,317,pad,0,0,0,0.0
00847-bCPU9suPUw9,1_2,318,painting stuff,0,0,0,0.0
00847-bCPU9suPUw9,1_2,319,pan,0,0,0,0.0
00847-bCPU9suPUw9,1_2,320,panel,0,0,0,0.0
00847-bCPU9suPUw9,1_2,321,pantry,0,0,0,0.0
00847-bCPU9suPUw9,1_2,322,paper holder,0,0,0,0.0
00847-bCPU9suPUw9,1_2,323,paper storage,0,0,0,0.0
00847-bCPU9suPUw9,1_2,324,paper towel,0,1,0,0.0
00847-bCPU9suPUw9,1_2,325,parapet,0,0,0,0.0
00847-bCPU9suPUw9,1_2,326,partial,0,0,0,0.8793652272622513
00847-bCPU9suPUw9,1_2,327,pavement,0,0,0,0.0
00847-bCPU9suPUw9,1_2,328,pedestal,0,0,0,0.0
00847-bCPU9suPUw9,1_2,329,pen,0,0,0,0.0
00847-bCPU9suPUw9,1_2,330,pendant,0,0,0,0.0
00847-bCPU9suPUw9,1_2,331,pet bed,0,0,0,0.0
00847-bCPU9suPUw9,1_2,332,pet bowl,0,0,0,0.0
00847-bCPU9suPUw9,1_2,333,phone,0,0,0,0.0
00847-bCPU9suPUw9,1_2,334,photo mount,0,0,0,0.0
00847-bCPU9suPUw9,1_2,335,photo stand,0,0,0,0.0
00847-bCPU9suPUw9,1_2,336,piano,0,0,0,0.0
00847-bCPU9suPUw9,1_2,337,pillow,0,1,0,0.0
00847-bCPU9suPUw9,1_2,338,pitchfork,0,0,0,0.0
00847-bCPU9suPUw9,1_2,339,place mat,0,0,0,0.0
00847-bCPU9suPUw9,1_2,340,plane,0,0,0,0.0
00847-bCPU9suPUw9,1_2,341,plank,0,0,0,0.0
00847-bCPU9suPUw9,1_2,342,plant,0,1,0,0.0
00847-bCPU9suPUw9,1_2,343,plant ornament,0,0,0,0.0
00847-bCPU9suPUw9,1_2,344,platform,0,0,0,0.0
00847-bCPU9suPUw9,1_2,345,playpen,0,0,0,0.0
00847-bCPU9suPUw9,1_2,346,plenum box,0,0,0,0.0
00847-bCPU9suPUw9,1_2,347,pliers,0,0,0,0.0
00847-bCPU9suPUw9,1_2,348,plumbing,0,0,0,0.0
00847-bCPU9suPUw9,1_2,349,plunger,0,0,0,0.0
00847-bCPU9suPUw9,1_2,350,podium,0,0,0,0.0
00847-bCPU9suPUw9,1_2,351,pole,0,0,0,0.0
00847-bCPU9suPUw9,1_2,352,pool,0,0,0,0.0
00847-bCPU9suPUw9,1_2,353,pool table,0,0,0,0.0
00847-bCPU9suPUw9,1_2,354,porcelain,0,0,0,0.0
00847-bCPU9suPUw9,1_2,355,poster,0,0,0,0.0
00847-bCPU9suPUw9,1_2,356,pot,0,0,0,0.0
00847-bCPU9suPUw9,1_2,357,pot lid,0,0,0,0.0
00847-bCPU9suPUw9,1_2,358,pouches,0,0,0,0.0
00847-bCPU9suPUw9,1_2,359,press,0,0,0,0.0
00847-bCPU9suPUw9,1_2,360,pressure washer,0,0,0,0.0
00847-bCPU9suPUw9,1_2,361,printer,0,0,0,0.0
00847-bCPU9suPUw9,1_2,362,product,0,0,0,0.0
00847-bCPU9suPUw9,1_2,363,products,0,0,0,0.0
00847-bCPU9suPUw9,1_2,364,prop,0,0,0,0.0
00847-bCPU9suPUw9,1_2,365,pump,0,0,0,0.0
00847-bCPU9suPUw9,1_2,366,punchbag,0,0,0,0.0
00847-bCPU9suPUw9,1_2,367,puppet,0,0,0,0.0
00847-bCPU9suPUw9,1_2,368,rag,0,0,0,0.0
00847-bCPU9suPUw9,1_2,369,rail,0,0,0,0.0
00847-bCPU9suPUw9,1_2,370,rake,0,0,0,0.0
00847-bCPU9suPUw9,1_2,371,receipt printer,0,0,0,0.0
00847-bCPU9suPUw9,1_2,372,records,0,0,0,0.0
00847-bCPU9suPUw9,1_2,373,recuperator,0,0,0,0.0
00847-bCPU9suPUw9,1_2,374,refrigerator,0,1,0,0.0
00847-bCPU9suPUw9,1_2,375,remote control,0,0,0,0.0
00847-bCPU9suPUw9,1_2,376,rice cooker,0,0,0,0.0
00847-bCPU9suPUw9,1_2,377,riser,0,0,0,0.0
00847-bCPU9suPUw9,1_2,378,rocking horse,0,0,0,0.0
00847-bCPU9suPUw9,1_2,379,rod,0,0,0,0.0
00847-bCPU9suPUw9,1_2,380,roll,0,0,0,0.0
00847-bCPU9suPUw9,1_2,381,rope,0,0,0,0.0
00847-bCPU9suPUw9,1_2,382,router,0,0,0,0.0
00847-bCPU9suPUw9,1_2,383,rug,0,1,0,0.0
00847-bCPU9suPUw9,1_2,384,safe,0,0,0,0.0
00847-bCPU9suPUw9,1_2,385,saturator,0,0,0,0.0
00847-bCPU9suPUw9,1_2,386,sauna,0,0,0,0.0
00847-bCPU9suPUw9,1_2,387,saw,0,0,0,0.0
00847-bCPU9suPUw9,1_2,388,saxophone,0,0,0,0.0
00847-bCPU9suPUw9,1_2,389,scale,0,0,0,0.0
00847-bCPU9suPUw9,1_2,390,scanner,0,0,0,0.0
00847-bCPU9suPUw9,1_2,391,screen,0,0,0,0.0
00847-bCPU9suPUw9,1_2,392,screen frame,0,0,0,0.0
00847-bCPU9suPUw9,1_2,393,screwdriver,0,0,0,0.0
00847-bCPU9suPUw9,1_2,394,sculpture,0,0,0,0.0
00847-bCPU9suPUw9,1_2,395,security camera,0,0,0,0.0
00847-bCPU9suPUw9,1_2,396,self-closing mechanism,0,0,0,0.0
00847-bCPU9suPUw9,1_2,397,sensor,0,1,0,0.0
00847-bCPU9suPUw9,1_2,398,separator,0,0,0,0.0
00847-bCPU9suPUw9,1_2,399,set of valves,0,0,0,0.0
00847-bCPU9suPUw9,1_2,400,sewing machine,0,0,0,0.0
00847-bCPU9suPUw9,1_2,401,sewing tools,0,0,0,0.0
00847-bCPU9suPUw9,1_2,402,shampoo,0,0,0,0.0
00847-bCPU9suPUw9,1_2,403,sheet music,0,0,0,0.0
00847-bCPU9suPUw9,1_2,404,sheets / clothes,0,0,0,0.0
00847-bCPU9suPUw9,1_2,405,shelf,0,1,0,0.0
00847-bCPU9suPUw9,1_2,406,ship toy,0,0,0,0.0
00847-bCPU9suPUw9,1_2,407,shisha,0,0,0,0.0
00847-bCPU9suPUw9,1_2,408,shoe,0,0,0,0.0
00847-bCPU9suPUw9,1_2,409,shoe rack,0,0,0,0.0
00847-bCPU9suPUw9,1_2,410,shoehorn,0,0,0,0.0
00847-bCPU9suPUw9,1_2,411,shovel,0,0,0,0.0
00847-bCPU9suPUw9,1_2,412,shower,0,1,0,0.0
00847-bCPU9suPUw9,1_2,413,shower seat,0,0,0,0.0
00847-bCPU9suPUw9,1_2,414,shredder,0,0,0,0.0
00847-bCPU9suPUw9,1_2,415,side table,0,0,0,0.0
00847-bCPU9suPUw9,1_2,416,sideboard,0,0,0,0.0
00847-bCPU9suPUw9,1_2,417,sign,0,0,0,0.0
00847-bCPU9suPUw9,1_2,418,silicone gun,0,0,0,0.0
00847-bCPU9suPUw9,1_2,419,silicone tube,0,0,0,0.0
00847-bCPU9suPUw9,1_2,420,sink,0,1,0,0.0
00847-bCPU9suPUw9,1_2,421,skateboard,0,0,0,0.0
00847-bCPU9suPUw9,1_2,422,skates,0,0,0,0.0
00847-bCPU9suPUw9,1_2,423,ski,0,0,0,0.0
00847-bCPU9suPUw9,1_2,424,sky,0,0,0,0.0
00847-bCPU9suPUw9,1_2,425,sled,0,0,0,0.0
00847-bCPU9suPUw9,1_2,426,sleeping bag,0,0,0,0.0
00847-bCPU9suPUw9,1_2,427,smoke detector,0,0,0,0.682841742813198
00847-bCPU9suPUw9,1_2,428,snack,0,0,0,0.0
00847-bCPU9suPUw9,1_2,429,soap,0,0,0,0.0
00847-bCPU9suPUw9,1_2,430,socks,0,0,0,0.0
00847-bCPU9suPUw9,1_2,431,sofa,0,1,0,0.0
00847-bCPU9suPUw9,1_2,432,solarium,0,0,0,0.0
00847-bCPU9suPUw9,1_2,433,speaker,0,0,0,0.0
00847-bCPU9suPUw9,1_2,434,speaker stand,0,0,0,0.0
00847-bCPU9suPUw9,1_2,435,spices,0,0,0,0.0
00847-bCPU9suPUw9,1_2,436,sponge,0,0,0,0.0
00847-bCPU9suPUw9,1_2,437,spray can,0,0,0,0.0
00847-bCPU9suPUw9,1_2,438,sprinkler,0,0,0,0.0
00847-bCPU9suPUw9,1_2,439,square,0,0,0,0.0
00847-bCPU9suPUw9,1_2,440,stack,0,0,0,0.0
00847-bCPU9suPUw9,1_2,441,stack of books / papers,0,0,0,0.0
00847-bCPU9suPUw9,1_2,442,stack of stuff,0,0,0,0.0
00847-bCPU9suPUw9,1_2,443,stack of yarns,0,0,0,0.0
00847-bCPU9suPUw9,1_2,444,stage,0,0,0,0.0
00847-bCPU9suPUw9,1_2,445,stained glass,0,0,0,0.0
00847-bCPU9suPUw9,1_2,446,stand,0,0,0,0.0
00847-bCPU9suPUw9,1_2,447,star,0,0,0,0.0
00847-bCPU9suPUw9,1_2,448,stationery,0,0,0,0.0
00847-bCPU9suPUw9,1_2,449,steel plate,0,0,0,0.0
00847-bCPU9suPUw9,1_2,450,step stool,0,0,0,0.0
00847-bCPU9suPUw9,1_2,451,stick,0,0,0,0.9496898921255209
00847-bCPU9suPUw9,1_2,452,stone,0,0,0,0.0
00847-bCPU9suPUw9,1_2,453,stonework,0,0,0,0.0
00847-bCPU9suPUw9,1_2,454,stool,0,0,0,0.0
00847-bCPU9suPUw9,1_2,455,storage,0,0,0,0.0
00847-bCPU9suPUw9,1_2,456,strings,0,0,0,0.0
00847-bCPU9suPUw9,1_2,457,stroke,0,0,0,0.0
00847-bCPU9suPUw9,1_2,458,sunbed,0,0,0,0.0
00847-bCPU9suPUw9,1_2,459,support,0,0,0,0.0
00847-bCPU9suPUw9,1_2,460,surface,0,0,0,0.0
00847-bCPU9suPUw9,1_2,461,surfboard,0,0,0,0.0
00847-bCPU9suPUw9,1_2,462,swing,0,0,0,0.0
00847-bCPU9suPUw9,1_2,463,switch,0,0,0,0.0
00847-bCPU9suPUw9,1_2,464,table,0,1,0,0.0
00847-bCPU9suPUw9,1_2,465,table cloth,0,0,0,0.0
00847-bCPU9suPUw9,1_2,466,table pad,0,0,0,0.0
00847-bCPU9suPUw9,1_2,467,table stand,0,0,0,0.0
00847-bCPU9suPUw9,1_2,468,table tennis table,0,0,0,0.0
00847-bCPU9suPUw9,1_2,469,tablet,0,0,0,0.0
00847-bCPU9suPUw9,1_2,470,tambourine,0,0,0,0.0
00847-bCPU9suPUw9,1_2,471,tea set,0,0,0,0.0
00847-bCPU9suPUw9,1_2,472,telescope,0,0,0,0.0
00847-bCPU9suPUw9,1_2,473,tennis racket,0,0,0,0.0
00847-bCPU9suPUw9,1_2,474,tent,0,0,0,0.0
00847-bCPU9suPUw9,1_2,475,thermometer,0,0,0,0.0
00847-bCPU9suPUw9,1_2,476,thermostat,0,0,0,0.0
00847-bCPU9suPUw9,1_2,477,three,0,0,0,0.0
00847-bCPU9suPUw9,1_2,478,tile,0,0,0,0.0
00847-bCPU9suPUw9,1_2,479,tire,0,0,0,0.0
00847-bCPU9suPUw9,1_2,480,tissue,0,0,0,0.0
00847-bCPU9suPUw9,1_2,481,title,0,0,0,0.0
00847-bCPU9suPUw9,1_2,482,toaster,0,0,0,0.0
00847-bCPU9suPUw9,1_2,483,toaster oven,0,0,0,0.0
00847-bCPU9suPUw9,1_2,484,toilet,0,1,0,0.0
00847-bCPU9suPUw9,1_2,485,toilet brush,0,1,0,0.0
00847-bCPU9suPUw9,1_2,486,toilet cleaner,0,0,0,0.0
00847-bCPU9suPUw9,1_2,487,toilet paper,0,1,0,0.0
00847-bCPU9suPUw9,1_2,488,toiletry,0,0,0,0.0
00847-bCPU9suPUw9,1_2,489,tool,0,0,0,0.0
00847-bCPU9suPUw9,1_2,490,tool rack,0,0,0,0.0
00847-bCPU9suPUw9,1_2,491,toothbrush,0,0,0,0.0
00847-bCPU9suPUw9,1_2,492,toothpaste,0,0,0,0.0
00847-bCPU9suPUw9,1_2,493,towel,0,1,0,0.0
00847-bCPU9suPUw9,1_2,494,towel bar,0,1,0,0.0
00847-bCPU9suPUw9,1_2,495,toy,0,0,0,0.0
00847-bCPU9suPUw9,1_2,496,traffic cone,0,0,0,0.0
00847-bCPU9suPUw9,1_2,497,trampoline,0,0,0,0.0
00847-bCPU9suPUw9,1_2,498,trash bag,0,0,0,0.0
00847-bCPU9suPUw9,1_2,499,tray,0,0,0,0.0
00847-bCPU9suPUw9,1_2,500,treadmill,0,0,0,0.0
00847-bCPU9suPUw9,1_2,501,tree,0,0,0,0.0
00847-bCPU9suPUw9,1_2,502,tree branch,0,0,0,0.0
00847-bCPU9suPUw9,1_2,503,trimmer,0,0,0,0.0
00847-bCPU9suPUw9,1_2,504,tripod,0,0,0,0.0
00847-bCPU9suPUw9,1_2,505,trolley,0,0,0,0.0
00847-bCPU9suPUw9,1_2,506,trombone,0,0,0,0.0
00847-bCPU9suPUw9,1_2,507,trophy,0,0,0,0.0
00847-bCPU9suPUw9,1_2,508,trough,0,0,0,0.0
00847-bCPU9suPUw9,1_2,509,trumpet,0,0,0,0.0
00847-bCPU9suPUw9,1_2,510,tv,0,1,0,0.0
00847-bCPU9suPUw9,1_2,511,tv stand,0,0,0,0.0
00847-bCPU9suPUw9,1_2,512,typewriter,0,0,0,0.0
00847-bCPU9suPUw9,1_2,513,ukulele,0,0,0,0.0
00847-bCPU9suPUw9,1_2,514,umbrella,0,0,0,0.0
00847-bCPU9suPUw9,1_2,515,umbrella stand,0,0,0,0.0
00847-bCPU9suPUw9,1_2,516,unknown,0,1,0,0.0
00847-bCPU9suPUw9,1_2,517,vacuum cleaner,0,0,0,0.0
00847-bCPU9suPUw9,1_2,518,vanity,0,0,0,0.0
00847-bCPU9suPUw9,1_2,519,vase,0,0,0,0.0
00847-bCPU9suPUw9,1_2,520,vegetables,0,0,0,0.0
00847-bCPU9suPUw9,1_2,521,vessel,0,0,0,0.0
00847-bCPU9suPUw9,1_2,522,vinyl records,0,0,0,0.0
00847-bCPU9suPUw9,1_2,523,violin,0,0,0,0.0
00847-bCPU9suPUw9,1_2,524,violin case,0,0,0,0.0
00847-bCPU9suPUw9,1_2,525,waffle iron,0,0,0,0.0
00847-bCPU9suPUw9,1_2,526,wardrobe,0,0,0,0.0
00847-bCPU9suPUw9,1_2,527,washing machine,0,1,0,0.0
00847-bCPU9suPUw9,1_2,528,washing powder,0,0,0,0.0
00847-bCPU9suPUw9,1_2,529,washing stuff,0,0,0,0.0
00847-bCPU9suPUw9,1_2,530,watch,0,0,0,0.0
00847-bCPU9suPUw9,1_2,531,water dispenser,0,0,0,0.0
00847-bCPU9suPUw9,1_2,532,water heater,0,0,0,0.0
00847-bCPU9suPUw9,1_2,533,water meter,0,0,0,0.0
00847-bCPU9suPUw9,1_2,534,water pump,0,0,0,0.0
00847-bCPU9suPUw9,1_2,535,water tank,0,0,0,0.0
00847-bCPU9suPUw9,1_2,536,watering can,0,0,0,0.0
00847-bCPU9suPUw9,1_2,537,weight,0,0,0,0.0
00847-bCPU9suPUw9,1_2,538,weight bench,0,0,0,0.0
00847-bCPU9suPUw9,1_2,539,weights,0,0,0,0.0
00847-bCPU9suPUw9,1_2,540,wheel,0,0,0,0.0
00847-bCPU9suPUw9,1_2,541,wheelbarrow,0,0,0,0.0
00847-bCPU9suPUw9,1_2,542,window shade,0,1,0,0.0
00847-bCPU9suPUw9,1_2,543,wine,0,0,0,0.0
00847-bCPU9suPUw9,1_2,544,wine storage,0,0,0,0.0
00847-bCPU9suPUw9,1_2,545,wood,0,0,0,0.9999520285516261
00847-bCPU9suPUw9,1_2,546,wrench,0,0,0,0.0
00847-bCPU9suPUw9,1_3,0,acoustic panel,0,0,0,0.0
00847-bCPU9suPUw9,1_3,1,air conditioner,0,0,0,0.0
00847-bCPU9suPUw9,1_3,2,air freshener,0,0,0,0.0
00847-bCPU9suPUw9,1_3,3,air hockey,0,0,0,0.0
00847-bCPU9suPUw9,1_3,4,air purifier,0,0,0,0.0
00847-bCPU9suPUw9,1_3,5,aisle frame,0,0,0,0.0
00847-bCPU9suPUw9,1_3,6,alarm,0,0,0,0.0
00847-bCPU9suPUw9,1_3,7,album,0,0,0,0.0
00847-bCPU9suPUw9,1_3,8,amplifier,0,0,0,0.0
00847-bCPU9suPUw9,1_3,9,appliance,0,0,0,0.0
00847-bCPU9suPUw9,1_3,10,apron,0,0,0,0.0
00847-bCPU9suPUw9,1_3,11,aquarium,0,0,0,0.0
00847-bCPU9suPUw9,1_3,12,arcade game,0,0,0,0.0
00847-bCPU9suPUw9,1_3,13,artwork,0,1,0,0.0
00847-bCPU9suPUw9,1_3,14,ashtray,0,0,0,0.0
00847-bCPU9suPUw9,1_3,15,audio player,0,0,0,0.0
00847-bCPU9suPUw9,1_3,16,axe,0,0,0,0.0
00847-bCPU9suPUw9,1_3,17,baby changing table,0,0,0,0.0
00847-bCPU9suPUw9,1_3,18,backrest,0,0,0,0.0
00847-bCPU9suPUw9,1_3,19,backsplash,0,0,0,0.0
00847-bCPU9suPUw9,1_3,20,bag,0,0,0,0.0
00847-bCPU9suPUw9,1_3,21,ball,0,0,0,0.0
00847-bCPU9suPUw9,1_3,22,ball pool,0,0,0,0.0
00847-bCPU9suPUw9,1_3,23,bar,0,0,0,0.0
00847-bCPU9suPUw9,1_3,24,barbecue,0,0,0,0.0
00847-bCPU9suPUw9,1_3,25,barrel,0,0,0,0.0
00847-bCPU9suPUw9,1_3,26,base,0,0,0,0.0
00847-bCPU9suPUw9,1_3,27,baseball bat,0,0,0,0.0
00847-bCPU9suPUw9,1_3,28,basket,0,0,0,0.0
00847-bCPU9suPUw9,1_3,29,basketball hoop,0,0,0,0.0
00847-bCPU9suPUw9,1_3,30,basketballs,0,0,0,0.0
00847-bCPU9suPUw9,1_3,31,bathroom accessory,0,0,0,0.0
00847-bCPU9suPUw9,1_3,32,bathtub,0,1,0,0.0
00847-bCPU9suPUw9,1_3,33,bed,1,1,2,0.34083111509089703
00847-bCPU9suPUw9,1_3,34,bed ladder,0,0,0,0.0
00847-bCPU9suPUw9,1_3,35,beer crate,0,0,0,0.0
00847-bCPU9suPUw9,1_3,36,bell,0,0,0,0.0
00847-bCPU9suPUw9,1_3,37,belt,0,0,0,0.0
00847-bCPU9suPUw9,1_3,38,bench,0,0,0,0.0
00847-bCPU9suPUw9,1_3,39,beverage dispenser,0,0,0,0.0
00847-bCPU9suPUw9,1_3,40,bicycle,0,0,0,0.0
00847-bCPU9suPUw9,1_3,41,bicycle helmet,0,0,0,0.0
00847-bCPU9suPUw9,1_3,42,bin,1,1,1,0.0
00847-bCPU9suPUw9,1_3,43,birdhouse,0,0,0,0.0
00847-bCPU9suPUw9,1_3,44,blanket,0,0,0,7.067232949964364e-07
00847-bCPU9suPUw9,1_3,45,board,0,0,0,0.0
00847-bCPU9suPUw9,1_3,46,board game,0,0,0,0.0
00847-bCPU9suPUw9,1_3,47,board with keys,0,0,0,0.0
00847-bCPU9suPUw9,1_3,48,book,0,0,0,0.0
00847-bCPU9suPUw9,1_3,49,bottle,0,0,0,0.0
00847-bCPU9suPUw9,1_3,50,bottle dispenser,0,0,0,0.0
00847-bCPU9suPUw9,1_3,51,bottle opener,0,0,0,0.0
00847-bCPU9suPUw9,1_3,52,bowl,0,0,0,0.0
00847-bCPU9suPUw9,1_3,53,box,1,1,3,0.7768397765988713
00847-bCPU9suPUw9,1_3,54,boxing ring,0,0,0,0.0
00847-bCPU9suPUw9,1_3,55,bread,0,0,0,0.0
00847-bCPU9suPUw9,1_3,56,bread box,0,0,0,0.0
00847-bCPU9suPUw9,1_3,57,bricks,0,0,0,0.0
00847-bCPU9suPUw9,1_3,58,bridge,0,0,0,0.0
00847-bCPU9suPUw9,1_3,59,broom,0,0,0,0.0
00847-bCPU9suPUw9,1_3,60,brush,0,0,0,0.0
00847-bCPU9suPUw9,1_3,61,bucket,0,0,0,0.0
00847-bCPU9suPUw9,1_3,62,buffet,0,0,0,0.0
00847-bCPU9suPUw9,1_3,63,button,0,0,0,0.0
00847-bCPU9suPUw9,1_3,64,cabinet,0,1,0,0.0
00847-bCPU9suPUw9,1_3,65,cable,0,0,0,0.0
00847-bCPU9suPUw9,1_3,66,cage,0,0,0,0.0
00847-bCPU9suPUw9,1_3,67,cake,0,0,0,0.0
00847-bCPU9suPUw9,1_3,68,calculator,0,0,0,0.0
00847-bCPU9suPUw9,1_3,69,calendar,0,0,0,0.0
00847-bCPU9suPUw9,1_3,70,camera,0,0,0,0.0
00847-bCPU9suPUw9,1_3,71,can,0,0,0,0.0
00847-bCPU9suPUw9,1_3,72,canal,0,0,0,0.0
00847-bCPU9suPUw9,1_3,73,candelabra,0,0,0,0.0
00847-bCPU9suPUw9,1_3,74,candle,0,0,0,0.0
00847-bCPU9suPUw9,1_3,75,candle holder,0,0,0,0.0
00847-bCPU9suPUw9,1_3,76,candle stand,0,0,0,0.0
00847-bCPU9suPUw9,1_3,77,candlestick,0,0,0,0.0
00847-bCPU9suPUw9,1_3,78,canoe,0,0,0,0.0
00847-bCPU9suPUw9,1_3,79,canopy,0,0,0,0.0
00847-bCPU9suPUw9,1_3,80,car,0,0,0,0.0
00847-bCPU9suPUw9,1_3,81,card,0,0,0,0.0
00847-bCPU9suPUw9,1_3,82,cardboard,0,0,0,0.9999999742874718
00847-bCPU9suPUw9,1_3,83,cart,0,0,0,0.0
00847-bCPU9suPUw9,1_3,84,cash register,0,0,0,0.0
00847-bCPU9suPUw9,1_3,85,casket,0,0,0,0.0
00847-bCPU9suPUw9,1_3,86,cassette,0,0,0,0.0
00847-bCPU9suPUw9,1_3,87,cat,0,0,0,0.263680918926942
00847-bCPU9suPUw9,1_3,88,cat food,0,0,0,0.0
00847-bCPU9suPUw9,1_3,89,cat litter box,0,0,0,0.0
00847-bCPU9suPUw9,1_3,90,cat tree,0,0,0,0.0
00847-bCPU9suPUw9,1_3,91,cd,0,0,0,0.0
00847-bCPU9suPUw9,1_3,92,ceiling arch,0,0,0,0.0
00847-bCPU9suPUw9,1_3,93,ceiling chassis,0,0,0,0.0
00847-bCPU9suPUw9,1_3,94,ceiling ladder,0,0,0,0.0
00847-bCPU9suPUw9,1_3,95,ceramics,0,0,0,0.0
00847-bCPU9suPUw9,1_3,96,chain,0,0,0,0.0
00847-bCPU9suPUw9,1_3,97,chair,1,1,2,0.999283221395512
00847-bCPU9suPUw9,1_3,98,chair stand,0,0,0,0.0
00847-bCPU9suPUw9,1_3,99,chassis,0,0,0,0.0
00847-bCPU9suPUw9,1_3,100,chest,0,0,0,0.0
00847-bCPU9suPUw9,1_3,101,child car seat,0,0,0,0.0
00847-bCPU9suPUw9,1_3,102,christmas tree,0,0,0,0.0
00847-bCPU9suPUw9,1_3,103,clarinet,0,0,0,0.0
00847-bCPU9suPUw9,1_3,104,cleaner,0,0,0,0.0
00847-bCPU9suPUw9,1_3,105,clock,0,1,0,0.0
00847-bCPU9suPUw9,1_3,106,closet door,0,0,0,0.9999999999999813
00847-bCPU9suPUw9,1_3,107,cloth,0,0,0,0.0
00847-bCPU9suPUw9,1_3,108,cloth holder,0,0,0,0.0
00847-bCPU9suPUw9,1_3,109,clothes,0,0,0,0.0
00847-bCPU9suPUw9,1_3,110,clothes container,0,0,0,0.0
00847-bCPU9suPUw9,1_3,111,clothes dryer,0,0,0,0.0
00847-bCPU9suPUw9,1_3,112,clothes rack,0,0,0,0.0
00847-bCPU9suPUw9,1_3,113,clutter,0,0,0,0.0
00847-bCPU9suPUw9,1_3,114,coaster,0,0,0,0.0
00847-bCPU9suPUw9,1_3,115,coffee maker,0,0,0,0.0
00847-bCPU9suPUw9,1_3,116,coffee table,0,0,0,0.0
00847-bCPU9suPUw9,1_3,117,compressor,0,0,0,0.0
00847-bCPU9suPUw9,1_3,118,computer,0,0,0,0.0
00847-bCPU9suPUw9,1_3,119,computer equipment,0,0,0,0.0
00847-bCPU9suPUw9,1_3,120,cone,0,0,0,0.0
00847-bCPU9suPUw9,1_3,121,construction stuff,0,0,0,0.0
00847-bCPU9suPUw9,1_3,122,container,0,0,0,0.0
00847-bCPU9suPUw9,1_3,123,controller,0,0,0,0.0
00847-bCPU9suPUw9,1_3,124,cosmetics,0,0,0,0.0
00847-bCPU9suPUw9,1_3,125,counter door,0,0,0,0.0
00847-bCPU9suPUw9,1_3,126,countertop,0,0,0,0.0
00847-bCPU9suPUw9,1_3,127,countertop item,0,0,0,0.0
00847-bCPU9suPUw9,1_3,128,cover,0,0,0,0.0
00847-bCPU9suPUw9,1_3,129,cross,0,0,0,0.0
00847-bCPU9suPUw9,1_3,130,crutches,0,0,0,0.0
00847-bCPU9suPUw9,1_3,131,cup,0,0,0,0.0
00847-bCPU9suPUw9,1_3,132,curb,0,0,0,0.0
00847-bCPU9suPUw9,1_3,133,curtain,0,1,0,0.0
00847-bCPU9suPUw9,1_3,134,cushion,0,0,0,0.0
00847-bCPU9suPUw9,1_3,135,cutlery,0,0,0,0.0
00847-bCPU9suPUw9,1_3,136,cyp,0,0,0,0.0
00847-bCPU9suPUw9,1_3,137,dartboard,0,0,0,0.0
00847-bCPU9suPUw9,1_3,138,decoder,0,0,0,0.0
00847-bCPU9suPUw9,1_3,139,decoration,0,1,0,0.0
00847-bCPU9suPUw9,1_3,140,dehumidifier,0,0,0,0.0
00847-bCPU9suPUw9,1_3,141,den,0,0,0,0.0
00847-bCPU9suPUw9,1_3,142,desk,1,1,1,0.46753390128784567
00847-bCPU9suPUw9,1_3,143,desk door,0,0,0,0.0
00847-bCPU9suPUw9,1_3,144,dinnerware,0,0,0,0.0
00847-bCPU9suPUw9,1_3,145,diploma,0,0,0,0.0
00847-bCPU9suPUw9,1_3,146,dirt ground,0,0,0,0.0
00847-bCPU9suPUw9,1_3,147,dish rack,0,0,0,0.0
00847-bCPU9suPUw9,1_3,148,dishwasher,0,0,0,0.0
00847-bCPU9suPUw9,1_3,149,dispenser,0,0,0,0.0
00847-bCPU9suPUw9,1_3,150,display case,0,0,0,0.0
00847-bCPU9suPUw9,1_3,151,document,0,0,0,0.0
00847-bCPU9suPUw9,1_3,152,document holder,0,0,0,0.0
00847-bCPU9suPUw9,1_3,153,dog leash,0,0,0,0.0
00847-bCPU9suPUw9,1_3,154,dog toy,0,0,0,0.0
00847-bCPU9suPUw9,1_3,155,doily,0,0,0,0.0
00847-bCPU9suPUw9,1_3,156,doll,0,0,0,0.0
00847-bCPU9suPUw9,1_3,157,door screen,0,0,0,0.0
00847-bCPU9suPUw9,1_3,158,drawer,0,1,0,0.0
00847-bCPU9suPUw9,1_3,159,drawer cart,0,0,0,0.0
00847-bCPU9suPUw9,1_3,160,dressing table,0,0,0,0.0
00847-bCPU9suPUw9,1_3,161,drill,0,0,0,0.0
00847-bCPU9suPUw9,1_3,162,drum,0,0,0,0.0
00847-bCPU9suPUw9,1_3,163,dustpan,0,0,0,0.7417378854744567
00847-bCPU9suPUw9,1_3,164,dvd,0,0,0,0.0
00847-bCPU9suPUw9,1_3,165,easel,0,0,0,0.0
00847-bCPU9suPUw9,1_3,166,electric hub,0,0,0,0.0
00847-bCPU9suPUw9,1_3,167,electric wire casing,0,0,0,0.0
00847-bCPU9suPUw9,1_3,168,electrical box,0,0,0,0.0
00847-bCPU9suPUw9,1_3,169,electrical device,0,1,0,0.0
00847-bCPU9suPUw9,1_3,170,electrical installation,0,0,0,0.0
00847-bCPU9suPUw9,1_3,171,elevator,0,0,0,0.0
00847-bCPU9suPUw9,1_3,172,exercise ball,0,0,0,0.0
00847-bCPU9suPUw9,1_3,173,exercise bike,0,0,0,0.0
00847-bCPU9suPUw9,1_3,174,exercise equipment,0,0,0,0.0
00847-bCPU9suPUw9,1_3,175,exercise ladder,0,0,0,0.0
00847-bCPU9suPUw9,1_3,176,exercise mat,0,0,0,0.0
00847-bCPU9suPUw9,1_3,177,exhibition panel,0,0,0,0.0
00847-bCPU9suPUw9,1_3,178,extractor hood,0,0,0,0.0
00847-bCPU9suPUw9,1_3,179,eyeglasses,0,0,0,0.0
00847-bCPU9suPUw9,1_3,180,fan,0,0,0,0.9698561276717137
00847-bCPU9suPUw9,1_3,181,faucet,0,1,0,0.0
00847-bCPU9suPUw9,1_3,182,fire extinguisher,0,0,0,0.0
00847-bCPU9suPUw9,1_3,183,fireplace,0,0,0,0.0
00847-bCPU9suPUw9,1_3,184,fireplace tool set,0,0,0,0.0
00847-bCPU9suPUw9,1_3,185,firewood,0,0,0,0.0
00847-bCPU9suPUw9,1_3,186,fishing rod,0,0,0,0.0
00847-bCPU9suPUw9,1_3,187,flag,0,0,0,0.0
00847-bCPU9suPUw9,1_3,188,flashlight,0,0,0,0.0
00847-bCPU9suPUw9,1_3,189,floor stand,0,0,0,0.0
00847-bCPU9suPUw9,1_3,190,flower stand,0,0,0,0.0
00847-bCPU9suPUw9,1_3,191,flowerbed,0,0,0,0.0
00847-bCPU9suPUw9,1_3,192,flush,0,0,0,0.0
00847-bCPU9suPUw9,1_3,193,flush button,0,0,0,0.0
00847-bCPU9suPUw9,1_3,194,flush push,0,0,0,0.0
00847-bCPU9suPUw9,1_3,195,foam,0,0,0,0.9999331291732678
00847-bCPU9suPUw9,1_3,196,folding stand,0,0,0,0.0
00847-bCPU9suPUw9,1_3,197,food,0,0,0,0.0
00847-bCPU9suPUw9,1_3,198,food processor,0,0,0,0.0
00847-bCPU9suPUw9,1_3,199,food stand,0,0,0,0.0
00847-bCPU9suPUw9,1_3,200,foosball table,0,0,0,0.0
00847-bCPU9suPUw9,1_3,201,foot spa,0,0,0,0.0
00847-bCPU9suPUw9,1_3,202,football,0,0,0,0.0
00847-bCPU9suPUw9,1_3,203,footstool,0,1,0,0.0
00847-bCPU9suPUw9,1_3,204,frame,0,0,0,0.0
00847-bCPU9suPUw9,1_3,205,fruit,0,0,0,0.0
00847-bCPU9suPUw9,1_3,206,fume cupboard,0,0,0,0.0
00847-bCPU9suPUw9,1_3,207,fur,0,0,0,0.0
00847-bCPU9suPUw9,1_3,208,furnace,0,0,0,0.0
00847-bCPU9suPUw9,1_3,209,furniture,0,0,0,0.0
00847-bCPU9suPUw9,1_3,210,game,0,0,0,0.0
00847-bCPU9suPUw9,1_3,211,game console,0,0,0,0.0
00847-bCPU9suPUw9,1_3,212,gap,0,0,0,0.0
00847-bCPU9suPUw9,1_3,213,garage door motor,0,0,0,0.0
00847-bCPU9suPUw9,1_3,214,garage door opener,0,0,0,0.0
00847-bCPU9suPUw9,1_3,215,garage door opener railing,0,0,0,0.0
00847-bCPU9suPUw9,1_3,216,gas box,0,0,0,0.0
00847-bCPU9suPUw9,1_3,217,gas container,0,0,0,0.0
00847-bCPU9suPUw9,1_3,218,gas meter,0,0,0,0.0
00847-bCPU9suPUw9,1_3,219,gauge,0,0,0,0.0
00847-bCPU9suPUw9,1_3,220,gift,0,0,0,0.0
00847-bCPU9suPUw9,1_3,221,glass,0,0,0,0.40972690766678754
00847-bCPU9suPUw9,1_3,222,glasses,0,0,0,0.0
00847-bCPU9suPUw9,1_3,223,globe,0,0,0,0.0
00847-bCPU9suPUw9,1_3,224,globe stand,0,0,0,0.0
00847-bCPU9suPUw9,1_3,225,gloves,0,0,0,0.0
00847-bCPU9suPUw9,1_3,226,glue,0,0,0,0.0
00847-bCPU9suPUw9,1_3,227,goalpost,0,0,0,0.0
00847-bCPU9suPUw9,1_3,228,golf sticks,0,0,0,0.0
00847-bCPU9suPUw9,1_3,229,grab bar,0,0,0,0.0
00847-bCPU9suPUw9,1_3,230,grass,0,0,0,0.0
00847-bCPU9suPUw9,1_3,231,grate,0,0,0,0.0
00847-bCPU9suPUw9,1_3,232,gravel,0,0,0,0.0
00847-bCPU9suPUw9,1_3,233,groceries,0,0,0,0.0
00847-bCPU9suPUw9,1_3,234,guitar,0,0,0,0.0
00847-bCPU9suPUw9,1_3,235,gun,0,0,0,0.0
00847-bCPU9suPUw9,1_3,236,gym rope,0,0,0,0.0
00847-bCPU9suPUw9,1_3,237,hair brush,0,0,0,0.0
00847-bCPU9suPUw9,1_3,238,hair dryer,0,0,0,0.0
00847-bCPU9suPUw9,1_3,239,hammer,0,0,0,0.0
00847-bCPU9suPUw9,1_3,240,hammock,0,0,0,0.0
00847-bCPU9suPUw9,1_3,241,hand dryer,0,0,0,0.0
00847-bCPU9suPUw9,1_3,242,handcart,0,0,0,0.0
00847-bCPU9suPUw9,1_3,243,handkerchiefs,0,0,0,0.0
00847-bCPU9suPUw9,1_3,244,handle,0,1,0,0.8982965773695846
00847-bCPU9suPUw9,1_3,245,hanger,0,1,0,0.0
00847-bCPU9suPUw9,1_3,246,hat,0,0,0,0.0
00847-bCPU9suPUw9,1_3,247,hatch,0,0,0,0.0
00847-bCPU9suPUw9,1_3,248,headboard,0,0,0,0.0
00847-bCPU9suPUw9,1_3,249,headphones,0,0,0,0.0
00847-bCPU9suPUw9,1_3,250,heater,0,0,0,0.0
00847-bCPU9suPUw9,1_3,251,heater piping,0,0,0,0.0
00847-bCPU9suPUw9,1_3,252,holder,0,0,0,0.0
00847-bCPU9suPUw9,1_3,253,holy cross,0,0,0,0.0
00847-bCPU9suPUw9,1_3,254,hook,0,0,0,0.0
00847-bCPU9suPUw9,1_3,255,hose,0,0,0,0.0
00847-bCPU9suPUw9,1_3,256,hourglass,0,0,0,0.0
00847-bCPU9suPUw9,1_3,257,hoverboard,0,0,0,0.0
00847-bCPU9suPUw9,1_3,258,ice maker,0,0,0,0.0
00847-bCPU9suPUw9,1_3,259,information,0,0,0,0.0
00847-bCPU9suPUw9,1_3,260,installation,0,0,0,0.0
00847-bCPU9suPUw9,1_3,261,instrument,0,0,0,0.0
00847-bCPU9suPUw9,1_3,262,iron,0,0,0,0.0
00847-bCPU9suPUw9,1_3,263,ironing board,0,0,0,0.0
00847-bCPU9suPUw9,1_3,264,jewelry,0,0,0,0.0
00847-bCPU9suPUw9,1_3,265,jug,0,0,0,0.0
00847-bCPU9suPUw9,1_3,266,keg,0,0,0,0.0
00847-bCPU9suPUw9,1_3,267,kettle,0,0,0,0.0
00847-bCPU9suPUw9,1_3,268,keys,0,0,0,0.0
00847-bCPU9suPUw9,1_3,269,kitchen appliance,0,1,0,0.0
00847-bCPU9suPUw9,1_3,270,kitchen handle,0,0,0,0.0
00847-bCPU9suPUw9,1_3,271,kitchen island,0,0,0,0.0
00847-bCPU9suPUw9,1_3,272,kitchen utensil,0,0,0,0.0
00847-bCPU9suPUw9,1_3,273,knife,0,0,0,0.0014537468081845528
00847-bCPU9suPUw9,1_3,274,knob,0,0,0,0.0
00847-bCPU9suPUw9,1_3,275,lace doily,0,0,0,0.0
00847-bCPU9suPUw9,1_3,276,ladder,0,0,0,0.0
00847-bCPU9suPUw9,1_3,277,landing,0,0,0,0.0
00847-bCPU9suPUw9,1_3,278,laundry,0,1,0,0.0
00847-bCPU9suPUw9,1_3,279,lawn mower,0,0,0,0.0
00847-bCPU9suPUw9,1_3,280,level,0,0,0,0.0
00847-bCPU9suPUw9,1_3,281,lid,0,0,0,0.0
00847-bCPU9suPUw9,1_3,282,light,1,1,1,0.0
00847-bCPU9suPUw9,1_3,283,lighter,0,0,0,0.0
00847-bCPU9suPUw9,1_3,284,liquid,0,0,0,0.0
00847-bCPU9suPUw9,1_3,285,locker,0,0,0,0.0
00847-bCPU9suPUw9,1_3,286,machine,0,0,0,0.0
00847-bCPU9suPUw9,1_3,287,mailbox,0,0,0,0.0
00847-bCPU9suPUw9,1_3,288,mannequin,0,0,0,0.0
00847-bCPU9suPUw9,1_3,289,map,0,0,0,0.0
00847-bCPU9suPUw9,1_3,290,mascot,0,0,0,0.0
00847-bCPU9suPUw9,1_3,291,massage bed,0,0,0,0.0
00847-bCPU9suPUw9,1_3,292,material,0,0,0,0.0
00847-bCPU9suPUw9,1_3,293,measuring tape,0,0,0,0.0
00847-bCPU9suPUw9,1_3,294,medical lamp,0,0,0,0.0
00847-bCPU9suPUw9,1_3,295,medical object,0,0,0,0.0
00847-bCPU9suPUw9,1_3,296,menu,0,0,0,0.0
00847-bCPU9suPUw9,1_3,297,meshwork,0,0,0,0.0
00847-bCPU9suPUw9,1_3,298,meter,0,0,0,0.0
00847-bCPU9suPUw9,1_3,299,microphone,0,0,0,0.0
00847-bCPU9suPUw9,1_3,300,microphone accessory,0,0,0,0.0
00847-bCPU9suPUw9,1_3,301,microwave,0,0,0,0.0
00847-bCPU9suPUw9,1_3,302,mirror,0,1,0,0.0
00847-bCPU9suPUw9,1_3,303,model,0,0,0,0.0
00847-bCPU9suPUw9,1_3,304,modem,0,0,0,0.0
00847-bCPU9suPUw9,1_3,305,mop,0,0,0,0.0
00847-bCPU9suPUw9,1_3,306,mortar,0,0,0,0.0
00847-bCPU9suPUw9,1_3,307,motorcycle,0,0,0,0.0
00847-bCPU9suPUw9,1_3,308,music equipment,0,0,0,0.0
00847-bCPU9suPUw9,1_3,309,napkin,0,0,0,0.0
00847-bCPU9suPUw9,1_3,310,nightstand,0,0,0,0.0
00847-bCPU9suPUw9,1_3,311,oar,0,0,0,0.0
00847-bCPU9suPUw9,1_3,312,object,0,0,0,0.0
00847-bCPU9suPUw9,1_3,313,objects,0,0,0,0.0
00847-bCPU9suPUw9,1_3,314,outlet,0,0,0,0.0
00847-bCPU9suPUw9,1_3,315,oven,0,1,0,0.0
00847-bCPU9suPUw9,1_3,316,overhang,0,0,0,0.38981246348485754
00847-bCPU9suPUw9,1_3,317,pad,0,0,0,0.0
00847-bCPU9suPUw9,1_3,318,painting stuff,0,0,0,0.0
00847-bCPU9suPUw9,1_3,319,pan,0,0,0,0.0
00847-bCPU9suPUw9,1_3,320,panel,0,0,0,0.0
00847-bCPU9suPUw9,1_3,321,pantry,0,0,0,0.0
00847-bCPU9suPUw9,1_3,322,paper holder,0,0,0,0.0
00847-bCPU9suPUw9,1_3,323,paper storage,0,0,0,0.0
00847-bCPU9suPUw9,1_3,324,paper towel,0,1,0,0.0
00847-bCPU9suPUw9,1_3,325,parapet,0,0,0,0.0
00847-bCPU9suPUw9,1_3,326,partial,0,0,0,0.0
00847-bCPU9suPUw9,1_3,327,pavement,0,0,0,0.0
00847-bCPU9suPUw9,1_3,328,pedestal,0,0,0,0.0
00847-bCPU9suPUw9,1_3,329,pen,0,0,0,0.0
00847-bCPU9suPUw9,1_3,330,pendant,0,0,0,0.0
00847-bCPU9suPUw9,1_3,331,pet bed,0,0,0,0.0
00847-bCPU9suPUw9,1_3,332,pet bowl,0,0,0,0.0
00847-bCPU9suPUw9,1_3,333,phone,0,0,0,0.0
00847-bCPU9suPUw9,1_3,334,photo mount,0,0,0,0.0
00847-bCPU9suPUw9,1_3,335,photo stand,0,0,0,0.0
00847-bCPU9suPUw9,1_3,336,piano,0,0,0,0.0
00847-bCPU9suPUw9,1_3,337,pillow,0,1,0,0.0
00847-bCPU9suPUw9,1_3,338,pitchfork,0,0,0,0.0
00847-bCPU9suPUw9,1_3,339,place mat,0,0,0,0.0
00847-bCPU9suPUw9,1_3,340,plane,0,0,0,0.0
00847-bCPU9suPUw9,1_3,341,plank,0,0,0,0.0
00847-bCPU9suPUw9,1_3,342,plant,0,1,0,0.0
00847-bCPU9suPUw9,1_3,343,plant ornament,0,0,0,0.0
00847-bCPU9suPUw9,1_3,344,platform,0,0,0,0.0
00847-bCPU9suPUw9,1_3,345,playpen,0,0,0,0.0
00847-bCPU9suPUw9,1_3,346,plenum box,0,0,0,0.9888561027082476
00847-bCPU9suPUw9,1_3,347,pliers,0,0,0,0.0
00847-bCPU9suPUw9,1_3,348,plumbing,0,0,0,0.0
00847-bCPU9suPUw9,1_3,349,plunger,0,0,0,0.0
00847-bCPU9suPUw9,1_3,350,podium,0,0,0,0.0
00847-bCPU9suPUw9,1_3,351,pole,0,0,0,0.0
00847-bCPU9suPUw9,1_3,352,pool,0,0,0,0.0
00847-bCPU9suPUw9,1_3,353,pool table,0,0,0,0.0
00847-bCPU9suPUw9,1_3,354,porcelain,0,0,0,0.0
00847-bCPU9suPUw9,1_3,355,poster,0,0,0,0.0
00847-bCPU9suPUw9,1_3,356,pot,0,0,0,0.0
00847-bCPU9suPUw9,1_3,357,pot lid,0,0,0,0.0
00847-bCPU9suPUw9,1_3,358,pouches,0,0,0,0.0
00847-bCPU9suPUw9,1_3,359,press,0,0,0,0.0
00847-bCPU9suPUw9,1_3,360,pressure washer,0,0,0,0.0
00847-bCPU9suPUw9,1_3,361,printer,0,0,0,0.0
00847-bCPU9suPUw9,1_3,362,product,0,0,0,0.0
00847-bCPU9suPUw9,1_3,363,products,0,0,0,0.0
00847-bCPU9suPUw9,1_3,364,prop,0,0,0,0.0
00847-bCPU9suPUw9,1_3,365,pump,0,0,0,0.0
00847-bCPU9suPUw9,1_3,366,punchbag,0,0,0,0.0
00847-bCPU9suPUw9,1_3,367,puppet,0,0,0,0.0
00847-bCPU9suPUw9,1_3,368,rag,0,0,0,0.0
00847-bCPU9suPUw9,1_3,369,rail,0,0,0,0.0
00847-bCPU9suPUw9,1_3,370,rake,0,0,0,0.0
00847-bCPU9suPUw9,1_3,371,receipt printer,0,0,0,0.0
00847-bCPU9suPUw9,1_3,372,records,0,0,0,0.0
00847-bCPU9suPUw9,1_3,373,recuperator,0,0,0,0.0
00847-bCPU9suPUw9,1_3,374,refrigerator,0,1,0,0.0
00847-bCPU9suPUw9,1_3,375,remote control,0,0,0,0.0
00847-bCPU9suPUw9,1_3,376,rice cooker,0,0,0,0.0
00847-bCPU9suPUw9,1_3,377,riser,0,0,0,0.0
00847-bCPU9suPUw9,1_3,378,rocking horse,0,0,0,0.0
00847-bCPU9suPUw9,1_3,379,rod,0,0,0,0.0
00847-bCPU9suPUw9,1_3,380,roll,0,0,0,0.0
00847-bCPU9suPUw9,1_3,381,rope,0,0,0,0.0
00847-bCPU9suPUw9,1_3,382,router,0,0,0,0.0
00847-bCPU9suPUw9,1_3,383,rug,0,1,0,0.0
00847-bCPU9suPUw9,1_3,384,safe,0,0,0,0.0
00847-bCPU9suPUw9,1_3,385,saturator,0,0,0,0.0
00847-bCPU9suPUw9,1_3,386,sauna,0,0,0,0.0
00847-bCPU9suPUw9,1_3,387,saw,0,0,0,0.0
00847-bCPU9suPUw9,1_3,388,saxophone,0,0,0,0.0
00847-bCPU9suPUw9,1_3,389,scale,0,0,0,0.0
00847-bCPU9suPUw9,1_3,390,scanner,0,0,0,0.0
00847-bCPU9suPUw9,1_3,391,screen,0,0,0,0.0
00847-bCPU9suPUw9,1_3,392,screen frame,0,0,0,0.0
00847-bCPU9suPUw9,1_3,393,screwdriver,0,0,0,0.0
00847-bCPU9suPUw9,1_3,394,sculpture,0,0,0,0.0
00847-bCPU9suPUw9,1_3,395,security camera,0,0,0,0.0
00847-bCPU9suPUw9,1_3,396,self-closing mechanism,0,0,0,0.0
00847-bCPU9suPUw9,1_3,397,sensor,0,1,0,0.0
00847-bCPU9suPUw9,1_3,398,separator,0,0,0,0.0
00847-bCPU9suPUw9,1_3,399,set of valves,0,0,0,0.0
00847-bCPU9suPUw9,1_3,400,sewing machine,0,0,0,0.0
00847-bCPU9suPUw9,1_3,401,sewing tools,0,0,0,0.0
00847-bCPU9suPUw9,1_3,402,shampoo,0,0,0,0.0
00847-bCPU9suPUw9,1_3,403,sheet music,0,0,0,0.0
00847-bCPU9suPUw9,1_3,404,sheets / clothes,0,0,0,0.9241634004189639
00847-bCPU9suPUw9,1_3,405,shelf,1,1,4,0.07281807402731288
00847-bCPU9suPUw9,1_3,406,ship toy,0,0,0,0.0
00847-bCPU9suPUw9,1_3,407,shisha,0,0,0,0.0
00847-bCPU9suPUw9,1_3,408,shoe,0,0,0,0.0
00847-bCPU9suPUw9,1_3,409,shoe rack,0,0,0,0.0
00847-bCPU9suPUw9,1_3,410,shoehorn,0,0,0,0.0
00847-bCPU9suPUw9,1_3,411,shovel,0,0,0,0.0
00847-bCPU9suPUw9,1_3,412,shower,0,1,0,0.0
00847-bCPU9suPUw9,1_3,413,shower seat,0,0,0,0.0
00847-bCPU9suPUw9,1_3,414,shredder,0,0,0,0.0
00847-bCPU9suPUw9,1_3,415,side table,0,0,0,0.0
00847-bCPU9suPUw9,1_3,416,sideboard,0,0,0,0.0
00847-bCPU9suPUw9,1_3,417,sign,0,0,0,0.0
00847-bCPU9suPUw9,1_3,418,silicone gun,0,0,0,0.0
00847-bCPU9suPUw9,1_3,419,silicone tube,0,0,0,0.0
00847-bCPU9suPUw9,1_3,420,sink,0,1,0,0.0
00847-bCPU9suPUw9,1_3,421,skateboard,0,0,0,0.0
00847-bCPU9suPUw9,1_3,422,skates,0,0,0,0.0
00847-bCPU9suPUw9,1_3,423,ski,0,0,0,0.0
00847-bCPU9suPUw9,1_3,424,sky,0,0,0,0.0
00847-bCPU9suPUw9,1_3,425,sled,0,0,0,0.0
00847-bCPU9suPUw9,1_3,426,sleeping bag,0,0,0,0.0
00847-bCPU9suPUw9,1_3,427,smoke detector,0,0,0,0.0
00847-bCPU9suPUw9,1_3,428,snack,0,0,0,0.0
00847-bCPU9suPUw9,1_3,429,soap,0,0,0,0.0
00847-bCPU9suPUw9,1_3,430,socks,0,0,0,0.0
00847-bCPU9suPUw9,1_3,431,sofa,0,1,0,0.0
00847-bCPU9suPUw9,1_3,432,solarium,0,0,0,0.0
00847-bCPU9suPUw9,1_3,433,speaker,0,0,0,0.0
00847-bCPU9suPUw9,1_3,434,speaker stand,0,0,0,0.0
00847-bCPU9suPUw9,1_3,435,spices,0,0,0,0.0
00847-bCPU9suPUw9,1_3,436,sponge,0,0,0,0.0
00847-bCPU9suPUw9,1_3,437,spray can,0,0,0,0.0
00847-bCPU9suPUw9,1_3,438,sprinkler,0,0,0,0.0
00847-bCPU9suPUw9,1_3,439,square,0,0,0,0.0
00847-bCPU9suPUw9,1_3,440,stack,0,0,0,0.0
00847-bCPU9suPUw9,1_3,441,stack of books / papers,0,0,0,0.0
00847-bCPU9suPUw9,1_3,442,stack of stuff,0,0,0,0.0
00847-bCPU9suPUw9,1_3,443,stack of yarns,0,0,0,0.0
00847-bCPU9suPUw9,1_3,444,stage,0,0,0,0.0
00847-bCPU9suPUw9,1_3,445,stained glass,0,0,0,0.0
00847-bCPU9suPUw9,1_3,446,stand,0,0,0,0.0
00847-bCPU9suPUw9,1_3,447,star,0,0,0,0.0
00847-bCPU9suPUw9,1_3,448,stationery,0,0,0,0.0
00847-bCPU9suPUw9,1_3,449,steel plate,0,0,0,0.0
00847-bCPU9suPUw9,1_3,450,step stool,0,0,0,0.0
00847-bCPU9suPUw9,1_3,451,stick,0,0,0,0.0
00847-bCPU9suPUw9,1_3,452,stone,0,0,0,0.0
00847-bCPU9suPUw9,1_3,453,stonework,0,0,0,0.0
00847-bCPU9suPUw9,1_3,454,stool,0,0,0,0.0
00847-bCPU9suPUw9,1_3,455,storage,0,0,0,0.0
00847-bCPU9suPUw9,1_3,456,strings,0,0,0,0.0
00847-bCPU9suPUw9,1_3,457,stroke,0,0,0,0.0
00847-bCPU9suPUw9,1_3,458,sunbed,0,0,0,0.0
00847-bCPU9suPUw9,1_3,459,support,0,0,0,0.0
00847-bCPU9suPUw9,1_3,460,surface,0,0,0,0.0
00847-bCPU9suPUw9,1_3,461,surfboard,0,0,0,0.0
00847-bCPU9suPUw9,1_3,462,swing,0,0,0,0.0
00847-bCPU9suPUw9,1_3,463,switch,0,0,0,0.0
00847-bCPU9suPUw9,1_3,464,table,0,1,0,0.0
00847-bCPU9suPUw9,1_3,465,table cloth,0,0,0,0.0
00847-bCPU9suPUw9,1_3,466,table pad,0,0,0,0.0
00847-bCPU9suPUw9,1_3,467,table stand,0,0,0,0.0
00847-bCPU9suPUw9,1_3,468,table tennis table,0,0,0,0.0
00847-bCPU9suPUw9,1_3,469,tablet,0,0,0,0.0
00847-bCPU9suPUw9,1_3,470,tambourine,0,0,0,0.0
00847-bCPU9suPUw9,1_3,471,tea set,0,0,0,0.0
00847-bCPU9suPUw9,1_3,472,telescope,0,0,0,0.0
00847-bCPU9suPUw9,1_3,473,tennis racket,0,0,0,0.0
00847-bCPU9suPUw9,1_3,474,tent,0,0,0,0.0
00847-bCPU9suPUw9,1_3,475,thermometer,0,0,0,0.0
00847-bCPU9suPUw9,1_3,476,thermostat,0,0,0,0.0
00847-bCPU9suPUw9,1_3,477,three,0,0,0,0.0
00847-bCPU9suPUw9,1_3,478,tile,0,0,0,0.0
00847-bCPU9suPUw9,1_3,479,tire,0,0,0,0.0
00847-bCPU9suPUw9,1_3,480,tissue,0,0,0,0.016895853333457
00847-bCPU9suPUw9,1_3,481,title,0,0,0,0.0
00847-bCPU9suPUw9,1_3,482,toaster,0,0,0,0.0
00847-bCPU9suPUw9,1_3,483,toaster oven,0,0,0,0.0
00847-bCPU9suPUw9,1_3,484,toilet,0,1,0,0.0
00847-bCPU9suPUw9,1_3,485,toilet brush,0,1,0,0.0
00847-bCPU9suPUw9,1_3,486,toilet cleaner,0,0,0,0.0
00847-bCPU9suPUw9,1_3,487,toilet paper,0,1,0,0.0
00847-bCPU9suPUw9,1_3,488,toiletry,0,0,0,0.0
00847-bCPU9suPUw9,1_3,489,tool,0,0,0,0.0
00847-bCPU9suPUw9,1_3,490,tool rack,0,0,0,0.0
00847-bCPU9suPUw9,1_3,491,toothbrush,0,0,0,0.0
00847-bCPU9suPUw9,1_3,492,toothpaste,0,0,0,0.0
00847-bCPU9suPUw9,1_3,493,towel,0,1,0,0.0
00847-bCPU9suPUw9,1_3,494,towel bar,0,1,0,0.0
00847-bCPU9suPUw9,1_3,495,toy,0,0,0,0.0
00847-bCPU9suPUw9,1_3,496,traffic cone,0,0,0,0.0
00847-bCPU9suPUw9,1_3,497,trampoline,0,0,0,0.0
00847-bCPU9suPUw9,1_3,498,trash bag,0,0,0,0.0
00847-bCPU9suPUw9,1_3,499,tray,0,0,0,0.0
00847-bCPU9suPUw9,1_3,500,treadmill,0,0,0,0.0
00847-bCPU9suPUw9,1_3,501,tree,0,0,0,0.0
00847-bCPU9suPUw9,1_3,502,tree branch,0,0,0,0.0
00847-bCPU9suPUw9,1_3,503,trimmer,0,0,0,0.0
00847-bCPU9suPUw9,1_3,504,tripod,0,0,0,0.0
00847-bCPU9suPUw9,1_3,505,trolley,0,0,0,0.0
00847-bCPU9suPUw9,1_3,506,trombone,0,0,0,0.0
00847-bCPU9suPUw9,1_3,507,trophy,0,0,0,0.0
00847-bCPU9suPUw9,1_3,508,trough,0,0,0,0.0
00847-bCPU9suPUw9,1_3,509,trumpet,0,0,0,0.0
00847-bCPU9suPUw9,1_3,510,tv,1,1,1,0.0
00847-bCPU9suPUw9,1_3,511,tv stand,0,0,0,0.0
00847-bCPU9suPUw9,1_3,512,typewriter,0,0,0,0.0
00847-bCPU9suPUw9,1_3,513,ukulele,0,0,0,0.0
00847-bCPU9suPUw9,1_3,514,umbrella,0,0,0,0.0
00847-bCPU9suPUw9,1_3,515,umbrella stand,0,0,0,0.0
00847-bCPU9suPUw9,1_3,516,unknown,0,1,0,0.0
00847-bCPU9suPUw9,1_3,517,vacuum cleaner,0,0,0,0.0
00847-bCPU9suPUw9,1_3,518,vanity,0,0,0,0.0
00847-bCPU9suPUw9,1_3,519,vase,0,0,0,0.0
00847-bCPU9suPUw9,1_3,520,vegetables,0,0,0,0.0
00847-bCPU9suPUw9,1_3,521,vessel,0,0,0,0.0
00847-bCPU9suPUw9,1_3,522,vinyl records,0,0,0,0.0
00847-bCPU9suPUw9,1_3,523,violin,0,0,0,0.0
00847-bCPU9suPUw9,1_3,524,violin case,0,0,0,0.0
00847-bCPU9suPUw9,1_3,525,waffle iron,0,0,0,0.0
00847-bCPU9suPUw9,1_3,526,wardrobe,0,0,0,0.0
00847-bCPU9suPUw9,1_3,527,washing machine,0,1,0,0.0
00847-bCPU9suPUw9,1_3,528,washing powder,0,0,0,0.0
00847-bCPU9suPUw9,1_3,529,washing stuff,0,0,0,0.0
00847-bCPU9suPUw9,1_3,530,watch,0,0,0,0.0
00847-bCPU9suPUw9,1_3,531,water dispenser,0,0,0,0.0
00847-bCPU9suPUw9,1_3,532,water heater,0,0,0,0.0
00847-bCPU9suPUw9,1_3,533,water meter,0,0,0,0.0
00847-bCPU9suPUw9,1_3,534,water pump,0,0,0,0.0
00847-bCPU9suPUw9,1_3,535,water tank,0,0,0,0.0
00847-bCPU9suPUw9,1_3,536,watering can,0,0,0,0.0
00847-bCPU9suPUw9,1_3,537,weight,0,0,0,0.0
00847-bCPU9suPUw9,1_3,538,weight bench,0,0,0,0.0
00847-bCPU9suPUw9,1_3,539,weights,0,0,0,0.0
00847-bCPU9suPUw9,1_3,540,wheel,0,0,0,0.0
00847-bCPU9suPUw9,1_3,541,wheelbarrow,0,0,0,0.0
00847-bCPU9suPUw9,1_3,542,window shade,0,1,0,0.7522973892651383
00847-bCPU9suPUw9,1_3,543,wine,0,0,0,0.0
00847-bCPU9suPUw9,1_3,544,wine storage,0,0,0,0.0
00847-bCPU9suPUw9,1_3,545,wood,0,0,0,0.9999999999975879
00847-bCPU9suPUw9,1_3,546,wrench,0,0,0,0.0
00847-bCPU9suPUw9,1_4,0,acoustic panel,0,0,0,0.0
00847-bCPU9suPUw9,1_4,1,air conditioner,0,0,0,0.0
00847-bCPU9suPUw9,1_4,2,air freshener,0,0,0,0.0
00847-bCPU9suPUw9,1_4,3,air hockey,0,0,0,0.0
00847-bCPU9suPUw9,1_4,4,air purifier,0,0,0,0.0
00847-bCPU9suPUw9,1_4,5,aisle frame,0,0,0,0.0
00847-bCPU9suPUw9,1_4,6,alarm,0,0,0,0.0
00847-bCPU9suPUw9,1_4,7,album,0,0,0,0.0
00847-bCPU9suPUw9,1_4,8,amplifier,0,0,0,0.0
00847-bCPU9suPUw9,1_4,9,appliance,0,0,0,0.0
00847-bCPU9suPUw9,1_4,10,apron,0,0,0,0.0
00847-bCPU9suPUw9,1_4,11,aquarium,0,0,0,0.0
00847-bCPU9suPUw9,1_4,12,arcade game,0,0,0,0.0
00847-bCPU9suPUw9,1_4,13,artwork,0,1,0,0.0
00847-bCPU9suPUw9,1_4,14,ashtray,0,0,0,0.0
00847-bCPU9suPUw9,1_4,15,audio player,0,0,0,0.0
00847-bCPU9suPUw9,1_4,16,axe,0,0,0,0.0
00847-bCPU9suPUw9,1_4,17,baby changing table,0,0,0,0.0
00847-bCPU9suPUw9,1_4,18,backrest,0,0,0,0.0
00847-bCPU9suPUw9,1_4,19,backsplash,0,0,0,0.0
00847-bCPU9suPUw9,1_4,20,bag,0,0,0,0.0
00847-bCPU9suPUw9,1_4,21,ball,0,0,0,0.0
00847-bCPU9suPUw9,1_4,22,ball pool,0,0,0,0.0
00847-bCPU9suPUw9,1_4,23,bar,0,0,0,0.0
00847-bCPU9suPUw9,1_4,24,barbecue,0,0,0,0.0
00847-bCPU9suPUw9,1_4,25,barrel,0,0,0,0.0
00847-bCPU9suPUw9,1_4,26,base,0,0,0,0.0
00847-bCPU9suPUw9,1_4,27,baseball bat,0,0,0,0.0
00847-bCPU9suPUw9,1_4,28,basket,0,0,0,0.0
00847-bCPU9suPUw9,1_4,29,basketball hoop,0,0,0,0.0
00847-bCPU9suPUw9,1_4,30,basketballs,0,0,0,0.0
00847-bCPU9suPUw9,1_4,31,bathroom accessory,0,0,0,0.5337206026099282
00847-bCPU9suPUw9,1_4,32,bathtub,1,1,1,0.8483066093729732
00847-bCPU9suPUw9,1_4,33,bed,1,1,1,0.8490327245988369
00847-bCPU9suPUw9,1_4,34,bed ladder,0,0,0,0.0
00847-bCPU9suPUw9,1_4,35,beer crate,0,0,0,0.0
00847-bCPU9suPUw9,1_4,36,bell,0,0,0,0.0
00847-bCPU9suPUw9,1_4,37,belt,0,0,0,0.0
00847-bCPU9suPUw9,1_4,38,bench,0,0,0,0.0
00847-bCPU9suPUw9,1_4,39,beverage dispenser,0,0,0,0.0
00847-bCPU9suPUw9,1_4,40,bicycle,0,0,0,0.0
00847-bCPU9suPUw9,1_4,41,bicycle helmet,0,0,0,0.0
00847-bCPU9suPUw9,1_4,42,bin,0,1,0,0.6427684873870972
00847-bCPU9suPUw9,1_4,43,birdhouse,0,0,0,0.0
00847-bCPU9suPUw9,1_4,44,blanket,0,0,0,0.00012912954942390087
00847-bCPU9suPUw9,1_4,45,board,0,0,0,0.0
00847-bCPU9suPUw9,1_4,46,board game,0,0,0,0.0
00847-bCPU9suPUw9,1_4,47,board with keys,0,0,0,0.0
00847-bCPU9suPUw9,1_4,48,book,0,0,0,0.0
00847-bCPU9suPUw9,1_4,49,bottle,0,0,0,0.0
00847-bCPU9suPUw9,1_4,50,bottle dispenser,0,0,0,0.0
00847-bCPU9suPUw9,1_4,51,bottle opener,0,0,0,0.0
00847-bCPU9suPUw9,1_4,52,bowl,0,0,0,0.0
00847-bCPU9suPUw9,1_4,53,box,0,1,0,0.0
00847-bCPU9suPUw9,1_4,54,boxing ring,0,0,0,0.0
00847-bCPU9suPUw9,1_4,55,bread,0,0,0,0.0
00847-bCPU9suPUw9,1_4,56,bread box,0,0,0,0.0
00847-bCPU9suPUw9,1_4,57,bricks,0,0,0,0.0
00847-bCPU9suPUw9,1_4,58,bridge,0,0,0,0.0
00847-bCPU9suPUw9,1_4,59,broom,0,0,0,0.0
00847-bCPU9suPUw9,1_4,60,brush,0,0,0,0.0
00847-bCPU9suPUw9,1_4,61,bucket,0,0,0,0.0
00847-bCPU9suPUw9,1_4,62,buffet,0,0,0,0.0
00847-bCPU9suPUw9,1_4,63,button,0,0,0,0.0
00847-bCPU9suPUw9,1_4,64,cabinet,1,1,3,0.0
00847-bCPU9suPUw9,1_4,65,cable,0,0,0,0.0
00847-bCPU9suPUw9,1_4,66,cage,0,0,0,0.0
00847-bCPU9suPUw9,1_4,67,cake,0,0,0,0.0
00847-bCPU9suPUw9,1_4,68,calculator,0,0,0,0.0
00847-bCPU9suPUw9,1_4,69,calendar,0,0,0,0.0
00847-bCPU9suPUw9,1_4,70,camera,0,0,0,0.0
00847-bCPU9suPUw9,1_4,71,can,0,0,0,0.0
00847-bCPU9suPUw9,1_4,72,canal,0,0,0,0.0
00847-bCPU9suPUw9,1_4,73,candelabra,0,0,0,0.0
00847-bCPU9suPUw9,1_4,74,candle,0,0,0,0.0
00847-bCPU9suPUw9,1_4,75,candle holder,0,0,0,0.0
00847-bCPU9suPUw9,1_4,76,candle stand,0,0,0,0.0
00847-bCPU9suPUw9,1_4,77,candlestick,0,0,0,0.0
00847-bCPU9suPUw9,1_4,78,canoe,0,0,0,0.0
00847-bCPU9suPUw9,1_4,79,canopy,0,0,0,0.0
00847-bCPU9suPUw9,1_4,80,car,0,0,0,0.0
00847-bCPU9suPUw9,1_4,81,card,0,0,0,0.0
00847-bCPU9suPUw9,1_4,82,cardboard,0,0,0,1.0
00847-bCPU9suPUw9,1_4,83,cart,0,0,0,0.0
00847-bCPU9suPUw9,1_4,84,cash register,0,0,0,0.0
00847-bCPU9suPUw9,1_4,85,casket,0,0,0,0.0
00847-bCPU9suPUw9,1_4,86,cassette,0,0,0,0.0
00847-bCPU9suPUw9,1_4,87,cat,0,0,0,0.9683042149359015
00847-bCPU9suPUw9,1_4,88,cat food,0,0,0,0.0
00847-bCPU9suPUw9,1_4,89,cat litter box,0,0,0,0.0
00847-bCPU9suPUw9,1_4,90,cat tree,0,0,0,0.0
00847-bCPU9suPUw9,1_4,91,cd,0,0,0,0.0
00847-bCPU9suPUw9,1_4,92,ceiling arch,0,0,0,0.0
00847-bCPU9suPUw9,1_4,93,ceiling chassis,0,0,0,0.0649877413085802
00847-bCPU9suPUw9,1_4,94,ceiling ladder,0,0,0,0.9836001607045464
00847-bCPU9suPUw9,1_4,95,ceramics,0,0,0,0.0
00847-bCPU9suPUw9,1_4,96,chain,0,0,0,0.0
00847-bCPU9suPUw9,1_4,97,chair,1,1,1,0.0
00847-bCPU9suPUw9,1_4,98,chair stand,0,0,0,0.0
00847-bCPU9suPUw9,1_4,99,chassis,0,0,0,0.0
00847-bCPU9suPUw9,1_4,100,chest,0,0,0,0.9999949667845787
00847-bCPU9suPUw9,1_4,101,child car seat,0,0,0,0.0
00847-bCPU9suPUw9,1_4,102,christmas tree,0,0,0,0.0
00847-bCPU9suPUw9,1_4,103,clarinet,0,0,0,0.0
00847-bCPU9suPUw9,1_4,104,cleaner,0,0,0,0.0
00847-bCPU9suPUw9,1_4,105,clock,0,1,0,0.0
00847-bCPU9suPUw9,1_4,106,closet door,0,0,0,0.9999999999984998
00847-bCPU9suPUw9,1_4,107,cloth,0,0,0,0.0
00847-bCPU9suPUw9,1_4,108,cloth holder,0,0,0,0.0
00847-bCPU9suPUw9,1_4,109,clothes,0,0,0,0.0
00847-bCPU9suPUw9,1_4,110,clothes container,0,0,0,0.0
00847-bCPU9suPUw9,1_4,111,clothes dryer,0,0,0,0.0
00847-bCPU9suPUw9,1_4,112,clothes rack,0,0,0,0.0
00847-bCPU9suPUw9,1_4,113,clutter,0,0,0,0.0
00847-bCPU9suPUw9,1_4,114,coaster,0,0,0,0.0
00847-bCPU9suPUw9,1_4,115,coffee maker,0,0,0,0.0
00847-bCPU9suPUw9,1_4,116,coffee table,0,0,0,0.0
00847-bCPU9suPUw9,1_4,117,compressor,0,0,0,0.0
00847-bCPU9suPUw9,1_4,118,computer,0,0,0,0.0
00847-bCPU9suPUw9,1_4,119,computer equipment,0,0,0,0.0
00847-bCPU9suPUw9,1_4,120,cone,0,0,0,0.5865997746994301
00847-bCPU9suPUw9,1_4,121,construction stuff,0,0,0,0.0
00847-bCPU9suPUw9,1_4,122,container,0,0,0,0.0
00847-bCPU9suPUw9,1_4,123,controller,0,0,0,0.0
00847-bCPU9suPUw9,1_4,124,cosmetics,0,0,0,0.0
00847-bCPU9suPUw9,1_4,125,counter door,0,0,0,0.0
00847-bCPU9suPUw9,1_4,126,countertop,0,0,0,0.0
00847-bCPU9suPUw9,1_4,127,countertop item,0,0,0,0.0
00847-bCPU9suPUw9,1_4,128,cover,0,0,0,0.0
00847-bCPU9suPUw9,1_4,129,cross,0,0,0,0.0
00847-bCPU9suPUw9,1_4,130,crutches,0,0,0,0.0
00847-bCPU9suPUw9,1_4,131,cup,0,0,0,0.0
00847-bCPU9suPUw9,1_4,132,curb,0,0,0,0.0
00847-bCPU9suPUw9,1_4,133,curtain,1,1,1,3.674039886147895e-05
00847-bCPU9suPUw9,1_4,134,cushion,0,0,0,0.9802100200912819
00847-bCPU9suPUw9,1_4,135,cutlery,0,0,0,0.0
00847-bCPU9suPUw9,1_4,136,cyp,0,0,0,0.0
00847-bCPU9suPUw9,1_4,137,dartboard,0,0,0,0.0
00847-bCPU9suPUw9,1_4,138,decoder,0,0,0,0.0
00847-bCPU9suPUw9,1_4,139,decoration,1,1,1,0.0
00847-bCPU9suPUw9,1_4,140,dehumidifier,0,0,0,0.0
00847-bCPU9suPUw9,1_4,141,den,0,0,0,0.0
00847-bCPU9suPUw9,1_4,142,desk,0,1,0,0.0
00847-bCPU9suPUw9,1_4,143,desk door,0,0,0,0.0
00847-bCPU9suPUw9,1_4,144,dinnerware,0,0,0,0.0
00847-bCPU9suPUw9,1_4,145,diploma,0,0,0,0.0
00847-bCPU9suPUw9,1_4,146,dirt ground,0,0,0,0.0
00847-bCPU9suPUw9,1_4,147,dish rack,0,0,0,0.0
00847-bCPU9suPUw9,1_4,148,dishwasher,0,0,0,0.0
00847-bCPU9suPUw9,1_4,149,dispenser,0,0,0,0.0
00847-bCPU9suPUw9,1_4,150,display case,0,0,0,0.0
00847-bCPU9suPUw9,1_4,151,document,0,0,0,0.0
00847-bCPU9suPUw9,1_4,152,document holder,0,0,0,0.0
00847-bCPU9suPUw9,1_4,153,dog leash,0,0,0,0.0
00847-bCPU9suPUw9,1_4,154,dog toy,0,0,0,0.0
00847-bCPU9suPUw9,1_4,155,doily,0,0,0,0.0
00847-bCPU9suPUw9,1_4,156,doll,0,0,0,0.0
00847-bCPU9suPUw9,1_4,157,door screen,0,0,0,0.0
00847-bCPU9suPUw9,1_4,158,drawer,1,1,1,0.9954829277220846
00847-bCPU9suPUw9,1_4,159,drawer cart,0,0,0,0.0
00847-bCPU9suPUw9,1_4,160,dressing table,0,0,0,0.0
00847-bCPU9suPUw9,1_4,161,drill,0,0,0,0.0
00847-bCPU9suPUw9,1_4,162,drum,0,0,0,0.0
00847-bCPU9suPUw9,1_4,163,dustpan,0,0,0,0.0
00847-bCPU9suPUw9,1_4,164,dvd,0,0,0,0.0
00847-bCPU9suPUw9,1_4,165,easel,0,0,0,0.0
00847-bCPU9suPUw9,1_4,166,electric hub,0,0,0,0.0
00847-bCPU9suPUw9,1_4,167,electric wire casing,0,0,0,0.0
00847-bCPU9suPUw9,1_4,168,electrical box,0,0,0,0.0
00847-bCPU9suPUw9,1_4,169,electrical device,0,1,0,0.0
00847-bCPU9suPUw9,1_4,170,electrical installation,0,0,0,0.0
00847-bCPU9suPUw9,1_4,171,elevator,0,0,0,0.0
00847-bCPU9suPUw9,1_4,172,exercise ball,0,0,0,0.0
00847-bCPU9suPUw9,1_4,173,exercise bike,0,0,0,0.0
00847-bCPU9suPUw9,1_4,174,exercise equipment,0,0,0,0.0
00847-bCPU9suPUw9,1_4,175,exercise ladder,0,0,0,0.0
00847-bCPU9suPUw9,1_4,176,exercise mat,0,0,0,0.0
00847-bCPU9suPUw9,1_4,177,exhibition panel,0,0,0,0.0
00847-bCPU9suPUw9,1_4,178,extractor hood,0,0,0,0.0
00847-bCPU9suPUw9,1_4,179,eyeglasses,0,0,0,0.0
00847-bCPU9suPUw9,1_4,180,fan,0,0,0,0.04370132841988483
00847-bCPU9suPUw9,1_4,181,faucet,1,1,2,0.9453446414015113
00847-bCPU9suPUw9,1_4,182,fire extinguisher,0,0,0,0.0
00847-bCPU9suPUw9,1_4,183,fireplace,0,0,0,0.0
00847-bCPU9suPUw9,1_4,184,fireplace tool set,0,0,0,0.0
00847-bCPU9suPUw9,1_4,185,firewood,0,0,0,0.0
00847-bCPU9suPUw9,1_4,186,fishing rod,0,0,0,0.0
00847-bCPU9suPUw9,1_4,187,flag,0,0,0,0.0
00847-bCPU9suPUw9,1_4,188,flashlight,0,0,0,0.0
00847-bCPU9suPUw9,1_4,189,floor stand,0,0,0,0.0
00847-bCPU9suPUw9,1_4,190,flower stand,0,0,0,0.0
00847-bCPU9suPUw9,1_4,191,flowerbed,0,0,0,0.0
00847-bCPU9suPUw9,1_4,192,flush,0,0,0,0.0
00847-bCPU9suPUw9,1_4,193,flush button,0,0,0,0.0
00847-bCPU9suPUw9,1_4,194,flush push,0,0,0,0.0
00847-bCPU9suPUw9,1_4,195,foam,0,0,0,0.0
00847-bCPU9suPUw9,1_4,196,folding stand,0,0,0,0.0
00847-bCPU9suPUw9,1_4,197,food,0,0,0,0.0
00847-bCPU9suPUw9,1_4,198,food processor,0,0,0,0.0
00847-bCPU9suPUw9,1_4,199,food stand,0,0,0,0.0
00847-bCPU9suPUw9,1_4,200,foosball table,0,0,0,0.0
00847-bCPU9suPUw9,1_4,201,foot spa,0,0,0,0.0
00847-bCPU9suPUw9,1_4,202,football,0,0,0,0.0
00847-bCPU9suPUw9,1_4,203,footstool,1,1,1,0.5861871750376862
00847-bCPU9suPUw9,1_4,204,frame,0,0,0,0.0
00847-bCPU9suPUw9,1_4,205,fruit,0,0,0,0.0
00847-bCPU9suPUw9,1_4,206,fume cupboard,0,0,0,0.0
00847-bCPU9suPUw9,1_4,207,fur,0,0,0,0.0
00847-bCPU9suPUw9,1_4,208,furnace,0,0,0,0.0
00847-bCPU9suPUw9,1_4,209,furniture,0,0,0,0.0
00847-bCPU9suPUw9,1_4,210,game,0,0,0,0.0
00847-bCPU9suPUw9,1_4,211,game console,0,0,0,0.0
00847-bCPU9suPUw9,1_4,212,gap,0,0,0,0.0
00847-bCPU9suPUw9,1_4,213,garage door motor,0,0,0,0.0
00847-bCPU9suPUw9,1_4,214,garage door opener,0,0,0,0.0
00847-bCPU9suPUw9,1_4,215,garage door opener railing,0,0,0,0.0
00847-bCPU9suPUw9,1_4,216,gas box,0,0,0,0.0
00847-bCPU9suPUw9,1_4,217,gas container,0,0,0,0.0
00847-bCPU9suPUw9,1_4,218,gas meter,0,0,0,0.0
00847-bCPU9suPUw9,1_4,219,gauge,0,0,0,0.0
00847-bCPU9suPUw9,1_4,220,gift,0,0,0,0.0
00847-bCPU9suPUw9,1_4,221,glass,0,0,0,9.959583063856581e-05
00847-bCPU9suPUw9,1_4,222,glasses,0,0,0,0.0
00847-bCPU9suPUw9,1_4,223,globe,0,0,0,0.0
00847-bCPU9suPUw9,1_4,224,globe stand,0,0,0,0.0
00847-bCPU9suPUw9,1_4,225,gloves,0,0,0,0.0
00847-bCPU9suPUw9,1_4,226,glue,0,0,0,0.0
00847-bCPU9suPUw9,1_4,227,goalpost,0,0,0,0.0
00847-bCPU9suPUw9,1_4,228,golf sticks,0,0,0,0.0
00847-bCPU9suPUw9,1_4,229,grab bar,0,0,0,0.0
00847-bCPU9suPUw9,1_4,230,grass,0,0,0,0.0
00847-bCPU9suPUw9,1_4,231,grate,0,0,0,0.5627416806860158
00847-bCPU9suPUw9,1_4,232,gravel,0,0,0,0.0
00847-bCPU9suPUw9,1_4,233,groceries,0,0,0,0.0
00847-bCPU9suPUw9,1_4,234,guitar,0,0,0,0.0
00847-bCPU9suPUw9,1_4,235,gun,0,0,0,0.0
00847-bCPU9suPUw9,1_4,236,gym rope,0,0,0,0.0
00847-bCPU9suPUw9,1_4,237,hair brush,0,0,0,0.0
00847-bCPU9suPUw9,1_4,238,hair dryer,0,0,0,0.0
00847-bCPU9suPUw9,1_4,239,hammer,0,0,0,0.0
00847-bCPU9suPUw9,1_4,240,hammock,0,0,0,0.0
00847-bCPU9suPUw9,1_4,241,hand dryer,0,0,0,0.0
00847-bCPU9suPUw9,1_4,242,handcart,0,0,0,0.0
00847-bCPU9suPUw9,1_4,243,handkerchiefs,0,0,0,0.0
00847-bCPU9suPUw9,1_4,244,handle,1,1,1,0.9725405762591527
00847-bCPU9suPUw9,1_4,245,hanger,0,1,0,0.0
00847-bCPU9suPUw9,1_4,246,hat,0,0,0,0.0
00847-bCPU9suPUw9,1_4,247,hatch,0,0,0,0.0
00847-bCPU9suPUw9,1_4,248,headboard,0,0,0,0.0
00847-bCPU9suPUw9,1_4,249,headphones,0,0,0,0.0
00847-bCPU9suPUw9,1_4,250,heater,0,0,0,0.0045023249404293475
00847-bCPU9suPUw9,1_4,251,heater piping,0,0,0,0.0
00847-bCPU9suPUw9,1_4,252,holder,0,0,0,0.0
00847-bCPU9suPUw9,1_4,253,holy cross,0,0,0,0.0
00847-bCPU9suPUw9,1_4,254,hook,0,0,0,0.0
00847-bCPU9suPUw9,1_4,255,hose,0,0,0,0.0
00847-bCPU9suPUw9,1_4,256,hourglass,0,0,0,0.0
00847-bCPU9suPUw9,1_4,257,hoverboard,0,0,0,0.0
00847-bCPU9suPUw9,1_4,258,ice maker,0,0,0,0.0
00847-bCPU9suPUw9,1_4,259,information,0,0,0,0.0
00847-bCPU9suPUw9,1_4,260,installation,0,0,0,0.0
00847-bCPU9suPUw9,1_4,261,instrument,0,0,0,0.0
00847-bCPU9suPUw9,1_4,262,iron,0,0,0,0.0
00847-bCPU9suPUw9,1_4,263,ironing board,0,0,0,0.0
00847-bCPU9suPUw9,1_4,264,jewelry,0,0,0,0.0
00847-bCPU9suPUw9,1_4,265,jug,0,0,0,0.0
00847-bCPU9suPUw9,1_4,266,keg,0,0,0,0.0
00847-bCPU9suPUw9,1_4,267,kettle,0,0,0,0.0
00847-bCPU9suPUw9,1_4,268,keys,0,0,0,0.0
00847-bCPU9suPUw9,1_4,269,kitchen appliance,0,1,0,0.0
00847-bCPU9suPUw9,1_4,270,kitchen handle,0,0,0,0.0
00847-bCPU9suPUw9,1_4,271,kitchen island,0,0,0,0.0
00847-bCPU9suPUw9,1_4,272,kitchen utensil,0,0,0,0.0
00847-bCPU9suPUw9,1_4,273,knife,0,0,0,0.0
00847-bCPU9suPUw9,1_4,274,knob,0,0,0,0.0
00847-bCPU9suPUw9,1_4,275,lace doily,0,0,0,0.0
00847-bCPU9suPUw9,1_4,276,ladder,0,0,0,0.55405602464405
00847-bCPU9suPUw9,1_4,277,landing,0,0,0,0.0
00847-bCPU9suPUw9,1_4,278,laundry,1,1,1,0.0
00847-bCPU9suPUw9,1_4,279,lawn mower,0,0,0,0.0
00847-bCPU9suPUw9,1_4,280,level,0,0,0,0.0
00847-bCPU9suPUw9,1_4,281,lid,0,0,0,0.0
00847-bCPU9suPUw9,1_4,282,light,1,1,5,0.0
00847-bCPU9suPUw9,1_4,283,lighter,0,0,0,0.0
00847-bCPU9suPUw9,1_4,284,liquid,0,0,0,0.0
00847-bCPU9suPUw9,1_4,285,locker,0,0,0,0.0
00847-bCPU9suPUw9,1_4,286,machine,0,0,0,0.0
00847-bCPU9suPUw9,1_4,287,mailbox,0,0,0,0.0
00847-bCPU9suPUw9,1_4,288,mannequin,0,0,0,0.0
00847-bCPU9suPUw9,1_4,289,map,0,0,0,0.0
00847-bCPU9suPUw9,1_4,290,mascot,0,0,0,0.0
00847-bCPU9suPUw9,1_4,291,massage bed,0,0,0,0.0
00847-bCPU9suPUw9,1_4,292,material,0,0,0,0.0
00847-bCPU9suPUw9,1_4,293,measuring tape,0,0,0,0.0
00847-bCPU9suPUw9,1_4,294,medical lamp,0,0,0,0.0
00847-bCPU9suPUw9,1_4,295,medical object,0,0,0,0.0
00847-bCPU9suPUw9,1_4,296,menu,0,0,0,0.0
00847-bCPU9suPUw9,1_4,297,meshwork,0,0,0,0.0
00847-bCPU9suPUw9,1_4,298,meter,0,0,0,0.0
00847-bCPU9suPUw9,1_4,299,microphone,0,0,0,0.0
00847-bCPU9suPUw9,1_4,300,microphone accessory,0,0,0,0.0
00847-bCPU9suPUw9,1_4,301,microwave,0,0,0,0.0
00847-bCPU9suPUw9,1_4,302,mirror,1,1,3,0.9998627667274625
00847-bCPU9suPUw9,1_4,303,model,0,0,0,0.0
00847-bCPU9suPUw9,1_4,304,modem,0,0,0,0.0
00847-bCPU9suPUw9,1_4,305,mop,0,0,0,0.0
00847-bCPU9suPUw9,1_4,306,mortar,0,0,0,0.0
00847-bCPU9suPUw9,1_4,307,motorcycle,0,0,0,0.0
00847-bCPU9suPUw9,1_4,308,music equipment,0,0,0,0.0
00847-bCPU9suPUw9,1_4,309,napkin,0,0,0,0.0
00847-bCPU9suPUw9,1_4,310,nightstand,0,0,0,0.9990748094992032
00847-bCPU9suPUw9,1_4,311,oar,0,0,0,0.0
00847-bCPU9suPUw9,1_4,312,object,0,0,0,0.0
00847-bCPU9suPUw9,1_4,313,objects,0,0,0,0.0
00847-bCPU9suPUw9,1_4,314,outlet,0,0,0,0.0
00847-bCPU9suPUw9,1_4,315,oven,0,1,0,0.0
00847-bCPU9suPUw9,1_4,316,overhang,0,0,0,0.9956103538728737
00847-bCPU9suPUw9,1_4,317,pad,0,0,0,0.0
00847-bCPU9suPUw9,1_4,318,painting stuff,0,0,0,0.0
00847-bCPU9suPUw9,1_4,319,pan,0,0,0,0.0
00847-bCPU9suPUw9,1_4,320,panel,0,0,0,0.0
00847-bCPU9suPUw9,1_4,321,pantry,0,0,0,0.0
00847-bCPU9suPUw9,1_4,322,paper holder,0,0,0,0.0
00847-bCPU9suPUw9,1_4,323,paper storage,0,0,0,0.0
00847-bCPU9suPUw9,1_4,324,paper towel,0,1,0,0.0
00847-bCPU9suPUw9,1_4,325,parapet,0,0,0,0.0
00847-bCPU9suPUw9,1_4,326,partial,0,0,0,0.9463987807210295
00847-bCPU9suPUw9,1_4,327,pavement,0,0,0,0.0
00847-bCPU9suPUw9,1_4,328,pedestal,0,0,0,0.0
00847-bCPU9suPUw9,1_4,329,pen,0,0,0,0.0
00847-bCPU9suPUw9,1_4,330,pendant,0,0,0,0.4761022417605214
00847-bCPU9suPUw9,1_4,331,pet bed,0,0,0,0.0
00847-bCPU9suPUw9,1_4,332,pet bowl,0,0,0,0.0
00847-bCPU9suPUw9,1_4,333,phone,0,0,0,0.0
00847-bCPU9suPUw9,1_4,334,photo mount,0,0,0,0.0
00847-bCPU9suPUw9,1_4,335,photo stand,0,0,0,0.0
00847-bCPU9suPUw9,1_4,336,piano,0,0,0,0.0
00847-bCPU9suPUw9,1_4,337,pillow,1,1,3,0.003421732666846422
00847-bCPU9suPUw9,1_4,338,pitchfork,0,0,0,0.0
00847-bCPU9suPUw9,1_4,339,place mat,0,0,0,0.0
00847-bCPU9suPUw9,1_4,340,plane,0,0,0,0.0
00847-bCPU9suPUw9,1_4,341,plank,0,0,0,0.0
00847-bCPU9suPUw9,1_4,342,plant,0,1,0,0.0
00847-bCPU9suPUw9,1_4,343,plant ornament,0,0,0,0.0
00847-bCPU9suPUw9,1_4,344,platform,0,0,0,0.0
00847-bCPU9suPUw9,1_4,345,playpen,0,0,0,0.0
00847-bCPU9suPUw9,1_4,346,plenum box,0,0,0,0.7140403171212961
00847-bCPU9suPUw9,1_4,347,pliers,0,0,0,0.0
00847-bCPU9suPUw9,1_4,348,plumbing,0,0,0,0.0
00847-bCPU9suPUw9,1_4,349,plunger,0,0,0,0.0
00847-bCPU9suPUw9,1_4,350,podium,0,0,0,0.0
00847-bCPU9suPUw9,1_4,351,pole,0,0,0,0.4465014928722604
00847-bCPU9suPUw9,1_4,352,pool,0,0,0,0.0
00847-bCPU9suPUw9,1_4,353,pool table,0,0,0,0.0
00847-bCPU9suPUw9,1_4,354,porcelain,0,0,0,0.0
00847-bCPU9suPUw9,1_4,355,poster,0,0,0,0.0
00847-bCPU9suPUw9,1_4,356,pot,0,0,0,0.0
00847-bCPU9suPUw9,1_4,357,pot lid,0,0,0,0.0
00847-bCPU9suPUw9,1_4,358,pouches,0,0,0,0.0
00847-bCPU9suPUw9,1_4,359,press,0,0,0,0.0
00847-bCPU9suPUw9,1_4,360,pressure washer,0,0,0,0.0
00847-bCPU9suPUw9,1_4,361,printer,0,0,0,0.0
00847-bCPU9suPUw9,1_4,362,product,0,0,0,0.0
00847-bCPU9suPUw9,1_4,363,products,0,0,0,0.0
00847-bCPU9suPUw9,1_4,364,prop,0,0,0,0.0
00847-bCPU9suPUw9,1_4,365,pump,0,0,0,0.0
00847-bCPU9suPUw9,1_4,366,punchbag,0,0,0,0.0
00847-bCPU9suPUw9,1_4,367,puppet,0,0,0,0.0
00847-bCPU9suPUw9,1_4,368,rag,0,0,0,0.0
00847-bCPU9suPUw9,1_4,369,rail,0,0,0,0.0
00847-bCPU9suPUw9,1_4,370,rake,0,0,0,0.0
00847-bCPU9suPUw9,1_4,371,receipt printer,0,0,0,0.0
00847-bCPU9suPUw9,1_4,372,records,0,0,0,0.0
00847-bCPU9suPUw9,1_4,373,recuperator,0,0,0,0.0
00847-bCPU9suPUw9,1_4,374,refrigerator,0,1,0,0.0
00847-bCPU9suPUw9,1_4,375,remote control,0,0,0,0.0
00847-bCPU9suPUw9,1_4,376,rice cooker,0,0,0,0.0
00847-bCPU9suPUw9,1_4,377,riser,0,0,0,0.0
00847-bCPU9suPUw9,1_4,378,rocking horse,0,0,0,0.0
00847-bCPU9suPUw9,1_4,379,rod,0,0,0,0.3815994189343772
00847-bCPU9suPUw9,1_4,380,roll,0,0,0,0.0
00847-bCPU9suPUw9,1_4,381,rope,0,0,0,0.0
00847-bCPU9suPUw9,1_4,382,router,0,0,0,0.0
00847-bCPU9suPUw9,1_4,383,rug,0,1,0,0.0
00847-bCPU9suPUw9,1_4,384,safe,0,0,0,0.0
00847-bCPU9suPUw9,1_4,385,saturator,0,0,0,0.0
00847-bCPU9suPUw9,1_4,386,sauna,0,0,0,0.0
00847-bCPU9suPUw9,1_4,387,saw,0,0,0,0.0
00847-bCPU9suPUw9,1_4,388,saxophone,0,0,0,0.0
00847-bCPU9suPUw9,1_4,389,scale,0,0,0,0.0
00847-bCPU9suPUw9,1_4,390,scanner,0,0,0,0.0
00847-bCPU9suPUw9,1_4,391,screen,0,0,0,0.0
00847-bCPU9suPUw9,1_4,392,screen frame,0,0,0,0.5353331959862386
00847-bCPU9suPUw9,1_4,393,screwdriver,0,0,0,0.0
00847-bCPU9suPUw9,1_4,394,sculpture,0,0,0,0.0
00847-bCPU9suPUw9,1_4,395,security camera,0,0,0,0.0
00847-bCPU9suPUw9,1_4,396,self-closing mechanism,0,0,0,0.0
00847-bCPU9suPUw9,1_4,397,sensor,0,1,0,0.0
00847-bCPU9suPUw9,1_4,398,separator,0,0,0,0.0
00847-bCPU9suPUw9,1_4,399,set of valves,0,0,0,0.0
00847-bCPU9suPUw9,1_4,400,sewing machine,0,0,0,0.0
00847-bCPU9suPUw9,1_4,401,sewing tools,0,0,0,0.0
00847-bCPU9suPUw9,1_4,402,shampoo,0,0,0,0.0
00847-bCPU9suPUw9,1_4,403,sheet music,0,0,0,0.0
00847-bCPU9suPUw9,1_4,404,sheets / clothes,0,0,0,0.0
00847-bCPU9suPUw9,1_4,405,shelf,1,1,8,0.9853160583727018
00847-bCPU9suPUw9,1_4,406,ship toy,0,0,0,0.0
00847-bCPU9suPUw9,1_4,407,shisha,0,0,0,0.0
00847-bCPU9suPUw9,1_4,408,shoe,0,0,0,0.0
00847-bCPU9suPUw9,1_4,409,shoe rack,0,0,0,0.0
00847-bCPU9suPUw9,1_4,410,shoehorn,0,0,0,0.0
00847-bCPU9suPUw9,1_4,411,shovel,0,0,0,0.0
00847-bCPU9suPUw9,1_4,412,shower,1,1,1,0.999795585130267
00847-bCPU9suPUw9,1_4,413,shower seat,0,0,0,0.0
00847-bCPU9suPUw9,1_4,414,shredder,0,0,0,0.0
00847-bCPU9suPUw9,1_4,415,side table,0,0,0,0.0
00847-bCPU9suPUw9,1_4,416,sideboard,0,0,0,0.0
00847-bCPU9suPUw9,1_4,417,sign,0,0,0,0.0
00847-bCPU9suPUw9,1_4,418,silicone gun,0,0,0,0.0
00847-bCPU9suPUw9,1_4,419,silicone tube,0,0,0,0.0
00847-bCPU9suPUw9,1_4,420,sink,1,1,2,0.9999992572311412
00847-bCPU9suPUw9,1_4,421,skateboard,0,0,0,0.0
00847-bCPU9suPUw9,1_4,422,skates,0,0,0,0.0
00847-bCPU9suPUw9,1_4,423,ski,0,0,0,0.0
00847-bCPU9suPUw9,1_4,424,sky,0,0,0,0.0012149717831837492
00847-bCPU9suPUw9,1_4,425,sled,0,0,0,0.0
00847-bCPU9suPUw9,1_4,426,sleeping bag,0,0,0,0.0
00847-bCPU9suPUw9,1_4,427,smoke detector,0,0,0,0.0
00847-bCPU9suPUw9,1_4,428,snack,0,0,0,0.0
00847-bCPU9suPUw9,1_4,429,soap,0,0,0,0.0
00847-bCPU9suPUw9,1_4,430,socks,0,0,0,0.0
00847-bCPU9suPUw9,1_4,431,sofa,0,1,0,0.0
00847-bCPU9suPUw9,1_4,432,solarium,0,0,0,0.0
00847-bCPU9suPUw9,1_4,433,speaker,0,0,0,0.0
00847-bCPU9suPUw9,1_4,434,speaker stand,0,0,0,0.0
00847-bCPU9suPUw9,1_4,435,spices,0,0,0,0.0
00847-bCPU9suPUw9,1_4,436,sponge,0,0,0,0.0
00847-bCPU9suPUw9,1_4,437,spray can,0,0,0,0.0
00847-bCPU9suPUw9,1_4,438,sprinkler,0,0,0,0.0
00847-bCPU9suPUw9,1_4,439,square,0,0,0,0.0
00847-bCPU9suPUw9,1_4,440,stack,0,0,0,0.0
00847-bCPU9suPUw9,1_4,441,stack of books / papers,0,0,0,0.0
00847-bCPU9suPUw9,1_4,442,stack of stuff,0,0,0,0.0
00847-bCPU9suPUw9,1_4,443,stack of yarns,0,0,0,0.0
00847-bCPU9suPUw9,1_4,444,stage,0,0,0,0.0
00847-bCPU9suPUw9,1_4,445,stained glass,0,0,0,0.0
00847-bCPU9suPUw9,1_4,446,stand,0,0,0,0.0
00847-bCPU9suPUw9,1_4,447,star,0,0,0,0.0
00847-bCPU9suPUw9,1_4,448,stationery,0,0,0,0.0
00847-bCPU9suPUw9,1_4,449,steel plate,0,0,0,0.0
00847-bCPU9suPUw9,1_4,450,step stool,0,0,0,0.0
00847-bCPU9suPUw9,1_4,451,stick,0,0,0,0.0
00847-bCPU9suPUw9,1_4,452,stone,0,0,0,0.0
00847-bCPU9suPUw9,1_4,453,stonework,0,0,0,0.0
00847-bCPU9suPUw9,1_4,454,stool,0,0,0,0.0
00847-bCPU9suPUw9,1_4,455,storage,0,0,0,0.0
00847-bCPU9suPUw9,1_4,456,strings,0,0,0,0.0
00847-bCPU9suPUw9,1_4,457,stroke,0,0,0,0.0
00847-bCPU9suPUw9,1_4,458,sunbed,0,0,0,0.0
00847-bCPU9suPUw9,1_4,459,support,0,0,0,0.0
00847-bCPU9suPUw9,1_4,460,surface,0,0,0,0.0
00847-bCPU9suPUw9,1_4,461,surfboard,0,0,0,0.0
00847-bCPU9suPUw9,1_4,462,swing,0,0,0,0.0
00847-bCPU9suPUw9,1_4,463,switch,0,0,0,0.32969995684605835
00847-bCPU9suPUw9,1_4,464,table,1,1,2,0.0
00847-bCPU9suPUw9,1_4,465,table cloth,0,0,0,0.0
00847-bCPU9suPUw9,1_4,466,table pad,0,0,0,0.0
00847-bCPU9suPUw9,1_4,467,table stand,0,0,0,0.0
00847-bCPU9suPUw9,1_4,468,table tennis table,0,0,0,0.0
00847-bCPU9suPUw9,1_4,469,tablet,0,0,0,0.0
00847-bCPU9suPUw9,1_4,470,tambourine,0,0,0,0.0
00847-bCPU9suPUw9,1_4,471,tea set,0,0,0,0.0
00847-bCPU9suPUw9,1_4,472,telescope,0,0,0,0.0
00847-bCPU9suPUw9,1_4,473,tennis racket,0,0,0,0.0
00847-bCPU9suPUw9,1_4,474,tent,0,0,0,0.0
00847-bCPU9suPUw9,1_4,475,thermometer,0,0,0,0.0
00847-bCPU9suPUw9,1_4,476,thermostat,0,0,0,0.0
00847-bCPU9suPUw9,1_4,477,three,0,0,0,0.0
00847-bCPU9suPUw9,1_4,478,tile,0,0,0,1.0
00847-bCPU9suPUw9,1_4,479,tire,0,0,0,0.0
00847-bCPU9suPUw9,1_4,480,tissue,0,0,0,0.9996283659604592
00847-bCPU9suPUw9,1_4,481,title,0,0,0,0.0
00847-bCPU9suPUw9,1_4,482,toaster,0,0,0,0.0
00847-bCPU9suPUw9,1_4,483,toaster oven,0,0,0,0.0
00847-bCPU9suPUw9,1_4,484,toilet,1,1,1,0.9838873675059956
00847-bCPU9suPUw9,1_4,485,toilet brush,0,1,0,0.0
00847-bCPU9suPUw9,1_4,486,toilet cleaner,0,0,0,0.0
00847-bCPU9suPUw9,1_4,487,toilet paper,1,1,3,0.6543482513841152
00847-bCPU9suPUw9,1_4,488,toiletry,0,0,0,0.0
00847-bCPU9suPUw9,1_4,489,tool,0,0,0,0.0
00847-bCPU9suPUw9,1_4,490,tool rack,0,0,0,0.0
00847-bCPU9suPUw9,1_4,491,toothbrush,0,0,0,0.0
00847-bCPU9suPUw9,1_4,492,toothpaste,0,0,0,0.0
00847-bCPU9suPUw9,1_4,493,towel,0,1,0,0.0
00847-bCPU9suPUw9,1_4,494,towel bar,1,1,1,0.0
00847-bCPU9suPUw9,1_4,495,toy,0,0,0,0.0
00847-bCPU9suPUw9,1_4,496,traffic cone,0,0,0,0.0
00847-bCPU9suPUw9,1_4,497,trampoline,0,0,0,0.0
00847-bCPU9suPUw9,1_4,498,trash bag,0,0,0,0.0
00847-bCPU9suPUw9,1_4,499,tray,0,0,0,0.0
00847-bCPU9suPUw9,1_4,500,treadmill,0,0,0,0.0
00847-bCPU9suPUw9,1_4,501,tree,0,0,0,0.0
00847-bCPU9suPUw9,1_4,502,tree branch,0,0,0,0.0
00847-bCPU9suPUw9,1_4,503,trimmer,0,0,0,0.0
00847-bCPU9suPUw9,1_4,504,tripod,0,0,0,0.0
00847-bCPU9suPUw9,1_4,505,trolley,0,0,0,0.0
00847-bCPU9suPUw9,1_4,506,trombone,0,0,0,0.0
00847-bCPU9suPUw9,1_4,507,trophy,0,0,0,0.0
00847-bCPU9suPUw9,1_4,508,trough,0,0,0,0.0
00847-bCPU9suPUw9,1_4,509,trumpet,0,0,0,0.0
00847-bCPU9suPUw9,1_4,510,tv,1,1,1,0.9487514021240888
00847-bCPU9suPUw9,1_4,511,tv stand,0,0,0,0.0
00847-bCPU9suPUw9,1_4,512,typewriter,0,0,0,0.0
00847-bCPU9suPUw9,1_4,513,ukulele,0,0,0,0.0
00847-bCPU9suPUw9,1_4,514,umbrella,0,0,0,0.0
00847-bCPU9suPUw9,1_4,515,umbrella stand,0,0,0,0.0
00847-bCPU9suPUw9,1_4,516,unknown,1,1,1,3.41454813757025e-07
00847-bCPU9suPUw9,1_4,517,vacuum cleaner,0,0,0,0.0
00847-bCPU9suPUw9,1_4,518,vanity,0,0,0,0.0
00847-bCPU9suPUw9,1_4,519,vase,0,0,0,0.0
00847-bCPU9suPUw9,1_4,520,vegetables,0,0,0,0.0
00847-bCPU9suPUw9,1_4,521,vessel,0,0,0,0.0
00847-bCPU9suPUw9,1_4,522,vinyl records,0,0,0,0.0
00847-bCPU9suPUw9,1_4,523,violin,0,0,0,0.0
00847-bCPU9suPUw9,1_4,524,violin case,0,0,0,0.0
00847-bCPU9suPUw9,1_4,525,waffle iron,0,0,0,0.0
00847-bCPU9suPUw9,1_4,526,wardrobe,0,0,0,0.0
00847-bCPU9suPUw9,1_4,527,washing machine,0,1,0,0.0
00847-bCPU9suPUw9,1_4,528,washing powder,0,0,0,0.0
00847-bCPU9suPUw9,1_4,529,washing stuff,0,0,0,0.0
00847-bCPU9suPUw9,1_4,530,watch,0,0,0,0.0
00847-bCPU9suPUw9,1_4,531,water dispenser,0,0,0,0.0
00847-bCPU9suPUw9,1_4,532,water heater,0,0,0,0.0
00847-bCPU9suPUw9,1_4,533,water meter,0,0,0,0.0
00847-bCPU9suPUw9,1_4,534,water pump,0,0,0,0.0
00847-bCPU9suPUw9,1_4,535,water tank,0,0,0,0.0
00847-bCPU9suPUw9,1_4,536,watering can,0,0,0,0.0
00847-bCPU9suPUw9,1_4,537,weight,0,0,0,0.0
00847-bCPU9suPUw9,1_4,538,weight bench,0,0,0,0.0
00847-bCPU9suPUw9,1_4,539,weights,0,0,0,0.0
00847-bCPU9suPUw9,1_4,540,wheel,0,0,0,0.0
00847-bCPU9suPUw9,1_4,541,wheelbarrow,0,0,0,0.0
00847-bCPU9suPUw9,1_4,542,window shade,1,1,2,0.0
00847-bCPU9suPUw9,1_4,543,wine,0,0,0,0.0
00847-bCPU9suPUw9,1_4,544,wine storage,0,0,0,0.0
00847-bCPU9suPUw9,1_4,545,wood,0,0,0,1.0
00847-bCPU9suPUw9,1_4,546,wrench,0,0,0,0.0
