scene_id,method,class_id,class_label,object_id,predicted_room_id,rank,score
00829-QaLdnwvtxbs,hovsg,0,acoustic panel,0_3_305,0_3,1,0.30295554312670714
00829-QaLdnwvtxbs,hovsg,0,acoustic panel,0_3_348,0_3,2,0.29822808667608425
00829-QaLdnwvtxbs,hovsg,0,acoustic panel,0_3_210,0_3,3,0.2975675365413407
00829-QaLdnwvtxbs,hovsg,0,acoustic panel,0_3_216,0_3,4,0.2919706941066915
00829-QaLdnwvtxbs,hovsg,0,acoustic panel,0_4_92,0_4,5,0.2884403066595089
00829-QaLdnwvtxbs,hovsg,1,air conditioner,0_3_88,0_3,1,0.2545958995780146
00829-QaLdnwvtxbs,hovsg,1,air conditioner,0_4_22,0_4,2,0.25335947299124273
00829-QaLdnwvtxbs,hovsg,1,air conditioner,0_0_49,0_0,3,0.24831377181726766
00829-QaLdnwvtxbs,hovsg,1,air conditioner,0_3_87,0_3,4,0.23102466878884317
00829-QaLdnwvtxbs,hovsg,1,air conditioner,0_4_100,0_4,5,0.2203282891692835
00829-QaLdnwvtxbs,hovsg,2,air freshener,0_0_25,0_0,1,0.23236618162396558
00829-QaLdnwvtxbs,hovsg,2,air freshener,0_2_79,0_2,2,0.2289677127864526
00829-QaLdnwvtxbs,hovsg,2,air freshener,0_0_24,0_0,3,0.22726685278772712
00829-QaLdnwvtxbs,hovsg,2,air freshener,0_2_147,0_2,4,0.22027835275841307
00829-QaLdnwvtxbs,hovsg,2,air freshener,0_2_94,0_2,5,0.2182996073041346
00829-QaLdnwvtxbs,hovsg,3,air hockey,0_2_79,0_2,1,0.19917925647559026
00829-QaLdnwvtxbs,hovsg,4,air purifier,0_3_351,0_3,1,0.2650906830970469
00829-QaLdnwvtxbs,hovsg,4,air purifier,0_0_49,0_0,2,0.2613481887234423
00829-QaLdnwvtxbs,hovsg,4,air purifier,0_4_22,0_4,3,0.2588636726045957
00829-QaLdnwvtxbs,hovsg,4,air purifier,0_0_25,0_0,4,0.25568883266791853
00829-QaLdnwvtxbs,hovsg,4,air purifier,0_3_88,0_3,5,0.25534951081878987
00829-QaLdnwvtxbs,hovsg,5,aisle frame,0_2_171,0_2,1,0.28615044651821336
00829-QaLdnwvtxbs,hovsg,5,aisle frame,0_1_52,0_1,2,0.2777570021914958
00829-QaLdnwvtxbs,hovsg,5,aisle frame,0_1_45,0_1,3,0.2743480242956828
00829-QaLdnwvtxbs,hovsg,5,aisle frame,0_1_11,0_1,4,0.2685324628760429
00829-QaLdnwvtxbs,hovsg,5,aisle frame,0_3_290,0_3,5,0.2616601879628043
00829-QaLdnwvtxbs,hovsg,6,alarm,0_0_25,0_0,1,0.26411494930468615
00829-QaLdnwvtxbs,hovsg,6,alarm,0_3_354,0_3,2,0.24501943496150613
00829-QaLdnwvtxbs,hovsg,6,alarm,0_0_24,0_0,3,0.2376652592691999
00829-QaLdnwvtxbs,hovsg,6,alarm,0_0_45,0_0,4,0.23719364948250987
00829-QaLdnwvtxbs,hovsg,6,alarm,0_2_132,0_2,5,0.23629847948121874
00829-QaLdnwvtxbs,hovsg,7,album,0_1_36,0_1,1,0.26474577388865156
00829-QaLdnwvtxbs,hovsg,7,album,0_2_149,0_2,2,0.2624046898481388
00829-QaLdnwvtxbs,hovsg,7,album,0_2_148,0_2,3,0.2606105072045366
00829-QaLdnwvtxbs,hovsg,7,album,0_3_86,0_3,4,0.26048120308347167
00829-QaLdnwvtxbs,hovsg,7,album,0_1_31,0_1,5,0.2597337019658065
00829-QaLdnwvtxbs,hovsg,8,amplifier,0_3_311,0_3,1,0.2654418450159437
00829-QaLdnwvtxbs,hovsg,8,amplifier,0_3_317,0_3,2,0.25685963864126815
00829-QaLdnwvtxbs,hovsg,8,amplifier,0_3_203,0_3,3,0.2548176090316816
00829-QaLdnwvtxbs,hovsg,8,amplifier,0_3_158,0_3,4,0.2510829613849869
00829-QaLdnwvtxbs,hovsg,8,amplifier,0_3_130,0_3,5,0.2504885107843011
00829-QaLdnwvtxbs,hovsg,9,appliance,0_2_61,0_2,1,0.2707292905691399
00829-QaLdnwvtxbs,hovsg,9,appliance,0_3_145,0_3,2,0.26712194944966344
00829-QaLdnwvtxbs,hovsg,9,appliance,0_3_311,0_3,3,0.26330833898901695
00829-QaLdnwvtxbs,hovsg,9,appliance,0_2_122,0_2,4,0.2626690355532267
00829-QaLdnwvtxbs,hovsg,9,appliance,0_3_158,0_3,5,0.2606927871796873
00829-QaLdnwvtxbs,hovsg,10,apron,0_1_78,0_1,1,0.23695663256850785
00829-QaLdnwvtxbs,hovsg,10,apron,0_2_92,0_2,2,0.2341952085417523
00829-QaLdnwvtxbs,hovsg,10,apron,0_1_13,0_1,3,0.23280023006764916
00829-QaLdnwvtxbs,hovsg,10,apron,0_1_77,0_1,4,0.2319639319847377
00829-QaLdnwvtxbs,hovsg,10,apron,0_2_81,0_2,5,0.22804456837064432
00829-QaLdnwvtxbs,hovsg,11,aquarium,0_1_18,0_1,1,0.24619157794295823
00829-QaLdnwvtxbs,hovsg,11,aquarium,0_2_92,0_2,2,0.2196167278311766
00829-QaLdnwvtxbs,hovsg,11,aquarium,0_3_272,0_3,3,0.21570868788357822
00829-QaLdnwvtxbs,hovsg,11,aquarium,0_3_101,0_3,4,0.18968737683893933
00829-QaLdnwvtxbs,hovsg,12,arcade game,0_1_45,0_1,1,0.22349872646528313
00829-QaLdnwvtxbs,hovsg,12,arcade game,0_0_29,0_0,2,0.22024854217862277
00829-QaLdnwvtxbs,hovsg,12,arcade game,0_3_311,0_3,3,0.21861389436171197
00829-QaLdnwvtxbs,hovsg,12,arcade game,0_1_53,0_1,4,0.2148628072253697
00829-QaLdnwvtxbs,hovsg,12,arcade game,0_3_317,0_3,5,0.21430353942112276
00829-QaLdnwvtxbs,hovsg,13,artwork,0_3_207,0_3,1,0.29666414732504587
00829-QaLdnwvtxbs,hovsg,13,artwork,0_3_104,0_3,2,0.29620014077762447
00829-QaLdnwvtxbs,hovsg,13,artwork,0_3_343,0_3,3,0.2911302079913074
00829-QaLdnwvtxbs,hovsg,13,artwork,0_3_86,0_3,4,0.2851129474896954
00829-QaLdnwvtxbs,hovsg,13,artwork,0_4_57,0_4,5,0.2821032408367571
00829-QaLdnwvtxbs,hovsg,14,ashtray,0_2_92,0_2,1,0.2711583197781873
00829-QaLdnwvtxbs,hovsg,14,ashtray,0_3_35,0_3,2,0.2637117993309489
00829-QaLdnwvtxbs,hovsg,14,ashtray,0_3_101,0_3,3,0.2591995159132946
00829-QaLdnwvtxbs,hovsg,14,ashtray,0_2_79,0_2,4,0.25865471335241597
00829-QaLdnwvtxbs,hovsg,14,ashtray,0_0_29,0_0,5,0.25770355182160665
00829-QaLdnwvtxbs,hovsg,15,audio player,0_2_79,0_2,1,0.19984957739892656
00829-QaLdnwvtxbs,hovsg,16,axe,0_3_177,0_3,1,0.2749169712730545
00829-QaLdnwvtxbs,hovsg,16,axe,0_2_160,0_2,2,0.2733705257273972
00829-QaLdnwvtxbs,hovsg,16,axe,0_1_20,0_1,3,0.27306189434188755
00829-QaLdnwvtxbs,hovsg,16,axe,0_2_173,0_2,4,0.2671512902500443
00829-QaLdnwvtxbs,hovsg,16,axe,0_2_169,0_2,5,0.26631324658454636
00829-QaLdnwvtxbs,hovsg,17,baby changing table,0_2_158,0_2,1,0.2724025067994029
00829-QaLdnwvtxbs,hovsg,17,baby changing table,0_0_36,0_0,2,0.26135482824602
00829-QaLdnwvtxbs,hovsg,17,baby changing table,0_1_19,0_1,3,0.2611089107964925
00829-QaLdnwvtxbs,hovsg,17,baby changing table,0_1_102,0_1,4,0.2579481392009557
00829-QaLdnwvtxbs,hovsg,17,baby changing table,0_1_58,0_1,5,0.25742488915903416
00829-QaLdnwvtxbs,hovsg,18,backrest,0_3_12,0_3,1,0.30034588657242006
00829-QaLdnwvtxbs,hovsg,18,backrest,0_3_22,0_3,2,0.2799868050904355
00829-QaLdnwvtxbs,hovsg,18,backrest,0_3_17,0_3,3,0.2791723633210339
00829-QaLdnwvtxbs,hovsg,18,backrest,0_3_131,0_3,4,0.27557455363783556
00829-QaLdnwvtxbs,hovsg,18,backrest,0_3_168,0_3,5,0.27544203885746266
00829-QaLdnwvtxbs,hovsg,19,backsplash,0_4_14,0_4,1,0.2595174333957293
00829-QaLdnwvtxbs,hovsg,19,backsplash,0_4_67,0_4,2,0.25591717582709284
00829-QaLdnwvtxbs,hovsg,19,backsplash,0_4_81,0_4,3,0.2533555103066597
00829-QaLdnwvtxbs,hovsg,19,backsplash,0_4_10,0_4,4,0.24933637917391427
00829-QaLdnwvtxbs,hovsg,19,backsplash,0_2_144,0_2,5,0.2318356183049284
00829-QaLdnwvtxbs,hovsg,20,bag,0_2_92,0_2,1,0.2659163972459751
00829-QaLdnwvtxbs,hovsg,20,bag,0_2_147,0_2,2,0.26111857314465386
00829-QaLdnwvtxbs,hovsg,20,bag,0_2_30,0_2,3,0.25661678834743096
00829-QaLdnwvtxbs,hovsg,20,bag,0_2_66,0_2,4,0.2560833929421522
00829-QaLdnwvtxbs,hovsg,20,bag,0_3_35,0_3,5,0.25549182792790626
00829-QaLdnwvtxbs,hovsg,21,ball,0_3_46,0_3,1,0.22453642577237448
00829-QaLdnwvtxbs,hovsg,21,ball,0_3_11,0_3,2,0.2217582468948182
00829-QaLdnwvtxbs,hovsg,21,ball,0_3_101,0_3,3,0.2213552049097052
00829-QaLdnwvtxbs,hovsg,21,ball,0_3_272,0_3,4,0.2208140298956225
00829-QaLdnwvtxbs,hovsg,21,ball,0_3_73,0_3,5,0.21819233319635611
00829-QaLdnwvtxbs,hovsg,22,ball pool,0_3_101,0_3,1,0.2008540164857574
00829-QaLdnwvtxbs,hovsg,23,bar,0_3_123,0_3,1,0.24633681572002875
00829-QaLdnwvtxbs,hovsg,23,bar,0_3_344,0_3,2,0.2375335249534819
00829-QaLdnwvtxbs,hovsg,23,bar,0_3_182,0_3,3,0.23584723514866526
00829-QaLdnwvtxbs,hovsg,23,bar,0_3_145,0_3,4,0.23252395335570775
00829-QaLdnwvtxbs,hovsg,23,bar,0_3_203,0_3,5,0.232125314153037
00829-QaLdnwvtxbs,hovsg,24,barbecue,0_1_43,0_1,1,0.23468156775733642
00829-QaLdnwvtxbs,hovsg,24,barbecue,0_1_20,0_1,2,0.21675263347512494
00829-QaLdnwvtxbs,hovsg,24,barbecue,0_2_132,0_2,3,0.20445482728541753
00829-QaLdnwvtxbs,hovsg,24,barbecue,0_0_29,0_0,4,0.20372865002769341
00829-QaLdnwvtxbs,hovsg,24,barbecue,0_1_76,0_1,5,0.2034906966663233
00829-QaLdnwvtxbs,hovsg,25,barrel,0_2_79,0_2,1,0.2796268050044797
00829-QaLdnwvtxbs,hovsg,25,barrel,0_1_43,0_1,2,0.27442492704426846
00829-QaLdnwvtxbs,hovsg,25,barrel,0_2_169,0_2,3,0.27207664231464024
00829-QaLdnwvtxbs,hovsg,25,barrel,0_1_42,0_1,4,0.27188898489712754
00829-QaLdnwvtxbs,hovsg,25,barrel,0_2_161,0_2,5,0.2660176877788608
00829-QaLdnwvtxbs,hovsg,26,base,0_0_73,0_0,1,0.26598960100852587
00829-QaLdnwvtxbs,hovsg,26,base,0_1_27,0_1,2,0.26312890936570726
00829-QaLdnwvtxbs,hovsg,26,base,0_3_184,0_3,3,0.26112236670036926
00829-QaLdnwvtxbs,hovsg,26,base,0_1_36,0_1,4,0.26093653948597995
00829-QaLdnwvtxbs,hovsg,26,base,0_3_179,0_3,5,0.26018148635946026
00829-QaLdnwvtxbs,hovsg,27,baseball bat,0_2_163,0_2,1,0.25038342655798485
00829-QaLdnwvtxbs,hovsg,27,baseball bat,0_2_136,0_2,2,0.24798784972530685
00829-QaLdnwvtxbs,hovsg,27,baseball bat,0_1_20,0_1,3,0.24718356444746747
00829-QaLdnwvtxbs,hovsg,27,baseball bat,0_2_76,0_2,4,0.24390301518352378
00829-QaLdnwvtxbs,hovsg,27,baseball bat,0_2_100,0_2,5,0.24212958103523502
00829-QaLdnwvtxbs,hovsg,28,basket,0_2_79,0_2,1,0.2470534926566926
00829-QaLdnwvtxbs,hovsg,28,basket,0_3_354,0_3,2,0.24430933437565167
00829-QaLdnwvtxbs,hovsg,28,basket,0_3_101,0_3,3,0.24045113463910978
00829-QaLdnwvtxbs,hovsg,28,basket,0_3_145,0_3,4,0.2397460124938458
00829-QaLdnwvtxbs,hovsg,28,basket,0_2_94,0_2,5,0.23747755456625705
00829-QaLdnwvtxbs,hovsg,29,basketball hoop,0_2_71,0_2,1,0.21106512620486362
00829-QaLdnwvtxbs,hovsg,30,basketballs,0_3_101,0_3,1,0.21459226758535765
00829-QaLdnwvtxbs,hovsg,30,basketballs,0_3_73,0_3,2,0.20057031174153173
00829-QaLdnwvtxbs,hovsg,31,bathroom accessory,0_4_18,0_4,1,0.30599855242781054
00829-QaLdnwvtxbs,hovsg,31,bathroom accessory,0_2_70,0_2,2,0.2995717279466057
00829-QaLdnwvtxbs,hovsg,31,bathroom accessory,0_2_109,0_2,3,0.2991905187682664
00829-QaLdnwvtxbs,hovsg,31,bathroom accessory,0_4_31,0_4,4,0.29798988348869754
00829-QaLdnwvtxbs,hovsg,31,bathroom accessory,0_4_101,0_4,5,0.29524895277853236
00829-QaLdnwvtxbs,hovsg,32,bathtub,0_2_26,0_2,1,0.31517053987106647
00829-QaLdnwvtxbs,hovsg,32,bathtub,0_2_146,0_2,2,0.3070255334772345
00829-QaLdnwvtxbs,hovsg,32,bathtub,0_4_98,0_4,3,0.29804966291047996
00829-QaLdnwvtxbs,hovsg,32,bathtub,0_2_87,0_2,4,0.2656720593161973
00829-QaLdnwvtxbs,hovsg,32,bathtub,0_2_94,0_2,5,0.26557011076710413
00829-QaLdnwvtxbs,hovsg,33,bed,0_0_55,0_0,1,0.29583562910033245
00829-QaLdnwvtxbs,hovsg,33,bed,0_0_10,0_0,2,0.2934028612899269
00829-QaLdnwvtxbs,hovsg,33,bed,0_0_35,0_0,3,0.28839648418905633
00829-QaLdnwvtxbs,hovsg,33,bed,0_0_48,0_0,4,0.28589671148018625
00829-QaLdnwvtxbs,hovsg,33,bed,0_0_20,0_0,5,0.28558810776938204
00829-QaLdnwvtxbs,hovsg,34,bed ladder,0_0_75,0_0,1,0.2878984028613255
00829-QaLdnwvtxbs,hovsg,34,bed ladder,0_0_93,0_0,2,0.27476907392782873
00829-QaLdnwvtxbs,hovsg,34,bed ladder,0_1_53,0_1,3,0.2693397448528944
00829-QaLdnwvtxbs,hovsg,34,bed ladder,0_0_76,0_0,4,0.268728013199796
00829-QaLdnwvtxbs,hovsg,34,bed ladder,0_0_23,0_0,5,0.2672334292539377
00829-QaLdnwvtxbs,hovsg,35,beer crate,0_3_311,0_3,1,0.24626362943037283
00829-QaLdnwvtxbs,hovsg,35,beer crate,0_2_79,0_2,2,0.24498656754125397
00829-QaLdnwvtxbs,hovsg,35,beer crate,0_0_50,0_0,3,0.24234972412606204
00829-QaLdnwvtxbs,hovsg,36,bell,0_3_354,0_3,1,0.25834028603770753
00829-QaLdnwvtxbs,hovsg,36,bell,0_0_42,0_0,2,0.25449426650833984
00829-QaLdnwvtxbs,hovsg,36,bell,0_0_41,0_0,3,0.25239067763843814
00829-QaLdnwvtxbs,hovsg,36,bell,0_4_82,0_4,4,0.2507716437282169
00829-QaLdnwvtxbs,hovsg,36,bell,0_4_8,0_4,5,0.2477482989910149
00829-QaLdnwvtxbs,hovsg,37,belt,0_1_53,0_1,1,0.27313137417298283
00829-QaLdnwvtxbs,hovsg,37,belt,0_0_75,0_0,2,0.25801672054880787
00829-QaLdnwvtxbs,hovsg,37,belt,0_3_278,0_3,3,0.25786172823482345
00829-QaLdnwvtxbs,hovsg,37,belt,0_2_12,0_2,4,0.2559330002844967
00829-QaLdnwvtxbs,hovsg,37,belt,0_2_163,0_2,5,0.252349126453709
00829-QaLdnwvtxbs,hovsg,38,bench,0_3_93,0_3,1,0.28463198211975044
00829-QaLdnwvtxbs,hovsg,38,bench,0_3_25,0_3,2,0.2779967668827679
00829-QaLdnwvtxbs,hovsg,38,bench,0_3_116,0_3,3,0.2749256869702029
00829-QaLdnwvtxbs,hovsg,38,bench,0_3_56,0_3,4,0.2644081002772306
00829-QaLdnwvtxbs,hovsg,38,bench,0_3_317,0_3,5,0.2637339729855625
00829-QaLdnwvtxbs,hovsg,39,beverage dispenser,0_4_93,0_4,1,0.2432948915837267
00829-QaLdnwvtxbs,hovsg,39,beverage dispenser,0_3_145,0_3,2,0.24203660682919115
00829-QaLdnwvtxbs,hovsg,40,bicycle,0_3_177,0_3,1,0.20259466672409243
00829-QaLdnwvtxbs,hovsg,40,bicycle,0_4_89,0_4,2,0.20194634743777728
00829-QaLdnwvtxbs,hovsg,40,bicycle,0_1_20,0_1,3,0.20189776960971123
00829-QaLdnwvtxbs,hovsg,40,bicycle,0_1_21,0_1,4,0.20044841944688424
00829-QaLdnwvtxbs,hovsg,40,bicycle,0_2_87,0_2,5,0.1986766880662955
00829-QaLdnwvtxbs,hovsg,41,bicycle helmet,0_2_30,0_2,1,0.21177184684873793
00829-QaLdnwvtxbs,hovsg,41,bicycle helmet,0_2_79,0_2,2,0.20155951168585517
00829-QaLdnwvtxbs,hovsg,42,bin,0_0_50,0_0,1,0.27978792087403187
00829-QaLdnwvtxbs,hovsg,42,bin,0_3_145,0_3,2,0.2616032786563019
00829-QaLdnwvtxbs,hovsg,42,bin,0_3_311,0_3,3,0.25818208664993664
00829-QaLdnwvtxbs,hovsg,42,bin,0_3_158,0_3,4,0.25282603957540917
00829-QaLdnwvtxbs,hovsg,42,bin,0_3_317,0_3,5,0.2511324116574869
00829-QaLdnwvtxbs,hovsg,43,birdhouse,0_1_69,0_1,1,0.2259748104131928
00829-QaLdnwvtxbs,hovsg,43,birdhouse,0_2_79,0_2,2,0.22275013177717007
00829-QaLdnwvtxbs,hovsg,43,birdhouse,0_1_48,0_1,3,0.19450652726588402
00829-QaLdnwvtxbs,hovsg,43,birdhouse,0_3_101,0_3,4,0.18979209253945487
00829-QaLdnwvtxbs,hovsg,44,blanket,0_2_66,0_2,1,0.27492092823737935
00829-QaLdnwvtxbs,hovsg,44,blanket,0_2_89,0_2,2,0.26920859962173416
00829-QaLdnwvtxbs,hovsg,44,blanket,0_2_81,0_2,3,0.26741326270352456
00829-QaLdnwvtxbs,hovsg,44,blanket,0_2_92,0_2,4,0.2617715316595457
00829-QaLdnwvtxbs,hovsg,44,blanket,0_2_96,0_2,5,0.26042152187875023
00829-QaLdnwvtxbs,hovsg,45,board,0_3_215,0_3,1,0.25898473731811084
00829-QaLdnwvtxbs,hovsg,45,board,0_0_74,0_0,2,0.2580040267331203
00829-QaLdnwvtxbs,hovsg,45,board,0_3_123,0_3,3,0.2574555936387761
00829-QaLdnwvtxbs,hovsg,45,board,0_3_347,0_3,4,0.25565606702814125
00829-QaLdnwvtxbs,hovsg,45,board,0_3_266,0_3,5,0.2490170398283239
00829-QaLdnwvtxbs,hovsg,46,board game,0_3_267,0_3,1,0.21488233208078647
00829-QaLdnwvtxbs,hovsg,46,board game,0_3_128,0_3,2,0.212337198591803
00829-QaLdnwvtxbs,hovsg,46,board game,0_3_125,0_3,3,0.2081050881198508
00829-QaLdnwvtxbs,hovsg,46,board game,0_1_36,0_1,4,0.2071552197417182
00829-QaLdnwvtxbs,hovsg,46,board game,0_3_65,0_3,5,0.20479766226624002
00829-QaLdnwvtxbs,hovsg,47,board with keys,0_3_215,0_3,1,0.2563936233770232
00829-QaLdnwvtxbs,hovsg,47,board with keys,0_3_266,0_3,2,0.24200401404540242
00829-QaLdnwvtxbs,hovsg,47,board with keys,0_3_225,0_3,3,0.23560696757809235
00829-QaLdnwvtxbs,hovsg,48,book,0_1_31,0_1,1,0.29542614924018273
00829-QaLdnwvtxbs,hovsg,48,book,0_1_36,0_1,2,0.27210782485803076
00829-QaLdnwvtxbs,hovsg,48,book,0_0_91,0_0,3,0.2592579871433277
00829-QaLdnwvtxbs,hovsg,48,book,0_0_43,0_0,4,0.25609422529538384
00829-QaLdnwvtxbs,hovsg,48,book,0_3_278,0_3,5,0.255123170461886
00829-QaLdnwvtxbs,hovsg,49,bottle,0_0_75,0_0,1,0.2792102527845213
00829-QaLdnwvtxbs,hovsg,49,bottle,0_3_35,0_3,2,0.2751367444435274
00829-QaLdnwvtxbs,hovsg,49,bottle,0_0_24,0_0,3,0.26141103402136534
00829-QaLdnwvtxbs,hovsg,49,bottle,0_2_132,0_2,4,0.2610021526487492
00829-QaLdnwvtxbs,hovsg,49,bottle,0_3_184,0_3,5,0.26034751390893635
00829-QaLdnwvtxbs,hovsg,50,bottle dispenser,0_4_93,0_4,1,0.25521075990945985
00829-QaLdnwvtxbs,hovsg,50,bottle dispenser,0_0_24,0_0,2,0.24939979698421355
00829-QaLdnwvtxbs,hovsg,50,bottle dispenser,0_0_50,0_0,3,0.2258852327992419
00829-QaLdnwvtxbs,hovsg,50,bottle dispenser,0_2_72,0_2,4,0.21971811949765313
00829-QaLdnwvtxbs,hovsg,50,bottle dispenser,0_4_101,0_4,5,0.21801963794096646
00829-QaLdnwvtxbs,hovsg,51,bottle opener,0_2_162,0_2,1,0.2533426671677827
00829-QaLdnwvtxbs,hovsg,51,bottle opener,0_2_80,0_2,2,0.2483907602341185
00829-QaLdnwvtxbs,hovsg,51,bottle opener,0_4_93,0_4,3,0.24731503289625764
00829-QaLdnwvtxbs,hovsg,51,bottle opener,0_1_20,0_1,4,0.24634906568735232
00829-QaLdnwvtxbs,hovsg,51,bottle opener,0_2_132,0_2,5,0.24605303769406903
00829-QaLdnwvtxbs,hovsg,52,bowl,0_3_11,0_3,1,0.27109725836167875
00829-QaLdnwvtxbs,hovsg,52,bowl,0_3_101,0_3,2,0.26964646266959214
00829-QaLdnwvtxbs,hovsg,52,bowl,0_3_73,0_3,3,0.2606542633219172
00829-QaLdnwvtxbs,hovsg,52,bowl,0_3_358,0_3,4,0.2549709173683538
00829-QaLdnwvtxbs,hovsg,52,bowl,0_4_98,0_4,5,0.2548565068243388
00829-QaLdnwvtxbs,hovsg,53,box,0_3_311,0_3,1,0.287962914931145
00829-QaLdnwvtxbs,hovsg,53,box,0_3_158,0_3,2,0.2790146876758103
00829-QaLdnwvtxbs,hovsg,53,box,0_3_125,0_3,3,0.2786095848411922
00829-QaLdnwvtxbs,hovsg,53,box,0_3_317,0_3,4,0.2773301764846732
00829-QaLdnwvtxbs,hovsg,53,box,0_3_182,0_3,5,0.2740503880449452
00829-QaLdnwvtxbs,hovsg,54,boxing ring,0_2_79,0_2,1,0.19735807612629658
00829-QaLdnwvtxbs,hovsg,55,bread,0_3_29,0_3,1,0.30048718128294566
00829-QaLdnwvtxbs,hovsg,55,bread,0_3_179,0_3,2,0.29011388035542224
00829-QaLdnwvtxbs,hovsg,55,bread,0_3_101,0_3,3,0.2712281160071531
00829-QaLdnwvtxbs,hovsg,55,bread,0_3_11,0_3,4,0.27025521987172907
00829-QaLdnwvtxbs,hovsg,55,bread,0_3_184,0_3,5,0.26567970638037847
00829-QaLdnwvtxbs,hovsg,56,bread box,0_3_311,0_3,1,0.2596453406087992
00829-QaLdnwvtxbs,hovsg,56,bread box,0_2_79,0_2,2,0.25945581275369073
00829-QaLdnwvtxbs,hovsg,56,bread box,0_3_158,0_3,3,0.259127911308703
00829-QaLdnwvtxbs,hovsg,56,bread box,0_3_29,0_3,4,0.25520676044496454
00829-QaLdnwvtxbs,hovsg,56,bread box,0_4_97,0_4,5,0.25164424669931973
00829-QaLdnwvtxbs,hovsg,57,bricks,0_1_43,0_1,1,0.27807934924147504
00829-QaLdnwvtxbs,hovsg,57,bricks,0_4_22,0_4,2,0.26223810089700156
00829-QaLdnwvtxbs,hovsg,57,bricks,0_3_184,0_3,3,0.2595147003591982
00829-QaLdnwvtxbs,hovsg,57,bricks,0_1_95,0_1,4,0.25435633534003854
00829-QaLdnwvtxbs,hovsg,57,bricks,0_3_354,0_3,5,0.24791899282621488
00829-QaLdnwvtxbs,hovsg,58,bridge,0_4_96,0_4,1,0.24212963098115053
00829-QaLdnwvtxbs,hovsg,58,bridge,0_3_270,0_3,2,0.23738223268670072
00829-QaLdnwvtxbs,hovsg,58,bridge,0_3_214,0_3,3,0.22244921734655343
00829-QaLdnwvtxbs,hovsg,58,bridge,0_3_219,0_3,4,0.22183066545520236
00829-QaLdnwvtxbs,hovsg,59,broom,0_2_41,0_2,1,0.26051930674152857
00829-QaLdnwvtxbs,hovsg,59,broom,0_3_147,0_3,2,0.2569150768622915
00829-QaLdnwvtxbs,hovsg,59,broom,0_2_169,0_2,3,0.2546331330492351
00829-QaLdnwvtxbs,hovsg,59,broom,0_1_79,0_1,4,0.25433871177245104
00829-QaLdnwvtxbs,hovsg,59,broom,0_0_90,0_0,5,0.25322816210215726
00829-QaLdnwvtxbs,hovsg,60,brush,0_3_177,0_3,1,0.27292929062410687
00829-QaLdnwvtxbs,hovsg,60,brush,0_3_323,0_3,2,0.2699380293956216
00829-QaLdnwvtxbs,hovsg,60,brush,0_3_354,0_3,3,0.26267246604748906
00829-QaLdnwvtxbs,hovsg,60,brush,0_2_173,0_2,4,0.26152532647049137
00829-QaLdnwvtxbs,hovsg,60,brush,0_3_13,0_3,5,0.2606664345233738
00829-QaLdnwvtxbs,hovsg,61,bucket,0_2_79,0_2,1,0.2645939726218579
00829-QaLdnwvtxbs,hovsg,61,bucket,0_3_35,0_3,2,0.2551799268008749
00829-QaLdnwvtxbs,hovsg,61,bucket,0_4_98,0_4,3,0.2542051914930679
00829-QaLdnwvtxbs,hovsg,61,bucket,0_4_82,0_4,4,0.25236148299130623
00829-QaLdnwvtxbs,hovsg,61,bucket,0_0_50,0_0,5,0.24821427593379797
00829-QaLdnwvtxbs,hovsg,62,buffet,0_0_29,0_0,1,0.2475013716068042
00829-QaLdnwvtxbs,hovsg,62,buffet,0_3_93,0_3,2,0.24446076361369737
00829-QaLdnwvtxbs,hovsg,62,buffet,0_3_277,0_3,3,0.23946088202183607
00829-QaLdnwvtxbs,hovsg,62,buffet,0_3_65,0_3,4,0.2306794716292598
00829-QaLdnwvtxbs,hovsg,62,buffet,0_3_101,0_3,5,0.2241213246598277
00829-QaLdnwvtxbs,hovsg,63,button,0_3_351,0_3,1,0.26807784825337383
00829-QaLdnwvtxbs,hovsg,63,button,0_0_25,0_0,2,0.2661850918751899
00829-QaLdnwvtxbs,hovsg,63,button,0_4_82,0_4,3,0.2526334338926233
00829-QaLdnwvtxbs,hovsg,63,button,0_2_86,0_2,4,0.2518573822621149
00829-QaLdnwvtxbs,hovsg,63,button,0_3_354,0_3,5,0.2497028009223442
00829-QaLdnwvtxbs,hovsg,64,cabinet,0_3_311,0_3,1,0.30302183293399204
00829-QaLdnwvtxbs,hovsg,64,cabinet,0_3_186,0_3,2,0.30264644191206586
00829-QaLdnwvtxbs,hovsg,64,cabinet,0_3_182,0_3,3,0.30159005232277647
00829-QaLdnwvtxbs,hovsg,64,cabinet,0_3_130,0_3,4,0.2971662817052045
00829-QaLdnwvtxbs,hovsg,64,cabinet,0_3_158,0_3,5,0.2946023117669202
00829-QaLdnwvtxbs,hovsg,65,cable,0_2_87,0_2,1,0.26070537906127333
00829-QaLdnwvtxbs,hovsg,65,cable,0_1_32,0_1,2,0.25429854865053075
00829-QaLdnwvtxbs,hovsg,65,cable,0_1_76,0_1,3,0.25149798726325606
00829-QaLdnwvtxbs,hovsg,65,cable,0_3_171,0_3,4,0.24533625629802666
00829-QaLdnwvtxbs,hovsg,65,cable,0_3_183,0_3,5,0.2449347890276622
00829-QaLdnwvtxbs,hovsg,66,cage,0_3_219,0_3,1,0.25725849786982924
00829-QaLdnwvtxbs,hovsg,66,cage,0_3_214,0_3,2,0.2535299374898421
00829-QaLdnwvtxbs,hovsg,66,cage,0_2_94,0_2,3,0.21473642466081527
00829-QaLdnwvtxbs,hovsg,67,cake,0_3_179,0_3,1,0.27640433071791115
00829-QaLdnwvtxbs,hovsg,67,cake,0_3_29,0_3,2,0.2644903000892703
00829-QaLdnwvtxbs,hovsg,67,cake,0_3_101,0_3,3,0.26337586824143333
00829-QaLdnwvtxbs,hovsg,67,cake,0_3_11,0_3,4,0.2624995353493096
00829-QaLdnwvtxbs,hovsg,67,cake,0_1_12,0_1,5,0.26036543750035324
00829-QaLdnwvtxbs,hovsg,68,calculator,0_3_354,0_3,1,0.2505590248725558
00829-QaLdnwvtxbs,hovsg,69,calendar,0_3_351,0_3,1,0.2241702022321304
00829-QaLdnwvtxbs,hovsg,69,calendar,0_3_354,0_3,2,0.22276273517028305
00829-QaLdnwvtxbs,hovsg,69,calendar,0_2_149,0_2,3,0.21906450902752717
00829-QaLdnwvtxbs,hovsg,69,calendar,0_0_54,0_0,4,0.21777589431494054
00829-QaLdnwvtxbs,hovsg,69,calendar,0_3_323,0_3,5,0.21641829791365863
00829-QaLdnwvtxbs,hovsg,70,camera,0_1_45,0_1,1,0.2749868394419587
00829-QaLdnwvtxbs,hovsg,70,camera,0_3_191,0_3,2,0.2654371635336785
00829-QaLdnwvtxbs,hovsg,70,camera,0_3_164,0_3,3,0.26395741808392087
00829-QaLdnwvtxbs,hovsg,70,camera,0_2_132,0_2,4,0.2635475406553148
00829-QaLdnwvtxbs,hovsg,70,camera,0_3_163,0_3,5,0.26180849776521453
00829-QaLdnwvtxbs,hovsg,71,can,0_3_184,0_3,1,0.26849123838161204
00829-QaLdnwvtxbs,hovsg,71,can,0_0_75,0_0,2,0.26476631308554943
00829-QaLdnwvtxbs,hovsg,71,can,0_3_35,0_3,3,0.26085398551326466
00829-QaLdnwvtxbs,hovsg,71,can,0_2_79,0_2,4,0.2566343749152387
00829-QaLdnwvtxbs,hovsg,71,can,0_2_132,0_2,5,0.2561235180530368
00829-QaLdnwvtxbs,hovsg,72,canal,0_4_89,0_4,1,0.2346710314189682
00829-QaLdnwvtxbs,hovsg,72,canal,0_4_96,0_4,2,0.22961382094504856
00829-QaLdnwvtxbs,hovsg,72,canal,0_2_87,0_2,3,0.22943352918505913
00829-QaLdnwvtxbs,hovsg,72,canal,0_1_69,0_1,4,0.22118254031263934
00829-QaLdnwvtxbs,hovsg,72,canal,0_3_184,0_3,5,0.21854827102045504
00829-QaLdnwvtxbs,hovsg,73,candelabra,0_1_46,0_1,1,0.22859964075960174
00829-QaLdnwvtxbs,hovsg,74,candle,0_1_46,0_1,1,0.25960508341358457
00829-QaLdnwvtxbs,hovsg,74,candle,0_0_42,0_0,2,0.25520127007427235
00829-QaLdnwvtxbs,hovsg,74,candle,0_0_41,0_0,3,0.25173872593984914
00829-QaLdnwvtxbs,hovsg,74,candle,0_1_69,0_1,4,0.24810238503842386
00829-QaLdnwvtxbs,hovsg,74,candle,0_1_48,0_1,5,0.24137836882295957
00829-QaLdnwvtxbs,hovsg,75,candle holder,0_1_46,0_1,1,0.26024626142362994
00829-QaLdnwvtxbs,hovsg,75,candle holder,0_0_41,0_0,2,0.2502476845995626
00829-QaLdnwvtxbs,hovsg,75,candle holder,0_0_42,0_0,3,0.2429589484991452
00829-QaLdnwvtxbs,hovsg,75,candle holder,0_1_69,0_1,4,0.22885481384379303
00829-QaLdnwvtxbs,hovsg,75,candle holder,0_3_213,0_3,5,0.22520940331342282
00829-QaLdnwvtxbs,hovsg,76,candle stand,0_1_46,0_1,1,0.26953492591903566
00829-QaLdnwvtxbs,hovsg,76,candle stand,0_0_41,0_0,2,0.25124309996632077
00829-QaLdnwvtxbs,hovsg,76,candle stand,0_0_42,0_0,3,0.24428341118546198
00829-QaLdnwvtxbs,hovsg,76,candle stand,0_3_270,0_3,4,0.24044046041930678
00829-QaLdnwvtxbs,hovsg,76,candle stand,0_1_69,0_1,5,0.2385178843983422
00829-QaLdnwvtxbs,hovsg,77,candlestick,0_1_46,0_1,1,0.24262548335078754
00829-QaLdnwvtxbs,hovsg,78,canoe,0_3_177,0_3,1,0.2697816091415751
00829-QaLdnwvtxbs,hovsg,78,canoe,0_2_161,0_2,2,0.25955142294501227
00829-QaLdnwvtxbs,hovsg,78,canoe,0_2_169,0_2,3,0.2545205270534756
00829-QaLdnwvtxbs,hovsg,78,canoe,0_0_73,0_0,4,0.24699962550188642
00829-QaLdnwvtxbs,hovsg,78,canoe,0_1_20,0_1,5,0.2468619351087563
00829-QaLdnwvtxbs,hovsg,79,canopy,0_3_257,0_3,1,0.26440557292096617
00829-QaLdnwvtxbs,hovsg,79,canopy,0_1_66,0_1,2,0.2553399082884198
00829-QaLdnwvtxbs,hovsg,79,canopy,0_4_8,0_4,3,0.2520975933625367
00829-QaLdnwvtxbs,hovsg,79,canopy,0_4_82,0_4,4,0.2515226644088001
00829-QaLdnwvtxbs,hovsg,79,canopy,0_3_224,0_3,5,0.25125484799469394
00829-QaLdnwvtxbs,hovsg,80,car,0_3_177,0_3,1,0.23989362690305902
00829-QaLdnwvtxbs,hovsg,80,car,0_1_43,0_1,2,0.22351770100774337
00829-QaLdnwvtxbs,hovsg,80,car,0_3_354,0_3,3,0.21913551423272876
00829-QaLdnwvtxbs,hovsg,80,car,0_3_323,0_3,4,0.21897876348991296
00829-QaLdnwvtxbs,hovsg,80,car,0_0_29,0_0,5,0.21529480782278826
00829-QaLdnwvtxbs,hovsg,81,card,0_3_351,0_3,1,0.267617170349385
00829-QaLdnwvtxbs,hovsg,81,card,0_3_184,0_3,2,0.26130456366536725
00829-QaLdnwvtxbs,hovsg,81,card,0_2_24,0_2,3,0.25453202622013227
00829-QaLdnwvtxbs,hovsg,81,card,0_2_156,0_2,4,0.2520286153612237
00829-QaLdnwvtxbs,hovsg,81,card,0_3_271,0_3,5,0.25014384371596127
00829-QaLdnwvtxbs,hovsg,82,cardboard,0_3_322,0_3,1,0.32729613231667753
00829-QaLdnwvtxbs,hovsg,82,cardboard,0_3_114,0_3,2,0.3162758544350087
00829-QaLdnwvtxbs,hovsg,82,cardboard,0_3_27,0_3,3,0.3144830938134385
00829-QaLdnwvtxbs,hovsg,82,cardboard,0_1_94,0_1,4,0.3132350944718952
00829-QaLdnwvtxbs,hovsg,82,cardboard,0_1_96,0_1,5,0.31232021414473415
00829-QaLdnwvtxbs,hovsg,83,cart,0_3_145,0_3,1,0.26603370236330753
00829-QaLdnwvtxbs,hovsg,83,cart,0_1_21,0_1,2,0.25535919999561363
00829-QaLdnwvtxbs,hovsg,83,cart,0_3_311,0_3,3,0.2523623538092366
00829-QaLdnwvtxbs,hovsg,83,cart,0_3_158,0_3,4,0.25007587899308237
00829-QaLdnwvtxbs,hovsg,83,cart,0_3_317,0_3,5,0.24937572404383657
00829-QaLdnwvtxbs,hovsg,84,cash register,0_0_29,0_0,1,0.26570385163613786
00829-QaLdnwvtxbs,hovsg,84,cash register,0_3_354,0_3,2,0.2587918128519745
00829-QaLdnwvtxbs,hovsg,84,cash register,0_3_145,0_3,3,0.24255333630915726
00829-QaLdnwvtxbs,hovsg,84,cash register,0_0_50,0_0,4,0.2282822748301969
00829-QaLdnwvtxbs,hovsg,84,cash register,0_2_66,0_2,5,0.22541449081930565
00829-QaLdnwvtxbs,hovsg,85,casket,0_2_66,0_2,1,0.28790981983460673
00829-QaLdnwvtxbs,hovsg,85,casket,0_3_311,0_3,2,0.27845116724396246
00829-QaLdnwvtxbs,hovsg,85,casket,0_4_97,0_4,3,0.2706948158013188
00829-QaLdnwvtxbs,hovsg,85,casket,0_3_317,0_3,4,0.2705220593136774
00829-QaLdnwvtxbs,hovsg,85,casket,0_3_158,0_3,5,0.26850915471698444
00829-QaLdnwvtxbs,hovsg,86,cassette,0_3_354,0_3,1,0.2810771537798341
00829-QaLdnwvtxbs,hovsg,86,cassette,0_1_36,0_1,2,0.2705206968995281
00829-QaLdnwvtxbs,hovsg,86,cassette,0_2_15,0_2,3,0.2689605357360237
00829-QaLdnwvtxbs,hovsg,86,cassette,0_2_12,0_2,4,0.26685954406153856
00829-QaLdnwvtxbs,hovsg,86,cassette,0_3_278,0_3,5,0.26617751701010034
00829-QaLdnwvtxbs,hovsg,87,cat,0_3_344,0_3,1,0.29205908938763153
00829-QaLdnwvtxbs,hovsg,87,cat,0_3_184,0_3,2,0.29198511847479913
00829-QaLdnwvtxbs,hovsg,87,cat,0_1_21,0_1,3,0.2814446290485976
00829-QaLdnwvtxbs,hovsg,87,cat,0_0_75,0_0,4,0.27197112587663214
00829-QaLdnwvtxbs,hovsg,87,cat,0_1_68,0_1,5,0.2683663103048717
00829-QaLdnwvtxbs,hovsg,88,cat food,0_2_79,0_2,1,0.24381163717825
00829-QaLdnwvtxbs,hovsg,88,cat food,0_1_20,0_1,2,0.23299147096633305
00829-QaLdnwvtxbs,hovsg,88,cat food,0_3_101,0_3,3,0.2270070798797943
00829-QaLdnwvtxbs,hovsg,88,cat food,0_3_73,0_3,4,0.218986014579002
00829-QaLdnwvtxbs,hovsg,88,cat food,0_3_11,0_3,5,0.2177082291389591
00829-QaLdnwvtxbs,hovsg,89,cat litter box,0_1_96,0_1,1,0.2681115682647793
00829-QaLdnwvtxbs,hovsg,89,cat litter box,0_3_184,0_3,2,0.2674522566519377
00829-QaLdnwvtxbs,hovsg,89,cat litter box,0_3_311,0_3,3,0.265039018110082
00829-QaLdnwvtxbs,hovsg,89,cat litter box,0_1_27,0_1,4,0.26319920828803367
00829-QaLdnwvtxbs,hovsg,89,cat litter box,0_1_68,0_1,5,0.26062394487051016
00829-QaLdnwvtxbs,hovsg,90,cat tree,0_3_184,0_3,1,0.2667663735095211
00829-QaLdnwvtxbs,hovsg,90,cat tree,0_3_344,0_3,2,0.25580384604241224
00829-QaLdnwvtxbs,hovsg,90,cat tree,0_3_181,0_3,3,0.2554740154692089
00829-QaLdnwvtxbs,hovsg,90,cat tree,0_1_21,0_1,4,0.25523091008777427
00829-QaLdnwvtxbs,hovsg,90,cat tree,0_1_68,0_1,5,0.2530842836685637
00829-QaLdnwvtxbs,hovsg,91,cd,0_1_36,0_1,1,0.24806434486907958
00829-QaLdnwvtxbs,hovsg,91,cd,0_0_25,0_0,2,0.23506715396772979
00829-QaLdnwvtxbs,hovsg,91,cd,0_2_66,0_2,3,0.23331969154726107
00829-QaLdnwvtxbs,hovsg,91,cd,0_2_79,0_2,4,0.22901272297965775
00829-QaLdnwvtxbs,hovsg,91,cd,0_1_31,0_1,5,0.22791697363988336
00829-QaLdnwvtxbs,hovsg,92,ceiling arch,0_4_30,0_4,1,0.29701715409126983
00829-QaLdnwvtxbs,hovsg,92,ceiling arch,0_1_67,0_1,2,0.29603164769251356
00829-QaLdnwvtxbs,hovsg,92,ceiling arch,0_2_7,0_2,3,0.2929483680946986
00829-QaLdnwvtxbs,hovsg,92,ceiling arch,0_1_66,0_1,4,0.29261622706973184
00829-QaLdnwvtxbs,hovsg,92,ceiling arch,0_2_142,0_2,5,0.29246360913747105
00829-QaLdnwvtxbs,hovsg,93,ceiling chassis,0_3_257,0_3,1,0.3150350499269646
00829-QaLdnwvtxbs,hovsg,93,ceiling chassis,0_2_142,0_2,2,0.30350948039619013
00829-QaLdnwvtxbs,hovsg,93,ceiling chassis,0_3_134,0_3,3,0.30281678863692646
00829-QaLdnwvtxbs,hovsg,93,ceiling chassis,0_2_7,0_2,4,0.3016716981765032
00829-QaLdnwvtxbs,hovsg,93,ceiling chassis,0_3_1,0_3,5,0.3009704084831024
00829-QaLdnwvtxbs,hovsg,94,ceiling ladder,0_4_22,0_4,1,0.29317688436679734
00829-QaLdnwvtxbs,hovsg,94,ceiling ladder,0_3_257,0_3,2,0.28849424210668934
00829-QaLdnwvtxbs,hovsg,94,ceiling ladder,0_2_126,0_2,3,0.2761052206274208
00829-QaLdnwvtxbs,hovsg,94,ceiling ladder,0_4_83,0_4,4,0.27606139396468243
00829-QaLdnwvtxbs,hovsg,94,ceiling ladder,0_1_4,0_1,5,0.27585197955892143
00829-QaLdnwvtxbs,hovsg,95,ceramics,0_3_101,0_3,1,0.26610106168278413
00829-QaLdnwvtxbs,hovsg,95,ceramics,0_3_11,0_3,2,0.26129093953370475
00829-QaLdnwvtxbs,hovsg,95,ceramics,0_2_72,0_2,3,0.25823364868058035
00829-QaLdnwvtxbs,hovsg,95,ceramics,0_3_73,0_3,4,0.2552161787113777
00829-QaLdnwvtxbs,hovsg,95,ceramics,0_3_93,0_3,5,0.2544230784069672
00829-QaLdnwvtxbs,hovsg,96,chain,0_0_41,0_0,1,0.23614283629706065
00829-QaLdnwvtxbs,hovsg,96,chain,0_0_42,0_0,2,0.23352016348931798
00829-QaLdnwvtxbs,hovsg,96,chain,0_2_100,0_2,3,0.23165506910628042
00829-QaLdnwvtxbs,hovsg,96,chain,0_1_76,0_1,4,0.22893989633160655
00829-QaLdnwvtxbs,hovsg,96,chain,0_3_272,0_3,5,0.2231631542988409
00829-QaLdnwvtxbs,hovsg,97,chair,0_1_96,0_1,1,0.25496516510466244
00829-QaLdnwvtxbs,hovsg,97,chair,0_3_342,0_3,2,0.2520284019540694
00829-QaLdnwvtxbs,hovsg,97,chair,0_3_12,0_3,3,0.2496600337485707
00829-QaLdnwvtxbs,hovsg,97,chair,0_1_42,0_1,4,0.24658061211253374
00829-QaLdnwvtxbs,hovsg,97,chair,0_3_35,0_3,5,0.2447016224109017
00829-QaLdnwvtxbs,hovsg,98,chair stand,0_3_342,0_3,1,0.25264122176519344
00829-QaLdnwvtxbs,hovsg,98,chair stand,0_1_96,0_1,2,0.24964798680781974
00829-QaLdnwvtxbs,hovsg,98,chair stand,0_3_214,0_3,3,0.24594093692332514
00829-QaLdnwvtxbs,hovsg,98,chair stand,0_3_219,0_3,4,0.2443448396948297
00829-QaLdnwvtxbs,hovsg,98,chair stand,0_3_17,0_3,5,0.24328024560080388
00829-QaLdnwvtxbs,hovsg,99,chassis,0_2_122,0_2,1,0.22831802786773128
00829-QaLdnwvtxbs,hovsg,99,chassis,0_0_50,0_0,2,0.2237260082493064
00829-QaLdnwvtxbs,hovsg,99,chassis,0_2_66,0_2,3,0.22283664633443417
00829-QaLdnwvtxbs,hovsg,99,chassis,0_2_79,0_2,4,0.20525064139109594
00829-QaLdnwvtxbs,hovsg,100,chest,0_3_311,0_3,1,0.3160684799902787
00829-QaLdnwvtxbs,hovsg,100,chest,0_1_53,0_1,2,0.30994853013612184
00829-QaLdnwvtxbs,hovsg,100,chest,0_3_158,0_3,3,0.30982107483550125
00829-QaLdnwvtxbs,hovsg,100,chest,0_3_317,0_3,4,0.3038678750008813
00829-QaLdnwvtxbs,hovsg,100,chest,0_3_182,0_3,5,0.30066570380886587
00829-QaLdnwvtxbs,hovsg,101,child car seat,0_1_42,0_1,1,0.19919021336634735
00829-QaLdnwvtxbs,hovsg,101,child car seat,0_1_39,0_1,2,0.1974099452667335
00829-QaLdnwvtxbs,hovsg,101,child car seat,0_2_66,0_2,3,0.1915425630387935
00829-QaLdnwvtxbs,hovsg,101,child car seat,0_2_147,0_2,4,0.18912424971586328
00829-QaLdnwvtxbs,hovsg,101,child car seat,0_2_30,0_2,5,0.18900310020147104
00829-QaLdnwvtxbs,hovsg,102,christmas tree,0_3_277,0_3,1,0.17817793039570345
00829-QaLdnwvtxbs,hovsg,102,christmas tree,0_0_75,0_0,2,0.17614470869587462
00829-QaLdnwvtxbs,hovsg,102,christmas tree,0_1_21,0_1,3,0.17604741493554515
00829-QaLdnwvtxbs,hovsg,102,christmas tree,0_1_20,0_1,4,0.17546173367353943
00829-QaLdnwvtxbs,hovsg,102,christmas tree,0_1_69,0_1,5,0.16982882894499846
00829-QaLdnwvtxbs,hovsg,103,clarinet,0_3_177,0_3,1,0.2568807755013707
00829-QaLdnwvtxbs,hovsg,103,clarinet,0_1_20,0_1,2,0.24542702309038453
00829-QaLdnwvtxbs,hovsg,103,clarinet,0_3_344,0_3,3,0.24455352817863935
00829-QaLdnwvtxbs,hovsg,103,clarinet,0_1_76,0_1,4,0.2427458033535026
00829-QaLdnwvtxbs,hovsg,103,clarinet,0_1_61,0_1,5,0.23397099762109658
00829-QaLdnwvtxbs,hovsg,104,cleaner,0_2_132,0_2,1,0.24743207992117733
00829-QaLdnwvtxbs,hovsg,104,cleaner,0_2_80,0_2,2,0.24712761169149733
00829-QaLdnwvtxbs,hovsg,104,cleaner,0_1_20,0_1,3,0.24359662126755088
00829-QaLdnwvtxbs,hovsg,104,cleaner,0_4_98,0_4,4,0.23586590519673015
00829-QaLdnwvtxbs,hovsg,104,cleaner,0_2_92,0_2,5,0.23568828681058723
00829-QaLdnwvtxbs,hovsg,105,clock,0_0_25,0_0,1,0.22212131397407947
00829-QaLdnwvtxbs,hovsg,105,clock,0_3_272,0_3,2,0.21807803896873196
00829-QaLdnwvtxbs,hovsg,105,clock,0_2_71,0_2,3,0.2109252548258475
00829-QaLdnwvtxbs,hovsg,105,clock,0_2_79,0_2,4,0.204195935046073
00829-QaLdnwvtxbs,hovsg,105,clock,0_3_101,0_3,5,0.18776627255988323
00829-QaLdnwvtxbs,hovsg,106,closet door,0_3_297,0_3,1,0.3303076446142466
00829-QaLdnwvtxbs,hovsg,106,closet door,0_4_78,0_4,2,0.32771748349285973
00829-QaLdnwvtxbs,hovsg,106,closet door,0_3_256,0_3,3,0.3257045866056323
00829-QaLdnwvtxbs,hovsg,106,closet door,0_3_274,0_3,4,0.3252973780892566
00829-QaLdnwvtxbs,hovsg,106,closet door,0_2_172,0_2,5,0.3229143848156096
00829-QaLdnwvtxbs,hovsg,107,cloth,0_1_78,0_1,1,0.27914778369510673
00829-QaLdnwvtxbs,hovsg,107,cloth,0_2_92,0_2,2,0.27426783385769293
00829-QaLdnwvtxbs,hovsg,107,cloth,0_1_77,0_1,3,0.27391752011752674
00829-QaLdnwvtxbs,hovsg,107,cloth,0_2_147,0_2,4,0.2738586430064614
00829-QaLdnwvtxbs,hovsg,107,cloth,0_2_81,0_2,5,0.2723658817310259
00829-QaLdnwvtxbs,hovsg,108,cloth holder,0_1_78,0_1,1,0.2947899839892254
00829-QaLdnwvtxbs,hovsg,108,cloth holder,0_2_70,0_2,2,0.29397778541612885
00829-QaLdnwvtxbs,hovsg,108,cloth holder,0_1_77,0_1,3,0.29003105934710444
00829-QaLdnwvtxbs,hovsg,108,cloth holder,0_2_160,0_2,4,0.2887939877695175
00829-QaLdnwvtxbs,hovsg,108,cloth holder,0_1_13,0_1,5,0.28692276672705164
00829-QaLdnwvtxbs,hovsg,109,clothes,0_1_13,0_1,1,0.2560820824718617
00829-QaLdnwvtxbs,hovsg,109,clothes,0_1_78,0_1,2,0.2505462723370252
00829-QaLdnwvtxbs,hovsg,109,clothes,0_1_77,0_1,3,0.25029718816978885
00829-QaLdnwvtxbs,hovsg,109,clothes,0_2_92,0_2,4,0.22379964910509983
00829-QaLdnwvtxbs,hovsg,109,clothes,0_2_81,0_2,5,0.21806653706426973
00829-QaLdnwvtxbs,hovsg,110,clothes container,0_2_158,0_2,1,0.27201662658170317
00829-QaLdnwvtxbs,hovsg,110,clothes container,0_2_79,0_2,2,0.2650691187683297
00829-QaLdnwvtxbs,hovsg,110,clothes container,0_4_97,0_4,3,0.26314768039518216
00829-QaLdnwvtxbs,hovsg,110,clothes container,0_0_50,0_0,4,0.2623708863405089
00829-QaLdnwvtxbs,hovsg,110,clothes container,0_3_311,0_3,5,0.25609062205505095
00829-QaLdnwvtxbs,hovsg,111,clothes dryer,0_1_13,0_1,1,0.23990835495779073
00829-QaLdnwvtxbs,hovsg,111,clothes dryer,0_2_61,0_2,2,0.2385726792971772
00829-QaLdnwvtxbs,hovsg,111,clothes dryer,0_1_78,0_1,3,0.23814970474099004
00829-QaLdnwvtxbs,hovsg,111,clothes dryer,0_2_30,0_2,4,0.2359753600692646
00829-QaLdnwvtxbs,hovsg,111,clothes dryer,0_1_77,0_1,5,0.2353803740588591
00829-QaLdnwvtxbs,hovsg,112,clothes rack,0_1_13,0_1,1,0.2569783095401511
00829-QaLdnwvtxbs,hovsg,112,clothes rack,0_2_160,0_2,2,0.2536156741301618
00829-QaLdnwvtxbs,hovsg,112,clothes rack,0_1_78,0_1,3,0.2533486142627711
00829-QaLdnwvtxbs,hovsg,112,clothes rack,0_1_77,0_1,4,0.25085383658106997
00829-QaLdnwvtxbs,hovsg,112,clothes rack,0_2_92,0_2,5,0.21652699552857252
00829-QaLdnwvtxbs,hovsg,113,clutter,0_0_29,0_0,1,0.2567687708717437
00829-QaLdnwvtxbs,hovsg,113,clutter,0_1_20,0_1,2,0.25654489135783853
00829-QaLdnwvtxbs,hovsg,113,clutter,0_4_97,0_4,3,0.24812374167498807
00829-QaLdnwvtxbs,hovsg,113,clutter,0_1_41,0_1,4,0.24560058536402501
00829-QaLdnwvtxbs,hovsg,113,clutter,0_0_91,0_0,5,0.24411090795444096
00829-QaLdnwvtxbs,hovsg,114,coaster,0_3_145,0_3,1,0.24097901426636992
00829-QaLdnwvtxbs,hovsg,114,coaster,0_0_23,0_0,2,0.23173298460633135
00829-QaLdnwvtxbs,hovsg,114,coaster,0_3_11,0_3,3,0.21506973684894096
00829-QaLdnwvtxbs,hovsg,114,coaster,0_3_125,0_3,4,0.214886581254988
00829-QaLdnwvtxbs,hovsg,114,coaster,0_2_79,0_2,5,0.20674314759912213
00829-QaLdnwvtxbs,hovsg,115,coffee maker,0_3_145,0_3,1,0.26355021894879405
00829-QaLdnwvtxbs,hovsg,115,coffee maker,0_2_132,0_2,2,0.23819239221882305
00829-QaLdnwvtxbs,hovsg,115,coffee maker,0_0_25,0_0,3,0.22909238940057386
00829-QaLdnwvtxbs,hovsg,115,coffee maker,0_2_71,0_2,4,0.2268650025103179
00829-QaLdnwvtxbs,hovsg,115,coffee maker,0_2_79,0_2,5,0.22667395327897966
00829-QaLdnwvtxbs,hovsg,116,coffee table,0_3_125,0_3,1,0.2827379915011053
00829-QaLdnwvtxbs,hovsg,116,coffee table,0_3_25,0_3,2,0.26143881723052453
00829-QaLdnwvtxbs,hovsg,116,coffee table,0_3_128,0_3,3,0.26140314887996713
00829-QaLdnwvtxbs,hovsg,116,coffee table,0_3_93,0_3,4,0.2613163329001965
00829-QaLdnwvtxbs,hovsg,116,coffee table,0_0_23,0_0,5,0.2524685876590898
00829-QaLdnwvtxbs,hovsg,117,compressor,0_2_61,0_2,1,0.2388829554741188
00829-QaLdnwvtxbs,hovsg,117,compressor,0_2_79,0_2,2,0.2317525415983338
00829-QaLdnwvtxbs,hovsg,118,computer,0_3_354,0_3,1,0.26637288969336
00829-QaLdnwvtxbs,hovsg,118,computer,0_1_45,0_1,2,0.26083628461537717
00829-QaLdnwvtxbs,hovsg,118,computer,0_0_29,0_0,3,0.26013768183908187
00829-QaLdnwvtxbs,hovsg,118,computer,0_3_311,0_3,4,0.2575245486080989
00829-QaLdnwvtxbs,hovsg,118,computer,0_1_36,0_1,5,0.25585700841217746
00829-QaLdnwvtxbs,hovsg,119,computer equipment,0_0_29,0_0,1,0.22160217217702322
00829-QaLdnwvtxbs,hovsg,119,computer equipment,0_3_354,0_3,2,0.21053060616202904
00829-QaLdnwvtxbs,hovsg,119,computer equipment,0_1_45,0_1,3,0.20982256769354815
00829-QaLdnwvtxbs,hovsg,119,computer equipment,0_3_311,0_3,4,0.20490916089686675
00829-QaLdnwvtxbs,hovsg,119,computer equipment,0_3_130,0_3,5,0.2037424455495535
00829-QaLdnwvtxbs,hovsg,120,cone,0_1_79,0_1,1,0.2827732725906923
00829-QaLdnwvtxbs,hovsg,120,cone,0_1_83,0_1,2,0.27172120938568955
00829-QaLdnwvtxbs,hovsg,120,cone,0_4_82,0_4,3,0.2561986058950235
00829-QaLdnwvtxbs,hovsg,120,cone,0_3_232,0_3,4,0.25144134017116315
00829-QaLdnwvtxbs,hovsg,120,cone,0_0_73,0_0,5,0.25025682685655853
00829-QaLdnwvtxbs,hovsg,121,construction stuff,0_3_347,0_3,1,0.24079010672867762
00829-QaLdnwvtxbs,hovsg,121,construction stuff,0_3_346,0_3,2,0.22846964762421962
00829-QaLdnwvtxbs,hovsg,121,construction stuff,0_3_355,0_3,3,0.22768652356314706
00829-QaLdnwvtxbs,hovsg,121,construction stuff,0_2_71,0_2,4,0.2132249977041205
00829-QaLdnwvtxbs,hovsg,121,construction stuff,0_2_79,0_2,5,0.19946711225110525
00829-QaLdnwvtxbs,hovsg,122,container,0_0_50,0_0,1,0.26251699360080033
00829-QaLdnwvtxbs,hovsg,122,container,0_3_311,0_3,2,0.25718747155980015
00829-QaLdnwvtxbs,hovsg,122,container,0_2_79,0_2,3,0.2543670810515812
00829-QaLdnwvtxbs,hovsg,122,container,0_3_158,0_3,4,0.24722510125250294
00829-QaLdnwvtxbs,hovsg,122,container,0_3_317,0_3,5,0.24633554265762975
00829-QaLdnwvtxbs,hovsg,123,controller,0_3_311,0_3,1,0.2448922887445139
00829-QaLdnwvtxbs,hovsg,123,controller,0_0_29,0_0,2,0.2438578730100934
00829-QaLdnwvtxbs,hovsg,123,controller,0_3_317,0_3,3,0.24342670409573192
00829-QaLdnwvtxbs,hovsg,123,controller,0_3_182,0_3,4,0.2418643053725534
00829-QaLdnwvtxbs,hovsg,123,controller,0_3_37,0_3,5,0.2386131927486654
00829-QaLdnwvtxbs,hovsg,124,cosmetics,0_2_72,0_2,1,0.2202824859259547
00829-QaLdnwvtxbs,hovsg,124,cosmetics,0_2_79,0_2,2,0.1993169293179347
00829-QaLdnwvtxbs,hovsg,125,counter door,0_4_66,0_4,1,0.2870752465058578
00829-QaLdnwvtxbs,hovsg,125,counter door,0_4_78,0_4,2,0.2853470064332328
00829-QaLdnwvtxbs,hovsg,125,counter door,0_4_79,0_4,3,0.28350564394898087
00829-QaLdnwvtxbs,hovsg,125,counter door,0_3_271,0_3,4,0.2785140769943695
00829-QaLdnwvtxbs,hovsg,125,counter door,0_3_266,0_3,5,0.27732289889473455
00829-QaLdnwvtxbs,hovsg,126,countertop,0_4_11,0_4,1,0.2945954821921493
00829-QaLdnwvtxbs,hovsg,126,countertop,0_4_69,0_4,2,0.2940207864884615
00829-QaLdnwvtxbs,hovsg,126,countertop,0_4_60,0_4,3,0.2914884830317558
00829-QaLdnwvtxbs,hovsg,126,countertop,0_1_63,0_1,4,0.28283228991980575
00829-QaLdnwvtxbs,hovsg,126,countertop,0_4_14,0_4,5,0.2820419181283022
00829-QaLdnwvtxbs,hovsg,127,countertop item,0_4_69,0_4,1,0.30473633949026957
00829-QaLdnwvtxbs,hovsg,127,countertop item,0_4_11,0_4,2,0.30335160296159586
00829-QaLdnwvtxbs,hovsg,127,countertop item,0_1_63,0_1,3,0.3016231389374965
00829-QaLdnwvtxbs,hovsg,127,countertop item,0_4_60,0_4,4,0.301068091343877
00829-QaLdnwvtxbs,hovsg,127,countertop item,0_1_27,0_1,5,0.29889587041749743
00829-QaLdnwvtxbs,hovsg,128,cover,0_1_54,0_1,1,0.25624388847632973
00829-QaLdnwvtxbs,hovsg,128,cover,0_1_36,0_1,2,0.25466449251290457
00829-QaLdnwvtxbs,hovsg,128,cover,0_1_31,0_1,3,0.2472318183804953
00829-QaLdnwvtxbs,hovsg,128,cover,0_4_0,0_4,4,0.2451764433995834
00829-QaLdnwvtxbs,hovsg,128,cover,0_3_87,0_3,5,0.24323699035706298
00829-QaLdnwvtxbs,hovsg,129,cross,0_1_20,0_1,1,0.23525284729445267
00829-QaLdnwvtxbs,hovsg,129,cross,0_0_42,0_0,2,0.23055893728502375
00829-QaLdnwvtxbs,hovsg,129,cross,0_3_65,0_3,3,0.22315154814553845
00829-QaLdnwvtxbs,hovsg,129,cross,0_3_219,0_3,4,0.22067938956286276
00829-QaLdnwvtxbs,hovsg,129,cross,0_3_214,0_3,5,0.22063976363664126
00829-QaLdnwvtxbs,hovsg,130,crutches,0_2_100,0_2,1,0.2574236173502569
00829-QaLdnwvtxbs,hovsg,130,crutches,0_2_163,0_2,2,0.24860334431150682
00829-QaLdnwvtxbs,hovsg,130,crutches,0_2_164,0_2,3,0.2398176359319592
00829-QaLdnwvtxbs,hovsg,130,crutches,0_1_76,0_1,4,0.23923947309070182
00829-QaLdnwvtxbs,hovsg,130,crutches,0_1_20,0_1,5,0.2379476257903062
00829-QaLdnwvtxbs,hovsg,131,cup,0_4_98,0_4,1,0.24828456718833722
00829-QaLdnwvtxbs,hovsg,131,cup,0_3_35,0_3,2,0.24818349957341151
00829-QaLdnwvtxbs,hovsg,131,cup,0_3_145,0_3,3,0.24283408408091894
00829-QaLdnwvtxbs,hovsg,131,cup,0_1_69,0_1,4,0.24185106774609696
00829-QaLdnwvtxbs,hovsg,131,cup,0_4_56,0_4,5,0.24062418517575815
00829-QaLdnwvtxbs,hovsg,132,curb,0_2_69,0_2,1,0.26154726271959083
00829-QaLdnwvtxbs,hovsg,132,curb,0_3_184,0_3,2,0.26099240984201344
00829-QaLdnwvtxbs,hovsg,132,curb,0_2_76,0_2,3,0.2556312348104403
00829-QaLdnwvtxbs,hovsg,132,curb,0_3_31,0_3,4,0.24866025400892888
00829-QaLdnwvtxbs,hovsg,132,curb,0_2_113,0_2,5,0.24581619690217427
00829-QaLdnwvtxbs,hovsg,133,curtain,0_0_84,0_0,1,0.320547090959458
00829-QaLdnwvtxbs,hovsg,133,curtain,0_0_86,0_0,2,0.3196836431946189
00829-QaLdnwvtxbs,hovsg,133,curtain,0_0_70,0_0,3,0.31885736272819554
00829-QaLdnwvtxbs,hovsg,133,curtain,0_0_85,0_0,4,0.31784444497303965
00829-QaLdnwvtxbs,hovsg,133,curtain,0_0_89,0_0,5,0.3177482236113144
00829-QaLdnwvtxbs,hovsg,134,cushion,0_3_34,0_3,1,0.31373825491295393
00829-QaLdnwvtxbs,hovsg,134,cushion,0_0_26,0_0,2,0.31181206173563036
00829-QaLdnwvtxbs,hovsg,134,cushion,0_3_316,0_3,3,0.30312769065041417
00829-QaLdnwvtxbs,hovsg,134,cushion,0_3_313,0_3,4,0.29855406445963345
00829-QaLdnwvtxbs,hovsg,134,cushion,0_3_307,0_3,5,0.29657246083294453
00829-QaLdnwvtxbs,hovsg,135,cutlery,0_1_76,0_1,1,0.2419116046778387
00829-QaLdnwvtxbs,hovsg,135,cutlery,0_1_61,0_1,2,0.2323259273994064
00829-QaLdnwvtxbs,hovsg,135,cutlery,0_1_20,0_1,3,0.2304527415237968
00829-QaLdnwvtxbs,hovsg,135,cutlery,0_3_65,0_3,4,0.22803065076900156
00829-QaLdnwvtxbs,hovsg,135,cutlery,0_2_81,0_2,5,0.20641108061176366
00829-QaLdnwvtxbs,hovsg,136,cyp,0_2_79,0_2,1,0.20407551636678978
00829-QaLdnwvtxbs,hovsg,136,cyp,0_1_48,0_1,2,0.19779579732583172
00829-QaLdnwvtxbs,hovsg,136,cyp,0_3_101,0_3,3,0.19096514990125357
00829-QaLdnwvtxbs,hovsg,137,dartboard,0_3_272,0_3,1,0.2294226202840942
00829-QaLdnwvtxbs,hovsg,138,decoder,0_3_317,0_3,1,0.24041370071158424
00829-QaLdnwvtxbs,hovsg,138,decoder,0_3_203,0_3,2,0.23449409304841312
00829-QaLdnwvtxbs,hovsg,138,decoder,0_3_182,0_3,3,0.23442073515972628
00829-QaLdnwvtxbs,hovsg,138,decoder,0_4_97,0_4,4,0.2243965965788548
00829-QaLdnwvtxbs,hovsg,138,decoder,0_2_92,0_2,5,0.21629263703133483
00829-QaLdnwvtxbs,hovsg,139,decoration,0_3_245,0_3,1,0.2603459559967991
00829-QaLdnwvtxbs,hovsg,139,decoration,0_3_209,0_3,2,0.2595465692274703
00829-QaLdnwvtxbs,hovsg,139,decoration,0_3_257,0_3,3,0.2576054958808243
00829-QaLdnwvtxbs,hovsg,139,decoration,0_3_13,0_3,4,0.25575064890536214
00829-QaLdnwvtxbs,hovsg,139,decoration,0_3_122,0_3,5,0.2540806227012111
00829-QaLdnwvtxbs,hovsg,140,dehumidifier,0_3_175,0_3,1,0.2574884386077594
00829-QaLdnwvtxbs,hovsg,140,dehumidifier,0_3_87,0_3,2,0.25740934180974673
00829-QaLdnwvtxbs,hovsg,140,dehumidifier,0_3_88,0_3,3,0.2533456201833631
00829-QaLdnwvtxbs,hovsg,140,dehumidifier,0_2_61,0_2,4,0.2531185753703752
00829-QaLdnwvtxbs,hovsg,140,dehumidifier,0_3_311,0_3,5,0.24711808513301867
00829-QaLdnwvtxbs,hovsg,141,den,0_3_348,0_3,1,0.26219583918324163
00829-QaLdnwvtxbs,hovsg,141,den,0_1_79,0_1,2,0.2598830184675651
00829-QaLdnwvtxbs,hovsg,141,den,0_3_270,0_3,3,0.25105230392960287
00829-QaLdnwvtxbs,hovsg,141,den,0_3_311,0_3,4,0.24764183416249563
00829-QaLdnwvtxbs,hovsg,141,den,0_3_130,0_3,5,0.2457214995445141
00829-QaLdnwvtxbs,hovsg,142,desk,0_0_74,0_0,1,0.2808943048717066
00829-QaLdnwvtxbs,hovsg,142,desk,0_0_14,0_0,2,0.2804605207615086
00829-QaLdnwvtxbs,hovsg,142,desk,0_0_58,0_0,3,0.2777402053357758
00829-QaLdnwvtxbs,hovsg,142,desk,0_0_36,0_0,4,0.27668882883783574
00829-QaLdnwvtxbs,hovsg,142,desk,0_3_360,0_3,5,0.2763059476426445
00829-QaLdnwvtxbs,hovsg,143,desk door,0_3_225,0_3,1,0.3170651581551722
00829-QaLdnwvtxbs,hovsg,143,desk door,0_3_271,0_3,2,0.3163144082724228
00829-QaLdnwvtxbs,hovsg,143,desk door,0_3_215,0_3,3,0.31532223442073876
00829-QaLdnwvtxbs,hovsg,143,desk door,0_0_74,0_0,4,0.3147259920142199
00829-QaLdnwvtxbs,hovsg,143,desk door,0_4_78,0_4,5,0.31436349025849186
00829-QaLdnwvtxbs,hovsg,144,dinnerware,0_3_101,0_3,1,0.20950818606982408
00829-QaLdnwvtxbs,hovsg,144,dinnerware,0_3_11,0_3,2,0.20946002760203306
00829-QaLdnwvtxbs,hovsg,144,dinnerware,0_3_73,0_3,3,0.1950309425775898
00829-QaLdnwvtxbs,hovsg,145,diploma,0_4_0,0_4,1,0.2207196356205912
00829-QaLdnwvtxbs,hovsg,145,diploma,0_3_351,0_3,2,0.21334754769108957
00829-QaLdnwvtxbs,hovsg,145,diploma,0_1_62,0_1,3,0.2125469198576325
00829-QaLdnwvtxbs,hovsg,145,diploma,0_2_149,0_2,4,0.21152987496356807
00829-QaLdnwvtxbs,hovsg,145,diploma,0_1_44,0_1,5,0.21042917878242318
00829-QaLdnwvtxbs,hovsg,146,dirt ground,0_0_95,0_0,1,0.229454984539161
00829-QaLdnwvtxbs,hovsg,146,dirt ground,0_2_138,0_2,2,0.22656313517789212
00829-QaLdnwvtxbs,hovsg,146,dirt ground,0_1_39,0_1,3,0.22568179724897292
00829-QaLdnwvtxbs,hovsg,146,dirt ground,0_2_92,0_2,4,0.2173854160049522
00829-QaLdnwvtxbs,hovsg,146,dirt ground,0_3_101,0_3,5,0.20485723139754192
00829-QaLdnwvtxbs,hovsg,147,dish rack,0_3_145,0_3,1,0.24609078333823003
00829-QaLdnwvtxbs,hovsg,147,dish rack,0_2_94,0_2,2,0.23080670919160684
00829-QaLdnwvtxbs,hovsg,147,dish rack,0_3_219,0_3,3,0.23017207784497534
00829-QaLdnwvtxbs,hovsg,147,dish rack,0_3_214,0_3,4,0.22903550838074105
00829-QaLdnwvtxbs,hovsg,147,dish rack,0_2_92,0_2,5,0.2289294516972576
00829-QaLdnwvtxbs,hovsg,148,dishwasher,0_3_50,0_3,1,0.25222027491046994
00829-QaLdnwvtxbs,hovsg,148,dishwasher,0_3_223,0_3,2,0.24750642067968542
00829-QaLdnwvtxbs,hovsg,148,dishwasher,0_3_160,0_3,3,0.24617186108464284
00829-QaLdnwvtxbs,hovsg,148,dishwasher,0_3_2,0_3,4,0.24539134368192794
00829-QaLdnwvtxbs,hovsg,148,dishwasher,0_3_222,0_3,5,0.24101402778709569
00829-QaLdnwvtxbs,hovsg,149,dispenser,0_4_93,0_4,1,0.27503814460387577
00829-QaLdnwvtxbs,hovsg,149,dispenser,0_3_145,0_3,2,0.26603877465742953
00829-QaLdnwvtxbs,hovsg,149,dispenser,0_0_25,0_0,3,0.2645159109557649
00829-QaLdnwvtxbs,hovsg,149,dispenser,0_0_24,0_0,4,0.2553926140811604
00829-QaLdnwvtxbs,hovsg,149,dispenser,0_2_80,0_2,5,0.25418540502694426
00829-QaLdnwvtxbs,hovsg,150,display case,0_3_352,0_3,1,0.25935570766572014
00829-QaLdnwvtxbs,hovsg,150,display case,0_3_353,0_3,2,0.25828358071575513
00829-QaLdnwvtxbs,hovsg,150,display case,0_3_355,0_3,3,0.2565614518095718
00829-QaLdnwvtxbs,hovsg,150,display case,0_3_347,0_3,4,0.25440203370018044
00829-QaLdnwvtxbs,hovsg,150,display case,0_1_29,0_1,5,0.2542213145213563
00829-QaLdnwvtxbs,hovsg,151,document,0_1_54,0_1,1,0.25093838803672613
00829-QaLdnwvtxbs,hovsg,151,document,0_1_92,0_1,2,0.24935496178332592
00829-QaLdnwvtxbs,hovsg,151,document,0_3_215,0_3,3,0.24512465562068783
00829-QaLdnwvtxbs,hovsg,151,document,0_1_81,0_1,4,0.24172826713430084
00829-QaLdnwvtxbs,hovsg,151,document,0_2_148,0_2,5,0.2405663481622073
00829-QaLdnwvtxbs,hovsg,152,document holder,0_3_215,0_3,1,0.28109524902992616
00829-QaLdnwvtxbs,hovsg,152,document holder,0_1_31,0_1,2,0.2701807754316896
00829-QaLdnwvtxbs,hovsg,152,document holder,0_0_23,0_0,3,0.26348930136505544
00829-QaLdnwvtxbs,hovsg,152,document holder,0_3_278,0_3,4,0.2627419882392519
00829-QaLdnwvtxbs,hovsg,152,document holder,0_3_31,0_3,5,0.2607401104373426
00829-QaLdnwvtxbs,hovsg,153,dog leash,0_1_20,0_1,1,0.24410991941097757
00829-QaLdnwvtxbs,hovsg,154,dog toy,0_1_20,0_1,1,0.23789894275942697
00829-QaLdnwvtxbs,hovsg,154,dog toy,0_2_79,0_2,2,0.20503102900214432
00829-QaLdnwvtxbs,hovsg,155,doily,0_3_272,0_3,1,0.2305392080369154
00829-QaLdnwvtxbs,hovsg,155,doily,0_2_92,0_2,2,0.2271467970772565
00829-QaLdnwvtxbs,hovsg,155,doily,0_3_65,0_3,3,0.21975579264015616
00829-QaLdnwvtxbs,hovsg,155,doily,0_3_101,0_3,4,0.21590987032161085
00829-QaLdnwvtxbs,hovsg,155,doily,0_3_11,0_3,5,0.21064639794835704
00829-QaLdnwvtxbs,hovsg,156,doll,0_1_21,0_1,1,0.256226071998335
00829-QaLdnwvtxbs,hovsg,156,doll,0_1_42,0_1,2,0.2535299980939308
00829-QaLdnwvtxbs,hovsg,156,doll,0_2_92,0_2,3,0.2507636760321702
00829-QaLdnwvtxbs,hovsg,156,doll,0_1_41,0_1,4,0.24862260734693514
00829-QaLdnwvtxbs,hovsg,156,doll,0_1_20,0_1,5,0.2363242372746358
00829-QaLdnwvtxbs,hovsg,157,door screen,0_4_94,0_4,1,0.3142921606890038
00829-QaLdnwvtxbs,hovsg,157,door screen,0_2_34,0_2,2,0.30801297818575735
00829-QaLdnwvtxbs,hovsg,157,door screen,0_2_135,0_2,3,0.3013978306756646
00829-QaLdnwvtxbs,hovsg,157,door screen,0_2_141,0_2,4,0.30021181901509564
00829-QaLdnwvtxbs,hovsg,157,door screen,0_2_121,0_2,5,0.2991380402249597
00829-QaLdnwvtxbs,hovsg,158,drawer,0_0_74,0_0,1,0.3209000752060611
00829-QaLdnwvtxbs,hovsg,158,drawer,0_1_19,0_1,2,0.3200138619487566
00829-QaLdnwvtxbs,hovsg,158,drawer,0_1_33,0_1,3,0.3181395902893541
00829-QaLdnwvtxbs,hovsg,158,drawer,0_1_57,0_1,4,0.31801549447278443
00829-QaLdnwvtxbs,hovsg,158,drawer,0_1_58,0_1,5,0.317974267090202
00829-QaLdnwvtxbs,hovsg,159,drawer cart,0_1_19,0_1,1,0.24554857305399475
00829-QaLdnwvtxbs,hovsg,159,drawer cart,0_0_23,0_0,2,0.24350435072419704
00829-QaLdnwvtxbs,hovsg,159,drawer cart,0_1_58,0_1,3,0.24242792924512957
00829-QaLdnwvtxbs,hovsg,159,drawer cart,0_1_57,0_1,4,0.24230965512497693
00829-QaLdnwvtxbs,hovsg,159,drawer cart,0_0_93,0_0,5,0.24217328265256938
00829-QaLdnwvtxbs,hovsg,160,dressing table,0_1_1,0_1,1,0.2707205774459212
00829-QaLdnwvtxbs,hovsg,160,dressing table,0_1_19,0_1,2,0.2700767290601641
00829-QaLdnwvtxbs,hovsg,160,dressing table,0_1_45,0_1,3,0.26892334701534737
00829-QaLdnwvtxbs,hovsg,160,dressing table,0_1_58,0_1,4,0.26763205250686595
00829-QaLdnwvtxbs,hovsg,160,dressing table,0_1_102,0_1,5,0.26516758216729075
00829-QaLdnwvtxbs,hovsg,161,drill,0_2_173,0_2,1,0.24291145237484066
00829-QaLdnwvtxbs,hovsg,161,drill,0_1_20,0_1,2,0.24283504433792946
00829-QaLdnwvtxbs,hovsg,161,drill,0_4_47,0_4,3,0.233438246110907
00829-QaLdnwvtxbs,hovsg,161,drill,0_2_132,0_2,4,0.23300445349444693
00829-QaLdnwvtxbs,hovsg,161,drill,0_1_69,0_1,5,0.22589953050840383
00829-QaLdnwvtxbs,hovsg,162,drum,0_1_12,0_1,1,0.24819113448496413
00829-QaLdnwvtxbs,hovsg,162,drum,0_2_79,0_2,2,0.24185890216283096
00829-QaLdnwvtxbs,hovsg,162,drum,0_3_179,0_3,3,0.23984106470611122
00829-QaLdnwvtxbs,hovsg,162,drum,0_4_98,0_4,4,0.23873732660146024
00829-QaLdnwvtxbs,hovsg,162,drum,0_1_42,0_1,5,0.23811325396580524
00829-QaLdnwvtxbs,hovsg,163,dustpan,0_2_92,0_2,1,0.3015283631160228
00829-QaLdnwvtxbs,hovsg,163,dustpan,0_0_73,0_0,2,0.2930332400885946
00829-QaLdnwvtxbs,hovsg,163,dustpan,0_0_50,0_0,3,0.2923777266426532
00829-QaLdnwvtxbs,hovsg,163,dustpan,0_2_61,0_2,4,0.2897766423131379
00829-QaLdnwvtxbs,hovsg,163,dustpan,0_2_122,0_2,5,0.2864783520402326
00829-QaLdnwvtxbs,hovsg,164,dvd,0_3_191,0_3,1,0.24486719439216761
00829-QaLdnwvtxbs,hovsg,164,dvd,0_3_171,0_3,2,0.24481119574526458
00829-QaLdnwvtxbs,hovsg,164,dvd,0_3_164,0_3,3,0.24385463320909861
00829-QaLdnwvtxbs,hovsg,164,dvd,0_3_59,0_3,4,0.24289422290410786
00829-QaLdnwvtxbs,hovsg,164,dvd,0_3_163,0_3,5,0.24185805145001796
00829-QaLdnwvtxbs,hovsg,165,easel,0_2_166,0_2,1,0.26172783847158243
00829-QaLdnwvtxbs,hovsg,165,easel,0_0_75,0_0,2,0.25939710656552906
00829-QaLdnwvtxbs,hovsg,165,easel,0_1_21,0_1,3,0.2564404586084168
00829-QaLdnwvtxbs,hovsg,165,easel,0_2_171,0_2,4,0.2544790801522891
00829-QaLdnwvtxbs,hovsg,165,easel,0_3_104,0_3,5,0.2535573370994376
00829-QaLdnwvtxbs,hovsg,166,electric hub,0_3_351,0_3,1,0.21870478847430253
00829-QaLdnwvtxbs,hovsg,166,electric hub,0_3_277,0_3,2,0.20409316071756003
00829-QaLdnwvtxbs,hovsg,166,electric hub,0_0_21,0_0,3,0.2026102823532917
00829-QaLdnwvtxbs,hovsg,166,electric hub,0_0_91,0_0,4,0.20035444261240526
00829-QaLdnwvtxbs,hovsg,166,electric hub,0_1_50,0_1,5,0.2001089079938601
00829-QaLdnwvtxbs,hovsg,167,electric wire casing,0_4_100,0_4,1,0.24751288168061808
00829-QaLdnwvtxbs,hovsg,167,electric wire casing,0_0_30,0_0,2,0.24536899405532822
00829-QaLdnwvtxbs,hovsg,167,electric wire casing,0_2_126,0_2,3,0.24444394648503165
00829-QaLdnwvtxbs,hovsg,167,electric wire casing,0_0_45,0_0,4,0.24171924677668086
00829-QaLdnwvtxbs,hovsg,167,electric wire casing,0_0_95,0_0,5,0.23422464440603874
00829-QaLdnwvtxbs,hovsg,168,electrical box,0_3_351,0_3,1,0.28442341234252466
00829-QaLdnwvtxbs,hovsg,168,electrical box,0_0_45,0_0,2,0.28078275857077806
00829-QaLdnwvtxbs,hovsg,168,electrical box,0_2_86,0_2,3,0.276708249573386
00829-QaLdnwvtxbs,hovsg,168,electrical box,0_3_311,0_3,4,0.27177089264705057
00829-QaLdnwvtxbs,hovsg,168,electrical box,0_2_11,0_2,5,0.27126257581551877
00829-QaLdnwvtxbs,hovsg,169,electrical device,0_3_351,0_3,1,0.26845363978199627
00829-QaLdnwvtxbs,hovsg,169,electrical device,0_2_86,0_2,2,0.25933120964243633
00829-QaLdnwvtxbs,hovsg,169,electrical device,0_0_45,0_0,3,0.2507079643681873
00829-QaLdnwvtxbs,hovsg,169,electrical device,0_3_354,0_3,4,0.24950967632134646
00829-QaLdnwvtxbs,hovsg,169,electrical device,0_0_21,0_0,5,0.24836638756615576
00829-QaLdnwvtxbs,hovsg,170,electrical installation,0_2_11,0_2,1,0.26233311778889634
00829-QaLdnwvtxbs,hovsg,170,electrical installation,0_3_1,0_3,2,0.2531078830881478
00829-QaLdnwvtxbs,hovsg,170,electrical installation,0_0_45,0_0,3,0.2523066003922701
00829-QaLdnwvtxbs,hovsg,170,electrical installation,0_3_122,0_3,4,0.25153749935552266
00829-QaLdnwvtxbs,hovsg,170,electrical installation,0_2_20,0_2,5,0.24957752167980896
00829-QaLdnwvtxbs,hovsg,171,elevator,0_2_80,0_2,1,0.27220871895999904
00829-QaLdnwvtxbs,hovsg,171,elevator,0_3_271,0_3,2,0.27125482232028425
00829-QaLdnwvtxbs,hovsg,171,elevator,0_3_215,0_3,3,0.2666647097819385
00829-QaLdnwvtxbs,hovsg,171,elevator,0_2_12,0_2,4,0.2648976765218169
00829-QaLdnwvtxbs,hovsg,171,elevator,0_3_221,0_3,5,0.2634658615853934
00829-QaLdnwvtxbs,hovsg,172,exercise ball,0_1_34,0_1,1,0.2346309740396667
00829-QaLdnwvtxbs,hovsg,172,exercise ball,0_1_12,0_1,2,0.22377087800470052
00829-QaLdnwvtxbs,hovsg,172,exercise ball,0_3_46,0_3,3,0.21660393587812998
00829-QaLdnwvtxbs,hovsg,172,exercise ball,0_3_101,0_3,4,0.20948825022974632
00829-QaLdnwvtxbs,hovsg,172,exercise ball,0_2_79,0_2,5,0.20338719642828038
00829-QaLdnwvtxbs,hovsg,173,exercise bike,0_2_79,0_2,1,0.2119045041610199
00829-QaLdnwvtxbs,hovsg,173,exercise bike,0_2_71,0_2,2,0.21183176776661264
00829-QaLdnwvtxbs,hovsg,174,exercise equipment,0_2_66,0_2,1,0.2012447242709431
00829-QaLdnwvtxbs,hovsg,174,exercise equipment,0_0_29,0_0,2,0.19765369543020544
00829-QaLdnwvtxbs,hovsg,174,exercise equipment,0_1_53,0_1,3,0.19610973717824617
00829-QaLdnwvtxbs,hovsg,174,exercise equipment,0_3_311,0_3,4,0.19343264772607946
00829-QaLdnwvtxbs,hovsg,174,exercise equipment,0_1_45,0_1,5,0.19180706751977172
00829-QaLdnwvtxbs,hovsg,175,exercise ladder,0_1_53,0_1,1,0.22930390619116736
00829-QaLdnwvtxbs,hovsg,175,exercise ladder,0_2_164,0_2,2,0.22781927410117625
00829-QaLdnwvtxbs,hovsg,175,exercise ladder,0_3_117,0_3,3,0.22454144809110493
00829-QaLdnwvtxbs,hovsg,175,exercise ladder,0_0_75,0_0,4,0.22323637936458934
00829-QaLdnwvtxbs,hovsg,175,exercise ladder,0_2_87,0_2,5,0.22320149042196602
00829-QaLdnwvtxbs,hovsg,176,exercise mat,0_2_66,0_2,1,0.2337412129978898
00829-QaLdnwvtxbs,hovsg,176,exercise mat,0_2_9,0_2,2,0.2287823569093192
00829-QaLdnwvtxbs,hovsg,177,exhibition panel,0_1_65,0_1,1,0.2577770625935437
00829-QaLdnwvtxbs,hovsg,177,exhibition panel,0_1_29,0_1,2,0.2525993019004636
00829-QaLdnwvtxbs,hovsg,177,exhibition panel,0_1_17,0_1,3,0.24882344415496477
00829-QaLdnwvtxbs,hovsg,177,exhibition panel,0_1_18,0_1,4,0.23588172870299332
00829-QaLdnwvtxbs,hovsg,177,exhibition panel,0_4_57,0_4,5,0.22767832736779153
00829-QaLdnwvtxbs,hovsg,178,extractor hood,0_2_126,0_2,1,0.28056663792547964
00829-QaLdnwvtxbs,hovsg,178,extractor hood,0_2_61,0_2,2,0.27802914539261464
00829-QaLdnwvtxbs,hovsg,178,extractor hood,0_2_122,0_2,3,0.27234606186040367
00829-QaLdnwvtxbs,hovsg,178,extractor hood,0_4_22,0_4,4,0.2657154355060426
00829-QaLdnwvtxbs,hovsg,178,extractor hood,0_2_124,0_2,5,0.26443346834856674
00829-QaLdnwvtxbs,hovsg,179,eyeglasses,0_3_277,0_3,1,0.22008949163882693
00829-QaLdnwvtxbs,hovsg,179,eyeglasses,0_3_344,0_3,2,0.21506581004498831
00829-QaLdnwvtxbs,hovsg,179,eyeglasses,0_1_20,0_1,3,0.2130207020513505
00829-QaLdnwvtxbs,hovsg,179,eyeglasses,0_0_29,0_0,4,0.20960113824676535
00829-QaLdnwvtxbs,hovsg,179,eyeglasses,0_2_149,0_2,5,0.20627718329417005
00829-QaLdnwvtxbs,hovsg,180,fan,0_4_22,0_4,1,0.2799088043688664
00829-QaLdnwvtxbs,hovsg,180,fan,0_0_49,0_0,2,0.2766367455565254
00829-QaLdnwvtxbs,hovsg,180,fan,0_3_88,0_3,3,0.2658833674514797
00829-QaLdnwvtxbs,hovsg,180,fan,0_3_351,0_3,4,0.263314995690673
00829-QaLdnwvtxbs,hovsg,180,fan,0_3_209,0_3,5,0.2582551244024907
00829-QaLdnwvtxbs,hovsg,181,faucet,0_4_93,0_4,1,0.31925832308974833
00829-QaLdnwvtxbs,hovsg,181,faucet,0_4_101,0_4,2,0.28114336358363545
00829-QaLdnwvtxbs,hovsg,181,faucet,0_4_73,0_4,3,0.27275843647565956
00829-QaLdnwvtxbs,hovsg,181,faucet,0_2_87,0_2,4,0.2695377048052514
00829-QaLdnwvtxbs,hovsg,181,faucet,0_2_70,0_2,5,0.26903355817091257
00829-QaLdnwvtxbs,hovsg,182,fire extinguisher,0_0_24,0_0,1,0.33147149050096
00829-QaLdnwvtxbs,hovsg,182,fire extinguisher,0_0_75,0_0,2,0.26604221483771934
00829-QaLdnwvtxbs,hovsg,182,fire extinguisher,0_2_132,0_2,3,0.24587614148149034
00829-QaLdnwvtxbs,hovsg,182,fire extinguisher,0_1_69,0_1,4,0.24215585959743013
00829-QaLdnwvtxbs,hovsg,182,fire extinguisher,0_2_71,0_2,5,0.2375410632672889
00829-QaLdnwvtxbs,hovsg,183,fireplace,0_3_352,0_3,1,0.24113125620968268
00829-QaLdnwvtxbs,hovsg,183,fireplace,0_3_353,0_3,2,0.2394438263317456
00829-QaLdnwvtxbs,hovsg,183,fireplace,0_3_355,0_3,3,0.2378592866961981
00829-QaLdnwvtxbs,hovsg,183,fireplace,0_3_346,0_3,4,0.23405743548892377
00829-QaLdnwvtxbs,hovsg,183,fireplace,0_2_71,0_2,5,0.22943506337367833
00829-QaLdnwvtxbs,hovsg,184,fireplace tool set,0_2_71,0_2,1,0.2165248004413773
00829-QaLdnwvtxbs,hovsg,184,fireplace tool set,0_0_90,0_0,2,0.20536242492126439
00829-QaLdnwvtxbs,hovsg,185,firewood,0_3_35,0_3,1,0.253400016606674
00829-QaLdnwvtxbs,hovsg,185,firewood,0_3_93,0_3,2,0.25067894380611155
00829-QaLdnwvtxbs,hovsg,185,firewood,0_3_311,0_3,3,0.2500964853447318
00829-QaLdnwvtxbs,hovsg,185,firewood,0_3_158,0_3,4,0.24726807268257095
00829-QaLdnwvtxbs,hovsg,185,firewood,0_1_76,0_1,5,0.24637897147459087
00829-QaLdnwvtxbs,hovsg,186,fishing rod,0_1_32,0_1,1,0.2508370036800758
00829-QaLdnwvtxbs,hovsg,186,fishing rod,0_1_20,0_1,2,0.23234673644676404
00829-QaLdnwvtxbs,hovsg,186,fishing rod,0_2_79,0_2,3,0.20579853452338837
00829-QaLdnwvtxbs,hovsg,187,flag,0_3_141,0_3,1,0.26100942635937485
00829-QaLdnwvtxbs,hovsg,187,flag,0_3_177,0_3,2,0.2607178743439239
00829-QaLdnwvtxbs,hovsg,187,flag,0_2_165,0_2,3,0.2505659717421384
00829-QaLdnwvtxbs,hovsg,187,flag,0_2_61,0_2,4,0.24879146988590756
00829-QaLdnwvtxbs,hovsg,187,flag,0_2_122,0_2,5,0.24877243777581642
00829-QaLdnwvtxbs,hovsg,188,flashlight,0_1_50,0_1,1,0.27202987183824523
00829-QaLdnwvtxbs,hovsg,188,flashlight,0_1_48,0_1,2,0.26883430348424336
00829-QaLdnwvtxbs,hovsg,188,flashlight,0_1_51,0_1,3,0.26097349715357837
00829-QaLdnwvtxbs,hovsg,188,flashlight,0_1_46,0_1,4,0.2573496625797622
00829-QaLdnwvtxbs,hovsg,188,flashlight,0_1_56,0_1,5,0.2562301765006452
00829-QaLdnwvtxbs,hovsg,189,floor stand,0_3_219,0_3,1,0.2916506037371826
00829-QaLdnwvtxbs,hovsg,189,floor stand,0_3_214,0_3,2,0.28952098394145204
00829-QaLdnwvtxbs,hovsg,189,floor stand,0_3_181,0_3,3,0.28664826004601396
00829-QaLdnwvtxbs,hovsg,189,floor stand,0_0_95,0_0,4,0.2844101275990401
00829-QaLdnwvtxbs,hovsg,189,floor stand,0_1_21,0_1,5,0.2786059436388668
00829-QaLdnwvtxbs,hovsg,190,flower stand,0_1_43,0_1,1,0.2006464932309447
00829-QaLdnwvtxbs,hovsg,190,flower stand,0_3_214,0_3,2,0.19448706303584642
00829-QaLdnwvtxbs,hovsg,190,flower stand,0_3_123,0_3,3,0.19252312068594132
00829-QaLdnwvtxbs,hovsg,190,flower stand,0_3_323,0_3,4,0.19251437047431924
00829-QaLdnwvtxbs,hovsg,190,flower stand,0_3_270,0_3,5,0.1919828384911368
00829-QaLdnwvtxbs,hovsg,191,flowerbed,0_3_277,0_3,1,0.20175069588360053
00829-QaLdnwvtxbs,hovsg,191,flowerbed,0_1_43,0_1,2,0.1987274660672466
00829-QaLdnwvtxbs,hovsg,191,flowerbed,0_3_184,0_3,3,0.19812799459045932
00829-QaLdnwvtxbs,hovsg,191,flowerbed,0_0_48,0_0,4,0.1947834350621572
00829-QaLdnwvtxbs,hovsg,191,flowerbed,0_0_35,0_0,5,0.19463046796255984
00829-QaLdnwvtxbs,hovsg,192,flush,0_4_56,0_4,1,0.28056510813857927
00829-QaLdnwvtxbs,hovsg,192,flush,0_4_5,0_4,2,0.27937204564255047
00829-QaLdnwvtxbs,hovsg,192,flush,0_4_82,0_4,3,0.2641965877508846
00829-QaLdnwvtxbs,hovsg,192,flush,0_4_8,0_4,4,0.26208586192126193
00829-QaLdnwvtxbs,hovsg,192,flush,0_0_42,0_0,5,0.26192687337183296
00829-QaLdnwvtxbs,hovsg,193,flush button,0_0_25,0_0,1,0.2717851834150331
00829-QaLdnwvtxbs,hovsg,193,flush button,0_2_86,0_2,2,0.2690506058438378
00829-QaLdnwvtxbs,hovsg,193,flush button,0_3_351,0_3,3,0.26033738815853574
00829-QaLdnwvtxbs,hovsg,193,flush button,0_4_56,0_4,4,0.2536939507878009
00829-QaLdnwvtxbs,hovsg,193,flush button,0_4_82,0_4,5,0.24915369806823573
00829-QaLdnwvtxbs,hovsg,194,flush push,0_4_56,0_4,1,0.28599359787904455
00829-QaLdnwvtxbs,hovsg,194,flush push,0_4_5,0_4,2,0.28166714094647716
00829-QaLdnwvtxbs,hovsg,194,flush push,0_4_18,0_4,3,0.2552647607682148
00829-QaLdnwvtxbs,hovsg,194,flush push,0_4_8,0_4,4,0.25336388220796957
00829-QaLdnwvtxbs,hovsg,194,flush push,0_0_42,0_0,5,0.25334658131346877
00829-QaLdnwvtxbs,hovsg,195,foam,0_1_12,0_1,1,0.2844234589331782
00829-QaLdnwvtxbs,hovsg,195,foam,0_1_34,0_1,2,0.28390632730836873
00829-QaLdnwvtxbs,hovsg,195,foam,0_2_72,0_2,3,0.27791333707194615
00829-QaLdnwvtxbs,hovsg,195,foam,0_2_26,0_2,4,0.2778297873824863
00829-QaLdnwvtxbs,hovsg,195,foam,0_2_146,0_2,5,0.2763281012386905
00829-QaLdnwvtxbs,hovsg,196,folding stand,0_3_219,0_3,1,0.2877210391207421
00829-QaLdnwvtxbs,hovsg,196,folding stand,0_3_214,0_3,2,0.28617573063204127
00829-QaLdnwvtxbs,hovsg,196,folding stand,0_3_270,0_3,3,0.2684555804440407
00829-QaLdnwvtxbs,hovsg,196,folding stand,0_2_87,0_2,4,0.2602771483804333
00829-QaLdnwvtxbs,hovsg,196,folding stand,0_3_181,0_3,5,0.257587260155854
00829-QaLdnwvtxbs,hovsg,197,food,0_3_179,0_3,1,0.24979092621353105
00829-QaLdnwvtxbs,hovsg,197,food,0_3_11,0_3,2,0.24827199872241285
00829-QaLdnwvtxbs,hovsg,197,food,0_3_101,0_3,3,0.2454312990661589
00829-QaLdnwvtxbs,hovsg,197,food,0_2_72,0_2,4,0.24316990619539178
00829-QaLdnwvtxbs,hovsg,197,food,0_3_73,0_3,5,0.24099172795649948
00829-QaLdnwvtxbs,hovsg,198,food processor,0_2_79,0_2,1,0.24098249397869814
00829-QaLdnwvtxbs,hovsg,198,food processor,0_3_145,0_3,2,0.23898504768989992
00829-QaLdnwvtxbs,hovsg,198,food processor,0_3_179,0_3,3,0.23429452276194615
00829-QaLdnwvtxbs,hovsg,198,food processor,0_3_29,0_3,4,0.22935234030324447
00829-QaLdnwvtxbs,hovsg,198,food processor,0_0_25,0_0,5,0.2193647439268246
00829-QaLdnwvtxbs,hovsg,199,food stand,0_3_123,0_3,1,0.2070855682114704
00829-QaLdnwvtxbs,hovsg,199,food stand,0_1_43,0_1,2,0.20603815753517318
00829-QaLdnwvtxbs,hovsg,199,food stand,0_1_68,0_1,3,0.20562620172333926
00829-QaLdnwvtxbs,hovsg,199,food stand,0_0_29,0_0,4,0.19964449717898386
00829-QaLdnwvtxbs,hovsg,199,food stand,0_2_61,0_2,5,0.1958979985246352
00829-QaLdnwvtxbs,hovsg,200,foosball table,0_3_93,0_3,1,0.2286278247937873
00829-QaLdnwvtxbs,hovsg,200,foosball table,0_3_25,0_3,2,0.22398152525477222
00829-QaLdnwvtxbs,hovsg,200,foosball table,0_1_53,0_1,3,0.21964246103147014
00829-QaLdnwvtxbs,hovsg,200,foosball table,0_3_311,0_3,4,0.21855558265308164
00829-QaLdnwvtxbs,hovsg,200,foosball table,0_0_22,0_0,5,0.21787770680151614
00829-QaLdnwvtxbs,hovsg,201,foot spa,0_2_81,0_2,1,0.2340232314455493
00829-QaLdnwvtxbs,hovsg,201,foot spa,0_2_66,0_2,2,0.22428225629240683
00829-QaLdnwvtxbs,hovsg,201,foot spa,0_2_89,0_2,3,0.21895416707486173
00829-QaLdnwvtxbs,hovsg,201,foot spa,0_2_92,0_2,4,0.21882104484415388
00829-QaLdnwvtxbs,hovsg,201,foot spa,0_2_79,0_2,5,0.20828731580483478
00829-QaLdnwvtxbs,hovsg,202,football,0_2_30,0_2,1,0.223989554014295
00829-QaLdnwvtxbs,hovsg,202,football,0_2_147,0_2,2,0.22261515209925964
00829-QaLdnwvtxbs,hovsg,202,football,0_3_101,0_3,3,0.21225111809435065
00829-QaLdnwvtxbs,hovsg,202,football,0_3_73,0_3,4,0.2028617739568388
00829-QaLdnwvtxbs,hovsg,202,football,0_1_48,0_1,5,0.1958769126037726
00829-QaLdnwvtxbs,hovsg,203,footstool,0_1_12,0_1,1,0.32251749709242994
00829-QaLdnwvtxbs,hovsg,203,footstool,0_3_29,0_3,2,0.3192509574288802
00829-QaLdnwvtxbs,hovsg,203,footstool,0_1_34,0_1,3,0.3146066403678167
00829-QaLdnwvtxbs,hovsg,203,footstool,0_3_125,0_3,4,0.311470722526036
00829-QaLdnwvtxbs,hovsg,203,footstool,0_3_128,0_3,5,0.29605099144399644
00829-QaLdnwvtxbs,hovsg,204,frame,0_2_171,0_2,1,0.29209241695489757
00829-QaLdnwvtxbs,hovsg,204,frame,0_3_343,0_3,2,0.2883429392027562
00829-QaLdnwvtxbs,hovsg,204,frame,0_2_166,0_2,3,0.2848902334533223
00829-QaLdnwvtxbs,hovsg,204,frame,0_3_86,0_3,4,0.28277209894069033
00829-QaLdnwvtxbs,hovsg,204,frame,0_3_104,0_3,5,0.28197900462617814
00829-QaLdnwvtxbs,hovsg,205,fruit,0_3_11,0_3,1,0.2457833072676913
00829-QaLdnwvtxbs,hovsg,205,fruit,0_3_101,0_3,2,0.2457374477076663
00829-QaLdnwvtxbs,hovsg,205,fruit,0_3_73,0_3,3,0.24523859945398818
00829-QaLdnwvtxbs,hovsg,205,fruit,0_3_179,0_3,4,0.24244084458434625
00829-QaLdnwvtxbs,hovsg,205,fruit,0_3_145,0_3,5,0.23145965457290124
00829-QaLdnwvtxbs,hovsg,206,fume cupboard,0_3_123,0_3,1,0.25998129890436317
00829-QaLdnwvtxbs,hovsg,206,fume cupboard,0_2_80,0_2,2,0.25723810929051427
00829-QaLdnwvtxbs,hovsg,206,fume cupboard,0_2_174,0_2,3,0.2536315358068649
00829-QaLdnwvtxbs,hovsg,206,fume cupboard,0_1_63,0_1,4,0.24707531788000237
00829-QaLdnwvtxbs,hovsg,206,fume cupboard,0_1_15,0_1,5,0.24672021143606646
00829-QaLdnwvtxbs,hovsg,207,fur,0_2_92,0_2,1,0.26716131075340854
00829-QaLdnwvtxbs,hovsg,207,fur,0_3_184,0_3,2,0.26115402843464425
00829-QaLdnwvtxbs,hovsg,207,fur,0_1_79,0_1,3,0.25919461485105755
00829-QaLdnwvtxbs,hovsg,207,fur,0_3_344,0_3,4,0.25418598121593394
00829-QaLdnwvtxbs,hovsg,207,fur,0_3_179,0_3,5,0.2508788464657071
00829-QaLdnwvtxbs,hovsg,208,furnace,0_3_311,0_3,1,0.2569389835779874
00829-QaLdnwvtxbs,hovsg,208,furnace,0_3_88,0_3,2,0.2545948159140663
00829-QaLdnwvtxbs,hovsg,208,furnace,0_4_22,0_4,3,0.25244330164344597
00829-QaLdnwvtxbs,hovsg,208,furnace,0_3_158,0_3,4,0.2507771536897926
00829-QaLdnwvtxbs,hovsg,208,furnace,0_3_123,0_3,5,0.2506146676899129
00829-QaLdnwvtxbs,hovsg,209,furniture,0_3_311,0_3,1,0.2742532632025407
00829-QaLdnwvtxbs,hovsg,209,furniture,0_3_116,0_3,2,0.2731546402204085
00829-QaLdnwvtxbs,hovsg,209,furniture,0_3_130,0_3,3,0.27134452669488884
00829-QaLdnwvtxbs,hovsg,209,furniture,0_3_25,0_3,4,0.27101852740631366
00829-QaLdnwvtxbs,hovsg,209,furniture,0_3_158,0_3,5,0.2704767767692076
00829-QaLdnwvtxbs,hovsg,210,game,0_3_267,0_3,1,0.2402603297848231
00829-QaLdnwvtxbs,hovsg,210,game,0_3_277,0_3,2,0.24001473780718716
00829-QaLdnwvtxbs,hovsg,210,game,0_3_270,0_3,3,0.23521205039529763
00829-QaLdnwvtxbs,hovsg,210,game,0_1_45,0_1,4,0.23497681023160494
00829-QaLdnwvtxbs,hovsg,210,game,0_3_145,0_3,5,0.23385768443389704
00829-QaLdnwvtxbs,hovsg,211,game console,0_3_311,0_3,1,0.2815635430319723
00829-QaLdnwvtxbs,hovsg,211,game console,0_3_317,0_3,2,0.2783907107675308
00829-QaLdnwvtxbs,hovsg,211,game console,0_3_203,0_3,3,0.27684300142530777
00829-QaLdnwvtxbs,hovsg,211,game console,0_3_182,0_3,4,0.2727425456721543
00829-QaLdnwvtxbs,hovsg,211,game console,0_3_37,0_3,5,0.2727338013252298
00829-QaLdnwvtxbs,hovsg,212,gap,0_2_69,0_2,1,0.24840983387933852
00829-QaLdnwvtxbs,hovsg,212,gap,0_1_32,0_1,2,0.2471902628248334
00829-QaLdnwvtxbs,hovsg,212,gap,0_3_136,0_3,3,0.24310873002155936
00829-QaLdnwvtxbs,hovsg,212,gap,0_1_79,0_1,4,0.24186950487715672
00829-QaLdnwvtxbs,hovsg,212,gap,0_0_73,0_0,5,0.2391053286705058
00829-QaLdnwvtxbs,hovsg,213,garage door motor,0_0_25,0_0,1,0.21992467983003564
00829-QaLdnwvtxbs,hovsg,213,garage door motor,0_2_79,0_2,2,0.21708415160886124
00829-QaLdnwvtxbs,hovsg,214,garage door opener,0_0_25,0_0,1,0.2553735906546769
00829-QaLdnwvtxbs,hovsg,214,garage door opener,0_3_266,0_3,2,0.24739933772556455
00829-QaLdnwvtxbs,hovsg,214,garage door opener,0_3_215,0_3,3,0.23707066085886364
00829-QaLdnwvtxbs,hovsg,214,garage door opener,0_2_61,0_2,4,0.23589268270750965
00829-QaLdnwvtxbs,hovsg,214,garage door opener,0_2_122,0_2,5,0.23329954225375465
00829-QaLdnwvtxbs,hovsg,215,garage door opener railing,0_3_292,0_3,1,0.23841490771209958
00829-QaLdnwvtxbs,hovsg,215,garage door opener railing,0_3_266,0_3,2,0.23315833612103923
00829-QaLdnwvtxbs,hovsg,215,garage door opener railing,0_3_334,0_3,3,0.2293974818097857
00829-QaLdnwvtxbs,hovsg,215,garage door opener railing,0_4_100,0_4,4,0.22315214194144023
00829-QaLdnwvtxbs,hovsg,215,garage door opener railing,0_3_225,0_3,5,0.19915339488676598
00829-QaLdnwvtxbs,hovsg,216,gas box,0_0_24,0_0,1,0.27535638748133023
00829-QaLdnwvtxbs,hovsg,216,gas box,0_0_50,0_0,2,0.2501613695593934
00829-QaLdnwvtxbs,hovsg,216,gas box,0_3_311,0_3,3,0.24897676679696906
00829-QaLdnwvtxbs,hovsg,216,gas box,0_2_79,0_2,4,0.2460016273466717
00829-QaLdnwvtxbs,hovsg,216,gas box,0_0_45,0_0,5,0.24445394793364114
00829-QaLdnwvtxbs,hovsg,217,gas container,0_2_79,0_2,1,0.2582941739905492
00829-QaLdnwvtxbs,hovsg,217,gas container,0_0_50,0_0,2,0.2512771553896354
00829-QaLdnwvtxbs,hovsg,217,gas container,0_2_61,0_2,3,0.24410381302028
00829-QaLdnwvtxbs,hovsg,217,gas container,0_1_69,0_1,4,0.24043810116206593
00829-QaLdnwvtxbs,hovsg,217,gas container,0_2_132,0_2,5,0.2400087298480377
00829-QaLdnwvtxbs,hovsg,218,gas meter,0_2_79,0_2,1,0.2538758425476797
00829-QaLdnwvtxbs,hovsg,218,gas meter,0_2_61,0_2,2,0.25132888911286033
00829-QaLdnwvtxbs,hovsg,218,gas meter,0_0_25,0_0,3,0.2501490393666606
00829-QaLdnwvtxbs,hovsg,218,gas meter,0_3_354,0_3,4,0.24765565227738262
00829-QaLdnwvtxbs,hovsg,218,gas meter,0_2_147,0_2,5,0.23617518911154048
00829-QaLdnwvtxbs,hovsg,219,gauge,0_0_24,0_0,1,0.2228306431243177
00829-QaLdnwvtxbs,hovsg,219,gauge,0_0_25,0_0,2,0.22277153780908024
00829-QaLdnwvtxbs,hovsg,219,gauge,0_2_79,0_2,3,0.2016349834237115
00829-QaLdnwvtxbs,hovsg,219,gauge,0_2_117,0_2,4,0.19498458088169895
00829-QaLdnwvtxbs,hovsg,219,gauge,0_2_60,0_2,5,0.18998675969445272
00829-QaLdnwvtxbs,hovsg,220,gift,0_3_145,0_3,1,0.24128551520047425
00829-QaLdnwvtxbs,hovsg,220,gift,0_2_72,0_2,2,0.22059250424891003
00829-QaLdnwvtxbs,hovsg,220,gift,0_2_147,0_2,3,0.21691076317422464
00829-QaLdnwvtxbs,hovsg,220,gift,0_2_30,0_2,4,0.2154193311423505
00829-QaLdnwvtxbs,hovsg,220,gift,0_2_70,0_2,5,0.21537912702284978
00829-QaLdnwvtxbs,hovsg,221,glass,0_3_35,0_3,1,0.2747294790940968
00829-QaLdnwvtxbs,hovsg,221,glass,0_3_352,0_3,2,0.2746259548804236
00829-QaLdnwvtxbs,hovsg,221,glass,0_3_353,0_3,3,0.27320376061471063
00829-QaLdnwvtxbs,hovsg,221,glass,0_3_355,0_3,4,0.27080118097228545
00829-QaLdnwvtxbs,hovsg,221,glass,0_3_164,0_3,5,0.27014040655231
00829-QaLdnwvtxbs,hovsg,222,glasses,0_3_344,0_3,1,0.22975991005348964
00829-QaLdnwvtxbs,hovsg,222,glasses,0_1_20,0_1,2,0.22275201008750023
00829-QaLdnwvtxbs,hovsg,222,glasses,0_3_277,0_3,3,0.22125695119541622
00829-QaLdnwvtxbs,hovsg,222,glasses,0_1_21,0_1,4,0.22114623928781044
00829-QaLdnwvtxbs,hovsg,222,glasses,0_0_29,0_0,5,0.21419393126382802
00829-QaLdnwvtxbs,hovsg,223,globe,0_3_101,0_3,1,0.20643866979073275
00829-QaLdnwvtxbs,hovsg,223,globe,0_3_73,0_3,2,0.1927382399516194
00829-QaLdnwvtxbs,hovsg,224,globe stand,0_3_270,0_3,1,0.20347055070282177
00829-QaLdnwvtxbs,hovsg,224,globe stand,0_1_45,0_1,2,0.20145026962538973
00829-QaLdnwvtxbs,hovsg,224,globe stand,0_3_181,0_3,3,0.19793180790450166
00829-QaLdnwvtxbs,hovsg,224,globe stand,0_2_87,0_2,4,0.1963901712427923
00829-QaLdnwvtxbs,hovsg,224,globe stand,0_3_214,0_3,5,0.19520113289898944
00829-QaLdnwvtxbs,hovsg,225,gloves,0_1_76,0_1,1,0.2763307657663231
00829-QaLdnwvtxbs,hovsg,225,gloves,0_2_92,0_2,2,0.2738628566094068
00829-QaLdnwvtxbs,hovsg,225,gloves,0_1_61,0_1,3,0.26845801473170333
00829-QaLdnwvtxbs,hovsg,225,gloves,0_2_81,0_2,4,0.241059442908507
00829-QaLdnwvtxbs,hovsg,225,gloves,0_1_20,0_1,5,0.23405341188396273
00829-QaLdnwvtxbs,hovsg,226,glue,0_3_350,0_3,1,0.2802492271091418
00829-QaLdnwvtxbs,hovsg,226,glue,0_0_41,0_0,2,0.2726643710541033
00829-QaLdnwvtxbs,hovsg,226,glue,0_3_184,0_3,3,0.27216992069347623
00829-QaLdnwvtxbs,hovsg,226,glue,0_0_42,0_0,4,0.2716678544043196
00829-QaLdnwvtxbs,hovsg,226,glue,0_2_173,0_2,5,0.2705636392179372
00829-QaLdnwvtxbs,hovsg,227,goalpost,0_2_15,0_2,1,0.23909936454747166
00829-QaLdnwvtxbs,hovsg,227,goalpost,0_2_12,0_2,2,0.23243745761792423
00829-QaLdnwvtxbs,hovsg,227,goalpost,0_0_54,0_0,3,0.23200692612334833
00829-QaLdnwvtxbs,hovsg,227,goalpost,0_2_87,0_2,4,0.23027305426519143
00829-QaLdnwvtxbs,hovsg,227,goalpost,0_3_278,0_3,5,0.22917069199350665
00829-QaLdnwvtxbs,hovsg,228,golf sticks,0_1_20,0_1,1,0.22110948547696518
00829-QaLdnwvtxbs,hovsg,228,golf sticks,0_1_32,0_1,2,0.2136762662246514
00829-QaLdnwvtxbs,hovsg,228,golf sticks,0_3_278,0_3,3,0.21082418549953885
00829-QaLdnwvtxbs,hovsg,228,golf sticks,0_2_164,0_2,4,0.20791420052086357
00829-QaLdnwvtxbs,hovsg,228,golf sticks,0_2_169,0_2,5,0.2078356862298646
00829-QaLdnwvtxbs,hovsg,229,grab bar,0_2_109,0_2,1,0.32733044766734387
00829-QaLdnwvtxbs,hovsg,229,grab bar,0_2_104,0_2,2,0.3218502721881022
00829-QaLdnwvtxbs,hovsg,229,grab bar,0_2_107,0_2,3,0.3177855395811875
00829-QaLdnwvtxbs,hovsg,229,grab bar,0_2_100,0_2,4,0.31724480668438626
00829-QaLdnwvtxbs,hovsg,229,grab bar,0_2_97,0_2,5,0.30924647904031316
00829-QaLdnwvtxbs,hovsg,230,grass,0_4_89,0_4,1,0.2268903914199143
00829-QaLdnwvtxbs,hovsg,230,grass,0_3_284,0_3,2,0.21474020606159924
00829-QaLdnwvtxbs,hovsg,230,grass,0_4_24,0_4,3,0.21467624238489996
00829-QaLdnwvtxbs,hovsg,230,grass,0_3_291,0_3,4,0.21408299004279815
00829-QaLdnwvtxbs,hovsg,230,grass,0_4_85,0_4,5,0.2134667993834497
00829-QaLdnwvtxbs,hovsg,231,grate,0_4_22,0_4,1,0.2800061610888914
00829-QaLdnwvtxbs,hovsg,231,grate,0_2_113,0_2,2,0.2713500645621404
00829-QaLdnwvtxbs,hovsg,231,grate,0_2_69,0_2,3,0.2657957444696817
00829-QaLdnwvtxbs,hovsg,231,grate,0_2_91,0_2,4,0.26298923701665616
00829-QaLdnwvtxbs,hovsg,231,grate,0_2_99,0_2,5,0.26147635917366274
00829-QaLdnwvtxbs,hovsg,232,gravel,0_3_101,0_3,1,0.2131035948157815
00829-QaLdnwvtxbs,hovsg,232,gravel,0_3_11,0_3,2,0.2108316612841979
00829-QaLdnwvtxbs,hovsg,232,gravel,0_3_73,0_3,3,0.20746739908625034
00829-QaLdnwvtxbs,hovsg,233,groceries,0_2_79,0_2,1,0.22355032393212726
00829-QaLdnwvtxbs,hovsg,233,groceries,0_2_92,0_2,2,0.21652445816447596
00829-QaLdnwvtxbs,hovsg,234,guitar,0_1_53,0_1,1,0.26573809714366914
00829-QaLdnwvtxbs,hovsg,234,guitar,0_3_184,0_3,2,0.26296241897637407
00829-QaLdnwvtxbs,hovsg,234,guitar,0_0_75,0_0,3,0.26246034431343357
00829-QaLdnwvtxbs,hovsg,234,guitar,0_2_169,0_2,4,0.2604636073228579
00829-QaLdnwvtxbs,hovsg,234,guitar,0_1_20,0_1,5,0.25598699983780404
00829-QaLdnwvtxbs,hovsg,235,gun,0_1_20,0_1,1,0.24846472257726293
00829-QaLdnwvtxbs,hovsg,235,gun,0_2_173,0_2,2,0.24535917801898025
00829-QaLdnwvtxbs,hovsg,235,gun,0_0_29,0_0,3,0.24368128598609234
00829-QaLdnwvtxbs,hovsg,235,gun,0_2_132,0_2,4,0.24309929164479768
00829-QaLdnwvtxbs,hovsg,235,gun,0_4_97,0_4,5,0.24272812881048933
00829-QaLdnwvtxbs,hovsg,236,gym rope,0_2_79,0_2,1,0.20120726342799644
00829-QaLdnwvtxbs,hovsg,237,hair brush,0_1_76,0_1,1,0.2595280017050445
00829-QaLdnwvtxbs,hovsg,237,hair brush,0_3_277,0_3,2,0.2524369888670367
00829-QaLdnwvtxbs,hovsg,237,hair brush,0_1_61,0_1,3,0.25243352108703576
00829-QaLdnwvtxbs,hovsg,237,hair brush,0_2_92,0_2,4,0.25052644586087525
00829-QaLdnwvtxbs,hovsg,237,hair brush,0_2_94,0_2,5,0.24731110061398287
00829-QaLdnwvtxbs,hovsg,238,hair dryer,0_2_132,0_2,1,0.2638805107071136
00829-QaLdnwvtxbs,hovsg,238,hair dryer,0_3_354,0_3,2,0.2597531214132234
00829-QaLdnwvtxbs,hovsg,238,hair dryer,0_2_30,0_2,3,0.2575700309094038
00829-QaLdnwvtxbs,hovsg,238,hair dryer,0_4_98,0_4,4,0.25658348071670534
00829-QaLdnwvtxbs,hovsg,238,hair dryer,0_2_71,0_2,5,0.25565973247429674
00829-QaLdnwvtxbs,hovsg,239,hammer,0_2_173,0_2,1,0.27379545354764456
00829-QaLdnwvtxbs,hovsg,239,hammer,0_3_177,0_3,2,0.26788474947782487
00829-QaLdnwvtxbs,hovsg,239,hammer,0_2_160,0_2,3,0.2674005919998252
00829-QaLdnwvtxbs,hovsg,239,hammer,0_3_35,0_3,4,0.266469718874641
00829-QaLdnwvtxbs,hovsg,239,hammer,0_4_47,0_4,5,0.2657039025593868
00829-QaLdnwvtxbs,hovsg,240,hammock,0_2_92,0_2,1,0.24090017947656286
00829-QaLdnwvtxbs,hovsg,240,hammock,0_1_20,0_1,2,0.23987356307223046
00829-QaLdnwvtxbs,hovsg,240,hammock,0_1_76,0_1,3,0.22883620330146193
00829-QaLdnwvtxbs,hovsg,240,hammock,0_1_39,0_1,4,0.22161465227218177
00829-QaLdnwvtxbs,hovsg,240,hammock,0_2_66,0_2,5,0.2212758718455422
00829-QaLdnwvtxbs,hovsg,241,hand dryer,0_4_18,0_4,1,0.27556549650488893
00829-QaLdnwvtxbs,hovsg,241,hand dryer,0_4_93,0_4,2,0.27278311121919346
00829-QaLdnwvtxbs,hovsg,241,hand dryer,0_4_73,0_4,3,0.2691806588036267
00829-QaLdnwvtxbs,hovsg,241,hand dryer,0_2_62,0_2,4,0.2688645718865999
00829-QaLdnwvtxbs,hovsg,241,hand dryer,0_2_70,0_2,5,0.2684385871959684
00829-QaLdnwvtxbs,hovsg,242,handcart,0_3_214,0_3,1,0.2174994740718425
00829-QaLdnwvtxbs,hovsg,242,handcart,0_3_219,0_3,2,0.2173902218979055
00829-QaLdnwvtxbs,hovsg,242,handcart,0_2_94,0_2,3,0.2098609407718701
00829-QaLdnwvtxbs,hovsg,242,handcart,0_2_79,0_2,4,0.2058434040559514
00829-QaLdnwvtxbs,hovsg,243,handkerchiefs,0_2_30,0_2,1,0.2705355609190823
00829-QaLdnwvtxbs,hovsg,243,handkerchiefs,0_2_81,0_2,2,0.27033852653856616
00829-QaLdnwvtxbs,hovsg,243,handkerchiefs,0_2_147,0_2,3,0.26867921050833843
00829-QaLdnwvtxbs,hovsg,243,handkerchiefs,0_2_89,0_2,4,0.26646802921284257
00829-QaLdnwvtxbs,hovsg,243,handkerchiefs,0_2_70,0_2,5,0.2602130595642243
00829-QaLdnwvtxbs,hovsg,244,handle,0_4_32,0_4,1,0.30356618371372807
00829-QaLdnwvtxbs,hovsg,244,handle,0_2_160,0_2,2,0.300816960365232
00829-QaLdnwvtxbs,hovsg,244,handle,0_3_278,0_3,3,0.2960505504342067
00829-QaLdnwvtxbs,hovsg,244,handle,0_2_173,0_2,4,0.2952343113766962
00829-QaLdnwvtxbs,hovsg,244,handle,0_2_162,0_2,5,0.29180469748418336
00829-QaLdnwvtxbs,hovsg,245,hanger,0_2_160,0_2,1,0.2846604300203183
00829-QaLdnwvtxbs,hovsg,245,hanger,0_2_169,0_2,2,0.26089231182934636
00829-QaLdnwvtxbs,hovsg,245,hanger,0_2_162,0_2,3,0.2570002780921303
00829-QaLdnwvtxbs,hovsg,245,hanger,0_2_98,0_2,4,0.25247260438160524
00829-QaLdnwvtxbs,hovsg,245,hanger,0_1_76,0_1,5,0.24894073863948885
00829-QaLdnwvtxbs,hovsg,246,hat,0_2_30,0_2,1,0.26126834995477155
00829-QaLdnwvtxbs,hovsg,246,hat,0_1_79,0_1,2,0.2570508874657355
00829-QaLdnwvtxbs,hovsg,246,hat,0_2_147,0_2,3,0.2533909603504082
00829-QaLdnwvtxbs,hovsg,246,hat,0_3_179,0_3,4,0.25107052267705393
00829-QaLdnwvtxbs,hovsg,246,hat,0_2_92,0_2,5,0.2505533831422348
00829-QaLdnwvtxbs,hovsg,247,hatch,0_2_12,0_2,1,0.256775767254814
00829-QaLdnwvtxbs,hovsg,247,hatch,0_3_266,0_3,2,0.2561573017251336
00829-QaLdnwvtxbs,hovsg,247,hatch,0_2_69,0_2,3,0.25565670802179846
00829-QaLdnwvtxbs,hovsg,247,hatch,0_3_31,0_3,4,0.24896731446623713
00829-QaLdnwvtxbs,hovsg,247,hatch,0_4_94,0_4,5,0.2478887894095489
00829-QaLdnwvtxbs,hovsg,248,headboard,0_0_20,0_0,1,0.3152596834435689
00829-QaLdnwvtxbs,hovsg,248,headboard,0_0_9,0_0,2,0.29630064607360984
00829-QaLdnwvtxbs,hovsg,248,headboard,0_0_8,0_0,3,0.2918101496538551
00829-QaLdnwvtxbs,hovsg,248,headboard,0_0_28,0_0,4,0.2789767429968897
00829-QaLdnwvtxbs,hovsg,248,headboard,0_0_64,0_0,5,0.27574650667780787
00829-QaLdnwvtxbs,hovsg,249,headphones,0_0_29,0_0,1,0.2284934716396858
00829-QaLdnwvtxbs,hovsg,249,headphones,0_1_43,0_1,2,0.20886107985808222
00829-QaLdnwvtxbs,hovsg,249,headphones,0_1_41,0_1,3,0.20428966552305147
00829-QaLdnwvtxbs,hovsg,249,headphones,0_3_277,0_3,4,0.20199816389662167
00829-QaLdnwvtxbs,hovsg,249,headphones,0_1_21,0_1,5,0.20189234725763094
00829-QaLdnwvtxbs,hovsg,250,heater,0_3_311,0_3,1,0.2765768301292294
00829-QaLdnwvtxbs,hovsg,250,heater,0_4_22,0_4,2,0.2737081986463598
00829-QaLdnwvtxbs,hovsg,250,heater,0_3_317,0_3,3,0.2715737417744912
00829-QaLdnwvtxbs,hovsg,250,heater,0_3_203,0_3,4,0.271053106808582
00829-QaLdnwvtxbs,hovsg,250,heater,0_3_88,0_3,5,0.2690729482054325
00829-QaLdnwvtxbs,hovsg,251,heater piping,0_4_22,0_4,1,0.25351938072284536
00829-QaLdnwvtxbs,hovsg,251,heater piping,0_3_88,0_3,2,0.24728388376129862
00829-QaLdnwvtxbs,hovsg,251,heater piping,0_0_45,0_0,3,0.24365255524865292
00829-QaLdnwvtxbs,hovsg,251,heater piping,0_0_49,0_0,4,0.2375303471888382
00829-QaLdnwvtxbs,hovsg,251,heater piping,0_3_87,0_3,5,0.23356611773935473
00829-QaLdnwvtxbs,hovsg,252,holder,0_0_73,0_0,1,0.2403095155667408
00829-QaLdnwvtxbs,hovsg,252,holder,0_0_50,0_0,2,0.23979434681068262
00829-QaLdnwvtxbs,hovsg,252,holder,0_3_145,0_3,3,0.23284064954818157
00829-QaLdnwvtxbs,hovsg,252,holder,0_4_47,0_4,4,0.228146051387966
00829-QaLdnwvtxbs,hovsg,252,holder,0_0_25,0_0,5,0.22370724681158083
00829-QaLdnwvtxbs,hovsg,253,holy cross,0_1_43,0_1,1,0.21778355400044333
00829-QaLdnwvtxbs,hovsg,253,holy cross,0_3_177,0_3,2,0.21491400128022325
00829-QaLdnwvtxbs,hovsg,253,holy cross,0_0_75,0_0,3,0.214472881650424
00829-QaLdnwvtxbs,hovsg,253,holy cross,0_1_20,0_1,4,0.2128931517271091
00829-QaLdnwvtxbs,hovsg,253,holy cross,0_2_15,0_2,5,0.21175189070818054
00829-QaLdnwvtxbs,hovsg,254,hook,0_1_76,0_1,1,0.25131862116494735
00829-QaLdnwvtxbs,hovsg,254,hook,0_1_61,0_1,2,0.24840087297603283
00829-QaLdnwvtxbs,hovsg,254,hook,0_2_98,0_2,3,0.24667235607770568
00829-QaLdnwvtxbs,hovsg,254,hook,0_2_100,0_2,4,0.24591237782003333
00829-QaLdnwvtxbs,hovsg,254,hook,0_2_173,0_2,5,0.2453295459230706
00829-QaLdnwvtxbs,hovsg,255,hose,0_1_20,0_1,1,0.23280873714371303
00829-QaLdnwvtxbs,hovsg,255,hose,0_2_70,0_2,2,0.217381827197115
00829-QaLdnwvtxbs,hovsg,255,hose,0_2_79,0_2,3,0.20589077780545362
00829-QaLdnwvtxbs,hovsg,256,hourglass,0_3_9,0_3,1,0.23503302750951466
00829-QaLdnwvtxbs,hovsg,256,hourglass,0_1_20,0_1,2,0.23002633071019624
00829-QaLdnwvtxbs,hovsg,256,hourglass,0_1_69,0_1,3,0.22926009620960525
00829-QaLdnwvtxbs,hovsg,256,hourglass,0_3_272,0_3,4,0.22434413406975395
00829-QaLdnwvtxbs,hovsg,256,hourglass,0_2_92,0_2,5,0.22034570813351662
00829-QaLdnwvtxbs,hovsg,257,hoverboard,0_0_29,0_0,1,0.2455679393599108
00829-QaLdnwvtxbs,hovsg,257,hoverboard,0_1_20,0_1,2,0.23713703400425357
00829-QaLdnwvtxbs,hovsg,257,hoverboard,0_3_65,0_3,3,0.2196625107229165
00829-QaLdnwvtxbs,hovsg,257,hoverboard,0_2_30,0_2,4,0.20810886694635183
00829-QaLdnwvtxbs,hovsg,257,hoverboard,0_2_79,0_2,5,0.20181591356642542
00829-QaLdnwvtxbs,hovsg,258,ice maker,0_4_1,0_4,1,0.2630527182463119
00829-QaLdnwvtxbs,hovsg,258,ice maker,0_2_61,0_2,2,0.2495479297305745
00829-QaLdnwvtxbs,hovsg,258,ice maker,0_4_93,0_4,3,0.2436163167346625
00829-QaLdnwvtxbs,hovsg,258,ice maker,0_3_145,0_3,4,0.24359345227560975
00829-QaLdnwvtxbs,hovsg,258,ice maker,0_3_50,0_3,5,0.2425030697102875
00829-QaLdnwvtxbs,hovsg,259,information,0_3_184,0_3,1,0.27369821767003805
00829-QaLdnwvtxbs,hovsg,259,information,0_2_15,0_2,2,0.26725695547032813
00829-QaLdnwvtxbs,hovsg,259,information,0_3_351,0_3,3,0.2653188443084839
00829-QaLdnwvtxbs,hovsg,259,information,0_2_149,0_2,4,0.2626434473225721
00829-QaLdnwvtxbs,hovsg,259,information,0_2_12,0_2,5,0.26187806445540474
00829-QaLdnwvtxbs,hovsg,260,installation,0_1_65,0_1,1,0.28420451957047715
00829-QaLdnwvtxbs,hovsg,260,installation,0_1_29,0_1,2,0.2774753986042864
00829-QaLdnwvtxbs,hovsg,260,installation,0_1_17,0_1,3,0.2753655925979361
00829-QaLdnwvtxbs,hovsg,260,installation,0_4_7,0_4,4,0.27454156397812585
00829-QaLdnwvtxbs,hovsg,260,installation,0_4_84,0_4,5,0.2741917755739546
00829-QaLdnwvtxbs,hovsg,261,instrument,0_3_311,0_3,1,0.2696895994686622
00829-QaLdnwvtxbs,hovsg,261,instrument,0_3_317,0_3,2,0.26856661541609766
00829-QaLdnwvtxbs,hovsg,261,instrument,0_1_53,0_1,3,0.26618542032288806
00829-QaLdnwvtxbs,hovsg,261,instrument,0_3_158,0_3,4,0.2646264260643546
00829-QaLdnwvtxbs,hovsg,261,instrument,0_2_169,0_2,5,0.26300182820097784
00829-QaLdnwvtxbs,hovsg,262,iron,0_3_145,0_3,1,0.2693382113243151
00829-QaLdnwvtxbs,hovsg,262,iron,0_3_354,0_3,2,0.2662371872745119
00829-QaLdnwvtxbs,hovsg,262,iron,0_3_177,0_3,3,0.26330272404807187
00829-QaLdnwvtxbs,hovsg,262,iron,0_3_141,0_3,4,0.26193162219970584
00829-QaLdnwvtxbs,hovsg,262,iron,0_0_75,0_0,5,0.2617917745518315
00829-QaLdnwvtxbs,hovsg,263,ironing board,0_3_267,0_3,1,0.2799427614430441
00829-QaLdnwvtxbs,hovsg,263,ironing board,0_0_58,0_0,2,0.27159469713681633
00829-QaLdnwvtxbs,hovsg,263,ironing board,0_0_14,0_0,3,0.2712070862125465
00829-QaLdnwvtxbs,hovsg,263,ironing board,0_3_360,0_3,4,0.2694416655538002
00829-QaLdnwvtxbs,hovsg,263,ironing board,0_2_66,0_2,5,0.2670215455808148
00829-QaLdnwvtxbs,hovsg,264,jewelry,0_3_277,0_3,1,0.24763777266789117
00829-QaLdnwvtxbs,hovsg,264,jewelry,0_3_272,0_3,2,0.2390123683196103
00829-QaLdnwvtxbs,hovsg,264,jewelry,0_3_101,0_3,3,0.1852275270530097
00829-QaLdnwvtxbs,hovsg,265,jug,0_1_69,0_1,1,0.23842907175450184
00829-QaLdnwvtxbs,hovsg,265,jug,0_0_50,0_0,2,0.2353288354046237
00829-QaLdnwvtxbs,hovsg,265,jug,0_3_145,0_3,3,0.23209010536186067
00829-QaLdnwvtxbs,hovsg,265,jug,0_1_20,0_1,4,0.23182337554327992
00829-QaLdnwvtxbs,hovsg,265,jug,0_3_272,0_3,5,0.22835777601027435
00829-QaLdnwvtxbs,hovsg,266,keg,0_0_75,0_0,1,0.25976526007507705
00829-QaLdnwvtxbs,hovsg,266,keg,0_2_79,0_2,2,0.25535681278008027
00829-QaLdnwvtxbs,hovsg,266,keg,0_1_42,0_1,3,0.2510941686962125
00829-QaLdnwvtxbs,hovsg,266,keg,0_2_61,0_2,4,0.2505273361896754
00829-QaLdnwvtxbs,hovsg,266,keg,0_3_123,0_3,5,0.247763093813615
00829-QaLdnwvtxbs,hovsg,267,kettle,0_3_145,0_3,1,0.24462067530030196
00829-QaLdnwvtxbs,hovsg,267,kettle,0_2_132,0_2,2,0.23811780651755649
00829-QaLdnwvtxbs,hovsg,267,kettle,0_1_20,0_1,3,0.23412233308729546
00829-QaLdnwvtxbs,hovsg,267,kettle,0_2_61,0_2,4,0.2291173188195465
00829-QaLdnwvtxbs,hovsg,267,kettle,0_1_69,0_1,5,0.22828703834432296
00829-QaLdnwvtxbs,hovsg,268,keys,0_1_76,0_1,1,0.24099200171660107
00829-QaLdnwvtxbs,hovsg,268,keys,0_1_61,0_1,2,0.2371695150607866
00829-QaLdnwvtxbs,hovsg,268,keys,0_4_97,0_4,3,0.22626212769292098
00829-QaLdnwvtxbs,hovsg,268,keys,0_3_272,0_3,4,0.2236259856100897
00829-QaLdnwvtxbs,hovsg,268,keys,0_3_65,0_3,5,0.22172038469614969
00829-QaLdnwvtxbs,hovsg,269,kitchen appliance,0_3_145,0_3,1,0.22235439519267744
00829-QaLdnwvtxbs,hovsg,269,kitchen appliance,0_3_50,0_3,2,0.2216523735602891
00829-QaLdnwvtxbs,hovsg,269,kitchen appliance,0_2_61,0_2,3,0.2207957320853816
00829-QaLdnwvtxbs,hovsg,269,kitchen appliance,0_2_132,0_2,4,0.21796742767567556
00829-QaLdnwvtxbs,hovsg,269,kitchen appliance,0_3_2,0_3,5,0.21784333858199087
00829-QaLdnwvtxbs,hovsg,270,kitchen handle,0_4_32,0_4,1,0.282494651997308
00829-QaLdnwvtxbs,hovsg,270,kitchen handle,0_2_162,0_2,2,0.27848762857899845
00829-QaLdnwvtxbs,hovsg,270,kitchen handle,0_3_278,0_3,3,0.27493588018420145
00829-QaLdnwvtxbs,hovsg,270,kitchen handle,0_2_80,0_2,4,0.2740362149676006
00829-QaLdnwvtxbs,hovsg,270,kitchen handle,0_2_160,0_2,5,0.27302826260197954
00829-QaLdnwvtxbs,hovsg,271,kitchen island,0_1_68,0_1,1,0.23615843960292254
00829-QaLdnwvtxbs,hovsg,271,kitchen island,0_3_123,0_3,2,0.2294463504336514
00829-QaLdnwvtxbs,hovsg,271,kitchen island,0_1_57,0_1,3,0.2216705983973843
00829-QaLdnwvtxbs,hovsg,271,kitchen island,0_1_19,0_1,4,0.221397867516272
00829-QaLdnwvtxbs,hovsg,271,kitchen island,0_1_33,0_1,5,0.221270501083009
00829-QaLdnwvtxbs,hovsg,272,kitchen utensil,0_2_132,0_2,1,0.2351648420363703
00829-QaLdnwvtxbs,hovsg,272,kitchen utensil,0_1_20,0_1,2,0.23083023304259048
00829-QaLdnwvtxbs,hovsg,272,kitchen utensil,0_2_79,0_2,3,0.199572028015195
00829-QaLdnwvtxbs,hovsg,272,kitchen utensil,0_1_48,0_1,4,0.1936733569155058
00829-QaLdnwvtxbs,hovsg,272,kitchen utensil,0_3_101,0_3,5,0.19187777818739052
00829-QaLdnwvtxbs,hovsg,273,knife,0_2_173,0_2,1,0.2947888455617308
00829-QaLdnwvtxbs,hovsg,273,knife,0_3_177,0_3,2,0.2888087625960329
00829-QaLdnwvtxbs,hovsg,273,knife,0_1_20,0_1,3,0.28646161844147167
00829-QaLdnwvtxbs,hovsg,273,knife,0_2_92,0_2,4,0.27991090815211217
00829-QaLdnwvtxbs,hovsg,273,knife,0_2_80,0_2,5,0.27924259116293587
00829-QaLdnwvtxbs,hovsg,274,knob,0_4_32,0_4,1,0.2785259372128587
00829-QaLdnwvtxbs,hovsg,274,knob,0_2_162,0_2,2,0.2742892448883843
00829-QaLdnwvtxbs,hovsg,274,knob,0_1_53,0_1,3,0.26299155458336054
00829-QaLdnwvtxbs,hovsg,274,knob,0_3_35,0_3,4,0.26080848141029356
00829-QaLdnwvtxbs,hovsg,274,knob,0_3_38,0_3,5,0.2602104274091399
00829-QaLdnwvtxbs,hovsg,275,lace doily,0_3_277,0_3,1,0.24025282309299983
00829-QaLdnwvtxbs,hovsg,275,lace doily,0_3_272,0_3,2,0.22968180679663744
00829-QaLdnwvtxbs,hovsg,275,lace doily,0_3_65,0_3,3,0.2239662191778483
00829-QaLdnwvtxbs,hovsg,275,lace doily,0_3_101,0_3,4,0.22001928126236026
00829-QaLdnwvtxbs,hovsg,275,lace doily,0_2_92,0_2,5,0.2198616255259613
00829-QaLdnwvtxbs,hovsg,276,ladder,0_1_43,0_1,1,0.2738772902417923
00829-QaLdnwvtxbs,hovsg,276,ladder,0_2_163,0_2,2,0.2691564708956409
00829-QaLdnwvtxbs,hovsg,276,ladder,0_0_75,0_0,3,0.2690668642342561
00829-QaLdnwvtxbs,hovsg,276,ladder,0_1_53,0_1,4,0.26789777544517596
00829-QaLdnwvtxbs,hovsg,276,ladder,0_2_168,0_2,5,0.2677345689754057
00829-QaLdnwvtxbs,hovsg,277,landing,0_4_8,0_4,1,0.24671948055112855
00829-QaLdnwvtxbs,hovsg,277,landing,0_4_82,0_4,2,0.2408922716433
00829-QaLdnwvtxbs,hovsg,277,landing,0_1_67,0_1,3,0.23905184644796437
00829-QaLdnwvtxbs,hovsg,277,landing,0_1_5,0_1,4,0.23743652516356595
00829-QaLdnwvtxbs,hovsg,277,landing,0_1_20,0_1,5,0.2373058174457643
00829-QaLdnwvtxbs,hovsg,278,laundry,0_2_81,0_2,1,0.2635805539074241
00829-QaLdnwvtxbs,hovsg,278,laundry,0_1_78,0_1,2,0.2560721032435007
00829-QaLdnwvtxbs,hovsg,278,laundry,0_1_13,0_1,3,0.25444038962539794
00829-QaLdnwvtxbs,hovsg,278,laundry,0_2_147,0_2,4,0.25298728307540685
00829-QaLdnwvtxbs,hovsg,278,laundry,0_1_77,0_1,5,0.2515384316827454
00829-QaLdnwvtxbs,hovsg,279,lawn mower,0_0_50,0_0,1,0.21720592225122454
00829-QaLdnwvtxbs,hovsg,279,lawn mower,0_3_184,0_3,2,0.20078374371037422
00829-QaLdnwvtxbs,hovsg,279,lawn mower,0_1_43,0_1,3,0.20055622337647971
00829-QaLdnwvtxbs,hovsg,279,lawn mower,0_1_20,0_1,4,0.20041536120454118
00829-QaLdnwvtxbs,hovsg,279,lawn mower,0_2_61,0_2,5,0.20005677892854762
00829-QaLdnwvtxbs,hovsg,280,level,0_2_24,0_2,1,0.24758821074653434
00829-QaLdnwvtxbs,hovsg,280,level,0_1_96,0_1,2,0.2451160885378345
00829-QaLdnwvtxbs,hovsg,280,level,0_4_8,0_4,3,0.24275780617625764
00829-QaLdnwvtxbs,hovsg,280,level,0_0_73,0_0,4,0.24068035287164108
00829-QaLdnwvtxbs,hovsg,280,level,0_4_82,0_4,5,0.2398144521675539
00829-QaLdnwvtxbs,hovsg,281,lid,0_3_128,0_3,1,0.277092267361309
00829-QaLdnwvtxbs,hovsg,281,lid,0_0_50,0_0,2,0.2730220331965385
00829-QaLdnwvtxbs,hovsg,281,lid,0_3_125,0_3,3,0.2717205488768493
00829-QaLdnwvtxbs,hovsg,281,lid,0_1_27,0_1,4,0.27101631791882763
00829-QaLdnwvtxbs,hovsg,281,lid,0_3_145,0_3,5,0.27002453775108975
00829-QaLdnwvtxbs,hovsg,282,light,0_1_46,0_1,1,0.27199482508539585
00829-QaLdnwvtxbs,hovsg,282,light,0_0_42,0_0,2,0.27008779456162546
00829-QaLdnwvtxbs,hovsg,282,light,0_0_41,0_0,3,0.26876080836886995
00829-QaLdnwvtxbs,hovsg,282,light,0_0_21,0_0,4,0.2613546281067277
00829-QaLdnwvtxbs,hovsg,282,light,0_3_213,0_3,5,0.26032895040002557
00829-QaLdnwvtxbs,hovsg,283,lighter,0_3_177,0_3,1,0.2838471846729803
00829-QaLdnwvtxbs,hovsg,283,lighter,0_0_42,0_0,2,0.2811959393987035
00829-QaLdnwvtxbs,hovsg,283,lighter,0_1_46,0_1,3,0.2805527085382372
00829-QaLdnwvtxbs,hovsg,283,lighter,0_0_41,0_0,4,0.27941962140883003
00829-QaLdnwvtxbs,hovsg,283,lighter,0_0_24,0_0,5,0.2781947620562791
00829-QaLdnwvtxbs,hovsg,284,liquid,0_4_16,0_4,1,0.2299197777181769
00829-QaLdnwvtxbs,hovsg,284,liquid,0_2_72,0_2,2,0.21986215634509837
00829-QaLdnwvtxbs,hovsg,285,locker,0_3_215,0_3,1,0.28398472567737854
00829-QaLdnwvtxbs,hovsg,285,locker,0_2_80,0_2,2,0.27652730355267463
00829-QaLdnwvtxbs,hovsg,285,locker,0_3_266,0_3,3,0.2752817986376612
00829-QaLdnwvtxbs,hovsg,285,locker,0_1_53,0_1,4,0.275273675355698
00829-QaLdnwvtxbs,hovsg,285,locker,0_3_278,0_3,5,0.2751110265749874
00829-QaLdnwvtxbs,hovsg,286,machine,0_3_354,0_3,1,0.24402215904795066
00829-QaLdnwvtxbs,hovsg,286,machine,0_3_145,0_3,2,0.2360159411902255
00829-QaLdnwvtxbs,hovsg,286,machine,0_2_92,0_2,3,0.21876472672041658
00829-QaLdnwvtxbs,hovsg,286,machine,0_2_154,0_2,4,0.21860493669187292
00829-QaLdnwvtxbs,hovsg,286,machine,0_2_30,0_2,5,0.2140877799239063
00829-QaLdnwvtxbs,hovsg,287,mailbox,0_0_50,0_0,1,0.25842654324003156
00829-QaLdnwvtxbs,hovsg,287,mailbox,0_2_79,0_2,2,0.25199132602546886
00829-QaLdnwvtxbs,hovsg,287,mailbox,0_2_61,0_2,3,0.2515926473400856
00829-QaLdnwvtxbs,hovsg,287,mailbox,0_3_311,0_3,4,0.2501783083232005
00829-QaLdnwvtxbs,hovsg,287,mailbox,0_3_354,0_3,5,0.24969916805131803
00829-QaLdnwvtxbs,hovsg,288,mannequin,0_1_21,0_1,1,0.2585276365346166
00829-QaLdnwvtxbs,hovsg,288,mannequin,0_1_13,0_1,2,0.25072049091336346
00829-QaLdnwvtxbs,hovsg,288,mannequin,0_1_77,0_1,3,0.24908004218569438
00829-QaLdnwvtxbs,hovsg,288,mannequin,0_1_78,0_1,4,0.24760276706436524
00829-QaLdnwvtxbs,hovsg,288,mannequin,0_2_92,0_2,5,0.2386640189914772
00829-QaLdnwvtxbs,hovsg,289,map,0_2_24,0_2,1,0.24981292062931565
00829-QaLdnwvtxbs,hovsg,289,map,0_3_185,0_3,2,0.249294922914295
00829-QaLdnwvtxbs,hovsg,289,map,0_4_53,0_4,3,0.23915362973121937
00829-QaLdnwvtxbs,hovsg,289,map,0_4_58,0_4,4,0.2360413314271285
00829-QaLdnwvtxbs,hovsg,289,map,0_3_268,0_3,5,0.2351044451884855
00829-QaLdnwvtxbs,hovsg,290,mascot,0_4_31,0_4,1,0.21631090973723005
00829-QaLdnwvtxbs,hovsg,290,mascot,0_1_43,0_1,2,0.20983702905698065
00829-QaLdnwvtxbs,hovsg,290,mascot,0_3_184,0_3,3,0.20940601092284244
00829-QaLdnwvtxbs,hovsg,290,mascot,0_1_42,0_1,4,0.2084784302364549
00829-QaLdnwvtxbs,hovsg,290,mascot,0_0_42,0_0,5,0.20812446246810096
00829-QaLdnwvtxbs,hovsg,291,massage bed,0_2_66,0_2,1,0.2790569791773079
00829-QaLdnwvtxbs,hovsg,291,massage bed,0_2_81,0_2,2,0.25271987021122455
00829-QaLdnwvtxbs,hovsg,291,massage bed,0_0_55,0_0,3,0.24698530284642325
00829-QaLdnwvtxbs,hovsg,291,massage bed,0_0_20,0_0,4,0.24319165783882835
00829-QaLdnwvtxbs,hovsg,291,massage bed,0_0_23,0_0,5,0.23872621320831888
00829-QaLdnwvtxbs,hovsg,292,material,0_1_43,0_1,1,0.27969128016643846
00829-QaLdnwvtxbs,hovsg,292,material,0_1_36,0_1,2,0.27753769477650947
00829-QaLdnwvtxbs,hovsg,292,material,0_4_24,0_4,3,0.27071677185563653
00829-QaLdnwvtxbs,hovsg,292,material,0_3_278,0_3,4,0.27020274979414605
00829-QaLdnwvtxbs,hovsg,292,material,0_3_173,0_3,5,0.26936853019415746
00829-QaLdnwvtxbs,hovsg,293,measuring tape,0_2_79,0_2,1,0.2248963273463518
00829-QaLdnwvtxbs,hovsg,294,medical lamp,0_0_42,0_0,1,0.2690855621123966
00829-QaLdnwvtxbs,hovsg,294,medical lamp,0_1_48,0_1,2,0.2681476276372337
00829-QaLdnwvtxbs,hovsg,294,medical lamp,0_0_41,0_0,3,0.2668391018733935
00829-QaLdnwvtxbs,hovsg,294,medical lamp,0_3_213,0_3,4,0.260030116382712
00829-QaLdnwvtxbs,hovsg,294,medical lamp,0_0_21,0_0,5,0.257300754546807
00829-QaLdnwvtxbs,hovsg,295,medical object,0_2_30,0_2,1,0.2252384744743878
00829-QaLdnwvtxbs,hovsg,295,medical object,0_2_147,0_2,2,0.2227924181658979
00829-QaLdnwvtxbs,hovsg,295,medical object,0_2_79,0_2,3,0.2056183769610056
00829-QaLdnwvtxbs,hovsg,296,menu,0_3_215,0_3,1,0.2420644575385889
00829-QaLdnwvtxbs,hovsg,296,menu,0_0_59,0_0,2,0.22066636801577638
00829-QaLdnwvtxbs,hovsg,296,menu,0_3_65,0_3,3,0.21704818306674736
00829-QaLdnwvtxbs,hovsg,296,menu,0_2_147,0_2,4,0.20971721178774114
00829-QaLdnwvtxbs,hovsg,296,menu,0_0_24,0_0,5,0.20827504878563496
00829-QaLdnwvtxbs,hovsg,297,meshwork,0_3_267,0_3,1,0.273055283940556
00829-QaLdnwvtxbs,hovsg,297,meshwork,0_3_11,0_3,2,0.2697676312297872
00829-QaLdnwvtxbs,hovsg,297,meshwork,0_3_35,0_3,3,0.268565588795433
00829-QaLdnwvtxbs,hovsg,297,meshwork,0_3_184,0_3,4,0.2679082945646573
00829-QaLdnwvtxbs,hovsg,297,meshwork,0_3_38,0_3,5,0.2671019389530758
00829-QaLdnwvtxbs,hovsg,298,meter,0_3_354,0_3,1,0.2599860572789114
00829-QaLdnwvtxbs,hovsg,298,meter,0_0_25,0_0,2,0.2585955233996009
00829-QaLdnwvtxbs,hovsg,298,meter,0_2_61,0_2,3,0.24689402484645961
00829-QaLdnwvtxbs,hovsg,298,meter,0_0_45,0_0,4,0.24446841593501656
00829-QaLdnwvtxbs,hovsg,298,meter,0_3_311,0_3,5,0.24391386421355707
00829-QaLdnwvtxbs,hovsg,299,microphone,0_2_132,0_2,1,0.23395837683734166
00829-QaLdnwvtxbs,hovsg,299,microphone,0_1_48,0_1,2,0.2081157594930601
00829-QaLdnwvtxbs,hovsg,299,microphone,0_2_79,0_2,3,0.20209153579452216
00829-QaLdnwvtxbs,hovsg,300,microphone accessory,0_2_94,0_2,1,0.20913465064191483
00829-QaLdnwvtxbs,hovsg,300,microphone accessory,0_2_79,0_2,2,0.1959060970500762
00829-QaLdnwvtxbs,hovsg,301,microwave,0_3_311,0_3,1,0.25670846563155775
00829-QaLdnwvtxbs,hovsg,301,microwave,0_3_182,0_3,2,0.2549396462479177
00829-QaLdnwvtxbs,hovsg,301,microwave,0_3_186,0_3,3,0.2543552587231736
00829-QaLdnwvtxbs,hovsg,301,microwave,0_3_37,0_3,4,0.25409727550442995
00829-QaLdnwvtxbs,hovsg,301,microwave,0_3_191,0_3,5,0.25277275670991467
00829-QaLdnwvtxbs,hovsg,302,mirror,0_2_171,0_2,1,0.29391009325616824
00829-QaLdnwvtxbs,hovsg,302,mirror,0_1_45,0_1,2,0.2909581531919561
00829-QaLdnwvtxbs,hovsg,302,mirror,0_3_353,0_3,3,0.27616475817992636
00829-QaLdnwvtxbs,hovsg,302,mirror,0_3_355,0_3,4,0.276138365051112
00829-QaLdnwvtxbs,hovsg,302,mirror,0_1_35,0_1,5,0.2759707651381639
00829-QaLdnwvtxbs,hovsg,303,model,0_3_184,0_3,1,0.26274661812792466
00829-QaLdnwvtxbs,hovsg,303,model,0_1_45,0_1,2,0.2576841394365268
00829-QaLdnwvtxbs,hovsg,303,model,0_1_36,0_1,3,0.25716043427225815
00829-QaLdnwvtxbs,hovsg,303,model,0_3_35,0_3,4,0.2566680738609847
00829-QaLdnwvtxbs,hovsg,303,model,0_3_100,0_3,5,0.2562754752047077
00829-QaLdnwvtxbs,hovsg,304,modem,0_3_354,0_3,1,0.2707003670739627
00829-QaLdnwvtxbs,hovsg,304,modem,0_0_50,0_0,2,0.2645588911404682
00829-QaLdnwvtxbs,hovsg,304,modem,0_3_351,0_3,3,0.26345102957390387
00829-QaLdnwvtxbs,hovsg,304,modem,0_0_29,0_0,4,0.25207604580824094
00829-QaLdnwvtxbs,hovsg,304,modem,0_1_31,0_1,5,0.24655041667576016
00829-QaLdnwvtxbs,hovsg,305,mop,0_2_92,0_2,1,0.27041021678267374
00829-QaLdnwvtxbs,hovsg,305,mop,0_3_220,0_3,2,0.2694214030441878
00829-QaLdnwvtxbs,hovsg,305,mop,0_2_94,0_2,3,0.26391178964103434
00829-QaLdnwvtxbs,hovsg,305,mop,0_3_184,0_3,4,0.2627154976407068
00829-QaLdnwvtxbs,hovsg,305,mop,0_3_181,0_3,5,0.2617973261049755
00829-QaLdnwvtxbs,hovsg,306,mortar,0_3_184,0_3,1,0.27546466080703236
00829-QaLdnwvtxbs,hovsg,306,mortar,0_3_35,0_3,2,0.2724394250909639
00829-QaLdnwvtxbs,hovsg,306,mortar,0_3_101,0_3,3,0.2631791049807173
00829-QaLdnwvtxbs,hovsg,306,mortar,0_2_79,0_2,4,0.26277599619640946
00829-QaLdnwvtxbs,hovsg,306,mortar,0_4_47,0_4,5,0.2626889330121823
00829-QaLdnwvtxbs,hovsg,307,motorcycle,0_0_29,0_0,1,0.20971720249511744
00829-QaLdnwvtxbs,hovsg,307,motorcycle,0_3_177,0_3,2,0.2086212424296437
00829-QaLdnwvtxbs,hovsg,307,motorcycle,0_1_21,0_1,3,0.2058311886449516
00829-QaLdnwvtxbs,hovsg,307,motorcycle,0_1_20,0_1,4,0.20526877067315444
00829-QaLdnwvtxbs,hovsg,307,motorcycle,0_2_132,0_2,5,0.19644624694613233
00829-QaLdnwvtxbs,hovsg,308,music equipment,0_0_29,0_0,1,0.20934698711214428
00829-QaLdnwvtxbs,hovsg,308,music equipment,0_1_45,0_1,2,0.20044539171961434
00829-QaLdnwvtxbs,hovsg,308,music equipment,0_3_311,0_3,3,0.1975821087541335
00829-QaLdnwvtxbs,hovsg,308,music equipment,0_3_130,0_3,4,0.19256466149367837
00829-QaLdnwvtxbs,hovsg,308,music equipment,0_3_203,0_3,5,0.19176436618115913
00829-QaLdnwvtxbs,hovsg,309,napkin,0_2_147,0_2,1,0.28321550308459675
00829-QaLdnwvtxbs,hovsg,309,napkin,0_2_30,0_2,2,0.28194591221121457
00829-QaLdnwvtxbs,hovsg,309,napkin,0_2_81,0_2,3,0.2755448833901777
00829-QaLdnwvtxbs,hovsg,309,napkin,0_2_89,0_2,4,0.27172568666563746
00829-QaLdnwvtxbs,hovsg,309,napkin,0_3_65,0_3,5,0.271463328256299
00829-QaLdnwvtxbs,hovsg,310,nightstand,0_0_23,0_0,1,0.27077127617048447
00829-QaLdnwvtxbs,hovsg,310,nightstand,0_0_22,0_0,2,0.26521718217160356
00829-QaLdnwvtxbs,hovsg,310,nightstand,0_0_75,0_0,3,0.26124774177651144
00829-QaLdnwvtxbs,hovsg,310,nightstand,0_0_93,0_0,4,0.2606585140862008
00829-QaLdnwvtxbs,hovsg,310,nightstand,0_0_64,0_0,5,0.25806995617159867
00829-QaLdnwvtxbs,hovsg,311,oar,0_3_177,0_3,1,0.2920293749520376
00829-QaLdnwvtxbs,hovsg,311,oar,0_2_161,0_2,2,0.27105652468451263
00829-QaLdnwvtxbs,hovsg,311,oar,0_2_168,0_2,3,0.26748859001185465
00829-QaLdnwvtxbs,hovsg,311,oar,0_2_166,0_2,4,0.26018072905948
00829-QaLdnwvtxbs,hovsg,311,oar,0_0_73,0_0,5,0.2588834266705416
00829-QaLdnwvtxbs,hovsg,312,object,0_3_35,0_3,1,0.27300538230188615
00829-QaLdnwvtxbs,hovsg,312,object,0_3_158,0_3,2,0.2684762967188985
00829-QaLdnwvtxbs,hovsg,312,object,0_3_311,0_3,3,0.26743276363675894
00829-QaLdnwvtxbs,hovsg,312,object,0_3_354,0_3,4,0.26642964554008386
00829-QaLdnwvtxbs,hovsg,312,object,0_0_29,0_0,5,0.26424928073744647
00829-QaLdnwvtxbs,hovsg,313,objects,0_0_29,0_0,1,0.25205597418118764
00829-QaLdnwvtxbs,hovsg,313,objects,0_4_97,0_4,2,0.2458020710621695
00829-QaLdnwvtxbs,hovsg,313,objects,0_3_145,0_3,3,0.242459526066297
00829-QaLdnwvtxbs,hovsg,313,objects,0_2_132,0_2,4,0.23385845933556001
00829-QaLdnwvtxbs,hovsg,313,objects,0_2_66,0_2,5,0.23172237755567465
00829-QaLdnwvtxbs,hovsg,314,outlet,0_3_351,0_3,1,0.28079991439601376
00829-QaLdnwvtxbs,hovsg,314,outlet,0_2_86,0_2,2,0.27107609044903813
00829-QaLdnwvtxbs,hovsg,314,outlet,0_4_47,0_4,3,0.26785546747862404
00829-QaLdnwvtxbs,hovsg,314,outlet,0_2_11,0_2,4,0.2627379120536312
00829-QaLdnwvtxbs,hovsg,314,outlet,0_0_21,0_0,5,0.2606814254384858
00829-QaLdnwvtxbs,hovsg,315,oven,0_3_311,0_3,1,0.2500990275001457
00829-QaLdnwvtxbs,hovsg,315,oven,0_3_182,0_3,2,0.2483454023670607
00829-QaLdnwvtxbs,hovsg,315,oven,0_3_158,0_3,3,0.24676298186182075
00829-QaLdnwvtxbs,hovsg,315,oven,0_3_186,0_3,4,0.24533578068413403
00829-QaLdnwvtxbs,hovsg,315,oven,0_3_317,0_3,5,0.2439233862349982
00829-QaLdnwvtxbs,hovsg,316,overhang,0_1_99,0_1,1,0.2969900168246599
00829-QaLdnwvtxbs,hovsg,316,overhang,0_0_54,0_0,2,0.2966045494308339
00829-QaLdnwvtxbs,hovsg,316,overhang,0_0_33,0_0,3,0.2959465672377074
00829-QaLdnwvtxbs,hovsg,316,overhang,0_1_32,0_1,4,0.29379513945934765
00829-QaLdnwvtxbs,hovsg,316,overhang,0_2_87,0_2,5,0.2933612746900212
00829-QaLdnwvtxbs,hovsg,317,pad,0_3_351,0_3,1,0.26974982850445806
00829-QaLdnwvtxbs,hovsg,317,pad,0_2_9,0_2,2,0.26158705399298615
00829-QaLdnwvtxbs,hovsg,317,pad,0_2_147,0_2,3,0.2601723809717714
00829-QaLdnwvtxbs,hovsg,317,pad,0_2_30,0_2,4,0.260154734174449
00829-QaLdnwvtxbs,hovsg,317,pad,0_1_34,0_1,5,0.2594359328424958
00829-QaLdnwvtxbs,hovsg,318,painting stuff,0_3_323,0_3,1,0.3010090603768095
00829-QaLdnwvtxbs,hovsg,318,painting stuff,0_3_343,0_3,2,0.2803329284591476
00829-QaLdnwvtxbs,hovsg,318,painting stuff,0_3_207,0_3,3,0.27678291527334453
00829-QaLdnwvtxbs,hovsg,318,painting stuff,0_3_104,0_3,4,0.27592617439093803
00829-QaLdnwvtxbs,hovsg,318,painting stuff,0_3_86,0_3,5,0.27293394493452505
00829-QaLdnwvtxbs,hovsg,319,pan,0_0_75,0_0,1,0.27487741712839464
00829-QaLdnwvtxbs,hovsg,319,pan,0_2_132,0_2,2,0.2704367376696266
00829-QaLdnwvtxbs,hovsg,319,pan,0_1_68,0_1,3,0.26975898194602627
00829-QaLdnwvtxbs,hovsg,319,pan,0_4_98,0_4,4,0.26850428438781276
00829-QaLdnwvtxbs,hovsg,319,pan,0_2_61,0_2,5,0.26477036098370743
00829-QaLdnwvtxbs,hovsg,320,panel,0_3_351,0_3,1,0.27476310256623604
00829-QaLdnwvtxbs,hovsg,320,panel,0_3_348,0_3,2,0.26784610416948007
00829-QaLdnwvtxbs,hovsg,320,panel,0_3_87,0_3,3,0.2603318072761808
00829-QaLdnwvtxbs,hovsg,320,panel,0_3_215,0_3,4,0.259263419962102
00829-QaLdnwvtxbs,hovsg,320,panel,0_2_11,0_2,5,0.259141875357967
00829-QaLdnwvtxbs,hovsg,321,pantry,0_4_79,0_4,1,0.2609772858898067
00829-QaLdnwvtxbs,hovsg,321,pantry,0_1_68,0_1,2,0.25961717720592004
00829-QaLdnwvtxbs,hovsg,321,pantry,0_3_123,0_3,3,0.2559245065938751
00829-QaLdnwvtxbs,hovsg,321,pantry,0_1_40,0_1,4,0.25231384174385363
00829-QaLdnwvtxbs,hovsg,321,pantry,0_4_66,0_4,5,0.25205754775786254
00829-QaLdnwvtxbs,hovsg,322,paper holder,0_0_41,0_0,1,0.28211535398848797
00829-QaLdnwvtxbs,hovsg,322,paper holder,0_3_278,0_3,2,0.2783325679973808
00829-QaLdnwvtxbs,hovsg,322,paper holder,0_0_42,0_0,3,0.27590023778219686
00829-QaLdnwvtxbs,hovsg,322,paper holder,0_1_54,0_1,4,0.2709432225244852
00829-QaLdnwvtxbs,hovsg,322,paper holder,0_2_62,0_2,5,0.270443336763506
00829-QaLdnwvtxbs,hovsg,323,paper storage,0_2_158,0_2,1,0.2610609976054492
00829-QaLdnwvtxbs,hovsg,323,paper storage,0_1_54,0_1,2,0.26064104217456274
00829-QaLdnwvtxbs,hovsg,323,paper storage,0_1_94,0_1,3,0.25865831882951146
00829-QaLdnwvtxbs,hovsg,323,paper storage,0_3_278,0_3,4,0.25607090587110637
00829-QaLdnwvtxbs,hovsg,323,paper storage,0_1_92,0_1,5,0.2560655382909828
00829-QaLdnwvtxbs,hovsg,324,paper towel,0_2_89,0_2,1,0.29299441913456786
00829-QaLdnwvtxbs,hovsg,324,paper towel,0_2_30,0_2,2,0.29194934462251665
00829-QaLdnwvtxbs,hovsg,324,paper towel,0_2_147,0_2,3,0.28909653231944316
00829-QaLdnwvtxbs,hovsg,324,paper towel,0_2_81,0_2,4,0.28679788540120227
00829-QaLdnwvtxbs,hovsg,324,paper towel,0_2_70,0_2,5,0.2815432723474823
00829-QaLdnwvtxbs,hovsg,325,parapet,0_1_43,0_1,1,0.2881502347847998
00829-QaLdnwvtxbs,hovsg,325,parapet,0_2_87,0_2,2,0.26606294721319373
00829-QaLdnwvtxbs,hovsg,325,parapet,0_3_320,0_3,3,0.2607851280987181
00829-QaLdnwvtxbs,hovsg,325,parapet,0_1_66,0_1,4,0.25924207824385204
00829-QaLdnwvtxbs,hovsg,325,parapet,0_0_69,0_0,5,0.25901836886877
00829-QaLdnwvtxbs,hovsg,326,partial,0_2_15,0_2,1,0.28943934440497393
00829-QaLdnwvtxbs,hovsg,326,partial,0_3_184,0_3,2,0.2852044745730075
00829-QaLdnwvtxbs,hovsg,326,partial,0_0_43,0_0,3,0.2806502536485411
00829-QaLdnwvtxbs,hovsg,326,partial,0_3_278,0_3,4,0.28007096717613034
00829-QaLdnwvtxbs,hovsg,326,partial,0_3_123,0_3,5,0.27777039872871695
00829-QaLdnwvtxbs,hovsg,327,pavement,0_1_43,0_1,1,0.27307691878349105
00829-QaLdnwvtxbs,hovsg,327,pavement,0_2_69,0_2,2,0.2657100294472448
00829-QaLdnwvtxbs,hovsg,327,pavement,0_3_184,0_3,3,0.25954705888671
00829-QaLdnwvtxbs,hovsg,327,pavement,0_4_36,0_4,4,0.25612619086455257
00829-QaLdnwvtxbs,hovsg,327,pavement,0_4_44,0_4,5,0.25501742592250454
00829-QaLdnwvtxbs,hovsg,328,pedestal,0_1_21,0_1,1,0.2811196756527849
00829-QaLdnwvtxbs,hovsg,328,pedestal,0_3_181,0_3,2,0.27441246663182106
00829-QaLdnwvtxbs,hovsg,328,pedestal,0_3_311,0_3,3,0.2691583866102484
00829-QaLdnwvtxbs,hovsg,328,pedestal,0_3_158,0_3,4,0.267763451885569
00829-QaLdnwvtxbs,hovsg,328,pedestal,0_4_16,0_4,5,0.2666015494760742
00829-QaLdnwvtxbs,hovsg,329,pen,0_0_73,0_0,1,0.2404256080305796
00829-QaLdnwvtxbs,hovsg,329,pen,0_1_31,0_1,2,0.23630925521398988
00829-QaLdnwvtxbs,hovsg,329,pen,0_4_97,0_4,3,0.22595422611281502
00829-QaLdnwvtxbs,hovsg,329,pen,0_0_90,0_0,4,0.20370708584585234
00829-QaLdnwvtxbs,hovsg,329,pen,0_1_48,0_1,5,0.20181306419363526
00829-QaLdnwvtxbs,hovsg,330,pendant,0_3_272,0_3,1,0.2835762283698974
00829-QaLdnwvtxbs,hovsg,330,pendant,0_0_42,0_0,2,0.26944202419049024
00829-QaLdnwvtxbs,hovsg,330,pendant,0_0_41,0_0,3,0.2668503763682492
00829-QaLdnwvtxbs,hovsg,330,pendant,0_3_277,0_3,4,0.2662321466288643
00829-QaLdnwvtxbs,hovsg,330,pendant,0_3_9,0_3,5,0.25538940305855584
00829-QaLdnwvtxbs,hovsg,331,pet bed,0_1_34,0_1,1,0.28059308048190995
00829-QaLdnwvtxbs,hovsg,331,pet bed,0_2_66,0_2,2,0.2671484545894751
00829-QaLdnwvtxbs,hovsg,331,pet bed,0_0_23,0_0,3,0.2654487637316346
00829-QaLdnwvtxbs,hovsg,331,pet bed,0_1_12,0_1,4,0.26391876452861385
00829-QaLdnwvtxbs,hovsg,331,pet bed,0_2_92,0_2,5,0.2626132015248952
00829-QaLdnwvtxbs,hovsg,332,pet bowl,0_2_79,0_2,1,0.2444985078036193
00829-QaLdnwvtxbs,hovsg,332,pet bowl,0_3_101,0_3,2,0.24294595288322576
00829-QaLdnwvtxbs,hovsg,332,pet bowl,0_4_98,0_4,3,0.23680288502352914
00829-QaLdnwvtxbs,hovsg,332,pet bowl,0_3_11,0_3,4,0.23546662890941325
00829-QaLdnwvtxbs,hovsg,332,pet bowl,0_3_358,0_3,5,0.23308156925671358
00829-QaLdnwvtxbs,hovsg,333,phone,0_3_354,0_3,1,0.28470933700014867
00829-QaLdnwvtxbs,hovsg,333,phone,0_0_29,0_0,2,0.2603114486315188
00829-QaLdnwvtxbs,hovsg,333,phone,0_0_91,0_0,3,0.24363413293921637
00829-QaLdnwvtxbs,hovsg,333,phone,0_2_132,0_2,4,0.24061329630792552
00829-QaLdnwvtxbs,hovsg,333,phone,0_0_73,0_0,5,0.2380725526493286
00829-QaLdnwvtxbs,hovsg,334,photo mount,0_2_28,0_2,1,0.28051117197025677
00829-QaLdnwvtxbs,hovsg,334,photo mount,0_2_152,0_2,2,0.2802232623192752
00829-QaLdnwvtxbs,hovsg,334,photo mount,0_2_148,0_2,3,0.27832588551219745
00829-QaLdnwvtxbs,hovsg,334,photo mount,0_2_155,0_2,4,0.2748100922013943
00829-QaLdnwvtxbs,hovsg,334,photo mount,0_2_149,0_2,5,0.27252560280910554
00829-QaLdnwvtxbs,hovsg,335,photo stand,0_1_45,0_1,1,0.27077109587099335
00829-QaLdnwvtxbs,hovsg,335,photo stand,0_4_84,0_4,2,0.2510600048697413
00829-QaLdnwvtxbs,hovsg,335,photo stand,0_4_57,0_4,3,0.24138846311448053
00829-QaLdnwvtxbs,hovsg,335,photo stand,0_4_59,0_4,4,0.24078590042582917
00829-QaLdnwvtxbs,hovsg,335,photo stand,0_4_52,0_4,5,0.23797053685638883
00829-QaLdnwvtxbs,hovsg,336,piano,0_1_53,0_1,1,0.25935182537795115
00829-QaLdnwvtxbs,hovsg,336,piano,0_3_311,0_3,2,0.25908346583075753
00829-QaLdnwvtxbs,hovsg,336,piano,0_2_169,0_2,3,0.25714303285216883
00829-QaLdnwvtxbs,hovsg,336,piano,0_3_317,0_3,4,0.25311651705098476
00829-QaLdnwvtxbs,hovsg,336,piano,0_0_29,0_0,5,0.25247567949647987
00829-QaLdnwvtxbs,hovsg,337,pillow,0_3_316,0_3,1,0.3004473406147324
00829-QaLdnwvtxbs,hovsg,337,pillow,0_3_34,0_3,2,0.29740331023325617
00829-QaLdnwvtxbs,hovsg,337,pillow,0_0_26,0_0,3,0.29234099805624925
00829-QaLdnwvtxbs,hovsg,337,pillow,0_0_11,0_0,4,0.2916979117271076
00829-QaLdnwvtxbs,hovsg,337,pillow,0_3_313,0_3,5,0.2869544558952064
00829-QaLdnwvtxbs,hovsg,338,pitchfork,0_1_76,0_1,1,0.2294948185052207
00829-QaLdnwvtxbs,hovsg,338,pitchfork,0_0_90,0_0,2,0.2172809154764182
00829-QaLdnwvtxbs,hovsg,339,place mat,0_3_31,0_3,1,0.2589160265095298
00829-QaLdnwvtxbs,hovsg,339,place mat,0_3_65,0_3,2,0.24607463205946334
00829-QaLdnwvtxbs,hovsg,339,place mat,0_2_9,0_2,3,0.24417176964400458
00829-QaLdnwvtxbs,hovsg,339,place mat,0_3_56,0_3,4,0.24312630830947973
00829-QaLdnwvtxbs,hovsg,339,place mat,0_1_62,0_1,5,0.24053564133941205
00829-QaLdnwvtxbs,hovsg,340,plane,0_4_47,0_4,1,0.23035794252179642
00829-QaLdnwvtxbs,hovsg,340,plane,0_2_154,0_2,2,0.22385641555413882
00829-QaLdnwvtxbs,hovsg,340,plane,0_3_65,0_3,3,0.22058200589712432
00829-QaLdnwvtxbs,hovsg,341,plank,0_3_128,0_3,1,0.3078489521013692
00829-QaLdnwvtxbs,hovsg,341,plank,0_2_25,0_2,2,0.30531914752078626
00829-QaLdnwvtxbs,hovsg,341,plank,0_0_74,0_0,3,0.30449400592270726
00829-QaLdnwvtxbs,hovsg,341,plank,0_3_24,0_3,4,0.3031833746061967
00829-QaLdnwvtxbs,hovsg,341,plank,0_3_280,0_3,5,0.30191946291750826
00829-QaLdnwvtxbs,hovsg,342,plant,0_3_35,0_3,1,0.24787621375502317
00829-QaLdnwvtxbs,hovsg,342,plant,0_1_69,0_1,2,0.23933854468897423
00829-QaLdnwvtxbs,hovsg,342,plant,0_0_73,0_0,3,0.23903617536282157
00829-QaLdnwvtxbs,hovsg,342,plant,0_2_138,0_2,4,0.23259371406264456
00829-QaLdnwvtxbs,hovsg,342,plant,0_2_122,0_2,5,0.23126633507822875
00829-QaLdnwvtxbs,hovsg,343,plant ornament,0_3_277,0_3,1,0.21526203557360338
00829-QaLdnwvtxbs,hovsg,343,plant ornament,0_3_272,0_3,2,0.19901282823531566
00829-QaLdnwvtxbs,hovsg,343,plant ornament,0_3_13,0_3,3,0.18974769350954077
00829-QaLdnwvtxbs,hovsg,343,plant ornament,0_3_100,0_3,4,0.18950745452521756
00829-QaLdnwvtxbs,hovsg,343,plant ornament,0_3_184,0_3,5,0.18567490322997895
00829-QaLdnwvtxbs,hovsg,344,platform,0_2_87,0_2,1,0.2594469710535175
00829-QaLdnwvtxbs,hovsg,344,platform,0_3_31,0_3,2,0.2569910847085271
00829-QaLdnwvtxbs,hovsg,344,platform,0_3_123,0_3,3,0.25020614900629345
00829-QaLdnwvtxbs,hovsg,344,platform,0_1_27,0_1,4,0.2500951703292673
00829-QaLdnwvtxbs,hovsg,344,platform,0_2_95,0_2,5,0.24749268929366464
00829-QaLdnwvtxbs,hovsg,345,playpen,0_1_96,0_1,1,0.21275153408974962
00829-QaLdnwvtxbs,hovsg,345,playpen,0_3_311,0_3,2,0.21242619038863939
00829-QaLdnwvtxbs,hovsg,345,playpen,0_3_219,0_3,3,0.20917361159766026
00829-QaLdnwvtxbs,hovsg,345,playpen,0_2_66,0_2,4,0.20782645404943323
00829-QaLdnwvtxbs,hovsg,345,playpen,0_3_84,0_3,5,0.20676049476514846
00829-QaLdnwvtxbs,hovsg,346,plenum box,0_4_22,0_4,1,0.279162039909997
00829-QaLdnwvtxbs,hovsg,346,plenum box,0_3_311,0_3,2,0.2774893104176909
00829-QaLdnwvtxbs,hovsg,346,plenum box,0_3_1,0_3,3,0.2743254726344321
00829-QaLdnwvtxbs,hovsg,346,plenum box,0_3_144,0_3,4,0.2728807523352788
00829-QaLdnwvtxbs,hovsg,346,plenum box,0_3_122,0_3,5,0.27142040108916754
00829-QaLdnwvtxbs,hovsg,347,pliers,0_1_76,0_1,1,0.2673348564787626
00829-QaLdnwvtxbs,hovsg,347,pliers,0_1_61,0_1,2,0.25567932602524795
00829-QaLdnwvtxbs,hovsg,347,pliers,0_1_20,0_1,3,0.2362115410988836
00829-QaLdnwvtxbs,hovsg,348,plumbing,0_4_93,0_4,1,0.2935493592653797
00829-QaLdnwvtxbs,hovsg,348,plumbing,0_2_87,0_2,2,0.28251900246876227
00829-QaLdnwvtxbs,hovsg,348,plumbing,0_4_5,0_4,3,0.28072765486895035
00829-QaLdnwvtxbs,hovsg,348,plumbing,0_4_56,0_4,4,0.2778091478454157
00829-QaLdnwvtxbs,hovsg,348,plumbing,0_4_101,0_4,5,0.27606511338059636
00829-QaLdnwvtxbs,hovsg,349,plunger,0_2_100,0_2,1,0.2908821366937052
00829-QaLdnwvtxbs,hovsg,349,plunger,0_4_56,0_4,2,0.2759418282715611
00829-QaLdnwvtxbs,hovsg,349,plunger,0_4_5,0_4,3,0.2719732355324997
00829-QaLdnwvtxbs,hovsg,349,plunger,0_0_75,0_0,4,0.2690955764865216
00829-QaLdnwvtxbs,hovsg,349,plunger,0_4_98,0_4,5,0.2657680953157419
00829-QaLdnwvtxbs,hovsg,350,podium,0_3_123,0_3,1,0.26536113059169386
00829-QaLdnwvtxbs,hovsg,350,podium,0_3_311,0_3,2,0.26367706477104597
00829-QaLdnwvtxbs,hovsg,350,podium,0_3_158,0_3,3,0.2597073509347015
00829-QaLdnwvtxbs,hovsg,350,podium,0_1_68,0_1,4,0.2596024991744694
00829-QaLdnwvtxbs,hovsg,350,podium,0_1_53,0_1,5,0.25852549478438286
00829-QaLdnwvtxbs,hovsg,351,pole,0_2_100,0_2,1,0.27865017011894166
00829-QaLdnwvtxbs,hovsg,351,pole,0_1_32,0_1,2,0.2722001853968511
00829-QaLdnwvtxbs,hovsg,351,pole,0_2_15,0_2,3,0.26875010098423524
00829-QaLdnwvtxbs,hovsg,351,pole,0_3_177,0_3,4,0.2675504323882568
00829-QaLdnwvtxbs,hovsg,351,pole,0_0_54,0_0,5,0.26467509854529736
00829-QaLdnwvtxbs,hovsg,352,pool,0_1_18,0_1,1,0.2315608418142881
00829-QaLdnwvtxbs,hovsg,352,pool,0_4_98,0_4,2,0.2315226850959999
00829-QaLdnwvtxbs,hovsg,352,pool,0_2_66,0_2,3,0.23013384038020154
00829-QaLdnwvtxbs,hovsg,352,pool,0_2_92,0_2,4,0.2235789835137681
00829-QaLdnwvtxbs,hovsg,352,pool,0_2_81,0_2,5,0.21946617292993997
00829-QaLdnwvtxbs,hovsg,353,pool table,0_1_20,0_1,1,0.23165377995575698
00829-QaLdnwvtxbs,hovsg,353,pool table,0_2_66,0_2,2,0.2296291292336202
00829-QaLdnwvtxbs,hovsg,353,pool table,0_2_92,0_2,3,0.21954997056826692
00829-QaLdnwvtxbs,hovsg,353,pool table,0_2_71,0_2,4,0.21177374108944275
00829-QaLdnwvtxbs,hovsg,353,pool table,0_2_81,0_2,5,0.2092094479473417
00829-QaLdnwvtxbs,hovsg,354,porcelain,0_2_72,0_2,1,0.273410474053685
00829-QaLdnwvtxbs,hovsg,354,porcelain,0_4_56,0_4,2,0.26200921343238975
00829-QaLdnwvtxbs,hovsg,354,porcelain,0_4_1,0_4,3,0.2601746207555591
00829-QaLdnwvtxbs,hovsg,354,porcelain,0_4_53,0_4,4,0.259626643284703
00829-QaLdnwvtxbs,hovsg,354,porcelain,0_4_43,0_4,5,0.25923817648581504
00829-QaLdnwvtxbs,hovsg,355,poster,0_4_84,0_4,1,0.267985558476574
00829-QaLdnwvtxbs,hovsg,355,poster,0_4_7,0_4,2,0.2571696221116707
00829-QaLdnwvtxbs,hovsg,355,poster,0_4_52,0_4,3,0.2543546414442049
00829-QaLdnwvtxbs,hovsg,355,poster,0_4_57,0_4,4,0.2515820802463221
00829-QaLdnwvtxbs,hovsg,355,poster,0_4_46,0_4,5,0.25150801383084664
00829-QaLdnwvtxbs,hovsg,356,pot,0_3_35,0_3,1,0.2605231709557202
00829-QaLdnwvtxbs,hovsg,356,pot,0_3_358,0_3,2,0.25342629167718633
00829-QaLdnwvtxbs,hovsg,356,pot,0_4_56,0_4,3,0.2500959208829924
00829-QaLdnwvtxbs,hovsg,356,pot,0_2_79,0_2,4,0.2490677305880474
00829-QaLdnwvtxbs,hovsg,356,pot,0_3_101,0_3,5,0.24902656349712043
00829-QaLdnwvtxbs,hovsg,357,pot lid,0_1_34,0_1,1,0.2513962688010443
00829-QaLdnwvtxbs,hovsg,357,pot lid,0_4_82,0_4,2,0.25038953809540876
00829-QaLdnwvtxbs,hovsg,357,pot lid,0_1_12,0_1,3,0.24649315842015662
00829-QaLdnwvtxbs,hovsg,357,pot lid,0_1_27,0_1,4,0.2458345556863828
00829-QaLdnwvtxbs,hovsg,357,pot lid,0_2_79,0_2,5,0.24464064460664048
00829-QaLdnwvtxbs,hovsg,358,pouches,0_2_81,0_2,1,0.26436171712862266
00829-QaLdnwvtxbs,hovsg,358,pouches,0_2_66,0_2,2,0.2559251424936914
00829-QaLdnwvtxbs,hovsg,358,pouches,0_2_92,0_2,3,0.25567037473578563
00829-QaLdnwvtxbs,hovsg,358,pouches,0_1_76,0_1,4,0.2461286658490348
00829-QaLdnwvtxbs,hovsg,358,pouches,0_2_147,0_2,5,0.24565848725756162
00829-QaLdnwvtxbs,hovsg,359,press,0_3_354,0_3,1,0.24430404923177604
00829-QaLdnwvtxbs,hovsg,359,press,0_2_147,0_2,2,0.24081677726841566
00829-QaLdnwvtxbs,hovsg,359,press,0_2_30,0_2,3,0.23656387883059776
00829-QaLdnwvtxbs,hovsg,359,press,0_3_145,0_3,4,0.23209284960822463
00829-QaLdnwvtxbs,hovsg,359,press,0_2_61,0_2,5,0.22628823290326788
00829-QaLdnwvtxbs,hovsg,360,pressure washer,0_2_61,0_2,1,0.2272245983242426
00829-QaLdnwvtxbs,hovsg,360,pressure washer,0_2_94,0_2,2,0.21803796728596866
00829-QaLdnwvtxbs,hovsg,360,pressure washer,0_2_79,0_2,3,0.20446661679126155
00829-QaLdnwvtxbs,hovsg,361,printer,0_3_354,0_3,1,0.2758988678298535
00829-QaLdnwvtxbs,hovsg,361,printer,0_0_29,0_0,2,0.2671366614285287
00829-QaLdnwvtxbs,hovsg,361,printer,0_2_79,0_2,3,0.2643421017758665
00829-QaLdnwvtxbs,hovsg,361,printer,0_2_61,0_2,4,0.26309660684952746
00829-QaLdnwvtxbs,hovsg,361,printer,0_2_149,0_2,5,0.26157663824966976
00829-QaLdnwvtxbs,hovsg,362,product,0_3_145,0_3,1,0.23810491537993567
00829-QaLdnwvtxbs,hovsg,362,product,0_3_78,0_3,2,0.2320378172606407
00829-QaLdnwvtxbs,hovsg,362,product,0_0_45,0_0,3,0.23024882746050196
00829-QaLdnwvtxbs,hovsg,362,product,0_4_16,0_4,4,0.23023487070861
00829-QaLdnwvtxbs,hovsg,362,product,0_1_31,0_1,5,0.22886350112387324
00829-QaLdnwvtxbs,hovsg,363,products,0_3_145,0_3,1,0.2335581612358716
00829-QaLdnwvtxbs,hovsg,363,products,0_4_101,0_4,2,0.22123110366782878
00829-QaLdnwvtxbs,hovsg,363,products,0_2_96,0_2,3,0.20168489339675544
00829-QaLdnwvtxbs,hovsg,363,products,0_2_117,0_2,4,0.19990630542829332
00829-QaLdnwvtxbs,hovsg,363,products,0_2_60,0_2,5,0.197705933611217
00829-QaLdnwvtxbs,hovsg,364,prop,0_3_158,0_3,1,0.2983224456534338
00829-QaLdnwvtxbs,hovsg,364,prop,0_3_311,0_3,2,0.2933284937637941
00829-QaLdnwvtxbs,hovsg,364,prop,0_3_182,0_3,3,0.29314957338347725
00829-QaLdnwvtxbs,hovsg,364,prop,0_3_317,0_3,4,0.2924287504457057
00829-QaLdnwvtxbs,hovsg,364,prop,0_1_96,0_1,5,0.2916017726019682
00829-QaLdnwvtxbs,hovsg,365,pump,0_3_145,0_3,1,0.2533234940920815
00829-QaLdnwvtxbs,hovsg,365,pump,0_2_61,0_2,2,0.23623325843914272
00829-QaLdnwvtxbs,hovsg,365,pump,0_1_20,0_1,3,0.234676024194298
00829-QaLdnwvtxbs,hovsg,365,pump,0_2_132,0_2,4,0.23344247108972185
00829-QaLdnwvtxbs,hovsg,365,pump,0_4_98,0_4,5,0.22457008761477543
00829-QaLdnwvtxbs,hovsg,366,punchbag,0_2_132,0_2,1,0.2362808597601719
00829-QaLdnwvtxbs,hovsg,366,punchbag,0_1_20,0_1,2,0.23494704630881957
00829-QaLdnwvtxbs,hovsg,366,punchbag,0_1_69,0_1,3,0.23423842512005882
00829-QaLdnwvtxbs,hovsg,366,punchbag,0_2_79,0_2,4,0.23171082959187925
00829-QaLdnwvtxbs,hovsg,366,punchbag,0_4_97,0_4,5,0.22841558885497998
00829-QaLdnwvtxbs,hovsg,367,puppet,0_2_160,0_2,1,0.2518041366408006
00829-QaLdnwvtxbs,hovsg,367,puppet,0_2_92,0_2,2,0.24584737461835837
00829-QaLdnwvtxbs,hovsg,367,puppet,0_0_41,0_0,3,0.2442049095134486
00829-QaLdnwvtxbs,hovsg,367,puppet,0_1_76,0_1,4,0.2414935661350216
00829-QaLdnwvtxbs,hovsg,367,puppet,0_1_42,0_1,5,0.2389658857591173
00829-QaLdnwvtxbs,hovsg,368,rag,0_2_147,0_2,1,0.27665106558963687
00829-QaLdnwvtxbs,hovsg,368,rag,0_2_30,0_2,2,0.274386593094478
00829-QaLdnwvtxbs,hovsg,368,rag,0_1_78,0_1,3,0.25837605767962646
00829-QaLdnwvtxbs,hovsg,368,rag,0_2_92,0_2,4,0.2569361104291583
00829-QaLdnwvtxbs,hovsg,368,rag,0_2_81,0_2,5,0.2537832249777393
00829-QaLdnwvtxbs,hovsg,369,rail,0_2_163,0_2,1,0.2816267699732243
00829-QaLdnwvtxbs,hovsg,369,rail,0_2_76,0_2,2,0.28133407421100176
00829-QaLdnwvtxbs,hovsg,369,rail,0_2_165,0_2,3,0.2781764694171947
00829-QaLdnwvtxbs,hovsg,369,rail,0_2_87,0_2,4,0.2778566463783545
00829-QaLdnwvtxbs,hovsg,369,rail,0_2_168,0_2,5,0.2726551009912411
00829-QaLdnwvtxbs,hovsg,370,rake,0_0_48,0_0,1,0.24462479333599058
00829-QaLdnwvtxbs,hovsg,370,rake,0_2_100,0_2,2,0.24270736418895442
00829-QaLdnwvtxbs,hovsg,370,rake,0_0_53,0_0,3,0.2405760200063266
00829-QaLdnwvtxbs,hovsg,370,rake,0_0_92,0_0,4,0.23730439187332447
00829-QaLdnwvtxbs,hovsg,370,rake,0_0_90,0_0,5,0.23306126382346565
00829-QaLdnwvtxbs,hovsg,371,receipt printer,0_2_79,0_2,1,0.2639936059848723
00829-QaLdnwvtxbs,hovsg,371,receipt printer,0_3_354,0_3,2,0.2578511992299848
00829-QaLdnwvtxbs,hovsg,371,receipt printer,0_2_30,0_2,3,0.24798554272328124
00829-QaLdnwvtxbs,hovsg,371,receipt printer,0_2_147,0_2,4,0.24243073247586383
00829-QaLdnwvtxbs,hovsg,371,receipt printer,0_0_50,0_0,5,0.24211985643734243
00829-QaLdnwvtxbs,hovsg,372,records,0_1_43,0_1,1,0.22565619201667933
00829-QaLdnwvtxbs,hovsg,372,records,0_4_89,0_4,2,0.21988524958546218
00829-QaLdnwvtxbs,hovsg,372,records,0_0_29,0_0,3,0.21784841442243855
00829-QaLdnwvtxbs,hovsg,372,records,0_2_169,0_2,4,0.21196761815336976
00829-QaLdnwvtxbs,hovsg,372,records,0_1_31,0_1,5,0.21057501658361566
00829-QaLdnwvtxbs,hovsg,373,recuperator,0_3_145,0_3,1,0.2327647458231359
00829-QaLdnwvtxbs,hovsg,373,recuperator,0_2_66,0_2,2,0.22751465062278642
00829-QaLdnwvtxbs,hovsg,373,recuperator,0_2_147,0_2,3,0.22315810109201772
00829-QaLdnwvtxbs,hovsg,373,recuperator,0_2_79,0_2,4,0.22183295561376154
00829-QaLdnwvtxbs,hovsg,373,recuperator,0_2_94,0_2,5,0.21808642875800682
00829-QaLdnwvtxbs,hovsg,374,refrigerator,0_1_68,0_1,1,0.26988473753848125
00829-QaLdnwvtxbs,hovsg,374,refrigerator,0_2_80,0_2,2,0.260591136654525
00829-QaLdnwvtxbs,hovsg,374,refrigerator,0_2_61,0_2,3,0.2546853115165533
00829-QaLdnwvtxbs,hovsg,374,refrigerator,0_3_2,0_3,4,0.25068023100923625
00829-QaLdnwvtxbs,hovsg,374,refrigerator,0_3_223,0_3,5,0.24941769863988658
00829-QaLdnwvtxbs,hovsg,375,remote control,0_3_171,0_3,1,0.23590833172446626
00829-QaLdnwvtxbs,hovsg,375,remote control,0_3_190,0_3,2,0.2324798365770271
00829-QaLdnwvtxbs,hovsg,375,remote control,0_3_200,0_3,3,0.23232699680165794
00829-QaLdnwvtxbs,hovsg,375,remote control,0_3_183,0_3,4,0.23189584803608396
00829-QaLdnwvtxbs,hovsg,375,remote control,0_3_202,0_3,5,0.23076059712003347
00829-QaLdnwvtxbs,hovsg,376,rice cooker,0_2_79,0_2,1,0.27469079644765826
00829-QaLdnwvtxbs,hovsg,376,rice cooker,0_2_61,0_2,2,0.2493208538164057
00829-QaLdnwvtxbs,hovsg,376,rice cooker,0_3_354,0_3,3,0.24820187984181477
00829-QaLdnwvtxbs,hovsg,376,rice cooker,0_2_147,0_2,4,0.24781837703830267
00829-QaLdnwvtxbs,hovsg,376,rice cooker,0_2_30,0_2,5,0.24519893369883325
00829-QaLdnwvtxbs,hovsg,377,riser,0_3_123,0_3,1,0.2795778899020312
00829-QaLdnwvtxbs,hovsg,377,riser,0_1_94,0_1,2,0.267849777337002
00829-QaLdnwvtxbs,hovsg,377,riser,0_2_87,0_2,3,0.26625211059506015
00829-QaLdnwvtxbs,hovsg,377,riser,0_1_53,0_1,4,0.2661352975691088
00829-QaLdnwvtxbs,hovsg,377,riser,0_1_90,0_1,5,0.26565568097002334
00829-QaLdnwvtxbs,hovsg,378,rocking horse,0_1_20,0_1,1,0.2612427313100949
00829-QaLdnwvtxbs,hovsg,378,rocking horse,0_3_65,0_3,2,0.2229565437261542
00829-QaLdnwvtxbs,hovsg,378,rocking horse,0_2_79,0_2,3,0.1996806205613867
00829-QaLdnwvtxbs,hovsg,379,rod,0_3_177,0_3,1,0.27379954235870607
00829-QaLdnwvtxbs,hovsg,379,rod,0_2_163,0_2,2,0.268715959642432
00829-QaLdnwvtxbs,hovsg,379,rod,0_2_168,0_2,3,0.26549575383078894
00829-QaLdnwvtxbs,hovsg,379,rod,0_0_54,0_0,4,0.2633865775821524
00829-QaLdnwvtxbs,hovsg,379,rod,0_0_43,0_0,5,0.26112406343673894
00829-QaLdnwvtxbs,hovsg,380,roll,0_3_29,0_3,1,0.27641214129695285
00829-QaLdnwvtxbs,hovsg,380,roll,0_3_179,0_3,2,0.27544405576706865
00829-QaLdnwvtxbs,hovsg,380,roll,0_3_72,0_3,3,0.27092282128111145
00829-QaLdnwvtxbs,hovsg,380,roll,0_4_47,0_4,4,0.2704733466957768
00829-QaLdnwvtxbs,hovsg,380,roll,0_3_11,0_3,5,0.26745926485310734
00829-QaLdnwvtxbs,hovsg,381,rope,0_1_20,0_1,1,0.2329396163934554
00829-QaLdnwvtxbs,hovsg,381,rope,0_1_76,0_1,2,0.23075202714312146
00829-QaLdnwvtxbs,hovsg,381,rope,0_2_92,0_2,3,0.22178165199009445
00829-QaLdnwvtxbs,hovsg,381,rope,0_2_79,0_2,4,0.21905085635921862
00829-QaLdnwvtxbs,hovsg,381,rope,0_2_94,0_2,5,0.21045392710304506
00829-QaLdnwvtxbs,hovsg,382,router,0_3_311,0_3,1,0.2550437287879537
00829-QaLdnwvtxbs,hovsg,382,router,0_0_50,0_0,2,0.2529375919278202
00829-QaLdnwvtxbs,hovsg,382,router,0_3_354,0_3,3,0.2522264467979679
00829-QaLdnwvtxbs,hovsg,382,router,0_3_128,0_3,4,0.25180684776822726
00829-QaLdnwvtxbs,hovsg,382,router,0_3_93,0_3,5,0.24843758972127006
00829-QaLdnwvtxbs,hovsg,383,rug,0_0_17,0_0,1,0.2736847898539644
00829-QaLdnwvtxbs,hovsg,383,rug,0_1_96,0_1,2,0.27307528537516956
00829-QaLdnwvtxbs,hovsg,383,rug,0_3_31,0_3,3,0.2715456676647644
00829-QaLdnwvtxbs,hovsg,383,rug,0_0_4,0_0,4,0.27081515859722716
00829-QaLdnwvtxbs,hovsg,383,rug,0_2_44,0_2,5,0.27041466264232233
00829-QaLdnwvtxbs,hovsg,384,safe,0_3_311,0_3,1,0.2774354870431206
00829-QaLdnwvtxbs,hovsg,384,safe,0_3_186,0_3,2,0.2705721426072617
00829-QaLdnwvtxbs,hovsg,384,safe,0_3_182,0_3,3,0.2704291162113462
00829-QaLdnwvtxbs,hovsg,384,safe,0_3_130,0_3,4,0.2691041095087501
00829-QaLdnwvtxbs,hovsg,384,safe,0_3_215,0_3,5,0.2687948864267512
00829-QaLdnwvtxbs,hovsg,385,saturator,0_1_43,0_1,1,0.21432204673515393
00829-QaLdnwvtxbs,hovsg,385,saturator,0_2_80,0_2,2,0.21194611691575266
00829-QaLdnwvtxbs,hovsg,385,saturator,0_3_177,0_3,3,0.2111509920277768
00829-QaLdnwvtxbs,hovsg,385,saturator,0_1_20,0_1,4,0.20955703852965712
00829-QaLdnwvtxbs,hovsg,385,saturator,0_3_277,0_3,5,0.20746261868423072
00829-QaLdnwvtxbs,hovsg,386,sauna,0_1_68,0_1,1,0.2512870183599988
00829-QaLdnwvtxbs,hovsg,386,sauna,0_0_29,0_0,2,0.2505827610118595
00829-QaLdnwvtxbs,hovsg,386,sauna,0_3_123,0_3,3,0.2492263107610596
00829-QaLdnwvtxbs,hovsg,386,sauna,0_4_94,0_4,4,0.24440834658212357
00829-QaLdnwvtxbs,hovsg,386,sauna,0_1_41,0_1,5,0.2388557206220246
00829-QaLdnwvtxbs,hovsg,387,saw,0_2_122,0_2,1,0.2593189769748231
00829-QaLdnwvtxbs,hovsg,387,saw,0_2_12,0_2,2,0.25719294478415594
00829-QaLdnwvtxbs,hovsg,387,saw,0_2_80,0_2,3,0.2562169039958002
00829-QaLdnwvtxbs,hovsg,387,saw,0_2_76,0_2,4,0.25546211483842746
00829-QaLdnwvtxbs,hovsg,387,saw,0_2_169,0_2,5,0.25509101589057653
00829-QaLdnwvtxbs,hovsg,388,saxophone,0_1_20,0_1,1,0.2378576114223087
00829-QaLdnwvtxbs,hovsg,389,scale,0_4_51,0_4,1,0.25159872676304584
00829-QaLdnwvtxbs,hovsg,389,scale,0_3_354,0_3,2,0.251527448392651
00829-QaLdnwvtxbs,hovsg,389,scale,0_2_69,0_2,3,0.2510952587691593
00829-QaLdnwvtxbs,hovsg,389,scale,0_4_6,0_4,4,0.24787997462221983
00829-QaLdnwvtxbs,hovsg,389,scale,0_0_95,0_0,5,0.24781998944056916
00829-QaLdnwvtxbs,hovsg,390,scanner,0_0_29,0_0,1,0.2786279667198652
00829-QaLdnwvtxbs,hovsg,390,scanner,0_3_354,0_3,2,0.27733946128616216
00829-QaLdnwvtxbs,hovsg,390,scanner,0_2_160,0_2,3,0.2751380152746854
00829-QaLdnwvtxbs,hovsg,390,scanner,0_2_169,0_2,4,0.2734017006394728
00829-QaLdnwvtxbs,hovsg,390,scanner,0_1_45,0_1,5,0.2682910233570085
00829-QaLdnwvtxbs,hovsg,391,screen,0_3_352,0_3,1,0.2858771787304363
00829-QaLdnwvtxbs,hovsg,391,screen,0_3_353,0_3,2,0.2849941546714975
00829-QaLdnwvtxbs,hovsg,391,screen,0_3_355,0_3,3,0.28245523383199905
00829-QaLdnwvtxbs,hovsg,391,screen,0_3_346,0_3,4,0.2748338419088727
00829-QaLdnwvtxbs,hovsg,391,screen,0_3_191,0_3,5,0.27380931660726104
00829-QaLdnwvtxbs,hovsg,392,screen frame,0_2_171,0_2,1,0.3222829745646093
00829-QaLdnwvtxbs,hovsg,392,screen frame,0_3_353,0_3,2,0.3088790460380788
00829-QaLdnwvtxbs,hovsg,392,screen frame,0_3_352,0_3,3,0.308527970202557
00829-QaLdnwvtxbs,hovsg,392,screen frame,0_3_355,0_3,4,0.3075282097490557
00829-QaLdnwvtxbs,hovsg,392,screen frame,0_3_346,0_3,5,0.29955010619261
00829-QaLdnwvtxbs,hovsg,393,screwdriver,0_1_76,0_1,1,0.23352107037536107
00829-QaLdnwvtxbs,hovsg,394,sculpture,0_3_8,0_3,1,0.2799832003782107
00829-QaLdnwvtxbs,hovsg,394,sculpture,0_3_76,0_3,2,0.27044972674660195
00829-QaLdnwvtxbs,hovsg,394,sculpture,0_3_93,0_3,3,0.2617365002044689
00829-QaLdnwvtxbs,hovsg,394,sculpture,0_3_9,0_3,4,0.2597615380324584
00829-QaLdnwvtxbs,hovsg,394,sculpture,0_3_13,0_3,5,0.2530156031877172
00829-QaLdnwvtxbs,hovsg,395,security camera,0_4_47,0_4,1,0.2831872711207637
00829-QaLdnwvtxbs,hovsg,395,security camera,0_2_132,0_2,2,0.2666805047572937
00829-QaLdnwvtxbs,hovsg,395,security camera,0_0_25,0_0,3,0.26296264489734744
00829-QaLdnwvtxbs,hovsg,395,security camera,0_2_71,0_2,4,0.2604029960393539
00829-QaLdnwvtxbs,hovsg,395,security camera,0_2_80,0_2,5,0.2550010425351091
00829-QaLdnwvtxbs,hovsg,396,self-closing mechanism,0_2_12,0_2,1,0.27438625486494206
00829-QaLdnwvtxbs,hovsg,396,self-closing mechanism,0_3_278,0_3,2,0.2661583390302822
00829-QaLdnwvtxbs,hovsg,396,self-closing mechanism,0_2_15,0_2,3,0.2657206077332779
00829-QaLdnwvtxbs,hovsg,396,self-closing mechanism,0_3_136,0_3,4,0.258182430499353
00829-QaLdnwvtxbs,hovsg,396,self-closing mechanism,0_1_53,0_1,5,0.25798008012859325
00829-QaLdnwvtxbs,hovsg,397,sensor,0_0_25,0_0,1,0.29183208650374487
00829-QaLdnwvtxbs,hovsg,397,sensor,0_4_47,0_4,2,0.2750949464909794
00829-QaLdnwvtxbs,hovsg,397,sensor,0_3_351,0_3,3,0.2721443227860394
00829-QaLdnwvtxbs,hovsg,397,sensor,0_4_8,0_4,4,0.2696603257407706
00829-QaLdnwvtxbs,hovsg,397,sensor,0_4_82,0_4,5,0.26944742179040615
00829-QaLdnwvtxbs,hovsg,398,separator,0_2_156,0_2,1,0.27144793505009335
00829-QaLdnwvtxbs,hovsg,398,separator,0_1_94,0_1,2,0.26727460126452596
00829-QaLdnwvtxbs,hovsg,398,separator,0_3_184,0_3,3,0.26704257325295455
00829-QaLdnwvtxbs,hovsg,398,separator,0_3_351,0_3,4,0.2660819046537654
00829-QaLdnwvtxbs,hovsg,398,separator,0_4_95,0_4,5,0.26598777350718794
00829-QaLdnwvtxbs,hovsg,399,set of valves,0_2_100,0_2,1,0.21063160930098768
00829-QaLdnwvtxbs,hovsg,399,set of valves,0_0_29,0_0,2,0.20882248275075294
00829-QaLdnwvtxbs,hovsg,399,set of valves,0_0_75,0_0,3,0.20679812923401497
00829-QaLdnwvtxbs,hovsg,399,set of valves,0_3_277,0_3,4,0.20221135022681597
00829-QaLdnwvtxbs,hovsg,399,set of valves,0_4_93,0_4,5,0.19975821680387956
00829-QaLdnwvtxbs,hovsg,400,sewing machine,0_0_29,0_0,1,0.25488396834037264
00829-QaLdnwvtxbs,hovsg,400,sewing machine,0_2_61,0_2,2,0.23344047957471287
00829-QaLdnwvtxbs,hovsg,400,sewing machine,0_2_122,0_2,3,0.23103039109890228
00829-QaLdnwvtxbs,hovsg,400,sewing machine,0_2_79,0_2,4,0.22642301354434285
00829-QaLdnwvtxbs,hovsg,400,sewing machine,0_2_92,0_2,5,0.22461664584480565
00829-QaLdnwvtxbs,hovsg,401,sewing tools,0_3_28,0_3,1,0.20979229750925238
00829-QaLdnwvtxbs,hovsg,401,sewing tools,0_3_65,0_3,2,0.20374563834612158
00829-QaLdnwvtxbs,hovsg,401,sewing tools,0_1_20,0_1,3,0.20261830106249284
00829-QaLdnwvtxbs,hovsg,401,sewing tools,0_0_29,0_0,4,0.20140005211982143
00829-QaLdnwvtxbs,hovsg,401,sewing tools,0_3_277,0_3,5,0.19930076466702779
00829-QaLdnwvtxbs,hovsg,402,shampoo,0_2_94,0_2,1,0.27913592985229363
00829-QaLdnwvtxbs,hovsg,402,shampoo,0_4_16,0_4,2,0.26485828603034783
00829-QaLdnwvtxbs,hovsg,402,shampoo,0_2_98,0_2,3,0.2638380531133508
00829-QaLdnwvtxbs,hovsg,402,shampoo,0_4_98,0_4,4,0.26243657636459067
00829-QaLdnwvtxbs,hovsg,402,shampoo,0_2_132,0_2,5,0.25705253353280044
00829-QaLdnwvtxbs,hovsg,403,sheet music,0_0_83,0_0,1,0.23206974914132522
00829-QaLdnwvtxbs,hovsg,403,sheet music,0_2_66,0_2,2,0.227267659404475
00829-QaLdnwvtxbs,hovsg,403,sheet music,0_0_59,0_0,3,0.22670387127047636
00829-QaLdnwvtxbs,hovsg,404,sheets / clothes,0_0_55,0_0,1,0.27168447975450677
00829-QaLdnwvtxbs,hovsg,404,sheets / clothes,0_0_10,0_0,2,0.26951967919722697
00829-QaLdnwvtxbs,hovsg,404,sheets / clothes,0_1_78,0_1,3,0.26931557054785177
00829-QaLdnwvtxbs,hovsg,404,sheets / clothes,0_2_81,0_2,4,0.2689332638842279
00829-QaLdnwvtxbs,hovsg,404,sheets / clothes,0_1_77,0_1,5,0.26466127846474274
00829-QaLdnwvtxbs,hovsg,405,shelf,0_0_74,0_0,1,0.2971303169065695
00829-QaLdnwvtxbs,hovsg,405,shelf,0_1_40,0_1,2,0.29547652170503386
00829-QaLdnwvtxbs,hovsg,405,shelf,0_1_53,0_1,3,0.29537596672139843
00829-QaLdnwvtxbs,hovsg,405,shelf,0_0_22,0_0,4,0.29456183638824207
00829-QaLdnwvtxbs,hovsg,405,shelf,0_3_123,0_3,5,0.2923031754470674
00829-QaLdnwvtxbs,hovsg,406,ship toy,0_0_29,0_0,1,0.2453572675908775
00829-QaLdnwvtxbs,hovsg,406,ship toy,0_1_20,0_1,2,0.23656570405003136
00829-QaLdnwvtxbs,hovsg,406,ship toy,0_3_65,0_3,3,0.2278503254217807
00829-QaLdnwvtxbs,hovsg,406,ship toy,0_2_79,0_2,4,0.2141073127195376
00829-QaLdnwvtxbs,hovsg,407,shisha,0_1_20,0_1,1,0.23168438084604948
00829-QaLdnwvtxbs,hovsg,407,shisha,0_3_101,0_3,2,0.1914429521808636
00829-QaLdnwvtxbs,hovsg,408,shoe,0_1_20,0_1,1,0.27655617709231184
00829-QaLdnwvtxbs,hovsg,408,shoe,0_3_123,0_3,2,0.2649013658382158
00829-QaLdnwvtxbs,hovsg,408,shoe,0_2_92,0_2,3,0.26347166934356026
00829-QaLdnwvtxbs,hovsg,408,shoe,0_3_184,0_3,4,0.26344860853025087
00829-QaLdnwvtxbs,hovsg,408,shoe,0_1_79,0_1,5,0.26272752648973663
00829-QaLdnwvtxbs,hovsg,409,shoe rack,0_0_23,0_0,1,0.26096345343752214
00829-QaLdnwvtxbs,hovsg,409,shoe rack,0_1_20,0_1,2,0.2576813133587731
00829-QaLdnwvtxbs,hovsg,409,shoe rack,0_0_22,0_0,3,0.25608716326190695
00829-QaLdnwvtxbs,hovsg,409,shoe rack,0_0_74,0_0,4,0.24085006682149002
00829-QaLdnwvtxbs,hovsg,409,shoe rack,0_1_61,0_1,5,0.23654386003567712
00829-QaLdnwvtxbs,hovsg,410,shoehorn,0_1_20,0_1,1,0.26530191628692373
00829-QaLdnwvtxbs,hovsg,410,shoehorn,0_2_100,0_2,2,0.25397419071748395
00829-QaLdnwvtxbs,hovsg,410,shoehorn,0_1_76,0_1,3,0.25349476786516834
00829-QaLdnwvtxbs,hovsg,410,shoehorn,0_2_169,0_2,4,0.2510577428961722
00829-QaLdnwvtxbs,hovsg,410,shoehorn,0_0_90,0_0,5,0.24751728288172065
00829-QaLdnwvtxbs,hovsg,411,shovel,0_3_177,0_3,1,0.26089752336649735
00829-QaLdnwvtxbs,hovsg,411,shovel,0_2_98,0_2,2,0.25962326718700496
00829-QaLdnwvtxbs,hovsg,411,shovel,0_0_90,0_0,3,0.2553770951944636
00829-QaLdnwvtxbs,hovsg,411,shovel,0_1_20,0_1,4,0.254237431985362
00829-QaLdnwvtxbs,hovsg,411,shovel,0_3_232,0_3,5,0.24978618222525467
00829-QaLdnwvtxbs,hovsg,412,shower,0_2_109,0_2,1,0.33543634796738986
00829-QaLdnwvtxbs,hovsg,412,shower,0_2_104,0_2,2,0.3318724442134096
00829-QaLdnwvtxbs,hovsg,412,shower,0_2_106,0_2,3,0.3257596123757316
00829-QaLdnwvtxbs,hovsg,412,shower,0_2_107,0_2,4,0.32515117715460073
00829-QaLdnwvtxbs,hovsg,412,shower,0_2_131,0_2,5,0.32284688570132386
00829-QaLdnwvtxbs,hovsg,413,shower seat,0_2_109,0_2,1,0.31654466085583344
00829-QaLdnwvtxbs,hovsg,413,shower seat,0_2_104,0_2,2,0.3137933311724106
00829-QaLdnwvtxbs,hovsg,413,shower seat,0_2_107,0_2,3,0.3083447188703716
00829-QaLdnwvtxbs,hovsg,413,shower seat,0_2_106,0_2,4,0.3031719536729117
00829-QaLdnwvtxbs,hovsg,413,shower seat,0_2_131,0_2,5,0.2976842999076244
00829-QaLdnwvtxbs,hovsg,414,shredder,0_3_141,0_3,1,0.26199848371607454
00829-QaLdnwvtxbs,hovsg,414,shredder,0_3_354,0_3,2,0.261486493755927
00829-QaLdnwvtxbs,hovsg,414,shredder,0_2_92,0_2,3,0.26027910446893154
00829-QaLdnwvtxbs,hovsg,414,shredder,0_3_145,0_3,4,0.25751634882023083
00829-QaLdnwvtxbs,hovsg,414,shredder,0_2_41,0_2,5,0.2524434625780422
00829-QaLdnwvtxbs,hovsg,415,side table,0_3_270,0_3,1,0.3095738303270029
00829-QaLdnwvtxbs,hovsg,415,side table,0_3_214,0_3,2,0.2974455382831099
00829-QaLdnwvtxbs,hovsg,415,side table,0_3_219,0_3,3,0.2920483620209511
00829-QaLdnwvtxbs,hovsg,415,side table,0_3_267,0_3,4,0.28091336373928777
00829-QaLdnwvtxbs,hovsg,415,side table,0_0_23,0_0,5,0.2779641212681943
00829-QaLdnwvtxbs,hovsg,416,sideboard,0_3_130,0_3,1,0.2806780684705199
00829-QaLdnwvtxbs,hovsg,416,sideboard,0_3_186,0_3,2,0.2804779200075472
00829-QaLdnwvtxbs,hovsg,416,sideboard,0_3_311,0_3,3,0.27948838872035553
00829-QaLdnwvtxbs,hovsg,416,sideboard,0_3_182,0_3,4,0.2790454020560634
00829-QaLdnwvtxbs,hovsg,416,sideboard,0_0_74,0_0,5,0.2746567652236048
00829-QaLdnwvtxbs,hovsg,417,sign,0_3_351,0_3,1,0.26909483679041235
00829-QaLdnwvtxbs,hovsg,417,sign,0_4_66,0_4,2,0.2628840137777001
00829-QaLdnwvtxbs,hovsg,417,sign,0_3_266,0_3,3,0.24398987811311548
00829-QaLdnwvtxbs,hovsg,417,sign,0_2_122,0_2,4,0.2389021930121945
00829-QaLdnwvtxbs,hovsg,417,sign,0_3_352,0_3,5,0.2385076148442414
00829-QaLdnwvtxbs,hovsg,418,silicone gun,0_2_132,0_2,1,0.24558510232901098
00829-QaLdnwvtxbs,hovsg,418,silicone gun,0_1_20,0_1,2,0.23669701086004347
00829-QaLdnwvtxbs,hovsg,418,silicone gun,0_1_39,0_1,3,0.23488127204237405
00829-QaLdnwvtxbs,hovsg,418,silicone gun,0_1_69,0_1,4,0.23386077806643188
00829-QaLdnwvtxbs,hovsg,418,silicone gun,0_2_72,0_2,5,0.230585335964557
00829-QaLdnwvtxbs,hovsg,419,silicone tube,0_4_98,0_4,1,0.2362640218756653
00829-QaLdnwvtxbs,hovsg,419,silicone tube,0_2_26,0_2,2,0.23046312501707195
00829-QaLdnwvtxbs,hovsg,419,silicone tube,0_2_146,0_2,3,0.2283264350725248
00829-QaLdnwvtxbs,hovsg,420,sink,0_4_101,0_4,1,0.3228185479827525
00829-QaLdnwvtxbs,hovsg,420,sink,0_4_93,0_4,2,0.31512773322430354
00829-QaLdnwvtxbs,hovsg,420,sink,0_2_118,0_2,3,0.3137421577632593
00829-QaLdnwvtxbs,hovsg,420,sink,0_2_60,0_2,4,0.3094453398042283
00829-QaLdnwvtxbs,hovsg,420,sink,0_2_117,0_2,5,0.3088543994215202
00829-QaLdnwvtxbs,hovsg,421,skateboard,0_1_20,0_1,1,0.24174323384461158
00829-QaLdnwvtxbs,hovsg,421,skateboard,0_3_128,0_3,2,0.24039509197963477
00829-QaLdnwvtxbs,hovsg,421,skateboard,0_3_232,0_3,3,0.23176159281278838
00829-QaLdnwvtxbs,hovsg,421,skateboard,0_3_285,0_3,4,0.2309829486045659
00829-QaLdnwvtxbs,hovsg,421,skateboard,0_1_39,0_1,5,0.22677850570154717
00829-QaLdnwvtxbs,hovsg,422,skates,0_3_232,0_3,1,0.21766448077816994
00829-QaLdnwvtxbs,hovsg,423,ski,0_3_177,0_3,1,0.25876884020515806
00829-QaLdnwvtxbs,hovsg,423,ski,0_1_32,0_1,2,0.25367073774050364
00829-QaLdnwvtxbs,hovsg,423,ski,0_2_165,0_2,3,0.25042060529795823
00829-QaLdnwvtxbs,hovsg,423,ski,0_0_73,0_0,4,0.24551250082799714
00829-QaLdnwvtxbs,hovsg,423,ski,0_3_83,0_3,5,0.2446587044390804
00829-QaLdnwvtxbs,hovsg,424,sky,0_3_257,0_3,1,0.2542840801348
00829-QaLdnwvtxbs,hovsg,424,sky,0_3_91,0_3,2,0.24756913492848023
00829-QaLdnwvtxbs,hovsg,424,sky,0_3_0,0_3,3,0.2464262797703221
00829-QaLdnwvtxbs,hovsg,424,sky,0_3_4,0_3,4,0.24581723137133832
00829-QaLdnwvtxbs,hovsg,424,sky,0_3_26,0_3,5,0.24445643212145113
00829-QaLdnwvtxbs,hovsg,425,sled,0_2_92,0_2,1,0.24465259861849986
00829-QaLdnwvtxbs,hovsg,425,sled,0_0_29,0_0,2,0.24388658440766883
00829-QaLdnwvtxbs,hovsg,425,sled,0_2_66,0_2,3,0.24289175165742985
00829-QaLdnwvtxbs,hovsg,425,sled,0_3_354,0_3,4,0.24259717806370804
00829-QaLdnwvtxbs,hovsg,425,sled,0_0_73,0_0,5,0.24165247370500897
00829-QaLdnwvtxbs,hovsg,426,sleeping bag,0_2_66,0_2,1,0.2693993095909338
00829-QaLdnwvtxbs,hovsg,426,sleeping bag,0_2_81,0_2,2,0.2650566380972759
00829-QaLdnwvtxbs,hovsg,426,sleeping bag,0_2_92,0_2,3,0.25789441134245833
00829-QaLdnwvtxbs,hovsg,426,sleeping bag,0_3_28,0_3,4,0.2555372014894538
00829-QaLdnwvtxbs,hovsg,426,sleeping bag,0_2_89,0_2,5,0.25489721088190515
00829-QaLdnwvtxbs,hovsg,427,smoke detector,0_0_45,0_0,1,0.2821589996586124
00829-QaLdnwvtxbs,hovsg,427,smoke detector,0_2_124,0_2,2,0.277210514185957
00829-QaLdnwvtxbs,hovsg,427,smoke detector,0_4_8,0_4,3,0.2755489726110649
00829-QaLdnwvtxbs,hovsg,427,smoke detector,0_4_82,0_4,4,0.27537410866174744
00829-QaLdnwvtxbs,hovsg,427,smoke detector,0_0_25,0_0,5,0.27508660092077614
00829-QaLdnwvtxbs,hovsg,428,snack,0_3_179,0_3,1,0.2642258885489137
00829-QaLdnwvtxbs,hovsg,428,snack,0_3_29,0_3,2,0.26317883976024253
00829-QaLdnwvtxbs,hovsg,428,snack,0_3_145,0_3,3,0.24956450650917433
00829-QaLdnwvtxbs,hovsg,428,snack,0_3_101,0_3,4,0.24322312538724894
00829-QaLdnwvtxbs,hovsg,428,snack,0_3_11,0_3,5,0.2407749932690172
00829-QaLdnwvtxbs,hovsg,429,soap,0_2_72,0_2,1,0.3043520704758403
00829-QaLdnwvtxbs,hovsg,429,soap,0_4_16,0_4,2,0.29270439435088585
00829-QaLdnwvtxbs,hovsg,429,soap,0_4_98,0_4,3,0.2786993599332773
00829-QaLdnwvtxbs,hovsg,429,soap,0_2_94,0_2,4,0.2769332862875141
00829-QaLdnwvtxbs,hovsg,429,soap,0_2_70,0_2,5,0.27327080769775536
00829-QaLdnwvtxbs,hovsg,430,socks,0_2_81,0_2,1,0.25061457377519725
00829-QaLdnwvtxbs,hovsg,430,socks,0_2_89,0_2,2,0.24490232835071968
00829-QaLdnwvtxbs,hovsg,430,socks,0_1_20,0_1,3,0.24306994510677232
00829-QaLdnwvtxbs,hovsg,430,socks,0_2_92,0_2,4,0.23951560079853113
00829-QaLdnwvtxbs,hovsg,430,socks,0_2_66,0_2,5,0.2313961791008195
00829-QaLdnwvtxbs,hovsg,431,sofa,0_3_307,0_3,1,0.30915977556361013
00829-QaLdnwvtxbs,hovsg,431,sofa,0_3_33,0_3,2,0.303768001927773
00829-QaLdnwvtxbs,hovsg,431,sofa,0_3_306,0_3,3,0.30009244793727374
00829-QaLdnwvtxbs,hovsg,431,sofa,0_0_13,0_0,4,0.29756964617365417
00829-QaLdnwvtxbs,hovsg,431,sofa,0_0_78,0_0,5,0.2970978482355907
00829-QaLdnwvtxbs,hovsg,432,solarium,0_3_117,0_3,1,0.22113091092790033
00829-QaLdnwvtxbs,hovsg,432,solarium,0_1_22,0_1,2,0.22101077996917423
00829-QaLdnwvtxbs,hovsg,432,solarium,0_1_45,0_1,3,0.21874706338954647
00829-QaLdnwvtxbs,hovsg,432,solarium,0_3_323,0_3,4,0.21648079779151544
00829-QaLdnwvtxbs,hovsg,432,solarium,0_3_277,0_3,5,0.21342033416736325
00829-QaLdnwvtxbs,hovsg,433,speaker,0_3_351,0_3,1,0.2677466003771522
00829-QaLdnwvtxbs,hovsg,433,speaker,0_3_311,0_3,2,0.26447455648795026
00829-QaLdnwvtxbs,hovsg,433,speaker,0_3_317,0_3,3,0.2577497976639365
00829-QaLdnwvtxbs,hovsg,433,speaker,0_3_203,0_3,4,0.25434293704552585
00829-QaLdnwvtxbs,hovsg,433,speaker,0_3_130,0_3,5,0.2541817299785846
00829-QaLdnwvtxbs,hovsg,434,speaker stand,0_1_45,0_1,1,0.24806128742479372
00829-QaLdnwvtxbs,hovsg,434,speaker stand,0_3_203,0_3,2,0.23659838184474746
00829-QaLdnwvtxbs,hovsg,434,speaker stand,0_0_95,0_0,3,0.23645355541249008
00829-QaLdnwvtxbs,hovsg,434,speaker stand,0_0_50,0_0,4,0.235468883704399
00829-QaLdnwvtxbs,hovsg,434,speaker stand,0_3_219,0_3,5,0.22785280547537035
00829-QaLdnwvtxbs,hovsg,435,spices,0_1_20,0_1,1,0.24022225213084308
00829-QaLdnwvtxbs,hovsg,435,spices,0_3_101,0_3,2,0.21208886339651645
00829-QaLdnwvtxbs,hovsg,435,spices,0_2_79,0_2,3,0.21122746121112607
00829-QaLdnwvtxbs,hovsg,435,spices,0_3_11,0_3,4,0.2072655674731278
00829-QaLdnwvtxbs,hovsg,435,spices,0_3_73,0_3,5,0.2026225263052116
00829-QaLdnwvtxbs,hovsg,436,sponge,0_3_29,0_3,1,0.30303838406468325
00829-QaLdnwvtxbs,hovsg,436,sponge,0_3_179,0_3,2,0.2909099540356094
00829-QaLdnwvtxbs,hovsg,436,sponge,0_0_77,0_0,3,0.2540631324802484
00829-QaLdnwvtxbs,hovsg,436,sponge,0_2_147,0_2,4,0.25386328987776213
00829-QaLdnwvtxbs,hovsg,436,sponge,0_1_12,0_1,5,0.24899652778047765
00829-QaLdnwvtxbs,hovsg,437,spray can,0_2_132,0_2,1,0.27253128887726186
00829-QaLdnwvtxbs,hovsg,437,spray can,0_1_69,0_1,2,0.25467247165532025
00829-QaLdnwvtxbs,hovsg,437,spray can,0_2_80,0_2,3,0.2494898714677719
00829-QaLdnwvtxbs,hovsg,437,spray can,0_1_20,0_1,4,0.23616222686145025
00829-QaLdnwvtxbs,hovsg,437,spray can,0_2_61,0_2,5,0.23605722285880126
00829-QaLdnwvtxbs,hovsg,438,sprinkler,0_1_48,0_1,1,0.2006476422688175
00829-QaLdnwvtxbs,hovsg,439,square,0_4_54,0_4,1,0.23641020225228146
00829-QaLdnwvtxbs,hovsg,439,square,0_4_82,0_4,2,0.23520882377825003
00829-QaLdnwvtxbs,hovsg,439,square,0_0_50,0_0,3,0.2246659996949322
00829-QaLdnwvtxbs,hovsg,439,square,0_3_32,0_3,4,0.22159467548218448
00829-QaLdnwvtxbs,hovsg,439,square,0_2_9,0_2,5,0.21752804105290316
00829-QaLdnwvtxbs,hovsg,440,stack,0_0_75,0_0,1,0.2801398389600244
00829-QaLdnwvtxbs,hovsg,440,stack,0_1_92,0_1,2,0.27824861883748886
00829-QaLdnwvtxbs,hovsg,440,stack,0_1_43,0_1,3,0.2760980553712362
00829-QaLdnwvtxbs,hovsg,440,stack,0_1_94,0_1,4,0.270374206312106
00829-QaLdnwvtxbs,hovsg,440,stack,0_3_278,0_3,5,0.2689312857961831
00829-QaLdnwvtxbs,hovsg,441,stack of books / papers,0_1_31,0_1,1,0.27398619325484064
00829-QaLdnwvtxbs,hovsg,441,stack of books / papers,0_1_92,0_1,2,0.2651481691044921
00829-QaLdnwvtxbs,hovsg,441,stack of books / papers,0_1_54,0_1,3,0.26378454976888344
00829-QaLdnwvtxbs,hovsg,441,stack of books / papers,0_1_36,0_1,4,0.25247578280287813
00829-QaLdnwvtxbs,hovsg,441,stack of books / papers,0_1_23,0_1,5,0.25163701946536515
00829-QaLdnwvtxbs,hovsg,442,stack of stuff,0_1_43,0_1,1,0.30009081237863483
00829-QaLdnwvtxbs,hovsg,442,stack of stuff,0_0_75,0_0,2,0.28871835290298
00829-QaLdnwvtxbs,hovsg,442,stack of stuff,0_2_79,0_2,3,0.2868181445409746
00829-QaLdnwvtxbs,hovsg,442,stack of stuff,0_2_66,0_2,4,0.2801963138823795
00829-QaLdnwvtxbs,hovsg,442,stack of stuff,0_1_53,0_1,5,0.2799355248185042
00829-QaLdnwvtxbs,hovsg,443,stack of yarns,0_2_81,0_2,1,0.23445773812325493
00829-QaLdnwvtxbs,hovsg,443,stack of yarns,0_2_79,0_2,2,0.23396382228054208
00829-QaLdnwvtxbs,hovsg,443,stack of yarns,0_2_66,0_2,3,0.22936514380454867
00829-QaLdnwvtxbs,hovsg,443,stack of yarns,0_2_147,0_2,4,0.2228399136533516
00829-QaLdnwvtxbs,hovsg,443,stack of yarns,0_2_96,0_2,5,0.22139406136607406
00829-QaLdnwvtxbs,hovsg,444,stage,0_1_45,0_1,1,0.23095610876532222
00829-QaLdnwvtxbs,hovsg,444,stage,0_4_89,0_4,2,0.22790132780676176
00829-QaLdnwvtxbs,hovsg,444,stage,0_1_21,0_1,3,0.2246309709349768
00829-QaLdnwvtxbs,hovsg,444,stage,0_1_62,0_1,4,0.22345969738526084
00829-QaLdnwvtxbs,hovsg,444,stage,0_1_50,0_1,5,0.22284024563282503
00829-QaLdnwvtxbs,hovsg,445,stained glass,0_1_22,0_1,1,0.27262186984653436
00829-QaLdnwvtxbs,hovsg,445,stained glass,0_1_18,0_1,2,0.25609993791742475
00829-QaLdnwvtxbs,hovsg,445,stained glass,0_4_46,0_4,3,0.2412882956899668
00829-QaLdnwvtxbs,hovsg,445,stained glass,0_4_52,0_4,4,0.2373555098066124
00829-QaLdnwvtxbs,hovsg,445,stained glass,0_4_57,0_4,5,0.22716869320112015
00829-QaLdnwvtxbs,hovsg,446,stand,0_3_219,0_3,1,0.24762805140240102
00829-QaLdnwvtxbs,hovsg,446,stand,0_3_214,0_3,2,0.24712007749095685
00829-QaLdnwvtxbs,hovsg,446,stand,0_3_270,0_3,3,0.24285342923925687
00829-QaLdnwvtxbs,hovsg,446,stand,0_3_267,0_3,4,0.23909559213326745
00829-QaLdnwvtxbs,hovsg,446,stand,0_1_45,0_1,5,0.23706157166240177
00829-QaLdnwvtxbs,hovsg,447,star,0_1_20,0_1,1,0.2321172586164969
00829-QaLdnwvtxbs,hovsg,447,star,0_3_272,0_3,2,0.2272229230474519
00829-QaLdnwvtxbs,hovsg,447,star,0_2_92,0_2,3,0.22215287702141834
00829-QaLdnwvtxbs,hovsg,447,star,0_3_232,0_3,4,0.2208888252512839
00829-QaLdnwvtxbs,hovsg,447,star,0_1_48,0_1,5,0.21041745899442965
00829-QaLdnwvtxbs,hovsg,448,stationery,0_1_31,0_1,1,0.23589260303942816
00829-QaLdnwvtxbs,hovsg,448,stationery,0_4_100,0_4,2,0.22087680771172596
00829-QaLdnwvtxbs,hovsg,448,stationery,0_2_147,0_2,3,0.2097676570560879
00829-QaLdnwvtxbs,hovsg,449,steel plate,0_3_103,0_3,1,0.2625860707935033
00829-QaLdnwvtxbs,hovsg,449,steel plate,0_1_36,0_1,2,0.25858872136504807
00829-QaLdnwvtxbs,hovsg,449,steel plate,0_3_117,0_3,3,0.2548802161557503
00829-QaLdnwvtxbs,hovsg,449,steel plate,0_3_335,0_3,4,0.2542438647217241
00829-QaLdnwvtxbs,hovsg,449,steel plate,0_3_84,0_3,5,0.2524394842097489
00829-QaLdnwvtxbs,hovsg,450,step stool,0_0_23,0_0,1,0.2868653600508252
00829-QaLdnwvtxbs,hovsg,450,step stool,0_3_125,0_3,2,0.2832854483871891
00829-QaLdnwvtxbs,hovsg,450,step stool,0_3_56,0_3,3,0.2799531630220844
00829-QaLdnwvtxbs,hovsg,450,step stool,0_1_96,0_1,4,0.27778576777480946
00829-QaLdnwvtxbs,hovsg,450,step stool,0_3_123,0_3,5,0.27262665778410355
00829-QaLdnwvtxbs,hovsg,451,stick,0_3_177,0_3,1,0.28099405549130174
00829-QaLdnwvtxbs,hovsg,451,stick,0_3_286,0_3,2,0.27897693190804657
00829-QaLdnwvtxbs,hovsg,451,stick,0_2_160,0_2,3,0.27892694586119887
00829-QaLdnwvtxbs,hovsg,451,stick,0_1_32,0_1,4,0.27413297544987447
00829-QaLdnwvtxbs,hovsg,451,stick,0_3_220,0_3,5,0.27318789543793903
00829-QaLdnwvtxbs,hovsg,452,stone,0_4_24,0_4,1,0.27074619795100785
00829-QaLdnwvtxbs,hovsg,452,stone,0_4_44,0_4,2,0.2690809528736313
00829-QaLdnwvtxbs,hovsg,452,stone,0_4_27,0_4,3,0.26656034534618106
00829-QaLdnwvtxbs,hovsg,452,stone,0_4_33,0_4,4,0.2635868281036061
00829-QaLdnwvtxbs,hovsg,452,stone,0_4_38,0_4,5,0.2635161348415004
00829-QaLdnwvtxbs,hovsg,453,stonework,0_4_10,0_4,1,0.23149994783263372
00829-QaLdnwvtxbs,hovsg,453,stonework,0_3_101,0_3,2,0.1958774266348331
00829-QaLdnwvtxbs,hovsg,454,stool,0_3_29,0_3,1,0.30306008132494056
00829-QaLdnwvtxbs,hovsg,454,stool,0_1_12,0_1,2,0.30015941933792994
00829-QaLdnwvtxbs,hovsg,454,stool,0_3_125,0_3,3,0.2962324867730942
00829-QaLdnwvtxbs,hovsg,454,stool,0_1_96,0_1,4,0.28763967376424243
00829-QaLdnwvtxbs,hovsg,454,stool,0_1_34,0_1,5,0.2819471020809406
00829-QaLdnwvtxbs,hovsg,455,storage,0_1_53,0_1,1,0.2729954449048414
00829-QaLdnwvtxbs,hovsg,455,storage,0_0_74,0_0,2,0.27066782842997905
00829-QaLdnwvtxbs,hovsg,455,storage,0_2_12,0_2,3,0.2670846022428386
00829-QaLdnwvtxbs,hovsg,455,storage,0_3_311,0_3,4,0.26418108596474277
00829-QaLdnwvtxbs,hovsg,455,storage,0_0_23,0_0,5,0.2640675910207205
00829-QaLdnwvtxbs,hovsg,456,strings,0_1_76,0_1,1,0.2466743596501454
00829-QaLdnwvtxbs,hovsg,456,strings,0_1_20,0_1,2,0.24434137575941836
00829-QaLdnwvtxbs,hovsg,456,strings,0_1_32,0_1,3,0.24341174209561084
00829-QaLdnwvtxbs,hovsg,456,strings,0_1_61,0_1,4,0.24045731461896505
00829-QaLdnwvtxbs,hovsg,456,strings,0_1_41,0_1,5,0.22845645175821444
00829-QaLdnwvtxbs,hovsg,457,stroke,0_1_20,0_1,1,0.24326832688657818
00829-QaLdnwvtxbs,hovsg,457,stroke,0_2_173,0_2,2,0.2430639882816456
00829-QaLdnwvtxbs,hovsg,457,stroke,0_3_179,0_3,3,0.234574510794155
00829-QaLdnwvtxbs,hovsg,457,stroke,0_1_42,0_1,4,0.23442471287264355
00829-QaLdnwvtxbs,hovsg,457,stroke,0_4_47,0_4,5,0.23183911203119095
00829-QaLdnwvtxbs,hovsg,458,sunbed,0_2_66,0_2,1,0.25298030364506285
00829-QaLdnwvtxbs,hovsg,458,sunbed,0_0_23,0_0,2,0.25164384691334596
00829-QaLdnwvtxbs,hovsg,458,sunbed,0_0_74,0_0,3,0.2430685014152515
00829-QaLdnwvtxbs,hovsg,458,sunbed,0_0_73,0_0,4,0.23910759110525068
00829-QaLdnwvtxbs,hovsg,458,sunbed,0_4_94,0_4,5,0.237617749685475
00829-QaLdnwvtxbs,hovsg,459,support,0_1_20,0_1,1,0.23148358778704003
00829-QaLdnwvtxbs,hovsg,459,support,0_4_47,0_4,2,0.2294998365367201
00829-QaLdnwvtxbs,hovsg,459,support,0_2_79,0_2,3,0.22597156857683726
00829-QaLdnwvtxbs,hovsg,459,support,0_2_66,0_2,4,0.22347915921595188
00829-QaLdnwvtxbs,hovsg,459,support,0_1_39,0_1,5,0.22075713399328836
00829-QaLdnwvtxbs,hovsg,460,surface,0_3_177,0_3,1,0.2782108603990291
00829-QaLdnwvtxbs,hovsg,460,surface,0_4_89,0_4,2,0.2774576565726731
00829-QaLdnwvtxbs,hovsg,460,surface,0_1_27,0_1,3,0.273894785684589
00829-QaLdnwvtxbs,hovsg,460,surface,0_2_87,0_2,4,0.2732934033793914
00829-QaLdnwvtxbs,hovsg,460,surface,0_4_8,0_4,5,0.2725581374049828
00829-QaLdnwvtxbs,hovsg,461,surfboard,0_3_177,0_3,1,0.25912473877100617
00829-QaLdnwvtxbs,hovsg,461,surfboard,0_2_161,0_2,2,0.25553825429917065
00829-QaLdnwvtxbs,hovsg,461,surfboard,0_0_58,0_0,3,0.24983253031366548
00829-QaLdnwvtxbs,hovsg,461,surfboard,0_3_350,0_3,4,0.24714609425982587
00829-QaLdnwvtxbs,hovsg,461,surfboard,0_1_20,0_1,5,0.24376979758073267
00829-QaLdnwvtxbs,hovsg,462,swing,0_2_160,0_2,1,0.22350516261171494
00829-QaLdnwvtxbs,hovsg,462,swing,0_1_21,0_1,2,0.22301501653542471
00829-QaLdnwvtxbs,hovsg,462,swing,0_2_169,0_2,3,0.22175618756533275
00829-QaLdnwvtxbs,hovsg,462,swing,0_3_323,0_3,4,0.22122571075317893
00829-QaLdnwvtxbs,hovsg,462,swing,0_0_41,0_0,5,0.22064536636921958
00829-QaLdnwvtxbs,hovsg,463,switch,0_3_351,0_3,1,0.29075603736786443
00829-QaLdnwvtxbs,hovsg,463,switch,0_2_86,0_2,2,0.281973494308239
00829-QaLdnwvtxbs,hovsg,463,switch,0_2_11,0_2,3,0.27060847498900054
00829-QaLdnwvtxbs,hovsg,463,switch,0_0_21,0_0,4,0.2628190502009429
00829-QaLdnwvtxbs,hovsg,463,switch,0_0_41,0_0,5,0.2573859757584146
00829-QaLdnwvtxbs,hovsg,464,table,0_3_103,0_3,1,0.2856015671876535
00829-QaLdnwvtxbs,hovsg,464,table,0_3_335,0_3,2,0.28434942419397347
00829-QaLdnwvtxbs,hovsg,464,table,0_3_15,0_3,3,0.2792815546121763
00829-QaLdnwvtxbs,hovsg,464,table,0_3_270,0_3,4,0.27702199807499617
00829-QaLdnwvtxbs,hovsg,464,table,0_3_25,0_3,5,0.2767660691618058
00829-QaLdnwvtxbs,hovsg,465,table cloth,0_3_103,0_3,1,0.25447967694474455
00829-QaLdnwvtxbs,hovsg,465,table cloth,0_3_65,0_3,2,0.2543833184209588
00829-QaLdnwvtxbs,hovsg,465,table cloth,0_3_335,0_3,3,0.2530734240499377
00829-QaLdnwvtxbs,hovsg,465,table cloth,0_3_15,0_3,4,0.24636629195873283
00829-QaLdnwvtxbs,hovsg,465,table cloth,0_3_14,0_3,5,0.24541581007319474
00829-QaLdnwvtxbs,hovsg,466,table pad,0_3_103,0_3,1,0.28382223223460784
00829-QaLdnwvtxbs,hovsg,466,table pad,0_3_56,0_3,2,0.2806495366121964
00829-QaLdnwvtxbs,hovsg,466,table pad,0_3_335,0_3,3,0.27827923111767977
00829-QaLdnwvtxbs,hovsg,466,table pad,0_3_15,0_3,4,0.26896890560317704
00829-QaLdnwvtxbs,hovsg,466,table pad,0_2_158,0_2,5,0.2674048237252196
00829-QaLdnwvtxbs,hovsg,467,table stand,0_3_270,0_3,1,0.296102683463043
00829-QaLdnwvtxbs,hovsg,467,table stand,0_3_214,0_3,2,0.29587678086694325
00829-QaLdnwvtxbs,hovsg,467,table stand,0_3_219,0_3,3,0.29368381528697257
00829-QaLdnwvtxbs,hovsg,467,table stand,0_3_267,0_3,4,0.2826259863688181
00829-QaLdnwvtxbs,hovsg,467,table stand,0_3_25,0_3,5,0.27906216724068483
00829-QaLdnwvtxbs,hovsg,468,table tennis table,0_3_335,0_3,1,0.24015098092648457
00829-QaLdnwvtxbs,hovsg,468,table tennis table,0_3_14,0_3,2,0.23809853833749578
00829-QaLdnwvtxbs,hovsg,468,table tennis table,0_3_270,0_3,3,0.2326076021056142
00829-QaLdnwvtxbs,hovsg,468,table tennis table,0_3_15,0_3,4,0.2319394643061486
00829-QaLdnwvtxbs,hovsg,468,table tennis table,0_2_66,0_2,5,0.22545157377505468
00829-QaLdnwvtxbs,hovsg,469,tablet,0_3_31,0_3,1,0.2618266316580212
00829-QaLdnwvtxbs,hovsg,469,tablet,0_2_66,0_2,2,0.2587331130377848
00829-QaLdnwvtxbs,hovsg,469,tablet,0_1_36,0_1,3,0.25863575277066786
00829-QaLdnwvtxbs,hovsg,469,tablet,0_3_56,0_3,4,0.2570293236224072
00829-QaLdnwvtxbs,hovsg,469,tablet,0_1_31,0_1,5,0.2525137608491935
00829-QaLdnwvtxbs,hovsg,470,tambourine,0_3_272,0_3,1,0.2567088510591391
00829-QaLdnwvtxbs,hovsg,470,tambourine,0_3_277,0_3,2,0.25155456644183577
00829-QaLdnwvtxbs,hovsg,470,tambourine,0_3_179,0_3,3,0.2393070724103692
00829-QaLdnwvtxbs,hovsg,470,tambourine,0_3_101,0_3,4,0.23896560155086066
00829-QaLdnwvtxbs,hovsg,470,tambourine,0_2_79,0_2,5,0.2235639891355349
00829-QaLdnwvtxbs,hovsg,471,tea set,0_3_145,0_3,1,0.20281823540202382
00829-QaLdnwvtxbs,hovsg,471,tea set,0_0_29,0_0,2,0.201455209605523
00829-QaLdnwvtxbs,hovsg,471,tea set,0_1_20,0_1,3,0.20022264452298527
00829-QaLdnwvtxbs,hovsg,471,tea set,0_3_277,0_3,4,0.1921278683079402
00829-QaLdnwvtxbs,hovsg,471,tea set,0_0_75,0_0,5,0.18712275124557765
00829-QaLdnwvtxbs,hovsg,472,telescope,0_3_83,0_3,1,0.24512968725589257
00829-QaLdnwvtxbs,hovsg,472,telescope,0_1_45,0_1,2,0.2442028433333422
00829-QaLdnwvtxbs,hovsg,472,telescope,0_2_164,0_2,3,0.2398135707299628
00829-QaLdnwvtxbs,hovsg,472,telescope,0_2_132,0_2,4,0.2351960197085015
00829-QaLdnwvtxbs,hovsg,472,telescope,0_2_79,0_2,5,0.22229745527391592
00829-QaLdnwvtxbs,hovsg,473,tennis racket,0_1_20,0_1,1,0.22390751666673153
00829-QaLdnwvtxbs,hovsg,473,tennis racket,0_2_164,0_2,2,0.21752829788904474
00829-QaLdnwvtxbs,hovsg,473,tennis racket,0_2_132,0_2,3,0.2156151599807184
00829-QaLdnwvtxbs,hovsg,473,tennis racket,0_3_177,0_3,4,0.21550988675295654
00829-QaLdnwvtxbs,hovsg,473,tennis racket,0_1_53,0_1,5,0.21446840660121774
00829-QaLdnwvtxbs,hovsg,474,tent,0_2_81,0_2,1,0.2074793970443543
00829-QaLdnwvtxbs,hovsg,474,tent,0_2_79,0_2,2,0.20678762668471184
00829-QaLdnwvtxbs,hovsg,475,thermometer,0_0_25,0_0,1,0.23579476171762093
00829-QaLdnwvtxbs,hovsg,475,thermometer,0_0_24,0_0,2,0.22727127779576078
00829-QaLdnwvtxbs,hovsg,476,thermostat,0_0_25,0_0,1,0.2745495107182081
00829-QaLdnwvtxbs,hovsg,476,thermostat,0_3_351,0_3,2,0.2706203318717175
00829-QaLdnwvtxbs,hovsg,476,thermostat,0_0_45,0_0,3,0.25601510587679505
00829-QaLdnwvtxbs,hovsg,476,thermostat,0_3_88,0_3,4,0.2551512449759424
00829-QaLdnwvtxbs,hovsg,476,thermostat,0_4_22,0_4,5,0.24971190163973989
00829-QaLdnwvtxbs,hovsg,477,three,0_2_86,0_2,1,0.25229722995131165
00829-QaLdnwvtxbs,hovsg,477,three,0_2_24,0_2,2,0.25224876673643676
00829-QaLdnwvtxbs,hovsg,477,three,0_2_81,0_2,3,0.2502872565488595
00829-QaLdnwvtxbs,hovsg,477,three,0_2_89,0_2,4,0.24754381560123268
00829-QaLdnwvtxbs,hovsg,477,three,0_2_80,0_2,5,0.24612095133382086
00829-QaLdnwvtxbs,hovsg,478,tile,0_4_24,0_4,1,0.34032294970108534
00829-QaLdnwvtxbs,hovsg,478,tile,0_4_33,0_4,2,0.33174197836186253
00829-QaLdnwvtxbs,hovsg,478,tile,0_4_6,0_4,3,0.3308683426324178
00829-QaLdnwvtxbs,hovsg,478,tile,0_4_62,0_4,4,0.328850442003436
00829-QaLdnwvtxbs,hovsg,478,tile,0_4_29,0_4,5,0.3266836510737744
00829-QaLdnwvtxbs,hovsg,479,tire,0_1_79,0_1,1,0.25212401474242074
00829-QaLdnwvtxbs,hovsg,479,tire,0_1_96,0_1,2,0.2464974294660454
00829-QaLdnwvtxbs,hovsg,479,tire,0_4_97,0_4,3,0.2302716491700795
00829-QaLdnwvtxbs,hovsg,479,tire,0_2_79,0_2,4,0.2293290695370017
00829-QaLdnwvtxbs,hovsg,479,tire,0_2_61,0_2,5,0.22784135937551528
00829-QaLdnwvtxbs,hovsg,480,tissue,0_2_30,0_2,1,0.29956075162815865
00829-QaLdnwvtxbs,hovsg,480,tissue,0_2_147,0_2,2,0.29211648644328414
00829-QaLdnwvtxbs,hovsg,480,tissue,0_3_27,0_3,3,0.28842996938378324
00829-QaLdnwvtxbs,hovsg,480,tissue,0_1_79,0_1,4,0.2871878742895483
00829-QaLdnwvtxbs,hovsg,480,tissue,0_3_28,0_3,5,0.2829574994080465
00829-QaLdnwvtxbs,hovsg,481,title,0_3_13,0_3,1,0.2852748580946693
00829-QaLdnwvtxbs,hovsg,481,title,0_3_343,0_3,2,0.28090086353535904
00829-QaLdnwvtxbs,hovsg,481,title,0_3_207,0_3,3,0.27930712523465223
00829-QaLdnwvtxbs,hovsg,481,title,0_3_86,0_3,4,0.27803391738014005
00829-QaLdnwvtxbs,hovsg,481,title,0_4_67,0_4,5,0.27745839743419864
00829-QaLdnwvtxbs,hovsg,482,toaster,0_3_354,0_3,1,0.27691535951047896
00829-QaLdnwvtxbs,hovsg,482,toaster,0_3_145,0_3,2,0.2612144101226846
00829-QaLdnwvtxbs,hovsg,482,toaster,0_0_29,0_0,3,0.25933436464226794
00829-QaLdnwvtxbs,hovsg,482,toaster,0_2_61,0_2,4,0.25655309292179973
00829-QaLdnwvtxbs,hovsg,482,toaster,0_3_311,0_3,5,0.25194691969158245
00829-QaLdnwvtxbs,hovsg,483,toaster oven,0_3_182,0_3,1,0.23798015593099947
00829-QaLdnwvtxbs,hovsg,483,toaster oven,0_3_186,0_3,2,0.23692034670747109
00829-QaLdnwvtxbs,hovsg,483,toaster oven,0_3_203,0_3,3,0.23126538134713576
00829-QaLdnwvtxbs,hovsg,483,toaster oven,0_2_71,0_2,4,0.21999630178613788
00829-QaLdnwvtxbs,hovsg,483,toaster oven,0_2_92,0_2,5,0.21754544638379514
00829-QaLdnwvtxbs,hovsg,484,toilet,0_4_5,0_4,1,0.3400385588672433
00829-QaLdnwvtxbs,hovsg,484,toilet,0_4_56,0_4,2,0.3226487577189133
00829-QaLdnwvtxbs,hovsg,484,toilet,0_4_68,0_4,3,0.306491408558671
00829-QaLdnwvtxbs,hovsg,484,toilet,0_4_65,0_4,4,0.2996120205707806
00829-QaLdnwvtxbs,hovsg,484,toilet,0_4_73,0_4,5,0.28953541852181713
00829-QaLdnwvtxbs,hovsg,485,toilet brush,0_4_56,0_4,1,0.2857184377612001
00829-QaLdnwvtxbs,hovsg,485,toilet brush,0_4_5,0_4,2,0.28193926303100303
00829-QaLdnwvtxbs,hovsg,485,toilet brush,0_4_98,0_4,3,0.2762563815457073
00829-QaLdnwvtxbs,hovsg,485,toilet brush,0_2_100,0_2,4,0.27398326680423124
00829-QaLdnwvtxbs,hovsg,485,toilet brush,0_2_70,0_2,5,0.27237893401162727
00829-QaLdnwvtxbs,hovsg,486,toilet cleaner,0_4_5,0_4,1,0.2937083865781628
00829-QaLdnwvtxbs,hovsg,486,toilet cleaner,0_4_56,0_4,2,0.27968962223167004
00829-QaLdnwvtxbs,hovsg,486,toilet cleaner,0_4_98,0_4,3,0.263934445250972
00829-QaLdnwvtxbs,hovsg,486,toilet cleaner,0_4_16,0_4,4,0.25474161846726284
00829-QaLdnwvtxbs,hovsg,486,toilet cleaner,0_2_132,0_2,5,0.24231893601867038
00829-QaLdnwvtxbs,hovsg,487,toilet paper,0_2_30,0_2,1,0.3102469449943801
00829-QaLdnwvtxbs,hovsg,487,toilet paper,0_4_5,0_4,2,0.30604591701792616
00829-QaLdnwvtxbs,hovsg,487,toilet paper,0_4_56,0_4,3,0.30381508117568745
00829-QaLdnwvtxbs,hovsg,487,toilet paper,0_4_47,0_4,4,0.30215770161369393
00829-QaLdnwvtxbs,hovsg,487,toilet paper,0_2_147,0_2,5,0.3005367657063296
00829-QaLdnwvtxbs,hovsg,488,toiletry,0_4_101,0_4,1,0.2818369309215189
00829-QaLdnwvtxbs,hovsg,488,toiletry,0_4_98,0_4,2,0.27565384686577177
00829-QaLdnwvtxbs,hovsg,488,toiletry,0_4_18,0_4,3,0.27459858399885423
00829-QaLdnwvtxbs,hovsg,488,toiletry,0_2_70,0_2,4,0.27371046766962714
00829-QaLdnwvtxbs,hovsg,488,toiletry,0_4_31,0_4,5,0.2700596501616469
00829-QaLdnwvtxbs,hovsg,489,tool,0_2_15,0_2,1,0.26541492515694526
00829-QaLdnwvtxbs,hovsg,489,tool,0_2_98,0_2,2,0.2638017439812031
00829-QaLdnwvtxbs,hovsg,489,tool,0_3_177,0_3,3,0.2634807748444501
00829-QaLdnwvtxbs,hovsg,489,tool,0_0_43,0_0,4,0.2620690673529842
00829-QaLdnwvtxbs,hovsg,489,tool,0_2_12,0_2,5,0.26019780487462163
00829-QaLdnwvtxbs,hovsg,490,tool rack,0_1_76,0_1,1,0.2348446467814901
00829-QaLdnwvtxbs,hovsg,490,tool rack,0_1_61,0_1,2,0.23102360390740134
00829-QaLdnwvtxbs,hovsg,491,toothbrush,0_2_98,0_2,1,0.244562823989308
00829-QaLdnwvtxbs,hovsg,491,toothbrush,0_2_70,0_2,2,0.24413999143438275
00829-QaLdnwvtxbs,hovsg,491,toothbrush,0_4_56,0_4,3,0.242870896289207
00829-QaLdnwvtxbs,hovsg,491,toothbrush,0_4_31,0_4,4,0.24103159789420237
00829-QaLdnwvtxbs,hovsg,491,toothbrush,0_4_18,0_4,5,0.24041485952025715
00829-QaLdnwvtxbs,hovsg,492,toothpaste,0_4_1,0_4,1,0.2553017055901526
00829-QaLdnwvtxbs,hovsg,492,toothpaste,0_3_350,0_3,2,0.2518520765817114
00829-QaLdnwvtxbs,hovsg,492,toothpaste,0_4_96,0_4,3,0.24978248447262208
00829-QaLdnwvtxbs,hovsg,492,toothpaste,0_1_27,0_1,4,0.24566937765238148
00829-QaLdnwvtxbs,hovsg,492,toothpaste,0_2_72,0_2,5,0.24552172579067005
00829-QaLdnwvtxbs,hovsg,493,towel,0_2_89,0_2,1,0.3340299975816807
00829-QaLdnwvtxbs,hovsg,493,towel,0_2_96,0_2,2,0.3236505230063411
00829-QaLdnwvtxbs,hovsg,493,towel,0_2_81,0_2,3,0.32266714727942036
00829-QaLdnwvtxbs,hovsg,493,towel,0_2_70,0_2,4,0.31416115046356796
00829-QaLdnwvtxbs,hovsg,493,towel,0_4_31,0_4,5,0.31399389443837167
00829-QaLdnwvtxbs,hovsg,494,towel bar,0_4_31,0_4,1,0.3251622187367092
00829-QaLdnwvtxbs,hovsg,494,towel bar,0_2_70,0_2,2,0.32390448965250773
00829-QaLdnwvtxbs,hovsg,494,towel bar,0_4_18,0_4,3,0.3209787180280176
00829-QaLdnwvtxbs,hovsg,494,towel bar,0_2_109,0_2,4,0.30215434457377555
00829-QaLdnwvtxbs,hovsg,494,towel bar,0_2_104,0_2,5,0.29500442038989216
00829-QaLdnwvtxbs,hovsg,495,toy,0_3_128,0_3,1,0.2353658839660483
00829-QaLdnwvtxbs,hovsg,495,toy,0_4_47,0_4,2,0.2292493747753998
00829-QaLdnwvtxbs,hovsg,495,toy,0_1_42,0_1,3,0.22888051857692937
00829-QaLdnwvtxbs,hovsg,495,toy,0_2_92,0_2,4,0.21962009238175356
00829-QaLdnwvtxbs,hovsg,495,toy,0_2_79,0_2,5,0.21925190663644953
00829-QaLdnwvtxbs,hovsg,496,traffic cone,0_1_43,0_1,1,0.21167816115405558
00829-QaLdnwvtxbs,hovsg,496,traffic cone,0_1_79,0_1,2,0.20844613384030183
00829-QaLdnwvtxbs,hovsg,496,traffic cone,0_3_232,0_3,3,0.20816283229592306
00829-QaLdnwvtxbs,hovsg,496,traffic cone,0_1_20,0_1,4,0.2069766022411183
00829-QaLdnwvtxbs,hovsg,496,traffic cone,0_3_184,0_3,5,0.20671089672702905
00829-QaLdnwvtxbs,hovsg,497,trampoline,0_2_92,0_2,1,0.22296335851979715
00829-QaLdnwvtxbs,hovsg,497,trampoline,0_2_66,0_2,2,0.2221982811877997
00829-QaLdnwvtxbs,hovsg,497,trampoline,0_3_101,0_3,3,0.19782653529082916
00829-QaLdnwvtxbs,hovsg,498,trash bag,0_2_92,0_2,1,0.29748744169584374
00829-QaLdnwvtxbs,hovsg,498,trash bag,0_2_30,0_2,2,0.2884509516554008
00829-QaLdnwvtxbs,hovsg,498,trash bag,0_2_147,0_2,3,0.28339943669388296
00829-QaLdnwvtxbs,hovsg,498,trash bag,0_2_79,0_2,4,0.2767512015254299
00829-QaLdnwvtxbs,hovsg,498,trash bag,0_2_61,0_2,5,0.27500569947342907
00829-QaLdnwvtxbs,hovsg,499,tray,0_3_145,0_3,1,0.28650880309334664
00829-QaLdnwvtxbs,hovsg,499,tray,0_0_23,0_0,2,0.27163652716107106
00829-QaLdnwvtxbs,hovsg,499,tray,0_3_31,0_3,3,0.26386659773302035
00829-QaLdnwvtxbs,hovsg,499,tray,0_2_66,0_2,4,0.26293058048394446
00829-QaLdnwvtxbs,hovsg,499,tray,0_3_56,0_3,5,0.25905125854497413
00829-QaLdnwvtxbs,hovsg,500,treadmill,0_3_203,0_3,1,0.23744518102822526
00829-QaLdnwvtxbs,hovsg,500,treadmill,0_1_45,0_1,2,0.2369891631103198
00829-QaLdnwvtxbs,hovsg,500,treadmill,0_2_66,0_2,3,0.2353896357132613
00829-QaLdnwvtxbs,hovsg,500,treadmill,0_2_92,0_2,4,0.22454642321308654
00829-QaLdnwvtxbs,hovsg,500,treadmill,0_2_71,0_2,5,0.22175952231109
00829-QaLdnwvtxbs,hovsg,501,tree,0_1_22,0_1,1,0.242413007983415
00829-QaLdnwvtxbs,hovsg,502,tree branch,0_2_160,0_2,1,0.22028716458844144
00829-QaLdnwvtxbs,hovsg,502,tree branch,0_1_22,0_1,2,0.21764513107864242
00829-QaLdnwvtxbs,hovsg,502,tree branch,0_3_177,0_3,3,0.207962684027289
00829-QaLdnwvtxbs,hovsg,502,tree branch,0_1_32,0_1,4,0.20658033013326096
00829-QaLdnwvtxbs,hovsg,502,tree branch,0_3_184,0_3,5,0.20579295890836277
00829-QaLdnwvtxbs,hovsg,503,trimmer,0_2_132,0_2,1,0.2400865495134406
00829-QaLdnwvtxbs,hovsg,503,trimmer,0_2_76,0_2,2,0.23836879813357978
00829-QaLdnwvtxbs,hovsg,503,trimmer,0_2_124,0_2,3,0.22313477530728104
00829-QaLdnwvtxbs,hovsg,503,trimmer,0_4_98,0_4,4,0.22207415123449883
00829-QaLdnwvtxbs,hovsg,503,trimmer,0_2_92,0_2,5,0.22016407381785627
00829-QaLdnwvtxbs,hovsg,504,tripod,0_1_45,0_1,1,0.29193168005112724
00829-QaLdnwvtxbs,hovsg,504,tripod,0_1_21,0_1,2,0.2826425552593177
00829-QaLdnwvtxbs,hovsg,504,tripod,0_2_132,0_2,3,0.27906108332284874
00829-QaLdnwvtxbs,hovsg,504,tripod,0_0_75,0_0,4,0.27444693010272886
00829-QaLdnwvtxbs,hovsg,504,tripod,0_3_181,0_3,5,0.2684603773678328
00829-QaLdnwvtxbs,hovsg,505,trolley,0_3_145,0_3,1,0.23503824287821948
00829-QaLdnwvtxbs,hovsg,505,trolley,0_2_66,0_2,2,0.22597155946910172
00829-QaLdnwvtxbs,hovsg,505,trolley,0_0_50,0_0,3,0.2250761994792152
00829-QaLdnwvtxbs,hovsg,505,trolley,0_2_94,0_2,4,0.2212530194660986
00829-QaLdnwvtxbs,hovsg,505,trolley,0_2_71,0_2,5,0.22109527591306338
00829-QaLdnwvtxbs,hovsg,506,trombone,0_2_165,0_2,1,0.2514829517887805
00829-QaLdnwvtxbs,hovsg,506,trombone,0_2_163,0_2,2,0.25141583667249295
00829-QaLdnwvtxbs,hovsg,506,trombone,0_2_164,0_2,3,0.24828798042059083
00829-QaLdnwvtxbs,hovsg,506,trombone,0_2_100,0_2,4,0.24508387324637465
00829-QaLdnwvtxbs,hovsg,506,trombone,0_1_20,0_1,5,0.24307304984168665
00829-QaLdnwvtxbs,hovsg,507,trophy,0_0_75,0_0,1,0.25960381901987656
00829-QaLdnwvtxbs,hovsg,507,trophy,0_3_145,0_3,2,0.2574692046969822
00829-QaLdnwvtxbs,hovsg,507,trophy,0_3_35,0_3,3,0.2570234077346355
00829-QaLdnwvtxbs,hovsg,507,trophy,0_3_213,0_3,4,0.2564791938333013
00829-QaLdnwvtxbs,hovsg,507,trophy,0_3_13,0_3,5,0.2557105977515284
00829-QaLdnwvtxbs,hovsg,508,trough,0_2_118,0_2,1,0.267988939537542
00829-QaLdnwvtxbs,hovsg,508,trough,0_2_87,0_2,2,0.2679493056757579
00829-QaLdnwvtxbs,hovsg,508,trough,0_4_101,0_4,3,0.2654634767777362
00829-QaLdnwvtxbs,hovsg,508,trough,0_3_93,0_3,4,0.26342674626994644
00829-QaLdnwvtxbs,hovsg,508,trough,0_2_12,0_2,5,0.26089780218456393
00829-QaLdnwvtxbs,hovsg,509,trumpet,0_1_20,0_1,1,0.2374312029091965
00829-QaLdnwvtxbs,hovsg,509,trumpet,0_2_100,0_2,2,0.2259428499489186
00829-QaLdnwvtxbs,hovsg,509,trumpet,0_2_79,0_2,3,0.19631320947321534
00829-QaLdnwvtxbs,hovsg,510,tv,0_3_171,0_3,1,0.3157102646985282
00829-QaLdnwvtxbs,hovsg,510,tv,0_3_200,0_3,2,0.3150787903990001
00829-QaLdnwvtxbs,hovsg,510,tv,0_3_202,0_3,3,0.3134892925406073
00829-QaLdnwvtxbs,hovsg,510,tv,0_3_190,0_3,4,0.3123286294969995
00829-QaLdnwvtxbs,hovsg,510,tv,0_3_196,0_3,5,0.3119703200031865
00829-QaLdnwvtxbs,hovsg,511,tv stand,0_3_37,0_3,1,0.314054707210726
00829-QaLdnwvtxbs,hovsg,511,tv stand,0_3_200,0_3,2,0.3108977834670269
00829-QaLdnwvtxbs,hovsg,511,tv stand,0_3_186,0_3,3,0.3108670236109539
00829-QaLdnwvtxbs,hovsg,511,tv stand,0_3_203,0_3,4,0.3090697582992354
00829-QaLdnwvtxbs,hovsg,511,tv stand,0_3_171,0_3,5,0.30900543993476604
00829-QaLdnwvtxbs,hovsg,512,typewriter,0_0_29,0_0,1,0.2794597626519493
00829-QaLdnwvtxbs,hovsg,512,typewriter,0_3_354,0_3,2,0.2719117764904829
00829-QaLdnwvtxbs,hovsg,512,typewriter,0_1_31,0_1,3,0.22857129886442223
00829-QaLdnwvtxbs,hovsg,512,typewriter,0_2_66,0_2,4,0.22857013328969117
00829-QaLdnwvtxbs,hovsg,512,typewriter,0_2_92,0_2,5,0.22834095569510385
00829-QaLdnwvtxbs,hovsg,513,ukulele,0_1_20,0_1,1,0.24529110379833446
00829-QaLdnwvtxbs,hovsg,513,ukulele,0_2_79,0_2,2,0.20725401823628242
00829-QaLdnwvtxbs,hovsg,514,umbrella,0_3_232,0_3,1,0.23171333172686254
00829-QaLdnwvtxbs,hovsg,514,umbrella,0_2_124,0_2,2,0.22684242683895145
00829-QaLdnwvtxbs,hovsg,514,umbrella,0_2_106,0_2,3,0.21696982634844153
00829-QaLdnwvtxbs,hovsg,514,umbrella,0_2_92,0_2,4,0.2165370441214416
00829-QaLdnwvtxbs,hovsg,514,umbrella,0_2_130,0_2,5,0.2161896742478803
00829-QaLdnwvtxbs,hovsg,515,umbrella stand,0_3_219,0_3,1,0.24610511005187916
00829-QaLdnwvtxbs,hovsg,515,umbrella stand,0_3_214,0_3,2,0.24591158374751676
00829-QaLdnwvtxbs,hovsg,515,umbrella stand,0_0_50,0_0,3,0.24007460551396473
00829-QaLdnwvtxbs,hovsg,515,umbrella stand,0_3_270,0_3,4,0.23610227954449747
00829-QaLdnwvtxbs,hovsg,515,umbrella stand,0_2_104,0_2,5,0.22507272882637908
00829-QaLdnwvtxbs,hovsg,516,unknown,0_1_21,0_1,1,0.2710039313960417
00829-QaLdnwvtxbs,hovsg,516,unknown,0_3_177,0_3,2,0.2702231605774383
00829-QaLdnwvtxbs,hovsg,516,unknown,0_1_79,0_1,3,0.26866921925184445
00829-QaLdnwvtxbs,hovsg,516,unknown,0_3_184,0_3,4,0.26390207837775226
00829-QaLdnwvtxbs,hovsg,516,unknown,0_3_35,0_3,5,0.26364758893424156
00829-QaLdnwvtxbs,hovsg,517,vacuum cleaner,0_3_354,0_3,1,0.24241756692833624
00829-QaLdnwvtxbs,hovsg,517,vacuum cleaner,0_1_20,0_1,2,0.24160030832847104
00829-QaLdnwvtxbs,hovsg,517,vacuum cleaner,0_0_95,0_0,3,0.23436055229074454
00829-QaLdnwvtxbs,hovsg,517,vacuum cleaner,0_2_79,0_2,4,0.23122453000510523
00829-QaLdnwvtxbs,hovsg,517,vacuum cleaner,0_0_50,0_0,5,0.23001637756881643
00829-QaLdnwvtxbs,hovsg,518,vanity,0_4_101,0_4,1,0.2856034485342783
00829-QaLdnwvtxbs,hovsg,518,vanity,0_4_96,0_4,2,0.28470444539526935
00829-QaLdnwvtxbs,hovsg,518,vanity,0_2_117,0_2,3,0.2743811953824067
00829-QaLdnwvtxbs,hovsg,518,vanity,0_2_60,0_2,4,0.2742335298924957
00829-QaLdnwvtxbs,hovsg,518,vanity,0_2_118,0_2,5,0.2697532803110786
00829-QaLdnwvtxbs,hovsg,519,vase,0_3_35,0_3,1,0.2858230098921035
00829-QaLdnwvtxbs,hovsg,519,vase,0_1_69,0_1,2,0.26118973533056383
00829-QaLdnwvtxbs,hovsg,519,vase,0_0_75,0_0,3,0.25897807366422565
00829-QaLdnwvtxbs,hovsg,519,vase,0_1_20,0_1,4,0.25726878236777206
00829-QaLdnwvtxbs,hovsg,519,vase,0_0_50,0_0,5,0.2561912334055011
00829-QaLdnwvtxbs,hovsg,520,vegetables,0_1_43,0_1,1,0.18291479459720952
00829-QaLdnwvtxbs,hovsg,520,vegetables,0_1_20,0_1,2,0.1792318965241385
00829-QaLdnwvtxbs,hovsg,520,vegetables,0_4_89,0_4,3,0.17427069183777177
00829-QaLdnwvtxbs,hovsg,520,vegetables,0_3_101,0_3,4,0.17259350871824514
00829-QaLdnwvtxbs,hovsg,520,vegetables,0_2_164,0_2,5,0.16889250641088777
00829-QaLdnwvtxbs,hovsg,521,vessel,0_2_161,0_2,1,0.24936520940309007
00829-QaLdnwvtxbs,hovsg,521,vessel,0_4_98,0_4,2,0.24792669367536038
00829-QaLdnwvtxbs,hovsg,521,vessel,0_3_358,0_3,3,0.24347450511719593
00829-QaLdnwvtxbs,hovsg,521,vessel,0_2_72,0_2,4,0.24317103914912866
00829-QaLdnwvtxbs,hovsg,521,vessel,0_0_29,0_0,5,0.24239335336550033
00829-QaLdnwvtxbs,hovsg,522,vinyl records,0_2_79,0_2,1,0.20228121931156495
00829-QaLdnwvtxbs,hovsg,523,violin,0_1_20,0_1,1,0.2675558413931997
00829-QaLdnwvtxbs,hovsg,523,violin,0_2_169,0_2,2,0.25762450336348786
00829-QaLdnwvtxbs,hovsg,523,violin,0_0_29,0_0,3,0.2472707866107619
00829-QaLdnwvtxbs,hovsg,523,violin,0_3_83,0_3,4,0.23512504397100806
00829-QaLdnwvtxbs,hovsg,523,violin,0_1_41,0_1,5,0.23493844760082924
00829-QaLdnwvtxbs,hovsg,524,violin case,0_1_53,0_1,1,0.27161362014433177
00829-QaLdnwvtxbs,hovsg,524,violin case,0_2_169,0_2,2,0.2594333293755915
00829-QaLdnwvtxbs,hovsg,524,violin case,0_4_97,0_4,3,0.2580019949899469
00829-QaLdnwvtxbs,hovsg,524,violin case,0_1_20,0_1,4,0.2546541421079901
00829-QaLdnwvtxbs,hovsg,524,violin case,0_3_311,0_3,5,0.2532125313461954
00829-QaLdnwvtxbs,hovsg,525,waffle iron,0_3_354,0_3,1,0.2551238451581992
00829-QaLdnwvtxbs,hovsg,525,waffle iron,0_2_71,0_2,2,0.2145358216124221
00829-QaLdnwvtxbs,hovsg,525,waffle iron,0_2_79,0_2,3,0.20230770100492831
00829-QaLdnwvtxbs,hovsg,525,waffle iron,0_3_73,0_3,4,0.1955259819099752
00829-QaLdnwvtxbs,hovsg,525,waffle iron,0_3_101,0_3,5,0.19155115758281122
00829-QaLdnwvtxbs,hovsg,526,wardrobe,0_1_40,0_1,1,0.2881685148214681
00829-QaLdnwvtxbs,hovsg,526,wardrobe,0_1_13,0_1,2,0.2778042284818107
00829-QaLdnwvtxbs,hovsg,526,wardrobe,0_1_77,0_1,3,0.27613866781799357
00829-QaLdnwvtxbs,hovsg,526,wardrobe,0_1_78,0_1,4,0.2734347046488099
00829-QaLdnwvtxbs,hovsg,526,wardrobe,0_1_21,0_1,5,0.27178262028564687
00829-QaLdnwvtxbs,hovsg,527,washing machine,0_4_16,0_4,1,0.24272942841094175
00829-QaLdnwvtxbs,hovsg,527,washing machine,0_2_61,0_2,2,0.23772460735138312
00829-QaLdnwvtxbs,hovsg,527,washing machine,0_2_147,0_2,3,0.2359112260744243
00829-QaLdnwvtxbs,hovsg,527,washing machine,0_2_30,0_2,4,0.23585111912393208
00829-QaLdnwvtxbs,hovsg,527,washing machine,0_2_81,0_2,5,0.2320423531884437
00829-QaLdnwvtxbs,hovsg,528,washing powder,0_4_16,0_4,1,0.2824482332949423
00829-QaLdnwvtxbs,hovsg,528,washing powder,0_2_147,0_2,2,0.2627113240769152
00829-QaLdnwvtxbs,hovsg,528,washing powder,0_2_30,0_2,3,0.25950267529500387
00829-QaLdnwvtxbs,hovsg,528,washing powder,0_1_27,0_1,4,0.25464565372704434
00829-QaLdnwvtxbs,hovsg,528,washing powder,0_2_9,0_2,5,0.2499910165335021
00829-QaLdnwvtxbs,hovsg,529,washing stuff,0_4_16,0_4,1,0.26042274557576756
00829-QaLdnwvtxbs,hovsg,529,washing stuff,0_2_147,0_2,2,0.25071606802712004
00829-QaLdnwvtxbs,hovsg,529,washing stuff,0_2_30,0_2,3,0.24727961422883682
00829-QaLdnwvtxbs,hovsg,529,washing stuff,0_2_81,0_2,4,0.24716199283781828
00829-QaLdnwvtxbs,hovsg,529,washing stuff,0_2_70,0_2,5,0.24425806499736763
00829-QaLdnwvtxbs,hovsg,530,watch,0_0_75,0_0,1,0.20659778356678166
00829-QaLdnwvtxbs,hovsg,530,watch,0_3_354,0_3,2,0.20509114882644935
00829-QaLdnwvtxbs,hovsg,530,watch,0_4_96,0_4,3,0.20171075825450185
00829-QaLdnwvtxbs,hovsg,530,watch,0_3_191,0_3,4,0.20118406174039832
00829-QaLdnwvtxbs,hovsg,530,watch,0_3_164,0_3,5,0.1995240846111888
00829-QaLdnwvtxbs,hovsg,531,water dispenser,0_4_93,0_4,1,0.2749064528015697
00829-QaLdnwvtxbs,hovsg,531,water dispenser,0_2_80,0_2,2,0.2490764443173208
00829-QaLdnwvtxbs,hovsg,531,water dispenser,0_2_132,0_2,3,0.243921406942814
00829-QaLdnwvtxbs,hovsg,531,water dispenser,0_0_25,0_0,4,0.2382174605726313
00829-QaLdnwvtxbs,hovsg,531,water dispenser,0_1_69,0_1,5,0.23406292110279253
00829-QaLdnwvtxbs,hovsg,532,water heater,0_2_80,0_2,1,0.28038363441649644
00829-QaLdnwvtxbs,hovsg,532,water heater,0_2_132,0_2,2,0.27211979256403923
00829-QaLdnwvtxbs,hovsg,532,water heater,0_2_61,0_2,3,0.26736484894048335
00829-QaLdnwvtxbs,hovsg,532,water heater,0_1_69,0_1,4,0.26633011581408106
00829-QaLdnwvtxbs,hovsg,532,water heater,0_0_75,0_0,5,0.26553297798208925
00829-QaLdnwvtxbs,hovsg,533,water meter,0_2_79,0_2,1,0.23733491002696677
00829-QaLdnwvtxbs,hovsg,533,water meter,0_2_147,0_2,2,0.22993627170760034
00829-QaLdnwvtxbs,hovsg,533,water meter,0_2_61,0_2,3,0.22799844317659665
00829-QaLdnwvtxbs,hovsg,533,water meter,0_4_5,0_4,4,0.22566732205562284
00829-QaLdnwvtxbs,hovsg,533,water meter,0_3_358,0_3,5,0.2221570967346423
00829-QaLdnwvtxbs,hovsg,534,water pump,0_2_79,0_2,1,0.22541617190526603
00829-QaLdnwvtxbs,hovsg,535,water tank,0_4_16,0_4,1,0.2475364800247884
00829-QaLdnwvtxbs,hovsg,535,water tank,0_1_69,0_1,2,0.2391046257530315
00829-QaLdnwvtxbs,hovsg,535,water tank,0_4_98,0_4,3,0.23103598549214532
00829-QaLdnwvtxbs,hovsg,535,water tank,0_2_61,0_2,4,0.23018698774462937
00829-QaLdnwvtxbs,hovsg,535,water tank,0_2_79,0_2,5,0.2253476582388208
00829-QaLdnwvtxbs,hovsg,536,watering can,0_2_132,0_2,1,0.24199931895952892
00829-QaLdnwvtxbs,hovsg,536,watering can,0_1_69,0_1,2,0.22948492997463887
00829-QaLdnwvtxbs,hovsg,536,watering can,0_4_98,0_4,3,0.2268766143683858
00829-QaLdnwvtxbs,hovsg,536,watering can,0_2_70,0_2,4,0.21728046638648718
00829-QaLdnwvtxbs,hovsg,536,watering can,0_2_79,0_2,5,0.21399771817128962
00829-QaLdnwvtxbs,hovsg,537,weight,0_2_72,0_2,1,0.2490196187126018
00829-QaLdnwvtxbs,hovsg,537,weight,0_3_145,0_3,2,0.24724543994869103
00829-QaLdnwvtxbs,hovsg,537,weight,0_4_16,0_4,3,0.24527232363070411
00829-QaLdnwvtxbs,hovsg,537,weight,0_3_354,0_3,4,0.2442502637108061
00829-QaLdnwvtxbs,hovsg,537,weight,0_2_79,0_2,5,0.2437791520280772
00829-QaLdnwvtxbs,hovsg,538,weight bench,0_3_93,0_3,1,0.2419840632692483
00829-QaLdnwvtxbs,hovsg,538,weight bench,0_2_66,0_2,2,0.23213439950886017
00829-QaLdnwvtxbs,hovsg,538,weight bench,0_3_125,0_3,3,0.22009347443567823
00829-QaLdnwvtxbs,hovsg,538,weight bench,0_2_79,0_2,4,0.21027422039908256
00829-QaLdnwvtxbs,hovsg,538,weight bench,0_2_81,0_2,5,0.21000268826321228
00829-QaLdnwvtxbs,hovsg,539,weights,0_2_81,0_2,1,0.23138226367134562
00829-QaLdnwvtxbs,hovsg,539,weights,0_2_79,0_2,2,0.2289104792597565
00829-QaLdnwvtxbs,hovsg,539,weights,0_2_66,0_2,3,0.22346105646872536
00829-QaLdnwvtxbs,hovsg,539,weights,0_3_101,0_3,4,0.21474035968042093
00829-QaLdnwvtxbs,hovsg,539,weights,0_3_11,0_3,5,0.2125518749351729
00829-QaLdnwvtxbs,hovsg,540,wheel,0_3_272,0_3,1,0.22521726014758853
00829-QaLdnwvtxbs,hovsg,540,wheel,0_2_79,0_2,2,0.2071082196236288
00829-QaLdnwvtxbs,hovsg,540,wheel,0_3_101,0_3,3,0.1911702135565356
00829-QaLdnwvtxbs,hovsg,541,wheelbarrow,0_0_50,0_0,1,0.23131458764293503
00829-QaLdnwvtxbs,hovsg,541,wheelbarrow,0_2_66,0_2,2,0.22575182128648716
00829-QaLdnwvtxbs,hovsg,541,wheelbarrow,0_2_92,0_2,3,0.22572315373135943
00829-QaLdnwvtxbs,hovsg,541,wheelbarrow,0_2_79,0_2,4,0.22092807707500747
00829-QaLdnwvtxbs,hovsg,541,wheelbarrow,0_3_358,0_3,5,0.2164919293040698
00829-QaLdnwvtxbs,hovsg,542,window shade,0_3_66,0_3,1,0.29429713107634015
00829-QaLdnwvtxbs,hovsg,542,window shade,0_3_40,0_3,2,0.2926286691687896
00829-QaLdnwvtxbs,hovsg,542,window shade,0_3_198,0_3,3,0.29222201515839547
00829-QaLdnwvtxbs,hovsg,542,window shade,0_3_62,0_3,4,0.2911829917640135
00829-QaLdnwvtxbs,hovsg,542,window shade,0_3_23,0_3,5,0.2908341334301533
00829-QaLdnwvtxbs,hovsg,543,wine,0_3_145,0_3,1,0.23146186866618584
00829-QaLdnwvtxbs,hovsg,543,wine,0_1_20,0_1,2,0.22993272469628348
00829-QaLdnwvtxbs,hovsg,543,wine,0_4_98,0_4,3,0.22981578052533203
00829-QaLdnwvtxbs,hovsg,543,wine,0_0_50,0_0,4,0.22979094056523933
00829-QaLdnwvtxbs,hovsg,543,wine,0_1_39,0_1,5,0.22673338627945383
00829-QaLdnwvtxbs,hovsg,544,wine storage,0_0_50,0_0,1,0.22460298748264487
00829-QaLdnwvtxbs,hovsg,544,wine storage,0_2_79,0_2,2,0.20216128204815004
00829-QaLdnwvtxbs,hovsg,545,wood,0_3_116,0_3,1,0.29277306902387157
00829-QaLdnwvtxbs,hovsg,545,wood,0_2_170,0_2,2,0.2893737322393076
00829-QaLdnwvtxbs,hovsg,545,wood,0_3_24,0_3,3,0.2892301900440759
00829-QaLdnwvtxbs,hovsg,545,wood,0_0_74,0_0,4,0.28791047991540963
00829-QaLdnwvtxbs,hovsg,545,wood,0_2_44,0_2,5,0.28710505488222343
00829-QaLdnwvtxbs,hovsg,546,wrench,0_2_100,0_2,1,0.2691558686746719
00829-QaLdnwvtxbs,hovsg,546,wrench,0_3_177,0_3,2,0.26337073951621764
00829-QaLdnwvtxbs,hovsg,546,wrench,0_1_76,0_1,3,0.25157504486749427
00829-QaLdnwvtxbs,hovsg,546,wrench,0_2_98,0_2,4,0.2479519795177317
00829-QaLdnwvtxbs,hovsg,546,wrench,0_1_61,0_1,5,0.24357525283731635
