scene_id,object_id,predicted_class_id,class_label,predicted_room_id,object_x,object_y,object_z,p_obj,p_det,p_view,p_mem,p_sem_bar,p_sem,p_coh
00829-QaLdnwvtxbs,0_0_0,82,cardboard,0_0,1.9643285932937211,1.7039620059660099,-0.6093636351548268,0.10016766946681659,0.9736616043610391,0.939735476835374,0.9967609560816079,0.10983048074737412,0.765028928701064,0.10983048074737412
00829-QaLdnwvtxbs,0_0_1,82,cardboard,0_0,4.282121063274167,2.3628242080948327,-2.419225894874584,0.6733844607409201,0.9945863227184534,0.9584116774466761,0.9993474630043154,0.7068902583973847,0.8282749635389065,0.7068902583973847
00829-QaLdnwvtxbs,0_0_10,33,bed,0_0,4.900911472928478,0.5625915594601475,0.1533200903095265,0.8007699904462978,0.9620229497440205,0.9587102164071293,0.9997931736416924,0.8684100364430037,0.8684100364430037,0.9998727163324771
00829-QaLdnwvtxbs,0_0_100,82,cardboard,0_0,2.2858148416041533,1.0303228277772136,-1.2006413852686884,0.4541855349781841,0.8843394220089335,0.9003122446983605,0.9990748993598755,0.5709829084156599,0.7962185101178468,0.5709829084156599
00829-QaLdnwvtxbs,0_0_101,82,cardboard,0_0,4.50927533319157,0.8372695947904378,2.995135513649785,0.008060769363855568,0.971682865920049,0.9546723166528128,0.9837007350067023,0.008833536857302695,0.607732856039638,0.008833536857302695
00829-QaLdnwvtxbs,0_0_102,545,wood,0_0,6.389624278018751,0.10672883683148342,1.1347409159155948,0.18760700052675103,0.9647081651508119,0.9196356892104713,0.9921487403781908,0.21313780224591233,0.5412690736117546,0.21313780224591233
00829-QaLdnwvtxbs,0_0_103,82,cardboard,0_0,2.4650624915711217,2.5163592164530644,-0.9855746886271752,0.15369456730974582,0.9654861308115252,0.9367844651540156,0.9970825612933427,0.1704282860032977,0.8322807334559107,0.1704282860032977
00829-QaLdnwvtxbs,0_0_11,337,pillow,0_0,6.289038522848344,0.8848649633458457,0.30958783492596526,0.9099259435812036,0.9870990333903548,0.9428583837742431,0.999519762288336,0.9781545256903961,0.9781545256903961,
00829-QaLdnwvtxbs,0_0_12,133,curtain,0_0,4.396397408446082,1.2667901780290547,3.8002753845941024,0.9196928988169221,0.971462017253097,0.9584802846781622,0.9959476968677177,0.9917387722951898,0.9917387722951898,0.9999832351046204
00829-QaLdnwvtxbs,0_0_13,431,sofa,0_0,4.651306575634198,0.4946480516603894,2.5023699867476155,0.8036853448678298,0.9606587046113932,0.9834343371228513,0.999181194010566,0.8513875743525159,0.8513875743525159,0.9535515658195975
00829-QaLdnwvtxbs,0_0_14,195,foam,0_0,2.812958070345825,0.5770810266127189,0.39183607956393934,0.5274998371456975,0.9442835123248635,0.9521573720293862,0.9992180925994414,0.5871524802638319,0.5871524802638319,0.7885902760465002
00829-QaLdnwvtxbs,0_0_15,326,partial,0_0,6.050787319718391,1.4713162294302387,2.8676451179157354,0.48262145633623316,0.9744936436414718,0.907785794784042,0.9981647417017158,0.5465652388843907,0.5938767792596839,0.5465652388843907
00829-QaLdnwvtxbs,0_0_16,326,partial,0_0,6.415671194563052,1.5191092329955755,2.1418894017006482,0.6893917313501114,0.9678246026300087,0.999696454277557,0.9968240281542549,0.7147970680744987,0.7147970680744987,0.9003902513870278
00829-QaLdnwvtxbs,0_0_17,545,wood,0_0,2.590083009795472,0.0020855368198661175,-0.8973465009217716,0.5092954455515326,0.9725988410577909,0.9578221353848322,0.9982434030717537,0.5476646713898286,0.5476646713898286,0.943636609669015
00829-QaLdnwvtxbs,0_0_18,82,cardboard,0_0,5.861605266890248,1.2151914176599368,-2.202429342568463,0.6616496999298767,0.9725101582540405,0.9313436926546915,0.9996541631324926,0.7307590739386063,0.9236233840425767,0.7307590739386063
00829-QaLdnwvtxbs,0_0_19,545,wood,0_0,5.94495116773109,0.060365256530091595,-2.1716033621818673,0.5382723698797602,0.9371581381654339,0.9624569398155203,0.9986683994733202,0.5975669786027608,0.5975669786027608,0.6274047999751143
00829-QaLdnwvtxbs,0_0_2,82,cardboard,0_0,2.4365635462717807,2.5241230779687904,-1.0673228165279112,0.09838978085025,0.9634669577293654,0.924449089901435,0.9967548692818181,0.11082603683473877,0.7649530503012594,0.11082603683473877
00829-QaLdnwvtxbs,0_0_20,248,headboard,0_0,6.59348424790279,1.1489182480551947,0.14819940150542638,0.016865447055933052,0.86858648688033,0.9269410144682739,0.99972252536691,0.020953337709886402,0.9663925707871832,0.020953337709886402
00829-QaLdnwvtxbs,0_0_21,545,wood,0_0,6.5099804145612605,1.1723338238403718,1.6768252174447555,0.0019177820395471657,0.9143228871071781,0.9488101997950833,0.9960265922869888,0.0022194705036456654,0.5428704252591565,0.0022194705036456654
00829-QaLdnwvtxbs,0_0_22,545,wood,0_0,6.403256837953485,0.0709507122629527,-1.1808394888433136,0.21567289886631416,0.9607429411262274,0.9646034928528409,0.9985138059602161,0.2330695133063376,0.7412555251345802,0.2330695133063376
00829-QaLdnwvtxbs,0_0_23,545,wood,0_0,6.433602593815431,0.1659423392190446,1.5873436135032248,0.4316127530873319,0.9288184638534274,0.8873351878353805,0.9993503914118206,0.5240321562264183,0.8214829541745591,0.5240321562264183
00829-QaLdnwvtxbs,0_0_24,182,fire extinguisher,0_0,6.041028736973912,0.7668484375135507,-2.1093791843869276,0.8863572815339906,0.9540354907512665,0.9491802163805971,0.9999277145804252,0.9788744712215225,0.9788744712215225,
00829-QaLdnwvtxbs,0_0_25,397,sensor,0_0,6.027704290774268,1.5205927735992504,-2.10924144345386,0.7198817540479134,0.8010731935501099,0.9737998604221256,0.9989405298680443,0.9238035462386707,0.9238035462386707,
00829-QaLdnwvtxbs,0_0_26,134,cushion,0_0,5.236303408709384,0.7200934191802573,2.5144380099413715,0.5983239169454944,0.8610395643363021,0.9298257877609396,0.9998779708485873,0.7474199209805411,0.9913305202948557,0.7474199209805411
00829-QaLdnwvtxbs,0_0_27,545,wood,0_0,6.107225312318339,0.5410053965369875,-1.207353186186364,0.5451210681821833,0.9800538420649704,0.9382876673235386,0.9992042429256676,0.5932705003116463,0.9654466323624339,0.5932705003116463
00829-QaLdnwvtxbs,0_0_28,82,cardboard,0_0,6.667299663272288,0.8156180505053691,1.6678241117924542,0.02055328540624709,0.9787286353647393,0.9402441012993836,0.9987228291252087,0.022363169898114463,0.5014688902374989,0.022363169898114463
00829-QaLdnwvtxbs,0_0_29,333,phone,0_0,6.484636149693066,0.6851663776959114,-1.099145654839403,0.25886031007019145,0.9745103120803833,0.9449438616336413,0.9837028875686332,0.2857650246507817,0.6538993825182041,0.2857650246507817
00829-QaLdnwvtxbs,0_0_3,545,wood,0_0,3.2696981351103562,-0.0011214563660464974,-2.2759782005510347,0.5522970625255159,0.8370336097500003,0.9577214778396423,0.9988193997580085,0.6897689500249211,0.6897689500249211,0.8701556153090996
00829-QaLdnwvtxbs,0_0_30,93,ceiling chassis,0_0,6.437052992053605,2.521710420366823,1.160140967926716,0.005814055319253841,0.979391534979755,0.9420017589148175,0.9446387371032863,0.006671221324580468,0.523004702038876,0.006671221324580468
00829-QaLdnwvtxbs,0_0_31,82,cardboard,0_0,5.348944453685881,2.295740901469908,-1.2560354483916205,0.08991965868283971,0.9844801866798892,0.9387890303192361,0.9976317198138243,0.09752353032750126,0.6172333036462798,0.09752353032750126
00829-QaLdnwvtxbs,0_0_32,316,overhang,0_0,6.437539253554988,2.5211550488084375,-0.8458227953823722,0.4919334776854898,0.9949106973830635,0.8973991163111548,0.9798330992486709,0.5623213004365923,0.5623213004365923,0.9521776743420558
00829-QaLdnwvtxbs,0_0_33,82,cardboard,0_0,6.659113647712426,2.4863056440767157,-1.0205899896873087,0.4731103296133739,0.9725284960199304,0.9401862358812394,0.9967869503933406,0.5190914339616608,0.5190914339616608,0.5233353595321371
00829-QaLdnwvtxbs,0_0_34,82,cardboard,0_0,4.988045366984341,0.106291185126268,-0.5771760549054394,0.09522646151373439,0.9612707408690694,0.9388840210295921,0.9844560060496962,0.10717750989236323,0.5353585878175844,0.10717750989236323
00829-QaLdnwvtxbs,0_0_35,545,wood,0_0,5.03714702672168,0.2553894767101463,-0.6766973614447152,0.15604035398458171,0.9682283273765021,0.9523646014179328,0.9908101003000919,0.1707911931169884,0.5935105010967766,0.1707911931169884
00829-QaLdnwvtxbs,0_0_36,143,desk door,0_0,2.623562855863685,0.37309719372718503,-0.673436997767534,2.960674429656315e-05,0.9381080896059916,0.9272402404372044,0.9992875766067203,3.40608132168744e-05,0.7754999080567916,3.40608132168744e-05
00829-QaLdnwvtxbs,0_0_37,82,cardboard,0_0,4.487671575568174,0.0015412501231647907,-0.6111115955857149,0.1749527600537815,0.9866669672185724,0.9542467537657586,0.9982253919962245,0.18614908489834003,0.7795403068774592,0.18614908489834003
00829-QaLdnwvtxbs,0_0_38,545,wood,0_0,6.482131499212093,0.0054308167427096895,-0.6344913534394706,0.46914102580014333,0.9812196333687028,0.9489402033822547,0.9945117799612258,0.5066270864678233,0.6469017226688389,0.5066270864678233
00829-QaLdnwvtxbs,0_0_39,545,wood,0_0,6.036589968417552,0.05792752550976973,-1.8706412375332053,0.7826268030773619,0.9862670194018971,0.9546730462447263,0.9981003121448528,0.8327820471571785,0.8904016965309128,0.8327820471571785
00829-QaLdnwvtxbs,0_0_4,82,cardboard,0_0,4.17201760106417,0.0009286924162985171,-0.4875854802917925,0.12551769863955342,0.9628088693380985,0.9126527247010969,0.9984785666730762,0.14306077852486762,0.74178023494915,0.14306077852486762
00829-QaLdnwvtxbs,0_0_40,82,cardboard,0_0,6.356900381105889,0.6164564272423108,-1.3078268869266958,0.1651471875562345,0.9394640227998061,0.9253321125615244,0.9996672622525626,0.190036894583307,0.9611670485931427,0.190036894583307
00829-QaLdnwvtxbs,0_0_41,82,cardboard,0_0,6.652712303444618,1.2827389133688638,-1.2390243813576232,0.2554332461900484,0.9740891563366233,0.9193260969297246,0.9971433836617523,0.2860562976389984,0.6285884526457397,0.2860562976389984
00829-QaLdnwvtxbs,0_0_42,480,tissue,0_0,6.538121312173993,1.1694632724912968,-1.248776615170188,0.2282910445403088,0.9088749441007773,0.9159458384752543,0.9953918737319781,0.27549952827334495,0.6258293644920914,0.27549952827334495
00829-QaLdnwvtxbs,0_0_43,326,partial,0_0,6.098187464508352,1.2629265742641607,-1.6180097830874922,0.5396274015247345,0.9787457755318395,0.9696851116119922,0.9956560921175549,0.5710629847139502,0.9054904647356424,0.5710629847139502
00829-QaLdnwvtxbs,0_0_44,316,overhang,0_0,6.153045025431416,2.500039008205317,-1.008554912055729,0.6825413415344243,0.9759516825253258,0.9373071671626458,0.9837026244798995,0.7584987626371974,0.7584987626371974,0.9254323471409415
00829-QaLdnwvtxbs,0_0_45,82,cardboard,0_0,6.0519312313619915,1.9227677754000494,-2.0228549791074872,0.6010833274533426,0.9192200150897122,0.9569546469240678,0.9995554901828028,0.6836234397381443,0.7732142339339887,0.6836234397381443
00829-QaLdnwvtxbs,0_0_46,82,cardboard,0_0,5.927064765332469,2.527970395874523,-1.8496889655577249,0.16788448981419218,0.9875865883855216,0.920670194906075,0.997892195709944,0.18503235731017262,0.7648216577598954,0.18503235731017262
00829-QaLdnwvtxbs,0_0_47,545,wood,0_0,5.676554106081779,-0.0053105072816045425,-0.7877812575310427,0.4919346258765799,0.98634826811221,0.9364270662441418,0.9961423355511034,0.5346649936736416,0.5346649936736416,0.8106959719666559
00829-QaLdnwvtxbs,0_0_48,33,bed,0_0,5.360026934478793,0.24259084228464775,-0.684311926135989,0.44021343616814596,0.7133266356256274,0.9922616393383615,0.9824163024986671,0.6330719778671142,0.6330719778671142,0.8704288236007741
00829-QaLdnwvtxbs,0_0_49,180,fan,0_0,6.073590823037425,2.0538378319096497,2.9410477635231227,0.020387636903396598,0.9619258290783972,0.9942194117019197,0.9971866403067285,0.021377977432768966,0.7309277457157086,0.021377977432768966
00829-QaLdnwvtxbs,0_0_5,326,partial,0_0,2.1005673789926274,1.5785554976022407,-1.2975608377118861,0.2738343610423503,0.9611534106242547,0.9408677508004466,0.9986288121554092,0.30322329076859234,0.5297327858907225,0.30322329076859234
00829-QaLdnwvtxbs,0_0_50,42,bin,0_0,2.8794048746083205,0.19686314931830864,0.7687286387328397,0.6810675959222979,0.9365806639274217,0.9260460164832961,0.994398786133444,0.7896813421048425,0.7896813421048425,
00829-QaLdnwvtxbs,0_0_51,326,partial,0_0,6.231640960363614,1.854358534883665,2.068319845399276,0.6255061176813521,0.9787713755893724,0.9128053858136157,0.9971407318464378,0.7021269627964952,0.7021269627964952,0.904866706477783
00829-QaLdnwvtxbs,0_0_52,82,cardboard,0_0,4.05867977912371,0.06460119538894472,2.1982123063282666,0.007754301086062414,0.933646003405253,0.8912960839978241,0.9935658633738268,0.009378680847645407,0.544647265145369,0.009378680847645407
00829-QaLdnwvtxbs,0_0_53,33,bed,0_0,5.903747682280685,0.2902124681319683,-0.687313231957127,0.5803222980474367,0.8967390975938434,0.9799045051973353,0.979623210401554,0.6741558879951643,0.6741558879951643,0.9687835919675392
00829-QaLdnwvtxbs,0_0_54,316,overhang,0_0,6.437682183371259,2.49741233106516,2.1213259152102,0.23093757371959084,0.9408899384179684,0.9741373938527673,0.9946827710917204,0.25330920039582483,0.5046180557668863,0.25330920039582483
00829-QaLdnwvtxbs,0_0_55,33,bed,0_0,4.571608714405089,0.6482655516528718,0.8741683028729625,0.6869610153000191,0.8764910417444566,0.9061822391896028,0.9998015639048675,0.8650779698520344,0.8650779698520344,0.9998669662304618
00829-QaLdnwvtxbs,0_0_56,326,partial,0_0,6.055860965902966,1.0076738245319965,3.038491480098431,0.5168451716237358,0.9856581647718591,0.9157302020312819,0.9950200479570681,0.5754860100689567,0.5790685162432323,0.5754860100689567
00829-QaLdnwvtxbs,0_0_57,133,curtain,0_0,5.969313650886103,0.8186483118210771,3.7417796501537377,0.8884377284525735,0.9631559325002187,0.981002690995608,0.9612288054740553,0.9782129623398,0.9782129623398,0.9998427334858435
00829-QaLdnwvtxbs,0_0_58,195,foam,0_0,2.7130195298980824,0.755499083187668,1.9426721297355176,0.6304883794621315,0.9649869281119808,0.9213868086549035,0.9984822145632192,0.7101880044280269,0.7101880044280269,0.9087944654519639
00829-QaLdnwvtxbs,0_0_59,326,partial,0_0,5.827049443088911,1.3019953439548027,3.361823091541256,0.008864465954838911,0.9424504320981879,0.9285281736489194,0.9570163791350695,0.010584725557582508,0.589898857478855,0.010584725557582508
00829-QaLdnwvtxbs,0_0_6,326,partial,0_0,2.1288613955183893,1.8407637145704108,-1.2964679132946155,0.16263282374680296,0.9839660307842087,0.9038159673807904,0.999230615258524,0.18301317503551479,0.5435710239760656,0.18301317503551479
00829-QaLdnwvtxbs,0_0_60,82,cardboard,0_0,6.659821406845522,1.0901344718649761,2.02194713939737,0.016439079893116493,0.9038926859696705,0.9210387314250308,0.9987484530767239,0.019770908251956352,0.6101773005787485,0.019770908251956352
00829-QaLdnwvtxbs,0_0_61,316,overhang,0_0,5.709403879272434,2.513042529896895,3.647192446450693,0.610169086067041,0.9729683849564118,0.9570400328180405,0.979879381705441,0.6687268296147537,0.6687268296147537,0.796223422033482
00829-QaLdnwvtxbs,0_0_62,82,cardboard,0_0,4.432370223340467,0.004360611097380782,3.6000054036599307,0.4437901112470825,0.9222733030887269,0.9936474474166547,0.9897499882562415,0.4892830342553621,0.8675595370285015,0.4892830342553621
00829-QaLdnwvtxbs,0_0_63,133,curtain,0_0,4.792712420113806,0.6705802008057253,3.783247695747355,0.8805856452005011,0.9711092287439038,0.9262732191836244,0.9845965664217593,0.9942740289926001,0.9942740289926001,0.9999809740260693
00829-QaLdnwvtxbs,0_0_64,545,wood,0_0,6.670102300898918,0.6975437744076445,1.8086346321717663,0.0009337934631577468,0.9786507627666804,0.9742683185846432,0.9991691763107378,0.0009801791999879284,0.5421359201271397,0.0009801791999879284
00829-QaLdnwvtxbs,0_0_65,82,cardboard,0_0,2.859313031871707,0.5613665633452204,2.1750383219022167,0.5669763770239967,0.8328108377754688,0.9647428151841682,0.9985544487548216,0.7067003273163928,0.7067003273163928,0.8822811040920219
00829-QaLdnwvtxbs,0_0_66,82,cardboard,0_0,3.053639087189732,1.5394951281946687,2.6986133965494257,0.5603101893765626,0.8352559726489218,0.9897066951238345,0.9983609096326165,0.6789141403829624,0.6789141403829624,0.8285768526974698
00829-QaLdnwvtxbs,0_0_67,82,cardboard,0_0,3.070490211212235,0.08041965164151649,2.929288624519248,0.7027745782890129,0.9399674251246851,0.9281838788024771,0.9975165998569404,0.8075121904512815,0.8075121904512815,0.8283819969091484
00829-QaLdnwvtxbs,0_0_68,133,curtain,0_0,4.459362054088516,0.21817794265956816,3.780853895902466,0.8892177919310578,0.9696135945799291,0.9407044704147756,0.9782443698652156,0.9965724632557278,0.9965724632557278,0.9999871298837805
00829-QaLdnwvtxbs,0_0_69,133,curtain,0_0,3.2241048666850913,2.4720616560661917,3.707518591035073,0.019589299720752046,0.9638736814778553,0.9467052957579433,0.9651310752217565,0.022243221330401238,0.8512998475085992,0.022243221330401238
00829-QaLdnwvtxbs,0_0_7,82,cardboard,0_0,4.484995560142644,2.531026212273168,1.124367540276879,0.09815900487694182,0.9633551650100705,0.9731402393028854,0.9952039606721613,0.10520979878633642,0.5772635249151412,0.10520979878633642
00829-QaLdnwvtxbs,0_0_70,133,curtain,0_0,3.3512358861714224,2.4155716210640072,3.793128985299364,0.9372189184545029,0.9927698945176071,0.9570393989159512,0.996763174833138,0.9896249729343012,0.9896249729343012,0.9999762327161557
00829-QaLdnwvtxbs,0_0_71,82,cardboard,0_0,2.6047280759972735,1.6490094328131513,2.183354289105939,0.5219206772549796,0.9484983013387311,0.9519601981512213,0.9988313595504624,0.5787046681294807,0.5787046681294807,0.8219469395405521
00829-QaLdnwvtxbs,0_0_72,82,cardboard,0_0,3.055143890626386,0.7365973890157843,2.4387125749427137,0.6638837220286415,0.9962011719902868,0.9213497794959775,0.9989406466648346,0.7240703281324234,0.7240703281324234,0.8242106786650782
00829-QaLdnwvtxbs,0_0_73,545,wood,0_0,2.8771618912208345,0.43602709963248976,0.6590806257029757,0.01626042033813719,0.9875799663607643,0.9250866427774824,0.9948536887899507,0.017890310238154072,0.7205643284034131,0.017890310238154072
00829-QaLdnwvtxbs,0_0_74,545,wood,0_0,2.7959222053408994,0.10676392259343381,0.18916823987305056,0.23313374836734901,0.890328534668134,0.9024747092260952,0.9990535053032438,0.29042303911209605,0.7404318626774704,0.29042303911209605
00829-QaLdnwvtxbs,0_0_75,87,cat,0_0,6.072287124565552,0.6833028607591203,-1.6512207609313172,0.4555457404822553,0.9711026629510843,0.91942287731796,0.9967338657165301,0.511884907540418,0.511884907540418,0.7614468922938832
00829-QaLdnwvtxbs,0_0_76,82,cardboard,0_0,6.048716138594463,0.07858956908370067,2.1849795419172127,0.4343979179210551,0.7799452029120846,0.9922954367173042,0.9952755441806148,0.5639483324405,0.6987603192845886,0.5639483324405
00829-QaLdnwvtxbs,0_0_77,195,foam,0_0,4.303719219843715,0.27714543109790774,0.8812832603983737,0.06481575791843225,0.9548168082128237,0.8912423107460249,0.9643078978214618,0.07898580133554614,0.9039870702124112,0.07898580133554614
00829-QaLdnwvtxbs,0_0_78,431,sofa,0_0,5.056215889694411,0.2120477274001535,2.179834057805831,0.835370455071419,0.9536089213948301,0.907637778740539,0.999030279658381,0.966090007506729,0.966090007506729,0.9825533290033649
00829-QaLdnwvtxbs,0_0_79,133,curtain,0_0,4.961198984033324,0.9697246730566125,3.7462908103412027,0.8060901010637813,0.8808105357572542,0.9321374240249107,0.9909952126635286,0.9907169334284097,0.9907169334284097,0.9999804802265686
00829-QaLdnwvtxbs,0_0_8,248,headboard,0_0,6.672804201212061,1.700280564636998,0.3173954719718506,0.5101409115483874,0.9743997101939311,0.9694171068951211,0.999028394182088,0.5405856295740221,0.5405856295740221,0.9999667056517376
00829-QaLdnwvtxbs,0_0_80,133,curtain,0_0,5.803141362524458,0.9338717306039193,3.7803717488978794,0.8594055293417079,0.9851212627838342,0.9092615097327241,0.9792848177646551,0.9797395092743516,0.9797395092743516,0.9999251448111186
00829-QaLdnwvtxbs,0_0_81,82,cardboard,0_0,3.0524997294374496,0.8813048529104136,2.8423325445104823,0.5423483591042917,0.8055606554855,0.9733969325438696,0.9986548032776245,0.692587605830292,0.692587605830292,0.8471099675823988
00829-QaLdnwvtxbs,0_0_82,82,cardboard,0_0,3.9146471070971898,0.011356633292464087,3.49640411986153,0.46589283747496174,0.9629818680179191,0.9292902084112089,0.9923759730566026,0.5246145385198379,0.8000533098753754,0.5246145385198379
00829-QaLdnwvtxbs,0_0_83,82,cardboard,0_0,2.7378299823635395,0.8483963966667132,3.7035984480006263,0.42504537295861466,0.978057612933467,0.9414887342891158,0.8981877143251216,0.5139118322068776,0.5139118322068776,0.5471980287100976
00829-QaLdnwvtxbs,0_0_84,133,curtain,0_0,2.9174882562188547,1.090159370728556,3.694157083744884,0.9008622125852491,0.9764934632037771,0.9383012733937007,0.9951782859492456,0.9879747216792262,0.9879747216792262,0.999971611656709
00829-QaLdnwvtxbs,0_0_85,133,curtain,0_0,3.4101564568839833,1.1022969383831442,3.7438251781752974,0.900830374679287,0.9725106470869855,0.9384607414084736,0.9957083447965511,0.9912892589929232,0.9912892589929232,0.9999924291350383
00829-QaLdnwvtxbs,0_0_86,133,curtain,0_0,2.791659085171109,1.0089528451748369,3.6897090091952705,0.7868988742468885,0.9225028342895565,0.8869164107631767,0.9891741001618316,0.9722899292865668,0.9722899292865668,0.9873072031710532
00829-QaLdnwvtxbs,0_0_87,133,curtain,0_0,3.281389151889278,1.1490858490274307,3.763856380767926,0.8706093252704297,0.9594279715559123,0.9211200779932491,0.9948267042368775,0.9902554819638446,0.9902554819638446,0.9999927306993379
00829-QaLdnwvtxbs,0_0_88,195,foam,0_0,4.833618418191643,0.5557403412363879,3.0702660442146246,0.08339547713193748,0.9259068029673249,0.9427654079358601,0.9826918636212066,0.09721968812103744,0.7096818879326239,0.09721968812103744
00829-QaLdnwvtxbs,0_0_89,133,curtain,0_0,3.436143467088453,1.2390506158285917,3.7514888422538655,0.8349770466766033,0.9486533514462823,0.89138497962695,0.9960923029660229,0.9912931285342218,0.9912931285342218,0.9999910814972695
00829-QaLdnwvtxbs,0_0_9,248,headboard,0_0,6.634475686479399,1.790882261042848,0.3150479476787101,0.6549580301413215,0.9652768627915536,0.9642957187192854,0.9989395269373892,0.7043883072006368,0.7043883072006368,0.999980187510875
00829-QaLdnwvtxbs,0_0_90,351,pole,0_0,5.981437200406974,0.19535690465518282,3.4120392333165195,0.6856970663629214,0.9330309557315117,0.8720743076128528,0.9973005303875905,0.844999976252913,0.844999976252913,
00829-QaLdnwvtxbs,0_0_91,326,partial,0_0,6.303329223077371,1.1862814697255617,-1.6833034956380066,0.5253300843432422,0.9840268381742269,0.9554506060675896,0.9977198907046748,0.5600263456969929,0.5600263456969929,0.7709087691212647
00829-QaLdnwvtxbs,0_0_92,195,foam,0_0,5.441868797868367,0.3145711106902673,1.1839228792954113,0.02251493505227047,0.9652624207451039,0.9149014588919566,0.949195532752104,0.026859337358400175,0.751915948740269,0.026859337358400175
00829-QaLdnwvtxbs,0_0_93,545,wood,0_0,6.098650666552099,0.5411378931284448,1.5910805078692842,0.30044871844795434,0.9023368383870741,0.9265157162221913,0.9989826956439248,0.3597418070498444,0.5385789209769807,0.3597418070498444
00829-QaLdnwvtxbs,0_0_94,326,partial,0_0,6.089272319222759,1.026759566285703,2.1033158618801058,0.5815927037605482,0.9823037058603018,0.9109566781751397,0.9982424825589749,0.6510875557342315,0.6510875557342315,0.8054475548585429
00829-QaLdnwvtxbs,0_0_95,189,floor stand,0_0,6.051191165786822,0.07758790242642223,3.371446576251739,0.3783326584149079,0.6515540605830769,0.8815192841430087,0.9877028660350318,0.6669069525510685,0.6669069525510685,
00829-QaLdnwvtxbs,0_0_96,326,partial,0_0,6.073919094810542,0.9706021362453848,3.364903333506455,0.4653642535685104,0.9727348732674168,0.9464089698602887,0.9969490871851917,0.5070452359999706,0.5070452359999706,0.5965483552974981
00829-QaLdnwvtxbs,0_0_97,431,sofa,0_0,4.659098197434247,0.8050786123923821,2.897674691500791,0.6004600324840872,0.9488363265586522,0.9580793307339368,0.9910822629655714,0.6664715684043072,0.6664715684043072,0.9465547483764968
00829-QaLdnwvtxbs,0_0_98,82,cardboard,0_0,4.662627655925629,0.006034230630112705,3.135151908324294,0.4522639987077729,0.8912019108228452,0.9112920185938937,0.9569192811730876,0.5819464688263147,0.6396110586020773,0.5819464688263147
00829-QaLdnwvtxbs,0_0_99,82,cardboard,0_0,3.074688790487905,0.08998006792546605,2.3523728779707596,0.6030879249027341,0.9215993381581553,0.919537094641418,0.9985116324970271,0.7127153239298273,0.7127153239298273,0.8041404009995194
00829-QaLdnwvtxbs,0_1_0,82,cardboard,0_1,3.244685904720073,1.1221722591835077,-2.4077036306115365,0.5718477498316572,0.965679924356453,0.9286383375189846,0.9995505759949682,0.6379634984416827,0.9201580911848544,0.6379634984416827
00829-QaLdnwvtxbs,0_1_1,195,foam,0_1,5.798189837780844,0.70628028100241,-3.2123150590394944,0.803351516904537,0.9774552790338964,0.9613759661155152,0.9984678875601036,0.8562120960658424,0.8562120960658424,0.964783542963174
00829-QaLdnwvtxbs,0_1_10,326,partial,0_1,5.7445284716340925,0.4280629559538878,-3.613611005601626,0.38617436620730633,0.9742440891196037,0.9355392905231021,0.9986728442330587,0.42425834212959096,0.561979901956111,0.42425834212959096
00829-QaLdnwvtxbs,0_1_100,82,cardboard,0_1,5.5754651620587845,1.891651166119524,-2.479745241508941,0.5845632369497578,0.9357142069989933,0.9321640736964631,0.9996760855371464,0.6704040232365638,0.9398264561842121,0.6704040232365638
00829-QaLdnwvtxbs,0_1_101,326,partial,0_1,5.425457749344953,0.482124343954606,-4.540541372681462,0.25687802467235704,0.9660942745586957,0.9612005535217978,0.9977737116033898,0.27724350138246967,0.6747429050024892,0.27724350138246967
00829-QaLdnwvtxbs,0_1_102,158,drawer,0_1,4.593696743073024,0.5650260665918218,-4.628754213128494,0.743323404310519,0.9578431760164279,0.9336303845414808,0.9996327920604586,0.8315108609170753,0.8315108609170753,0.9998346431096253
00829-QaLdnwvtxbs,0_1_103,82,cardboard,0_1,3.7765214332332437,0.5698275191485709,-2.4611587870548948,0.632620838996362,0.9786264434602098,0.949624921766864,0.9976674027491244,0.6823208791307096,0.7146582626282003,0.6823208791307096
00829-QaLdnwvtxbs,0_1_11,326,partial,0_1,6.296900010147342,1.5359200732486722,-3.5907612548328474,0.4285719328059602,0.9748483980972631,0.9388802624348535,0.9972459068451953,0.46954170391901856,0.5685319980950014,0.46954170391901856
00829-QaLdnwvtxbs,0_1_12,203,footstool,0_1,4.469609110003398,0.4007556367283661,-3.485860099394874,0.020804311307732762,0.9919039778951515,0.9229958065767201,0.9990166488784538,0.022746325939044326,0.6671481895780309,0.022746325939044326
00829-QaLdnwvtxbs,0_1_13,108,cloth holder,0_1,5.94576851045425,1.0048895581189794,-4.577516943822427,0.585004037127901,0.952490770395311,0.9238164421163115,0.9763743075649506,0.6809199470733844,0.6809199470733844,0.9999999499492495
00829-QaLdnwvtxbs,0_1_14,158,drawer,0_1,4.547367549729566,0.7540584324442617,-4.676146326340495,0.708461103935071,0.9847959053025528,0.9326030803044141,0.9996625479771118,0.7716484889451753,0.7716484889451753,0.9996982875701171
00829-QaLdnwvtxbs,0_1_15,106,closet door,0_1,6.32369179782254,0.8408418337875262,-4.2206809732038115,0.6912376093032783,0.9699812821748237,0.9410879418074073,0.9985222247879748,0.7583611233976274,0.7583611233976274,0.9155951192901864
00829-QaLdnwvtxbs,0_1_16,326,partial,0_1,6.001064684529502,1.2616630604793448,-3.5604179914430456,0.4504050397992383,0.9429992142809694,0.9247799940596113,0.9974116123420487,0.5178202908867144,0.5178202908867144,0.8052760124213633
00829-QaLdnwvtxbs,0_1_17,326,partial,0_1,5.174515563870612,1.5078347846669768,-4.8709658100282525,0.13195148642980836,0.9207844926478056,0.9127121147653887,0.9991539768417026,0.1571411958974431,0.7424375952929206,0.1571411958974431
00829-QaLdnwvtxbs,0_1_18,13,artwork,0_1,5.011555884612212,1.604912700034668,-5.087990030581401,0.8861061870207388,0.9781672645982726,0.966372649486807,0.9991580039312856,0.9381965738914964,0.9381965738914964,0.999939653928297
00829-QaLdnwvtxbs,0_1_19,158,drawer,0_1,4.90700280252837,0.5430732850299046,-4.630672814683916,0.7865502199708371,0.9598623817462104,0.9181834552050134,0.9997520254734594,0.8926798459413277,0.8926798459413277,0.999907410551942
00829-QaLdnwvtxbs,0_1_2,82,cardboard,0_1,3.608312260257142,2.3951655668562477,-2.4737921419694753,0.5003054935952584,0.981795935105023,0.9583967812347787,0.9987523064067044,0.5323667222306321,0.605432382594861,0.5323667222306321
00829-QaLdnwvtxbs,0_1_20,87,cat,0_1,5.6433526047092775,1.5599473803248212,-4.697025917915478,0.44395211823131714,0.9429041976052321,0.9577240798783183,0.9584469845375457,0.5129323154267076,0.5129323154267076,0.9975870647994016
00829-QaLdnwvtxbs,0_1_21,87,cat,0_1,6.153543353890918,0.2778289279254249,-4.473145579741909,0.7281433609381716,0.9359685281507013,0.9168693918465103,0.9973080433122186,0.8507830946933329,0.8507830946933329,0.980991823875851
00829-QaLdnwvtxbs,0_1_22,326,partial,0_1,4.201697526755229,1.6046637115545686,-5.081845667418548,1.9673245502190005e-05,0.9849128855890671,0.9134272445020042,0.9853780693376282,2.2192250135327046e-05,0.6910750041292414,2.2192250135327046e-05
00829-QaLdnwvtxbs,0_1_23,195,foam,0_1,3.112524994066346,0.9828287905264003,-3.70834024823637,0.034842497547413975,0.9336349397424669,0.9184286576364036,0.9992731641818299,0.04066329162153818,0.5393509142416398,0.04066329162153818
00829-QaLdnwvtxbs,0_1_24,158,drawer,0_1,4.016777005087753,0.688832492996805,-4.623944290901296,0.5084972528766821,0.9296665864094855,0.9224823896636556,0.9996713788564352,0.5931247498509642,0.5931247498509642,0.99946449831705
00829-QaLdnwvtxbs,0_1_25,82,cardboard,0_1,5.681455336452927,0.18346313182194898,-3.651505607332239,0.59076487267419,0.9856731544907754,0.9405371545641598,0.9985797138829954,0.6381503914881558,0.6381503914881558,0.6723507318222283
00829-QaLdnwvtxbs,0_1_26,82,cardboard,0_1,3.66880010667471,1.27976862751463,-4.759035243960965,0.7267692373937923,0.9622497056794436,0.9169420279868051,0.9988524140352006,0.8246421833439895,0.9128249980838781,0.8246421833439895
00829-QaLdnwvtxbs,0_1_27,127,countertop item,0_1,4.480567680351604,1.08787901634925,-4.981448277561207,0.10155266887059494,0.9907016027154345,0.9234537652769075,0.9813864699294722,0.1131079817865471,0.6861362070593723,0.1131079817865471
00829-QaLdnwvtxbs,0_1_28,244,handle,0_1,3.465100208735119,0.049762148677057,-4.529673106058226,0.463162668542109,0.9810215742437358,0.929814234901297,0.9935458162449196,0.5110588337677128,0.5110588337677128,0.8360013393119371
00829-QaLdnwvtxbs,0_1_29,13,artwork,0_1,4.329212784026479,1.2453788340253382,-5.109709302756751,0.05537848803353526,0.9801348571012872,0.9082320948362044,0.9995834925122363,0.062235665730553544,0.6060582051686422,0.062235665730553544
00829-QaLdnwvtxbs,0_1_3,82,cardboard,0_1,5.400184661849446,0.765983360280547,-2.5633332262878414,0.7023852935819362,0.9338804640598931,0.9358974018718036,0.9995992337327592,0.8039517098184427,0.9099813347489383,0.8039517098184427
00829-QaLdnwvtxbs,0_1_30,82,cardboard,0_1,3.3972164451557174,0.7099015948510087,-4.540554505282197,0.3594103095487174,0.7981540769861456,0.9920329356792457,0.9979917982886914,0.45483170546623897,0.7415952329151098,0.45483170546623897
00829-QaLdnwvtxbs,0_1_31,48,book,0_1,5.078063682966225,1.1001545748253072,-4.939041818807656,0.16801777940948595,0.9682163092875542,0.9134433518500078,0.9995862776083321,0.1900557187169757,0.9783676806852035,0.1900557187169757
00829-QaLdnwvtxbs,0_1_32,451,stick,0_1,3.286855211569234,0.8264091615776346,-4.856736018043518,0.07029922753199495,0.9754029492268419,0.9067709385938889,0.9965741552453404,0.07975524904641552,0.6219764508499016,0.07975524904641552
00829-QaLdnwvtxbs,0_1_33,158,drawer,0_1,4.2597131704621,0.4511144591708293,-4.627451549028011,0.7900310934485923,0.9752818349362137,0.9464566379152549,0.9998115421564635,0.8560422135619519,0.8560422135619519,0.9999074720054355
00829-QaLdnwvtxbs,0_1_34,195,foam,0_1,4.443299349774198,0.4848608443388104,-3.6258537117807226,9.107450862134566e-05,0.9027275769316443,0.8813021580270746,0.9989655980133577,0.00011459476044520285,0.5245852424377214,0.00011459476044520285
00829-QaLdnwvtxbs,0_1_35,326,partial,0_1,6.335389623452593,1.4436690697698906,-2.7959625345771926,0.3126065405790446,0.9174940526086327,0.9431222807249091,0.9994254137517397,0.3614734541076066,0.5953907211440652,0.3614734541076066
00829-QaLdnwvtxbs,0_1_36,48,book,0_1,3.893164492765305,1.0906759121979206,-4.954867779257583,0.15502772559322198,0.9277219270759537,0.9466394087122434,0.9941348609605608,0.17756676009360925,0.7905283902828119,0.17756676009360925
00829-QaLdnwvtxbs,0_1_37,244,handle,0_1,6.317202539930506,0.8654141994674053,-3.340111739421924,0.7730535066498179,0.966086922129159,0.9518874747082569,0.9982399933120341,0.8421176575694308,0.8425012001406469,0.8421176575694308
00829-QaLdnwvtxbs,0_1_38,326,partial,0_1,6.337111890848773,1.373466693008432,-2.97408833622683,0.22474184869661024,0.8996334107147632,0.9107840990239411,0.9959668403347166,0.27539627004498507,0.7524533602542828,0.27539627004498507
00829-QaLdnwvtxbs,0_1_39,82,cardboard,0_1,6.319708821693165,0.24967423070768813,-2.7171463796360102,0.0012020983397699307,0.9600164740116974,0.932250724706009,0.967879267294302,0.0013877377264792773,0.8864199485093438,0.0013877377264792773
00829-QaLdnwvtxbs,0_1_4,93,ceiling chassis,0_1,5.621138705874405,1.921659488529751,-3.809878240392314,0.5349811310395648,0.8964890893445246,0.8784216412550825,0.9975745537197148,0.6809967932944359,0.6809967932944359,0.9545014274656451
00829-QaLdnwvtxbs,0_1_40,106,closet door,0_1,6.300856769336786,1.757877757228175,-4.349008093287401,0.043890336907869545,0.8879308527157286,0.9416287385848694,0.9980686723061908,0.052595627296625896,0.703122651788394,0.052595627296625896
00829-QaLdnwvtxbs,0_1_41,87,cat,0_1,6.19621178881019,1.7504240911524573,-4.8140925289344025,0.7902202253917237,0.9865453100616561,0.8833263928428547,0.9908809363365398,0.915141867848303,0.915141867848303,0.9873998589374325
00829-QaLdnwvtxbs,0_1_42,82,cardboard,0_1,6.315122450390356,0.12038883848843503,-2.8007104286050652,0.0003363054551323919,0.8610755614885667,0.9334460238814246,0.9458351438482929,0.00044237236778760914,0.5245884114362005,0.00044237236778760914
00829-QaLdnwvtxbs,0_1_43,48,book,0_1,5.759826553875357,0.17220408992182873,-2.6208714825741892,8.404062574528764e-06,0.9263140429280267,0.9817682153820861,0.974780379492114,9.48015160494206e-06,0.5320460375941528,9.48015160494206e-06
00829-QaLdnwvtxbs,0_1_44,82,cardboard,0_1,6.337443964532678,0.9342578358939557,-3.067246896381057,0.19572337229596978,0.973569892496725,0.9134381895257924,0.9978692146182966,0.22055797504501584,0.7090234519766572,0.22055797504501584
00829-QaLdnwvtxbs,0_1_45,302,mirror,0_1,6.337946285202123,1.4310558130739108,-3.2032344966688484,0.5018157104529524,0.8979178752806094,0.9212865160228453,0.998675842566233,0.6074190061476853,0.6074190061476853,0.6905662090506494
00829-QaLdnwvtxbs,0_1_46,326,partial,0_1,6.335519805766445,1.310990484402345,-2.8022804128124386,0.46890254651156515,0.9788464481024077,0.9253195625681674,0.9981170044433122,0.518674412464942,0.6858238977679044,0.518674412464942
00829-QaLdnwvtxbs,0_1_47,82,cardboard,0_1,6.343012684235394,2.0731738964554833,-4.1706015331761535,0.6295609447983612,0.9630156144712267,0.9336920502275367,0.998933237775293,0.7009133384170955,0.7009133384170955,0.7707230210971708
00829-QaLdnwvtxbs,0_1_48,283,lighter,0_1,4.454397641977102,2.2176928625343733,-3.645919381886434,0.48906782882824906,0.9371238040617654,0.9170594549230693,0.9820927562097542,0.579458216557457,0.579458216557457,
00829-QaLdnwvtxbs,0_1_49,195,foam,0_1,6.142146644185326,0.800769347400403,-3.4537624161280847,0.6718666461693408,0.9424745594266972,0.9708588367556013,0.9975914191022037,0.7360454849344001,0.7360454849344001,0.938571691905785
00829-QaLdnwvtxbs,0_1_5,326,partial,0_1,6.337873840667036,1.8868152045118327,-3.2163500379621,0.48845447400158354,0.9390443476925701,0.91901937630142,0.9958533417971389,0.5683527109953866,0.6730147917309871,0.5683527109953866
00829-QaLdnwvtxbs,0_1_50,82,cardboard,0_1,3.949374679818687,2.283054260649326,-4.202211851241369,0.01141877559862057,0.940958428828277,0.9434665705622436,0.9895452993633691,0.012998310428994521,0.8282572314961685,0.012998310428994521
00829-QaLdnwvtxbs,0_1_51,316,overhang,0_1,4.492135037908471,2.2782164812281414,-3.54525612712938,0.15464571054991108,0.9464436181573843,0.914643103996742,0.9935238739508189,0.17980971778563684,0.6151582153634522,0.17980971778563684
00829-QaLdnwvtxbs,0_1_52,326,partial,0_1,6.314752154667116,1.9278478907165155,-3.4518077900738042,0.5562265640923681,0.9597709609270493,0.9273244826558965,0.9974840721164893,0.6265365693877345,0.6464597929292148,0.6265365693877345
00829-QaLdnwvtxbs,0_1_53,100,chest,0_1,6.258245613904675,0.5719787906840681,-4.178104562109934,0.2664495387670646,0.9749215862194056,0.9501554997037894,0.996800738676546,0.288564065986152,0.6102543940300472,0.288564065986152
00829-QaLdnwvtxbs,0_1_54,82,cardboard,0_1,3.486005309450283,2.122115118050425,-4.514254232094598,0.38288869287208,0.7939433842374567,0.9999999999999999,0.9988485492458233,0.48281790136500646,0.9016235365529354,0.48281790136500646
00829-QaLdnwvtxbs,0_1_55,93,ceiling chassis,0_1,3.900495218910279,2.2880635274938075,-4.574735791728071,0.6599734192242979,0.9768177385256933,0.9229329524646186,0.9978520712956364,0.7336291704924528,0.7336291704924528,0.9890205492603382
00829-QaLdnwvtxbs,0_1_56,82,cardboard,0_1,4.5057365717166835,2.27817684831909,-4.0978056435665176,0.0035572114114104,0.7919057467803167,0.9276421968050395,0.9951783785148174,0.004865805608773974,0.6947706101848554,0.004865805608773974
00829-QaLdnwvtxbs,0_1_57,158,drawer,0_1,4.820105859861105,0.690319227056568,-4.629955529166133,0.7516898736014124,0.9428365458540142,0.9368495354713238,0.9995399131121446,0.8513973712859845,0.8513973712859845,0.9997131249180293
00829-QaLdnwvtxbs,0_1_58,158,drawer,0_1,4.787459591755042,0.44413910899891273,-4.629815355654505,0.7769592308992905,0.9135054345104553,0.9875339163667922,0.9996599386320033,0.8615545635571892,0.8615545635571892,0.9999339137485858
00829-QaLdnwvtxbs,0_1_59,82,cardboard,0_1,3.886303300908355,0.9587380098697869,-4.622618086871665,0.006136319193273426,0.9405460943354556,0.9531071160535152,0.9994236816992393,0.006849147354587477,0.8573136962128618,0.006849147354587477
00829-QaLdnwvtxbs,0_1_6,326,partial,0_1,6.33892212125799,1.401764337236288,-3.4402425728640162,0.24608983828908498,0.8177311667080583,0.9465323355814635,0.9983276696866532,0.3184744286033112,0.902161400635957,0.3184744286033112
00829-QaLdnwvtxbs,0_1_60,82,cardboard,0_1,6.020033263661626,-0.009518440345595689,-4.167477660498102,0.3058806977559196,0.9235004205649594,0.9163505670876789,0.9985380189217499,0.36198345140666693,0.8095527133786209,0.36198345140666693
00829-QaLdnwvtxbs,0_1_61,244,handle,0_1,6.321894338697516,1.6465714532284772,-3.847004595933052,0.32152311985595067,0.8905994461079438,0.8994019547540675,0.9450428124209881,0.42474128449198784,0.80435449725849,0.42474128449198784
00829-QaLdnwvtxbs,0_1_62,82,cardboard,0_1,6.337926767701718,0.9309304724882866,-3.2031593084438175,0.13509981568417725,0.9718005651358458,0.8996176338117265,0.9971174263252387,0.15497917447915183,0.7594099768217825,0.15497917447915183
00829-QaLdnwvtxbs,0_1_63,127,countertop item,0_1,4.7493601381842705,1.0703100039659161,-4.8224160870570465,0.833134027589211,0.9571847540631635,0.944729176256985,0.9990738102597496,0.9221768116506356,0.9221768116506356,0.9832542853547789
00829-QaLdnwvtxbs,0_1_64,82,cardboard,0_1,5.665966856746764,1.2664531634969833,-3.700427901969334,0.6683651331919613,0.977108652256147,0.944085434982846,0.9992767661970855,0.7250598209063155,0.7250598209063155,0.7448450187881703
00829-QaLdnwvtxbs,0_1_65,13,artwork,0_1,4.812591501908534,2.066051919194146,-5.115421224769361,0.6692740060516223,0.9735222220015599,0.9540763326110873,0.9997555364021795,0.720744186334735,0.7846721665992632,0.720744186334735
00829-QaLdnwvtxbs,0_1_66,316,overhang,0_1,6.115556065580826,2.2807342853274357,-3.022797581116142,0.1492832611317414,0.8751840116579387,0.8922301232614325,0.9945222799025908,0.19222963443752197,0.6276858902723417,0.19222963443752197
00829-QaLdnwvtxbs,0_1_67,82,cardboard,0_1,6.116141179772589,2.2818685803808436,-4.223710913172319,0.03505413492112513,0.9311357520891245,0.9173180930434834,0.9959747499738653,0.04120576333331479,0.6334370911122154,0.04120576333331479
00829-QaLdnwvtxbs,0_1_68,87,cat,0_1,6.33784197737099,1.1445918735311895,-3.1191916069961514,0.4921011512956203,0.938170738473083,0.9668815624429336,0.9988075715237827,0.543147010249203,0.7515580723257244,0.543147010249203
00829-QaLdnwvtxbs,0_1_69,326,partial,0_1,6.257614427803179,1.2721133140394527,-2.5942539382477823,0.48636477259709215,0.835577734708786,0.970699057137362,0.9951126082079284,0.6025851375585686,0.787614985559693,0.6025851375585686
00829-QaLdnwvtxbs,0_1_7,82,cardboard,0_1,3.3793679517510524,1.6839854764221847,-2.477886783291214,0.5320789187528084,0.980457272048375,0.9517554884508082,0.999163330176307,0.570670605940085,0.847544505372623,0.570670605940085
00829-QaLdnwvtxbs,0_1_70,326,partial,0_1,5.413765248248851,1.5549603457543815,-4.606101115371762,0.22179356998843108,0.9064351471377091,0.9711925891470299,0.9974820809974182,0.2525816243843476,0.5234237619093253,0.2525816243843476
00829-QaLdnwvtxbs,0_1_71,82,cardboard,0_1,6.244608408374226,1.917433368795167,-2.6974266002443295,0.5933531560068015,0.8910004453237622,0.9494927607327978,0.9989342045344867,0.702112643269819,0.702112643269819,0.7500180029778729
00829-QaLdnwvtxbs,0_1_72,326,partial,0_1,5.451858769832729,1.0898074392721573,-4.519842425067039,0.33301946937697297,0.9600074216906627,0.9425017847099878,0.9961721119116548,0.36946939830746794,0.6937503257792352,0.36946939830746794
00829-QaLdnwvtxbs,0_1_73,82,cardboard,0_1,5.709560673385419,0.04633504857056774,-3.733359949416787,0.21914891944470447,0.9659186381598314,0.938856966123272,0.9978424549310934,0.24217949910732336,0.7148261053792841,0.24217949910732336
00829-QaLdnwvtxbs,0_1_74,326,partial,0_1,6.170775086981816,-0.008267632219815774,-3.808323958786015,0.07587250937554248,0.9054497209462252,0.9711101399071955,0.9845695513912467,0.08764057518241285,0.6091595482081109,0.08764057518241285
00829-QaLdnwvtxbs,0_1_75,244,handle,0_1,6.329717011030836,1.0692079093245457,-2.7464135372482197,0.6003172885115162,0.9723466358939356,0.9658444967842079,0.9970728213526475,0.6410998081809064,0.8329293462643558,0.6410998081809064
00829-QaLdnwvtxbs,0_1_76,244,handle,0_1,6.335442574888121,1.6649569534965636,-3.8824831712063514,0.3348506951617731,0.9638035128666803,0.950586876729289,0.923645615490136,0.3956995101437363,0.909052835978327,0.3956995101437363
00829-QaLdnwvtxbs,0_1_77,108,cloth holder,0_1,6.210525151171575,1.1945013317858935,-4.537790979764661,0.5370760509220869,0.9764120237661057,0.9098239419454992,0.9710054280513156,0.6226208347705428,0.6226208347705428,0.9999993651817833
00829-QaLdnwvtxbs,0_1_78,108,cloth holder,0_1,5.9085992019704605,0.4916801139606654,-4.477700210393245,0.5075640823309292,0.9349828690842372,0.926000425910207,0.9691360382987141,0.6049107437634063,0.6049107437634063,0.9999953555810528
00829-QaLdnwvtxbs,0_1_79,82,cardboard,0_1,4.966700841393218,-0.008930648368143258,-3.8319346077510708,0.6066855897279504,0.9616548227725057,0.958998817102402,0.9919090567682093,0.6632153027606498,0.7647362963091157,0.6632153027606498
00829-QaLdnwvtxbs,0_1_8,545,wood,0_1,4.577612380925739,2.0862848708460597,-2.5347689430667777,0.15982696006843422,0.9899312495849908,0.9267900678942471,0.9949101886088489,0.17509742357950045,0.6381621116245738,0.17509742357950045
00829-QaLdnwvtxbs,0_1_80,82,cardboard,0_1,5.855758179839774,0.7260125197577988,-3.775116399905943,0.4033344096387716,0.918578138045477,0.9106854416512498,0.9823475052308598,0.4908125159831507,0.903799239208181,0.4908125159831507
00829-QaLdnwvtxbs,0_1_81,82,cardboard,0_1,5.794002046100974,0.31884356490120985,-3.752960880359173,0.38041919398278484,0.9535334305720383,0.9719539361229682,0.9980643781143542,0.41126548073911806,0.937715572680059,0.41126548073911806
00829-QaLdnwvtxbs,0_1_82,82,cardboard,0_1,5.665362232347299,0.4423411836536749,-3.710357173318683,0.6460816203982048,0.9434336182576721,0.9041244680401141,0.9990339585890528,0.7581716924896678,0.8191868867831166,0.7581716924896678
00829-QaLdnwvtxbs,0_1_83,480,tissue,0_1,3.973889621957442,0.011179893045868094,-4.070541157618122,0.09889597009918351,0.755252707222281,0.9845060961336798,0.9648204345876029,0.13785464413458035,0.5238571357308943,0.13785464413458035
00829-QaLdnwvtxbs,0_1_84,82,cardboard,0_1,5.851724667736122,-0.013434982818487594,-3.3902557347934232,0.3790185493044395,0.8793209945162138,0.984330833962994,0.9976913902984801,0.43891023532901013,0.8856825076914203,0.43891023532901013
00829-QaLdnwvtxbs,0_1_85,82,cardboard,0_1,3.332520753548318,1.0777062973604283,-2.602674879213637,0.5834266516553854,0.9223248797666023,0.924185222176296,0.9998307152356676,0.6845683972435864,0.9558650186447688,0.6845683972435864
00829-QaLdnwvtxbs,0_1_86,127,countertop item,0_1,3.879719003087365,1.070843335550665,-4.731698714566442,0.5432053937153469,0.9110741644506414,0.9132672657661405,0.9972954396477544,0.654619016844459,0.654619016844459,0.9418039419591647
00829-QaLdnwvtxbs,0_1_87,82,cardboard,0_1,4.555384101289994,0.9155914769701717,-4.627945521604196,0.0004509270905120095,0.7913111871143558,0.9627848118728829,0.9992568736927074,0.0005923148851942004,0.5634336736307471,0.0005923148851942004
00829-QaLdnwvtxbs,0_1_88,82,cardboard,0_1,3.0488698070898446,2.2898966304096464,-3.4948875336797873,0.06568407041007293,0.9237098222064695,0.9901275798149374,0.9953994930049898,0.0721499315157611,0.6415321711320171,0.0721499315157611
00829-QaLdnwvtxbs,0_1_89,545,wood,0_1,3.4727715033593816,0.06491547795220189,-2.6275142612871325,0.3270888994843509,0.69716309809259,0.9639462321180733,0.9979236086965212,0.4877320635701858,0.6953016454351628,0.4877320635701858
00829-QaLdnwvtxbs,0_1_9,82,cardboard,0_1,3.1743681950973603,1.6139265897773163,-2.474255748641376,0.4411686406188726,0.9411539169440875,0.8830654586360029,0.9992787319929554,0.5312077937436561,0.8531010357124175,0.5312077937436561
00829-QaLdnwvtxbs,0_1_90,545,wood,0_1,3.80734544946253,1.1502366070727086,-2.5422586685361783,0.19370463108107688,0.8944370693516457,0.9852326385608468,0.9981945679519574,0.22020958638858706,0.638957949564272,0.22020958638858706
00829-QaLdnwvtxbs,0_1_91,82,cardboard,0_1,3.5464284876481225,1.4470304354917505,-4.70168933583508,0.7851184593543381,0.9790360751251379,0.9459157384264789,0.9989015151074678,0.84871400810672,0.9326057163870615,0.84871400810672
00829-QaLdnwvtxbs,0_1_92,82,cardboard,0_1,3.287574968395921,2.113551672421591,-3.659646157131186,0.4857806291653085,0.9137356443703174,0.9364677343132983,0.9984421480096523,0.5685961329971971,0.5685961329971971,0.6785727763079987
00829-QaLdnwvtxbs,0_1_93,82,cardboard,0_1,3.4553406767326598,2.2876333600952927,-2.913823739238922,0.05048539266863542,0.738859224650595,0.9514164560925765,0.9953994927681776,0.07214993840204859,0.6415320965629868,0.07214993840204859
00829-QaLdnwvtxbs,0_1_94,82,cardboard,0_1,3.282364952622439,1.002458407482959,-3.635484997666947,0.6215122016097941,0.9042036649123877,0.8956035819501864,0.99954170215921,0.767832792891756,0.9124569899273676,0.767832792891756
00829-QaLdnwvtxbs,0_1_95,326,partial,0_1,5.351469601606749,1.985930122296623,-2.6074910745678666,0.13210738793710428,0.9697663221423358,0.9388708675511596,0.8264633294352364,0.1755620145961401,0.6409586338571881,0.1755620145961401
00829-QaLdnwvtxbs,0_1_96,82,cardboard,0_1,3.4274543643549884,0.0016054889209417636,-2.8291154450066798,0.19519321520864122,0.9765812083984715,0.9524285491220628,0.9995068556718627,0.20996077749234565,0.8548834843676166,0.20996077749234565
00829-QaLdnwvtxbs,0_1_97,0,acoustic panel,0_1,5.501036239465608,1.4362842774865285,-2.61186791764381,0.4073076057645369,0.9556173180291294,0.9637476867161502,0.9943079157468135,0.44478922995882664,0.8005003227693267,0.44478922995882664
00829-QaLdnwvtxbs,0_1_98,82,cardboard,0_1,5.144972141800403,1.4512137737533441,-2.6264288518453722,0.5624686828346004,0.9777392503377558,0.9597573274143767,0.997183992221275,0.6010886981168606,0.6010886981168606,0.6418393449908028
00829-QaLdnwvtxbs,0_1_99,545,wood,0_1,5.123739977587852,1.9257605924676686,-2.5056054849141565,0.0812614500735583,0.834072093963623,0.9421517376911471,0.9968302567536721,0.10373824863956106,0.5581736049883032,0.10373824863956106
00829-QaLdnwvtxbs,0_2_0,13,artwork,0_2,-0.7406703182863577,1.4953039819447393,-1.124347524611857,0.5663509717596945,0.9705196102775184,0.9220584014529631,0.9971150235349046,0.6347133686341759,0.6347133686341759,0.8814010134034224
00829-QaLdnwvtxbs,0_2_1,93,ceiling chassis,0_2,-0.46199607311383506,2.360605592258914,-1.1547449341102456,0.6868159360889798,0.9825597573570112,0.8635111598155571,0.99870027159199,0.8105471219387311,0.8247121044361491,0.8105471219387311
00829-QaLdnwvtxbs,0_2_10,13,artwork,0_2,-0.4303822545585218,1.2610292850093014,-1.1264817438727612,0.5295561307553508,0.9808253814897151,0.9088244627007174,0.9973088893060165,0.5956766905343572,0.5956766905343572,0.8508152718052615
00829-QaLdnwvtxbs,0_2_100,229,grab bar,0_2,0.2495726947933447,1.059648338192127,-1.3121272616323263,0.629226736728302,0.9277319466287182,0.9408412436939142,0.9885928962129773,0.7292069908025037,0.7292069908025037,
00829-QaLdnwvtxbs,0_2_101,478,tile,0_2,-0.4648571344500202,1.930676410208003,-1.284474144784488,0.5644688864828213,0.9290947461098131,0.9491524237238153,0.9999795857083852,0.6401074903775841,0.952933066924081,0.6401074903775841
00829-QaLdnwvtxbs,0_2_102,478,tile,0_2,-0.4506202418135377,1.5490964572653338,-1.2856576387944616,0.004239958855236958,0.9174930812038992,0.9221807453758227,0.9999822302886581,0.005011301258236982,0.836861328406957,0.005011301258236982
00829-QaLdnwvtxbs,0_2_103,478,tile,0_2,-0.841678839303108,0.8007581592461361,-1.2814536901886633,0.036294593870017856,0.9087556732452452,0.9563403897637184,0.9999927480654981,0.04176240083780164,0.8838941267854822,0.04176240083780164
00829-QaLdnwvtxbs,0_2_104,412,shower,0_2,0.5959678574928878,0.3551926018800189,-1.2914526101714914,0.662079155579291,0.9312720867396562,0.9618002008974917,0.9999949524529637,0.7391807661997938,0.7391807661997938,0.9999817802759802
00829-QaLdnwvtxbs,0_2_105,478,tile,0_2,-1.060419536685778,0.34579671009852087,-1.8441009056504234,0.7433227965095647,0.8430159020073273,0.8927132466107299,0.999986213200195,0.9877241981813802,0.9906935460763994,0.9877241981813802
00829-QaLdnwvtxbs,0_2_106,412,shower,0_2,0.7340382965501109,1.0511160570191111,-1.7387648601759542,0.7633227560208892,0.9749606567774868,0.9674843668994348,0.999982158304582,0.8092541056310211,0.8092541056310211,0.9999907184984382
00829-QaLdnwvtxbs,0_2_107,412,shower,0_2,0.15114566792509793,0.35312076843039664,-1.2928146484451943,0.5952379368916018,0.8862634383574377,0.955318446698352,0.999994886454547,0.7030428993669249,0.7030428993669249,0.9999943100644669
00829-QaLdnwvtxbs,0_2_108,478,tile,0_2,-0.4436217489256117,0.9493479129226109,-1.2875553252290164,0.000982342979048429,0.9499744452553017,0.9514213836388972,0.9999921252895954,0.0010868803437294005,0.7113221267656444,0.0010868803437294005
00829-QaLdnwvtxbs,0_2_109,412,shower,0_2,0.4993107746998885,0.9149330632454333,-1.2904425271352562,0.730217623762479,0.9367905232364917,0.951003275026295,0.9999971693313223,0.8196511235613355,0.8196511235613355,0.9999992660406449
00829-QaLdnwvtxbs,0_2_11,326,partial,0_2,0.84804707537517,1.1217044113033487,-1.142157716184489,0.34297599454233096,0.8698852052932774,0.9085680348125049,0.9993977163754069,0.43421615103953276,0.6400014142734174,0.43421615103953276
00829-QaLdnwvtxbs,0_2_110,478,tile,0_2,-1.0611966973957745,0.4133095794878721,-2.3279234989864204,0.8996462705494712,0.9525014928665126,0.9517098036096785,0.9999747265277483,0.9924589491078218,0.9924589491078218,0.9983642434494125
00829-QaLdnwvtxbs,0_2_111,478,tile,0_2,-1.0621941396405075,1.5560311959045323,-2.294838385256617,0.7106562928844005,0.7568189769983291,0.9430417015242896,0.9999489635477189,0.9957695928990896,0.9957695928990896,0.9996696677003714
00829-QaLdnwvtxbs,0_2_112,478,tile,0_2,-1.0634615477830638,0.9191010562304041,-2.301480444622471,0.8433902090462749,0.8952217050417579,0.9495939305679706,0.9999740948560465,0.9921361455273366,0.9921361455273366,0.9983688756313568
00829-QaLdnwvtxbs,0_2_113,478,tile,0_2,-0.8389322609893406,0.028815912464481286,-1.8657789572291554,0.794209296507364,0.8852621131804254,0.9381305364486506,0.999865628460756,0.9564409815200811,0.997272230527252,0.9564409815200811
00829-QaLdnwvtxbs,0_2_114,478,tile,0_2,-1.0594869291452533,1.5639366146935114,-1.8670880186155936,0.8511677298228795,0.8977044270646692,0.9523844179177914,0.9999724688893145,0.9955921382786918,0.9955921382786918,0.996660369118714
00829-QaLdnwvtxbs,0_2_115,478,tile,0_2,-1.0582759073534853,0.9434410911065823,-1.8749680664323953,0.9362020557494597,0.97835081250829,0.9595466227293197,0.9999672727806573,0.997293785233877,0.997293785233877,0.9980267893289004
00829-QaLdnwvtxbs,0_2_116,478,tile,0_2,-0.6612786377682797,0.9381201996135665,-2.449874081350018,0.6815882306112784,0.9827700509725462,0.9555227104934021,0.9993102464388874,0.7263213581686231,0.7263213581686231,0.9810062729721505
00829-QaLdnwvtxbs,0_2_117,420,sink,0_2,-0.5233765552961106,0.8252718808695287,-3.1584470117085908,0.8280198749568558,0.9093331126432382,0.9729903549846584,0.9999803579767235,0.9358747943108414,0.9358747943108414,0.9999241294354654
00829-QaLdnwvtxbs,0_2_118,420,sink,0_2,-0.9436720799762739,0.8420722350920896,-3.992080242073452,0.7679374553348609,0.8750060589402894,0.904187828084791,0.9999351747996527,0.9706983419837312,0.9706983419837312,0.999759457764828
00829-QaLdnwvtxbs,0_2_119,478,tile,0_2,-0.6004792602069028,0.0003197071016950289,-3.6013932231367933,0.6986449751161391,0.9799609559116257,0.9412723827204278,0.9994399586873904,0.7578368892528713,0.7879889072255795,0.7578368892528713
00829-QaLdnwvtxbs,0_2_12,82,cardboard,0_2,1.0840445657999542,1.0836872626613838,-1.27175434639256,0.012352178120735434,0.9575023852288723,0.9302480488653668,0.9969502560480076,0.013910137536571934,0.5321077100278506,0.013910137536571934
00829-QaLdnwvtxbs,0_2_120,478,tile,0_2,-0.10142142462549207,0.0048922043616876874,-4.0486792180513,0.6324416853063579,0.9527944006726273,0.9517672969269485,0.9997250788204098,0.6976055482631628,0.6976055482631628,0.9219483908537619
00829-QaLdnwvtxbs,0_2_121,106,closet door,0_2,-0.49241301335323123,1.0438099818668052,-4.443001759666681,0.5728079051357708,0.9527979046106339,0.9527150457035614,0.9999847333331597,0.6310326289004418,0.6310326289004418,0.9405432910094306
00829-QaLdnwvtxbs,0_2_122,364,prop,0_2,-0.7623004598565937,0.4002907732020756,-4.455713823616275,0.5873297292209824,0.979159475560187,0.9519763765669658,0.9849674009758481,0.6397061482689972,0.6397061482689972,
00829-QaLdnwvtxbs,0_2_123,326,partial,0_2,-1.022204914790779,1.7864705057278525,-3.154162317004681,0.458948051083619,0.951584882851394,0.9387279260326242,0.9936616410337636,0.5170561799800352,0.5406797188761548,0.5170561799800352
00829-QaLdnwvtxbs,0_2_124,93,ceiling chassis,0_2,-0.24431379663511807,2.287634651744328,-3.2924913679601633,0.808948454719881,0.9716830059101709,0.9485424256756545,0.9980199076278118,0.8794279772505511,0.8794279772505511,0.9918058162445202
00829-QaLdnwvtxbs,0_2_125,478,tile,0_2,-0.2585968333771192,1.8104771787823901,-2.5489336670255747,0.27423391644776307,0.9534972151120504,0.9260164006528231,0.9961778977679876,0.3117784953362438,0.5782649660813242,0.3117784953362438
00829-QaLdnwvtxbs,0_2_126,93,ceiling chassis,0_2,-0.9954452449131366,2.2979592687641617,-3.6729385515125736,0.6202669524722116,0.9463739966734861,0.9080206594728535,0.996143840115136,0.7245995508251686,0.7245995508251686,0.9287844071507616
00829-QaLdnwvtxbs,0_2_127,478,tile,0_2,-0.6259940467006201,1.9233122727480236,-2.449962583510507,0.7943105760787804,0.9716200333792568,0.9386449744823686,0.9934067028687333,0.8767291351304475,0.8767291351304475,0.9447160113289773
00829-QaLdnwvtxbs,0_2_128,478,tile,0_2,-1.0638306147390881,2.088575153188711,-2.314612822862777,0.8954191232143057,0.9359100138066243,0.966295950172919,0.9998032443106797,0.9903018038805768,0.9903018038805768,0.9998437817135976
00829-QaLdnwvtxbs,0_2_129,82,cardboard,0_2,-0.09611492868944335,2.2921093187267023,-2.105947111852813,0.03267476278906614,0.932868864342925,0.9496692699394691,0.9952873953330658,0.037057059610442145,0.5022505024815074,0.037057059610442145
00829-QaLdnwvtxbs,0_2_13,106,closet door,0_2,1.0708347812807515,1.1776598683279318,-1.6450341143719776,0.7218082005771242,0.9653581498907163,0.8665083213883279,0.9992785720915007,0.8635232433553479,0.8635232433553479,0.9937955469137207
00829-QaLdnwvtxbs,0_2_130,93,ceiling chassis,0_2,-0.5827018837131857,2.289174782451271,-1.9804029770124074,0.5082725619491338,0.9813533710206256,0.9644522912057647,0.9958300331468142,0.5392687796701996,0.5392687796701996,0.8988286390928308
00829-QaLdnwvtxbs,0_2_131,478,tile,0_2,-0.7001567994608165,0.45005459128328407,-1.2841135788191635,0.024139242207317613,0.9054532843160672,0.9388060134104066,0.9999921924091105,0.028397827190127786,0.8371832143234377,0.028397827190127786
00829-QaLdnwvtxbs,0_2_132,87,cat,0_2,-1.0224201226234024,1.2352151833680212,-3.339519388414999,0.17036889211412415,0.8174735053777695,0.9414269692541382,0.9949100102681608,0.22250828036235945,0.5117600287350592,0.22250828036235945
00829-QaLdnwvtxbs,0_2_133,478,tile,0_2,-1.0652948302913985,0.7320267750672974,-2.3933843370396604,0.949567715700211,0.9870814509819202,0.9687086431688221,0.9999451167321567,0.9931243065238219,0.9931243065238219,0.9990633150316408
00829-QaLdnwvtxbs,0_2_134,478,tile,0_2,0.47456115673782806,0.0012310757884153919,-3.31157866026119,0.6363108658704028,0.9813505148861067,0.9707943715546756,0.9993902519100466,0.6683174888041062,0.6683174888041062,0.8742732387825726
00829-QaLdnwvtxbs,0_2_135,106,closet door,0_2,-0.354736663418854,1.0666527001884525,-4.455569324679525,0.7191318984374104,0.9954769412676493,0.9863780554319597,0.9999837304583339,0.7323876504137234,0.7323876504137234,0.9414690786579353
00829-QaLdnwvtxbs,0_2_136,244,handle,0_2,-0.555316392154388,0.4096550135064332,-4.453152830673214,0.6305797127323457,0.9753662174712956,0.9400206670427944,0.9973150195701291,0.6896083689774533,0.6896083689774533,0.9235148678335251
00829-QaLdnwvtxbs,0_2_137,478,tile,0_2,0.7242097184820595,1.2468117684220603,-2.516195683880625,0.06468799924542483,0.9809784377653766,0.9795393967234436,0.9886458723517383,0.06809286258112755,0.6373269648152994,0.06809286258112755
00829-QaLdnwvtxbs,0_2_138,478,tile,0_2,0.9600296287890637,0.0021009993233764095,-3.0209921273005875,0.10728805173410698,0.9172745129975789,0.9529721418261163,0.9917443463938174,0.12375766133901303,0.760330583060385,0.12375766133901303
00829-QaLdnwvtxbs,0_2_139,326,partial,0_2,0.6459333396421909,0.010005844872608988,-3.0773967720501583,0.5152511438649141,0.9876587317924757,0.9777074687723395,0.9777383808168071,0.5457333072969346,0.6771981241425186,0.5457333072969346
00829-QaLdnwvtxbs,0_2_14,545,wood,0_2,1.6817071407408168,0.016915588260794066,-2.5175192313210846,0.36120377311038543,0.743222410028631,1.0,0.9986162579421114,0.4866703071011759,0.6956858272112486,0.4866703071011759
00829-QaLdnwvtxbs,0_2_140,195,foam,0_2,0.6145539367065148,1.2167325906498259,-4.457984937455597,0.4949401542736554,0.9857744671542197,0.9632417595364904,0.9947719771592639,0.5239818926021448,0.5239818926021448,0.5350383363500698
00829-QaLdnwvtxbs,0_2_141,106,closet door,0_2,0.47643744472554983,1.2380473185877754,-4.449548251489328,0.6786420862883681,0.9991156864857329,0.965307852888087,0.9999709686193725,0.7036744471999731,0.7036744471999731,0.9702059639334527
00829-QaLdnwvtxbs,0_2_142,93,ceiling chassis,0_2,0.833470907664717,2.288382942071864,-3.8895073738748027,0.6874204896906984,0.9580007688065598,0.9488107745476098,0.9974581557120372,0.7581974539682834,0.7581974539682834,0.9651647661375428
00829-QaLdnwvtxbs,0_2_143,93,ceiling chassis,0_2,1.4671129360675763,2.293524062217317,-4.347382813654833,0.4705129286102571,0.8694750307879648,0.9868064247931161,0.9977874432186614,0.5495971147457265,0.5495971147457265,0.9637772827422669
00829-QaLdnwvtxbs,0_2_144,478,tile,0_2,0.7558658060736088,1.487095604963509,-5.093929718096908,0.8795660747426415,0.9172830715533,0.962024843834272,0.9999412271546156,0.9967915075564614,0.9980092649145245,0.9967915075564614
00829-QaLdnwvtxbs,0_2_145,82,cardboard,0_2,1.8953915469023346,2.2910568204610735,-3.699744506328609,0.02205817834668614,0.9799784569212197,0.9196641752960342,0.9969425969969691,0.02455012417649055,0.5610586392800639,0.02455012417649055
00829-QaLdnwvtxbs,0_2_146,32,bathtub,0_2,2.296630703571679,0.5639003414962936,-4.344241164295952,0.44516331377839063,0.9691000240875874,0.9196353431744876,0.9988360752829414,0.500081615804857,0.500081615804857,0.9998570294717449
00829-QaLdnwvtxbs,0_2_147,480,tissue,0_2,2.3534425414431426,0.6539245517072909,-3.9434047990691643,0.5948867801089315,0.9784427839350944,0.9659594540145047,0.9960238400419469,0.6319318611019404,0.8036860822919258,0.6319318611019404
00829-QaLdnwvtxbs,0_2_148,326,partial,0_2,2.386823573385498,1.3569286521223276,-3.0565224769754487,0.0033494678373858573,0.958132565506669,0.9263296085426498,0.9919253150123011,0.0038045709775627414,0.7235146879773836,0.0038045709775627414
00829-QaLdnwvtxbs,0_2_149,326,partial,0_2,2.3865183808915784,1.1914093884975272,-3.0913897665779118,0.5704655210301386,0.9855411365415297,0.9320978007653997,0.9932138805566623,0.625245220599823,0.625245220599823,0.7917937241602658
00829-QaLdnwvtxbs,0_2_15,326,partial,0_2,1.0776992107833205,1.9079925677914324,-1.2664732328898998,0.17825669984109863,0.9770697521562481,0.9081232898724073,0.9970760281818926,0.2014870806387101,0.6773494887793217,0.2014870806387101
00829-QaLdnwvtxbs,0_2_150,82,cardboard,0_2,1.5224935736284197,1.780430796097199,-2.6079090135648078,0.5477281572555919,0.9843004407070092,0.9570440154413005,0.9992019412526234,0.5819051581122755,0.5819051581122755,0.7617335064298081
00829-QaLdnwvtxbs,0_2_151,82,cardboard,0_2,2.4024473038358005,0.871538301592381,-2.6312904763750304,0.6005505497866985,0.9575445666305666,0.9567677219928528,0.9986333676629876,0.6564142251584426,0.6564142251584426,0.7294941334681857
00829-QaLdnwvtxbs,0_2_152,326,partial,0_2,2.465594381688088,1.4764630191613104,-3.755631877836863,3.597683709047461e-05,0.9434138846487895,0.947545238910876,0.9911835070107298,4.060380143502428e-05,0.5199174383774177,4.060380143502428e-05
00829-QaLdnwvtxbs,0_2_153,326,partial,0_2,2.410692640899838,1.2425996492800746,-3.488045913361519,0.0091050217910601,0.9769238313039145,0.934369640280569,0.9955784280562101,0.010019039500790607,0.7287280781194275,0.010019039500790607
00829-QaLdnwvtxbs,0_2_154,326,partial,0_2,2.406490590800146,1.5195517197148736,-3.4826094772082454,0.0007698717055656467,0.9712525457143784,0.9386763277676897,0.9951686827082851,0.0008485425450837748,0.8582430604785465,0.0008485425450837748
00829-QaLdnwvtxbs,0_2_155,326,partial,0_2,2.406517626148963,1.4749122620920232,-3.3704695331467156,5.2476443660414556e-05,0.9739174679233216,0.9607992544031825,0.9929259471852885,5.6479744397444834e-05,0.7325773426418688,5.6479744397444834e-05
00829-QaLdnwvtxbs,0_2_156,82,cardboard,0_2,2.4906135255275363,2.2125208588394156,-2.7394464178183484,0.4827129497597955,0.986391007900238,0.9732595771730266,0.9978524945780535,0.5039005262666747,0.7183045954096496,0.5039005262666747
00829-QaLdnwvtxbs,0_2_157,545,wood,0_2,1.850898889848371,2.0935403016896412,-2.5520048259991364,0.3965288453088155,0.9000423634604824,0.9745137994152941,0.9910312205544307,0.45618027677866224,0.8185605587508112,0.45618027677866224
00829-QaLdnwvtxbs,0_2_158,158,drawer,0_2,3.075088003199557,0.4427889646771408,-3.077180472537349,0.40654776104464524,0.9637888079243048,0.9288763315469857,0.9994802560258006,0.4543573717374641,0.6899856548004158,0.4543573717374641
00829-QaLdnwvtxbs,0_2_159,106,closet door,0_2,2.925727747143539,0.8446813246483107,-4.739854634942514,0.5595569197772228,0.9210747350259948,0.9219970580817053,0.9996713155936559,0.6591171849214809,0.6707607390184595,0.6591171849214809
00829-QaLdnwvtxbs,0_2_16,478,tile,0_2,1.258073862956621,1.9837548522145632,-5.0961200739247206,0.8655717076955785,0.9516526031353806,0.9129277416813226,0.9999345146812894,0.9963608375169516,0.9982712451864367,0.9963608375169516
00829-QaLdnwvtxbs,0_2_160,244,handle,0_2,2.906240409678417,1.6083734337017102,-4.804139435717693,0.6005886073622421,0.9833837914381248,0.9250143233334798,0.9961116139319321,0.6628230192860924,0.6628230192860924,0.9106170333200458
00829-QaLdnwvtxbs,0_2_161,326,partial,0_2,2.620501753098636,0.8431823629228886,-3.299004334480904,0.18610280320803296,0.9163165887196858,0.8836883189233198,0.9834626365607408,0.23369551980904965,0.52702432895402,0.23369551980904965
00829-QaLdnwvtxbs,0_2_162,545,wood,0_2,2.8160164018655016,0.9018661804001985,-4.84761720830154,0.006346760981990255,0.9671229856733208,0.9165261812250503,0.9987682902529411,0.00716903691858157,0.7140976532374875,0.00716903691858157
00829-QaLdnwvtxbs,0_2_163,244,handle,0_2,2.630333941025527,1.4836275208425453,-3.4648438843636296,0.0403928241070061,0.9649076473154472,0.9066912981805136,0.982615010991516,0.04698677394761537,0.5350720773388574,0.04698677394761537
00829-QaLdnwvtxbs,0_2_164,516,unknown,0_2,2.6168152104584537,1.0581461679627961,-3.231438909538076,0.5146485274897437,0.955928448287553,0.9241800773116434,0.9662683808354755,0.6028801400611085,0.6028801400611085,
00829-QaLdnwvtxbs,0_2_165,369,rail,0_2,2.625660830360426,1.3763947869443196,-3.387810455311054,0.00012965648660341432,0.9699197729809437,0.9602325145987616,0.9720523142670042,0.00014321628031322643,0.7072767364711265,0.00014321628031322643
00829-QaLdnwvtxbs,0_2_166,545,wood,0_2,2.636484209612711,0.8217322502566938,-3.382562461604603,0.01190579470585228,0.9025295258570561,1.0,0.9989595765540077,0.013205323852101542,0.610791582588211,0.013205323852101542
00829-QaLdnwvtxbs,0_2_167,82,cardboard,0_2,2.9365888954587445,1.1739192411701138,-3.61168703403661,0.8322232179409708,0.9833583042032219,0.926989360545452,0.9987374287403838,0.9141173728730596,0.9141173728730596,0.9357424747721393
00829-QaLdnwvtxbs,0_2_168,244,handle,0_2,2.633655357042106,1.3132521897192557,-3.520830156137985,0.3698534852169076,0.990640685971359,0.9345495905465775,0.9972073304007661,0.40061364834649793,0.7544414212704745,0.40061364834649793
00829-QaLdnwvtxbs,0_2_169,545,wood,0_2,2.9530836439323846,1.8288059137005184,-4.4908856667623285,0.0070105146439405075,0.9277431789567087,0.9213323923887891,0.9935559443395972,0.008254931320682531,0.7002077375943635,0.008254931320682531
00829-QaLdnwvtxbs,0_2_17,478,tile,0_2,2.03986536587929,1.9172500365360867,-5.097757655966765,0.9160015082393795,0.9794244472896512,0.9388539351680605,0.9999487349759546,0.996206755180865,0.9977574848245783,0.996206755180865
00829-QaLdnwvtxbs,0_2_170,545,wood,0_2,2.9366339931610126,0.10547241945931857,-4.785913152794927,0.3188543024882694,0.9835742288628296,0.9620109144401152,0.9992862935109833,0.3372214648906752,0.930580244504211,0.3372214648906752
00829-QaLdnwvtxbs,0_2_171,392,screen frame,0_2,2.636921073667648,1.0233890765073699,-2.8738148515059376,0.7337710749527392,0.9919897912793314,0.9250043589047252,0.9999222334540205,0.7997299870451066,0.7997299870451066,
00829-QaLdnwvtxbs,0_2_172,106,closet door,0_2,2.7333550313316244,0.5825323846196633,-4.187716134882446,0.7453094918744723,0.9259756048626536,0.9068502735084945,0.9995907083760437,0.8879311831136679,0.8879311831136679,0.9893789562633476
00829-QaLdnwvtxbs,0_2_173,244,handle,0_2,2.842847429373681,0.9288152076725501,-3.748214007815802,0.6432817064169291,0.9049013515524832,0.9619016669415963,0.9929207480639036,0.7443114520179394,0.7443114520179394,0.8446905684109968
00829-QaLdnwvtxbs,0_2_174,545,wood,0_2,2.621314130590737,2.0971354345785187,-4.190926213542732,0.06731475968676802,0.7914502833238444,0.9353017848102168,0.9970775392625865,0.09120233647960554,0.9003404436032049,0.09120233647960554
00829-QaLdnwvtxbs,0_2_175,326,partial,0_2,2.6080802681352293,1.955922076118891,-3.07606239644684,0.3210782269966269,0.8889530013791229,0.8928320476094231,0.9937449381050408,0.4070871140979066,0.7217286982758224,0.4070871140979066
00829-QaLdnwvtxbs,0_2_176,82,cardboard,0_2,2.629741358081159,2.222210837196573,-2.9623309860192486,0.5113547094677185,0.9423492209238262,0.9219561201084403,0.9988854304696001,0.5892294622132532,0.9092395094956041,0.5892294622132532
00829-QaLdnwvtxbs,0_2_177,326,partial,0_2,2.592878619553091,1.3009449589033537,-2.8277265270271768,0.2686809387924384,0.9649094265208732,0.9539392189200453,0.9933968594410325,0.2938372298875188,0.7001305310089271,0.2938372298875188
00829-QaLdnwvtxbs,0_2_178,545,wood,0_2,2.9862018280829,1.8332310518115325,-4.1632201678077445,0.01800929176666039,0.9830488621452709,0.9638973514160047,0.9822477923093185,0.01934949705163347,0.6114300108382564,0.01934949705163347
00829-QaLdnwvtxbs,0_2_179,82,cardboard,0_2,1.4063528213462912,1.028020400720243,-2.5261353597851257,0.3746703718136669,0.9707970274958138,0.8884511416848113,0.9968927893997317,0.4357515182120908,0.6527673125588882,0.4357515182120908
00829-QaLdnwvtxbs,0_2_18,478,tile,0_2,2.017620023517246,1.0012507101230974,-5.097039961265685,0.8961665427636673,0.989704572741153,0.9094680355739817,0.9999668028107886,0.9956578609992373,0.9983785256974728,0.9956578609992373
00829-QaLdnwvtxbs,0_2_180,545,wood,0_2,2.4496064064614322,0.049608998654274955,-2.4742145197421386,0.36515871534080413,0.8786944986685462,0.9136525754071433,0.997803800934862,0.4558453473089436,0.6913565517053922,0.4558453473089436
00829-QaLdnwvtxbs,0_2_181,82,cardboard,0_2,2.5333443867171317,1.9159046375889932,-2.4730445518508466,0.4579174282390916,0.9287614822387695,0.9658653224473173,0.9991691164343126,0.510889999199028,0.8526237132082157,0.510889999199028
00829-QaLdnwvtxbs,0_2_182,82,cardboard,0_2,1.358235134129666,0.0014368814758011232,-3.467613867699568,0.40217861663525223,0.9770069659203908,0.9307580784814016,0.9990961145697788,0.44266708566103957,0.6922742363148512,0.44266708566103957
00829-QaLdnwvtxbs,0_2_183,82,cardboard,0_2,2.1347315331048264,2.3028689018267063,-2.4677070523154305,0.7024319027868389,0.9952909189586895,0.9265040634153343,0.9991621338416591,0.7623789406616124,0.7623789406616124,0.7974568459954506
00829-QaLdnwvtxbs,0_2_19,545,wood,0_2,1.2793536075452105,0.005312915874857286,-1.0942370839799613,0.8473288824297099,0.9913422158357138,0.955696216982681,0.998202404384696,0.8959627021683448,0.8959627021683448,0.9981905132272261
00829-QaLdnwvtxbs,0_2_2,13,artwork,0_2,-0.19079174227179324,1.3498219549487782,-1.1270077082086845,0.5537354152970714,0.9658102115253917,0.9264307105950677,0.9969257054985685,0.6207757884325296,0.6207757884325296,0.8278218758320488
00829-QaLdnwvtxbs,0_2_20,326,partial,0_2,0.698499773145656,1.2202982222857763,-1.1448971537166683,0.24590686048158736,0.9755778701544404,0.9368738556709146,0.9995203518216199,0.2691757573597877,0.7286767971578281,0.2691757573597877
00829-QaLdnwvtxbs,0_2_21,326,partial,0_2,0.8176180890578925,1.629806900738486,-1.1492987014706384,0.04399015375496592,0.9819402813259887,0.931049186684519,0.9994736502996056,0.04814225508869337,0.5591184708572666,0.04814225508869337
00829-QaLdnwvtxbs,0_2_22,82,cardboard,0_2,0.9885834759107771,1.2164090667602696,-1.1313584215587666,0.7206301734109123,0.9753736507995107,0.9362785330694867,0.9993419593056503,0.7896274451991199,0.8547020741985462,0.7896274451991199
00829-QaLdnwvtxbs,0_2_23,82,cardboard,0_2,0.8686207891172378,1.533195333222581,-1.1467399807949543,0.6409670509714229,0.9941171081143918,0.9601598313068318,0.9995910636304534,0.6717880270062624,0.6717880270062624,0.8012626222783004
00829-QaLdnwvtxbs,0_2_24,82,cardboard,0_2,2.4889974512199795,0.36921547519616615,-2.9358276790756475,0.6281588641949106,0.9810331126207175,0.9439446680567427,0.999059307423493,0.6789659867740222,0.7169302128971374,0.6789659867740222
00829-QaLdnwvtxbs,0_2_25,545,wood,0_2,2.280317197711384,1.080359782876106,-2.5369431939321,0.5515849805075744,0.9589335189348224,0.9341891154374335,0.9978517303665595,0.6170539190110593,0.8717687715224031,0.6170539190110593
00829-QaLdnwvtxbs,0_2_26,32,bathtub,0_2,1.5319831889751847,0.41070033676917883,-4.526396998335491,0.5313478722199967,0.8366608654560687,0.9503333485795802,0.9997228588231085,0.6684576507553843,0.6684576507553843,0.9999518974950291
00829-QaLdnwvtxbs,0_2_27,82,cardboard,0_2,3.302264622108628,0.5602711750577897,-2.473148228980704,0.5817519704459143,0.9729399105801456,0.9565482108683512,0.9994713924992565,0.6254241002720239,0.925321842416572,0.6254241002720239
00829-QaLdnwvtxbs,0_2_28,204,frame,0_2,2.394184735457462,1.3831874204062529,-3.155322404338847,0.5172342219284216,0.9426561968332409,0.9616763101830127,0.9885164756817826,0.5771930521686707,0.5771930521686707,
00829-QaLdnwvtxbs,0_2_29,478,tile,0_2,1.8626527355649012,1.4225861662629866,-5.097937996302771,0.7839361646865943,0.8367719086536503,0.9420725782520527,0.9999682640825084,0.9944959714531563,0.9985121221701577,0.9944959714531563
00829-QaLdnwvtxbs,0_2_3,326,partial,0_2,-0.9473399901433553,1.509293686792793,-1.1523127845347725,0.05481760810250825,0.9682558180621864,0.9327511216319577,0.999488215618066,0.060727654634773316,0.5028018700303815,0.060727654634773316
00829-QaLdnwvtxbs,0_2_30,480,tissue,0_2,2.2918199752969146,0.5674974464068245,-3.8897291768931814,0.6596727856814086,0.966032519714583,0.9098430823152512,0.9984592685311036,0.7516920745945572,0.8545181459373445,0.7516920745945572
00829-QaLdnwvtxbs,0_2_31,478,tile,0_2,1.558541517266198,1.9749484870408278,-5.098301692810962,0.8264874927170158,0.8974283361812107,0.9252481109910853,0.9999508749546311,0.9954045823913463,0.9984187177238758,0.9954045823913463
00829-QaLdnwvtxbs,0_2_32,478,tile,0_2,2.136004942979739,0.017756976268907702,-4.277941397802102,0.04652618916967184,0.9855542893127701,0.9355778231732812,0.9980864340676447,0.050555552179217096,0.5188986010530358,0.050555552179217096
00829-QaLdnwvtxbs,0_2_33,82,cardboard,0_2,1.6169776242873684,1.7017091971889446,-2.525603538995515,0.384220908042227,0.961855063497071,0.9174131970204814,0.9969505589049433,0.43674983955153585,0.6647584170441619,0.43674983955153585
00829-QaLdnwvtxbs,0_2_34,106,closet door,0_2,0.05115398172826527,1.1338917614837578,-4.46826538972386,0.6007999744136944,0.9857707964152599,0.9168338521200297,0.9999727700231135,0.6647757110161802,0.6647757110161802,0.9605695419057061
00829-QaLdnwvtxbs,0_2_35,82,cardboard,0_2,0.8810643007979025,1.4254184368836484,-2.409511616587846,0.7155068605792907,0.9643813948193878,0.9015300178267747,0.9996259920291466,0.8232793973156133,0.9640221809245716,0.8232793973156133
00829-QaLdnwvtxbs,0_2_36,478,tile,0_2,1.2563767761861706,1.4183053407933068,-5.093870075741033,0.8884857678019754,0.9873496287882332,0.9032106646458669,0.9999494991313949,0.9963510530827944,0.9981643085821753,0.9963510530827944
00829-QaLdnwvtxbs,0_2_37,478,tile,0_2,1.2489216158104086,0.8086775106185737,-5.096330103135425,0.8958827038042373,0.981989106470022,0.9178258376093869,0.9999529422508137,0.9940417839760906,0.9982950738900325,0.9940417839760906
00829-QaLdnwvtxbs,0_2_38,478,tile,0_2,0.7418099543703289,1.9746091261168925,-5.093197860357861,0.8642307904672546,0.9535661384292791,0.9098252942136571,0.9999550102400937,0.9961860300322881,0.9980065291966211,0.9961860300322881
00829-QaLdnwvtxbs,0_2_39,478,tile,0_2,0.3046911974994441,0.004396306252669891,-3.8671151469327802,0.6945151727106429,0.9898342227821347,0.9339432821100948,0.9997284774613766,0.751478754738152,0.751478754738152,0.8960913194120277
00829-QaLdnwvtxbs,0_2_4,326,partial,0_2,-0.6043189444920122,1.818132265033953,-1.1221336335987848,0.09246261629220419,0.9766844893531431,0.9065723567591935,0.988164389609604,0.10567693665854463,0.5745033444348626,0.10567693665854463
00829-QaLdnwvtxbs,0_2_40,106,closet door,0_2,1.0618463950612538,0.8276684545491226,-1.8050268041773558,0.7835605833290478,0.9874373240541313,0.9241822067642254,0.999269702857172,0.8592562878691016,0.8592562878691016,0.9926823168719944
00829-QaLdnwvtxbs,0_2_41,244,handle,0_2,1.0373647710596494,1.0564388827381541,-2.1104441666572966,0.6834621786329541,0.9875597702991883,0.9324032306712715,0.9928380903561023,0.7475993178298141,0.7475993178298141,0.8500212276304498
00829-QaLdnwvtxbs,0_2_42,195,foam,0_2,0.64100580505205,1.1934613623631412,-4.688191182945173,0.543642584191891,0.9896341121291935,0.9310212620298719,0.9982773535375602,0.5910551328785042,0.8907255188460814,0.5910551328785042
00829-QaLdnwvtxbs,0_2_43,82,cardboard,0_2,1.1266028367646295,2.458185713150625,-1.5985390561560866,0.11877664235334297,0.9875419967958091,0.9317795108388114,0.9989082181784482,0.12922208018459613,0.9283997626573642,0.12922208018459613
00829-QaLdnwvtxbs,0_2_44,545,wood,0_2,1.2269192136160445,0.00402725779117436,-1.5417766168861278,0.7770746608353469,0.9545971123655558,0.9241065286691236,0.9997153314597218,0.8811386275106279,0.8811386275106279,0.9672065846831939
00829-QaLdnwvtxbs,0_2_45,82,cardboard,0_2,1.3848786946201859,2.3920224693928747,-1.2917200073899897,0.8169532045259134,0.9708556381344364,0.9118273882472769,0.9984073237215357,0.924319537056122,0.9251417143738025,0.924319537056122
00829-QaLdnwvtxbs,0_2_46,326,partial,0_2,1.0685683123566674,1.7624551458772557,-1.2096779230985528,0.10165610418642235,0.9298081644784517,0.953110627021843,0.9969021387994731,0.11506527163800699,0.5407599406015984,0.11506527163800699
00829-QaLdnwvtxbs,0_2_47,82,cardboard,0_2,1.0122958658389587,2.18044271612505,-2.2070710779343314,0.7067572272733218,0.9092169078257145,0.8980000507397459,0.9996339286898837,0.8659352233140415,0.9721802683028145,0.8659352233140415
00829-QaLdnwvtxbs,0_2_48,82,cardboard,0_2,1.2664202160082088,2.122878806686623,-2.4675378283864666,0.6093665969726328,0.9797112178531696,0.9101764759360027,0.9992396504506792,0.6838884953992262,0.7774845290769614,0.6838884953992262
00829-QaLdnwvtxbs,0_2_49,106,closet door,0_2,1.0285547837514661,1.9021784917543347,-2.054863117066546,0.6287200342085504,0.9783465292966501,0.9355815727362401,0.998812830342902,0.6876996746801551,0.6876996746801551,0.9942619012778999
00829-QaLdnwvtxbs,0_2_5,545,wood,0_2,-0.7362648452115004,0.06825504122682453,-1.1463488224047869,0.5248115794673033,0.9146122617200747,0.9279689137732592,0.9902661967363864,0.6244260416007165,0.6244260416007165,0.9659081614266838
00829-QaLdnwvtxbs,0_2_50,478,tile,0_2,0.9577224806983763,1.978950935363959,-5.094518182079079,0.9295203194246745,0.969964733624634,0.9607546978701804,0.9999367574868536,0.9975114596016775,0.9981452512557538,0.9975114596016775
00829-QaLdnwvtxbs,0_2_51,82,cardboard,0_2,1.8333483130785941,2.2981469231873537,-4.623372342877149,0.06675636115785896,0.969633114248559,0.9234676334861285,0.9976323613684316,0.07472966060293776,0.7386019197177658,0.07472966060293776
00829-QaLdnwvtxbs,0_2_52,82,cardboard,0_2,2.4318404057593352,2.219182971803605,-2.4707260945752316,0.5481705568336985,0.9349550860399848,0.954902497500751,0.9988302191977396,0.6147156277037863,0.8235570386111402,0.6147156277037863
00829-QaLdnwvtxbs,0_2_53,478,tile,0_2,0.9512347220755073,1.4132332876356033,-5.094390546375908,0.7672348599932924,0.8020519500319985,0.9585307188474629,0.9999468820424722,0.9980283129509803,0.998210185603866,0.9980283129509803
00829-QaLdnwvtxbs,0_2_54,478,tile,0_2,1.5557495046093819,1.4146204586141478,-5.096469420687649,0.8960339315543084,0.9785926837728495,0.9216633188155361,0.9999683477368628,0.9934909944901437,0.9987082341995906,0.9934909944901437
00829-QaLdnwvtxbs,0_2_55,106,closet door,0_2,1.0205125131790274,0.9033617209099206,-2.138465314415193,0.605839720627477,0.93575453877202,0.9677385134105556,0.9993605106979054,0.6694460626830826,0.6694460626830826,0.9851352252073289
00829-QaLdnwvtxbs,0_2_56,82,cardboard,0_2,2.4917485088412983,1.173197333750575,-4.80095427477295,0.4710400970213587,0.9804642342677208,0.9097284769459113,0.9982796632847365,0.5290078400661555,0.5756983109245588,0.5290078400661555
00829-QaLdnwvtxbs,0_2_57,478,tile,0_2,2.384600478707279,1.3834073684060706,-5.09526566859052,0.9132883620069011,0.9726073035791933,0.9426928387136089,0.9999404594726812,0.9961530017557808,0.9967855539645871,0.9961530017557808
00829-QaLdnwvtxbs,0_2_58,478,tile,0_2,0.4695948254212269,0.00303720541319727,-3.644644537691781,0.7532820144732612,0.977476432199849,0.9644412964590814,0.9996124348643627,0.7993626555283596,0.7993626555283596,0.907936295318534
00829-QaLdnwvtxbs,0_2_59,478,tile,0_2,-0.78768903800877,0.6288540486887424,-1.6854273941256994,0.858546806235816,0.9741679010104528,0.9600355034332219,0.9999884850928342,0.918010964514233,0.9817258840330629,0.918010964514233
00829-QaLdnwvtxbs,0_2_6,326,partial,0_2,2.0524056322205695,2.1923996715014247,-2.4668038711298044,0.18122731179083812,0.9382336710630633,0.9760700928705741,0.9990765052431756,0.19807646726044578,0.6423663666223468,0.19807646726044578
00829-QaLdnwvtxbs,0_2_60,420,sink,0_2,-0.8027015769872746,0.8661809710160709,-3.537172526061735,0.8588603126663741,0.9567685729502454,0.9543225742967028,0.9999862264454508,0.9406464437355185,0.9406464437355185,0.9999725226205156
00829-QaLdnwvtxbs,0_2_61,244,handle,0_2,-0.9335367115207359,0.3668893022069522,-4.449125833578036,0.0007707664728473029,0.9853296402427886,0.9425637664070419,0.9831661303264686,0.000844118888387212,0.5074577639306127,0.000844118888387212
00829-QaLdnwvtxbs,0_2_62,244,handle,0_2,-0.8549128685617967,1.5076485721974127,-4.428805223873042,0.15379351645282088,0.959124259382946,0.8523346620295722,0.9980410990974955,0.18849705749683074,0.5638480802099812,0.18849705749683074
00829-QaLdnwvtxbs,0_2_63,478,tile,0_2,0.21012700424306832,0.0019887520077677737,-3.4128369066271387,0.5813900574819968,0.9805534575710264,0.9384085015941156,0.999661443844397,0.6320500199995857,0.6320500199995857,0.8800018738683592
00829-QaLdnwvtxbs,0_2_64,478,tile,0_2,0.9620728017053908,0.8045574710254174,-5.095434082937633,0.8599997734325662,0.982279712239072,0.8809228623322929,0.9999447528235149,0.993915069813329,0.9967832849666473,0.993915069813329
00829-QaLdnwvtxbs,0_2_65,326,partial,0_2,-1.0212876472159853,1.5689983952359057,-2.850664272871347,0.4342026704399723,0.9657339870337585,0.9638488209663922,0.9965539859944541,0.4680855379872627,0.5955959009300082,0.4680855379872627
00829-QaLdnwvtxbs,0_2_66,493,towel,0_2,-0.6602582113759344,0.2843181858567501,-3.325469040742813,0.4725429476297301,0.970324709402946,0.9290128585169263,0.9912809958219424,0.5288173430054938,0.5288173430054938,0.9579504189585476
00829-QaLdnwvtxbs,0_2_67,326,partial,0_2,-1.022260898734236,1.6552894774958882,-3.287446664275071,0.6646025743310081,0.9734362727687472,0.904617362842518,0.9955555853183423,0.758095749551976,0.8392310301873382,0.758095749551976
00829-QaLdnwvtxbs,0_2_68,326,partial,0_2,-1.0215933921302085,1.5042364610380585,-3.043347481696813,0.5973115133926609,0.9868722579071025,0.9055649147206588,0.997786239607364,0.669858152352323,0.7541970425246155,0.669858152352323
00829-QaLdnwvtxbs,0_2_69,478,tile,0_2,-0.5476645157296595,0.02906000405960158,-2.2495110565646472,0.10947728859376364,0.9785331441805913,0.8690325544925595,0.9996013544214609,0.12879102832516257,0.9894536685890001,0.12879102832516257
00829-QaLdnwvtxbs,0_2_7,93,ceiling chassis,0_2,1.8061369866587222,1.6207256166525612,-4.57644970106659,0.5746327888508749,0.9915608044977692,0.9306497614940885,0.9976751731802147,0.6241595456252373,0.6241595456252373,0.9650944685456521
00829-QaLdnwvtxbs,0_2_70,494,towel bar,0_2,-0.767983796137305,1.1360414270142352,-2.662632345648017,0.8170932543004857,0.9445020003473452,0.9150055360109326,0.9996915256523835,0.9457557943553404,0.9457557943553404,0.9809803375959723
00829-QaLdnwvtxbs,0_2_71,302,mirror,0_2,-1.0226394490208202,1.4908153546784026,-3.4703087838215922,0.05998443838569456,0.9601071541173409,0.8761167328879654,0.9975666810619327,0.0714850098086002,0.5366850488943393,0.0714850098086002
00829-QaLdnwvtxbs,0_2_72,429,soap,0_2,-0.9465502033071502,0.9732643199861196,-3.457207762862659,0.3863153689735259,0.9302917995141828,0.9303823130638484,0.9968143611086032,0.4477618225364201,0.6257919103502528,0.4477618225364201
00829-QaLdnwvtxbs,0_2_73,478,tile,0_2,-0.08456703921652073,0.0022414868234862974,-3.5072396523958367,0.646060515313936,0.9777670380703946,0.9026196826811475,0.999756227906755,0.7322154513098413,0.7322154513098413,0.9089541798307543
00829-QaLdnwvtxbs,0_2_74,478,tile,0_2,0.09174729495073011,0.009667504429606864,-2.9388672561222364,0.2383318984045602,0.9741659636729254,0.9312645259951036,0.996722245284288,0.2635736613460141,0.7631633464067514,0.2635736613460141
00829-QaLdnwvtxbs,0_2_75,93,ceiling chassis,0_2,-1.0234423968145707,1.712745605596637,-3.571282509488313,0.45917180689109965,0.9417343320972148,0.9163582682539916,0.9961752312442708,0.5341285213304066,0.8533669938118389,0.5341285213304066
00829-QaLdnwvtxbs,0_2_76,369,rail,0_2,0.09499824956319088,0.08157525909313677,-2.5330832641931207,0.0001700237187346525,0.9777445369518636,0.9242074922009753,0.9961299462102072,0.00018888550497924033,0.6431939086697187,0.00018888550497924033
00829-QaLdnwvtxbs,0_2_77,326,partial,0_2,-1.0219212730666092,1.4241583914048537,-3.158393950050719,0.5942030997965821,0.9931389569542629,0.9333977617992191,0.9960396514889327,0.6435488407882752,0.6435488407882752,0.6490429630956851
00829-QaLdnwvtxbs,0_2_78,494,towel bar,0_2,-1.02088099198117,1.1849168407641515,-2.8102876338818885,0.7736250817975143,0.9789076381088646,0.9708407442945903,0.9957884967231768,0.8174735787056998,0.8174735787056998,0.9871978501304554
00829-QaLdnwvtxbs,0_2_79,100,chest,0_2,-0.645406649290126,0.3372291294536481,-4.281422973291851,0.004397886172688001,0.9708657863340816,0.9319677390333537,0.991840751321489,0.004900517685969533,0.5426884189942995,0.004900517685969533
00829-QaLdnwvtxbs,0_2_8,545,wood,0_2,1.8069362006324043,0.001003239025902465,-2.661659051684777,0.5367445459832637,0.9876703956680748,0.9197765855176468,0.9993314130614843,0.5912398725849389,0.5912398725849389,0.7985476180225639
00829-QaLdnwvtxbs,0_2_80,326,partial,0_2,-1.021887813288362,1.2848798854451913,-3.2284285697410326,0.3260846664996973,0.9724949253906023,0.9432373428086318,0.996184532950654,0.35684716679070416,0.6173361952712202,0.35684716679070416
00829-QaLdnwvtxbs,0_2_81,493,towel,0_2,-0.6503345725304746,0.3528663694637129,-3.0945154859152204,0.8651930276245228,0.9810328654193706,0.9055950495144783,0.9994359420138914,0.9744071244745706,0.9744071244745706,0.996402275785112
00829-QaLdnwvtxbs,0_2_82,478,tile,0_2,-1.0598462555442043,1.9449642778742788,-1.8550707587973516,0.9271299272146736,0.9741715089035929,0.954793312963265,0.9999635866907393,0.9968082458664759,0.9968082458664759,0.9994985304378875
00829-QaLdnwvtxbs,0_2_83,82,cardboard,0_2,1.0578032525364605,1.0268647829530897,-2.60531765801166,0.6363322604924913,0.9741333446762239,0.9572485844347987,0.9994601864223085,0.6827713676735533,0.9001778097777815,0.6827713676735533
00829-QaLdnwvtxbs,0_2_84,478,tile,0_2,0.20095445682646068,0.00391150490022098,-3.956682139896284,0.6874211206736847,0.9835321911474526,0.8922335781005883,0.9997636974815377,0.7835349373097185,0.7835349373097185,0.9310700399109583
00829-QaLdnwvtxbs,0_2_85,195,foam,0_2,-0.617476153221248,1.2102683443698194,-2.595438415899202,0.02025120778675868,0.9658536282654389,0.9162352508219502,0.9997123681332204,0.022890619820749004,0.931493285550145,0.022890619820749004
00829-QaLdnwvtxbs,0_2_86,463,switch,0_2,1.1790017352732156,1.1221590692375238,-2.6131596404411987,0.22413458534613326,0.9829763059568757,0.9475881391642806,0.9994426442085459,0.24076221735721032,0.8906621813824823,0.24076221735721032
00829-QaLdnwvtxbs,0_2_87,478,tile,0_2,0.696791108921849,0.541696194889499,-5.085186434501603,0.0023092813851608314,0.9668858289438285,0.9156384507356652,0.9970539333097376,0.0026161279861945204,0.746717445268355,0.0026161279861945204
00829-QaLdnwvtxbs,0_2_88,478,tile,0_2,-0.2577415834370451,0.9689292041566271,-2.524045662292567,0.5265532308436501,0.9749408418590674,0.9304488889396554,0.997975500076121,0.581636451935101,0.7616683077422491,0.581636451935101
00829-QaLdnwvtxbs,0_2_89,493,towel,0_2,-0.6266067885788393,0.3492288636584043,-2.857436508583687,0.8841980011547258,0.9091170719175627,0.9818991756317778,0.999797026544401,0.9907201117341979,0.9907201117341979,0.9997707838161031
00829-QaLdnwvtxbs,0_2_9,493,towel,0_2,1.5759754698793316,0.013432116398601833,-3.9418515356138646,0.10790630486212792,0.891311696767807,0.978185441523747,0.9958528779838302,0.12427988345541298,0.5262585428813196,0.12427988345541298
00829-QaLdnwvtxbs,0_2_90,478,tile,0_2,0.5052964203452139,0.003800123148342708,-4.126204160494694,0.7725729316242669,0.9802492277429129,0.9509365952762563,0.9997482193770494,0.8290119271529863,0.8290119271529863,0.9183005472500626
00829-QaLdnwvtxbs,0_2_91,478,tile,0_2,-0.3428625603824922,0.035672200773616186,-1.754690685970511,0.9037024026299577,0.957518767912531,0.9462272226120342,0.9999704819627923,0.9974600790278634,0.9979810557862713,0.9974600790278634
00829-QaLdnwvtxbs,0_2_92,163,dustpan,0_2,-0.749477836718205,0.31008461374792945,-3.8472935661521843,0.5054116304281553,0.9483009825821102,0.9283667601600114,0.9676517871722266,0.593280870946226,0.593280870946226,
00829-QaLdnwvtxbs,0_2_93,478,tile,0_2,-0.5375939870211945,0.9170020662344304,-1.5090633644893505,0.01216839530678033,0.8905875700015929,0.9504831379826664,0.9999911878045065,0.014375272665103933,0.8587553016752579,0.014375272665103933
00829-QaLdnwvtxbs,0_2_94,493,towel,0_2,0.6515882922229991,1.5477914120438307,-1.3864959011271498,0.3797947209365431,0.9484766418496883,0.9349615689607003,0.9978721796107609,0.42919396760526884,0.8038687444903972,0.42919396760526884
00829-QaLdnwvtxbs,0_2_95,478,tile,0_2,-0.4627114442879574,-0.0027326620735660186,-2.8147323169700993,0.7053802082755917,0.9842532091904652,0.9649082735003021,0.9995350983356135,0.7430744888554933,0.8094740678283778,0.7430744888554933
00829-QaLdnwvtxbs,0_2_96,493,towel,0_2,-0.6545693484014677,0.4556554118981958,-2.811942854391292,0.8959936476057033,0.9775505603494383,0.9261835943226542,0.9998153474444407,0.9898031204589611,0.9898031204589611,0.9996000654919297
00829-QaLdnwvtxbs,0_2_97,478,tile,0_2,0.1301666924744782,1.9071561879636478,-1.2894584425521374,0.033831443423945444,0.8865906016079969,0.9672851592462752,0.9999689571527064,0.03945084970210278,0.8571705133988698,0.03945084970210278
00829-QaLdnwvtxbs,0_2_98,478,tile,0_2,0.7336443859461552,1.1657018040078526,-1.873778976948233,0.009020276761049866,0.9420792528195849,0.9478256005468674,0.9976127386917643,0.010126095116167811,0.707241776310614,0.010126095116167811
00829-QaLdnwvtxbs,0_2_99,478,tile,0_2,0.025308884229136065,0.031730289243962956,-1.8650541728347825,0.864044237030605,0.9167906975462323,0.9491928263988356,0.9999413026246792,0.9929715951589291,0.9929715951589291,0.9968582116398178
00829-QaLdnwvtxbs,0_3_0,93,ceiling chassis,0_3,-2.2826941718589664,2.442014312637131,1.0067764197688531,0.6462951920793861,0.9913569805264804,0.932712088171641,0.9964477858047073,0.7014532057265644,0.7014532057265644,0.9727063798873526
00829-QaLdnwvtxbs,0_3_1,93,ceiling chassis,0_3,-3.2167921878891303,2.281804050875678,-1.6174785260213627,0.7607694388830445,0.9731469054880941,0.9337441628915149,0.9958055123632535,0.8407603574881763,0.8407603574881763,0.8639735472151718
00829-QaLdnwvtxbs,0_3_10,478,tile,0_3,2.103942916745951,1.4411749085962244,0.992594077307806,0.011192963335387576,0.9032601270990864,0.9716956350421966,0.9990711839732356,0.01276455141490769,0.6867573897416157,0.01276455141490769
00829-QaLdnwvtxbs,0_3_100,326,partial,0_3,-2.0150458310783423,2.0949804400459806,-1.1387743263356889,0.4919555258734709,0.8709207502007483,0.8676936628550769,0.996322777195409,0.653402392809664,0.653402392809664,0.6558137655929777
00829-QaLdnwvtxbs,0_3_101,52,bowl,0_3,-0.04195858661489708,0.8628078104618465,1.2794434692551537,0.3162786725903141,0.9791525103858175,0.975724896192237,0.6132452325871574,0.5398312214712738,0.5398312214712738,0.9533807843577011
00829-QaLdnwvtxbs,0_3_102,478,tile,0_3,0.5089169468184488,0.012966634604072146,1.7974295220998695,0.002639762923165184,0.9890625174500584,0.9503735847205539,0.9591355314739043,0.0029279714949687163,0.5347620748616582,0.0029279714949687163
00829-QaLdnwvtxbs,0_3_103,545,wood,0_3,1.2079333056151096,0.7788461100200805,0.8998379566196467,0.7438919885790477,0.9701771644099305,0.9247830685603999,0.998310898499657,0.830525844008961,0.830525844008961,0.9597900477275313
00829-QaLdnwvtxbs,0_3_104,13,artwork,0_3,2.083345229729238,1.3219649772857192,1.2305967213353708,0.8790655013819804,0.9822891042101456,0.9162226134824392,0.9998445629711163,0.9768961861186265,0.9768961861186265,0.999898356346489
00829-QaLdnwvtxbs,0_3_105,545,wood,0_3,1.4280333094560216,0.011756979251500486,-1.2270481728646252,0.7918719369242527,0.9723677863354414,0.9178258981073751,0.9990508321274038,0.8881299092275128,0.8881299092275128,0.9801121707107349
00829-QaLdnwvtxbs,0_3_106,82,cardboard,0_3,2.104743439281992,1.0077153580271532,-1.1444008672629178,0.4039321212537747,0.8765815938512485,0.9385075165761624,0.9992366122902492,0.49137148418206317,0.5162280454517145,0.49137148418206317
00829-QaLdnwvtxbs,0_3_107,545,wood,0_3,-0.347818061558101,0.007151102396636976,0.27793453234059956,0.8339492181785296,0.9637091492720669,0.9023023987544367,0.9962872912978195,0.962624523355121,0.962624523355121,0.9995995890545623
00829-QaLdnwvtxbs,0_3_108,545,wood,0_3,0.7057637572635277,0.004548299884018539,-0.6421891052374358,0.8016144464644833,0.9745681163334601,0.8647872423359391,0.997583078109846,0.9534435574950967,0.9534435574950967,0.9993515407094956
00829-QaLdnwvtxbs,0_3_109,545,wood,0_3,0.46948739373348647,0.005421381280019806,-0.47691281822574133,0.8421217372391445,0.9730296914560208,0.9096379524132732,0.9973793947465822,0.9539372798583784,0.9539372798583784,0.9994953592205826
00829-QaLdnwvtxbs,0_3_11,52,bowl,0_3,0.08585890440164226,0.8588926655404411,1.3698489204525393,0.2416609708657843,0.8894486994548881,0.9071771840028413,0.8797349768554308,0.34044082428703704,0.5457868120361121,0.34044082428703704
00829-QaLdnwvtxbs,0_3_110,545,wood,0_3,-0.1424101023300776,0.006827087215322351,-0.04040621455627594,0.8218075444581967,0.9722592478122363,0.8884135865487072,0.9960076217559819,0.9552349144063269,0.9552349144063269,0.9996059458197037
00829-QaLdnwvtxbs,0_3_111,545,wood,0_3,-0.6905784318444979,0.005165846038823009,0.1263614534409876,0.8482391403802161,0.9731737926795885,0.9155154171129865,0.9975391221376823,0.9544041168876028,0.9544041168876028,0.9995813200601256
00829-QaLdnwvtxbs,0_3_112,545,wood,0_3,-0.08705019586957825,0.007384460453192664,0.12156151491669412,0.8469911665430141,0.9580551572005279,0.9212620953026693,0.9964817607743428,0.9630211189280813,0.9630211189280813,0.9995766842313745
00829-QaLdnwvtxbs,0_3_113,93,ceiling chassis,0_3,-3.20402484221473,2.442604079319646,-0.8846569086341562,0.6225949575726449,0.9876714372615967,0.931053745008048,0.9950076469739999,0.6804432883950574,0.6804432883950574,0.9457527155531635
00829-QaLdnwvtxbs,0_3_114,82,cardboard,0_3,-0.5176672545492258,0.8313548691141748,1.9743402366245142,0.03827976517849863,0.9896454953057856,0.9516597846466244,0.9992582603394143,0.040675242289312574,0.9852616057286976,0.040675242289312574
00829-QaLdnwvtxbs,0_3_115,545,wood,0_3,0.24807933847041908,0.006872070273939388,0.5803642047374442,0.8908697648441555,0.988532987567589,0.9522394591106464,0.9974454057907226,0.9488285523119745,0.9488285523119745,0.9992759265323535
00829-QaLdnwvtxbs,0_3_116,545,wood,0_3,-2.459038657557041,0.4347109877018303,1.0061663363966344,0.7832320538202122,0.9839523975174245,0.9570741939452461,0.9988131604629913,0.8326960453256929,0.9928229921586903,0.8326960453256929
00829-QaLdnwvtxbs,0_3_117,326,partial,0_3,-0.4518777447077186,0.00929383197248611,1.0840929977561502,0.06615138163232952,0.9709534859178668,0.9097389018378834,0.9726812811172267,0.0769933417282677,0.5922562207018206,0.0769933417282677
00829-QaLdnwvtxbs,0_3_118,545,wood,0_3,-1.8205286009548889,0.0012597528833942363,0.11935680237519701,0.8760679789091038,0.9893421879554479,0.9566184338690151,0.9971181919411406,0.9283374971299817,0.9283374971299817,0.9995506987946112
00829-QaLdnwvtxbs,0_3_119,545,wood,0_3,-1.8078219699394593,-0.0022024963405281044,-0.3429035886226447,0.8741346602293242,0.978785362953357,0.9669467673665967,0.9974121129235046,0.9260057226757571,0.9260057226757571,0.9995257092271136
00829-QaLdnwvtxbs,0_3_12,82,cardboard,0_3,0.0734813606809516,0.6933594365327213,0.814452000479813,0.08931820517495564,0.9874437028304933,0.9285179950028668,0.9974789272691887,0.0976637932930124,0.6888221365523177,0.0976637932930124
00829-QaLdnwvtxbs,0_3_120,82,cardboard,0_3,-4.370000812030701,0.23273605221488838,2.3185785217541253,0.0026490079940263197,0.9740020769779513,0.9488991486023701,0.9983449895966936,0.002870930547088514,0.5604968069816187,0.002870930547088514
00829-QaLdnwvtxbs,0_3_121,545,wood,0_3,-1.7362409899874385,-0.0010764435572919715,-0.1982023820340798,0.8568052395538963,0.9721144673743011,0.9478021945400121,0.9971958402222506,0.9325380023587967,0.9325380023587967,0.9995430404314402
00829-QaLdnwvtxbs,0_3_122,93,ceiling chassis,0_3,-3.9104303076405595,2.311099049985618,-1.4030914277910627,0.7467313840651174,0.9920132237991041,0.956981651669863,0.9954066830159862,0.7902104702433387,0.7902104702433387,0.8192791901670724
00829-QaLdnwvtxbs,0_3_123,326,partial,0_3,-2.846427246730859,0.26351991132824143,0.48110027602149613,0.008765650509955284,0.9896645626552105,0.934152542404149,0.9938950488605828,0.009539767806840242,0.797973181441045,0.009539767806840242
00829-QaLdnwvtxbs,0_3_124,545,wood,0_3,-1.8908373272169239,0.0023137399174103608,0.7425292532771016,0.8651989884351562,0.9838825981319872,0.9223867415184603,0.9979519361358963,0.9553225888746004,0.9553225888746004,0.999633685248089
00829-QaLdnwvtxbs,0_3_125,53,box,0_3,-4.474657303127407,0.3735639817066767,1.2413679052392055,0.4421069785678885,0.9600732823851363,0.9134418360848284,0.9997412822832743,0.5042599330231006,0.5042599330231006,0.7384337747499656
00829-QaLdnwvtxbs,0_3_126,545,wood,0_3,-3.1529123649151956,-0.00304715182552961,-0.9355486284111882,0.8375080337146911,0.991246139605092,0.9517528208592616,0.9983235175520087,0.8892256837978317,0.8892256837978317,0.9995812334561224
00829-QaLdnwvtxbs,0_3_127,545,wood,0_3,-4.840546452734244,1.7235335077194696,-1.2113438929878158,0.17468460406225733,0.8152816925250309,0.9704650662534141,0.9963134888116724,0.22160064634937165,0.5219302726843277,0.22160064634937165
00829-QaLdnwvtxbs,0_3_128,82,cardboard,0_3,-4.425486474131586,0.44646437992282734,1.3083212308076457,6.063196294098035e-05,0.987441169029279,0.9634600477478337,0.9972777536088906,6.390584134958976e-05,0.5661470205172101,6.390584134958976e-05
00829-QaLdnwvtxbs,0_3_129,326,partial,0_3,-4.139142968217983,0.012993875058255121,0.6556583491908919,0.12627668478811527,0.9881514062742804,0.9682449764900075,0.9729039687556688,0.1356577004822676,0.7403510763458404,0.1356577004822676
00829-QaLdnwvtxbs,0_3_13,326,partial,0_3,0.3574713465174697,1.75746905906378,1.067242854825029,0.11425154027455482,0.8679845434900648,0.8943142081744146,0.9693747913479863,0.15183371555245354,0.6098626922140357,0.15183371555245354
00829-QaLdnwvtxbs,0_3_130,510,tv,0_3,-5.951163496214411,0.6525870799107628,1.9580420966149914,0.5343002825717214,0.9321132361456153,0.9497109910664981,0.9997450204802159,0.603720627770537,0.603720627770537,0.8926516592790102
00829-QaLdnwvtxbs,0_3_131,82,cardboard,0_3,-3.205472625718437,0.894787964566504,0.5264739837501918,0.06084794304601211,0.9841581698503593,0.9659855655011993,0.9968832720885493,0.06420458661600388,0.8411291476446616,0.06420458661600388
00829-QaLdnwvtxbs,0_3_132,545,wood,0_3,-5.468382801825037,0.008995221430244477,0.04316898698778978,0.44899727557576974,0.9460350604242111,0.9331377742678272,0.9986344804171416,0.5093122787071708,0.5093122787071708,0.988550256182181
00829-QaLdnwvtxbs,0_3_133,82,cardboard,0_3,-6.5598085465025315,0.23459163286323242,-0.2741146969843467,0.5092106469838409,0.6815078924099605,0.9939489838574986,0.9996144327810819,0.7520210096881845,0.927851599873694,0.7520210096881845
00829-QaLdnwvtxbs,0_3_134,93,ceiling chassis,0_3,-5.429287102399798,2.2772780724638086,-2.819447610931987,0.63273214652176,0.9683968813789018,0.9578949680420722,0.9982513823356546,0.6832957279263673,0.6832957279263673,0.9609680071283158
00829-QaLdnwvtxbs,0_3_135,545,wood,0_3,-5.093064870422356,-0.002937868555875826,-0.20278465736977724,0.6959169823437059,0.966937744953182,0.9362477329088479,0.9976865592960631,0.7705024439122213,0.7705024439122213,0.9959231826846642
00829-QaLdnwvtxbs,0_3_136,326,partial,0_3,-3.6289000206223636,0.5057094514980929,-1.5504437692563457,0.4414617922305103,0.983057893890847,0.9359119753012395,0.9888704642674019,0.48522103227294794,0.774279489169032,0.48522103227294794
00829-QaLdnwvtxbs,0_3_137,545,wood,0_3,-3.7346746552884356,-0.0022901442360628117,-1.2485330554337861,0.6761234252554351,0.96595904929643,0.8908047793468292,0.9987176984104295,0.7867594770093865,0.7867594770093865,0.9977140471066286
00829-QaLdnwvtxbs,0_3_138,545,wood,0_3,-4.653301198268055,-0.0028195822333725064,-0.6307497336580361,0.7052686164743742,0.9514605960615411,0.9223728829202329,0.9979791090246507,0.8052593477499288,0.8052593477499288,0.9980294665498125
00829-QaLdnwvtxbs,0_3_139,545,wood,0_3,-4.972862786439675,-0.002744999130535789,-0.4875890541390629,0.6519504851856852,0.933284769595088,0.8828854864424756,0.997292882506482,0.7933655477435377,0.7933655477435377,0.9973559781427596
00829-QaLdnwvtxbs,0_3_14,545,wood,0_3,0.6039964648996431,0.7887579722060295,0.9654761393272057,0.5945942842853018,0.9225542199740209,0.9281350132047579,0.9945880701645428,0.6981912925837761,0.6981912925837761,0.8348462364601008
00829-QaLdnwvtxbs,0_3_140,82,cardboard,0_3,-4.257103370709862,1.5367683299645833,-1.7673826624119977,0.5541531753296016,0.8216746757427852,0.9654775704743536,0.999534459124861,0.698859646211162,0.698859646211162,0.7515423225347362
00829-QaLdnwvtxbs,0_3_141,326,partial,0_3,-4.259195096827167,0.3151127135908474,-1.7664242008776352,0.2044727973851105,0.9578315346554567,0.9231406772515689,0.9587266611662122,0.2412035605821267,0.7331909203268349,0.2412035605821267
00829-QaLdnwvtxbs,0_3_142,82,cardboard,0_3,-4.237076950375537,0.5519313812550535,-1.5762978856361136,0.5580105219988953,0.9724829536913546,0.9346646302344312,0.9988489008190393,0.6146173083623611,0.6146173083623611,0.6305196342134121
00829-QaLdnwvtxbs,0_3_143,82,cardboard,0_3,-2.3702454908868904,1.4075215526342624,-1.694077159488692,0.028504971118609054,0.9683543413791105,0.9386721501961844,0.9989847384464302,0.031391604566291406,0.5139883825271505,0.031391604566291406
00829-QaLdnwvtxbs,0_3_144,93,ceiling chassis,0_3,-2.632447744885386,2.2804724247183334,-1.9014923497738985,0.7520141667326963,0.979635558560739,0.9288948862208719,0.9937326692069487,0.8316207975699421,0.8316207975699421,0.8950640696900297
00829-QaLdnwvtxbs,0_3_145,499,tray,0_3,-3.897879235265591,0.9221111282593779,-2.041179313029488,0.4883460470733666,0.9842710214791858,0.9367794637484924,0.9975332017347288,0.5309434367258405,0.5309434367258405,
00829-QaLdnwvtxbs,0_3_146,326,partial,0_3,-2.311697533079084,0.4925041412191319,-1.1610108846960427,0.1660171482174468,0.986185449404287,0.9425345262020411,0.9985140981524963,0.17887221705117803,0.6976720344330971,0.17887221705117803
00829-QaLdnwvtxbs,0_3_147,545,wood,0_3,-2.390179905388074,0.06224822971322971,-1.4258746677052494,0.6416029520166829,0.804642552939359,0.9142838226180536,0.9974779546201532,0.8743373193887038,0.9103458687643079,0.8743373193887038
00829-QaLdnwvtxbs,0_3_148,545,wood,0_3,-3.1555038042918677,-0.0037550555921459275,-1.3993261912897865,0.7344819597676696,0.9845188191096277,0.9278232057563848,0.9990299158767401,0.8048471069304562,0.8048471069304562,0.9989491259453038
00829-QaLdnwvtxbs,0_3_149,82,cardboard,0_3,-4.347446826207201,0.7872016438205754,-1.141977413546225,0.6369624412748655,0.9873042451415327,0.9441817144428692,0.99906957507918,0.6839297596985984,0.6839297596985984,0.784042345768766
00829-QaLdnwvtxbs,0_3_15,545,wood,0_3,0.030868670897305838,0.7887308254120904,1.4001808933938775,0.6032983973222954,0.9379746279397578,0.8883633182077133,0.9969162312571535,0.7262594493731245,0.7262594493731245,0.9298655632618485
00829-QaLdnwvtxbs,0_3_150,545,wood,0_3,-3.9717164854879092,-0.002655691120187376,-1.2396609052882424,0.7649502939036079,0.9873854023160934,0.9464508303920955,0.9984602370925978,0.8198184405424165,0.8198184405424165,0.9985697461069764
00829-QaLdnwvtxbs,0_3_151,545,wood,0_3,-4.903859157354044,-0.00219036062576803,-1.0698674075895922,0.6326018241894112,0.9824456523278203,0.9282662941772177,0.9980024352086442,0.6950526805071857,0.6950526805071857,0.9929802051547978
00829-QaLdnwvtxbs,0_3_152,545,wood,0_3,-4.701713045985545,-0.0023996515182992044,-0.9321135398018214,0.6691119523798316,0.8835643748010414,0.963831671573741,0.997924866168642,0.7873386175176457,0.7873386175176457,0.9957152438330379
00829-QaLdnwvtxbs,0_3_153,545,wood,0_3,-2.613265539672502,-0.0029456071319224827,-1.2509721460816845,0.7505417937857926,0.9425641404152426,0.9100204644228482,0.9993589386140634,0.8755708767869673,0.8755708767869673,0.9975978630164413
00829-QaLdnwvtxbs,0_3_154,545,wood,0_3,-4.0224825338178976,-0.0027387893249051568,-0.48591245446908393,0.7901242574610219,0.9864940558599966,0.9508711860766942,0.9975944150100998,0.844355284933304,0.844355284933304,0.9990568808660609
00829-QaLdnwvtxbs,0_3_155,545,wood,0_3,-3.846449959332314,-0.003734133894494577,-0.6414601495160089,0.8205889821709521,0.9838952243077654,0.9545350360035542,0.9949775572341777,0.8781559946567532,0.8781559946567532,0.9991751217727327
00829-QaLdnwvtxbs,0_3_156,82,cardboard,0_3,-4.238886655968739,0.07898947358488977,-1.3274025659365412,0.5060833368223894,0.8136420813311788,0.9042345492052348,0.9989040910535613,0.6886265256257602,0.7488583521584061,0.6886265256257602
00829-QaLdnwvtxbs,0_3_157,545,wood,0_3,-3.6950429997948313,-0.004480220706050845,-0.79380267950621,0.7601674660621077,0.9837067932272571,0.8824165003875322,0.9965089150237257,0.8787974726477035,0.8787974726477035,0.9993873200666491
00829-QaLdnwvtxbs,0_3_158,100,chest,0_3,-5.892776910549418,0.36625911728529975,0.5763447358701566,0.0010106915969970056,0.9690150309476715,0.9287288960778852,0.9994624758576812,0.0011236542262113185,0.522277702423248,0.0011236542262113185
00829-QaLdnwvtxbs,0_3_159,545,wood,0_3,-4.243050431107926,0.0005974934246469796,-0.18050642968735572,0.7305721435210759,0.9819217029556102,0.9247821470313142,0.9987426616493553,0.8055513153844817,0.8055513153844817,0.9981153114747225
00829-QaLdnwvtxbs,0_3_16,545,wood,0_3,0.5210078227163926,0.00695913368707375,0.42275555131563824,0.8676263956193758,0.9790219507460519,0.9272085413399788,0.9969903843491468,0.9586761726792008,0.9586761726792008,0.9992137088178223
00829-QaLdnwvtxbs,0_3_160,244,handle,0_3,-3.3061024398389223,0.42833647212708564,-1.6050741616136306,7.107430700616323e-05,0.9780740607453371,0.9179881968740915,0.9967716682331297,7.941601850856625e-05,0.5332221378259171,7.941601850856625e-05
00829-QaLdnwvtxbs,0_3_161,545,wood,0_3,-4.286559516542573,-0.003220414488557635,-0.7896624574871284,0.7382903912722059,0.983906971984499,0.9320384001085553,0.9977187450132973,0.8069214136756826,0.8069214136756826,0.9974599077751668
00829-QaLdnwvtxbs,0_3_162,478,tile,0_3,-5.058228385988145,-0.003905807610062376,-1.3819111481923074,0.9186992623797657,0.9819408492952025,0.9398916227969412,0.9999341037477458,0.9954945366493706,0.9954945366493706,0.9982605103329216
00829-QaLdnwvtxbs,0_3_163,510,tv,0_3,-6.247675054527688,1.4592674509385808,1.837288043361146,0.9146746262632711,0.985319635102935,0.9442277640833057,0.9999628520195935,0.9831705506271157,0.9831705506271157,0.9997863391848941
00829-QaLdnwvtxbs,0_3_164,510,tv,0_3,-6.212503126976954,1.4478160083368008,0.9342198661520884,0.8848196606416808,0.9800100961455197,0.9230079628724884,0.9999374789828149,0.9782411325677834,0.9782411325677834,0.9996340325975452
00829-QaLdnwvtxbs,0_3_165,510,tv,0_3,-6.212945956098157,1.4255940351883178,0.516668504145513,0.9188625110679919,0.9904464853559887,0.9488626936760276,0.9999305098764195,0.9777916542921626,0.9777916542921626,0.9986181283576002
00829-QaLdnwvtxbs,0_3_166,134,cushion,0_3,-3.331758207529784,0.47581957347871134,1.7738545773687604,0.2888477719565898,0.9879564800682298,0.968613348331639,0.9990998684916861,0.3021146993195077,0.802119002376064,0.3021146993195077
00829-QaLdnwvtxbs,0_3_167,82,cardboard,0_3,-4.629101942798057,0.012777609947949853,0.051602590265685276,0.011569686173183854,0.9737355341999195,0.9227780318627512,0.9979288165834729,0.0129027935802442,0.6221987294259156,0.0129027935802442
00829-QaLdnwvtxbs,0_3_168,82,cardboard,0_3,-3.3540665206495754,0.7063619586814365,0.4625734414932333,0.048311829694759195,0.9853990109520849,0.9441454342443767,0.9973778910722589,0.05206462316320419,0.8362963416788233,0.05206462316320419
00829-QaLdnwvtxbs,0_3_169,545,wood,0_3,-5.471354292396842,-0.0026594211750540797,-0.7276306385299456,0.6282764399172128,0.965516941803078,0.9249518328921007,0.9969195795589828,0.7056862126762451,0.7056862126762451,0.9937095733354007
00829-QaLdnwvtxbs,0_3_17,18,backrest,0_3,1.3727491554425224,0.6756249241270794,1.50999175055708,0.6580708796509277,0.9790611097877775,0.9196359163644019,0.996402770163139,0.7335201064849907,0.7335201064849907,
00829-QaLdnwvtxbs,0_3_170,545,wood,0_3,-6.234321749953629,-0.0056819127319863265,-0.5794716090085014,0.7356351563326077,0.9822515985476671,0.9268909927237793,0.9990575653884934,0.8087616641831316,0.8087616641831316,0.9938612716313181
00829-QaLdnwvtxbs,0_3_171,510,tv,0_3,-6.197956440286402,0.8603705524265431,0.7342416126013056,0.8849804380692505,0.9562153786465931,0.9348265464012171,0.9999808550584365,0.9900456613283285,0.9900456613283285,0.9998515715285231
00829-QaLdnwvtxbs,0_3_172,82,cardboard,0_3,-6.567087740663798,1.679853813136437,1.2348489901458377,0.6505662586812767,0.985112427960241,0.9424239295117729,0.9991607580421681,0.7013326590351805,0.7013326590351805,0.729487538902454
00829-QaLdnwvtxbs,0_3_173,82,cardboard,0_3,-1.2839746838241433,0.5350005941476573,1.2486847296533332,0.030213573511784185,0.9818174620772195,0.9362319310375911,0.9991720351968513,0.03289634313105148,0.8602552162729568,0.03289634313105148
00829-QaLdnwvtxbs,0_3_174,545,wood,0_3,-1.4752525266727747,0.0050969132154360195,0.6630935581389684,0.8736877673395277,0.9780639684359229,0.9317884489071973,0.9982929677329381,0.9603148860949726,0.9603148860949726,0.9996969865010142
00829-QaLdnwvtxbs,0_3_175,326,partial,0_3,-2.5385229965790064,2.046068089948258,3.161410783560479,0.7050090832936234,0.974818104188439,0.9217970902764612,0.994887370058311,0.7886092661087086,0.7886092661087086,0.9439403303254168
00829-QaLdnwvtxbs,0_3_176,326,partial,0_3,-2.505665223226792,1.5016696011690145,3.1041680468057957,0.6779506695217936,0.8994008454622007,0.912213359527942,0.9975003970572278,0.8283908571284462,0.8283908571284462,0.8600354292475613
00829-QaLdnwvtxbs,0_3_177,311,oar,0_3,-0.8563640546313365,0.28950438725990035,1.1098145876176484,0.4547069671722438,0.9766247625057128,0.9179685651540588,0.9893945082369284,0.5126330143995202,0.5126330143995202,
00829-QaLdnwvtxbs,0_3_178,134,cushion,0_3,-5.220127600948123,0.7053880670708269,2.507228472574699,0.4622573521513118,0.9661044829609429,0.9416571752927059,0.9973680411358126,0.5094616079900693,0.5094616079900693,0.645007780702874
00829-QaLdnwvtxbs,0_3_179,55,bread,0_3,-4.549401726214023,0.1816888754533558,0.8993837209320138,1.5394082510859558e-06,0.9724847239132388,0.9382852760785485,0.7446113513227317,2.265721199086425e-06,0.7145328106156993,2.265721199086425e-06
00829-QaLdnwvtxbs,0_3_18,545,wood,0_3,1.7906880009989528,0.006483865650872649,-0.3920356753670328,0.8573579025078596,0.9924300322162525,0.9526915641706296,0.9968583068781549,0.9096545689846961,0.9096545689846961,0.9987200548322385
00829-QaLdnwvtxbs,0_3_180,82,cardboard,0_3,-2.1298901960644443,0.7951933500836883,2.8426817151591863,0.6360317314543139,0.9753454231126546,0.9412130493274445,0.9995188671813613,0.6931726145314592,0.7478374145040966,0.6931726145314592
00829-QaLdnwvtxbs,0_3_181,326,partial,0_3,-5.9161059094603905,0.036376787889409894,2.9711200681877283,0.6546339510663828,0.991125818989127,0.944265522718858,0.9927403653319358,0.7045955917630699,0.7045955917630699,0.7784265965921234
00829-QaLdnwvtxbs,0_3_182,510,tv,0_3,-5.90295230958399,0.33974641081561974,0.8927863651672046,0.5945091071343181,0.9917728710785558,0.9332859955207881,0.999831428408544,0.6423988491674497,0.6423988491674497,0.6642973238214391
00829-QaLdnwvtxbs,0_3_183,510,tv,0_3,-6.244405114759161,1.1034843807048247,1.826595620150337,0.8887670813624672,0.9771257394565246,0.9234639901499078,0.9999760152196394,0.9849812388257136,0.9849812388257136,0.9999006014238947
00829-QaLdnwvtxbs,0_3_184,87,cat,0_3,-3.52455931506058,0.013804500879920271,0.8891661227766638,0.26936113585060667,0.9482668662508598,0.9169017035975866,0.9958380150035772,0.3110948904551526,0.7760953114502248,0.3110948904551526
00829-QaLdnwvtxbs,0_3_185,82,cardboard,0_3,-3.5698102673840717,0.015422295059033269,1.1945313394253887,0.36421630745714856,0.9410434825075019,0.9023462106983092,0.9958089760010775,0.430725377540113,0.8591865264219128,0.430725377540113
00829-QaLdnwvtxbs,0_3_186,510,tv,0_3,-5.940783199559143,0.36902045169249037,1.793310151403958,0.701195095105286,0.9770262695511048,0.9553098822844566,0.9998585417718789,0.7513629865793212,0.7513629865793212,0.8382975153682031
00829-QaLdnwvtxbs,0_3_187,478,tile,0_3,-5.965757066552585,-0.00853498506681185,-2.112708646523941,0.889263974463746,0.9567928322450241,0.930223430851566,0.9999887133500385,0.99914935598594,0.99914935598594,0.9999205582055263
00829-QaLdnwvtxbs,0_3_188,478,tile,0_3,-5.67882426748415,-0.007830936564166035,-1.878716242989667,0.8884587545988832,0.9543026412024206,0.9321995000020924,0.9999834410963228,0.9987331635899084,0.9987331635899084,0.9998554314505256
00829-QaLdnwvtxbs,0_3_189,478,tile,0_3,-6.4887980017193065,-0.008380078617404125,-1.6465102932938365,0.8297187414181908,0.8400652155484238,0.9896638004346849,0.9999735641297792,0.9980256281307832,0.9980256281307832,0.9988282776025541
00829-QaLdnwvtxbs,0_3_19,545,wood,0_3,0.7958269449189092,0.007852408656528826,0.273418558626626,0.8051404200712835,0.9365388272094306,0.9254518292688622,0.9967982969074902,0.9319331002732317,0.9319331002732317,0.9988072046743401
00829-QaLdnwvtxbs,0_3_190,510,tv,0_3,-6.199980599899874,1.093355299981647,0.7356895050990147,0.8399877276741116,0.9233453943946064,0.9209585923705894,0.999978224665793,0.9878206634886982,0.9878206634886982,0.9998825340507523
00829-QaLdnwvtxbs,0_3_191,510,tv,0_3,-6.199849993095328,1.4596308523882482,0.6629540474408101,0.8235581849759696,0.9404912395998328,0.8961810764367625,0.9999447779980237,0.9771646495166547,0.9771646495166547,0.9996136857731545
00829-QaLdnwvtxbs,0_3_192,478,tile,0_3,-5.676946492350422,-0.005254158270571483,-1.3911311321929025,0.8992880106034592,0.9770313923206961,0.9239725241470444,0.9999615267573277,0.9962032116766601,0.9972305228651613,0.9962032116766601
00829-QaLdnwvtxbs,0_3_193,510,tv,0_3,-6.239759191907345,1.4350827575765035,1.6309756379765465,0.8189477766821887,0.9533644557663494,0.8729678965468994,0.9999707342946774,0.9840375916440381,0.9840375916440381,0.9999157930223167
00829-QaLdnwvtxbs,0_3_194,82,cardboard,0_3,-6.568375635812259,0.5288616267058267,0.6320161508186996,0.44868357964040806,0.9678130568998453,0.9394956310277967,0.9989809071241983,0.4939656464929763,0.6449171964159574,0.4939656464929763
00829-QaLdnwvtxbs,0_3_195,545,wood,0_3,-6.3920525028448525,-0.006299007764841198,-0.467915737591722,0.7451106113179358,0.9785764130131891,0.9367256913953885,0.9990783886893156,0.8136057482953998,0.8136057482953998,0.9931915652890179
00829-QaLdnwvtxbs,0_3_196,510,tv,0_3,-6.224233302756624,1.1749815992909218,1.3571811599884314,0.8172183002324379,0.9260239631155909,0.889878939944817,0.9999891517905901,0.9917212991780933,0.9917212991780933,0.9999077018194467
00829-QaLdnwvtxbs,0_3_197,133,curtain,0_3,-4.317832772981521,2.3924324721872714,3.4485943148111216,0.005593022766673202,0.9163067116456873,0.9154687770375345,0.9558738336589385,0.006975279417615844,0.5057806113625454,0.006975279417615844
00829-QaLdnwvtxbs,0_3_198,133,curtain,0_3,-3.847498000929107,1.3282734767221704,3.537311473631498,0.6594435760931421,0.9629236745572504,0.9346983177979851,0.9705556512548315,0.7549077322909337,0.7549077322909337,0.9998764038502472
00829-QaLdnwvtxbs,0_3_199,82,cardboard,0_3,-4.852924259116907,0.07562600823170645,2.320665887212833,0.018376845420068955,0.9029479901006001,0.9360979980061563,0.9954826599289708,0.02184002899391736,0.5780234628540143,0.02184002899391736
00829-QaLdnwvtxbs,0_3_2,127,countertop item,0_3,-3.244047774189413,0.6141788738906622,-1.70165726854552,0.5029859175101131,0.96202025747023,0.9306575012087376,0.997128376461631,0.5634179134706206,0.5634179134706206,0.99799100859046
00829-QaLdnwvtxbs,0_3_20,133,curtain,0_3,-0.6313720582487413,0.12191169222868335,3.6345005425396444,0.5986137452666784,0.9793580939930757,0.93811005382779,0.7473243468630026,0.8718509523174736,0.8718509523174736,0.9987761644512502
00829-QaLdnwvtxbs,0_3_200,510,tv,0_3,-6.245757228936556,0.8826235157508601,1.8596471369320995,0.8893474852757606,0.9566010500370313,0.9362361404903021,0.9999837500903022,0.9930298050953994,0.9930298050953994,0.9997702189735709
00829-QaLdnwvtxbs,0_3_201,82,cardboard,0_3,-6.563370500572498,0.4618238012722338,0.3460959362912271,0.7430270579160038,0.9705018639805122,0.930634127826044,0.999622149587047,0.8229878241020009,0.9281617029671634,0.8229878241020009
00829-QaLdnwvtxbs,0_3_202,510,tv,0_3,-6.211582446006815,1.0316753755413302,1.0373180230292647,0.9136030436643471,0.9800964809175353,0.9389490786568724,0.9999886410792753,0.9927767571579907,0.9927767571579907,0.999875661396982
00829-QaLdnwvtxbs,0_3_203,510,tv,0_3,-6.138175253655415,0.7116620209492187,1.2554877316213071,0.7519515894300888,0.9731925660516234,0.9311440581721142,0.9998276700474586,0.829944537680187,0.8315980728713136,0.829944537680187
00829-QaLdnwvtxbs,0_3_204,510,tv,0_3,-6.229891779317714,1.2631018889428094,1.4663013679590344,0.9004064664759599,0.9773073364930281,0.9318640136549805,0.9999815204058435,0.9886963511634567,0.9886963511634567,0.999906931631938
00829-QaLdnwvtxbs,0_3_205,82,cardboard,0_3,-6.569188519912393,1.4716260070397265,0.4209580526786827,0.7755342447482331,0.979173419721213,0.932747528443019,0.9996033108467851,0.8494729827530912,0.9347641932698962,0.8494729827530912
00829-QaLdnwvtxbs,0_3_206,82,cardboard,0_3,-6.567965445299772,1.630138432781114,0.9627089325264887,0.5813455767984135,0.9636571028346854,0.878449970653332,0.9992004110225677,0.6872934562189095,0.869688514302333,0.6872934562189095
00829-QaLdnwvtxbs,0_3_207,13,artwork,0_3,2.0824561098292143,1.5419012170982171,1.628930054244974,0.9043485109792803,0.9912213342158127,0.9330053033603352,0.9998216058020025,0.9780443693401248,0.9780443693401248,0.9998570413589865
00829-QaLdnwvtxbs,0_3_208,82,cardboard,0_3,-2.438113069054831,1.358485356078502,0.6657701620024497,0.03669078741339322,0.9770838550992611,0.930684064462246,0.997433437905258,0.040451906402300855,0.7910604765779164,0.040451906402300855
00829-QaLdnwvtxbs,0_3_209,326,partial,0_3,-3.0225518202196215,2.3569128584320507,-1.1587311886218044,0.6860099781232235,0.982043864209289,0.9419185778605066,0.9956528841944744,0.7448661306993097,0.7570993029238913,0.7448661306993097
00829-QaLdnwvtxbs,0_3_21,133,curtain,0_3,-0.40445058666859246,0.6331743874147074,3.5851393405515344,0.7749614780137394,0.9883267707028937,0.951557522070051,0.8753608915247902,0.941363530758612,0.941363530758612,0.999622770223257
00829-QaLdnwvtxbs,0_3_210,82,cardboard,0_3,-4.3863606160959225,1.1916512299769286,-2.00109973490049,0.10035183335149808,0.967377476697741,0.9511472699986332,0.999485624127154,0.1091201669880223,0.6924237587795974,0.1091201669880223
00829-QaLdnwvtxbs,0_3_211,326,partial,0_3,-4.7129815675939914,1.552963510029877,-4.972410253051417,0.28544322335235267,0.9708557696414508,0.9392659018676343,0.9992351290766306,0.3132627607109934,0.7826937442189816,0.3132627607109934
00829-QaLdnwvtxbs,0_3_212,326,partial,0_3,-4.364327227140442,1.6706237453085149,-4.604187439740325,0.7311617280749325,0.9022633773186416,0.9310560387776102,0.9713159020800647,0.8960738439537475,0.8960738439537475,0.9444042328239912
00829-QaLdnwvtxbs,0_3_213,326,partial,0_3,-4.610531063022864,1.488783149810919,-4.8320150857696245,0.6458793950089374,0.9785065565059805,0.9341100228973911,0.9912791734333682,0.7128426498335182,0.7482813810099755,0.7128426498335182
00829-QaLdnwvtxbs,0_3_214,415,side table,0_3,-4.611085469070897,0.6077063712241302,-4.531729960155878,0.641723351318286,0.980349579623767,0.9265913540702199,0.9993954649021487,0.7068727795527486,0.7068727795527486,0.9999591299729267
00829-QaLdnwvtxbs,0_3_215,143,desk door,0_3,-5.9561269842347855,1.4022606353499782,-5.216829191767873,0.6378625686805476,0.9832291088381064,0.9393117117741373,0.9996129559782911,0.6909247915832113,0.6909247915832113,0.9869430822085219
00829-QaLdnwvtxbs,0_3_216,0,acoustic panel,0_3,-6.5755873071044455,1.1120078212193776,-3.8452814541076883,0.6610456518635184,0.9690040538732901,0.9324049124909195,0.9993984880271939,0.7320868701483191,0.7320868701483191,0.9929892539844923
00829-QaLdnwvtxbs,0_3_217,478,tile,0_3,-2.695207958061013,-0.0019172071605557772,-1.554602561246472,0.044541353183756356,0.9783626470110502,0.934584954213289,0.9993294463773401,0.0487456733481975,0.8897771822349284,0.0487456733481975
00829-QaLdnwvtxbs,0_3_218,82,cardboard,0_3,-4.331294908263284,1.47151570177942,-1.143373755118334,0.6334518018369256,0.9826184694141087,0.9281060626852976,0.999265786647098,0.6951043801379959,0.6951043801379959,0.7656455156207379
00829-QaLdnwvtxbs,0_3_219,467,table stand,0_3,-4.624682211681696,0.01403254114126538,-4.558494985482953,0.46823720268239466,0.9805473042953581,0.9294563411150665,0.999334656470586,0.514111623629573,0.514111623629573,
00829-QaLdnwvtxbs,0_3_22,480,tissue,0_3,-1.3636255450808017,0.78038213637282,1.3603788061193223,0.15595388931998125,0.9715140109962848,0.9317429290074373,0.9957111893519385,0.173028502296374,0.8596032991854498,0.173028502296374
00829-QaLdnwvtxbs,0_3_220,478,tile,0_3,-4.397109409380133,0.04738415569428295,-2.3943697770881096,0.32021743782633416,0.9713855001029095,0.9021543169457884,0.9970328377698411,0.36649079230019976,0.843099638329607,0.36649079230019976
00829-QaLdnwvtxbs,0_3_221,82,cardboard,0_3,-6.553510736914914,1.1262418049923704,-5.220959620964291,0.458175542134698,0.9727343254433324,0.9096912152385841,0.9982048664610679,0.5187092317415204,0.5681541064177071,0.5187092317415204
00829-QaLdnwvtxbs,0_3_222,127,countertop item,0_3,-2.7021565804863226,0.4862326996968538,-1.6028400688216755,0.5404010595974486,0.960038078952136,0.9443246401611358,0.997694333297128,0.597460097355208,0.597460097355208,0.9988421512056321
00829-QaLdnwvtxbs,0_3_223,244,handle,0_3,-3.1973702274814726,0.6423383437973876,-1.6017407166722073,5.434203606899732e-05,0.8971420836970126,0.8970568865704479,0.9967279883750552,6.774512352351817e-05,0.5599941224638088,6.774512352351817e-05
00829-QaLdnwvtxbs,0_3_224,93,ceiling chassis,0_3,-4.905623400854993,2.277492825563787,-1.919065313711648,0.4880591990251565,0.9623183971573828,0.9450891089378575,0.9955044842100395,0.539060779845345,0.539060779845345,0.7374056854836438
00829-QaLdnwvtxbs,0_3_225,143,desk door,0_3,-5.960796005316907,1.1032029304552526,-5.222427226427657,0.613038343437648,0.8993999264903285,0.9414005087077193,0.9999628883649371,0.7240632082531895,0.7240632082531895,0.9783570421486562
00829-QaLdnwvtxbs,0_3_226,93,ceiling chassis,0_3,-3.5975165027325664,2.3512296901433705,-1.1549378047035992,0.5655984098296134,0.9189264210849569,0.9427880669913056,0.9980441090569616,0.6541293391751599,0.6541293391751599,0.792121542162228
00829-QaLdnwvtxbs,0_3_227,545,wood,0_3,-6.5526335194172525,0.062074087788141157,-0.22742957451513254,0.7315894686045573,0.9564279016547504,0.9389580964729374,0.9976344024448742,0.8165778207703309,0.8789260947033931,0.8165778207703309
00829-QaLdnwvtxbs,0_3_228,326,partial,0_3,-4.363834593554207,1.329087546293227,-3.6176117814191096,0.19048488900381347,0.9296398361308412,0.9586834348542801,0.9960336701833025,0.2145836166884428,0.6601359215467657,0.2145836166884428
00829-QaLdnwvtxbs,0_3_229,478,tile,0_3,-6.263918183421446,-0.008555054179061643,-1.3729269772639765,0.891021158746459,0.979187931133625,0.9118530077213354,0.9999780573898301,0.9979451225785192,0.9979451225785192,0.9979625539413778
00829-QaLdnwvtxbs,0_3_23,133,curtain,0_3,-3.163761542817319,1.704172996244965,3.553233595998947,0.6641246375286702,0.9767589137009971,0.9326865959270916,0.9695439334823801,0.7518980872733663,0.7518980872733663,0.9997435381356031
00829-QaLdnwvtxbs,0_3_230,478,tile,0_3,-4.501088303696033,0.0006508125637127091,-1.4256695721386912,0.9253920412059856,0.9807005994517594,0.9477987551869338,0.999934501896298,0.995638385066955,0.995638385066955,0.9991315843053035
00829-QaLdnwvtxbs,0_3_231,478,tile,0_3,-4.765053991725474,-0.004724559085758099,-2.101774384532741,0.9038548266734301,0.9876294118008521,0.9179193342481122,0.9999594067418155,0.9970519310283118,0.9970519310283118,0.9994043247050083
00829-QaLdnwvtxbs,0_3_232,326,partial,0_3,-3.4114700074951374,0.0031067579072308333,-1.9497394522935185,0.0160764001485513,0.9787614851103609,0.9166039476591347,0.9123763361142812,0.019640665542585943,0.7088018946105129,0.019640665542585943
00829-QaLdnwvtxbs,0_3_233,478,tile,0_3,-4.494426477826974,-0.0016914974582514543,-1.925649159124959,0.8972028765664709,0.9345547093147014,0.9680906835609373,0.9999118637833037,0.9917636010450407,0.9917636010450407,0.9984604096098905
00829-QaLdnwvtxbs,0_3_234,478,tile,0_3,-5.07304835175774,-0.006033317286946876,-1.928510747170437,0.8861537537277325,0.9673181025873573,0.917096798761605,0.999985503949316,0.9989204042936648,0.9989204042936648,0.9999116473367176
00829-QaLdnwvtxbs,0_3_235,478,tile,0_3,-4.768879734874047,-0.0037062617618516956,-1.5373648502607584,0.8358648849798959,0.9380727120663649,0.8926640162661614,0.9999406857729911,0.9982453826047231,0.9982453826047231,0.9999102499958876
00829-QaLdnwvtxbs,0_3_236,326,partial,0_3,-4.876449062668038,1.3310470176215283,-5.100004629928629,0.15295715022269907,0.9539990626963567,0.9162303438769974,0.9992321659234693,0.17512605275958268,0.7145054140257087,0.17512605275958268
00829-QaLdnwvtxbs,0_3_237,478,tile,0_3,-6.271624694432529,-0.00949855100050655,-1.8904953139387302,0.8889941361647467,0.9551195190232493,0.9327520546031749,0.9999764718806168,0.9978957655963316,0.9978957655963316,0.9985840916865024
00829-QaLdnwvtxbs,0_3_238,478,tile,0_3,-5.3743351184884105,-0.0074598102963184575,-2.1199972006486574,0.8925843985975249,0.9572067810929198,0.9332384541003027,0.9999877531136374,0.9992087262867306,0.9992087262867306,0.9999403513222179
00829-QaLdnwvtxbs,0_3_239,478,tile,0_3,-5.070420832837455,-0.0060856951186156125,-2.5141533361840054,0.9160207817815891,0.9469236337129163,0.9699671093989919,0.9999734722926774,0.9973437802015915,0.9973437802015915,0.9998206541993553
00829-QaLdnwvtxbs,0_3_24,545,wood,0_3,-2.2496963632210396,0.22162066979146766,2.2900765056935573,0.7848436949982943,0.9603529772737902,0.9171611549159144,0.9991024311377892,0.8918598606760328,0.9425697439026955,0.8918598606760328
00829-QaLdnwvtxbs,0_3_240,478,tile,0_3,-5.0818122609032965,-0.0032839193417580795,-3.061082742778778,0.8926759663143994,0.9624784192246277,0.9281145143902783,0.999983637525734,0.9993287537072227,0.9993287537072227,0.9999622508291149
00829-QaLdnwvtxbs,0_3_241,478,tile,0_3,-5.963924744585159,-0.007037292619880835,-2.7068880306741003,0.8969410853479411,0.9487484660053248,0.9468407039414275,0.9999667871636904,0.9985052112945655,0.9985052112945655,0.9999431324548915
00829-QaLdnwvtxbs,0_3_242,478,tile,0_3,-4.760578704592677,-0.004586025489418861,-2.7040508184370733,0.8923388995083724,0.9585724356021165,0.9319634126659735,0.9999833963476029,0.9988798146748769,0.9988798146748769,0.9998746676630413
00829-QaLdnwvtxbs,0_3_243,478,tile,0_3,-5.983226101912958,-0.001704740988962321,-3.315280836884442,0.9254971036840446,0.985997765013643,0.9395551855321389,0.999980357058014,0.9990457359994158,0.9990457359994158,0.9999310077573031
00829-QaLdnwvtxbs,0_3_244,478,tile,0_3,-5.369441368119324,-0.0060365560887500015,-2.713820211241641,0.902789488886477,0.9779508120762023,0.92475591161901,0.9999750276914694,0.9982819335251547,0.9982819335251547,0.9999134596774453
00829-QaLdnwvtxbs,0_3_245,478,tile,0_3,-5.111187434682172,0.0740075177963281,-5.233123290062794,0.02159445617372871,0.9026217038432757,0.982384912465762,0.9989390481403302,0.024378996531087545,0.7060276101684261,0.024378996531087545
00829-QaLdnwvtxbs,0_3_246,478,tile,0_3,-6.27387595091078,-0.0032506764857028734,-3.116431261570579,0.8978413199943055,0.9708360404105044,0.9260340266353588,0.9999799428115157,0.9987009523560919,0.9987009523560919,0.9998730267164341
00829-QaLdnwvtxbs,0_3_247,478,tile,0_3,-6.267530051643273,-0.0074087513068691185,-2.509523314755395,0.9259623961804025,0.9825411588828112,0.9429084953127508,0.9999889157683117,0.9994886419481807,0.9994886419481807,0.9999811239006857
00829-QaLdnwvtxbs,0_3_248,478,tile,0_3,-6.561624145695549,0.04863741324872377,-3.5487222664685283,0.9342525247904715,0.9831631536430618,0.9644375337232645,0.9993412281128218,0.9859406611306033,0.9859406611306033,0.9970199416949098
00829-QaLdnwvtxbs,0_3_249,478,tile,0_3,-4.7594455766881305,-0.0013058391556180979,-3.25320869673178,0.8782753468085888,0.9261141356347289,0.9488187453458274,0.9999842452197125,0.9995160337272342,0.9995160337272342,0.9999578021216046
00829-QaLdnwvtxbs,0_3_25,545,wood,0_3,-2.306699786628967,0.5607986002489488,1.4624441931673313,0.5881479115848596,0.9717136220746593,0.9334398254931449,0.9979709957703587,0.6497466103842405,0.9785960279268807,0.6497466103842405
00829-QaLdnwvtxbs,0_3_250,478,tile,0_3,-4.510626089793145,-0.003179418970183791,-2.657741002211542,0.9110001682415685,0.9760120412424879,0.9355853034901431,0.9999754409690738,0.997678369265602,0.997678369265602,0.9997389859048047
00829-QaLdnwvtxbs,0_3_251,478,tile,0_3,-4.463373075422733,-0.0019694246477382476,-3.1017547736054745,0.9090052930769935,0.9687592762199534,0.9393759344637853,0.9999828444448124,0.9988920546839976,0.9988920546839976,0.9999143103716057
00829-QaLdnwvtxbs,0_3_252,478,tile,0_3,-5.705738902549171,0.010338413501386184,-4.321289376045095,0.909332541988703,0.9813645313710776,0.9269519835897403,0.999985824060061,0.9996346330926544,0.9996346330926544,0.9999530674168734
00829-QaLdnwvtxbs,0_3_253,478,tile,0_3,-5.660611796423133,-0.007552453800992728,-2.4987839822406026,0.8820808120764011,0.9344999770195249,0.9450781007599036,0.9999845348275141,0.9987759967670579,0.9987759967670579,0.9999325685157209
00829-QaLdnwvtxbs,0_3_254,478,tile,0_3,-5.675215584904017,-0.003796394448065262,-3.1159587375724005,0.920708064516299,0.9795662155541419,0.9408944283360894,0.9999752709202855,0.9989827566352671,0.9989827566352671,0.9999400290602625
00829-QaLdnwvtxbs,0_3_255,478,tile,0_3,-5.695453171069038,0.0019150778915558453,-3.722261853336412,0.9350815989161507,0.9878575632459253,0.947035605253747,0.9999811791033502,0.9995327952550439,0.9995327952550439,0.9999663288031849
00829-QaLdnwvtxbs,0_3_256,106,closet door,0_3,-6.544455639414506,1.784161628212599,-2.3078385806881156,0.7217461371555999,0.982200194109663,0.9307300433057794,0.9997526532116628,0.7897109398560429,0.7897109398560429,0.9003101025267557
00829-QaLdnwvtxbs,0_3_257,93,ceiling chassis,0_3,-6.061217521216034,2.2807140679070415,-4.0245086632544735,0.7245629420634552,0.9846678028489584,0.9466089796671217,0.9984641893724879,0.7785441892787633,0.7785441892787633,0.9181938614628415
00829-QaLdnwvtxbs,0_3_258,478,tile,0_3,-6.002447731817044,0.0039057148535906958,-3.961874147326352,0.8550124869161806,0.8892268580170255,0.9619488489815538,0.9999849656620727,0.999572814066826,0.999572814066826,0.9999717638907429
00829-QaLdnwvtxbs,0_3_259,478,tile,0_3,-5.413994928453372,0.005345851086057914,-3.91592295768699,0.7908683417087723,0.8659375981719394,0.9136248537545211,0.9999828115704188,0.9996711390287927,0.9996711390287927,0.9999651773932299
00829-QaLdnwvtxbs,0_3_26,93,ceiling chassis,0_3,-2.269312176834504,1.6765691663750992,2.568070155872767,0.623746967017448,0.962945340890564,0.9486373394611727,0.9969848698883791,0.6848855889863668,0.6848855889863668,0.9826560384472992
00829-QaLdnwvtxbs,0_3_260,478,tile,0_3,-6.29518243768601,0.0008983749904785168,-3.7256129328094514,0.9393045982330425,0.9856847025907407,0.9533662044050285,0.9999857779657308,0.9995737804344782,0.9995737804344782,0.9999536667653145
00829-QaLdnwvtxbs,0_3_261,478,tile,0_3,-5.2306870782611625,0.018230993510225068,-5.0624649537895055,0.9118766615077708,0.980944030159633,0.9310040876584644,0.9999503407001967,0.9985316879433612,0.9985316879433612,0.9997627771971459
00829-QaLdnwvtxbs,0_3_262,478,tile,0_3,-6.307434302369841,0.013389864903698652,-4.867352647491545,0.9318407654239589,0.9703580581092185,0.9607213265328738,0.9999849200634112,0.9995828740156238,0.9995828740156238,0.9999309711666906
00829-QaLdnwvtxbs,0_3_263,478,tile,0_3,-5.415217619413584,0.0129978086381139,-4.498492448972754,0.8706694635661846,0.9198247217466919,0.946934135325638,0.9999829572090531,0.999622135467478,0.999622135467478,0.9999620185247747
00829-QaLdnwvtxbs,0_3_264,82,cardboard,0_3,-4.399841219315143,1.0491410306141862,-4.704171522381684,0.6871369344456554,0.969160783895309,0.9570286313111998,0.9992513577235089,0.7413918076007562,0.7413918076007562,0.7552562965680689
00829-QaLdnwvtxbs,0_3_265,0,acoustic panel,0_3,-6.5853997221688,1.1239788918887605,-4.927514579078061,0.46457549274022963,0.9727750242356062,0.9464143901573858,0.9990913826746805,0.5050767023749605,0.5050767023749605,0.9779555504556605
00829-QaLdnwvtxbs,0_3_266,106,closet door,0_3,-6.065615133264218,2.110177090256536,-5.185143138495953,0.005534419927137542,0.9714048353503739,0.9205603018383172,0.9993022687714798,0.00619330875687368,0.5456883522253133,0.00619330875687368
00829-QaLdnwvtxbs,0_3_267,545,wood,0_3,-4.63311317459671,0.9007468747455988,-4.7247780602023,0.010231699573229535,0.9755037916157708,0.9368287303543641,0.9979236255656099,0.011219185076007427,0.7279402849886586,0.011219185076007427
00829-QaLdnwvtxbs,0_3_268,326,partial,0_3,-4.4027289435271255,1.9455254225586482,-5.115743108259767,0.1758633359891105,0.987664567993456,0.9430964341856583,0.9990573017979447,0.1889815175456915,0.7119778439986169,0.1889815175456915
00829-QaLdnwvtxbs,0_3_269,478,tile,0_3,-5.99214167678739,0.020809291549405307,-5.167334561333948,0.9418763496522067,0.9878195797456375,0.9557811129131841,0.9999259343983721,0.9976770569395079,0.9976770569395079,0.9996765643152101
00829-QaLdnwvtxbs,0_3_27,82,cardboard,0_3,-2.680681387507575,0.7802420933750003,2.7034565961576615,0.010473827222235933,0.9449993898431099,0.9070324681683184,0.9987943505646116,0.012234182840822706,0.8715033459838085,0.012234182840822706
00829-QaLdnwvtxbs,0_3_270,415,side table,0_3,-4.395486310560822,0.3019133641633679,-4.898458584438351,0.8038068730797463,0.9676155821883293,0.9093444942507483,0.9997072207920171,0.9137925042250368,0.9137925042250368,0.9996518499710477
00829-QaLdnwvtxbs,0_3_271,143,desk door,0_3,-5.479923558120029,0.7388297165823303,-5.220327359361869,0.5456270105748893,0.9931038933623022,0.9556735136501311,0.9997154488823545,0.5750627325565338,0.5750627325565338,0.9693861191086204
00829-QaLdnwvtxbs,0_3_272,326,partial,0_3,-4.403306104630673,1.3451748934972563,-4.269780110508335,0.5146854574998448,0.9716149406874195,0.9312918124539873,0.8740281414346984,0.6507834683163495,0.6507834683163495,0.753013269207278
00829-QaLdnwvtxbs,0_3_273,326,partial,0_3,-4.993324171039019,1.2726837742255603,-5.241114175277778,0.19601822306640598,0.9600641915575099,0.9560905449234003,0.9992333600858736,0.21371264928751593,0.7739359426284573,0.21371264928751593
00829-QaLdnwvtxbs,0_3_274,106,closet door,0_3,-3.8187276652278777,1.0767744872251201,-2.792677771340196,0.6980656101877849,0.965150949650371,0.9412051757735669,0.9994630836197601,0.7688647257316986,0.7688647257316986,0.9850233966914334
00829-QaLdnwvtxbs,0_3_275,134,cushion,0_3,-3.025450205685209,0.7363432484111082,1.865300233878922,0.8860022718313125,0.9736201558113756,0.9423931046206064,0.9987550558406592,0.9668390631560765,0.9668390631560765,0.9885166599763799
00829-QaLdnwvtxbs,0_3_276,134,cushion,0_3,-3.3676490234488954,0.44111827712263246,1.081215826270664,0.4592397895683548,0.968507800041101,0.8929666612993967,0.9983009672806348,0.5319118304280627,0.5340931172921183,0.5319118304280627
00829-QaLdnwvtxbs,0_3_277,326,partial,0_3,-4.416839134826711,1.529106748386519,-4.056331981142085,0.038598804822537455,0.9584286383279857,0.8930122431747622,0.7984749493913051,0.056480088237268994,0.8745829799974897,0.056480088237268994
00829-QaLdnwvtxbs,0_3_278,244,handle,0_3,-4.240554141213256,1.07763805691213,-2.7793747127408475,0.5144635358139011,0.9677600598194783,0.893472300310183,0.9958623399354611,0.5974567906506276,0.5974567906506276,0.8921236879586902
00829-QaLdnwvtxbs,0_3_279,82,cardboard,0_3,-6.2374294833422335,1.6599837949684308,2.546209601810293,0.5039025061509366,0.9929400661900143,0.9258742420720981,0.9986592439461008,0.5488506141852474,0.6389792023886164,0.5488506141852474
00829-QaLdnwvtxbs,0_3_28,480,tissue,0_3,-2.545771125673661,0.8375776672119716,2.191544926054902,0.8086010994702877,0.967971758355224,0.9260209906396102,0.9910327173346528,0.9102544643347282,0.9102544643347282,0.9154388104726676
00829-QaLdnwvtxbs,0_3_280,545,wood,0_3,-4.334959278425906,0.002444719577545233,-0.48986593956121904,0.7229880518436217,0.9815163855264668,0.9261815065162435,0.9989425824984134,0.7961537308450343,0.7961537308450343,0.9982306578007828
00829-QaLdnwvtxbs,0_3_281,82,cardboard,0_3,-4.246078870389544,1.0381775264388469,-2.7747777472729953,0.042155978955497934,0.972139519910384,0.8838990943068252,0.9970503315634768,0.04920517823011717,0.585906455354784,0.04920517823011717
00829-QaLdnwvtxbs,0_3_282,478,tile,0_3,-4.393568312831586,0.05067903436489202,-1.6630811905051488,0.6042229942085916,0.968175653143779,0.9576993220212404,0.9992296996412245,0.6521516203153659,0.8937698039895625,0.6521516203153659
00829-QaLdnwvtxbs,0_3_283,326,partial,0_3,-4.255223708836114,1.1611423590106396,-3.6363621529035615,0.5231383618025949,0.9518769112716464,0.9181565617527407,0.9925563096169164,0.6030646590134063,0.6739444886659436,0.6030646590134063
00829-QaLdnwvtxbs,0_3_284,82,cardboard,0_3,-4.260221131122492,1.403995826038861,-4.806818492971938,0.34584672523123017,0.9857017044467762,0.9578914262962004,0.9976758882985886,0.3671405868656483,0.7110412964530357,0.3671405868656483
00829-QaLdnwvtxbs,0_3_285,545,wood,0_3,-2.8957273356074875,-0.0035620678368907316,-0.43329899905471686,0.8596571914461022,0.9731023269399921,0.9578293339531609,0.9984404712480124,0.9237543139691172,0.9237543139691172,0.9994390944652229
00829-QaLdnwvtxbs,0_3_286,451,stick,0_3,-4.237960814549918,0.6613365246041254,-3.705783004483423,0.04106250393394736,0.9854987627596394,0.9140244772902724,0.9979046494031725,0.04568172266786156,0.8648447904354921,0.04568172266786156
00829-QaLdnwvtxbs,0_3_287,478,tile,0_3,-4.163332460324291,-0.0001543051162523206,-3.310551634168729,0.9519661573801178,0.979925851175441,0.9724675813149298,0.999983314033967,0.9989883161095927,0.9989883161095927,0.9999231862665765
00829-QaLdnwvtxbs,0_3_288,478,tile,0_3,-4.167516587816166,-0.0002342490130105635,-2.888293362038453,0.9481781451805317,0.9769180295279339,0.9734467833443621,0.9999770954097412,0.9970789534960167,0.9970789534960167,0.9990287081064116
00829-QaLdnwvtxbs,0_3_289,106,closet door,0_3,-6.543963357059396,1.2186162686786448,-1.4513673601644002,0.7263911625209633,0.962914947952543,0.9709430260405164,0.9996319302870483,0.7772285703771465,0.7772285703771465,0.9317372482224153
00829-QaLdnwvtxbs,0_3_29,203,footstool,0_3,-4.383316965042036,0.41613009019714575,0.2652173427281277,0.004368502631937001,0.9822193293802927,0.9398605173647284,0.9735572833056979,0.0048607043865027556,0.7574499999097168,0.0048607043865027556
00829-QaLdnwvtxbs,0_3_290,545,wood,0_3,-4.222355248516868,2.0865213533869618,-3.1695378675546544,0.021027605340326237,0.8449243050144642,0.9234990920956383,0.9989038030419144,0.026978131966431004,0.6866409421054752,0.026978131966431004
00829-QaLdnwvtxbs,0_3_291,82,cardboard,0_3,-4.261365881403717,1.516307008728764,-5.0412637721935205,0.2305360195296074,0.9826526845858113,0.960908206090147,0.9950078772512306,0.24537500649656058,0.7799323163644705,0.24537500649656058
00829-QaLdnwvtxbs,0_3_292,545,wood,0_3,-4.237291497098951,2.2320445964105704,-2.9439189559154797,0.040144594884091916,0.9790976732842839,0.957749802430293,0.9986931722759714,0.042866389843002416,0.830541573028343,0.042866389843002416
00829-QaLdnwvtxbs,0_3_293,545,wood,0_3,-5.960344426158481,2.2555862111609883,-1.2119668348131871,0.08104657761890145,0.9893490636035194,0.9508394104206501,0.9890997257754164,0.08710395561339901,0.8086036128976222,0.08710395561339901
00829-QaLdnwvtxbs,0_3_294,545,wood,0_3,-6.531725565378729,2.2126350798333982,-1.6937677415812575,0.005891349652131919,0.97572057440637,0.9593743176027814,0.9995409069627007,0.006296521276883658,0.5796941428072511,0.006296521276883658
00829-QaLdnwvtxbs,0_3_295,478,tile,0_3,-5.122014705614804,0.0011171355130059134,-3.5289158732922985,0.9166105144446275,0.9620900670693217,0.9531945125511898,0.9999777469957376,0.9995332249210896,0.9995332249210896,0.9999766311517955
00829-QaLdnwvtxbs,0_3_296,478,tile,0_3,-5.982979622849558,0.0010907004545251493,-3.690999777888381,0.9197753645913962,0.9725239292131801,0.9462556093992912,0.9999844899146326,0.9994929752452482,0.9994929752452482,0.999955292816258
00829-QaLdnwvtxbs,0_3_297,106,closet door,0_3,-3.9797772973869883,0.927600948352577,-2.8025405370269505,0.7288428564200129,0.9303695947950723,0.9401604464168294,0.9996832834624493,0.8335160879125695,0.8335160879125695,0.9855583590228196
00829-QaLdnwvtxbs,0_3_298,478,tile,0_3,-5.379184672047226,-0.001721207985118212,-3.3254180855276485,0.9408015824336919,0.9749260225463424,0.9656837667514175,0.9999780457988159,0.9993117187363718,0.9993117187363718,0.9999798232447479
00829-QaLdnwvtxbs,0_3_299,478,tile,0_3,-6.01527762274457,0.010387493622101562,-4.481048274812818,0.8508425981466978,0.935680255079932,0.9097133458184464,0.9999862839367523,0.9995928728672873,0.9995928728672873,0.9999665624419932
00829-QaLdnwvtxbs,0_3_3,82,cardboard,0_3,-3.1071286187360063,1.5186882634968795,-2.0776450002462457,0.11155894679471987,0.9731748327178864,0.9147250033890352,0.9976689899369433,0.12561355666912227,0.6572363964106538,0.12561355666912227
00829-QaLdnwvtxbs,0_3_30,82,cardboard,0_3,-3.041358342853514,0.6242004760187873,0.3002305532384034,0.051660921025387094,0.9338428777810622,0.9515039300912662,0.9969591906644694,0.05831769711773835,0.7917361849400157,0.05831769711773835
00829-QaLdnwvtxbs,0_3_300,478,tile,0_3,-5.374618092053371,-0.005348778555250266,-1.529564431397009,0.9226534626038045,0.9676374625456267,0.9551168240060187,0.9999751935491463,0.9983440188350505,0.9983440188350505,0.998756394374491
00829-QaLdnwvtxbs,0_3_301,478,tile,0_3,-5.976452796327392,-0.006927876070408881,-1.4997771902018642,0.947833434222017,0.9871835922364329,0.9630661612017355,0.9999732200668882,0.9969872461068493,0.9977344093718931,0.9969872461068493
00829-QaLdnwvtxbs,0_3_302,478,tile,0_3,-6.2983625976871425,0.006125832936595424,-4.328022023779304,0.8891691038568992,0.9639211721781623,0.9228141822312804,0.9999856125468249,0.9996197597913018,0.9996197597913018,0.9999616272756039
00829-QaLdnwvtxbs,0_3_303,545,wood,0_3,-5.2230254567518575,-0.0026873504077499152,-1.0697938657211945,0.5584211917016999,0.9746468326495722,0.9531089183028365,0.9970126631051756,0.6029362669337859,0.6029362669337859,0.9897775047888888
00829-QaLdnwvtxbs,0_3_304,478,tile,0_3,-6.50417412615517,0.009269607810229386,-4.524409215284582,0.9280202028850385,0.9836784700552622,0.9438612201633488,0.9999824627930854,0.999548192957318,0.999548192957318,0.9999578607574835
00829-QaLdnwvtxbs,0_3_305,0,acoustic panel,0_3,-6.563914656417701,1.5227739973032974,-2.5874450637843984,0.5710474510709723,0.9877911118540185,0.9420715021559818,0.9995583389885532,0.6139246482983857,0.6139246482983857,0.9924154182249058
00829-QaLdnwvtxbs,0_3_306,431,sofa,0_3,-3.96836307289534,0.6934813566822363,2.9339354998573746,0.37668475800713713,0.9774720567589005,0.9228485014187888,0.9983805767578425,0.41826079814572736,0.635621176728369,0.41826079814572736
00829-QaLdnwvtxbs,0_3_307,431,sofa,0_3,-4.725614586912841,0.4678291018483257,2.483461868293458,0.6780642812003828,0.9799220188541251,0.9498691686471072,0.9995632204227615,0.728794844990029,0.728794844990029,0.8483071847557193
00829-QaLdnwvtxbs,0_3_308,431,sofa,0_3,-3.496030303035808,0.24031654908343802,1.5163778604739646,0.5778736918318761,0.9958626841602819,0.9201591552776968,0.9945279444022006,0.6340938221364902,0.8201852936077877,0.6340938221364902
00829-QaLdnwvtxbs,0_3_309,326,partial,0_3,-2.5512810481982955,1.1913389332847149,3.159719620448664,0.7688899339193599,0.9879905737108653,0.9380922361255322,0.997458185795554,0.831708488169241,0.831708488169241,0.924265958129611
00829-QaLdnwvtxbs,0_3_31,545,wood,0_3,-2.9177138649309944,0.013541355116153137,0.22667191315717514,0.5656400034491539,0.9215142243150352,0.9846539928136394,0.9984433219036694,0.6243541605292898,0.8053081192015976,0.6243541605292898
00829-QaLdnwvtxbs,0_3_310,244,handle,0_3,-6.544405006911958,1.494181400517436,-1.1914227548119865,0.08186569859339554,0.9870299487989402,0.9507438478479482,0.9987382687712739,0.0873486961905028,0.5388177860751869,0.0873486961905028
00829-QaLdnwvtxbs,0_3_311,53,box,0_3,-6.137927863923823,0.35003179628238196,0.401513094924349,1.0105805581672107e-05,0.9098843015518259,0.9711732099300683,0.9997921007123599,1.1438744826199362e-05,0.5771426311488221,1.1438744826199362e-05
00829-QaLdnwvtxbs,0_3_312,326,partial,0_3,-2.900427359651498,0.6842577239683011,1.3511286183944315,0.00017449817045956268,0.9547335578447316,0.9323015744678502,0.986581407358742,0.00019870982723262093,0.652850990801113,0.00019870982723262093
00829-QaLdnwvtxbs,0_3_313,134,cushion,0_3,-4.554414970566736,0.6981218502749484,2.921686945369863,0.6251649375127548,0.9985685149828591,0.9726578511689973,0.997999436021699,0.6449504519260418,0.6449504519260418,0.9244814531386047
00829-QaLdnwvtxbs,0_3_314,431,sofa,0_3,-3.963573634040573,0.4716879496398882,2.539054485721305,0.8200965347416331,0.9901552154268656,0.9309971219112501,0.999434978344779,0.8901410185219284,0.8901410185219284,0.9734498152768166
00829-QaLdnwvtxbs,0_3_315,134,cushion,0_3,-2.9026432156700945,0.6755937602735174,1.5745823099998753,0.8602523939440954,0.9671028587655857,0.9628753702210187,0.9977238373710473,0.9259185748051344,0.9259185748051344,0.9811887215803397
00829-QaLdnwvtxbs,0_3_316,134,cushion,0_3,-2.9242022352307626,0.7456038916441328,2.428134190624724,0.9085102079201461,0.9951394052317017,0.9721206304819111,0.9978566884750661,0.9411472013890694,0.9411472013890694,0.9931941281242951
00829-QaLdnwvtxbs,0_3_317,510,tv,0_3,-5.995353093030986,0.6971269932940434,0.5766077944484838,0.4883403861950203,0.9867826312307327,0.9518020503584972,0.9996536842683158,0.5201216584683501,0.5201216584683501,0.6670998780037317
00829-QaLdnwvtxbs,0_3_318,82,cardboard,0_3,-2.0263860297635143,1.608306381332896,2.844101345789467,0.47177583209242335,0.9545863186110847,0.9373565330015416,0.9985424580978516,0.5280184977988157,0.541674606517402,0.5280184977988157
00829-QaLdnwvtxbs,0_3_319,545,wood,0_3,-3.4990179055188766,0.011698014128401301,0.14076610719378155,0.688736659042185,0.9990054923627113,0.92251279647242,0.998736721591441,0.7482761554530871,0.7482761554530871,0.9867933402819963
00829-QaLdnwvtxbs,0_3_32,195,foam,0_3,-2.3865526035936755,1.3537957192605654,2.0916283846623056,0.3357851779261102,0.9716667268317439,0.9072331175906523,0.989655338421569,0.38489416173064206,0.5003951302182092,0.38489416173064206
00829-QaLdnwvtxbs,0_3_320,133,curtain,0_3,0.6439574196042367,2.3960484011848036,3.625892554939015,0.0020416837397714952,0.9656791550601049,0.9356110115707603,0.9685401433250899,0.002333150010711494,0.5261165051513799,0.002333150010711494
00829-QaLdnwvtxbs,0_3_321,82,cardboard,0_3,1.4408521354635035,2.445161895430485,0.4127215862868678,0.024828800470402212,0.9314745702113276,0.925044852483873,0.9955566589962027,0.0289438276276219,0.6708516474788254,0.0289438276276219
00829-QaLdnwvtxbs,0_3_322,82,cardboard,0_3,0.04574974124716682,0.8386121848115528,2.0064755642150187,0.03439903095743452,0.9674685781497897,0.949968227003515,0.9997743144218956,0.03743676254430604,0.9901804538185381,0.03743676254430604
00829-QaLdnwvtxbs,0_3_323,326,partial,0_3,-0.7318345438554792,0.40017433584759765,0.9755833738425426,0.044118597580734366,0.9498399254821595,0.9254375774042468,0.9927147099963813,0.050559141480496464,0.6119657326109201,0.050559141480496464
00829-QaLdnwvtxbs,0_3_324,545,wood,0_3,0.7773947732470955,0.005583671670316876,-0.5164113003512422,0.8948871402163769,0.9950347408225528,0.9431496633862679,0.9981229631978343,0.9553562779045761,0.9553562779045761,0.9991241294739108
00829-QaLdnwvtxbs,0_3_325,82,cardboard,0_3,1.5641857219180944,2.4459743395171305,0.47384300512292954,0.030263156867563777,0.9933628812432289,0.9504188532307702,0.995318721455013,0.03220542876503819,0.6623332812543398,0.03220542876503819
00829-QaLdnwvtxbs,0_3_326,478,tile,0_3,2.1502581344253566,0.4011810630870198,-0.37575150145190306,0.01621036257977781,0.9915572606728459,0.9508913208488915,0.999236738042264,0.017205831025143385,0.6601057073843444,0.017205831025143385
00829-QaLdnwvtxbs,0_3_327,478,tile,0_3,2.152153107444029,0.46600654167089656,0.07477626110981318,0.017819407054392868,0.9608095574546898,0.9565411348234321,0.9992106877172103,0.01940417632941116,0.7041205732412257,0.01940417632941116
00829-QaLdnwvtxbs,0_3_328,478,tile,0_3,2.1523709001333264,2.2127189600325017,-0.3580076839749918,0.011599389234338786,0.9574721086071929,0.9497795774159707,0.9990165928801328,0.012767723289972471,0.7554783001544261,0.012767723289972471
00829-QaLdnwvtxbs,0_3_329,478,tile,0_3,2.1472938593203077,0.8049789675456342,-0.8257131964648629,0.014564331434984047,0.9669052374970825,0.9589523858745299,0.9990088685716442,0.01572317517785806,0.7183768352846884,0.01572317517785806
00829-QaLdnwvtxbs,0_3_33,431,sofa,0_3,-4.412588741379238,0.5574340314054894,2.626294293506899,0.7423813220965434,0.9471619039457502,0.9302194933530543,0.9995113743460051,0.8430040051420941,0.8430040051420941,0.9454772465762918
00829-QaLdnwvtxbs,0_3_330,478,tile,0_3,2.147023689592163,0.3511888696576945,-0.8354692022969339,0.014354263915659934,0.9390689418130297,0.9332458586800458,0.999096598825023,0.016393810011621168,0.6579857268431203,0.016393810011621168
00829-QaLdnwvtxbs,0_3_331,478,tile,0_3,2.1436073092590173,1.5494228033891773,-1.0310248621051752,0.012654544887287771,0.9747894190493186,0.9268837954039385,0.9988616897638238,0.01402184229114873,0.681317334407121,0.01402184229114873
00829-QaLdnwvtxbs,0_3_332,82,cardboard,0_3,1.9853425012224328,1.5350028222677778,-1.2026915577692803,0.4783260101426091,0.9609191006068911,0.9241541612193711,0.9983879111911362,0.53950246589984,0.7005212699327877,0.53950246589984
00829-QaLdnwvtxbs,0_3_333,82,cardboard,0_3,2.071216539314528,1.2500183899929687,-1.2956832647972703,0.6542480461750793,0.9905459414505055,0.9413954542089052,0.9990975411966667,0.7022436558666381,0.7022436558666381,0.8860970084464692
00829-QaLdnwvtxbs,0_3_334,545,wood,0_3,1.4923394810129709,2.1636046233891943,-1.246015483079517,0.1774122948867284,0.9703470523642642,0.9508140872132325,0.9920715462428743,0.1938286725186219,0.8468123671788043,0.1938286725186219
00829-QaLdnwvtxbs,0_3_335,545,wood,0_3,-0.711494044860829,0.787218726754391,1.5421692961308853,0.5966405231664331,0.8856472801829713,0.9096125219937234,0.997990631001204,0.7421113247005438,0.7421113247005438,0.9320515229711
00829-QaLdnwvtxbs,0_3_336,133,curtain,0_3,-5.576139613448577,1.8773767797529333,3.4754442208665037,0.7308419908689754,0.9920646659310672,0.9227382043196297,0.9806675991754443,0.8141101725408972,0.8141101725408972,0.9990773422439729
00829-QaLdnwvtxbs,0_3_337,478,tile,0_3,-1.0578001296376542,1.5429031429906817,-1.4420110405104705,0.8864514917260184,0.9223761120099744,0.9715023108021614,0.9999787190360621,0.9892642904746894,0.9892642904746894,0.9911036442541713
00829-QaLdnwvtxbs,0_3_338,478,tile,0_3,-1.05727312653674,0.939643061090277,-1.428706518252258,0.8593838108045511,0.9818010065704584,0.9027788055092572,0.9999870885117954,0.9695895986440024,0.9881620786133912,0.9695895986440024
00829-QaLdnwvtxbs,0_3_339,478,tile,0_3,-1.0585833292267184,0.34930757537858304,-1.4269599435958236,0.6972599993100107,0.9406078659494719,0.9166517058260658,0.9999932716074786,0.8086949218968444,0.9778216478439125,0.8086949218968444
00829-QaLdnwvtxbs,0_3_34,134,cushion,0_3,-3.1454199255911144,0.7522198821571835,2.695858095505181,0.8681126883374318,0.9539379302686413,0.9392438999846375,0.999856899434336,0.9690356519033614,0.9890693274856185,0.9690356519033614
00829-QaLdnwvtxbs,0_3_340,82,cardboard,0_3,1.953124473350618,0.7208192430788896,3.6732893541951768,0.34392092638556265,0.9691906727661631,0.921315759027397,0.9965871851996534,0.38647871256661376,0.6563294007484691,0.38647871256661376
00829-QaLdnwvtxbs,0_3_341,82,cardboard,0_3,2.274091295646674,0.0725776885323217,-1.0183785735537083,0.5478007107422402,0.8809501483206089,0.9740527926511208,0.999230318095469,0.6388856886846711,0.6388856886846711,0.6482302291462239
00829-QaLdnwvtxbs,0_3_342,97,chair,0_3,1.390253131508726,0.6426284140629894,1.3003729257599184,0.5086410035969501,0.969762212668559,0.9604775740539282,0.9881189215028591,0.5526493519895764,0.5526493519895764,
00829-QaLdnwvtxbs,0_3_343,13,artwork,0_3,2.090971080225302,1.8569904659811887,0.7105692114491893,0.8327034139469035,0.9846739286392646,0.9229810160326881,0.9988035446169506,0.9173288717158383,0.9173288717158383,0.9993710761866563
00829-QaLdnwvtxbs,0_3_344,87,cat,0_3,0.9522641289992769,0.3686806142804473,1.094095216650406,0.3662387490285844,0.6533623894327689,0.9361408861489371,0.999510026724204,0.599075821998216,0.9827025429845152,0.599075821998216
00829-QaLdnwvtxbs,0_3_345,545,wood,0_3,1.0934429464832125,0.004278144116647128,-0.9310564100238715,0.8383467340670517,0.9748947693762328,0.9492257546398966,0.9980558688231606,0.9076984016100359,0.9076984016100359,0.9990456395621253
00829-QaLdnwvtxbs,0_3_346,545,wood,0_3,2.4089042179809033,1.4669795220454989,0.21051518104411282,7.761529771171328e-07,0.9718983392654899,0.9197675749308407,0.999694502863465,8.685225295036645e-07,0.5616256913524739,8.685225295036645e-07
00829-QaLdnwvtxbs,0_3_347,545,wood,0_3,2.3592329055589354,1.5301086838448572,-0.6213997571679691,7.017247215269943e-06,0.9244411982206817,0.9194298130466318,0.9990854202543586,8.263542819402185e-06,0.8330249787266029,8.263542819402185e-06
00829-QaLdnwvtxbs,0_3_348,82,cardboard,0_3,2.282580491352513,0.3967376150989615,-0.7440770847762369,0.33526388087882436,0.4442050840173449,0.9953180957223768,0.9997365714618983,0.7585003119655388,0.7585003119655388,0.9124146516194503
00829-QaLdnwvtxbs,0_3_349,282,light,0_3,2.4873252146214377,1.3507191180789544,1.9714933851848901,0.697893025237009,0.9912756721021152,0.9384783206953182,0.9755531565625148,0.7689874055456877,0.7689874055456877,
00829-QaLdnwvtxbs,0_3_35,545,wood,0_3,-2.1745411082630395,0.22724357789268912,0.6834890703052391,0.00043606025391386844,0.9529664658777607,0.9291028761950662,0.9906251337735261,0.0004971594945947237,0.5262791544688366,0.0004971594945947237
00829-QaLdnwvtxbs,0_3_350,244,handle,0_3,2.468211267338719,0.8587950857183966,-0.5267596200498504,0.34346499597130026,0.9650946200437517,0.9117543979222549,0.9938245524237505,0.39275796353146597,0.5430606956333135,0.39275796353146597
00829-QaLdnwvtxbs,0_3_351,463,switch,0_3,2.2811465870288643,1.1975615277883729,-0.8238984555818942,0.00039182241431499665,0.9474742531776427,0.9589728395221819,0.999023676111871,0.0004316579772015114,0.6999830020097187,0.0004316579772015114
00829-QaLdnwvtxbs,0_3_352,391,screen,0_3,2.441059130046993,1.3603676043779112,-0.014456410458758851,0.5493847810942457,0.9622529218840002,0.9216000696911629,0.9997322171381572,0.6196710388769485,0.6196710388769485,0.9999342702055899
00829-QaLdnwvtxbs,0_3_353,391,screen,0_3,2.4393571476960343,1.3820069410397153,-0.2477958304015628,0.5059293252765257,0.8750460831337309,0.9249853476913239,0.99976480560823,0.6252104529151827,0.6252104529151827,0.9999571418357326
00829-QaLdnwvtxbs,0_3_354,333,phone,0_3,2.417683745683264,0.820270579490977,1.7122844826027497,0.26629239250375775,0.9296148958705142,0.9561143869220221,0.9975009210394719,0.3003533823046703,0.9099303980150458,0.3003533823046703
00829-QaLdnwvtxbs,0_3_355,391,screen,0_3,2.442765565758324,1.4496299989317047,0.41101609311821646,0.5378670539438873,0.9731509902906974,0.9154776567803746,0.9997783772914408,0.6038696809238929,0.6038696809238929,0.9999786704604872
00829-QaLdnwvtxbs,0_3_356,82,cardboard,0_3,2.4815166369943995,0.2224568694231082,2.1357099432286804,0.022588836772849848,0.8940404359002908,0.9397820465713154,0.9671706914338879,0.027797544493977824,0.5350624599081618,0.027797544493977824
00829-QaLdnwvtxbs,0_3_357,82,cardboard,0_3,2.4191638280238,2.5330017709232155,2.003365120949566,0.20861533064085858,0.9030447517169846,0.9503036578789562,0.9969333323787114,0.2438419539717676,0.8222357022450859,0.2438419539717676
00829-QaLdnwvtxbs,0_3_358,420,sink,0_3,2.356262170412902,0.7356988714298401,2.0867207542908077,0.00010800375168315179,0.9418212159150311,0.9693513482622604,0.9866839888761696,0.00011989776091631706,0.794948033129535,0.00011989776091631706
00829-QaLdnwvtxbs,0_3_359,82,cardboard,0_3,2.460953816174288,2.527396271461782,0.5826034621907082,0.0930164677733931,0.963543667888037,0.9148720013371012,0.9962394789318495,0.10591667951033823,0.6837462304613778,0.10591667951033823
00829-QaLdnwvtxbs,0_3_36,545,wood,0_3,-2.99636598315879,0.7998103653977576,0.94541460958383,0.0003855195530754632,0.9424719106378391,0.9521118356546027,0.945173873029307,0.00045454650456022775,0.7107469003529925,0.00045454650456022775
00829-QaLdnwvtxbs,0_3_360,195,foam,0_3,2.5168142698998586,0.751546751799048,0.555359354281033,0.6171891305812534,0.9134903864525161,0.9705954494954869,0.9990050579308997,0.6968003335857141,0.6968003335857141,0.7707825130504862
00829-QaLdnwvtxbs,0_3_361,545,wood,0_3,2.331120428073924,1.3263864412650077,0.786023168434561,0.0003621658213078307,0.9079050296409704,0.9379957558630978,0.9960282176869442,0.0004269672109998302,0.8714571772107331,0.0004269672109998302
00829-QaLdnwvtxbs,0_3_362,82,cardboard,0_3,2.284706609256577,1.093026894571302,1.096474725870357,0.7586811596097883,0.9942936247765283,0.9887989691195586,0.999520502146522,0.7720491208501965,0.7720491208501965,0.8802003411041139
00829-QaLdnwvtxbs,0_3_363,82,cardboard,0_3,2.2877342178576843,1.1189672050504227,1.5324864566092267,0.563529055910996,0.9602298195332268,0.9174539403344508,0.9995772869752615,0.6399417952114828,0.6436279180843936,0.6399417952114828
00829-QaLdnwvtxbs,0_3_37,510,tv,0_3,-6.100269717334166,0.7313411905123551,1.189372279609129,0.8589829262436122,0.9724595502105577,0.9422001437694655,0.9999259734219015,0.9375662601902647,0.9375662601902647,0.9799683676765151
00829-QaLdnwvtxbs,0_3_38,545,wood,0_3,-2.36372568862128,0.7815849609142339,1.1593928904368898,0.2404977105001124,0.9216560276724375,0.9415830414277506,0.9943238880034554,0.2787119420355818,0.9475935527952707,0.2787119420355818
00829-QaLdnwvtxbs,0_3_39,195,foam,0_3,-2.257809109625631,1.3580949839428578,0.7214562726324982,0.4917556375961359,0.9591836341829212,0.9332651847003456,0.9954619391796596,0.5518459540270959,0.5518459540270959,0.7058002105829679
00829-QaLdnwvtxbs,0_3_4,93,ceiling chassis,0_3,1.2542608820665542,1.398258053150008,0.32342204045674516,0.6208835652805662,0.9627608160666128,0.900076677642972,0.9958319319800659,0.719492384013803,0.719492384013803,0.9834999786338022
00829-QaLdnwvtxbs,0_3_40,133,curtain,0_3,-6.452511605476461,1.4243676889461083,0.9812380075658718,0.6948001658604963,0.9650217667706119,0.9174500331949734,0.9818956896272236,0.7992359858471962,0.7992359858471962,0.99981109541577
00829-QaLdnwvtxbs,0_3_41,545,wood,0_3,-1.8269958052324113,0.004510169227163556,1.1991487272501902,0.7104094298527548,0.8396436636533102,0.8878348823392586,0.9977975386726865,0.9550785033678674,0.9550785033678674,0.9993218827152223
00829-QaLdnwvtxbs,0_3_42,82,cardboard,0_3,-2.676461486505904,0.8324838122244437,1.2364109657938054,0.07041907501455223,0.9598259456727916,0.9219069247081211,0.9966775613058675,0.07984653469485756,0.8133771078483414,0.07984653469485756
00829-QaLdnwvtxbs,0_3_43,106,closet door,0_3,-6.549542877966764,1.0715361412293047,-1.6847395586286433,0.7641033896883977,0.9741379182387817,0.9326972529469365,0.9996043693235758,0.8413231405127234,0.8413231405127234,0.9414100173999709
00829-QaLdnwvtxbs,0_3_44,82,cardboard,0_3,-4.254410278064082,1.1222931026996101,-1.3477670208253894,0.5390469440591762,0.9783823353473584,0.9654423448601248,0.9991535059829875,0.5711621575033136,0.5792115368571858,0.5711621575033136
00829-QaLdnwvtxbs,0_3_45,545,wood,0_3,-2.290879726740472,0.0033213506702120827,1.6510467606572035,0.8401023309228346,0.9520148127828624,0.9263876997764668,0.9991153238753212,0.9534108366123816,0.9534108366123816,0.9991033627357475
00829-QaLdnwvtxbs,0_3_46,326,partial,0_3,-5.816054713812871,1.656529571368139,2.940707775991318,0.6995655781858426,0.9613787902697608,0.9227091226001609,0.9441819203551434,0.8352440700621564,0.8352440700621564,0.8808641348792096
00829-QaLdnwvtxbs,0_3_47,545,wood,0_3,-2.2946202235566115,0.14941385757130182,-1.1494420072016664,0.5039495152891548,0.9794935762788187,0.9110851953237257,0.9975709431494408,0.5660863193057615,0.7875334834871884,0.5660863193057615
00829-QaLdnwvtxbs,0_3_48,478,tile,0_3,-4.938346768420686,-0.000887160792735619,-2.917922230660317,0.9264382988234546,0.9839579116791074,0.9425477559864468,0.9999835811055507,0.9989499862148953,0.9989499862148953,0.9998726790085574
00829-QaLdnwvtxbs,0_3_49,545,wood,0_3,-2.3704638316834066,0.005874935361137837,1.960065810324335,0.8252973274100486,0.9460764048705448,0.9362725551022177,0.9992409562320951,0.9324202739359104,0.9324202739359104,0.9988416877017
00829-QaLdnwvtxbs,0_3_5,545,wood,0_3,-3.0012326935116436,0.0036794215667413604,0.12732378922616122,0.8289225254843372,0.9844089018334864,0.9285771760957175,0.9984615469182255,0.9082158160483494,0.9082158160483494,0.9989519178894493
00829-QaLdnwvtxbs,0_3_50,127,countertop item,0_3,-3.2964933715882556,0.8106602901539004,-1.600903853741687,0.43458635944985446,0.9662674765490072,0.8904106809000929,0.997129669089002,0.5065668072658704,0.5065668072658704,0.997105368138168
00829-QaLdnwvtxbs,0_3_51,82,cardboard,0_3,-4.265340141785175,1.2075040200050358,-1.4968245754056049,0.6297301619646165,0.9750969391432355,0.9337346663346492,0.9994874676517161,0.6919996358983966,0.6919996358983966,0.7698975581532678
00829-QaLdnwvtxbs,0_3_52,545,wood,0_3,-2.3650163071712975,0.005300158394313536,1.8050579479400617,0.8805620153453562,0.9774825655453205,0.9443449221480571,0.9991353766973735,0.9547637939486755,0.9547637939486755,0.9991149709174283
00829-QaLdnwvtxbs,0_3_53,545,wood,0_3,-1.99174608493785,0.07098649445068311,2.8223896674314184,0.8246477216334639,0.9597363058113012,0.919164824675924,0.9975745606330622,0.9370823926600285,0.9370823926600285,0.9647151688582069
00829-QaLdnwvtxbs,0_3_54,545,wood,0_3,-2.217584332651635,0.00315140159738308,1.6203961636151636,0.8620010018125697,0.9787084728469205,0.92522886209521,0.9991968990454861,0.9526956296812811,0.9526956296812811,0.9990740320520778
00829-QaLdnwvtxbs,0_3_55,82,cardboard,0_3,-2.7654774172894068,0.8787240049837315,1.8812492318154344,0.04081820163707445,0.9837603124288876,0.9442573019694686,0.9883111703621016,0.04446113169353513,0.9010069424636401,0.04446113169353513
00829-QaLdnwvtxbs,0_3_56,545,wood,0_3,-2.7615688319140816,0.5736361253416136,0.25245463916161737,0.3021894500210143,0.8764282408869747,0.9110536012185437,0.9972792264046474,0.3794916575984724,0.8978204055162349,0.3794916575984724
00829-QaLdnwvtxbs,0_3_57,134,cushion,0_3,-3.4137254622439057,0.7255027897626121,2.961272856962113,0.525169488466292,0.9845073036889634,0.938832724949896,0.9903236831810277,0.5737400400514455,0.5737400400514455,0.8941807107376761
00829-QaLdnwvtxbs,0_3_58,545,wood,0_3,-5.2912998602889685,-0.0030081937118565877,-0.3215402169131636,0.6205645301699353,0.9560356303601781,0.9240240048886353,0.9974767589601858,0.7042499605932239,0.7042499605932239,0.9944658914425869
00829-QaLdnwvtxbs,0_3_59,510,tv,0_3,-6.233082271850986,1.4555562157041337,1.4726645918412555,0.9026993970288235,0.9835463764541079,0.934019700589223,0.9999600626980886,0.9826743450842493,0.9826743450842493,0.9997852386344975
00829-QaLdnwvtxbs,0_3_6,545,wood,0_3,2.1311318641558024,0.0758502362421285,0.13006984108869266,0.7998222807539896,0.9815416568558332,0.9293537920778199,0.9784066613325538,0.8961573809068996,0.8961573809068996,0.9796285988397098
00829-QaLdnwvtxbs,0_3_60,480,tissue,0_3,-2.3424543220043392,0.7463692931958698,0.6480318621096801,0.39837064919259174,0.9004953622417539,0.9441942103144101,0.8418606204838375,0.5565501764125927,0.5565501764125927,0.947459973907427
00829-QaLdnwvtxbs,0_3_61,326,partial,0_3,-2.546877830432328,1.7740894609675812,2.8464758622364026,0.7175155254119594,0.9892547266936452,0.9454678599117217,0.9970235510571852,0.7694333061111736,0.7932691212182573,0.7694333061111736
00829-QaLdnwvtxbs,0_3_62,133,curtain,0_3,-4.511260172471142,1.649432817595165,3.521061227745807,0.7049112996049699,0.9734820467779869,0.9224035960097587,0.9800960160566001,0.8009712253816267,0.8009712253816267,0.999757612717174
00829-QaLdnwvtxbs,0_3_63,82,cardboard,0_3,-1.418828911333644,0.7424214851165696,1.3623676678728192,0.01483700430595023,0.6896018981933594,0.9999999999999999,0.9972416276991627,0.02157482966328676,0.6617513911287178,0.02157482966328676
00829-QaLdnwvtxbs,0_3_64,545,wood,0_3,-2.0193317285035945,0.0027786450977177433,1.4800443011522166,0.775308982535128,0.9636551123526028,0.918229317384004,0.9991021211220441,0.8769849692440487,0.8769849692440487,0.99863397490255
00829-QaLdnwvtxbs,0_3_65,480,tissue,0_3,-2.3575404201253596,0.7460804848786734,2.1141688800275724,0.45099210323405414,0.974792348784285,0.9323554082213724,0.9740448142387003,0.5094439311231183,0.5094439311231183,0.9540525451178882
00829-QaLdnwvtxbs,0_3_66,133,curtain,0_3,-3.2135511106904566,1.0250045078601249,3.5393320905833052,0.6831453200338845,0.9759254692143265,0.9138336364383329,0.9705550467125418,0.7892400830574036,0.7892400830574036,0.9992985265588992
00829-QaLdnwvtxbs,0_3_67,545,wood,0_3,-0.7345914496406735,0.0056885101658309825,3.4446495026182204,0.5678146730343026,0.9782786658925566,0.9416877355205215,0.9921463890139494,0.6212427852253497,0.6212427852253497,0.9853924957190427
00829-QaLdnwvtxbs,0_3_68,326,partial,0_3,-2.5421474810377735,1.3131695144022675,2.8420470813674146,0.5247847678278988,0.741436545887301,0.9155874017978001,0.995923039463783,0.7762143089593063,0.7767668706593255,0.7762143089593063
00829-QaLdnwvtxbs,0_3_69,545,wood,0_3,-0.5442805876257902,0.01007725885758789,1.873968999341141,0.6169374887918488,0.9485567840233026,0.9243281658188507,0.993457278979309,0.7082758661421115,0.7082758661421115,0.9924846733696024
00829-QaLdnwvtxbs,0_3_7,133,curtain,0_3,0.3887529070439307,1.2052425818438095,3.659923356200389,0.770076183850012,0.9692874719057277,0.9350145512716957,0.907734144252756,0.9360607847649071,0.9360607847649071,0.9992514286390834
00829-QaLdnwvtxbs,0_3_70,545,wood,0_3,2.0773172718966983,0.07940285976846621,2.936271033463428,0.7885061734276588,0.9760256113189485,0.9196686584567165,0.9867481458126548,0.8902381032603067,0.8902381032603067,0.98259051543555
00829-QaLdnwvtxbs,0_3_71,545,wood,0_3,0.6893715337039567,0.010747642132215785,2.8193278460626607,0.686810752529504,0.9646538616412785,0.9166472215090304,0.9826691225100271,0.7904165814498607,0.7904165814498607,0.9967220511445123
00829-QaLdnwvtxbs,0_3_72,82,cardboard,0_3,0.37138099046416573,0.8605177336909422,0.8553197708418344,0.05400063325931527,0.9667659969106677,0.9510180597549691,0.9951186738348338,0.05902198963451991,0.8316258746603201,0.05902198963451991
00829-QaLdnwvtxbs,0_3_73,55,bread,0_3,0.17824321143292998,0.8658616602434024,1.2944941114343103,2.582324738963012e-10,0.9854319304914134,0.941852970572902,0.5402934593739244,5.14957518632528e-10,0.5087585346263067,5.14957518632528e-10
00829-QaLdnwvtxbs,0_3_74,545,wood,0_3,1.9970605142228945,0.5734427028750771,-1.194828553801086,0.1472573857417787,0.9733734653592285,0.9233549936890131,0.9986455370798666,0.1640655940740962,0.5604826794604605,0.1640655940740962
00829-QaLdnwvtxbs,0_3_75,545,wood,0_3,-0.6752225636927912,0.007487334161872246,0.6123730137595412,0.8539678854251455,0.9572710077278316,0.9300075805184178,0.9983112114527066,0.9608469057753511,0.9608469057753511,0.9993801506101142
00829-QaLdnwvtxbs,0_3_76,480,tissue,0_3,-0.7340341787515389,0.4336001811072993,1.9213718314841535,0.5050642332990788,0.9328060246131236,0.9098264250133858,0.9796729028468557,0.607457124432067,0.607457124432067,0.9837771015482021
00829-QaLdnwvtxbs,0_3_77,133,curtain,0_3,0.23076680964321075,0.07321840386604293,3.656803202500802,0.7804669942239529,0.9400538823150454,0.9485558849476214,0.9146003398037166,0.9569902497939303,0.9569902497939303,0.9996816249365195
00829-QaLdnwvtxbs,0_3_78,195,foam,0_3,0.3080611300431829,0.6971577170718551,2.0456564942053235,0.0061534629593778005,0.8606472224178199,0.8872451684772089,0.991448377036202,0.008127943386935566,0.7713245839402075,0.008127943386935566
00829-QaLdnwvtxbs,0_3_79,133,curtain,0_3,-0.27841542252366797,0.7278593532855102,3.574357578658399,0.6472190134997721,0.9806614056137296,0.9306117762414715,0.778965630066555,0.9104274500326975,0.9104274500326975,0.9992667963321308
00829-QaLdnwvtxbs,0_3_8,480,tissue,0_3,-0.00656813835284973,0.796596615573407,1.9797365242611176,0.5889746584096482,0.9623268593611688,0.9280478489962541,0.9801943112272142,0.6728084780006038,0.6728084780006038,0.9906187223297159
00829-QaLdnwvtxbs,0_3_80,478,tile,0_3,2.1470603015206082,0.9181406624761321,2.795401637949758,0.012623640616484614,0.820025683707661,0.9599865574056231,0.998578240679616,0.016058682697570572,0.6142347849586651,0.016058682697570572
00829-QaLdnwvtxbs,0_3_81,133,curtain,0_3,1.3319031978057676,1.0656184611874928,3.6523312934937056,0.4380758101077003,0.690047195979527,1.0,0.7987547884846482,0.7947984336530203,0.7947984336530203,0.9963043837559317
00829-QaLdnwvtxbs,0_3_82,545,wood,0_3,2.0304970783272736,0.01011955234147241,3.0148213712143352,0.777790094427573,0.9717097252964885,0.934797549115281,0.9877851758467385,0.8668536640646781,0.8668536640646781,0.9979106016042114
00829-QaLdnwvtxbs,0_3_83,326,partial,0_3,0.8009627988511588,0.011217174503521036,1.1965197279713857,0.00901373703945549,0.9828181131851393,0.9219149879587536,0.9601051810237284,0.01036148597355023,0.7398738619940541,0.01036148597355023
00829-QaLdnwvtxbs,0_3_84,545,wood,0_3,1.2492309721653798,0.01632562673629192,1.4369436849326294,0.22751580858113332,0.991945722962777,0.9280513961817156,0.994164705684942,0.24859552106372773,0.5657378316082416,0.24859552106372773
00829-QaLdnwvtxbs,0_3_85,545,wood,0_3,1.5864811255237878,0.010258580861071096,0.8651953115910223,0.8224037891083871,0.9724477034525065,0.9124747950213987,0.9960305232277854,0.9305191667759136,0.9305191667759136,0.9986161776526251
00829-QaLdnwvtxbs,0_3_86,13,artwork,0_3,2.109102702439256,2.1375045220346527,1.1851968318121298,0.8036610961134868,0.9630897436218174,0.9183145100345822,0.9986512607952311,0.90991512957922,0.90991512957922,0.999174967496135
00829-QaLdnwvtxbs,0_3_87,250,heater,0_3,-1.3945765660176035,0.854762250172082,3.2141650651805618,0.48726296467380426,0.9082876969363467,0.9225820978810211,0.998464787670135,0.5823742915264306,0.5823742915264306,
00829-QaLdnwvtxbs,0_3_88,82,cardboard,0_3,-1.4152502740161388,2.052171165957238,3.2083791201373693,0.07545484153048738,0.9857081498033481,0.9356065821482229,0.9988403382922301,0.08191235694338922,0.516316774035287,0.08191235694338922
00829-QaLdnwvtxbs,0_3_89,379,rod,0_3,-0.925187636773277,2.3865673413677957,3.575645855812026,0.5203602673042016,0.9609770616520811,0.9269835072588539,0.9464790079479019,0.6171746982587246,0.6171746982587246,
00829-QaLdnwvtxbs,0_3_9,326,partial,0_3,-0.3379171398884216,1.7767043152072965,1.0486500618455181,0.04851754264152352,0.9775376829224153,0.9242505405050883,0.9052396589992,0.059321483428611946,0.7770090806109189,0.059321483428611946
00829-QaLdnwvtxbs,0_3_90,82,cardboard,0_3,-1.4170827578124559,1.6120495989539199,3.2051541035346554,0.042214409397056056,0.9713561614158491,0.9415619271476163,0.9995448665917712,0.04617756583262381,0.7531406797034116,0.04617756583262381
00829-QaLdnwvtxbs,0_3_91,93,ceiling chassis,0_3,0.02709680334911428,2.4384428162920706,2.7681390338388585,0.5896912451080721,0.9806674998208044,0.8962061145693498,0.9929803270647616,0.6757006713279269,0.6757006713279269,0.9747267113231501
00829-QaLdnwvtxbs,0_3_92,133,curtain,0_3,-0.7334060051797473,2.3230751799088987,3.6546817681775217,0.7747813591378243,0.9691964668678302,0.8934388086999556,0.9617250657245813,0.9303612048643615,0.9303612048643615,0.9929231393962561
00829-QaLdnwvtxbs,0_3_93,545,wood,0_3,-2.3360014021072004,0.7968458570080593,1.4100912337631581,0.236017522290979,0.9710135167679635,0.9057126173491906,0.9948451278033502,0.269757219278768,0.9398706327804014,0.269757219278768
00829-QaLdnwvtxbs,0_3_94,466,table pad,0_3,-0.46888443329202506,0.6725451594862937,2.03311360021206,0.45304954907364436,0.9057604646488226,0.9294885230117531,0.9958992379815265,0.5403472063381605,0.5403472063381605,
00829-QaLdnwvtxbs,0_3_95,545,wood,0_3,-0.9039062934089382,0.005433019224097027,3.006670501132451,0.5521152915925722,0.9682148142167089,0.9233672009718035,0.9927051862696298,0.622104464032271,0.622104464032271,0.9858240635481661
00829-QaLdnwvtxbs,0_3_96,133,curtain,0_3,-1.2346326645273487,1.4106029276647498,3.61419267726373,0.7062274780749002,0.9757740827401479,0.9550553842212335,0.8616714962207529,0.8794781379663292,0.8794781379663292,0.9973433467017093
00829-QaLdnwvtxbs,0_3_97,545,wood,0_3,-2.5437527476724213,0.126361744897599,1.562090132799529,0.5896106339545796,0.9323663112115272,0.9285747753359941,0.9963739917925576,0.6835014970206675,0.720362494752414,0.6835014970206675
00829-QaLdnwvtxbs,0_3_98,545,wood,0_3,-0.8907778071271558,0.0061462333451403955,3.591422162718487,0.5412535293579775,0.9712821162937709,0.9476083818217269,0.9913663344415353,0.5931879069402158,0.5931879069402158,0.9720522423605534
00829-QaLdnwvtxbs,0_3_99,545,wood,0_3,-0.9709975113020274,0.003980834352152768,3.2998323565324004,0.5558941097763929,0.9646657449664838,0.9217112051014406,0.9934075494552521,0.6293509497144979,0.6293509497144979,0.9757587198743172
00829-QaLdnwvtxbs,0_4_0,326,partial,0_4,-3.3482372169943364,1.6889231513300031,-2.188580223906494,0.6114851190502688,0.9676795378611954,0.9260700880025818,0.9585230521655843,0.7118818430474018,0.7118818430474018,0.9454507816844976
00829-QaLdnwvtxbs,0_4_1,326,partial,0_4,-3.4123641300318046,0.960706320723135,-2.159598084476219,0.35065205233449376,0.8925236130006884,0.8637943796135312,0.9730540570878572,0.4674221929628576,0.6040940949846204,0.4674221929628576
00829-QaLdnwvtxbs,0_4_10,478,tile,0_4,-2.3707130768309943,1.9119178705707833,-3.692019101866955,0.08042876607905954,0.967757764924951,0.9685885529234906,0.9978803835151067,0.08598583715231099,0.692181635999853,0.08598583715231099
00829-QaLdnwvtxbs,0_4_100,178,extractor hood,0_4,-1.0651048308888573,2.1559933067822956,-3.75144880646785,0.48538121628886116,0.9845428940661991,0.9292253720092198,0.9925254914494402,0.5345466281061863,0.5345466281061863,
00829-QaLdnwvtxbs,0_4_101,420,sink,0_4,-1.0861308112179646,0.9519772511230098,-4.29962863377594,0.9315389236978642,0.9825017543904708,0.9983904216059691,0.9999733643424413,0.9496833715936753,0.9496833715936753,0.9999001825400912
00829-QaLdnwvtxbs,0_4_11,420,sink,0_4,-2.702177722829338,0.8402543928122855,-3.3232694502272593,0.7030655841966491,0.995137163594077,0.9486936378377766,0.999962213148243,0.7447376615163404,0.7447376615163404,0.9994210683236706
00829-QaLdnwvtxbs,0_4_12,478,tile,0_4,-2.3704362258325897,1.0290126275930291,-2.9883918071676554,0.029456458263620935,0.991233118670892,0.9510756189605472,0.9993271382499874,0.03126669617391741,0.6257847554952666,0.03126669617391741
00829-QaLdnwvtxbs,0_4_13,302,mirror,0_4,-2.367785061082388,1.6439274463525544,-3.118084493530612,3.613233955142835e-05,0.9562819616467346,0.915392639842113,0.9969242632919004,4.140383191584237e-05,0.5511342715153207,4.140383191584237e-05
00829-QaLdnwvtxbs,0_4_14,478,tile,0_4,-2.3692127354279293,0.2691634902377297,-3.1365020037978693,0.1275291085211386,0.9700164331705746,0.9538730199390784,0.9997221182368458,0.1378670129769621,0.5159060655369576,0.1378670129769621
00829-QaLdnwvtxbs,0_4_15,478,tile,0_4,-3.2498624154235567,-0.00227934158422949,-3.118756281316176,0.9065314534889363,0.9666256652524075,0.9407877297856166,0.9999819761100665,0.9968750772302625,0.9968750772302625,0.9996717355262731
00829-QaLdnwvtxbs,0_4_16,429,soap,0_4,-2.5015179946767017,0.9632988977733322,-2.7712622190867924,0.01765918085994515,0.96604856308424,0.9197053925220993,0.9969604956590581,0.019936316187871596,0.5559351884430608,0.019936316187871596
00829-QaLdnwvtxbs,0_4_17,478,tile,0_4,-3.5518472957559677,-0.00011847661175548073,-3.293887274329861,0.9109552702836805,0.9816292672842538,0.9312087809339754,0.9999822628504712,0.9965754743950325,0.9965754743950325,0.9997401353748336
00829-QaLdnwvtxbs,0_4_18,494,towel bar,0_4,-2.708343831389987,1.100790500164643,-2.647885948452453,0.7892945550759111,0.972356023448308,0.9400520523473761,0.99954186546274,0.8638948936305028,0.8638948936305028,0.9705711207054065
00829-QaLdnwvtxbs,0_4_19,478,tile,0_4,-2.645505289923066,-0.003068874815045232,-3.1116538225360224,0.8588769538469241,0.9713206501283271,0.8871774302390553,0.9999729575815295,0.996711771232598,0.996711771232598,0.9995437284023322
00829-QaLdnwvtxbs,0_4_2,127,countertop item,0_4,-3.1363743276754246,0.9182007094918903,-2.188445076452176,0.6687174667261875,0.8734084307643181,0.9323104943240701,0.9988917656652629,0.8221409517875404,0.8221409517875404,0.9856872562148467
00829-QaLdnwvtxbs,0_4_20,143,desk door,0_4,-2.368586722298371,1.4207189918859244,-3.558811586313176,0.025593287462605696,0.9794100418686866,0.8915996605865615,0.9996033703049328,0.029319996622327968,0.545965645347843,0.029319996622327968
00829-QaLdnwvtxbs,0_4_21,481,title,0_4,-2.3938860788705663,1.5180350155410802,-3.936522018382224,0.5258561128015318,0.9329835772514343,0.8846078906302892,0.9944228655986727,0.6407240366412638,0.6407240366412638,0.9065658513822733
00829-QaLdnwvtxbs,0_4_22,180,fan,0_4,-2.3684483899648763,2.197620950391014,-3.5296824798386397,0.4428696320152617,0.9261379136393467,0.907570705970522,0.998101660847278,0.5278918901301922,0.5278918901301922,0.7536142663725197
00829-QaLdnwvtxbs,0_4_23,478,tile,0_4,-3.8613440574307063,-0.0006851879581910853,-3.0614724433187037,0.850659728062046,0.8923862709906335,0.9560058599711976,0.9999805223524104,0.9971279673330908,0.9971279673330908,0.9996205146988574
00829-QaLdnwvtxbs,0_4_24,478,tile,0_4,-3.5278038133401615,0.00242587094347356,-3.729268797235604,0.8870318101714305,0.9549479032785385,0.9323756121643197,0.9999704723037652,0.9962800493636138,0.9962800493636138,0.9975593702597059
00829-QaLdnwvtxbs,0_4_25,478,tile,0_4,-2.6591996521274837,0.0050559740204841235,-4.350763010467083,0.8723201897239318,0.9806387245655059,0.8973159549949117,0.9999590656535253,0.9913779909066522,0.9913779909066522,0.9997422826972933
00829-QaLdnwvtxbs,0_4_26,478,tile,0_4,-2.6501830585251787,0.0013757237590843244,-3.7490313328290528,0.8895427829346821,0.9497702359084678,0.9438667744389124,0.9999528058546234,0.992334483191947,0.992334483191947,0.9991942480896309
00829-QaLdnwvtxbs,0_4_27,478,tile,0_4,-2.671520008442981,0.010106218176927367,-4.839570892260437,0.6814731018047799,0.7746496530373891,0.8872258138117719,0.9999379296843678,0.9915992199267513,0.9915992199267513,0.9987540521299437
00829-QaLdnwvtxbs,0_4_28,478,tile,0_4,-2.4333115382326045,0.0062302410104588,-4.007224249698693,0.8782186106344806,0.9366946119437802,0.9422114750869656,0.9999600968318648,0.9951156468252582,0.9951156468252582,0.9995760462957858
00829-QaLdnwvtxbs,0_4_29,478,tile,0_4,-2.431753060802589,-0.0020816057257129305,-2.833872747996443,0.7924942443632748,0.9730861634016037,0.8171462873599096,0.9999816790964074,0.9966736220771486,0.9966736220771486,0.998863974051212
00829-QaLdnwvtxbs,0_4_3,13,artwork,0_4,-3.3359570464465773,1.5416752137511043,-5.5030995142041235,0.8796349426661562,0.9729588708073289,0.9521153034494667,0.9840292004030301,0.964962550997418,0.964962550997418,0.9999999782102575
00829-QaLdnwvtxbs,0_4_30,92,ceiling arch,0_4,-2.3679968064064263,1.9832247839468877,-3.5815713288153805,0.6704585936765242,0.9460541958610217,0.8905464801067532,0.9959466278246955,0.7990303739089571,0.7990303739089571,
00829-QaLdnwvtxbs,0_4_31,494,towel bar,0_4,-2.3658719254974323,1.1865306323561455,-2.9509180090676463,0.9029011660928521,0.9755448989709524,0.9648788863374236,0.9996948591042913,0.9595170351943509,0.9595170351943509,0.9968887489516881
00829-QaLdnwvtxbs,0_4_32,244,handle,0_4,-3.3992521158549067,1.0606189750316188,-2.8130362572827603,0.16261907151750632,0.8971138841181838,0.9108000210713474,0.9992584039527035,0.19916960296191366,0.8271026647447379,0.19916960296191366
00829-QaLdnwvtxbs,0_4_33,478,tile,0_4,-2.6298907764717097,-0.005395424981638457,-2.722494796120849,0.9313788280408983,0.9746438933755286,0.9578652775614205,0.9999812203897958,0.9976635854554629,0.9976635854554629,0.9986479026312838
00829-QaLdnwvtxbs,0_4_34,478,tile,0_4,-3.3466980631692125,0.015833540196530316,-4.862634589997192,0.8585379116756379,0.9599149869107151,0.8986302385727393,0.9999658281898873,0.9953149283851791,0.9953149283851791,0.9998062585373202
00829-QaLdnwvtxbs,0_4_35,93,ceiling chassis,0_4,-2.858602557720587,2.2965689730854018,-4.973705157043936,0.44008606384601046,0.9289367587313717,0.9085533132636621,0.9894260921831448,0.5270085874762644,0.5270085874762644,0.5561271936896621
00829-QaLdnwvtxbs,0_4_36,478,tile,0_4,-3.574282780352428,0.011083626690703596,-4.663143676896801,0.9233761328965459,0.9765544525075212,0.9495494440842773,0.9999619317928692,0.995820654139435,0.995820654139435,0.9994977830543381
00829-QaLdnwvtxbs,0_4_37,478,tile,0_4,-3.8774257860796513,0.012783486502995028,-4.964436281887282,0.9228159515511237,0.9793846306516744,0.946347138577178,0.9999492973119034,0.9957111164140723,0.9957111164140723,0.9998932002198929
00829-QaLdnwvtxbs,0_4_38,478,tile,0_4,-2.9451410748722564,0.0028856699344417163,-3.9635091873407893,0.9059927347601665,0.9828494433997131,0.9270426376566094,0.9999640325080202,0.9943828616389644,0.9943828616389644,0.9997643661399546
00829-QaLdnwvtxbs,0_4_39,478,tile,0_4,-2.9630229858729784,0.007378551125086095,-4.554235283796184,0.9240395867878999,0.9797919283939611,0.95068758801093,0.9999604736800376,0.9920557128239504,0.9920557128239504,0.9999401795542777
00829-QaLdnwvtxbs,0_4_4,478,tile,0_4,-3.484465865702309,0.011345075547923317,-4.609768746682858,0.8347430290586557,0.9485698072436388,0.8839689237801622,0.9999612113779308,0.9955506320021994,0.9955506320021994,0.9992651843417679
00829-QaLdnwvtxbs,0_4_40,478,tile,0_4,-3.5899862755272007,0.015577057703792507,-5.146517849549804,0.8346596004864808,0.9076473548952151,0.9246191184757029,0.9999408342729282,0.9946151582213622,0.9946151582213622,0.9998010003091818
00829-QaLdnwvtxbs,0_4_41,478,tile,0_4,-3.2739131670385384,0.012695967922009322,-4.957208562542894,0.8913391501761015,0.9872994145629002,0.9077749343434552,0.9999570273124643,0.9945682234438697,0.9945682234438697,0.9990108012916094
00829-QaLdnwvtxbs,0_4_42,478,tile,0_4,-3.293829557383486,0.02125376597270253,-5.395553641816445,0.9226100591605234,0.9676141240742848,0.9570593142779573,0.9999694029314395,0.9963006655290635,0.9963006655290635,0.9975754513585128
00829-QaLdnwvtxbs,0_4_43,478,tile,0_4,-3.016402273015872,0.012486626301690795,-4.9603361258546625,0.8742566034443157,0.9774869891007743,0.8971794217476008,0.9999394024717769,0.9969536095326567,0.9969536095326567,0.9971676913434916
00829-QaLdnwvtxbs,0_4_44,478,tile,0_4,-3.240949951180568,0.0075151654989903515,-4.4466731541736575,0.8658185100821211,0.9583739753595735,0.9137467321675703,0.9999387681743722,0.9887639207319934,0.9887639207319934,0.9995610159258863
00829-QaLdnwvtxbs,0_4_45,82,cardboard,0_4,-4.26488965407719,0.7533548941589305,-5.450653659520212,0.22716300874618175,0.9751364683495338,0.9586610406829522,0.9990149960162591,0.24324007461610958,0.6328842344046882,0.24324007461610958
00829-QaLdnwvtxbs,0_4_46,13,artwork,0_4,-3.189830944587381,1.5437554248503125,-5.5030932895377624,0.816550617854981,0.9665776528576644,0.9350894421027721,0.978799270881785,0.9229954731030959,0.9229954731030959,0.9999992425532997
00829-QaLdnwvtxbs,0_4_47,487,toilet paper,0_4,-2.9758641320303014,0.7107537798328518,-5.494559759343513,0.6583943802439363,0.9891614917608691,0.9682564816936827,0.9888393750772777,0.695188773330122,0.695188773330122,
00829-QaLdnwvtxbs,0_4_48,13,artwork,0_4,-3.342284242668041,1.4886181961290104,-5.5000591373241825,0.8799137065321591,0.9797811795951166,0.9530440295111918,0.9853961195756232,0.956284633495239,0.956284633495239,0.999999934741679
00829-QaLdnwvtxbs,0_4_49,478,tile,0_4,-3.284709469746201,0.07443879477487707,-5.540641415257272,0.9371015654899129,0.9845594953637907,0.9551921546041615,0.9999638397079202,0.9964824541710006,0.9964824541710006,0.9981044088384203
00829-QaLdnwvtxbs,0_4_5,484,toilet,0_4,-2.717036911647336,0.5309782927114821,-5.046935416425331,0.8978292159458612,0.9705526250853792,0.9295588805339507,0.9999156306505801,0.9952550350336872,0.995615116421547,0.9952550350336872
00829-QaLdnwvtxbs,0_4_50,82,cardboard,0_4,-4.2616637179565995,1.0999136038162145,-4.968253674502302,0.31378444889558765,0.9869544981360191,0.9488791318665024,0.9982204020885138,0.3356579578668872,0.7606117137009042,0.3356579578668872
00829-QaLdnwvtxbs,0_4_51,478,tile,0_4,-4.141039789865736,0.06039614711008747,-5.481475754126702,0.9134832197875182,0.9764004122253601,0.9412771323910436,0.9999350507244379,0.9939929862401518,0.9939929862401518,0.9993037861152504
00829-QaLdnwvtxbs,0_4_52,13,artwork,0_4,-3.2037271781060275,1.3138983599422664,-5.502138554835351,0.8662702740515725,0.9798790434247324,0.9553537851045367,0.9893299229368656,0.9353530547338194,0.9353530547338194,0.9999995621396603
00829-QaLdnwvtxbs,0_4_53,478,tile,0_4,-3.890329558826074,0.009607427300941001,-4.506612567865031,0.8623441658878168,0.9425998523648951,0.9259957212189229,0.9999177548114873,0.9880524566356227,0.9880524566356227,0.9993207626782422
00829-QaLdnwvtxbs,0_4_54,478,tile,0_4,-3.900970511830092,0.01714844146314378,-5.390211945850242,0.8575666394764182,0.9576464196648262,0.8979724535789956,0.9999730062536119,0.9972668839656834,0.9972668839656834,0.999778356306126
00829-QaLdnwvtxbs,0_4_55,478,tile,0_4,-4.156514357348174,0.019594580886905782,-5.139701706262462,0.9104250489595095,0.9610808852700832,0.9509089732633572,0.9999693119879273,0.9962277631778433,0.9962277631778433,0.9999319352240331
00829-QaLdnwvtxbs,0_4_56,484,toilet,0_4,-2.4567899460804763,0.19994183889587366,-5.505263984908389,0.620468728864273,0.9780339415988635,0.9537872817190227,0.9973568578879239,0.6669048353191832,0.967541136566412,0.6669048353191832
00829-QaLdnwvtxbs,0_4_57,13,artwork,0_4,-3.384796422184991,1.2480054708447728,-5.500910735365049,0.8898522462535104,0.9819072911239369,0.9488777496071273,0.9935299251960866,0.9612939314200378,0.9612939314200378,0.9999999298303273
00829-QaLdnwvtxbs,0_4_58,478,tile,0_4,-4.154078244729739,0.010411749940444349,-4.549459548528951,0.9364913515878602,0.9784494509662155,0.9746138793778562,0.999720996987001,0.9823222287665889,0.9823222287665889,0.9995848686653264
00829-QaLdnwvtxbs,0_4_59,13,artwork,0_4,-3.4727515313384085,1.3165892701795738,-5.499077375961936,0.8986076383503098,0.9911225599387101,0.9581380474605659,0.9911367464995408,0.9547311224874776,0.9547311224874776,0.9999999289908924
00829-QaLdnwvtxbs,0_4_6,478,tile,0_4,-3.859878965779111,0.002153055033411547,-3.585703167732631,0.9095709084865352,0.9547717630855223,0.9551933957276322,0.9999737064033531,0.997371842784901,0.997371842784901,0.998572679763407
00829-QaLdnwvtxbs,0_4_60,420,sink,0_4,-2.781489265419349,0.8592331246420989,-4.061196230103913,0.4880794277032329,0.9923181094700962,0.9637937243901893,0.9999244810222463,0.5103737040756474,0.5103737040756474,0.9985208472528248
00829-QaLdnwvtxbs,0_4_61,478,tile,0_4,-3.59342735054698,0.023620872445327623,-5.489332575137655,0.9656366562187962,0.9944568333817697,0.9728707068272979,0.999978012551704,0.9981187851551707,0.9981187851551707,0.9995988937711724
00829-QaLdnwvtxbs,0_4_62,478,tile,0_4,-2.9302054660171373,-0.002849494120063693,-2.831582068578952,0.944034383047633,0.9858585999739533,0.9596673580916975,0.9999839139098367,0.9978366378393723,0.9978366378393723,0.999573959011019
00829-QaLdnwvtxbs,0_4_63,478,tile,0_4,-2.9428449139187305,-0.0010934391752627853,-3.3102117947484797,0.9561135077706752,0.9924507603171705,0.9661845284867596,0.9999832968049694,0.9971205351244345,0.9971205351244345,0.9998286551753324
00829-QaLdnwvtxbs,0_4_64,326,partial,0_4,-2.3676100840121492,1.141175045182307,-3.311433540823529,0.19593691214338532,0.9765437719238753,0.9579729983038123,0.9974380973179152,0.2099835746727304,0.7005006358349547,0.2099835746727304
00829-QaLdnwvtxbs,0_4_65,478,tile,0_4,-3.0709527139444344,0.017704180064955544,-5.277095536620981,0.8910916038007408,0.9727238117820688,0.9347956551970285,0.9999377225989761,0.9800385671420196,0.9800385671420196,0.9810856145591139
00829-QaLdnwvtxbs,0_4_66,326,partial,0_4,-2.369650989872223,1.2194475676642076,-3.7992034363834315,0.22240609121147664,0.9934138665305371,0.9595046633383428,0.996896651123555,0.2340557057790291,0.6500609583767837,0.2340557057790291
00829-QaLdnwvtxbs,0_4_67,478,tile,0_4,-2.3687623528834947,1.041603646932522,-3.541670360118832,0.08458713862382188,0.9941524814135722,0.9564048817710533,0.999421441546979,0.08901452659413608,0.8584647372705996,0.08901452659413608
00829-QaLdnwvtxbs,0_4_68,484,toilet,0_4,-2.7388388393726166,0.551489191427933,-5.553376462664222,0.6725335181120826,0.9881192477544148,0.932499746219742,0.9996762107854619,0.7301237825922725,0.7301237825922725,0.8413309681357268
00829-QaLdnwvtxbs,0_4_69,420,sink,0_4,-2.9362988790242026,0.8032048788218455,-3.7347899890189113,0.5698462085329585,0.9854807643739044,0.9201094948599311,0.9999469881605332,0.6284822584129192,0.6284822584129192,0.9993176934269722
00829-QaLdnwvtxbs,0_4_7,13,artwork,0_4,-3.1095963359545813,1.069698960650546,-5.163297052370472,0.0024154567573140165,0.989369660853221,0.9501085925949878,0.9994085517748883,0.002571131986628171,0.5243615571188774,0.002571131986628171
00829-QaLdnwvtxbs,0_4_70,478,tile,0_4,-3.252852838506516,0.001418150409169775,-3.6730706299102858,0.8049222142718363,0.9127980671358625,0.8857123212796907,0.9999739300916732,0.9956296863822843,0.9956296863822843,0.9997494898500273
00829-QaLdnwvtxbs,0_4_71,478,tile,0_4,-2.435191849951189,0.009563105964682248,-4.644082976139205,0.8000548742699959,0.8635955775311404,0.9325676723231886,0.9999191119558217,0.9934914639263308,0.9934914639263308,0.9995286553761329
00829-QaLdnwvtxbs,0_4_72,478,tile,0_4,-3.5495162976436743,0.0005429175631442399,-2.8982024235829655,0.8335402434673777,0.9033039304784366,0.9257381420673828,0.9999844085910442,0.9968074749220209,0.9968074749220209,0.9996269277794
00829-QaLdnwvtxbs,0_4_73,484,toilet,0_4,-2.9247468143237696,0.7338964938899413,-2.5818618380053158,0.17943317627040023,0.9655121746007354,0.9259482860765686,0.9993744658405801,0.20083065720416993,0.5922538524280674,0.20083065720416993
00829-QaLdnwvtxbs,0_4_74,478,tile,0_4,-4.1310988177193,0.004947040860421636,-3.7187779287230516,0.9289101843155994,0.9813858015196664,0.9545911167455434,0.9999295305502865,0.9916243234003158,0.9956559366878242,0.9916243234003158
00829-QaLdnwvtxbs,0_4_75,481,title,0_4,-2.387787553983078,1.1928361859989294,-2.7747408552215487,0.2848985116147237,0.9939785745921828,0.9680071151145875,0.993959559764655,0.2978968374298689,0.5441272932679905,0.2978968374298689
00829-QaLdnwvtxbs,0_4_76,82,cardboard,0_4,-4.251884265818797,0.686835795124085,-3.825031675926292,0.01226119323518515,0.8742308754713929,0.9094771369305328,0.9981757416992464,0.01544926416884872,0.8137141584672161,0.01544926416884872
00829-QaLdnwvtxbs,0_4_77,82,cardboard,0_4,-3.0136067357054257,2.289237639918145,-3.7321322151636425,0.05250299916681928,0.9743037800792427,0.9274315353125091,0.9934370657310224,0.05848809904044659,0.7652295611187896,0.05848809904044659
00829-QaLdnwvtxbs,0_4_78,106,closet door,0_4,-2.3691955403641867,1.497054675143062,-3.711182844842635,0.5635714639997319,0.9950477700882528,0.9661802414862193,0.9996362068901147,0.5864148158393455,0.7461422661106788,0.5864148158393455
00829-QaLdnwvtxbs,0_4_79,106,closet door,0_4,-2.3697843821476137,1.4846237365805277,-3.8344470888222597,0.028536107186912834,0.9123160960381491,0.9905991421759914,0.99736404436593,0.031659039541872776,0.6357645840434475,0.031659039541872776
00829-QaLdnwvtxbs,0_4_8,316,overhang,0_4,-3.412211760016195,2.2942779370679203,-4.645865111307997,0.2764843770502198,0.9651949381256641,0.8947576037307547,0.990038378433478,0.3233688131429345,0.5276767035960337,0.3233688131429345
00829-QaLdnwvtxbs,0_4_80,478,tile,0_4,-2.6385673576616733,2.2938654405544665,-3.881592070070793,0.000515948128112328,0.9377688040936387,0.925636189829633,0.995983479744168,0.0005967848627890254,0.6424811731818822,0.0005967848627890254
00829-QaLdnwvtxbs,0_4_81,478,tile,0_4,-2.3724156283899895,1.7689893384640891,-4.903467621941441,0.1970370976657289,0.995218055397272,0.9115633860577628,0.9985237360186267,0.21751263490229866,0.7047758801094708,0.21751263490229866
00829-QaLdnwvtxbs,0_4_82,316,overhang,0_4,-3.315669746147818,2.29435526969211,-5.080959978844917,0.3546670196386608,0.9921106015443804,0.9635382904444146,0.9835741109117667,0.37721125988120063,0.508356410884088,0.37721125988120063
00829-QaLdnwvtxbs,0_4_83,93,ceiling chassis,0_4,-3.541679786120322,2.295910726643236,-5.101035971680943,0.5808060165414318,0.9789907316329346,0.9578645280400937,0.9881564908472473,0.626790936651452,0.6926743424228505,0.626790936651452
00829-QaLdnwvtxbs,0_4_84,13,artwork,0_4,-3.981443052966425,1.7789982488961973,-5.543060087229197,0.1349158146985363,0.9612146081542556,0.9112419473312892,0.9988584257933407,0.15420727290928782,0.8008158597723835,0.15420727290928782
00829-QaLdnwvtxbs,0_4_85,478,tile,0_4,-4.257426653201733,1.6121024323286073,-4.164359762391424,0.011193083677875595,0.9812698747870983,0.9298033934488379,0.9917444440493168,0.012370019418025019,0.5250888763463347,0.012370019418025019
00829-QaLdnwvtxbs,0_4_86,82,cardboard,0_4,-4.260695276115485,1.8016410702986008,-4.815152132855379,0.1584003154239908,0.926339048497817,0.9108103016531046,0.9955839066847706,0.18857332934143603,0.7811159948860464,0.18857332934143603
00829-QaLdnwvtxbs,0_4_87,82,cardboard,0_4,-4.2541465237510465,1.9290874146008499,-4.07767564038098,0.090982255608498,0.956456812943929,0.9171000825910178,0.9921227756833677,0.10454642397786433,0.5047701209749866,0.10454642397786433
00829-QaLdnwvtxbs,0_4_88,106,closet door,0_4,-3.7409328681038114,2.023609337271643,-2.795718362166614,0.6163536484018015,0.9643327425352283,0.8948221017730431,0.9986548763754317,0.7152385741790979,0.7152385741790979,0.9877385203531189
00829-QaLdnwvtxbs,0_4_89,82,cardboard,0_4,-4.24810126487377,1.5396295089635192,-3.7775680145096184,0.30343346635145135,0.9741504868424059,0.9130065368218215,0.9894103837899656,0.34481573484539796,0.532230649300861,0.34481573484539796
00829-QaLdnwvtxbs,0_4_9,82,cardboard,0_4,-3.1500238501552293,2.10479704430573,-2.9982618531926746,0.12338806853467703,0.9595229256354646,0.9336198760620271,0.9967853025678164,0.13818028867294974,0.7454693535276316,0.13818028867294974
00829-QaLdnwvtxbs,0_4_90,545,wood,0_4,-4.234157865389331,1.5523172174063091,-3.7060492581964857,0.06442809666931901,0.9909416930250716,0.9240668252519838,0.9992415143879191,0.07041308174900869,0.8342447529889238,0.07041308174900869
00829-QaLdnwvtxbs,0_4_91,478,tile,0_4,-3.204963323915884,-0.00028098105274053305,-2.6982988064568216,0.9008805940546918,0.9822278221696615,0.9182216839028308,0.9999847892370531,0.9988817116327142,0.9988817116327142,0.9998798223092975
00829-QaLdnwvtxbs,0_4_92,0,acoustic panel,0_4,-2.5762641622059927,1.6122447149812036,-2.2170445778041934,0.4289360564739708,0.9902837295690153,0.9254120371459866,0.9983656208129775,0.4688221793434532,0.5224710680559157,0.4688221793434532
00829-QaLdnwvtxbs,0_4_93,420,sink,0_4,-2.6676666147229597,0.979614351947913,-2.1995911580895235,0.3195532492137313,0.9524783291842067,0.9518953926537175,0.9997347134059509,0.35254465728883055,0.9559347314595474,0.35254465728883055
00829-QaLdnwvtxbs,0_4_94,157,door screen,0_4,-1.0249235694502083,1.5020150762078064,-4.042457317757275,0.6066786885987513,0.9844961798586729,0.9054051030210762,0.9994693710934299,0.6809767375425915,0.6809767375425915,
00829-QaLdnwvtxbs,0_4_95,244,handle,0_4,-1.0257685905460674,1.619873047434594,-4.220420376341583,0.2435254220340018,0.9841050810119354,0.9525882213641402,0.9966800100879925,0.2606404851898457,0.7610197963015939,0.2606404851898457
00829-QaLdnwvtxbs,0_4_96,420,sink,0_4,-1.087702350646557,0.35714186156039324,-3.6185031295105254,0.7131806832205174,0.9553680819494141,0.9153632746450953,0.9997152819109202,0.8157536560205879,0.8157536560205879,0.9013534349176365
00829-QaLdnwvtxbs,0_4_97,273,knife,0_4,-1.0874633117285275,0.1667052902929165,-4.216662163990642,0.4785588959738264,0.9818021404441597,0.9427310769671773,0.9892209815654808,0.5226732528455782,0.5226732528455782,
00829-QaLdnwvtxbs,0_4_98,195,foam,0_4,-1.0239750420419007,1.176426325345626,-3.7918207921112503,0.0015283520199994881,0.9558548692494703,0.8997037016569993,0.997644510067095,0.0017813781215978027,0.6176258781019321,0.0017813781215978027
00829-QaLdnwvtxbs,0_4_99,244,handle,0_4,-1.0647504925332527,1.517390323888949,-4.443226715384846,0.13299892373332226,0.6691401771136692,1.0,0.99666431572949,0.19942615242548448,0.5568284638656134,0.19942615242548448
