scene_id,method,class_id,class_label,object_id,predicted_room_id,rank,score,p_det,p_view,p_mem,p_sem_q
00829-QaLdnwvtxbs,belief,0,acoustic panel,0_1_97,0_1,1,0.733043535265092,0.9556173180291294,0.9637476867161502,0.9943079157468135,0.8005003220228217
00829-QaLdnwvtxbs,belief,0,acoustic panel,0_3_216,0_3,2,0.6610448171114754,0.9690040538732901,0.9324049124909195,0.9993984880271939,0.7320859456871891
00829-QaLdnwvtxbs,belief,0,acoustic panel,0_3_305,0_3,3,0.5710472950379942,0.9877911118540185,0.9420715021559818,0.9995583389885532,0.6139244805496442
00829-QaLdnwvtxbs,belief,0,acoustic panel,0_4_92,0_4,4,0.4780192936304533,0.9902837295690153,0.9254120371459866,0.9983656208129775,0.52246959337084
00829-QaLdnwvtxbs,belief,0,acoustic panel,0_3_265,0_3,5,0.4645742664144839,0.9727750242356062,0.9464143901573858,0.9990913826746805,0.5050753691394081
00829-QaLdnwvtxbs,belief,1,air conditioner,0_3_88,0_3,1,0.007605680585580778,0.9857081498033481,0.9356065821482229,0.9988403382922301,0.00825658380942695
00829-QaLdnwvtxbs,belief,1,air conditioner,0_4_100,0_4,2,0.005979794792403869,0.9845428940661991,0.9292253720092198,0.9925254914494402,0.006585502355212948
00829-QaLdnwvtxbs,belief,1,air conditioner,0_4_22,0_4,3,0.003328941678375864,0.9261379136393467,0.907570705970522,0.998101660847278,0.00396803300044391
00829-QaLdnwvtxbs,belief,1,air conditioner,0_0_49,0_0,4,0.003222608709776556,0.9619258290783972,0.9942194117019197,0.9971866403067285,0.0033791486771461154
00829-QaLdnwvtxbs,belief,1,air conditioner,0_2_61,0_2,5,0.001278324824822637,0.9853296402427886,0.9425637664070419,0.9831661303264686,0.0013999806272591137
00829-QaLdnwvtxbs,belief,2,air freshener,0_4_82,0_4,1,0.0013876664073913829,0.9921106015443804,0.9635382904444146,0.9835741109117667,0.0014758727618942795
00829-QaLdnwvtxbs,belief,2,air freshener,0_2_79,0_2,2,0.000995734156874426,0.9708657863340816,0.9319677390333537,0.991840751321489,0.0011095359576586432
00829-QaLdnwvtxbs,belief,2,air freshener,0_4_83,0_4,3,0.0009826420086876692,0.9789907316329346,0.9578645280400937,0.9881564908472473,0.0010604420193268994
00829-QaLdnwvtxbs,belief,2,air freshener,0_4_35,0_4,4,0.0008745674652425997,0.9289367587313717,0.9085533132636621,0.9894260921831448,0.001047305521293384
00829-QaLdnwvtxbs,belief,2,air freshener,0_4_8,0_4,5,0.0006729808558939939,0.9651949381256641,0.8947576037307547,0.990038378433478,0.0007871006056838754
00829-QaLdnwvtxbs,belief,3,air hockey,0_0_29,0_0,1,0.001505218200192223,0.9745103120803833,0.9449438616336413,0.9837028875686332,0.0016616634507086133
00829-QaLdnwvtxbs,belief,3,air hockey,0_3_84,0_3,2,0.000186893479180878,0.991945722962777,0.9280513961817156,0.994164705684942,0.0002042094662789778
00829-QaLdnwvtxbs,belief,3,air hockey,0_2_61,0_2,3,0.0001463482105045592,0.9853296402427886,0.9425637664070419,0.9831661303264686,0.00016027589823959542
00829-QaLdnwvtxbs,belief,3,air hockey,0_3_83,0_3,4,0.00014588431353671622,0.9828181131851393,0.9219149879587536,0.9601051810237284,0.00016769717841280644
00829-QaLdnwvtxbs,belief,3,air hockey,0_2_71,0_2,5,0.00012699096844744545,0.9601071541173409,0.8761167328879654,0.9975666810619327,0.00015133842825532296
00829-QaLdnwvtxbs,belief,4,air purifier,0_4_100,0_4,1,0.029031745482534455,0.9845428940661991,0.9292253720092198,0.9925254914494402,0.0319724396720169
00829-QaLdnwvtxbs,belief,4,air purifier,0_0_49,0_0,2,0.010208072145258124,0.9619258290783972,0.9942194117019197,0.9971866403067285,0.010703934790846147
00829-QaLdnwvtxbs,belief,4,air purifier,0_0_96,0_0,3,0.00873510979240978,0.9727348732674168,0.9464089698602887,0.9969490871851917,0.009517481783817382
00829-QaLdnwvtxbs,belief,4,air purifier,0_3_88,0_3,4,0.006458835014955756,0.9857081498033481,0.9356065821482229,0.9988403382922301,0.007011589825813253
00829-QaLdnwvtxbs,belief,4,air purifier,0_4_80,0_4,5,0.0053492902095568775,0.9377688040936387,0.925636189829633,0.995983479744168,0.006187396076828211
00829-QaLdnwvtxbs,belief,5,aisle frame,0_1_52,0_1,1,0.09407010543517064,0.9597709609270493,0.9273244826558965,0.9974840721164893,0.10596106864739176
00829-QaLdnwvtxbs,belief,5,aisle frame,0_1_11,0_1,2,0.037716943569726026,0.9748483980972631,0.9388802624348535,0.9972459068451953,0.04132253326622966
00829-QaLdnwvtxbs,belief,5,aisle frame,0_1_75,0_1,3,0.032489539378295865,0.9723466358939356,0.9658444967842079,0.9970728213526475,0.034696714324115134
00829-QaLdnwvtxbs,belief,5,aisle frame,0_1_45,0_1,4,0.022330209018865867,0.8979178752806094,0.9212865160228453,0.998675842566233,0.027029431496009837
00829-QaLdnwvtxbs,belief,5,aisle frame,0_2_171,0_2,5,0.01584280051561616,0.9919897912793314,0.9250043589047252,0.9999222334540205,0.01726691482343859
00829-QaLdnwvtxbs,belief,6,alarm,0_0_25,0_0,1,0.04761812385279266,0.8010731935501099,0.9737998604221256,0.9989405298680443,0.06110696851682429
00829-QaLdnwvtxbs,belief,6,alarm,0_0_75,0_0,2,0.010824584765576337,0.9711026629510843,0.91942287731796,0.9967338657165301,0.012163304536718185
00829-QaLdnwvtxbs,belief,6,alarm,0_4_82,0_4,3,0.007280490152083787,0.9921106015443804,0.9635382904444146,0.9835741109117667,0.0077432710422811425
00829-QaLdnwvtxbs,belief,6,alarm,0_0_91,0_0,4,0.006732080119403774,0.9840268381742269,0.9554506060675896,0.9977198907046748,0.007176711063335412
00829-QaLdnwvtxbs,belief,6,alarm,0_2_80,0_2,5,0.006524752638995713,0.9724949253906023,0.9432373428086318,0.996184532950654,0.007140291256957805
00829-QaLdnwvtxbs,belief,7,album,0_2_149,0_2,1,0.24362184104897558,0.9855411365415297,0.9320978007653997,0.9932138805566623,0.26701594773780246
00829-QaLdnwvtxbs,belief,7,album,0_0_102,0_0,2,0.2382554119209717,0.9647081651508119,0.9196356892104713,0.9921487403781908,0.2706787845200346
00829-QaLdnwvtxbs,belief,7,album,0_0_29,0_0,3,0.1919405010959847,0.9745103120803833,0.9449438616336413,0.9837028875686332,0.21188988768616018
00829-QaLdnwvtxbs,belief,7,album,0_1_36,0_1,4,0.1828851922597233,0.9277219270759537,0.9466394087122434,0.9941348609605608,0.20947434360138556
00829-QaLdnwvtxbs,belief,7,album,0_2_148,0_2,5,0.18245462223281567,0.958132565506669,0.9263296085426498,0.9919253150123011,0.20724532796556513
00829-QaLdnwvtxbs,belief,8,amplifier,0_0_29,0_0,1,0.005746984217740825,0.9745103120803833,0.9449438616336413,0.9837028875686332,0.0063442985377134276
00829-QaLdnwvtxbs,belief,8,amplifier,0_2_71,0_2,2,0.0032075560055039327,0.9601071541173409,0.8761167328879654,0.9975666810619327,0.003822527620259691
00829-QaLdnwvtxbs,belief,8,amplifier,0_3_317,0_3,3,0.002987572362590486,0.9867826312307327,0.9518020503584972,0.9996536842683158,0.0031820040610039063
00829-QaLdnwvtxbs,belief,8,amplifier,0_3_311,0_3,4,0.00213871857562071,0.9098843015518259,0.9711732099300683,0.9997921007123599,0.002420812061330989
00829-QaLdnwvtxbs,belief,8,amplifier,0_2_61,0_2,5,0.0019413412162303375,0.9853296402427886,0.9425637664070419,0.9831661303264686,0.0021260950588198185
00829-QaLdnwvtxbs,belief,9,appliance,0_2_61,0_2,1,0.2718943296715959,0.9853296402427886,0.9425637664070419,0.9831661303264686,0.2977700086945041
00829-QaLdnwvtxbs,belief,9,appliance,0_3_145,0_3,2,0.1239907958276692,0.9842710214791858,0.9367794637484924,0.9975332017347288,0.13480624989931456
00829-QaLdnwvtxbs,belief,9,appliance,0_3_160,0_3,3,0.06148290245886418,0.9780740607453371,0.9179881968740915,0.9967716682331297,0.06869890858323986
00829-QaLdnwvtxbs,belief,9,appliance,0_2_122,0_2,4,0.04759858135565861,0.979159475560187,0.9519763765669658,0.9849674009758481,0.051843289428722954
00829-QaLdnwvtxbs,belief,9,appliance,0_3_223,0_3,5,0.04125937593865949,0.8971420836970126,0.8970568865704479,0.9967279883750552,0.05143571573061477
00829-QaLdnwvtxbs,belief,10,apron,0_1_13,0_1,1,0.0027613585298178396,0.952490770395311,0.9238164421163115,0.9763743075649506,0.0032141044926893643
00829-QaLdnwvtxbs,belief,10,apron,0_1_78,0_1,2,0.0018108649984376148,0.9349828690842372,0.926000425910207,0.9691360382987141,0.002158174171878881
00829-QaLdnwvtxbs,belief,10,apron,0_1_77,0_1,3,0.0018106667171438843,0.9764120237661057,0.9098239419454992,0.9710054280513156,0.002099067387167685
00829-QaLdnwvtxbs,belief,10,apron,0_2_61,0_2,4,0.0012729504450711472,0.9853296402427886,0.9425637664070419,0.9831661303264686,0.0013940947777555156
00829-QaLdnwvtxbs,belief,10,apron,0_2_92,0_2,5,0.0011186113133106483,0.9483009825821102,0.9283667601600114,0.9676517871722266,0.001313089478469336
00829-QaLdnwvtxbs,belief,11,aquarium,0_0_29,0_0,1,0.0017240690163553805,0.9745103120803833,0.9449438616336413,0.9837028875686332,0.0019032605841538693
00829-QaLdnwvtxbs,belief,11,aquarium,0_1_18,0_1,2,0.0009837995391874831,0.9781672645982726,0.966372649486807,0.9991580039312856,0.001041632899737475
00829-QaLdnwvtxbs,belief,11,aquarium,0_1_22,0_1,3,0.0003967758376447753,0.9849128855890671,0.9134272445020042,0.9853780693376282,0.00044757986859293573
00829-QaLdnwvtxbs,belief,11,aquarium,0_4_97,0_4,4,0.0003746243194540026,0.9818021404441597,0.9427310769671773,0.9892209815654808,0.0004091578137851473
00829-QaLdnwvtxbs,belief,11,aquarium,0_4_1,0_4,5,0.00033477725017034833,0.8925236130006884,0.8637943796135312,0.9730540570878572,0.00044626094553534194
00829-QaLdnwvtxbs,belief,12,arcade game,0_0_29,0_0,1,0.0002746796322591624,0.9745103120803833,0.9449438616336413,0.9837028875686332,0.0003032285322625286
00829-QaLdnwvtxbs,belief,12,arcade game,0_2_71,0_2,2,0.0001945561222444908,0.9601071541173409,0.8761167328879654,0.9975666810619327,0.00023185757308494644
00829-QaLdnwvtxbs,belief,12,arcade game,0_1_45,0_1,3,7.166152024956697e-05,0.8979178752806094,0.9212865160228453,0.998675842566233,8.674214159164951e-05
00829-QaLdnwvtxbs,belief,12,arcade game,0_4_97,0_4,4,5.299711906540427e-05,0.9818021404441597,0.9427310769671773,0.9892209815654808,5.7882481856265086e-05
00829-QaLdnwvtxbs,belief,12,arcade game,0_2_61,0_2,5,3.332607226921019e-05,0.9853296402427886,0.9425637664070419,0.9831661303264686,3.6497652751134496e-05
00829-QaLdnwvtxbs,belief,13,artwork,0_3_207,0_3,1,0.9043483680671862,0.9912213342158127,0.9330053033603352,0.9998216058020025,0.9780442147820455
00829-QaLdnwvtxbs,belief,13,artwork,0_4_59,0_4,2,0.8986072434813596,0.9911225599387101,0.9581380474605659,0.9911367464995408,0.9547307029565723
00829-QaLdnwvtxbs,belief,13,artwork,0_4_57,0_4,3,0.8898519089667549,0.9819072911239369,0.9488777496071273,0.9935299251960866,0.961293567054254
00829-QaLdnwvtxbs,belief,13,artwork,0_1_18,0_1,4,0.8861066165260152,0.9781672645982726,0.966372649486807,0.9991580039312856,0.938197028645548
00829-QaLdnwvtxbs,belief,13,artwork,0_4_48,0_4,5,0.8799132548945762,0.9797811795951166,0.9530440295111918,0.9853961195756232,0.9562841426583794
00829-QaLdnwvtxbs,belief,14,ashtray,0_3_101,0_3,1,0.036054029826240605,0.9791525103858175,0.975724896192237,0.6132452325871574,0.06153779134286544
00829-QaLdnwvtxbs,belief,14,ashtray,0_2_92,0_2,2,0.032361956814139614,0.9483009825821102,0.9283667601600114,0.9676517871722266,0.037988302540548996
00829-QaLdnwvtxbs,belief,14,ashtray,0_2_79,0_2,3,0.019945069672524858,0.9708657863340816,0.9319677390333537,0.991840751321489,0.022224578545279386
00829-QaLdnwvtxbs,belief,14,ashtray,0_0_29,0_0,4,0.018834360032538296,0.9745103120803833,0.9449438616336413,0.9837028875686332,0.02079191420855746
00829-QaLdnwvtxbs,belief,14,ashtray,0_4_97,0_4,5,0.018367975366545712,0.9818021404441597,0.9427310769671773,0.9892209815654808,0.020061165958442387
00829-QaLdnwvtxbs,belief,15,audio player,0_0_29,0_0,1,0.00033969470143694957,0.9745103120803833,0.9449438616336413,0.9837028875686332,0.0003750009597977688
00829-QaLdnwvtxbs,belief,15,audio player,0_3_83,0_3,2,6.260035741021302e-05,0.9828181131851393,0.9219149879587536,0.9601051810237284,7.196046683034105e-05
00829-QaLdnwvtxbs,belief,15,audio player,0_2_71,0_2,3,4.6594815554933504e-05,0.9601071541173409,0.8761167328879654,0.9975666810619327,5.552824926954212e-05
00829-QaLdnwvtxbs,belief,15,audio player,0_2_79,0_2,4,4.4504527554469395e-05,0.9708657863340816,0.9319677390333537,0.991840751321489,4.959092068840318e-05
00829-QaLdnwvtxbs,belief,15,audio player,0_2_61,0_2,5,4.281012609453343e-05,0.9853296402427886,0.9425637664070419,0.9831661303264686,4.688428638721164e-05
00829-QaLdnwvtxbs,belief,16,axe,0_2_61,0_2,1,0.15076040870235657,0.9853296402427886,0.9425637664070419,0.9831661303264686,0.16510799715576951
00829-QaLdnwvtxbs,belief,16,axe,0_1_20,0_1,2,0.1258042635994434,0.9429041976052321,0.9577240798783183,0.9584469845375457,0.14535142320233754
00829-QaLdnwvtxbs,belief,16,axe,0_3_177,0_3,3,0.0556274371194964,0.9766247625057128,0.9179685651540588,0.9893945082369284,0.06271392970120275
00829-QaLdnwvtxbs,belief,16,axe,0_4_97,0_4,4,0.05255448750661019,0.9818021404441597,0.9427310769671773,0.9892209815654808,0.057399047782437596
00829-QaLdnwvtxbs,belief,16,axe,0_2_122,0_2,5,0.04606377251452848,0.979159475560187,0.9519763765669658,0.9849674009758481,0.050171610636997516
00829-QaLdnwvtxbs,belief,17,baby changing table,0_2_158,0_2,1,0.05048081297552104,0.9637888079243048,0.9288763315469857,0.9994802560258006,0.056417306167895614
00829-QaLdnwvtxbs,belief,17,baby changing table,0_3_2,0_3,2,0.010337249075597622,0.96202025747023,0.9306575012087376,0.997128376461631,0.011579233339236005
00829-QaLdnwvtxbs,belief,17,baby changing table,0_3_222,0_3,3,0.008825985468328435,0.960038078952136,0.9443246401611358,0.997694333297128,0.009757890077216372
00829-QaLdnwvtxbs,belief,17,baby changing table,0_3_160,0_3,4,0.008637699807865178,0.9780740607453371,0.9179881968740915,0.9967716682331297,0.009651472616586694
00829-QaLdnwvtxbs,belief,17,baby changing table,0_3_50,0_3,5,0.006570789792295128,0.9662674765490072,0.8904106809000929,0.997129669089002,0.0076591083312226825
00829-QaLdnwvtxbs,belief,18,backrest,0_3_17,0_3,1,0.6580722925417213,0.9790611097877775,0.9196359163644019,0.996402770163139,0.7335216813667207
00829-QaLdnwvtxbs,belief,18,backrest,0_3_94,0_3,2,0.3731981180171237,0.9057604646488226,0.9294885230117531,0.9958992379815265,0.4451092841688981
00829-QaLdnwvtxbs,belief,18,backrest,0_3_12,0_3,3,0.28458904706753324,0.9874437028304933,0.9285179950028668,0.9974789272691887,0.3111800759074394
00829-QaLdnwvtxbs,belief,18,backrest,0_3_342,0_3,4,0.20911334129101553,0.969762212668559,0.9604775740539282,0.9881189215028591,0.227206127189129
00829-QaLdnwvtxbs,belief,18,backrest,0_3_78,0_3,5,0.16519240236530894,0.8606472224178199,0.8872451684772089,0.991448377036202,0.21819819234158105
00829-QaLdnwvtxbs,belief,19,backsplash,0_4_10,0_4,1,0.016065346868476337,0.967757764924951,0.9685885529234906,0.9978803835151067,0.017175351145761956
00829-QaLdnwvtxbs,belief,19,backsplash,0_4_81,0_4,2,0.009946520536124446,0.995218055397272,0.9115633860577628,0.9985237360186267,0.010980134784529734
00829-QaLdnwvtxbs,belief,19,backsplash,0_4_14,0_4,3,0.0033814156561996897,0.9700164331705746,0.9538730199390784,0.9997221182368458,0.0036555236805134003
00829-QaLdnwvtxbs,belief,19,backsplash,0_3_80,0_3,4,0.003081157736954751,0.820025683707661,0.9599865574056231,0.998578240679616,0.003919577239414456
00829-QaLdnwvtxbs,belief,19,backsplash,0_3_10,0_3,5,0.002608256653523338,0.9032601270990864,0.9716956350421966,0.9990711839732356,0.0029744782645641436
00829-QaLdnwvtxbs,belief,20,bag,0_2_92,0_2,1,0.13257481387839154,0.9483009825821102,0.9283667601600114,0.9676517871722266,0.15562384462081882
00829-QaLdnwvtxbs,belief,20,bag,0_2_79,0_2,2,0.07308667243443477,0.9708657863340816,0.9319677390333537,0.991840751321489,0.08143970007634362
00829-QaLdnwvtxbs,belief,20,bag,0_0_29,0_0,3,0.07124763863112936,0.9745103120803833,0.9449438616336413,0.9837028875686332,0.07865278073805101
00829-QaLdnwvtxbs,belief,20,bag,0_2_61,0_2,4,0.05951201556705313,0.9853296402427886,0.9425637664070419,0.9831661303264686,0.06517566370079446
00829-QaLdnwvtxbs,belief,20,bag,0_1_43,0_1,5,0.056601685368713246,0.9263140429280267,0.9817682153820861,0.974780379492114,0.063849186465716
00829-QaLdnwvtxbs,belief,21,ball,0_4_82,0_4,1,0.023821061883663112,0.9921106015443804,0.9635382904444146,0.9835741109117667,0.025335236340833785
00829-QaLdnwvtxbs,belief,21,ball,0_3_73,0_3,2,0.011658556973091143,0.9854319304914134,0.941852970572902,0.5402934593739244,0.023249057251063902
00829-QaLdnwvtxbs,belief,21,ball,0_4_83,0_4,3,0.008583603078795432,0.9789907316329346,0.9578645280400937,0.9881564908472473,0.009263203996473554
00829-QaLdnwvtxbs,belief,21,ball,0_3_11,0_3,4,0.008125973687614285,0.8894486994548881,0.9071771840028413,0.8797349768554308,0.011447496757275773
00829-QaLdnwvtxbs,belief,21,ball,0_3_101,0_3,5,0.007519727917574166,0.9791525103858175,0.975724896192237,0.6132452325871574,0.012834832882120858
00829-QaLdnwvtxbs,belief,22,ball pool,0_3_101,0_3,1,6.563894947606308e-05,0.9791525103858175,0.975724896192237,0.6132452325871574,0.00011203396669636684
00829-QaLdnwvtxbs,belief,22,ball pool,0_3_73,0_3,2,2.5438926889677647e-05,0.9854319304914134,0.941852970572902,0.5402934593739244,5.072935432994096e-05
00829-QaLdnwvtxbs,belief,22,ball pool,0_0_29,0_0,3,1.154558924633858e-05,0.9745103120803833,0.9449438616336413,0.9837028875686332,1.274558310887101e-05
00829-QaLdnwvtxbs,belief,22,ball pool,0_3_11,0_3,4,1.0468126490684159e-05,0.8894486994548881,0.9071771840028413,0.8797349768554308,1.4747013547374864e-05
00829-QaLdnwvtxbs,belief,22,ball pool,0_4_82,0_4,5,5.538487401195962e-06,0.9921106015443804,0.9635382904444146,0.9835741109117667,5.890538715919422e-06
00829-QaLdnwvtxbs,belief,23,bar,0_1_43,0_1,1,0.13126969987858442,0.9263140429280267,0.9817682153820861,0.974780379492114,0.14807798549191598
00829-QaLdnwvtxbs,belief,23,bar,0_3_160,0_3,2,0.010756690934394393,0.9780740607453371,0.9179881968740915,0.9967716682331297,0.012019161386444686
00829-QaLdnwvtxbs,belief,23,bar,0_0_29,0_0,3,0.010049515105275788,0.9745103120803833,0.9449438616336413,0.9837028875686332,0.011094014107488451
00829-QaLdnwvtxbs,belief,23,bar,0_3_223,0_3,4,0.009423414946988656,0.8971420836970126,0.8970568865704479,0.9967279883750552,0.01174763508652047
00829-QaLdnwvtxbs,belief,23,bar,0_3_177,0_3,5,0.00933554181360482,0.9766247625057128,0.9179685651540588,0.9893945082369284,0.010524815510795042
00829-QaLdnwvtxbs,belief,24,barbecue,0_1_43,0_1,1,0.0009386481673534039,0.9263140429280267,0.9817682153820861,0.974780379492114,0.0010588363486465657
00829-QaLdnwvtxbs,belief,24,barbecue,0_1_20,0_1,2,9.425441904588826e-05,0.9429041976052321,0.9577240798783183,0.9584469845375457,0.00010889944076179928
00829-QaLdnwvtxbs,belief,24,barbecue,0_0_29,0_0,3,6.1523125446683e-05,0.9745103120803833,0.9449438616336413,0.9837028875686332,6.791754771172635e-05
00829-QaLdnwvtxbs,belief,24,barbecue,0_2_61,0_2,4,4.141613377429621e-05,0.9853296402427886,0.9425637664070419,0.9831661303264686,4.535763040354891e-05
00829-QaLdnwvtxbs,belief,24,barbecue,0_4_97,0_4,5,3.3988980238015656e-05,0.9818021404441597,0.9427310769671773,0.9892209815654808,3.71221411018955e-05
00829-QaLdnwvtxbs,belief,25,barrel,0_2_79,0_2,1,0.21629191999136166,0.9708657863340816,0.9319677390333537,0.991840751321489,0.24101178103073437
00829-QaLdnwvtxbs,belief,25,barrel,0_1_43,0_1,2,0.08672453958497621,0.9263140429280267,0.9817682153820861,0.974780379492114,0.09782908871076246
00829-QaLdnwvtxbs,belief,25,barrel,0_1_42,0_1,3,0.060892145004553526,0.8610755614885667,0.9334460238814246,0.9458351438482929,0.08009683445285361
00829-QaLdnwvtxbs,belief,25,barrel,0_2_161,0_2,4,0.021311391683941427,0.9163165887196858,0.8836883189233198,0.9834626365607408,0.026761427939726898
00829-QaLdnwvtxbs,belief,25,barrel,0_3_83,0_3,5,0.018558533599598612,0.9828181131851393,0.9219149879587536,0.9601051810237284,0.02133343636941931
00829-QaLdnwvtxbs,belief,26,base,0_3_11,0_3,1,0.08633108852830673,0.8894486994548881,0.9071771840028413,0.8797349768554308,0.1216192537623178
00829-QaLdnwvtxbs,belief,26,base,0_0_102,0_0,2,0.08263980528264425,0.9647081651508119,0.9196356892104713,0.9921487403781908,0.09388597667740756
00829-QaLdnwvtxbs,belief,26,base,0_1_43,0_1,3,0.06984873086453636,0.9263140429280267,0.9817682153820861,0.974780379492114,0.07879243546038565
00829-QaLdnwvtxbs,belief,26,base,0_1_27,0_1,4,0.06979767789327572,0.9907016027154345,0.9234537652769075,0.9813864699294722,0.0777397046054577
00829-QaLdnwvtxbs,belief,26,base,0_0_29,0_0,5,0.052623049400811105,0.9745103120803833,0.9449438616336413,0.9837028875686332,0.0580924399153524
00829-QaLdnwvtxbs,belief,27,baseball bat,0_2_163,0_2,1,0.004901437773988461,0.9649076473154472,0.9066912981805136,0.982615010991516,0.0057015758069947145
00829-QaLdnwvtxbs,belief,27,baseball bat,0_2_76,0_2,2,0.004604431371448187,0.9777445369518636,0.9242074922009753,0.9961299462102072,0.005115229517450801
00829-QaLdnwvtxbs,belief,27,baseball bat,0_1_20,0_1,3,0.0037706661772828045,0.9429041976052321,0.9577240798783183,0.9584469845375457,0.004356543090097608
00829-QaLdnwvtxbs,belief,27,baseball bat,0_3_177,0_3,4,0.0033757595139703744,0.9766247625057128,0.9179685651540588,0.9893945082369284,0.0038058043981520216
00829-QaLdnwvtxbs,belief,27,baseball bat,0_3_89,0_3,5,0.0033660219483679947,0.9609770616520811,0.9269835072588539,0.9464790079479019,0.003992279408800065
00829-QaLdnwvtxbs,belief,28,basket,0_2_79,0_2,1,0.027520238641126203,0.9708657863340816,0.9319677390333537,0.991840751321489,0.030665508584664478
00829-QaLdnwvtxbs,belief,28,basket,0_3_101,0_3,2,0.023025028137093784,0.9791525103858175,0.975724896192237,0.6132452325871574,0.03929961183237379
00829-QaLdnwvtxbs,belief,28,basket,0_1_43,0_1,3,0.02268570319528768,0.9263140429280267,0.9817682153820861,0.974780379492114,0.02559046932942486
00829-QaLdnwvtxbs,belief,28,basket,0_3_73,0_3,4,0.016076625122098807,0.9854319304914134,0.941852970572902,0.5402934593739244,0.03205940312598285
00829-QaLdnwvtxbs,belief,28,basket,0_3_11,0_3,5,0.00981763866407566,0.8894486994548881,0.9071771840028413,0.8797349768554308,0.013830636314071963
00829-QaLdnwvtxbs,belief,29,basketball hoop,0_1_43,0_1,1,0.00037203969821692217,0.9263140429280267,0.9817682153820861,0.974780379492114,0.00041967711578481205
00829-QaLdnwvtxbs,belief,29,basketball hoop,0_2_164,0_2,2,0.00035195835850209296,0.955928448287553,0.9241800773116434,0.9662683808354755,0.00041229828346035313
00829-QaLdnwvtxbs,belief,29,basketball hoop,0_2_71,0_2,3,0.0002794425220663496,0.9601071541173409,0.8761167328879654,0.9975666810619327,0.00033301889570774005
00829-QaLdnwvtxbs,belief,29,basketball hoop,0_0_54,0_0,4,9.259737223081421e-05,0.9408899384179684,0.9741373938527673,0.9946827710917204,0.00010156756192053259
00829-QaLdnwvtxbs,belief,29,basketball hoop,0_4_82,0_4,5,7.024637840438883e-05,0.9921106015443804,0.9635382904444146,0.9835741109117667,7.471155600260573e-05
00829-QaLdnwvtxbs,belief,30,basketballs,0_3_101,0_3,1,0.0003457452998998719,0.9791525103858175,0.975724896192237,0.6132452325871574,0.000590125492921446
00829-QaLdnwvtxbs,belief,30,basketballs,0_3_73,0_3,2,0.0001761566887093165,0.9854319304914134,0.941852970572902,0.5402934593739244,0.00035128506473086
00829-QaLdnwvtxbs,belief,30,basketballs,0_1_43,0_1,3,9.015285062548806e-05,0.9263140429280267,0.9817682153820861,0.974780379492114,0.00010169637410097998
00829-QaLdnwvtxbs,belief,30,basketballs,0_3_11,0_3,4,3.901728633441142e-05,0.8894486994548881,0.9071771840028413,0.8797349768554308,5.49657525314985e-05
00829-QaLdnwvtxbs,belief,30,basketballs,0_3_277,0_3,5,8.267008482109435e-06,0.9584286383279857,0.8930122431747622,0.7984749493913051,1.2096783065551328e-05
00829-QaLdnwvtxbs,belief,31,bathroom accessory,0_4_73,0_4,1,0.27799149174242693,0.9655121746007354,0.9259482860765686,0.9993744658405801,0.31114209280710875
00829-QaLdnwvtxbs,belief,31,bathroom accessory,0_4_13,0_4,2,0.2731330424115048,0.9562819616467346,0.915392639842113,0.9969242632919004,0.31298152068377605
00829-QaLdnwvtxbs,belief,31,bathroom accessory,0_4_98,0_4,3,0.23755084144140481,0.9558548692494703,0.8997037016569993,0.997644510067095,0.27687853725675643
00829-QaLdnwvtxbs,belief,31,bathroom accessory,0_2_94,0_2,4,0.16941534859424204,0.9484766418496883,0.9349615689607003,0.9978721796107609,0.19145091184282503
00829-QaLdnwvtxbs,belief,31,bathroom accessory,0_4_75,0_4,5,0.1549379576040505,0.9939785745921828,0.9680071151145875,0.993959559764655,0.1620069101326411
00829-QaLdnwvtxbs,belief,32,bathtub,0_2_26,0_2,1,0.5313479381099764,0.8366608654560687,0.9503333485795802,0.9997228588231085,0.6684577336477101
00829-QaLdnwvtxbs,belief,32,bathtub,0_2_146,0_2,2,0.44516354728130714,0.9691000240875874,0.9196353431744876,0.9988360752829414,0.5000818781142436
00829-QaLdnwvtxbs,belief,32,bathtub,0_4_98,0_4,3,0.328061427430035,0.9558548692494703,0.8997037016569993,0.997644510067095,0.38237359045346464
00829-QaLdnwvtxbs,belief,32,bathtub,0_2_137,0_2,4,0.08750113203252832,0.9809784377653766,0.9795393967234436,0.9886458723517383,0.09210676831383764
00829-QaLdnwvtxbs,belief,32,bathtub,0_2_94,0_2,5,0.019913539616377603,0.9484766418496883,0.9349615689607003,0.9978721796107609,0.02250365949253365
00829-QaLdnwvtxbs,belief,33,bed,0_0_10,0_0,1,0.8007712150792468,0.9620229497440205,0.9587102164071293,0.9997931736416924,0.8684113645191761
00829-QaLdnwvtxbs,belief,33,bed,0_0_55,0_0,2,0.6869622106184535,0.8764910417444566,0.9061822391896028,0.9998015639048675,0.8650794750955949
00829-QaLdnwvtxbs,belief,33,bed,0_0_11,0_0,3,0.6021148102280983,0.9870990333903548,0.9428583837742431,0.999519762288336,0.6472629237186579
00829-QaLdnwvtxbs,belief,33,bed,0_0_53,0_0,4,0.5803224245088984,0.8967390975938434,0.9799045051973353,0.979623210401554,0.6741560349044582
00829-QaLdnwvtxbs,belief,33,bed,0_0_20,0_0,5,0.5391354168682464,0.86858648688033,0.9269410144682739,0.99972252536691,0.6698124528532269
00829-QaLdnwvtxbs,belief,34,bed ladder,0_0_75,0_0,1,0.08841901314995829,0.9711026629510843,0.91942287731796,0.9967338657165301,0.09935414679361801
00829-QaLdnwvtxbs,belief,34,bed ladder,0_0_93,0_0,2,0.052173367292217915,0.9023368383870741,0.9265157162221913,0.9989826956439248,0.062469700408554055
00829-QaLdnwvtxbs,belief,34,bed ladder,0_0_34,0_0,3,0.043810083207990756,0.9612707408690694,0.9388840210295921,0.9844560060496962,0.049308307289486604
00829-QaLdnwvtxbs,belief,34,bed ladder,0_1_38,0_1,4,0.03425391051186362,0.8996334107147632,0.9107840990239411,0.9959668403347166,0.04197437746521584
00829-QaLdnwvtxbs,belief,34,bed ladder,0_2_164,0_2,5,0.02855916311569665,0.955928448287553,0.9241800773116434,0.9662683808354755,0.03345536096877761
00829-QaLdnwvtxbs,belief,35,beer crate,0_2_79,0_2,1,0.0054940637458692106,0.9708657863340816,0.9319677390333537,0.991840751321489,0.006121976671810996
00829-QaLdnwvtxbs,belief,35,beer crate,0_0_50,0_0,2,0.000780586849217132,0.9365806639274217,0.9260460164832961,0.994398786133444,0.0009050715001121579
00829-QaLdnwvtxbs,belief,35,beer crate,0_3_145,0_3,3,0.0004693208417080259,0.9842710214791858,0.9367794637484924,0.9975332017347288,0.0005102587030587503
00829-QaLdnwvtxbs,belief,35,beer crate,0_2_61,0_2,4,0.0003686519722565919,0.9853296402427886,0.9425637664070419,0.9831661303264686,0.00040373589665029054
00829-QaLdnwvtxbs,belief,35,beer crate,0_3_311,0_3,5,0.00018147805676110287,0.9098843015518259,0.9711732099300683,0.9997921007123599,0.0002054147159341358
00829-QaLdnwvtxbs,belief,36,bell,0_4_82,0_4,1,0.11732850247750402,0.9921106015443804,0.9635382904444146,0.9835741109117667,0.12478643287612164
00829-QaLdnwvtxbs,belief,36,bell,0_1_43,0_1,2,0.05834180733372711,0.9263140429280267,0.9817682153820861,0.974780379492114,0.06581212045069362
00829-QaLdnwvtxbs,belief,36,bell,0_4_8,0_4,3,0.040848864282067895,0.9651949381256641,0.8947576037307547,0.990038378433478,0.04777575102816682
00829-QaLdnwvtxbs,belief,36,bell,0_4_83,0_4,4,0.03421180530251738,0.9789907316329346,0.9578645280400937,0.9881564908472473,0.03692050164664969
00829-QaLdnwvtxbs,belief,36,bell,0_0_42,0_0,5,0.02917050311286357,0.9088749441007773,0.9159458384752543,0.9953918737319781,0.0352026942768273
00829-QaLdnwvtxbs,belief,37,belt,0_4_97,0_4,1,0.03687083551317917,0.9818021404441597,0.9427310769671773,0.9892209815654808,0.040269650600877394
00829-QaLdnwvtxbs,belief,37,belt,0_1_43,0_1,2,0.030331921469614505,0.9263140429280267,0.9817682153820861,0.974780379492114,0.03421573928693244
00829-QaLdnwvtxbs,belief,37,belt,0_1_53,0_1,3,0.02548791480286489,0.9749215862194056,0.9501554997037894,0.996800738676546,0.027603336688276716
00829-QaLdnwvtxbs,belief,37,belt,0_2_76,0_2,4,0.01686916368143757,0.9777445369518636,0.9242074922009753,0.9961299462102072,0.01874056469449747
00829-QaLdnwvtxbs,belief,37,belt,0_2_79,0_2,5,0.01685450967862415,0.9708657863340816,0.9319677390333537,0.991840751321489,0.018780800485784174
00829-QaLdnwvtxbs,belief,38,bench,0_3_93,0_3,1,0.03264692467128061,0.9710135167679635,0.9057126173491906,0.9948451278033502,0.03731393979498899
00829-QaLdnwvtxbs,belief,38,bench,0_3_42,0_3,2,0.02308521756573304,0.9598259456727916,0.9219069247081211,0.9966775613058675,0.02617578582109638
00829-QaLdnwvtxbs,belief,38,bench,0_3_30,0_3,3,0.021271588289556196,0.9338428777810622,0.9515039300912662,0.9969591906644694,0.024012542139424102
00829-QaLdnwvtxbs,belief,38,bench,0_3_94,0_3,4,0.02106906567220676,0.9057604646488226,0.9294885230117531,0.9958992379815265,0.025128842528174686
00829-QaLdnwvtxbs,belief,38,bench,0_3_120,0_3,5,0.018914866874299024,0.9740020769779513,0.9488991486023701,0.9983449895966936,0.020499473473086914
00829-QaLdnwvtxbs,belief,39,beverage dispenser,0_3_145,0_3,1,0.002907980092336972,0.9842710214791858,0.9367794637484924,0.9975332017347288,0.003161637026466522
00829-QaLdnwvtxbs,belief,39,beverage dispenser,0_2_132,0_2,2,0.0005490996107909142,0.8174735053777695,0.9414269692541382,0.9949100102681608,0.0007171450646217952
00829-QaLdnwvtxbs,belief,39,beverage dispenser,0_0_75,0_0,3,0.0004082391238423476,0.9711026629510843,0.91942287731796,0.9967338657165301,0.0004587276920670963
00829-QaLdnwvtxbs,belief,39,beverage dispenser,0_2_80,0_2,4,0.00017948240231726223,0.9724949253906023,0.9432373428086318,0.996184532950654,0.0001964145920849786
00829-QaLdnwvtxbs,belief,39,beverage dispenser,0_2_71,0_2,5,0.00016238690862285029,0.9601071541173409,0.8761167328879654,0.9975666810619327,0.00019352068749986187
00829-QaLdnwvtxbs,belief,40,bicycle,0_0_29,0_0,1,2.162917955437225e-05,0.9745103120803833,0.9449438616336413,0.9837028875686332,2.387721403430056e-05
00829-QaLdnwvtxbs,belief,40,bicycle,0_1_20,0_1,2,2.0720285509761742e-05,0.9429041976052321,0.9577240798783183,0.9584469845375457,2.3939752929136545e-05
00829-QaLdnwvtxbs,belief,40,bicycle,0_3_83,0_3,3,2.068051282145473e-05,0.9828181131851393,0.9219149879587536,0.9601051810237284,2.377269744916736e-05
00829-QaLdnwvtxbs,belief,40,bicycle,0_2_71,0_2,4,1.5146631890987621e-05,0.9601071541173409,0.8761167328879654,0.9975666810619327,1.8050633771587147e-05
00829-QaLdnwvtxbs,belief,40,bicycle,0_2_132,0_2,5,1.1758619739987956e-05,0.8174735053777695,0.9414269692541382,0.9949100102681608,1.535720650238769e-05
00829-QaLdnwvtxbs,belief,41,bicycle helmet,0_0_29,0_0,1,0.00011231309880914913,0.9745103120803833,0.9449438616336413,0.9837028875686332,0.00012398639034736302
00829-QaLdnwvtxbs,belief,41,bicycle helmet,0_1_43,0_1,2,9.973580792009307e-05,0.9263140429280267,0.9817682153820861,0.974780379492114,0.00011250637071522283
00829-QaLdnwvtxbs,belief,41,bicycle helmet,0_2_79,0_2,3,8.234190381693284e-05,0.9708657863340816,0.9319677390333537,0.991840751321489,9.175270575605875e-05
00829-QaLdnwvtxbs,belief,41,bicycle helmet,0_3_213,0_3,4,3.7390565834621236e-05,0.9785065565059805,0.9341100228973911,0.9912791734333682,4.126713165692055e-05
00829-QaLdnwvtxbs,belief,41,bicycle helmet,0_3_83,0_3,5,3.60220156783363e-05,0.9828181131851393,0.9219149879587536,0.9601051810237284,4.1408087295681216e-05
00829-QaLdnwvtxbs,belief,42,bin,0_0_50,0_0,1,0.681067786684819,0.9365806639274217,0.9260460164832961,0.994398786133444,0.7896815632893543
00829-QaLdnwvtxbs,belief,42,bin,0_3_145,0_3,2,0.26878507761123405,0.9842710214791858,0.9367794637484924,0.9975332017347288,0.29223062969953845
00829-QaLdnwvtxbs,belief,42,bin,0_3_160,0_3,3,0.19811965885518262,0.9780740607453371,0.9179881968740915,0.9967716682331297,0.22137218296324226
00829-QaLdnwvtxbs,belief,42,bin,0_2_61,0_2,4,0.15720929731150543,0.9853296402427886,0.9425637664070419,0.9831661303264686,0.17217061453192273
00829-QaLdnwvtxbs,belief,42,bin,0_3_2,0_3,5,0.1546317974543792,0.96202025747023,0.9306575012087376,0.997128376461631,0.17321026622222727
00829-QaLdnwvtxbs,belief,43,birdhouse,0_1_43,0_1,1,0.0010009647189346091,0.9263140429280267,0.9817682153820861,0.974780379492114,0.0011291321551387184
00829-QaLdnwvtxbs,belief,43,birdhouse,0_0_21,0_0,2,0.00047779109089166245,0.9143228871071781,0.9488101997950833,0.9960265922869888,0.0005529529483909057
00829-QaLdnwvtxbs,belief,43,birdhouse,0_4_82,0_4,3,0.00032333402851069385,0.9921106015443804,0.9635382904444146,0.9835741109117667,0.0003438866020901593
00829-QaLdnwvtxbs,belief,43,birdhouse,0_2_79,0_2,4,0.000310571856768035,0.9708657863340816,0.9319677390333537,0.991840751321489,0.0003460669096685428
00829-QaLdnwvtxbs,belief,43,birdhouse,0_2_61,0_2,5,0.00018186676776415638,0.9853296402427886,0.9425637664070419,0.9831661303264686,0.00019917469071085078
00829-QaLdnwvtxbs,belief,44,blanket,0_2_66,0_2,1,0.42104185670354843,0.970324709402946,0.9290128585169263,0.9912809958219424,0.47118306827538403
00829-QaLdnwvtxbs,belief,44,blanket,0_0_53,0_0,2,0.2623765507426854,0.8967390975938434,0.9799045051973353,0.979623210401554,0.3048007928528444
00829-QaLdnwvtxbs,belief,44,blanket,0_0_48,0_0,3,0.24241790750979306,0.7133266356256274,0.9922616393383615,0.9824163024986671,0.34862176291914115
00829-QaLdnwvtxbs,belief,44,blanket,0_0_34,0_0,4,0.2274722093747609,0.9612707408690694,0.9388840210295921,0.9844560060496962,0.25602027611815514
00829-QaLdnwvtxbs,belief,44,blanket,0_0_35,0_0,5,0.2234606716745835,0.9682283273765021,0.9523646014179328,0.9908101003000919,0.24458490227340046
00829-QaLdnwvtxbs,belief,45,board,0_1_43,0_1,1,0.031435207880332,0.9263140429280267,0.9817682153820861,0.974780379492114,0.03546029480332931
00829-QaLdnwvtxbs,belief,45,board,0_3_123,0_3,2,0.01499892903549852,0.9896645626552105,0.934152542404149,0.9938950488605828,0.016323523301256967
00829-QaLdnwvtxbs,belief,45,board,0_3_160,0_3,3,0.013265229801066664,0.9780740607453371,0.9179881968740915,0.9967716682331297,0.01482211758055612
00829-QaLdnwvtxbs,belief,45,board,0_3_350,0_3,4,0.012544426528313796,0.9650946200437517,0.9117543979222549,0.9938245524237505,0.014344761401369458
00829-QaLdnwvtxbs,belief,45,board,0_3_215,0_3,5,0.012425204480054622,0.9832291088381064,0.9393117117741373,0.9996129559782911,0.013458826771288374
00829-QaLdnwvtxbs,belief,46,board game,0_0_29,0_0,1,5.174801473336541e-05,0.9745103120803833,0.9449438616336413,0.9837028875686332,5.71264582890262e-05
00829-QaLdnwvtxbs,belief,46,board game,0_3_65,0_3,2,2.9079303849986015e-05,0.974792348784285,0.9323554082213724,0.9740448142387003,3.2848191268600216e-05
00829-QaLdnwvtxbs,belief,46,board game,0_3_342,0_3,3,2.3178296125462768e-05,0.969762212668559,0.9604775740539282,0.9881189215028591,2.518371551521592e-05
00829-QaLdnwvtxbs,belief,46,board game,0_3_267,0_3,4,1.785035689853039e-05,0.9755037916157708,0.9368287303543641,0.9979236255656099,1.9573137022257802e-05
00829-QaLdnwvtxbs,belief,46,board game,0_3_128,0_3,5,1.771065816837492e-05,0.987441169029279,0.9634600477478337,0.9972777536088906,1.866696138811638e-05
00829-QaLdnwvtxbs,belief,47,board with keys,0_3_215,0_3,1,0.0009750925954530382,0.9832291088381064,0.9393117117741373,0.9996129559782911,0.0010562081573172407
00829-QaLdnwvtxbs,belief,47,board with keys,0_3_266,0_3,2,0.0003918281215394214,0.9714048353503739,0.9205603018383172,0.9993022687714798,0.00043847640191166045
00829-QaLdnwvtxbs,belief,47,board with keys,0_3_271,0_3,3,0.000135713820015743,0.9931038933623022,0.9556735136501311,0.9997154488823545,0.00014303536788200658
00829-QaLdnwvtxbs,belief,47,board with keys,0_3_225,0_3,4,8.336528276275422e-05,0.8993999264903285,0.9414005087077193,0.9999628883649371,9.846322785562191e-05
00829-QaLdnwvtxbs,belief,47,board with keys,0_3_160,0_3,5,5.4392939042497126e-05,0.9780740607453371,0.9179881968740915,0.9967716682331297,6.077682408299369e-05
00829-QaLdnwvtxbs,belief,48,book,0_1_31,0_1,1,0.8649210267414762,0.9682163092875542,0.9134433518500078,0.9995862776083321,0.9783678129095371
00829-QaLdnwvtxbs,belief,48,book,0_1_36,0_1,2,0.6901820727593309,0.9277219270759537,0.9466394087122434,0.9941348609605608,0.7905256563986144
00829-QaLdnwvtxbs,belief,48,book,0_1_43,0_1,3,0.4716524480171416,0.9263140429280267,0.9817682153820861,0.974780379492114,0.5320446715373576
00829-QaLdnwvtxbs,belief,48,book,0_0_91,0_0,4,0.41271416095128455,0.9840268381742269,0.9554506060675896,0.9977198907046748,0.43997252444413854
00829-QaLdnwvtxbs,belief,48,book,0_4_13,0_4,5,0.14576056943757607,0.9562819616467346,0.915392639842113,0.9969242632919004,0.16702616525456343
00829-QaLdnwvtxbs,belief,49,bottle,0_0_75,0_0,1,0.12274775867739586,0.9711026629510843,0.91942287731796,0.9967338657165301,0.13792846583277366
00829-QaLdnwvtxbs,belief,49,bottle,0_2_132,0_2,2,0.05751645783595179,0.8174735053777695,0.9414269692541382,0.9949100102681608,0.07511869078211139
00829-QaLdnwvtxbs,belief,49,bottle,0_3_35,0_3,3,0.055531590237921716,0.9529664658777607,0.9291028761950662,0.9906251337735261,0.06331248282531995
00829-QaLdnwvtxbs,belief,49,bottle,0_1_43,0_1,4,0.054108149316923496,0.9263140429280267,0.9817682153820861,0.974780379492114,0.061036368308578344
00829-QaLdnwvtxbs,belief,49,bottle,0_1_20,0_1,5,0.03522111777738243,0.9429041976052321,0.9577240798783183,0.9584469845375457,0.04069368914252234
00829-QaLdnwvtxbs,belief,50,bottle dispenser,0_0_75,0_0,1,0.0007412576025247839,0.9711026629510843,0.91942287731796,0.9967338657165301,0.0008329319003846795
00829-QaLdnwvtxbs,belief,50,bottle dispenser,0_2_132,0_2,2,0.0006002716317605385,0.8174735053777695,0.9414269692541382,0.9949100102681608,0.0007839776785299169
00829-QaLdnwvtxbs,belief,50,bottle dispenser,0_4_93,0_4,3,0.0005937875999071577,0.9524783291842067,0.9518953926537175,0.9997347134059509,0.0006550915893570294
00829-QaLdnwvtxbs,belief,50,bottle dispenser,0_3_145,0_3,4,0.00044295850864780386,0.9842710214791858,0.9367794637484924,0.9975332017347288,0.0004815968396137848
00829-QaLdnwvtxbs,belief,50,bottle dispenser,0_2_80,0_2,5,0.0003061256648340165,0.9724949253906023,0.9432373428086318,0.996184532950654,0.00033500525293188196
00829-QaLdnwvtxbs,belief,51,bottle opener,0_2_132,0_2,1,0.003995800846003108,0.8174735053777695,0.9414269692541382,0.9949100102681608,0.005218668524997137
00829-QaLdnwvtxbs,belief,51,bottle opener,0_1_20,0_1,2,0.0031200885053684403,0.9429041976052321,0.9577240798783183,0.9584469845375457,0.0036048802464796865
00829-QaLdnwvtxbs,belief,51,bottle opener,0_2_80,0_2,3,0.0030861037427517097,0.9724949253906023,0.9432373428086318,0.996184532950654,0.0033772436736891395
00829-QaLdnwvtxbs,belief,51,bottle opener,0_2_177,0_2,4,0.0018271226531236938,0.9649094265208732,0.9539392189200453,0.9933968594410325,0.0019981940716432755
00829-QaLdnwvtxbs,belief,51,bottle opener,0_0_75,0_0,5,0.0017999245670606127,0.9711026629510843,0.91942287731796,0.9967338657165301,0.002022528450412408
00829-QaLdnwvtxbs,belief,52,bowl,0_3_11,0_3,1,0.387425908553606,0.8894486994548881,0.9071771840028413,0.8797349768554308,0.5457877421646093
00829-QaLdnwvtxbs,belief,52,bowl,0_3_101,0_3,2,0.3162795055354931,0.9791525103858175,0.975724896192237,0.6132452325871574,0.5398326431599691
00829-QaLdnwvtxbs,belief,52,bowl,0_3_73,0_3,3,0.24634060442982034,0.9854319304914134,0.941852970572902,0.5402934593739244,0.491243198353739
00829-QaLdnwvtxbs,belief,52,bowl,0_3_358,0_3,4,0.03541117315219082,0.9418212159150311,0.9693513482622604,0.9866839888761696,0.0393108600970016
00829-QaLdnwvtxbs,belief,52,bowl,0_4_98,0_4,5,0.014164180547654682,0.9558548692494703,0.8997037016569993,0.997644510067095,0.01650912944647509
00829-QaLdnwvtxbs,belief,53,box,0_3_311,0_3,1,0.5098876702501115,0.9098843015518259,0.9711732099300683,0.9997921007123599,0.5771410208597411
00829-QaLdnwvtxbs,belief,53,box,0_3_317,0_3,2,0.45055467621063616,0.9867826312307327,0.9518020503584972,0.9996536842683158,0.4798768482927825
00829-QaLdnwvtxbs,belief,53,box,0_3_125,0_3,3,0.4421055438177122,0.9600732823851363,0.9134418360848284,0.9997412822832743,0.5042582965706969
00829-QaLdnwvtxbs,belief,53,box,0_3_158,0_3,4,0.42969496111934896,0.9690150309476715,0.9287288960778852,0.9994624758576812,0.47772095907204337
00829-QaLdnwvtxbs,belief,53,box,0_2_79,0_2,5,0.4104066902566696,0.9708657863340816,0.9319677390333537,0.991840751321489,0.45731180050387127
00829-QaLdnwvtxbs,belief,54,boxing ring,0_0_29,0_0,1,0.0011318503949253914,0.9745103120803833,0.9449438616336413,0.9837028875686332,0.001249489564155849
00829-QaLdnwvtxbs,belief,54,boxing ring,0_3_84,0_3,2,0.000155817060254258,0.991945722962777,0.9280513961817156,0.994164705684942,0.00017025376621560026
00829-QaLdnwvtxbs,belief,54,boxing ring,0_2_164,0_2,3,8.484321923518815e-05,0.955928448287553,0.9241800773116434,0.9662683808354755,9.938878509035458e-05
00829-QaLdnwvtxbs,belief,54,boxing ring,0_0_75,0_0,4,8.388830489396924e-05,0.9711026629510843,0.91942287731796,0.9967338657165301,9.426310769345129e-05
00829-QaLdnwvtxbs,belief,54,boxing ring,0_2_71,0_2,5,8.310236449222247e-05,0.9601071541173409,0.8761167328879654,0.9975666810619327,9.903524148458369e-05
00829-QaLdnwvtxbs,belief,55,bread,0_3_179,0_3,1,0.48547744822700406,0.9724847239132388,0.9382852760785485,0.7446113513227317,0.7145320582440398
00829-QaLdnwvtxbs,belief,55,bread,0_3_11,0_3,2,0.27961760040072464,0.8894486994548881,0.9071771840028413,0.8797349768554308,0.39391237246355043
00829-QaLdnwvtxbs,belief,55,bread,0_3_101,0_3,3,0.26960485981914084,0.9791525103858175,0.975724896192237,0.6132452325871574,0.46016735684003085
00829-QaLdnwvtxbs,belief,55,bread,0_3_73,0_3,4,0.2551230397597794,0.9854319304914134,0.941852970572902,0.5402934593739244,0.508756801646261
00829-QaLdnwvtxbs,belief,55,bread,0_3_29,0_3,5,0.21798850948881032,0.9822193293802927,0.9398605173647284,0.9735572833056979,0.24254940274801656
00829-QaLdnwvtxbs,belief,56,bread box,0_2_79,0_2,1,0.01857164431107992,0.9708657863340816,0.9319677390333537,0.991840751321489,0.020694185304108638
00829-QaLdnwvtxbs,belief,56,bread box,0_4_97,0_4,2,0.009940535049599271,0.9818021404441597,0.9427310769671773,0.9892209815654808,0.010856870143071575
00829-QaLdnwvtxbs,belief,56,bread box,0_2_61,0_2,3,0.005344423952095787,0.9853296402427886,0.9425637664070419,0.9831661303264686,0.005853042866340177
00829-QaLdnwvtxbs,belief,56,bread box,0_3_222,0_3,4,0.001682739160793278,0.960038078952136,0.9443246401611358,0.997694333297128,0.0018604136408982709
00829-QaLdnwvtxbs,belief,56,bread box,0_2_158,0_2,5,0.001629475852161086,0.9637888079243048,0.9288763315469857,0.9994802560258006,0.0018211005850706733
00829-QaLdnwvtxbs,belief,57,bricks,0_1_43,0_1,1,0.09086289219132984,0.9263140429280267,0.9817682153820861,0.974780379492114,0.10249733216504676
00829-QaLdnwvtxbs,belief,57,bricks,0_1_95,0_1,2,0.06738101918593263,0.9697663221423358,0.9388708675511596,0.8264633294352364,0.08954493506037296
00829-QaLdnwvtxbs,belief,57,bricks,0_4_22,0_4,3,0.005525316653587441,0.9261379136393467,0.907570705970522,0.998101660847278,0.006586068768268103
00829-QaLdnwvtxbs,belief,57,bricks,0_4_89,0_4,4,0.00428292283669838,0.9741504868424059,0.9130065368218215,0.9894103837899656,0.004867028027527341
00829-QaLdnwvtxbs,belief,57,bricks,0_1_20,0_1,5,0.0014031715838755874,0.9429041976052321,0.9577240798783183,0.9584469845375457,0.0016211929618122824
00829-QaLdnwvtxbs,belief,58,bridge,0_1_43,0_1,1,0.014233083516978731,0.9263140429280267,0.9817682153820861,0.974780379492114,0.016055543179285075
00829-QaLdnwvtxbs,belief,58,bridge,0_0_102,0_0,2,0.008563057967156939,0.9647081651508119,0.9196356892104713,0.9921487403781908,0.009728375543022106
00829-QaLdnwvtxbs,belief,58,bridge,0_0_29,0_0,3,0.002583790606761104,0.9745103120803833,0.9449438616336413,0.9837028875686332,0.002852337564740363
00829-QaLdnwvtxbs,belief,58,bridge,0_3_117,0_3,4,0.002403892599757731,0.9709534859178668,0.9097389018378834,0.9726812811172267,0.0027978814628528735
00829-QaLdnwvtxbs,belief,58,bridge,0_0_38,0_0,5,0.0015520562743966807,0.9812196333687028,0.9489402033822547,0.9945117799612258,0.001676071170690301
00829-QaLdnwvtxbs,belief,59,broom,0_0_90,0_0,1,0.042616849549934076,0.9330309557315117,0.8720743076128528,0.9973005303875905,0.05251770588531067
00829-QaLdnwvtxbs,belief,59,broom,0_3_197,0_3,2,0.025445543190459694,0.9163067116456873,0.9154687770375345,0.9558738336589385,0.03173414110596256
00829-QaLdnwvtxbs,belief,59,broom,0_0_48,0_0,3,0.021264759642021645,0.7133266356256274,0.9922616393383615,0.9824163024986671,0.03058090085260682
00829-QaLdnwvtxbs,belief,59,broom,0_0_95,0_0,4,0.020462438328544736,0.6515540605830769,0.8815192841430087,0.9877028660350318,0.0360702204367674
00829-QaLdnwvtxbs,belief,59,broom,0_2_5,0_2,5,0.019944681909936895,0.9146122617200747,0.9279689137732592,0.9902661967363864,0.023730381080098138
00829-QaLdnwvtxbs,belief,60,brush,0_3_101,0_3,1,0.12241252654111658,0.9791525103858175,0.975724896192237,0.6132452325871574,0.2089363256297523
00829-QaLdnwvtxbs,belief,60,brush,0_3_177,0_3,2,0.1208420165321963,0.9766247625057128,0.9179685651540588,0.9893945082369284,0.13623632729064955
00829-QaLdnwvtxbs,belief,60,brush,0_3_323,0_3,3,0.10360422418061534,0.9498399254821595,0.9254375774042468,0.9927147099963813,0.11872862954764876
00829-QaLdnwvtxbs,belief,60,brush,0_3_117,0_3,4,0.09434632465880699,0.9709534859178668,0.9097389018378834,0.9726812811172267,0.10980932878522877
00829-QaLdnwvtxbs,belief,60,brush,0_0_32,0_0,5,0.09003421728236091,0.9949106973830635,0.8973991163111548,0.9798330992486709,0.10291667561274669
00829-QaLdnwvtxbs,belief,61,bucket,0_2_79,0_2,1,0.09843519184529707,0.9708657863340816,0.9319677390333537,0.991840751321489,0.10968528507067932
00829-QaLdnwvtxbs,belief,61,bucket,0_4_82,0_4,2,0.05651986598628512,0.9921106015443804,0.9635382904444146,0.9835741109117667,0.06011252435798581
00829-QaLdnwvtxbs,belief,61,bucket,0_2_61,0_2,3,0.020717315863446065,0.9853296402427886,0.9425637664070419,0.9831661303264686,0.022688944385990933
00829-QaLdnwvtxbs,belief,61,bucket,0_4_83,0_4,4,0.015231029736137656,0.9789907316329346,0.9578645280400937,0.9881564908472473,0.01643693612426418
00829-QaLdnwvtxbs,belief,61,bucket,0_4_8,0_4,5,0.010832457631730442,0.9651949381256641,0.8947576037307547,0.990038378433478,0.012669355878858729
00829-QaLdnwvtxbs,belief,62,buffet,0_0_29,0_0,1,0.01337194152090431,0.9745103120803833,0.9449438616336413,0.9837028875686332,0.014761757788646248
00829-QaLdnwvtxbs,belief,62,buffet,0_1_43,0_1,2,0.004614602481540074,0.9263140429280267,0.9817682153820861,0.974780379492114,0.005205474225540823
00829-QaLdnwvtxbs,belief,62,buffet,0_3_101,0_3,3,0.0017856185667558945,0.9791525103858175,0.975724896192237,0.6132452325871574,0.0030477320651406447
00829-QaLdnwvtxbs,belief,62,buffet,0_3_277,0_3,4,0.0011403328661956414,0.9584286383279857,0.8930122431747622,0.7984749493913051,0.0016686035020696186
00829-QaLdnwvtxbs,belief,62,buffet,0_3_11,0_3,5,0.0011367778006953235,0.8894486994548881,0.9071771840028413,0.8797349768554308,0.0016014401088989228
00829-QaLdnwvtxbs,belief,63,button,0_0_25,0_0,1,0.31591209539467674,0.8010731935501099,0.9737998604221256,0.9989405298680443,0.40540090422387265
00829-QaLdnwvtxbs,belief,63,button,0_2_86,0_2,2,0.07560457141108418,0.9829763059568757,0.9475881391642806,0.9994426442085459,0.08121336663488828
00829-QaLdnwvtxbs,belief,63,button,0_4_82,0_4,3,0.07475204506920127,0.9921106015443804,0.9635382904444146,0.9835741109117667,0.07950362322377051
00829-QaLdnwvtxbs,belief,63,button,0_3_351,0_3,4,0.04809527638121119,0.9474742531776427,0.9589728395221819,0.999023676111871,0.05298499768563815
00829-QaLdnwvtxbs,belief,63,button,0_4_83,0_4,5,0.023098429564551715,0.9789907316329346,0.9578645280400937,0.9881564908472473,0.0249272319666306
00829-QaLdnwvtxbs,belief,64,cabinet,0_3_182,0_3,1,0.2515899586617117,0.9917728710785558,0.9332859955207881,0.999831428408544,0.27185639036788484
00829-QaLdnwvtxbs,belief,64,cabinet,0_3_186,0_3,2,0.2320343378884588,0.9770262695511048,0.9553098822844566,0.9998585417718789,0.2486355285737558
00829-QaLdnwvtxbs,belief,64,cabinet,0_3_130,0_3,3,0.2080313723985701,0.9321132361456153,0.9497109910664981,0.9997450204802159,0.235060386148256
00829-QaLdnwvtxbs,belief,64,cabinet,0_3_222,0_3,4,0.174905516892882,0.960038078952136,0.9443246401611358,0.997694333297128,0.19337317219293923
00829-QaLdnwvtxbs,belief,64,cabinet,0_3_2,0_3,5,0.1616458866555559,0.96202025747023,0.9306575012087376,0.997128376461631,0.1810670736696134
00829-QaLdnwvtxbs,belief,65,cable,0_1_32,0_1,1,0.012543931965103585,0.9754029492268419,0.9067709385938889,0.9965741552453404,0.014231229175922329
00829-QaLdnwvtxbs,belief,65,cable,0_2_87,0_2,2,0.012363758462590782,0.9668858289438285,0.9156384507356652,0.9970539333097376,0.01400659734945223
00829-QaLdnwvtxbs,belief,65,cable,0_2_137,0_2,3,0.010650534213946647,0.9809784377653766,0.9795393967234436,0.9886458723517383,0.011211126810312642
00829-QaLdnwvtxbs,belief,65,cable,0_3_117,0_3,4,0.008057201716922346,0.9709534859178668,0.9097389018378834,0.9726812811172267,0.0093777464635963
00829-QaLdnwvtxbs,belief,65,cable,0_0_54,0_0,5,0.006655644225351406,0.9408899384179684,0.9741373938527673,0.9946827710917204,0.007300396768219068
00829-QaLdnwvtxbs,belief,66,cage,0_3_219,0_3,1,0.016210218031075467,0.9805473042953581,0.9294563411150665,0.999334656470586,0.01779837540375545
00829-QaLdnwvtxbs,belief,66,cage,0_3_214,0_3,2,0.007374507149444533,0.980349579623767,0.9265913540702199,0.9993954649021487,0.008123186347903332
00829-QaLdnwvtxbs,belief,66,cage,0_2_94,0_2,3,9.366843393456473e-05,0.9484766418496883,0.9349615689607003,0.9978721796107609,0.00010585172616568534
00829-QaLdnwvtxbs,belief,66,cage,0_3_88,0_3,4,5.67721382598051e-05,0.9857081498033481,0.9356065821482229,0.9988403382922301,6.163076562419973e-05
00829-QaLdnwvtxbs,belief,66,cage,0_2_132,0_2,5,4.8281099645631536e-05,0.8174735053777695,0.9414269692541382,0.9949100102681608,6.305696023988273e-05
00829-QaLdnwvtxbs,belief,67,cake,0_3_179,0_3,1,0.3749406294545849,0.9724847239132388,0.9382852760785485,0.7446113513227317,0.5518425225763111
00829-QaLdnwvtxbs,belief,67,cake,0_3_11,0_3,2,0.2647651775987119,0.8894486994548881,0.9071771840028413,0.8797349768554308,0.3729889645865496
00829-QaLdnwvtxbs,belief,67,cake,0_3_101,0_3,3,0.2556000138903873,0.9791525103858175,0.975724896192237,0.6132452325871574,0.4362635854528622
00829-QaLdnwvtxbs,belief,67,cake,0_3_73,0_3,4,0.2409267052802249,0.9854319304914134,0.941852970572902,0.5402934593739244,0.4804470036299027
00829-QaLdnwvtxbs,belief,67,cake,0_2_79,0_2,5,0.06623003263171738,0.9708657863340816,0.9319677390333537,0.991840751321489,0.0737994194278333
00829-QaLdnwvtxbs,belief,68,calculator,0_3_354,0_3,1,0.0007969065795002909,0.9296148958705142,0.9561143869220221,0.9975009210394719,0.0008988374931904237
00829-QaLdnwvtxbs,belief,68,calculator,0_0_29,0_0,2,0.00021550632419796727,0.9745103120803833,0.9449438616336413,0.9837028875686332,0.00023790503082582484
00829-QaLdnwvtxbs,belief,68,calculator,0_0_25,0_0,3,1.9518466074731982e-05,0.8010731935501099,0.9737998604221256,0.9989405298680443,2.5047486028902023e-05
00829-QaLdnwvtxbs,belief,68,calculator,0_3_117,0_3,4,1.2779237983745677e-05,0.9709534859178668,0.9097389018378834,0.9726812811172267,1.4873706532359556e-05
00829-QaLdnwvtxbs,belief,68,calculator,0_2_71,0_2,5,1.2737523440093956e-05,0.9601071541173409,0.8761167328879654,0.9975666810619327,1.5179636795091555e-05
00829-QaLdnwvtxbs,belief,69,calendar,0_4_100,0_4,1,0.0004028516035189477,0.9845428940661991,0.9292253720092198,0.9925254914494402,0.00044365739559247455
00829-QaLdnwvtxbs,belief,69,calendar,0_3_175,0_3,2,0.0003333891405569286,0.974818104188439,0.9217970902764612,0.994887370058311,0.0003729225221254543
00829-QaLdnwvtxbs,belief,69,calendar,0_3_197,0_3,3,0.00031958407399958807,0.9163067116456873,0.9154687770375345,0.9558738336589385,0.00039856591087918884
00829-QaLdnwvtxbs,belief,69,calendar,0_2_149,0_2,4,0.00027390809335729293,0.9855411365415297,0.9320978007653997,0.9932138805566623,0.00030021047713102645
00829-QaLdnwvtxbs,belief,69,calendar,0_0_54,0_0,5,0.00024738585395966137,0.9408899384179684,0.9741373938527673,0.9946827710917204,0.00027135087567798467
00829-QaLdnwvtxbs,belief,70,camera,0_2_71,0_2,1,0.3887754135443232,0.9601071541173409,0.8761167328879654,0.9975666810619327,0.46331373600367737
00829-QaLdnwvtxbs,belief,70,camera,0_1_45,0_1,2,0.3243258628289092,0.8979178752806094,0.9212865160228453,0.998675842566233,0.39257777140876576
00829-QaLdnwvtxbs,belief,70,camera,0_0_29,0_0,3,0.3135155000922211,0.9745103120803833,0.9449438616336413,0.9837028875686332,0.34610081625863154
00829-QaLdnwvtxbs,belief,70,camera,0_2_132,0_2,4,0.2536616830371074,0.8174735053777695,0.9414269692541382,0.9949100102681608,0.331291846686426
00829-QaLdnwvtxbs,belief,70,camera,0_1_5,0_1,5,0.17723201108806272,0.9390443476925701,0.91901937630142,0.9958533417971389,0.20622248200911825
00829-QaLdnwvtxbs,belief,71,can,0_4_82,0_4,1,0.16462809174143997,0.9921106015443804,0.9635382904444146,0.9835741109117667,0.1750925980117753
00829-QaLdnwvtxbs,belief,71,can,0_2_79,0_2,2,0.1489635686650339,0.9708657863340816,0.9319677390333537,0.991840751321489,0.16598851678827292
00829-QaLdnwvtxbs,belief,71,can,0_2_61,0_2,3,0.13443592272169944,0.9853296402427886,0.9425637664070419,0.9831661303264686,0.1472299401243308
00829-QaLdnwvtxbs,belief,71,can,0_4_8,0_4,4,0.08762163608289711,0.9651949381256641,0.8947576037307547,0.990038378433478,0.10247994757628578
00829-QaLdnwvtxbs,belief,71,can,0_2_132,0_2,5,0.07983543143200167,0.8174735053777695,0.9414269692541382,0.9949100102681608,0.10426812277456288
00829-QaLdnwvtxbs,belief,72,canal,0_4_89,0_4,1,0.00039472309335335666,0.9741504868424059,0.9130065368218215,0.9894103837899656,0.0004485554448942717
00829-QaLdnwvtxbs,belief,72,canal,0_2_165,0_2,2,0.00021039244401221063,0.9699197729809437,0.9602325145987616,0.9720523142670042,0.00023239580237587653
00829-QaLdnwvtxbs,belief,72,canal,0_1_43,0_1,3,0.00020686819903265334,0.9263140429280267,0.9817682153820861,0.974780379492114,0.00023335641205418412
00829-QaLdnwvtxbs,belief,72,canal,0_2_87,0_2,4,0.00017048486861927174,0.9668858289438285,0.9156384507356652,0.9970539333097376,0.0001931381073279253
00829-QaLdnwvtxbs,belief,72,canal,0_1_69,0_1,5,0.00017033774563683128,0.835577734708786,0.970699057137362,0.9951126082079284,0.00021104117664174783
00829-QaLdnwvtxbs,belief,73,candelabra,0_1_46,0_1,1,0.0002657973850765976,0.9788464481024077,0.9253195625681674,0.9981170044433122,0.00029401056480703484
00829-QaLdnwvtxbs,belief,73,candelabra,0_0_41,0_0,2,5.827299062844438e-05,0.9740891563366233,0.9193260969297246,0.9971433836617523,6.525914774274315e-05
00829-QaLdnwvtxbs,belief,73,candelabra,0_3_342,0_3,3,5.530698302590203e-05,0.969762212668559,0.9604775740539282,0.9881189215028591,6.0092222439037614e-05
00829-QaLdnwvtxbs,belief,73,candelabra,0_1_76,0_1,4,4.4804451805707437e-05,0.9638035128666803,0.950586876729289,0.923645615490136,5.294628288948836e-05
00829-QaLdnwvtxbs,belief,73,candelabra,0_1_61,0_1,5,3.9820556084021625e-05,0.8905994461079438,0.8994019547540675,0.9450428124209881,5.260409935027432e-05
00829-QaLdnwvtxbs,belief,74,candle,0_1_48,0_1,1,0.00916333973539641,0.9371238040617654,0.9170594549230693,0.9820927562097542,0.010856924515980729
00829-QaLdnwvtxbs,belief,74,candle,0_1_46,0_1,2,0.008131988035858401,0.9788464481024077,0.9253195625681674,0.9981170044433122,0.008995161463826179
00829-QaLdnwvtxbs,belief,74,candle,0_0_42,0_0,3,0.0053130864500504455,0.9088749441007773,0.9159458384752543,0.9953918737319781,0.006411783754425581
00829-QaLdnwvtxbs,belief,74,candle,0_1_69,0_1,4,0.0029134801234286835,0.835577734708786,0.970699057137362,0.9951126082079284,0.0036096771803100875
00829-QaLdnwvtxbs,belief,74,candle,0_3_349,0_3,5,0.0027891562637269614,0.9912756721021152,0.9384783206953182,0.9755531565625148,0.003073287683562252
00829-QaLdnwvtxbs,belief,75,candle holder,0_1_46,0_1,1,0.012446424691025101,0.9788464481024077,0.9253195625681674,0.9981170044433122,0.013767555885404788
00829-QaLdnwvtxbs,belief,75,candle holder,0_0_41,0_0,2,0.0024871275912718084,0.9740891563366233,0.9193260969297246,0.9971433836617523,0.0027853011349418142
00829-QaLdnwvtxbs,belief,75,candle holder,0_0_42,0_0,3,0.0020123269158181236,0.9088749441007773,0.9159458384752543,0.9953918737319781,0.002428457573340158
00829-QaLdnwvtxbs,belief,75,candle holder,0_0_21,0_0,4,0.0010869160791787355,0.9143228871071781,0.9488101997950833,0.9960265922869888,0.001257900078282629
00829-QaLdnwvtxbs,belief,75,candle holder,0_3_213,0_3,5,0.0008062406969024973,0.9785065565059805,0.9341100228973911,0.9912791734333682,0.0008898298339052072
00829-QaLdnwvtxbs,belief,76,candle stand,0_1_46,0_1,1,0.033969502655458464,0.9788464481024077,0.9253195625681674,0.9981170044433122,0.037575210377134606
00829-QaLdnwvtxbs,belief,76,candle stand,0_3_349,0_3,2,0.0066191315761975865,0.9912756721021152,0.9384783206953182,0.9755531565625148,0.007293422678951568
00829-QaLdnwvtxbs,belief,76,candle stand,0_0_41,0_0,3,0.002821292314893612,0.9740891563366233,0.9193260969297246,0.9971433836617523,0.0031595277677963765
00829-QaLdnwvtxbs,belief,76,candle stand,0_0_42,0_0,4,0.002364428101490123,0.9088749441007773,0.9159458384752543,0.9953918737319781,0.002853370038708433
00829-QaLdnwvtxbs,belief,76,candle stand,0_3_342,0_3,5,0.001743688363759459,0.969762212668559,0.9604775740539282,0.9881189215028591,0.001894554779282069
00829-QaLdnwvtxbs,belief,77,candlestick,0_1_46,0_1,1,0.0015212631561304154,0.9788464481024077,0.9253195625681674,0.9981170044433122,0.0016827382994198462
00829-QaLdnwvtxbs,belief,77,candlestick,0_1_20,0_1,2,0.000423131137488536,0.9429041976052321,0.9577240798783183,0.9584469845375457,0.0004888762214848716
00829-QaLdnwvtxbs,belief,77,candlestick,0_3_197,0_3,3,0.0003572657126220833,0.9163067116456873,0.9154687770375345,0.9558738336589385,0.00044556016948862936
00829-QaLdnwvtxbs,belief,77,candlestick,0_0_75,0_0,4,0.00033453602189749426,0.9711026629510843,0.91942287731796,0.9967338657165301,0.00037590943218271297
00829-QaLdnwvtxbs,belief,77,candlestick,0_3_349,0_3,5,0.00030766022825248497,0.9912756721021152,0.9384783206953182,0.9755531565625148,0.0003390015835637934
00829-QaLdnwvtxbs,belief,78,canoe,0_3_177,0_3,1,0.02726312782441318,0.9766247625057128,0.9179685651540588,0.9893945082369284,0.030736233239404574
00829-QaLdnwvtxbs,belief,78,canoe,0_2_161,0_2,2,0.022401606609743514,0.9163165887196858,0.8836883189233198,0.9834626365607408,0.028130447317173363
00829-QaLdnwvtxbs,belief,78,canoe,0_2_178,0_2,3,0.012418004194672096,0.9830488621452709,0.9638973514160047,0.9822477923093185,0.013342120204682386
00829-QaLdnwvtxbs,belief,78,canoe,0_1_20,0_1,4,0.006722306523952595,0.9429041976052321,0.9577240798783183,0.9584469845375457,0.007766802113876777
00829-QaLdnwvtxbs,belief,78,canoe,0_4_97,0_4,5,0.006055022506293945,0.9818021404441597,0.9427310769671773,0.9892209815654808,0.006613184575699398
00829-QaLdnwvtxbs,belief,79,canopy,0_4_82,0_4,1,0.046203701241042276,0.9921106015443804,0.9635382904444146,0.9835741109117667,0.049140617512348855
00829-QaLdnwvtxbs,belief,79,canopy,0_4_83,0_4,2,0.03308784376869777,0.9789907316329346,0.9578645280400937,0.9881564908472473,0.0357075512252025
00829-QaLdnwvtxbs,belief,79,canopy,0_3_91,0_3,3,0.027622539014245745,0.9806674998208044,0.8962061145693498,0.9929803270647616,0.03165142489488218
00829-QaLdnwvtxbs,belief,79,canopy,0_0_61,0_0,4,0.027410091653323716,0.9729683849564118,0.9570400328180405,0.979879381705441,0.030040629899698062
00829-QaLdnwvtxbs,belief,79,canopy,0_3_197,0_3,5,0.02698361408015958,0.9163067116456873,0.9154687770375345,0.9558738336589385,0.03365233001155486
00829-QaLdnwvtxbs,belief,80,car,0_3_177,0_3,1,0.0180468710409191,0.9766247625057128,0.9179685651540588,0.9893945082369284,0.0203458987218054
00829-QaLdnwvtxbs,belief,80,car,0_3_83,0_3,2,0.012165610052117113,0.9828181131851393,0.9219149879587536,0.9601051810237284,0.013984632274374395
00829-QaLdnwvtxbs,belief,80,car,0_1_43,0_1,3,0.010985727254700057,0.9263140429280267,0.9817682153820861,0.974780379492114,0.012392382724606282
00829-QaLdnwvtxbs,belief,80,car,0_0_29,0_0,4,0.007095913780835995,0.9745103120803833,0.9449438616336413,0.9837028875686332,0.007833429450619834
00829-QaLdnwvtxbs,belief,80,car,0_3_356,0_3,5,0.0045914660215447935,0.8940404359002908,0.9397820465713154,0.9671706914338879,0.005650201571241711
00829-QaLdnwvtxbs,belief,81,card,0_3_351,0_3,1,0.12123451360059953,0.9474742531776427,0.9589728395221819,0.999023676111871,0.13356011038657153
00829-QaLdnwvtxbs,belief,81,card,0_3_160,0_3,2,0.08125408489766456,0.9780740607453371,0.9179881968740915,0.9967716682331297,0.09079055684032178
00829-QaLdnwvtxbs,belief,81,card,0_2_20,0_2,3,0.07506791335132865,0.9755778701544404,0.9368738556709146,0.9995203518216199,0.08217120250403016
00829-QaLdnwvtxbs,belief,81,card,0_3_264,0_3,4,0.06915032585545228,0.969160783895309,0.9570286313111998,0.9992513577235089,0.07461028873890309
00829-QaLdnwvtxbs,belief,81,card,0_3_236,0_3,5,0.06070904519397168,0.9539990626963567,0.9162303438769974,0.9992321659234693,0.06950793366733116
00829-QaLdnwvtxbs,belief,82,cardboard,0_3_114,0_3,1,0.9272367365886183,0.9896454953057856,0.9516597846466244,0.9992582603394143,0.9852615015903499
00829-QaLdnwvtxbs,belief,82,cardboard,0_3_322,0_3,2,0.9098342338664493,0.9674685781497897,0.949968227003515,0.9997743144218956,0.9901804562485026
00829-QaLdnwvtxbs,belief,82,cardboard,0_1_81,0_1,3,0.86738400701862,0.9535334305720383,0.9719539361229682,0.9980643781143542,0.9377158310473636
00829-QaLdnwvtxbs,belief,82,cardboard,0_1_91,0_1,4,0.8627240539846706,0.9790360751251379,0.9459157384264789,0.9989015151074678,0.9326057501559141
00829-QaLdnwvtxbs,belief,82,cardboard,0_2_27,0_2,5,0.8607091150314217,0.9729399105801456,0.9565482108683512,0.9994713924992565,0.9253225622112499
00829-QaLdnwvtxbs,belief,83,cart,0_3_145,0_3,1,0.13279298226648278,0.9842710214791858,0.9367794637484924,0.9975332017347288,0.1443762323872104
00829-QaLdnwvtxbs,belief,83,cart,0_2_61,0_2,2,0.01798398744518999,0.9853296402427886,0.9425637664070419,0.9831661303264686,0.019695490172171506
00829-QaLdnwvtxbs,belief,83,cart,0_1_43,0_1,3,0.0151273298665245,0.9263140429280267,0.9817682153820861,0.974780379492114,0.017064292327768807
00829-QaLdnwvtxbs,belief,83,cart,0_3_84,0_3,4,0.0085961061565181,0.991945722962777,0.9280513961817156,0.994164705684942,0.009392549477882484
00829-QaLdnwvtxbs,belief,83,cart,0_2_94,0_2,5,0.008187095302293501,0.9484766418496883,0.9349615689607003,0.9978721796107609,0.00925197671860454
00829-QaLdnwvtxbs,belief,84,cash register,0_0_29,0_0,1,0.051406811570834474,0.9745103120803833,0.9449438616336413,0.9837028875686332,0.05674979208583291
00829-QaLdnwvtxbs,belief,84,cash register,0_3_145,0_3,2,0.003060957681357522,0.9842710214791858,0.9367794637484924,0.9975332017347288,0.0033279585260329995
00829-QaLdnwvtxbs,belief,84,cash register,0_3_354,0_3,3,0.0013539959360116373,0.9296148958705142,0.9561143869220221,0.9975009210394719,0.0015271831657832074
00829-QaLdnwvtxbs,belief,84,cash register,0_2_61,0_2,4,0.0004417509856189328,0.9853296402427886,0.9425637664070419,0.9831661303264686,0.0004837916075242707
00829-QaLdnwvtxbs,belief,84,cash register,0_2_71,0_2,5,0.00019781198251300766,0.9601071541173409,0.8761167328879654,0.9975666810619327,0.0002357376661473142
00829-QaLdnwvtxbs,belief,85,casket,0_2_66,0_2,1,0.13275393117816614,0.970324709402946,0.9290128585169263,0.9912809958219424,0.14856338775408104
00829-QaLdnwvtxbs,belief,85,casket,0_4_97,0_4,2,0.10425265748686072,0.9818021404441597,0.9427310769671773,0.9892209815654808,0.1138628412613055
00829-QaLdnwvtxbs,belief,85,casket,0_0_29,0_0,3,0.011560997814045548,0.9745103120803833,0.9449438616336413,0.9837028875686332,0.012762593170125364
00829-QaLdnwvtxbs,belief,85,casket,0_3_317,0_3,4,0.00959688561054714,0.9867826312307327,0.9518020503584972,0.9996536842683158,0.010221452497061
00829-QaLdnwvtxbs,belief,85,casket,0_3_130,0_3,5,0.006803646437005892,0.9321132361456153,0.9497109910664981,0.9997450204802159,0.007687627785460899
00829-QaLdnwvtxbs,belief,86,cassette,0_3_84,0_3,1,0.031596160935599596,0.991945722962777,0.9280513961817156,0.994164705684942,0.034523597021161576
00829-QaLdnwvtxbs,belief,86,cassette,0_1_36,0_1,2,0.02031850872260449,0.9277219270759537,0.9466394087122434,0.9941348609605608,0.023272558182743285
00829-QaLdnwvtxbs,belief,86,cassette,0_3_354,0_3,3,0.017711515521028256,0.9296148958705142,0.9561143869220221,0.9975009210394719,0.019976964202638395
00829-QaLdnwvtxbs,belief,86,cassette,0_4_97,0_4,4,0.014610293665074452,0.9818021404441597,0.9427310769671773,0.9892209815654808,0.01595709489302078
00829-QaLdnwvtxbs,belief,86,cassette,0_1_43,0_1,5,0.01450669670742159,0.9263140429280267,0.9817682153820861,0.974780379492114,0.01636419087241052
00829-QaLdnwvtxbs,belief,87,cat,0_1_41,0_1,1,0.7902204555798267,0.9865453100616561,0.8833263928428547,0.9908809363365398,0.9151421344255986
00829-QaLdnwvtxbs,belief,87,cat,0_1_21,0_1,2,0.7281429327628276,0.9359685281507013,0.9168693918465103,0.9973080433122186,0.8507825944012699
00829-QaLdnwvtxbs,belief,87,cat,0_1_68,0_1,3,0.6809266004501388,0.938170738473083,0.9668815624429336,0.9988075715237827,0.7515594024925787
00829-QaLdnwvtxbs,belief,87,cat,0_3_184,0_3,4,0.6719815657091142,0.9482668662508598,0.9169017035975866,0.9958380150035772,0.7760957456316279
00829-QaLdnwvtxbs,belief,87,cat,0_3_344,0_3,5,0.600764979475355,0.6533623894327689,0.9361408861489371,0.999510026724204,0.9827026082345256
00829-QaLdnwvtxbs,belief,88,cat food,0_2_79,0_2,1,0.004762912656335643,0.9708657863340816,0.9319677390333537,0.991840751321489,0.005307262805948208
00829-QaLdnwvtxbs,belief,88,cat food,0_1_43,0_1,2,0.0015405290925132533,0.9263140429280267,0.9817682153820861,0.974780379492114,0.0017377844607098676
00829-QaLdnwvtxbs,belief,88,cat food,0_3_101,0_3,3,0.0014070063728521174,0.9791525103858175,0.975724896192237,0.6132452325871574,0.0024015086526510414
00829-QaLdnwvtxbs,belief,88,cat food,0_3_73,0_3,4,0.0013544407351251952,0.9854319304914134,0.941852970572902,0.5402934593739244,0.002700974937702744
00829-QaLdnwvtxbs,belief,88,cat food,0_1_20,0_1,5,0.0006012300264551201,0.9429041976052321,0.9577240798783183,0.9584469845375457,0.0006946476813812644
00829-QaLdnwvtxbs,belief,89,cat litter box,0_1_27,0_1,1,0.007471318021120256,0.9907016027154345,0.9234537652769075,0.9813864699294722,0.00832145242515693
00829-QaLdnwvtxbs,belief,89,cat litter box,0_2_79,0_2,2,0.007430687550988834,0.9708657863340816,0.9319677390333537,0.991840751321489,0.008279935935740224
00829-QaLdnwvtxbs,belief,89,cat litter box,0_3_222,0_3,3,0.007295385714890048,0.960038078952136,0.9443246401611358,0.997694333297128,0.008065679705937016
00829-QaLdnwvtxbs,belief,89,cat litter box,0_3_2,0_3,4,0.005339811024828855,0.96202025747023,0.9306575012087376,0.997128376461631,0.0059813706133750736
00829-QaLdnwvtxbs,belief,89,cat litter box,0_3_358,0_3,5,0.004820369549076208,0.9418212159150311,0.9693513482622604,0.9866839888761696,0.005351217033820805
00829-QaLdnwvtxbs,belief,90,cat tree,0_3_181,0_3,1,0.0022915479527932836,0.991125818989127,0.944265522718858,0.9927403653319358,0.0024664388139687336
00829-QaLdnwvtxbs,belief,90,cat tree,0_1_68,0_1,2,0.0019432128574083482,0.938170738473083,0.9668815624429336,0.9988075715237827,0.002144783142653356
00829-QaLdnwvtxbs,belief,90,cat tree,0_1_43,0_1,3,0.001604975268611257,0.9263140429280267,0.9817682153820861,0.974780379492114,0.001810482577168398
00829-QaLdnwvtxbs,belief,90,cat tree,0_0_94,0_0,4,0.00136699972646879,0.9823037058603018,0.9109566781751397,0.9982424825589749,0.0015303433224677645
00829-QaLdnwvtxbs,belief,90,cat tree,0_3_175,0_3,5,0.0012931201420526173,0.974818104188439,0.9217970902764612,0.994887370058311,0.001446458705823212
00829-QaLdnwvtxbs,belief,91,cd,0_1_36,0_1,1,0.01032017221880312,0.9277219270759537,0.9466394087122434,0.9941348609605608,0.011820592332685717
00829-QaLdnwvtxbs,belief,91,cd,0_4_82,0_4,2,0.009529321662689534,0.9921106015443804,0.9635382904444146,0.9835741109117667,0.010135048457165617
00829-QaLdnwvtxbs,belief,91,cd,0_2_79,0_2,3,0.005945580925333354,0.9708657863340816,0.9319677390333537,0.991840751321489,0.006625097452249641
00829-QaLdnwvtxbs,belief,91,cd,0_4_100,0_4,4,0.004912674485510187,0.9845428940661991,0.9292253720092198,0.9925254914494402,0.0054102909076109386
00829-QaLdnwvtxbs,belief,91,cd,0_0_29,0_0,5,0.004069958135862931,0.9745103120803833,0.9449438616336413,0.9837028875686332,0.004492970307835728
00829-QaLdnwvtxbs,belief,92,ceiling arch,0_4_30,0_4,1,0.6704588526257983,0.9460541958610217,0.8905464801067532,0.9959466278246955,0.7990306825161364
00829-QaLdnwvtxbs,belief,92,ceiling arch,0_1_67,0_1,2,0.3118391130071976,0.9311357520891245,0.9173180930434834,0.9959747499738653,0.36656356568370735
00829-QaLdnwvtxbs,belief,92,ceiling arch,0_3_26,0_3,3,0.2869832424245658,0.962945340890564,0.9486373394611727,0.9969848698883791,0.31511285410654016
00829-QaLdnwvtxbs,belief,92,ceiling arch,0_3_91,0_3,4,0.28301783178783263,0.9806674998208044,0.8962061145693498,0.9929803270647616,0.32429740228170645
00829-QaLdnwvtxbs,belief,92,ceiling arch,0_3_0,0_3,5,0.27506948927752856,0.9913569805264804,0.932712088171641,0.9964477858047073,0.29854527376337175
00829-QaLdnwvtxbs,belief,93,ceiling chassis,0_2_124,0_2,1,0.8089497933290339,0.9716830059101709,0.9485424256756545,0.9980199076278118,0.8794294324858418
00829-QaLdnwvtxbs,belief,93,ceiling chassis,0_3_1,0_3,2,0.7607702313879479,0.9731469054880941,0.9337441628915149,0.9958055123632535,0.840761233320816
00829-QaLdnwvtxbs,belief,93,ceiling chassis,0_3_144,0_3,3,0.7520140990181489,0.979635558560739,0.9288948862208719,0.9937326692069487,0.8316207226872758
00829-QaLdnwvtxbs,belief,93,ceiling chassis,0_3_122,0_3,4,0.746731307956358,0.9920132237991041,0.956981651669863,0.9954066830159862,0.7902103897030804
00829-QaLdnwvtxbs,belief,93,ceiling chassis,0_2_75,0_2,5,0.7336113312033479,0.9417343320972148,0.9163582682539916,0.9961752312442708,0.8533684553063327
00829-QaLdnwvtxbs,belief,94,ceiling ladder,0_4_83,0_4,1,0.18300148156099447,0.9789907316329346,0.9578645280400937,0.9881564908472473,0.19749049901248183
00829-QaLdnwvtxbs,belief,94,ceiling ladder,0_4_22,0_4,2,0.117613919811316,0.9261379136393467,0.907570705970522,0.998101660847278,0.14019347895291423
00829-QaLdnwvtxbs,belief,94,ceiling ladder,0_4_35,0_4,3,0.11711136939443559,0.9289367587313717,0.9085533132636621,0.9894260921831448,0.1402423353800369
00829-QaLdnwvtxbs,belief,94,ceiling ladder,0_1_38,0_1,4,0.08958618550827176,0.8996334107147632,0.9107840990239411,0.9959668403347166,0.10977795848712467
00829-QaLdnwvtxbs,belief,94,ceiling ladder,0_1_55,0_1,5,0.08817728423625394,0.9768177385256933,0.9229329524646186,0.9978520712956364,0.09801823225934335
00829-QaLdnwvtxbs,belief,95,ceramics,0_3_101,0_3,1,0.13755248582608592,0.9791525103858175,0.975724896192237,0.6132452325871574,0.23477753283760325
00829-QaLdnwvtxbs,belief,95,ceramics,0_3_73,0_3,2,0.09941446085748062,0.9854319304914134,0.941852970572902,0.5402934593739244,0.19824859091857264
00829-QaLdnwvtxbs,belief,95,ceramics,0_3_11,0_3,3,0.0947010698868114,0.8894486994548881,0.9071771840028413,0.8797349768554308,0.13341049726658658
00829-QaLdnwvtxbs,belief,95,ceramics,0_0_29,0_0,4,0.01391697128754771,0.9745103120803833,0.9449438616336413,0.9837028875686332,0.015363435367793197
00829-QaLdnwvtxbs,belief,95,ceramics,0_3_213,0_3,5,0.010996698211540997,0.9785065565059805,0.9341100228973911,0.9912791734333682,0.012136809988226863
00829-QaLdnwvtxbs,belief,96,chain,0_1_43,0_1,1,0.0023649557187055367,0.9263140429280267,0.9817682153820861,0.974780379492114,0.0026677738954793946
00829-QaLdnwvtxbs,belief,96,chain,0_0_42,0_0,2,0.001417990148087928,0.9088749441007773,0.9159458384752543,0.9953918737319781,0.0017112174403560436
00829-QaLdnwvtxbs,belief,96,chain,0_2_178,0_2,3,0.0013099741817598062,0.9830488621452709,0.9638973514160047,0.9822477923093185,0.00140745909923018
00829-QaLdnwvtxbs,belief,96,chain,0_0_41,0_0,4,0.0010647816904161788,0.9740891563366233,0.9193260969297246,0.9971433836617523,0.0011924348638924862
00829-QaLdnwvtxbs,belief,96,chain,0_0_52,0_0,5,0.0010503612702611434,0.933646003405253,0.8912960839978241,0.9935658633738268,0.001270392137108641
00829-QaLdnwvtxbs,belief,97,chair,0_3_342,0_3,1,0.5086393995617459,0.969762212668559,0.9604775740539282,0.9881189215028591,0.5526476091709481
00829-QaLdnwvtxbs,belief,97,chair,0_3_17,0_3,2,0.02471231356437606,0.9790611097877775,0.9196359163644019,0.996402770163139,0.027545632906362652
00829-QaLdnwvtxbs,belief,97,chair,0_1_42,0_1,3,0.006581832589884827,0.8610755614885667,0.9334460238814246,0.9458351438482929,0.008657667673046807
00829-QaLdnwvtxbs,belief,97,chair,0_3_94,0_3,4,0.005572867148796302,0.9057604646488226,0.9294885230117531,0.9958992379815265,0.006646697257072647
00829-QaLdnwvtxbs,belief,97,chair,0_3_178,0_3,5,0.0030296705660002874,0.9661044829609429,0.9416571752927059,0.9973680411358126,0.0033390509227194556
00829-QaLdnwvtxbs,belief,98,chair stand,0_3_342,0_3,1,0.4553602208295904,0.969762212668559,0.9604775740539282,0.9881189215028591,0.4947586395585126
00829-QaLdnwvtxbs,belief,98,chair stand,0_3_17,0_3,2,0.020336985634540606,0.9790611097877775,0.9196359163644019,0.996402770163139,0.02266866431796064
00829-QaLdnwvtxbs,belief,98,chair stand,0_0_95,0_0,3,0.007441119752460611,0.6515540605830769,0.8815192841430087,0.9877028660350318,0.013116854670893309
00829-QaLdnwvtxbs,belief,98,chair stand,0_3_219,0_3,4,0.003925453832232769,0.9805473042953581,0.9294563411150665,0.999334656470586,0.004310040790460237
00829-QaLdnwvtxbs,belief,98,chair stand,0_3_214,0_3,5,0.0029840042063656053,0.980349579623767,0.9265913540702199,0.9993954649021487,0.0032869480956515167
00829-QaLdnwvtxbs,belief,99,chassis,0_3_117,0_3,1,0.005471231405241333,0.9709534859178668,0.9097389018378834,0.9726812811172267,0.006367945443671635
00829-QaLdnwvtxbs,belief,99,chassis,0_3_84,0_3,2,0.005448181348944906,0.991945722962777,0.9280513961817156,0.994164705684942,0.005952964278557629
00829-QaLdnwvtxbs,belief,99,chassis,0_0_54,0_0,3,0.001271121319897383,0.9408899384179684,0.9741373938527673,0.9946827710917204,0.0013942587166012857
00829-QaLdnwvtxbs,belief,99,chassis,0_2_61,0_2,4,0.0012396726998111227,0.9853296402427886,0.9425637664070419,0.9831661303264686,0.0013576500512053901
00829-QaLdnwvtxbs,belief,99,chassis,0_0_29,0_0,5,0.001071038655530717,0.9745103120803833,0.9449438616336413,0.9837028875686332,0.0011823573405930173
00829-QaLdnwvtxbs,belief,100,chest,0_1_53,0_1,1,0.563487863940751,0.9749215862194056,0.9501554997037894,0.996800738676546,0.6102556975891216
00829-QaLdnwvtxbs,belief,100,chest,0_2_79,0_2,2,0.4870262861162971,0.9708657863340816,0.9319677390333537,0.991840751321489,0.5426881994961287
00829-QaLdnwvtxbs,belief,100,chest,0_3_158,0_3,3,0.46977355278888894,0.9690150309476715,0.9287288960778852,0.9994624758576812,0.5222790409279567
00829-QaLdnwvtxbs,belief,100,chest,0_4_97,0_4,4,0.4053479945057172,0.9818021404441597,0.9427310769671773,0.9892209815654808,0.442713648424837
00829-QaLdnwvtxbs,belief,100,chest,0_3_311,0_3,5,0.37358387625433676,0.9098843015518259,0.9711732099300683,0.9997921007123599,0.4228589791402589
00829-QaLdnwvtxbs,belief,101,child car seat,0_1_42,0_1,1,2.12430829490551e-05,0.8610755614885667,0.9334460238814246,0.9458351438482929,2.794290951832071e-05
00829-QaLdnwvtxbs,belief,101,child car seat,0_1_39,0_1,2,1.4021444576111309e-05,0.9600164740116974,0.932250724706009,0.967879267294302,1.6186768564818067e-05
00829-QaLdnwvtxbs,belief,101,child car seat,0_3_342,0_3,3,1.1843428362107772e-05,0.969762212668559,0.9604775740539282,0.9881189215028591,1.28681387528095e-05
00829-QaLdnwvtxbs,belief,101,child car seat,0_2_79,0_2,4,1.0082382954951891e-05,0.9708657863340816,0.9319677390333537,0.991840751321489,1.1234691860444546e-05
00829-QaLdnwvtxbs,belief,101,child car seat,0_0_29,0_0,5,7.595045749288556e-06,0.9745103120803833,0.9449438616336413,0.9837028875686332,8.38443883181915e-06
00829-QaLdnwvtxbs,belief,102,christmas tree,0_1_20,0_1,1,1.5767929799273498e-06,0.9429041976052321,0.9577240798783183,0.9584469845375457,1.8217912268667271e-06
00829-QaLdnwvtxbs,belief,102,christmas tree,0_3_277,0_3,2,1.1198252608983765e-06,0.9584286383279857,0.8930122431747622,0.7984749493913051,1.6385955429618199e-06
00829-QaLdnwvtxbs,belief,102,christmas tree,0_1_69,0_1,3,7.768730999904095e-07,0.835577734708786,0.970699057137362,0.9951126082079284,9.625125218743511e-07
00829-QaLdnwvtxbs,belief,102,christmas tree,0_1_43,0_1,4,6.915247222555552e-07,0.9263140429280267,0.9817682153820861,0.974780379492114,7.800702514302388e-07
00829-QaLdnwvtxbs,belief,102,christmas tree,0_0_75,0_0,5,6.676975736782489e-07,0.9711026629510843,0.91942287731796,0.9967338657165301,7.502744080219652e-07
00829-QaLdnwvtxbs,belief,103,clarinet,0_3_177,0_3,1,0.003079092234909564,0.9766247625057128,0.9179685651540588,0.9893945082369284,0.0034713440698126096
00829-QaLdnwvtxbs,belief,103,clarinet,0_1_20,0_1,2,0.0027350127725607925,0.9429041976052321,0.9577240798783183,0.9584469845375457,0.0031599723856262146
00829-QaLdnwvtxbs,belief,103,clarinet,0_0_75,0_0,3,0.002004704770254913,0.9711026629510843,0.91942287731796,0.9967338657165301,0.002252634641872463
00829-QaLdnwvtxbs,belief,103,clarinet,0_3_232,0_3,4,0.0019011350477043944,0.9787614851103609,0.9166039476591347,0.9123763361142812,0.002322631763219391
00829-QaLdnwvtxbs,belief,103,clarinet,0_3_83,0_3,5,0.0017870504295237398,0.9828181131851393,0.9219149879587536,0.9601051810237284,0.002054253178064279
00829-QaLdnwvtxbs,belief,104,cleaner,0_2_132,0_2,1,0.005773376850714418,0.8174735053777695,0.9414269692541382,0.9949100102681608,0.007540250681889714
00829-QaLdnwvtxbs,belief,104,cleaner,0_2_80,0_2,2,0.0033592244463297046,0.9724949253906023,0.9432373428086318,0.996184532950654,0.00367613031043255
00829-QaLdnwvtxbs,belief,104,cleaner,0_1_43,0_1,3,0.0030212005435692555,0.9263140429280267,0.9817682153820861,0.974780379492114,0.0034080468735177036
00829-QaLdnwvtxbs,belief,104,cleaner,0_1_20,0_1,4,0.0028847551425927823,0.9429041976052321,0.9577240798783183,0.9584469845375457,0.0033329813598462032
00829-QaLdnwvtxbs,belief,104,cleaner,0_3_145,0_3,5,0.001848035698690713,0.9842710214791858,0.9367794637484924,0.9975332017347288,0.00200923593205102
00829-QaLdnwvtxbs,belief,105,clock,0_0_91,0_0,1,0.001792860795223387,0.9840268381742269,0.9554506060675896,0.9977198907046748,0.0019112731393398149
00829-QaLdnwvtxbs,belief,105,clock,0_0_29,0_0,2,0.0010334212134953122,0.9745103120803833,0.9449438616336413,0.9837028875686332,0.0011408301198011087
00829-QaLdnwvtxbs,belief,105,clock,0_1_43,0_1,3,0.000698492817128952,0.9263140429280267,0.9817682153820861,0.974780379492114,0.0007879305684152208
00829-QaLdnwvtxbs,belief,105,clock,0_2_71,0_2,4,0.0006305656803031937,0.9601071541173409,0.8761167328879654,0.9975666810619327,0.0007514614632482821
00829-QaLdnwvtxbs,belief,105,clock,0_0_75,0_0,5,0.0005493668889142174,0.9711026629510843,0.91942287731796,0.9967338657165301,0.0006173092933322582
00829-QaLdnwvtxbs,belief,106,closet door,0_2_40,0_2,1,0.7835604107504827,0.9874373240541313,0.9241822067642254,0.999269702857172,0.8592560986186205
00829-QaLdnwvtxbs,belief,106,closet door,0_3_43,0_3,2,0.7641034851151317,0.9741379182387817,0.9326972529469365,0.9996043693235758,0.8413232455832159
00829-QaLdnwvtxbs,belief,106,closet door,0_2_172,0_2,3,0.7453097394890502,0.9259756048626536,0.9068502735084945,0.9995907083760437,0.887931478111528
00829-QaLdnwvtxbs,belief,106,closet door,0_3_297,0_3,4,0.7288427094171905,0.9303695947950723,0.9401604464168294,0.9996832834624493,0.833515919797843
00829-QaLdnwvtxbs,belief,106,closet door,0_3_289,0_3,5,0.7263905463570337,0.962914947952543,0.9709430260405164,0.9996319302870483,0.7772279110902022
00829-QaLdnwvtxbs,belief,107,cloth,0_1_78,0_1,1,0.3315083296211809,0.9349828690842372,0.926000425910207,0.9691360382987141,0.39508893007950574
00829-QaLdnwvtxbs,belief,107,cloth,0_1_77,0_1,2,0.32552905346415567,0.9764120237661057,0.9098239419454992,0.9710054280513156,0.3773789031589495
00829-QaLdnwvtxbs,belief,107,cloth,0_1_13,0_1,3,0.27413347454366555,0.952490770395311,0.9238164421163115,0.9763743075649506,0.3190797654897296
00829-QaLdnwvtxbs,belief,107,cloth,0_2_92,0_2,4,0.20121701345458323,0.9483009825821102,0.9283667601600114,0.9676517871722266,0.23619995624240653
00829-QaLdnwvtxbs,belief,107,cloth,0_3_312,0_3,5,0.10850428289723732,0.9547335578447316,0.9323015744678502,0.986581407358742,0.12355927429913004
00829-QaLdnwvtxbs,belief,108,cloth holder,0_1_13,0_1,1,0.5850042840757829,0.952490770395311,0.9238164421163115,0.9763743075649506,0.6809202345102704
00829-QaLdnwvtxbs,belief,108,cloth holder,0_1_77,0_1,2,0.5370762769855038,0.9764120237661057,0.9098239419454992,0.9710054280513156,0.6226210968410505
00829-QaLdnwvtxbs,belief,108,cloth holder,0_1_78,0_1,3,0.5075643560004329,0.9349828690842372,0.926000425910207,0.9691360382987141,0.6049110699204943
00829-QaLdnwvtxbs,belief,108,cloth holder,0_1_72,0_1,4,0.1666275918444426,0.9600074216906627,0.9425017847099878,0.9961721119116548,0.18486545611091368
00829-QaLdnwvtxbs,belief,108,cloth holder,0_1_101,0_1,5,0.125104651555745,0.9660942745586957,0.9612005535217978,0.9977737116033898,0.13502303936192253
00829-QaLdnwvtxbs,belief,109,clothes,0_1_13,0_1,1,0.0330375940720347,0.952490770395311,0.9238164421163115,0.9763743075649506,0.03845436164407781
00829-QaLdnwvtxbs,belief,109,clothes,0_1_77,0_1,2,0.01294865595662128,0.9764120237661057,0.9098239419454992,0.9710054280513156,0.015011101252842243
00829-QaLdnwvtxbs,belief,109,clothes,0_1_78,0_1,3,0.007778450913610792,0.9349828690842372,0.926000425910207,0.9691360382987141,0.009270294513100793
00829-QaLdnwvtxbs,belief,109,clothes,0_1_43,0_1,4,0.0009687631840545086,0.9263140429280267,0.9817682153820861,0.974780379492114,0.0010928074098303698
00829-QaLdnwvtxbs,belief,109,clothes,0_1_21,0_1,5,0.0005026818577674375,0.9359685281507013,0.9168693918465103,0.9973080433122186,0.0005873475603026051
00829-QaLdnwvtxbs,belief,110,clothes container,0_2_158,0_2,1,0.11104050975075018,0.9637888079243048,0.9288763315469857,0.9994802560258006,0.12409876280489143
00829-QaLdnwvtxbs,belief,110,clothes container,0_2_79,0_2,2,0.06946256459790778,0.9708657863340816,0.9319677390333537,0.991840751321489,0.07740139534279787
00829-QaLdnwvtxbs,belief,110,clothes container,0_4_97,0_4,3,0.0684571714790217,0.9818021404441597,0.9427310769671773,0.9892209815654808,0.07476766767596511
00829-QaLdnwvtxbs,belief,110,clothes container,0_2_61,0_2,4,0.014173692422046132,0.9853296402427886,0.9425637664070419,0.9831661303264686,0.015522576439323255
00829-QaLdnwvtxbs,belief,110,clothes container,0_3_222,0_3,5,0.012433022834985725,0.960038078952136,0.9443246401611358,0.997694333297128,0.01374578176982754
00829-QaLdnwvtxbs,belief,111,clothes dryer,0_1_13,0_1,1,0.004117815677564205,0.952490770395311,0.9238164421163115,0.9763743075649506,0.004792963219520392
00829-QaLdnwvtxbs,belief,111,clothes dryer,0_2_61,0_2,2,0.003611288582638531,0.9853296402427886,0.9425637664070419,0.9831661303264686,0.003954968218533526
00829-QaLdnwvtxbs,belief,111,clothes dryer,0_1_77,0_1,3,0.0018232336435903436,0.9764120237661057,0.9098239419454992,0.9710054280513156,0.0021136359575240826
00829-QaLdnwvtxbs,belief,111,clothes dryer,0_2_71,0_2,4,0.0018162047546644582,0.9601071541173409,0.8761167328879654,0.9975666810619327,0.0021644182757336286
00829-QaLdnwvtxbs,belief,111,clothes dryer,0_1_78,0_1,5,0.0014265229064635834,0.9349828690842372,0.926000425910207,0.9691360382987141,0.001700118393684531
00829-QaLdnwvtxbs,belief,112,clothes rack,0_1_13,0_1,1,0.044454481109923526,0.952490770395311,0.9238164421163115,0.9763743075649506,0.051743135095537636
00829-QaLdnwvtxbs,belief,112,clothes rack,0_1_77,0_1,2,0.013330436218003451,0.9764120237661057,0.9098239419454992,0.9710054280513156,0.015453690984096461
00829-QaLdnwvtxbs,belief,112,clothes rack,0_1_78,0_1,3,0.009420274905667962,0.9349828690842372,0.926000425910207,0.9691360382987141,0.011227006988898822
00829-QaLdnwvtxbs,belief,112,clothes rack,0_2_178,0_2,4,0.0008541572484515797,0.9830488621452709,0.9638973514160047,0.9822477923093185,0.0009177214392817862
00829-QaLdnwvtxbs,belief,112,clothes rack,0_1_72,0_1,5,0.0007224209320140232,0.9600074216906627,0.9425017847099878,0.9961721119116548,0.0008014919595400609
00829-QaLdnwvtxbs,belief,113,clutter,0_0_29,0_0,1,0.025348621679821166,0.9745103120803833,0.9449438616336413,0.9837028875686332,0.027983237357759677
00829-QaLdnwvtxbs,belief,113,clutter,0_1_43,0_1,2,0.011844423070820263,0.9263140429280267,0.9817682153820861,0.974780379492114,0.013361029310368462
00829-QaLdnwvtxbs,belief,113,clutter,0_4_97,0_4,3,0.011747701757751255,0.9818021404441597,0.9427310769671773,0.9892209815654808,0.012830624491242115
00829-QaLdnwvtxbs,belief,113,clutter,0_1_20,0_1,4,0.009643848620913711,0.9429041976052321,0.9577240798783183,0.9584469845375457,0.0111422862953264
00829-QaLdnwvtxbs,belief,113,clutter,0_0_91,0_0,5,0.004952620645781124,0.9840268381742269,0.9554506060675896,0.9977198907046748,0.005279724357206354
00829-QaLdnwvtxbs,belief,114,coaster,0_3_145,0_3,1,0.014608494112554835,0.9842710214791858,0.9367794637484924,0.9975332017347288,0.015882762061845475
00829-QaLdnwvtxbs,belief,114,coaster,0_3_94,0_3,2,0.006793579305910946,0.9057604646488226,0.9294885230117531,0.9958992379815265,0.008102627199368443
00829-QaLdnwvtxbs,belief,114,coaster,0_3_78,0_3,3,0.005763080520289199,0.8606472224178199,0.8872451684772089,0.991448377036202,0.007612297743967917
00829-QaLdnwvtxbs,belief,114,coaster,0_3_11,0_3,4,0.0019909672790472542,0.8894486994548881,0.9071771840028413,0.8797349768554308,0.0028047828293457137
00829-QaLdnwvtxbs,belief,114,coaster,0_3_84,0_3,5,0.0015418865713828051,0.991945722962777,0.9280513961817156,0.994164705684942,0.0016847448888255346
00829-QaLdnwvtxbs,belief,115,coffee maker,0_3_145,0_3,1,0.030419297757575292,0.9842710214791858,0.9367794637484924,0.9975332017347288,0.03307270856595517
00829-QaLdnwvtxbs,belief,115,coffee maker,0_2_71,0_2,2,0.002010225362146755,0.9601071541173409,0.8761167328879654,0.9975666810619327,0.0023956376619978207
00829-QaLdnwvtxbs,belief,115,coffee maker,0_0_29,0_0,3,0.0016594487423095782,0.9745103120803833,0.9449438616336413,0.9837028875686332,0.0018319239848867519
00829-QaLdnwvtxbs,belief,115,coffee maker,0_2_132,0_2,4,0.0015523087910948468,0.8174735053777695,0.9414269692541382,0.9949100102681608,0.002027374571799851
00829-QaLdnwvtxbs,belief,115,coffee maker,0_0_75,0_0,5,0.0012935745566125703,0.9711026629510843,0.91942287731796,0.9967338657165301,0.0014535561052711802
00829-QaLdnwvtxbs,belief,116,coffee table,0_3_125,0_3,1,0.03981615463424567,0.9600732823851363,0.9134418360848284,0.9997412822832743,0.045413649732785374
00829-QaLdnwvtxbs,belief,116,coffee table,0_3_199,0_3,2,0.007527405219623804,0.9029479901006001,0.9360979980061563,0.9954826599289708,0.008945972199668853
00829-QaLdnwvtxbs,belief,116,coffee table,0_3_120,0_3,3,0.005906381507880457,0.9740020769779513,0.9488991486023701,0.9983449895966936,0.006401192873698912
00829-QaLdnwvtxbs,belief,116,coffee table,0_3_128,0_3,4,0.005297228436778412,0.987441169029279,0.9634600477478337,0.9972777536088906,0.005583257141168569
00829-QaLdnwvtxbs,belief,116,coffee table,0_3_342,0_3,5,0.0021826213290621773,0.969762212668559,0.9604775740539282,0.9881189215028591,0.0023714648536291797
00829-QaLdnwvtxbs,belief,117,compressor,0_2_61,0_2,1,0.005002848726990685,0.9853296402427886,0.9425637664070419,0.9831661303264686,0.005478960560643609
00829-QaLdnwvtxbs,belief,117,compressor,0_0_29,0_0,2,0.0020211696578692575,0.9745103120803833,0.9449438616336413,0.9837028875686332,0.0022312404591797266
00829-QaLdnwvtxbs,belief,117,compressor,0_2_79,0_2,3,0.0018274999985090413,0.9708657863340816,0.9319677390333537,0.991840751321489,0.002036363769353563
00829-QaLdnwvtxbs,belief,117,compressor,0_3_83,0_3,4,0.0011707389140148585,0.9828181131851393,0.9219149879587536,0.9601051810237284,0.0013457897410536375
00829-QaLdnwvtxbs,belief,117,compressor,0_3_145,0_3,5,0.000817910158394578,0.9842710214791858,0.9367794637484924,0.9975332017347288,0.0008892547263022121
00829-QaLdnwvtxbs,belief,118,computer,0_0_29,0_0,1,0.22543979805189998,0.9745103120803833,0.9449438616336413,0.9837028875686332,0.24887094290391537
00829-QaLdnwvtxbs,belief,118,computer,0_2_61,0_2,2,0.07658554194962212,0.9853296402427886,0.9425637664070419,0.9831661303264686,0.0838740459198133
00829-QaLdnwvtxbs,belief,118,computer,0_1_45,0_1,3,0.05619942452148495,0.8979178752806094,0.9212865160228453,0.998675842566233,0.06802616553814074
00829-QaLdnwvtxbs,belief,118,computer,0_3_145,0_3,4,0.036624793209324796,0.9842710214791858,0.9367794637484924,0.9975332017347288,0.03981949622090565
00829-QaLdnwvtxbs,belief,118,computer,0_1_36,0_1,5,0.03296565419215797,0.9277219270759537,0.9466394087122434,0.9941348609605608,0.03775843570476613
00829-QaLdnwvtxbs,belief,119,computer equipment,0_0_29,0_0,1,0.0007907253565894752,0.9745103120803833,0.9449438616336413,0.9837028875686332,0.0008729096050163842
00829-QaLdnwvtxbs,belief,119,computer equipment,0_1_45,0_1,2,4.043145587860483e-05,0.8979178752806094,0.9212865160228453,0.998675842566233,4.893994794367572e-05
00829-QaLdnwvtxbs,belief,119,computer equipment,0_3_145,0_3,3,3.632727472872496e-05,0.9842710214791858,0.9367794637484924,0.9975332017347288,3.9496025834433174e-05
00829-QaLdnwvtxbs,belief,119,computer equipment,0_3_117,0_3,4,2.033617097471314e-05,0.9709534859178668,0.9097389018378834,0.9726812811172267,2.3669192126674402e-05
00829-QaLdnwvtxbs,belief,119,computer equipment,0_2_61,0_2,5,1.8936044661979877e-05,0.9853296402427886,0.9425637664070419,0.9831661303264686,2.0738152908329353e-05
00829-QaLdnwvtxbs,belief,120,cone,0_4_82,0_4,1,0.08313168132255411,0.9921106015443804,0.9635382904444146,0.9835741109117667,0.08841590706593255
00829-QaLdnwvtxbs,belief,120,cone,0_1_83,0_1,2,0.06231717332381416,0.755252707222281,0.9845060961336798,0.9648204345876029,0.08686614574296278
00829-QaLdnwvtxbs,belief,120,cone,0_3_232,0_3,3,0.04255530528655807,0.9787614851103609,0.9166039476591347,0.9123763361142812,0.051990153919579105
00829-QaLdnwvtxbs,belief,120,cone,0_1_79,0_1,4,0.032191670246137234,0.9616548227725057,0.958998817102402,0.9919090567682093,0.03519122374117484
00829-QaLdnwvtxbs,belief,120,cone,0_4_83,0_4,5,0.03151402780377569,0.9789907316329346,0.9578645280400937,0.9881564908472473,0.034009129454979414
00829-QaLdnwvtxbs,belief,121,construction stuff,0_1_43,0_1,1,0.003484689228070548,0.9263140429280267,0.9817682153820861,0.974780379492114,0.003930882461339798
00829-QaLdnwvtxbs,belief,121,construction stuff,0_2_130,0_2,2,0.0005377189705999739,0.9813533710206256,0.9644522912057647,0.9958300331468142,0.0005705109321049355
00829-QaLdnwvtxbs,belief,121,construction stuff,0_2_71,0_2,3,0.0005066005041890122,0.9601071541173409,0.8761167328879654,0.9975666810619327,0.0006037289501343394
00829-QaLdnwvtxbs,belief,121,construction stuff,0_3_175,0_3,4,0.00044219675335646516,0.974818104188439,0.9217970902764612,0.994887370058311,0.0004946325734002776
00829-QaLdnwvtxbs,belief,121,construction stuff,0_2_127,0_2,5,0.00037273596920624376,0.9716200333792568,0.9386449744823686,0.9934067028687333,0.0004114114727358081
00829-QaLdnwvtxbs,belief,122,container,0_2_79,0_2,1,0.022689030817136583,0.9708657863340816,0.9319677390333537,0.991840751321489,0.025282145201345023
00829-QaLdnwvtxbs,belief,122,container,0_0_50,0_0,2,0.0104552652271617,0.9365806639274217,0.9260460164832961,0.994398786133444,0.01212262619170197
00829-QaLdnwvtxbs,belief,122,container,0_4_97,0_4,3,0.008927117038556929,0.9818021404441597,0.9427310769671773,0.9892209815654808,0.009750033570227327
00829-QaLdnwvtxbs,belief,122,container,0_3_145,0_3,4,0.005097766347006925,0.9842710214791858,0.9367794637484924,0.9975332017347288,0.00554243369046573
00829-QaLdnwvtxbs,belief,122,container,0_2_61,0_2,5,0.004762052935100769,0.9853296402427886,0.9425637664070419,0.9831661303264686,0.005215248679887344
00829-QaLdnwvtxbs,belief,123,controller,0_0_29,0_0,1,0.017966049085092053,0.9745103120803833,0.9449438616336413,0.9837028875686332,0.019833355133841695
00829-QaLdnwvtxbs,belief,123,controller,0_3_351,0_3,2,0.007434541991959805,0.9474742531776427,0.9589728395221819,0.999023676111871,0.008190392485022867
00829-QaLdnwvtxbs,belief,123,controller,0_3_145,0_3,3,0.00636347744476676,0.9842710214791858,0.9367794637484924,0.9975332017347288,0.006918550082057371
00829-QaLdnwvtxbs,belief,123,controller,0_2_92,0_2,4,0.0024237132524329553,0.9483009825821102,0.9283667601600114,0.9676517871722266,0.002845092243146824
00829-QaLdnwvtxbs,belief,123,controller,0_2_61,0_2,5,0.0023766320570457146,0.9853296402427886,0.9425637664070419,0.9831661303264686,0.0026028117215423866
00829-QaLdnwvtxbs,belief,124,cosmetics,0_0_29,0_0,1,0.0004495565861601013,0.9745103120803833,0.9449438616336413,0.9837028875686332,0.000496281368476797
00829-QaLdnwvtxbs,belief,124,cosmetics,0_4_97,0_4,2,0.0002594658318280633,0.9818021404441597,0.9427310769671773,0.9892209815654808,0.00028338382478062797
00829-QaLdnwvtxbs,belief,124,cosmetics,0_3_145,0_3,3,0.00023240867548899737,0.9842710214791858,0.9367794637484924,0.9975332017347288,0.00025268119119328206
00829-QaLdnwvtxbs,belief,124,cosmetics,0_3_277,0_3,4,0.00010165490561804843,0.9584286383279857,0.8930122431747622,0.7984749493913051,0.00014874756007228067
00829-QaLdnwvtxbs,belief,124,cosmetics,0_0_91,0_0,5,9.877283254186852e-05,0.9840268381742269,0.9554506060675896,0.9977198907046748,0.00010529644143970531
00829-QaLdnwvtxbs,belief,125,counter door,0_3_160,0_3,1,0.29394291408395173,0.9780740607453371,0.9179881968740915,0.9967716682331297,0.3284418362788785
00829-QaLdnwvtxbs,belief,125,counter door,0_3_2,0_3,2,0.2328340488769138,0.96202025747023,0.9306575012087376,0.997128376461631,0.26080824420001714
00829-QaLdnwvtxbs,belief,125,counter door,0_3_223,0_3,3,0.2203886274476345,0.8971420836970126,0.8970568865704479,0.9967279883750552,0.27474595855521294
00829-QaLdnwvtxbs,belief,125,counter door,0_4_66,0_4,4,0.1862223747050093,0.9934138665305371,0.9595046633383428,0.996896651123555,0.19597668888476294
00829-QaLdnwvtxbs,belief,125,counter door,0_3_50,0_3,5,0.14205085103771756,0.9662674765490072,0.8904106809000929,0.997129669089002,0.16557870378322215
00829-QaLdnwvtxbs,belief,126,countertop,0_1_63,0_1,1,0.5160624096862834,0.9571847540631635,0.944729176256985,0.9990738102597496,0.571217561422051
00829-QaLdnwvtxbs,belief,126,countertop,0_4_2,0_4,2,0.2334361056242636,0.8734084307643181,0.9323104943240701,0.9988917656652629,0.2869932245064136
00829-QaLdnwvtxbs,belief,126,countertop,0_4_60,0_4,3,0.2159518116563833,0.9923181094700962,0.9637937243901893,0.9999244810222463,0.22581596306068785
00829-QaLdnwvtxbs,belief,126,countertop,0_1_86,0_1,4,0.1900191392569489,0.9110741644506414,0.9132672657661405,0.9972954396477544,0.22899283321033767
00829-QaLdnwvtxbs,belief,126,countertop,0_3_222,0_3,5,0.15431041888195504,0.960038078952136,0.9443246401611358,0.997694333297128,0.17060351057936943
00829-QaLdnwvtxbs,belief,127,countertop item,0_1_63,0_1,1,0.8331344341671757,0.9571847540631635,0.944729176256985,0.9990738102597496,0.9221772616823938
00829-QaLdnwvtxbs,belief,127,countertop item,0_4_2,0_4,2,0.6687181608178138,0.8734084307643181,0.9323104943240701,0.9988917656652629,0.8221418051242314
00829-QaLdnwvtxbs,belief,127,countertop item,0_1_27,0_1,3,0.6160402281596453,0.9907016027154345,0.9234537652769075,0.9813864699294722,0.6861372298866031
00829-QaLdnwvtxbs,belief,127,countertop item,0_1_86,0_1,4,0.5432065796659183,0.9110741644506414,0.9132672657661405,0.9972954396477544,0.6546204460382891
00829-QaLdnwvtxbs,belief,127,countertop item,0_3_222,0_3,5,0.5404012504610943,0.960038078952136,0.9443246401611358,0.997694333297128,0.5974603083714713
00829-QaLdnwvtxbs,belief,128,cover,0_1_43,0_1,1,0.017441904737362686,0.9263140429280267,0.9817682153820861,0.974780379492114,0.019675234414639878
00829-QaLdnwvtxbs,belief,128,cover,0_2_137,0_2,2,0.015129263888182622,0.9809784377653766,0.9795393967234436,0.9886458723517383,0.01592559514761151
00829-QaLdnwvtxbs,belief,128,cover,0_4_13,0_4,3,0.010498267335094078,0.9562819616467346,0.915392639842113,0.9969242632919004,0.012029901787320902
00829-QaLdnwvtxbs,belief,128,cover,0_0_59,0_0,4,0.009868084085977792,0.9424504320981879,0.9285281736489194,0.9570163791350695,0.011783108239273563
00829-QaLdnwvtxbs,belief,128,cover,0_0_91,0_0,5,0.008266727258997044,0.9840268381742269,0.9554506060675896,0.9977198907046748,0.008812716415275652
00829-QaLdnwvtxbs,belief,129,cross,0_3_177,0_3,1,0.003936952118124339,0.9766247625057128,0.9179685651540588,0.9893945082369284,0.0044384884718429085
00829-QaLdnwvtxbs,belief,129,cross,0_1_43,0_1,2,0.0036728259838648847,0.9263140429280267,0.9817682153820861,0.974780379492114,0.004143108982926863
00829-QaLdnwvtxbs,belief,129,cross,0_1_20,0_1,3,0.003085578730621861,0.9429041976052321,0.9577240798783183,0.9584469845375457,0.0035650084271129094
00829-QaLdnwvtxbs,belief,129,cross,0_2_165,0_2,4,0.0030484774279628066,0.9699197729809437,0.9602325145987616,0.9720523142670042,0.0033672946821942332
00829-QaLdnwvtxbs,belief,129,cross,0_0_54,0_0,5,0.0028377565783961715,0.9408899384179684,0.9741373938527673,0.9946827710917204,0.00311265870777851
00829-QaLdnwvtxbs,belief,130,crutches,0_2_164,0_2,1,0.0025499591497838785,0.955928448287553,0.9241800773116434,0.9662683808354755,0.0029871254793446328
00829-QaLdnwvtxbs,belief,130,crutches,0_2_163,0_2,2,0.002501037302938806,0.9649076473154472,0.9066912981805136,0.982615010991516,0.0029093205782399433
00829-QaLdnwvtxbs,belief,130,crutches,0_3_177,0_3,3,0.001569798935423561,0.9766247625057128,0.9179685651540588,0.9893945082369284,0.001769778821010465
00829-QaLdnwvtxbs,belief,130,crutches,0_2_100,0_2,4,0.0014766520222904013,0.9277319466287182,0.9408412436939142,0.9885928962129773,0.0017112829363157963
00829-QaLdnwvtxbs,belief,130,crutches,0_2_165,0_2,5,0.0014305773403790224,0.9699197729809437,0.9602325145987616,0.9720523142670042,0.0015801906310800554
00829-QaLdnwvtxbs,belief,131,cup,0_3_145,0_3,1,0.005590332750429671,0.9842710214791858,0.9367794637484924,0.9975332017347288,0.006077965616271754
00829-QaLdnwvtxbs,belief,131,cup,0_4_98,0_4,2,0.0033375692333742855,0.9558548692494703,0.8997037016569993,0.997644510067095,0.003890120033768722
00829-QaLdnwvtxbs,belief,131,cup,0_1_69,0_1,3,0.002596015782585281,0.835577734708786,0.970699057137362,0.9951126082079284,0.0032163524490069514
00829-QaLdnwvtxbs,belief,131,cup,0_4_82,0_4,4,0.002402036764984706,0.9921106015443804,0.9635382904444146,0.9835741109117667,0.002554721088315359
00829-QaLdnwvtxbs,belief,131,cup,0_1_42,0_1,5,0.0018015055236188099,0.8610755614885667,0.9334460238814246,0.9458351438482929,0.0023696798606849334
00829-QaLdnwvtxbs,belief,132,curb,0_0_88,0_0,1,0.14153712003375074,0.9259068029673249,0.9427654079358601,0.9826918636212066,0.16499929181364953
00829-QaLdnwvtxbs,belief,132,curb,0_1_43,0_1,2,0.04579384561692467,0.9263140429280267,0.9817682153820861,0.974780379492114,0.05165746865540207
00829-QaLdnwvtxbs,belief,132,curb,0_0_101,0_0,3,0.028240162423428014,0.971682865920049,0.9546723166528128,0.9837007350067023,0.030947482102905106
00829-QaLdnwvtxbs,belief,132,curb,0_2_76,0_2,4,0.020196863162501362,0.9777445369518636,0.9242074922009753,0.9961299462102072,0.022437426529879647
00829-QaLdnwvtxbs,belief,132,curb,0_0_52,0_0,5,0.013418751458906348,0.933646003405253,0.8912960839978241,0.9935658633738268,0.01622972669105692
00829-QaLdnwvtxbs,belief,133,curtain,0_0_70,0_0,1,0.9372189605007067,0.9927698945176071,0.9570393989159512,0.996763174833138,0.9896250173315838
00829-QaLdnwvtxbs,belief,133,curtain,0_0_12,0_0,2,0.9196929261792637,0.971462017253097,0.9584802846781622,0.9959476968677177,0.9917388018010119
00829-QaLdnwvtxbs,belief,133,curtain,0_0_84,0_0,3,0.9008622623923337,0.9764934632037771,0.9383012733937007,0.9951782859492456,0.9879747763026079
00829-QaLdnwvtxbs,belief,133,curtain,0_0_85,0_0,4,0.9008304063315765,0.9725106470869855,0.9384607414084736,0.9957083447965511,0.9912892938236478
00829-QaLdnwvtxbs,belief,133,curtain,0_0_68,0_0,5,0.889217802328038,0.9696135945799291,0.9407044704147756,0.9782443698652156,0.9965724749079286
00829-QaLdnwvtxbs,belief,134,cushion,0_3_316,0_3,1,0.9085106651082864,0.9951394052317017,0.9721206304819111,0.9978566884750661,0.9411476750010718
00829-QaLdnwvtxbs,belief,134,cushion,0_3_34,0_3,2,0.8860600234967367,0.9539379302686413,0.9392438999846375,0.999856899434336,0.9890694653237512
00829-QaLdnwvtxbs,belief,134,cushion,0_3_275,0_3,3,0.886002547874976,0.9736201558113756,0.9423931046206064,0.9987550558406592,0.9668393643853233
00829-QaLdnwvtxbs,belief,134,cushion,0_3_315,0_3,4,0.8602529477784681,0.9671028587655857,0.9628753702210187,0.9977238373710473,0.9259191709156905
00829-QaLdnwvtxbs,belief,134,cushion,0_0_26,0_0,5,0.7935791105081148,0.8610395643363021,0.9298257877609396,0.9998779708485873,0.991330647612765
00829-QaLdnwvtxbs,belief,135,cutlery,0_1_76,0_1,1,0.0007725700825574565,0.9638035128666803,0.950586876729289,0.923645615490136,0.0009129609334452744
00829-QaLdnwvtxbs,belief,135,cutlery,0_1_20,0_1,2,0.0006401983201709257,0.9429041976052321,0.9577240798783183,0.9584469845375457,0.0007396707735190106
00829-QaLdnwvtxbs,belief,135,cutlery,0_3_65,0_3,3,0.0005150248959060474,0.974792348784285,0.9323554082213724,0.9740448142387003,0.0005817758353531183
00829-QaLdnwvtxbs,belief,135,cutlery,0_2_164,0_2,4,0.00046657967350759774,0.955928448287553,0.9241800773116434,0.9662683808354755,0.0005465703366255773
00829-QaLdnwvtxbs,belief,135,cutlery,0_3_342,0_3,5,0.0004546925754928142,0.969762212668559,0.9604775740539282,0.9881189215028591,0.0004940332285906218
00829-QaLdnwvtxbs,belief,136,cyp,0_4_82,0_4,1,0.0027290717815817915,0.9921106015443804,0.9635382904444146,0.9835741109117667,0.0029025439300375414
00829-QaLdnwvtxbs,belief,136,cyp,0_1_43,0_1,2,0.0014631413460479774,0.9263140429280267,0.9817682153820861,0.974780379492114,0.001650487684615031
00829-QaLdnwvtxbs,belief,136,cyp,0_4_97,0_4,3,0.001422150498794639,0.9818021404441597,0.9427310769671773,0.9892209815654808,0.001553246702745673
00829-QaLdnwvtxbs,belief,136,cyp,0_4_8,0_4,4,0.0009186523483987777,0.9651949381256641,0.8947576037307547,0.990038378433478,0.0010744314842018163
00829-QaLdnwvtxbs,belief,136,cyp,0_3_232,0_3,5,0.0008965062142709786,0.9787614851103609,0.9166039476591347,0.9123763361142812,0.0010952687510041167
00829-QaLdnwvtxbs,belief,137,dartboard,0_3_272,0_3,1,0.0001751233674949987,0.9716149406874195,0.9312918124539873,0.8740281414346984,0.0002214311494932189
00829-QaLdnwvtxbs,belief,137,dartboard,0_3_277,0_3,2,0.0001740928800820724,0.9584286383279857,0.8930122431747622,0.7984749493913051,0.00025474315263705977
00829-QaLdnwvtxbs,belief,137,dartboard,0_2_71,0_2,3,0.00017311688097272932,0.9601071541173409,0.8761167328879654,0.9975666810619327,0.00020630787363212444
00829-QaLdnwvtxbs,belief,137,dartboard,0_1_43,0_1,4,0.0001005278593096925,0.9263140429280267,0.9817682153820861,0.974780379492114,0.00011339983946152482
00829-QaLdnwvtxbs,belief,137,dartboard,0_1_20,0_1,5,8.535504238415224e-05,0.9429041976052321,0.9577240798783183,0.9584469845375457,9.861730066267215e-05
00829-QaLdnwvtxbs,belief,138,decoder,0_0_29,0_0,1,0.0017156283683461761,0.9745103120803833,0.9449438616336413,0.9837028875686332,0.0018939426551682907
00829-QaLdnwvtxbs,belief,138,decoder,0_4_97,0_4,2,0.0008381366124269979,0.9818021404441597,0.9427310769671773,0.9892209815654808,0.0009153974426799745
00829-QaLdnwvtxbs,belief,138,decoder,0_2_71,0_2,3,0.0004645248189643812,0.9601071541173409,0.8761167328879654,0.9975666810619327,0.0005535862655992844
00829-QaLdnwvtxbs,belief,138,decoder,0_2_61,0_2,4,0.000444037896509553,0.9853296402427886,0.9425637664070419,0.9831661303264686,0.000486296159482401
00829-QaLdnwvtxbs,belief,138,decoder,0_1_20,0_1,5,0.00042097546208023456,0.9429041976052321,0.9577240798783183,0.9584469845375457,0.0004863856024899819
00829-QaLdnwvtxbs,belief,139,decoration,0_4_82,0_4,1,0.20888144566997227,0.9921106015443804,0.9635382904444146,0.9835741109117667,0.22215889531327587
00829-QaLdnwvtxbs,belief,139,decoration,0_3_320,0_3,2,0.2051945707481835,0.9656791550601049,0.9356110115707603,0.9685401433250899,0.23448769543153944
00829-QaLdnwvtxbs,belief,139,decoration,0_3_80,0_3,3,0.19298253564225634,0.820025683707661,0.9599865574056231,0.998578240679616,0.24549536858683238
00829-QaLdnwvtxbs,belief,139,decoration,0_4_35,0_4,4,0.1826498104803657,0.9289367587313717,0.9085533132636621,0.9894260921831448,0.21872544152578835
00829-QaLdnwvtxbs,belief,139,decoration,0_3_209,0_3,5,0.16056837877965222,0.982043864209289,0.9419185778605066,0.9956528841944744,0.17434432563425104
00829-QaLdnwvtxbs,belief,140,dehumidifier,0_2_61,0_2,1,0.019299432705981036,0.9853296402427886,0.9425637664070419,0.9831661303264686,0.021136123918436108
00829-QaLdnwvtxbs,belief,140,dehumidifier,0_3_175,0_3,2,0.01879872001506873,0.974818104188439,0.9217970902764612,0.994887370058311,0.021027877719828135
00829-QaLdnwvtxbs,belief,140,dehumidifier,0_4_100,0_4,3,0.014822353429277922,0.9845428940661991,0.9292253720092198,0.9925254914494402,0.01632374467804577
00829-QaLdnwvtxbs,belief,140,dehumidifier,0_3_87,0_3,4,0.011796190046998632,0.9082876969363467,0.9225820978810211,0.998464787670135,0.014098748149125005
00829-QaLdnwvtxbs,belief,140,dehumidifier,0_3_88,0_3,5,0.005589281009363772,0.9857081498033481,0.9356065821482229,0.9988403382922301,0.006067618350386785
00829-QaLdnwvtxbs,belief,141,den,0_1_43,0_1,1,0.05725402344699885,0.9263140429280267,0.9817682153820861,0.974780379492114,0.06458505246206965
00829-QaLdnwvtxbs,belief,141,den,0_0_102,0_0,2,0.05620019190102928,0.9647081651508119,0.9196356892104713,0.9921487403781908,0.06384828579931322
00829-QaLdnwvtxbs,belief,141,den,0_0_38,0_0,3,0.05499147452824339,0.9812196333687028,0.9489402033822547,0.9945117799612258,0.059385491757615025
00829-QaLdnwvtxbs,belief,141,den,0_3_127,0_3,4,0.04232250562079419,0.8152816925250309,0.9704650662534141,0.9963134888116724,0.05368930279253663
00829-QaLdnwvtxbs,belief,141,den,0_0_71,0_0,5,0.0357155663474004,0.9484983013387311,0.9519601981512213,0.9988313595504624,0.039601352984969515
00829-QaLdnwvtxbs,belief,142,desk,0_0_14,0_0,1,0.29036197296497224,0.9442835123248635,0.9521573720293862,0.9992180925994414,0.3231977350423221
00829-QaLdnwvtxbs,belief,142,desk,0_3_360,0_3,2,0.20702811221088405,0.9134903864525161,0.9705954494954869,0.9990050579308997,0.23373266070694856
00829-QaLdnwvtxbs,belief,142,desk,0_0_29,0_0,3,0.20134649381468503,0.9745103120803833,0.9449438616336413,0.9837028875686332,0.2222734947381475
00829-QaLdnwvtxbs,belief,142,desk,0_0_36,0_0,4,0.13624043073671838,0.9381080896059916,0.9272402404372044,0.9992875766067203,0.15673658060567497
00829-QaLdnwvtxbs,belief,142,desk,0_0_58,0_0,5,0.12485763247173327,0.9649869281119808,0.9213868086549035,0.9984822145632192,0.1406408043846177
00829-QaLdnwvtxbs,belief,143,desk door,0_0_36,0_0,1,0.6740895283203031,0.9381080896059916,0.9272402404372044,0.9992875766067203,0.7755002470242595
00829-QaLdnwvtxbs,belief,143,desk door,0_3_215,0_3,2,0.6378618359300543,0.9832291088381064,0.9393117117741373,0.9996129559782911,0.6909239978770014
00829-QaLdnwvtxbs,belief,143,desk door,0_3_225,0_3,3,0.6130379152494129,0.8993999264903285,0.9414005087077193,0.9999628883649371,0.7240627025175359
00829-QaLdnwvtxbs,belief,143,desk door,0_3_271,0_3,4,0.5456264931754404,0.9931038933623022,0.9556735136501311,0.9997154488823545,0.5750621872441957
00829-QaLdnwvtxbs,belief,143,desk door,0_4_20,0_4,5,0.47657032034719726,0.9794100418686866,0.8915996605865615,0.9996033703049328,0.5459650388133046
00829-QaLdnwvtxbs,belief,144,dinnerware,0_3_342,0_3,1,0.0003823612242915977,0.969762212668559,0.9604775740539282,0.9881189215028591,0.0004154436652498765
00829-QaLdnwvtxbs,belief,144,dinnerware,0_3_94,0_3,2,0.00033028170031281103,0.9057604646488226,0.9294885230117531,0.9958992379815265,0.0003939233455447822
00829-QaLdnwvtxbs,belief,144,dinnerware,0_3_11,0_3,3,0.00029472066589168055,0.8894486994548881,0.9071771840028413,0.8797349768554308,0.0004151888741948034
00829-QaLdnwvtxbs,belief,144,dinnerware,0_3_101,0_3,4,0.00028781415713381047,0.9791525103858175,0.975724896192237,0.6132452325871574,0.0004912473760237611
00829-QaLdnwvtxbs,belief,144,dinnerware,0_3_78,0_3,5,0.00019806320154614124,0.8606472224178199,0.8872451684772089,0.991448377036202,0.0002616163451100098
00829-QaLdnwvtxbs,belief,145,diploma,0_4_0,0_4,1,0.00018295790697081413,0.9676795378611954,0.9260700880025818,0.9585230521655843,0.00021299686281289727
00829-QaLdnwvtxbs,belief,145,diploma,0_0_59,0_0,2,8.436535122956263e-05,0.9424504320981879,0.9285281736489194,0.9570163791350695,0.00010073749438301094
00829-QaLdnwvtxbs,belief,145,diploma,0_3_320,0_3,3,6.299686390006885e-05,0.9656791550601049,0.9356110115707603,0.9685401433250899,7.199015734909378e-05
00829-QaLdnwvtxbs,belief,145,diploma,0_2_149,0_2,4,5.4300124412755846e-05,0.9855411365415297,0.9320978007653997,0.9932138805566623,5.951436505004424e-05
00829-QaLdnwvtxbs,belief,145,diploma,0_1_62,0_1,5,5.184532957715206e-05,0.9718005651358458,0.8996176338117265,0.9971174263252387,5.9474147598023884e-05
00829-QaLdnwvtxbs,belief,146,dirt ground,0_1_43,0_1,1,0.008055433568838016,0.9263140429280267,0.9817682153820861,0.974780379492114,0.009086882778286062
00829-QaLdnwvtxbs,belief,146,dirt ground,0_1_95,0_1,2,0.0039596997414417644,0.9697663221423358,0.9388708675511596,0.8264633294352364,0.005262180069250175
00829-QaLdnwvtxbs,belief,146,dirt ground,0_0_98,0_0,3,0.002103082959226397,0.8912019108228452,0.9112920185938937,0.9569192811730876,0.002706122320740813
00829-QaLdnwvtxbs,belief,146,dirt ground,0_0_95,0_0,4,0.0012610921249939875,0.6515540605830769,0.8815192841430087,0.9877028660350318,0.0022229936730536063
00829-QaLdnwvtxbs,belief,146,dirt ground,0_1_74,0_1,5,0.00045887615355060093,0.9054497209462252,0.9711101399071955,0.9845695513912467,0.0005300492940810992
00829-QaLdnwvtxbs,belief,147,dish rack,0_3_145,0_3,1,0.003324725612388371,0.9842710214791858,0.9367794637484924,0.9975332017347288,0.0036147343740999005
00829-QaLdnwvtxbs,belief,147,dish rack,0_3_160,0_3,2,0.0009435948338293493,0.9780740607453371,0.9179881968740915,0.9967716682331297,0.0010543408433300793
00829-QaLdnwvtxbs,belief,147,dish rack,0_3_2,0_3,3,0.0007911270577908685,0.96202025747023,0.9306575012087376,0.997128376461631,0.0008861782023583596
00829-QaLdnwvtxbs,belief,147,dish rack,0_3_50,0_3,4,0.0007592242279089394,0.9662674765490072,0.8904106809000929,0.997129669089002,0.0008849743779753966
00829-QaLdnwvtxbs,belief,147,dish rack,0_2_71,0_2,5,0.0006954256637060777,0.9601071541173409,0.8761167328879654,0.9975666810619327,0.0008287567864107401
00829-QaLdnwvtxbs,belief,148,dishwasher,0_3_160,0_3,1,0.026175013909621153,0.9780740607453371,0.9179881968740915,0.9967716682331297,0.029247072207516513
00829-QaLdnwvtxbs,belief,148,dishwasher,0_3_223,0_3,2,0.018325811393546682,0.8971420836970126,0.8970568865704479,0.9967279883750552,0.022845746062002927
00829-QaLdnwvtxbs,belief,148,dishwasher,0_3_2,0_3,3,0.016961369275644858,0.96202025747023,0.9306575012087376,0.997128376461631,0.018999218376121584
00829-QaLdnwvtxbs,belief,148,dishwasher,0_3_50,0_3,4,0.015199956280037043,0.9662674765490072,0.8904106809000929,0.997129669089002,0.017717521859421447
00829-QaLdnwvtxbs,belief,148,dishwasher,0_3_222,0_3,5,0.006606367762569095,0.960038078952136,0.9443246401611358,0.997694333297128,0.007303910783463375
00829-QaLdnwvtxbs,belief,149,dispenser,0_3_145,0_3,1,0.07531398700372714,0.9842710214791858,0.9367794637484924,0.9975332017347288,0.0818834663102672
00829-QaLdnwvtxbs,belief,149,dispenser,0_0_25,0_0,2,0.02394163370532335,0.8010731935501099,0.9737998604221256,0.9989405298680443,0.030723609808636605
00829-QaLdnwvtxbs,belief,149,dispenser,0_2_79,0_2,3,0.014778526398067558,0.9708657863340816,0.9319677390333537,0.991840751321489,0.01646755444378245
00829-QaLdnwvtxbs,belief,149,dispenser,0_2_62,0_2,4,0.012960854441909683,0.959124259382946,0.8523346620295722,0.9980410990974955,0.01588547411681146
00829-QaLdnwvtxbs,belief,149,dispenser,0_2_80,0_2,5,0.009943556505985846,0.9724949253906023,0.9432373428086318,0.996184532950654,0.010881621650822444
00829-QaLdnwvtxbs,belief,150,display case,0_1_29,0_1,1,0.009752180133521996,0.9801348571012872,0.9082320948362044,0.9995834925122363,0.010959732641427165
00829-QaLdnwvtxbs,belief,150,display case,0_1_17,0_1,2,0.002609196550099586,0.9207844926478056,0.9127121147653887,0.9991539768417026,0.0031072955470815245
00829-QaLdnwvtxbs,belief,150,display case,0_1_65,0_1,3,0.002325176334658847,0.9735222220015599,0.9540763326110873,0.9997555364021795,0.0025039928493490755
00829-QaLdnwvtxbs,belief,150,display case,0_3_346,0_3,4,0.0020722193886093102,0.9718983392654899,0.9197675749308407,0.999694502863465,0.00231883311427392
00829-QaLdnwvtxbs,belief,150,display case,0_3_355,0_3,5,0.0019917682545013238,0.9731509902906974,0.9154776567803746,0.9997783772914408,0.002236181694901751
00829-QaLdnwvtxbs,belief,151,document,0_0_83,0_0,1,0.04697171725470723,0.978057612933467,0.9414887342891158,0.8981877143251216,0.05679233985831524
00829-QaLdnwvtxbs,belief,151,document,0_0_59,0_0,2,0.03933325424376823,0.9424504320981879,0.9285281736489194,0.9570163791350695,0.04696636024978338
00829-QaLdnwvtxbs,belief,151,document,0_2_61,0_2,3,0.019052335891608214,0.9853296402427886,0.9425637664070419,0.9831661303264686,0.020865511358574895
00829-QaLdnwvtxbs,belief,151,document,0_2_149,0_2,4,0.01726137508895392,0.9855411365415297,0.9320978007653997,0.9932138805566623,0.01891892126251587
00829-QaLdnwvtxbs,belief,151,document,0_1_43,0_1,5,0.0148104048121633,0.9263140429280267,0.9817682153820861,0.974780379492114,0.016706786950327332
00829-QaLdnwvtxbs,belief,152,document holder,0_4_100,0_4,1,0.14588134934911456,0.9845428940661991,0.9292253720092198,0.9925254914494402,0.16065801638220364
00829-QaLdnwvtxbs,belief,152,document holder,0_3_215,0_3,2,0.05400268574945058,0.9832291088381064,0.9393117117741373,0.9996129559782911,0.05849503674992909
00829-QaLdnwvtxbs,belief,152,document holder,0_0_59,0_0,3,0.033850648282225816,0.9424504320981879,0.9285281736489194,0.9570163791350695,0.04041978657699331
00829-QaLdnwvtxbs,belief,152,document holder,0_2_61,0_2,4,0.032335922210892376,0.9853296402427886,0.9425637664070419,0.9831661303264686,0.03541327194837824
00829-QaLdnwvtxbs,belief,152,document holder,0_3_160,0_3,5,0.024341884684418925,0.9780740607453371,0.9179881968740915,0.9967716682331297,0.027198795824538487
00829-QaLdnwvtxbs,belief,153,dog leash,0_1_20,0_1,1,0.0021266557305841417,0.9429041976052321,0.9577240798783183,0.9584469845375457,0.0024570903104366606
00829-QaLdnwvtxbs,belief,153,dog leash,0_1_43,0_1,2,0.0007280600102858101,0.9263140429280267,0.9817682153820861,0.974780379492114,0.0008212836605862815
00829-QaLdnwvtxbs,belief,153,dog leash,0_3_232,0_3,3,8.690621515728994e-05,0.9787614851103609,0.9166039476591347,0.9123763361142812,0.00010617401219825691
00829-QaLdnwvtxbs,belief,153,dog leash,0_3_83,0_3,4,4.7202658211950696e-05,0.9828181131851393,0.9219149879587536,0.9601051810237284,5.426047807214022e-05
00829-QaLdnwvtxbs,belief,153,dog leash,0_1_41,0_1,5,3.307141101416332e-05,0.9865453100616561,0.8833263928428547,0.9908809363365398,3.829949155360779e-05
00829-QaLdnwvtxbs,belief,154,dog toy,0_1_20,0_1,1,0.0010486421874671872,0.9429041976052321,0.9577240798783183,0.9584469845375457,0.0012115776525958891
00829-QaLdnwvtxbs,belief,154,dog toy,0_3_120,0_3,2,8.856984197569806e-05,0.9740020769779513,0.9488991486023701,0.9983449895966936,9.598984429350412e-05
00829-QaLdnwvtxbs,belief,154,dog toy,0_2_92,0_2,3,8.115050045341284e-05,0.9483009825821102,0.9283667601600114,0.9676517871722266,9.525906545905405e-05
00829-QaLdnwvtxbs,belief,154,dog toy,0_2_79,0_2,4,7.774062388440833e-05,0.9708657863340816,0.9319677390333537,0.991840751321489,8.662554857143992e-05
00829-QaLdnwvtxbs,belief,154,dog toy,0_1_28,0_1,5,7.271585961904566e-05,0.9810215742437358,0.929814234901297,0.9935458162449196,8.023548730794905e-05
00829-QaLdnwvtxbs,belief,155,doily,0_3_277,0_3,1,0.00043689968363671953,0.9584286383279857,0.8930122431747622,0.7984749493913051,0.0006392978434458851
00829-QaLdnwvtxbs,belief,155,doily,0_3_101,0_3,2,0.00039869747021174855,0.9791525103858175,0.975724896192237,0.6132452325871574,0.0006805053928524244
00829-QaLdnwvtxbs,belief,155,doily,0_1_97,0_1,3,0.00036358110770515347,0.9556173180291294,0.9637476867161502,0.9943079157468135,0.00039703889305038034
00829-QaLdnwvtxbs,belief,155,doily,0_2_92,0_2,4,0.00032405746402294224,0.9483009825821102,0.9283667601600114,0.9676517871722266,0.0003803970524566035
00829-QaLdnwvtxbs,belief,155,doily,0_3_272,0_3,5,0.00025930451615196033,0.9716149406874195,0.9312918124539873,0.8740281414346984,0.0003278722759939579
00829-QaLdnwvtxbs,belief,156,doll,0_1_42,0_1,1,0.05301590046554932,0.8610755614885667,0.9334460238814246,0.9458351438482929,0.06973651203518157
00829-QaLdnwvtxbs,belief,156,doll,0_2_92,0_2,2,0.03246953095695262,0.9483009825821102,0.9283667601600114,0.9676517871722266,0.038114579177842306
00829-QaLdnwvtxbs,belief,156,doll,0_1_41,0_1,3,0.017413413171082564,0.9865453100616561,0.8833263928428547,0.9908809363365398,0.020166205499358308
00829-QaLdnwvtxbs,belief,156,doll,0_4_97,0_4,4,0.015386530890816243,0.9818021404441597,0.9427310769671773,0.9892209815654808,0.016804886960353864
00829-QaLdnwvtxbs,belief,156,doll,0_1_77,0_1,5,0.010875516193338822,0.9764120237661057,0.9098239419454992,0.9710054280513156,0.01260775444973152
00829-QaLdnwvtxbs,belief,157,door screen,0_4_94,0_4,1,0.6066785259038601,0.9844961798586729,0.9054051030210762,0.9994693710934299,0.6809765549229636
00829-QaLdnwvtxbs,belief,157,door screen,0_1_2,0_1,2,0.3708048208694769,0.981795935105023,0.9583967812347787,0.9987523064067044,0.39456721863081895
00829-QaLdnwvtxbs,belief,157,door screen,0_2_34,0_2,3,0.2790961874963866,0.9857707964152599,0.9168338521200297,0.9999727700231135,0.30881553659498046
00829-QaLdnwvtxbs,belief,157,door screen,0_3_266,0_3,4,0.24230842120018567,0.9714048353503739,0.9205603018383172,0.9993022687714798,0.27115594527347664
00829-QaLdnwvtxbs,belief,157,door screen,0_2_135,0_2,5,0.23025831327484894,0.9954769412676493,0.9863780554319597,0.9999837304583339,0.23450266274382364
00829-QaLdnwvtxbs,belief,158,drawer,0_1_33,0_1,1,0.790031537542955,0.9752818349362137,0.9464566379152549,0.9998115421564635,0.8560426947626595
00829-QaLdnwvtxbs,belief,158,drawer,0_1_19,0_1,2,0.7865497422415823,0.9598623817462104,0.9181834552050134,0.9997520254734594,0.8926793037518186
00829-QaLdnwvtxbs,belief,158,drawer,0_1_58,0_1,3,0.7769586117669794,0.9135054345104553,0.9875339163667922,0.9996599386320033,0.8615538770137429
00829-QaLdnwvtxbs,belief,158,drawer,0_1_57,0_1,4,0.7516891572093161,0.9428365458540142,0.9368495354713238,0.9995399131121446,0.8513965598684452
00829-QaLdnwvtxbs,belief,158,drawer,0_1_102,0_1,5,0.7433227490599511,0.9578431760164279,0.9336303845414808,0.9996327920604586,0.8315101279279608
00829-QaLdnwvtxbs,belief,159,drawer cart,0_1_19,0_1,1,0.003330131816509689,0.9598623817462104,0.9181834552050134,0.9997520254734594,0.0037794682163287715
00829-QaLdnwvtxbs,belief,159,drawer cart,0_3_222,0_3,2,0.0026363730185037498,0.960038078952136,0.9443246401611358,0.997694333297128,0.0029147383268885996
00829-QaLdnwvtxbs,belief,159,drawer cart,0_3_2,0_3,3,0.002448063543361385,0.96202025747023,0.9306575012087376,0.997128376461631,0.0027421898021954727
00829-QaLdnwvtxbs,belief,159,drawer cart,0_1_58,0_1,4,0.0022660977755913116,0.9135054345104553,0.9875339163667922,0.9996599386320033,0.002512830535223483
00829-QaLdnwvtxbs,belief,159,drawer cart,0_1_33,0_1,5,0.002029331699079519,0.9752818349362137,0.9464566379152549,0.9998115421564635,0.00219889269439812
00829-QaLdnwvtxbs,belief,160,dressing table,0_1_1,0_1,1,0.031039868368879068,0.9774552790338964,0.9613759661155152,0.9984678875601036,0.03308229361429577
00829-QaLdnwvtxbs,belief,160,dressing table,0_1_49,0_1,2,0.025618291200329386,0.9424745594266972,0.9708588367556013,0.9975914191022037,0.028065431849082292
00829-QaLdnwvtxbs,belief,160,dressing table,0_2_71,0_2,3,0.02172368223146936,0.9601071541173409,0.8761167328879654,0.9975666810619327,0.02588867511620897
00829-QaLdnwvtxbs,belief,160,dressing table,0_3_264,0_3,4,0.015769935214783648,0.969160783895309,0.9570286313111998,0.9992513577235089,0.017015095810658895
00829-QaLdnwvtxbs,belief,160,dressing table,0_1_45,0_1,5,0.010035536435863206,0.8979178752806094,0.9212865160228453,0.998675842566233,0.01214743867331037
00829-QaLdnwvtxbs,belief,161,drill,0_1_20,0_1,1,0.003231810680208749,0.9429041976052321,0.9577240798783183,0.9584469845375457,0.003733961540322029
00829-QaLdnwvtxbs,belief,161,drill,0_2_132,0_2,2,0.0014604534933309813,0.8174735053777695,0.9414269692541382,0.9949100102681608,0.0019074080444955641
00829-QaLdnwvtxbs,belief,161,drill,0_4_47,0_4,3,0.0013219137942535773,0.9891614917608691,0.9682564816936827,0.9888393750772777,0.0013957889931181186
00829-QaLdnwvtxbs,belief,161,drill,0_3_83,0_3,4,0.0012322673861001948,0.9828181131851393,0.9219149879587536,0.9601051810237284,0.0014165180524849082
00829-QaLdnwvtxbs,belief,161,drill,0_0_75,0_0,5,0.0011822803090445902,0.9711026629510843,0.91942287731796,0.9967338657165301,0.0013284976521599607
00829-QaLdnwvtxbs,belief,162,drum,0_2_79,0_2,1,0.01474146185245757,0.9708657863340816,0.9319677390333537,0.991840751321489,0.016426253815673388
00829-QaLdnwvtxbs,belief,162,drum,0_3_83,0_3,2,0.006368049588039162,0.9828181131851393,0.9219149879587536,0.9601051810237284,0.007320210939870732
00829-QaLdnwvtxbs,belief,162,drum,0_1_42,0_1,3,0.005226181943490657,0.8610755614885667,0.9334460238814246,0.9458351438482929,0.00687446024305698
00829-QaLdnwvtxbs,belief,162,drum,0_4_97,0_4,4,0.005125170315551096,0.9818021404441597,0.9427310769671773,0.9892209815654808,0.005597617059788602
00829-QaLdnwvtxbs,belief,162,drum,0_1_43,0_1,5,0.00431610063251962,0.9263140429280267,0.9817682153820861,0.974780379492114,0.004868751032683337
00829-QaLdnwvtxbs,belief,163,dustpan,0_2_92,0_2,1,0.5054100940645955,0.9483009825821102,0.9283667601600114,0.9676517871722266,0.593279067475439
00829-QaLdnwvtxbs,belief,163,dustpan,0_2_61,0_2,2,0.3993572121004606,0.9853296402427886,0.9425637664070419,0.9831661303264686,0.43736329721549905
00829-QaLdnwvtxbs,belief,163,dustpan,0_2_122,0_2,3,0.1357944968968226,0.979159475560187,0.9519763765669658,0.9849674009758481,0.14790426951690783
00829-QaLdnwvtxbs,belief,163,dustpan,0_3_358,0_3,4,0.12414026289918598,0.9418212159150311,0.9693513482622604,0.9866839888761696,0.13781131978489614
00829-QaLdnwvtxbs,belief,163,dustpan,0_0_50,0_0,5,0.11921263714110268,0.9365806639274217,0.9260460164832961,0.994398786133444,0.13822415844929417
00829-QaLdnwvtxbs,belief,164,dvd,0_1_43,0_1,1,0.002368020901615089,0.9263140429280267,0.9817682153820861,0.974780379492114,0.0026712315563929994
00829-QaLdnwvtxbs,belief,164,dvd,0_4_66,0_4,2,0.0011376042729247151,0.9934138665305371,0.9595046633383428,0.996896651123555,0.00119719190039384
00829-QaLdnwvtxbs,belief,164,dvd,0_1_20,0_1,3,0.0010339129912726147,0.9429041976052321,0.9577240798783183,0.9584469845375457,0.0011945598698256314
00829-QaLdnwvtxbs,belief,164,dvd,0_2_77,0_2,4,0.0009169322306292323,0.9931389569542629,0.9333977617992191,0.9960396514889327,0.0009930790908106333
00829-QaLdnwvtxbs,belief,164,dvd,0_1_45,0_1,5,0.0008702784232666122,0.8979178752806094,0.9212865160228453,0.998675842566233,0.0010534218915849213
00829-QaLdnwvtxbs,belief,165,easel,0_3_117,0_3,1,0.010461441466125957,0.9709534859178668,0.9097389018378834,0.9726812811172267,0.01217603197237018
00829-QaLdnwvtxbs,belief,165,easel,0_2_164,0_2,2,0.00885652436642582,0.955928448287553,0.9241800773116434,0.9662683808354755,0.010374891533313146
00829-QaLdnwvtxbs,belief,165,easel,0_2_71,0_2,3,0.007200942117321561,0.9601071541173409,0.8761167328879654,0.9975666810619327,0.008581549344148847
00829-QaLdnwvtxbs,belief,165,easel,0_2_166,0_2,4,0.004471002049754038,0.9025295258570561,1.0,0.9989595765540077,0.004959016299969487
00829-QaLdnwvtxbs,belief,165,easel,0_0_56,0_0,5,0.003686738198904592,0.9856581647718591,0.9157302020312819,0.9950200479570681,0.004105032556637662
00829-QaLdnwvtxbs,belief,166,electric hub,0_0_21,0_0,1,3.927312182586629e-05,0.9143228871071781,0.9488101997950833,0.9960265922869888,4.5451221088281176e-05
00829-QaLdnwvtxbs,belief,166,electric hub,0_0_29,0_0,2,3.3958967357443914e-05,0.9745103120803833,0.9449438616336413,0.9837028875686332,3.7488501583667576e-05
00829-QaLdnwvtxbs,belief,166,electric hub,0_0_91,0_0,3,3.3657747871697445e-05,0.9840268381742269,0.9554506060675896,0.9977198907046748,3.5880727387890624e-05
00829-QaLdnwvtxbs,belief,166,electric hub,0_3_351,0_3,4,3.065630810232888e-05,0.9474742531776427,0.9589728395221819,0.999023676111871,3.377305498730144e-05
00829-QaLdnwvtxbs,belief,166,electric hub,0_1_50,0_1,5,2.534053906697996e-05,0.940958428828277,0.9434665705622436,0.9895452993633691,2.884584169168361e-05
00829-QaLdnwvtxbs,belief,167,electric wire casing,0_4_100,0_4,1,0.15584157788419495,0.9845428940661991,0.9292253720092198,0.9925254914494402,0.1716271400316563
00829-QaLdnwvtxbs,belief,167,electric wire casing,0_0_30,0_0,2,0.12481102806802188,0.979391534979755,0.9420017589148175,0.9446387371032863,0.1432119142782869
00829-QaLdnwvtxbs,belief,167,electric wire casing,0_0_32,0_0,3,0.01443136580222121,0.9949106973830635,0.8973991163111548,0.9798330992486709,0.01649626372891304
00829-QaLdnwvtxbs,belief,167,electric wire casing,0_2_126,0_2,4,0.007772578560114612,0.9463739966734861,0.9080206594728535,0.996143840115136,0.009079972600450128
00829-QaLdnwvtxbs,belief,167,electric wire casing,0_2_127,0_2,5,0.007108743582434819,0.9716200333792568,0.9386449744823686,0.9934067028687333,0.007846354814585848
00829-QaLdnwvtxbs,belief,168,electrical box,0_0_45,0_0,1,0.06992078070456666,0.9192200150897122,0.9569546469240678,0.9995554901828028,0.07952222667187958
00829-QaLdnwvtxbs,belief,168,electrical box,0_2_86,0_2,2,0.03873791625752858,0.9829763059568757,0.9475881391642806,0.9994426442085459,0.04161172448936118
00829-QaLdnwvtxbs,belief,168,electrical box,0_3_351,0_3,3,0.031343667291255047,0.9474742531776427,0.9589728395221819,0.999023676111871,0.034530296192150464
00829-QaLdnwvtxbs,belief,168,electrical box,0_2_71,0_2,4,0.02660539077658324,0.9601071541173409,0.8761167328879654,0.9975666810619327,0.03170633370603111
00829-QaLdnwvtxbs,belief,168,electrical box,0_2_11,0_2,5,0.02360604683302295,0.8698852052932774,0.9085680348125049,0.9993977163754069,0.029885843208274688
00829-QaLdnwvtxbs,belief,169,electrical device,0_2_86,0_2,1,0.01937146398765607,0.9829763059568757,0.9475881391642806,0.9994426442085459,0.02080855400303746
00829-QaLdnwvtxbs,belief,169,electrical device,0_3_351,0_3,2,0.018812856347812063,0.9474742531776427,0.9589728395221819,0.999023676111871,0.020725510383769682
00829-QaLdnwvtxbs,belief,169,electrical device,0_0_21,0_0,3,0.014519961389637608,0.9143228871071781,0.9488101997950833,0.9960265922869888,0.016804112956435902
00829-QaLdnwvtxbs,belief,169,electrical device,0_0_95,0_0,4,0.01131748083618562,0.6515540605830769,0.8815192841430087,0.9877028660350318,0.019949921020929393
00829-QaLdnwvtxbs,belief,169,electrical device,0_0_45,0_0,5,0.009163914624445792,0.9192200150897122,0.9569546469240678,0.9995554901828028,0.0104222934673173
00829-QaLdnwvtxbs,belief,170,electrical installation,0_4_100,0_4,1,0.030552280271470285,0.9845428940661991,0.9292253720092198,0.9925254914494402,0.03364699302733275
00829-QaLdnwvtxbs,belief,170,electrical installation,0_2_11,0_2,2,0.021378255389079462,0.8698852052932774,0.9085680348125049,0.9993977163754069,0.02706540375624023
00829-QaLdnwvtxbs,belief,170,electrical installation,0_2_20,0_2,3,0.010360948728442154,0.9755778701544404,0.9368738556709146,0.9995203518216199,0.01134135182516866
00829-QaLdnwvtxbs,belief,170,electrical installation,0_3_122,0_3,4,0.010273561889649166,0.9920132237991041,0.956981651669863,0.9954066830159862,0.01087174899185136
00829-QaLdnwvtxbs,belief,170,electrical installation,0_3_1,0_3,5,0.009306511662925123,0.9731469054880941,0.9337441628915149,0.9958055123632535,0.010285042580281277
00829-QaLdnwvtxbs,belief,171,elevator,0_3_221,0_3,1,0.03612671803114009,0.9727343254433324,0.9096912152385841,0.9982048664610679,0.04089974350871417
00829-QaLdnwvtxbs,belief,171,elevator,0_2_80,0_2,2,0.031840196924013936,0.9724949253906023,0.9432373428086318,0.996184532950654,0.034843969157939574
00829-QaLdnwvtxbs,belief,171,elevator,0_2_77,0_2,3,0.010773439335288956,0.9931389569542629,0.9333977617992191,0.9960396514889327,0.01166812222605624
00829-QaLdnwvtxbs,belief,171,elevator,0_2_71,0_2,4,0.008703789741038123,0.9601071541173409,0.8761167328879654,0.9975666810619327,0.010372531805823952
00829-QaLdnwvtxbs,belief,171,elevator,0_3_265,0_3,5,0.00800732698186475,0.9727750242356062,0.9464143901573858,0.9990913826746805,0.008705397443553264
00829-QaLdnwvtxbs,belief,172,exercise ball,0_3_46,0_3,1,0.00024595690437253636,0.9613787902697608,0.9227091226001609,0.9441819203551434,0.00029365945420120626
00829-QaLdnwvtxbs,belief,172,exercise ball,0_3_101,0_3,2,0.00021150380121183238,0.9791525103858175,0.975724896192237,0.6132452325871574,0.00036099922394039274
00829-QaLdnwvtxbs,belief,172,exercise ball,0_3_83,0_3,3,0.00013993851722509718,0.9828181131851393,0.9219149879587536,0.9601051810237284,0.00016086235676061533
00829-QaLdnwvtxbs,belief,172,exercise ball,0_1_34,0_1,4,9.168569647154369e-05,0.9027275769316443,0.8813021580270746,0.9989655980133577,0.00011536378930235164
00829-QaLdnwvtxbs,belief,172,exercise ball,0_3_73,0_3,5,7.165910034807806e-05,0.9854319304914134,0.941852970572902,0.5402934593739244,0.00014289989150436652
00829-QaLdnwvtxbs,belief,173,exercise bike,0_0_29,0_0,1,0.0003960601633066765,0.9745103120803833,0.9449438616336413,0.9837028875686332,0.000437224780808752
00829-QaLdnwvtxbs,belief,173,exercise bike,0_2_71,0_2,2,0.00033315601047899824,0.9601071541173409,0.8761167328879654,0.9975666810619327,0.00039703065191263
00829-QaLdnwvtxbs,belief,173,exercise bike,0_2_79,0_2,3,0.00014501020676481514,0.9708657863340816,0.9319677390333537,0.991840751321489,0.0001615833277610137
00829-QaLdnwvtxbs,belief,173,exercise bike,0_2_132,0_2,4,0.00013541221532625014,0.8174735053777695,0.9414269692541382,0.9949100102681608,0.000176853525302719
00829-QaLdnwvtxbs,belief,173,exercise bike,0_3_342,0_3,5,0.00013514719957396365,0.969762212668559,0.9604775740539282,0.9881189215028591,0.0001468403289148528
00829-QaLdnwvtxbs,belief,174,exercise equipment,0_0_29,0_0,1,7.031077610988684e-05,0.9745103120803833,0.9449438616336413,0.9837028875686332,7.761854516364154e-05
00829-QaLdnwvtxbs,belief,174,exercise equipment,0_2_71,0_2,2,3.068681655615082e-05,0.9601071541173409,0.8761167328879654,0.9975666810619327,3.657027458365452e-05
00829-QaLdnwvtxbs,belief,174,exercise equipment,0_2_164,0_2,3,2.5559285894085953e-05,0.955928448287553,0.9241800773116434,0.9662683808354755,2.9941183228189735e-05
00829-QaLdnwvtxbs,belief,174,exercise equipment,0_2_66,0_2,4,2.528432925447656e-05,0.970324709402946,0.9290128585169263,0.9912809958219424,2.8295400202449548e-05
00829-QaLdnwvtxbs,belief,174,exercise equipment,0_4_97,0_4,5,1.2062927543428675e-05,0.9818021404441597,0.9427310769671773,0.9892209815654808,1.317490831537947e-05
00829-QaLdnwvtxbs,belief,175,exercise ladder,0_3_117,0_3,1,0.0025415580826396974,0.9709534859178668,0.9097389018378834,0.9726812811172267,0.0029581097952954133
00829-QaLdnwvtxbs,belief,175,exercise ladder,0_1_38,0_1,2,0.0016012417025465058,0.8996334107147632,0.9107840990239411,0.9959668403347166,0.001962144544414973
00829-QaLdnwvtxbs,belief,175,exercise ladder,0_2_164,0_2,3,0.001136312050529854,0.955928448287553,0.9241800773116434,0.9662683808354755,0.0013311219824489176
00829-QaLdnwvtxbs,belief,175,exercise ladder,0_4_100,0_4,4,0.0008979463550187674,0.9845428940661991,0.9292253720092198,0.9925254914494402,0.0009889014658735111
00829-QaLdnwvtxbs,belief,175,exercise ladder,0_2_165,0_2,5,0.0006022396844107537,0.9699197729809437,0.9602325145987616,0.9720523142670042,0.0006652233892634898
00829-QaLdnwvtxbs,belief,176,exercise mat,0_2_9,0_2,1,0.0008259925142629071,0.891311696767807,0.978185441523747,0.9958528779838302,0.0009513276683767381
00829-QaLdnwvtxbs,belief,176,exercise mat,0_2_66,0_2,2,0.00043971695455112455,0.970324709402946,0.9290128585169263,0.9912809958219424,0.0004920821541122573
00829-QaLdnwvtxbs,belief,176,exercise mat,0_3_94,0_3,3,0.00033551365522202443,0.9057604646488226,0.9294885230117531,0.9958992379815265,0.0004001634405292298
00829-QaLdnwvtxbs,belief,176,exercise mat,0_2_74,0_2,4,0.00011647416483024434,0.9741659636729254,0.9312645259951036,0.996722245284288,0.00012880995906143988
00829-QaLdnwvtxbs,belief,176,exercise mat,0_1_62,0_1,5,9.74332147354742e-05,0.9718005651358458,0.8996176338117265,0.9971174263252387,0.00011177009465248464
00829-QaLdnwvtxbs,belief,177,exhibition panel,0_1_29,0_1,1,0.01191815128059129,0.9801348571012872,0.9082320948362044,0.9995834925122363,0.013393902678886434
00829-QaLdnwvtxbs,belief,177,exhibition panel,0_1_65,0_1,2,0.008233714489994687,0.9735222220015599,0.9540763326110873,0.9997555364021795,0.008866924155046306
00829-QaLdnwvtxbs,belief,177,exhibition panel,0_1_17,0_1,3,0.005642103087119227,0.9207844926478056,0.9127121147653887,0.9991539768417026,0.006719187865747929
00829-QaLdnwvtxbs,belief,177,exhibition panel,0_1_70,0_1,4,0.001172793104857758,0.9064351471377091,0.9711925891470299,0.9974820809974182,0.0013355932162829897
00829-QaLdnwvtxbs,belief,177,exhibition panel,0_2_20,0_2,5,0.0008620746812633543,0.9755778701544404,0.9368738556709146,0.9995203518216199,0.0009436483584691857
00829-QaLdnwvtxbs,belief,178,extractor hood,0_4_100,0_4,1,0.48537885163569255,0.9845428940661991,0.9292253720092198,0.9925254914494402,0.5345440239317034
00829-QaLdnwvtxbs,belief,178,extractor hood,0_2_61,0_2,2,0.3104368741808687,0.9853296402427886,0.9425637664070419,0.9831661303264686,0.3399805756728468
00829-QaLdnwvtxbs,belief,178,extractor hood,0_2_126,0_2,3,0.23574417032072115,0.9463739966734861,0.9080206594728535,0.996143840115136,0.2753977448632481
00829-QaLdnwvtxbs,belief,178,extractor hood,0_4_35,0_4,4,0.12229480887228879,0.9289367587313717,0.9085533132636621,0.9894260921831448,0.14644956924156624
00829-QaLdnwvtxbs,belief,178,extractor hood,0_4_82,0_4,5,0.12149623581190575,0.9921106015443804,0.9635382904444146,0.9835741109117667,0.12921908619562184
00829-QaLdnwvtxbs,belief,179,eyeglasses,0_0_29,0_0,1,0.00024663666878397086,0.9745103120803833,0.9449438616336413,0.9837028875686332,0.00027227091598448224
00829-QaLdnwvtxbs,belief,179,eyeglasses,0_3_277,0_3,2,0.00015869292789404848,0.9584286383279857,0.8930122431747622,0.7984749493913051,0.0002322090181624749
00829-QaLdnwvtxbs,belief,179,eyeglasses,0_1_20,0_1,3,0.00013768897436101842,0.9429041976052321,0.9577240798783183,0.9584469845375457,0.0001590827513315911
00829-QaLdnwvtxbs,belief,179,eyeglasses,0_2_149,0_2,4,6.095724786526109e-05,0.9855411365415297,0.9320978007653997,0.9932138805566623,6.681074750994403e-05
00829-QaLdnwvtxbs,belief,179,eyeglasses,0_1_43,0_1,5,5.7918655128163195e-05,0.9263140429280267,0.9817682153820861,0.974780379492114,6.533478618228042e-05
00829-QaLdnwvtxbs,belief,180,fan,0_0_49,0_0,1,0.6970664906538304,0.9619258290783972,0.9942194117019197,0.9971866403067285,0.7309268738180432
00829-QaLdnwvtxbs,belief,180,fan,0_4_22,0_4,2,0.4428716463644418,0.9261379136393467,0.907570705970522,0.998101660847278,0.5278942911947927
00829-QaLdnwvtxbs,belief,180,fan,0_2_61,0_2,3,0.2814210159900874,0.9853296402427886,0.9425637664070419,0.9831661303264686,0.3082033320790461
00829-QaLdnwvtxbs,belief,180,fan,0_3_88,0_3,4,0.2388669876301866,0.9857081498033481,0.9356065821482229,0.9988403382922301,0.25930950958064525
00829-QaLdnwvtxbs,belief,180,fan,0_4_100,0_4,5,0.2113239516215548,0.9845428940661991,0.9292253720092198,0.9925254914494402,0.23272945467702327
00829-QaLdnwvtxbs,belief,181,faucet,0_4_93,0_4,1,0.8376275992238013,0.9524783291842067,0.9518953926537175,0.9997347134059509,0.9241061877186876
00829-QaLdnwvtxbs,belief,181,faucet,0_4_73,0_4,2,0.0864957239481863,0.9655121746007354,0.9259482860765686,0.9993744658405801,0.09681037502054339
00829-QaLdnwvtxbs,belief,181,faucet,0_2_118,0_2,3,0.06915902283178922,0.8750060589402894,0.904187828084791,0.9999351747996527,0.08741929219582018
00829-QaLdnwvtxbs,belief,181,faucet,0_4_101,0_4,4,0.06851015988438511,0.9825017543904708,0.9983904216059691,0.9999733643424413,0.06984459583196886
00829-QaLdnwvtxbs,belief,181,faucet,0_2_60,0_2,5,0.022513570372238733,0.9567685729502454,0.9543225742967028,0.9999862264454508,0.02465745546058555
00829-QaLdnwvtxbs,belief,182,fire extinguisher,0_0_24,0_0,1,0.8863574963725919,0.9540354907512665,0.9491802163805971,0.9999277145804252,0.978874708484787
00829-QaLdnwvtxbs,belief,182,fire extinguisher,0_0_75,0_0,2,0.008697017697063806,0.9711026629510843,0.91942287731796,0.9967338657165301,0.009772612723863889
00829-QaLdnwvtxbs,belief,182,fire extinguisher,0_2_71,0_2,3,0.006040928206511971,0.9601071541173409,0.8761167328879654,0.9975666810619327,0.0071991307031815865
00829-QaLdnwvtxbs,belief,182,fire extinguisher,0_2_132,0_2,4,0.0033856341834362005,0.8174735053777695,0.9414269692541382,0.9949100102681608,0.004421767558292154
00829-QaLdnwvtxbs,belief,182,fire extinguisher,0_1_69,0_1,5,0.0015580175576483076,0.835577734708786,0.970699057137362,0.9951126082079284,0.0019303170730909623
00829-QaLdnwvtxbs,belief,183,fireplace,0_2_71,0_2,1,0.0020563438842754913,0.9601071541173409,0.8761167328879654,0.9975666810619327,0.0024505983000475237
00829-QaLdnwvtxbs,belief,183,fireplace,0_1_43,0_1,2,0.0013394161887746552,0.9263140429280267,0.9817682153820861,0.974780379492114,0.0015109202744613573
00829-QaLdnwvtxbs,belief,183,fireplace,0_3_346,0_3,3,0.00035048325460406966,0.9718983392654899,0.9197675749308407,0.999694502863465,0.0003921940800485581
00829-QaLdnwvtxbs,belief,183,fireplace,0_3_355,0_3,4,0.0003448852001211692,0.9731509902906974,0.9154776567803746,0.9997783772914408,0.0003872066790955942
00829-QaLdnwvtxbs,belief,183,fireplace,0_3_352,0_3,5,0.0003253534737776828,0.9622529218840002,0.9216000696911629,0.9997322171381572,0.00036697799436030356
00829-QaLdnwvtxbs,belief,184,fireplace tool set,0_2_71,0_2,1,0.0006808242534229566,0.9601071541173409,0.8761167328879654,0.9975666810619327,0.0008113559073594621
00829-QaLdnwvtxbs,belief,184,fireplace tool set,0_0_95,0_0,2,0.0003556939167470286,0.6515540605830769,0.8815192841430087,0.9877028660350318,0.0006270004473115479
00829-QaLdnwvtxbs,belief,184,fireplace tool set,0_1_53,0_1,3,0.00027602177169737375,0.9749215862194056,0.9501554997037894,0.996800738676546,0.0002989307660664674
00829-QaLdnwvtxbs,belief,184,fireplace tool set,0_3_342,0_3,4,0.0002288644859552318,0.969762212668559,0.9604775740539282,0.9881189215028591,0.00024866616918837954
00829-QaLdnwvtxbs,belief,184,fireplace tool set,0_2_164,0_2,5,0.00021185755721743246,0.955928448287553,0.9241800773116434,0.9662683808354755,0.0002481785275695662
00829-QaLdnwvtxbs,belief,185,firewood,0_1_43,0_1,1,0.0032691777273358173,0.9263140429280267,0.9817682153820861,0.974780379492114,0.0036877760254398497
00829-QaLdnwvtxbs,belief,185,firewood,0_0_29,0_0,2,0.0018251946661375013,0.9745103120803833,0.9449438616336413,0.9837028875686332,0.002014896755009796
00829-QaLdnwvtxbs,belief,185,firewood,0_3_35,0_3,3,0.0012958416299925577,0.9529664658777607,0.9291028761950662,0.9906251337735261,0.0014774104359650138
00829-QaLdnwvtxbs,belief,185,firewood,0_1_61,0_1,4,0.0011256446874261237,0.8905994461079438,0.8994019547540675,0.9450428124209881,0.0014870089921780946
00829-QaLdnwvtxbs,belief,185,firewood,0_2_178,0_2,5,0.001084224125874036,0.9830488621452709,0.9638973514160047,0.9822477923093185,0.0011649093034156487
00829-QaLdnwvtxbs,belief,186,fishing rod,0_1_32,0_1,1,0.003209272383198919,0.9754029492268419,0.9067709385938889,0.9965741552453404,0.003640954917510595
00829-QaLdnwvtxbs,belief,186,fishing rod,0_3_177,0_3,2,0.0009055836455143199,0.9766247625057128,0.9179685651540588,0.9893945082369284,0.0010209477916687836
00829-QaLdnwvtxbs,belief,186,fishing rod,0_1_20,0_1,3,0.0005754791429496424,0.9429041976052321,0.9577240798783183,0.9584469845375457,0.0006648956884110092
00829-QaLdnwvtxbs,belief,186,fishing rod,0_3_83,0_3,4,0.0004770501477023739,0.9828181131851393,0.9219149879587536,0.9601051810237284,0.0005483794781744388
00829-QaLdnwvtxbs,belief,186,fishing rod,0_2_163,0_2,5,0.0004671842345673771,0.9649076473154472,0.9066912981805136,0.982615010991516,0.0005434499940720807
00829-QaLdnwvtxbs,belief,187,flag,0_3_141,0_3,1,0.17979732233018614,0.9578315346554567,0.9231406772515689,0.9587266611662122,0.21209547129877143
00829-QaLdnwvtxbs,belief,187,flag,0_3_83,0_3,2,0.12943209389605675,0.9828181131851393,0.9219149879587536,0.9601051810237284,0.14878499556408661
00829-QaLdnwvtxbs,belief,187,flag,0_2_61,0_2,3,0.10255819210927415,0.9853296402427886,0.9425637664070419,0.9831661303264686,0.11231846501895436
00829-QaLdnwvtxbs,belief,187,flag,0_3_117,0_3,4,0.10077795111013767,0.9709534859178668,0.9097389018378834,0.9726812811172267,0.11729507437385693
00829-QaLdnwvtxbs,belief,187,flag,0_2_165,0_2,5,0.09969983803516343,0.9699197729809437,0.9602325145987616,0.9720523142670042,0.11012669188624484
00829-QaLdnwvtxbs,belief,188,flashlight,0_1_48,0_1,1,0.1798904222004228,0.9371238040617654,0.9170594549230693,0.9820927562097542,0.21313809062798045
00829-QaLdnwvtxbs,belief,188,flashlight,0_1_50,0_1,2,0.07558544589543728,0.940958428828277,0.9434665705622436,0.9895452993633691,0.08604101912481327
00829-QaLdnwvtxbs,belief,188,flashlight,0_1_55,0_1,3,0.0239153823616551,0.9768177385256933,0.9229329524646186,0.9978520712956364,0.026584437513578155
00829-QaLdnwvtxbs,belief,188,flashlight,0_1_56,0_1,4,0.023872361387523668,0.7919057467803167,0.9276421968050395,0.9951783785148174,0.03265430599977646
00829-QaLdnwvtxbs,belief,188,flashlight,0_1_51,0_1,5,0.021835794083045694,0.9464436181573843,0.914643103996742,0.9935238739508189,0.025388922574936447
00829-QaLdnwvtxbs,belief,189,floor stand,0_0_95,0_0,1,0.3783329408329804,0.6515540605830769,0.8815192841430087,0.9877028660350318,0.6669074503843163
00829-QaLdnwvtxbs,belief,189,floor stand,0_3_219,0_3,2,0.3733635978545493,0.9805473042953581,0.9294563411150665,0.999334656470586,0.4099430040961128
00829-QaLdnwvtxbs,belief,189,floor stand,0_3_214,0_3,3,0.2371100697113303,0.980349579623767,0.9265913540702199,0.9993954649021487,0.2611821023693175
00829-QaLdnwvtxbs,belief,189,floor stand,0_3_181,0_3,4,0.13263197370247864,0.991125818989127,0.944265522718858,0.9927403653319358,0.14275444138723783
00829-QaLdnwvtxbs,belief,189,floor stand,0_0_90,0_0,5,0.1097973975208901,0.9330309557315117,0.8720743076128528,0.9973005303875905,0.1353058119234805
00829-QaLdnwvtxbs,belief,190,flower stand,0_1_43,0_1,1,2.143588115741229e-05,0.9263140429280267,0.9817682153820861,0.974780379492114,2.4180615191240898e-05
00829-QaLdnwvtxbs,belief,190,flower stand,0_3_219,0_3,2,7.407930860933492e-06,0.9805473042953581,0.9294563411150665,0.999334656470586,8.133705183681114e-06
00829-QaLdnwvtxbs,belief,190,flower stand,0_3_214,0_3,3,6.554583915127814e-06,0.980349579623767,0.9265913540702199,0.9993954649021487,7.220022368486485e-06
00829-QaLdnwvtxbs,belief,190,flower stand,0_1_20,0_1,4,3.835793962158964e-06,0.9429041976052321,0.9577240798783183,0.9584469845375457,4.431790271321182e-06
00829-QaLdnwvtxbs,belief,190,flower stand,0_3_342,0_3,5,3.6720861164687213e-06,0.969762212668559,0.9604775740539282,0.9881189215028591,3.989800268490441e-06
00829-QaLdnwvtxbs,belief,191,flowerbed,0_0_34,0_0,1,1.924600008803794e-05,0.9612707408690694,0.9388840210295921,0.9844560060496962,2.1661398859460964e-05
00829-QaLdnwvtxbs,belief,191,flowerbed,0_0_48,0_0,2,1.7947754951561162e-05,0.7133266356256274,0.9922616393383615,0.9824163024986671,2.581070860617519e-05
00829-QaLdnwvtxbs,belief,191,flowerbed,0_1_43,0_1,3,1.7524898272422506e-05,0.9263140429280267,0.9817682153820861,0.974780379492114,1.976885476641853e-05
00829-QaLdnwvtxbs,belief,191,flowerbed,0_0_35,0_0,4,1.2103966044270638e-05,0.9682283273765021,0.9523646014179328,0.9908101003000919,1.3248180674806475e-05
00829-QaLdnwvtxbs,belief,191,flowerbed,0_0_53,0_0,5,1.0008038659951232e-05,0.8967390975938434,0.9799045051973353,0.979623210401554,1.1626260463522368e-05
00829-QaLdnwvtxbs,belief,192,flush,0_4_82,0_4,1,0.3121969198195696,0.9921106015443804,0.9635382904444146,0.9835741109117667,0.33204156838758125
00829-QaLdnwvtxbs,belief,192,flush,0_4_83,0_4,2,0.18852080824755943,0.9789907316329346,0.9578645280400937,0.9881564908472473,0.20344681462394493
00829-QaLdnwvtxbs,belief,192,flush,0_4_35,0_4,3,0.15903546855108872,0.9289367587313717,0.9085533132636621,0.9894260921831448,0.19044697054770174
00829-QaLdnwvtxbs,belief,192,flush,0_4_8,0_4,4,0.1392860376939249,0.9651949381256641,0.8947576037307547,0.990038378433478,0.162905264944809
00829-QaLdnwvtxbs,belief,192,flush,0_4_73,0_4,5,0.10353022347439711,0.9655121746007354,0.9259482860765686,0.9993744658405801,0.11587624570344107
00829-QaLdnwvtxbs,belief,193,flush button,0_0_25,0_0,1,0.027147515708421752,0.8010731935501099,0.9737998604221256,0.9989405298680443,0.0348376259600835
00829-QaLdnwvtxbs,belief,193,flush button,0_2_86,0_2,2,0.023273154215410378,0.9829763059568757,0.9475881391642806,0.9994426442085459,0.024999694737629547
00829-QaLdnwvtxbs,belief,193,flush button,0_4_82,0_4,3,0.020255186093685602,0.9921106015443804,0.9635382904444146,0.9835741109117667,0.021542697354018262
00829-QaLdnwvtxbs,belief,193,flush button,0_4_83,0_4,4,0.00826886664814283,0.9789907316329346,0.9578645280400937,0.9881564908472473,0.008923548523650114
00829-QaLdnwvtxbs,belief,193,flush button,0_4_8,0_4,5,0.0071262626488252,0.9651949381256641,0.8947576037307547,0.990038378433478,0.008334688272375197
00829-QaLdnwvtxbs,belief,194,flush push,0_4_82,0_4,1,0.036985134013659514,0.9921106015443804,0.9635382904444146,0.9835741109117667,0.039336076448216746
00829-QaLdnwvtxbs,belief,194,flush push,0_4_83,0_4,2,0.01734261545948765,0.9789907316329346,0.9578645280400937,0.9881564908472473,0.018715705206650165
00829-QaLdnwvtxbs,belief,194,flush push,0_4_8,0_4,3,0.01719017150623217,0.9651949381256641,0.8947576037307547,0.990038378433478,0.020105169836356105
00829-QaLdnwvtxbs,belief,194,flush push,0_4_56,0_4,4,0.013682658134076455,0.9780339415988635,0.9537872817190227,0.9973568578879239,0.014706673269961095
00829-QaLdnwvtxbs,belief,194,flush push,0_4_35,0_4,5,0.013342807593541657,0.9289367587313717,0.9085533132636621,0.9894260921831448,0.01597817963465536
00829-QaLdnwvtxbs,belief,195,foam,0_2_85,0_2,1,0.8240878738331021,0.9658536282654389,0.9162352508219502,0.9997123681332204,0.9314941813562906
00829-QaLdnwvtxbs,belief,195,foam,0_2_42,0_2,2,0.8192749616176669,0.9896341121291935,0.9310212620298719,0.9982773535375602,0.8907261597668353
00829-QaLdnwvtxbs,belief,195,foam,0_1_1,0_1,3,0.80335112178435,0.9774552790338964,0.9613759661155152,0.9984678875601036,0.8562116749467228
00829-QaLdnwvtxbs,belief,195,foam,0_0_77,0_0,4,0.7418114734931405,0.9548168082128237,0.8912423107460249,0.9643078978214618,0.9039865544347117
00829-QaLdnwvtxbs,belief,195,foam,0_1_49,0_1,5,0.6718662640477979,0.9424745594266972,0.9708588367556013,0.9975914191022037,0.7360450663113923
00829-QaLdnwvtxbs,belief,196,folding stand,0_3_219,0_3,1,0.24652386583994731,0.9805473042953581,0.9294563411150665,0.999334656470586,0.27067645245690275
00829-QaLdnwvtxbs,belief,196,folding stand,0_3_214,0_3,2,0.15218421749598127,0.980349579623767,0.9265913540702199,0.9993954649021487,0.16763435615122046
00829-QaLdnwvtxbs,belief,196,folding stand,0_3_17,0_3,3,0.04358535147237086,0.9790611097877775,0.9196359163644019,0.996402770163139,0.04858250477540965
00829-QaLdnwvtxbs,belief,196,folding stand,0_0_95,0_0,4,0.02823033753671181,0.6515540605830769,0.8815192841430087,0.9877028660350318,0.04976310650784318
00829-QaLdnwvtxbs,belief,196,folding stand,0_3_78,0_3,5,0.01379151125802123,0.8606472224178199,0.8872451684772089,0.991448377036202,0.0182168355388647
00829-QaLdnwvtxbs,belief,197,food,0_3_11,0_3,1,0.07431759973925851,0.8894486994548881,0.9071771840028413,0.8797349768554308,0.10469520511989915
00829-QaLdnwvtxbs,belief,197,food,0_3_73,0_3,2,0.0709558660489942,0.9854319304914134,0.941852970572902,0.5402934593739244,0.1414975280285051
00829-QaLdnwvtxbs,belief,197,food,0_3_101,0_3,3,0.05304194622367747,0.9791525103858175,0.975724896192237,0.6132452325871574,0.0905331313826259
00829-QaLdnwvtxbs,belief,197,food,0_3_179,0_3,4,0.03779206013199703,0.9724847239132388,0.9382852760785485,0.7446113513227317,0.055622848414519435
00829-QaLdnwvtxbs,belief,197,food,0_1_43,0_1,5,0.009684349609147104,0.9263140429280267,0.9817682153820861,0.974780379492114,0.010924371597164586
00829-QaLdnwvtxbs,belief,198,food processor,0_2_79,0_2,1,0.0032521005951494245,0.9708657863340816,0.9319677390333537,0.991840751321489,0.0036237810296352144
00829-QaLdnwvtxbs,belief,198,food processor,0_3_145,0_3,2,0.0018489543572586449,0.9842710214791858,0.9367794637484924,0.9975332017347288,0.002010234723256884
00829-QaLdnwvtxbs,belief,198,food processor,0_0_29,0_0,3,0.0007501217636005986,0.9745103120803833,0.9449438616336413,0.9837028875686332,0.0008280858668842989
00829-QaLdnwvtxbs,belief,198,food processor,0_2_61,0_2,4,0.0005867594138295885,0.9853296402427886,0.9425637664070419,0.9831661303264686,0.00064260021887419
00829-QaLdnwvtxbs,belief,198,food processor,0_3_179,0_3,5,0.00047362423636082454,0.9724847239132388,0.9382852760785485,0.7446113513227317,0.0006970863459818634
00829-QaLdnwvtxbs,belief,199,food stand,0_1_43,0_1,1,3.773783545016113e-05,0.9263140429280267,0.9817682153820861,0.974780379492114,4.25699354493377e-05
00829-QaLdnwvtxbs,belief,199,food stand,0_0_29,0_0,2,3.390104613697541e-05,0.9745103120803833,0.9449438616336413,0.9837028875686332,3.742456030587764e-05
00829-QaLdnwvtxbs,belief,199,food stand,0_2_61,0_2,3,2.7744819994115046e-05,0.9853296402427886,0.9425637664070419,0.9831661303264686,3.038524304958374e-05
00829-QaLdnwvtxbs,belief,199,food stand,0_2_164,0_2,4,1.9650127312984868e-05,0.955928448287553,0.9241800773116434,0.9662683808354755,2.3018955411092714e-05
00829-QaLdnwvtxbs,belief,199,food stand,0_1_68,0_1,5,1.5179742711730045e-05,0.938170738473083,0.9668815624429336,0.9988075715237827,1.6754343793996488e-05
00829-QaLdnwvtxbs,belief,200,foosball table,0_0_29,0_0,1,0.000123315404893799,0.9745103120803833,0.9449438616336413,0.9837028875686332,0.00013613222401588827
00829-QaLdnwvtxbs,belief,200,foosball table,0_1_68,0_1,2,3.288535448508198e-05,0.938170738473083,0.9668815624429336,0.9988075715237827,3.629656610745764e-05
00829-QaLdnwvtxbs,belief,200,foosball table,0_0_93,0_0,3,3.0231822098134623e-05,0.9023368383870741,0.9265157162221913,0.9989826956439248,3.619802530086783e-05
00829-QaLdnwvtxbs,belief,200,foosball table,0_0_22,0_0,4,2.4807016091877293e-05,0.9607429411262274,0.9646034928528409,0.9985138059602161,2.6808000437274113e-05
00829-QaLdnwvtxbs,belief,200,foosball table,0_3_342,0_3,5,1.978195905734964e-05,0.969762212668559,0.9604775740539282,0.9881189215028591,2.1493522497827508e-05
00829-QaLdnwvtxbs,belief,201,foot spa,0_0_29,0_0,1,0.0004135897959012935,0.9745103120803833,0.9449438616336413,0.9837028875686332,0.0004565763603891116
00829-QaLdnwvtxbs,belief,201,foot spa,0_2_66,0_2,2,0.0001373912848669614,0.970324709402946,0.9290128585169263,0.9912809958219424,0.0001537529965898201
00829-QaLdnwvtxbs,belief,201,foot spa,0_2_92,0_2,3,0.0001325564740324155,0.9483009825821102,0.9283667601600114,0.9676517871722266,0.00015560231626820755
00829-QaLdnwvtxbs,belief,201,foot spa,0_2_79,0_2,4,9.897054184971184e-05,0.9708657863340816,0.9319677390333537,0.991840751321489,0.00011028181987440185
00829-QaLdnwvtxbs,belief,201,foot spa,0_4_98,0_4,5,4.854728036959355e-05,0.9558548692494703,0.8997037016569993,0.997644510067095,5.658451847598396e-05
00829-QaLdnwvtxbs,belief,202,football,0_4_82,0_4,1,0.0021303392103019046,0.9921106015443804,0.9635382904444146,0.9835741109117667,0.0022657532079272806
00829-QaLdnwvtxbs,belief,202,football,0_3_13,0_3,2,0.0019633088512020767,0.8679845434900648,0.8943142081744146,0.9693747913479863,0.0026091243666272047
00829-QaLdnwvtxbs,belief,202,football,0_1_43,0_1,3,0.0015889694199499413,0.9263140429280267,0.9817682153820861,0.974780379492114,0.0017924272770645027
00829-QaLdnwvtxbs,belief,202,football,0_3_101,0_3,4,0.0014188545185473082,0.9791525103858175,0.975724896192237,0.6132452325871574,0.0024217313218257326
00829-QaLdnwvtxbs,belief,202,football,0_4_47,0_4,5,0.0013110646516886195,0.9891614917608691,0.9682564816936827,0.9888393750772777,0.00138433354583951
00829-QaLdnwvtxbs,belief,203,footstool,0_3_29,0_3,1,0.6807500856965902,0.9822193293802927,0.9398605173647284,0.9735572833056979,0.7574505972519835
00829-QaLdnwvtxbs,belief,203,footstool,0_1_12,0_1,2,0.6101892506403416,0.9919039778951515,0.9229958065767201,0.9990166488784538,0.667148427759179
00829-QaLdnwvtxbs,belief,203,footstool,0_3_125,0_3,3,0.43463867005905266,0.9600732823851363,0.9134418360848284,0.9997412822832743,0.49574170342930307
00829-QaLdnwvtxbs,belief,203,footstool,0_1_34,0_1,4,0.3778374746152824,0.9027275769316443,0.8813021580270746,0.9989655980133577,0.4754150809726208
00829-QaLdnwvtxbs,belief,203,footstool,0_3_276,0_3,5,0.2026095470649446,0.968507800041101,0.8929666612993967,0.9983009672806348,0.23467133617235156
00829-QaLdnwvtxbs,belief,204,frame,0_2_28,0_2,1,0.5172359642850088,0.9426561968332409,0.9616763101830127,0.9885164756817826,0.5771949965027343
00829-QaLdnwvtxbs,belief,204,frame,0_2_171,0_2,2,0.4680405263109752,0.9919897912793314,0.9250043589047252,0.9999222334540205,0.5101128360331857
00829-QaLdnwvtxbs,belief,204,frame,0_2_152,0_2,3,0.4253760710852677,0.9434138846487895,0.947545238910876,0.9911835070107298,0.48008349044474413
00829-QaLdnwvtxbs,belief,204,frame,0_2_166,0_2,4,0.32152464550425186,0.9025295258570561,1.0,0.9989595765540077,0.35661937528863596
00829-QaLdnwvtxbs,belief,204,frame,0_1_52,0_1,5,0.3138666213401577,0.9597709609270493,0.9273244826558965,0.9974840721164893,0.35354103682672283
00829-QaLdnwvtxbs,belief,205,fruit,0_3_73,0_3,1,0.10273383677250192,0.9854319304914134,0.941852970572902,0.5402934593739244,0.20486796592906942
00829-QaLdnwvtxbs,belief,205,fruit,0_3_11,0_3,2,0.05728742721068302,0.8894486994548881,0.9071771840028413,0.8797349768554308,0.08070388392058679
00829-QaLdnwvtxbs,belief,205,fruit,0_3_101,0_3,3,0.054614182865648994,0.9791525103858175,0.975724896192237,0.6132452325871574,0.09321665860223323
00829-QaLdnwvtxbs,belief,205,fruit,0_3_179,0_3,4,0.006823678964725792,0.9724847239132388,0.9382852760785485,0.7446113513227317,0.01004317995257781
00829-QaLdnwvtxbs,belief,205,fruit,0_3_145,0_3,5,0.004644991266351075,0.9842710214791858,0.9367794637484924,0.9975332017347288,0.0050501640000936475
00829-QaLdnwvtxbs,belief,206,fume cupboard,0_2_71,0_2,1,0.00816208992110479,0.9601071541173409,0.8761167328879654,0.9975666810619327,0.009726974091467052
00829-QaLdnwvtxbs,belief,206,fume cupboard,0_4_100,0_4,2,0.007606875947863633,0.9845428940661991,0.9292253720092198,0.9925254914494402,0.008377394410608282
00829-QaLdnwvtxbs,belief,206,fume cupboard,0_2_80,0_2,3,0.007270161635195516,0.9724949253906023,0.9432373428086318,0.996184532950654,0.007956021390022645
00829-QaLdnwvtxbs,belief,206,fume cupboard,0_3_222,0_3,4,0.007232157428638378,0.960038078952136,0.9443246401611358,0.997694333297128,0.007995775368429488
00829-QaLdnwvtxbs,belief,206,fume cupboard,0_3_2,0_3,5,0.00596606678294991,0.96202025747023,0.9306575012087376,0.997128376461631,0.006682868806974961
00829-QaLdnwvtxbs,belief,207,fur,0_2_92,0_2,1,0.32400029399934627,0.9483009825821102,0.9283667601600114,0.9676517871722266,0.38032994303658024
00829-QaLdnwvtxbs,belief,207,fur,0_3_57,0_3,2,0.08665285897098372,0.9845073036889634,0.938832724949896,0.9903236831810277,0.09466699012118161
00829-QaLdnwvtxbs,belief,207,fur,0_0_53,0_0,3,0.06332452857197543,0.8967390975938434,0.9799045051973353,0.979623210401554,0.07356361100538936
00829-QaLdnwvtxbs,belief,207,fur,0_0_48,0_0,4,0.054981300219785215,0.7133266356256274,0.9922616393383615,0.9824163024986671,0.07906873715356098
00829-QaLdnwvtxbs,belief,207,fur,0_3_179,0_3,5,0.04812577773639509,0.9724847239132388,0.9382852760785485,0.7446113513227317,0.07083214914753853
00829-QaLdnwvtxbs,belief,208,furnace,0_1_43,0_1,1,0.01747432804423627,0.9263140429280267,0.9817682153820861,0.974780379492114,0.019711809328494846
00829-QaLdnwvtxbs,belief,208,furnace,0_2_71,0_2,2,0.014534196915998877,0.9601071541173409,0.8761167328879654,0.9975666810619327,0.017320779139745814
00829-QaLdnwvtxbs,belief,208,furnace,0_2_61,0_2,3,0.010048640906734338,0.9853296402427886,0.9425637664070419,0.9831661303264686,0.011004951422783642
00829-QaLdnwvtxbs,belief,208,furnace,0_3_88,0_3,4,0.008302916083301293,0.9857081498033481,0.9356065821482229,0.9988403382922301,0.009013489553371935
00829-QaLdnwvtxbs,belief,208,furnace,0_0_29,0_0,5,0.004133195850511345,0.9745103120803833,0.9449438616336413,0.9837028875686332,0.004562780651029951
00829-QaLdnwvtxbs,belief,209,furniture,0_3_308,0_3,1,0.4051098389764851,0.9958626841602819,0.9201591552776968,0.9945279444022006,0.4445221331453732
00829-QaLdnwvtxbs,belief,209,furniture,0_0_78,0_0,2,0.34832421906833316,0.9536089213948301,0.907637778740539,0.999030279658381,0.4028303196163811
00829-QaLdnwvtxbs,belief,209,furniture,0_3_342,0_3,3,0.2038734666624997,0.969762212668559,0.9604775740539282,0.9881189215028591,0.2215128911002616
00829-QaLdnwvtxbs,belief,209,furniture,0_3_199,0_3,4,0.1358571830400946,0.9029479901006001,0.9360979980061563,0.9954826599289708,0.1614599649071037
00829-QaLdnwvtxbs,belief,209,furniture,0_3_120,0_3,5,0.12976914375779694,0.9740020769779513,0.9488991486023701,0.9983449895966936,0.1406406472626441
00829-QaLdnwvtxbs,belief,210,game,0_0_29,0_0,1,0.012631733687486307,0.9745103120803833,0.9449438616336413,0.9837028875686332,0.01394461625889207
00829-QaLdnwvtxbs,belief,210,game,0_3_351,0_3,2,0.009960558800355894,0.9474742531776427,0.9589728395221819,0.999023676111871,0.010973222833806057
00829-QaLdnwvtxbs,belief,210,game,0_0_102,0_0,3,0.0093780538991549,0.9647081651508119,0.9196356892104713,0.9921487403781908,0.010654281512936249
00829-QaLdnwvtxbs,belief,210,game,0_4_1,0_4,4,0.0063199184487471175,0.8925236130006884,0.8637943796135312,0.9730540570878572,0.008424505491962312
00829-QaLdnwvtxbs,belief,210,game,0_1_50,0_1,5,0.005882461207706804,0.940958428828277,0.9434665705622436,0.9895452993633691,0.006696169497676087
00829-QaLdnwvtxbs,belief,211,game console,0_3_317,0_3,1,0.03309643467664509,0.9867826312307327,0.9518020503584972,0.9996536842683158,0.035250356063181554
00829-QaLdnwvtxbs,belief,211,game console,0_3_130,0_3,2,0.018543297077545363,0.9321132361456153,0.9497109910664981,0.9997450204802159,0.020952582878502414
00829-QaLdnwvtxbs,belief,211,game console,0_0_29,0_0,3,0.018027330052987248,0.9745103120803833,0.9449438616336413,0.9837028875686332,0.01990100535529297
00829-QaLdnwvtxbs,belief,211,game console,0_3_203,0_3,4,0.0165567203100786,0.9731925660516234,0.9311440581721142,0.9998276700474586,0.01827399499702221
00829-QaLdnwvtxbs,belief,211,game console,0_3_182,0_3,5,0.01611198042165874,0.9917728710785558,0.9332859955207881,0.999831428408544,0.01740985555389246
00829-QaLdnwvtxbs,belief,212,gap,0_1_43,0_1,1,0.14362780119909963,0.9263140429280267,0.9817682153820861,0.974780379492114,0.16201846642345974
00829-QaLdnwvtxbs,belief,212,gap,0_2_129,0_2,2,0.07020878481740969,0.932868864342925,0.9496692699394691,0.9952873953330658,0.07962509600914579
00829-QaLdnwvtxbs,belief,212,gap,0_2_130,0_2,3,0.0683889562258869,0.9813533710206256,0.9644522912057647,0.9958300331468142,0.07255955116960171
00829-QaLdnwvtxbs,belief,212,gap,0_4_82,0_4,4,0.06740235021519884,0.9921106015443804,0.9635382904444146,0.9835741109117667,0.07168674851564237
00829-QaLdnwvtxbs,belief,212,gap,0_0_54,0_0,5,0.06681380315439894,0.9408899384179684,0.9741373938527673,0.9946827710917204,0.073286259917994
00829-QaLdnwvtxbs,belief,213,garage door motor,0_4_100,0_4,1,0.0008924864275181875,0.9845428940661991,0.9292253720092198,0.9925254914494402,0.000982888489398125
00829-QaLdnwvtxbs,belief,213,garage door motor,0_2_61,0_2,2,0.00062479394022877,0.9853296402427886,0.9425637664070419,0.9831661303264686,0.0006842544206012177
00829-QaLdnwvtxbs,belief,213,garage door motor,0_2_79,0_2,3,0.0002577072010084054,0.9708657863340816,0.9319677390333537,0.991840751321489,0.0002871603872301926
00829-QaLdnwvtxbs,belief,213,garage door motor,0_2_71,0_2,4,0.00025765616056327084,0.9601071541173409,0.8761167328879654,0.9975666810619327,0.0003070555240791293
00829-QaLdnwvtxbs,belief,213,garage door motor,0_0_30,0_0,5,0.0002515378158595801,0.979391534979755,0.9420017589148175,0.9446387371032863,0.00028862202868000644
00829-QaLdnwvtxbs,belief,214,garage door opener,0_4_100,0_4,1,0.003296659035070269,0.9845428940661991,0.9292253720092198,0.9925254914494402,0.00363058542867854
00829-QaLdnwvtxbs,belief,214,garage door opener,0_0_25,0_0,2,0.002881364418837662,0.8010731935501099,0.9737998604221256,0.9989405298680443,0.0036975720709140174
00829-QaLdnwvtxbs,belief,214,garage door opener,0_2_61,0_2,3,0.001872136916174348,0.9853296402427886,0.9425637664070419,0.9831661303264686,0.002050304713893321
00829-QaLdnwvtxbs,belief,214,garage door opener,0_2_71,0_2,4,0.0015740317703267076,0.9601071541173409,0.8761167328879654,0.9975666810619327,0.0018758144540315872
00829-QaLdnwvtxbs,belief,214,garage door opener,0_1_48,0_1,5,0.000779648715167184,0.9371238040617654,0.9170594549230693,0.9820927562097542,0.0009237447801759687
00829-QaLdnwvtxbs,belief,215,garage door opener railing,0_4_100,0_4,1,0.003900425752140223,0.9845428940661991,0.9292253720092198,0.9925254914494402,0.004295509105041852
00829-QaLdnwvtxbs,belief,215,garage door opener railing,0_0_32,0_0,2,0.0010225656608621495,0.9949106973830635,0.8973991163111548,0.9798330992486709,0.0011688784729658745
00829-QaLdnwvtxbs,belief,215,garage door opener railing,0_3_334,0_3,3,0.0006938973787800343,0.9703470523642642,0.9508140872132325,0.9920715462428743,0.0007581053380711704
00829-QaLdnwvtxbs,belief,215,garage door opener railing,0_0_30,0_0,4,0.000420975262430479,0.979391534979755,0.9420017589148175,0.9446387371032863,0.000483039633033195
00829-QaLdnwvtxbs,belief,215,garage door opener railing,0_3_292,0_3,5,0.00032560921449062224,0.9790976732842839,0.957749802430293,0.9986931722759714,0.00034768544968826707
00829-QaLdnwvtxbs,belief,216,gas box,0_2_71,0_2,1,0.008928914870164931,0.9601071541173409,0.8761167328879654,0.9975666810619327,0.010640819256651035
00829-QaLdnwvtxbs,belief,216,gas box,0_2_79,0_2,2,0.007341323766175556,0.9708657863340816,0.9319677390333537,0.991840751321489,0.00818035882283487
00829-QaLdnwvtxbs,belief,216,gas box,0_2_61,0_2,3,0.004467815141262396,0.9853296402427886,0.9425637664070419,0.9831661303264686,0.0048930088209858036
00829-QaLdnwvtxbs,belief,216,gas box,0_0_24,0_0,4,0.002535963942289095,0.9540354907512665,0.9491802163805971,0.9999277145804252,0.0028006656173105394
00829-QaLdnwvtxbs,belief,216,gas box,0_0_45,0_0,5,0.0021672076623889323,0.9192200150897122,0.9569546469240678,0.9995554901828028,0.0024648062741420597
00829-QaLdnwvtxbs,belief,217,gas container,0_2_79,0_2,1,0.029792297734183005,0.9708657863340816,0.9319677390333537,0.991840751321489,0.0331972398145993
00829-QaLdnwvtxbs,belief,217,gas container,0_2_61,0_2,2,0.008344388848686428,0.9853296402427886,0.9425637664070419,0.9831661303264686,0.009138508857558026
00829-QaLdnwvtxbs,belief,217,gas container,0_2_71,0_2,3,0.0034416735030415,0.9601071541173409,0.8761167328879654,0.9975666810619327,0.004101531509572243
00829-QaLdnwvtxbs,belief,217,gas container,0_0_50,0_0,4,0.002695164792980252,0.9365806639274217,0.9260460164832961,0.994398786133444,0.0031249781426353207
00829-QaLdnwvtxbs,belief,217,gas container,0_2_132,0_2,5,0.0022504164614205154,0.8174735053777695,0.9414269692541382,0.9949100102681608,0.0029391298535556554
00829-QaLdnwvtxbs,belief,218,gas meter,0_2_79,0_2,1,0.014848999769618445,0.9708657863340816,0.9319677390333537,0.991840751321489,0.016546082170538948
00829-QaLdnwvtxbs,belief,218,gas meter,0_2_61,0_2,2,0.014344645179491534,0.9853296402427886,0.9425637664070419,0.9831661303264686,0.015709798453597518
00829-QaLdnwvtxbs,belief,218,gas meter,0_2_71,0_2,3,0.003747770865988974,0.9601071541173409,0.8761167328879654,0.9975666810619327,0.004466315669957168
00829-QaLdnwvtxbs,belief,218,gas meter,0_0_25,0_0,4,0.0025235523252248528,0.8010731935501099,0.9737998604221256,0.9989405298680443,0.003238402104307813
00829-QaLdnwvtxbs,belief,218,gas meter,0_0_29,0_0,5,0.0019170952711906896,0.9745103120803833,0.9449438616336413,0.9837028875686332,0.00211634907368053
00829-QaLdnwvtxbs,belief,219,gauge,0_2_61,0_2,1,0.002314823819170532,0.9853296402427886,0.9425637664070419,0.9831661303264686,0.0025351213083156196
00829-QaLdnwvtxbs,belief,219,gauge,0_3_351,0_3,2,0.001378488708733643,0.9474742531776427,0.9589728395221819,0.999023676111871,0.0015186360602860317
00829-QaLdnwvtxbs,belief,219,gauge,0_2_122,0_2,3,0.000882360674145686,0.979159475560187,0.9519763765669658,0.9849674009758481,0.0009610471259311957
00829-QaLdnwvtxbs,belief,219,gauge,0_0_21,0_0,4,0.0008753873528876305,0.9143228871071781,0.9488101997950833,0.9960265922869888,0.0010130955285499073
00829-QaLdnwvtxbs,belief,219,gauge,0_4_100,0_4,5,0.0008478780628759997,0.9845428940661991,0.9292253720092198,0.9925254914494402,0.000933761637957253
00829-QaLdnwvtxbs,belief,220,gift,0_3_145,0_3,1,0.016058467002266215,0.9842710214791858,0.9367794637484924,0.9975332017347288,0.017459213010586335
00829-QaLdnwvtxbs,belief,220,gift,0_0_102,0_0,2,0.008032806792235276,0.9647081651508119,0.9196356892104713,0.9921487403781908,0.009125964280415724
00829-QaLdnwvtxbs,belief,220,gift,0_4_82,0_4,3,0.004881590537276503,0.9921106015443804,0.9635382904444146,0.9835741109117667,0.005191886515600601
00829-QaLdnwvtxbs,belief,220,gift,0_4_13,0_4,4,0.0042188388940351245,0.9562819616467346,0.915392639842113,0.9969242632919004,0.004834342271139857
00829-QaLdnwvtxbs,belief,220,gift,0_4_80,0_4,5,0.004216428429418859,0.9377688040936387,0.925636189829633,0.995983479744168,0.004877041943958078
00829-QaLdnwvtxbs,belief,221,glass,0_2_132,0_2,1,0.24352808295151562,0.8174735053777695,0.9414269692541382,0.9949100102681608,0.31805697792051024
00829-QaLdnwvtxbs,belief,221,glass,0_4_1,0_4,2,0.24271083216464684,0.8925236130006884,0.8637943796135312,0.9730540570878572,0.3235356207697842
00829-QaLdnwvtxbs,belief,221,glass,0_2_61,0_2,3,0.20220037915257047,0.9853296402427886,0.9425637664070419,0.9831661303264686,0.22144341417864752
00829-QaLdnwvtxbs,belief,221,glass,0_2_77,0_2,4,0.18576220208834945,0.9931389569542629,0.9333977617992191,0.9960396514889327,0.20118886935655506
00829-QaLdnwvtxbs,belief,221,glass,0_4_13,0_4,5,0.1850972152483487,0.9562819616467346,0.915392639842113,0.9969242632919004,0.21210179255968412
00829-QaLdnwvtxbs,belief,222,glasses,0_0_29,0_0,1,0.0005657987421751985,0.9745103120803833,0.9449438616336413,0.9837028875686332,0.000624605183626779
00829-QaLdnwvtxbs,belief,222,glasses,0_1_20,0_1,2,0.0005632639244831272,0.9429041976052321,0.9577240798783183,0.9584469845375457,0.0006507824990958315
00829-QaLdnwvtxbs,belief,222,glasses,0_3_277,0_3,3,0.00025245326250995814,0.9584286383279857,0.8930122431747622,0.7984749493913051,0.00036940476804668895
00829-QaLdnwvtxbs,belief,222,glasses,0_3_83,0_3,4,0.00023371095590717737,0.9828181131851393,0.9219149879587536,0.9601051810237284,0.00026865580623189783
00829-QaLdnwvtxbs,belief,222,glasses,0_2_132,0_2,5,0.00022272278949615686,0.8174735053777695,0.9414269692541382,0.9949100102681608,0.00029088447000700515
00829-QaLdnwvtxbs,belief,223,globe,0_3_83,0_3,1,0.0005309908527678209,0.9828181131851393,0.9219149879587536,0.9601051810237284,0.0006103854870576093
00829-QaLdnwvtxbs,belief,223,globe,0_3_101,0_3,2,0.0003677907220508042,0.9791525103858175,0.975724896192237,0.6132452325871574,0.0006277530922474465
00829-QaLdnwvtxbs,belief,223,globe,0_3_46,0_3,3,0.0003324004320283001,0.9613787902697608,0.9227091226001609,0.9441819203551434,0.00039686842577034496
00829-QaLdnwvtxbs,belief,223,globe,0_1_43,0_1,4,0.00022260592050365254,0.9263140429280267,0.9817682153820861,0.974780379492114,0.00025110925291398577
00829-QaLdnwvtxbs,belief,223,globe,0_3_73,0_3,5,0.00018230782747876066,0.9854319304914134,0.941852970572902,0.5402934593739244,0.0003635514350664101
00829-QaLdnwvtxbs,belief,224,globe stand,0_0_29,0_0,1,1.7578185962591924e-05,0.9745103120803833,0.9449438616336413,0.9837028875686332,1.9405179355437025e-05
00829-QaLdnwvtxbs,belief,224,globe stand,0_1_45,0_1,2,8.878390806950148e-06,0.8979178752806094,0.9212865160228453,0.998675842566233,1.0746780556711993e-05
00829-QaLdnwvtxbs,belief,224,globe stand,0_3_219,0_3,3,8.65278826267201e-06,0.9805473042953581,0.9294563411150665,0.999334656470586,9.500524514415051e-06
00829-QaLdnwvtxbs,belief,224,globe stand,0_1_43,0_1,4,8.240531894587677e-06,0.9263140429280267,0.9817682153820861,0.974780379492114,9.295681817365816e-06
00829-QaLdnwvtxbs,belief,224,globe stand,0_3_214,0_3,5,8.18572856266419e-06,0.980349579623767,0.9265913540702199,0.9993954649021487,9.016765074651074e-06
00829-QaLdnwvtxbs,belief,225,gloves,0_2_92,0_2,1,0.08622789139796819,0.9483009825821102,0.9283667601600114,0.9676517871722266,0.10121919526289021
00829-QaLdnwvtxbs,belief,225,gloves,0_1_76,0_1,2,0.038328927830783614,0.9638035128666803,0.950586876729289,0.923645615490136,0.04529403159712223
00829-QaLdnwvtxbs,belief,225,gloves,0_1_61,0_1,3,0.02410066460114463,0.8905994461079438,0.8994019547540675,0.9450428124209881,0.031837670785189405
00829-QaLdnwvtxbs,belief,225,gloves,0_1_20,0_1,4,0.0011373211327904086,0.9429041976052321,0.9577240798783183,0.9584469845375457,0.0013140353161282842
00829-QaLdnwvtxbs,belief,225,gloves,0_1_43,0_1,5,0.000820614745667351,0.9263140429280267,0.9817682153820861,0.974780379492114,0.0009256894661584162
00829-QaLdnwvtxbs,belief,226,glue,0_3_350,0_3,1,0.15452851356900305,0.9650946200437517,0.9117543979222549,0.9938245524237505,0.17670593803968762
00829-QaLdnwvtxbs,belief,226,glue,0_3_89,0_3,2,0.07584331314059269,0.9609770616520811,0.9269835072588539,0.9464790079479019,0.08995416607225903
00829-QaLdnwvtxbs,belief,226,glue,0_0_42,0_0,3,0.0657273908679194,0.9088749441007773,0.9159458384752543,0.9953918737319781,0.07931920945568363
00829-QaLdnwvtxbs,belief,226,glue,0_3_32,0_3,4,0.057524246033798625,0.9716667268317439,0.9072331175906523,0.989655338421569,0.06593723580389312
00829-QaLdnwvtxbs,belief,226,glue,0_3_102,0_3,5,0.05077365560361072,0.9890625174500584,0.9503735847205539,0.9591355314739043,0.05631710900934877
00829-QaLdnwvtxbs,belief,227,goalpost,0_0_30,0_0,1,0.000755890197742535,0.979391534979755,0.9420017589148175,0.9446387371032863,0.0008673310674430448
00829-QaLdnwvtxbs,belief,227,goalpost,0_0_34,0_0,2,0.00048199123013935953,0.9612707408690694,0.9388840210295921,0.9844560060496962,0.000542481774657172
00829-QaLdnwvtxbs,belief,227,goalpost,0_1_43,0_1,3,0.0004173875104363584,0.9263140429280267,0.9817682153820861,0.974780379492114,0.000470831439182601
00829-QaLdnwvtxbs,belief,227,goalpost,0_0_54,0_0,4,0.0004103020599966451,0.9408899384179684,0.9741373938527673,0.9946827710917204,0.00045004927117103886
00829-QaLdnwvtxbs,belief,227,goalpost,0_3_127,0_3,5,0.0003808750428435352,0.8152816925250309,0.9704650662534141,0.9963134888116724,0.00048316882947733173
00829-QaLdnwvtxbs,belief,228,golf sticks,0_1_20,0_1,1,0.00018145644283603795,0.9429041976052321,0.9577240798783183,0.9584469845375457,0.00020965070229597856
00829-QaLdnwvtxbs,belief,228,golf sticks,0_2_164,0_2,2,0.0001052306053101088,0.955928448287553,0.9241800773116434,0.9662683808354755,0.00012327139529091132
00829-QaLdnwvtxbs,belief,228,golf sticks,0_2_178,0_2,3,9.942678563369529e-05,0.9830488621452709,0.9638973514160047,0.9822477923093185,0.00010682587191097168
00829-QaLdnwvtxbs,belief,228,golf sticks,0_1_75,0_1,4,8.075657745436228e-05,0.9723466358939356,0.9658444967842079,0.9970728213526475,8.624277079160778e-05
00829-QaLdnwvtxbs,belief,228,golf sticks,0_1_32,0_1,5,6.31512880020983e-05,0.9754029492268419,0.9067709385938889,0.9965741552453404,7.164583280686772e-05
00829-QaLdnwvtxbs,belief,229,grab bar,0_2_100,0_2,1,0.6292277129131536,0.9277319466287182,0.9408412436939142,0.9885928962129773,0.7292081220971176
00829-QaLdnwvtxbs,belief,229,grab bar,0_4_75,0_4,2,0.1696798737073538,0.9939785745921828,0.9680071151145875,0.993959559764655,0.17742141742487066
00829-QaLdnwvtxbs,belief,229,grab bar,0_2_107,0_2,3,0.16544071923046597,0.8862634383574377,0.955318446698352,0.999994886454547,0.19540408248931485
00829-QaLdnwvtxbs,belief,229,grab bar,0_4_73,0_4,4,0.16357657999941402,0.9655121746007354,0.9259482860765686,0.9993744658405801,0.18308315522981694
00829-QaLdnwvtxbs,belief,229,grab bar,0_2_109,0_2,5,0.16067098731918128,0.9367905232364917,0.951003275026295,0.9999971693313223,0.18034918768642694
00829-QaLdnwvtxbs,belief,230,grass,0_4_85,0_4,1,0.0015015758431744257,0.9812698747870983,0.9298033934488379,0.9917444440493168,0.0016594642613473529
00829-QaLdnwvtxbs,belief,230,grass,0_4_87,0_4,2,0.0014663410641456147,0.956456812943929,0.9171000825910178,0.9921227756833677,0.0016849517915667224
00829-QaLdnwvtxbs,belief,230,grass,0_4_89,0_4,3,0.0004531672385970951,0.9741504868424059,0.9130065368218215,0.9894103837899656,0.000514970205045643
00829-QaLdnwvtxbs,belief,230,grass,0_3_291,0_3,4,0.0004143426296996122,0.9826526845858113,0.960908206090147,0.9950078772512306,0.00044101275653927525
00829-QaLdnwvtxbs,belief,230,grass,0_4_77,0_4,5,0.00035641788450554014,0.9743037800792427,0.9274315353125091,0.9934370657310224,0.00039704788030320407
00829-QaLdnwvtxbs,belief,231,grate,0_4_22,0_4,1,0.04647353257319697,0.9261379136393467,0.907570705970522,0.998101660847278,0.055395536694298725
00829-QaLdnwvtxbs,belief,231,grate,0_2_76,0_2,2,0.01863414294407635,0.9777445369518636,0.9242074922009753,0.9961299462102072,0.020701344059767684
00829-QaLdnwvtxbs,belief,231,grate,0_2_61,0_2,3,0.014771847786111333,0.9853296402427886,0.9425637664070419,0.9831661303264686,0.016177657139878836
00829-QaLdnwvtxbs,belief,231,grate,0_3_219,0_3,4,0.01103381973013141,0.9805473042953581,0.9294563411150665,0.999334656470586,0.012114831849748623
00829-QaLdnwvtxbs,belief,231,grate,0_3_88,0_3,5,0.008315770828585489,0.9857081498033481,0.9356065821482229,0.9988403382922301,0.00902744442310299
00829-QaLdnwvtxbs,belief,232,gravel,0_1_43,0_1,1,0.007675148548227858,0.9263140429280267,0.9817682153820861,0.974780379492114,0.008657904576791059
00829-QaLdnwvtxbs,belief,232,gravel,0_4_82,0_4,2,0.003061774662451743,0.9921106015443804,0.9635382904444146,0.9835741109117667,0.0032563949111265628
00829-QaLdnwvtxbs,belief,232,gravel,0_4_35,0_4,3,0.0017070800902636556,0.9289367587313717,0.9085533132636621,0.9894260921831448,0.002044249843352223
00829-QaLdnwvtxbs,belief,232,gravel,0_3_117,0_3,4,0.0011226953858733766,0.9709534859178668,0.9097389018378834,0.9726812811172267,0.0013067008937429848
00829-QaLdnwvtxbs,belief,232,gravel,0_3_73,0_3,5,0.0011216693289482977,0.9854319304914134,0.941852970572902,0.5402934593739244,0.0022367909258127648
00829-QaLdnwvtxbs,belief,233,groceries,0_2_79,0_2,1,0.0004642800989445384,0.9708657863340816,0.9319677390333537,0.991840751321489,0.0005173423655780473
00829-QaLdnwvtxbs,belief,233,groceries,0_4_97,0_4,2,0.00034177775845753796,0.9818021404441597,0.9427310769671773,0.9892209815654808,0.0003732834020351005
00829-QaLdnwvtxbs,belief,233,groceries,0_1_20,0_1,3,0.00018684999317300721,0.9429041976052321,0.9577240798783183,0.9584469845375457,0.00021588228932778247
00829-QaLdnwvtxbs,belief,233,groceries,0_1_43,0_1,4,0.00016583487446970586,0.9263140429280267,0.9817682153820861,0.974780379492114,0.00018706902018129017
00829-QaLdnwvtxbs,belief,233,groceries,0_3_145,0_3,5,0.0001642314782848281,0.9842710214791858,0.9367794637484924,0.9975332017347288,0.00017855704171597757
00829-QaLdnwvtxbs,belief,234,guitar,0_1_43,0_1,1,0.06478736849679194,0.9263140429280267,0.9817682153820861,0.974780379492114,0.07308299646606022
00829-QaLdnwvtxbs,belief,234,guitar,0_3_356,0_3,2,0.06268068769034073,0.8940404359002908,0.9397820465713154,0.9671706914338879,0.07713408275540672
00829-QaLdnwvtxbs,belief,234,guitar,0_1_20,0_1,3,0.05903991686281613,0.9429041976052321,0.9577240798783183,0.9584469845375457,0.06821339512849371
00829-QaLdnwvtxbs,belief,234,guitar,0_0_29,0_0,4,0.055841899669351845,0.9745103120803833,0.9449438616336413,0.9837028875686332,0.06164584223526503
00829-QaLdnwvtxbs,belief,234,guitar,0_2_61,0_2,5,0.049797081486378555,0.9853296402427886,0.9425637664070419,0.9831661303264686,0.05453617736371986
00829-QaLdnwvtxbs,belief,235,gun,0_4_97,0_4,1,0.1105993877194513,0.9818021404441597,0.9427310769671773,0.9892209815654808,0.12079462366783905
00829-QaLdnwvtxbs,belief,235,gun,0_0_29,0_0,2,0.10714233389576934,0.9745103120803833,0.9449438616336413,0.9837028875686332,0.11827820061934056
00829-QaLdnwvtxbs,belief,235,gun,0_1_43,0_1,3,0.07941108447195906,0.9263140429280267,0.9817682153820861,0.974780379492114,0.08957919021078266
00829-QaLdnwvtxbs,belief,235,gun,0_1_20,0_1,4,0.07548453516711827,0.9429041976052321,0.9577240798783183,0.9584469845375457,0.08721313811145015
00829-QaLdnwvtxbs,belief,235,gun,0_3_145,0_3,5,0.05777591869451527,0.9842710214791858,0.9367794637484924,0.9975332017347288,0.06281558950972753
00829-QaLdnwvtxbs,belief,236,gym rope,0_0_29,0_0,1,5.194025589113706e-05,0.9745103120803833,0.9449438616336413,0.9837028875686332,5.7338680082218885e-05
00829-QaLdnwvtxbs,belief,236,gym rope,0_2_79,0_2,2,4.735104394892119e-05,0.9708657863340816,0.9319677390333537,0.991840751321489,5.276276356624813e-05
00829-QaLdnwvtxbs,belief,236,gym rope,0_1_20,0_1,3,4.0576070932109144e-05,0.9429041976052321,0.9577240798783183,0.9584469845375457,4.68806818560572e-05
00829-QaLdnwvtxbs,belief,236,gym rope,0_2_165,0_2,4,2.2156814561907447e-05,0.9699197729809437,0.9602325145987616,0.9720523142670042,2.4474028629607738e-05
00829-QaLdnwvtxbs,belief,236,gym rope,0_2_164,0_2,5,1.4888141156201293e-05,0.955928448287553,0.9241800773116434,0.9662683808354755,1.744057185839139e-05
00829-QaLdnwvtxbs,belief,237,hair brush,0_2_92,0_2,1,0.009747006193339285,0.9483009825821102,0.9283667601600114,0.9676517871722266,0.011441589340957218
00829-QaLdnwvtxbs,belief,237,hair brush,0_1_76,0_1,2,0.008419932289119792,0.9638035128666803,0.950586876729289,0.923645615490136,0.009949996014308668
00829-QaLdnwvtxbs,belief,237,hair brush,0_3_277,0_3,3,0.005859627543769165,0.9584286383279857,0.8930122431747622,0.7984749493913051,0.008574158765568163
00829-QaLdnwvtxbs,belief,237,hair brush,0_1_61,0_1,4,0.005654187926948864,0.8905994461079438,0.8994019547540675,0.9450428124209881,0.0074693447983687905
00829-QaLdnwvtxbs,belief,237,hair brush,0_4_97,0_4,5,0.0053972582050421216,0.9818021404441597,0.9427310769671773,0.9892209815654808,0.0058947864645507286
00829-QaLdnwvtxbs,belief,238,hair dryer,0_2_71,0_2,1,0.0438722603943505,0.9601071541173409,0.8761167328879654,0.9975666810619327,0.052283709725680264
00829-QaLdnwvtxbs,belief,238,hair dryer,0_2_132,0_2,2,0.02479760228251248,0.8174735053777695,0.9414269692541382,0.9949100102681608,0.032386615728506804
00829-QaLdnwvtxbs,belief,238,hair dryer,0_0_29,0_0,3,0.016771762877524663,0.9745103120803833,0.9449438616336413,0.9837028875686332,0.01851494047439451
00829-QaLdnwvtxbs,belief,238,hair dryer,0_2_61,0_2,4,0.008843127341260623,0.9853296402427886,0.9425637664070419,0.9831661303264686,0.009684711367369382
00829-QaLdnwvtxbs,belief,238,hair dryer,0_4_47,0_4,5,0.007862128966573562,0.9891614917608691,0.9682564816936827,0.9888393750772777,0.008301504320268431
00829-QaLdnwvtxbs,belief,239,hammer,0_4_47,0_4,1,0.08635877697546238,0.9891614917608691,0.9682564816936827,0.9888393750772777,0.0911849402627312
00829-QaLdnwvtxbs,belief,239,hammer,0_2_61,0_2,2,0.07336916750965912,0.9853296402427886,0.9425637664070419,0.9831661303264686,0.08035157509039455
00829-QaLdnwvtxbs,belief,239,hammer,0_4_97,0_4,3,0.047438510240304675,0.9818021404441597,0.9427310769671773,0.9892209815654808,0.05181147120250045
00829-QaLdnwvtxbs,belief,239,hammer,0_2_76,0_2,4,0.0453782451315738,0.9777445369518636,0.9242074922009753,0.9961299462102072,0.05041233547024024
00829-QaLdnwvtxbs,belief,239,hammer,0_2_130,0_2,5,0.03692608660690854,0.9813533710206256,0.9644522912057647,0.9958300331468142,0.03917796700679763
00829-QaLdnwvtxbs,belief,240,hammock,0_1_43,0_1,1,0.0025216013478346856,0.9263140429280267,0.9817682153820861,0.974780379492114,0.002844477043418429
00829-QaLdnwvtxbs,belief,240,hammock,0_3_83,0_3,2,0.0013272146312219835,0.9828181131851393,0.9219149879587536,0.9601051810237284,0.001525661967406136
00829-QaLdnwvtxbs,belief,240,hammock,0_3_117,0_3,3,0.0013066982876369954,0.9709534859178668,0.9097389018378834,0.9726812811172267,0.0015208611719548532
00829-QaLdnwvtxbs,belief,240,hammock,0_2_92,0_2,4,0.0011081202766547256,0.9483009825821102,0.9283667601600114,0.9676517871722266,0.0013007745039225849
00829-QaLdnwvtxbs,belief,240,hammock,0_1_20,0_1,5,0.0009120746212463924,0.9429041976052321,0.9577240798783183,0.9584469845375457,0.0010537905510658912
00829-QaLdnwvtxbs,belief,241,hand dryer,0_2_62,0_2,1,0.043356978928528106,0.959124259382946,0.8523346620295722,0.9980410990974955,0.05314049082483111
00829-QaLdnwvtxbs,belief,241,hand dryer,0_4_13,0_4,2,0.03935079759828231,0.9562819616467346,0.915392639842113,0.9969242632919004,0.045091843753837624
00829-QaLdnwvtxbs,belief,241,hand dryer,0_4_73,0_4,3,0.03845071168486652,0.9655121746007354,0.9259482860765686,0.9993744658405801,0.04303597505292367
00829-QaLdnwvtxbs,belief,241,hand dryer,0_2_61,0_2,4,0.019064015415737556,0.9853296402427886,0.9425637664070419,0.9831661303264686,0.020878302401351485
00829-QaLdnwvtxbs,belief,241,hand dryer,0_4_99,0_4,5,0.01293216208836244,0.6691401771136692,1.0,0.99666431572949,0.019391219533445594
00829-QaLdnwvtxbs,belief,242,handcart,0_1_43,0_1,1,0.0004072269973400302,0.9263140429280267,0.9817682153820861,0.974780379492114,0.0004593699342636432
00829-QaLdnwvtxbs,belief,242,handcart,0_3_84,0_3,2,0.00012849225274250218,0.991945722962777,0.9280513961817156,0.994164705684942,0.00014039727051223181
00829-QaLdnwvtxbs,belief,242,handcart,0_3_117,0_3,3,0.00011480861918104756,0.9709534859178668,0.9097389018378834,0.9726812811172267,0.00013362531562964214
00829-QaLdnwvtxbs,belief,242,handcart,0_3_219,0_3,4,0.00010773166839328125,0.9805473042953581,0.9294563411150665,0.999334656470586,0.00011828642114872913
00829-QaLdnwvtxbs,belief,242,handcart,0_3_102,0_3,5,0.00010343030877095884,0.9890625174500584,0.9503735847205539,0.9591355314739043,0.00011472280072562786
00829-QaLdnwvtxbs,belief,243,handkerchiefs,0_2_92,0_2,1,0.012094665881459792,0.9483009825821102,0.9283667601600114,0.9676517871722266,0.014197405591710217
00829-QaLdnwvtxbs,belief,243,handkerchiefs,0_2_147,0_2,2,0.007935504380473912,0.9784427839350944,0.9659594540145047,0.9960238400419469,0.008429667996685392
00829-QaLdnwvtxbs,belief,243,handkerchiefs,0_2_66,0_2,3,0.006264101690588297,0.970324709402946,0.9290128585169263,0.9912809958219424,0.007010083694929562
00829-QaLdnwvtxbs,belief,243,handkerchiefs,0_3_65,0_3,4,0.00452584912371591,0.974792348784285,0.9323554082213724,0.9740448142387003,0.00511243179807822
00829-QaLdnwvtxbs,belief,243,handkerchiefs,0_2_30,0_2,5,0.0038276425463752,0.966032519714583,0.9098430823152512,0.9984592685311036,0.004361569294569515
00829-QaLdnwvtxbs,belief,244,handle,0_1_75,0_1,1,0.7799449182587036,0.9723466358939356,0.9658444967842079,0.9970728213526475,0.8329304303847904
00829-QaLdnwvtxbs,belief,244,handle,0_1_37,0_1,2,0.7734064121421834,0.966086922129159,0.9518874747082569,0.9982399933120341,0.8425020914333455
00829-QaLdnwvtxbs,belief,244,handle,0_1_76,0_1,3,0.7692635285082973,0.9638035128666803,0.950586876729289,0.923645615490136,0.9090535148959894
00829-QaLdnwvtxbs,belief,244,handle,0_4_95,0_4,4,0.7110472390033332,0.9841050810119354,0.9525882213641402,0.9966800100879925,0.761019920708126
00829-QaLdnwvtxbs,belief,244,handle,0_2_168,0_2,5,0.6965134659608379,0.990640685971359,0.9345495905465775,0.9972073304007661,0.754441452829332
00829-QaLdnwvtxbs,belief,245,hanger,0_2_160,0_2,1,0.0212703327683528,0.9833837914381248,0.9250143233334798,0.9961116139319321,0.023474414955454014
00829-QaLdnwvtxbs,belief,245,hanger,0_2_178,0_2,2,0.01137595830643262,0.9830488621452709,0.9638973514160047,0.9822477923093185,0.012222527935124997
00829-QaLdnwvtxbs,belief,245,hanger,0_2_165,0_2,3,0.005321078121697551,0.9699197729809437,0.9602325145987616,0.9720523142670042,0.00587756953631308
00829-QaLdnwvtxbs,belief,245,hanger,0_2_169,0_2,4,0.004283457495841014,0.9277431789567087,0.9213323923887891,0.9935559443395972,0.005043801951657463
00829-QaLdnwvtxbs,belief,245,hanger,0_1_43,0_1,5,0.004221357688980745,0.9263140429280267,0.9817682153820861,0.974780379492114,0.0047618768322259045
00829-QaLdnwvtxbs,belief,246,hat,0_1_43,0_1,1,0.09097122214713545,0.9263140429280267,0.9817682153820861,0.974780379492114,0.10261953311194433
00829-QaLdnwvtxbs,belief,246,hat,0_2_92,0_2,2,0.024168589582419422,0.9483009825821102,0.9283667601600114,0.9676517871722266,0.02837046283413129
00829-QaLdnwvtxbs,belief,246,hat,0_1_42,0_1,3,0.018588063967298243,0.8610755614885667,0.9334460238814246,0.9458351438482929,0.024450527769655752
00829-QaLdnwvtxbs,belief,246,hat,0_0_29,0_0,4,0.017910892804952273,0.9745103120803833,0.9449438616336413,0.9837028875686332,0.019772466171182584
00829-QaLdnwvtxbs,belief,246,hat,0_3_179,0_3,5,0.01747350827366308,0.9724847239132388,0.9382852760785485,0.7446113513227317,0.025717738027012757
00829-QaLdnwvtxbs,belief,247,hatch,0_3_160,0_3,1,0.06599698385764777,0.9780740607453371,0.9179881968740915,0.9967716682331297,0.07374278993805751
00829-QaLdnwvtxbs,belief,247,hatch,0_2_61,0_2,2,0.0525942753663066,0.9853296402427886,0.9425637664070419,0.9831661303264686,0.057599574996735674
00829-QaLdnwvtxbs,belief,247,hatch,0_3_223,0_3,3,0.047917318308658176,0.8971420836970126,0.8970568865704479,0.9967279883750552,0.059735793550579834
00829-QaLdnwvtxbs,belief,247,hatch,0_4_82,0_4,4,0.04637127867162712,0.9921106015443804,0.9635382904444146,0.9835741109117667,0.0493188469225234
00829-QaLdnwvtxbs,belief,247,hatch,0_4_97,0_4,5,0.036627037949707494,0.9818021404441597,0.9427310769671773,0.9892209815654808,0.04000337937155197
00829-QaLdnwvtxbs,belief,248,headboard,0_0_20,0_0,1,0.7778543443703768,0.86858648688033,0.9269410144682739,0.99972252536691,0.966392691082631
00829-QaLdnwvtxbs,belief,248,headboard,0_0_9,0_0,2,0.654956875416147,0.9652768627915536,0.9642957187192854,0.9989395269373892,0.7043870653273052
00829-QaLdnwvtxbs,belief,248,headboard,0_0_8,0_0,3,0.5101408400173941,0.9743997101939311,0.9694171068951211,0.999028394182088,0.5405855537741282
00829-QaLdnwvtxbs,belief,248,headboard,0_0_10,0_0,4,0.13244135833188783,0.9620229497440205,0.9587102164071293,0.9997931736416924,0.14362851528870924
00829-QaLdnwvtxbs,belief,248,headboard,0_0_55,0_0,5,0.10861173152975029,0.8764910417444566,0.9061822391896028,0.9998015639048675,0.13677285045474685
00829-QaLdnwvtxbs,belief,249,headphones,0_0_29,0_0,1,0.001354164450873067,0.9745103120803833,0.9449438616336413,0.9837028875686332,0.001494909890125776
00829-QaLdnwvtxbs,belief,249,headphones,0_1_43,0_1,2,9.144073964009305e-05,0.9263140429280267,0.9817682153820861,0.974780379492114,0.00010314916946042903
00829-QaLdnwvtxbs,belief,249,headphones,0_2_71,0_2,3,3.176233522910728e-05,0.9601071541173409,0.8761167328879654,0.9975666810619327,3.785199805985465e-05
00829-QaLdnwvtxbs,belief,249,headphones,0_2_132,0_2,4,3.055436088561188e-05,0.8174735053777695,0.9414269692541382,0.9949100102681608,3.990516234427524e-05
00829-QaLdnwvtxbs,belief,249,headphones,0_1_41,0_1,5,2.7663899880843713e-05,0.9865453100616561,0.8833263928428547,0.9908809363365398,3.203713622537826e-05
00829-QaLdnwvtxbs,belief,250,heater,0_3_87,0_3,1,0.4872637834428042,0.9082876969363467,0.9225820978810211,0.998464787670135,0.5823752701151
00829-QaLdnwvtxbs,belief,250,heater,0_3_88,0_3,2,0.44555429713897715,0.9857081498033481,0.9356065821482229,0.9988403382922301,0.48368536577155896
00829-QaLdnwvtxbs,belief,250,heater,0_4_22,0_4,3,0.3960683720284118,0.9261379136393467,0.907570705970522,0.998101660847278,0.47210570880520725
00829-QaLdnwvtxbs,belief,250,heater,0_2_61,0_2,4,0.3157284851325519,0.9853296402427886,0.9425637664070419,0.9831661303264686,0.34577577942348703
00829-QaLdnwvtxbs,belief,250,heater,0_2_71,0_2,5,0.31421767916296683,0.9601071541173409,0.8761167328879654,0.9975666810619327,0.3744613516687873
00829-QaLdnwvtxbs,belief,251,heater piping,0_4_100,0_4,1,0.004177868769952641,0.9845428940661991,0.9292253720092198,0.9925254914494402,0.004601054982562939
00829-QaLdnwvtxbs,belief,251,heater piping,0_2_123,0_2,2,0.002949379991654326,0.951584882851394,0.9387279260326242,0.9936616410337636,0.003322805594649936
00829-QaLdnwvtxbs,belief,251,heater piping,0_2_71,0_2,3,0.0024908499571955145,0.9601071541173409,0.8761167328879654,0.9975666810619327,0.002968410448006081
00829-QaLdnwvtxbs,belief,251,heater piping,0_3_88,0_3,4,0.00237193324252342,0.9857081498033481,0.9356065821482229,0.9988403382922301,0.002574926120929778
00829-QaLdnwvtxbs,belief,251,heater piping,0_4_22,0_4,5,0.00230057657247053,0.9261379136393467,0.907570705970522,0.998101660847278,0.0027422420221146614
00829-QaLdnwvtxbs,belief,252,holder,0_3_145,0_3,1,0.005388734740454933,0.9842710214791858,0.9367794637484924,0.9975332017347288,0.005858782639580234
00829-QaLdnwvtxbs,belief,252,holder,0_0_50,0_0,2,0.0031851441153551547,0.9365806639274217,0.9260460164832961,0.994398786133444,0.0036930972709175273
00829-QaLdnwvtxbs,belief,252,holder,0_4_47,0_4,3,0.0020589449251159383,0.9891614917608691,0.9682564816936827,0.9888393750772777,0.0021740091346394985
00829-QaLdnwvtxbs,belief,252,holder,0_4_82,0_4,4,0.0019161100748194813,0.9921106015443804,0.9635382904444146,0.9835741109117667,0.0020379066994447178
00829-QaLdnwvtxbs,belief,252,holder,0_0_73,0_0,5,0.0017538856864325043,0.9875799663607643,0.9250866427774824,0.9948536887899507,0.0019296892946206556
00829-QaLdnwvtxbs,belief,253,holy cross,0_1_43,0_1,1,0.00022743191928114087,0.9263140429280267,0.9817682153820861,0.974780379492114,0.0002565531914437295
00829-QaLdnwvtxbs,belief,253,holy cross,0_2_165,0_2,2,0.00019054472471563793,0.9699197729809437,0.9602325145987616,0.9720523142670042,0.00021047235986388938
00829-QaLdnwvtxbs,belief,253,holy cross,0_1_20,0_1,3,9.061824717564236e-05,0.9429041976052321,0.9577240798783183,0.9584469845375457,0.0001046982893760931
00829-QaLdnwvtxbs,belief,253,holy cross,0_0_102,0_0,4,8.504384830204599e-05,0.9647081651508119,0.9196356892104713,0.9921487403781908,9.661717777449482e-05
00829-QaLdnwvtxbs,belief,253,holy cross,0_0_54,0_0,5,7.113743780345711e-05,0.9408899384179684,0.9741373938527673,0.9946827710917204,7.802873823417498e-05
00829-QaLdnwvtxbs,belief,254,hook,0_1_43,0_1,1,0.04192061321285631,0.9263140429280267,0.9817682153820861,0.974780379492114,0.04728829243067588
00829-QaLdnwvtxbs,belief,254,hook,0_3_89,0_3,2,0.012331594933238422,0.9609770616520811,0.9269835072588539,0.9464790079479019,0.014625921424398476
00829-QaLdnwvtxbs,belief,254,hook,0_3_177,0_3,3,0.011236260406861272,0.9766247625057128,0.9179685651540588,0.9893945082369284,0.012667670519254099
00829-QaLdnwvtxbs,belief,254,hook,0_2_178,0_2,4,0.010593433714945212,0.9830488621452709,0.9638973514160047,0.9822477923093185,0.011381769871343341
00829-QaLdnwvtxbs,belief,254,hook,0_3_320,0_3,5,0.010545273339541129,0.9656791550601049,0.9356110115707603,0.9685401433250899,0.012050693320337489
00829-QaLdnwvtxbs,belief,255,hose,0_3_89,0_3,1,0.007470930659189379,0.9609770616520811,0.9269835072588539,0.9464790079479019,0.008860917454717107
00829-QaLdnwvtxbs,belief,255,hose,0_0_32,0_0,2,0.0036988032738391446,0.9949106973830635,0.8973991163111548,0.9798330992486709,0.004228042939444174
00829-QaLdnwvtxbs,belief,255,hose,0_3_320,0_3,3,0.0035165244820852216,0.9656791550601049,0.9356110115707603,0.9685401433250899,0.00401853576693647
00829-QaLdnwvtxbs,belief,255,hose,0_3_197,0_3,4,0.002931257167334668,0.9163067116456873,0.9154687770375345,0.9558738336589385,0.0036556864936936706
00829-QaLdnwvtxbs,belief,255,hose,0_1_43,0_1,5,0.0019028473468256182,0.9263140429280267,0.9817682153820861,0.974780379492114,0.0021464953609034885
00829-QaLdnwvtxbs,belief,256,hourglass,0_1_43,0_1,1,0.0011855375971456443,0.9263140429280267,0.9817682153820861,0.974780379492114,0.0013373384663225966
00829-QaLdnwvtxbs,belief,256,hourglass,0_0_75,0_0,2,0.0005183120436956541,0.9711026629510843,0.91942287731796,0.9967338657165301,0.0005824137709714132
00829-QaLdnwvtxbs,belief,256,hourglass,0_3_177,0_3,3,0.0005097679417159706,0.9766247625057128,0.9179685651540588,0.9893945082369284,0.0005747083187029923
00829-QaLdnwvtxbs,belief,256,hourglass,0_3_9,0_3,4,0.0003695083047451654,0.9775376829224153,0.9242505405050883,0.9052396589992,0.00045179082829135037
00829-QaLdnwvtxbs,belief,256,hourglass,0_1_20,0_1,5,0.0002545053490288417,0.9429041976052321,0.9577240798783183,0.9584469845375457,0.0002940497693443314
00829-QaLdnwvtxbs,belief,257,hoverboard,0_0_29,0_0,1,0.0036063528730485295,0.9745103120803833,0.9449438616336413,0.9837028875686332,0.003981180109792365
00829-QaLdnwvtxbs,belief,257,hoverboard,0_0_34,0_0,2,0.0007881858061130925,0.9612707408690694,0.9388840210295921,0.9844560060496962,0.0008871041797507346
00829-QaLdnwvtxbs,belief,257,hoverboard,0_3_84,0_3,3,0.0006684861320242074,0.991945722962777,0.9280513961817156,0.994164705684942,0.0007304224675674443
00829-QaLdnwvtxbs,belief,257,hoverboard,0_1_20,0_1,4,0.0005725571135864234,0.9429041976052321,0.9577240798783183,0.9584469845375457,0.0006615196412530591
00829-QaLdnwvtxbs,belief,257,hoverboard,0_2_165,0_2,5,0.0003219027263434749,0.9699197729809437,0.9602325145987616,0.9720523142670042,0.00035556810382046016
00829-QaLdnwvtxbs,belief,258,ice maker,0_4_1,0_4,1,0.02490324232992555,0.8925236130006884,0.8637943796135312,0.9730540570878572,0.033196235596634496
00829-QaLdnwvtxbs,belief,258,ice maker,0_3_160,0_3,2,0.015705006321180524,0.9780740607453371,0.9179881968740915,0.9967716682331297,0.01754824106229933
00829-QaLdnwvtxbs,belief,258,ice maker,0_3_2,0_3,3,0.012050934988965811,0.96202025747023,0.9306575012087376,0.997128376461631,0.01349881261181969
00829-QaLdnwvtxbs,belief,258,ice maker,0_2_61,0_2,4,0.011511595453218787,0.9853296402427886,0.9425637664070419,0.9831661303264686,0.012607132639848747
00829-QaLdnwvtxbs,belief,258,ice maker,0_3_223,0_3,5,0.010194187351243585,0.8971420836970126,0.8970568865704479,0.9967279883750552,0.012708513174865767
00829-QaLdnwvtxbs,belief,259,information,0_0_32,0_0,1,0.2737981437188167,0.9949106973830635,0.8973991163111548,0.9798330992486709,0.3129742845668326
00829-QaLdnwvtxbs,belief,259,information,0_2_123,0_2,2,0.23563327787022914,0.951584882851394,0.9387279260326242,0.9936616410337636,0.2654671748667187
00829-QaLdnwvtxbs,belief,259,information,0_0_102,0_0,3,0.2101239657562381,0.9647081651508119,0.9196356892104713,0.9921487403781908,0.23871902506161521
00829-QaLdnwvtxbs,belief,259,information,0_2_149,0_2,4,0.20938606715174285,0.9855411365415297,0.9320978007653997,0.9932138805566623,0.2294926387670399
00829-QaLdnwvtxbs,belief,259,information,0_2_132,0_2,5,0.1838994973006385,0.8174735053777695,0.9414269692541382,0.9949100102681608,0.24017976753911818
00829-QaLdnwvtxbs,belief,260,installation,0_1_29,0_1,1,0.22963019120559738,0.9801348571012872,0.9082320948362044,0.9995834925122363,0.2580638859778984
00829-QaLdnwvtxbs,belief,260,installation,0_1_65,0_1,2,0.19995163309995262,0.9735222220015599,0.9540763326110873,0.9997555364021795,0.2153288127162241
00829-QaLdnwvtxbs,belief,260,installation,0_1_17,0_1,3,0.14353947016123925,0.9207844926478056,0.9127121147653887,0.9991539768417026,0.17094134071480233
00829-QaLdnwvtxbs,belief,260,installation,0_2_21,0_2,4,0.12605496860237833,0.9819402813259887,0.931049186684519,0.9994736502996056,0.1379529266357217
00829-QaLdnwvtxbs,belief,260,installation,0_4_7,0_4,5,0.097825135799941,0.989369660853221,0.9501085925949878,0.9994085517748883,0.10412992697545295
00829-QaLdnwvtxbs,belief,261,instrument,0_0_29,0_0,1,0.08896614963234158,0.9745103120803833,0.9449438616336413,0.9837028875686332,0.0982128698519967
00829-QaLdnwvtxbs,belief,261,instrument,0_2_61,0_2,2,0.08715125046795595,0.9853296402427886,0.9425637664070419,0.9831661303264686,0.09544527331969288
00829-QaLdnwvtxbs,belief,261,instrument,0_1_43,0_1,3,0.06219964441704329,0.9263140429280267,0.9817682153820861,0.974780379492114,0.07016393007760559
00829-QaLdnwvtxbs,belief,261,instrument,0_4_97,0_4,4,0.046411483093302695,0.9818021404441597,0.9427310769671773,0.9892209815654808,0.05068977098085501
00829-QaLdnwvtxbs,belief,261,instrument,0_2_178,0_2,5,0.033888662599711294,0.9830488621452709,0.9638973514160047,0.9822477923093185,0.03641056991873657
00829-QaLdnwvtxbs,belief,262,iron,0_3_145,0_3,1,0.1518606102012177,0.9842710214791858,0.9367794637484924,0.9975332017347288,0.16510708905442292
00829-QaLdnwvtxbs,belief,262,iron,0_2_61,0_2,2,0.09865259853423604,0.9853296402427886,0.9425637664070419,0.9831661303264686,0.10804118334779567
00829-QaLdnwvtxbs,belief,262,iron,0_3_141,0_3,3,0.06314973474084443,0.9578315346554567,0.9231406772515689,0.9587266611662122,0.07449372759653786
00829-QaLdnwvtxbs,belief,262,iron,0_3_117,0_3,4,0.03808955051389931,0.9709534859178668,0.9097389018378834,0.9726812811172267,0.044332283115301144
00829-QaLdnwvtxbs,belief,262,iron,0_2_122,0_2,5,0.036425614247358656,0.979159475560187,0.9519763765669658,0.9849674009758481,0.039673948429984666
00829-QaLdnwvtxbs,belief,263,ironing board,0_2_158,0_2,1,0.031286529852489635,0.9637888079243048,0.9288763315469857,0.9994802560258006,0.034965794518302236
00829-QaLdnwvtxbs,belief,263,ironing board,0_0_14,0_0,2,0.02741971093643972,0.9442835123248635,0.9521573720293862,0.9992180925994414,0.030520485791166497
00829-QaLdnwvtxbs,belief,263,ironing board,0_3_360,0_3,3,0.022941662414093587,0.9134903864525161,0.9705954494954869,0.9990050579308997,0.02590090659583759
00829-QaLdnwvtxbs,belief,263,ironing board,0_1_101,0_1,4,0.016949235747554126,0.9660942745586957,0.9612005535217978,0.9977737116033898,0.01829298349052004
00829-QaLdnwvtxbs,belief,263,ironing board,0_3_267,0_3,5,0.01570483571425703,0.9755037916157708,0.9368287303543641,0.9979236255656099,0.01722054651873702
00829-QaLdnwvtxbs,belief,264,jewelry,0_3_277,0_3,1,0.00715593222163949,0.9584286383279857,0.8930122431747622,0.7984749493913051,0.01047098958520408
00829-QaLdnwvtxbs,belief,264,jewelry,0_3_272,0_3,2,0.0031130683380851923,0.9716149406874195,0.9312918124539873,0.8740281414346984,0.003936255397628961
00829-QaLdnwvtxbs,belief,264,jewelry,0_1_43,0_1,3,0.0010495673196960142,0.9263140429280267,0.9817682153820861,0.974780379492114,0.0011839580229290269
00829-QaLdnwvtxbs,belief,264,jewelry,0_3_9,0_3,4,0.0005816556372619586,0.9775376829224153,0.9242505405050883,0.9052396589992,0.0007111793666454848
00829-QaLdnwvtxbs,belief,264,jewelry,0_0_29,0_0,5,0.0003614610895752477,0.9745103120803833,0.9449438616336413,0.9837028875686332,0.00039902964322634325
00829-QaLdnwvtxbs,belief,265,jug,0_1_69,0_1,1,0.005489500770855542,0.835577734708786,0.970699057137362,0.9951126082079284,0.006801256512617814
00829-QaLdnwvtxbs,belief,265,jug,0_3_145,0_3,2,0.005166434878074851,0.9842710214791858,0.9367794637484924,0.9975332017347288,0.005617092031817354
00829-QaLdnwvtxbs,belief,265,jug,0_2_61,0_2,3,0.004217989048179698,0.9853296402427886,0.9425637664070419,0.9831661303264686,0.0046194072420223855
00829-QaLdnwvtxbs,belief,265,jug,0_1_20,0_1,4,0.0028588388675102124,0.9429041976052321,0.9577240798783183,0.9584469845375457,0.003303038277159048
00829-QaLdnwvtxbs,belief,265,jug,0_1_43,0_1,5,0.002682744643966894,0.9263140429280267,0.9817682153820861,0.974780379492114,0.0030262537572286626
00829-QaLdnwvtxbs,belief,266,keg,0_2_79,0_2,1,0.06626727684444075,0.9708657863340816,0.9319677390333537,0.991840751321489,0.07384092025709177
00829-QaLdnwvtxbs,belief,266,keg,0_1_43,0_1,2,0.0529728530466991,0.9263140429280267,0.9817682153820861,0.974780379492114,0.05975570426511053
00829-QaLdnwvtxbs,belief,266,keg,0_2_61,0_2,3,0.049785706314926535,0.9853296402427886,0.9425637664070419,0.9831661303264686,0.054523719638300355
00829-QaLdnwvtxbs,belief,266,keg,0_1_42,0_1,4,0.022969368370055695,0.8610755614885667,0.9334460238814246,0.9458351438482929,0.030213645712191355
00829-QaLdnwvtxbs,belief,266,keg,0_0_75,0_0,5,0.018112694350064674,0.9711026629510843,0.91942287731796,0.9967338657165301,0.020352763836350395
00829-QaLdnwvtxbs,belief,267,kettle,0_3_145,0_3,1,0.003968984249098174,0.9842710214791858,0.9367794637484924,0.9975332017347288,0.00431519032488518
00829-QaLdnwvtxbs,belief,267,kettle,0_1_43,0_1,2,0.0028314896968251817,0.9263140429280267,0.9817682153820861,0.974780379492114,0.003194044708221285
00829-QaLdnwvtxbs,belief,267,kettle,0_2_132,0_2,3,0.0014924758707408356,0.8174735053777695,0.9414269692541382,0.9949100102681608,0.0019492304924915763
00829-QaLdnwvtxbs,belief,267,kettle,0_2_61,0_2,4,0.0013619028146798203,0.9853296402427886,0.9425637664070419,0.9831661303264686,0.001491512579383684
00829-QaLdnwvtxbs,belief,267,kettle,0_0_29,0_0,5,0.0012663062138566854,0.9745103120803833,0.9449438616336413,0.9837028875686332,0.0013979200840796015
00829-QaLdnwvtxbs,belief,268,keys,0_0_29,0_0,1,0.004367319659471051,0.9745103120803833,0.9449438616336413,0.9837028875686332,0.004821238179805081
00829-QaLdnwvtxbs,belief,268,keys,0_4_97,0_4,2,0.0033702625671904267,0.9818021404441597,0.9427310769671773,0.9892209815654808,0.003680938989447712
00829-QaLdnwvtxbs,belief,268,keys,0_1_53,0_1,3,0.003203980010678425,0.9749215862194056,0.9501554997037894,0.996800738676546,0.003469900918192182
00829-QaLdnwvtxbs,belief,268,keys,0_4_1,0_4,4,0.0029038591729106033,0.8925236130006884,0.8637943796135312,0.9730540570878572,0.003870869181060439
00829-QaLdnwvtxbs,belief,268,keys,0_1_76,0_1,5,0.002046650067952664,0.9638035128666803,0.950586876729289,0.923645615490136,0.002418565769837374
00829-QaLdnwvtxbs,belief,269,kitchen appliance,0_3_160,0_3,1,0.001804165261544523,0.9780740607453371,0.9179881968740915,0.9967716682331297,0.0020159130329741744
00829-QaLdnwvtxbs,belief,269,kitchen appliance,0_3_2,0_3,2,0.0016509832097132337,0.96202025747023,0.9306575012087376,0.997128376461631,0.001849343058740716
00829-QaLdnwvtxbs,belief,269,kitchen appliance,0_3_223,0_3,3,0.00120575082926097,0.8971420836970126,0.8970568865704479,0.9967279883750552,0.0015031409342696727
00829-QaLdnwvtxbs,belief,269,kitchen appliance,0_3_50,0_3,4,0.0010831376826833964,0.9662674765490072,0.8904106809000929,0.997129669089002,0.0012625375505132307
00829-QaLdnwvtxbs,belief,269,kitchen appliance,0_3_222,0_3,5,0.0009700086868401029,0.960038078952136,0.9443246401611358,0.997694333297128,0.0010724284754485731
00829-QaLdnwvtxbs,belief,270,kitchen handle,0_2_80,0_2,1,0.03431473138968183,0.9724949253906023,0.9432373428086318,0.996184532950654,0.03755194872250569
00829-QaLdnwvtxbs,belief,270,kitchen handle,0_4_66,0_4,2,0.03331812306779692,0.9934138665305371,0.9595046633383428,0.996896651123555,0.03506332388374509
00829-QaLdnwvtxbs,belief,270,kitchen handle,0_3_222,0_3,3,0.027884198480496357,0.960038078952136,0.9443246401611358,0.997694333297128,0.03082839243734886
00829-QaLdnwvtxbs,belief,270,kitchen handle,0_2_163,0_2,4,0.02354316848390948,0.9649076473154472,0.9066912981805136,0.982615010991516,0.027386486585675617
00829-QaLdnwvtxbs,belief,270,kitchen handle,0_3_50,0_3,5,0.020273406532121143,0.9662674765490072,0.8904106809000929,0.997129669089002,0.023631286615576935
00829-QaLdnwvtxbs,belief,271,kitchen island,0_1_68,0_1,1,0.0007620490083180444,0.938170738473083,0.9668815624429336,0.9988075715237827,0.0008410966717748452
00829-QaLdnwvtxbs,belief,271,kitchen island,0_3_2,0_3,2,0.0007589680889156233,0.96202025747023,0.9306575012087376,0.997128376461631,0.0008501554460300117
00829-QaLdnwvtxbs,belief,271,kitchen island,0_3_160,0_3,3,0.0006886536148202593,0.9780740607453371,0.9179881968740915,0.9967716682331297,0.0007694781774771902
00829-QaLdnwvtxbs,belief,271,kitchen island,0_3_222,0_3,4,0.0006449718813564394,0.960038078952136,0.9443246401611358,0.997694333297128,0.0007130721825631469
00829-QaLdnwvtxbs,belief,271,kitchen island,0_3_223,0_3,5,0.0004926219816619862,0.8971420836970126,0.8970568865704479,0.9967279883750552,0.0006141237872596209
00829-QaLdnwvtxbs,belief,272,kitchen utensil,0_2_132,0_2,1,0.001176676222828094,0.8174735053777695,0.9414269692541382,0.9949100102681608,0.0015367840903101697
00829-QaLdnwvtxbs,belief,272,kitchen utensil,0_1_20,0_1,2,0.0005577170694617482,0.9429041976052321,0.9577240798783183,0.9584469845375457,0.0006443737872717114
00829-QaLdnwvtxbs,belief,272,kitchen utensil,0_3_145,0_3,3,0.00038789688681622754,0.9842710214791858,0.9367794637484924,0.9975332017347288,0.00042173230932392733
00829-QaLdnwvtxbs,belief,272,kitchen utensil,0_2_61,0_2,4,0.0002799277243008701,0.9853296402427886,0.9425637664070419,0.9831661303264686,0.0003065679265896461
00829-QaLdnwvtxbs,belief,272,kitchen utensil,0_2_80,0_2,5,0.00026936998656271817,0.9724949253906023,0.9432373428086318,0.996184532950654,0.000294782080847844
00829-QaLdnwvtxbs,belief,273,knife,0_4_97,0_4,1,0.4785556505935701,0.9818021404441597,0.9427310769671773,0.9892209815654808,0.5226697083007592
00829-QaLdnwvtxbs,belief,273,knife,0_1_20,0_1,2,0.4215638075617653,0.9429041976052321,0.9577240798783183,0.9584469845375457,0.48706536365727776
00829-QaLdnwvtxbs,belief,273,knife,0_2_92,0_2,3,0.2856318167546277,0.9483009825821102,0.9283667601600114,0.9676517871722266,0.3352908457420772
00829-QaLdnwvtxbs,belief,273,knife,0_2_76,0_2,4,0.27632681691365624,0.9777445369518636,0.9242074922009753,0.9961299462102072,0.30698146553010536
00829-QaLdnwvtxbs,belief,273,knife,0_3_177,0_3,5,0.2513254981634168,0.9766247625057128,0.9179685651540588,0.9893945082369284,0.2833423655683056
00829-QaLdnwvtxbs,belief,274,knob,0_4_82,0_4,1,0.06309682801233132,0.9921106015443804,0.9635382904444146,0.9835741109117667,0.06710754784385511
00829-QaLdnwvtxbs,belief,274,knob,0_1_43,0_1,2,0.026599525930097265,0.9263140429280267,0.9817682153820861,0.974780379492114,0.030005433229541262
00829-QaLdnwvtxbs,belief,274,knob,0_0_21,0_0,3,0.026542941764229288,0.9143228871071781,0.9488101997950833,0.9960265922869888,0.030718441987078942
00829-QaLdnwvtxbs,belief,274,knob,0_2_61,0_2,4,0.021147969332153117,0.9853296402427886,0.9425637664070419,0.9831661303264686,0.0231605823465034
00829-QaLdnwvtxbs,belief,274,knob,0_4_83,0_4,5,0.016294564858492778,0.9789907316329346,0.9578645280400937,0.9881564908472473,0.01758467591434456
00829-QaLdnwvtxbs,belief,275,lace doily,0_3_277,0_3,1,0.0005457624291259262,0.9584286383279857,0.8930122431747622,0.7984749493913051,0.000798592347492074
00829-QaLdnwvtxbs,belief,275,lace doily,0_3_101,0_3,2,0.0005369494570509878,0.9791525103858175,0.975724896192237,0.6132452325871574,0.0009164768490211784
00829-QaLdnwvtxbs,belief,275,lace doily,0_3_11,0_3,3,0.00026453099872418974,0.8894486994548881,0.9071771840028413,0.8797349768554308,0.0003726590641943295
00829-QaLdnwvtxbs,belief,275,lace doily,0_3_73,0_3,4,0.000256325676061115,0.9854319304914134,0.941852970572902,0.5402934593739244,0.0005111550538730583
00829-QaLdnwvtxbs,belief,275,lace doily,0_3_272,0_3,5,0.00020445498299146112,0.9716149406874195,0.9312918124539873,0.8740281414346984,0.0002585189089897365
00829-QaLdnwvtxbs,belief,276,ladder,0_1_43,0_1,1,0.06218405359184241,0.9263140429280267,0.9817682153820861,0.974780379492114,0.07014634294218867
00829-QaLdnwvtxbs,belief,276,ladder,0_1_38,0_1,2,0.05627987839535256,0.8996334107147632,0.9107840990239411,0.9959668403347166,0.06896476414407642
00829-QaLdnwvtxbs,belief,276,ladder,0_3_117,0_3,3,0.05298061844144066,0.9709534859178668,0.9097389018378834,0.9726812811172267,0.06166394049498184
00829-QaLdnwvtxbs,belief,276,ladder,0_2_165,0_2,4,0.028339802069777847,0.9699197729809437,0.9602325145987616,0.9720523142670042,0.0313036481519142
00829-QaLdnwvtxbs,belief,276,ladder,0_2_163,0_2,5,0.024430072711960498,0.9649076473154472,0.9066912981805136,0.982615010991516,0.028418174005357403
00829-QaLdnwvtxbs,belief,277,landing,0_4_82,0_4,1,0.02474608738938961,0.9921106015443804,0.9635382904444146,0.9835741109117667,0.026319060652417174
00829-QaLdnwvtxbs,belief,277,landing,0_1_43,0_1,2,0.0237205588008974,0.9263140429280267,0.9817682153820861,0.974780379492114,0.02675783189287583
00829-QaLdnwvtxbs,belief,277,landing,0_2_123,0_2,3,0.02262231095528059,0.951584882851394,0.9387279260326242,0.9936616410337636,0.025486557045487315
00829-QaLdnwvtxbs,belief,277,landing,0_4_8,0_4,4,0.021526846950442897,0.9651949381256641,0.8947576037307547,0.990038378433478,0.025177230711339333
00829-QaLdnwvtxbs,belief,277,landing,0_0_38,0_0,5,0.012766597667229231,0.9812196333687028,0.9489402033822547,0.9945117799612258,0.013786694883961436
00829-QaLdnwvtxbs,belief,278,laundry,0_1_13,0_1,1,0.028768895787736844,0.952490770395311,0.9238164421163115,0.9763743075649506,0.03348577745432314
00829-QaLdnwvtxbs,belief,278,laundry,0_1_77,0_1,2,0.015295199055078217,0.9764120237661057,0.9098239419454992,0.9710054280513156,0.017731398723336345
00829-QaLdnwvtxbs,belief,278,laundry,0_1_78,0_1,3,0.014564556897772342,0.9349828690842372,0.926000425910207,0.9691360382987141,0.017357920413035993
00829-QaLdnwvtxbs,belief,278,laundry,0_3_2,0_3,4,0.0037733955639138814,0.96202025747023,0.9306575012087376,0.997128376461631,0.00422675582219836
00829-QaLdnwvtxbs,belief,278,laundry,0_3_160,0_3,5,0.0034856786000552527,0.9780740607453371,0.9179881968740915,0.9967716682331297,0.0038947789697463655
00829-QaLdnwvtxbs,belief,279,lawn mower,0_2_61,0_2,1,5.3380456410906885e-05,0.9853296402427886,0.9425637664070419,0.9831661303264686,5.846057543307738e-05
00829-QaLdnwvtxbs,belief,279,lawn mower,0_0_50,0_0,2,4.915311091757403e-05,0.9365806639274217,0.9260460164832961,0.994398786133444,5.699183874025689e-05
00829-QaLdnwvtxbs,belief,279,lawn mower,0_0_29,0_0,3,3.8303270284330266e-05,0.9745103120803833,0.9449438616336413,0.9837028875686332,4.2284330780717965e-05
00829-QaLdnwvtxbs,belief,279,lawn mower,0_1_43,0_1,4,2.6244265666750515e-05,0.9263140429280267,0.9817682153820861,0.974780379492114,2.9604684053071968e-05
00829-QaLdnwvtxbs,belief,279,lawn mower,0_2_79,0_2,5,2.052963150137084e-05,0.9708657863340816,0.9319677390333537,0.991840751321489,2.287594956042586e-05
00829-QaLdnwvtxbs,belief,280,level,0_1_43,0_1,1,0.05812907776377949,0.9263140429280267,0.9817682153820861,0.974780379492114,0.06557215215487562
00829-QaLdnwvtxbs,belief,280,level,0_0_102,0_0,2,0.02260395783568593,0.9647081651508119,0.9196356892104713,0.9921487403781908,0.025680053951240487
00829-QaLdnwvtxbs,belief,280,level,0_0_38,0_0,3,0.019966295341654988,0.9812196333687028,0.9489402033822547,0.9945117799612258,0.021561674379780172
00829-QaLdnwvtxbs,belief,280,level,0_4_82,0_4,4,0.019823753828932044,0.9921106015443804,0.9635382904444146,0.9835741109117667,0.021083841302765194
00829-QaLdnwvtxbs,belief,280,level,0_4_35,0_4,5,0.018127853467295698,0.9289367587313717,0.9085533132636621,0.9894260921831448,0.021708332152774245
00829-QaLdnwvtxbs,belief,281,lid,0_4_82,0_4,1,0.3602973075017844,0.9921106015443804,0.9635382904444146,0.9835741109117667,0.38319943431170295
00829-QaLdnwvtxbs,belief,281,lid,0_1_48,0_1,2,0.3549423150341109,0.9371238040617654,0.9170594549230693,0.9820927562097542,0.4205433862685531
00829-QaLdnwvtxbs,belief,281,lid,0_3_145,0_3,3,0.20312439264785562,0.9842710214791858,0.9367794637484924,0.9975332017347288,0.22084250248696916
00829-QaLdnwvtxbs,belief,281,lid,0_4_83,0_4,4,0.14455720946496434,0.9789907316329346,0.9578645280400937,0.9881564908472473,0.15600242790150518
00829-QaLdnwvtxbs,belief,281,lid,0_2_79,0_2,5,0.13251441838392064,0.9708657863340816,0.9319677390333537,0.991840751321489,0.14765940395848415
00829-QaLdnwvtxbs,belief,282,light,0_3_349,0_3,1,0.6978941009906193,0.9912756721021152,0.9384783206953182,0.9755531565625148,0.7689885908863457
00829-QaLdnwvtxbs,belief,282,light,0_1_48,0_1,2,0.35483433601844777,0.9371238040617654,0.9170594549230693,0.9820927562097542,0.4204154503787775
00829-QaLdnwvtxbs,belief,282,light,0_1_46,0_1,3,0.2840279057115127,0.9788464481024077,0.9253195625681674,0.9981170044433122,0.31417617203094733
00829-QaLdnwvtxbs,belief,282,light,0_0_59,0_0,4,0.2661263860649842,0.9424504320981879,0.9285281736489194,0.9570163791350695,0.3177715131943667
00829-QaLdnwvtxbs,belief,282,light,0_0_42,0_0,5,0.24426158712704568,0.9088749441007773,0.9159458384752543,0.9953918737319781,0.2947726318581792
00829-QaLdnwvtxbs,belief,283,lighter,0_1_48,0_1,1,0.48906647602900594,0.9371238040617654,0.9170594549230693,0.9820927562097542,0.5794566137314469
00829-QaLdnwvtxbs,belief,283,lighter,0_3_349,0_3,2,0.34484832949884914,0.9912756721021152,0.9384783206953182,0.9755531565625148,0.37997803763410043
00829-QaLdnwvtxbs,belief,283,lighter,0_0_42,0_0,3,0.21572052505913872,0.9088749441007773,0.9159458384752543,0.9953918737319781,0.2603295412325184
00829-QaLdnwvtxbs,belief,283,lighter,0_1_46,0_1,4,0.20180088433089868,0.9788464481024077,0.9253195625681674,0.9981170044433122,0.22322112748998046
00829-QaLdnwvtxbs,belief,283,lighter,0_0_21,0_0,5,0.2002658297657905,0.9143228871071781,0.9488101997950833,0.9960265922869888,0.23176987420231
00829-QaLdnwvtxbs,belief,284,liquid,0_1_43,0_1,1,0.007440882977369165,0.9263140429280267,0.9817682153820861,0.974780379492114,0.00839364272630344
00829-QaLdnwvtxbs,belief,284,liquid,0_3_177,0_3,2,0.006695515385870601,0.9766247625057128,0.9179685651540588,0.9893945082369284,0.007548470736136832
00829-QaLdnwvtxbs,belief,284,liquid,0_3_145,0_3,3,0.006413134227923397,0.9842710214791858,0.9367794637484924,0.9975332017347288,0.006972538321061124
00829-QaLdnwvtxbs,belief,284,liquid,0_4_16,0_4,4,0.005682091608993073,0.96604856308424,0.9197053925220993,0.9969604956590581,0.006414792159600195
00829-QaLdnwvtxbs,belief,284,liquid,0_0_29,0_0,5,0.003690276794039576,0.9745103120803833,0.9449438616336413,0.9837028875686332,0.004073826685639754
00829-QaLdnwvtxbs,belief,285,locker,0_2_80,0_2,1,0.04108741760328224,0.9724949253906023,0.9432373428086318,0.996184532950654,0.04496356335875541
00829-QaLdnwvtxbs,belief,285,locker,0_3_215,0_3,2,0.024333043004855587,0.9832291088381064,0.9393117117741373,0.9996129559782911,0.026357249182205975
00829-QaLdnwvtxbs,belief,285,locker,0_3_266,0_3,3,0.01770802471911863,0.9714048353503739,0.9205603018383172,0.9993022687714798,0.01981621669546425
00829-QaLdnwvtxbs,belief,285,locker,0_4_97,0_4,4,0.014915112402506347,0.9818021404441597,0.9427310769671773,0.9892209815654808,0.01629001232985498
00829-QaLdnwvtxbs,belief,285,locker,0_4_66,0_4,5,0.012304130850509385,0.9934138665305371,0.9595046633383428,0.996896651123555,0.01294862031218007
00829-QaLdnwvtxbs,belief,286,machine,0_0_29,0_0,1,0.0228787217819781,0.9745103120803833,0.9449438616336413,0.9837028875686332,0.025256627762798203
00829-QaLdnwvtxbs,belief,286,machine,0_3_145,0_3,2,0.017380616814538608,0.9842710214791858,0.9367794637484924,0.9975332017347288,0.018896691146021858
00829-QaLdnwvtxbs,belief,286,machine,0_3_160,0_3,3,0.0057549517980135115,0.9780740607453371,0.9179881968740915,0.9967716682331297,0.006430387825903329
00829-QaLdnwvtxbs,belief,286,machine,0_2_61,0_2,4,0.00535964378265716,0.9853296402427886,0.9425637664070419,0.9831661303264686,0.005869711139945084
00829-QaLdnwvtxbs,belief,286,machine,0_3_223,0_3,5,0.004089495695197521,0.8971420836970126,0.8970568865704479,0.9967279883750552,0.005098141532059892
00829-QaLdnwvtxbs,belief,287,mailbox,0_2_61,0_2,1,0.01414752257929116,0.9853296402427886,0.9425637664070419,0.9831661303264686,0.015493916061175264
00829-QaLdnwvtxbs,belief,287,mailbox,0_2_79,0_2,2,0.011669972786675205,0.9708657863340816,0.9319677390333537,0.991840751321489,0.013003726288106943
00829-QaLdnwvtxbs,belief,287,mailbox,0_4_97,0_4,3,0.007861690124451357,0.9818021404441597,0.9427310769671773,0.9892209815654808,0.008586393826927595
00829-QaLdnwvtxbs,belief,287,mailbox,0_0_50,0_0,4,0.004391474560605551,0.9365806639274217,0.9260460164832961,0.994398786133444,0.005091808134172205
00829-QaLdnwvtxbs,belief,287,mailbox,0_1_43,0_1,5,0.004151570946081076,0.9263140429280267,0.9817682153820861,0.974780379492114,0.004683154321911769
00829-QaLdnwvtxbs,belief,288,mannequin,0_1_13,0_1,1,0.01786982935107766,0.952490770395311,0.9238164421163115,0.9763743075649506,0.020799725273153814
00829-QaLdnwvtxbs,belief,288,mannequin,0_1_77,0_1,2,0.010819692961254365,0.9764120237661057,0.9098239419454992,0.9710054280513156,0.012543039764911107
00829-QaLdnwvtxbs,belief,288,mannequin,0_1_78,0_1,3,0.00539155203587952,0.9349828690842372,0.926000425910207,0.9691360382987141,0.006425607850510917
00829-QaLdnwvtxbs,belief,288,mannequin,0_2_92,0_2,4,0.001711715055583057,0.9483009825821102,0.9283667601600114,0.9676517871722266,0.0020093083297821773
00829-QaLdnwvtxbs,belief,288,mannequin,0_1_21,0_1,5,0.0016131086000281446,0.9359685281507013,0.9168693918465103,0.9973080433122186,0.0018848012636414177
00829-QaLdnwvtxbs,belief,289,map,0_3_264,0_3,1,0.018245750423747074,0.969160783895309,0.9570286313111998,0.9992513577235089,0.0196863961309359
00829-QaLdnwvtxbs,belief,289,map,0_3_268,0_3,2,0.014410013420990206,0.987664567993456,0.9430964341856583,0.9990573017979447,0.015484900185909891
00829-QaLdnwvtxbs,belief,289,map,0_3_236,0_3,3,0.013188626372964932,0.9539990626963567,0.9162303438769974,0.9992321659234693,0.015100124934699007
00829-QaLdnwvtxbs,belief,289,map,0_3_273,0_3,4,0.01120731469136345,0.9600641915575099,0.9560905449234003,0.9992333600858736,0.012218991054106067
00829-QaLdnwvtxbs,belief,289,map,0_4_45,0_4,5,0.010790717527079082,0.9751364683495338,0.9586610406829522,0.9990149960162591,0.011554411745711634
00829-QaLdnwvtxbs,belief,290,mascot,0_1_43,0_1,1,0.0006473776534787859,0.9263140429280267,0.9817682153820861,0.974780379492114,0.0007302704193602064
00829-QaLdnwvtxbs,belief,290,mascot,0_1_42,0_1,2,0.0004997834420562368,0.8610755614885667,0.9334460238814246,0.9458351438482929,0.0006574094510492646
00829-QaLdnwvtxbs,belief,290,mascot,0_0_59,0_0,3,0.0003850297185110639,0.9424504320981879,0.9285281736489194,0.9570163791350695,0.0004597495125725166
00829-QaLdnwvtxbs,belief,290,mascot,0_3_213,0_3,4,0.0003011424746151968,0.9785065565059805,0.9341100228973911,0.9912791734333682,0.0003323642172841718
00829-QaLdnwvtxbs,belief,290,mascot,0_0_91,0_0,5,0.0002849925726629543,0.9840268381742269,0.9554506060675896,0.9977198907046748,0.0003038153606198894
00829-QaLdnwvtxbs,belief,291,massage bed,0_2_66,0_2,1,0.04019945597502006,0.970324709402946,0.9290128585169263,0.9912809958219424,0.044986745872744816
00829-QaLdnwvtxbs,belief,291,massage bed,0_3_342,0_3,2,0.002633640995262115,0.969762212668559,0.9604775740539282,0.9881189215028591,0.002861507387552501
00829-QaLdnwvtxbs,belief,291,massage bed,0_0_29,0_0,3,0.002575740396354893,0.9745103120803833,0.9449438616336413,0.9837028875686332,0.0028434506535929913
00829-QaLdnwvtxbs,belief,291,massage bed,0_0_53,0_0,4,0.002259976299402671,0.8967390975938434,0.9799045051973353,0.979623210401554,0.0026253968425788334
00829-QaLdnwvtxbs,belief,291,massage bed,0_0_55,0_0,5,0.0019621218561843875,0.8764910417444566,0.9061822391896028,0.9998015639048675,0.0024708656738097264
00829-QaLdnwvtxbs,belief,292,material,0_0_59,0_0,1,0.3375846160765413,0.9424504320981879,0.9285281736489194,0.9570163791350695,0.4030970993443203
00829-QaLdnwvtxbs,belief,292,material,0_0_101,0_0,2,0.2700362353948355,0.971682865920049,0.9546723166528128,0.9837007350067023,0.2959239906879796
00829-QaLdnwvtxbs,belief,292,material,0_3_312,0_3,3,0.23367780923749473,0.9547335578447316,0.9323015744678502,0.986581407358742,0.2661006529718335
00829-QaLdnwvtxbs,belief,292,material,0_1_43,0_1,4,0.20999878696208674,0.9263140429280267,0.9817682153820861,0.974780379492114,0.23688785270213697
00829-QaLdnwvtxbs,belief,292,material,0_0_88,0_0,5,0.17924956755117716,0.9259068029673249,0.9427654079358601,0.9826918636212066,0.20896321542217688
00829-QaLdnwvtxbs,belief,293,measuring tape,0_2_79,0_2,1,0.0007376930672173628,0.9708657863340816,0.9319677390333537,0.991840751321489,0.0008220035218661086
00829-QaLdnwvtxbs,belief,293,measuring tape,0_1_43,0_1,2,0.0006073818336421102,0.9263140429280267,0.9817682153820861,0.974780379492114,0.0006851533783751926
00829-QaLdnwvtxbs,belief,293,measuring tape,0_4_100,0_4,3,0.0005319522559387164,0.9845428940661991,0.9292253720092198,0.9925254914494402,0.0005858349585499718
00829-QaLdnwvtxbs,belief,293,measuring tape,0_2_137,0_2,4,0.00044054569789675116,0.9809784377653766,0.9795393967234436,0.9886458723517383,0.0004637338921826689
00829-QaLdnwvtxbs,belief,293,measuring tape,0_0_34,0_0,5,0.0002501070340300535,0.9612707408690694,0.9388840210295921,0.9844560060496962,0.00028149580156393305
00829-QaLdnwvtxbs,belief,294,medical lamp,0_3_349,0_3,1,0.15382422366547724,0.9912756721021152,0.9384783206953182,0.9755531565625148,0.16949430125974282
00829-QaLdnwvtxbs,belief,294,medical lamp,0_1_48,0_1,2,0.13847683424605722,0.9371238040617654,0.9170594549230693,0.9820927562097542,0.1640703695415675
00829-QaLdnwvtxbs,belief,294,medical lamp,0_3_213,0_3,3,0.024334507823182874,0.9785065565059805,0.9341100228973911,0.9912791734333682,0.026857452293910265
00829-QaLdnwvtxbs,belief,294,medical lamp,0_0_42,0_0,4,0.0233454575830436,0.9088749441007773,0.9159458384752543,0.9953918737319781,0.028173083023930325
00829-QaLdnwvtxbs,belief,294,medical lamp,0_0_21,0_0,5,0.0154440898341536,0.9143228871071781,0.9488101997950833,0.9960265922869888,0.017873617092926564
00829-QaLdnwvtxbs,belief,295,medical object,0_4_47,0_4,1,0.00020453466212707342,0.9891614917608691,0.9682564816936827,0.9888393750772777,0.00021596508891058485
00829-QaLdnwvtxbs,belief,295,medical object,0_4_97,0_4,2,0.00020284683604145754,0.9818021404441597,0.9427310769671773,0.9892209815654808,0.00022154559556870283
00829-QaLdnwvtxbs,belief,295,medical object,0_2_79,0_2,3,0.00010873380562088044,0.9708657863340816,0.9319677390333537,0.991840751321489,0.00012116092062978912
00829-QaLdnwvtxbs,belief,295,medical object,0_2_66,0_2,4,7.34672044441929e-05,0.970324709402946,0.9290128585169263,0.9912809958219424,8.22162981102444e-05
00829-QaLdnwvtxbs,belief,295,medical object,0_0_29,0_0,5,6.102383205241206e-05,0.9745103120803833,0.9449438616336413,0.9837028875686332,6.736636012687365e-05
00829-QaLdnwvtxbs,belief,296,menu,0_0_59,0_0,1,0.00701575979866918,0.9424504320981879,0.9285281736489194,0.9570163791350695,0.008377255034331402
00829-QaLdnwvtxbs,belief,296,menu,0_1_43,0_1,2,0.0030662577022958063,0.9263140429280267,0.9817682153820861,0.974780379492114,0.003458873327012975
00829-QaLdnwvtxbs,belief,296,menu,0_4_100,0_4,3,0.0028907611811608996,0.9845428940661991,0.9292253720092198,0.9925254914494402,0.0031835732207861223
00829-QaLdnwvtxbs,belief,296,menu,0_3_94,0_3,4,0.002833829437986731,0.9057604646488226,0.9294885230117531,0.9958992379815265,0.003379877152920553
00829-QaLdnwvtxbs,belief,296,menu,0_3_160,0_3,5,0.002014658793606489,0.9780740607453371,0.9179881968740915,0.9967716682331297,0.0022511113619106352
00829-QaLdnwvtxbs,belief,297,meshwork,0_3_11,0_3,1,0.15569517126571472,0.8894486994548881,0.9071771840028413,0.8797349768554308,0.2193361727105271
00829-QaLdnwvtxbs,belief,297,meshwork,0_3_101,0_3,2,0.08234087964291857,0.9791525103858175,0.975724896192237,0.6132452325871574,0.140541179304346
00829-QaLdnwvtxbs,belief,297,meshwork,0_3_73,0_3,3,0.07964498645532748,0.9854319304914134,0.941852970572902,0.5402934593739244,0.158825046198592
00829-QaLdnwvtxbs,belief,297,meshwork,0_4_82,0_4,4,0.06322586994307597,0.9921106015443804,0.9635382904444146,0.9835741109117667,0.06724479226348928
00829-QaLdnwvtxbs,belief,297,meshwork,0_3_209,0_3,5,0.03822423505631077,0.982043864209289,0.9419185778605066,0.9956528841944744,0.04150367920774016
00829-QaLdnwvtxbs,belief,298,meter,0_2_61,0_2,1,0.027302066438641758,0.9853296402427886,0.9425637664070419,0.9831661303264686,0.029900353459491723
00829-QaLdnwvtxbs,belief,298,meter,0_0_25,0_0,2,0.0200088529420334,0.8010731935501099,0.9737998604221256,0.9989405298680443,0.02567678538882408
00829-QaLdnwvtxbs,belief,298,meter,0_2_79,0_2,3,0.011813836581722196,0.9708657863340816,0.9319677390333537,0.991840751321489,0.013164032181510178
00829-QaLdnwvtxbs,belief,298,meter,0_1_43,0_1,4,0.00667187115310893,0.9263140429280267,0.9817682153820861,0.974780379492114,0.007526163621367234
00829-QaLdnwvtxbs,belief,298,meter,0_4_100,0_4,5,0.006371151595626779,0.9845428940661991,0.9292253720092198,0.9925254914494402,0.007016500614990525
00829-QaLdnwvtxbs,belief,299,microphone,0_2_132,0_2,1,0.0011383755196641761,0.8174735053777695,0.9414269692541382,0.9949100102681608,0.0014867619090779068
00829-QaLdnwvtxbs,belief,299,microphone,0_0_29,0_0,2,0.0010658895368250943,0.9745103120803833,0.9449438616336413,0.9837028875686332,0.0011766730468770628
00829-QaLdnwvtxbs,belief,299,microphone,0_1_50,0_1,3,0.0006486444114899914,0.940958428828277,0.9434665705622436,0.9895452993633691,0.0007383700069907581
00829-QaLdnwvtxbs,belief,299,microphone,0_3_83,0_3,4,0.0004006090533602669,0.9828181131851393,0.9219149879587536,0.9601051810237284,0.00046050878443647085
00829-QaLdnwvtxbs,belief,299,microphone,0_2_129,0_2,5,0.0003455779380842729,0.932868864342925,0.9496692699394691,0.9952873953330658,0.0003919264030870899
00829-QaLdnwvtxbs,belief,300,microphone accessory,0_2_132,0_2,1,0.00040629297298025213,0.8174735053777695,0.9414269692541382,0.9949100102681608,0.0005306341411235352
00829-QaLdnwvtxbs,belief,300,microphone accessory,0_0_96,0_0,2,0.00031104678168088207,0.9727348732674168,0.9464089698602887,0.9969490871851917,0.0003389061098161799
00829-QaLdnwvtxbs,belief,300,microphone accessory,0_3_363,0_3,3,0.00022762442016485218,0.9602298195332268,0.9174539403344508,0.9995772869752615,0.0002584895641960917
00829-QaLdnwvtxbs,belief,300,microphone accessory,0_0_71,0_0,4,0.00017631483787747978,0.9484983013387311,0.9519601981512213,0.9988313595504624,0.0001954975615774315
00829-QaLdnwvtxbs,belief,300,microphone accessory,0_4_100,0_4,5,0.00016915434857909238,0.9845428940661991,0.9292253720092198,0.9925254914494402,0.0001862883927684602
00829-QaLdnwvtxbs,belief,301,microwave,0_2_61,0_2,1,0.008292089251939843,0.9853296402427886,0.9425637664070419,0.9831661303264686,0.009081232005198656
00829-QaLdnwvtxbs,belief,301,microwave,0_2_71,0_2,2,0.005373329157305504,0.9601071541173409,0.8761167328879654,0.9975666810619327,0.006403535614437407
00829-QaLdnwvtxbs,belief,301,microwave,0_4_100,0_4,3,0.0015807839567792503,0.9845428940661991,0.9292253720092198,0.9925254914494402,0.001740905303920586
00829-QaLdnwvtxbs,belief,301,microwave,0_2_122,0_2,4,0.0015523796470981737,0.979159475560187,0.9519763765669658,0.9849674009758481,0.0016908165129211723
00829-QaLdnwvtxbs,belief,301,microwave,0_3_182,0_3,5,0.0014312427881675923,0.9917728710785558,0.9332859955207881,0.999831428408544,0.0015465342901641132
00829-QaLdnwvtxbs,belief,302,mirror,0_1_45,0_1,1,0.5018183726561145,0.8979178752806094,0.9212865160228453,0.998675842566233,0.6074222285912343
00829-QaLdnwvtxbs,belief,302,mirror,0_4_13,0_4,2,0.48096498393687936,0.9562819616467346,0.915392639842113,0.9969242632919004,0.5511349001905737
00829-QaLdnwvtxbs,belief,302,mirror,0_2_71,0_2,3,0.45034370452395145,0.9601071541173409,0.8761167328879654,0.9975666810619327,0.5366862639963226
00829-QaLdnwvtxbs,belief,302,mirror,0_1_35,0_1,4,0.34991191642716846,0.9174940526086327,0.9431222807249091,0.9994254137517397,0.4046104372290269
00829-QaLdnwvtxbs,belief,302,mirror,0_2_177,0_2,5,0.27419935502384407,0.9649094265208732,0.9539392189200453,0.9933968594410325,0.29987232916210943
00829-QaLdnwvtxbs,belief,303,model,0_0_102,0_0,1,0.24960311456692447,0.9647081651508119,0.9196356892104713,0.9921487403781908,0.2835707576111646
00829-QaLdnwvtxbs,belief,303,model,0_0_29,0_0,2,0.2415401758021607,0.9745103120803833,0.9449438616336413,0.9837028875686332,0.2666447176608203
00829-QaLdnwvtxbs,belief,303,model,0_4_1,0_4,3,0.2079296055562937,0.8925236130006884,0.8637943796135312,0.9730540570878572,0.2771719474161597
00829-QaLdnwvtxbs,belief,303,model,0_3_100,0_3,4,0.20257562375219673,0.8709207502007483,0.8676936628550769,0.996322777195409,0.26905561645960435
00829-QaLdnwvtxbs,belief,303,model,0_3_8,0_3,5,0.17977225524999726,0.9623268593611688,0.9280478489962541,0.9801943112272142,0.20536078371874708
00829-QaLdnwvtxbs,belief,304,modem,0_0_29,0_0,1,0.021842696150853484,0.9745103120803833,0.9449438616336413,0.9837028875686332,0.024112922534534783
00829-QaLdnwvtxbs,belief,304,modem,0_4_100,0_4,2,0.018852327165523833,0.9845428940661991,0.9292253720092198,0.9925254914494402,0.0207619239890159
00829-QaLdnwvtxbs,belief,304,modem,0_0_50,0_0,3,0.015470978909101972,0.9365806639274217,0.9260460164832961,0.994398786133444,0.01793822443141047
00829-QaLdnwvtxbs,belief,304,modem,0_3_354,0_3,4,0.008870284319478085,0.9296148958705142,0.9561143869220221,0.9975009210394719,0.010004866726794412
00829-QaLdnwvtxbs,belief,304,modem,0_3_351,0_3,5,0.0074279410070381136,0.9474742531776427,0.9589728395221819,0.999023676111871,0.008183120395181308
00829-QaLdnwvtxbs,belief,305,mop,0_2_92,0_2,1,0.09660141231077701,0.9483009825821102,0.9283667601600114,0.9676517871722266,0.11339622315739366
00829-QaLdnwvtxbs,belief,305,mop,0_3_102,0_3,2,0.04709719895995543,0.9890625174500584,0.9503735847205539,0.9591355314739043,0.05223925786573019
00829-QaLdnwvtxbs,belief,305,mop,0_0_52,0_0,3,0.04492326277555972,0.933646003405253,0.8912960839978241,0.9935658633738268,0.054333838669763074
00829-QaLdnwvtxbs,belief,305,mop,0_2_94,0_2,4,0.03465813525633271,0.9484766418496883,0.9349615689607003,0.9978721796107609,0.039166059348546986
00829-QaLdnwvtxbs,belief,305,mop,0_0_92,0_0,5,0.02624689312695623,0.9652624207451039,0.9149014588919566,0.949195532752104,0.03131140087546913
00829-QaLdnwvtxbs,belief,306,mortar,0_3_101,0_3,1,0.07974465612048465,0.9791525103858175,0.975724896192237,0.6132452325871574,0.1361098893161545
00829-QaLdnwvtxbs,belief,306,mortar,0_2_79,0_2,2,0.04711171666470771,0.9708657863340816,0.9319677390333537,0.991840751321489,0.05249608372439439
00829-QaLdnwvtxbs,belief,306,mortar,0_3_73,0_3,3,0.039912109882848316,0.9854319304914134,0.941852970572902,0.5402934593739244,0.07959123327344911
00829-QaLdnwvtxbs,belief,306,mortar,0_1_43,0_1,4,0.03536357962365877,0.9263140429280267,0.9817682153820861,0.974780379492114,0.03989167062389743
00829-QaLdnwvtxbs,belief,306,mortar,0_3_141,0_3,5,0.027762682104026912,0.9578315346554567,0.9231406772515689,0.9587266611662122,0.03274987118305356
00829-QaLdnwvtxbs,belief,307,motorcycle,0_0_29,0_0,1,0.00019600340354244576,0.9745103120803833,0.9449438616336413,0.9837028875686332,0.00021637506896965566
00829-QaLdnwvtxbs,belief,307,motorcycle,0_3_83,0_3,2,6.362876541338389e-05,0.9828181131851393,0.9219149879587536,0.9601051810237284,7.314264410634748e-05
00829-QaLdnwvtxbs,belief,307,motorcycle,0_1_20,0_1,3,4.626645676831055e-05,0.9429041976052321,0.9577240798783183,0.9584469845375457,5.345522596289108e-05
00829-QaLdnwvtxbs,belief,307,motorcycle,0_3_356,0_3,4,2.410814883830358e-05,0.8940404359002908,0.9397820465713154,0.9671706914338879,2.966719122100401e-05
00829-QaLdnwvtxbs,belief,307,motorcycle,0_2_132,0_2,5,2.3441961821375625e-05,0.8174735053777695,0.9414269692541382,0.9949100102681608,3.061609750740375e-05
00829-QaLdnwvtxbs,belief,308,music equipment,0_0_29,0_0,1,0.00015452719720304955,0.9745103120803833,0.9449438616336413,0.9837028875686332,0.00017058802218838354
00829-QaLdnwvtxbs,belief,308,music equipment,0_1_45,0_1,2,1.0952439762868063e-05,0.8979178752806094,0.9212865160228453,0.998675842566233,1.32572973246469e-05
00829-QaLdnwvtxbs,belief,308,music equipment,0_2_71,0_2,3,4.589228867189613e-06,0.9601071541173409,0.8761167328879654,0.9975666810619327,5.4691029776015806e-06
00829-QaLdnwvtxbs,belief,308,music equipment,0_2_132,0_2,4,3.4018726220256227e-06,0.8174735053777695,0.9414269692541382,0.9949100102681608,4.4429755793191486e-06
00829-QaLdnwvtxbs,belief,308,music equipment,0_4_97,0_4,5,3.233709213876218e-06,0.9818021404441597,0.9427310769671773,0.9892209815654808,3.5317979203668172e-06
00829-QaLdnwvtxbs,belief,309,napkin,0_3_94,0_3,1,0.09019749792552087,0.9057604646488226,0.9294885230117531,0.9958992379815265,0.10757756215054691
00829-QaLdnwvtxbs,belief,309,napkin,0_2_92,0_2,2,0.05379354271034992,0.9483009825821102,0.9283667601600114,0.9676517871722266,0.0631459150305725
00829-QaLdnwvtxbs,belief,309,napkin,0_3_65,0_3,3,0.05333343661235364,0.974792348784285,0.9323554082213724,0.9740448142387003,0.060245834490814346
00829-QaLdnwvtxbs,belief,309,napkin,0_2_147,0_2,4,0.03599321224647401,0.9784427839350944,0.9659594540145047,0.9960238400419469,0.0382345991917765
00829-QaLdnwvtxbs,belief,309,napkin,0_3_78,0_3,5,0.03178828529226146,0.8606472224178199,0.8872451684772089,0.991448377036202,0.04198828934681403
00829-QaLdnwvtxbs,belief,310,nightstand,0_0_21,0_0,1,0.014008712492526446,0.9143228871071781,0.9488101997950833,0.9960265922869888,0.016212438916445658
00829-QaLdnwvtxbs,belief,310,nightstand,0_0_93,0_0,2,0.011554873707903798,0.9023368383870741,0.9265157162221913,0.9989826956439248,0.013835210113016708
00829-QaLdnwvtxbs,belief,310,nightstand,0_0_38,0_0,3,0.007878753838900536,0.9812196333687028,0.9489402033822547,0.9945117799612258,0.008508294697935449
00829-QaLdnwvtxbs,belief,310,nightstand,0_0_22,0_0,4,0.006755330945520137,0.9607429411262274,0.9646034928528409,0.9985138059602161,0.007300229671747293
00829-QaLdnwvtxbs,belief,310,nightstand,0_0_75,0_0,5,0.005336334002307629,0.9711026629510843,0.91942287731796,0.9967338657165301,0.0059962998106058065
00829-QaLdnwvtxbs,belief,311,oar,0_3_177,0_3,1,0.45470884594758276,0.9766247625057128,0.9179685651540588,0.9893945082369284,0.5126351325158786
00829-QaLdnwvtxbs,belief,311,oar,0_3_89,0_3,2,0.19456842944724784,0.9609770616520811,0.9269835072588539,0.9464790079479019,0.2307684104262692
00829-QaLdnwvtxbs,belief,311,oar,0_2_161,0_2,3,0.1636849890620277,0.9163165887196858,0.8836883189233198,0.9834626365607408,0.20554472014604258
00829-QaLdnwvtxbs,belief,311,oar,0_0_92,0_0,4,0.12193618869713338,0.9652624207451039,0.9149014588919566,0.949195532752104,0.14546456477934963
00829-QaLdnwvtxbs,belief,311,oar,0_2_168,0_2,5,0.08153083315966896,0.990640685971359,0.9345495905465775,0.9972073304007661,0.08831163103862372
00829-QaLdnwvtxbs,belief,312,object,0_0_29,0_0,1,0.22512692731868852,0.9745103120803833,0.9449438616336413,0.9837028875686332,0.24852555386855327
00829-QaLdnwvtxbs,belief,312,object,0_4_97,0_4,2,0.11544292852694603,0.9818021404441597,0.9427310769671773,0.9892209815654808,0.1260846501419933
00829-QaLdnwvtxbs,belief,312,object,0_1_43,0_1,3,0.08818072925920359,0.9263140429280267,0.9817682153820861,0.974780379492114,0.0994717346043172
00829-QaLdnwvtxbs,belief,312,object,0_3_35,0_3,4,0.07387183526372115,0.9529664658777607,0.9291028761950662,0.9906251337735261,0.08422249896627935
00829-QaLdnwvtxbs,belief,312,object,0_2_61,0_2,5,0.06633856464948676,0.9853296402427886,0.9425637664070419,0.9831661303264686,0.07265188279695929
00829-QaLdnwvtxbs,belief,313,objects,0_0_29,0_0,1,0.017030766403207,0.9745103120803833,0.9449438616336413,0.9837028875686332,0.018800863599809845
00829-QaLdnwvtxbs,belief,313,objects,0_4_97,0_4,2,0.01011549884333112,0.9818021404441597,0.9427310769671773,0.9892209815654808,0.011047962391004692
00829-QaLdnwvtxbs,belief,313,objects,0_3_145,0_3,3,0.004110170718488827,0.9842710214791858,0.9367794637484924,0.9975332017347288,0.004468692190471488
00829-QaLdnwvtxbs,belief,313,objects,0_2_132,0_2,4,0.0012229717923862378,0.8174735053777695,0.9414269692541382,0.9949100102681608,0.0015972478724182214
00829-QaLdnwvtxbs,belief,313,objects,0_3_73,0_3,5,0.0010492164277528969,0.9854319304914134,0.941852970572902,0.5402934593739244,0.002092308066417265
00829-QaLdnwvtxbs,belief,314,outlet,0_4_47,0_4,1,0.05727739910867402,0.9891614917608691,0.9682564816936827,0.9888393750772777,0.06047834857148393
00829-QaLdnwvtxbs,belief,314,outlet,0_3_351,0_3,2,0.052396273247878156,0.9474742531776427,0.9589728395221819,0.999023676111871,0.057723265685597346
00829-QaLdnwvtxbs,belief,314,outlet,0_2_86,0_2,3,0.051163813650398786,0.9829763059568757,0.9475881391642806,0.9994426442085459,0.05495944860048182
00829-QaLdnwvtxbs,belief,314,outlet,0_4_73,0_4,4,0.041580611532166384,0.9655121746007354,0.9259482860765686,0.9993744658405801,0.04653911675938943
00829-QaLdnwvtxbs,belief,314,outlet,0_0_21,0_0,5,0.04145375099293898,0.9143228871071781,0.9488101997950833,0.9960265922869888,0.04797488749869873
00829-QaLdnwvtxbs,belief,315,oven,0_2_71,0_2,1,0.0023610425487353972,0.9601071541173409,0.8761167328879654,0.9975666810619327,0.0028137155951954984
00829-QaLdnwvtxbs,belief,315,oven,0_2_61,0_2,2,0.0012995342959633567,0.9853296402427886,0.9425637664070419,0.9831661303264686,0.0014232085644272263
00829-QaLdnwvtxbs,belief,315,oven,0_3_182,0_3,3,0.0007041011447765876,0.9917728710785558,0.9332859955207881,0.999831428408544,0.000760818900289398
00829-QaLdnwvtxbs,belief,315,oven,0_4_97,0_4,4,0.0005291355561664022,0.9818021404441597,0.9427310769671773,0.9892209815654808,0.0005779121538947917
00829-QaLdnwvtxbs,belief,315,oven,0_3_158,0_3,5,0.0005207011761337741,0.9690150309476715,0.9287288960778852,0.9994624758576812,0.0005788987252831121
00829-QaLdnwvtxbs,belief,316,overhang,0_0_44,0_0,1,0.6825395966988405,0.9759516825253258,0.9373071671626458,0.9837026244798995,0.7584968236255203
00829-QaLdnwvtxbs,belief,316,overhang,0_0_61,0_0,2,0.6101696455773722,0.9729683849564118,0.9570400328180405,0.979879381705441,0.668727442821123
00829-QaLdnwvtxbs,belief,316,overhang,0_1_51,0_1,3,0.5290674266204269,0.9464436181573843,0.914643103996742,0.9935238739508189,0.6151574740218153
00829-QaLdnwvtxbs,belief,316,overhang,0_0_32,0_0,4,0.4919345554013613,0.9949106973830635,0.8973991163111548,0.9798330992486709,0.5623225323563902
00829-QaLdnwvtxbs,belief,316,overhang,0_1_66,0_1,5,0.48745336942155054,0.8751840116579387,0.8922301232614325,0.9945222799025908,0.6276857987885915
00829-QaLdnwvtxbs,belief,317,pad,0_2_9,0_2,1,0.19588002138154975,0.891311696767807,0.978185441523747,0.9958528779838302,0.22560263053810534
00829-QaLdnwvtxbs,belief,317,pad,0_0_59,0_0,2,0.13018324996297828,0.9424504320981879,0.9285281736489194,0.9570163791350695,0.1554469248426742
00829-QaLdnwvtxbs,belief,317,pad,0_3_94,0_3,3,0.09418387537283815,0.9057604646488226,0.9294885230117531,0.9958992379815265,0.11233207061760465
00829-QaLdnwvtxbs,belief,317,pad,0_0_52,0_0,4,0.08649196700774196,0.933646003405253,0.8912960839978241,0.9935658633738268,0.1046104020784935
00829-QaLdnwvtxbs,belief,317,pad,0_3_312,0_3,5,0.07603899914955069,0.9547335578447316,0.9323015744678502,0.986581407358742,0.08658942580403771
00829-QaLdnwvtxbs,belief,318,painting stuff,0_3_323,0_3,1,0.33860515967096166,0.9498399254821595,0.9254375774042468,0.9927147099963813,0.38803559298326373
00829-QaLdnwvtxbs,belief,318,painting stuff,0_3_117,0_3,2,0.24825373903538836,0.9709534859178668,0.9097389018378834,0.9726812811172267,0.28894158358032695
00829-QaLdnwvtxbs,belief,318,painting stuff,0_3_83,0_3,3,0.07586665370867697,0.9828181131851393,0.9219149879587536,0.9601051810237284,0.08721036178687279
00829-QaLdnwvtxbs,belief,318,painting stuff,0_4_97,0_4,4,0.04972626826457577,0.9818021404441597,0.9427310769671773,0.9892209815654808,0.05431011857553924
00829-QaLdnwvtxbs,belief,318,painting stuff,0_2_164,0_2,5,0.04631161823748324,0.955928448287553,0.9241800773116434,0.9662683808354755,0.05425130627625648
00829-QaLdnwvtxbs,belief,319,pan,0_4_82,0_4,1,0.35415371015980346,0.9921106015443804,0.9635382904444146,0.9835741109117667,0.3766653221297119
00829-QaLdnwvtxbs,belief,319,pan,0_2_61,0_2,2,0.32705863323264034,0.9853296402427886,0.9425637664070419,0.9831661303264686,0.35818419670217144
00829-QaLdnwvtxbs,belief,319,pan,0_2_123,0_2,3,0.32460040775200105,0.951584882851394,0.9387279260326242,0.9936616410337636,0.36569857188832927
00829-QaLdnwvtxbs,belief,319,pan,0_3_11,0_3,4,0.32242130607430786,0.8894486994548881,0.9071771840028413,0.8797349768554308,0.4542122578353906
00829-QaLdnwvtxbs,belief,319,pan,0_2_132,0_2,5,0.2664247001766905,0.8174735053777695,0.9414269692541382,0.9949100102681608,0.3479608345557702
00829-QaLdnwvtxbs,belief,320,panel,0_3_160,0_3,1,0.4136648072416955,0.9780740607453371,0.9179881968740915,0.9967716682331297,0.46221501653755487
00829-QaLdnwvtxbs,belief,320,panel,0_3_223,0_3,2,0.3199322511097168,0.8971420836970126,0.8970568865704479,0.9967279883750552,0.39884132871035627
00829-QaLdnwvtxbs,belief,320,panel,0_3_2,0_3,3,0.3019282132495551,0.96202025747023,0.9306575012087376,0.997128376461631,0.3382038303757413
00829-QaLdnwvtxbs,belief,320,panel,0_3_222,0_3,4,0.13973235093713515,0.960038078952136,0.9443246401611358,0.997694333297128,0.15448619596853028
00829-QaLdnwvtxbs,belief,320,panel,0_3_50,0_3,5,0.1305588077218946,0.9662674765490072,0.8904106809000929,0.997129669089002,0.152183235736717
00829-QaLdnwvtxbs,belief,321,pantry,0_4_79,0_4,1,0.005393682493616332,0.9123160960381491,0.9905991421759914,0.99736404436593,0.005983955913230499
00829-QaLdnwvtxbs,belief,321,pantry,0_4_66,0_4,2,0.005179716667191523,0.9934138665305371,0.9595046633383428,0.996896651123555,0.005451029842173463
00829-QaLdnwvtxbs,belief,321,pantry,0_1_68,0_1,3,0.004764651366533541,0.938170738473083,0.9668815624429336,0.9988075715237827,0.005258890652458233
00829-QaLdnwvtxbs,belief,321,pantry,0_2_79,0_2,4,0.0022660984073538315,0.9708657863340816,0.9319677390333537,0.991840751321489,0.0025250893013898535
00829-QaLdnwvtxbs,belief,321,pantry,0_3_222,0_3,5,0.00168022878677808,0.960038078952136,0.9443246401611358,0.997694333297128,0.0018576382053640853
00829-QaLdnwvtxbs,belief,322,paper holder,0_4_100,0_4,1,0.14840812918904986,0.9845428940661991,0.9292253720092198,0.9925254914494402,0.16344073973052597
00829-QaLdnwvtxbs,belief,322,paper holder,0_2_62,0_2,2,0.09850876140089361,0.959124259382946,0.8523346620295722,0.9980410990974955,0.12073728522503809
00829-QaLdnwvtxbs,belief,322,paper holder,0_4_73,0_4,3,0.07154577024364535,0.9655121746007354,0.9259482860765686,0.9993744658405801,0.08007763311594522
00829-QaLdnwvtxbs,belief,322,paper holder,0_0_41,0_0,4,0.06916211666970319,0.9740891563366233,0.9193260969297246,0.9971433836617523,0.07745373527724653
00829-QaLdnwvtxbs,belief,322,paper holder,0_0_42,0_0,5,0.06303172477745997,0.9088749441007773,0.9159458384752543,0.9953918737319781,0.07606610446508075
00829-QaLdnwvtxbs,belief,323,paper storage,0_2_158,0_2,1,0.02339979705873341,0.9637888079243048,0.9288763315469857,0.9994802560258006,0.026151589824223904
00829-QaLdnwvtxbs,belief,323,paper storage,0_4_100,0_4,2,0.02149781992651175,0.9845428940661991,0.9292253720092198,0.9925254914494402,0.023675384971040863
00829-QaLdnwvtxbs,belief,323,paper storage,0_0_59,0_0,3,0.016197488554500962,0.9424504320981879,0.9285281736489194,0.9570163791350695,0.019340812175818446
00829-QaLdnwvtxbs,belief,323,paper storage,0_3_160,0_3,4,0.011801769849439852,0.9780740607453371,0.9179881968740915,0.9967716682331297,0.013186897097929928
00829-QaLdnwvtxbs,belief,323,paper storage,0_3_2,0_3,5,0.011244624985033506,0.96202025747023,0.9306575012087376,0.997128376461631,0.012595627285528932
00829-QaLdnwvtxbs,belief,324,paper towel,0_2_9,0_2,1,0.17490985675564943,0.891311696767807,0.978185441523747,0.9958528779838302,0.2014504772503283
00829-QaLdnwvtxbs,belief,324,paper towel,0_0_59,0_0,2,0.10475749997935745,0.9424504320981879,0.9285281736489194,0.9570163791350695,0.1250869926094836
00829-QaLdnwvtxbs,belief,324,paper towel,0_2_74,0_2,3,0.10467558805958914,0.9741659636729254,0.9312645259951036,0.996722245284288,0.11576179346157185
00829-QaLdnwvtxbs,belief,324,paper towel,0_0_83,0_0,4,0.09871388975466085,0.978057612933467,0.9414887342891158,0.8981877143251216,0.11935251899101353
00829-QaLdnwvtxbs,belief,324,paper towel,0_4_100,0_4,5,0.087814960551544,0.9845428940661991,0.9292253720092198,0.9925254914494402,0.09670994567735779
00829-QaLdnwvtxbs,belief,325,parapet,0_1_43,0_1,1,0.2449577441309455,0.9263140429280267,0.9817682153820861,0.974780379492114,0.2763230914301209
00829-QaLdnwvtxbs,belief,325,parapet,0_0_88,0_0,2,0.09708186313778311,0.9259068029673249,0.9427654079358601,0.9826918636212066,0.11317482411585121
00829-QaLdnwvtxbs,belief,325,parapet,0_3_320,0_3,3,0.08604276184091324,0.9656791550601049,0.9356110115707603,0.9685401433250899,0.09832603688818192
00829-QaLdnwvtxbs,belief,325,parapet,0_0_69,0_0,4,0.060962345435559014,0.9638736814778553,0.9467052957579433,0.9651310752217565,0.0692214097325301
00829-QaLdnwvtxbs,belief,325,parapet,0_2_130,0_2,5,0.05379224228691081,0.9813533710206256,0.9644522912057647,0.9958300331468142,0.0570726791596694
00829-QaLdnwvtxbs,belief,326,partial,0_0_43,0_0,1,0.8556462111688773,0.9787457755318395,0.9696851116119922,0.9956560921175549,0.9054912293716891
00829-QaLdnwvtxbs,belief,326,partial,0_2_154,0_2,2,0.7786725776074406,0.9712525457143784,0.9386763277676897,0.9951686827082851,0.8582427513743975
00829-QaLdnwvtxbs,belief,326,partial,0_3_309,0_3,3,0.7688897860989994,0.9879905737108653,0.9380922361255322,0.997458185795554,0.8317083282719098
00829-QaLdnwvtxbs,belief,326,partial,0_3_61,0_3,4,0.7397435972425309,0.9892547266936452,0.9454678599117217,0.9970235510571852,0.7932697503292323
00829-QaLdnwvtxbs,belief,326,partial,0_2_67,0_2,5,0.7357326021085793,0.9734362727687472,0.904617362842518,0.9955555853183423,0.8392320162568864
00829-QaLdnwvtxbs,belief,327,pavement,0_1_43,0_1,1,0.07255985737129673,0.9263140429280267,0.9817682153820861,0.974780379492114,0.08185070520508786
00829-QaLdnwvtxbs,belief,327,pavement,0_3_117,0_3,2,0.015151269384300338,0.9709534859178668,0.9097389018378834,0.9726812811172267,0.017634504866522106
00829-QaLdnwvtxbs,belief,327,pavement,0_2_139,0_2,3,0.008128635770450575,0.9876587317924757,0.9777074687723395,0.9777383808168071,0.008609524375909361
00829-QaLdnwvtxbs,belief,327,pavement,0_2_138,0_2,4,0.005487491131988581,0.9172745129975789,0.9529721418261163,0.9917443463938174,0.006329866729209954
00829-QaLdnwvtxbs,belief,327,pavement,0_0_98,0_0,5,0.0038587149444030493,0.8912019108228452,0.9112920185938937,0.9569192811730876,0.004965165351473488
00829-QaLdnwvtxbs,belief,328,pedestal,0_3_342,0_3,1,0.040512973854040346,0.969762212668559,0.9604775740539282,0.9881189215028591,0.04401821439733472
00829-QaLdnwvtxbs,belief,328,pedestal,0_3_181,0_3,2,0.03748325159672529,0.991125818989127,0.944265522718858,0.9927403653319358,0.04034397207321217
00829-QaLdnwvtxbs,belief,328,pedestal,0_1_43,0_1,3,0.026511818222126213,0.9263140429280267,0.9817682153820861,0.974780379492114,0.02990649508372026
00829-QaLdnwvtxbs,belief,328,pedestal,0_4_16,0_4,4,0.018985397574617185,0.96604856308424,0.9197053925220993,0.9969604956590581,0.02143354734298782
00829-QaLdnwvtxbs,belief,328,pedestal,0_2_61,0_2,5,0.01858347430686784,0.9853296402427886,0.9425637664070419,0.9831661303264686,0.02035202908649776
00829-QaLdnwvtxbs,belief,329,pen,0_1_43,0_1,1,0.02303992436131368,0.9263140429280267,0.9817682153820861,0.974780379492114,0.025990046358489775
00829-QaLdnwvtxbs,belief,329,pen,0_0_32,0_0,2,0.01881284765054587,0.9949106973830635,0.8973991163111548,0.9798330992486709,0.02150466564207668
00829-QaLdnwvtxbs,belief,329,pen,0_0_53,0_0,3,0.016147438795857623,0.8967390975938434,0.9799045051973353,0.979623210401554,0.01875835372326005
00829-QaLdnwvtxbs,belief,329,pen,0_2_137,0_2,4,0.015744684144839496,0.9809784377653766,0.9795393967234436,0.9886458723517383,0.016573408149327475
00829-QaLdnwvtxbs,belief,329,pen,0_0_48,0_0,5,0.015641384134438118,0.7133266356256274,0.9922616393383615,0.9824163024986671,0.022493911309844208
00829-QaLdnwvtxbs,belief,330,pendant,0_3_272,0_3,1,0.276183451045603,0.9716149406874195,0.9312918124539873,0.8740281414346984,0.34921449896044593
00829-QaLdnwvtxbs,belief,330,pendant,0_1_48,0_1,2,0.1188107705094252,0.9371238040617654,0.9170594549230693,0.9820927562097542,0.14076958885673535
00829-QaLdnwvtxbs,belief,330,pendant,0_0_42,0_0,3,0.09696392711817521,0.9088749441007773,0.9159458384752543,0.9953918737319781,0.11701517347900842
00829-QaLdnwvtxbs,belief,330,pendant,0_4_82,0_4,4,0.07586226236713861,0.9921106015443804,0.9635382904444146,0.9835741109117667,0.08068441095566481
00829-QaLdnwvtxbs,belief,330,pendant,0_3_277,0_3,5,0.0485814921054076,0.9584286383279857,0.8930122431747622,0.7984749493913051,0.07108735551338834
00829-QaLdnwvtxbs,belief,331,pet bed,0_2_92,0_2,1,0.016564093574208964,0.9483009825821102,0.9283667601600114,0.9676517871722266,0.01944387360816466
00829-QaLdnwvtxbs,belief,331,pet bed,0_2_66,0_2,2,0.015634332642337444,0.970324709402946,0.9290128585169263,0.9912809958219424,0.017496200692562795
00829-QaLdnwvtxbs,belief,331,pet bed,0_1_34,0_1,3,0.013748997474321583,0.9027275769316443,0.8813021580270746,0.9989655980133577,0.017299715318610097
00829-QaLdnwvtxbs,belief,331,pet bed,0_0_88,0_0,4,0.009266655627081693,0.9259068029673249,0.9427654079358601,0.9826918636212066,0.01080276054497116
00829-QaLdnwvtxbs,belief,331,pet bed,0_0_34,0_0,5,0.006319920087850332,0.9612707408690694,0.9388840210295921,0.9844560060496962,0.007113078517958268
00829-QaLdnwvtxbs,belief,332,pet bowl,0_3_101,0_3,1,0.009003061111464027,0.9791525103858175,0.975724896192237,0.6132452325871574,0.015366617789867976
00829-QaLdnwvtxbs,belief,332,pet bowl,0_2_79,0_2,2,0.005148082276240577,0.9708657863340816,0.9319677390333537,0.991840751321489,0.005736453207956413
00829-QaLdnwvtxbs,belief,332,pet bowl,0_3_11,0_3,3,0.0043046116137051005,0.8894486994548881,0.9071771840028413,0.8797349768554308,0.006064138204671948
00829-QaLdnwvtxbs,belief,332,pet bowl,0_3_73,0_3,4,0.0034556564430098264,0.9854319304914134,0.941852970572902,0.5402934593739244,0.006891140530425507
00829-QaLdnwvtxbs,belief,332,pet bowl,0_3_358,0_3,5,0.0008875837820657174,0.9418212159150311,0.9693513482622604,0.9866839888761696,0.0009853297356513671
00829-QaLdnwvtxbs,belief,333,phone,0_3_354,0_3,1,0.8067410414342753,0.9296148958705142,0.9561143869220221,0.9975009210394719,0.9099298637881946
00829-QaLdnwvtxbs,belief,333,phone,0_0_29,0_0,2,0.5923347185849278,0.9745103120803833,0.9449438616336413,0.9837028875686332,0.6538991837413685
00829-QaLdnwvtxbs,belief,333,phone,0_0_91,0_0,3,0.08334973465763323,0.9840268381742269,0.9554506060675896,0.9977198907046748,0.08885470051364822
00829-QaLdnwvtxbs,belief,333,phone,0_1_43,0_1,4,0.05757074527234321,0.9263140429280267,0.9817682153820861,0.974780379492114,0.06494232858825638
00829-QaLdnwvtxbs,belief,333,phone,0_0_75,0_0,5,0.0482562568609451,0.9711026629510843,0.91942287731796,0.9967338657165301,0.05422430150562178
00829-QaLdnwvtxbs,belief,334,photo mount,0_2_28,0_2,1,0.33389660770345303,0.9426561968332409,0.9616763101830127,0.9885164756817826,0.37260257333821895
00829-QaLdnwvtxbs,belief,334,photo mount,0_2_152,0_2,2,0.1568424547969138,0.9434138846487895,0.947545238910876,0.9911835070107298,0.177013890218876
00829-QaLdnwvtxbs,belief,334,photo mount,0_2_155,0_2,3,0.11571963038316511,0.9739174679233216,0.9607992544031825,0.9929259471852885,0.124547600597756
00829-QaLdnwvtxbs,belief,334,photo mount,0_2_148,0_2,4,0.07121251659837016,0.958132565506669,0.9263296085426498,0.9919253150123011,0.08088839393090513
00829-QaLdnwvtxbs,belief,334,photo mount,0_2_149,0_2,5,0.04590339910373508,0.9855411365415297,0.9320978007653997,0.9932138805566623,0.05031133318463999
00829-QaLdnwvtxbs,belief,335,photo stand,0_1_45,0_1,1,0.018377425090183676,0.8979178752806094,0.9212865160228453,0.998675842566233,0.022244814284026825
00829-QaLdnwvtxbs,belief,335,photo stand,0_4_84,0_4,2,0.005662515480668637,0.9612146081542556,0.9112419473312892,0.9988584257933407,0.006472192100174962
00829-QaLdnwvtxbs,belief,335,photo stand,0_3_3,0_3,3,0.005284240505547163,0.9731748327178864,0.9147250033890352,0.9976689899369433,0.005949968722976833
00829-QaLdnwvtxbs,belief,335,photo stand,0_4_7,0_4,4,0.002901524323402328,0.989369660853221,0.9501085925949878,0.9994085517748883,0.0030885264144306676
00829-QaLdnwvtxbs,belief,335,photo stand,0_2_71,0_2,5,0.0018737224129192123,0.9601071541173409,0.8761167328879654,0.9975666810619327,0.0022329635597299756
00829-QaLdnwvtxbs,belief,336,piano,0_0_29,0_0,1,0.013987293653091844,0.9745103120803833,0.9449438616336413,0.9837028875686332,0.01544106670694199
00829-QaLdnwvtxbs,belief,336,piano,0_3_117,0_3,2,0.011096861073029457,0.9709534859178668,0.9097389018378834,0.9726812811172267,0.012915594438458612
00829-QaLdnwvtxbs,belief,336,piano,0_2_178,0_2,3,0.003315670565806014,0.9830488621452709,0.9638973514160047,0.9822477923093185,0.003562414261954534
00829-QaLdnwvtxbs,belief,336,piano,0_3_84,0_3,4,0.003202042224130047,0.991945722962777,0.9280513961817156,0.994164705684942,0.003498716683204913
00829-QaLdnwvtxbs,belief,336,piano,0_4_97,0_4,5,0.0025644405589421936,0.9818021404441597,0.9427310769671773,0.9892209815654808,0.0028008349650337646
00829-QaLdnwvtxbs,belief,337,pillow,0_0_11,0_0,1,0.9099261075955737,0.9870990333903548,0.9428583837742431,0.999519762288336,0.9781547020029845
00829-QaLdnwvtxbs,belief,337,pillow,0_3_316,0_3,2,0.8853787106015226,0.9951394052317017,0.9721206304819111,0.9978566884750661,0.9171847364926103
00829-QaLdnwvtxbs,belief,337,pillow,0_3_34,0_3,3,0.8350197881500959,0.9539379302686413,0.9392438999846375,0.999856899434336,0.932095516668357
00829-QaLdnwvtxbs,belief,337,pillow,0_3_275,0_3,4,0.7897664725062543,0.9736201558113756,0.9423931046206064,0.9987550558406592,0.8618229328145616
00829-QaLdnwvtxbs,belief,337,pillow,0_0_26,0_0,5,0.7401083742500002,0.8610395643363021,0.9298257877609396,0.9998779708485873,0.924535568330564
00829-QaLdnwvtxbs,belief,338,pitchfork,0_0_90,0_0,1,0.0007921179429500457,0.9330309557315117,0.8720743076128528,0.9973005303875905,0.0009761448251960743
00829-QaLdnwvtxbs,belief,338,pitchfork,0_1_43,0_1,2,0.0003164945853637322,0.9263140429280267,0.9817682153820861,0.974780379492114,0.0003570197895105151
00829-QaLdnwvtxbs,belief,338,pitchfork,0_1_20,0_1,3,0.0002859440512168637,0.9429041976052321,0.9577240798783183,0.9584469845375457,0.00033037334038969025
00829-QaLdnwvtxbs,belief,338,pitchfork,0_3_197,0_3,4,0.0002637629501743699,0.9163067116456873,0.9154687770375345,0.9558738336589385,0.0003289491844095002
00829-QaLdnwvtxbs,belief,338,pitchfork,0_1_76,0_1,5,0.00023155847149215777,0.9638035128666803,0.950586876729289,0.923645615490136,0.00027363710173817027
00829-QaLdnwvtxbs,belief,339,place mat,0_3_94,0_3,1,0.007515068789747989,0.9057604646488226,0.9294885230117531,0.9958992379815265,0.008963139758736062
00829-QaLdnwvtxbs,belief,339,place mat,0_2_9,0_2,2,0.0032180988349186624,0.891311696767807,0.978185441523747,0.9958528779838302,0.003706409450890771
00829-QaLdnwvtxbs,belief,339,place mat,0_3_65,0_3,3,0.002041885353871791,0.974792348784285,0.9323554082213724,0.9740448142387003,0.002306528416173425
00829-QaLdnwvtxbs,belief,339,place mat,0_3_78,0_3,4,0.001761004760023704,0.8606472224178199,0.8872451684772089,0.991448377036202,0.00232606372835695
00829-QaLdnwvtxbs,belief,339,place mat,0_3_31,0_3,5,0.0013231205520590353,0.9215142243150352,0.9846539928136394,0.9984433219036694,0.0014604621606012851
00829-QaLdnwvtxbs,belief,340,plane,0_3_356,0_3,1,0.048757115972736194,0.8940404359002908,0.9397820465713154,0.9671706914338879,0.059999906780466794
00829-QaLdnwvtxbs,belief,340,plane,0_2_137,0_2,2,0.026653665060904146,0.9809784377653766,0.9795393967234436,0.9886458723517383,0.028056585045856248
00829-QaLdnwvtxbs,belief,340,plane,0_2_87,0_2,3,0.02445956825064618,0.9668858289438285,0.9156384507356652,0.9970539333097376,0.027709642247124345
00829-QaLdnwvtxbs,belief,340,plane,0_2_123,0_2,4,0.021162677805892836,0.951584882851394,0.9387279260326242,0.9936616410337636,0.023842117465424355
00829-QaLdnwvtxbs,belief,340,plane,0_3_83,0_3,5,0.013511086201044575,0.9828181131851393,0.9219149879587536,0.9601051810237284,0.015531286251945994
00829-QaLdnwvtxbs,belief,341,plank,0_3_102,0_3,1,0.41944204698914134,0.9890625174500584,0.9503735847205539,0.9591355314739043,0.4652366114389452
00829-QaLdnwvtxbs,belief,341,plank,0_3_128,0_3,2,0.4116285859001272,0.987441169029279,0.9634600477478337,0.9972777536088906,0.4338548486562355
00829-QaLdnwvtxbs,belief,341,plank,0_3_84,0_3,3,0.3795944935600156,0.991945722962777,0.9280513961817156,0.994164705684942,0.41476454540882024
00829-QaLdnwvtxbs,belief,341,plank,0_3_199,0_3,4,0.29589946482885493,0.9029479901006001,0.9360979980061563,0.9954826599289708,0.35166279866996736
00829-QaLdnwvtxbs,belief,341,plank,0_1_90,0_1,5,0.27992962090812434,0.8944370693516457,0.9852326385608468,0.9981945679519574,0.31823289765483564
00829-QaLdnwvtxbs,belief,342,plant,0_2_61,0_2,1,0.01150445840794588,0.9853296402427886,0.9425637664070419,0.9831661303264686,0.012599316375215597
00829-QaLdnwvtxbs,belief,342,plant,0_1_69,0_1,2,0.00848348368408921,0.835577734708786,0.970699057137362,0.9951126082079284,0.01051067320409655
00829-QaLdnwvtxbs,belief,342,plant,0_1_43,0_1,3,0.007348892959130784,0.9263140429280267,0.9817682153820861,0.974780379492114,0.008289873946465418
00829-QaLdnwvtxbs,belief,342,plant,0_3_102,0_3,4,0.007247013320076078,0.9890625174500584,0.9503735847205539,0.9591355314739043,0.008038240191433118
00829-QaLdnwvtxbs,belief,342,plant,0_4_82,0_4,5,0.007049151819007199,0.9921106015443804,0.9635382904444146,0.9835741109117667,0.007497227798205215
00829-QaLdnwvtxbs,belief,343,plant ornament,0_3_277,0_3,1,5.851408553776917e-05,0.9584286383279857,0.8930122431747622,0.7984749493913051,8.562132246039446e-05
00829-QaLdnwvtxbs,belief,343,plant ornament,0_3_272,0_3,2,1.1633993209051917e-05,0.9716149406874195,0.9312918124539873,0.8740281414346984,1.471036404979044e-05
00829-QaLdnwvtxbs,belief,343,plant ornament,0_3_100,0_3,3,7.828370640832262e-06,0.8709207502007483,0.8676936628550769,0.996322777195409,1.0397436027248328e-05
00829-QaLdnwvtxbs,belief,343,plant ornament,0_4_85,0_4,4,3.6479506263534257e-06,0.9812698747870983,0.9298033934488379,0.9917444440493168,4.0315270914291064e-06
00829-QaLdnwvtxbs,belief,343,plant ornament,0_3_197,0_3,5,3.1858355819842377e-06,0.9163067116456873,0.9154687770375345,0.9558738336589385,3.9731812813879924e-06
00829-QaLdnwvtxbs,belief,344,platform,0_3_117,0_3,1,0.02607320056651125,0.9709534859178668,0.9097389018378834,0.9726812811172267,0.03034649906973335
00829-QaLdnwvtxbs,belief,344,platform,0_0_102,0_0,2,0.02099583438427252,0.9647081651508119,0.9196356892104713,0.9921487403781908,0.023853086422246324
00829-QaLdnwvtxbs,belief,344,platform,0_3_102,0_3,3,0.01877301569656371,0.9890625174500584,0.9503735847205539,0.9591355314739043,0.020822648258212263
00829-QaLdnwvtxbs,belief,344,platform,0_0_38,0_0,4,0.018706846340379193,0.9812196333687028,0.9489402033822547,0.9945117799612258,0.020201590859088493
00829-QaLdnwvtxbs,belief,344,platform,0_1_43,0_1,5,0.012860167945580236,0.9263140429280267,0.9817682153820861,0.974780379492114,0.014506834130272171
00829-QaLdnwvtxbs,belief,345,playpen,0_0_34,0_0,1,8.838478050217575e-05,0.9612707408690694,0.9388840210295921,0.9844560060496962,9.9477188756405e-05
00829-QaLdnwvtxbs,belief,345,playpen,0_3_84,0_3,2,5.769848310361506e-05,0.991945722962777,0.9280513961817156,0.994164705684942,6.304434211047308e-05
00829-QaLdnwvtxbs,belief,345,playpen,0_3_219,0_3,3,5.668573281977418e-05,0.9805473042953581,0.9294563411150665,0.999334656470586,6.22393820261519e-05
00829-QaLdnwvtxbs,belief,345,playpen,0_0_52,0_0,4,3.5423120363232066e-05,0.933646003405253,0.8912960839978241,0.9935658633738268,4.2843595680288823e-05
00829-QaLdnwvtxbs,belief,345,playpen,0_2_66,0_2,5,2.4172890746682182e-05,0.970324709402946,0.9290128585169263,0.9912809958219424,2.705160223328304e-05
00829-QaLdnwvtxbs,belief,346,plenum box,0_4_100,0_4,1,0.34928312045947196,0.9845428940661991,0.9292253720092198,0.9925254914494402,0.38466283414004937
00829-QaLdnwvtxbs,belief,346,plenum box,0_1_48,0_1,2,0.06441546434598903,0.9371238040617654,0.9170594549230693,0.9820927562097542,0.07632084526613882
00829-QaLdnwvtxbs,belief,346,plenum box,0_4_82,0_4,3,0.06199216145870829,0.9921106015443804,0.9635382904444146,0.9835741109117667,0.06593266368669469
00829-QaLdnwvtxbs,belief,346,plenum box,0_3_144,0_3,4,0.0547227689322939,0.979635558560739,0.9288948862208719,0.9937326692069487,0.06051560563337891
00829-QaLdnwvtxbs,belief,346,plenum box,0_2_123,0_2,5,0.05428151934848034,0.951584882851394,0.9387279260326242,0.9936616410337636,0.06115418721480519
00829-QaLdnwvtxbs,belief,347,pliers,0_1_76,0_1,1,0.0088517929579729,0.9638035128666803,0.950586876729289,0.923645615490136,0.01046033407716669
00829-QaLdnwvtxbs,belief,347,pliers,0_1_61,0_1,2,0.0037351099017598043,0.8905994461079438,0.8994019547540675,0.9450428124209881,0.0049341875573457
00829-QaLdnwvtxbs,belief,347,pliers,0_3_83,0_3,3,0.001754818080031882,0.9828181131851393,0.9219149879587536,0.9601051810237284,0.002017201394137972
00829-QaLdnwvtxbs,belief,347,pliers,0_4_1,0_4,4,0.0013451482899160228,0.8925236130006884,0.8637943796135312,0.9730540570878572,0.0017930942064842282
00829-QaLdnwvtxbs,belief,347,pliers,0_1_20,0_1,5,0.0009102639522181058,0.9429041976052321,0.9577240798783183,0.9584469845375457,0.0010516985447007667
00829-QaLdnwvtxbs,belief,348,plumbing,0_4_93,0_4,1,0.5504409867271113,0.9524783291842067,0.9518953926537175,0.9997347134059509,0.607269772724616
00829-QaLdnwvtxbs,belief,348,plumbing,0_4_5,0_4,2,0.13783496333892745,0.9705526250853792,0.9295588805339507,0.9999156306505801,0.15279179918669877
00829-QaLdnwvtxbs,belief,348,plumbing,0_4_56,0_4,3,0.1324011780550616,0.9780339415988635,0.9537872817190227,0.9973568578879239,0.14231013061448267
00829-QaLdnwvtxbs,belief,348,plumbing,0_2_87,0_2,4,0.0921569768041212,0.9668858289438285,0.9156384507356652,0.9970539333097376,0.10440236849852297
00829-QaLdnwvtxbs,belief,348,plumbing,0_2_130,0_2,5,0.08070485792034483,0.9813533710206256,0.9644522912057647,0.9958300331468142,0.08562651912049642
00829-QaLdnwvtxbs,belief,349,plunger,0_2_100,0_2,1,0.05981263381824539,0.9277319466287182,0.9408412436939142,0.9885928962129773,0.06931649304248803
00829-QaLdnwvtxbs,belief,349,plunger,0_2_132,0_2,2,0.020969188876245576,0.8174735053777695,0.9414269692541382,0.9949100102681608,0.027386561593189515
00829-QaLdnwvtxbs,belief,349,plunger,0_4_98,0_4,3,0.01168362363238158,0.9558548692494703,0.8997037016569993,0.997644510067095,0.013617904283408849
00829-QaLdnwvtxbs,belief,349,plunger,0_0_75,0_0,4,0.011396477952282673,0.9711026629510843,0.91942287731796,0.9967338657165301,0.012805926045351457
00829-QaLdnwvtxbs,belief,349,plunger,0_0_90,0_0,5,0.011337481922812497,0.9330309557315117,0.8720743076128528,0.9973005303875905,0.013971434946279698
00829-QaLdnwvtxbs,belief,350,podium,0_1_43,0_1,1,0.024653067936841088,0.9263140429280267,0.9817682153820861,0.974780379492114,0.027809743144528474
00829-QaLdnwvtxbs,belief,350,podium,0_0_29,0_0,2,0.014688877593539242,0.9745103120803833,0.9449438616336413,0.9837028875686332,0.01621556995922574
00829-QaLdnwvtxbs,belief,350,podium,0_3_145,0_3,3,0.010960476397688537,0.9842710214791858,0.9367794637484924,0.9975332017347288,0.011916535501037722
00829-QaLdnwvtxbs,belief,350,podium,0_0_102,0_0,4,0.008563536216439061,0.9647081651508119,0.9196356892104713,0.9921487403781908,0.009728918875630328
00829-QaLdnwvtxbs,belief,350,podium,0_2_61,0_2,5,0.0073542218026469265,0.9853296402427886,0.9425637664070419,0.9831661303264686,0.00805410945039012
00829-QaLdnwvtxbs,belief,351,pole,0_0_90,0_0,1,0.6856974024907195,0.9330309557315117,0.8720743076128528,0.9973005303875905,0.8450003904707876
00829-QaLdnwvtxbs,belief,351,pole,0_1_32,0_1,2,0.3300987135356062,0.9754029492268419,0.9067709385938889,0.9965741552453404,0.37450063154607943
00829-QaLdnwvtxbs,belief,351,pole,0_3_89,0_3,3,0.27586712122996426,0.9609770616520811,0.9269835072588539,0.9464790079479019,0.32719294304819313
00829-QaLdnwvtxbs,belief,351,pole,0_2_100,0_2,4,0.22784814076590082,0.9277319466287182,0.9408412436939142,0.9885928962129773,0.264051807384641
00829-QaLdnwvtxbs,belief,351,pole,0_0_54,0_0,5,0.21036019030229283,0.9408899384179684,0.9741373938527673,0.9946827710917204,0.2307384231259332
00829-QaLdnwvtxbs,belief,352,pool,0_0_29,0_0,1,0.007693322765261138,0.9745103120803833,0.9449438616336413,0.9837028875686332,0.008492930295359448
00829-QaLdnwvtxbs,belief,352,pool,0_3_83,0_3,2,0.0035171896524689153,0.9828181131851393,0.9219149879587536,0.9601051810237284,0.00404308569141198
00829-QaLdnwvtxbs,belief,352,pool,0_4_82,0_4,3,0.00319929393079726,0.9921106015443804,0.9635382904444146,0.9835741109117667,0.0034026555262900568
00829-QaLdnwvtxbs,belief,352,pool,0_1_43,0_1,4,0.0026480059414709404,0.9263140429280267,0.9817682153820861,0.974780379492114,0.002987066975443059
00829-QaLdnwvtxbs,belief,352,pool,0_2_132,0_2,5,0.0015038426043523896,0.8174735053777695,0.9414269692541382,0.9949100102681608,0.001964075880742089
00829-QaLdnwvtxbs,belief,353,pool table,0_0_29,0_0,1,0.0015112967832719717,0.9745103120803833,0.9449438616336413,0.9837028875686332,0.0016683738129234895
00829-QaLdnwvtxbs,belief,353,pool table,0_1_20,0_1,2,0.00040044887087210856,0.9429041976052321,0.9577240798783183,0.9584469845375457,0.0004626696396105894
00829-QaLdnwvtxbs,belief,353,pool table,0_2_71,0_2,3,0.0002830728796408831,0.9601071541173409,0.8761167328879654,0.9975666810619327,0.0003373452869153328
00829-QaLdnwvtxbs,belief,353,pool table,0_2_66,0_2,4,0.00020414864768992724,0.970324709402946,0.9290128585169263,0.9912809958219424,0.000228460388608199
00829-QaLdnwvtxbs,belief,353,pool table,0_3_342,0_3,5,0.0001348390576847378,0.969762212668559,0.9604775740539282,0.9881189215028591,0.00014650552614787717
00829-QaLdnwvtxbs,belief,354,porcelain,0_3_101,0_3,1,0.04167165424269134,0.9791525103858175,0.975724896192237,0.6132452325871574,0.07112607317566431
00829-QaLdnwvtxbs,belief,354,porcelain,0_4_1,0_4,2,0.04128385726473136,0.8925236130006884,0.8637943796135312,0.9730540570878572,0.05503173578530366
00829-QaLdnwvtxbs,belief,354,porcelain,0_4_82,0_4,3,0.04021463748785161,0.9921106015443804,0.9635382904444146,0.9835741109117667,0.042770861773144445
00829-QaLdnwvtxbs,belief,354,porcelain,0_3_11,0_3,4,0.030177913950123373,0.8894486994548881,0.9071771840028413,0.8797349768554308,0.04251325261020002
00829-QaLdnwvtxbs,belief,354,porcelain,0_3_73,0_3,5,0.023329316181202542,0.9854319304914134,0.941852970572902,0.5402934593739244,0.04652244774175872
00829-QaLdnwvtxbs,belief,355,poster,0_4_84,0_4,1,0.08124627640900259,0.9612146081542556,0.9112419473312892,0.9988584257933407,0.09286358865386905
00829-QaLdnwvtxbs,belief,355,poster,0_4_7,0_4,2,0.02616806244933281,0.989369660853221,0.9501085925949878,0.9994085517748883,0.027854583688088897
00829-QaLdnwvtxbs,belief,355,poster,0_2_149,0_2,3,0.011921386667914743,0.9855411365415297,0.9320978007653997,0.9932138805566623,0.013066153452317666
00829-QaLdnwvtxbs,belief,355,poster,0_2_28,0_2,4,0.010113283736060732,0.9426561968332409,0.9616763101830127,0.9885164756817826,0.01128563590649746
00829-QaLdnwvtxbs,belief,355,poster,0_4_45,0_4,5,0.008236466115057885,0.9751364683495338,0.9586610406829522,0.9990149960162591,0.00881938764351488
00829-QaLdnwvtxbs,belief,356,pot,0_3_101,0_3,1,0.12078002866086146,0.9791525103858175,0.975724896192237,0.6132452325871574,0.20614994323624541
00829-QaLdnwvtxbs,belief,356,pot,0_4_82,0_4,2,0.09652992020045598,0.9921106015443804,0.9635382904444146,0.9835741109117667,0.10266579861906229
00829-QaLdnwvtxbs,belief,356,pot,0_3_11,0_3,3,0.0847502927245343,0.8894486994548881,0.9071771840028413,0.8797349768554308,0.11939230157993719
00829-QaLdnwvtxbs,belief,356,pot,0_2_79,0_2,4,0.0784917022608192,0.9708657863340816,0.9319677390333537,0.991840751321489,0.08746246720066882
00829-QaLdnwvtxbs,belief,356,pot,0_3_358,0_3,5,0.07608841887404791,0.9418212159150311,0.9693513482622604,0.9866839888761696,0.08446772369004948
00829-QaLdnwvtxbs,belief,357,pot lid,0_4_82,0_4,1,0.024328852167440834,0.9921106015443804,0.9635382904444146,0.9835741109117667,0.02587530407223541
00829-QaLdnwvtxbs,belief,357,pot lid,0_2_79,0_2,2,0.006355775833348393,0.9708657863340816,0.9319677390333537,0.991840751321489,0.007082173266059011
00829-QaLdnwvtxbs,belief,357,pot lid,0_4_83,0_4,3,0.005360210340850834,0.9789907316329346,0.9578645280400937,0.9881564908472473,0.005784601337632712
00829-QaLdnwvtxbs,belief,357,pot lid,0_4_8,0_4,4,0.004312794437671358,0.9651949381256641,0.8947576037307547,0.990038378433478,0.005044130281494789
00829-QaLdnwvtxbs,belief,357,pot lid,0_4_35,0_4,5,0.0035014060468423064,0.9289367587313717,0.9085533132636621,0.9894260921831448,0.004192977707135234
00829-QaLdnwvtxbs,belief,358,pouches,0_2_92,0_2,1,0.013321374885170798,0.9483009825821102,0.9283667601600114,0.9676517871722266,0.015637386277359867
00829-QaLdnwvtxbs,belief,358,pouches,0_2_66,0_2,2,0.007986690714528096,0.970324709402946,0.9290128585169263,0.9912809958219424,0.008937813132644188
00829-QaLdnwvtxbs,belief,358,pouches,0_4_97,0_4,3,0.006374958614738133,0.9818021404441597,0.9427310769671773,0.9892209815654808,0.00696261292800909
00829-QaLdnwvtxbs,belief,358,pouches,0_3_78,0_3,4,0.005448392794646838,0.8606472224178199,0.8872451684772089,0.991448377036202,0.007196635208015438
00829-QaLdnwvtxbs,belief,358,pouches,0_3_312,0_3,5,0.00482119313547929,0.9547335578447316,0.9323015744678502,0.986581407358742,0.005490134667218153
00829-QaLdnwvtxbs,belief,359,press,0_0_29,0_0,1,0.012323391172025551,0.9745103120803833,0.9449438616336413,0.9837028875686332,0.01360422608278653
00829-QaLdnwvtxbs,belief,359,press,0_3_145,0_3,2,0.004087326627199527,0.9842710214791858,0.9367794637484924,0.9975332017347288,0.004443855457563118
00829-QaLdnwvtxbs,belief,359,press,0_2_61,0_2,3,0.003826719053627305,0.9853296402427886,0.9425637664070419,0.9831661303264686,0.004190900807848168
00829-QaLdnwvtxbs,belief,359,press,0_2_164,0_2,4,0.003230956106483488,0.955928448287553,0.9241800773116434,0.9662683808354755,0.0037848729102734646
00829-QaLdnwvtxbs,belief,359,press,0_2_132,0_2,5,0.002887543546229813,0.8174735053777695,0.9414269692541382,0.9949100102681608,0.003771242161465927
00829-QaLdnwvtxbs,belief,360,pressure washer,0_2_61,0_2,1,0.0007317502504940739,0.9853296402427886,0.9425637664070419,0.9831661303264686,0.0008013895645231204
00829-QaLdnwvtxbs,belief,360,pressure washer,0_2_132,0_2,2,0.000396520610640617,0.8174735053777695,0.9414269692541382,0.9949100102681608,0.0005178710626513601
00829-QaLdnwvtxbs,belief,360,pressure washer,0_2_80,0_2,3,0.00023746080651101714,0.9724949253906023,0.9432373428086318,0.996184532950654,0.0002598626207631591
00829-QaLdnwvtxbs,belief,360,pressure washer,0_2_71,0_2,4,0.0001946238805145711,0.9601071541173409,0.8761167328879654,0.9975666810619327,0.00023193832237145573
00829-QaLdnwvtxbs,belief,360,pressure washer,0_2_137,0_2,5,0.00015591773465494158,0.9809784377653766,0.9795393967234436,0.9886458723517383,0.0001641244899156553
00829-QaLdnwvtxbs,belief,361,printer,0_0_29,0_0,1,0.08918855558343011,0.9745103120803833,0.9449438616336413,0.9837028875686332,0.09845839162425318
00829-QaLdnwvtxbs,belief,361,printer,0_2_61,0_2,2,0.07142695753623603,0.9853296402427886,0.9425637664070419,0.9831661303264686,0.07822452859637137
00829-QaLdnwvtxbs,belief,361,printer,0_2_79,0_2,3,0.06489927466580826,0.9708657863340816,0.9319677390333537,0.991840751321489,0.07231657001072422
00829-QaLdnwvtxbs,belief,361,printer,0_4_97,0_4,4,0.024504053303109823,0.9818021404441597,0.9427310769671773,0.9892209815654808,0.026762877789107752
00829-QaLdnwvtxbs,belief,361,printer,0_2_149,0_2,5,0.01884989153176868,0.9855411365415297,0.9320978007653997,0.9932138805566623,0.020659977079387378
00829-QaLdnwvtxbs,belief,362,product,0_0_88,0_0,1,0.030716976097032247,0.9259068029673249,0.9427654079358601,0.9826918636212066,0.03580883447012732
00829-QaLdnwvtxbs,belief,362,product,0_3_78,0_3,2,0.02088655536847183,0.8606472224178199,0.8872451684772089,0.991448377036202,0.02758848809259749
00829-QaLdnwvtxbs,belief,362,product,0_4_100,0_4,3,0.018733524416547378,0.9845428940661991,0.9292253720092198,0.9925254914494402,0.020631087428506487
00829-QaLdnwvtxbs,belief,362,product,0_4_66,0_4,4,0.018003357495514197,0.9934138665305371,0.9595046633383428,0.996896651123555,0.01894637202628607
00829-QaLdnwvtxbs,belief,362,product,0_0_101,0_0,5,0.017288361397448337,0.971682865920049,0.9546723166528128,0.9837007350067023,0.018945757000753877
00829-QaLdnwvtxbs,belief,363,products,0_3_145,0_3,1,0.002205298594136108,0.9842710214791858,0.9367794637484924,0.9975332017347288,0.0023976621119273264
00829-QaLdnwvtxbs,belief,363,products,0_4_100,0_4,2,0.0004280532664801632,0.9845428940661991,0.9292253720092198,0.9925254914494402,0.00047141179462255393
00829-QaLdnwvtxbs,belief,363,products,0_1_43,0_1,3,0.000392061927517776,0.9263140429280267,0.9817682153820861,0.974780379492114,0.0004422630696086566
00829-QaLdnwvtxbs,belief,363,products,0_3_3,0_3,4,0.00037526180102108225,0.9731748327178864,0.9147250033890352,0.9976689899369433,0.0004225386745095164
00829-QaLdnwvtxbs,belief,363,products,0_4_1,0_4,5,0.00036825085124045164,0.8925236130006884,0.8637943796135312,0.9730540570878572,0.0004908815428322494
00829-QaLdnwvtxbs,belief,364,prop,0_2_122,0_2,1,0.5873300320432099,0.979159475560187,0.9519763765669658,0.9849674009758481,0.6397064780960622
00829-QaLdnwvtxbs,belief,364,prop,0_2_61,0_2,2,0.44974166629116985,0.9853296402427886,0.9425637664070419,0.9831661303264686,0.4925427464543136
00829-QaLdnwvtxbs,belief,364,prop,0_1_83,0_1,3,0.30630910948581314,0.755252707222281,0.9845060961336798,0.9648204345876029,0.4269752674552671
00829-QaLdnwvtxbs,belief,364,prop,0_3_65,0_3,4,0.296582299244282,0.974792348784285,0.9323554082213724,0.9740448142387003,0.33502150335906633
00829-QaLdnwvtxbs,belief,364,prop,0_3_158,0_3,5,0.28489058195474565,0.9690150309476715,0.9287288960778852,0.9994624758576812,0.31673213408758594
00829-QaLdnwvtxbs,belief,365,pump,0_3_145,0_3,1,0.13186390959066735,0.9842710214791858,0.9367794637484924,0.9975332017347288,0.1433661186729257
00829-QaLdnwvtxbs,belief,365,pump,0_0_29,0_0,2,0.05278084151463719,0.9745103120803833,0.9449438616336413,0.9837028875686332,0.05826663219413389
00829-QaLdnwvtxbs,belief,365,pump,0_2_61,0_2,3,0.03553755903772513,0.9853296402427886,0.9425637664070419,0.9831661303264686,0.038919602613361685
00829-QaLdnwvtxbs,belief,365,pump,0_1_43,0_1,4,0.02002840335343127,0.9263140429280267,0.9817682153820861,0.974780379492114,0.0225929184262535
00829-QaLdnwvtxbs,belief,365,pump,0_2_132,0_2,5,0.010943329684000568,0.8174735053777695,0.9414269692541382,0.9949100102681608,0.014292406549161689
00829-QaLdnwvtxbs,belief,366,punchbag,0_2_79,0_2,1,0.0008813052988508889,0.9708657863340816,0.9319677390333537,0.991840751321489,0.0009820291008390857
00829-QaLdnwvtxbs,belief,366,punchbag,0_3_83,0_3,2,0.0007673289293283278,0.9828181131851393,0.9219149879587536,0.9601051810237284,0.00088206122538661
00829-QaLdnwvtxbs,belief,366,punchbag,0_2_80,0_2,3,0.0007564694048941291,0.9724949253906023,0.9432373428086318,0.996184532950654,0.0008278339696189626
00829-QaLdnwvtxbs,belief,366,punchbag,0_2_132,0_2,4,0.0007547351071823742,0.8174735053777695,0.9414269692541382,0.9949100102681608,0.0009857128771827517
00829-QaLdnwvtxbs,belief,366,punchbag,0_4_97,0_4,5,0.0007547062344291515,0.9818021404441597,0.9427310769671773,0.9892209815654808,0.0008242763133453408
00829-QaLdnwvtxbs,belief,367,puppet,0_2_92,0_2,1,0.005892359020703209,0.9483009825821102,0.9283667601600114,0.9676517871722266,0.006916785608532975
00829-QaLdnwvtxbs,belief,367,puppet,0_2_137,0_2,2,0.00534504465848266,0.9809784377653766,0.9795393967234436,0.9886458723517383,0.005626381951298196
00829-QaLdnwvtxbs,belief,367,puppet,0_1_42,0_1,3,0.0033948602974976446,0.8610755614885667,0.9334460238814246,0.9458351438482929,0.004465560594373874
00829-QaLdnwvtxbs,belief,367,puppet,0_0_102,0_0,4,0.002228664457226853,0.9647081651508119,0.9196356892104713,0.9921487403781908,0.00253195585997964
00829-QaLdnwvtxbs,belief,367,puppet,0_1_43,0_1,5,0.0021995873598135074,0.9263140429280267,0.9817682153820861,0.974780379492114,0.0024812311253543384
00829-QaLdnwvtxbs,belief,368,rag,0_0_59,0_0,1,0.08401120304883763,0.9424504320981879,0.9285281736489194,0.9570163791350695,0.1003146193537888
00829-QaLdnwvtxbs,belief,368,rag,0_2_147,0_2,2,0.052729496430431226,0.9784427839350944,0.9659594540145047,0.9960238400419469,0.056013093463177885
00829-QaLdnwvtxbs,belief,368,rag,0_1_78,0_1,3,0.04590495477850285,0.9349828690842372,0.926000425910207,0.9691360382987141,0.0547091516207501
00829-QaLdnwvtxbs,belief,368,rag,0_3_312,0_3,4,0.045435317924700076,0.9547335578447316,0.9323015744678502,0.986581407358742,0.05173947756184965
00829-QaLdnwvtxbs,belief,368,rag,0_1_77,0_1,5,0.03737454250147524,0.9764120237661057,0.9098239419454992,0.9710054280513156,0.04332751164659812
00829-QaLdnwvtxbs,belief,369,rail,0_2_165,0_2,1,0.6403099587024496,0.9699197729809437,0.9602325145987616,0.9720523142670042,0.7072751463131626
00829-QaLdnwvtxbs,belief,369,rail,0_2_76,0_2,2,0.5789646036391721,0.9777445369518636,0.9242074922009753,0.9961299462102072,0.643192740032703
00829-QaLdnwvtxbs,belief,369,rail,0_2_163,0_2,3,0.3126254039836757,0.9649076473154472,0.9066912981805136,0.982615010991516,0.3636601181523989
00829-QaLdnwvtxbs,belief,369,rail,0_3_117,0_3,4,0.19615463966243832,0.9709534859178668,0.9097389018378834,0.9726812811172267,0.22830363977967738
00829-QaLdnwvtxbs,belief,369,rail,0_0_32,0_0,5,0.16042065025705507,0.9949106973830635,0.8973991163111548,0.9798330992486709,0.18337428282753318
00829-QaLdnwvtxbs,belief,370,rake,0_0_92,0_0,1,0.023044821793930092,0.9652624207451039,0.9149014588919566,0.949195532752104,0.027491469173257174
00829-QaLdnwvtxbs,belief,370,rake,0_0_53,0_0,2,0.021446592859246206,0.8967390975938434,0.9799045051973353,0.979623210401554,0.02491433967321728
00829-QaLdnwvtxbs,belief,370,rake,0_0_48,0_0,3,0.017555117253951636,0.7133266356256274,0.9922616393383615,0.9824163024986671,0.025246055409819983
00829-QaLdnwvtxbs,belief,370,rake,0_3_197,0_3,4,0.011631931335858737,0.9163067116456873,0.9154687770375345,0.9558738336589385,0.014506640616161281
00829-QaLdnwvtxbs,belief,370,rake,0_2_178,0_2,5,0.010161438918339311,0.9830488621452709,0.9638973514160047,0.9822477923093185,0.010917627130387741
00829-QaLdnwvtxbs,belief,371,receipt printer,0_2_79,0_2,1,0.03655140454537705,0.9708657863340816,0.9319677390333537,0.991840751321489,0.0407288404902413
00829-QaLdnwvtxbs,belief,371,receipt printer,0_2_61,0_2,2,0.00423727564373713,0.9853296402427886,0.9425637664070419,0.9831661303264686,0.004640529307104656
00829-QaLdnwvtxbs,belief,371,receipt printer,0_0_29,0_0,3,0.0014839033951434255,0.9745103120803833,0.9449438616336413,0.9837028875686332,0.001638133285777015
00829-QaLdnwvtxbs,belief,371,receipt printer,0_3_354,0_3,4,0.0010762422172207033,0.9296148958705142,0.9561143869220221,0.9975009210394719,0.0012139024591802951
00829-QaLdnwvtxbs,belief,371,receipt printer,0_3_145,0_3,5,0.0006948608681546547,0.9842710214791858,0.9367794637484924,0.9975332017347288,0.0007554721075256438
00829-QaLdnwvtxbs,belief,372,records,0_3_117,0_3,1,0.0003613087263003103,0.9709534859178668,0.9097389018378834,0.9726812811172267,0.00042052585368601786
00829-QaLdnwvtxbs,belief,372,records,0_1_43,0_1,2,0.0003563434770771403,0.9263140429280267,0.9817682153820861,0.974780379492114,0.00040197108912089555
00829-QaLdnwvtxbs,belief,372,records,0_0_29,0_0,3,0.0002740785793039781,0.9745103120803833,0.9449438616336413,0.9837028875686332,0.0003025650087099681
00829-QaLdnwvtxbs,belief,372,records,0_4_82,0_4,4,6.63653026317241e-05,0.9921106015443804,0.9635382904444146,0.9835741109117667,7.058378149627359e-05
00829-QaLdnwvtxbs,belief,372,records,0_4_89,0_4,5,6.43327487709537e-05,0.9741504868424059,0.9130065368218215,0.9894103837899656,7.310645166735632e-05
00829-QaLdnwvtxbs,belief,373,recuperator,0_3_175,0_3,1,0.0015349834879775039,0.974818104188439,0.9217970902764612,0.994887370058311,0.001717002277882387
00829-QaLdnwvtxbs,belief,373,recuperator,0_3_145,0_3,2,0.001350468098950436,0.9842710214791858,0.9367794637484924,0.9975332017347288,0.001468266566182802
00829-QaLdnwvtxbs,belief,373,recuperator,0_2_61,0_2,3,0.00094314397713267,0.9853296402427886,0.9425637664070419,0.9831661303264686,0.0010329012400154625
00829-QaLdnwvtxbs,belief,373,recuperator,0_3_88,0_3,4,0.0008651197283000155,0.9857081498033481,0.9356065821482229,0.9988403382922301,0.0009391577073904041
00829-QaLdnwvtxbs,belief,373,recuperator,0_0_29,0_0,5,0.0005949301854036213,0.9745103120803833,0.9449438616336413,0.9837028875686332,0.0006567644110882071
00829-QaLdnwvtxbs,belief,374,refrigerator,0_3_160,0_3,1,0.041385035015972016,0.9780740607453371,0.9179881968740915,0.9967716682331297,0.04624223358971471
00829-QaLdnwvtxbs,belief,374,refrigerator,0_3_2,0_3,2,0.03426939623485987,0.96202025747023,0.9306575012087376,0.997128376461631,0.038386744142105085
00829-QaLdnwvtxbs,belief,374,refrigerator,0_3_223,0_3,3,0.026085843297146683,0.8971420836970126,0.8970568865704479,0.9967279883750552,0.03251973617875793
00829-QaLdnwvtxbs,belief,374,refrigerator,0_2_61,0_2,4,0.01949677445211412,0.9853296402427886,0.9425637664070419,0.9831661303264686,0.021352246312502994
00829-QaLdnwvtxbs,belief,374,refrigerator,0_1_68,0_1,5,0.019430315196391337,0.938170738473083,0.9668815624429336,0.9988075715237827,0.021445829946412354
00829-QaLdnwvtxbs,belief,375,remote control,0_3_351,0_3,1,0.0021051800996940546,0.9474742531776427,0.9589728395221819,0.999023676111871,0.002319208269561294
00829-QaLdnwvtxbs,belief,375,remote control,0_0_25,0_0,2,0.0003964729497262435,0.8010731935501099,0.9737998604221256,0.9989405298680443,0.000508782331105495
00829-QaLdnwvtxbs,belief,375,remote control,0_0_52,0_0,3,0.00039409993064464373,0.933646003405253,0.8912960839978241,0.9935658633738268,0.00047665642984107793
00829-QaLdnwvtxbs,belief,375,remote control,0_3_145,0_3,4,0.0003657943863421613,0.9842710214791858,0.9367794637484924,0.9975332017347288,0.0003977018546243069
00829-QaLdnwvtxbs,belief,375,remote control,0_0_29,0_0,5,0.00021660419367202293,0.9745103120803833,0.9449438616336413,0.9837028875686332,0.00023911700765314063
00829-QaLdnwvtxbs,belief,376,rice cooker,0_2_79,0_2,1,0.10794546840380125,0.9708657863340816,0.9319677390333537,0.991840751321489,0.12028248487153863
00829-QaLdnwvtxbs,belief,376,rice cooker,0_2_61,0_2,2,0.010258772738603816,0.9853296402427886,0.9425637664070419,0.9831661303264686,0.011235081111322355
00829-QaLdnwvtxbs,belief,376,rice cooker,0_2_71,0_2,3,0.0019998715362086654,0.9601071541173409,0.8761167328879654,0.9975666810619327,0.0023832987392928716
00829-QaLdnwvtxbs,belief,376,rice cooker,0_0_29,0_0,4,0.0018256888456468303,0.9745103120803833,0.9449438616336413,0.9837028875686332,0.002015442297196727
00829-QaLdnwvtxbs,belief,376,rice cooker,0_4_47,0_4,5,0.0012108967093147809,0.9891614917608691,0.9682564816936827,0.9888393750772777,0.0012785677144846446
00829-QaLdnwvtxbs,belief,377,riser,0_4_82,0_4,1,0.05764311398415437,0.9921106015443804,0.9635382904444146,0.9835741109117667,0.06130717108004914
00829-QaLdnwvtxbs,belief,377,riser,0_0_102,0_0,2,0.04788402495312045,0.9647081651508119,0.9196356892104713,0.9921487403781908,0.054400399838710985
00829-QaLdnwvtxbs,belief,377,riser,0_3_123,0_3,3,0.045720675963976255,0.9896645626552105,0.934152542404149,0.9938950488605828,0.0497583872609062
00829-QaLdnwvtxbs,belief,377,riser,0_0_88,0_0,4,0.04521348020907807,0.9259068029673249,0.9427654079358601,0.9826918636212066,0.05270837935058586
00829-QaLdnwvtxbs,belief,377,riser,0_4_35,0_4,5,0.03606625912139649,0.9289367587313717,0.9085533132636621,0.9894260921831448,0.04318979817041169
00829-QaLdnwvtxbs,belief,378,rocking horse,0_1_20,0_1,1,0.009495580232950782,0.9429041976052321,0.9577240798783183,0.9584469845375457,0.010970980326913867
00829-QaLdnwvtxbs,belief,378,rocking horse,0_0_29,0_0,2,0.0003922841964533293,0.9745103120803833,0.9449438616336413,0.9837028875686332,0.0004330563578448967
00829-QaLdnwvtxbs,belief,378,rocking horse,0_1_42,0_1,3,0.0003835389104228875,0.8610755614885667,0.9334460238814246,0.9458351438482929,0.0005045027172564311
00829-QaLdnwvtxbs,belief,378,rocking horse,0_3_83,0_3,4,0.0003507049726850625,0.9828181131851393,0.9219149879587536,0.9601051810237284,0.00040314296272726715
00829-QaLdnwvtxbs,belief,378,rocking horse,0_3_232,0_3,5,0.0003128203425258981,0.9787614851103609,0.9166039476591347,0.9123763361142812,0.00038217509303673284
00829-QaLdnwvtxbs,belief,379,rod,0_3_89,0_3,1,0.5203586863145653,0.9609770616520811,0.9269835072588539,0.9464790079479019,0.6171728231217031
00829-QaLdnwvtxbs,belief,379,rod,0_2_163,0_2,2,0.3996825749008562,0.9649076473154472,0.9066912981805136,0.982615010991516,0.4649289870873386
00829-QaLdnwvtxbs,belief,379,rod,0_3_320,0_3,3,0.3182357006086775,0.9656791550601049,0.9356110115707603,0.9685401433250899,0.3636663278549769
00829-QaLdnwvtxbs,belief,379,rod,0_3_177,0_3,4,0.3150635963907309,0.9766247625057128,0.9179685651540588,0.9893945082369284,0.3552001900251358
00829-QaLdnwvtxbs,belief,379,rod,0_0_54,0_0,5,0.28541738285953056,0.9408899384179684,0.9741373938527673,0.9946827710917204,0.3130666347045087
00829-QaLdnwvtxbs,belief,380,roll,0_3_73,0_3,1,0.24140267419189454,0.9854319304914134,0.941852970572902,0.5402934593739244,0.481396162990077
00829-QaLdnwvtxbs,belief,380,roll,0_3_11,0_3,2,0.20602457208307534,0.8894486994548881,0.9071771840028413,0.8797349768554308,0.2902379101269966
00829-QaLdnwvtxbs,belief,380,roll,0_3_179,0_3,3,0.09739146397240113,0.9724847239132388,0.9382852760785485,0.7446113513227317,0.14334203053456934
00829-QaLdnwvtxbs,belief,380,roll,0_4_47,0_4,4,0.0913798892911052,0.9891614917608691,0.9682564816936827,0.9888393750772777,0.09648665761665397
00829-QaLdnwvtxbs,belief,380,roll,0_3_101,0_3,5,0.07738358909811996,0.9791525103858175,0.975724896192237,0.6132452325871574,0.13207996948558257
00829-QaLdnwvtxbs,belief,381,rope,0_3_320,0_3,1,0.0022395298658855903,0.9656791550601049,0.9356110115707603,0.9685401433250899,0.002559240213748519
00829-QaLdnwvtxbs,belief,381,rope,0_3_197,0_3,2,0.0018725481577348397,0.9163067116456873,0.9154687770375345,0.9558738336589385,0.0023353287065039897
00829-QaLdnwvtxbs,belief,381,rope,0_3_89,0_3,3,0.0018089322332326366,0.9609770616520811,0.9269835072588539,0.9464790079479019,0.002145488953258555
00829-QaLdnwvtxbs,belief,381,rope,0_1_43,0_1,4,0.0014381565818677798,0.9263140429280267,0.9817682153820861,0.974780379492114,0.001622303773543274
00829-QaLdnwvtxbs,belief,381,rope,0_1_32,0_1,5,0.00140267466482886,0.9754029492268419,0.9067709385938889,0.9965741552453404,0.0015913498789671332
00829-QaLdnwvtxbs,belief,382,router,0_0_29,0_0,1,0.006147254740915618,0.9745103120803833,0.9449438616336413,0.9837028875686332,0.006786171283253331
00829-QaLdnwvtxbs,belief,382,router,0_2_79,0_2,2,0.005424908767193516,0.9708657863340816,0.9319677390333537,0.991840751321489,0.006044918016182819
00829-QaLdnwvtxbs,belief,382,router,0_4_100,0_4,3,0.0038481041617962407,0.9845428940661991,0.9292253720092198,0.9925254914494402,0.00423788773701824
00829-QaLdnwvtxbs,belief,382,router,0_0_50,0_0,4,0.002749704874233169,0.9365806639274217,0.9260460164832961,0.994398786133444,0.0031882160426913147
00829-QaLdnwvtxbs,belief,382,router,0_2_61,0_2,5,0.0021931072979220036,0.9853296402427886,0.9425637664070419,0.9831661303264686,0.002401821251509671
00829-QaLdnwvtxbs,belief,383,rug,0_0_17,0_0,1,0.15087581420301063,0.9725988410577909,0.9578221353848322,0.9982434030717537,0.16224247424141527
00829-QaLdnwvtxbs,belief,383,rug,0_0_98,0_0,2,0.1088549541412765,0.8912019108228452,0.9112920185938937,0.9569192811730876,0.14006809376330215
00829-QaLdnwvtxbs,belief,383,rug,0_0_82,0_0,3,0.0783881323899215,0.9629818680179191,0.9292902084112089,0.9923759730566026,0.08826826813232712
00829-QaLdnwvtxbs,belief,383,rug,0_0_4,0_0,4,0.0506636194588385,0.9628088693380985,0.9126527247010969,0.9984785666730762,0.05774466008561017
00829-QaLdnwvtxbs,belief,383,rug,0_0_62,0_0,5,0.04706466083517207,0.9222733030887269,0.9936474474166547,0.9897499882562415,0.051889259079978836
00829-QaLdnwvtxbs,belief,384,safe,0_0_91,0_0,1,0.23375115441504407,0.9840268381742269,0.9554506060675896,0.9977198907046748,0.2491896213657131
00829-QaLdnwvtxbs,belief,384,safe,0_3_130,0_3,2,0.1721748673433472,0.9321132361456153,0.9497109910664981,0.9997450204802159,0.19454513199678397
00829-QaLdnwvtxbs,belief,384,safe,0_3_182,0_3,3,0.16218806716831302,0.9917728710785558,0.9332859955207881,0.999831428408544,0.17525287072528847
00829-QaLdnwvtxbs,belief,384,safe,0_0_45,0_0,4,0.1462514594749826,0.9192200150897122,0.9569546469240678,0.9995554901828028,0.1663345516778989
00829-QaLdnwvtxbs,belief,384,safe,0_3_84,0_3,5,0.13932348766291006,0.991945722962777,0.9280513961817156,0.994164705684942,0.15223203709656016
00829-QaLdnwvtxbs,belief,385,saturator,0_3_83,0_3,1,0.00017875530067560776,0.9828181131851393,0.9219149879587536,0.9601051810237284,0.0002054830901479184
00829-QaLdnwvtxbs,belief,385,saturator,0_1_43,0_1,2,0.0001500737149152055,0.9263140429280267,0.9817682153820861,0.974780379492114,0.00016928974013413718
00829-QaLdnwvtxbs,belief,385,saturator,0_2_165,0_2,3,8.701452693691093e-05,0.9699197729809437,0.9602325145987616,0.9720523142670042,9.611471980755695e-05
00829-QaLdnwvtxbs,belief,385,saturator,0_2_80,0_2,4,6.229837573928251e-05,0.9724949253906023,0.9432373428086318,0.996184532950654,6.817554200527346e-05
00829-QaLdnwvtxbs,belief,385,saturator,0_1_20,0_1,5,6.0664754129352e-05,0.9429041976052321,0.9577240798783183,0.9584469845375457,7.009069564602744e-05
00829-QaLdnwvtxbs,belief,386,sauna,0_0_29,0_0,1,0.007962947714221052,0.9745103120803833,0.9449438616336413,0.9837028875686332,0.008790578784481256
00829-QaLdnwvtxbs,belief,386,sauna,0_1_43,0_1,2,0.0027467477015025304,0.9263140429280267,0.9817682153820861,0.974780379492114,0.0030984520164915865
00829-QaLdnwvtxbs,belief,386,sauna,0_1_68,0_1,3,0.002055934209969142,0.938170738473083,0.9668815624429336,0.9988075715237827,0.0022691971284232496
00829-QaLdnwvtxbs,belief,386,sauna,0_2_178,0_2,4,0.0016062433396169904,0.9830488621452709,0.9638973514160047,0.9822477923093185,0.0017257758476466876
00829-QaLdnwvtxbs,belief,386,sauna,0_2_79,0_2,5,0.0013400776594174424,0.9708657863340816,0.9319677390333537,0.991840751321489,0.0014932342522485107
00829-QaLdnwvtxbs,belief,387,saw,0_3_102,0_3,1,0.25239094998651124,0.9890625174500584,0.9503735847205539,0.9591355314739043,0.2799469227571756
00829-QaLdnwvtxbs,belief,387,saw,0_2_61,0_2,2,0.14940897803059316,0.9853296402427886,0.9425637664070419,0.9831661303264686,0.163627953333719
00829-QaLdnwvtxbs,belief,387,saw,0_2_139,0_2,3,0.14662450414030162,0.9876587317924757,0.9777074687723395,0.9777383808168071,0.15529878298773572
00829-QaLdnwvtxbs,belief,387,saw,0_2_76,0_2,4,0.13557016397846644,0.9777445369518636,0.9242074922009753,0.9961299462102072,0.15060980358366935
00829-QaLdnwvtxbs,belief,387,saw,0_2_177,0_2,5,0.13407203797454945,0.9649094265208732,0.9539392189200453,0.9933968594410325,0.14662505059299935
00829-QaLdnwvtxbs,belief,388,saxophone,0_0_75,0_0,1,0.0023433283290504228,0.9711026629510843,0.91942287731796,0.9967338657165301,0.002633137133019779
00829-QaLdnwvtxbs,belief,388,saxophone,0_0_29,0_0,2,0.0014245107609166586,0.9745103120803833,0.9449438616336413,0.9837028875686332,0.0015725676624518913
00829-QaLdnwvtxbs,belief,388,saxophone,0_1_20,0_1,3,0.0011767952571873634,0.9429041976052321,0.9577240798783183,0.9584469845375457,0.0013596428336845406
00829-QaLdnwvtxbs,belief,388,saxophone,0_3_83,0_3,4,0.00038086676722048424,0.9828181131851393,0.9219149879587536,0.9601051810237284,0.00043781459888082803
00829-QaLdnwvtxbs,belief,388,saxophone,0_2_132,0_2,5,0.00031187829505508374,0.8174735053777695,0.9414269692541382,0.9949100102681608,0.00040732496557273866
00829-QaLdnwvtxbs,belief,389,scale,0_0_95,0_0,1,0.011091027836641119,0.6515540605830769,0.8815192841430087,0.9877028660350318,0.0195507403621541
00829-QaLdnwvtxbs,belief,389,scale,0_3_117,0_3,2,0.008239543595379517,0.9709534859178668,0.9097389018378834,0.9726812811172267,0.009589973483093138
00829-QaLdnwvtxbs,belief,389,scale,0_4_89,0_4,3,0.007812467179930241,0.9741504868424059,0.9130065368218215,0.9894103837899656,0.008877931771978766
00829-QaLdnwvtxbs,belief,389,scale,0_2_137,0_2,4,0.007545283959107339,0.9809784377653766,0.9795393967234436,0.9886458723517383,0.007942431204493004
00829-QaLdnwvtxbs,belief,389,scale,0_4_80,0_4,5,0.005684861055533433,0.9377688040936387,0.925636189829633,0.995983479744168,0.006575542850428902
00829-QaLdnwvtxbs,belief,390,scanner,0_0_29,0_0,1,0.29144123387061,0.9745103120803833,0.9449438616336413,0.9837028875686332,0.3217322553569771
00829-QaLdnwvtxbs,belief,390,scanner,0_2_61,0_2,2,0.06247043177575743,0.9853296402427886,0.9425637664070419,0.9831661303264686,0.06841562689256775
00829-QaLdnwvtxbs,belief,390,scanner,0_4_97,0_4,3,0.04325189224703035,0.9818021404441597,0.9427310769671773,0.9892209815654808,0.04723892378278599
00829-QaLdnwvtxbs,belief,390,scanner,0_3_84,0_3,4,0.0348500207899047,0.991945722962777,0.9280513961817156,0.994164705684942,0.03807893232288794
00829-QaLdnwvtxbs,belief,390,scanner,0_2_165,0_2,5,0.0324852591974976,0.9699197729809437,0.9602325145987616,0.9720523142670042,0.03588264736424007
00829-QaLdnwvtxbs,belief,391,screen,0_3_352,0_3,1,0.549383293092756,0.9622529218840002,0.9216000696911629,0.9997322171381572,0.6196693605060495
00829-QaLdnwvtxbs,belief,391,screen,0_3_355,0_3,2,0.5378654581317709,0.9731509902906974,0.9154776567803746,0.9997783772914408,0.6038678892868211
00829-QaLdnwvtxbs,belief,391,screen,0_3_353,0_3,3,0.5059280044078905,0.8750460831337309,0.9249853476913239,0.99976480560823,0.6252088206301255
00829-QaLdnwvtxbs,belief,391,screen,0_3_346,0_3,4,0.34215684241936367,0.9718983392654899,0.9197675749308407,0.999694502863465,0.38287674598483834
00829-QaLdnwvtxbs,belief,391,screen,0_0_16,0_0,5,0.2750650443560242,0.9678246026300087,0.999696454277557,0.9968240281542549,0.2852016905546778
00829-QaLdnwvtxbs,belief,392,screen frame,0_2_171,0_2,1,0.7337697976796791,0.9919897912793314,0.9250043589047252,0.9999222334540205,0.7997285949575705
00829-QaLdnwvtxbs,belief,392,screen frame,0_3_355,0_3,2,0.507476652164482,0.9731509902906974,0.9154776567803746,0.9997783772914408,0.5697500186558394
00829-QaLdnwvtxbs,belief,392,screen frame,0_3_352,0_3,3,0.45505214531181554,0.9622529218840002,0.9216000696911629,0.9997322171381572,0.5132698344262714
00829-QaLdnwvtxbs,belief,392,screen frame,0_3_353,0_3,4,0.4485296229744561,0.8750460831337309,0.9249853476913239,0.99976480560823,0.5542778303520235
00829-QaLdnwvtxbs,belief,392,screen frame,0_3_346,0_3,5,0.32075795468603113,0.9718983392654899,0.9197675749308407,0.999694502863465,0.35893118802054275
00829-QaLdnwvtxbs,belief,393,screwdriver,0_1_76,0_1,1,0.00031577502668797775,0.9638035128666803,0.950586876729289,0.923645615490136,0.0003731574256272372
00829-QaLdnwvtxbs,belief,393,screwdriver,0_0_30,0_0,2,0.00017769390291463003,0.979391534979755,0.9420017589148175,0.9446387371032863,0.0002038913098137062
00829-QaLdnwvtxbs,belief,393,screwdriver,0_1_20,0_1,3,0.00014899080422744153,0.9429041976052321,0.9577240798783183,0.9584469845375457,0.00017214063195402932
00829-QaLdnwvtxbs,belief,393,screwdriver,0_3_177,0_3,4,0.0001465431865251762,0.9766247625057128,0.9179685651540588,0.9893945082369284,0.0001652116217072512
00829-QaLdnwvtxbs,belief,393,screwdriver,0_0_32,0_0,5,0.00014295947223195448,0.9949106973830635,0.8973991163111548,0.9798330992486709,0.00016341468914339097
00829-QaLdnwvtxbs,belief,394,sculpture,0_3_8,0_3,1,0.2864218521379408,0.9623268593611688,0.9280478489962541,0.9801943112272142,0.3271907333388338
00829-QaLdnwvtxbs,belief,394,sculpture,0_3_76,0_3,2,0.10299792745561286,0.9328060246131236,0.9098264250133858,0.9796729028468557,0.1238789459034999
00829-QaLdnwvtxbs,belief,394,sculpture,0_3_9,0_3,3,0.01181776232622767,0.9775376829224153,0.9242505405050883,0.9052396589992,0.014449354889598247
00829-QaLdnwvtxbs,belief,394,sculpture,0_3_213,0_3,4,0.007669792876198281,0.9785065565059805,0.9341100228973911,0.9912791734333682,0.008464978941568137
00829-QaLdnwvtxbs,belief,394,sculpture,0_3_268,0_3,5,0.004567231300787126,0.987664567993456,0.9430964341856583,0.9990573017979447,0.004907914986091123
00829-QaLdnwvtxbs,belief,395,security camera,0_4_47,0_4,1,0.10061553215342571,0.9891614917608691,0.9682564816936827,0.9888393750772777,0.10623843470501988
00829-QaLdnwvtxbs,belief,395,security camera,0_2_71,0_2,2,0.04808101909026516,0.9601071541173409,0.8761167328879654,0.9975666810619327,0.057299396539733066
00829-QaLdnwvtxbs,belief,395,security camera,0_2_132,0_2,3,0.022028677423294965,0.8174735053777695,0.9414269692541382,0.9949100102681608,0.028770294102934645
00829-QaLdnwvtxbs,belief,395,security camera,0_4_82,0_4,4,0.016468639215798785,0.9921106015443804,0.9635382904444146,0.9835741109117667,0.01751546042665436
00829-QaLdnwvtxbs,belief,395,security camera,0_4_8,0_4,5,0.008873897343681967,0.9651949381256641,0.8947576037307547,0.990038378433478,0.010378675578683643
00829-QaLdnwvtxbs,belief,396,self-closing mechanism,0_0_30,0_0,1,0.06236589182373847,0.979391534979755,0.9420017589148175,0.9446387371032863,0.0715604934275717
00829-QaLdnwvtxbs,belief,396,self-closing mechanism,0_3_160,0_3,2,0.011958584343223971,0.9780740607453371,0.9179881968740915,0.9967716682331297,0.013362116291269247
00829-QaLdnwvtxbs,belief,396,self-closing mechanism,0_2_76,0_2,3,0.010113138246729323,0.9777445369518636,0.9242074922009753,0.9961299462102072,0.011235051432085958
00829-QaLdnwvtxbs,belief,396,self-closing mechanism,0_3_223,0_3,4,0.009568037202224019,0.8971420836970126,0.8970568865704479,0.9967279883750552,0.011927927421035316
00829-QaLdnwvtxbs,belief,396,self-closing mechanism,0_3_136,0_3,5,0.008643498453379127,0.983057893890847,0.9359119753012395,0.9888704642674019,0.009500272313052945
00829-QaLdnwvtxbs,belief,397,sensor,0_0_25,0_0,1,0.7198819574159431,0.8010731935501099,0.9737998604221256,0.9989405298680443,0.923803807215013
00829-QaLdnwvtxbs,belief,397,sensor,0_4_82,0_4,2,0.34243464391099454,0.9921106015443804,0.9635382904444146,0.9835741109117667,0.36420133901437124
00829-QaLdnwvtxbs,belief,397,sensor,0_4_83,0_4,3,0.20272916263289842,0.9789907316329346,0.9578645280400937,0.9881564908472473,0.21878010577422194
00829-QaLdnwvtxbs,belief,397,sensor,0_4_8,0_4,4,0.19305685073284354,0.9651949381256641,0.8947576037307547,0.990038378433478,0.22579418539533946
00829-QaLdnwvtxbs,belief,397,sensor,0_4_35,0_4,5,0.17906226417037405,0.9289367587313717,0.9085533132636621,0.9894260921831448,0.21442930977189592
00829-QaLdnwvtxbs,belief,398,separator,0_4_100,0_4,1,0.11483752012400363,0.9845428940661991,0.9292253720092198,0.9925254914494402,0.1264696842447036
00829-QaLdnwvtxbs,belief,398,separator,0_3_349,0_3,2,0.077047349161074,0.9912756721021152,0.9384783206953182,0.9755531565625148,0.08489616458829898
00829-QaLdnwvtxbs,belief,398,separator,0_3_160,0_3,3,0.06931200156361095,0.9780740607453371,0.9179881968740915,0.9967716682331297,0.07744687821668353
00829-QaLdnwvtxbs,belief,398,separator,0_3_89,0_3,4,0.06599296775120415,0.9609770616520811,0.9269835072588539,0.9464790079479019,0.07827113736037222
00829-QaLdnwvtxbs,belief,398,separator,0_1_51,0_1,5,0.06423726470893709,0.9464436181573843,0.914643103996742,0.9935238739508189,0.07468997618855629
00829-QaLdnwvtxbs,belief,399,set of valves,0_0_29,0_0,1,0.00014341004593242644,0.9745103120803833,0.9449438616336413,0.9837028875686332,0.0001583154068691998
00829-QaLdnwvtxbs,belief,399,set of valves,0_2_164,0_2,2,3.263981046687113e-05,0.955928448287553,0.9241800773116434,0.9662683808354755,3.8235596634884885e-05
00829-QaLdnwvtxbs,belief,399,set of valves,0_4_1,0_4,3,2.5849537182311883e-05,0.8925236130006884,0.8637943796135312,0.9730540570878572,3.4457654750314356e-05
00829-QaLdnwvtxbs,belief,399,set of valves,0_2_71,0_2,4,1.9583088238217147e-05,0.9601071541173409,0.8761167328879654,0.9975666810619327,2.333767377782921e-05
00829-QaLdnwvtxbs,belief,399,set of valves,0_0_75,0_0,5,1.7372304300288884e-05,0.9711026629510843,0.91942287731796,0.9967338657165301,1.9520806782439388e-05
00829-QaLdnwvtxbs,belief,400,sewing machine,0_0_29,0_0,1,0.012738199202136391,0.9745103120803833,0.9449438616336413,0.9837028875686332,0.014062147294878969
00829-QaLdnwvtxbs,belief,400,sewing machine,0_2_61,0_2,2,0.0016134765846126196,0.9853296402427886,0.9425637664070419,0.9831661303264686,0.0017670281583612938
00829-QaLdnwvtxbs,belief,400,sewing machine,0_2_79,0_2,3,0.0006050834562359092,0.9708657863340816,0.9319677390333537,0.991840751321489,0.0006742380458108337
00829-QaLdnwvtxbs,belief,400,sewing machine,0_2_71,0_2,4,0.00046541664806342163,0.9601071541173409,0.8761167328879654,0.9975666810619327,0.0005546490814496651
00829-QaLdnwvtxbs,belief,400,sewing machine,0_2_122,0_2,5,0.00039907598212240454,0.979159475560187,0.9519763765669658,0.9849674009758481,0.00043466445965335663
00829-QaLdnwvtxbs,belief,401,sewing tools,0_0_29,0_0,1,5.266921148975935e-05,0.9745103120803833,0.9449438616336413,0.9837028875686332,5.8143399873187e-05
00829-QaLdnwvtxbs,belief,401,sewing tools,0_4_97,0_4,2,2.9402808551586047e-05,0.9818021404441597,0.9427310769671773,0.9892209815654808,3.2113208463465236e-05
00829-QaLdnwvtxbs,belief,401,sewing tools,0_3_65,0_3,3,2.711815811095801e-05,0.974792348784285,0.9323554082213724,0.9740448142387003,3.0632866903425524e-05
00829-QaLdnwvtxbs,belief,401,sewing tools,0_3_28,0_3,4,2.609852252648594e-05,0.967971758355224,0.9260209906396102,0.9910327173346528,2.937950079196897e-05
00829-QaLdnwvtxbs,belief,401,sewing tools,0_1_20,0_1,5,2.298543279637362e-05,0.9429041976052321,0.9577240798783183,0.9584469845375457,2.6556853275753146e-05
00829-QaLdnwvtxbs,belief,402,shampoo,0_2_94,0_2,1,0.08867443990390815,0.9484766418496883,0.9349615689607003,0.9978721796107609,0.10020817191372235
00829-QaLdnwvtxbs,belief,402,shampoo,0_4_16,0_4,2,0.022618211711669355,0.96604856308424,0.9197053925220993,0.9969604956590581,0.02553480956247827
00829-QaLdnwvtxbs,belief,402,shampoo,0_3_145,0_3,3,0.017419727839286147,0.9842710214791858,0.9367794637484924,0.9975332017347288,0.018939213742483474
00829-QaLdnwvtxbs,belief,402,shampoo,0_2_132,0_2,4,0.015636883957948433,0.8174735053777695,0.9414269692541382,0.9949100102681608,0.020422367701834827
00829-QaLdnwvtxbs,belief,402,shampoo,0_4_98,0_4,5,0.012285462596553276,0.9558548692494703,0.8997037016569993,0.997644510067095,0.014319380611814463
00829-QaLdnwvtxbs,belief,403,sheet music,0_0_59,0_0,1,0.007632375174038281,0.9424504320981879,0.9285281736489194,0.9570163791350695,0.009113532273831078
00829-QaLdnwvtxbs,belief,403,sheet music,0_0_83,0_0,2,0.004725502042177441,0.978057612933467,0.9414887342891158,0.8981877143251216,0.005713487470028771
00829-QaLdnwvtxbs,belief,403,sheet music,0_1_43,0_1,3,0.0007593284817583944,0.9263140429280267,0.9817682153820861,0.974780379492114,0.0008565558694003059
00829-QaLdnwvtxbs,belief,403,sheet music,0_4_89,0_4,4,0.0005563068825463335,0.9741504868424059,0.9130065368218215,0.9894103837899656,0.0006321760378355477
00829-QaLdnwvtxbs,belief,403,sheet music,0_4_0,0_4,5,0.000553887604549941,0.9676795378611954,0.9260700880025818,0.9585230521655843,0.0006448276768869461
00829-QaLdnwvtxbs,belief,404,sheets / clothes,0_1_13,0_1,1,0.04785960211834627,0.952490770395311,0.9238164421163115,0.9763743075649506,0.055706551875047416
00829-QaLdnwvtxbs,belief,404,sheets / clothes,0_0_10,0_0,2,0.044689426463116244,0.9620229497440205,0.9587102164071293,0.9997931736416924,0.048464286782053626
00829-QaLdnwvtxbs,belief,404,sheets / clothes,0_1_77,0_1,3,0.04422528065279262,0.9764120237661057,0.9098239419454992,0.9710054280513156,0.05126942657511615
00829-QaLdnwvtxbs,belief,404,sheets / clothes,0_1_78,0_1,4,0.0424361286424324,0.9349828690842372,0.926000425910207,0.9691360382987141,0.05057503285426848
00829-QaLdnwvtxbs,belief,404,sheets / clothes,0_0_55,0_0,5,0.037323216574601775,0.8764910417444566,0.9061822391896028,0.9998015639048675,0.04700047266671059
00829-QaLdnwvtxbs,belief,405,shelf,0_2_178,0_2,1,0.36165293521152836,0.9830488621452709,0.9638973514160047,0.9822477923093185,0.3885662187196447
00829-QaLdnwvtxbs,belief,405,shelf,0_1_40,0_1,2,0.24773770199605197,0.8879308527157286,0.9416287385848694,0.9980686723061908,0.2968744548226664
00829-QaLdnwvtxbs,belief,405,shelf,0_0_22,0_0,3,0.23942846359328643,0.9607429411262274,0.9646034928528409,0.9985138059602161,0.2587412501742348
00829-QaLdnwvtxbs,belief,405,shelf,0_1_43,0_1,4,0.23827657248295217,0.9263140429280267,0.9817682153820861,0.974780379492114,0.268786436442141
00829-QaLdnwvtxbs,belief,405,shelf,0_2_61,0_2,5,0.22292842670865856,0.9853296402427886,0.9425637664070419,0.9831661303264686,0.2441441115725632
00829-QaLdnwvtxbs,belief,406,ship toy,0_0_29,0_0,1,0.007825191980321111,0.9745103120803833,0.9449438616336413,0.9837028875686332,0.008638505372056507
00829-QaLdnwvtxbs,belief,406,ship toy,0_1_20,0_1,2,0.0011670304227350034,0.9429041976052321,0.9577240798783183,0.9584469845375457,0.001348360763074399
00829-QaLdnwvtxbs,belief,406,ship toy,0_3_65,0_3,3,0.0004759522863979116,0.974792348784285,0.9323554082213724,0.9740448142387003,0.0005376391339689415
00829-QaLdnwvtxbs,belief,406,ship toy,0_3_145,0_3,4,0.0004729593449160822,0.9842710214791858,0.9367794637484924,0.9975332017347288,0.0005142145851825042
00829-QaLdnwvtxbs,belief,406,ship toy,0_4_1,0_4,5,0.0004688350553810305,0.8925236130006884,0.8637943796135312,0.9730540570878572,0.0006249611495643506
00829-QaLdnwvtxbs,belief,407,shisha,0_1_20,0_1,1,0.0004058576275056323,0.9429041976052321,0.9577240798783183,0.9584469845375457,0.0004689187956562136
00829-QaLdnwvtxbs,belief,407,shisha,0_1_43,0_1,2,0.0003724277415860739,0.9263140429280267,0.9817682153820861,0.974780379492114,0.0004201148457441296
00829-QaLdnwvtxbs,belief,407,shisha,0_0_75,0_0,3,0.00036893714993146563,0.9711026629510843,0.91942287731796,0.9967338657165301,0.00041456508556301597
00829-QaLdnwvtxbs,belief,407,shisha,0_0_29,0_0,4,0.00032616934229218127,0.9745103120803833,0.9449438616336413,0.9837028875686332,0.00036006983888407074
00829-QaLdnwvtxbs,belief,407,shisha,0_2_132,0_2,5,0.0003057298945350374,0.8174735053777695,0.9414269692541382,0.9949100102681608,0.0003992949196546251
00829-QaLdnwvtxbs,belief,408,shoe,0_1_20,0_1,1,0.40329860187920913,0.9429041976052321,0.9577240798783183,0.9584469845375457,0.4659621548702052
00829-QaLdnwvtxbs,belief,408,shoe,0_3_232,0_3,2,0.23543102090639548,0.9787614851103609,0.9166039476591347,0.9123763361142812,0.28762794513974316
00829-QaLdnwvtxbs,belief,408,shoe,0_1_43,0_1,3,0.20775003463514877,0.9263140429280267,0.9817682153820861,0.974780379492114,0.23435116133504139
00829-QaLdnwvtxbs,belief,408,shoe,0_2_92,0_2,4,0.14907879501703292,0.9483009825821102,0.9283667601600114,0.9676517871722266,0.17499715483870687
00829-QaLdnwvtxbs,belief,408,shoe,0_3_358,0_3,5,0.14651254406772432,0.9418212159150311,0.9693513482622604,0.9866839888761696,0.16264736831927754
00829-QaLdnwvtxbs,belief,409,shoe rack,0_1_20,0_1,1,0.007614468435050686,0.9429041976052321,0.9577240798783183,0.9584469845375457,0.008797585966464731
00829-QaLdnwvtxbs,belief,409,shoe rack,0_2_178,0_2,2,0.002945500213644397,0.9830488621452709,0.9638973514160047,0.9822477923093185,0.0031646967819693923
00829-QaLdnwvtxbs,belief,409,shoe rack,0_0_22,0_0,3,0.002105445680273195,0.9607429411262274,0.9646034928528409,0.9985138059602161,0.0022752752087705583
00829-QaLdnwvtxbs,belief,409,shoe rack,0_0_23,0_0,4,0.0010667949170205327,0.9288184638534274,0.8873351878353805,0.9993503914118206,0.0012952231754480585
00829-QaLdnwvtxbs,belief,409,shoe rack,0_4_97,0_4,5,0.0008968355209843878,0.9818021404441597,0.9427310769671773,0.9892209815654808,0.0009795073144894708
00829-QaLdnwvtxbs,belief,410,shoehorn,0_1_20,0_1,1,0.014947258272980966,0.9429041976052321,0.9577240798783183,0.9584469845375457,0.017269726802488988
00829-QaLdnwvtxbs,belief,410,shoehorn,0_0_90,0_0,2,0.010279499048745448,0.9330309557315117,0.8720743076128528,0.9973005303875905,0.012667658763883904
00829-QaLdnwvtxbs,belief,410,shoehorn,0_0_48,0_0,3,0.0029463598515807195,0.7133266356256274,0.9922616393383615,0.9824163024986671,0.0042371670319394815
00829-QaLdnwvtxbs,belief,410,shoehorn,0_0_53,0_0,4,0.002441370770747659,0.8967390975938434,0.9799045051973353,0.979623210401554,0.0028361213853345516
00829-QaLdnwvtxbs,belief,410,shoehorn,0_4_97,0_4,5,0.0023756926106284636,0.9818021404441597,0.9427310769671773,0.9892209815654808,0.0025946879161688283
00829-QaLdnwvtxbs,belief,411,shovel,0_0_90,0_0,1,0.04035257950164952,0.9330309557315117,0.8720743076128528,0.9973005303875905,0.049727394783092876
00829-QaLdnwvtxbs,belief,411,shovel,0_3_232,0_3,2,0.021821868883904753,0.9787614851103609,0.9166039476591347,0.9123763361142812,0.026659950256435905
00829-QaLdnwvtxbs,belief,411,shovel,0_1_20,0_1,3,0.008228308070939218,0.9429041976052321,0.9577240798783183,0.9584469845375457,0.009506802507634466
00829-QaLdnwvtxbs,belief,411,shovel,0_2_61,0_2,4,0.00624226648988496,0.9853296402427886,0.9425637664070419,0.9831661303264686,0.0068363314130586526
00829-QaLdnwvtxbs,belief,411,shovel,0_3_177,0_3,5,0.005570094756654138,0.9766247625057128,0.9179685651540588,0.9893945082369284,0.006279680479390888
00829-QaLdnwvtxbs,belief,412,shower,0_2_106,0_2,1,0.7633233724484813,0.9749606567774868,0.9674843668994348,0.999982158304582,0.8092547591508537
00829-QaLdnwvtxbs,belief,412,shower,0_2_109,0_2,2,0.7302173464754786,0.9367905232364917,0.951003275026295,0.9999971693313223,0.8196508123135731
00829-QaLdnwvtxbs,belief,412,shower,0_2_104,0_2,3,0.6620806881733632,0.9312720867396562,0.9618002008974917,0.9999949524529637,0.7391824772702166
00829-QaLdnwvtxbs,belief,412,shower,0_2_107,0_2,4,0.5952394862352353,0.8862634383574377,0.955318446698352,0.999994886454547,0.7030447293158791
00829-QaLdnwvtxbs,belief,412,shower,0_2_65,0_2,5,0.30398878652894995,0.9657339870337585,0.9638488209663922,0.9965539859944541,0.3277104549824974
00829-QaLdnwvtxbs,belief,413,shower seat,0_2_109,0_2,1,0.18981336229582435,0.9367905232364917,0.951003275026295,0.9999971693313223,0.21306077888272615
00829-QaLdnwvtxbs,belief,413,shower seat,0_2_106,0_2,2,0.14049324933675925,0.9749606567774868,0.9674843668994348,0.999982158304582,0.14894713663705286
00829-QaLdnwvtxbs,belief,413,shower seat,0_2_104,0_2,3,0.1402229048723287,0.9312720867396562,0.9618002008974917,0.9999949524529637,0.15655239013165934
00829-QaLdnwvtxbs,belief,413,shower seat,0_2_107,0_2,4,0.12936601352009264,0.8862634383574377,0.955318446698352,0.999994886454547,0.15279580078456848
00829-QaLdnwvtxbs,belief,413,shower seat,0_2_94,0_2,5,0.11229430930487926,0.9484766418496883,0.9349615689607003,0.9978721796107609,0.12690023713654272
00829-QaLdnwvtxbs,belief,414,shredder,0_3_141,0_3,1,0.019086786849629334,0.9578315346554567,0.9231406772515689,0.9587266611662122,0.022515469084778864
00829-QaLdnwvtxbs,belief,414,shredder,0_3_145,0_3,2,0.013892300547995392,0.9842710214791858,0.9367794637484924,0.9975332017347288,0.015104096452065301
00829-QaLdnwvtxbs,belief,414,shredder,0_2_92,0_2,3,0.011598630661147007,0.9483009825821102,0.9283667601600114,0.9676517871722266,0.013615131283384808
00829-QaLdnwvtxbs,belief,414,shredder,0_3_232,0_3,4,0.011513057696871299,0.9787614851103609,0.9166039476591347,0.9123763361142812,0.014065593883411817
00829-QaLdnwvtxbs,belief,414,shredder,0_2_61,0_2,5,0.011459677132962833,0.9853296402427886,0.9425637664070419,0.9831661303264686,0.0125502733493564
00829-QaLdnwvtxbs,belief,415,side table,0_3_270,0_3,1,0.8038072739919908,0.9676155821883293,0.9093444942507483,0.9997072207920171,0.913792959994471
00829-QaLdnwvtxbs,belief,415,side table,0_3_214,0_3,2,0.6417252509234238,0.980349579623767,0.9265913540702199,0.9993954649021487,0.7068748720107543
00829-QaLdnwvtxbs,belief,415,side table,0_3_219,0_3,3,0.422992752437645,0.9805473042953581,0.9294563411150665,0.999334656470586,0.4644344564965432
00829-QaLdnwvtxbs,belief,415,side table,0_3_342,0_3,4,0.05553190852072632,0.969762212668559,0.9604775740539282,0.9881189215028591,0.060336608809938776
00829-QaLdnwvtxbs,belief,415,side table,0_3_267,0_3,5,0.036397184062651126,0.9755037916157708,0.9368287303543641,0.9979236255656099,0.03990996230116051
00829-QaLdnwvtxbs,belief,416,sideboard,0_3_130,0_3,1,0.03984506627756315,0.9321132361456153,0.9497109910664981,0.9997450204802159,0.04502203949970781
00829-QaLdnwvtxbs,belief,416,sideboard,0_3_182,0_3,2,0.026674986823595523,0.9917728710785558,0.9332859955207881,0.999831428408544,0.028823748251114844
00829-QaLdnwvtxbs,belief,416,sideboard,0_3_186,0_3,3,0.024880451261684085,0.9770262695511048,0.9553098822844566,0.9998585417718789,0.026660554670042594
00829-QaLdnwvtxbs,belief,416,sideboard,0_3_317,0_3,4,0.015801967670190074,0.9867826312307327,0.9518020503584972,0.9996536842683158,0.016830362312897564
00829-QaLdnwvtxbs,belief,416,sideboard,0_3_158,0_3,5,0.013085721872862714,0.9690150309476715,0.9287288960778852,0.9994624758576812,0.014548282313968465
00829-QaLdnwvtxbs,belief,417,sign,0_4_66,0_4,1,0.04059053196257891,0.9934138665305371,0.9595046633383428,0.996896651123555,0.04271666101722938
00829-QaLdnwvtxbs,belief,417,sign,0_3_351,0_3,2,0.013789777797421318,0.9474742531776427,0.9589728395221819,0.999023676111871,0.015191748538683266
00829-QaLdnwvtxbs,belief,417,sign,0_3_102,0_3,3,0.006320903447122912,0.9890625174500584,0.9503735847205539,0.9591355314739043,0.007011017903620763
00829-QaLdnwvtxbs,belief,417,sign,0_1_43,0_1,4,0.005435285626245831,0.9263140429280267,0.9817682153820861,0.974780379492114,0.00613124084881795
00829-QaLdnwvtxbs,belief,417,sign,0_2_61,0_2,5,0.004574761659866781,0.9853296402427886,0.9425637664070419,0.9831661303264686,0.00501013324139258
00829-QaLdnwvtxbs,belief,418,silicone gun,0_2_132,0_2,1,0.0024915398345298737,0.8174735053777695,0.9414269692541382,0.9949100102681608,0.0032540461885741125
00829-QaLdnwvtxbs,belief,418,silicone gun,0_1_20,0_1,2,0.0007342402450184915,0.9429041976052321,0.9577240798783183,0.9584469845375457,0.0008483247032522906
00829-QaLdnwvtxbs,belief,418,silicone gun,0_1_39,0_1,3,0.0006473288728082174,0.9600164740116974,0.932250724706009,0.967879267294302,0.0007472955152797221
00829-QaLdnwvtxbs,belief,418,silicone gun,0_1_69,0_1,4,0.0004924538738160642,0.835577734708786,0.970699057137362,0.9951126082079284,0.0006101292733643949
00829-QaLdnwvtxbs,belief,418,silicone gun,0_2_61,0_2,5,0.00047635640366092824,0.9853296402427886,0.9425637664070419,0.9831661303264686,0.0005216903590123508
00829-QaLdnwvtxbs,belief,419,silicone tube,0_3_89,0_3,1,0.009784923101747268,0.9609770616520811,0.9269835072588539,0.9464790079479019,0.011605434431209757
00829-QaLdnwvtxbs,belief,419,silicone tube,0_4_100,0_4,2,0.0024479594630896014,0.9845428940661991,0.9292253720092198,0.9925254914494402,0.002695919069015704
00829-QaLdnwvtxbs,belief,419,silicone tube,0_0_32,0_0,3,0.0021529098896718446,0.9949106973830635,0.8973991163111548,0.9798330992486709,0.0024609569053502564
00829-QaLdnwvtxbs,belief,419,silicone tube,0_3_197,0_3,4,0.002118119563327716,0.9163067116456873,0.9154687770375345,0.9558738336589385,0.0026415904977474844
00829-QaLdnwvtxbs,belief,419,silicone tube,0_0_30,0_0,5,0.0015326320084622352,0.979391534979755,0.9420017589148175,0.9446387371032863,0.0017585879005533858
00829-QaLdnwvtxbs,belief,420,sink,0_4_101,0_4,1,0.9315389910185604,0.9825017543904708,0.9983904216059691,0.9999733643424413,0.9496834402256392
00829-QaLdnwvtxbs,belief,420,sink,0_4_93,0_4,2,0.8664773660804486,0.9524783291842067,0.9518953926537175,0.9997347134059509,0.9559344704676972
00829-QaLdnwvtxbs,belief,420,sink,0_2_60,0_2,3,0.85886025864641,0.9567685729502454,0.9543225742967028,0.9999862264454508,0.9406463845714307
00829-QaLdnwvtxbs,belief,420,sink,0_2_117,0_2,4,0.8280198211564457,0.9093331126432382,0.9729903549846584,0.9999803579767235,0.9358747335025815
00829-QaLdnwvtxbs,belief,420,sink,0_2_118,0_2,5,0.7679373351992415,0.8750060589402894,0.904187828084791,0.9999351747996527,0.9706981901283349
00829-QaLdnwvtxbs,belief,421,skateboard,0_3_232,0_3,1,0.002084777997757073,0.9787614851103609,0.9166039476591347,0.9123763361142812,0.002546989811533055
00829-QaLdnwvtxbs,belief,421,skateboard,0_3_83,0_3,2,0.0013871363068205,0.9828181131851393,0.9219149879587536,0.9601051810237284,0.001594543231470964
00829-QaLdnwvtxbs,belief,421,skateboard,0_1_20,0_1,3,0.0013825514204746062,0.9429041976052321,0.9577240798783183,0.9584469845375457,0.0015973688877209604
00829-QaLdnwvtxbs,belief,421,skateboard,0_3_84,0_3,4,0.0012510131167348026,0.991945722962777,0.9280513961817156,0.994164705684942,0.0013669215319661774
00829-QaLdnwvtxbs,belief,421,skateboard,0_0_34,0_0,5,0.0011368717067802704,0.9612707408690694,0.9388840210295921,0.9844560060496962,0.0012795506276605314
00829-QaLdnwvtxbs,belief,422,skates,0_3_232,0_3,1,0.0005689398858672833,0.9787614851103609,0.9166039476591347,0.9123763361142812,0.00069507837008917
00829-QaLdnwvtxbs,belief,422,skates,0_0_29,0_0,2,0.00036426449383108333,0.9745103120803833,0.9449438616336413,0.9837028875686332,0.00040212442004267996
00829-QaLdnwvtxbs,belief,422,skates,0_1_20,0_1,3,0.00029613660123959713,0.9429041976052321,0.9577240798783183,0.9584469845375457,0.0003421495839722001
00829-QaLdnwvtxbs,belief,422,skates,0_3_83,0_3,4,0.00024325961010204208,0.9828181131851393,0.9219149879587536,0.9601051810237284,0.00027963219106243967
00829-QaLdnwvtxbs,belief,422,skates,0_3_102,0_3,5,0.00019062875151179006,0.9890625174500584,0.9503735847205539,0.9591355314739043,0.00021144154486371243
00829-QaLdnwvtxbs,belief,423,ski,0_3_83,0_3,1,0.0852505903388826,0.9828181131851393,0.9219149879587536,0.9601051810237284,0.09799740020888932
00829-QaLdnwvtxbs,belief,423,ski,0_2_165,0_2,2,0.08018477785453101,0.9699197729809437,0.9602325145987616,0.9720523142670042,0.08857069879730874
00829-QaLdnwvtxbs,belief,423,ski,0_2_137,0_2,3,0.054431106315626435,0.9809784377653766,0.9795393967234436,0.9886458723517383,0.05729609642782133
00829-QaLdnwvtxbs,belief,423,ski,0_4_1,0_4,4,0.03826072945761829,0.8925236130006884,0.8637943796135312,0.9730540570878572,0.051001880492000475
00829-QaLdnwvtxbs,belief,423,ski,0_1_32,0_1,5,0.03787569088655409,0.9754029492268419,0.9067709385938889,0.9965741552453404,0.04297038908553207
00829-QaLdnwvtxbs,belief,424,sky,0_3_91,0_3,1,0.24172409989225926,0.9806674998208044,0.8962061145693498,0.9929803270647616,0.27698077244372954
00829-QaLdnwvtxbs,belief,424,sky,0_3_325,0_3,2,0.1947125248820292,0.9933628812432289,0.9504188532307702,0.995318721455013,0.20720906206814124
00829-QaLdnwvtxbs,belief,424,sky,0_3_321,0_3,3,0.1533039411443353,0.9314745702113276,0.925044852483873,0.9955566589962027,0.17871192981739942
00829-QaLdnwvtxbs,belief,424,sky,0_3_4,0_3,4,0.14601286659089507,0.9627608160666128,0.900076677642972,0.9958319319800659,0.16920265143867988
00829-QaLdnwvtxbs,belief,424,sky,0_3_0,0_3,5,0.11610077797133365,0.9913569805264804,0.932712088171641,0.9964477858047073,0.12600938997135028
00829-QaLdnwvtxbs,belief,425,sled,0_3_102,0_3,1,0.008861016110144055,0.9890625174500584,0.9503735847205539,0.9591355314739043,0.009828459351134263
00829-QaLdnwvtxbs,belief,425,sled,0_0_29,0_0,2,0.008685543942289079,0.9745103120803833,0.9449438616336413,0.9837028875686332,0.009588278242039774
00829-QaLdnwvtxbs,belief,425,sled,0_3_117,0_3,3,0.006605237776866728,0.9709534859178668,0.9097389018378834,0.9726812811172267,0.00768781115075335
00829-QaLdnwvtxbs,belief,425,sled,0_2_137,0_2,4,0.005925060396168894,0.9809784377653766,0.9795393967234436,0.9886458723517383,0.006236926911443232
00829-QaLdnwvtxbs,belief,425,sled,0_2_92,0_2,5,0.003964592588264016,0.9483009825821102,0.9283667601600114,0.9676517871722266,0.004653863904397394
00829-QaLdnwvtxbs,belief,426,sleeping bag,0_2_66,0_2,1,0.01960319515826751,0.970324709402946,0.9290128585169263,0.9912809958219424,0.021937708794537037
00829-QaLdnwvtxbs,belief,426,sleeping bag,0_4_97,0_4,2,0.010679616514571664,0.9818021404441597,0.9427310769671773,0.9892209815654808,0.011664081369662425
00829-QaLdnwvtxbs,belief,426,sleeping bag,0_2_92,0_2,3,0.009961433862524571,0.9483009825821102,0.9283667601600114,0.9676517871722266,0.011693296715046425
00829-QaLdnwvtxbs,belief,426,sleeping bag,0_0_34,0_0,4,0.00948008030564074,0.9612707408690694,0.9388840210295921,0.9844560060496962,0.010669843072890662
00829-QaLdnwvtxbs,belief,426,sleeping bag,0_0_35,0_0,5,0.004768775755214752,0.9682283273765021,0.9523646014179328,0.9908101003000919,0.00521957865476883
00829-QaLdnwvtxbs,belief,427,smoke detector,0_4_82,0_4,1,0.2073223059054102,0.9921106015443804,0.9635382904444146,0.9835741109117667,0.22050064957190266
00829-QaLdnwvtxbs,belief,427,smoke detector,0_1_48,0_1,2,0.19270684926568177,0.9371238040617654,0.9170594549230693,0.9820927562097542,0.22832327258457513
00829-QaLdnwvtxbs,belief,427,smoke detector,0_4_83,0_4,3,0.14996175611796383,0.9789907316329346,0.9578645280400937,0.9881564908472473,0.16183487584855288
00829-QaLdnwvtxbs,belief,427,smoke detector,0_4_8,0_4,4,0.10715834636336645,0.9651949381256641,0.8947576037307547,0.990038378433478,0.12532956708648774
00829-QaLdnwvtxbs,belief,427,smoke detector,0_2_71,0_2,5,0.08653766208019585,0.9601071541173409,0.8761167328879654,0.9975666810619327,0.1031291746509281
00829-QaLdnwvtxbs,belief,428,snack,0_3_179,0_3,1,0.0483312798943414,0.9724847239132388,0.9382852760785485,0.7446113513227317,0.07113460991152917
00829-QaLdnwvtxbs,belief,428,snack,0_3_73,0_3,2,0.02422821163755337,0.9854319304914134,0.941852970572902,0.5402934593739244,0.04831499136235061
00829-QaLdnwvtxbs,belief,428,snack,0_3_101,0_3,3,0.014959793945846529,0.9791525103858175,0.975724896192237,0.6132452325871574,0.02553369714310675
00829-QaLdnwvtxbs,belief,428,snack,0_3_145,0_3,4,0.012000866537968526,0.9842710214791858,0.9367794637484924,0.9975332017347288,0.013047676666050468
00829-QaLdnwvtxbs,belief,428,snack,0_3_11,0_3,5,0.011879113842018747,0.8894486994548881,0.9071771840028413,0.8797349768554308,0.016734747417788368
00829-QaLdnwvtxbs,belief,429,soap,0_2_72,0_2,1,0.5399151110159626,0.9302917995141828,0.9303823130638484,0.9968143611086032,0.6257927940216851
00829-QaLdnwvtxbs,belief,429,soap,0_4_16,0_4,2,0.49243667823568804,0.96604856308424,0.9197053925220993,0.9969604956590581,0.5559359404987915
00829-QaLdnwvtxbs,belief,429,soap,0_2_94,0_2,3,0.14409078192435087,0.9484766418496883,0.9349615689607003,0.9978721796107609,0.16283242230686654
00829-QaLdnwvtxbs,belief,429,soap,0_4_98,0_4,4,0.1366634877535691,0.9558548692494703,0.8997037016569993,0.997644510067095,0.1592887920582189
00829-QaLdnwvtxbs,belief,429,soap,0_3_145,0_3,5,0.09388719753327557,0.9842710214791858,0.9367794637484924,0.9975332017347288,0.10207677859095307
00829-QaLdnwvtxbs,belief,430,socks,0_1_20,0_1,1,0.006638668152263499,0.9429041976052321,0.9577240798783183,0.9584469845375457,0.007670168216014272
00829-QaLdnwvtxbs,belief,430,socks,0_2_92,0_2,2,0.004863503587775143,0.9483009825821102,0.9283667601600114,0.9676517871722266,0.005709056679128988
00829-QaLdnwvtxbs,belief,430,socks,0_4_97,0_4,3,0.002084567318806134,0.9818021404441597,0.9427310769671773,0.9892209815654808,0.0022767262095898383
00829-QaLdnwvtxbs,belief,430,socks,0_1_43,0_1,4,0.001856997362870217,0.9263140429280267,0.9817682153820861,0.974780379492114,0.0020947745657372606
00829-QaLdnwvtxbs,belief,430,socks,0_3_145,0_3,5,0.0017644141806523908,0.9842710214791858,0.9367794637484924,0.9975332017347288,0.0019183202863985664
00829-QaLdnwvtxbs,belief,431,sofa,0_0_78,0_0,1,0.8353701114547766,0.9536089213948301,0.907637778740539,0.999030279658381,0.9660896101206319
00829-QaLdnwvtxbs,belief,431,sofa,0_3_314,0_3,2,0.8200957513478736,0.9901552154268656,0.9309971219112501,0.999434978344779,0.8901401682184709
00829-QaLdnwvtxbs,belief,431,sofa,0_0_13,0_0,3,0.8036838544825782,0.9606587046113932,0.9834343371228513,0.999181194010566,0.851385995506401
00829-QaLdnwvtxbs,belief,431,sofa,0_3_308,0_3,4,0.7474652085296238,0.9958626841602819,0.9201591552776968,0.9945279444022006,0.820184544979235
00829-QaLdnwvtxbs,belief,431,sofa,0_3_33,0_3,5,0.7423803109982691,0.9471619039457502,0.9302194933530543,0.9995113743460051,0.8430028569991256
00829-QaLdnwvtxbs,belief,432,solarium,0_3_117,0_3,1,0.0014598818563607012,0.9709534859178668,0.9097389018378834,0.9726812811172267,0.0016991509455449461
00829-QaLdnwvtxbs,belief,432,solarium,0_3_197,0_3,2,0.0005367693026822184,0.9163067116456873,0.9154687770375345,0.9558738336589385,0.000669426180654425
00829-QaLdnwvtxbs,belief,432,solarium,0_3_325,0_3,3,0.00011802212134190555,0.9933628812432289,0.9504188532307702,0.995318721455013,0.0001255967128019389
00829-QaLdnwvtxbs,belief,432,solarium,0_3_321,0_3,4,0.00010831560661474365,0.9314745702113276,0.925044852483873,0.9955566589962027,0.0001262674067148624
00829-QaLdnwvtxbs,belief,432,solarium,0_1_22,0_1,5,9.669584545228345e-05,0.9849128855890671,0.9134272445020042,0.9853780693376282,0.00010907698930942134
00829-QaLdnwvtxbs,belief,433,speaker,0_0_29,0_0,1,0.17381218204660426,0.9745103120803833,0.9449438616336413,0.9837028875686332,0.1918773970165062
00829-QaLdnwvtxbs,belief,433,speaker,0_2_61,0_2,2,0.11657349769081951,0.9853296402427886,0.9425637664070419,0.9831661303264686,0.1276675812359553
00829-QaLdnwvtxbs,belief,433,speaker,0_3_351,0_3,3,0.10151039671449096,0.9474742531776427,0.9589728395221819,0.999023676111871,0.11183069398238617
00829-QaLdnwvtxbs,belief,433,speaker,0_2_71,0_2,4,0.041657561243879,0.9601071541173409,0.8761167328879654,0.9975666810619327,0.04964439535089886
00829-QaLdnwvtxbs,belief,433,speaker,0_0_25,0_0,5,0.037089195789541694,0.8010731935501099,0.9737998604221256,0.9989405298680443,0.04759549801735707
00829-QaLdnwvtxbs,belief,434,speaker stand,0_0_95,0_0,1,0.003847414822429465,0.6515540605830769,0.8815192841430087,0.9877028660350318,0.006782041246918532
00829-QaLdnwvtxbs,belief,434,speaker stand,0_0_90,0_0,2,0.002523916885021659,0.9330309557315117,0.8720743076128528,0.9973005303875905,0.003110279761323699
00829-QaLdnwvtxbs,belief,434,speaker stand,0_1_45,0_1,3,0.0024877223215633406,0.8979178752806094,0.9212865160228453,0.998675842566233,0.003011244543881391
00829-QaLdnwvtxbs,belief,434,speaker stand,0_0_96,0_0,4,0.001719728123725379,0.9727348732674168,0.9464089698602887,0.9969490871851917,0.0018737579125676217
00829-QaLdnwvtxbs,belief,434,speaker stand,0_3_363,0_3,5,0.0010982849696539068,0.9602298195332268,0.9174539403344508,0.9995772869752615,0.0012472089021175804
00829-QaLdnwvtxbs,belief,435,spices,0_1_20,0_1,1,0.001232591028755508,0.9429041976052321,0.9577240798783183,0.9584469845375457,0.001424108016135942
00829-QaLdnwvtxbs,belief,435,spices,0_0_75,0_0,2,0.0007965420185374603,0.9711026629510843,0.91942287731796,0.9967338657165301,0.0008950535616455584
00829-QaLdnwvtxbs,belief,435,spices,0_0_29,0_0,3,0.0006037064864875976,0.9745103120803833,0.9449438616336413,0.9837028875686332,0.0006664528793393852
00829-QaLdnwvtxbs,belief,435,spices,0_3_101,0_3,4,0.00027236830593215775,0.9791525103858175,0.975724896192237,0.6132452325871574,0.00046488406593218115
00829-QaLdnwvtxbs,belief,435,spices,0_3_145,0_3,5,0.00026921550195333936,0.9842710214791858,0.9367794637484924,0.9975332017347288,0.0002926985990438537
00829-QaLdnwvtxbs,belief,436,sponge,0_3_179,0_3,1,0.1765290058321097,0.9724847239132388,0.9382852760785485,0.7446113513227317,0.25981769974619245
00829-QaLdnwvtxbs,belief,436,sponge,0_3_29,0_3,2,0.10360675921964219,0.9822193293802927,0.9398605173647284,0.9735572833056979,0.11528019356759592
00829-QaLdnwvtxbs,belief,436,sponge,0_0_77,0_0,3,0.01160940880030851,0.9548168082128237,0.8912423107460249,0.9643078978214618,0.014147461768144185
00829-QaLdnwvtxbs,belief,436,sponge,0_3_73,0_3,4,0.008290110457595439,0.9854319304914134,0.941852970572902,0.5402934593739244,0.016531827488696287
00829-QaLdnwvtxbs,belief,436,sponge,0_3_11,0_3,5,0.005136739225980562,0.8894486994548881,0.9071771840028413,0.8797349768554308,0.007236401186237134
00829-QaLdnwvtxbs,belief,437,spray can,0_2_132,0_2,1,0.0802460659624728,0.8174735053777695,0.9414269692541382,0.9949100102681608,0.10480442715559583
00829-QaLdnwvtxbs,belief,437,spray can,0_1_69,0_1,2,0.00869588118595407,0.835577734708786,0.970699057137362,0.9951126082079284,0.010773824618609786
00829-QaLdnwvtxbs,belief,437,spray can,0_2_80,0_2,3,0.004359940212743546,0.9724949253906023,0.9432373428086318,0.996184532950654,0.004771252598275235
00829-QaLdnwvtxbs,belief,437,spray can,0_2_71,0_2,4,0.004143203047717364,0.9601071541173409,0.8761167328879654,0.9975666810619327,0.004937562449125672
00829-QaLdnwvtxbs,belief,437,spray can,0_2_61,0_2,5,0.004046213220421274,0.9853296402427886,0.9425637664070419,0.9831661303264686,0.004431283827360108
00829-QaLdnwvtxbs,belief,438,sprinkler,0_4_82,0_4,1,0.00020303035973770838,0.9921106015443804,0.9635382904444146,0.9835741109117667,0.00021593588788949272
00829-QaLdnwvtxbs,belief,438,sprinkler,0_2_123,0_2,2,0.00020176556300030457,0.951584882851394,0.9387279260326242,0.9936616410337636,0.00022731141576947465
00829-QaLdnwvtxbs,belief,438,sprinkler,0_4_83,0_4,3,0.0001566949412596501,0.9789907316329346,0.9578645280400937,0.9881564908472473,0.00016910115633017754
00829-QaLdnwvtxbs,belief,438,sprinkler,0_4_35,0_4,4,0.00014399231354520536,0.9289367587313717,0.9085533132636621,0.9894260921831448,0.0001724326035360458
00829-QaLdnwvtxbs,belief,438,sprinkler,0_2_129,0_2,5,0.00011279401391520557,0.932868864342925,0.9496692699394691,0.9952873953330658,0.00012792180082040234
00829-QaLdnwvtxbs,belief,439,square,0_4_82,0_4,1,0.06570197310681036,0.9921106015443804,0.9635382904444146,0.9835741109117667,0.06987828774592705
00829-QaLdnwvtxbs,belief,439,square,0_4_77,0_4,2,0.034526885922068665,0.9743037800792427,0.9274315353125091,0.9934370657310224,0.03846279175313048
00829-QaLdnwvtxbs,belief,439,square,0_4_35,0_4,3,0.030330537154632707,0.9289367587313717,0.9085533132636621,0.9894260921831448,0.036321199093576444
00829-QaLdnwvtxbs,belief,439,square,0_4_80,0_4,4,0.030280303806174837,0.9377688040936387,0.925636189829633,0.995983479744168,0.035024503370702835
00829-QaLdnwvtxbs,belief,439,square,0_4_83,0_4,5,0.025269608999690624,0.9789907316329346,0.9578645280400937,0.9881564908472473,0.027270313052279116
00829-QaLdnwvtxbs,belief,440,stack,0_1_43,0_1,1,0.10865449830315731,0.9263140429280267,0.9817682153820861,0.974780379492114,0.12256704508540726
00829-QaLdnwvtxbs,belief,440,stack,0_0_88,0_0,2,0.07052533970342449,0.9259068029673249,0.9427654079358601,0.9826918636212066,0.08221610771228952
00829-QaLdnwvtxbs,belief,440,stack,0_0_75,0_0,3,0.04821849395422549,0.9711026629510843,0.91942287731796,0.9967338657165301,0.054181868308915436
00829-QaLdnwvtxbs,belief,440,stack,0_1_92,0_1,4,0.04323239491182777,0.9137356443703174,0.9364677343132983,0.9984421480096523,0.050602619971303824
00829-QaLdnwvtxbs,belief,440,stack,0_4_89,0_4,5,0.029664600688805647,0.9741504868424059,0.9130065368218215,0.9894103837899656,0.033710260138406424
00829-QaLdnwvtxbs,belief,441,stack of books / papers,0_0_83,0_0,1,0.007050135553581335,0.978057612933467,0.9414887342891158,0.8981877143251216,0.008524144268241706
00829-QaLdnwvtxbs,belief,441,stack of books / papers,0_1_92,0_1,2,0.005869447308973177,0.9137356443703174,0.9364677343132983,0.9984421480096523,0.006870066121095317
00829-QaLdnwvtxbs,belief,441,stack of books / papers,0_1_43,0_1,3,0.005315648119615509,0.9263140429280267,0.9817682153820861,0.974780379492114,0.0059962844880775855
00829-QaLdnwvtxbs,belief,441,stack of books / papers,0_1_23,0_1,4,0.0030247454980000307,0.9336349397424669,0.9184286576364036,0.9992731641818299,0.0035300600394313235
00829-QaLdnwvtxbs,belief,441,stack of books / papers,0_1_54,0_1,5,0.0020793488246501736,0.7939433842374567,0.9999999999999999,0.9988485492458233,0.002622033124542542
00829-QaLdnwvtxbs,belief,442,stack of stuff,0_1_43,0_1,1,0.4148378661406697,0.9263140429280267,0.9817682153820861,0.974780379492114,0.4679553284626425
00829-QaLdnwvtxbs,belief,442,stack of stuff,0_2_79,0_2,2,0.23837847067584894,0.9708657863340816,0.9319677390333537,0.991840751321489,0.26562258904199276
00829-QaLdnwvtxbs,belief,442,stack of stuff,0_3_145,0_3,3,0.08381293783370321,0.9842710214791858,0.9367794637484924,0.9975332017347288,0.09112376259048569
00829-QaLdnwvtxbs,belief,442,stack of stuff,0_0_29,0_0,4,0.06651099477075655,0.9745103120803833,0.9449438616336413,0.9837028875686332,0.0734238325491441
00829-QaLdnwvtxbs,belief,442,stack of stuff,0_0_75,0_0,5,0.058290030205683144,0.9711026629510843,0.91942287731796,0.9967338657165301,0.06549899180437305
00829-QaLdnwvtxbs,belief,443,stack of yarns,0_1_43,0_1,1,0.003290474720235169,0.9263140429280267,0.9817682153820861,0.974780379492114,0.00371179996857744
00829-QaLdnwvtxbs,belief,443,stack of yarns,0_2_79,0_2,2,0.0013562551019240408,0.9708657863340816,0.9319677390333537,0.991840751321489,0.0015112606040012407
00829-QaLdnwvtxbs,belief,443,stack of yarns,0_1_20,0_1,3,0.00027876403123080736,0.9429041976052321,0.9577240798783183,0.9584469845375457,0.0003220777064124716
00829-QaLdnwvtxbs,belief,443,stack of yarns,0_2_66,0_2,4,0.00021045805241652203,0.970324709402946,0.9290128585169263,0.9912809958219424,0.00023552117040634055
00829-QaLdnwvtxbs,belief,443,stack of yarns,0_4_89,0_4,5,0.00020251341905789952,0.9741504868424059,0.9130065368218215,0.9894103837899656,0.00023013220739344343
00829-QaLdnwvtxbs,belief,444,stage,0_1_50,0_1,1,0.0002961579082461575,0.940958428828277,0.9434665705622436,0.9895452993633691,0.00033712479890140516
00829-QaLdnwvtxbs,belief,444,stage,0_0_102,0_0,2,0.0002647118118972332,0.9647081651508119,0.9196356892104713,0.9921487403781908,0.0003007355464236243
00829-QaLdnwvtxbs,belief,444,stage,0_3_342,0_3,3,0.00024534481561400026,0.969762212668559,0.9604775740539282,0.9881189215028591,0.00026657240058161207
00829-QaLdnwvtxbs,belief,444,stage,0_4_80,0_4,4,0.00023306020869778631,0.9377688040936387,0.925636189829633,0.995983479744168,0.0002695751706245345
00829-QaLdnwvtxbs,belief,444,stage,0_0_29,0_0,5,0.00023029778399850427,0.9745103120803833,0.9449438616336413,0.9837028875686332,0.0002542338449007804
00829-QaLdnwvtxbs,belief,445,stained glass,0_1_22,0_1,1,0.01804380223882785,0.9849128855890671,0.9134272445020042,0.9853780693376282,0.020354169454748383
00829-QaLdnwvtxbs,belief,445,stained glass,0_1_18,0_1,2,0.0026362244670277376,0.9781672645982726,0.966372649486807,0.9991580039312856,0.0027911968104974683
00829-QaLdnwvtxbs,belief,445,stained glass,0_4_46,0_4,3,0.0003190457738141585,0.9665776528576644,0.9350894421027721,0.978799270881785,0.0003606363139087621
00829-QaLdnwvtxbs,belief,445,stained glass,0_2_164,0_2,4,0.0002943408919962552,0.955928448287553,0.9241800773116434,0.9662683808354755,0.0003448028483787907
00829-QaLdnwvtxbs,belief,445,stained glass,0_1_29,0_1,5,0.0002586732353335582,0.9801348571012872,0.9082320948362044,0.9995834925122363,0.00029070315169874874
00829-QaLdnwvtxbs,belief,446,stand,0_3_219,0_3,1,0.008125654523759664,0.9805473042953581,0.9294563411150665,0.999334656470586,0.008921746107168378
00829-QaLdnwvtxbs,belief,446,stand,0_1_43,0_1,2,0.006736104631763269,0.9263140429280267,0.9817682153820861,0.974780379492114,0.007598621805769804
00829-QaLdnwvtxbs,belief,446,stand,0_3_214,0_3,3,0.0049252831109883495,0.980349579623767,0.9265913540702199,0.9993954649021487,0.0054253106975091885
00829-QaLdnwvtxbs,belief,446,stand,0_0_95,0_0,4,0.0047322838187686895,0.6515540605830769,0.8815192841430087,0.9877028660350318,0.008341846546910212
00829-QaLdnwvtxbs,belief,446,stand,0_4_89,0_4,5,0.0025399116540200948,0.9741504868424059,0.9130065368218215,0.9894103837899656,0.0028863049087964917
00829-QaLdnwvtxbs,belief,447,star,0_1_43,0_1,1,0.08756749437559057,0.9263140429280267,0.9817682153820861,0.974780379492114,0.09877997872856846
00829-QaLdnwvtxbs,belief,447,star,0_4_82,0_4,2,0.05686232901643698,0.9921106015443804,0.9635382904444146,0.9835741109117667,0.06047675588759893
00829-QaLdnwvtxbs,belief,447,star,0_3_83,0_3,3,0.03462127587818407,0.9828181131851393,0.9219149879587536,0.9601051810237284,0.03979790655395994
00829-QaLdnwvtxbs,belief,447,star,0_4_64,0_4,4,0.0267113117936987,0.9765437719238753,0.9579729983038123,0.9974380973179152,0.028626238278850347
00829-QaLdnwvtxbs,belief,447,star,0_0_75,0_0,5,0.02437096306625353,0.9711026629510843,0.91942287731796,0.9967338657165301,0.02738501772101647
00829-QaLdnwvtxbs,belief,448,stationery,0_4_100,0_4,1,0.013005181825944559,0.9845428940661991,0.9292253720092198,0.9925254914494402,0.014322507463554797
00829-QaLdnwvtxbs,belief,448,stationery,0_1_43,0_1,2,0.002893957824719142,0.9263140429280267,0.9817682153820861,0.974780379492114,0.003264511499449914
00829-QaLdnwvtxbs,belief,448,stationery,0_4_89,0_4,3,0.002187999893380765,0.9741504868424059,0.9130065368218215,0.9894103837899656,0.002486399407914658
00829-QaLdnwvtxbs,belief,448,stationery,0_3_78,0_3,4,0.0008819049610266824,0.8606472224178199,0.8872451684772089,0.991448377036202,0.0011648844956413423
00829-QaLdnwvtxbs,belief,448,stationery,0_4_66,0_4,5,0.0008739556024591282,0.9934138665305371,0.9595046633383428,0.996896651123555,0.0009197333321172653
00829-QaLdnwvtxbs,belief,449,steel plate,0_3_117,0_3,1,0.14009581635661186,0.9709534859178668,0.9097389018378834,0.9726812811172267,0.163056988339208
00829-QaLdnwvtxbs,belief,449,steel plate,0_3_84,0_3,2,0.02734095939720062,0.991945722962777,0.9280513961817156,0.994164705684942,0.029874144087466886
00829-QaLdnwvtxbs,belief,449,steel plate,0_3_15,0_3,3,0.023161134246221786,0.9379746279397578,0.8883633182077133,0.9969162312571535,0.02788171272984818
00829-QaLdnwvtxbs,belief,449,steel plate,0_3_14,0_3,4,0.022997525103549913,0.9225542199740209,0.9281350132047579,0.9945880701645428,0.027004416629358218
00829-QaLdnwvtxbs,belief,449,steel plate,0_1_36,0_1,5,0.01595711266807546,0.9277219270759537,0.9466394087122434,0.9941348609605608,0.018277071317898057
00829-QaLdnwvtxbs,belief,450,step stool,0_3_125,0_3,1,0.027975036827132035,0.9600732823851363,0.9134418360848284,0.9997412822832743,0.031907865925265406
00829-QaLdnwvtxbs,belief,450,step stool,0_3_219,0_3,2,0.026234281163716115,0.9805473042953581,0.9294563411150665,0.999334656470586,0.028804522166474
00829-QaLdnwvtxbs,belief,450,step stool,0_0_23,0_0,3,0.018411653658128715,0.9288184638534274,0.8873351878353805,0.9993503914118206,0.022354062749881238
00829-QaLdnwvtxbs,belief,450,step stool,0_3_214,0_3,4,0.016875114255825892,0.980349579623767,0.9265913540702199,0.9993954649021487,0.018588319865220956
00829-QaLdnwvtxbs,belief,450,step stool,0_0_50,0_0,5,0.014040961687908166,0.9365806639274217,0.9260460164832961,0.994398786133444,0.016280154182250945
00829-QaLdnwvtxbs,belief,451,stick,0_3_286,0_3,1,0.7773949331654963,0.9854987627596394,0.9140244772902724,0.9979046494031725,0.8648459382163429
00829-QaLdnwvtxbs,belief,451,stick,0_1_32,0_1,2,0.5482334714126252,0.9754029492268419,0.9067709385938889,0.9965741552453404,0.6219769204177205
00829-QaLdnwvtxbs,belief,451,stick,0_3_177,0_3,3,0.43229404774015806,0.9766247625057128,0.9179685651540588,0.9893945082369284,0.4873648674841214
00829-QaLdnwvtxbs,belief,451,stick,0_0_32,0_0,4,0.38289177129753355,0.9949106973830635,0.8973991163111548,0.9798330992486709,0.4376774676436098
00829-QaLdnwvtxbs,belief,451,stick,0_2_137,0_2,5,0.34453910834826146,0.9809784377653766,0.9795393967234436,0.9886458723517383,0.3626739802165342
00829-QaLdnwvtxbs,belief,452,stone,0_4_82,0_4,1,0.46225971607998606,0.9921106015443804,0.9635382904444146,0.9835741109117667,0.49164303484577604
00829-QaLdnwvtxbs,belief,452,stone,0_1_43,0_1,2,0.3972659235109461,0.9263140429280267,0.9817682153820861,0.974780379492114,0.44813340559547904
00829-QaLdnwvtxbs,belief,452,stone,0_3_11,0_3,3,0.30785651909291506,0.8894486994548881,0.9071771840028413,0.8797349768554308,0.4336940580294967
00829-QaLdnwvtxbs,belief,452,stone,0_4_35,0_4,4,0.2901488143671424,0.9289367587313717,0.9085533132636621,0.9894260921831448,0.34745684851098874
00829-QaLdnwvtxbs,belief,452,stone,0_4_83,0_4,5,0.27536640405831725,0.9789907316329346,0.9578645280400937,0.9881564908472473,0.2971683512333978
00829-QaLdnwvtxbs,belief,453,stonework,0_1_95,0_1,1,0.00917847757125162,0.9697663221423358,0.9388708675511596,0.8264633294352364,0.012197591962847662
00829-QaLdnwvtxbs,belief,453,stonework,0_4_10,0_4,2,0.0028654704179094806,0.967757764924951,0.9685885529234906,0.9978803835151067,0.0030634545913203965
00829-QaLdnwvtxbs,belief,453,stonework,0_1_43,0_1,3,0.0014113411455672477,0.9263140429280267,0.9817682153820861,0.974780379492114,0.0015920547839352968
00829-QaLdnwvtxbs,belief,453,stonework,0_4_81,0_4,4,0.0013479999103366168,0.995218055397272,0.9115633860577628,0.9985237360186267,0.0014880802438675892
00829-QaLdnwvtxbs,belief,453,stonework,0_4_13,0_4,5,0.0006274589962559497,0.9562819616467346,0.915392639842113,0.9969242632919004,0.0007190015132589865
00829-QaLdnwvtxbs,belief,454,stool,0_3_29,0_3,1,0.4001277229441633,0.9822193293802927,0.9398605173647284,0.9735572833056979,0.4452103482454997
00829-QaLdnwvtxbs,belief,454,stool,0_1_12,0_1,2,0.19062185033879878,0.9919039778951515,0.9229958065767201,0.9990166488784538,0.20841577857462723
00829-QaLdnwvtxbs,belief,454,stool,0_3_125,0_3,3,0.19049595315871648,0.9600732823851363,0.9134418360848284,0.9997412822832743,0.21727654445118763
00829-QaLdnwvtxbs,belief,454,stool,0_3_219,0_3,4,0.09492868731373957,0.9805473042953581,0.9294563411150665,0.999334656470586,0.1042290985942747
00829-QaLdnwvtxbs,belief,454,stool,0_3_214,0_3,5,0.09033508962154749,0.980349579623767,0.9265913540702199,0.9993954649021487,0.09950614351301441
00829-QaLdnwvtxbs,belief,455,storage,0_3_160,0_3,1,0.3679960033759849,0.9780740607453371,0.9179881968740915,0.9967716682331297,0.4111862450189123
00829-QaLdnwvtxbs,belief,455,storage,0_3_2,0_3,2,0.31171680949151104,0.96202025747023,0.9306575012087376,0.997128376461631,0.3491684921653793
00829-QaLdnwvtxbs,belief,455,storage,0_3_223,0_3,3,0.3022868060773325,0.8971420836970126,0.8970568865704479,0.9967279883750552,0.3768437566681797
00829-QaLdnwvtxbs,belief,455,storage,0_4_97,0_4,4,0.2609327438591537,0.9818021404441597,0.9427310769671773,0.9892209815654808,0.2849859592083417
00829-QaLdnwvtxbs,belief,455,storage,0_3_222,0_3,5,0.19144654394732388,0.960038078952136,0.9443246401611358,0.997694333297128,0.21166070782742458
00829-QaLdnwvtxbs,belief,456,strings,0_2_178,0_2,1,0.0059333862613184605,0.9830488621452709,0.9638973514160047,0.9822477923093185,0.006374933642983222
00829-QaLdnwvtxbs,belief,456,strings,0_1_43,0_1,2,0.004519956424604581,0.9263140429280267,0.9817682153820861,0.974780379492114,0.005098709317426278
00829-QaLdnwvtxbs,belief,456,strings,0_3_197,0_3,3,0.004407791757410282,0.9163067116456873,0.9154687770375345,0.9558738336589385,0.005497131051531291
00829-QaLdnwvtxbs,belief,456,strings,0_0_44,0_0,4,0.004351840524496602,0.9759516825253258,0.9373071671626458,0.9837026244798995,0.004836140248449117
00829-QaLdnwvtxbs,belief,456,strings,0_1_20,0_1,5,0.003177199890239819,0.9429041976052321,0.9577240798783183,0.9584469845375457,0.003670865459020194
00829-QaLdnwvtxbs,belief,457,stroke,0_1_20,0_1,1,0.0027579902215604233,0.9429041976052321,0.9577240798783183,0.9584469845375457,0.003186520014602362
00829-QaLdnwvtxbs,belief,457,stroke,0_1_43,0_1,2,0.00261334512453684,0.9263140429280267,0.9817682153820861,0.974780379492114,0.002947968051991166
00829-QaLdnwvtxbs,belief,457,stroke,0_0_52,0_0,3,0.0022775902829307486,0.933646003405253,0.8912960839978241,0.9935658633738268,0.0027547024713419754
00829-QaLdnwvtxbs,belief,457,stroke,0_4_82,0_4,4,0.0021726839850956777,0.9921106015443804,0.9635382904444146,0.9835741109117667,0.002310789608170016
00829-QaLdnwvtxbs,belief,457,stroke,0_3_83,0_3,5,0.002098656853001604,0.9828181131851393,0.9219149879587536,0.9601051810237284,0.0024124515115635983
00829-QaLdnwvtxbs,belief,458,sunbed,0_3_84,0_3,1,0.0035294082324544515,0.991945722962777,0.9280513961817156,0.994164705684942,0.0038564136886371173
00829-QaLdnwvtxbs,belief,458,sunbed,0_2_66,0_2,2,0.0030276049715718747,0.970324709402946,0.9290128585169263,0.9912809958219424,0.0033881576791436854
00829-QaLdnwvtxbs,belief,458,sunbed,0_3_117,0_3,3,0.0026122140744475573,0.9709534859178668,0.9097389018378834,0.9726812811172267,0.0030403460356909365
00829-QaLdnwvtxbs,belief,458,sunbed,0_2_158,0_2,4,0.0016137853578026007,0.9637888079243048,0.9288763315469857,0.9994802560258006,0.0018035649042452166
00829-QaLdnwvtxbs,belief,458,sunbed,0_4_66,0_4,5,0.001433143076963091,0.9934138665305371,0.9595046633383428,0.996896651123555,0.0015082110050752804
00829-QaLdnwvtxbs,belief,459,support,0_3_89,0_3,1,0.004453040245569165,0.9609770616520811,0.9269835072588539,0.9464790079479019,0.005281540391488909
00829-QaLdnwvtxbs,belief,459,support,0_1_43,0_1,2,0.0044145415507464356,0.9263140429280267,0.9817682153820861,0.974780379492114,0.00497979671096617
00829-QaLdnwvtxbs,belief,459,support,0_3_102,0_3,3,0.0036061834098631523,0.9890625174500584,0.9503735847205539,0.9591355314739043,0.003999905497970992
00829-QaLdnwvtxbs,belief,459,support,0_3_320,0_3,4,0.0024858023025940484,0.9656791550601049,0.9356110115707603,0.9685401433250899,0.0028406699607516433
00829-QaLdnwvtxbs,belief,459,support,0_4_1,0_4,5,0.0021680532018060255,0.8925236130006884,0.8637943796135312,0.9730540570878572,0.002890033511287192
00829-QaLdnwvtxbs,belief,460,surface,0_4_82,0_4,1,0.21703758690414715,0.9921106015443804,0.9635382904444146,0.9835741109117667,0.2308334777817743
00829-QaLdnwvtxbs,belief,460,surface,0_4_8,0_4,2,0.1446367753211642,0.9651949381256641,0.8947576037307547,0.990038378433478,0.1691633461225579
00829-QaLdnwvtxbs,belief,460,surface,0_4_35,0_4,3,0.10807068452696693,0.9289367587313717,0.9085533132636621,0.9894260921831448,0.12941600173024007
00829-QaLdnwvtxbs,belief,460,surface,0_2_137,0_2,4,0.1074753401560683,0.9809784377653766,0.9795393967234436,0.9886458723517383,0.11313232212271115
00829-QaLdnwvtxbs,belief,460,surface,0_3_102,0_3,5,0.10444410685668669,0.9890625174500584,0.9503735847205539,0.9591355314739043,0.11584728500056639
00829-QaLdnwvtxbs,belief,461,surfboard,0_2_137,0_2,1,0.007609413857324856,0.9809784377653766,0.9795393967234436,0.9886458723517383,0.008009936590308069
00829-QaLdnwvtxbs,belief,461,surfboard,0_2_161,0_2,2,0.006220139037542692,0.9163165887196858,0.8836883189233198,0.9834626365607408,0.0078108368095787875
00829-QaLdnwvtxbs,belief,461,surfboard,0_3_177,0_3,3,0.0036065925311056526,0.9766247625057128,0.9179685651540588,0.9893945082369284,0.0040660437037709505
00829-QaLdnwvtxbs,belief,461,surfboard,0_3_83,0_3,4,0.0029766937146539735,0.9828181131851393,0.9219149879587536,0.9601051810237284,0.0034217739032029125
00829-QaLdnwvtxbs,belief,461,surfboard,0_3_350,0_3,5,0.002403558278979303,0.9650946200437517,0.9117543979222549,0.9938245524237505,0.0027485090648363703
00829-QaLdnwvtxbs,belief,462,swing,0_3_197,0_3,1,0.0011180225679510542,0.9163067116456873,0.9154687770375345,0.9558738336589385,0.0013943300665835935
00829-QaLdnwvtxbs,belief,462,swing,0_3_127,0_3,2,0.001081407238927675,0.8152816925250309,0.9704650662534141,0.9963134888116724,0.001371846960410172
00829-QaLdnwvtxbs,belief,462,swing,0_2_165,0_2,3,0.0005869458586990066,0.9699197729809437,0.9602325145987616,0.9720523142670042,0.0006483300977084375
00829-QaLdnwvtxbs,belief,462,swing,0_3_83,0_3,4,0.0005864023628400213,0.9828181131851393,0.9219149879587536,0.9601051810237284,0.0006740822181551724
00829-QaLdnwvtxbs,belief,462,swing,0_3_320,0_3,5,0.00048295075889506875,0.9656791550601049,0.9356110115707603,0.9685401433250899,0.0005518957448401214
00829-QaLdnwvtxbs,belief,463,switch,0_2_86,0_2,1,0.8291495624809336,0.9829763059568757,0.9475881391642806,0.9994426442085459,0.89066079148554
00829-QaLdnwvtxbs,belief,463,switch,0_3_351,0_3,2,0.6353829922034044,0.9474742531776427,0.9589728395221819,0.999023676111871,0.6999807237731777
00829-QaLdnwvtxbs,belief,463,switch,0_2_11,0_2,3,0.20063416441175247,0.8698852052932774,0.9085680348125049,0.9993977163754069,0.25400784901624235
00829-QaLdnwvtxbs,belief,463,switch,0_0_21,0_0,4,0.19742314190340235,0.9143228871071781,0.9488101997950833,0.9960265922869888,0.22847999989358417
00829-QaLdnwvtxbs,belief,463,switch,0_3_213,0_3,5,0.070224558670981,0.9785065565059805,0.9341100228973911,0.9912791734333682,0.07750527555646634
00829-QaLdnwvtxbs,belief,464,table,0_3_270,0_3,1,0.17146558898894992,0.9676155821883293,0.9093444942507483,0.9997072207920171,0.19492738268124846
00829-QaLdnwvtxbs,belief,464,table,0_3_15,0_3,2,0.1435974247663187,0.9379746279397578,0.8883633182077133,0.9969162312571535,0.1728646837204704
00829-QaLdnwvtxbs,belief,464,table,0_3_14,0_3,3,0.11555405607814834,0.9225542199740209,0.9281350132047579,0.9945880701645428,0.13568720370979673
00829-QaLdnwvtxbs,belief,464,table,0_3_335,0_3,4,0.11018164908046592,0.8856472801829713,0.9096125219937234,0.997990631001204,0.13704575264658325
00829-QaLdnwvtxbs,belief,464,table,0_3_214,0_3,5,0.05368201521611219,0.980349579623767,0.9265913540702199,0.9993954649021487,0.05913195340305655
00829-QaLdnwvtxbs,belief,465,table cloth,0_3_94,0_3,1,0.030110390342010147,0.9057604646488226,0.9294885230117531,0.9958992379815265,0.035912330861655864
00829-QaLdnwvtxbs,belief,465,table cloth,0_3_342,0_3,2,0.009185566218350297,0.969762212668559,0.9604775740539282,0.9881189215028591,0.009980314568290684
00829-QaLdnwvtxbs,belief,465,table cloth,0_3_65,0_3,3,0.006498382328027359,0.974792348784285,0.9323554082213724,0.9740448142387003,0.007340619526132051
00829-QaLdnwvtxbs,belief,465,table cloth,0_3_14,0_3,4,0.004233073895580613,0.9225542199740209,0.9281350132047579,0.9945880701645428,0.004970608384354977
00829-QaLdnwvtxbs,belief,465,table cloth,0_3_15,0_3,5,0.004004951073240862,0.9379746279397578,0.8883633182077133,0.9969162312571535,0.004821218776857376
00829-QaLdnwvtxbs,belief,466,table pad,0_3_94,0_3,1,0.4530466330344201,0.9057604646488226,0.9294885230117531,0.9958992379815265,0.5403437284103011
00829-QaLdnwvtxbs,belief,466,table pad,0_3_335,0_3,2,0.09015919063234104,0.8856472801829713,0.9096125219937234,0.997990631001204,0.11214148854490633
00829-QaLdnwvtxbs,belief,466,table pad,0_2_158,0_2,3,0.08547778228272826,0.9637888079243048,0.9288763315469857,0.9994802560258006,0.09552988411529498
00829-QaLdnwvtxbs,belief,466,table pad,0_3_78,0_3,4,0.07979810531776539,0.8606472224178199,0.8872451684772089,0.991448377036202,0.10540316675166934
00829-QaLdnwvtxbs,belief,466,table pad,0_3_15,0_3,5,0.077995614151845,0.9379746279397578,0.8883633182077133,0.9969162312571535,0.0938922629976366
00829-QaLdnwvtxbs,belief,467,table stand,0_3_270,0_3,1,0.6281445281003031,0.9676155821883293,0.9093444942507483,0.9997072207920171,0.714094119584722
00829-QaLdnwvtxbs,belief,467,table stand,0_3_214,0_3,2,0.6127201406565087,0.980349579623767,0.9265913540702199,0.9993954649021487,0.6749250873044798
00829-QaLdnwvtxbs,belief,467,table stand,0_3_219,0_3,3,0.46824000349707184,0.9805473042953581,0.9294563411150665,0.999334656470586,0.5141146988473748
00829-QaLdnwvtxbs,belief,467,table stand,0_3_342,0_3,4,0.14684580597121058,0.969762212668559,0.9604775740539282,0.9881189215028591,0.1595511154989063
00829-QaLdnwvtxbs,belief,467,table stand,0_3_17,0_3,5,0.10671473572059806,0.9790611097877775,0.9196359163644019,0.996402770163139,0.1189498072773146
00829-QaLdnwvtxbs,belief,468,table tennis table,0_3_14,0_3,1,0.0011176842258515411,0.9225542199740209,0.9281350132047579,0.9945880701645428,0.0013124199390610839
00829-QaLdnwvtxbs,belief,468,table tennis table,0_3_117,0_3,2,0.001041462754567444,0.9709534859178668,0.9097389018378834,0.9726812811172267,0.0012121545428234236
00829-QaLdnwvtxbs,belief,468,table tennis table,0_3_94,0_3,3,0.0008508534531540681,0.9057604646488226,0.9294885230117531,0.9958992379815265,0.0010148035404848026
00829-QaLdnwvtxbs,belief,468,table tennis table,0_3_342,0_3,4,0.0006100372378828805,0.969762212668559,0.9604775740539282,0.9881189215028591,0.0006628185337425803
00829-QaLdnwvtxbs,belief,468,table tennis table,0_3_335,0_3,5,0.000504109371608361,0.8856472801829713,0.9096125219937234,0.997990631001204,0.0006270195520291248
00829-QaLdnwvtxbs,belief,469,tablet,0_3_94,0_3,1,0.03433364814218031,0.9057604646488226,0.9294885230117531,0.9958992379815265,0.04094936391606211
00829-QaLdnwvtxbs,belief,469,tablet,0_3_117,0_3,2,0.028326528429913317,0.9709534859178668,0.9097389018378834,0.9726812811172267,0.03296913880803859
00829-QaLdnwvtxbs,belief,469,tablet,0_4_66,0_4,3,0.011477102105487883,0.9934138665305371,0.9595046633383428,0.996896651123555,0.012078271862813662
00829-QaLdnwvtxbs,belief,469,tablet,0_2_66,0_2,4,0.010818222229208719,0.970324709402946,0.9290128585169263,0.9912809958219424,0.012106547275732099
00829-QaLdnwvtxbs,belief,469,tablet,0_1_36,0_1,5,0.008319223041046294,0.9277219270759537,0.9466394087122434,0.9941348609605608,0.00952873091727329
00829-QaLdnwvtxbs,belief,470,tambourine,0_3_101,0_3,1,0.0041635847686642535,0.9791525103858175,0.975724896192237,0.6132452325871574,0.007106495777787224
00829-QaLdnwvtxbs,belief,470,tambourine,0_3_272,0_3,2,0.0037521560819720368,0.9716149406874195,0.9312918124539873,0.8740281414346984,0.004744336784939728
00829-QaLdnwvtxbs,belief,470,tambourine,0_3_277,0_3,3,0.0018950501319625632,0.9584286383279857,0.8930122431747622,0.7984749493913051,0.0027729511097400236
00829-QaLdnwvtxbs,belief,470,tambourine,0_3_73,0_3,4,0.0016461640718772156,0.9854319304914134,0.941852970572902,0.5402934593739244,0.0032827186795117156
00829-QaLdnwvtxbs,belief,470,tambourine,0_3_179,0_3,5,0.0007240670918758473,0.9724847239132388,0.9382852760785485,0.7446113513227317,0.0010656914164690696
00829-QaLdnwvtxbs,belief,471,tea set,0_0_29,0_0,1,4.499071575587962e-05,0.9745103120803833,0.9449438616336413,0.9837028875686332,4.9666837660625015e-05
00829-QaLdnwvtxbs,belief,471,tea set,0_3_145,0_3,2,3.499675641434658e-05,0.9842710214791858,0.9367794637484924,0.9975332017347288,3.804944923020687e-05
00829-QaLdnwvtxbs,belief,471,tea set,0_1_20,0_1,3,1.51249427254166e-05,0.9429041976052321,0.9577240798783183,0.9584469845375457,1.747501943171719e-05
00829-QaLdnwvtxbs,belief,471,tea set,0_3_101,0_3,4,8.352034926604864e-06,0.9791525103858175,0.975724896192237,0.6132452325871574,1.425543233526876e-05
00829-QaLdnwvtxbs,belief,471,tea set,0_3_342,0_3,5,8.000572956523419e-06,0.969762212668559,0.9604775740539282,0.9881189215028591,8.692793991637424e-06
00829-QaLdnwvtxbs,belief,472,telescope,0_3_83,0_3,1,0.011846721343777487,0.9828181131851393,0.9219149879587536,0.9601051810237284,0.013618062796684796
00829-QaLdnwvtxbs,belief,472,telescope,0_2_164,0_2,2,0.00308882027557546,0.955928448287553,0.9241800773116434,0.9662683808354755,0.003618369238216924
00829-QaLdnwvtxbs,belief,472,telescope,0_1_43,0_1,3,0.0025053378558938916,0.9263140429280267,0.9817682153820861,0.974780379492114,0.0028261311103822124
00829-QaLdnwvtxbs,belief,472,telescope,0_2_165,0_2,4,0.002000224093599297,0.9699197729809437,0.9602325145987616,0.9720523142670042,0.0022094124403849343
00829-QaLdnwvtxbs,belief,472,telescope,0_2_132,0_2,5,0.0010466578749666643,0.8174735053777695,0.9414269692541382,0.9949100102681608,0.001366975161935954
00829-QaLdnwvtxbs,belief,473,tennis racket,0_2_164,0_2,1,0.0003156884904521987,0.955928448287553,0.9241800773116434,0.9662683808354755,0.0003698102902728977
00829-QaLdnwvtxbs,belief,473,tennis racket,0_1_20,0_1,2,0.0002625579049530119,0.9429041976052321,0.9577240798783183,0.9584469845375457,0.00030335351176534524
00829-QaLdnwvtxbs,belief,473,tennis racket,0_2_71,0_2,3,0.00017345718156199394,0.9601071541173409,0.8761167328879654,0.9975666810619327,0.00020671341866373812
00829-QaLdnwvtxbs,belief,473,tennis racket,0_2_132,0_2,4,0.0001424925444519107,0.8174735053777695,0.9414269692541382,0.9949100102681608,0.00018610070557489527
00829-QaLdnwvtxbs,belief,473,tennis racket,0_2_178,0_2,5,7.077363097127708e-05,0.9830488621452709,0.9638973514160047,0.9822477923093185,7.604042299693755e-05
00829-QaLdnwvtxbs,belief,474,tent,0_0_34,0_0,1,0.005130456264988018,0.9612707408690694,0.9388840210295921,0.9844560060496962,0.005774335393253934
00829-QaLdnwvtxbs,belief,474,tent,0_0_35,0_0,2,0.0028350490283199806,0.9682283273765021,0.9523646014179328,0.9908101003000919,0.0031030524715406115
00829-QaLdnwvtxbs,belief,474,tent,0_1_43,0_1,3,0.0026292344667873313,0.9263140429280267,0.9817682153820861,0.974780379492114,0.002965891927747876
00829-QaLdnwvtxbs,belief,474,tent,0_2_61,0_2,4,0.0017696875683620302,0.9853296402427886,0.9425637664070419,0.9831661303264686,0.001938105451681171
00829-QaLdnwvtxbs,belief,474,tent,0_3_83,0_3,5,0.0007955564576254285,0.9828181131851393,0.9219149879587536,0.9601051810237284,0.0009145093806010504
00829-QaLdnwvtxbs,belief,475,thermometer,0_4_100,0_4,1,0.0014661725616974522,0.9845428940661991,0.9292253720092198,0.9925254914494402,0.0016146846494586283
00829-QaLdnwvtxbs,belief,475,thermometer,0_0_75,0_0,2,0.0007564214994634377,0.9711026629510843,0.91942287731796,0.9967338657165301,0.0008499711772181715
00829-QaLdnwvtxbs,belief,475,thermometer,0_0_25,0_0,3,0.0007485761964775282,0.8010731935501099,0.9737998604221256,0.9989405298680443,0.0009606262987598511
00829-QaLdnwvtxbs,belief,475,thermometer,0_2_80,0_2,4,0.000620371476990156,0.9724949253906023,0.9432373428086318,0.996184532950654,0.0006788966997376651
00829-QaLdnwvtxbs,belief,475,thermometer,0_4_66,0_4,5,0.0005266353695982252,0.9934138665305371,0.9595046633383428,0.996896651123555,0.0005542204912108624
00829-QaLdnwvtxbs,belief,476,thermostat,0_0_25,0_0,1,0.023827212429027134,0.8010731935501099,0.9737998604221256,0.9989405298680443,0.030576776276305454
00829-QaLdnwvtxbs,belief,476,thermostat,0_2_71,0_2,2,0.009549929143977188,0.9601071541173409,0.8761167328879654,0.9975666810619327,0.011380898061245414
00829-QaLdnwvtxbs,belief,476,thermostat,0_3_351,0_3,3,0.006472192336813207,0.9474742531776427,0.9589728395221819,0.999023676111871,0.007130203250500932
00829-QaLdnwvtxbs,belief,476,thermostat,0_0_45,0_0,4,0.004754057237933758,0.9192200150897122,0.9569546469240678,0.9995554901828028,0.005406879234993535
00829-QaLdnwvtxbs,belief,476,thermostat,0_3_88,0_3,5,0.004418751166460835,0.9857081498033481,0.9356065821482229,0.9988403382922301,0.004796913166200371
00829-QaLdnwvtxbs,belief,477,three,0_4_1,0_4,1,0.05075776077852974,0.8925236130006884,0.8637943796135312,0.9730540570878572,0.06766053041763596
00829-QaLdnwvtxbs,belief,477,three,0_2_86,0_2,2,0.04132314695014487,0.9829763059568757,0.9475881391642806,0.9994426442085459,0.044388742917699654
00829-QaLdnwvtxbs,belief,477,three,0_2_164,0_2,3,0.039384556399246394,0.955928448287553,0.9241800773116434,0.9662683808354755,0.0461366653355391
00829-QaLdnwvtxbs,belief,477,three,0_2_132,0_2,4,0.03261895800096426,0.8174735053777695,0.9414269692541382,0.9949100102681608,0.042601605034472564
00829-QaLdnwvtxbs,belief,477,three,0_2_77,0_2,5,0.031918668539518476,0.9931389569542629,0.9333977617992191,0.9960396514889327,0.03456936213416646
00829-QaLdnwvtxbs,belief,478,tile,0_4_61,0_4,1,0.9656366506284212,0.9944568333817697,0.9728707068272979,0.999978012551704,0.9981187793767464
00829-QaLdnwvtxbs,belief,478,tile,0_4_63,0_4,2,0.9561135056258973,0.9924507603171705,0.9661845284867596,0.9999832968049694,0.9971205328876687
00829-QaLdnwvtxbs,belief,478,tile,0_3_287,0_3,3,0.9519661557084752,0.979925851175441,0.9724675813149298,0.999983314033967,0.9989883143553796
00829-QaLdnwvtxbs,belief,478,tile,0_2_133,0_2,4,0.9495676741756809,0.9870814509819202,0.9687086431688221,0.9999451167321567,0.9931242630945649
00829-QaLdnwvtxbs,belief,478,tile,0_3_301,0_3,5,0.948543760801879,0.9871835922364329,0.9630661612017355,0.9999732200668882,0.9977344096011127
00829-QaLdnwvtxbs,belief,479,tire,0_4_97,0_4,1,0.06340984988332653,0.9818021404441597,0.9427310769671773,0.9892209815654808,0.0692550755608161
00829-QaLdnwvtxbs,belief,479,tire,0_2_61,0_2,2,0.049904477785637606,0.9853296402427886,0.9425637664070419,0.9831661303264686,0.05465379436957192
00829-QaLdnwvtxbs,belief,479,tire,0_3_177,0_3,3,0.048018181370595284,0.9766247625057128,0.9179685651540588,0.9893945082369284,0.05413531535501341
00829-QaLdnwvtxbs,belief,479,tire,0_2_79,0_2,4,0.04740400245234326,0.9708657863340816,0.9319677390333537,0.991840751321489,0.05282177466213644
00829-QaLdnwvtxbs,belief,479,tire,0_1_74,0_1,5,0.04351746382361874,0.9054497209462252,0.9711101399071955,0.9845695513912467,0.0502671598892866
00829-QaLdnwvtxbs,belief,480,tissue,0_3_28,0_3,1,0.8086012528179689,0.967971758355224,0.9260209906396102,0.9910327173346528,0.9102546369605279
00829-QaLdnwvtxbs,belief,480,tissue,0_3_22,0_3,2,0.7747771118147587,0.9715140109962848,0.9317429290074373,0.9957111893519385,0.8596035908778203
00829-QaLdnwvtxbs,belief,480,tissue,0_2_147,0_2,3,0.7565726096506707,0.9784427839350944,0.9659594540145047,0.9960238400419469,0.8036862698272662
00829-QaLdnwvtxbs,belief,480,tissue,0_2_30,0_2,4,0.7499113014218268,0.966032519714583,0.9098430823152512,0.9984592685311036,0.8545181704675012
00829-QaLdnwvtxbs,belief,480,tissue,0_3_8,0_3,5,0.588975348800897,0.9623268593611688,0.9280478489962541,0.9801943112272142,0.6728092666611661
00829-QaLdnwvtxbs,belief,481,title,0_4_21,0_4,1,0.5258543931961516,0.9329835772514343,0.8846078906302892,0.9944228655986727,0.6407219414055637
00829-QaLdnwvtxbs,belief,481,title,0_4_75,0_4,2,0.5203852377055048,0.9939785745921828,0.9680071151145875,0.993959559764655,0.5441275058933964
00829-QaLdnwvtxbs,belief,481,title,0_0_102,0_0,3,0.40378178673492154,0.9647081651508119,0.9196356892104713,0.9921487403781908,0.4587310834349027
00829-QaLdnwvtxbs,belief,481,title,0_4_13,0_4,4,0.3391471669911995,0.9562819616467346,0.915392639842113,0.9969242632919004,0.38862671144920796
00829-QaLdnwvtxbs,belief,481,title,0_2_137,0_2,5,0.30440388636567717,0.9809784377653766,0.9795393967234436,0.9886458723517383,0.3204262343130859
00829-QaLdnwvtxbs,belief,482,toaster,0_0_29,0_0,1,0.021557901156527122,0.9745103120803833,0.9449438616336413,0.9837028875686332,0.023798527297381494
00829-QaLdnwvtxbs,belief,482,toaster,0_2_61,0_2,2,0.01954750240007079,0.9853296402427886,0.9425637664070419,0.9831661303264686,0.021407801945172337
00829-QaLdnwvtxbs,belief,482,toaster,0_3_145,0_3,3,0.017802286073831792,0.9842710214791858,0.9367794637484924,0.9975332017347288,0.019355141720225292
00829-QaLdnwvtxbs,belief,482,toaster,0_3_354,0_3,4,0.0074041650711046385,0.9296148958705142,0.9561143869220221,0.9975009210394719,0.008351218753712598
00829-QaLdnwvtxbs,belief,482,toaster,0_2_79,0_2,5,0.007357456458280963,0.9708657863340816,0.9319677390333537,0.991840751321489,0.008198335309692538
00829-QaLdnwvtxbs,belief,483,toaster oven,0_2_71,0_2,1,0.0006586629823050463,0.9601071541173409,0.8761167328879654,0.9975666810619327,0.0007849457462265261
00829-QaLdnwvtxbs,belief,483,toaster oven,0_2_61,0_2,2,0.0005643288048362251,0.9853296402427886,0.9425637664070419,0.9831661303264686,0.0006180349304290645
00829-QaLdnwvtxbs,belief,483,toaster oven,0_3_145,0_3,3,0.00034418517836459165,0.9842710214791858,0.9367794637484924,0.9975332017347288,0.00037420772127912474
00829-QaLdnwvtxbs,belief,483,toaster oven,0_0_29,0_0,4,0.00024076085752782766,0.9745103120803833,0.9449438616336413,0.9837028875686332,0.0002657844007361624
00829-QaLdnwvtxbs,belief,483,toaster oven,0_3_182,0_3,5,0.00017130083747617035,0.9917728710785558,0.9332859955207881,0.999831428408544,0.00018509970585067916
00829-QaLdnwvtxbs,belief,484,toilet,0_4_56,0_4,1,0.9001718110691412,0.9780339415988635,0.9537872817190227,0.9973568578879239,0.9675409984301692
00829-QaLdnwvtxbs,belief,484,toilet,0_4_5,0_4,2,0.8981540361830983,0.9705526250853792,0.9295588805339507,0.9999156306505801,0.9956151023726081
00829-QaLdnwvtxbs,belief,484,toilet,0_4_68,0_4,3,0.6725355169811117,0.9881192477544148,0.932499746219742,0.9996762107854619,0.7301259526280807
00829-QaLdnwvtxbs,belief,484,toilet,0_4_73,0_4,4,0.5291524720404744,0.9655121746007354,0.9259482860765686,0.9993744658405801,0.5922541245157137
00829-QaLdnwvtxbs,belief,484,toilet,0_4_47,0_4,5,0.28682411719906814,0.9891614917608691,0.9682564816936827,0.9888393750772777,0.30285329307221365
00829-QaLdnwvtxbs,belief,485,toilet brush,0_4_56,0_4,1,0.23897446776747494,0.9780339415988635,0.9537872817190227,0.9973568578879239,0.2568594042824358
00829-QaLdnwvtxbs,belief,485,toilet brush,0_4_5,0_4,2,0.18817227423707572,0.9705526250853792,0.9295588805339507,0.9999156306505801,0.20859134461434398
00829-QaLdnwvtxbs,belief,485,toilet brush,0_4_98,0_4,3,0.039050350361335154,0.9558548692494703,0.8997037016569993,0.997644510067095,0.04551532556906268
00829-QaLdnwvtxbs,belief,485,toilet brush,0_4_73,0_4,4,0.02536123528444732,0.9655121746007354,0.9259482860765686,0.9993744658405801,0.028385573145122685
00829-QaLdnwvtxbs,belief,485,toilet brush,0_1_69,0_1,5,0.025341648824552556,0.835577734708786,0.970699057137362,0.9951126082079284,0.03139721830872427
00829-QaLdnwvtxbs,belief,486,toilet cleaner,0_4_5,0_4,1,0.45075810249841347,0.9705526250853792,0.9295588805339507,0.9999156306505801,0.49967105450133675
00829-QaLdnwvtxbs,belief,486,toilet cleaner,0_4_56,0_4,2,0.15035342770626312,0.9780339415988635,0.9537872817190227,0.9973568578879239,0.16160593319128325
00829-QaLdnwvtxbs,belief,486,toilet cleaner,0_4_98,0_4,3,0.01140563477298168,0.9558548692494703,0.8997037016569993,0.997644510067095,0.013293893017873913
00829-QaLdnwvtxbs,belief,486,toilet cleaner,0_4_16,0_4,4,0.004883778952205601,0.96604856308424,0.9197053925220993,0.9969604956590581,0.005513537811014045
00829-QaLdnwvtxbs,belief,486,toilet cleaner,0_2_79,0_2,5,0.003127762290240405,0.9708657863340816,0.9319677390333537,0.991840751321489,0.003485232181774129
00829-QaLdnwvtxbs,belief,487,toilet paper,0_4_47,0_4,1,0.658394511898141,0.9891614917608691,0.9682564816936827,0.9888393750772777,0.6951889123418264
00829-QaLdnwvtxbs,belief,487,toilet paper,0_4_5,0_4,2,0.6463217118659847,0.9705526250853792,0.9295588805339507,0.9999156306505801,0.716455787539221
00829-QaLdnwvtxbs,belief,487,toilet paper,0_4_56,0_4,3,0.5909508523132905,0.9780339415988635,0.9537872817190227,0.9973568578879239,0.635177830098085
00829-QaLdnwvtxbs,belief,487,toilet paper,0_2_79,0_2,4,0.3832423133057391,0.9708657863340816,0.9319677390333537,0.991840751321489,0.42704282480752787
00829-QaLdnwvtxbs,belief,487,toilet paper,0_4_73,0_4,5,0.17997723576001393,0.9655121746007354,0.9259482860765686,0.9993744658405801,0.2014395960143074
00829-QaLdnwvtxbs,belief,488,toiletry,0_4_98,0_4,1,0.024141853457288125,0.9558548692494703,0.8997037016569993,0.997644510067095,0.02813865457752838
00829-QaLdnwvtxbs,belief,488,toiletry,0_3_145,0_3,2,0.018936590393121247,0.9842710214791858,0.9367794637484924,0.9975332017347288,0.020588388998842105
00829-QaLdnwvtxbs,belief,488,toiletry,0_2_62,0_2,3,0.0182094504585354,0.959124259382946,0.8523346620295722,0.9980410990974955,0.022318416986851337
00829-QaLdnwvtxbs,belief,488,toiletry,0_4_13,0_4,4,0.01666130462630573,0.9562819616467346,0.915392639842113,0.9969242632919004,0.019092089380604176
00829-QaLdnwvtxbs,belief,488,toiletry,0_4_73,0_4,5,0.012230766392472673,0.9655121746007354,0.9259482860765686,0.9993744658405801,0.013689290374090987
00829-QaLdnwvtxbs,belief,489,tool,0_2_139,0_2,1,0.15509270238744913,0.9876587317924757,0.9777074687723395,0.9777383808168071,0.1642679582943577
00829-QaLdnwvtxbs,belief,489,tool,0_2_61,0_2,2,0.1238659112504299,0.9853296402427886,0.9425637664070419,0.9831661303264686,0.1356540002674661
00829-QaLdnwvtxbs,belief,489,tool,0_3_102,0_3,3,0.0888345130130912,0.9890625174500584,0.9503735847205539,0.9591355314739043,0.09853344010146263
00829-QaLdnwvtxbs,belief,489,tool,0_3_89,0_3,4,0.07596095223500901,0.9609770616520811,0.9269835072588539,0.9464790079479019,0.09009369223742142
00829-QaLdnwvtxbs,belief,489,tool,0_3_145,0_3,5,0.0735206819042124,0.9842710214791858,0.9367794637484924,0.9975332017347288,0.07993373501144646
00829-QaLdnwvtxbs,belief,490,tool rack,0_2_178,0_2,1,0.00027722783423984084,0.9830488621452709,0.9638973514160047,0.9822477923093185,0.0002978584183518541
00829-QaLdnwvtxbs,belief,490,tool rack,0_1_76,0_1,2,0.00025026085596786715,0.9638035128666803,0.950586876729289,0.923645615490136,0.000295738069370872
00829-QaLdnwvtxbs,belief,490,tool rack,0_1_61,0_1,3,0.00024368296121168585,0.8905994461079438,0.8994019547540675,0.9450428124209881,0.00032191219717024995
00829-QaLdnwvtxbs,belief,490,tool rack,0_3_145,0_3,4,0.00017857423486268063,0.9842710214791858,0.9367794637484924,0.9975332017347288,0.00019415088652173499
00829-QaLdnwvtxbs,belief,490,tool rack,0_1_53,0_1,5,0.00014218759207264468,0.9749215862194056,0.9501554997037894,0.996800738676546,0.0001539887435764418
00829-QaLdnwvtxbs,belief,491,toothbrush,0_4_75,0_4,1,0.0012778236825914803,0.9939785745921828,0.9680071151145875,0.993959559764655,0.001336123631111725
00829-QaLdnwvtxbs,belief,491,toothbrush,0_2_94,0_2,2,0.0010972106743405959,0.9484766418496883,0.9349615689607003,0.9978721796107609,0.0012399229811774412
00829-QaLdnwvtxbs,belief,491,toothbrush,0_4_1,0_4,3,0.0009026801216479047,0.8925236130006884,0.8637943796135312,0.9730540570878572,0.0012032803435644886
00829-QaLdnwvtxbs,belief,491,toothbrush,0_4_99,0_4,4,0.0008115275216761555,0.6691401771136692,1.0,0.99666431572949,0.001216850533014625
00829-QaLdnwvtxbs,belief,491,toothbrush,0_4_100,0_4,5,0.0007715973262304267,0.9845428940661991,0.9292253720092198,0.9925254914494402,0.0008497542450154532
00829-QaLdnwvtxbs,belief,492,toothpaste,0_4_1,0_4,1,0.013367568510462297,0.8925236130006884,0.8637943796135312,0.9730540570878572,0.017819083465055993
00829-QaLdnwvtxbs,belief,492,toothpaste,0_4_100,0_4,2,0.00581932002145271,0.9845428940661991,0.9292253720092198,0.9925254914494402,0.006408772715026368
00829-QaLdnwvtxbs,belief,492,toothpaste,0_3_350,0_3,3,0.004468798986756279,0.9650946200437517,0.9117543979222549,0.9938245524237505,0.005110146332398119
00829-QaLdnwvtxbs,belief,492,toothpaste,0_0_32,0_0,4,0.0029052737162119265,0.9949106973830635,0.8973991163111548,0.9798330992486709,0.003320971977575028
00829-QaLdnwvtxbs,belief,492,toothpaste,0_1_27,0_1,5,0.002382185747561436,0.9907016027154345,0.9234537652769075,0.9813864699294722,0.002653246095291641
00829-QaLdnwvtxbs,belief,493,towel,0_2_96,0_2,1,0.8959936340329087,0.9775505603494383,0.9261835943226542,0.9998153474444407,0.9898031054651109
00829-QaLdnwvtxbs,belief,493,towel,0_2_89,0_2,2,0.8841980247482322,0.9091170719175627,0.9818991756317778,0.999797026544401,0.990720138170088
00829-QaLdnwvtxbs,belief,493,towel,0_2_81,0_2,3,0.8651931044561931,0.9810328654193706,0.9055950495144783,0.9994359420138914,0.9744072110047721
00829-QaLdnwvtxbs,belief,493,towel,0_4_31,0_4,4,0.850580583388822,0.9755448989709524,0.9648788863374236,0.9996948591042913,0.9039157221369603
00829-QaLdnwvtxbs,belief,493,towel,0_2_70,0_2,5,0.7687984111755489,0.9445020003473452,0.9150055360109326,0.9996915256523835,0.8898562657733872
00829-QaLdnwvtxbs,belief,494,towel bar,0_4_31,0_4,1,0.9029010719792132,0.9755448989709524,0.9648788863374236,0.9996948591042913,0.9595169351793734
00829-QaLdnwvtxbs,belief,494,towel bar,0_2_70,0_2,2,0.8170931791620016,0.9445020003473452,0.9150055360109326,0.9996915256523835,0.9457557073852714
00829-QaLdnwvtxbs,belief,494,towel bar,0_4_18,0_4,3,0.7892941994925893,0.972356023448308,0.9400520523473761,0.99954186546274,0.8638945044391495
00829-QaLdnwvtxbs,belief,494,towel bar,0_2_78,0_2,4,0.7736254649429753,0.9789076381088646,0.9708407442945903,0.9957884967231768,0.817473983567562
00829-QaLdnwvtxbs,belief,494,towel bar,0_4_75,0_4,5,0.4359811140581145,0.9939785745921828,0.9680071151145875,0.993959559764655,0.4558724941066036
00829-QaLdnwvtxbs,belief,495,toy,0_0_29,0_0,1,0.0024913909543379104,0.9745103120803833,0.9449438616336413,0.9837028875686332,0.0027503343300796386
00829-QaLdnwvtxbs,belief,495,toy,0_0_52,0_0,2,0.0020470729638154884,0.933646003405253,0.8912960839978241,0.9935658633738268,0.0024758961235045486
00829-QaLdnwvtxbs,belief,495,toy,0_3_145,0_3,3,0.0019527514947702798,0.9842710214791858,0.9367794637484924,0.9975332017347288,0.002123085864866417
00829-QaLdnwvtxbs,belief,495,toy,0_0_34,0_0,4,0.0018146269912091358,0.9612707408690694,0.9388840210295921,0.9844560060496962,0.002042365107446692
00829-QaLdnwvtxbs,belief,495,toy,0_1_42,0_1,5,0.001727383716545893,0.8610755614885667,0.9334460238814246,0.9458351438482929,0.0022721808793299196
00829-QaLdnwvtxbs,belief,496,traffic cone,0_3_232,0_3,1,0.00015247403856861555,0.9787614851103609,0.9166039476591347,0.9123763361142812,0.00018627874199333047
00829-QaLdnwvtxbs,belief,496,traffic cone,0_1_43,0_1,2,7.489921264724506e-05,0.9263140429280267,0.9817682153820861,0.974780379492114,8.448960067702628e-05
00829-QaLdnwvtxbs,belief,496,traffic cone,0_2_164,0_2,3,3.543974189588117e-05,0.955928448287553,0.9241800773116434,0.9662683808354755,4.1515549771672426e-05
00829-QaLdnwvtxbs,belief,496,traffic cone,0_3_213,0_3,4,3.308434320979991e-05,0.9785065565059805,0.9341100228973911,0.9912791734333682,3.651445001020506e-05
00829-QaLdnwvtxbs,belief,496,traffic cone,0_1_20,0_1,5,3.076186767599269e-05,0.9429041976052321,0.9577240798783183,0.9584469845375457,3.554157163785746e-05
00829-QaLdnwvtxbs,belief,497,trampoline,0_3_117,0_3,1,0.003831003078807917,0.9709534859178668,0.9097389018378834,0.9726812811172267,0.00445888992686662
00829-QaLdnwvtxbs,belief,497,trampoline,0_1_43,0_1,2,0.0012255671681123484,0.9263140429280267,0.9817682153820861,0.974780379492114,0.0013824935800642885
00829-QaLdnwvtxbs,belief,497,trampoline,0_0_34,0_0,3,0.0008003622479056653,0.9612707408690694,0.9388840210295921,0.9844560060496962,0.0009008087812861915
00829-QaLdnwvtxbs,belief,497,trampoline,0_0_29,0_0,4,0.0003549435942207644,0.9745103120803833,0.9449438616336413,0.9837028875686332,0.0003918347502737301
00829-QaLdnwvtxbs,belief,497,trampoline,0_2_164,0_2,5,0.0003464520012488128,0.955928448287553,0.9241800773116434,0.9662683808354755,0.0004058479134412721
00829-QaLdnwvtxbs,belief,498,trash bag,0_2_92,0_2,1,0.3464825847303104,0.9483009825821102,0.9283667601600114,0.9676517871722266,0.406720932524561
00829-QaLdnwvtxbs,belief,498,trash bag,0_2_61,0_2,2,0.1322943482089016,0.9853296402427886,0.9425637664070419,0.9831661303264686,0.14488455593751834
00829-QaLdnwvtxbs,belief,498,trash bag,0_2_79,0_2,3,0.1262505418484917,0.9708657863340816,0.9319677390333537,0.991840751321489,0.14067963310055911
00829-QaLdnwvtxbs,belief,498,trash bag,0_4_97,0_4,4,0.10051788439046318,0.9818021404441597,0.9427310769671773,0.9892209815654808,0.10978379055436593
00829-QaLdnwvtxbs,belief,498,trash bag,0_3_145,0_3,5,0.07432907237278667,0.9842710214791858,0.9367794637484924,0.9975332017347288,0.08081263966558151
00829-QaLdnwvtxbs,belief,499,tray,0_3_145,0_3,1,0.48834500851828794,0.9842710214791858,0.9367794637484924,0.9975332017347288,0.5309423075798057
00829-QaLdnwvtxbs,belief,499,tray,0_3_101,0_3,2,0.06471198787806068,0.9791525103858175,0.975724896192237,0.6132452325871574,0.11045180876074533
00829-QaLdnwvtxbs,belief,499,tray,0_3_11,0_3,3,0.05024713475990479,0.8894486994548881,0.9071771840028413,0.8797349768554308,0.07078584479090085
00829-QaLdnwvtxbs,belief,499,tray,0_3_73,0_3,4,0.027437342249183247,0.9854319304914134,0.941852970572902,0.5402934593739244,0.054714519321782354
00829-QaLdnwvtxbs,belief,499,tray,0_2_66,0_2,5,0.023713062975267655,0.970324709402946,0.9290128585169263,0.9912809958219424,0.026537014296801754
00829-QaLdnwvtxbs,belief,500,treadmill,0_3_117,0_3,1,0.0035743679724353273,0.9709534859178668,0.9097389018378834,0.9726812811172267,0.004160193301688977
00829-QaLdnwvtxbs,belief,500,treadmill,0_3_84,0_3,2,0.0016481637203532994,0.991945722962777,0.9280513961817156,0.994164705684942,0.001800868789798622
00829-QaLdnwvtxbs,belief,500,treadmill,0_0_29,0_0,3,0.0014209537910739654,0.9745103120803833,0.9449438616336413,0.9837028875686332,0.001568640998010735
00829-QaLdnwvtxbs,belief,500,treadmill,0_2_71,0_2,4,0.0008352939368233254,0.9601071541173409,0.8761167328879654,0.9975666810619327,0.0009954414323752327
00829-QaLdnwvtxbs,belief,500,treadmill,0_2_61,0_2,5,0.0005272680155134045,0.9853296402427886,0.9425637664070419,0.9831661303264686,0.0005774471345297874
00829-QaLdnwvtxbs,belief,501,tree,0_1_22,0_1,1,0.01210645311315509,0.9849128855890671,0.9134272445020042,0.9853780693376282,0.013656589387289383
00829-QaLdnwvtxbs,belief,501,tree,0_4_82,0_4,2,0.00560829627083224,0.9921106015443804,0.9635382904444146,0.9835741109117667,0.005964784953117375
00829-QaLdnwvtxbs,belief,501,tree,0_1_43,0_1,3,0.0054386691038357474,0.9263140429280267,0.9817682153820861,0.974780379492114,0.006135057560107268
00829-QaLdnwvtxbs,belief,501,tree,0_4_8,0_4,4,0.0028581977359753807,0.9651949381256641,0.8947576037307547,0.990038378433478,0.00334287245981462
00829-QaLdnwvtxbs,belief,501,tree,0_0_75,0_0,5,0.0022998975532444125,0.9711026629510843,0.91942287731796,0.9967338657165301,0.0025843350991464446
00829-QaLdnwvtxbs,belief,502,tree branch,0_1_22,0_1,1,6.920063993001641e-05,0.9849128855890671,0.9134272445020042,0.9853780693376282,7.806123858316466e-05
00829-QaLdnwvtxbs,belief,502,tree branch,0_0_44,0_0,2,6.780454719203978e-05,0.9759516825253258,0.9373071671626458,0.9837026244798995,7.535025648515058e-05
00829-QaLdnwvtxbs,belief,502,tree branch,0_1_32,0_1,3,3.1769118558499444e-05,0.9754029492268419,0.9067709385938889,0.9965741552453404,3.604241542291555e-05
00829-QaLdnwvtxbs,belief,502,tree branch,0_3_320,0_3,4,2.8840354573268273e-05,0.9656791550601049,0.9356110115707603,0.9685401433250899,3.2957540029718375e-05
00829-QaLdnwvtxbs,belief,502,tree branch,0_1_20,0_1,5,2.4523504768534874e-05,0.9429041976052321,0.9577240798783183,0.9584469845375457,2.8333907119119496e-05
00829-QaLdnwvtxbs,belief,503,trimmer,0_2_76,0_2,1,0.002569422054741817,0.9777445369518636,0.9242074922009753,0.9961299462102072,0.002854463988475222
00829-QaLdnwvtxbs,belief,503,trimmer,0_2_132,0_2,2,0.002350846365670332,0.8174735053777695,0.9414269692541382,0.9949100102681608,0.00307029514443877
00829-QaLdnwvtxbs,belief,503,trimmer,0_2_80,0_2,3,0.002312162055767278,0.9724949253906023,0.9432373428086318,0.996184532950654,0.0025302891044166565
00829-QaLdnwvtxbs,belief,503,trimmer,0_4_100,0_4,4,0.0020091574379814403,0.9845428940661991,0.9292253720092198,0.9925254914494402,0.002212669748571994
00829-QaLdnwvtxbs,belief,503,trimmer,0_0_52,0_0,5,0.0014504600820435495,0.933646003405253,0.8912960839978241,0.9935658633738268,0.0017543041004929236
00829-QaLdnwvtxbs,belief,504,tripod,0_1_45,0_1,1,0.2518255062664967,0.8979178752806094,0.9212865160228453,0.998675842566233,0.3048202667887063
00829-QaLdnwvtxbs,belief,504,tripod,0_2_132,0_2,2,0.18358983460971068,0.8174735053777695,0.9414269692541382,0.9949100102681608,0.2397753362371609
00829-QaLdnwvtxbs,belief,504,tripod,0_2_71,0_2,3,0.08549021241347977,0.9601071541173409,0.8761167328879654,0.9975666810619327,0.10188090173691394
00829-QaLdnwvtxbs,belief,504,tripod,0_0_34,0_0,4,0.061800211571264606,0.9612707408690694,0.9388840210295921,0.9844560060496962,0.06955622084176717
00829-QaLdnwvtxbs,belief,504,tripod,0_0_75,0_0,5,0.04121427384589424,0.9711026629510843,0.91942287731796,0.9967338657165301,0.04631140823447744
00829-QaLdnwvtxbs,belief,505,trolley,0_3_145,0_3,1,0.002102839848666793,0.9842710214791858,0.9367794637484924,0.9975332017347288,0.0022862661074585454
00829-QaLdnwvtxbs,belief,505,trolley,0_3_84,0_3,2,0.0015879475960815883,0.991945722962777,0.9280513961817156,0.994164705684942,0.0017350735429403096
00829-QaLdnwvtxbs,belief,505,trolley,0_2_71,0_2,3,0.001518308952663653,0.9601071541173409,0.8761167328879654,0.9975666810619327,0.001809408128084285
00829-QaLdnwvtxbs,belief,505,trolley,0_2_132,0_2,4,0.0012018103080039958,0.8174735053777695,0.9414269692541382,0.9949100102681608,0.0015696101655494495
00829-QaLdnwvtxbs,belief,505,trolley,0_1_43,0_1,5,0.0011642032280967326,0.9263140429280267,0.9817682153820861,0.974780379492114,0.0013132723612471228
00829-QaLdnwvtxbs,belief,506,trombone,0_2_165,0_2,1,0.011842808729987019,0.9699197729809437,0.9602325145987616,0.9720523142670042,0.013081358744183973
00829-QaLdnwvtxbs,belief,506,trombone,0_2_164,0_2,2,0.008054457062463547,0.955928448287553,0.9241800773116434,0.9662683808354755,0.009435317391500709
00829-QaLdnwvtxbs,belief,506,trombone,0_1_43,0_1,3,0.006446219010460956,0.9263140429280267,0.9817682153820861,0.974780379492114,0.007271618096115388
00829-QaLdnwvtxbs,belief,506,trombone,0_2_163,0_2,4,0.00436170416455968,0.9649076473154472,0.9066912981805136,0.982615010991516,0.005073733073568163
00829-QaLdnwvtxbs,belief,506,trombone,0_2_178,0_2,5,0.0037061284114336475,0.9830488621452709,0.9638973514160047,0.9822477923093185,0.003981928978615714
00829-QaLdnwvtxbs,belief,507,trophy,0_3_213,0_3,1,0.03146526255540278,0.9785065565059805,0.9341100228973911,0.9912791734333682,0.034727506886003574
00829-QaLdnwvtxbs,belief,507,trophy,0_3_145,0_3,2,0.02905205629379245,0.9842710214791858,0.9367794637484924,0.9975332017347288,0.03158620552991059
00829-QaLdnwvtxbs,belief,507,trophy,0_0_29,0_0,3,0.023129517202657924,0.9745103120803833,0.9449438616336413,0.9837028875686332,0.025533489671653368
00829-QaLdnwvtxbs,belief,507,trophy,0_2_61,0_2,4,0.01591586585604144,0.9853296402427886,0.9425637664070419,0.9831661303264686,0.0174305492875055
00829-QaLdnwvtxbs,belief,507,trophy,0_2_79,0_2,5,0.011204228539040996,0.9708657863340816,0.9319677390333537,0.991840751321489,0.012484752437250087
00829-QaLdnwvtxbs,belief,508,trough,0_1_43,0_1,1,0.037037029859796795,0.9263140429280267,0.9817682153820861,0.974780379492114,0.04177939597115952
00829-QaLdnwvtxbs,belief,508,trough,0_3_117,0_3,2,0.03487170084832808,0.9709534859178668,0.9097389018378834,0.9726812811172267,0.0405870401163184
00829-QaLdnwvtxbs,belief,508,trough,0_3_102,0_3,3,0.033646280650197376,0.9890625174500584,0.9503735847205539,0.9591355314739043,0.037319772086718855
00829-QaLdnwvtxbs,belief,508,trough,0_2_178,0_2,4,0.031225834948320888,0.9830488621452709,0.9638973514160047,0.9822477923093185,0.0335495814658219
00829-QaLdnwvtxbs,belief,508,trough,0_2_76,0_2,5,0.0279406142103958,0.9777445369518636,0.9242074922009753,0.9961299462102072,0.031040239937330155
00829-QaLdnwvtxbs,belief,509,trumpet,0_1_43,0_1,1,0.0020399168836379863,0.9263140429280267,0.9817682153820861,0.974780379492114,0.0023011158171265074
00829-QaLdnwvtxbs,belief,509,trumpet,0_2_165,0_2,2,0.0015442388429957059,0.9699197729809437,0.9602325145987616,0.9720523142670042,0.0017057391327093198
00829-QaLdnwvtxbs,belief,509,trumpet,0_1_20,0_1,3,0.0012741399685828809,0.9429041976052321,0.9577240798783183,0.9584469845375457,0.0014721127288830835
00829-QaLdnwvtxbs,belief,509,trumpet,0_0_75,0_0,4,0.0006832802115477189,0.9711026629510843,0.91942287731796,0.9967338657165301,0.0007677842131550464
00829-QaLdnwvtxbs,belief,509,trumpet,0_3_83,0_3,5,0.0006635039156205203,0.9828181131851393,0.9219149879587536,0.9601051810237284,0.0007627121231742723
00829-QaLdnwvtxbs,belief,510,tv,0_3_165,0_3,1,0.9188626201151376,0.9904464853559887,0.9488626936760276,0.9999305098764195,0.9777917703327974
00829-QaLdnwvtxbs,belief,510,tv,0_3_163,0_3,2,0.9146747183251034,0.985319635102935,0.9442277640833057,0.9999628520195935,0.9831706495830501
00829-QaLdnwvtxbs,belief,510,tv,0_3_202,0_3,3,0.9136030966609467,0.9800964809175353,0.9389490786568724,0.9999886410792753,0.9927768147473265
00829-QaLdnwvtxbs,belief,510,tv,0_3_59,0_3,4,0.9026994965244022,0.9835463764541079,0.934019700589223,0.9999600626980886,0.9826744533946715
00829-QaLdnwvtxbs,belief,510,tv,0_3_204,0_3,5,0.9004065400731665,0.9773073364930281,0.9318640136549805,0.9999815204058435,0.9886964319772805
00829-QaLdnwvtxbs,belief,511,tv stand,0_3_202,0_3,1,0.8099436498314008,0.9800964809175353,0.9389490786568724,0.9999886410792753,0.880134141120205
00829-QaLdnwvtxbs,belief,511,tv stand,0_3_200,0_3,2,0.8064194179991209,0.9566010500370313,0.9362361404903021,0.9999837500903022,0.9004337795282665
00829-QaLdnwvtxbs,belief,511,tv stand,0_3_37,0_3,3,0.7655324594116977,0.9724595502105577,0.9422001437694655,0.9999259734219015,0.8355665556282859
00829-QaLdnwvtxbs,belief,511,tv stand,0_3_171,0_3,4,0.7390797904702061,0.9562153786465931,0.9348265464012171,0.9999808550584365,0.8268236318611369
00829-QaLdnwvtxbs,belief,511,tv stand,0_3_204,0_3,5,0.7096086361225782,0.9773073364930281,0.9318640136549805,0.9999815204058435,0.7791897275397921
00829-QaLdnwvtxbs,belief,512,typewriter,0_0_29,0_0,1,0.16296590007093148,0.9745103120803833,0.9449438616336413,0.9837028875686332,0.17990380386386332
00829-QaLdnwvtxbs,belief,512,typewriter,0_3_354,0_3,2,0.0046171413827293005,0.9296148958705142,0.9561143869220221,0.9975009210394719,0.005207711785690755
00829-QaLdnwvtxbs,belief,512,typewriter,0_2_61,0_2,3,0.0008943684854481314,0.9853296402427886,0.9425637664070419,0.9831661303264686,0.000979483875260095
00829-QaLdnwvtxbs,belief,512,typewriter,0_3_84,0_3,4,0.0007765592932858914,0.991945722962777,0.9280513961817156,0.994164705684942,0.000848508784313526
00829-QaLdnwvtxbs,belief,512,typewriter,0_3_145,0_3,5,0.0004005800464127574,0.9842710214791858,0.9367794637484924,0.9975332017347288,0.0004355217940245421
00829-QaLdnwvtxbs,belief,513,ukulele,0_1_20,0_1,1,0.0027359371250639014,0.9429041976052321,0.9577240798783183,0.9584469845375457,0.0031610403617664774
00829-QaLdnwvtxbs,belief,513,ukulele,0_1_43,0_1,2,0.0006909681582695187,0.9263140429280267,0.9817682153820861,0.974780379492114,0.0007794424228153652
00829-QaLdnwvtxbs,belief,513,ukulele,0_2_178,0_2,3,0.0005884758485098015,0.9830488621452709,0.9638973514160047,0.9822477923093185,0.0006322687112425763
00829-QaLdnwvtxbs,belief,513,ukulele,0_0_29,0_0,4,0.0005580459402396268,0.9745103120803833,0.9449438616336413,0.9837028875686332,0.0006160465921778599
00829-QaLdnwvtxbs,belief,513,ukulele,0_1_53,0_1,5,0.0001701457806570691,0.9749215862194056,0.9501554997037894,0.996800738676546,0.00018426737949700194
00829-QaLdnwvtxbs,belief,514,umbrella,0_2_129,0_2,1,0.005246340303892892,0.932868864342925,0.9496692699394691,0.9952873953330658,0.005949972663400029
00829-QaLdnwvtxbs,belief,514,umbrella,0_1_43,0_1,2,0.00471694264965522,0.9263140429280267,0.9817682153820861,0.974780379492114,0.0053209184289130535
00829-QaLdnwvtxbs,belief,514,umbrella,0_3_232,0_3,3,0.002605371581115527,0.9787614851103609,0.9166039476591347,0.9123763361142812,0.003183003120475302
00829-QaLdnwvtxbs,belief,514,umbrella,0_2_130,0_2,4,0.0022649178846660322,0.9813533710206256,0.9644522912057647,0.9958300331468142,0.0024030404061813095
00829-QaLdnwvtxbs,belief,514,umbrella,0_2_137,0_2,5,0.001816829859869554,0.9809784377653766,0.9795393967234436,0.9886458723517383,0.001912458994318588
00829-QaLdnwvtxbs,belief,515,umbrella stand,0_3_219,0_3,1,0.005063656157026232,0.9805473042953581,0.9294563411150665,0.999334656470586,0.005559755767967989
00829-QaLdnwvtxbs,belief,515,umbrella stand,0_3_214,0_3,2,0.0033569735311230063,0.980349579623767,0.9265913540702199,0.9993954649021487,0.0036977822389588767
00829-QaLdnwvtxbs,belief,515,umbrella stand,0_1_43,0_1,3,0.0014961922986730161,0.9263140429280267,0.9817682153820861,0.974780379492114,0.00168777061043745
00829-QaLdnwvtxbs,belief,515,umbrella stand,0_0_90,0_0,4,0.001062701272903606,0.9330309557315117,0.8720743076128528,0.9973005303875905,0.0013095907718120657
00829-QaLdnwvtxbs,belief,515,umbrella stand,0_2_61,0_2,5,0.0010356196891638813,0.9853296402427886,0.9425637664070419,0.9831661303264686,0.001134177694029137
00829-QaLdnwvtxbs,belief,516,unknown,0_2_164,0_2,1,0.5146501284066751,0.955928448287553,0.9241800773116434,0.9662683808354755,0.6028820154400756
00829-QaLdnwvtxbs,belief,516,unknown,0_1_42,0_1,2,0.36142522980124003,0.8610755614885667,0.9334460238814246,0.9458351438482929,0.47541463346889296
00829-QaLdnwvtxbs,belief,516,unknown,0_3_356,0_3,3,0.31718324010658866,0.8940404359002908,0.9397820465713154,0.9671706914338879,0.39032179116917814
00829-QaLdnwvtxbs,belief,516,unknown,0_4_97,0_4,4,0.3171607208458775,0.9818021404441597,0.9427310769671773,0.9892209815654808,0.34639712485551544
00829-QaLdnwvtxbs,belief,516,unknown,0_3_177,0_3,5,0.2640550032608424,0.9766247625057128,0.9179685651540588,0.9893945082369284,0.29769350826244306
00829-QaLdnwvtxbs,belief,517,vacuum cleaner,0_0_29,0_0,1,0.003870628463369788,0.9745103120803833,0.9449438616336413,0.9837028875686332,0.00427292325327495
00829-QaLdnwvtxbs,belief,517,vacuum cleaner,0_0_34,0_0,2,0.0023114116767070617,0.9612707408690694,0.9388840210295921,0.9844560060496962,0.0026014969359106654
00829-QaLdnwvtxbs,belief,517,vacuum cleaner,0_0_95,0_0,3,0.0019077383467523605,0.6515540605830769,0.8815192841430087,0.9877028660350318,0.0033628711103817757
00829-QaLdnwvtxbs,belief,517,vacuum cleaner,0_0_52,0_0,4,0.001568014940650541,0.933646003405253,0.8912960839978241,0.9935658633738268,0.0018964844838348478
00829-QaLdnwvtxbs,belief,517,vacuum cleaner,0_1_20,0_1,5,0.001557031240424991,0.9429041976052321,0.9577240798783183,0.9584469845375457,0.0017989589564854362
00829-QaLdnwvtxbs,belief,518,vanity,0_2_71,0_2,1,0.22187376841018883,0.9601071541173409,0.8761167328879654,0.9975666810619327,0.2644127199973248
00829-QaLdnwvtxbs,belief,518,vanity,0_4_96,0_4,2,0.16108010980858425,0.9553680819494141,0.9153632746450953,0.9997152819109202,0.18424740262899214
00829-QaLdnwvtxbs,belief,518,vanity,0_4_13,0_4,3,0.14073396622735596,0.9562819616467346,0.915392639842113,0.9969242632919004,0.1612662106818084
00829-QaLdnwvtxbs,belief,518,vanity,0_4_14,0_4,4,0.08544415882704223,0.9700164331705746,0.9538730199390784,0.9997221182368458,0.09237052693629438
00829-QaLdnwvtxbs,belief,518,vanity,0_4_64,0_4,5,0.07437138239028246,0.9765437719238753,0.9579729983038123,0.9974380973179152,0.07970304603063161
00829-QaLdnwvtxbs,belief,519,vase,0_3_35,0_3,1,0.0692625426787868,0.9529664658777607,0.9291028761950662,0.9906251337735261,0.07896736839338885
00829-QaLdnwvtxbs,belief,519,vase,0_3_213,0_3,2,0.020448250827353073,0.9785065565059805,0.9341100228973911,0.9912791734333682,0.022568277323708544
00829-QaLdnwvtxbs,belief,519,vase,0_1_69,0_1,3,0.01766117953652219,0.835577734708786,0.970699057137362,0.9951126082079284,0.021881445573522253
00829-QaLdnwvtxbs,belief,519,vase,0_1_20,0_1,4,0.012814725351622697,0.9429041976052321,0.9577240798783183,0.9584469845375457,0.014805846117711985
00829-QaLdnwvtxbs,belief,519,vase,0_3_349,0_3,5,0.009567075151442967,0.9912756721021152,0.9384783206953182,0.9755531565625148,0.010541673341512866
00829-QaLdnwvtxbs,belief,520,vegetables,0_1_43,0_1,1,5.60344642128861e-06,0.9263140429280267,0.9817682153820861,0.974780379492114,6.32093360953642e-06
00829-QaLdnwvtxbs,belief,520,vegetables,0_3_101,0_3,2,5.494822428755036e-06,0.9791525103858175,0.975724896192237,0.6132452325871574,9.378680766517872e-06
00829-QaLdnwvtxbs,belief,520,vegetables,0_3_73,0_3,3,4.363715771501119e-06,0.9854319304914134,0.941852970572902,0.5402934593739244,8.701958401297841e-06
00829-QaLdnwvtxbs,belief,520,vegetables,0_1_20,0_1,4,2.5403045711829805e-06,0.9429041976052321,0.9577240798783183,0.9584469845375457,2.935010898871345e-06
00829-QaLdnwvtxbs,belief,520,vegetables,0_2_164,0_2,5,1.9754796908659398e-06,0.955928448287553,0.9241800773116434,0.9662683808354755,2.314156961696287e-06
00829-QaLdnwvtxbs,belief,521,vessel,0_2_61,0_2,1,0.03648197082311304,0.9853296402427886,0.9425637664070419,0.9831661303264686,0.039953892316592396
00829-QaLdnwvtxbs,belief,521,vessel,0_0_29,0_0,2,0.035805698254820134,0.9745103120803833,0.9449438616336413,0.9837028875686332,0.039527172943788325
00829-QaLdnwvtxbs,belief,521,vessel,0_4_97,0_4,3,0.0288410788897664,0.9818021404441597,0.9427310769671773,0.9892209815654808,0.03149969762491804
00829-QaLdnwvtxbs,belief,521,vessel,0_2_161,0_2,4,0.025864162181916336,0.9163165887196858,0.8836883189233198,0.9834626365607408,0.032478494258745286
00829-QaLdnwvtxbs,belief,521,vessel,0_2_79,0_2,5,0.024945017679759224,0.9708657863340816,0.9319677390333537,0.991840751321489,0.027795967316218
00829-QaLdnwvtxbs,belief,522,vinyl records,0_0_29,0_0,1,0.0008642768542979399,0.9745103120803833,0.9449438616336413,0.9837028875686332,0.0009541056970324295
00829-QaLdnwvtxbs,belief,522,vinyl records,0_3_117,0_3,2,0.00013513537311528188,0.9709534859178668,0.9097389018378834,0.9726812811172267,0.00015728354729868492
00829-QaLdnwvtxbs,belief,522,vinyl records,0_1_43,0_1,3,7.105221091832771e-05,0.9263140429280267,0.9817682153820861,0.974780379492114,8.015001380565465e-05
00829-QaLdnwvtxbs,belief,522,vinyl records,0_2_79,0_2,4,4.74285702296399e-05,0.9708657863340816,0.9319677390333537,0.991840751321489,5.284915027451468e-05
00829-QaLdnwvtxbs,belief,522,vinyl records,0_2_164,0_2,5,3.7919761816400986e-05,0.955928448287553,0.9241800773116434,0.9662683808354755,4.442074560372913e-05
00829-QaLdnwvtxbs,belief,523,violin,0_1_20,0_1,1,0.03382157331567232,0.9429041976052321,0.9577240798783183,0.9584469845375457,0.03907668687626994
00829-QaLdnwvtxbs,belief,523,violin,0_0_29,0_0,2,0.01008732268445561,0.9745103120803833,0.9449438616336413,0.9837028875686332,0.011135751227379014
00829-QaLdnwvtxbs,belief,523,violin,0_1_43,0_1,3,0.006317812852810209,0.9263140429280267,0.9817682153820861,0.974780379492114,0.007126770311994096
00829-QaLdnwvtxbs,belief,523,violin,0_3_83,0_3,4,0.005454260137738535,0.9828181131851393,0.9219149879587536,0.9601051810237284,0.006269790173142874
00829-QaLdnwvtxbs,belief,523,violin,0_2_178,0_2,5,0.003569263178744693,0.9830488621452709,0.9638973514160047,0.9822477923093185,0.0038348785864793246
00829-QaLdnwvtxbs,belief,524,violin case,0_4_97,0_4,1,0.02710577059302186,0.9818021404441597,0.9427310769671773,0.9892209815654808,0.02960442571631895
00829-QaLdnwvtxbs,belief,524,violin case,0_0_29,0_0,2,0.009411632402090917,0.9745103120803833,0.9449438616336413,0.9837028875686332,0.010389832897358153
00829-QaLdnwvtxbs,belief,524,violin case,0_1_53,0_1,3,0.00784197646139279,0.9749215862194056,0.9501554997037894,0.996800738676546,0.008492837418816034
00829-QaLdnwvtxbs,belief,524,violin case,0_1_20,0_1,4,0.006392205318403807,0.9429041976052321,0.9577240798783183,0.9584469845375457,0.007385410588227912
00829-QaLdnwvtxbs,belief,524,violin case,0_2_169,0_2,5,0.0022109489988835327,0.9277431789567087,0.9213323923887891,0.9935559443395972,0.0026034083182595864
00829-QaLdnwvtxbs,belief,525,waffle iron,0_3_354,0_3,1,0.0007056859363728911,0.9296148958705142,0.9561143869220221,0.9975009210394719,0.0007959489786455136
00829-QaLdnwvtxbs,belief,525,waffle iron,0_0_29,0_0,2,0.0006073537398651898,0.9745103120803833,0.9449438616336413,0.9837028875686332,0.0006704792109584451
00829-QaLdnwvtxbs,belief,525,waffle iron,0_3_145,0_3,3,0.0006052243218399087,0.9842710214791858,0.9367794637484924,0.9975332017347288,0.00065801675544119
00829-QaLdnwvtxbs,belief,525,waffle iron,0_2_71,0_2,4,0.0004044499256526132,0.9601071541173409,0.8761167328879654,0.9975666810619327,0.0004819934583110109
00829-QaLdnwvtxbs,belief,525,waffle iron,0_2_164,0_2,5,0.0001436201269413823,0.955928448287553,0.9241800773116434,0.9662683808354755,0.00016824243657772886
00829-QaLdnwvtxbs,belief,526,wardrobe,0_1_13,0_1,1,0.2641922053315344,0.952490770395311,0.9238164421163115,0.9763743075649506,0.3075085487524909
00829-QaLdnwvtxbs,belief,526,wardrobe,0_1_40,0_1,2,0.2128214474638464,0.8879308527157286,0.9416287385848694,0.9980686723061908,0.2550328459549811
00829-QaLdnwvtxbs,belief,526,wardrobe,0_1_77,0_1,3,0.180521298237137,0.9764120237661057,0.9098239419454992,0.9710054280513156,0.2092744988522558
00829-QaLdnwvtxbs,belief,526,wardrobe,0_1_78,0_1,4,0.0884565107024684,0.9349828690842372,0.926000425910207,0.9691360382987141,0.10542174977002952
00829-QaLdnwvtxbs,belief,526,wardrobe,0_1_15,0_1,5,0.06574082540860374,0.9699812821748237,0.9410879418074073,0.9985222247879748,0.0721246725278835
00829-QaLdnwvtxbs,belief,527,washing machine,0_2_61,0_2,1,0.0036065456394678286,0.9853296402427886,0.9425637664070419,0.9831661303264686,0.0039497738982588685
00829-QaLdnwvtxbs,belief,527,washing machine,0_2_71,0_2,2,0.001301168323006371,0.9601071541173409,0.8761167328879654,0.9975666810619327,0.0015506360122050059
00829-QaLdnwvtxbs,belief,527,washing machine,0_4_16,0_4,3,0.0012860101586367114,0.96604856308424,0.9197053925220993,0.9969604956590581,0.0014518400002091615
00829-QaLdnwvtxbs,belief,527,washing machine,0_3_2,0_3,4,0.001084136292122021,0.96202025747023,0.9306575012087376,0.997128376461631,0.001214391469743053
00829-QaLdnwvtxbs,belief,527,washing machine,0_3_160,0_3,5,0.0009550385376323881,0.9780740607453371,0.9179881968740915,0.9967716682331297,0.0010671276495799085
00829-QaLdnwvtxbs,belief,528,washing powder,0_4_16,0_4,1,0.07989361479976007,0.96604856308424,0.9197053925220993,0.9969604956590581,0.0901958238421361
00829-QaLdnwvtxbs,belief,528,washing powder,0_2_9,0_2,2,0.008179312230841512,0.891311696767807,0.978185441523747,0.9958528779838302,0.009420431661460667
00829-QaLdnwvtxbs,belief,528,washing powder,0_1_27,0_1,3,0.005481310580800893,0.9907016027154345,0.9234537652769075,0.9813864699294722,0.0061050091960621385
00829-QaLdnwvtxbs,belief,528,washing powder,0_2_147,0_2,4,0.003080321997641992,0.9784427839350944,0.9659594540145047,0.9960238400419469,0.0032721413180617524
00829-QaLdnwvtxbs,belief,528,washing powder,0_2_94,0_2,5,0.0029075332169467873,0.9484766418496883,0.9349615689607003,0.9978721796107609,0.00328571106583128
00829-QaLdnwvtxbs,belief,529,washing stuff,0_4_16,0_4,1,0.0061144013620082404,0.96604856308424,0.9197053925220993,0.9969604956590581,0.006902847862498626
00829-QaLdnwvtxbs,belief,529,washing stuff,0_2_92,0_2,2,0.0011302289332811022,0.9483009825821102,0.9283667601600114,0.9676517871722266,0.0013267269004822685
00829-QaLdnwvtxbs,belief,529,washing stuff,0_4_1,0_4,3,0.0010100936847607892,0.8925236130006884,0.8637943796135312,0.9730540570878572,0.0013464635443754306
00829-QaLdnwvtxbs,belief,529,washing stuff,0_3_145,0_3,4,0.0009211716901556369,0.9842710214791858,0.9367794637484924,0.9975332017347288,0.0010015235424078422
00829-QaLdnwvtxbs,belief,529,washing stuff,0_2_61,0_2,5,0.0008855983984301309,0.9853296402427886,0.9425637664070419,0.9831661303264686,0.0009698791553280692
00829-QaLdnwvtxbs,belief,530,watch,0_0_29,0_0,1,0.0037481741655758113,0.9745103120803833,0.9449438616336413,0.9837028875686332,0.004137741635752351
00829-QaLdnwvtxbs,belief,530,watch,0_2_137,0_2,2,0.002583155772558338,0.9809784377653766,0.9795393967234436,0.9886458723517383,0.0027191205957556603
00829-QaLdnwvtxbs,belief,530,watch,0_2_71,0_2,3,0.002439343611426152,0.9601071541173409,0.8761167328879654,0.9975666810619327,0.0029070290008905214
00829-QaLdnwvtxbs,belief,530,watch,0_0_75,0_0,4,0.0019094866695427007,0.9711026629510843,0.91942287731796,0.9967338657165301,0.002145640537114406
00829-QaLdnwvtxbs,belief,530,watch,0_2_154,0_2,5,0.0017925252492418556,0.9712525457143784,0.9386763277676897,0.9951686827082851,0.0019756979326848553
00829-QaLdnwvtxbs,belief,531,water dispenser,0_4_93,0_4,1,0.0073330007221110854,0.9524783291842067,0.9518953926537175,0.9997347134059509,0.008090076482828366
00829-QaLdnwvtxbs,belief,531,water dispenser,0_2_80,0_2,2,0.004943232639698339,0.9724949253906023,0.9432373428086318,0.996184532950654,0.005409572247597001
00829-QaLdnwvtxbs,belief,531,water dispenser,0_2_132,0_2,3,0.004689642522465451,0.8174735053777695,0.9414269692541382,0.9949100102681608,0.006124852255827266
00829-QaLdnwvtxbs,belief,531,water dispenser,0_2_71,0_2,4,0.0025062568379734585,0.9601071541173409,0.8761167328879654,0.9975666810619327,0.002986771227120984
00829-QaLdnwvtxbs,belief,531,water dispenser,0_2_61,0_2,5,0.0019457663786711303,0.9853296402427886,0.9425637664070419,0.9831661303264686,0.0021309413557619467
00829-QaLdnwvtxbs,belief,532,water heater,0_2_71,0_2,1,0.0869399637164721,0.9601071541173409,0.8761167328879654,0.9975666810619327,0.10360860793711324
00829-QaLdnwvtxbs,belief,532,water heater,0_2_80,0_2,2,0.08414569954752571,0.9724949253906023,0.9432373428086318,0.996184532950654,0.0920839204231158
00829-QaLdnwvtxbs,belief,532,water heater,0_2_61,0_2,3,0.08294947007099618,0.9853296402427886,0.9425637664070419,0.9831661303264686,0.09084361727616187
00829-QaLdnwvtxbs,belief,532,water heater,0_2_132,0_2,4,0.058672582671857966,0.8174735053777695,0.9414269692541382,0.9949100102681608,0.07662863397613873
00829-QaLdnwvtxbs,belief,532,water heater,0_2_123,0_2,5,0.03367242175274992,0.951584882851394,0.9387279260326242,0.9936616410337636,0.03793573961376592
00829-QaLdnwvtxbs,belief,533,water meter,0_2_79,0_2,1,0.0025915568665864927,0.9708657863340816,0.9319677390333537,0.991840751321489,0.002887744193511182
00829-QaLdnwvtxbs,belief,533,water meter,0_2_61,0_2,2,0.0012089191830626021,0.9853296402427886,0.9425637664070419,0.9831661303264686,0.001323969779312062
00829-QaLdnwvtxbs,belief,533,water meter,0_2_130,0_2,3,0.00047752236143743974,0.9813533710206256,0.9644522912057647,0.9958300331468142,0.0005066433256402519
00829-QaLdnwvtxbs,belief,533,water meter,0_1_27,0_1,4,0.000469651269421296,0.9907016027154345,0.9234537652769075,0.9813864699294722,0.0005230911980799178
00829-QaLdnwvtxbs,belief,533,water meter,0_0_29,0_0,5,0.0004692976849533684,0.9745103120803833,0.9449438616336413,0.9837028875686332,0.0005180742635782586
00829-QaLdnwvtxbs,belief,534,water pump,0_0_29,0_0,1,0.0012529508870951348,0.9745103120803833,0.9449438616336413,0.9837028875686332,0.0013831766679097033
00829-QaLdnwvtxbs,belief,534,water pump,0_2_79,0_2,2,0.0009042993770019735,0.9708657863340816,0.9319677390333537,0.991840751321489,0.0010076511570332057
00829-QaLdnwvtxbs,belief,534,water pump,0_2_61,0_2,3,0.0008342119600261187,0.9853296402427886,0.9425637664070419,0.9831661303264686,0.0009136023648969343
00829-QaLdnwvtxbs,belief,534,water pump,0_1_43,0_1,4,0.0004090709552187678,0.9263140429280267,0.9817682153820861,0.974780379492114,0.0004614499997187175
00829-QaLdnwvtxbs,belief,534,water pump,0_3_145,0_3,5,0.0002955239628385369,0.9842710214791858,0.9367794637484924,0.9975332017347288,0.00032130189115825794
00829-QaLdnwvtxbs,belief,535,water tank,0_4_16,0_4,1,0.0020807398361633684,0.96604856308424,0.9197053925220993,0.9969604956590581,0.0023490493476140714
00829-QaLdnwvtxbs,belief,535,water tank,0_2_61,0_2,2,0.0015561136375277559,0.9853296402427886,0.9425637664070419,0.9831661303264686,0.0017042060860038698
00829-QaLdnwvtxbs,belief,535,water tank,0_1_69,0_1,3,0.0011580140433380783,0.835577734708786,0.970699057137362,0.9951126082079284,0.0014347298384163483
00829-QaLdnwvtxbs,belief,535,water tank,0_2_137,0_2,4,0.0009030243790746826,0.9809784377653766,0.9795393967234436,0.9886458723517383,0.000950555213780079
00829-QaLdnwvtxbs,belief,535,water tank,0_2_79,0_2,5,0.0007302898998775753,0.9708657863340816,0.9319677390333537,0.991840751321489,0.0008137542514083771
00829-QaLdnwvtxbs,belief,536,watering can,0_2_132,0_2,1,0.0016352436115167892,0.8174735053777695,0.9414269692541382,0.9949100102681608,0.00213569061497683
00829-QaLdnwvtxbs,belief,536,watering can,0_1_69,0_1,2,0.0002975902244522599,0.835577734708786,0.970699057137362,0.9951126082079284,0.0003687015516771464
00829-QaLdnwvtxbs,belief,536,watering can,0_2_61,0_2,3,0.00027509987832972823,0.9853296402427886,0.9425637664070419,0.9831661303264686,0.0003012806234725159
00829-QaLdnwvtxbs,belief,536,watering can,0_2_129,0_2,4,0.00027043575032779574,0.932868864342925,0.9496692699394691,0.9952873953330658,0.00030670624253300644
00829-QaLdnwvtxbs,belief,536,watering can,0_3_83,0_3,5,0.00024292508661779763,0.9828181131851393,0.9219149879587536,0.9601051810237284,0.00027924764907118237
00829-QaLdnwvtxbs,belief,537,weight,0_3_145,0_3,1,0.011585715395547253,0.9842710214791858,0.9367794637484924,0.9975332017347288,0.012596312770225394
00829-QaLdnwvtxbs,belief,537,weight,0_2_79,0_2,2,0.01124635030616472,0.9708657863340816,0.9319677390333537,0.991840751321489,0.012531688273387916
00829-QaLdnwvtxbs,belief,537,weight,0_2_61,0_2,3,0.010323889113956783,0.9853296402427886,0.9425637664070419,0.9831661303264686,0.011306394491334462
00829-QaLdnwvtxbs,belief,537,weight,0_3_101,0_3,4,0.00911118546091514,0.9791525103858175,0.975724896192237,0.6132452325871574,0.015551166748408056
00829-QaLdnwvtxbs,belief,537,weight,0_4_82,0_4,5,0.007822774633250132,0.9921106015443804,0.9635382904444146,0.9835741109117667,0.008320025578305338
00829-QaLdnwvtxbs,belief,538,weight bench,0_2_66,0_2,1,0.0004138708964359368,0.970324709402946,0.9290128585169263,0.9912809958219424,0.00046315812964380017
00829-QaLdnwvtxbs,belief,538,weight bench,0_4_97,0_4,2,0.00039444142162208033,0.9818021404441597,0.9427310769671773,0.9892209815654808,0.00043080168946963327
00829-QaLdnwvtxbs,belief,538,weight bench,0_3_94,0_3,3,0.0003018689485843303,0.9057604646488226,0.9294885230117531,0.9958992379815265,0.00036003576955611553
00829-QaLdnwvtxbs,belief,538,weight bench,0_0_29,0_0,4,0.00028230680236561657,0.9745103120803833,0.9449438616336413,0.9837028875686332,0.0003116484343050455
00829-QaLdnwvtxbs,belief,538,weight bench,0_1_53,0_1,5,0.00016605794486130316,0.9749215862194056,0.9501554997037894,0.996800738676546,0.0001798402653658674
00829-QaLdnwvtxbs,belief,539,weights,0_0_29,0_0,1,0.0020331870430820745,0.9745103120803833,0.9449438616336413,0.9837028875686332,0.00224450687449325
00829-QaLdnwvtxbs,belief,539,weights,0_2_79,0_2,2,0.0014932785563938967,0.9708657863340816,0.9319677390333537,0.991840751321489,0.0016639443788092993
00829-QaLdnwvtxbs,belief,539,weights,0_3_73,0_3,3,0.0008693262212440293,0.9854319304914134,0.941852970572902,0.5402934593739244,0.0017335777604554387
00829-QaLdnwvtxbs,belief,539,weights,0_3_101,0_3,4,0.0005680750908048363,0.9791525103858175,0.975724896192237,0.6132452325871574,0.0009696027482504714
00829-QaLdnwvtxbs,belief,539,weights,0_3_11,0_3,5,0.00046092311531536166,0.8894486994548881,0.9071771840028413,0.8797349768554308,0.0006493272155149152
00829-QaLdnwvtxbs,belief,540,wheel,0_1_43,0_1,1,0.0008258001639202972,0.9263140429280267,0.9817682153820861,0.974780379492114,0.0009315388456385208
00829-QaLdnwvtxbs,belief,540,wheel,0_3_272,0_3,2,0.00048423011755631775,0.9716149406874195,0.9312918124539873,0.8740281414346984,0.0006122748384951776
00829-QaLdnwvtxbs,belief,540,wheel,0_3_83,0_3,3,0.00033584315649753856,0.9828181131851393,0.9219149879587536,0.9601051810237284,0.0003860589830976802
00829-QaLdnwvtxbs,belief,540,wheel,0_2_79,0_2,4,0.0002628321224443868,0.9708657863340816,0.9319677390333537,0.991840751321489,0.0002928710325607153
00829-QaLdnwvtxbs,belief,540,wheel,0_3_277,0_3,5,0.0001579659434781923,0.9584286383279857,0.8930122431747622,0.7984749493913051,0.00023114525092554993
00829-QaLdnwvtxbs,belief,541,wheelbarrow,0_1_43,0_1,1,0.0017364303444676766,0.9263140429280267,0.9817682153820861,0.974780379492114,0.0019587696749031377
00829-QaLdnwvtxbs,belief,541,wheelbarrow,0_3_117,0_3,2,0.0007776976432466572,0.9709534859178668,0.9097389018378834,0.9726812811172267,0.0009051593319782594
00829-QaLdnwvtxbs,belief,541,wheelbarrow,0_2_61,0_2,3,0.0006269005890609835,0.9853296402427886,0.9425637664070419,0.9831661303264686,0.0006865615552952077
00829-QaLdnwvtxbs,belief,541,wheelbarrow,0_3_84,0_3,4,0.0003602878906330956,0.991945722962777,0.9280513961817156,0.994164705684942,0.0003936691540840603
00829-QaLdnwvtxbs,belief,541,wheelbarrow,0_2_79,0_2,5,0.00035860361712515483,0.9708657863340816,0.9319677390333537,0.991840751321489,0.0003995881882728162
00829-QaLdnwvtxbs,belief,542,window shade,0_3_23,0_3,1,0.2191396111849727,0.9767589137009971,0.9326865959270916,0.9695439334823801,0.24810200553461173
00829-QaLdnwvtxbs,belief,542,window shade,0_3_198,0_3,2,0.2140983856540228,0.9629236745572504,0.9346983177979851,0.9705556512548315,0.2450922757618913
00829-QaLdnwvtxbs,belief,542,window shade,0_3_66,0_3,3,0.1824281068840304,0.9759254692143265,0.9138336364383329,0.9705550467125418,0.21075980469574992
00829-QaLdnwvtxbs,belief,542,window shade,0_3_62,0_3,4,0.17515949072577192,0.9734820467779869,0.9224035960097587,0.9800960160566001,0.19902888775150235
00829-QaLdnwvtxbs,belief,542,window shade,0_3_40,0_3,5,0.17453029060302713,0.9650217667706119,0.9174500331949734,0.9818956896272236,0.20076404083403077
00829-QaLdnwvtxbs,belief,543,wine,0_1_43,0_1,1,0.01596446742770135,0.9263140429280267,0.9817682153820861,0.974780379492114,0.01800862025533579
00829-QaLdnwvtxbs,belief,543,wine,0_0_75,0_0,2,0.012800019474389078,0.9711026629510843,0.91942287731796,0.9967338657165301,0.014383049171367296
00829-QaLdnwvtxbs,belief,543,wine,0_3_145,0_3,3,0.009927950169141952,0.9842710214791858,0.9367794637484924,0.9975332017347288,0.010793944200095475
00829-QaLdnwvtxbs,belief,543,wine,0_0_102,0_0,4,0.00736369198755963,0.9647081651508119,0.9196356892104713,0.9921487403781908,0.008365791906685807
00829-QaLdnwvtxbs,belief,543,wine,0_2_132,0_2,5,0.006567908113656098,0.8174735053777695,0.9414269692541382,0.9949100102681608,0.008577938858513306
00829-QaLdnwvtxbs,belief,544,wine storage,0_0_75,0_0,1,0.00023774293600063436,0.9711026629510843,0.91942287731796,0.9967338657165301,0.00026714555751139257
00829-QaLdnwvtxbs,belief,544,wine storage,0_2_178,0_2,2,0.0002017144290591912,0.9830488621452709,0.9638973514160047,0.9822477923093185,0.00021672549931021117
00829-QaLdnwvtxbs,belief,544,wine storage,0_1_68,0_1,3,0.0001234294631881394,0.938170738473083,0.9668815624429336,0.9988075715237827,0.00013623285320669523
00829-QaLdnwvtxbs,belief,544,wine storage,0_3_222,0_3,4,0.00011771394726955045,0.960038078952136,0.9443246401611358,0.997694333297128,0.00013014294688489444
00829-QaLdnwvtxbs,belief,544,wine storage,0_2_61,0_2,5,0.00011104138335536725,0.9853296402427886,0.9425637664070419,0.9831661303264686,0.00012160898584061817
00829-QaLdnwvtxbs,belief,545,wood,0_3_116,0_3,1,0.9338471163643639,0.9839523975174245,0.9570741939452461,0.9988131604629913,0.9928230042968917
00829-QaLdnwvtxbs,belief,545,wood,0_3_324,0_3,2,0.8948877637935934,0.9950347408225528,0.9431496633862679,0.9981229631978343,0.9553569436180295
00829-QaLdnwvtxbs,belief,545,wood,0_3_115,0_3,3,0.8908705033870248,0.988532987567589,0.9522394591106464,0.9974454057907226,0.9488293389034484
00829-QaLdnwvtxbs,belief,545,wood,0_0_27,0_0,4,0.8870916264443853,0.9800538420649704,0.9382876673235386,0.9992042429256676,0.965446620505675
00829-QaLdnwvtxbs,belief,545,wood,0_3_25,0_3,5,0.8858210687038488,0.9717136220746593,0.9334398254931449,0.9979709957703587,0.9785960733012447
00829-QaLdnwvtxbs,belief,546,wrench,0_2_100,0_2,1,0.00545523200363721,0.9277319466287182,0.9408412436939142,0.9885928962129773,0.006322034779045773
00829-QaLdnwvtxbs,belief,546,wrench,0_3_177,0_3,2,0.004549390542310991,0.9766247625057128,0.9179685651540588,0.9893945082369284,0.005128946675017896
00829-QaLdnwvtxbs,belief,546,wrench,0_2_76,0_2,3,0.0017300667792632498,0.9777445369518636,0.9242074922009753,0.9961299462102072,0.0019219938234555567
00829-QaLdnwvtxbs,belief,546,wrench,0_1_43,0_1,4,0.0014511282861415654,0.9263140429280267,0.9817682153820861,0.974780379492114,0.0016369364255493018
00829-QaLdnwvtxbs,belief,546,wrench,0_1_76,0_1,5,0.0013805281147905432,0.9638035128666803,0.950586876729289,0.923645615490136,0.0016313966393241546
