scene_id,method,class_id,class_label,object_id,predicted_room_id,rank,score
00824-Dd4bFSTQ8gi,hovsg,0,acoustic panel,0_0_39,0_0,1,0.2850785172295204
00824-Dd4bFSTQ8gi,hovsg,0,acoustic panel,0_5_342,0_5,2,0.28081281517015033
00824-Dd4bFSTQ8gi,hovsg,0,acoustic panel,0_3_10,0_3,3,0.2763465345174081
00824-Dd4bFSTQ8gi,hovsg,0,acoustic panel,0_0_21,0_0,4,0.27210816089041096
00824-Dd4bFSTQ8gi,hovsg,0,acoustic panel,0_0_35,0_0,5,0.27136789710588977
00824-Dd4bFSTQ8gi,hovsg,1,air conditioner,0_0_68,0_0,1,0.2751032035934289
00824-Dd4bFSTQ8gi,hovsg,1,air conditioner,0_0_69,0_0,2,0.26892866137368365
00824-Dd4bFSTQ8gi,hovsg,1,air conditioner,0_0_3,0_0,3,0.26717181028574377
00824-Dd4bFSTQ8gi,hovsg,1,air conditioner,0_0_59,0_0,4,0.2600126312829653
00824-Dd4bFSTQ8gi,hovsg,1,air conditioner,0_0_74,0_0,5,0.25824223851810735
00824-Dd4bFSTQ8gi,hovsg,2,air freshener,0_2_20,0_2,1,0.2439897625609418
00824-Dd4bFSTQ8gi,hovsg,2,air freshener,0_1_35,0_1,2,0.2392426296861303
00824-Dd4bFSTQ8gi,hovsg,2,air freshener,0_6_76,0_6,3,0.23503941203986584
00824-Dd4bFSTQ8gi,hovsg,2,air freshener,0_5_141,0_5,4,0.23450552843751216
00824-Dd4bFSTQ8gi,hovsg,2,air freshener,0_1_52,0_1,5,0.23425917179620626
00824-Dd4bFSTQ8gi,hovsg,3,air hockey,0_1_59,0_1,1,0.2257027821733528
00824-Dd4bFSTQ8gi,hovsg,3,air hockey,0_3_47,0_3,2,0.22500050219894974
00824-Dd4bFSTQ8gi,hovsg,3,air hockey,0_5_358,0_5,3,0.22339693865767835
00824-Dd4bFSTQ8gi,hovsg,3,air hockey,0_0_45,0_0,4,0.22060050526528757
00824-Dd4bFSTQ8gi,hovsg,3,air hockey,0_2_150,0_2,5,0.21921616274170916
00824-Dd4bFSTQ8gi,hovsg,4,air purifier,0_5_141,0_5,1,0.2610343194440807
00824-Dd4bFSTQ8gi,hovsg,4,air purifier,0_1_35,0_1,2,0.2578838946246482
00824-Dd4bFSTQ8gi,hovsg,4,air purifier,0_5_400,0_5,3,0.25328838931584663
00824-Dd4bFSTQ8gi,hovsg,4,air purifier,0_5_76,0_5,4,0.24600589260704858
00824-Dd4bFSTQ8gi,hovsg,4,air purifier,0_6_76,0_6,5,0.24106433599349886
00824-Dd4bFSTQ8gi,hovsg,5,aisle frame,0_2_28,0_2,1,0.2630407561540436
00824-Dd4bFSTQ8gi,hovsg,5,aisle frame,0_0_23,0_0,2,0.25889972697188995
00824-Dd4bFSTQ8gi,hovsg,5,aisle frame,0_5_355,0_5,3,0.2570103622793897
00824-Dd4bFSTQ8gi,hovsg,5,aisle frame,0_5_354,0_5,4,0.2560039190730519
00824-Dd4bFSTQ8gi,hovsg,5,aisle frame,0_2_75,0_2,5,0.25428454956066243
00824-Dd4bFSTQ8gi,hovsg,6,alarm,0_0_55,0_0,1,0.2585777091031429
00824-Dd4bFSTQ8gi,hovsg,6,alarm,0_3_35,0_3,2,0.24858385914978381
00824-Dd4bFSTQ8gi,hovsg,6,alarm,0_5_88,0_5,3,0.23777908863166888
00824-Dd4bFSTQ8gi,hovsg,6,alarm,0_0_42,0_0,4,0.23677723032350592
00824-Dd4bFSTQ8gi,hovsg,6,alarm,0_1_68,0_1,5,0.23495765293128204
00824-Dd4bFSTQ8gi,hovsg,7,album,0_5_16,0_5,1,0.2734102431279631
00824-Dd4bFSTQ8gi,hovsg,7,album,0_2_164,0_2,2,0.2686917883535364
00824-Dd4bFSTQ8gi,hovsg,7,album,0_3_37,0_3,3,0.2640114079998459
00824-Dd4bFSTQ8gi,hovsg,7,album,0_3_3,0_3,4,0.2615799895079944
00824-Dd4bFSTQ8gi,hovsg,7,album,0_2_22,0_2,5,0.2585422402601348
00824-Dd4bFSTQ8gi,hovsg,8,amplifier,0_1_35,0_1,1,0.23792053368242264
00824-Dd4bFSTQ8gi,hovsg,8,amplifier,0_5_88,0_5,2,0.23576241699612366
00824-Dd4bFSTQ8gi,hovsg,8,amplifier,0_5_73,0_5,3,0.23235747177359442
00824-Dd4bFSTQ8gi,hovsg,8,amplifier,0_5_89,0_5,4,0.22867336882042494
00824-Dd4bFSTQ8gi,hovsg,8,amplifier,0_5_292,0_5,5,0.21364338414423256
00824-Dd4bFSTQ8gi,hovsg,9,appliance,0_5_89,0_5,1,0.300767293267795
00824-Dd4bFSTQ8gi,hovsg,9,appliance,0_5_11,0_5,2,0.29563336693109254
00824-Dd4bFSTQ8gi,hovsg,9,appliance,0_5_8,0_5,3,0.2949746122275983
00824-Dd4bFSTQ8gi,hovsg,9,appliance,0_5_73,0_5,4,0.2896624390406307
00824-Dd4bFSTQ8gi,hovsg,9,appliance,0_5_88,0_5,5,0.2890421302181533
00824-Dd4bFSTQ8gi,hovsg,10,apron,0_5_94,0_5,1,0.23002181149754514
00824-Dd4bFSTQ8gi,hovsg,10,apron,0_1_11,0_1,2,0.22994383133811722
00824-Dd4bFSTQ8gi,hovsg,10,apron,0_5_28,0_5,3,0.2279793820616522
00824-Dd4bFSTQ8gi,hovsg,10,apron,0_0_8,0_0,4,0.22700167794655146
00824-Dd4bFSTQ8gi,hovsg,10,apron,0_2_32,0_2,5,0.2186317895930881
00824-Dd4bFSTQ8gi,hovsg,11,aquarium,0_5_65,0_5,1,0.24380319326264271
00824-Dd4bFSTQ8gi,hovsg,11,aquarium,0_5_305,0_5,2,0.24218909076108652
00824-Dd4bFSTQ8gi,hovsg,11,aquarium,0_5_74,0_5,3,0.23387429341471827
00824-Dd4bFSTQ8gi,hovsg,11,aquarium,0_6_76,0_6,4,0.2332158980980638
00824-Dd4bFSTQ8gi,hovsg,11,aquarium,0_5_246,0_5,5,0.22920357619198262
00824-Dd4bFSTQ8gi,hovsg,12,arcade game,0_2_87,0_2,1,0.22465059501728543
00824-Dd4bFSTQ8gi,hovsg,12,arcade game,0_3_47,0_3,2,0.221797071525952
00824-Dd4bFSTQ8gi,hovsg,12,arcade game,0_3_30,0_3,3,0.2214617157757237
00824-Dd4bFSTQ8gi,hovsg,12,arcade game,0_5_358,0_5,4,0.21854886325100742
00824-Dd4bFSTQ8gi,hovsg,12,arcade game,0_1_102,0_1,5,0.21535678244847178
00824-Dd4bFSTQ8gi,hovsg,13,artwork,0_5_47,0_5,1,0.2812903598642459
00824-Dd4bFSTQ8gi,hovsg,13,artwork,0_5_330,0_5,2,0.2810038013092463
00824-Dd4bFSTQ8gi,hovsg,13,artwork,0_5_326,0_5,3,0.2754539811431851
00824-Dd4bFSTQ8gi,hovsg,13,artwork,0_1_49,0_1,4,0.2748713911070022
00824-Dd4bFSTQ8gi,hovsg,13,artwork,0_2_56,0_2,5,0.27109909536829024
00824-Dd4bFSTQ8gi,hovsg,14,ashtray,0_2_172,0_2,1,0.2883461437046705
00824-Dd4bFSTQ8gi,hovsg,14,ashtray,0_2_198,0_2,2,0.2715039639353198
00824-Dd4bFSTQ8gi,hovsg,14,ashtray,0_6_68,0_6,3,0.2687234374856591
00824-Dd4bFSTQ8gi,hovsg,14,ashtray,0_1_74,0_1,4,0.26336082109263576
00824-Dd4bFSTQ8gi,hovsg,14,ashtray,0_0_42,0_0,5,0.260728824778247
00824-Dd4bFSTQ8gi,hovsg,15,audio player,0_2_26,0_2,1,0.23118377208689167
00824-Dd4bFSTQ8gi,hovsg,15,audio player,0_3_47,0_3,2,0.2232125934576007
00824-Dd4bFSTQ8gi,hovsg,15,audio player,0_5_277,0_5,3,0.21683809982891072
00824-Dd4bFSTQ8gi,hovsg,15,audio player,0_5_423,0_5,4,0.21117820888075528
00824-Dd4bFSTQ8gi,hovsg,15,audio player,0_0_45,0_0,5,0.21019416095472468
00824-Dd4bFSTQ8gi,hovsg,16,axe,0_0_47,0_0,1,0.2739593475843788
00824-Dd4bFSTQ8gi,hovsg,16,axe,0_0_51,0_0,2,0.26305001547659823
00824-Dd4bFSTQ8gi,hovsg,16,axe,0_3_29,0_3,3,0.262375098428654
00824-Dd4bFSTQ8gi,hovsg,16,axe,0_1_29,0_1,4,0.26202685044154156
00824-Dd4bFSTQ8gi,hovsg,16,axe,0_0_71,0_0,5,0.262017609565644
00824-Dd4bFSTQ8gi,hovsg,17,baby changing table,0_2_161,0_2,1,0.26502956069782235
00824-Dd4bFSTQ8gi,hovsg,17,baby changing table,0_2_195,0_2,2,0.2641899283226281
00824-Dd4bFSTQ8gi,hovsg,17,baby changing table,0_2_198,0_2,3,0.2607669716951614
00824-Dd4bFSTQ8gi,hovsg,17,baby changing table,0_4_23,0_4,4,0.2590791771848648
00824-Dd4bFSTQ8gi,hovsg,17,baby changing table,0_2_91,0_2,5,0.25332657929896285
00824-Dd4bFSTQ8gi,hovsg,18,backrest,0_5_205,0_5,1,0.3071493627906674
00824-Dd4bFSTQ8gi,hovsg,18,backrest,0_5_215,0_5,2,0.30237732445001037
00824-Dd4bFSTQ8gi,hovsg,18,backrest,0_5_229,0_5,3,0.29883495958020967
00824-Dd4bFSTQ8gi,hovsg,18,backrest,0_5_266,0_5,4,0.29539490400231716
00824-Dd4bFSTQ8gi,hovsg,18,backrest,0_3_8,0_3,5,0.28724352045920226
00824-Dd4bFSTQ8gi,hovsg,19,backsplash,0_5_36,0_5,1,0.26731006705772337
00824-Dd4bFSTQ8gi,hovsg,19,backsplash,0_5_431,0_5,2,0.2653158469518578
00824-Dd4bFSTQ8gi,hovsg,19,backsplash,0_5_116,0_5,3,0.2646343020538413
00824-Dd4bFSTQ8gi,hovsg,19,backsplash,0_5_143,0_5,4,0.26342120908066147
00824-Dd4bFSTQ8gi,hovsg,19,backsplash,0_4_28,0_4,5,0.259178120726263
00824-Dd4bFSTQ8gi,hovsg,20,bag,0_1_35,0_1,1,0.2596169693008121
00824-Dd4bFSTQ8gi,hovsg,20,bag,0_5_177,0_5,2,0.25566461573300864
00824-Dd4bFSTQ8gi,hovsg,20,bag,0_5_173,0_5,3,0.2550841465014982
00824-Dd4bFSTQ8gi,hovsg,20,bag,0_5_393,0_5,4,0.2544304748070395
00824-Dd4bFSTQ8gi,hovsg,20,bag,0_3_37,0_3,5,0.252355250940679
00824-Dd4bFSTQ8gi,hovsg,21,ball,0_0_42,0_0,1,0.23047291278537313
00824-Dd4bFSTQ8gi,hovsg,21,ball,0_5_23,0_5,2,0.2272174982693536
00824-Dd4bFSTQ8gi,hovsg,21,ball,0_5_166,0_5,3,0.2231789547465835
00824-Dd4bFSTQ8gi,hovsg,21,ball,0_2_39,0_2,4,0.22316924407141245
00824-Dd4bFSTQ8gi,hovsg,21,ball,0_5_250,0_5,5,0.22303072867790635
00824-Dd4bFSTQ8gi,hovsg,22,ball pool,0_3_47,0_3,1,0.20306637562528052
00824-Dd4bFSTQ8gi,hovsg,22,ball pool,0_2_26,0_2,2,0.2015007443830568
00824-Dd4bFSTQ8gi,hovsg,22,ball pool,0_5_308,0_5,3,0.1980071642372822
00824-Dd4bFSTQ8gi,hovsg,22,ball pool,0_1_46,0_1,4,0.19128998257937924
00824-Dd4bFSTQ8gi,hovsg,22,ball pool,0_1_6,0_1,5,0.1889585969456778
00824-Dd4bFSTQ8gi,hovsg,23,bar,0_5_230,0_5,1,0.25013887007551333
00824-Dd4bFSTQ8gi,hovsg,23,bar,0_5_232,0_5,2,0.24340205473841775
00824-Dd4bFSTQ8gi,hovsg,23,bar,0_5_405,0_5,3,0.23175220887179993
00824-Dd4bFSTQ8gi,hovsg,23,bar,0_5_23,0_5,4,0.23036194540110688
00824-Dd4bFSTQ8gi,hovsg,23,bar,0_5_91,0_5,5,0.22069504131405565
00824-Dd4bFSTQ8gi,hovsg,24,barbecue,0_2_26,0_2,1,0.225301724932967
00824-Dd4bFSTQ8gi,hovsg,24,barbecue,0_3_47,0_3,2,0.22268260381634597
00824-Dd4bFSTQ8gi,hovsg,24,barbecue,0_5_277,0_5,3,0.21906370352410715
00824-Dd4bFSTQ8gi,hovsg,24,barbecue,0_3_3,0_3,4,0.2178353221057035
00824-Dd4bFSTQ8gi,hovsg,24,barbecue,0_3_35,0_3,5,0.2172744660222296
00824-Dd4bFSTQ8gi,hovsg,25,barrel,0_5_245,0_5,1,0.27835004063229357
00824-Dd4bFSTQ8gi,hovsg,25,barrel,0_5_128,0_5,2,0.2675782481876306
00824-Dd4bFSTQ8gi,hovsg,25,barrel,0_0_13,0_0,3,0.2658421361830839
00824-Dd4bFSTQ8gi,hovsg,25,barrel,0_2_4,0_2,4,0.2644148937881373
00824-Dd4bFSTQ8gi,hovsg,25,barrel,0_2_20,0_2,5,0.2635972767628143
00824-Dd4bFSTQ8gi,hovsg,26,base,0_2_172,0_2,1,0.2635494525640313
00824-Dd4bFSTQ8gi,hovsg,26,base,0_3_65,0_3,2,0.2630345382494602
00824-Dd4bFSTQ8gi,hovsg,26,base,0_2_97,0_2,3,0.2625840758016301
00824-Dd4bFSTQ8gi,hovsg,26,base,0_5_128,0_5,4,0.2618422001010908
00824-Dd4bFSTQ8gi,hovsg,26,base,0_3_3,0_3,5,0.2615035044653261
00824-Dd4bFSTQ8gi,hovsg,27,baseball bat,0_0_47,0_0,1,0.2673197849672078
00824-Dd4bFSTQ8gi,hovsg,27,baseball bat,0_5_378,0_5,2,0.25680371182955963
00824-Dd4bFSTQ8gi,hovsg,27,baseball bat,0_0_71,0_0,3,0.23980086124572764
00824-Dd4bFSTQ8gi,hovsg,27,baseball bat,0_2_145,0_2,4,0.2361223339779375
00824-Dd4bFSTQ8gi,hovsg,27,baseball bat,0_1_57,0_1,5,0.22396323085014824
00824-Dd4bFSTQ8gi,hovsg,28,basket,0_2_20,0_2,1,0.2693585027313047
00824-Dd4bFSTQ8gi,hovsg,28,basket,0_5_245,0_5,2,0.25462913073135274
00824-Dd4bFSTQ8gi,hovsg,28,basket,0_2_161,0_2,3,0.24847251235730797
00824-Dd4bFSTQ8gi,hovsg,28,basket,0_5_23,0_5,4,0.24435461970893468
00824-Dd4bFSTQ8gi,hovsg,28,basket,0_5_16,0_5,5,0.2437714289600954
00824-Dd4bFSTQ8gi,hovsg,29,basketball hoop,0_3_31,0_3,1,0.1968283864479336
00824-Dd4bFSTQ8gi,hovsg,30,basketballs,0_3_35,0_3,1,0.21107247679338284
00824-Dd4bFSTQ8gi,hovsg,30,basketballs,0_5_381,0_5,2,0.20327709063191093
00824-Dd4bFSTQ8gi,hovsg,30,basketballs,0_3_47,0_3,3,0.20311432733913476
00824-Dd4bFSTQ8gi,hovsg,30,basketballs,0_5_245,0_5,4,0.20046949542068482
00824-Dd4bFSTQ8gi,hovsg,30,basketballs,0_2_26,0_2,5,0.19750752201175972
00824-Dd4bFSTQ8gi,hovsg,31,bathroom accessory,0_2_24,0_2,1,0.3042583838702041
00824-Dd4bFSTQ8gi,hovsg,31,bathroom accessory,0_2_21,0_2,2,0.2995150242921238
00824-Dd4bFSTQ8gi,hovsg,31,bathroom accessory,0_2_22,0_2,3,0.2976021625663242
00824-Dd4bFSTQ8gi,hovsg,31,bathroom accessory,0_2_36,0_2,4,0.29708654718205296
00824-Dd4bFSTQ8gi,hovsg,31,bathroom accessory,0_2_16,0_2,5,0.2945701303510432
00824-Dd4bFSTQ8gi,hovsg,32,bathtub,0_4_142,0_4,1,0.28761042199685394
00824-Dd4bFSTQ8gi,hovsg,32,bathtub,0_4_71,0_4,2,0.28291520706420764
00824-Dd4bFSTQ8gi,hovsg,32,bathtub,0_2_24,0_2,3,0.28159261181212397
00824-Dd4bFSTQ8gi,hovsg,32,bathtub,0_4_54,0_4,4,0.27132021676852686
00824-Dd4bFSTQ8gi,hovsg,32,bathtub,0_4_52,0_4,5,0.26988062672111707
00824-Dd4bFSTQ8gi,hovsg,33,bed,0_1_56,0_1,1,0.30286700949156087
00824-Dd4bFSTQ8gi,hovsg,33,bed,0_1_40,0_1,2,0.3004192842506868
00824-Dd4bFSTQ8gi,hovsg,33,bed,0_1_30,0_1,3,0.30002677338497086
00824-Dd4bFSTQ8gi,hovsg,33,bed,0_1_43,0_1,4,0.29613895806738355
00824-Dd4bFSTQ8gi,hovsg,33,bed,0_2_193,0_2,5,0.29461494796389237
00824-Dd4bFSTQ8gi,hovsg,34,bed ladder,0_2_169,0_2,1,0.264015140655966
00824-Dd4bFSTQ8gi,hovsg,34,bed ladder,0_1_76,0_1,2,0.26286071773950936
00824-Dd4bFSTQ8gi,hovsg,34,bed ladder,0_1_56,0_1,3,0.26144647431517165
00824-Dd4bFSTQ8gi,hovsg,34,bed ladder,0_2_195,0_2,4,0.2602633856620854
00824-Dd4bFSTQ8gi,hovsg,34,bed ladder,0_2_42,0_2,5,0.2600572689691777
00824-Dd4bFSTQ8gi,hovsg,35,beer crate,0_5_76,0_5,1,0.2491695376228415
00824-Dd4bFSTQ8gi,hovsg,35,beer crate,0_5_16,0_5,2,0.22621906658966962
00824-Dd4bFSTQ8gi,hovsg,36,bell,0_6_79,0_6,1,0.25538729756727424
00824-Dd4bFSTQ8gi,hovsg,36,bell,0_2_172,0_2,2,0.2538536013092912
00824-Dd4bFSTQ8gi,hovsg,36,bell,0_2_6,0_2,3,0.25368447733840527
00824-Dd4bFSTQ8gi,hovsg,36,bell,0_5_134,0_5,4,0.25286749504240263
00824-Dd4bFSTQ8gi,hovsg,36,bell,0_0_42,0_0,5,0.25098073418896916
00824-Dd4bFSTQ8gi,hovsg,37,belt,0_3_3,0_3,1,0.2634003682239071
00824-Dd4bFSTQ8gi,hovsg,37,belt,0_5_245,0_5,2,0.2609117419854271
00824-Dd4bFSTQ8gi,hovsg,37,belt,0_2_195,0_2,3,0.25026397239417025
00824-Dd4bFSTQ8gi,hovsg,37,belt,0_2_24,0_2,4,0.24976544395667769
00824-Dd4bFSTQ8gi,hovsg,37,belt,0_3_65,0_3,5,0.24955733197846297
00824-Dd4bFSTQ8gi,hovsg,38,bench,0_3_3,0_3,1,0.2824785692412864
00824-Dd4bFSTQ8gi,hovsg,38,bench,0_5_158,0_5,2,0.27622061243796536
00824-Dd4bFSTQ8gi,hovsg,38,bench,0_3_25,0_3,3,0.2701191862225685
00824-Dd4bFSTQ8gi,hovsg,38,bench,0_5_396,0_5,4,0.2678641210779634
00824-Dd4bFSTQ8gi,hovsg,38,bench,0_3_65,0_3,5,0.26766352744664573
00824-Dd4bFSTQ8gi,hovsg,39,beverage dispenser,0_5_141,0_5,1,0.23213596724715244
00824-Dd4bFSTQ8gi,hovsg,40,bicycle,0_2_26,0_2,1,0.22825524294877197
00824-Dd4bFSTQ8gi,hovsg,40,bicycle,0_3_47,0_3,2,0.2107374911525869
00824-Dd4bFSTQ8gi,hovsg,40,bicycle,0_3_3,0_3,3,0.2098657191540685
00824-Dd4bFSTQ8gi,hovsg,40,bicycle,0_5_297,0_5,4,0.20864947821858776
00824-Dd4bFSTQ8gi,hovsg,40,bicycle,0_5_277,0_5,5,0.20704220409370927
00824-Dd4bFSTQ8gi,hovsg,41,bicycle helmet,0_5_160,0_5,1,0.2095018356571812
00824-Dd4bFSTQ8gi,hovsg,42,bin,0_5_76,0_5,1,0.278030016715354
00824-Dd4bFSTQ8gi,hovsg,42,bin,0_5_224,0_5,2,0.26667574715696324
00824-Dd4bFSTQ8gi,hovsg,42,bin,0_2_20,0_2,3,0.26234987363553697
00824-Dd4bFSTQ8gi,hovsg,42,bin,0_5_141,0_5,4,0.26032895749337526
00824-Dd4bFSTQ8gi,hovsg,42,bin,0_2_30,0_2,5,0.25984269273836946
00824-Dd4bFSTQ8gi,hovsg,43,birdhouse,0_5_400,0_5,1,0.2617969012286912
00824-Dd4bFSTQ8gi,hovsg,43,birdhouse,0_5_16,0_5,2,0.24866929376687855
00824-Dd4bFSTQ8gi,hovsg,43,birdhouse,0_5_84,0_5,3,0.2461201583056679
00824-Dd4bFSTQ8gi,hovsg,43,birdhouse,0_2_172,0_2,4,0.24072451621147764
00824-Dd4bFSTQ8gi,hovsg,43,birdhouse,0_5_94,0_5,5,0.23339083085468865
00824-Dd4bFSTQ8gi,hovsg,44,blanket,0_1_62,0_1,1,0.29423158299053254
00824-Dd4bFSTQ8gi,hovsg,44,blanket,0_1_30,0_1,2,0.28877687566934196
00824-Dd4bFSTQ8gi,hovsg,44,blanket,0_1_69,0_1,3,0.2856172227485674
00824-Dd4bFSTQ8gi,hovsg,44,blanket,0_1_61,0_1,4,0.28547810815084246
00824-Dd4bFSTQ8gi,hovsg,44,blanket,0_0_62,0_0,5,0.2851164569268646
00824-Dd4bFSTQ8gi,hovsg,45,board,0_3_65,0_3,1,0.25128578553904374
00824-Dd4bFSTQ8gi,hovsg,45,board,0_3_3,0_3,2,0.2500962217668826
00824-Dd4bFSTQ8gi,hovsg,45,board,0_3_25,0_3,3,0.2491168320860977
00824-Dd4bFSTQ8gi,hovsg,45,board,0_5_173,0_5,4,0.241285254506175
00824-Dd4bFSTQ8gi,hovsg,45,board,0_1_88,0_1,5,0.23972143028389584
00824-Dd4bFSTQ8gi,hovsg,46,board game,0_3_37,0_3,1,0.2269734324443305
00824-Dd4bFSTQ8gi,hovsg,46,board game,0_3_3,0_3,2,0.21759257659339842
00824-Dd4bFSTQ8gi,hovsg,46,board game,0_3_25,0_3,3,0.2155536166995834
00824-Dd4bFSTQ8gi,hovsg,46,board game,0_3_65,0_3,4,0.21544650168424148
00824-Dd4bFSTQ8gi,hovsg,46,board game,0_2_26,0_2,5,0.2102438391288028
00824-Dd4bFSTQ8gi,hovsg,47,board with keys,0_2_28,0_2,1,0.20313057599924186
00824-Dd4bFSTQ8gi,hovsg,47,board with keys,0_5_26,0_5,2,0.20247834633186734
00824-Dd4bFSTQ8gi,hovsg,47,board with keys,0_5_56,0_5,3,0.19925310664500298
00824-Dd4bFSTQ8gi,hovsg,47,board with keys,0_5_41,0_5,4,0.19766937419355707
00824-Dd4bFSTQ8gi,hovsg,47,board with keys,0_5_61,0_5,5,0.19726553065766605
00824-Dd4bFSTQ8gi,hovsg,48,book,0_2_164,0_2,1,0.29356245900968375
00824-Dd4bFSTQ8gi,hovsg,48,book,0_3_37,0_3,2,0.26904891061937763
00824-Dd4bFSTQ8gi,hovsg,48,book,0_5_28,0_5,3,0.2618670353781131
00824-Dd4bFSTQ8gi,hovsg,48,book,0_5_177,0_5,4,0.25603893511252174
00824-Dd4bFSTQ8gi,hovsg,48,book,0_2_198,0_2,5,0.2520351681881803
00824-Dd4bFSTQ8gi,hovsg,49,bottle,0_5_141,0_5,1,0.26958937788459236
00824-Dd4bFSTQ8gi,hovsg,49,bottle,0_5_72,0_5,2,0.2690826137407659
00824-Dd4bFSTQ8gi,hovsg,49,bottle,0_5_2,0_5,3,0.26829896446445434
00824-Dd4bFSTQ8gi,hovsg,49,bottle,0_5_245,0_5,4,0.2635427528166115
00824-Dd4bFSTQ8gi,hovsg,49,bottle,0_5_134,0_5,5,0.2634490781400688
00824-Dd4bFSTQ8gi,hovsg,50,bottle dispenser,0_5_141,0_5,1,0.23853379165827535
00824-Dd4bFSTQ8gi,hovsg,51,bottle opener,0_0_47,0_0,1,0.24882911762229495
00824-Dd4bFSTQ8gi,hovsg,51,bottle opener,0_4_27,0_4,2,0.24305571330215223
00824-Dd4bFSTQ8gi,hovsg,51,bottle opener,0_2_137,0_2,3,0.24258106032094448
00824-Dd4bFSTQ8gi,hovsg,51,bottle opener,0_2_148,0_2,4,0.23526577643818744
00824-Dd4bFSTQ8gi,hovsg,51,bottle opener,0_0_71,0_0,5,0.23198039772982743
00824-Dd4bFSTQ8gi,hovsg,52,bowl,0_5_260,0_5,1,0.2603860170532133
00824-Dd4bFSTQ8gi,hovsg,52,bowl,0_2_24,0_2,2,0.2592288548535825
00824-Dd4bFSTQ8gi,hovsg,52,bowl,0_5_289,0_5,3,0.2537556309618162
00824-Dd4bFSTQ8gi,hovsg,52,bowl,0_2_172,0_2,4,0.25326907460665726
00824-Dd4bFSTQ8gi,hovsg,52,bowl,0_5_166,0_5,5,0.25047257880405005
00824-Dd4bFSTQ8gi,hovsg,53,box,0_5_16,0_5,1,0.27743919472012424
00824-Dd4bFSTQ8gi,hovsg,53,box,0_2_198,0_2,2,0.2673795447358066
00824-Dd4bFSTQ8gi,hovsg,53,box,0_2_161,0_2,3,0.266678217353751
00824-Dd4bFSTQ8gi,hovsg,53,box,0_2_195,0_2,4,0.26434510740611605
00824-Dd4bFSTQ8gi,hovsg,53,box,0_0_55,0_0,5,0.2619310985949704
00824-Dd4bFSTQ8gi,hovsg,54,boxing ring,0_3_47,0_3,1,0.22960680427406482
00824-Dd4bFSTQ8gi,hovsg,54,boxing ring,0_3_30,0_3,2,0.2255404657406068
00824-Dd4bFSTQ8gi,hovsg,54,boxing ring,0_0_55,0_0,3,0.22455198886225047
00824-Dd4bFSTQ8gi,hovsg,54,boxing ring,0_3_35,0_3,4,0.2230612592267215
00824-Dd4bFSTQ8gi,hovsg,54,boxing ring,0_2_26,0_2,5,0.21930142986448953
00824-Dd4bFSTQ8gi,hovsg,55,bread,0_5_146,0_5,1,0.2697706927699255
00824-Dd4bFSTQ8gi,hovsg,55,bread,0_3_37,0_3,2,0.266568275522273
00824-Dd4bFSTQ8gi,hovsg,55,bread,0_3_3,0_3,3,0.26518319470508206
00824-Dd4bFSTQ8gi,hovsg,55,bread,0_3_28,0_3,4,0.25995973753198753
00824-Dd4bFSTQ8gi,hovsg,55,bread,0_5_23,0_5,5,0.25905159074066225
00824-Dd4bFSTQ8gi,hovsg,56,bread box,0_5_16,0_5,1,0.2669525318296102
00824-Dd4bFSTQ8gi,hovsg,56,bread box,0_5_224,0_5,2,0.26584930644236726
00824-Dd4bFSTQ8gi,hovsg,56,bread box,0_5_127,0_5,3,0.2656261943092517
00824-Dd4bFSTQ8gi,hovsg,56,bread box,0_5_94,0_5,4,0.2643288039510603
00824-Dd4bFSTQ8gi,hovsg,56,bread box,0_5_76,0_5,5,0.2623856914576203
00824-Dd4bFSTQ8gi,hovsg,57,bricks,0_6_106,0_6,1,0.28949853413319504
00824-Dd4bFSTQ8gi,hovsg,57,bricks,0_6_127,0_6,2,0.2881536671161017
00824-Dd4bFSTQ8gi,hovsg,57,bricks,0_6_139,0_6,3,0.28479735733595146
00824-Dd4bFSTQ8gi,hovsg,57,bricks,0_6_13,0_6,4,0.28250316719171964
00824-Dd4bFSTQ8gi,hovsg,57,bricks,0_6_2,0_6,5,0.2746548718239263
00824-Dd4bFSTQ8gi,hovsg,58,bridge,0_5_395,0_5,1,0.23171954881651766
00824-Dd4bFSTQ8gi,hovsg,58,bridge,0_5_158,0_5,2,0.22773822365759358
00824-Dd4bFSTQ8gi,hovsg,58,bridge,0_6_111,0_6,3,0.2118262793404111
00824-Dd4bFSTQ8gi,hovsg,58,bridge,0_6_45,0_6,4,0.20838138947511659
00824-Dd4bFSTQ8gi,hovsg,58,bridge,0_6_56,0_6,5,0.20459492489905085
00824-Dd4bFSTQ8gi,hovsg,59,broom,0_2_20,0_2,1,0.277012320272102
00824-Dd4bFSTQ8gi,hovsg,59,broom,0_5_378,0_5,2,0.26852548448052527
00824-Dd4bFSTQ8gi,hovsg,59,broom,0_5_128,0_5,3,0.2650152222314859
00824-Dd4bFSTQ8gi,hovsg,59,broom,0_5_218,0_5,4,0.2609678955670194
00824-Dd4bFSTQ8gi,hovsg,59,broom,0_3_3,0_3,5,0.2580881840684736
00824-Dd4bFSTQ8gi,hovsg,60,brush,0_5_128,0_5,1,0.28227517047817896
00824-Dd4bFSTQ8gi,hovsg,60,brush,0_2_20,0_2,2,0.27624016101701554
00824-Dd4bFSTQ8gi,hovsg,60,brush,0_6_1,0_6,3,0.26629337801618747
00824-Dd4bFSTQ8gi,hovsg,60,brush,0_5_218,0_5,4,0.26514184967341997
00824-Dd4bFSTQ8gi,hovsg,60,brush,0_5_72,0_5,5,0.2641299188257069
00824-Dd4bFSTQ8gi,hovsg,61,bucket,0_2_20,0_2,1,0.2923559393926617
00824-Dd4bFSTQ8gi,hovsg,61,bucket,0_2_4,0_2,2,0.2816220811962881
00824-Dd4bFSTQ8gi,hovsg,61,bucket,0_2_30,0_2,3,0.2778152455565772
00824-Dd4bFSTQ8gi,hovsg,61,bucket,0_2_145,0_2,4,0.26047880869666895
00824-Dd4bFSTQ8gi,hovsg,61,bucket,0_1_35,0_1,5,0.2602710652816504
00824-Dd4bFSTQ8gi,hovsg,62,buffet,0_5_293,0_5,1,0.2375285033264891
00824-Dd4bFSTQ8gi,hovsg,62,buffet,0_5_28,0_5,2,0.2347450593046807
00824-Dd4bFSTQ8gi,hovsg,62,buffet,0_5_23,0_5,3,0.23297712686639171
00824-Dd4bFSTQ8gi,hovsg,62,buffet,0_5_335,0_5,4,0.22237280582940583
00824-Dd4bFSTQ8gi,hovsg,62,buffet,0_5_113,0_5,5,0.2121337350153363
00824-Dd4bFSTQ8gi,hovsg,63,button,0_1_29,0_1,1,0.2545737533404885
00824-Dd4bFSTQ8gi,hovsg,63,button,0_0_42,0_0,2,0.24731186028756397
00824-Dd4bFSTQ8gi,hovsg,63,button,0_2_172,0_2,3,0.2466735157941582
00824-Dd4bFSTQ8gi,hovsg,63,button,0_5_16,0_5,4,0.2431516773504513
00824-Dd4bFSTQ8gi,hovsg,63,button,0_0_50,0_0,5,0.23391636300533442
00824-Dd4bFSTQ8gi,hovsg,64,cabinet,0_5_224,0_5,1,0.30383659976569166
00824-Dd4bFSTQ8gi,hovsg,64,cabinet,0_5_76,0_5,2,0.2932929923020058
00824-Dd4bFSTQ8gi,hovsg,64,cabinet,0_5_226,0_5,3,0.293174256620861
00824-Dd4bFSTQ8gi,hovsg,64,cabinet,0_5_18,0_5,4,0.2927162854670464
00824-Dd4bFSTQ8gi,hovsg,64,cabinet,0_4_23,0_4,5,0.2912515150653651
00824-Dd4bFSTQ8gi,hovsg,65,cable,0_4_44,0_4,1,0.251092938089383
00824-Dd4bFSTQ8gi,hovsg,65,cable,0_1_75,0_1,2,0.23610874605307672
00824-Dd4bFSTQ8gi,hovsg,65,cable,0_4_116,0_4,3,0.23607531627824907
00824-Dd4bFSTQ8gi,hovsg,65,cable,0_2_148,0_2,4,0.23490781183276466
00824-Dd4bFSTQ8gi,hovsg,65,cable,0_5_308,0_5,5,0.2335203899541635
00824-Dd4bFSTQ8gi,hovsg,66,cage,0_0_68,0_0,1,0.26953235928454
00824-Dd4bFSTQ8gi,hovsg,66,cage,0_0_69,0_0,2,0.264040359341476
00824-Dd4bFSTQ8gi,hovsg,66,cage,0_0_3,0_0,3,0.25862764748069667
00824-Dd4bFSTQ8gi,hovsg,66,cage,0_0_74,0_0,4,0.25073347431930215
00824-Dd4bFSTQ8gi,hovsg,66,cage,0_3_31,0_3,5,0.22763593271337795
00824-Dd4bFSTQ8gi,hovsg,67,cake,0_2_172,0_2,1,0.2708717422798687
00824-Dd4bFSTQ8gi,hovsg,67,cake,0_2_164,0_2,2,0.2656214230642433
00824-Dd4bFSTQ8gi,hovsg,67,cake,0_5_94,0_5,3,0.26487199161473435
00824-Dd4bFSTQ8gi,hovsg,67,cake,0_5_16,0_5,4,0.26155880860911035
00824-Dd4bFSTQ8gi,hovsg,67,cake,0_5_260,0_5,5,0.2611527751281894
00824-Dd4bFSTQ8gi,hovsg,68,calculator,0_0_45,0_0,1,0.20269916766922086
00824-Dd4bFSTQ8gi,hovsg,68,calculator,0_2_115,0_2,2,0.20122993026947497
00824-Dd4bFSTQ8gi,hovsg,68,calculator,0_0_55,0_0,3,0.20096673133670753
00824-Dd4bFSTQ8gi,hovsg,68,calculator,0_3_47,0_3,4,0.20046160622426623
00824-Dd4bFSTQ8gi,hovsg,68,calculator,0_1_52,0_1,5,0.19974667739649335
00824-Dd4bFSTQ8gi,hovsg,69,calendar,0_0_55,0_0,1,0.22842063300554727
00824-Dd4bFSTQ8gi,hovsg,69,calendar,0_2_26,0_2,2,0.22460485794832108
00824-Dd4bFSTQ8gi,hovsg,69,calendar,0_1_3,0_1,3,0.22394381187045265
00824-Dd4bFSTQ8gi,hovsg,69,calendar,0_2_141,0_2,4,0.22316322429646912
00824-Dd4bFSTQ8gi,hovsg,69,calendar,0_3_3,0_3,5,0.22159895073258837
00824-Dd4bFSTQ8gi,hovsg,70,camera,0_5_276,0_5,1,0.2665029839480984
00824-Dd4bFSTQ8gi,hovsg,70,camera,0_5_221,0_5,2,0.2657006579892951
00824-Dd4bFSTQ8gi,hovsg,70,camera,0_3_39,0_3,3,0.26467900849678894
00824-Dd4bFSTQ8gi,hovsg,70,camera,0_2_177,0_2,4,0.2645068225889199
00824-Dd4bFSTQ8gi,hovsg,70,camera,0_3_3,0_3,5,0.2642097494213868
00824-Dd4bFSTQ8gi,hovsg,71,can,0_5_141,0_5,1,0.276161573400924
00824-Dd4bFSTQ8gi,hovsg,71,can,0_5_23,0_5,2,0.26840733538484984
00824-Dd4bFSTQ8gi,hovsg,71,can,0_2_20,0_2,3,0.264614043813052
00824-Dd4bFSTQ8gi,hovsg,71,can,0_5_128,0_5,4,0.26458964888901193
00824-Dd4bFSTQ8gi,hovsg,71,can,0_5_16,0_5,5,0.26400106987096217
00824-Dd4bFSTQ8gi,hovsg,72,canal,0_2_26,0_2,1,0.2427025717875553
00824-Dd4bFSTQ8gi,hovsg,72,canal,0_5_72,0_5,2,0.2294901447375498
00824-Dd4bFSTQ8gi,hovsg,72,canal,0_0_26,0_0,3,0.22686664141830148
00824-Dd4bFSTQ8gi,hovsg,72,canal,0_0_30,0_0,4,0.2263311092407256
00824-Dd4bFSTQ8gi,hovsg,72,canal,0_2_115,0_2,5,0.22628326395922993
00824-Dd4bFSTQ8gi,hovsg,73,candelabra,0_2_6,0_2,1,0.2588830777587842
00824-Dd4bFSTQ8gi,hovsg,73,candelabra,0_2_76,0_2,2,0.24184433705516847
00824-Dd4bFSTQ8gi,hovsg,73,candelabra,0_2_2,0_2,3,0.2337855402427135
00824-Dd4bFSTQ8gi,hovsg,73,candelabra,0_2_63,0_2,4,0.2306872791357264
00824-Dd4bFSTQ8gi,hovsg,74,candle,0_2_6,0_2,1,0.24539761665749057
00824-Dd4bFSTQ8gi,hovsg,74,candle,0_2_4,0_2,2,0.23392910792567642
00824-Dd4bFSTQ8gi,hovsg,74,candle,0_2_145,0_2,3,0.21000539365833507
00824-Dd4bFSTQ8gi,hovsg,74,candle,0_1_53,0_1,4,0.20812327476929726
00824-Dd4bFSTQ8gi,hovsg,75,candle holder,0_2_6,0_2,1,0.26155340164276564
00824-Dd4bFSTQ8gi,hovsg,75,candle holder,0_2_172,0_2,2,0.25893166079883356
00824-Dd4bFSTQ8gi,hovsg,75,candle holder,0_2_76,0_2,3,0.2385945717600373
00824-Dd4bFSTQ8gi,hovsg,75,candle holder,0_2_4,0_2,4,0.23324002332129073
00824-Dd4bFSTQ8gi,hovsg,75,candle holder,0_2_2,0_2,5,0.2304156457974231
00824-Dd4bFSTQ8gi,hovsg,76,candle stand,0_2_6,0_2,1,0.26994336353723297
00824-Dd4bFSTQ8gi,hovsg,76,candle stand,0_2_172,0_2,2,0.25302148342153863
00824-Dd4bFSTQ8gi,hovsg,76,candle stand,0_2_198,0_2,3,0.24469905697093797
00824-Dd4bFSTQ8gi,hovsg,76,candle stand,0_2_4,0_2,4,0.24453615508399218
00824-Dd4bFSTQ8gi,hovsg,76,candle stand,0_2_76,0_2,5,0.2390890671297687
00824-Dd4bFSTQ8gi,hovsg,77,candlestick,0_2_6,0_2,1,0.266983776702969
00824-Dd4bFSTQ8gi,hovsg,78,canoe,0_0_47,0_0,1,0.26547997402145995
00824-Dd4bFSTQ8gi,hovsg,78,canoe,0_5_146,0_5,2,0.24640142048910807
00824-Dd4bFSTQ8gi,hovsg,78,canoe,0_0_71,0_0,3,0.24453794904671625
00824-Dd4bFSTQ8gi,hovsg,78,canoe,0_1_54,0_1,4,0.24420215315189492
00824-Dd4bFSTQ8gi,hovsg,78,canoe,0_2_33,0_2,5,0.24153788485790434
00824-Dd4bFSTQ8gi,hovsg,79,canopy,0_2_116,0_2,1,0.26366705710347305
00824-Dd4bFSTQ8gi,hovsg,79,canopy,0_2_115,0_2,2,0.2622565537851413
00824-Dd4bFSTQ8gi,hovsg,79,canopy,0_2_204,0_2,3,0.26009619445160675
00824-Dd4bFSTQ8gi,hovsg,79,canopy,0_3_44,0_3,4,0.2584781664662327
00824-Dd4bFSTQ8gi,hovsg,79,canopy,0_3_36,0_3,5,0.25427099872656245
00824-Dd4bFSTQ8gi,hovsg,80,car,0_3_35,0_3,1,0.24652563815069958
00824-Dd4bFSTQ8gi,hovsg,80,car,0_1_52,0_1,2,0.22190313679364504
00824-Dd4bFSTQ8gi,hovsg,80,car,0_3_31,0_3,3,0.20666083926633977
00824-Dd4bFSTQ8gi,hovsg,81,card,0_0_21,0_0,1,0.25616304931489403
00824-Dd4bFSTQ8gi,hovsg,81,card,0_1_6,0_1,2,0.2516416246853358
00824-Dd4bFSTQ8gi,hovsg,81,card,0_0_28,0_0,3,0.2514598623020596
00824-Dd4bFSTQ8gi,hovsg,81,card,0_1_99,0_1,4,0.2507255536684649
00824-Dd4bFSTQ8gi,hovsg,81,card,0_3_39,0_3,5,0.24957488063978456
00824-Dd4bFSTQ8gi,hovsg,82,cardboard,0_0_32,0_0,1,0.30729635553629464
00824-Dd4bFSTQ8gi,hovsg,82,cardboard,0_3_65,0_3,2,0.30569805493237645
00824-Dd4bFSTQ8gi,hovsg,82,cardboard,0_5_230,0_5,3,0.30463674230314886
00824-Dd4bFSTQ8gi,hovsg,82,cardboard,0_1_67,0_1,4,0.30445583944712434
00824-Dd4bFSTQ8gi,hovsg,82,cardboard,0_3_25,0_3,5,0.3036026699683869
00824-Dd4bFSTQ8gi,hovsg,83,cart,0_3_3,0_3,1,0.2710819533497234
00824-Dd4bFSTQ8gi,hovsg,83,cart,0_5_173,0_5,2,0.26119574134593926
00824-Dd4bFSTQ8gi,hovsg,83,cart,0_2_161,0_2,3,0.25761703138240344
00824-Dd4bFSTQ8gi,hovsg,83,cart,0_2_195,0_2,4,0.2575341756569042
00824-Dd4bFSTQ8gi,hovsg,83,cart,0_5_76,0_5,5,0.2523122170758653
00824-Dd4bFSTQ8gi,hovsg,84,cash register,0_2_198,0_2,1,0.24560337008514066
00824-Dd4bFSTQ8gi,hovsg,84,cash register,0_3_37,0_3,2,0.23233152938930493
00824-Dd4bFSTQ8gi,hovsg,84,cash register,0_5_177,0_5,3,0.23011099866289653
00824-Dd4bFSTQ8gi,hovsg,84,cash register,0_5_400,0_5,4,0.2225266194332826
00824-Dd4bFSTQ8gi,hovsg,85,casket,0_2_161,0_2,1,0.2912705292452206
00824-Dd4bFSTQ8gi,hovsg,85,casket,0_2_195,0_2,2,0.2869580845239772
00824-Dd4bFSTQ8gi,hovsg,85,casket,0_2_198,0_2,3,0.2812360468766226
00824-Dd4bFSTQ8gi,hovsg,85,casket,0_2_169,0_2,4,0.26411800102706523
00824-Dd4bFSTQ8gi,hovsg,85,casket,0_2_172,0_2,5,0.25894418464232366
00824-Dd4bFSTQ8gi,hovsg,86,cassette,0_3_37,0_3,1,0.2720818608417952
00824-Dd4bFSTQ8gi,hovsg,86,cassette,0_5_2,0_5,2,0.2683423484015185
00824-Dd4bFSTQ8gi,hovsg,86,cassette,0_0_55,0_0,3,0.26768207435551944
00824-Dd4bFSTQ8gi,hovsg,86,cassette,0_1_35,0_1,4,0.2666718881710812
00824-Dd4bFSTQ8gi,hovsg,86,cassette,0_0_23,0_0,5,0.2641959640240027
00824-Dd4bFSTQ8gi,hovsg,87,cat,0_5_128,0_5,1,0.2892150199334314
00824-Dd4bFSTQ8gi,hovsg,87,cat,0_5_245,0_5,2,0.28037387744816816
00824-Dd4bFSTQ8gi,hovsg,87,cat,0_5_299,0_5,3,0.2773834360167948
00824-Dd4bFSTQ8gi,hovsg,87,cat,0_6_76,0_6,4,0.2768255680475667
00824-Dd4bFSTQ8gi,hovsg,87,cat,0_5_393,0_5,5,0.2750152042887114
00824-Dd4bFSTQ8gi,hovsg,88,cat food,0_5_299,0_5,1,0.2385503150427895
00824-Dd4bFSTQ8gi,hovsg,88,cat food,0_5_23,0_5,2,0.23567026469799723
00824-Dd4bFSTQ8gi,hovsg,88,cat food,0_5_28,0_5,3,0.23536705905730276
00824-Dd4bFSTQ8gi,hovsg,88,cat food,0_5_16,0_5,4,0.2316962149376786
00824-Dd4bFSTQ8gi,hovsg,88,cat food,0_5_94,0_5,5,0.23088618718130594
00824-Dd4bFSTQ8gi,hovsg,89,cat litter box,0_5_128,0_5,1,0.28216625239007137
00824-Dd4bFSTQ8gi,hovsg,89,cat litter box,0_5_134,0_5,2,0.27816339237760507
00824-Dd4bFSTQ8gi,hovsg,89,cat litter box,0_5_224,0_5,3,0.26884855079140946
00824-Dd4bFSTQ8gi,hovsg,89,cat litter box,0_5_121,0_5,4,0.2679902748446942
00824-Dd4bFSTQ8gi,hovsg,89,cat litter box,0_1_74,0_1,5,0.2662009226683651
00824-Dd4bFSTQ8gi,hovsg,90,cat tree,0_5_128,0_5,1,0.27994128334111595
00824-Dd4bFSTQ8gi,hovsg,90,cat tree,0_5_223,0_5,2,0.27884127554862925
00824-Dd4bFSTQ8gi,hovsg,90,cat tree,0_6_76,0_6,3,0.2770505354223744
00824-Dd4bFSTQ8gi,hovsg,90,cat tree,0_6_84,0_6,4,0.26944848358525375
00824-Dd4bFSTQ8gi,hovsg,90,cat tree,0_5_245,0_5,5,0.26687950580199443
00824-Dd4bFSTQ8gi,hovsg,91,cd,0_5_16,0_5,1,0.2494994871880799
00824-Dd4bFSTQ8gi,hovsg,91,cd,0_2_164,0_2,2,0.24103681506670954
00824-Dd4bFSTQ8gi,hovsg,91,cd,0_1_74,0_1,3,0.23372353035663368
00824-Dd4bFSTQ8gi,hovsg,91,cd,0_5_289,0_5,4,0.23197609714684864
00824-Dd4bFSTQ8gi,hovsg,91,cd,0_2_30,0_2,5,0.23021935858927484
00824-Dd4bFSTQ8gi,hovsg,92,ceiling arch,0_5_198,0_5,1,0.2966192659223363
00824-Dd4bFSTQ8gi,hovsg,92,ceiling arch,0_5_413,0_5,2,0.29290937199425965
00824-Dd4bFSTQ8gi,hovsg,92,ceiling arch,0_5_64,0_5,3,0.2920320909513829
00824-Dd4bFSTQ8gi,hovsg,92,ceiling arch,0_5_19,0_5,4,0.2914414948824534
00824-Dd4bFSTQ8gi,hovsg,92,ceiling arch,0_5_199,0_5,5,0.2913485313504525
00824-Dd4bFSTQ8gi,hovsg,93,ceiling chassis,0_6_30,0_6,1,0.3142799920555419
00824-Dd4bFSTQ8gi,hovsg,93,ceiling chassis,0_6_33,0_6,2,0.30947784008865264
00824-Dd4bFSTQ8gi,hovsg,93,ceiling chassis,0_6_45,0_6,3,0.3094077725572645
00824-Dd4bFSTQ8gi,hovsg,93,ceiling chassis,0_6_113,0_6,4,0.30867891404329784
00824-Dd4bFSTQ8gi,hovsg,93,ceiling chassis,0_6_20,0_6,5,0.307364199608338
00824-Dd4bFSTQ8gi,hovsg,94,ceiling ladder,0_2_168,0_2,1,0.2959157398422444
00824-Dd4bFSTQ8gi,hovsg,94,ceiling ladder,0_6_30,0_6,2,0.28982167810768056
00824-Dd4bFSTQ8gi,hovsg,94,ceiling ladder,0_6_45,0_6,3,0.28828609179724257
00824-Dd4bFSTQ8gi,hovsg,94,ceiling ladder,0_6_40,0_6,4,0.2861753784015735
00824-Dd4bFSTQ8gi,hovsg,94,ceiling ladder,0_6_113,0_6,5,0.2858226367388834
00824-Dd4bFSTQ8gi,hovsg,95,ceramics,0_5_81,0_5,1,0.27621806955453065
00824-Dd4bFSTQ8gi,hovsg,95,ceramics,0_2_24,0_2,2,0.2684118594460802
00824-Dd4bFSTQ8gi,hovsg,95,ceramics,0_5_72,0_5,3,0.26780571151804394
00824-Dd4bFSTQ8gi,hovsg,95,ceramics,0_5_261,0_5,4,0.2669940658983955
00824-Dd4bFSTQ8gi,hovsg,95,ceramics,0_4_29,0_4,5,0.2664290795260725
00824-Dd4bFSTQ8gi,hovsg,96,chain,0_5_223,0_5,1,0.2319167546549415
00824-Dd4bFSTQ8gi,hovsg,96,chain,0_2_6,0_2,2,0.23001284928880367
00824-Dd4bFSTQ8gi,hovsg,96,chain,0_2_145,0_2,3,0.21404311463303877
00824-Dd4bFSTQ8gi,hovsg,96,chain,0_0_49,0_0,4,0.19721882367012
00824-Dd4bFSTQ8gi,hovsg,97,chair,0_5_229,0_5,1,0.3128374332963337
00824-Dd4bFSTQ8gi,hovsg,97,chair,0_5_234,0_5,2,0.3018715877479531
00824-Dd4bFSTQ8gi,hovsg,97,chair,0_3_8,0_3,3,0.30177827449446043
00824-Dd4bFSTQ8gi,hovsg,97,chair,0_5_257,0_5,4,0.30165557209444405
00824-Dd4bFSTQ8gi,hovsg,97,chair,0_6_122,0_6,5,0.2966862919480856
00824-Dd4bFSTQ8gi,hovsg,98,chair stand,0_5_229,0_5,1,0.29020481278855736
00824-Dd4bFSTQ8gi,hovsg,98,chair stand,0_5_257,0_5,2,0.27622958500448513
00824-Dd4bFSTQ8gi,hovsg,98,chair stand,0_5_405,0_5,3,0.27459617650501306
00824-Dd4bFSTQ8gi,hovsg,98,chair stand,0_5_266,0_5,4,0.2745386584177083
00824-Dd4bFSTQ8gi,hovsg,98,chair stand,0_5_234,0_5,5,0.2725625692741873
00824-Dd4bFSTQ8gi,hovsg,99,chassis,0_5_292,0_5,1,0.22650729489207821
00824-Dd4bFSTQ8gi,hovsg,99,chassis,0_1_52,0_1,2,0.220117642664877
00824-Dd4bFSTQ8gi,hovsg,100,chest,0_2_161,0_2,1,0.33889243868589375
00824-Dd4bFSTQ8gi,hovsg,100,chest,0_2_195,0_2,2,0.3377264097999006
00824-Dd4bFSTQ8gi,hovsg,100,chest,0_2_198,0_2,3,0.3248779868321467
00824-Dd4bFSTQ8gi,hovsg,100,chest,0_1_82,0_1,4,0.2985919378792208
00824-Dd4bFSTQ8gi,hovsg,100,chest,0_2_169,0_2,5,0.29780408777223827
00824-Dd4bFSTQ8gi,hovsg,101,child car seat,0_5_334,0_5,1,0.19842819750131063
00824-Dd4bFSTQ8gi,hovsg,101,child car seat,0_3_35,0_3,2,0.19735744662053384
00824-Dd4bFSTQ8gi,hovsg,101,child car seat,0_5_292,0_5,3,0.1965496877183998
00824-Dd4bFSTQ8gi,hovsg,101,child car seat,0_5_277,0_5,4,0.1929173977709441
00824-Dd4bFSTQ8gi,hovsg,101,child car seat,0_3_47,0_3,5,0.19129725965003022
00824-Dd4bFSTQ8gi,hovsg,102,christmas tree,0_6_22,0_6,1,0.19983850854869858
00824-Dd4bFSTQ8gi,hovsg,102,christmas tree,0_6_76,0_6,2,0.19848790592976687
00824-Dd4bFSTQ8gi,hovsg,102,christmas tree,0_6_84,0_6,3,0.19764481333228634
00824-Dd4bFSTQ8gi,hovsg,102,christmas tree,0_6_157,0_6,4,0.19747440805405841
00824-Dd4bFSTQ8gi,hovsg,102,christmas tree,0_5_223,0_5,5,0.18924716165719124
00824-Dd4bFSTQ8gi,hovsg,103,clarinet,0_5_245,0_5,1,0.26249437451294033
00824-Dd4bFSTQ8gi,hovsg,103,clarinet,0_5_223,0_5,2,0.25324779981752277
00824-Dd4bFSTQ8gi,hovsg,103,clarinet,0_3_29,0_3,3,0.25234665733693473
00824-Dd4bFSTQ8gi,hovsg,103,clarinet,0_2_6,0_2,4,0.2470270096940643
00824-Dd4bFSTQ8gi,hovsg,103,clarinet,0_5_299,0_5,5,0.2446174963049602
00824-Dd4bFSTQ8gi,hovsg,104,cleaner,0_2_22,0_2,1,0.2558846187834054
00824-Dd4bFSTQ8gi,hovsg,104,cleaner,0_5_23,0_5,2,0.24561451046064053
00824-Dd4bFSTQ8gi,hovsg,104,cleaner,0_2_32,0_2,3,0.24259214720533587
00824-Dd4bFSTQ8gi,hovsg,104,cleaner,0_1_9,0_1,4,0.24248146401263054
00824-Dd4bFSTQ8gi,hovsg,104,cleaner,0_2_20,0_2,5,0.23376152102916734
00824-Dd4bFSTQ8gi,hovsg,105,clock,0_2_172,0_2,1,0.23140299308205947
00824-Dd4bFSTQ8gi,hovsg,105,clock,0_0_55,0_0,2,0.22648624533873107
00824-Dd4bFSTQ8gi,hovsg,105,clock,0_2_177,0_2,3,0.2230176339466568
00824-Dd4bFSTQ8gi,hovsg,105,clock,0_5_2,0_5,4,0.22300366545174816
00824-Dd4bFSTQ8gi,hovsg,105,clock,0_2_161,0_2,5,0.2229295165527409
00824-Dd4bFSTQ8gi,hovsg,106,closet door,0_5_348,0_5,1,0.3325919913925809
00824-Dd4bFSTQ8gi,hovsg,106,closet door,0_2_119,0_2,2,0.3313321918368151
00824-Dd4bFSTQ8gi,hovsg,106,closet door,0_5_364,0_5,3,0.3305902502087086
00824-Dd4bFSTQ8gi,hovsg,106,closet door,0_2_34,0_2,4,0.330340793861433
00824-Dd4bFSTQ8gi,hovsg,106,closet door,0_2_155,0_2,5,0.32984033621525205
00824-Dd4bFSTQ8gi,hovsg,107,cloth,0_1_62,0_1,1,0.27255864290073256
00824-Dd4bFSTQ8gi,hovsg,107,cloth,0_1_40,0_1,2,0.2709126848499365
00824-Dd4bFSTQ8gi,hovsg,107,cloth,0_3_3,0_3,3,0.2694044068181811
00824-Dd4bFSTQ8gi,hovsg,107,cloth,0_1_11,0_1,4,0.26927956963139404
00824-Dd4bFSTQ8gi,hovsg,107,cloth,0_1_82,0_1,5,0.2646979537799052
00824-Dd4bFSTQ8gi,hovsg,108,cloth holder,0_2_24,0_2,1,0.27652686110253283
00824-Dd4bFSTQ8gi,hovsg,108,cloth holder,0_0_32,0_0,2,0.27549168191967055
00824-Dd4bFSTQ8gi,hovsg,108,cloth holder,0_4_58,0_4,3,0.27514280978406075
00824-Dd4bFSTQ8gi,hovsg,108,cloth holder,0_2_89,0_2,4,0.27385071071695877
00824-Dd4bFSTQ8gi,hovsg,108,cloth holder,0_1_11,0_1,5,0.2731947530741029
00824-Dd4bFSTQ8gi,hovsg,109,clothes,0_1_11,0_1,1,0.23517555104644863
00824-Dd4bFSTQ8gi,hovsg,110,clothes container,0_1_35,0_1,1,0.27311169646367894
00824-Dd4bFSTQ8gi,hovsg,110,clothes container,0_5_76,0_5,2,0.26838102323812046
00824-Dd4bFSTQ8gi,hovsg,110,clothes container,0_0_32,0_0,3,0.257145210236288
00824-Dd4bFSTQ8gi,hovsg,110,clothes container,0_0_27,0_0,4,0.2546920118262088
00824-Dd4bFSTQ8gi,hovsg,110,clothes container,0_5_16,0_5,5,0.24662196455762736
00824-Dd4bFSTQ8gi,hovsg,111,clothes dryer,0_5_89,0_5,1,0.2463716091577481
00824-Dd4bFSTQ8gi,hovsg,111,clothes dryer,0_5_11,0_5,2,0.2377527768804797
00824-Dd4bFSTQ8gi,hovsg,111,clothes dryer,0_5_33,0_5,3,0.23369858657801784
00824-Dd4bFSTQ8gi,hovsg,111,clothes dryer,0_5_68,0_5,4,0.22747111368138317
00824-Dd4bFSTQ8gi,hovsg,111,clothes dryer,0_5_37,0_5,5,0.22192487562975072
00824-Dd4bFSTQ8gi,hovsg,112,clothes rack,0_1_36,0_1,1,0.23669608880276471
00824-Dd4bFSTQ8gi,hovsg,112,clothes rack,0_1_81,0_1,2,0.23583533958067668
00824-Dd4bFSTQ8gi,hovsg,112,clothes rack,0_1_64,0_1,3,0.23094673223124654
00824-Dd4bFSTQ8gi,hovsg,112,clothes rack,0_1_97,0_1,4,0.23089044176489923
00824-Dd4bFSTQ8gi,hovsg,112,clothes rack,0_1_89,0_1,5,0.22915745358625533
00824-Dd4bFSTQ8gi,hovsg,113,clutter,0_5_308,0_5,1,0.262404310378409
00824-Dd4bFSTQ8gi,hovsg,113,clutter,0_5_72,0_5,2,0.2580266135372204
00824-Dd4bFSTQ8gi,hovsg,113,clutter,0_2_198,0_2,3,0.2563792956032079
00824-Dd4bFSTQ8gi,hovsg,113,clutter,0_5_297,0_5,4,0.2540015597239261
00824-Dd4bFSTQ8gi,hovsg,113,clutter,0_5_16,0_5,5,0.2528080837476189
00824-Dd4bFSTQ8gi,hovsg,114,coaster,0_6_24,0_6,1,0.22381678903673521
00824-Dd4bFSTQ8gi,hovsg,114,coaster,0_5_87,0_5,2,0.22021183810454928
00824-Dd4bFSTQ8gi,hovsg,114,coaster,0_0_49,0_0,3,0.1990721367583861
00824-Dd4bFSTQ8gi,hovsg,114,coaster,0_3_31,0_3,4,0.1971419237197102
00824-Dd4bFSTQ8gi,hovsg,115,coffee maker,0_4_2,0_4,1,0.2214400291949904
00824-Dd4bFSTQ8gi,hovsg,115,coffee maker,0_2_4,0_2,2,0.21720368375043905
00824-Dd4bFSTQ8gi,hovsg,115,coffee maker,0_2_32,0_2,3,0.21030479999282975
00824-Dd4bFSTQ8gi,hovsg,116,coffee table,0_3_25,0_3,1,0.27679466953747484
00824-Dd4bFSTQ8gi,hovsg,116,coffee table,0_3_65,0_3,2,0.274982951810806
00824-Dd4bFSTQ8gi,hovsg,116,coffee table,0_3_3,0_3,3,0.26329566539164995
00824-Dd4bFSTQ8gi,hovsg,116,coffee table,0_5_158,0_5,4,0.26147136070619237
00824-Dd4bFSTQ8gi,hovsg,116,coffee table,0_2_198,0_2,5,0.25235082136532044
00824-Dd4bFSTQ8gi,hovsg,117,compressor,0_6_79,0_6,1,0.23305865022746763
00824-Dd4bFSTQ8gi,hovsg,117,compressor,0_1_52,0_1,2,0.22042567185837048
00824-Dd4bFSTQ8gi,hovsg,117,compressor,0_5_89,0_5,3,0.21843356925260654
00824-Dd4bFSTQ8gi,hovsg,117,compressor,0_5_335,0_5,4,0.21785177801320776
00824-Dd4bFSTQ8gi,hovsg,117,compressor,0_5_292,0_5,5,0.213264456441367
00824-Dd4bFSTQ8gi,hovsg,118,computer,0_5_88,0_5,1,0.25726130929668545
00824-Dd4bFSTQ8gi,hovsg,118,computer,0_1_74,0_1,2,0.2551209582816847
00824-Dd4bFSTQ8gi,hovsg,118,computer,0_5_73,0_5,3,0.253978643261004
00824-Dd4bFSTQ8gi,hovsg,118,computer,0_5_134,0_5,4,0.25359262321008647
00824-Dd4bFSTQ8gi,hovsg,118,computer,0_5_177,0_5,5,0.25137044819195115
00824-Dd4bFSTQ8gi,hovsg,119,computer equipment,0_5_88,0_5,1,0.22588140995767647
00824-Dd4bFSTQ8gi,hovsg,119,computer equipment,0_5_73,0_5,2,0.22256823279449295
00824-Dd4bFSTQ8gi,hovsg,119,computer equipment,0_0_55,0_0,3,0.19657631222956548
00824-Dd4bFSTQ8gi,hovsg,119,computer equipment,0_5_89,0_5,4,0.19328109806188176
00824-Dd4bFSTQ8gi,hovsg,119,computer equipment,0_2_36,0_2,5,0.19222307877658143
00824-Dd4bFSTQ8gi,hovsg,120,cone,0_2_30,0_2,1,0.2958550524349481
00824-Dd4bFSTQ8gi,hovsg,120,cone,0_5_295,0_5,2,0.2602422169306081
00824-Dd4bFSTQ8gi,hovsg,120,cone,0_3_63,0_3,3,0.2535197245832977
00824-Dd4bFSTQ8gi,hovsg,120,cone,0_4_59,0_4,4,0.2471955204679389
00824-Dd4bFSTQ8gi,hovsg,120,cone,0_0_71,0_0,5,0.24479730700959487
00824-Dd4bFSTQ8gi,hovsg,121,construction stuff,0_1_3,0_1,1,0.2636895938048039
00824-Dd4bFSTQ8gi,hovsg,121,construction stuff,0_5_435,0_5,2,0.23132285464443195
00824-Dd4bFSTQ8gi,hovsg,121,construction stuff,0_1_52,0_1,3,0.2235677241525087
00824-Dd4bFSTQ8gi,hovsg,122,container,0_1_35,0_1,1,0.26220593635881423
00824-Dd4bFSTQ8gi,hovsg,122,container,0_5_76,0_5,2,0.2584393524721821
00824-Dd4bFSTQ8gi,hovsg,122,container,0_5_16,0_5,3,0.24620119934214846
00824-Dd4bFSTQ8gi,hovsg,122,container,0_2_20,0_2,4,0.24299994144314968
00824-Dd4bFSTQ8gi,hovsg,122,container,0_2_30,0_2,5,0.23724189005772256
00824-Dd4bFSTQ8gi,hovsg,123,controller,0_3_3,0_3,1,0.25122103307740695
00824-Dd4bFSTQ8gi,hovsg,123,controller,0_2_204,0_2,2,0.24691332769442337
00824-Dd4bFSTQ8gi,hovsg,123,controller,0_3_29,0_3,3,0.24654243746337665
00824-Dd4bFSTQ8gi,hovsg,123,controller,0_3_65,0_3,4,0.23981180785674025
00824-Dd4bFSTQ8gi,hovsg,123,controller,0_3_37,0_3,5,0.2379214284117516
00824-Dd4bFSTQ8gi,hovsg,124,cosmetics,0_2_20,0_2,1,0.23143098187784572
00824-Dd4bFSTQ8gi,hovsg,125,counter door,0_5_227,0_5,1,0.27851367913852093
00824-Dd4bFSTQ8gi,hovsg,125,counter door,0_5_14,0_5,2,0.2776178134342184
00824-Dd4bFSTQ8gi,hovsg,125,counter door,0_5_144,0_5,3,0.27680273666373456
00824-Dd4bFSTQ8gi,hovsg,125,counter door,0_5_354,0_5,4,0.272942642347423
00824-Dd4bFSTQ8gi,hovsg,125,counter door,0_5_26,0_5,5,0.2729002649666868
00824-Dd4bFSTQ8gi,hovsg,126,countertop,0_5_143,0_5,1,0.34152916434122693
00824-Dd4bFSTQ8gi,hovsg,126,countertop,0_5_91,0_5,2,0.34022166213369803
00824-Dd4bFSTQ8gi,hovsg,126,countertop,0_5_227,0_5,3,0.3310859698408934
00824-Dd4bFSTQ8gi,hovsg,126,countertop,0_5_31,0_5,4,0.3278743619818433
00824-Dd4bFSTQ8gi,hovsg,126,countertop,0_5_27,0_5,5,0.32587410264658934
00824-Dd4bFSTQ8gi,hovsg,127,countertop item,0_5_143,0_5,1,0.35119414349523415
00824-Dd4bFSTQ8gi,hovsg,127,countertop item,0_5_91,0_5,2,0.34801120916716277
00824-Dd4bFSTQ8gi,hovsg,127,countertop item,0_5_31,0_5,3,0.34193600621693165
00824-Dd4bFSTQ8gi,hovsg,127,countertop item,0_5_27,0_5,4,0.33957430576616154
00824-Dd4bFSTQ8gi,hovsg,127,countertop item,0_5_227,0_5,5,0.3382225349322138
00824-Dd4bFSTQ8gi,hovsg,128,cover,0_2_81,0_2,1,0.25620900271622066
00824-Dd4bFSTQ8gi,hovsg,128,cover,0_3_37,0_3,2,0.2534570894109186
00824-Dd4bFSTQ8gi,hovsg,128,cover,0_2_116,0_2,3,0.25209491427117336
00824-Dd4bFSTQ8gi,hovsg,128,cover,0_2_164,0_2,4,0.2488848445128356
00824-Dd4bFSTQ8gi,hovsg,128,cover,0_3_39,0_3,5,0.24167250002691743
00824-Dd4bFSTQ8gi,hovsg,129,cross,0_2_168,0_2,1,0.2527498515971415
00824-Dd4bFSTQ8gi,hovsg,129,cross,0_2_164,0_2,2,0.2379987478379507
00824-Dd4bFSTQ8gi,hovsg,129,cross,0_3_26,0_3,3,0.23552365415998056
00824-Dd4bFSTQ8gi,hovsg,129,cross,0_6_62,0_6,4,0.23137554798836552
00824-Dd4bFSTQ8gi,hovsg,129,cross,0_5_409,0_5,5,0.228576531344432
00824-Dd4bFSTQ8gi,hovsg,130,crutches,0_5_245,0_5,1,0.2503825759852058
00824-Dd4bFSTQ8gi,hovsg,130,crutches,0_5_223,0_5,2,0.24386395379211334
00824-Dd4bFSTQ8gi,hovsg,130,crutches,0_5_405,0_5,3,0.24290810899487156
00824-Dd4bFSTQ8gi,hovsg,130,crutches,0_5_299,0_5,4,0.2388847931032078
00824-Dd4bFSTQ8gi,hovsg,130,crutches,0_0_47,0_0,5,0.2348620194270146
00824-Dd4bFSTQ8gi,hovsg,131,cup,0_2_30,0_2,1,0.2798520533638462
00824-Dd4bFSTQ8gi,hovsg,131,cup,0_2_20,0_2,2,0.2648299434374368
00824-Dd4bFSTQ8gi,hovsg,131,cup,0_2_4,0_2,3,0.2624728574884465
00824-Dd4bFSTQ8gi,hovsg,131,cup,0_2_6,0_2,4,0.24749708020515296
00824-Dd4bFSTQ8gi,hovsg,131,cup,0_2_172,0_2,5,0.24432432898147974
00824-Dd4bFSTQ8gi,hovsg,132,curb,0_2_118,0_2,1,0.2507141552578416
00824-Dd4bFSTQ8gi,hovsg,132,curb,0_5_55,0_5,2,0.24646403371099787
00824-Dd4bFSTQ8gi,hovsg,132,curb,0_0_54,0_0,3,0.24175176940856646
00824-Dd4bFSTQ8gi,hovsg,132,curb,0_2_134,0_2,4,0.2413878458799629
00824-Dd4bFSTQ8gi,hovsg,132,curb,0_0_16,0_0,5,0.23725537900618027
00824-Dd4bFSTQ8gi,hovsg,133,curtain,0_0_24,0_0,1,0.2645631900980659
00824-Dd4bFSTQ8gi,hovsg,133,curtain,0_3_47,0_3,2,0.2614052635502263
00824-Dd4bFSTQ8gi,hovsg,133,curtain,0_1_102,0_1,3,0.26085432693044613
00824-Dd4bFSTQ8gi,hovsg,133,curtain,0_4_45,0_4,4,0.2598482115234937
00824-Dd4bFSTQ8gi,hovsg,133,curtain,0_0_26,0_0,5,0.2588480977977663
00824-Dd4bFSTQ8gi,hovsg,134,cushion,0_5_151,0_5,1,0.31659902265344386
00824-Dd4bFSTQ8gi,hovsg,134,cushion,0_6_17,0_6,2,0.30890085774449216
00824-Dd4bFSTQ8gi,hovsg,134,cushion,0_2_53,0_2,3,0.308106277786211
00824-Dd4bFSTQ8gi,hovsg,134,cushion,0_6_152,0_6,4,0.30222359688649364
00824-Dd4bFSTQ8gi,hovsg,134,cushion,0_5_153,0_5,5,0.2989557091092985
00824-Dd4bFSTQ8gi,hovsg,135,cutlery,0_0_47,0_0,1,0.259653025708685
00824-Dd4bFSTQ8gi,hovsg,135,cutlery,0_5_294,0_5,2,0.24886905514677843
00824-Dd4bFSTQ8gi,hovsg,135,cutlery,0_5_260,0_5,3,0.24508910681437543
00824-Dd4bFSTQ8gi,hovsg,135,cutlery,0_5_262,0_5,4,0.2441083816756567
00824-Dd4bFSTQ8gi,hovsg,135,cutlery,0_2_20,0_2,5,0.24257326669960827
00824-Dd4bFSTQ8gi,hovsg,136,cyp,0_2_30,0_2,1,0.23252360270865963
00824-Dd4bFSTQ8gi,hovsg,136,cyp,0_0_42,0_0,2,0.22099845358984527
00824-Dd4bFSTQ8gi,hovsg,136,cyp,0_2_145,0_2,3,0.215590630464232
00824-Dd4bFSTQ8gi,hovsg,136,cyp,0_5_250,0_5,4,0.20994761204600942
00824-Dd4bFSTQ8gi,hovsg,136,cyp,0_0_49,0_0,5,0.2039970527637284
00824-Dd4bFSTQ8gi,hovsg,137,dartboard,0_0_49,0_0,1,0.206619508516366
00824-Dd4bFSTQ8gi,hovsg,138,decoder,0_3_37,0_3,1,0.24196460479425236
00824-Dd4bFSTQ8gi,hovsg,138,decoder,0_5_177,0_5,2,0.23512539801347188
00824-Dd4bFSTQ8gi,hovsg,138,decoder,0_1_52,0_1,3,0.23421450221048265
00824-Dd4bFSTQ8gi,hovsg,138,decoder,0_0_42,0_0,4,0.2240055161620958
00824-Dd4bFSTQ8gi,hovsg,138,decoder,0_2_39,0_2,5,0.22113095411548533
00824-Dd4bFSTQ8gi,hovsg,139,decoration,0_2_76,0_2,1,0.2870831828973099
00824-Dd4bFSTQ8gi,hovsg,139,decoration,0_2_2,0_2,2,0.28425710413884764
00824-Dd4bFSTQ8gi,hovsg,139,decoration,0_2_63,0_2,3,0.28133174433739483
00824-Dd4bFSTQ8gi,hovsg,139,decoration,0_3_26,0_3,4,0.27013421531862597
00824-Dd4bFSTQ8gi,hovsg,139,decoration,0_2_171,0_2,5,0.260992181872858
00824-Dd4bFSTQ8gi,hovsg,140,dehumidifier,0_5_76,0_5,1,0.27500562350520774
00824-Dd4bFSTQ8gi,hovsg,140,dehumidifier,0_0_55,0_0,2,0.26286124807380223
00824-Dd4bFSTQ8gi,hovsg,140,dehumidifier,0_0_59,0_0,3,0.2554484113212542
00824-Dd4bFSTQ8gi,hovsg,140,dehumidifier,0_1_35,0_1,4,0.25524124017639793
00824-Dd4bFSTQ8gi,hovsg,140,dehumidifier,0_2_4,0_2,5,0.2516227506402069
00824-Dd4bFSTQ8gi,hovsg,141,den,0_6_150,0_6,1,0.2537955052129661
00824-Dd4bFSTQ8gi,hovsg,141,den,0_2_195,0_2,2,0.25287144222103003
00824-Dd4bFSTQ8gi,hovsg,141,den,0_2_161,0_2,3,0.2524337651302414
00824-Dd4bFSTQ8gi,hovsg,141,den,0_1_82,0_1,4,0.2515793621082777
00824-Dd4bFSTQ8gi,hovsg,141,den,0_2_198,0_2,5,0.24967942996867004
00824-Dd4bFSTQ8gi,hovsg,142,desk,0_2_198,0_2,1,0.2887723410386762
00824-Dd4bFSTQ8gi,hovsg,142,desk,0_2_161,0_2,2,0.2864197520644917
00824-Dd4bFSTQ8gi,hovsg,142,desk,0_2_195,0_2,3,0.2841132537463142
00824-Dd4bFSTQ8gi,hovsg,142,desk,0_3_25,0_3,4,0.2829952285291268
00824-Dd4bFSTQ8gi,hovsg,142,desk,0_3_65,0_3,5,0.28076827734321896
00824-Dd4bFSTQ8gi,hovsg,143,desk door,0_2_34,0_2,1,0.302379306351206
00824-Dd4bFSTQ8gi,hovsg,143,desk door,0_4_132,0_4,2,0.2980929983565396
00824-Dd4bFSTQ8gi,hovsg,143,desk door,0_2_119,0_2,3,0.2970285210887901
00824-Dd4bFSTQ8gi,hovsg,143,desk door,0_3_14,0_3,4,0.296019866686898
00824-Dd4bFSTQ8gi,hovsg,143,desk door,0_3_60,0_3,5,0.2956566391727364
00824-Dd4bFSTQ8gi,hovsg,144,dinnerware,0_5_260,0_5,1,0.26757663915769586
00824-Dd4bFSTQ8gi,hovsg,144,dinnerware,0_5_293,0_5,2,0.2597231246094723
00824-Dd4bFSTQ8gi,hovsg,144,dinnerware,0_5_268,0_5,3,0.25692670661884137
00824-Dd4bFSTQ8gi,hovsg,144,dinnerware,0_5_262,0_5,4,0.25558137185495944
00824-Dd4bFSTQ8gi,hovsg,144,dinnerware,0_5_294,0_5,5,0.2447719083201739
00824-Dd4bFSTQ8gi,hovsg,145,diploma,0_2_115,0_2,1,0.22576031564236285
00824-Dd4bFSTQ8gi,hovsg,145,diploma,0_3_37,0_3,2,0.220684126821248
00824-Dd4bFSTQ8gi,hovsg,145,diploma,0_5_155,0_5,3,0.21742735655402842
00824-Dd4bFSTQ8gi,hovsg,145,diploma,0_5_177,0_5,4,0.21359206271954856
00824-Dd4bFSTQ8gi,hovsg,145,diploma,0_2_81,0_2,5,0.21308595191631036
00824-Dd4bFSTQ8gi,hovsg,146,dirt ground,0_6_4,0_6,1,0.24109620692500322
00824-Dd4bFSTQ8gi,hovsg,146,dirt ground,0_1_46,0_1,2,0.23951823947418102
00824-Dd4bFSTQ8gi,hovsg,146,dirt ground,0_0_8,0_0,3,0.22681829194604464
00824-Dd4bFSTQ8gi,hovsg,147,dish rack,0_4_2,0_4,1,0.2559747380881566
00824-Dd4bFSTQ8gi,hovsg,147,dish rack,0_5_71,0_5,2,0.25556647493253754
00824-Dd4bFSTQ8gi,hovsg,147,dish rack,0_5_125,0_5,3,0.25209803352620336
00824-Dd4bFSTQ8gi,hovsg,147,dish rack,0_5_39,0_5,4,0.2481030463057646
00824-Dd4bFSTQ8gi,hovsg,147,dish rack,0_5_115,0_5,5,0.24691769127931243
00824-Dd4bFSTQ8gi,hovsg,148,dishwasher,0_5_224,0_5,1,0.26927808442687134
00824-Dd4bFSTQ8gi,hovsg,148,dishwasher,0_5_112,0_5,2,0.26912476492761883
00824-Dd4bFSTQ8gi,hovsg,148,dishwasher,0_5_11,0_5,3,0.26831947921196253
00824-Dd4bFSTQ8gi,hovsg,148,dishwasher,0_5_89,0_5,4,0.2665825693400322
00824-Dd4bFSTQ8gi,hovsg,148,dishwasher,0_5_95,0_5,5,0.26621142355737143
00824-Dd4bFSTQ8gi,hovsg,149,dispenser,0_2_22,0_2,1,0.26703673091037755
00824-Dd4bFSTQ8gi,hovsg,149,dispenser,0_2_36,0_2,2,0.26604973994766085
00824-Dd4bFSTQ8gi,hovsg,149,dispenser,0_5_134,0_5,3,0.2651025316871871
00824-Dd4bFSTQ8gi,hovsg,149,dispenser,0_5_141,0_5,4,0.2594458930810732
00824-Dd4bFSTQ8gi,hovsg,149,dispenser,0_2_32,0_2,5,0.2574837822814467
00824-Dd4bFSTQ8gi,hovsg,150,display case,0_6_140,0_6,1,0.2501354938456578
00824-Dd4bFSTQ8gi,hovsg,150,display case,0_2_198,0_2,2,0.24944186972551366
00824-Dd4bFSTQ8gi,hovsg,150,display case,0_5_276,0_5,3,0.24739129424748996
00824-Dd4bFSTQ8gi,hovsg,150,display case,0_6_61,0_6,4,0.23620823706914446
00824-Dd4bFSTQ8gi,hovsg,150,display case,0_5_67,0_5,5,0.23594659800578327
00824-Dd4bFSTQ8gi,hovsg,151,document,0_3_37,0_3,1,0.2653053378293912
00824-Dd4bFSTQ8gi,hovsg,151,document,0_1_99,0_1,2,0.25807773753367186
00824-Dd4bFSTQ8gi,hovsg,151,document,0_2_164,0_2,3,0.24968005517839492
00824-Dd4bFSTQ8gi,hovsg,151,document,0_5_177,0_5,4,0.24547825178850274
00824-Dd4bFSTQ8gi,hovsg,151,document,0_3_39,0_3,5,0.24404447295586823
00824-Dd4bFSTQ8gi,hovsg,152,document holder,0_1_74,0_1,1,0.30103064964115533
00824-Dd4bFSTQ8gi,hovsg,152,document holder,0_2_164,0_2,2,0.268181860205892
00824-Dd4bFSTQ8gi,hovsg,152,document holder,0_3_37,0_3,3,0.26625776525836053
00824-Dd4bFSTQ8gi,hovsg,152,document holder,0_5_177,0_5,4,0.26622340545430706
00824-Dd4bFSTQ8gi,hovsg,152,document holder,0_1_35,0_1,5,0.2654234992458331
00824-Dd4bFSTQ8gi,hovsg,153,dog leash,0_5_245,0_5,1,0.2585317365779102
00824-Dd4bFSTQ8gi,hovsg,153,dog leash,0_5_299,0_5,2,0.24226655564995328
00824-Dd4bFSTQ8gi,hovsg,154,dog toy,0_3_28,0_3,1,0.2313420455161635
00824-Dd4bFSTQ8gi,hovsg,154,dog toy,0_1_53,0_1,2,0.21429450225584928
00824-Dd4bFSTQ8gi,hovsg,155,doily,0_5_268,0_5,1,0.24236286286743283
00824-Dd4bFSTQ8gi,hovsg,155,doily,0_5_262,0_5,2,0.2366655540864736
00824-Dd4bFSTQ8gi,hovsg,155,doily,0_0_57,0_0,3,0.23632517864740882
00824-Dd4bFSTQ8gi,hovsg,155,doily,0_0_60,0_0,4,0.2358466452572115
00824-Dd4bFSTQ8gi,hovsg,155,doily,0_5_293,0_5,5,0.23557066831457343
00824-Dd4bFSTQ8gi,hovsg,156,doll,0_3_3,0_3,1,0.25415675345711075
00824-Dd4bFSTQ8gi,hovsg,156,doll,0_3_39,0_3,2,0.2497443476337339
00824-Dd4bFSTQ8gi,hovsg,156,doll,0_5_334,0_5,3,0.2489712051148123
00824-Dd4bFSTQ8gi,hovsg,156,doll,0_2_179,0_2,4,0.24874015653970083
00824-Dd4bFSTQ8gi,hovsg,156,doll,0_2_6,0_2,5,0.2481237329473393
00824-Dd4bFSTQ8gi,hovsg,157,door screen,0_3_14,0_3,1,0.3142502729984723
00824-Dd4bFSTQ8gi,hovsg,157,door screen,0_5_348,0_5,2,0.31414358118965324
00824-Dd4bFSTQ8gi,hovsg,157,door screen,0_3_60,0_3,3,0.3119637867457723
00824-Dd4bFSTQ8gi,hovsg,157,door screen,0_5_347,0_5,4,0.3119352944304072
00824-Dd4bFSTQ8gi,hovsg,157,door screen,0_2_123,0_2,5,0.30940744513078566
00824-Dd4bFSTQ8gi,hovsg,158,drawer,0_2_195,0_2,1,0.31614245647178324
00824-Dd4bFSTQ8gi,hovsg,158,drawer,0_2_161,0_2,2,0.31360073010882156
00824-Dd4bFSTQ8gi,hovsg,158,drawer,0_2_198,0_2,3,0.3067252340420928
00824-Dd4bFSTQ8gi,hovsg,158,drawer,0_2_149,0_2,4,0.29929049852003153
00824-Dd4bFSTQ8gi,hovsg,158,drawer,0_2_91,0_2,5,0.29716248530610967
00824-Dd4bFSTQ8gi,hovsg,159,drawer cart,0_5_76,0_5,1,0.25499345694846953
00824-Dd4bFSTQ8gi,hovsg,159,drawer cart,0_5_30,0_5,2,0.24401468838098203
00824-Dd4bFSTQ8gi,hovsg,159,drawer cart,0_5_61,0_5,3,0.2396318159247102
00824-Dd4bFSTQ8gi,hovsg,159,drawer cart,0_5_75,0_5,4,0.23790219426803585
00824-Dd4bFSTQ8gi,hovsg,159,drawer cart,0_5_26,0_5,5,0.2376352850212966
00824-Dd4bFSTQ8gi,hovsg,160,dressing table,0_2_198,0_2,1,0.27703792717912273
00824-Dd4bFSTQ8gi,hovsg,160,dressing table,0_2_161,0_2,2,0.27279630314781333
00824-Dd4bFSTQ8gi,hovsg,160,dressing table,0_2_177,0_2,3,0.26840494909263807
00824-Dd4bFSTQ8gi,hovsg,160,dressing table,0_2_195,0_2,4,0.2671338509593144
00824-Dd4bFSTQ8gi,hovsg,160,dressing table,0_2_28,0_2,5,0.26161779725688894
00824-Dd4bFSTQ8gi,hovsg,161,drill,0_2_159,0_2,1,0.24135644842816406
00824-Dd4bFSTQ8gi,hovsg,161,drill,0_1_52,0_1,2,0.23830084920763622
00824-Dd4bFSTQ8gi,hovsg,161,drill,0_2_39,0_2,3,0.22807610127870692
00824-Dd4bFSTQ8gi,hovsg,161,drill,0_2_6,0_2,4,0.2274447016433549
00824-Dd4bFSTQ8gi,hovsg,161,drill,0_0_42,0_0,5,0.22732331263098424
00824-Dd4bFSTQ8gi,hovsg,162,drum,0_5_245,0_5,1,0.2546695794338284
00824-Dd4bFSTQ8gi,hovsg,162,drum,0_2_4,0_2,2,0.25155683447336086
00824-Dd4bFSTQ8gi,hovsg,162,drum,0_5_166,0_5,3,0.24847176200067828
00824-Dd4bFSTQ8gi,hovsg,162,drum,0_2_30,0_2,4,0.24117417084227352
00824-Dd4bFSTQ8gi,hovsg,162,drum,0_5_141,0_5,5,0.24085524429761096
00824-Dd4bFSTQ8gi,hovsg,163,dustpan,0_1_74,0_1,1,0.3189199915048092
00824-Dd4bFSTQ8gi,hovsg,163,dustpan,0_2_145,0_2,2,0.2963896453119577
00824-Dd4bFSTQ8gi,hovsg,163,dustpan,0_2_32,0_2,3,0.29548291433987217
00824-Dd4bFSTQ8gi,hovsg,163,dustpan,0_5_134,0_5,4,0.2938281204350659
00824-Dd4bFSTQ8gi,hovsg,163,dustpan,0_1_35,0_1,5,0.28863366182942657
00824-Dd4bFSTQ8gi,hovsg,164,dvd,0_1_74,0_1,1,0.23433297918091647
00824-Dd4bFSTQ8gi,hovsg,164,dvd,0_5_16,0_5,2,0.2306069365728357
00824-Dd4bFSTQ8gi,hovsg,164,dvd,0_5_141,0_5,3,0.22465023643797272
00824-Dd4bFSTQ8gi,hovsg,164,dvd,0_5_177,0_5,4,0.22455987323517063
00824-Dd4bFSTQ8gi,hovsg,164,dvd,0_5_28,0_5,5,0.2217654206526068
00824-Dd4bFSTQ8gi,hovsg,165,easel,0_5_405,0_5,1,0.2727624718940111
00824-Dd4bFSTQ8gi,hovsg,165,easel,0_5_230,0_5,2,0.264234952438561
00824-Dd4bFSTQ8gi,hovsg,165,easel,0_5_326,0_5,3,0.26240222494510473
00824-Dd4bFSTQ8gi,hovsg,165,easel,0_5_47,0_5,4,0.2586376384060298
00824-Dd4bFSTQ8gi,hovsg,165,easel,0_5_334,0_5,5,0.25857599318370444
00824-Dd4bFSTQ8gi,hovsg,166,electric hub,0_5_277,0_5,1,0.2022123772160372
00824-Dd4bFSTQ8gi,hovsg,166,electric hub,0_3_35,0_3,2,0.19960995542448493
00824-Dd4bFSTQ8gi,hovsg,166,electric hub,0_2_26,0_2,3,0.1976103325652975
00824-Dd4bFSTQ8gi,hovsg,166,electric hub,0_2_128,0_2,4,0.19706843342860825
00824-Dd4bFSTQ8gi,hovsg,166,electric hub,0_5_134,0_5,5,0.19675256547128256
00824-Dd4bFSTQ8gi,hovsg,167,electric wire casing,0_4_44,0_4,1,0.2548679851170333
00824-Dd4bFSTQ8gi,hovsg,167,electric wire casing,0_0_68,0_0,2,0.2520888607570315
00824-Dd4bFSTQ8gi,hovsg,167,electric wire casing,0_4_26,0_4,3,0.25197042529327884
00824-Dd4bFSTQ8gi,hovsg,167,electric wire casing,0_0_69,0_0,4,0.25171636570686784
00824-Dd4bFSTQ8gi,hovsg,167,electric wire casing,0_4_119,0_4,5,0.2504696688349521
00824-Dd4bFSTQ8gi,hovsg,168,electrical box,0_5_35,0_5,1,0.28188625399632616
00824-Dd4bFSTQ8gi,hovsg,168,electrical box,0_1_35,0_1,2,0.28005358071300857
00824-Dd4bFSTQ8gi,hovsg,168,electrical box,0_0_55,0_0,3,0.27416903804912135
00824-Dd4bFSTQ8gi,hovsg,168,electrical box,0_5_67,0_5,4,0.2731335860579014
00824-Dd4bFSTQ8gi,hovsg,168,electrical box,0_5_134,0_5,5,0.26968463990468067
00824-Dd4bFSTQ8gi,hovsg,169,electrical device,0_5_88,0_5,1,0.25153853256336134
00824-Dd4bFSTQ8gi,hovsg,169,electrical device,0_5_73,0_5,2,0.25087048718280613
00824-Dd4bFSTQ8gi,hovsg,169,electrical device,0_5_35,0_5,3,0.24863103300525669
00824-Dd4bFSTQ8gi,hovsg,169,electrical device,0_1_35,0_1,4,0.24567569465017208
00824-Dd4bFSTQ8gi,hovsg,169,electrical device,0_5_89,0_5,5,0.23820654515553608
00824-Dd4bFSTQ8gi,hovsg,170,electrical installation,0_5_35,0_5,1,0.25228036383268165
00824-Dd4bFSTQ8gi,hovsg,170,electrical installation,0_4_119,0_4,2,0.24932296387542302
00824-Dd4bFSTQ8gi,hovsg,170,electrical installation,0_6_111,0_6,3,0.24601127163374098
00824-Dd4bFSTQ8gi,hovsg,170,electrical installation,0_4_26,0_4,4,0.2421394055549857
00824-Dd4bFSTQ8gi,hovsg,170,electrical installation,0_4_24,0_4,5,0.24207610041890681
00824-Dd4bFSTQ8gi,hovsg,171,elevator,0_5_358,0_5,1,0.2630211087479448
00824-Dd4bFSTQ8gi,hovsg,171,elevator,0_5_354,0_5,2,0.2605674053626187
00824-Dd4bFSTQ8gi,hovsg,171,elevator,0_5_357,0_5,3,0.25904906734729083
00824-Dd4bFSTQ8gi,hovsg,171,elevator,0_0_26,0_0,4,0.25170196396677014
00824-Dd4bFSTQ8gi,hovsg,171,elevator,0_1_102,0_1,5,0.2513769760218887
00824-Dd4bFSTQ8gi,hovsg,172,exercise ball,0_5_166,0_5,1,0.2218000983491764
00824-Dd4bFSTQ8gi,hovsg,172,exercise ball,0_5_250,0_5,2,0.21889960055914484
00824-Dd4bFSTQ8gi,hovsg,172,exercise ball,0_5_252,0_5,3,0.20930286593913908
00824-Dd4bFSTQ8gi,hovsg,172,exercise ball,0_0_49,0_0,4,0.19417319724841434
00824-Dd4bFSTQ8gi,hovsg,173,exercise bike,0_5_245,0_5,1,0.23512213437997953
00824-Dd4bFSTQ8gi,hovsg,173,exercise bike,0_3_46,0_3,2,0.22666289207831505
00824-Dd4bFSTQ8gi,hovsg,173,exercise bike,0_3_3,0_3,3,0.22522314078620098
00824-Dd4bFSTQ8gi,hovsg,173,exercise bike,0_3_47,0_3,4,0.2223721275689223
00824-Dd4bFSTQ8gi,hovsg,173,exercise bike,0_3_24,0_3,5,0.22166384298572936
00824-Dd4bFSTQ8gi,hovsg,174,exercise equipment,0_3_3,0_3,1,0.2097474329992446
00824-Dd4bFSTQ8gi,hovsg,174,exercise equipment,0_2_26,0_2,2,0.20003552013957993
00824-Dd4bFSTQ8gi,hovsg,174,exercise equipment,0_5_173,0_5,3,0.19950102699534492
00824-Dd4bFSTQ8gi,hovsg,174,exercise equipment,0_5_245,0_5,4,0.19939174644886026
00824-Dd4bFSTQ8gi,hovsg,174,exercise equipment,0_3_47,0_3,5,0.19691722889135352
00824-Dd4bFSTQ8gi,hovsg,175,exercise ladder,0_0_22,0_0,1,0.24015484663316908
00824-Dd4bFSTQ8gi,hovsg,175,exercise ladder,0_0_23,0_0,2,0.23403905673355957
00824-Dd4bFSTQ8gi,hovsg,175,exercise ladder,0_5_327,0_5,3,0.23317666005180365
00824-Dd4bFSTQ8gi,hovsg,175,exercise ladder,0_3_66,0_3,4,0.23109881923310344
00824-Dd4bFSTQ8gi,hovsg,175,exercise ladder,0_5_331,0_5,5,0.230444420771979
00824-Dd4bFSTQ8gi,hovsg,176,exercise mat,0_6_24,0_6,1,0.22797297455842813
00824-Dd4bFSTQ8gi,hovsg,177,exhibition panel,0_5_47,0_5,1,0.2433002030890833
00824-Dd4bFSTQ8gi,hovsg,177,exhibition panel,0_5_330,0_5,2,0.24291541868876954
00824-Dd4bFSTQ8gi,hovsg,177,exhibition panel,0_5_302,0_5,3,0.23750746190592525
00824-Dd4bFSTQ8gi,hovsg,177,exhibition panel,0_5_311,0_5,4,0.2362274342781343
00824-Dd4bFSTQ8gi,hovsg,177,exhibition panel,0_1_49,0_1,5,0.2332869216713664
00824-Dd4bFSTQ8gi,hovsg,178,extractor hood,0_5_114,0_5,1,0.27678482103224356
00824-Dd4bFSTQ8gi,hovsg,178,extractor hood,0_2_116,0_2,2,0.27136861825327874
00824-Dd4bFSTQ8gi,hovsg,178,extractor hood,0_5_22,0_5,3,0.27072459178646924
00824-Dd4bFSTQ8gi,hovsg,178,extractor hood,0_5_39,0_5,4,0.26961317065415763
00824-Dd4bFSTQ8gi,hovsg,178,extractor hood,0_5_164,0_5,5,0.26882709122073506
00824-Dd4bFSTQ8gi,hovsg,179,eyeglasses,0_3_47,0_3,1,0.22303028009793352
00824-Dd4bFSTQ8gi,hovsg,179,eyeglasses,0_2_26,0_2,2,0.22287058778879262
00824-Dd4bFSTQ8gi,hovsg,179,eyeglasses,0_0_30,0_0,3,0.22197022192190646
00824-Dd4bFSTQ8gi,hovsg,179,eyeglasses,0_0_45,0_0,4,0.2195152471696893
00824-Dd4bFSTQ8gi,hovsg,179,eyeglasses,0_5_245,0_5,5,0.21925552453009972
00824-Dd4bFSTQ8gi,hovsg,180,fan,0_1_53,0_1,1,0.28647165724063495
00824-Dd4bFSTQ8gi,hovsg,180,fan,0_0_55,0_0,2,0.2776383774428692
00824-Dd4bFSTQ8gi,hovsg,180,fan,0_0_51,0_0,3,0.27613681770248333
00824-Dd4bFSTQ8gi,hovsg,180,fan,0_0_10,0_0,4,0.27591490260279017
00824-Dd4bFSTQ8gi,hovsg,180,fan,0_0_11,0_0,5,0.27246990059817616
00824-Dd4bFSTQ8gi,hovsg,181,faucet,0_4_86,0_4,1,0.2856699282005397
00824-Dd4bFSTQ8gi,hovsg,181,faucet,0_2_6,0_2,2,0.2598595502843465
00824-Dd4bFSTQ8gi,hovsg,181,faucet,0_2_36,0_2,3,0.2598221669776138
00824-Dd4bFSTQ8gi,hovsg,181,faucet,0_5_134,0_5,4,0.2562918153562184
00824-Dd4bFSTQ8gi,hovsg,181,faucet,0_2_131,0_2,5,0.2560703595012281
00824-Dd4bFSTQ8gi,hovsg,182,fire extinguisher,0_2_4,0_2,1,0.21920425706189484
00824-Dd4bFSTQ8gi,hovsg,182,fire extinguisher,0_3_31,0_3,2,0.21234395863767924
00824-Dd4bFSTQ8gi,hovsg,183,fireplace,0_6_135,0_6,1,0.2998194399106322
00824-Dd4bFSTQ8gi,hovsg,183,fireplace,0_6_134,0_6,2,0.29603445233695774
00824-Dd4bFSTQ8gi,hovsg,183,fireplace,0_6_106,0_6,3,0.2921781618235326
00824-Dd4bFSTQ8gi,hovsg,183,fireplace,0_6_0,0_6,4,0.29214885463745444
00824-Dd4bFSTQ8gi,hovsg,183,fireplace,0_6_127,0_6,5,0.28773004442197264
00824-Dd4bFSTQ8gi,hovsg,184,fireplace tool set,0_6_135,0_6,1,0.28927879688565716
00824-Dd4bFSTQ8gi,hovsg,184,fireplace tool set,0_6_134,0_6,2,0.2866648507099222
00824-Dd4bFSTQ8gi,hovsg,184,fireplace tool set,0_6_0,0_6,3,0.2822131666908962
00824-Dd4bFSTQ8gi,hovsg,184,fireplace tool set,0_6_106,0_6,4,0.2623919833869388
00824-Dd4bFSTQ8gi,hovsg,184,fireplace tool set,0_6_127,0_6,5,0.25986121650881844
00824-Dd4bFSTQ8gi,hovsg,185,firewood,0_1_8,0_1,1,0.2626929211432282
00824-Dd4bFSTQ8gi,hovsg,185,firewood,0_6_135,0_6,2,0.2580357496732852
00824-Dd4bFSTQ8gi,hovsg,185,firewood,0_5_400,0_5,3,0.2578023924133013
00824-Dd4bFSTQ8gi,hovsg,185,firewood,0_3_3,0_3,4,0.25548744981909505
00824-Dd4bFSTQ8gi,hovsg,185,firewood,0_6_134,0_6,5,0.2549596428834806
00824-Dd4bFSTQ8gi,hovsg,186,fishing rod,0_4_44,0_4,1,0.2389444186007112
00824-Dd4bFSTQ8gi,hovsg,186,fishing rod,0_3_47,0_3,2,0.23891998121619168
00824-Dd4bFSTQ8gi,hovsg,186,fishing rod,0_0_45,0_0,3,0.2351356994897668
00824-Dd4bFSTQ8gi,hovsg,186,fishing rod,0_2_26,0_2,4,0.23203099426858542
00824-Dd4bFSTQ8gi,hovsg,186,fishing rod,0_0_26,0_0,5,0.22937672445767793
00824-Dd4bFSTQ8gi,hovsg,187,flag,0_2_115,0_2,1,0.2658021284269424
00824-Dd4bFSTQ8gi,hovsg,187,flag,0_3_63,0_3,2,0.2623133414950955
00824-Dd4bFSTQ8gi,hovsg,187,flag,0_2_33,0_2,3,0.26112796369471536
00824-Dd4bFSTQ8gi,hovsg,187,flag,0_2_74,0_2,4,0.25857219592882363
00824-Dd4bFSTQ8gi,hovsg,187,flag,0_3_47,0_3,5,0.2564156670648521
00824-Dd4bFSTQ8gi,hovsg,188,flashlight,0_1_53,0_1,1,0.2639950733396602
00824-Dd4bFSTQ8gi,hovsg,188,flashlight,0_2_204,0_2,2,0.2572644763648595
00824-Dd4bFSTQ8gi,hovsg,188,flashlight,0_4_121,0_4,3,0.25567450852113077
00824-Dd4bFSTQ8gi,hovsg,188,flashlight,0_2_159,0_2,4,0.25326525480155615
00824-Dd4bFSTQ8gi,hovsg,188,flashlight,0_2_168,0_2,5,0.2513990388329271
00824-Dd4bFSTQ8gi,hovsg,189,floor stand,0_5_430,0_5,1,0.2842509261721425
00824-Dd4bFSTQ8gi,hovsg,189,floor stand,0_5_185,0_5,2,0.2814923956511592
00824-Dd4bFSTQ8gi,hovsg,189,floor stand,0_5_245,0_5,3,0.27646222396592834
00824-Dd4bFSTQ8gi,hovsg,189,floor stand,0_5_264,0_5,4,0.27557164551176716
00824-Dd4bFSTQ8gi,hovsg,189,floor stand,0_5_331,0_5,5,0.2754129855092646
00824-Dd4bFSTQ8gi,hovsg,190,flower stand,0_2_20,0_2,1,0.2648967194042201
00824-Dd4bFSTQ8gi,hovsg,190,flower stand,0_5_74,0_5,2,0.26085499158241715
00824-Dd4bFSTQ8gi,hovsg,190,flower stand,0_5_261,0_5,3,0.2288180635286773
00824-Dd4bFSTQ8gi,hovsg,190,flower stand,0_5_296,0_5,4,0.2224384674655253
00824-Dd4bFSTQ8gi,hovsg,191,flowerbed,0_2_20,0_2,1,0.23290832969690908
00824-Dd4bFSTQ8gi,hovsg,191,flowerbed,0_5_74,0_5,2,0.2266547447461476
00824-Dd4bFSTQ8gi,hovsg,191,flowerbed,0_5_69,0_5,3,0.2183170115640186
00824-Dd4bFSTQ8gi,hovsg,192,flush,0_2_22,0_2,1,0.28705385291526386
00824-Dd4bFSTQ8gi,hovsg,192,flush,0_2_16,0_2,2,0.2862023967672222
00824-Dd4bFSTQ8gi,hovsg,192,flush,0_2_24,0_2,3,0.2761544319413317
00824-Dd4bFSTQ8gi,hovsg,192,flush,0_2_21,0_2,4,0.27508870870741237
00824-Dd4bFSTQ8gi,hovsg,192,flush,0_2_120,0_2,5,0.2741803023655992
00824-Dd4bFSTQ8gi,hovsg,193,flush button,0_5_134,0_5,1,0.2524636513573448
00824-Dd4bFSTQ8gi,hovsg,193,flush button,0_2_22,0_2,2,0.2515958867319523
00824-Dd4bFSTQ8gi,hovsg,193,flush button,0_2_80,0_2,3,0.24659322052863242
00824-Dd4bFSTQ8gi,hovsg,193,flush button,0_2_16,0_2,4,0.23609575910217218
00824-Dd4bFSTQ8gi,hovsg,193,flush button,0_0_42,0_0,5,0.23285709128598175
00824-Dd4bFSTQ8gi,hovsg,194,flush push,0_2_22,0_2,1,0.2769627879814828
00824-Dd4bFSTQ8gi,hovsg,194,flush push,0_2_16,0_2,2,0.2764698796882152
00824-Dd4bFSTQ8gi,hovsg,194,flush push,0_2_21,0_2,3,0.2679926224067748
00824-Dd4bFSTQ8gi,hovsg,194,flush push,0_2_36,0_2,4,0.2678834125064528
00824-Dd4bFSTQ8gi,hovsg,194,flush push,0_2_80,0_2,5,0.2664045909419065
00824-Dd4bFSTQ8gi,hovsg,195,foam,0_4_142,0_4,1,0.27138864282591746
00824-Dd4bFSTQ8gi,hovsg,195,foam,0_6_86,0_6,2,0.2701340455722658
00824-Dd4bFSTQ8gi,hovsg,195,foam,0_2_126,0_2,3,0.26831500257954266
00824-Dd4bFSTQ8gi,hovsg,195,foam,0_4_130,0_4,4,0.2662797601258837
00824-Dd4bFSTQ8gi,hovsg,195,foam,0_6_23,0_6,5,0.26567379093449955
00824-Dd4bFSTQ8gi,hovsg,196,folding stand,0_1_74,0_1,1,0.2841918092580678
00824-Dd4bFSTQ8gi,hovsg,196,folding stand,0_0_30,0_0,2,0.2572702327051898
00824-Dd4bFSTQ8gi,hovsg,196,folding stand,0_3_3,0_3,3,0.2566319464460296
00824-Dd4bFSTQ8gi,hovsg,196,folding stand,0_0_26,0_0,4,0.25478852403452207
00824-Dd4bFSTQ8gi,hovsg,196,folding stand,0_1_77,0_1,5,0.254558053336878
00824-Dd4bFSTQ8gi,hovsg,197,food,0_5_28,0_5,1,0.26937481656344353
00824-Dd4bFSTQ8gi,hovsg,197,food,0_5_260,0_5,2,0.2511489605146783
00824-Dd4bFSTQ8gi,hovsg,197,food,0_5_23,0_5,3,0.2505798371979381
00824-Dd4bFSTQ8gi,hovsg,197,food,0_5_262,0_5,4,0.24341980729613827
00824-Dd4bFSTQ8gi,hovsg,197,food,0_5_293,0_5,5,0.23856551422584296
00824-Dd4bFSTQ8gi,hovsg,198,food processor,0_5_23,0_5,1,0.24601837600536883
00824-Dd4bFSTQ8gi,hovsg,198,food processor,0_6_79,0_6,2,0.24494647032748196
00824-Dd4bFSTQ8gi,hovsg,198,food processor,0_5_94,0_5,3,0.23961163676785097
00824-Dd4bFSTQ8gi,hovsg,198,food processor,0_5_8,0_5,4,0.23759451973653148
00824-Dd4bFSTQ8gi,hovsg,198,food processor,0_5_141,0_5,5,0.23509660147531317
00824-Dd4bFSTQ8gi,hovsg,199,food stand,0_5_28,0_5,1,0.22214597699012836
00824-Dd4bFSTQ8gi,hovsg,200,foosball table,0_3_3,0_3,1,0.23087396395562584
00824-Dd4bFSTQ8gi,hovsg,200,foosball table,0_5_245,0_5,2,0.21734597382431298
00824-Dd4bFSTQ8gi,hovsg,200,foosball table,0_3_24,0_3,3,0.20874345792325355
00824-Dd4bFSTQ8gi,hovsg,200,foosball table,0_3_30,0_3,4,0.20701841172161467
00824-Dd4bFSTQ8gi,hovsg,200,foosball table,0_2_169,0_2,5,0.20322327015640096
00824-Dd4bFSTQ8gi,hovsg,201,foot spa,0_1_59,0_1,1,0.21884843268262122
00824-Dd4bFSTQ8gi,hovsg,201,foot spa,0_5_128,0_5,2,0.2082065832258731
00824-Dd4bFSTQ8gi,hovsg,201,foot spa,0_5_71,0_5,3,0.20492522945861366
00824-Dd4bFSTQ8gi,hovsg,201,foot spa,0_5_260,0_5,4,0.20485618968483138
00824-Dd4bFSTQ8gi,hovsg,201,foot spa,0_2_26,0_2,5,0.20192970736393712
00824-Dd4bFSTQ8gi,hovsg,202,football,0_0_42,0_0,1,0.22395295421103745
00824-Dd4bFSTQ8gi,hovsg,202,football,0_1_58,0_1,2,0.2092050350440741
00824-Dd4bFSTQ8gi,hovsg,202,football,0_3_31,0_3,3,0.20150665067265572
00824-Dd4bFSTQ8gi,hovsg,203,footstool,0_3_8,0_3,1,0.3052539198255629
00824-Dd4bFSTQ8gi,hovsg,203,footstool,0_3_3,0_3,2,0.2894054762201137
00824-Dd4bFSTQ8gi,hovsg,203,footstool,0_3_7,0_3,3,0.2890004047082621
00824-Dd4bFSTQ8gi,hovsg,203,footstool,0_5_193,0_5,4,0.2796030136302679
00824-Dd4bFSTQ8gi,hovsg,203,footstool,0_5_150,0_5,5,0.2769907913164765
00824-Dd4bFSTQ8gi,hovsg,204,frame,0_2_28,0_2,1,0.2903565990781951
00824-Dd4bFSTQ8gi,hovsg,204,frame,0_3_30,0_3,2,0.27181492236878335
00824-Dd4bFSTQ8gi,hovsg,204,frame,0_6_95,0_6,3,0.26991762044291423
00824-Dd4bFSTQ8gi,hovsg,204,frame,0_5_72,0_5,4,0.26606885468043506
00824-Dd4bFSTQ8gi,hovsg,204,frame,0_5_128,0_5,5,0.26558947893808715
00824-Dd4bFSTQ8gi,hovsg,205,fruit,0_5_23,0_5,1,0.25170450126031957
00824-Dd4bFSTQ8gi,hovsg,205,fruit,0_5_305,0_5,2,0.22989842028732646
00824-Dd4bFSTQ8gi,hovsg,205,fruit,0_5_74,0_5,3,0.2273053391534397
00824-Dd4bFSTQ8gi,hovsg,205,fruit,0_6_7,0_6,4,0.22437028806791742
00824-Dd4bFSTQ8gi,hovsg,205,fruit,0_5_335,0_5,5,0.220520277524065
00824-Dd4bFSTQ8gi,hovsg,206,fume cupboard,0_5_76,0_5,1,0.25779613095780984
00824-Dd4bFSTQ8gi,hovsg,206,fume cupboard,0_5_51,0_5,2,0.24456493294656717
00824-Dd4bFSTQ8gi,hovsg,206,fume cupboard,0_5_224,0_5,3,0.24319457602160433
00824-Dd4bFSTQ8gi,hovsg,206,fume cupboard,0_5_39,0_5,4,0.24307330201521954
00824-Dd4bFSTQ8gi,hovsg,206,fume cupboard,0_1_36,0_1,5,0.2427812494663647
00824-Dd4bFSTQ8gi,hovsg,207,fur,0_6_23,0_6,1,0.2912483623028127
00824-Dd4bFSTQ8gi,hovsg,207,fur,0_6_150,0_6,2,0.2846320446066434
00824-Dd4bFSTQ8gi,hovsg,207,fur,0_6_11,0_6,3,0.2832547033720524
00824-Dd4bFSTQ8gi,hovsg,207,fur,0_6_34,0_6,4,0.2802853425716839
00824-Dd4bFSTQ8gi,hovsg,207,fur,0_6_46,0_6,5,0.276793584075364
00824-Dd4bFSTQ8gi,hovsg,208,furnace,0_6_135,0_6,1,0.3064088280321834
00824-Dd4bFSTQ8gi,hovsg,208,furnace,0_6_134,0_6,2,0.3058011044776232
00824-Dd4bFSTQ8gi,hovsg,208,furnace,0_6_0,0_6,3,0.3025416939439325
00824-Dd4bFSTQ8gi,hovsg,208,furnace,0_6_14,0_6,4,0.25814481553466484
00824-Dd4bFSTQ8gi,hovsg,208,furnace,0_6_140,0_6,5,0.2537745786696583
00824-Dd4bFSTQ8gi,hovsg,209,furniture,0_2_161,0_2,1,0.28812326589414916
00824-Dd4bFSTQ8gi,hovsg,209,furniture,0_2_195,0_2,2,0.28754190515517186
00824-Dd4bFSTQ8gi,hovsg,209,furniture,0_5_193,0_5,3,0.2808473501777492
00824-Dd4bFSTQ8gi,hovsg,209,furniture,0_5_159,0_5,4,0.2790917546300094
00824-Dd4bFSTQ8gi,hovsg,209,furniture,0_3_8,0_3,5,0.2783226643036145
00824-Dd4bFSTQ8gi,hovsg,210,game,0_3_3,0_3,1,0.25415426007929737
00824-Dd4bFSTQ8gi,hovsg,210,game,0_5_16,0_5,2,0.23935412179340415
00824-Dd4bFSTQ8gi,hovsg,210,game,0_2_164,0_2,3,0.23679718903900332
00824-Dd4bFSTQ8gi,hovsg,210,game,0_2_6,0_2,4,0.23253607770120155
00824-Dd4bFSTQ8gi,hovsg,210,game,0_5_23,0_5,5,0.2316514155442539
00824-Dd4bFSTQ8gi,hovsg,211,game console,0_1_74,0_1,1,0.25086063544124115
00824-Dd4bFSTQ8gi,hovsg,211,game console,0_1_35,0_1,2,0.23620929787716388
00824-Dd4bFSTQ8gi,hovsg,211,game console,0_5_88,0_5,3,0.23172082794235946
00824-Dd4bFSTQ8gi,hovsg,211,game console,0_3_37,0_3,4,0.23083835243238118
00824-Dd4bFSTQ8gi,hovsg,211,game console,0_5_89,0_5,5,0.22920588676609083
00824-Dd4bFSTQ8gi,hovsg,212,gap,0_1_6,0_1,1,0.26230901163065085
00824-Dd4bFSTQ8gi,hovsg,212,gap,0_0_23,0_0,2,0.2574616640086562
00824-Dd4bFSTQ8gi,hovsg,212,gap,0_1_19,0_1,3,0.25744571306718655
00824-Dd4bFSTQ8gi,hovsg,212,gap,0_4_27,0_4,4,0.2557349418091349
00824-Dd4bFSTQ8gi,hovsg,212,gap,0_5_93,0_5,5,0.25454283968028113
00824-Dd4bFSTQ8gi,hovsg,213,garage door motor,0_6_126,0_6,1,0.24431142978148218
00824-Dd4bFSTQ8gi,hovsg,213,garage door motor,0_5_348,0_5,2,0.24426757308811076
00824-Dd4bFSTQ8gi,hovsg,213,garage door motor,0_5_14,0_5,3,0.2431848275797161
00824-Dd4bFSTQ8gi,hovsg,213,garage door motor,0_5_347,0_5,4,0.24088048849549198
00824-Dd4bFSTQ8gi,hovsg,213,garage door motor,0_5_369,0_5,5,0.23944690044055075
00824-Dd4bFSTQ8gi,hovsg,214,garage door opener,0_6_126,0_6,1,0.26379271902458673
00824-Dd4bFSTQ8gi,hovsg,214,garage door opener,0_5_348,0_5,2,0.2623652626576532
00824-Dd4bFSTQ8gi,hovsg,214,garage door opener,0_5_354,0_5,3,0.2603499936499405
00824-Dd4bFSTQ8gi,hovsg,214,garage door opener,0_5_347,0_5,4,0.25781560830757233
00824-Dd4bFSTQ8gi,hovsg,214,garage door opener,0_1_45,0_1,5,0.2575402017969976
00824-Dd4bFSTQ8gi,hovsg,215,garage door opener railing,0_5_354,0_5,1,0.2609214568366133
00824-Dd4bFSTQ8gi,hovsg,215,garage door opener railing,0_1_45,0_1,2,0.2608273656349692
00824-Dd4bFSTQ8gi,hovsg,215,garage door opener railing,0_5_369,0_5,3,0.2606884501958107
00824-Dd4bFSTQ8gi,hovsg,215,garage door opener railing,0_5_357,0_5,4,0.2598472403916672
00824-Dd4bFSTQ8gi,hovsg,215,garage door opener railing,0_5_358,0_5,5,0.259594079063861
00824-Dd4bFSTQ8gi,hovsg,216,gas box,0_1_35,0_1,1,0.2612053013274864
00824-Dd4bFSTQ8gi,hovsg,216,gas box,0_5_67,0_5,2,0.2416617536151093
00824-Dd4bFSTQ8gi,hovsg,216,gas box,0_1_74,0_1,3,0.23542431598143052
00824-Dd4bFSTQ8gi,hovsg,216,gas box,0_5_16,0_5,4,0.23460013128732943
00824-Dd4bFSTQ8gi,hovsg,216,gas box,0_5_94,0_5,5,0.231661884381844
00824-Dd4bFSTQ8gi,hovsg,217,gas container,0_5_141,0_5,1,0.255373687518286
00824-Dd4bFSTQ8gi,hovsg,217,gas container,0_1_35,0_1,2,0.2549981851468387
00824-Dd4bFSTQ8gi,hovsg,217,gas container,0_5_76,0_5,3,0.2481345860183064
00824-Dd4bFSTQ8gi,hovsg,217,gas container,0_2_4,0_2,4,0.24392832962818917
00824-Dd4bFSTQ8gi,hovsg,217,gas container,0_5_23,0_5,5,0.22918273010140253
00824-Dd4bFSTQ8gi,hovsg,218,gas meter,0_5_134,0_5,1,0.2544985000062703
00824-Dd4bFSTQ8gi,hovsg,218,gas meter,0_1_35,0_1,2,0.23983069467063747
00824-Dd4bFSTQ8gi,hovsg,218,gas meter,0_5_89,0_5,3,0.23961473581967108
00824-Dd4bFSTQ8gi,hovsg,218,gas meter,0_6_79,0_6,4,0.23692707839272176
00824-Dd4bFSTQ8gi,hovsg,218,gas meter,0_5_88,0_5,5,0.236325921830089
00824-Dd4bFSTQ8gi,hovsg,219,gauge,0_5_89,0_5,1,0.22335071023566536
00824-Dd4bFSTQ8gi,hovsg,219,gauge,0_5_37,0_5,2,0.20823594141128077
00824-Dd4bFSTQ8gi,hovsg,220,gift,0_5_16,0_5,1,0.24689416987346433
00824-Dd4bFSTQ8gi,hovsg,220,gift,0_2_20,0_2,2,0.22958045930677054
00824-Dd4bFSTQ8gi,hovsg,220,gift,0_5_74,0_5,3,0.22640581083689848
00824-Dd4bFSTQ8gi,hovsg,220,gift,0_5_177,0_5,4,0.22459926925598683
00824-Dd4bFSTQ8gi,hovsg,220,gift,0_6_7,0_6,5,0.2229308196291961
00824-Dd4bFSTQ8gi,hovsg,221,glass,0_5_110,0_5,1,0.28930789600921364
00824-Dd4bFSTQ8gi,hovsg,221,glass,0_5_103,0_5,2,0.28588306559519705
00824-Dd4bFSTQ8gi,hovsg,221,glass,0_6_95,0_6,3,0.2840548405352045
00824-Dd4bFSTQ8gi,hovsg,221,glass,0_6_18,0_6,4,0.28385750291860823
00824-Dd4bFSTQ8gi,hovsg,221,glass,0_6_61,0_6,5,0.28384980257626496
00824-Dd4bFSTQ8gi,hovsg,222,glasses,0_5_104,0_5,1,0.21755377339946141
00824-Dd4bFSTQ8gi,hovsg,223,globe,0_5_160,0_5,1,0.2087917941558115
00824-Dd4bFSTQ8gi,hovsg,224,globe stand,0_2_172,0_2,1,0.21049550681442597
00824-Dd4bFSTQ8gi,hovsg,224,globe stand,0_5_334,0_5,2,0.20785651082580953
00824-Dd4bFSTQ8gi,hovsg,224,globe stand,0_2_6,0_2,3,0.20369347131463642
00824-Dd4bFSTQ8gi,hovsg,224,globe stand,0_3_3,0_3,4,0.19929350613863478
00824-Dd4bFSTQ8gi,hovsg,224,globe stand,0_5_400,0_5,5,0.19890698660521794
00824-Dd4bFSTQ8gi,hovsg,225,gloves,0_5_293,0_5,1,0.22080987082591239
00824-Dd4bFSTQ8gi,hovsg,226,glue,0_3_37,0_3,1,0.2778342841277089
00824-Dd4bFSTQ8gi,hovsg,226,glue,0_3_3,0_3,2,0.2686117970481901
00824-Dd4bFSTQ8gi,hovsg,226,glue,0_3_25,0_3,3,0.26718712601265915
00824-Dd4bFSTQ8gi,hovsg,226,glue,0_3_16,0_3,4,0.2670662813398874
00824-Dd4bFSTQ8gi,hovsg,226,glue,0_1_82,0_1,5,0.26628350017169217
00824-Dd4bFSTQ8gi,hovsg,227,goalpost,0_2_115,0_2,1,0.23952317295769981
00824-Dd4bFSTQ8gi,hovsg,227,goalpost,0_5_327,0_5,2,0.23902535852845774
00824-Dd4bFSTQ8gi,hovsg,227,goalpost,0_2_116,0_2,3,0.23228558392742119
00824-Dd4bFSTQ8gi,hovsg,227,goalpost,0_2_26,0_2,4,0.2293761699337451
00824-Dd4bFSTQ8gi,hovsg,227,goalpost,0_0_24,0_0,5,0.22897635728698457
00824-Dd4bFSTQ8gi,hovsg,228,golf sticks,0_5_378,0_5,1,0.22451736683988094
00824-Dd4bFSTQ8gi,hovsg,228,golf sticks,0_2_20,0_2,2,0.21438185070237753
00824-Dd4bFSTQ8gi,hovsg,228,golf sticks,0_0_47,0_0,3,0.21317305623493576
00824-Dd4bFSTQ8gi,hovsg,228,golf sticks,0_5_245,0_5,4,0.21237727276223245
00824-Dd4bFSTQ8gi,hovsg,228,golf sticks,0_3_30,0_3,5,0.2105618473122291
00824-Dd4bFSTQ8gi,hovsg,229,grab bar,0_2_24,0_2,1,0.280769945090003
00824-Dd4bFSTQ8gi,hovsg,229,grab bar,0_2_36,0_2,2,0.27765871440056544
00824-Dd4bFSTQ8gi,hovsg,229,grab bar,0_4_23,0_4,3,0.2738023923576856
00824-Dd4bFSTQ8gi,hovsg,229,grab bar,0_2_103,0_2,4,0.27342057730214975
00824-Dd4bFSTQ8gi,hovsg,229,grab bar,0_4_27,0_4,5,0.2731177111225716
00824-Dd4bFSTQ8gi,hovsg,230,grass,0_6_76,0_6,1,0.22713706170898726
00824-Dd4bFSTQ8gi,hovsg,231,grate,0_0_68,0_0,1,0.2961651446867516
00824-Dd4bFSTQ8gi,hovsg,231,grate,0_0_69,0_0,2,0.29130989269093654
00824-Dd4bFSTQ8gi,hovsg,231,grate,0_0_3,0_0,3,0.2889417420440268
00824-Dd4bFSTQ8gi,hovsg,231,grate,0_2_51,0_2,4,0.27879654176421853
00824-Dd4bFSTQ8gi,hovsg,231,grate,0_0_74,0_0,5,0.2761202932482934
00824-Dd4bFSTQ8gi,hovsg,232,gravel,0_5_81,0_5,1,0.2311601481200708
00824-Dd4bFSTQ8gi,hovsg,232,gravel,0_5_82,0_5,2,0.2238364318570027
00824-Dd4bFSTQ8gi,hovsg,232,gravel,0_5_36,0_5,3,0.22375373048208252
00824-Dd4bFSTQ8gi,hovsg,232,gravel,0_6_4,0_6,4,0.22364551740740862
00824-Dd4bFSTQ8gi,hovsg,232,gravel,0_1_4,0_1,5,0.22317397841324604
00824-Dd4bFSTQ8gi,hovsg,233,groceries,0_5_23,0_5,1,0.2421940396762115
00824-Dd4bFSTQ8gi,hovsg,233,groceries,0_2_20,0_2,2,0.228375778830123
00824-Dd4bFSTQ8gi,hovsg,233,groceries,0_5_74,0_5,3,0.22056981471848208
00824-Dd4bFSTQ8gi,hovsg,233,groceries,0_2_32,0_2,4,0.21111296467551954
00824-Dd4bFSTQ8gi,hovsg,234,guitar,0_3_3,0_3,1,0.270012075040419
00824-Dd4bFSTQ8gi,hovsg,234,guitar,0_2_87,0_2,2,0.26702436177683375
00824-Dd4bFSTQ8gi,hovsg,234,guitar,0_3_29,0_3,3,0.264636274200153
00824-Dd4bFSTQ8gi,hovsg,234,guitar,0_3_65,0_3,4,0.2597936165432039
00824-Dd4bFSTQ8gi,hovsg,234,guitar,0_5_245,0_5,5,0.2588898539098395
00824-Dd4bFSTQ8gi,hovsg,235,gun,0_5_245,0_5,1,0.2523334634485299
00824-Dd4bFSTQ8gi,hovsg,235,gun,0_3_29,0_3,2,0.25004069500805837
00824-Dd4bFSTQ8gi,hovsg,235,gun,0_3_35,0_3,3,0.24562093348041153
00824-Dd4bFSTQ8gi,hovsg,235,gun,0_5_196,0_5,4,0.23746883677011574
00824-Dd4bFSTQ8gi,hovsg,235,gun,0_4_3,0_4,5,0.2372525426570506
00824-Dd4bFSTQ8gi,hovsg,236,gym rope,0_0_49,0_0,1,0.1940679432221754
00824-Dd4bFSTQ8gi,hovsg,237,hair brush,0_2_20,0_2,1,0.2555591437927798
00824-Dd4bFSTQ8gi,hovsg,237,hair brush,0_0_47,0_0,2,0.24948561420205437
00824-Dd4bFSTQ8gi,hovsg,237,hair brush,0_0_51,0_0,3,0.24688075249161034
00824-Dd4bFSTQ8gi,hovsg,237,hair brush,0_5_218,0_5,4,0.23853978569612375
00824-Dd4bFSTQ8gi,hovsg,237,hair brush,0_5_308,0_5,5,0.2380050981004474
00824-Dd4bFSTQ8gi,hovsg,238,hair dryer,0_1_59,0_1,1,0.24679839925043426
00824-Dd4bFSTQ8gi,hovsg,238,hair dryer,0_2_4,0_2,2,0.24530274142439315
00824-Dd4bFSTQ8gi,hovsg,238,hair dryer,0_2_204,0_2,3,0.2448696407119938
00824-Dd4bFSTQ8gi,hovsg,238,hair dryer,0_1_35,0_1,4,0.24416407427512762
00824-Dd4bFSTQ8gi,hovsg,238,hair dryer,0_4_3,0_4,5,0.23956630916487504
00824-Dd4bFSTQ8gi,hovsg,239,hammer,0_5_6,0_5,1,0.26173681509022023
00824-Dd4bFSTQ8gi,hovsg,239,hammer,0_3_3,0_3,2,0.2615560954925844
00824-Dd4bFSTQ8gi,hovsg,239,hammer,0_2_145,0_2,3,0.26153908805395426
00824-Dd4bFSTQ8gi,hovsg,239,hammer,0_5_295,0_5,4,0.26085697176778083
00824-Dd4bFSTQ8gi,hovsg,239,hammer,0_3_29,0_3,5,0.2594616643307942
00824-Dd4bFSTQ8gi,hovsg,240,hammock,0_1_75,0_1,1,0.2540127534065346
00824-Dd4bFSTQ8gi,hovsg,240,hammock,0_1_59,0_1,2,0.22964808698945535
00824-Dd4bFSTQ8gi,hovsg,240,hammock,0_0_8,0_0,3,0.2273211717801458
00824-Dd4bFSTQ8gi,hovsg,240,hammock,0_2_8,0_2,4,0.21793414102371228
00824-Dd4bFSTQ8gi,hovsg,240,hammock,0_5_231,0_5,5,0.21464229377979915
00824-Dd4bFSTQ8gi,hovsg,241,hand dryer,0_1_74,0_1,1,0.2698466497802625
00824-Dd4bFSTQ8gi,hovsg,241,hand dryer,0_1_35,0_1,2,0.26223881878780403
00824-Dd4bFSTQ8gi,hovsg,241,hand dryer,0_5_141,0_5,3,0.2558484243549277
00824-Dd4bFSTQ8gi,hovsg,241,hand dryer,0_5_134,0_5,4,0.2537416456013453
00824-Dd4bFSTQ8gi,hovsg,241,hand dryer,0_2_4,0_2,5,0.25287003697480537
00824-Dd4bFSTQ8gi,hovsg,242,handcart,0_3_3,0_3,1,0.24340384715864377
00824-Dd4bFSTQ8gi,hovsg,242,handcart,0_3_61,0_3,2,0.23399806710355692
00824-Dd4bFSTQ8gi,hovsg,242,handcart,0_2_26,0_2,3,0.22936544930643532
00824-Dd4bFSTQ8gi,hovsg,242,handcart,0_3_56,0_3,4,0.22711338307204115
00824-Dd4bFSTQ8gi,hovsg,242,handcart,0_3_58,0_3,5,0.22563557762479353
00824-Dd4bFSTQ8gi,hovsg,243,handkerchiefs,0_3_37,0_3,1,0.264724656538889
00824-Dd4bFSTQ8gi,hovsg,243,handkerchiefs,0_2_21,0_2,2,0.2550483283162166
00824-Dd4bFSTQ8gi,hovsg,243,handkerchiefs,0_2_179,0_2,3,0.25471829653688427
00824-Dd4bFSTQ8gi,hovsg,243,handkerchiefs,0_2_164,0_2,4,0.25464435201252705
00824-Dd4bFSTQ8gi,hovsg,243,handkerchiefs,0_2_22,0_2,5,0.25457292743277854
00824-Dd4bFSTQ8gi,hovsg,244,handle,0_2_144,0_2,1,0.28931373215634926
00824-Dd4bFSTQ8gi,hovsg,244,handle,0_2_145,0_2,2,0.28845042080440164
00824-Dd4bFSTQ8gi,hovsg,244,handle,0_5_41,0_5,3,0.28656209252677434
00824-Dd4bFSTQ8gi,hovsg,244,handle,0_2_137,0_2,4,0.2854992381175333
00824-Dd4bFSTQ8gi,hovsg,244,handle,0_2_89,0_2,5,0.28328045700167537
00824-Dd4bFSTQ8gi,hovsg,245,hanger,0_2_168,0_2,1,0.2625590532488737
00824-Dd4bFSTQ8gi,hovsg,245,hanger,0_1_3,0_1,2,0.2609060114711661
00824-Dd4bFSTQ8gi,hovsg,245,hanger,0_2_45,0_2,3,0.2519619830961421
00824-Dd4bFSTQ8gi,hovsg,245,hanger,0_2_15,0_2,4,0.25175819268928695
00824-Dd4bFSTQ8gi,hovsg,245,hanger,0_2_204,0_2,5,0.2512297390659076
00824-Dd4bFSTQ8gi,hovsg,246,hat,0_2_30,0_2,1,0.2666409808056731
00824-Dd4bFSTQ8gi,hovsg,246,hat,0_3_3,0_3,2,0.25511656370368685
00824-Dd4bFSTQ8gi,hovsg,246,hat,0_5_102,0_5,3,0.2529509352628833
00824-Dd4bFSTQ8gi,hovsg,246,hat,0_2_172,0_2,4,0.2494605874474301
00824-Dd4bFSTQ8gi,hovsg,246,hat,0_3_16,0_3,5,0.24814979609905616
00824-Dd4bFSTQ8gi,hovsg,247,hatch,0_5_88,0_5,1,0.25447781620388665
00824-Dd4bFSTQ8gi,hovsg,247,hatch,0_5_144,0_5,2,0.2544292511751574
00824-Dd4bFSTQ8gi,hovsg,247,hatch,0_5_73,0_5,3,0.2510960378583495
00824-Dd4bFSTQ8gi,hovsg,247,hatch,0_1_52,0_1,4,0.2450432120226895
00824-Dd4bFSTQ8gi,hovsg,247,hatch,0_2_137,0_2,5,0.24290928361168151
00824-Dd4bFSTQ8gi,hovsg,248,headboard,0_2_42,0_2,1,0.32240455699811876
00824-Dd4bFSTQ8gi,hovsg,248,headboard,0_2_184,0_2,2,0.32176710131557873
00824-Dd4bFSTQ8gi,hovsg,248,headboard,0_2_176,0_2,3,0.3212130644112762
00824-Dd4bFSTQ8gi,hovsg,248,headboard,0_2_175,0_2,4,0.32031137847165325
00824-Dd4bFSTQ8gi,hovsg,248,headboard,0_0_7,0_0,5,0.3003787385737675
00824-Dd4bFSTQ8gi,hovsg,249,headphones,0_2_26,0_2,1,0.2167511362147157
00824-Dd4bFSTQ8gi,hovsg,249,headphones,0_5_277,0_5,2,0.21560010044915334
00824-Dd4bFSTQ8gi,hovsg,249,headphones,0_3_47,0_3,3,0.20871756464157543
00824-Dd4bFSTQ8gi,hovsg,249,headphones,0_1_75,0_1,4,0.2053322779153203
00824-Dd4bFSTQ8gi,hovsg,249,headphones,0_0_45,0_0,5,0.2034103207038849
00824-Dd4bFSTQ8gi,hovsg,250,heater,0_6_134,0_6,1,0.29321392595337137
00824-Dd4bFSTQ8gi,hovsg,250,heater,0_6_0,0_6,2,0.2897624076137364
00824-Dd4bFSTQ8gi,hovsg,250,heater,0_6_135,0_6,3,0.28948996268919014
00824-Dd4bFSTQ8gi,hovsg,250,heater,0_0_55,0_0,4,0.2772136186293521
00824-Dd4bFSTQ8gi,hovsg,250,heater,0_0_59,0_0,5,0.2738489669041403
00824-Dd4bFSTQ8gi,hovsg,251,heater piping,0_4_26,0_4,1,0.2532798654692223
00824-Dd4bFSTQ8gi,hovsg,251,heater piping,0_4_119,0_4,2,0.2525412822318255
00824-Dd4bFSTQ8gi,hovsg,251,heater piping,0_0_59,0_0,3,0.2509532228380077
00824-Dd4bFSTQ8gi,hovsg,251,heater piping,0_4_24,0_4,4,0.25032249895371217
00824-Dd4bFSTQ8gi,hovsg,251,heater piping,0_1_91,0_1,5,0.24870596759353414
00824-Dd4bFSTQ8gi,hovsg,252,holder,0_2_172,0_2,1,0.24117265524566492
00824-Dd4bFSTQ8gi,hovsg,252,holder,0_2_137,0_2,2,0.23658403522230392
00824-Dd4bFSTQ8gi,hovsg,252,holder,0_2_148,0_2,3,0.23132328805298502
00824-Dd4bFSTQ8gi,hovsg,252,holder,0_0_42,0_0,4,0.23080115223439712
00824-Dd4bFSTQ8gi,hovsg,252,holder,0_2_145,0_2,5,0.2302198845345803
00824-Dd4bFSTQ8gi,hovsg,253,holy cross,0_2_168,0_2,1,0.22864049744918752
00824-Dd4bFSTQ8gi,hovsg,253,holy cross,0_5_277,0_5,2,0.2247182327961174
00824-Dd4bFSTQ8gi,hovsg,253,holy cross,0_2_26,0_2,3,0.21988523800564677
00824-Dd4bFSTQ8gi,hovsg,253,holy cross,0_0_45,0_0,4,0.21169703970379644
00824-Dd4bFSTQ8gi,hovsg,253,holy cross,0_5_297,0_5,5,0.20862719729610849
00824-Dd4bFSTQ8gi,hovsg,254,hook,0_2_137,0_2,1,0.24917549524735427
00824-Dd4bFSTQ8gi,hovsg,254,hook,0_2_148,0_2,2,0.24570257369650797
00824-Dd4bFSTQ8gi,hovsg,254,hook,0_2_145,0_2,3,0.2432832073799337
00824-Dd4bFSTQ8gi,hovsg,254,hook,0_5_233,0_5,4,0.23926920158732906
00824-Dd4bFSTQ8gi,hovsg,254,hook,0_2_6,0_2,5,0.237487836104142
00824-Dd4bFSTQ8gi,hovsg,255,hose,0_2_66,0_2,1,0.21502045029800498
00824-Dd4bFSTQ8gi,hovsg,255,hose,0_2_145,0_2,2,0.20791868362037447
00824-Dd4bFSTQ8gi,hovsg,256,hourglass,0_2_6,0_2,1,0.260943215567174
00824-Dd4bFSTQ8gi,hovsg,256,hourglass,0_5_245,0_5,2,0.251504832495097
00824-Dd4bFSTQ8gi,hovsg,256,hourglass,0_6_76,0_6,3,0.23485087697063958
00824-Dd4bFSTQ8gi,hovsg,256,hourglass,0_5_177,0_5,4,0.23298955380570768
00824-Dd4bFSTQ8gi,hovsg,256,hourglass,0_5_166,0_5,5,0.23169219329964924
00824-Dd4bFSTQ8gi,hovsg,257,hoverboard,0_3_3,0_3,1,0.2649859103453855
00824-Dd4bFSTQ8gi,hovsg,257,hoverboard,0_1_52,0_1,2,0.25913933247809456
00824-Dd4bFSTQ8gi,hovsg,257,hoverboard,0_5_245,0_5,3,0.2538913188941594
00824-Dd4bFSTQ8gi,hovsg,257,hoverboard,0_3_29,0_3,4,0.25165912583703165
00824-Dd4bFSTQ8gi,hovsg,257,hoverboard,0_3_65,0_3,5,0.2427060219214358
00824-Dd4bFSTQ8gi,hovsg,258,ice maker,0_5_11,0_5,1,0.2891781588750501
00824-Dd4bFSTQ8gi,hovsg,258,ice maker,0_5_8,0_5,2,0.285211374572255
00824-Dd4bFSTQ8gi,hovsg,258,ice maker,0_5_180,0_5,3,0.2750826829367481
00824-Dd4bFSTQ8gi,hovsg,258,ice maker,0_5_103,0_5,4,0.26190541775282405
00824-Dd4bFSTQ8gi,hovsg,258,ice maker,0_6_79,0_6,5,0.2607842666093473
00824-Dd4bFSTQ8gi,hovsg,259,information,0_5_99,0_5,1,0.2657127476865651
00824-Dd4bFSTQ8gi,hovsg,259,information,0_5_6,0_5,2,0.26429290891226404
00824-Dd4bFSTQ8gi,hovsg,259,information,0_3_37,0_3,3,0.2631408374433067
00824-Dd4bFSTQ8gi,hovsg,259,information,0_5_393,0_5,4,0.26083217654938157
00824-Dd4bFSTQ8gi,hovsg,259,information,0_0_30,0_0,5,0.26056534817376287
00824-Dd4bFSTQ8gi,hovsg,260,installation,0_6_140,0_6,1,0.27329822103077595
00824-Dd4bFSTQ8gi,hovsg,260,installation,0_0_55,0_0,2,0.2678475475886577
00824-Dd4bFSTQ8gi,hovsg,260,installation,0_5_67,0_5,3,0.2670152190460087
00824-Dd4bFSTQ8gi,hovsg,260,installation,0_5_43,0_5,4,0.2646981421048954
00824-Dd4bFSTQ8gi,hovsg,260,installation,0_5_326,0_5,5,0.2628458716237563
00824-Dd4bFSTQ8gi,hovsg,261,instrument,0_3_3,0_3,1,0.2782980692256547
00824-Dd4bFSTQ8gi,hovsg,261,instrument,0_5_245,0_5,2,0.27497464642980496
00824-Dd4bFSTQ8gi,hovsg,261,instrument,0_0_47,0_0,3,0.26598120253176133
00824-Dd4bFSTQ8gi,hovsg,261,instrument,0_5_173,0_5,4,0.2608982804760994
00824-Dd4bFSTQ8gi,hovsg,261,instrument,0_5_423,0_5,5,0.25971520444221396
00824-Dd4bFSTQ8gi,hovsg,262,iron,0_3_3,0_3,1,0.27165059661290725
00824-Dd4bFSTQ8gi,hovsg,262,iron,0_5_177,0_5,2,0.26463410210264415
00824-Dd4bFSTQ8gi,hovsg,262,iron,0_3_9,0_3,3,0.26354867968367524
00824-Dd4bFSTQ8gi,hovsg,262,iron,0_1_3,0_1,4,0.26005916123875
00824-Dd4bFSTQ8gi,hovsg,262,iron,0_6_79,0_6,5,0.2593425108472881
00824-Dd4bFSTQ8gi,hovsg,263,ironing board,0_3_3,0_3,1,0.27869042754586376
00824-Dd4bFSTQ8gi,hovsg,263,ironing board,0_5_395,0_5,2,0.2695028929326595
00824-Dd4bFSTQ8gi,hovsg,263,ironing board,0_5_173,0_5,3,0.26541784248175104
00824-Dd4bFSTQ8gi,hovsg,263,ironing board,0_3_65,0_3,4,0.26511345644366957
00824-Dd4bFSTQ8gi,hovsg,263,ironing board,0_3_25,0_3,5,0.2638385695796902
00824-Dd4bFSTQ8gi,hovsg,264,jewelry,0_5_160,0_5,1,0.21094128613534147
00824-Dd4bFSTQ8gi,hovsg,265,jug,0_6_79,0_6,1,0.24909956385682192
00824-Dd4bFSTQ8gi,hovsg,265,jug,0_5_23,0_5,2,0.24643011008016572
00824-Dd4bFSTQ8gi,hovsg,265,jug,0_5_296,0_5,3,0.2454596891024669
00824-Dd4bFSTQ8gi,hovsg,265,jug,0_2_30,0_2,4,0.2454018533548896
00824-Dd4bFSTQ8gi,hovsg,265,jug,0_6_84,0_6,5,0.24516904492507818
00824-Dd4bFSTQ8gi,hovsg,266,keg,0_5_141,0_5,1,0.2726122189965746
00824-Dd4bFSTQ8gi,hovsg,266,keg,0_5_23,0_5,2,0.25828113090816024
00824-Dd4bFSTQ8gi,hovsg,266,keg,0_2_4,0_2,3,0.25538895226874725
00824-Dd4bFSTQ8gi,hovsg,266,keg,0_5_245,0_5,4,0.2551690603571273
00824-Dd4bFSTQ8gi,hovsg,266,keg,0_3_3,0_3,5,0.25211139485935774
00824-Dd4bFSTQ8gi,hovsg,267,kettle,0_2_6,0_2,1,0.2390888996992398
00824-Dd4bFSTQ8gi,hovsg,267,kettle,0_5_23,0_5,2,0.23564169391940154
00824-Dd4bFSTQ8gi,hovsg,267,kettle,0_6_79,0_6,3,0.2314961175791473
00824-Dd4bFSTQ8gi,hovsg,267,kettle,0_2_4,0_2,4,0.22739276753797488
00824-Dd4bFSTQ8gi,hovsg,267,kettle,0_5_166,0_5,5,0.22563095793305135
00824-Dd4bFSTQ8gi,hovsg,268,keys,0_2_20,0_2,1,0.23978363323328392
00824-Dd4bFSTQ8gi,hovsg,268,keys,0_5_16,0_5,2,0.2312390634462983
00824-Dd4bFSTQ8gi,hovsg,268,keys,0_2_144,0_2,3,0.2304193180964349
00824-Dd4bFSTQ8gi,hovsg,268,keys,0_5_87,0_5,4,0.22193688538377732
00824-Dd4bFSTQ8gi,hovsg,268,keys,0_2_76,0_2,5,0.21719420578052595
00824-Dd4bFSTQ8gi,hovsg,269,kitchen appliance,0_5_89,0_5,1,0.292148904774319
00824-Dd4bFSTQ8gi,hovsg,269,kitchen appliance,0_5_8,0_5,2,0.2799291737221593
00824-Dd4bFSTQ8gi,hovsg,269,kitchen appliance,0_5_11,0_5,3,0.27908962542567883
00824-Dd4bFSTQ8gi,hovsg,269,kitchen appliance,0_5_37,0_5,4,0.27746447278222
00824-Dd4bFSTQ8gi,hovsg,269,kitchen appliance,0_5_180,0_5,5,0.2715733496934799
00824-Dd4bFSTQ8gi,hovsg,270,kitchen handle,0_5_226,0_5,1,0.29691562987068804
00824-Dd4bFSTQ8gi,hovsg,270,kitchen handle,0_5_24,0_5,2,0.29445489713191186
00824-Dd4bFSTQ8gi,hovsg,270,kitchen handle,0_5_216,0_5,3,0.29086928840757376
00824-Dd4bFSTQ8gi,hovsg,270,kitchen handle,0_5_61,0_5,4,0.28993381844686983
00824-Dd4bFSTQ8gi,hovsg,270,kitchen handle,0_5_27,0_5,5,0.28981729056564776
00824-Dd4bFSTQ8gi,hovsg,271,kitchen island,0_5_27,0_5,1,0.2698318122776915
00824-Dd4bFSTQ8gi,hovsg,271,kitchen island,0_5_113,0_5,2,0.2639439813513363
00824-Dd4bFSTQ8gi,hovsg,271,kitchen island,0_5_227,0_5,3,0.26151933888032886
00824-Dd4bFSTQ8gi,hovsg,271,kitchen island,0_5_71,0_5,4,0.26097300277809976
00824-Dd4bFSTQ8gi,hovsg,271,kitchen island,0_5_75,0_5,5,0.25894969420078384
00824-Dd4bFSTQ8gi,hovsg,272,kitchen utensil,0_5_226,0_5,1,0.2593843012110663
00824-Dd4bFSTQ8gi,hovsg,272,kitchen utensil,0_5_39,0_5,2,0.2480275299397284
00824-Dd4bFSTQ8gi,hovsg,272,kitchen utensil,0_5_216,0_5,3,0.24791574900277655
00824-Dd4bFSTQ8gi,hovsg,272,kitchen utensil,0_0_47,0_0,4,0.24716401691577122
00824-Dd4bFSTQ8gi,hovsg,272,kitchen utensil,0_5_25,0_5,5,0.24443817249255914
00824-Dd4bFSTQ8gi,hovsg,273,knife,0_0_47,0_0,1,0.2959665714881831
00824-Dd4bFSTQ8gi,hovsg,273,knife,0_5_295,0_5,2,0.28514911623793987
00824-Dd4bFSTQ8gi,hovsg,273,knife,0_5_423,0_5,3,0.28512678524091856
00824-Dd4bFSTQ8gi,hovsg,273,knife,0_0_71,0_0,4,0.28421242952342873
00824-Dd4bFSTQ8gi,hovsg,273,knife,0_4_27,0_4,5,0.281700790836944
00824-Dd4bFSTQ8gi,hovsg,274,knob,0_2_144,0_2,1,0.28768828615504327
00824-Dd4bFSTQ8gi,hovsg,274,knob,0_2_172,0_2,2,0.2790029689561582
00824-Dd4bFSTQ8gi,hovsg,274,knob,0_2_198,0_2,3,0.2758029090174268
00824-Dd4bFSTQ8gi,hovsg,274,knob,0_2_195,0_2,4,0.2750657658814774
00824-Dd4bFSTQ8gi,hovsg,274,knob,0_2_161,0_2,5,0.27478221007008197
00824-Dd4bFSTQ8gi,hovsg,275,lace doily,0_5_268,0_5,1,0.24506946477499253
00824-Dd4bFSTQ8gi,hovsg,275,lace doily,0_0_60,0_0,2,0.23923541493409034
00824-Dd4bFSTQ8gi,hovsg,275,lace doily,0_5_260,0_5,3,0.23801577404370988
00824-Dd4bFSTQ8gi,hovsg,275,lace doily,0_0_57,0_0,4,0.2378004405066253
00824-Dd4bFSTQ8gi,hovsg,275,lace doily,0_0_63,0_0,5,0.23668563011838756
00824-Dd4bFSTQ8gi,hovsg,276,ladder,0_0_22,0_0,1,0.2867575112555109
00824-Dd4bFSTQ8gi,hovsg,276,ladder,0_0_23,0_0,2,0.2856187588254713
00824-Dd4bFSTQ8gi,hovsg,276,ladder,0_0_20,0_0,3,0.26989784764655317
00824-Dd4bFSTQ8gi,hovsg,276,ladder,0_5_327,0_5,4,0.26591651744669853
00824-Dd4bFSTQ8gi,hovsg,276,ladder,0_0_24,0_0,5,0.26534047661513027
00824-Dd4bFSTQ8gi,hovsg,277,landing,0_1_3,0_1,1,0.2542785784357114
00824-Dd4bFSTQ8gi,hovsg,277,landing,0_2_15,0_2,2,0.2522384337081117
00824-Dd4bFSTQ8gi,hovsg,277,landing,0_3_44,0_3,3,0.25113800223543137
00824-Dd4bFSTQ8gi,hovsg,277,landing,0_5_213,0_5,4,0.2498079807440607
00824-Dd4bFSTQ8gi,hovsg,277,landing,0_3_35,0_3,5,0.24751148200143236
00824-Dd4bFSTQ8gi,hovsg,278,laundry,0_5_71,0_5,1,0.25589410851665095
00824-Dd4bFSTQ8gi,hovsg,278,laundry,0_5_62,0_5,2,0.24483087351201066
00824-Dd4bFSTQ8gi,hovsg,278,laundry,0_5_125,0_5,3,0.24218072681674113
00824-Dd4bFSTQ8gi,hovsg,278,laundry,0_5_186,0_5,4,0.23993612670996725
00824-Dd4bFSTQ8gi,hovsg,278,laundry,0_5_179,0_5,5,0.2394411658249318
00824-Dd4bFSTQ8gi,hovsg,279,lawn mower,0_3_47,0_3,1,0.2124710784555629
00824-Dd4bFSTQ8gi,hovsg,279,lawn mower,0_5_173,0_5,2,0.2055272936914431
00824-Dd4bFSTQ8gi,hovsg,279,lawn mower,0_5_334,0_5,3,0.20206574901137442
00824-Dd4bFSTQ8gi,hovsg,279,lawn mower,0_2_26,0_2,4,0.20156551646900453
00824-Dd4bFSTQ8gi,hovsg,279,lawn mower,0_2_36,0_2,5,0.20149227799411978
00824-Dd4bFSTQ8gi,hovsg,280,level,0_5_2,0_5,1,0.25677510713367085
00824-Dd4bFSTQ8gi,hovsg,280,level,0_0_23,0_0,2,0.2560042363540913
00824-Dd4bFSTQ8gi,hovsg,280,level,0_2_116,0_2,3,0.25402457385930133
00824-Dd4bFSTQ8gi,hovsg,280,level,0_5_319,0_5,4,0.24692696834651853
00824-Dd4bFSTQ8gi,hovsg,280,level,0_5_93,0_5,5,0.24573907009569296
00824-Dd4bFSTQ8gi,hovsg,281,lid,0_2_30,0_2,1,0.27938294374339656
00824-Dd4bFSTQ8gi,hovsg,281,lid,0_2_80,0_2,2,0.2758148338382649
00824-Dd4bFSTQ8gi,hovsg,281,lid,0_0_42,0_0,3,0.2750249435984776
00824-Dd4bFSTQ8gi,hovsg,281,lid,0_2_24,0_2,4,0.2718041693178768
00824-Dd4bFSTQ8gi,hovsg,281,lid,0_5_134,0_5,5,0.27075684305912034
00824-Dd4bFSTQ8gi,hovsg,282,light,0_5_19,0_5,1,0.25746735245650215
00824-Dd4bFSTQ8gi,hovsg,282,light,0_5_124,0_5,2,0.25317654125557437
00824-Dd4bFSTQ8gi,hovsg,282,light,0_5_64,0_5,3,0.24402875370122581
00824-Dd4bFSTQ8gi,hovsg,282,light,0_1_53,0_1,4,0.24236723701847757
00824-Dd4bFSTQ8gi,hovsg,282,light,0_5_108,0_5,5,0.2412497217328725
00824-Dd4bFSTQ8gi,hovsg,283,lighter,0_6_7,0_6,1,0.27801830072411227
00824-Dd4bFSTQ8gi,hovsg,283,lighter,0_2_204,0_2,2,0.2760893237572707
00824-Dd4bFSTQ8gi,hovsg,283,lighter,0_5_134,0_5,3,0.27452329028398437
00824-Dd4bFSTQ8gi,hovsg,283,lighter,0_1_35,0_1,4,0.2721487336953391
00824-Dd4bFSTQ8gi,hovsg,283,lighter,0_5_423,0_5,5,0.2707881270692222
00824-Dd4bFSTQ8gi,hovsg,284,liquid,0_5_293,0_5,1,0.2167912664497142
00824-Dd4bFSTQ8gi,hovsg,285,locker,0_5_41,0_5,1,0.2844444301111981
00824-Dd4bFSTQ8gi,hovsg,285,locker,0_5_16,0_5,2,0.27019931444283996
00824-Dd4bFSTQ8gi,hovsg,285,locker,0_5_76,0_5,3,0.26523704854587327
00824-Dd4bFSTQ8gi,hovsg,285,locker,0_5_224,0_5,4,0.26143403660069486
00824-Dd4bFSTQ8gi,hovsg,285,locker,0_4_23,0_4,5,0.2608054916513901
00824-Dd4bFSTQ8gi,hovsg,286,machine,0_5_88,0_5,1,0.24473742937541146
00824-Dd4bFSTQ8gi,hovsg,286,machine,0_5_73,0_5,2,0.24387734895131835
00824-Dd4bFSTQ8gi,hovsg,286,machine,0_5_89,0_5,3,0.23526851538636603
00824-Dd4bFSTQ8gi,hovsg,286,machine,0_6_79,0_6,4,0.2350468943040384
00824-Dd4bFSTQ8gi,hovsg,286,machine,0_5_11,0_5,5,0.23494782979611298
00824-Dd4bFSTQ8gi,hovsg,287,mailbox,0_5_16,0_5,1,0.27230188824062435
00824-Dd4bFSTQ8gi,hovsg,287,mailbox,0_5_128,0_5,2,0.26443295313028636
00824-Dd4bFSTQ8gi,hovsg,287,mailbox,0_5_400,0_5,3,0.26168763858728056
00824-Dd4bFSTQ8gi,hovsg,287,mailbox,0_4_3,0_4,4,0.2584085789819551
00824-Dd4bFSTQ8gi,hovsg,287,mailbox,0_2_195,0_2,5,0.2572373379942332
00824-Dd4bFSTQ8gi,hovsg,288,mannequin,0_5_334,0_5,1,0.24703060634021926
00824-Dd4bFSTQ8gi,hovsg,288,mannequin,0_3_39,0_3,2,0.24613101988514288
00824-Dd4bFSTQ8gi,hovsg,288,mannequin,0_1_11,0_1,3,0.23736626166117247
00824-Dd4bFSTQ8gi,hovsg,288,mannequin,0_5_219,0_5,4,0.23532512391080138
00824-Dd4bFSTQ8gi,hovsg,288,mannequin,0_5_162,0_5,5,0.2336440222078214
00824-Dd4bFSTQ8gi,hovsg,289,map,0_2_128,0_2,1,0.2506390170982075
00824-Dd4bFSTQ8gi,hovsg,289,map,0_2_204,0_2,2,0.24870278216209318
00824-Dd4bFSTQ8gi,hovsg,289,map,0_3_65,0_3,3,0.2455554632751041
00824-Dd4bFSTQ8gi,hovsg,289,map,0_3_25,0_3,4,0.2425460671169322
00824-Dd4bFSTQ8gi,hovsg,289,map,0_3_37,0_3,5,0.24051827970066098
00824-Dd4bFSTQ8gi,hovsg,290,mascot,0_5_23,0_5,1,0.22106624664742766
00824-Dd4bFSTQ8gi,hovsg,290,mascot,0_3_63,0_3,2,0.20909183211090526
00824-Dd4bFSTQ8gi,hovsg,290,mascot,0_2_22,0_2,3,0.2082760808087542
00824-Dd4bFSTQ8gi,hovsg,290,mascot,0_3_3,0_3,4,0.20602634944877424
00824-Dd4bFSTQ8gi,hovsg,290,mascot,0_1_59,0_1,5,0.20507535564652918
00824-Dd4bFSTQ8gi,hovsg,291,massage bed,0_1_59,0_1,1,0.2572035100962458
00824-Dd4bFSTQ8gi,hovsg,292,material,0_2_127,0_2,1,0.27821318879827595
00824-Dd4bFSTQ8gi,hovsg,292,material,0_5_146,0_5,2,0.27633749304776917
00824-Dd4bFSTQ8gi,hovsg,292,material,0_3_37,0_3,3,0.2737536326339617
00824-Dd4bFSTQ8gi,hovsg,292,material,0_5_155,0_5,4,0.272060408486973
00824-Dd4bFSTQ8gi,hovsg,292,material,0_2_115,0_2,5,0.2706789000044982
00824-Dd4bFSTQ8gi,hovsg,293,measuring tape,0_2_145,0_2,1,0.20927799316604756
00824-Dd4bFSTQ8gi,hovsg,294,medical lamp,0_2_55,0_2,1,0.27019285794325887
00824-Dd4bFSTQ8gi,hovsg,294,medical lamp,0_2_6,0_2,2,0.23552443747551946
00824-Dd4bFSTQ8gi,hovsg,294,medical lamp,0_1_53,0_1,3,0.23453821300789343
00824-Dd4bFSTQ8gi,hovsg,294,medical lamp,0_2_4,0_2,4,0.23169444339233977
00824-Dd4bFSTQ8gi,hovsg,294,medical lamp,0_4_121,0_4,5,0.22874067453461355
00824-Dd4bFSTQ8gi,hovsg,295,medical object,0_2_145,0_2,1,0.20948983520244768
00824-Dd4bFSTQ8gi,hovsg,296,menu,0_5_28,0_5,1,0.2806725402894601
00824-Dd4bFSTQ8gi,hovsg,296,menu,0_3_37,0_3,2,0.23581077710252912
00824-Dd4bFSTQ8gi,hovsg,296,menu,0_5_94,0_5,3,0.2297645335224695
00824-Dd4bFSTQ8gi,hovsg,296,menu,0_5_16,0_5,4,0.2296206058052891
00824-Dd4bFSTQ8gi,hovsg,296,menu,0_5_177,0_5,5,0.22848711524500265
00824-Dd4bFSTQ8gi,hovsg,297,meshwork,0_3_16,0_3,1,0.2790721704303318
00824-Dd4bFSTQ8gi,hovsg,297,meshwork,0_5_84,0_5,2,0.27890728800169284
00824-Dd4bFSTQ8gi,hovsg,297,meshwork,0_5_81,0_5,3,0.27828221053431734
00824-Dd4bFSTQ8gi,hovsg,297,meshwork,0_5_335,0_5,4,0.2765373358379398
00824-Dd4bFSTQ8gi,hovsg,297,meshwork,0_5_72,0_5,5,0.2756569209961899
00824-Dd4bFSTQ8gi,hovsg,298,meter,0_5_134,0_5,1,0.2624727226418707
00824-Dd4bFSTQ8gi,hovsg,298,meter,0_5_35,0_5,2,0.25035401861668577
00824-Dd4bFSTQ8gi,hovsg,298,meter,0_5_88,0_5,3,0.24877907540312255
00824-Dd4bFSTQ8gi,hovsg,298,meter,0_5_73,0_5,4,0.24794734935633062
00824-Dd4bFSTQ8gi,hovsg,298,meter,0_5_16,0_5,5,0.24132912766971315
00824-Dd4bFSTQ8gi,hovsg,299,microphone,0_2_6,0_2,1,0.22741279800758374
00824-Dd4bFSTQ8gi,hovsg,299,microphone,0_0_42,0_0,2,0.2262975651054785
00824-Dd4bFSTQ8gi,hovsg,299,microphone,0_2_145,0_2,3,0.2176520260842329
00824-Dd4bFSTQ8gi,hovsg,299,microphone,0_0_43,0_0,4,0.21718546566556762
00824-Dd4bFSTQ8gi,hovsg,299,microphone,0_0_76,0_0,5,0.2117683108052903
00824-Dd4bFSTQ8gi,hovsg,300,microphone accessory,0_2_204,0_2,1,0.21824352958905519
00824-Dd4bFSTQ8gi,hovsg,300,microphone accessory,0_2_115,0_2,2,0.21639377566783458
00824-Dd4bFSTQ8gi,hovsg,300,microphone accessory,0_0_45,0_0,3,0.21517743029650196
00824-Dd4bFSTQ8gi,hovsg,300,microphone accessory,0_2_36,0_2,4,0.2143629290183439
00824-Dd4bFSTQ8gi,hovsg,300,microphone accessory,0_0_58,0_0,5,0.21176598632969654
00824-Dd4bFSTQ8gi,hovsg,301,microwave,0_5_73,0_5,1,0.3384026533463505
00824-Dd4bFSTQ8gi,hovsg,301,microwave,0_5_88,0_5,2,0.33797342056631663
00824-Dd4bFSTQ8gi,hovsg,301,microwave,0_5_33,0_5,3,0.29177073143999166
00824-Dd4bFSTQ8gi,hovsg,301,microwave,0_5_89,0_5,4,0.2911975953461092
00824-Dd4bFSTQ8gi,hovsg,301,microwave,0_5_37,0_5,5,0.2877830402594261
00824-Dd4bFSTQ8gi,hovsg,302,mirror,0_2_28,0_2,1,0.2968864929603211
00824-Dd4bFSTQ8gi,hovsg,302,mirror,0_6_107,0_6,2,0.2782841136904564
00824-Dd4bFSTQ8gi,hovsg,302,mirror,0_4_104,0_4,3,0.2753389822280643
00824-Dd4bFSTQ8gi,hovsg,302,mirror,0_6_51,0_6,4,0.27268554079364804
00824-Dd4bFSTQ8gi,hovsg,302,mirror,0_5_72,0_5,5,0.2697835854133969
00824-Dd4bFSTQ8gi,hovsg,303,model,0_5_334,0_5,1,0.27769513096321763
00824-Dd4bFSTQ8gi,hovsg,303,model,0_3_3,0_3,2,0.27060128906604286
00824-Dd4bFSTQ8gi,hovsg,303,model,0_5_128,0_5,3,0.2699617961274313
00824-Dd4bFSTQ8gi,hovsg,303,model,0_5_263,0_5,4,0.2699003042462244
00824-Dd4bFSTQ8gi,hovsg,303,model,0_5_321,0_5,5,0.2688265295707981
00824-Dd4bFSTQ8gi,hovsg,304,modem,0_5_259,0_5,1,0.24519204757062785
00824-Dd4bFSTQ8gi,hovsg,304,modem,0_2_164,0_2,2,0.24488304838741345
00824-Dd4bFSTQ8gi,hovsg,304,modem,0_1_35,0_1,3,0.24357582100226677
00824-Dd4bFSTQ8gi,hovsg,304,modem,0_5_88,0_5,4,0.24210170044852997
00824-Dd4bFSTQ8gi,hovsg,304,modem,0_1_75,0_1,5,0.24058675681644007
00824-Dd4bFSTQ8gi,hovsg,305,mop,0_5_128,0_5,1,0.2787763200521119
00824-Dd4bFSTQ8gi,hovsg,305,mop,0_3_3,0_3,2,0.270913373515829
00824-Dd4bFSTQ8gi,hovsg,305,mop,0_3_28,0_3,3,0.2694016403278404
00824-Dd4bFSTQ8gi,hovsg,305,mop,0_3_16,0_3,4,0.26795284919540624
00824-Dd4bFSTQ8gi,hovsg,305,mop,0_2_136,0_2,5,0.267191386943404
00824-Dd4bFSTQ8gi,hovsg,306,mortar,0_3_29,0_3,1,0.27849812728037643
00824-Dd4bFSTQ8gi,hovsg,306,mortar,0_2_145,0_2,2,0.2734377530591607
00824-Dd4bFSTQ8gi,hovsg,306,mortar,0_6_68,0_6,3,0.26747376897537123
00824-Dd4bFSTQ8gi,hovsg,306,mortar,0_2_6,0_2,4,0.2640194374566535
00824-Dd4bFSTQ8gi,hovsg,306,mortar,0_5_335,0_5,5,0.26381438687724035
00824-Dd4bFSTQ8gi,hovsg,307,motorcycle,0_3_35,0_3,1,0.21780073447884146
00824-Dd4bFSTQ8gi,hovsg,307,motorcycle,0_3_47,0_3,2,0.21595468052067956
00824-Dd4bFSTQ8gi,hovsg,307,motorcycle,0_5_423,0_5,3,0.2089491588320152
00824-Dd4bFSTQ8gi,hovsg,307,motorcycle,0_2_26,0_2,4,0.20878026446578898
00824-Dd4bFSTQ8gi,hovsg,307,motorcycle,0_5_245,0_5,5,0.2076720111522113
00824-Dd4bFSTQ8gi,hovsg,308,music equipment,0_2_26,0_2,1,0.20323579582148793
00824-Dd4bFSTQ8gi,hovsg,308,music equipment,0_5_277,0_5,2,0.1916379616243487
00824-Dd4bFSTQ8gi,hovsg,308,music equipment,0_0_45,0_0,3,0.18443271974238296
00824-Dd4bFSTQ8gi,hovsg,308,music equipment,0_3_35,0_3,4,0.18088267451625845
00824-Dd4bFSTQ8gi,hovsg,308,music equipment,0_0_31,0_0,5,0.17996513677091186
00824-Dd4bFSTQ8gi,hovsg,309,napkin,0_3_37,0_3,1,0.28153021254280886
00824-Dd4bFSTQ8gi,hovsg,309,napkin,0_5_262,0_5,2,0.27852725439729353
00824-Dd4bFSTQ8gi,hovsg,309,napkin,0_2_21,0_2,3,0.2716672463116201
00824-Dd4bFSTQ8gi,hovsg,309,napkin,0_2_22,0_2,4,0.27087295441944864
00824-Dd4bFSTQ8gi,hovsg,309,napkin,0_5_260,0_5,5,0.2704803818060553
00824-Dd4bFSTQ8gi,hovsg,310,nightstand,0_2_161,0_2,1,0.3288460852139077
00824-Dd4bFSTQ8gi,hovsg,310,nightstand,0_2_195,0_2,2,0.3235475285595035
00824-Dd4bFSTQ8gi,hovsg,310,nightstand,0_2_198,0_2,3,0.3179872418174676
00824-Dd4bFSTQ8gi,hovsg,310,nightstand,0_2_177,0_2,4,0.30511178200079825
00824-Dd4bFSTQ8gi,hovsg,310,nightstand,0_2_169,0_2,5,0.2963218937610153
00824-Dd4bFSTQ8gi,hovsg,311,oar,0_0_47,0_0,1,0.28860552068982653
00824-Dd4bFSTQ8gi,hovsg,311,oar,0_0_71,0_0,2,0.2754741877698734
00824-Dd4bFSTQ8gi,hovsg,311,oar,0_2_150,0_2,3,0.27370709150144285
00824-Dd4bFSTQ8gi,hovsg,311,oar,0_2_94,0_2,4,0.27101107908982275
00824-Dd4bFSTQ8gi,hovsg,311,oar,0_0_48,0_0,5,0.2665369691997395
00824-Dd4bFSTQ8gi,hovsg,312,object,0_3_3,0_3,1,0.2794677841782771
00824-Dd4bFSTQ8gi,hovsg,312,object,0_2_172,0_2,2,0.27346704730942784
00824-Dd4bFSTQ8gi,hovsg,312,object,0_2_198,0_2,3,0.2733119723942284
00824-Dd4bFSTQ8gi,hovsg,312,object,0_2_161,0_2,4,0.2710085323179144
00824-Dd4bFSTQ8gi,hovsg,312,object,0_2_164,0_2,5,0.2708842032666105
00824-Dd4bFSTQ8gi,hovsg,313,objects,0_3_3,0_3,1,0.26212500555097695
00824-Dd4bFSTQ8gi,hovsg,313,objects,0_2_172,0_2,2,0.25576697255941677
00824-Dd4bFSTQ8gi,hovsg,313,objects,0_2_164,0_2,3,0.25549787122186435
00824-Dd4bFSTQ8gi,hovsg,313,objects,0_3_9,0_3,4,0.25010006087802183
00824-Dd4bFSTQ8gi,hovsg,313,objects,0_2_198,0_2,5,0.24935634819853425
00824-Dd4bFSTQ8gi,hovsg,314,outlet,0_0_55,0_0,1,0.2785510409363542
00824-Dd4bFSTQ8gi,hovsg,314,outlet,0_5_134,0_5,2,0.27230581193806136
00824-Dd4bFSTQ8gi,hovsg,314,outlet,0_5_35,0_5,3,0.2656938048790308
00824-Dd4bFSTQ8gi,hovsg,314,outlet,0_2_148,0_2,4,0.258188485910177
00824-Dd4bFSTQ8gi,hovsg,314,outlet,0_2_137,0_2,5,0.25768715043993273
00824-Dd4bFSTQ8gi,hovsg,315,oven,0_5_37,0_5,1,0.3004137641051352
00824-Dd4bFSTQ8gi,hovsg,315,oven,0_5_33,0_5,2,0.29276305398755753
00824-Dd4bFSTQ8gi,hovsg,315,oven,0_5_89,0_5,3,0.2838210310659121
00824-Dd4bFSTQ8gi,hovsg,315,oven,0_5_73,0_5,4,0.27588570084584324
00824-Dd4bFSTQ8gi,hovsg,315,oven,0_5_88,0_5,5,0.2738216280048755
00824-Dd4bFSTQ8gi,hovsg,316,overhang,0_1_102,0_1,1,0.3113402869722348
00824-Dd4bFSTQ8gi,hovsg,316,overhang,0_2_90,0_2,2,0.30995352323367353
00824-Dd4bFSTQ8gi,hovsg,316,overhang,0_2_87,0_2,3,0.30943771189014313
00824-Dd4bFSTQ8gi,hovsg,316,overhang,0_2_116,0_2,4,0.3067654921356528
00824-Dd4bFSTQ8gi,hovsg,316,overhang,0_5_45,0_5,5,0.30225350600972484
00824-Dd4bFSTQ8gi,hovsg,317,pad,0_2_22,0_2,1,0.2646382067757739
00824-Dd4bFSTQ8gi,hovsg,317,pad,0_2_21,0_2,2,0.25945941941548145
00824-Dd4bFSTQ8gi,hovsg,317,pad,0_4_43,0_4,3,0.25892241380567993
00824-Dd4bFSTQ8gi,hovsg,317,pad,0_2_36,0_2,4,0.25557035716922555
00824-Dd4bFSTQ8gi,hovsg,317,pad,0_5_35,0_5,5,0.25525955014738244
00824-Dd4bFSTQ8gi,hovsg,318,painting stuff,0_5_72,0_5,1,0.2929685790559641
00824-Dd4bFSTQ8gi,hovsg,318,painting stuff,0_5_326,0_5,2,0.28994374548972457
00824-Dd4bFSTQ8gi,hovsg,318,painting stuff,0_5_297,0_5,3,0.2824957721926448
00824-Dd4bFSTQ8gi,hovsg,318,painting stuff,0_1_49,0_1,4,0.2819807507628669
00824-Dd4bFSTQ8gi,hovsg,318,painting stuff,0_3_9,0_3,5,0.28183415752714086
00824-Dd4bFSTQ8gi,hovsg,319,pan,0_2_204,0_2,1,0.27841884253050503
00824-Dd4bFSTQ8gi,hovsg,319,pan,0_5_72,0_5,2,0.27535874066179344
00824-Dd4bFSTQ8gi,hovsg,319,pan,0_5_134,0_5,3,0.2753382475531241
00824-Dd4bFSTQ8gi,hovsg,319,pan,0_5_28,0_5,4,0.2708048794291561
00824-Dd4bFSTQ8gi,hovsg,319,pan,0_2_15,0_2,5,0.27047248121066914
00824-Dd4bFSTQ8gi,hovsg,320,panel,0_5_144,0_5,1,0.2685048083618669
00824-Dd4bFSTQ8gi,hovsg,320,panel,0_0_55,0_0,2,0.265813788148738
00824-Dd4bFSTQ8gi,hovsg,320,panel,0_5_35,0_5,3,0.26405326388619665
00824-Dd4bFSTQ8gi,hovsg,320,panel,0_5_51,0_5,4,0.26088765833660443
00824-Dd4bFSTQ8gi,hovsg,320,panel,0_0_21,0_0,5,0.25979308163598047
00824-Dd4bFSTQ8gi,hovsg,321,pantry,0_5_71,0_5,1,0.2798091170188352
00824-Dd4bFSTQ8gi,hovsg,321,pantry,0_1_36,0_1,2,0.27971320737786864
00824-Dd4bFSTQ8gi,hovsg,321,pantry,0_5_224,0_5,3,0.27932165317386465
00824-Dd4bFSTQ8gi,hovsg,321,pantry,0_5_62,0_5,4,0.27777243075893643
00824-Dd4bFSTQ8gi,hovsg,321,pantry,0_5_76,0_5,5,0.2774698259659244
00824-Dd4bFSTQ8gi,hovsg,322,paper holder,0_1_74,0_1,1,0.3278248211280225
00824-Dd4bFSTQ8gi,hovsg,322,paper holder,0_2_21,0_2,2,0.2827402647073161
00824-Dd4bFSTQ8gi,hovsg,322,paper holder,0_2_24,0_2,3,0.2825989615434482
00824-Dd4bFSTQ8gi,hovsg,322,paper holder,0_2_36,0_2,4,0.2808017365346205
00824-Dd4bFSTQ8gi,hovsg,322,paper holder,0_2_115,0_2,5,0.2801236516226902
00824-Dd4bFSTQ8gi,hovsg,323,paper storage,0_5_76,0_5,1,0.26658363595615053
00824-Dd4bFSTQ8gi,hovsg,323,paper storage,0_0_32,0_0,2,0.2550762530828551
00824-Dd4bFSTQ8gi,hovsg,323,paper storage,0_5_230,0_5,3,0.2538644960612558
00824-Dd4bFSTQ8gi,hovsg,323,paper storage,0_1_99,0_1,4,0.25065982813342397
00824-Dd4bFSTQ8gi,hovsg,323,paper storage,0_2_21,0_2,5,0.24803919736587016
00824-Dd4bFSTQ8gi,hovsg,324,paper towel,0_2_22,0_2,1,0.3094831371994171
00824-Dd4bFSTQ8gi,hovsg,324,paper towel,0_2_21,0_2,2,0.30860016914378674
00824-Dd4bFSTQ8gi,hovsg,324,paper towel,0_3_37,0_3,3,0.3082846469736483
00824-Dd4bFSTQ8gi,hovsg,324,paper towel,0_5_141,0_5,4,0.3063807737381598
00824-Dd4bFSTQ8gi,hovsg,324,paper towel,0_2_24,0_2,5,0.29385205965170447
00824-Dd4bFSTQ8gi,hovsg,325,parapet,0_3_38,0_3,1,0.28030020889693824
00824-Dd4bFSTQ8gi,hovsg,325,parapet,0_1_102,0_1,2,0.27979827530987994
00824-Dd4bFSTQ8gi,hovsg,325,parapet,0_2_116,0_2,3,0.2783638895225594
00824-Dd4bFSTQ8gi,hovsg,325,parapet,0_2_115,0_2,4,0.27665879270394284
00824-Dd4bFSTQ8gi,hovsg,325,parapet,0_5_45,0_5,5,0.276003216459049
00824-Dd4bFSTQ8gi,hovsg,326,partial,0_5_332,0_5,1,0.2843643853944737
00824-Dd4bFSTQ8gi,hovsg,326,partial,0_5_155,0_5,2,0.2819782185985935
00824-Dd4bFSTQ8gi,hovsg,326,partial,0_5_72,0_5,3,0.2817178629763312
00824-Dd4bFSTQ8gi,hovsg,326,partial,0_5_154,0_5,4,0.2811833621375391
00824-Dd4bFSTQ8gi,hovsg,326,partial,0_5_281,0_5,5,0.28012708601742076
00824-Dd4bFSTQ8gi,hovsg,327,pavement,0_2_134,0_2,1,0.2511648287448921
00824-Dd4bFSTQ8gi,hovsg,327,pavement,0_3_59,0_3,2,0.2476290520701369
00824-Dd4bFSTQ8gi,hovsg,327,pavement,0_2_135,0_2,3,0.24680727130504376
00824-Dd4bFSTQ8gi,hovsg,327,pavement,0_3_58,0_3,4,0.24355936717881688
00824-Dd4bFSTQ8gi,hovsg,327,pavement,0_2_67,0_2,5,0.24336292217637673
00824-Dd4bFSTQ8gi,hovsg,328,pedestal,0_5_334,0_5,1,0.28727018568899754
00824-Dd4bFSTQ8gi,hovsg,328,pedestal,0_5_2,0_5,2,0.2811846941096552
00824-Dd4bFSTQ8gi,hovsg,328,pedestal,0_1_8,0_1,3,0.27853013170993324
00824-Dd4bFSTQ8gi,hovsg,328,pedestal,0_2_161,0_2,4,0.27825309089030636
00824-Dd4bFSTQ8gi,hovsg,328,pedestal,0_5_76,0_5,5,0.2771863507137967
00824-Dd4bFSTQ8gi,hovsg,329,pen,0_2_164,0_2,1,0.24734115112274382
00824-Dd4bFSTQ8gi,hovsg,329,pen,0_2_20,0_2,2,0.22973809879510806
00824-Dd4bFSTQ8gi,hovsg,329,pen,0_2_145,0_2,3,0.22556893749565854
00824-Dd4bFSTQ8gi,hovsg,329,pen,0_0_49,0_0,4,0.1944312213001605
00824-Dd4bFSTQ8gi,hovsg,330,pendant,0_0_42,0_0,1,0.2615077133541481
00824-Dd4bFSTQ8gi,hovsg,330,pendant,0_2_172,0_2,2,0.2461515262600221
00824-Dd4bFSTQ8gi,hovsg,330,pendant,0_2_204,0_2,3,0.24413227608962806
00824-Dd4bFSTQ8gi,hovsg,330,pendant,0_2_76,0_2,4,0.24266871082901584
00824-Dd4bFSTQ8gi,hovsg,330,pendant,0_2_63,0_2,5,0.24226004391441874
00824-Dd4bFSTQ8gi,hovsg,331,pet bed,0_1_43,0_1,1,0.2763852795159566
00824-Dd4bFSTQ8gi,hovsg,331,pet bed,0_2_169,0_2,2,0.2740304468171414
00824-Dd4bFSTQ8gi,hovsg,331,pet bed,0_5_159,0_5,3,0.27213209579357306
00824-Dd4bFSTQ8gi,hovsg,331,pet bed,0_6_34,0_6,4,0.2715594182370586
00824-Dd4bFSTQ8gi,hovsg,331,pet bed,0_0_16,0_0,5,0.27046435713906347
00824-Dd4bFSTQ8gi,hovsg,332,pet bowl,0_2_172,0_2,1,0.2539778384482867
00824-Dd4bFSTQ8gi,hovsg,332,pet bowl,0_5_166,0_5,2,0.24527407385414166
00824-Dd4bFSTQ8gi,hovsg,332,pet bowl,0_5_260,0_5,3,0.24348595630293596
00824-Dd4bFSTQ8gi,hovsg,332,pet bowl,0_5_194,0_5,4,0.2422843183872978
00824-Dd4bFSTQ8gi,hovsg,332,pet bowl,0_5_23,0_5,5,0.23667450811336424
00824-Dd4bFSTQ8gi,hovsg,333,phone,0_2_198,0_2,1,0.25467515256170475
00824-Dd4bFSTQ8gi,hovsg,333,phone,0_2_164,0_2,2,0.25163981473332825
00824-Dd4bFSTQ8gi,hovsg,333,phone,0_2_172,0_2,3,0.2511947884367464
00824-Dd4bFSTQ8gi,hovsg,333,phone,0_5_245,0_5,4,0.24692485553296023
00824-Dd4bFSTQ8gi,hovsg,333,phone,0_2_161,0_2,5,0.24661413986837416
00824-Dd4bFSTQ8gi,hovsg,334,photo mount,0_6_120,0_6,1,0.26264170589356617
00824-Dd4bFSTQ8gi,hovsg,334,photo mount,0_5_43,0_5,2,0.2620238549393221
00824-Dd4bFSTQ8gi,hovsg,334,photo mount,0_2_81,0_2,3,0.26163164916010206
00824-Dd4bFSTQ8gi,hovsg,334,photo mount,0_2_111,0_2,4,0.2603594085033094
00824-Dd4bFSTQ8gi,hovsg,334,photo mount,0_5_48,0_5,5,0.2597861516029302
00824-Dd4bFSTQ8gi,hovsg,335,photo stand,0_2_81,0_2,1,0.2571437580893623
00824-Dd4bFSTQ8gi,hovsg,335,photo stand,0_2_116,0_2,2,0.2522501635028799
00824-Dd4bFSTQ8gi,hovsg,335,photo stand,0_1_74,0_1,3,0.24631799061617743
00824-Dd4bFSTQ8gi,hovsg,335,photo stand,0_0_30,0_0,4,0.2453142970357642
00824-Dd4bFSTQ8gi,hovsg,335,photo stand,0_2_111,0_2,5,0.24258621888045523
00824-Dd4bFSTQ8gi,hovsg,336,piano,0_2_195,0_2,1,0.26157818295586677
00824-Dd4bFSTQ8gi,hovsg,336,piano,0_2_161,0_2,2,0.2605208649285492
00824-Dd4bFSTQ8gi,hovsg,336,piano,0_3_3,0_3,3,0.25970595192480006
00824-Dd4bFSTQ8gi,hovsg,336,piano,0_2_116,0_2,4,0.2552011755056976
00824-Dd4bFSTQ8gi,hovsg,336,piano,0_4_3,0_4,5,0.25504732623187226
00824-Dd4bFSTQ8gi,hovsg,337,pillow,0_2_46,0_2,1,0.33274227213036073
00824-Dd4bFSTQ8gi,hovsg,337,pillow,0_2_53,0_2,2,0.32386606624582503
00824-Dd4bFSTQ8gi,hovsg,337,pillow,0_6_17,0_6,3,0.3064948435762972
00824-Dd4bFSTQ8gi,hovsg,337,pillow,0_1_43,0_1,4,0.30627411390652226
00824-Dd4bFSTQ8gi,hovsg,337,pillow,0_5_151,0_5,5,0.30550034613697163
00824-Dd4bFSTQ8gi,hovsg,338,pitchfork,0_2_168,0_2,1,0.2411228974863558
00824-Dd4bFSTQ8gi,hovsg,338,pitchfork,0_2_115,0_2,2,0.23063705584448468
00824-Dd4bFSTQ8gi,hovsg,338,pitchfork,0_4_44,0_4,3,0.2292294594036637
00824-Dd4bFSTQ8gi,hovsg,338,pitchfork,0_2_87,0_2,4,0.22625631194688794
00824-Dd4bFSTQ8gi,hovsg,338,pitchfork,0_5_277,0_5,5,0.2260338768421654
00824-Dd4bFSTQ8gi,hovsg,339,place mat,0_5_28,0_5,1,0.25620223364957195
00824-Dd4bFSTQ8gi,hovsg,339,place mat,0_5_426,0_5,2,0.25530106268459135
00824-Dd4bFSTQ8gi,hovsg,339,place mat,0_5_260,0_5,3,0.25400471231834676
00824-Dd4bFSTQ8gi,hovsg,339,place mat,0_5_262,0_5,4,0.253201974015707
00824-Dd4bFSTQ8gi,hovsg,339,place mat,0_5_253,0_5,5,0.25236617545074735
00824-Dd4bFSTQ8gi,hovsg,340,plane,0_2_85,0_2,1,0.2441982246533932
00824-Dd4bFSTQ8gi,hovsg,340,plane,0_2_159,0_2,2,0.24399000950551666
00824-Dd4bFSTQ8gi,hovsg,340,plane,0_4_116,0_4,3,0.23713851942906738
00824-Dd4bFSTQ8gi,hovsg,340,plane,0_2_30,0_2,4,0.2347141723926821
00824-Dd4bFSTQ8gi,hovsg,340,plane,0_5_233,0_5,5,0.2343976474627613
00824-Dd4bFSTQ8gi,hovsg,341,plank,0_3_65,0_3,1,0.31546853261237795
00824-Dd4bFSTQ8gi,hovsg,341,plank,0_3_25,0_3,2,0.3137855449803876
00824-Dd4bFSTQ8gi,hovsg,341,plank,0_2_49,0_2,3,0.30822762300826734
00824-Dd4bFSTQ8gi,hovsg,341,plank,0_5_430,0_5,4,0.2989592168317939
00824-Dd4bFSTQ8gi,hovsg,341,plank,0_5_395,0_5,5,0.2980338902355222
00824-Dd4bFSTQ8gi,hovsg,342,plant,0_6_22,0_6,1,0.3166969139584724
00824-Dd4bFSTQ8gi,hovsg,342,plant,0_5_270,0_5,2,0.3163543393684769
00824-Dd4bFSTQ8gi,hovsg,342,plant,0_5_267,0_5,3,0.3127240048854877
00824-Dd4bFSTQ8gi,hovsg,342,plant,0_6_84,0_6,4,0.3102120857668853
00824-Dd4bFSTQ8gi,hovsg,342,plant,0_6_157,0_6,5,0.3062488744455065
00824-Dd4bFSTQ8gi,hovsg,343,plant ornament,0_5_270,0_5,1,0.3046729127490377
00824-Dd4bFSTQ8gi,hovsg,343,plant ornament,0_5_267,0_5,2,0.2982747126351679
00824-Dd4bFSTQ8gi,hovsg,343,plant ornament,0_6_22,0_6,3,0.29499592729495794
00824-Dd4bFSTQ8gi,hovsg,343,plant ornament,0_6_157,0_6,4,0.2887547483523868
00824-Dd4bFSTQ8gi,hovsg,343,plant ornament,0_6_84,0_6,5,0.28330465683494876
00824-Dd4bFSTQ8gi,hovsg,344,platform,0_5_395,0_5,1,0.24109954593005783
00824-Dd4bFSTQ8gi,hovsg,344,platform,0_2_27,0_2,2,0.23814117025847756
00824-Dd4bFSTQ8gi,hovsg,344,platform,0_4_3,0_4,3,0.23725945432224008
00824-Dd4bFSTQ8gi,hovsg,344,platform,0_5_396,0_5,4,0.23690050243350935
00824-Dd4bFSTQ8gi,hovsg,344,platform,0_5_55,0_5,5,0.23454077736304801
00824-Dd4bFSTQ8gi,hovsg,345,playpen,0_0_55,0_0,1,0.21928658626937736
00824-Dd4bFSTQ8gi,hovsg,345,playpen,0_2_26,0_2,2,0.2159102970371805
00824-Dd4bFSTQ8gi,hovsg,345,playpen,0_1_46,0_1,3,0.2156906313900305
00824-Dd4bFSTQ8gi,hovsg,345,playpen,0_5_128,0_5,4,0.21497510474380366
00824-Dd4bFSTQ8gi,hovsg,345,playpen,0_5_76,0_5,5,0.21325767756865183
00824-Dd4bFSTQ8gi,hovsg,346,plenum box,0_5_310,0_5,1,0.2820656385800013
00824-Dd4bFSTQ8gi,hovsg,346,plenum box,0_6_10,0_6,2,0.27785916617046086
00824-Dd4bFSTQ8gi,hovsg,346,plenum box,0_6_8,0_6,3,0.2771050741117944
00824-Dd4bFSTQ8gi,hovsg,346,plenum box,0_1_35,0_1,4,0.27183518870594126
00824-Dd4bFSTQ8gi,hovsg,346,plenum box,0_2_115,0_2,5,0.266903608708086
00824-Dd4bFSTQ8gi,hovsg,347,pliers,0_4_27,0_4,1,0.25054609975029096
00824-Dd4bFSTQ8gi,hovsg,347,pliers,0_5_295,0_5,2,0.24198667011986721
00824-Dd4bFSTQ8gi,hovsg,347,pliers,0_2_145,0_2,3,0.2415838629095602
00824-Dd4bFSTQ8gi,hovsg,347,pliers,0_0_71,0_0,4,0.23755143058132328
00824-Dd4bFSTQ8gi,hovsg,347,pliers,0_2_137,0_2,5,0.2368738596514319
00824-Dd4bFSTQ8gi,hovsg,348,plumbing,0_2_36,0_2,1,0.2681092003284131
00824-Dd4bFSTQ8gi,hovsg,348,plumbing,0_2_16,0_2,2,0.2679620240883709
00824-Dd4bFSTQ8gi,hovsg,348,plumbing,0_2_22,0_2,3,0.26554840528349577
00824-Dd4bFSTQ8gi,hovsg,348,plumbing,0_2_24,0_2,4,0.26520134342866664
00824-Dd4bFSTQ8gi,hovsg,348,plumbing,0_5_72,0_5,5,0.2647654613170598
00824-Dd4bFSTQ8gi,hovsg,349,plunger,0_2_80,0_2,1,0.2715677870387764
00824-Dd4bFSTQ8gi,hovsg,349,plunger,0_2_145,0_2,2,0.26578809646832774
00824-Dd4bFSTQ8gi,hovsg,349,plunger,0_2_16,0_2,3,0.2653197637738928
00824-Dd4bFSTQ8gi,hovsg,349,plunger,0_2_144,0_2,4,0.2571711308557668
00824-Dd4bFSTQ8gi,hovsg,349,plunger,0_2_6,0_2,5,0.2565147358255946
00824-Dd4bFSTQ8gi,hovsg,350,podium,0_2_116,0_2,1,0.2624847727067581
00824-Dd4bFSTQ8gi,hovsg,350,podium,0_2_141,0_2,2,0.25869117446032125
00824-Dd4bFSTQ8gi,hovsg,350,podium,0_5_400,0_5,3,0.2579588094815357
00824-Dd4bFSTQ8gi,hovsg,350,podium,0_5_2,0_5,4,0.254998426389226
00824-Dd4bFSTQ8gi,hovsg,350,podium,0_5_334,0_5,5,0.2549947648320442
00824-Dd4bFSTQ8gi,hovsg,351,pole,0_6_102,0_6,1,0.2748874721750408
00824-Dd4bFSTQ8gi,hovsg,351,pole,0_4_44,0_4,2,0.26668375479765205
00824-Dd4bFSTQ8gi,hovsg,351,pole,0_5_223,0_5,3,0.25713440593561876
00824-Dd4bFSTQ8gi,hovsg,351,pole,0_5_233,0_5,4,0.2571102793362222
00824-Dd4bFSTQ8gi,hovsg,351,pole,0_5_245,0_5,5,0.25633527850792437
00824-Dd4bFSTQ8gi,hovsg,352,pool,0_1_52,0_1,1,0.2250326319241678
00824-Dd4bFSTQ8gi,hovsg,352,pool,0_5_74,0_5,2,0.2163307252253741
00824-Dd4bFSTQ8gi,hovsg,352,pool,0_5_300,0_5,3,0.21567216747395965
00824-Dd4bFSTQ8gi,hovsg,353,pool table,0_3_3,0_3,1,0.23145880411514752
00824-Dd4bFSTQ8gi,hovsg,353,pool table,0_3_46,0_3,2,0.2240831317350312
00824-Dd4bFSTQ8gi,hovsg,353,pool table,0_5_245,0_5,3,0.22393955766759496
00824-Dd4bFSTQ8gi,hovsg,353,pool table,0_2_28,0_2,4,0.22236259752049872
00824-Dd4bFSTQ8gi,hovsg,353,pool table,0_3_47,0_3,5,0.22036154254440365
00824-Dd4bFSTQ8gi,hovsg,354,porcelain,0_4_28,0_4,1,0.2817064443261972
00824-Dd4bFSTQ8gi,hovsg,354,porcelain,0_4_29,0_4,2,0.2761215422703742
00824-Dd4bFSTQ8gi,hovsg,354,porcelain,0_2_13,0_2,3,0.2750037241702072
00824-Dd4bFSTQ8gi,hovsg,354,porcelain,0_5_293,0_5,4,0.2728402842202154
00824-Dd4bFSTQ8gi,hovsg,354,porcelain,0_5_260,0_5,5,0.27152329927359165
00824-Dd4bFSTQ8gi,hovsg,355,poster,0_1_99,0_1,1,0.2549023851937607
00824-Dd4bFSTQ8gi,hovsg,355,poster,0_0_70,0_0,2,0.2524836324659148
00824-Dd4bFSTQ8gi,hovsg,355,poster,0_0_32,0_0,3,0.2515978938946819
00824-Dd4bFSTQ8gi,hovsg,355,poster,0_0_28,0_0,4,0.2504497823913718
00824-Dd4bFSTQ8gi,hovsg,355,poster,0_0_21,0_0,5,0.24909042858296382
00824-Dd4bFSTQ8gi,hovsg,356,pot,0_6_84,0_6,1,0.2872531749214544
00824-Dd4bFSTQ8gi,hovsg,356,pot,0_6_22,0_6,2,0.28536603032527763
00824-Dd4bFSTQ8gi,hovsg,356,pot,0_2_20,0_2,3,0.27197713241816435
00824-Dd4bFSTQ8gi,hovsg,356,pot,0_2_24,0_2,4,0.2633230687574938
00824-Dd4bFSTQ8gi,hovsg,356,pot,0_5_335,0_5,5,0.2624124129491596
00824-Dd4bFSTQ8gi,hovsg,357,pot lid,0_0_42,0_0,1,0.26823517847229955
00824-Dd4bFSTQ8gi,hovsg,357,pot lid,0_2_80,0_2,2,0.2660562322900395
00824-Dd4bFSTQ8gi,hovsg,357,pot lid,0_5_134,0_5,3,0.2606645750601306
00824-Dd4bFSTQ8gi,hovsg,357,pot lid,0_2_30,0_2,4,0.2600115790711928
00824-Dd4bFSTQ8gi,hovsg,357,pot lid,0_2_24,0_2,5,0.25513662625901373
00824-Dd4bFSTQ8gi,hovsg,358,pouches,0_1_35,0_1,1,0.2600494191954462
00824-Dd4bFSTQ8gi,hovsg,358,pouches,0_5_292,0_5,2,0.25026234008122994
00824-Dd4bFSTQ8gi,hovsg,358,pouches,0_1_43,0_1,3,0.24977437362026458
00824-Dd4bFSTQ8gi,hovsg,358,pouches,0_2_20,0_2,4,0.2466088691945374
00824-Dd4bFSTQ8gi,hovsg,358,pouches,0_5_156,0_5,5,0.24648896765208822
00824-Dd4bFSTQ8gi,hovsg,359,press,0_5_177,0_5,1,0.24384560956556922
00824-Dd4bFSTQ8gi,hovsg,359,press,0_3_37,0_3,2,0.24210770785792746
00824-Dd4bFSTQ8gi,hovsg,359,press,0_4_116,0_4,3,0.23557174306710926
00824-Dd4bFSTQ8gi,hovsg,359,press,0_5_16,0_5,4,0.23088946291255086
00824-Dd4bFSTQ8gi,hovsg,359,press,0_2_32,0_2,5,0.22054550834242032
00824-Dd4bFSTQ8gi,hovsg,360,pressure washer,0_1_52,0_1,1,0.21970179269022488
00824-Dd4bFSTQ8gi,hovsg,361,printer,0_3_37,0_3,1,0.277419325270723
00824-Dd4bFSTQ8gi,hovsg,361,printer,0_2_177,0_2,2,0.27054122086853377
00824-Dd4bFSTQ8gi,hovsg,361,printer,0_2_36,0_2,3,0.269825884969302
00824-Dd4bFSTQ8gi,hovsg,361,printer,0_0_55,0_0,4,0.26898326260350214
00824-Dd4bFSTQ8gi,hovsg,361,printer,0_2_32,0_2,5,0.26846446734413393
00824-Dd4bFSTQ8gi,hovsg,362,product,0_2_30,0_2,1,0.2267611002825483
00824-Dd4bFSTQ8gi,hovsg,362,product,0_2_4,0_2,2,0.2230013247472375
00824-Dd4bFSTQ8gi,hovsg,362,product,0_2_55,0_2,3,0.21539874514689739
00824-Dd4bFSTQ8gi,hovsg,362,product,0_0_49,0_0,4,0.19600729017686197
00824-Dd4bFSTQ8gi,hovsg,362,product,0_6_51,0_6,5,0.17387798893693798
00824-Dd4bFSTQ8gi,hovsg,363,products,0_2_22,0_2,1,0.23581638111703096
00824-Dd4bFSTQ8gi,hovsg,363,products,0_2_127,0_2,2,0.22976463265333527
00824-Dd4bFSTQ8gi,hovsg,363,products,0_2_26,0_2,3,0.22812905235902656
00824-Dd4bFSTQ8gi,hovsg,363,products,0_2_36,0_2,4,0.22606322621026564
00824-Dd4bFSTQ8gi,hovsg,363,products,0_5_277,0_5,5,0.22359579991360745
00824-Dd4bFSTQ8gi,hovsg,364,prop,0_3_65,0_3,1,0.316652270712755
00824-Dd4bFSTQ8gi,hovsg,364,prop,0_3_25,0_3,2,0.31523412790434846
00824-Dd4bFSTQ8gi,hovsg,364,prop,0_3_3,0_3,3,0.3096921654463679
00824-Dd4bFSTQ8gi,hovsg,364,prop,0_2_198,0_2,4,0.3011809725037929
00824-Dd4bFSTQ8gi,hovsg,364,prop,0_2_161,0_2,5,0.29828616923601825
00824-Dd4bFSTQ8gi,hovsg,365,pump,0_6_79,0_6,1,0.23804785446845594
00824-Dd4bFSTQ8gi,hovsg,365,pump,0_5_23,0_5,2,0.22925773213503398
00824-Dd4bFSTQ8gi,hovsg,365,pump,0_2_32,0_2,3,0.22009746418473586
00824-Dd4bFSTQ8gi,hovsg,365,pump,0_1_52,0_1,4,0.21973544479634638
00824-Dd4bFSTQ8gi,hovsg,365,pump,0_2_145,0_2,5,0.21471042576329263
00824-Dd4bFSTQ8gi,hovsg,366,punchbag,0_1_35,0_1,1,0.23914424782499544
00824-Dd4bFSTQ8gi,hovsg,366,punchbag,0_5_141,0_5,2,0.23832554612191822
00824-Dd4bFSTQ8gi,hovsg,366,punchbag,0_5_308,0_5,3,0.2351605721975884
00824-Dd4bFSTQ8gi,hovsg,366,punchbag,0_2_4,0_2,4,0.23157271630437207
00824-Dd4bFSTQ8gi,hovsg,366,punchbag,0_5_292,0_5,5,0.22645669342107055
00824-Dd4bFSTQ8gi,hovsg,367,puppet,0_3_3,0_3,1,0.2517433563939361
00824-Dd4bFSTQ8gi,hovsg,367,puppet,0_3_29,0_3,2,0.25086314840248863
00824-Dd4bFSTQ8gi,hovsg,367,puppet,0_2_137,0_2,3,0.24719711387228388
00824-Dd4bFSTQ8gi,hovsg,367,puppet,0_2_89,0_2,4,0.24547668591320004
00824-Dd4bFSTQ8gi,hovsg,367,puppet,0_5_223,0_5,5,0.24037018769203364
00824-Dd4bFSTQ8gi,hovsg,368,rag,0_3_16,0_3,1,0.2672144569391096
00824-Dd4bFSTQ8gi,hovsg,368,rag,0_3_28,0_3,2,0.26361897535015405
00824-Dd4bFSTQ8gi,hovsg,368,rag,0_3_37,0_3,3,0.256810394204972
00824-Dd4bFSTQ8gi,hovsg,368,rag,0_0_62,0_0,4,0.25543294618266243
00824-Dd4bFSTQ8gi,hovsg,368,rag,0_1_40,0_1,5,0.2548192408743301
00824-Dd4bFSTQ8gi,hovsg,369,rail,0_1_91,0_1,1,0.27265498906961044
00824-Dd4bFSTQ8gi,hovsg,369,rail,0_5_327,0_5,2,0.2714946281484927
00824-Dd4bFSTQ8gi,hovsg,369,rail,0_0_26,0_0,3,0.2713527398169511
00824-Dd4bFSTQ8gi,hovsg,369,rail,0_0_22,0_0,4,0.27132625558722745
00824-Dd4bFSTQ8gi,hovsg,369,rail,0_0_20,0_0,5,0.2697719005158822
00824-Dd4bFSTQ8gi,hovsg,370,rake,0_5_378,0_5,1,0.25214969306747487
00824-Dd4bFSTQ8gi,hovsg,370,rake,0_2_20,0_2,2,0.23938083250136694
00824-Dd4bFSTQ8gi,hovsg,370,rake,0_0_71,0_0,3,0.2387219279822435
00824-Dd4bFSTQ8gi,hovsg,370,rake,0_4_116,0_4,4,0.2384668386770561
00824-Dd4bFSTQ8gi,hovsg,370,rake,0_0_47,0_0,5,0.23758957425067384
00824-Dd4bFSTQ8gi,hovsg,371,receipt printer,0_2_32,0_2,1,0.25459849176900196
00824-Dd4bFSTQ8gi,hovsg,371,receipt printer,0_5_177,0_5,2,0.254001705395713
00824-Dd4bFSTQ8gi,hovsg,371,receipt printer,0_3_37,0_3,3,0.24079200467296713
00824-Dd4bFSTQ8gi,hovsg,371,receipt printer,0_1_35,0_1,4,0.23978629233420137
00824-Dd4bFSTQ8gi,hovsg,371,receipt printer,0_5_292,0_5,5,0.2391298014896252
00824-Dd4bFSTQ8gi,hovsg,372,records,0_0_49,0_0,1,0.20384517595192303
00824-Dd4bFSTQ8gi,hovsg,373,recuperator,0_6_79,0_6,1,0.2571604155158063
00824-Dd4bFSTQ8gi,hovsg,373,recuperator,0_1_52,0_1,2,0.24250811347105147
00824-Dd4bFSTQ8gi,hovsg,373,recuperator,0_5_292,0_5,3,0.23374946159787638
00824-Dd4bFSTQ8gi,hovsg,373,recuperator,0_5_23,0_5,4,0.2336981715119701
00824-Dd4bFSTQ8gi,hovsg,373,recuperator,0_5_177,0_5,5,0.22736449293228797
00824-Dd4bFSTQ8gi,hovsg,374,refrigerator,0_5_11,0_5,1,0.33156033921997385
00824-Dd4bFSTQ8gi,hovsg,374,refrigerator,0_5_8,0_5,2,0.32892502778076915
00824-Dd4bFSTQ8gi,hovsg,374,refrigerator,0_5_180,0_5,3,0.31635831680854354
00824-Dd4bFSTQ8gi,hovsg,374,refrigerator,0_5_76,0_5,4,0.2947997546406596
00824-Dd4bFSTQ8gi,hovsg,374,refrigerator,0_5_224,0_5,5,0.288661915694403
00824-Dd4bFSTQ8gi,hovsg,375,remote control,0_0_55,0_0,1,0.23285633418588542
00824-Dd4bFSTQ8gi,hovsg,375,remote control,0_5_245,0_5,2,0.22558219574272023
00824-Dd4bFSTQ8gi,hovsg,375,remote control,0_3_35,0_3,3,0.22515434006620882
00824-Dd4bFSTQ8gi,hovsg,375,remote control,0_4_116,0_4,4,0.2194856836910462
00824-Dd4bFSTQ8gi,hovsg,375,remote control,0_2_204,0_2,5,0.21865834875168816
00824-Dd4bFSTQ8gi,hovsg,376,rice cooker,0_5_134,0_5,1,0.2660121388063632
00824-Dd4bFSTQ8gi,hovsg,376,rice cooker,0_2_4,0_2,2,0.2565389386766264
00824-Dd4bFSTQ8gi,hovsg,376,rice cooker,0_2_80,0_2,3,0.24294996723743267
00824-Dd4bFSTQ8gi,hovsg,376,rice cooker,0_2_32,0_2,4,0.24233272583400856
00824-Dd4bFSTQ8gi,hovsg,376,rice cooker,0_1_35,0_1,5,0.24095952167081244
00824-Dd4bFSTQ8gi,hovsg,377,riser,0_5_331,0_5,1,0.2731252419556164
00824-Dd4bFSTQ8gi,hovsg,377,riser,0_5_128,0_5,2,0.2677090041784079
00824-Dd4bFSTQ8gi,hovsg,377,riser,0_1_102,0_1,3,0.2673543022564722
00824-Dd4bFSTQ8gi,hovsg,377,riser,0_1_3,0_1,4,0.26723676338418306
00824-Dd4bFSTQ8gi,hovsg,377,riser,0_0_22,0_0,5,0.2671083600500092
00824-Dd4bFSTQ8gi,hovsg,378,rocking horse,0_5_334,0_5,1,0.27224264013583555
00824-Dd4bFSTQ8gi,hovsg,378,rocking horse,0_3_3,0_3,2,0.2647892307638644
00824-Dd4bFSTQ8gi,hovsg,378,rocking horse,0_5_245,0_5,3,0.25449927371893094
00824-Dd4bFSTQ8gi,hovsg,378,rocking horse,0_5_219,0_5,4,0.24845353708008902
00824-Dd4bFSTQ8gi,hovsg,378,rocking horse,0_5_244,0_5,5,0.24552332212951206
00824-Dd4bFSTQ8gi,hovsg,379,rod,0_4_44,0_4,1,0.26715858932285347
00824-Dd4bFSTQ8gi,hovsg,379,rod,0_5_72,0_5,2,0.25585543591415244
00824-Dd4bFSTQ8gi,hovsg,379,rod,0_5_245,0_5,3,0.2553827650631843
00824-Dd4bFSTQ8gi,hovsg,379,rod,0_3_47,0_3,4,0.2549052205779173
00824-Dd4bFSTQ8gi,hovsg,379,rod,0_6_75,0_6,5,0.25362206259914216
00824-Dd4bFSTQ8gi,hovsg,380,roll,0_0_49,0_0,1,0.27072504850051027
00824-Dd4bFSTQ8gi,hovsg,380,roll,0_5_141,0_5,2,0.263494174241495
00824-Dd4bFSTQ8gi,hovsg,380,roll,0_0_50,0_0,3,0.26005656224563967
00824-Dd4bFSTQ8gi,hovsg,380,roll,0_0_13,0_0,4,0.25889515155473564
00824-Dd4bFSTQ8gi,hovsg,380,roll,0_2_24,0_2,5,0.2580881950546676
00824-Dd4bFSTQ8gi,hovsg,381,rope,0_0_49,0_0,1,0.24696486188530906
00824-Dd4bFSTQ8gi,hovsg,381,rope,0_5_223,0_5,2,0.23613578402349097
00824-Dd4bFSTQ8gi,hovsg,381,rope,0_2_145,0_2,3,0.21949549228676202
00824-Dd4bFSTQ8gi,hovsg,382,router,0_0_55,0_0,1,0.26406920952904855
00824-Dd4bFSTQ8gi,hovsg,382,router,0_1_74,0_1,2,0.25713252899568473
00824-Dd4bFSTQ8gi,hovsg,382,router,0_3_39,0_3,3,0.24745483003225524
00824-Dd4bFSTQ8gi,hovsg,382,router,0_3_25,0_3,4,0.2457316017328325
00824-Dd4bFSTQ8gi,hovsg,382,router,0_3_65,0_3,5,0.24345428346615378
00824-Dd4bFSTQ8gi,hovsg,383,rug,0_5_426,0_5,1,0.32656785882910405
00824-Dd4bFSTQ8gi,hovsg,383,rug,0_5_190,0_5,2,0.3166652336321117
00824-Dd4bFSTQ8gi,hovsg,383,rug,0_6_73,0_6,3,0.31512452492774534
00824-Dd4bFSTQ8gi,hovsg,383,rug,0_6_72,0_6,4,0.31171038384436167
00824-Dd4bFSTQ8gi,hovsg,383,rug,0_6_6,0_6,5,0.3110651821180432
00824-Dd4bFSTQ8gi,hovsg,384,safe,0_5_76,0_5,1,0.2621597205376721
00824-Dd4bFSTQ8gi,hovsg,384,safe,0_5_88,0_5,2,0.26124943751779917
00824-Dd4bFSTQ8gi,hovsg,384,safe,0_0_55,0_0,3,0.2606320227675623
00824-Dd4bFSTQ8gi,hovsg,384,safe,0_5_73,0_5,4,0.25945453956715786
00824-Dd4bFSTQ8gi,hovsg,384,safe,0_0_59,0_0,5,0.25931708620338967
00824-Dd4bFSTQ8gi,hovsg,385,saturator,0_3_47,0_3,1,0.23099798911703495
00824-Dd4bFSTQ8gi,hovsg,385,saturator,0_5_423,0_5,2,0.2282505835970911
00824-Dd4bFSTQ8gi,hovsg,385,saturator,0_5_197,0_5,3,0.22319883479106695
00824-Dd4bFSTQ8gi,hovsg,385,saturator,0_5_277,0_5,4,0.21909484474436608
00824-Dd4bFSTQ8gi,hovsg,385,saturator,0_5_245,0_5,5,0.21892507572400427
00824-Dd4bFSTQ8gi,hovsg,386,sauna,0_1_88,0_1,1,0.2698771621311813
00824-Dd4bFSTQ8gi,hovsg,386,sauna,0_1_90,0_1,2,0.26946747137741395
00824-Dd4bFSTQ8gi,hovsg,386,sauna,0_2_94,0_2,3,0.2624579604097343
00824-Dd4bFSTQ8gi,hovsg,386,sauna,0_1_65,0_1,4,0.26124795133244183
00824-Dd4bFSTQ8gi,hovsg,386,sauna,0_1_82,0_1,5,0.2609390858119768
00824-Dd4bFSTQ8gi,hovsg,387,saw,0_3_3,0_3,1,0.26349798940448854
00824-Dd4bFSTQ8gi,hovsg,387,saw,0_5_72,0_5,2,0.26213375962256263
00824-Dd4bFSTQ8gi,hovsg,387,saw,0_3_65,0_3,3,0.25687738436242336
00824-Dd4bFSTQ8gi,hovsg,387,saw,0_3_25,0_3,4,0.2564187459603362
00824-Dd4bFSTQ8gi,hovsg,387,saw,0_3_9,0_3,5,0.2551577960208765
00824-Dd4bFSTQ8gi,hovsg,388,saxophone,0_2_6,0_2,1,0.22766681376766934
00824-Dd4bFSTQ8gi,hovsg,388,saxophone,0_6_121,0_6,2,0.22378900123284978
00824-Dd4bFSTQ8gi,hovsg,388,saxophone,0_6_7,0_6,3,0.22257179598539392
00824-Dd4bFSTQ8gi,hovsg,388,saxophone,0_5_231,0_5,4,0.21531061825175488
00824-Dd4bFSTQ8gi,hovsg,389,scale,0_5_2,0_5,1,0.25644494358058795
00824-Dd4bFSTQ8gi,hovsg,389,scale,0_5_72,0_5,2,0.2541351140495405
00824-Dd4bFSTQ8gi,hovsg,389,scale,0_0_26,0_0,3,0.2536475947834519
00824-Dd4bFSTQ8gi,hovsg,389,scale,0_0_30,0_0,4,0.25318056986035653
00824-Dd4bFSTQ8gi,hovsg,389,scale,0_3_3,0_3,5,0.25004052615723615
00824-Dd4bFSTQ8gi,hovsg,390,scanner,0_3_37,0_3,1,0.2829234475472129
00824-Dd4bFSTQ8gi,hovsg,390,scanner,0_3_3,0_3,2,0.2798349147614647
00824-Dd4bFSTQ8gi,hovsg,390,scanner,0_3_65,0_3,3,0.2756605959942917
00824-Dd4bFSTQ8gi,hovsg,390,scanner,0_3_25,0_3,4,0.27524855065690335
00824-Dd4bFSTQ8gi,hovsg,390,scanner,0_2_177,0_2,5,0.27485020982237685
00824-Dd4bFSTQ8gi,hovsg,391,screen,0_6_95,0_6,1,0.2750904092719333
00824-Dd4bFSTQ8gi,hovsg,391,screen,0_6_97,0_6,2,0.2726413946995667
00824-Dd4bFSTQ8gi,hovsg,391,screen,0_6_92,0_6,3,0.2725249578630867
00824-Dd4bFSTQ8gi,hovsg,391,screen,0_6_61,0_6,4,0.2715523066573926
00824-Dd4bFSTQ8gi,hovsg,391,screen,0_6_37,0_6,5,0.2710389811263709
00824-Dd4bFSTQ8gi,hovsg,392,screen frame,0_2_28,0_2,1,0.2871974991888399
00824-Dd4bFSTQ8gi,hovsg,392,screen frame,0_6_95,0_6,2,0.27831300479511606
00824-Dd4bFSTQ8gi,hovsg,392,screen frame,0_2_170,0_2,3,0.27821947349540066
00824-Dd4bFSTQ8gi,hovsg,392,screen frame,0_6_61,0_6,4,0.2769023312689581
00824-Dd4bFSTQ8gi,hovsg,392,screen frame,0_6_92,0_6,5,0.275608917613436
00824-Dd4bFSTQ8gi,hovsg,393,screwdriver,0_0_47,0_0,1,0.23783917232655943
00824-Dd4bFSTQ8gi,hovsg,393,screwdriver,0_2_145,0_2,2,0.21435659489580472
00824-Dd4bFSTQ8gi,hovsg,394,sculpture,0_5_334,0_5,1,0.3108022738126839
00824-Dd4bFSTQ8gi,hovsg,394,sculpture,0_5_228,0_5,2,0.30182113321391285
00824-Dd4bFSTQ8gi,hovsg,394,sculpture,0_5_246,0_5,3,0.3004804033715416
00824-Dd4bFSTQ8gi,hovsg,394,sculpture,0_6_7,0_6,4,0.29769541755051987
00824-Dd4bFSTQ8gi,hovsg,394,sculpture,0_5_162,0_5,5,0.2937359163790853
00824-Dd4bFSTQ8gi,hovsg,395,security camera,0_1_102,0_1,1,0.2754235889046784
00824-Dd4bFSTQ8gi,hovsg,395,security camera,0_0_55,0_0,2,0.26779999932485576
00824-Dd4bFSTQ8gi,hovsg,395,security camera,0_5_134,0_5,3,0.26666632666257944
00824-Dd4bFSTQ8gi,hovsg,395,security camera,0_3_47,0_3,4,0.26140566878792165
00824-Dd4bFSTQ8gi,hovsg,395,security camera,0_5_245,0_5,5,0.26127667991055503
00824-Dd4bFSTQ8gi,hovsg,396,self-closing mechanism,0_1_3,0_1,1,0.2621052592145485
00824-Dd4bFSTQ8gi,hovsg,396,self-closing mechanism,0_4_27,0_4,2,0.26092023566899364
00824-Dd4bFSTQ8gi,hovsg,396,self-closing mechanism,0_2_85,0_2,3,0.2583211018457468
00824-Dd4bFSTQ8gi,hovsg,396,self-closing mechanism,0_5_93,0_5,4,0.2538945864184312
00824-Dd4bFSTQ8gi,hovsg,396,self-closing mechanism,0_5_110,0_5,5,0.24945402495920083
00824-Dd4bFSTQ8gi,hovsg,397,sensor,0_0_55,0_0,1,0.2808971166384677
00824-Dd4bFSTQ8gi,hovsg,397,sensor,0_5_134,0_5,2,0.27404857162053264
00824-Dd4bFSTQ8gi,hovsg,397,sensor,0_0_42,0_0,3,0.2713843964419107
00824-Dd4bFSTQ8gi,hovsg,397,sensor,0_2_22,0_2,4,0.27101320377938154
00824-Dd4bFSTQ8gi,hovsg,397,sensor,0_3_47,0_3,5,0.2699029138250429
00824-Dd4bFSTQ8gi,hovsg,398,separator,0_5_327,0_5,1,0.27860181652093535
00824-Dd4bFSTQ8gi,hovsg,398,separator,0_2_30,0_2,2,0.27702733434933385
00824-Dd4bFSTQ8gi,hovsg,398,separator,0_2_24,0_2,3,0.2752640694114882
00824-Dd4bFSTQ8gi,hovsg,398,separator,0_5_2,0_5,4,0.2749017893167433
00824-Dd4bFSTQ8gi,hovsg,398,separator,0_2_85,0_2,5,0.27464816867298414
00824-Dd4bFSTQ8gi,hovsg,399,set of valves,0_5_87,0_5,1,0.21368303986805934
00824-Dd4bFSTQ8gi,hovsg,399,set of valves,0_2_6,0_2,2,0.21089067345163257
00824-Dd4bFSTQ8gi,hovsg,399,set of valves,0_5_29,0_5,3,0.2044075604483852
00824-Dd4bFSTQ8gi,hovsg,399,set of valves,0_2_26,0_2,4,0.20003869073196626
00824-Dd4bFSTQ8gi,hovsg,399,set of valves,0_3_47,0_3,5,0.1978846647878994
00824-Dd4bFSTQ8gi,hovsg,400,sewing machine,0_2_179,0_2,1,0.22935234244958685
00824-Dd4bFSTQ8gi,hovsg,400,sewing machine,0_5_16,0_5,2,0.22501329572270684
00824-Dd4bFSTQ8gi,hovsg,400,sewing machine,0_5_231,0_5,3,0.2230086258342662
00824-Dd4bFSTQ8gi,hovsg,400,sewing machine,0_4_2,0_4,4,0.21903599958699912
00824-Dd4bFSTQ8gi,hovsg,400,sewing machine,0_2_32,0_2,5,0.21198098114630173
00824-Dd4bFSTQ8gi,hovsg,401,sewing tools,0_2_26,0_2,1,0.20953272094210018
00824-Dd4bFSTQ8gi,hovsg,401,sewing tools,0_5_277,0_5,2,0.2092237478391291
00824-Dd4bFSTQ8gi,hovsg,401,sewing tools,0_3_3,0_3,3,0.2086811222099605
00824-Dd4bFSTQ8gi,hovsg,401,sewing tools,0_0_47,0_0,4,0.20359875228996804
00824-Dd4bFSTQ8gi,hovsg,401,sewing tools,0_3_58,0_3,5,0.1989118318147602
00824-Dd4bFSTQ8gi,hovsg,402,shampoo,0_2_22,0_2,1,0.2678975835467641
00824-Dd4bFSTQ8gi,hovsg,402,shampoo,0_2_20,0_2,2,0.2631917232857717
00824-Dd4bFSTQ8gi,hovsg,402,shampoo,0_2_36,0_2,3,0.2616506255769198
00824-Dd4bFSTQ8gi,hovsg,402,shampoo,0_2_21,0_2,4,0.2572895374858481
00824-Dd4bFSTQ8gi,hovsg,402,shampoo,0_4_27,0_4,5,0.254867619258713
00824-Dd4bFSTQ8gi,hovsg,403,sheet music,0_5_177,0_5,1,0.2360428324622476
00824-Dd4bFSTQ8gi,hovsg,403,sheet music,0_3_37,0_3,2,0.23493205083627847
00824-Dd4bFSTQ8gi,hovsg,403,sheet music,0_5_28,0_5,3,0.22154037099656182
00824-Dd4bFSTQ8gi,hovsg,403,sheet music,0_0_49,0_0,4,0.19779380677846098
00824-Dd4bFSTQ8gi,hovsg,403,sheet music,0_2_46,0_2,5,0.18970818288809882
00824-Dd4bFSTQ8gi,hovsg,404,sheets / clothes,0_1_30,0_1,1,0.2889829470547454
00824-Dd4bFSTQ8gi,hovsg,404,sheets / clothes,0_1_69,0_1,2,0.281166776698884
00824-Dd4bFSTQ8gi,hovsg,404,sheets / clothes,0_1_61,0_1,3,0.280931122589395
00824-Dd4bFSTQ8gi,hovsg,404,sheets / clothes,0_1_43,0_1,4,0.28006660888614193
00824-Dd4bFSTQ8gi,hovsg,404,sheets / clothes,0_1_40,0_1,5,0.27943813052727934
00824-Dd4bFSTQ8gi,hovsg,405,shelf,0_1_36,0_1,1,0.32782468665026454
00824-Dd4bFSTQ8gi,hovsg,405,shelf,0_1_64,0_1,2,0.3193032079817412
00824-Dd4bFSTQ8gi,hovsg,405,shelf,0_1_65,0_1,3,0.3188045679174898
00824-Dd4bFSTQ8gi,hovsg,405,shelf,0_1_79,0_1,4,0.3171705121531123
00824-Dd4bFSTQ8gi,hovsg,405,shelf,0_1_85,0_1,5,0.3165067436654247
00824-Dd4bFSTQ8gi,hovsg,406,ship toy,0_2_172,0_2,1,0.23990240409037655
00824-Dd4bFSTQ8gi,hovsg,406,ship toy,0_6_79,0_6,2,0.2319933634203855
00824-Dd4bFSTQ8gi,hovsg,406,ship toy,0_1_52,0_1,3,0.23116112138078646
00824-Dd4bFSTQ8gi,hovsg,407,shisha,0_2_6,0_2,1,0.26541221409504906
00824-Dd4bFSTQ8gi,hovsg,407,shisha,0_5_166,0_5,2,0.22294142541083672
00824-Dd4bFSTQ8gi,hovsg,408,shoe,0_5_299,0_5,1,0.2806997843698241
00824-Dd4bFSTQ8gi,hovsg,408,shoe,0_5_245,0_5,2,0.2728871715758062
00824-Dd4bFSTQ8gi,hovsg,408,shoe,0_3_29,0_3,3,0.2679281628977647
00824-Dd4bFSTQ8gi,hovsg,408,shoe,0_5_128,0_5,4,0.26634787684721806
00824-Dd4bFSTQ8gi,hovsg,408,shoe,0_5_173,0_5,5,0.2662403082637923
00824-Dd4bFSTQ8gi,hovsg,409,shoe rack,0_5_299,0_5,1,0.2578712215673241
00824-Dd4bFSTQ8gi,hovsg,409,shoe rack,0_5_173,0_5,2,0.25589351361708945
00824-Dd4bFSTQ8gi,hovsg,409,shoe rack,0_1_36,0_1,3,0.2554258830914404
00824-Dd4bFSTQ8gi,hovsg,409,shoe rack,0_1_64,0_1,4,0.2484078792860251
00824-Dd4bFSTQ8gi,hovsg,409,shoe rack,0_0_30,0_0,5,0.24771133827900738
00824-Dd4bFSTQ8gi,hovsg,410,shoehorn,0_0_47,0_0,1,0.29064802318972577
00824-Dd4bFSTQ8gi,hovsg,410,shoehorn,0_0_71,0_0,2,0.26199443968679875
00824-Dd4bFSTQ8gi,hovsg,410,shoehorn,0_2_145,0_2,3,0.2572642586595101
00824-Dd4bFSTQ8gi,hovsg,410,shoehorn,0_5_378,0_5,4,0.24720619263334215
00824-Dd4bFSTQ8gi,hovsg,410,shoehorn,0_5_295,0_5,5,0.24508727217183363
00824-Dd4bFSTQ8gi,hovsg,411,shovel,0_2_145,0_2,1,0.2788783239491719
00824-Dd4bFSTQ8gi,hovsg,411,shovel,0_0_47,0_0,2,0.2619180620096737
00824-Dd4bFSTQ8gi,hovsg,411,shovel,0_5_213,0_5,3,0.26169218391518967
00824-Dd4bFSTQ8gi,hovsg,411,shovel,0_2_168,0_2,4,0.2599185465112222
00824-Dd4bFSTQ8gi,hovsg,411,shovel,0_0_71,0_0,5,0.2576541458549037
00824-Dd4bFSTQ8gi,hovsg,412,shower,0_4_29,0_4,1,0.28877123894598744
00824-Dd4bFSTQ8gi,hovsg,412,shower,0_4_43,0_4,2,0.28486913917431356
00824-Dd4bFSTQ8gi,hovsg,412,shower,0_4_42,0_4,3,0.28443609421901783
00824-Dd4bFSTQ8gi,hovsg,412,shower,0_4_144,0_4,4,0.28114878930785486
00824-Dd4bFSTQ8gi,hovsg,412,shower,0_4_65,0_4,5,0.28052632089850926
00824-Dd4bFSTQ8gi,hovsg,413,shower seat,0_1_74,0_1,1,0.2749761733019143
00824-Dd4bFSTQ8gi,hovsg,413,shower seat,0_4_99,0_4,2,0.2690396275089061
00824-Dd4bFSTQ8gi,hovsg,413,shower seat,0_4_42,0_4,3,0.26848424843351965
00824-Dd4bFSTQ8gi,hovsg,413,shower seat,0_4_54,0_4,4,0.2680722247794481
00824-Dd4bFSTQ8gi,hovsg,413,shower seat,0_2_104,0_2,5,0.26582859890427935
00824-Dd4bFSTQ8gi,hovsg,414,shredder,0_6_79,0_6,1,0.2738696664070075
00824-Dd4bFSTQ8gi,hovsg,414,shredder,0_5_423,0_5,2,0.2644855413862904
00824-Dd4bFSTQ8gi,hovsg,414,shredder,0_1_75,0_1,3,0.26120065346687477
00824-Dd4bFSTQ8gi,hovsg,414,shredder,0_1_62,0_1,4,0.2601232911389181
00824-Dd4bFSTQ8gi,hovsg,414,shredder,0_1_29,0_1,5,0.25699312838919136
00824-Dd4bFSTQ8gi,hovsg,415,side table,0_2_161,0_2,1,0.30639185069779323
00824-Dd4bFSTQ8gi,hovsg,415,side table,0_2_195,0_2,2,0.30288938378378016
00824-Dd4bFSTQ8gi,hovsg,415,side table,0_2_198,0_2,3,0.3022727086374491
00824-Dd4bFSTQ8gi,hovsg,415,side table,0_5_158,0_5,4,0.3011323715625753
00824-Dd4bFSTQ8gi,hovsg,415,side table,0_5_396,0_5,5,0.2876114055639194
00824-Dd4bFSTQ8gi,hovsg,416,sideboard,0_2_161,0_2,1,0.27996834934629056
00824-Dd4bFSTQ8gi,hovsg,416,sideboard,0_2_195,0_2,2,0.27976753759959794
00824-Dd4bFSTQ8gi,hovsg,416,sideboard,0_2_198,0_2,3,0.26996803420470217
00824-Dd4bFSTQ8gi,hovsg,416,sideboard,0_5_158,0_5,4,0.2559846707356419
00824-Dd4bFSTQ8gi,hovsg,416,sideboard,0_5_71,0_5,5,0.25340965708914565
00824-Dd4bFSTQ8gi,hovsg,417,sign,0_5_16,0_5,1,0.30320274580639955
00824-Dd4bFSTQ8gi,hovsg,417,sign,0_6_2,0_6,2,0.2631109961669016
00824-Dd4bFSTQ8gi,hovsg,417,sign,0_2_28,0_2,3,0.25061290551166293
00824-Dd4bFSTQ8gi,hovsg,417,sign,0_0_30,0_0,4,0.2462437372686828
00824-Dd4bFSTQ8gi,hovsg,417,sign,0_4_116,0_4,5,0.23473930632129486
00824-Dd4bFSTQ8gi,hovsg,418,silicone gun,0_2_85,0_2,1,0.23863681839938297
00824-Dd4bFSTQ8gi,hovsg,418,silicone gun,0_2_137,0_2,2,0.2345343361844954
00824-Dd4bFSTQ8gi,hovsg,418,silicone gun,0_2_148,0_2,3,0.23198507138951685
00824-Dd4bFSTQ8gi,hovsg,418,silicone gun,0_2_159,0_2,4,0.22898322040568664
00824-Dd4bFSTQ8gi,hovsg,418,silicone gun,0_2_145,0_2,5,0.21549907006860344
00824-Dd4bFSTQ8gi,hovsg,419,silicone tube,0_2_30,0_2,1,0.2515624136706299
00824-Dd4bFSTQ8gi,hovsg,419,silicone tube,0_1_12,0_1,2,0.24641754228522203
00824-Dd4bFSTQ8gi,hovsg,419,silicone tube,0_1_5,0_1,3,0.2398297013150038
00824-Dd4bFSTQ8gi,hovsg,419,silicone tube,0_2_27,0_2,4,0.23671776813317896
00824-Dd4bFSTQ8gi,hovsg,419,silicone tube,0_4_142,0_4,5,0.23412304754625013
00824-Dd4bFSTQ8gi,hovsg,420,sink,0_5_66,0_5,1,0.30520740337856817
00824-Dd4bFSTQ8gi,hovsg,420,sink,0_5_111,0_5,2,0.30128937376494813
00824-Dd4bFSTQ8gi,hovsg,420,sink,0_2_131,0_2,3,0.30089729921742037
00824-Dd4bFSTQ8gi,hovsg,420,sink,0_5_34,0_5,4,0.2974048058013288
00824-Dd4bFSTQ8gi,hovsg,420,sink,0_4_86,0_4,5,0.29685846400627514
00824-Dd4bFSTQ8gi,hovsg,421,skateboard,0_3_3,0_3,1,0.2686841931009531
00824-Dd4bFSTQ8gi,hovsg,421,skateboard,0_3_65,0_3,2,0.2590883640521594
00824-Dd4bFSTQ8gi,hovsg,421,skateboard,0_3_29,0_3,3,0.25906145474514874
00824-Dd4bFSTQ8gi,hovsg,421,skateboard,0_3_25,0_3,4,0.2584917538995211
00824-Dd4bFSTQ8gi,hovsg,421,skateboard,0_0_47,0_0,5,0.25654035323795876
00824-Dd4bFSTQ8gi,hovsg,422,skates,0_3_3,0_3,1,0.24746475678788177
00824-Dd4bFSTQ8gi,hovsg,422,skates,0_5_423,0_5,2,0.2432523959758079
00824-Dd4bFSTQ8gi,hovsg,422,skates,0_3_29,0_3,3,0.23624833995038017
00824-Dd4bFSTQ8gi,hovsg,422,skates,0_5_213,0_5,4,0.23222832993273962
00824-Dd4bFSTQ8gi,hovsg,422,skates,0_5_2,0_5,5,0.2271945296023116
00824-Dd4bFSTQ8gi,hovsg,423,ski,0_0_47,0_0,1,0.2559192498055521
00824-Dd4bFSTQ8gi,hovsg,423,ski,0_5_213,0_5,2,0.24039539698924195
00824-Dd4bFSTQ8gi,hovsg,423,ski,0_5_233,0_5,3,0.23866961209441112
00824-Dd4bFSTQ8gi,hovsg,423,ski,0_0_71,0_0,4,0.23482723197387612
00824-Dd4bFSTQ8gi,hovsg,423,ski,0_1_55,0_1,5,0.23477171565971125
00824-Dd4bFSTQ8gi,hovsg,424,sky,0_2_204,0_2,1,0.260732572665613
00824-Dd4bFSTQ8gi,hovsg,424,sky,0_3_44,0_3,2,0.2578291321439032
00824-Dd4bFSTQ8gi,hovsg,424,sky,0_3_36,0_3,3,0.25604030957469914
00824-Dd4bFSTQ8gi,hovsg,424,sky,0_3_43,0_3,4,0.25324574964151325
00824-Dd4bFSTQ8gi,hovsg,424,sky,0_3_5,0_3,5,0.25321917206966027
00824-Dd4bFSTQ8gi,hovsg,425,sled,0_3_3,0_3,1,0.2513998900774793
00824-Dd4bFSTQ8gi,hovsg,425,sled,0_1_52,0_1,2,0.24795212436374783
00824-Dd4bFSTQ8gi,hovsg,425,sled,0_5_259,0_5,3,0.24650760458746057
00824-Dd4bFSTQ8gi,hovsg,425,sled,0_1_75,0_1,4,0.24243996472903945
00824-Dd4bFSTQ8gi,hovsg,425,sled,0_3_37,0_3,5,0.23744185731032835
00824-Dd4bFSTQ8gi,hovsg,426,sleeping bag,0_1_43,0_1,1,0.2804948902752963
00824-Dd4bFSTQ8gi,hovsg,426,sleeping bag,0_1_75,0_1,2,0.2781793148157325
00824-Dd4bFSTQ8gi,hovsg,426,sleeping bag,0_1_62,0_1,3,0.27677731320163
00824-Dd4bFSTQ8gi,hovsg,426,sleeping bag,0_1_69,0_1,4,0.2709888831542237
00824-Dd4bFSTQ8gi,hovsg,426,sleeping bag,0_1_30,0_1,5,0.2693962575607434
00824-Dd4bFSTQ8gi,hovsg,427,smoke detector,0_0_42,0_0,1,0.3181951219762077
00824-Dd4bFSTQ8gi,hovsg,427,smoke detector,0_0_76,0_0,2,0.305034875709219
00824-Dd4bFSTQ8gi,hovsg,427,smoke detector,0_0_43,0_0,3,0.2996151976948293
00824-Dd4bFSTQ8gi,hovsg,427,smoke detector,0_2_204,0_2,4,0.28914219356893517
00824-Dd4bFSTQ8gi,hovsg,427,smoke detector,0_0_10,0_0,5,0.28396803064932824
00824-Dd4bFSTQ8gi,hovsg,428,snack,0_5_23,0_5,1,0.24530897199748794
00824-Dd4bFSTQ8gi,hovsg,428,snack,0_5_28,0_5,2,0.2410052002838234
00824-Dd4bFSTQ8gi,hovsg,428,snack,0_4_116,0_4,3,0.23896023581966302
00824-Dd4bFSTQ8gi,hovsg,428,snack,0_2_164,0_2,4,0.236715419876951
00824-Dd4bFSTQ8gi,hovsg,428,snack,0_5_177,0_5,5,0.23552999356173715
00824-Dd4bFSTQ8gi,hovsg,429,soap,0_2_22,0_2,1,0.2911653846487419
00824-Dd4bFSTQ8gi,hovsg,429,soap,0_2_36,0_2,2,0.28204632419755027
00824-Dd4bFSTQ8gi,hovsg,429,soap,0_5_23,0_5,3,0.27768467782768474
00824-Dd4bFSTQ8gi,hovsg,429,soap,0_2_21,0_2,4,0.27622690229218694
00824-Dd4bFSTQ8gi,hovsg,429,soap,0_2_164,0_2,5,0.26763531201465823
00824-Dd4bFSTQ8gi,hovsg,430,socks,0_3_29,0_3,1,0.24689142866797825
00824-Dd4bFSTQ8gi,hovsg,430,socks,0_1_9,0_1,2,0.2447053454255423
00824-Dd4bFSTQ8gi,hovsg,430,socks,0_0_8,0_0,3,0.22944092258349397
00824-Dd4bFSTQ8gi,hovsg,430,socks,0_3_37,0_3,4,0.22931830234182254
00824-Dd4bFSTQ8gi,hovsg,430,socks,0_2_179,0_2,5,0.22840639552342218
00824-Dd4bFSTQ8gi,hovsg,431,sofa,0_6_66,0_6,1,0.3246667435002252
00824-Dd4bFSTQ8gi,hovsg,431,sofa,0_5_193,0_5,2,0.31405497851861597
00824-Dd4bFSTQ8gi,hovsg,431,sofa,0_6_43,0_6,3,0.31161546694746944
00824-Dd4bFSTQ8gi,hovsg,431,sofa,0_5_249,0_5,4,0.3086146289205408
00824-Dd4bFSTQ8gi,hovsg,431,sofa,0_6_19,0_6,5,0.3055491969111842
00824-Dd4bFSTQ8gi,hovsg,432,solarium,0_5_65,0_5,1,0.2493706276740719
00824-Dd4bFSTQ8gi,hovsg,432,solarium,0_6_67,0_6,2,0.2288031924686227
00824-Dd4bFSTQ8gi,hovsg,432,solarium,0_6_61,0_6,3,0.22817802914960278
00824-Dd4bFSTQ8gi,hovsg,432,solarium,0_6_41,0_6,4,0.22772855025971353
00824-Dd4bFSTQ8gi,hovsg,432,solarium,0_6_8,0_6,5,0.21364065124151668
00824-Dd4bFSTQ8gi,hovsg,433,speaker,0_5_276,0_5,1,0.25946817434194713
00824-Dd4bFSTQ8gi,hovsg,433,speaker,0_0_55,0_0,2,0.258548764413669
00824-Dd4bFSTQ8gi,hovsg,433,speaker,0_5_221,0_5,3,0.2580205512526089
00824-Dd4bFSTQ8gi,hovsg,433,speaker,0_5_88,0_5,4,0.2505166920683738
00824-Dd4bFSTQ8gi,hovsg,433,speaker,0_1_35,0_1,5,0.24953059834635063
00824-Dd4bFSTQ8gi,hovsg,434,speaker stand,0_2_116,0_2,1,0.2382670973406845
00824-Dd4bFSTQ8gi,hovsg,434,speaker stand,0_2_169,0_2,2,0.23549823769407754
00824-Dd4bFSTQ8gi,hovsg,434,speaker stand,0_5_245,0_5,3,0.2306712656674152
00824-Dd4bFSTQ8gi,hovsg,434,speaker stand,0_1_74,0_1,4,0.22959470275132396
00824-Dd4bFSTQ8gi,hovsg,434,speaker stand,0_0_45,0_0,5,0.2295657277474209
00824-Dd4bFSTQ8gi,hovsg,435,spices,0_5_28,0_5,1,0.23926781510762127
00824-Dd4bFSTQ8gi,hovsg,435,spices,0_5_16,0_5,2,0.23918574595439213
00824-Dd4bFSTQ8gi,hovsg,435,spices,0_6_4,0_6,3,0.23569933525976755
00824-Dd4bFSTQ8gi,hovsg,435,spices,0_5_23,0_5,4,0.2337055395908123
00824-Dd4bFSTQ8gi,hovsg,435,spices,0_2_20,0_2,5,0.2335186446566589
00824-Dd4bFSTQ8gi,hovsg,436,sponge,0_5_23,0_5,1,0.26524310999920897
00824-Dd4bFSTQ8gi,hovsg,436,sponge,0_5_94,0_5,2,0.263782144319073
00824-Dd4bFSTQ8gi,hovsg,436,sponge,0_5_146,0_5,3,0.25153184354500574
00824-Dd4bFSTQ8gi,hovsg,436,sponge,0_2_164,0_2,4,0.24988135536125028
00824-Dd4bFSTQ8gi,hovsg,436,sponge,0_2_22,0_2,5,0.2465192354185905
00824-Dd4bFSTQ8gi,hovsg,437,spray can,0_5_141,0_5,1,0.2771052061926532
00824-Dd4bFSTQ8gi,hovsg,437,spray can,0_2_4,0_2,2,0.2580985323581458
00824-Dd4bFSTQ8gi,hovsg,437,spray can,0_2_204,0_2,3,0.25577665528034693
00824-Dd4bFSTQ8gi,hovsg,437,spray can,0_5_23,0_5,4,0.2527946623678753
00824-Dd4bFSTQ8gi,hovsg,437,spray can,0_4_27,0_4,5,0.24899302543265178
00824-Dd4bFSTQ8gi,hovsg,438,sprinkler,0_0_43,0_0,1,0.2277468158846921
00824-Dd4bFSTQ8gi,hovsg,438,sprinkler,0_0_42,0_0,2,0.2276399316673416
00824-Dd4bFSTQ8gi,hovsg,438,sprinkler,0_0_76,0_0,3,0.2275314605191146
00824-Dd4bFSTQ8gi,hovsg,438,sprinkler,0_0_10,0_0,4,0.21910660283932004
00824-Dd4bFSTQ8gi,hovsg,438,sprinkler,0_0_4,0_0,5,0.21530891190029547
00824-Dd4bFSTQ8gi,hovsg,439,square,0_1_35,0_1,1,0.23837626997398936
00824-Dd4bFSTQ8gi,hovsg,439,square,0_4_116,0_4,2,0.23770594578890075
00824-Dd4bFSTQ8gi,hovsg,439,square,0_2_13,0_2,3,0.23752144414181758
00824-Dd4bFSTQ8gi,hovsg,439,square,0_4_79,0_4,4,0.23602182638003238
00824-Dd4bFSTQ8gi,hovsg,439,square,0_3_26,0_3,5,0.235666947597142
00824-Dd4bFSTQ8gi,hovsg,440,stack,0_5_2,0_5,1,0.2811094689030026
00824-Dd4bFSTQ8gi,hovsg,440,stack,0_2_127,0_2,2,0.2773103030250102
00824-Dd4bFSTQ8gi,hovsg,440,stack,0_2_20,0_2,3,0.26644020666734575
00824-Dd4bFSTQ8gi,hovsg,440,stack,0_5_105,0_5,4,0.2643184311033646
00824-Dd4bFSTQ8gi,hovsg,440,stack,0_2_118,0_2,5,0.26235756900654844
00824-Dd4bFSTQ8gi,hovsg,441,stack of books / papers,0_2_164,0_2,1,0.28115637885680367
00824-Dd4bFSTQ8gi,hovsg,441,stack of books / papers,0_5_177,0_5,2,0.26913585581133936
00824-Dd4bFSTQ8gi,hovsg,441,stack of books / papers,0_3_37,0_3,3,0.2535738801195068
00824-Dd4bFSTQ8gi,hovsg,441,stack of books / papers,0_5_105,0_5,4,0.2502726122315341
00824-Dd4bFSTQ8gi,hovsg,441,stack of books / papers,0_5_230,0_5,5,0.2498359470523366
00824-Dd4bFSTQ8gi,hovsg,442,stack of stuff,0_2_164,0_2,1,0.2910951534406748
00824-Dd4bFSTQ8gi,hovsg,442,stack of stuff,0_2_20,0_2,2,0.29033061887518424
00824-Dd4bFSTQ8gi,hovsg,442,stack of stuff,0_5_177,0_5,3,0.28936072204653857
00824-Dd4bFSTQ8gi,hovsg,442,stack of stuff,0_5_2,0_5,4,0.28909052453996137
00824-Dd4bFSTQ8gi,hovsg,442,stack of stuff,0_3_16,0_3,5,0.2848072983567862
00824-Dd4bFSTQ8gi,hovsg,443,stack of yarns,0_2_20,0_2,1,0.24174619461292873
00824-Dd4bFSTQ8gi,hovsg,443,stack of yarns,0_2_173,0_2,2,0.23920614232043147
00824-Dd4bFSTQ8gi,hovsg,443,stack of yarns,0_2_179,0_2,3,0.23842329562684295
00824-Dd4bFSTQ8gi,hovsg,443,stack of yarns,0_0_49,0_0,4,0.21613050215367574
00824-Dd4bFSTQ8gi,hovsg,444,stage,0_2_116,0_2,1,0.24084227037403652
00824-Dd4bFSTQ8gi,hovsg,444,stage,0_2_115,0_2,2,0.2391422636340697
00824-Dd4bFSTQ8gi,hovsg,444,stage,0_5_155,0_5,3,0.22436065723594947
00824-Dd4bFSTQ8gi,hovsg,444,stage,0_5_197,0_5,4,0.2228510461994873
00824-Dd4bFSTQ8gi,hovsg,444,stage,0_2_87,0_2,5,0.22064020133534892
00824-Dd4bFSTQ8gi,hovsg,445,stained glass,0_6_67,0_6,1,0.2518469660931112
00824-Dd4bFSTQ8gi,hovsg,445,stained glass,0_6_41,0_6,2,0.25096782399678463
00824-Dd4bFSTQ8gi,hovsg,445,stained glass,0_6_61,0_6,3,0.25044122924978474
00824-Dd4bFSTQ8gi,hovsg,445,stained glass,0_5_65,0_5,4,0.2424861172187735
00824-Dd4bFSTQ8gi,hovsg,445,stained glass,0_5_120,0_5,5,0.2422968680634248
00824-Dd4bFSTQ8gi,hovsg,446,stand,0_3_3,0_3,1,0.2502624803993436
00824-Dd4bFSTQ8gi,hovsg,446,stand,0_1_36,0_1,2,0.2334506441480831
00824-Dd4bFSTQ8gi,hovsg,446,stand,0_1_74,0_1,3,0.23315123751539474
00824-Dd4bFSTQ8gi,hovsg,446,stand,0_1_65,0_1,4,0.22918747836106607
00824-Dd4bFSTQ8gi,hovsg,446,stand,0_1_64,0_1,5,0.2285432435391034
00824-Dd4bFSTQ8gi,hovsg,447,star,0_2_83,0_2,1,0.2672404823113483
00824-Dd4bFSTQ8gi,hovsg,447,star,0_2_111,0_2,2,0.24032334593897775
00824-Dd4bFSTQ8gi,hovsg,447,star,0_3_26,0_3,3,0.23436282880886555
00824-Dd4bFSTQ8gi,hovsg,447,star,0_1_53,0_1,4,0.23363937438261312
00824-Dd4bFSTQ8gi,hovsg,447,star,0_5_23,0_5,5,0.23289801016713535
00824-Dd4bFSTQ8gi,hovsg,448,stationery,0_2_150,0_2,1,0.24277245954969165
00824-Dd4bFSTQ8gi,hovsg,448,stationery,0_2_115,0_2,2,0.24152660915742408
00824-Dd4bFSTQ8gi,hovsg,448,stationery,0_0_45,0_0,3,0.23813188976307045
00824-Dd4bFSTQ8gi,hovsg,448,stationery,0_2_127,0_2,4,0.2373610488802409
00824-Dd4bFSTQ8gi,hovsg,448,stationery,0_2_26,0_2,5,0.23724967195727123
00824-Dd4bFSTQ8gi,hovsg,449,steel plate,0_5_33,0_5,1,0.23723303683445196
00824-Dd4bFSTQ8gi,hovsg,449,steel plate,0_5_292,0_5,2,0.22078764348527272
00824-Dd4bFSTQ8gi,hovsg,449,steel plate,0_5_310,0_5,3,0.1979338700944071
00824-Dd4bFSTQ8gi,hovsg,450,step stool,0_5_405,0_5,1,0.28365174027872264
00824-Dd4bFSTQ8gi,hovsg,450,step stool,0_3_3,0_3,2,0.28221751723093064
00824-Dd4bFSTQ8gi,hovsg,450,step stool,0_5_121,0_5,3,0.28064550048209197
00824-Dd4bFSTQ8gi,hovsg,450,step stool,0_5_229,0_5,4,0.2763432362899562
00824-Dd4bFSTQ8gi,hovsg,450,step stool,0_5_205,0_5,5,0.27568473865024773
00824-Dd4bFSTQ8gi,hovsg,451,stick,0_5_223,0_5,1,0.2713040189519373
00824-Dd4bFSTQ8gi,hovsg,451,stick,0_1_38,0_1,2,0.27052084647787167
00824-Dd4bFSTQ8gi,hovsg,451,stick,0_5_128,0_5,3,0.2704595693950281
00824-Dd4bFSTQ8gi,hovsg,451,stick,0_5_378,0_5,4,0.2679603884635
00824-Dd4bFSTQ8gi,hovsg,451,stick,0_1_37,0_1,5,0.2679197242770784
00824-Dd4bFSTQ8gi,hovsg,452,stone,0_5_146,0_5,1,0.27000599768681804
00824-Dd4bFSTQ8gi,hovsg,452,stone,0_5_81,0_5,2,0.26874292255106896
00824-Dd4bFSTQ8gi,hovsg,452,stone,0_5_16,0_5,3,0.26748589879232254
00824-Dd4bFSTQ8gi,hovsg,452,stone,0_5_82,0_5,4,0.2656462781491201
00824-Dd4bFSTQ8gi,hovsg,452,stone,0_5_99,0_5,5,0.2653588023092512
00824-Dd4bFSTQ8gi,hovsg,453,stonework,0_6_139,0_6,1,0.2554214513010595
00824-Dd4bFSTQ8gi,hovsg,453,stonework,0_6_127,0_6,2,0.2516408341269872
00824-Dd4bFSTQ8gi,hovsg,453,stonework,0_6_106,0_6,3,0.25085617782893666
00824-Dd4bFSTQ8gi,hovsg,453,stonework,0_6_13,0_6,4,0.23742677038203924
00824-Dd4bFSTQ8gi,hovsg,453,stonework,0_3_26,0_3,5,0.22943110873001232
00824-Dd4bFSTQ8gi,hovsg,454,stool,0_5_229,0_5,1,0.31663220867742176
00824-Dd4bFSTQ8gi,hovsg,454,stool,0_5_405,0_5,2,0.3133042024911009
00824-Dd4bFSTQ8gi,hovsg,454,stool,0_3_3,0_3,3,0.3079918127956015
00824-Dd4bFSTQ8gi,hovsg,454,stool,0_5_215,0_5,4,0.295080119380666
00824-Dd4bFSTQ8gi,hovsg,454,stool,0_5_205,0_5,5,0.2913476037184899
00824-Dd4bFSTQ8gi,hovsg,455,storage,0_5_76,0_5,1,0.2783106038716513
00824-Dd4bFSTQ8gi,hovsg,455,storage,0_1_86,0_1,2,0.2705022866937114
00824-Dd4bFSTQ8gi,hovsg,455,storage,0_1_36,0_1,3,0.26862198974643237
00824-Dd4bFSTQ8gi,hovsg,455,storage,0_1_87,0_1,4,0.26836571106489504
00824-Dd4bFSTQ8gi,hovsg,455,storage,0_1_81,0_1,5,0.26751764781470566
00824-Dd4bFSTQ8gi,hovsg,456,strings,0_5_223,0_5,1,0.237610320112457
00824-Dd4bFSTQ8gi,hovsg,456,strings,0_0_69,0_0,2,0.23034775534019547
00824-Dd4bFSTQ8gi,hovsg,456,strings,0_2_20,0_2,3,0.22726286702021378
00824-Dd4bFSTQ8gi,hovsg,456,strings,0_0_3,0_0,4,0.2226491126349002
00824-Dd4bFSTQ8gi,hovsg,456,strings,0_2_145,0_2,5,0.20944255196814693
00824-Dd4bFSTQ8gi,hovsg,457,stroke,0_4_27,0_4,1,0.24374723380877844
00824-Dd4bFSTQ8gi,hovsg,457,stroke,0_4_59,0_4,2,0.230219488238547
00824-Dd4bFSTQ8gi,hovsg,457,stroke,0_6_76,0_6,3,0.22940376167172405
00824-Dd4bFSTQ8gi,hovsg,457,stroke,0_2_39,0_2,4,0.22714185985655955
00824-Dd4bFSTQ8gi,hovsg,457,stroke,0_2_159,0_2,5,0.22707886289769677
00824-Dd4bFSTQ8gi,hovsg,458,sunbed,0_5_187,0_5,1,0.24132562872100752
00824-Dd4bFSTQ8gi,hovsg,458,sunbed,0_4_116,0_4,2,0.2402371237559514
00824-Dd4bFSTQ8gi,hovsg,458,sunbed,0_1_68,0_1,3,0.22968582329737364
00824-Dd4bFSTQ8gi,hovsg,458,sunbed,0_5_192,0_5,4,0.21786642689794894
00824-Dd4bFSTQ8gi,hovsg,459,support,0_2_26,0_2,1,0.264454136937072
00824-Dd4bFSTQ8gi,hovsg,459,support,0_1_9,0_1,2,0.24567586733030666
00824-Dd4bFSTQ8gi,hovsg,459,support,0_5_177,0_5,3,0.23926314102093926
00824-Dd4bFSTQ8gi,hovsg,459,support,0_5_16,0_5,4,0.23454896304002226
00824-Dd4bFSTQ8gi,hovsg,459,support,0_2_20,0_2,5,0.23300470758708866
00824-Dd4bFSTQ8gi,hovsg,460,surface,0_2_115,0_2,1,0.2746006332693721
00824-Dd4bFSTQ8gi,hovsg,460,surface,0_5_72,0_5,2,0.2715768671072424
00824-Dd4bFSTQ8gi,hovsg,460,surface,0_2_204,0_2,3,0.27026707695023605
00824-Dd4bFSTQ8gi,hovsg,460,surface,0_5_213,0_5,4,0.26554804340745264
00824-Dd4bFSTQ8gi,hovsg,460,surface,0_3_44,0_3,5,0.2651927960972655
00824-Dd4bFSTQ8gi,hovsg,461,surfboard,0_0_47,0_0,1,0.2604280827762839
00824-Dd4bFSTQ8gi,hovsg,461,surfboard,0_2_33,0_2,2,0.2572196809391314
00824-Dd4bFSTQ8gi,hovsg,461,surfboard,0_5_295,0_5,3,0.2559203575912738
00824-Dd4bFSTQ8gi,hovsg,461,surfboard,0_0_71,0_0,4,0.2528075964882581
00824-Dd4bFSTQ8gi,hovsg,461,surfboard,0_5_173,0_5,5,0.24637424636929608
00824-Dd4bFSTQ8gi,hovsg,462,swing,0_3_30,0_3,1,0.23388595948266072
00824-Dd4bFSTQ8gi,hovsg,462,swing,0_3_47,0_3,2,0.23163951687019774
00824-Dd4bFSTQ8gi,hovsg,462,swing,0_2_87,0_2,3,0.2305832676449881
00824-Dd4bFSTQ8gi,hovsg,462,swing,0_5_327,0_5,4,0.23032391892204807
00824-Dd4bFSTQ8gi,hovsg,462,swing,0_0_23,0_0,5,0.22289597738495026
00824-Dd4bFSTQ8gi,hovsg,463,switch,0_5_35,0_5,1,0.2729209759891863
00824-Dd4bFSTQ8gi,hovsg,463,switch,0_5_134,0_5,2,0.26123828895427215
00824-Dd4bFSTQ8gi,hovsg,463,switch,0_0_55,0_0,3,0.260504265903356
00824-Dd4bFSTQ8gi,hovsg,463,switch,0_4_27,0_4,4,0.24983276716231734
00824-Dd4bFSTQ8gi,hovsg,463,switch,0_1_35,0_1,5,0.2455240596860489
00824-Dd4bFSTQ8gi,hovsg,464,table,0_3_25,0_3,1,0.2922759095589157
00824-Dd4bFSTQ8gi,hovsg,464,table,0_3_65,0_3,2,0.2895911148388012
00824-Dd4bFSTQ8gi,hovsg,464,table,0_5_158,0_5,3,0.2813253354228554
00824-Dd4bFSTQ8gi,hovsg,464,table,0_3_3,0_3,4,0.2791085745809012
00824-Dd4bFSTQ8gi,hovsg,464,table,0_5_395,0_5,5,0.2752161866439566
00824-Dd4bFSTQ8gi,hovsg,465,table cloth,0_3_65,0_3,1,0.2599634347448111
00824-Dd4bFSTQ8gi,hovsg,465,table cloth,0_3_25,0_3,2,0.2578687463161914
00824-Dd4bFSTQ8gi,hovsg,465,table cloth,0_5_260,0_5,3,0.2534771363106916
00824-Dd4bFSTQ8gi,hovsg,465,table cloth,0_5_253,0_5,4,0.2517250816371761
00824-Dd4bFSTQ8gi,hovsg,465,table cloth,0_5_293,0_5,5,0.2504283331175723
00824-Dd4bFSTQ8gi,hovsg,466,table pad,0_5_259,0_5,1,0.2548548087869236
00824-Dd4bFSTQ8gi,hovsg,466,table pad,0_5_395,0_5,2,0.25427981058729576
00824-Dd4bFSTQ8gi,hovsg,466,table pad,0_3_25,0_3,3,0.2511467130818339
00824-Dd4bFSTQ8gi,hovsg,466,table pad,0_3_65,0_3,4,0.2503356778718431
00824-Dd4bFSTQ8gi,hovsg,466,table pad,0_5_396,0_5,5,0.24962051783604566
00824-Dd4bFSTQ8gi,hovsg,467,table stand,0_5_158,0_5,1,0.28270752941484484
00824-Dd4bFSTQ8gi,hovsg,467,table stand,0_5_395,0_5,2,0.27905736592771563
00824-Dd4bFSTQ8gi,hovsg,467,table stand,0_5_396,0_5,3,0.27855745487474637
00824-Dd4bFSTQ8gi,hovsg,467,table stand,0_3_3,0_3,4,0.2767486198084233
00824-Dd4bFSTQ8gi,hovsg,467,table stand,0_3_25,0_3,5,0.27215101204811376
00824-Dd4bFSTQ8gi,hovsg,468,table tennis table,0_5_395,0_5,1,0.23564880168192115
00824-Dd4bFSTQ8gi,hovsg,469,tablet,0_1_74,0_1,1,0.2698400054076553
00824-Dd4bFSTQ8gi,hovsg,469,tablet,0_2_164,0_2,2,0.2674674649491071
00824-Dd4bFSTQ8gi,hovsg,469,tablet,0_3_37,0_3,3,0.266187720884497
00824-Dd4bFSTQ8gi,hovsg,469,tablet,0_5_291,0_5,4,0.26282141608608517
00824-Dd4bFSTQ8gi,hovsg,469,tablet,0_1_35,0_1,5,0.2579241684911217
00824-Dd4bFSTQ8gi,hovsg,470,tambourine,0_5_166,0_5,1,0.25522716218944563
00824-Dd4bFSTQ8gi,hovsg,470,tambourine,0_0_42,0_0,2,0.23591304553129452
00824-Dd4bFSTQ8gi,hovsg,470,tambourine,0_5_262,0_5,3,0.23100524239184134
00824-Dd4bFSTQ8gi,hovsg,470,tambourine,0_1_54,0_1,4,0.22614160951004408
00824-Dd4bFSTQ8gi,hovsg,470,tambourine,0_5_250,0_5,5,0.22594942807790563
00824-Dd4bFSTQ8gi,hovsg,471,tea set,0_5_255,0_5,1,0.20337385659185284
00824-Dd4bFSTQ8gi,hovsg,471,tea set,0_5_260,0_5,2,0.2027735476531157
00824-Dd4bFSTQ8gi,hovsg,471,tea set,0_5_245,0_5,3,0.20210450262811164
00824-Dd4bFSTQ8gi,hovsg,471,tea set,0_5_268,0_5,4,0.20190446448290092
00824-Dd4bFSTQ8gi,hovsg,471,tea set,0_3_47,0_3,5,0.2017213152522829
00824-Dd4bFSTQ8gi,hovsg,472,telescope,0_5_245,0_5,1,0.24908514811928242
00824-Dd4bFSTQ8gi,hovsg,472,telescope,0_5_231,0_5,2,0.21314247096129005
00824-Dd4bFSTQ8gi,hovsg,472,telescope,0_2_32,0_2,3,0.2123343674101879
00824-Dd4bFSTQ8gi,hovsg,473,tennis racket,0_3_47,0_3,1,0.22303628287392968
00824-Dd4bFSTQ8gi,hovsg,473,tennis racket,0_3_35,0_3,2,0.22143203210901294
00824-Dd4bFSTQ8gi,hovsg,473,tennis racket,0_0_47,0_0,3,0.21962448499381745
00824-Dd4bFSTQ8gi,hovsg,473,tennis racket,0_2_26,0_2,4,0.2194688598788629
00824-Dd4bFSTQ8gi,hovsg,473,tennis racket,0_5_245,0_5,5,0.2180587322450848
00824-Dd4bFSTQ8gi,hovsg,474,tent,0_5_231,0_5,1,0.2263167075343775
00824-Dd4bFSTQ8gi,hovsg,475,thermometer,0_0_45,0_0,1,0.23339567881236767
00824-Dd4bFSTQ8gi,hovsg,475,thermometer,0_0_39,0_0,2,0.23196617701017808
00824-Dd4bFSTQ8gi,hovsg,475,thermometer,0_4_27,0_4,3,0.22977102480595948
00824-Dd4bFSTQ8gi,hovsg,475,thermometer,0_0_77,0_0,4,0.2288085898821007
00824-Dd4bFSTQ8gi,hovsg,475,thermometer,0_4_44,0_4,5,0.22759871216599986
00824-Dd4bFSTQ8gi,hovsg,476,thermostat,0_0_55,0_0,1,0.26540284067539355
00824-Dd4bFSTQ8gi,hovsg,476,thermostat,0_0_42,0_0,2,0.25984158124642887
00824-Dd4bFSTQ8gi,hovsg,476,thermostat,0_6_7,0_6,3,0.2587669959375134
00824-Dd4bFSTQ8gi,hovsg,476,thermostat,0_6_140,0_6,4,0.257775865106334
00824-Dd4bFSTQ8gi,hovsg,476,thermostat,0_5_89,0_5,5,0.25256470004722936
00824-Dd4bFSTQ8gi,hovsg,477,three,0_5_72,0_5,1,0.2548209703747776
00824-Dd4bFSTQ8gi,hovsg,477,three,0_5_35,0_5,2,0.2530481453741661
00824-Dd4bFSTQ8gi,hovsg,477,three,0_5_326,0_5,3,0.2503294642496403
00824-Dd4bFSTQ8gi,hovsg,477,three,0_5_260,0_5,4,0.2460523964326603
00824-Dd4bFSTQ8gi,hovsg,477,three,0_5_93,0_5,5,0.24513586440814367
00824-Dd4bFSTQ8gi,hovsg,478,tile,0_4_28,0_4,1,0.3596203825358182
00824-Dd4bFSTQ8gi,hovsg,478,tile,0_4_29,0_4,2,0.34359808107598966
00824-Dd4bFSTQ8gi,hovsg,478,tile,0_2_18,0_2,3,0.3390330948671051
00824-Dd4bFSTQ8gi,hovsg,478,tile,0_4_34,0_4,4,0.33740370960470856
00824-Dd4bFSTQ8gi,hovsg,478,tile,0_4_43,0_4,5,0.33711180333992363
00824-Dd4bFSTQ8gi,hovsg,479,tire,0_0_49,0_0,1,0.2352263669326375
00824-Dd4bFSTQ8gi,hovsg,479,tire,0_0_42,0_0,2,0.22080427708464223
00824-Dd4bFSTQ8gi,hovsg,479,tire,0_5_292,0_5,3,0.21960051664213479
00824-Dd4bFSTQ8gi,hovsg,479,tire,0_2_32,0_2,4,0.2149568809774045
00824-Dd4bFSTQ8gi,hovsg,479,tire,0_5_231,0_5,5,0.2139932986523897
00824-Dd4bFSTQ8gi,hovsg,480,tissue,0_2_22,0_2,1,0.30132406032888587
00824-Dd4bFSTQ8gi,hovsg,480,tissue,0_2_21,0_2,2,0.2964000850060419
00824-Dd4bFSTQ8gi,hovsg,480,tissue,0_1_82,0_1,3,0.2895174362111072
00824-Dd4bFSTQ8gi,hovsg,480,tissue,0_2_120,0_2,4,0.28791177455808614
00824-Dd4bFSTQ8gi,hovsg,480,tissue,0_3_16,0_3,5,0.2876578734429842
00824-Dd4bFSTQ8gi,hovsg,481,title,0_3_3,0_3,1,0.2878730114626461
00824-Dd4bFSTQ8gi,hovsg,481,title,0_5_81,0_5,2,0.2840915295239438
00824-Dd4bFSTQ8gi,hovsg,481,title,0_2_141,0_2,3,0.2797511709842823
00824-Dd4bFSTQ8gi,hovsg,481,title,0_5_36,0_5,4,0.27844095412661607
00824-Dd4bFSTQ8gi,hovsg,481,title,0_3_16,0_3,5,0.27743623666778505
00824-Dd4bFSTQ8gi,hovsg,482,toaster,0_5_134,0_5,1,0.25782275197494603
00824-Dd4bFSTQ8gi,hovsg,482,toaster,0_1_35,0_1,2,0.2571110071021525
00824-Dd4bFSTQ8gi,hovsg,482,toaster,0_3_37,0_3,3,0.2546722384071144
00824-Dd4bFSTQ8gi,hovsg,482,toaster,0_6_79,0_6,4,0.25315611497085555
00824-Dd4bFSTQ8gi,hovsg,482,toaster,0_5_177,0_5,5,0.2514362019103513
00824-Dd4bFSTQ8gi,hovsg,483,toaster oven,0_5_37,0_5,1,0.27006433078981973
00824-Dd4bFSTQ8gi,hovsg,483,toaster oven,0_5_89,0_5,2,0.26607709125149315
00824-Dd4bFSTQ8gi,hovsg,483,toaster oven,0_5_73,0_5,3,0.26192001150997557
00824-Dd4bFSTQ8gi,hovsg,483,toaster oven,0_5_33,0_5,4,0.26157844042379985
00824-Dd4bFSTQ8gi,hovsg,483,toaster oven,0_5_88,0_5,5,0.2614526875048338
00824-Dd4bFSTQ8gi,hovsg,484,toilet,0_2_16,0_2,1,0.33229677710971106
00824-Dd4bFSTQ8gi,hovsg,484,toilet,0_2_104,0_2,2,0.3231961730623751
00824-Dd4bFSTQ8gi,hovsg,484,toilet,0_2_24,0_2,3,0.3194172004565804
00824-Dd4bFSTQ8gi,hovsg,484,toilet,0_2_21,0_2,4,0.3092559782827194
00824-Dd4bFSTQ8gi,hovsg,484,toilet,0_2_120,0_2,5,0.30738100046092764
00824-Dd4bFSTQ8gi,hovsg,485,toilet brush,0_2_20,0_2,1,0.2903141266170462
00824-Dd4bFSTQ8gi,hovsg,485,toilet brush,0_2_24,0_2,2,0.28227707484535697
00824-Dd4bFSTQ8gi,hovsg,485,toilet brush,0_2_16,0_2,3,0.28081276057567106
00824-Dd4bFSTQ8gi,hovsg,485,toilet brush,0_2_32,0_2,4,0.2771964479888823
00824-Dd4bFSTQ8gi,hovsg,485,toilet brush,0_2_36,0_2,5,0.2759254597242827
00824-Dd4bFSTQ8gi,hovsg,486,toilet cleaner,0_2_16,0_2,1,0.2863727150890658
00824-Dd4bFSTQ8gi,hovsg,486,toilet cleaner,0_2_24,0_2,2,0.2816934930358354
00824-Dd4bFSTQ8gi,hovsg,486,toilet cleaner,0_2_22,0_2,3,0.27732816579883085
00824-Dd4bFSTQ8gi,hovsg,486,toilet cleaner,0_2_104,0_2,4,0.2749434697769963
00824-Dd4bFSTQ8gi,hovsg,486,toilet cleaner,0_2_21,0_2,5,0.272355875407886
00824-Dd4bFSTQ8gi,hovsg,487,toilet paper,0_2_21,0_2,1,0.32880980223094325
00824-Dd4bFSTQ8gi,hovsg,487,toilet paper,0_2_22,0_2,2,0.3246953821768438
00824-Dd4bFSTQ8gi,hovsg,487,toilet paper,0_2_24,0_2,3,0.3244206892057341
00824-Dd4bFSTQ8gi,hovsg,487,toilet paper,0_2_4,0_2,4,0.31406033522897625
00824-Dd4bFSTQ8gi,hovsg,487,toilet paper,0_2_104,0_2,5,0.3096035804518205
00824-Dd4bFSTQ8gi,hovsg,488,toiletry,0_2_22,0_2,1,0.2839166592126976
00824-Dd4bFSTQ8gi,hovsg,488,toiletry,0_2_36,0_2,2,0.2787463785746581
00824-Dd4bFSTQ8gi,hovsg,488,toiletry,0_2_21,0_2,3,0.27728099653457194
00824-Dd4bFSTQ8gi,hovsg,488,toiletry,0_2_24,0_2,4,0.27042362325442565
00824-Dd4bFSTQ8gi,hovsg,488,toiletry,0_2_16,0_2,5,0.2580003789005881
00824-Dd4bFSTQ8gi,hovsg,489,tool,0_5_128,0_5,1,0.26417780547105896
00824-Dd4bFSTQ8gi,hovsg,489,tool,0_5_99,0_5,2,0.261788910753593
00824-Dd4bFSTQ8gi,hovsg,489,tool,0_4_27,0_4,3,0.2598540633716104
00824-Dd4bFSTQ8gi,hovsg,489,tool,0_2_145,0_2,4,0.25977099267658
00824-Dd4bFSTQ8gi,hovsg,489,tool,0_0_23,0_0,5,0.2590385962788437
00824-Dd4bFSTQ8gi,hovsg,490,tool rack,0_1_91,0_1,1,0.2247391720104029
00824-Dd4bFSTQ8gi,hovsg,490,tool rack,0_3_30,0_3,2,0.2221383883784108
00824-Dd4bFSTQ8gi,hovsg,490,tool rack,0_2_150,0_2,3,0.22134926814793726
00824-Dd4bFSTQ8gi,hovsg,490,tool rack,0_3_3,0_3,4,0.21999587223161515
00824-Dd4bFSTQ8gi,hovsg,490,tool rack,0_2_127,0_2,5,0.21804709569705172
00824-Dd4bFSTQ8gi,hovsg,491,toothbrush,0_2_20,0_2,1,0.27183997941272453
00824-Dd4bFSTQ8gi,hovsg,491,toothbrush,0_4_27,0_4,2,0.2606203667599377
00824-Dd4bFSTQ8gi,hovsg,491,toothbrush,0_4_136,0_4,3,0.23398613458526693
00824-Dd4bFSTQ8gi,hovsg,491,toothbrush,0_2_148,0_2,4,0.23388893181567671
00824-Dd4bFSTQ8gi,hovsg,491,toothbrush,0_2_145,0_2,5,0.2316330530240869
00824-Dd4bFSTQ8gi,hovsg,492,toothpaste,0_4_27,0_4,1,0.2699919405807066
00824-Dd4bFSTQ8gi,hovsg,492,toothpaste,0_2_22,0_2,2,0.26618586579012377
00824-Dd4bFSTQ8gi,hovsg,492,toothpaste,0_2_33,0_2,3,0.265643003772411
00824-Dd4bFSTQ8gi,hovsg,492,toothpaste,0_2_36,0_2,4,0.2640519448838823
00824-Dd4bFSTQ8gi,hovsg,492,toothpaste,0_4_130,0_4,5,0.263427637477197
00824-Dd4bFSTQ8gi,hovsg,493,towel,0_2_66,0_2,1,0.3313582285610478
00824-Dd4bFSTQ8gi,hovsg,493,towel,0_2_22,0_2,2,0.29340328024868284
00824-Dd4bFSTQ8gi,hovsg,493,towel,0_2_21,0_2,3,0.28943980032172106
00824-Dd4bFSTQ8gi,hovsg,493,towel,0_3_37,0_3,4,0.2798223489896505
00824-Dd4bFSTQ8gi,hovsg,493,towel,0_1_62,0_1,5,0.27627339193598044
00824-Dd4bFSTQ8gi,hovsg,494,towel bar,0_2_66,0_2,1,0.32249494364121245
00824-Dd4bFSTQ8gi,hovsg,494,towel bar,0_2_103,0_2,2,0.27655989630165945
00824-Dd4bFSTQ8gi,hovsg,494,towel bar,0_2_36,0_2,3,0.2762640677159082
00824-Dd4bFSTQ8gi,hovsg,494,towel bar,0_2_21,0_2,4,0.2735833980199561
00824-Dd4bFSTQ8gi,hovsg,494,towel bar,0_2_24,0_2,5,0.2689343653680627
00824-Dd4bFSTQ8gi,hovsg,495,toy,0_3_3,0_3,1,0.25073463369105575
00824-Dd4bFSTQ8gi,hovsg,495,toy,0_3_37,0_3,2,0.23221385429996533
00824-Dd4bFSTQ8gi,hovsg,495,toy,0_1_53,0_1,3,0.23078232219681905
00824-Dd4bFSTQ8gi,hovsg,495,toy,0_3_28,0_3,4,0.22946563297069258
00824-Dd4bFSTQ8gi,hovsg,495,toy,0_5_16,0_5,5,0.22777465744214137
00824-Dd4bFSTQ8gi,hovsg,496,traffic cone,0_2_30,0_2,1,0.23585956479994674
00824-Dd4bFSTQ8gi,hovsg,497,trampoline,0_1_52,0_1,1,0.2337983663511143
00824-Dd4bFSTQ8gi,hovsg,497,trampoline,0_0_49,0_0,2,0.19898374978285185
00824-Dd4bFSTQ8gi,hovsg,498,trash bag,0_2_32,0_2,1,0.2792409592130309
00824-Dd4bFSTQ8gi,hovsg,498,trash bag,0_5_292,0_5,2,0.27366388894985694
00824-Dd4bFSTQ8gi,hovsg,498,trash bag,0_1_35,0_1,3,0.2713733759242102
00824-Dd4bFSTQ8gi,hovsg,498,trash bag,0_5_308,0_5,4,0.2681902402967218
00824-Dd4bFSTQ8gi,hovsg,498,trash bag,0_5_255,0_5,5,0.26770627927954277
00824-Dd4bFSTQ8gi,hovsg,499,tray,0_2_198,0_2,1,0.2697614447407277
00824-Dd4bFSTQ8gi,hovsg,499,tray,0_2_172,0_2,2,0.2662756651129422
00824-Dd4bFSTQ8gi,hovsg,499,tray,0_2_195,0_2,3,0.2649791815194023
00824-Dd4bFSTQ8gi,hovsg,499,tray,0_2_161,0_2,4,0.2640047532413261
00824-Dd4bFSTQ8gi,hovsg,499,tray,0_1_74,0_1,5,0.2586389955685927
00824-Dd4bFSTQ8gi,hovsg,500,treadmill,0_5_173,0_5,1,0.24036519749847535
00824-Dd4bFSTQ8gi,hovsg,500,treadmill,0_5_395,0_5,2,0.2354291202221504
00824-Dd4bFSTQ8gi,hovsg,500,treadmill,0_5_292,0_5,3,0.21601962426770133
00824-Dd4bFSTQ8gi,hovsg,500,treadmill,0_5_231,0_5,4,0.2131073833491094
00824-Dd4bFSTQ8gi,hovsg,501,tree,0_6_157,0_6,1,0.261574089072261
00824-Dd4bFSTQ8gi,hovsg,501,tree,0_5_270,0_5,2,0.2589976666789355
00824-Dd4bFSTQ8gi,hovsg,501,tree,0_5_267,0_5,3,0.2539071905393017
00824-Dd4bFSTQ8gi,hovsg,501,tree,0_5_223,0_5,4,0.25071725321035077
00824-Dd4bFSTQ8gi,hovsg,501,tree,0_6_22,0_6,5,0.2503404063146306
00824-Dd4bFSTQ8gi,hovsg,502,tree branch,0_5_270,0_5,1,0.24073823813698228
00824-Dd4bFSTQ8gi,hovsg,502,tree branch,0_5_223,0_5,2,0.23870285854057377
00824-Dd4bFSTQ8gi,hovsg,502,tree branch,0_6_157,0_6,3,0.23735725836618954
00824-Dd4bFSTQ8gi,hovsg,502,tree branch,0_5_267,0_5,4,0.22626074800915638
00824-Dd4bFSTQ8gi,hovsg,502,tree branch,0_0_49,0_0,5,0.18929175650992347
00824-Dd4bFSTQ8gi,hovsg,503,trimmer,0_5_378,0_5,1,0.2448368306569765
00824-Dd4bFSTQ8gi,hovsg,503,trimmer,0_0_47,0_0,2,0.2368337695386329
00824-Dd4bFSTQ8gi,hovsg,503,trimmer,0_2_85,0_2,3,0.23623909502375157
00824-Dd4bFSTQ8gi,hovsg,503,trimmer,0_1_52,0_1,4,0.23042769504261426
00824-Dd4bFSTQ8gi,hovsg,503,trimmer,0_0_42,0_0,5,0.22180783908691648
00824-Dd4bFSTQ8gi,hovsg,504,tripod,0_3_3,0_3,1,0.28541788165456333
00824-Dd4bFSTQ8gi,hovsg,504,tripod,0_5_245,0_5,2,0.28356811908755947
00824-Dd4bFSTQ8gi,hovsg,504,tripod,0_5_223,0_5,3,0.27801848496637005
00824-Dd4bFSTQ8gi,hovsg,504,tripod,0_3_29,0_3,4,0.27299806565071477
00824-Dd4bFSTQ8gi,hovsg,504,tripod,0_5_128,0_5,5,0.2714205751737098
00824-Dd4bFSTQ8gi,hovsg,505,trolley,0_3_35,0_3,1,0.2413216739958976
00824-Dd4bFSTQ8gi,hovsg,505,trolley,0_1_52,0_1,2,0.22258848437039414
00824-Dd4bFSTQ8gi,hovsg,505,trolley,0_3_31,0_3,3,0.1953878147691765
00824-Dd4bFSTQ8gi,hovsg,506,trombone,0_5_245,0_5,1,0.2574593199261305
00824-Dd4bFSTQ8gi,hovsg,506,trombone,0_0_30,0_0,2,0.24733229735123913
00824-Dd4bFSTQ8gi,hovsg,506,trombone,0_4_27,0_4,3,0.2419474090798201
00824-Dd4bFSTQ8gi,hovsg,506,trombone,0_2_6,0_2,4,0.2397434947066771
00824-Dd4bFSTQ8gi,hovsg,506,trombone,0_5_23,0_5,5,0.23892178674503436
00824-Dd4bFSTQ8gi,hovsg,507,trophy,0_5_334,0_5,1,0.281634432960855
00824-Dd4bFSTQ8gi,hovsg,507,trophy,0_2_172,0_2,2,0.28109943309399593
00824-Dd4bFSTQ8gi,hovsg,507,trophy,0_2_20,0_2,3,0.2738756579445546
00824-Dd4bFSTQ8gi,hovsg,507,trophy,0_2_6,0_2,4,0.2733783874891886
00824-Dd4bFSTQ8gi,hovsg,507,trophy,0_5_177,0_5,5,0.2733016617861882
00824-Dd4bFSTQ8gi,hovsg,508,trough,0_2_85,0_2,1,0.2616719116943941
00824-Dd4bFSTQ8gi,hovsg,508,trough,0_1_91,0_1,2,0.257961774771427
00824-Dd4bFSTQ8gi,hovsg,508,trough,0_2_195,0_2,3,0.25727664971291636
00824-Dd4bFSTQ8gi,hovsg,508,trough,0_2_169,0_2,4,0.2563463196164222
00824-Dd4bFSTQ8gi,hovsg,508,trough,0_2_24,0_2,5,0.25567352564554896
00824-Dd4bFSTQ8gi,hovsg,509,trumpet,0_2_6,0_2,1,0.23508026692400058
00824-Dd4bFSTQ8gi,hovsg,509,trumpet,0_6_1,0_6,2,0.2246054087903982
00824-Dd4bFSTQ8gi,hovsg,510,tv,0_5_88,0_5,1,0.25880544095678104
00824-Dd4bFSTQ8gi,hovsg,510,tv,0_5_73,0_5,2,0.25848570170698165
00824-Dd4bFSTQ8gi,hovsg,510,tv,0_5_276,0_5,3,0.2516005067927788
00824-Dd4bFSTQ8gi,hovsg,510,tv,0_5_221,0_5,4,0.25023705070041397
00824-Dd4bFSTQ8gi,hovsg,510,tv,0_5_33,0_5,5,0.24610816115506684
00824-Dd4bFSTQ8gi,hovsg,511,tv stand,0_2_169,0_2,1,0.26742463615609624
00824-Dd4bFSTQ8gi,hovsg,511,tv stand,0_2_195,0_2,2,0.2551168706364697
00824-Dd4bFSTQ8gi,hovsg,511,tv stand,0_2_161,0_2,3,0.2544545285630746
00824-Dd4bFSTQ8gi,hovsg,511,tv stand,0_2_198,0_2,4,0.24845818960439636
00824-Dd4bFSTQ8gi,hovsg,511,tv stand,0_1_36,0_1,5,0.23630369372470275
00824-Dd4bFSTQ8gi,hovsg,512,typewriter,0_5_177,0_5,1,0.25120646470734936
00824-Dd4bFSTQ8gi,hovsg,512,typewriter,0_2_164,0_2,2,0.24423506918214474
00824-Dd4bFSTQ8gi,hovsg,512,typewriter,0_3_37,0_3,3,0.24204161104943117
00824-Dd4bFSTQ8gi,hovsg,512,typewriter,0_2_172,0_2,4,0.24109809563532247
00824-Dd4bFSTQ8gi,hovsg,512,typewriter,0_4_3,0_4,5,0.24048029180861052
00824-Dd4bFSTQ8gi,hovsg,513,ukulele,0_0_47,0_0,1,0.24842009076775834
00824-Dd4bFSTQ8gi,hovsg,514,umbrella,0_3_63,0_3,1,0.27617867332017304
00824-Dd4bFSTQ8gi,hovsg,514,umbrella,0_2_204,0_2,2,0.2566172001960695
00824-Dd4bFSTQ8gi,hovsg,514,umbrella,0_2_168,0_2,3,0.25550912200619513
00824-Dd4bFSTQ8gi,hovsg,514,umbrella,0_2_15,0_2,4,0.24897152697587016
00824-Dd4bFSTQ8gi,hovsg,514,umbrella,0_2_45,0_2,5,0.24590818049455718
00824-Dd4bFSTQ8gi,hovsg,515,umbrella stand,0_5_71,0_5,1,0.24597154338386562
00824-Dd4bFSTQ8gi,hovsg,515,umbrella stand,0_5_400,0_5,2,0.23629578046327418
00824-Dd4bFSTQ8gi,hovsg,515,umbrella stand,0_5_405,0_5,3,0.2352471935926087
00824-Dd4bFSTQ8gi,hovsg,515,umbrella stand,0_5_62,0_5,4,0.22641842626840242
00824-Dd4bFSTQ8gi,hovsg,515,umbrella stand,0_6_24,0_6,5,0.22242538593572303
00824-Dd4bFSTQ8gi,hovsg,516,unknown,0_5_81,0_5,1,0.26819985198898477
00824-Dd4bFSTQ8gi,hovsg,516,unknown,0_3_3,0_3,2,0.2676204955017365
00824-Dd4bFSTQ8gi,hovsg,516,unknown,0_5_146,0_5,3,0.2670649546226612
00824-Dd4bFSTQ8gi,hovsg,516,unknown,0_5_128,0_5,4,0.2633965585642335
00824-Dd4bFSTQ8gi,hovsg,516,unknown,0_5_82,0_5,5,0.26287805424346466
00824-Dd4bFSTQ8gi,hovsg,517,vacuum cleaner,0_1_46,0_1,1,0.24117699637785378
00824-Dd4bFSTQ8gi,hovsg,517,vacuum cleaner,0_5_308,0_5,2,0.2349241213302618
00824-Dd4bFSTQ8gi,hovsg,517,vacuum cleaner,0_1_52,0_1,3,0.23491483949921038
00824-Dd4bFSTQ8gi,hovsg,517,vacuum cleaner,0_5_141,0_5,4,0.22857552902960154
00824-Dd4bFSTQ8gi,hovsg,517,vacuum cleaner,0_5_436,0_5,5,0.21891226705493172
00824-Dd4bFSTQ8gi,hovsg,518,vanity,0_2_152,0_2,1,0.27377500141964983
00824-Dd4bFSTQ8gi,hovsg,518,vanity,0_2_131,0_2,2,0.2699286970152994
00824-Dd4bFSTQ8gi,hovsg,518,vanity,0_2_133,0_2,3,0.26861967343902804
00824-Dd4bFSTQ8gi,hovsg,518,vanity,0_2_82,0_2,4,0.2674527105817703
00824-Dd4bFSTQ8gi,hovsg,518,vanity,0_2_91,0_2,5,0.2662306169012114
00824-Dd4bFSTQ8gi,hovsg,519,vase,0_5_296,0_5,1,0.3228321138159713
00824-Dd4bFSTQ8gi,hovsg,519,vase,0_5_261,0_5,2,0.31879477981266574
00824-Dd4bFSTQ8gi,hovsg,519,vase,0_5_74,0_5,3,0.3102964354372568
00824-Dd4bFSTQ8gi,hovsg,519,vase,0_6_22,0_6,4,0.3086544966949883
00824-Dd4bFSTQ8gi,hovsg,519,vase,0_6_84,0_6,5,0.30834962189572335
00824-Dd4bFSTQ8gi,hovsg,520,vegetables,0_6_4,0_6,1,0.2173371150052264
00824-Dd4bFSTQ8gi,hovsg,520,vegetables,0_5_23,0_5,2,0.21581176866016588
00824-Dd4bFSTQ8gi,hovsg,520,vegetables,0_5_74,0_5,3,0.21234194139486462
00824-Dd4bFSTQ8gi,hovsg,520,vegetables,0_3_47,0_3,4,0.20714777971541928
00824-Dd4bFSTQ8gi,hovsg,520,vegetables,0_2_20,0_2,5,0.19892496638642582
00824-Dd4bFSTQ8gi,hovsg,521,vessel,0_2_24,0_2,1,0.26234250305339646
00824-Dd4bFSTQ8gi,hovsg,521,vessel,0_2_30,0_2,2,0.2567082018332544
00824-Dd4bFSTQ8gi,hovsg,521,vessel,0_6_84,0_6,3,0.2546815107139652
00824-Dd4bFSTQ8gi,hovsg,521,vessel,0_2_172,0_2,4,0.2535329771126811
00824-Dd4bFSTQ8gi,hovsg,521,vessel,0_2_33,0_2,5,0.2518815043291042
00824-Dd4bFSTQ8gi,hovsg,522,vinyl records,0_0_49,0_0,1,0.1889213647259773
00824-Dd4bFSTQ8gi,hovsg,523,violin,0_5_277,0_5,1,0.25935663561250477
00824-Dd4bFSTQ8gi,hovsg,523,violin,0_5_245,0_5,2,0.2512295714600167
00824-Dd4bFSTQ8gi,hovsg,523,violin,0_2_6,0_2,3,0.24491439806694382
00824-Dd4bFSTQ8gi,hovsg,523,violin,0_5_334,0_5,4,0.24290315879844848
00824-Dd4bFSTQ8gi,hovsg,523,violin,0_5_409,0_5,5,0.24205591653976494
00824-Dd4bFSTQ8gi,hovsg,524,violin case,0_5_231,0_5,1,0.23560262271140786
00824-Dd4bFSTQ8gi,hovsg,524,violin case,0_4_3,0_4,2,0.23385633401414102
00824-Dd4bFSTQ8gi,hovsg,524,violin case,0_5_308,0_5,3,0.23287395873889205
00824-Dd4bFSTQ8gi,hovsg,524,violin case,0_5_292,0_5,4,0.22662302984958782
00824-Dd4bFSTQ8gi,hovsg,524,violin case,0_5_177,0_5,5,0.2248757797842439
00824-Dd4bFSTQ8gi,hovsg,525,waffle iron,0_1_52,0_1,1,0.23004692830569928
00824-Dd4bFSTQ8gi,hovsg,526,wardrobe,0_1_81,0_1,1,0.2786089132319877
00824-Dd4bFSTQ8gi,hovsg,526,wardrobe,0_1_86,0_1,2,0.2774788550387672
00824-Dd4bFSTQ8gi,hovsg,526,wardrobe,0_1_87,0_1,3,0.2694825304382306
00824-Dd4bFSTQ8gi,hovsg,526,wardrobe,0_1_36,0_1,4,0.2690346571537773
00824-Dd4bFSTQ8gi,hovsg,526,wardrobe,0_1_97,0_1,5,0.26865985335421066
00824-Dd4bFSTQ8gi,hovsg,527,washing machine,0_5_89,0_5,1,0.2439563884300922
00824-Dd4bFSTQ8gi,hovsg,527,washing machine,0_5_11,0_5,2,0.23923764500200873
00824-Dd4bFSTQ8gi,hovsg,527,washing machine,0_1_35,0_1,3,0.2375955414280143
00824-Dd4bFSTQ8gi,hovsg,527,washing machine,0_2_32,0_2,4,0.23576651369163193
00824-Dd4bFSTQ8gi,hovsg,527,washing machine,0_2_4,0_2,5,0.22716788414159642
00824-Dd4bFSTQ8gi,hovsg,528,washing powder,0_2_32,0_2,1,0.2647738935254972
00824-Dd4bFSTQ8gi,hovsg,528,washing powder,0_2_120,0_2,2,0.2533070303631556
00824-Dd4bFSTQ8gi,hovsg,528,washing powder,0_5_141,0_5,3,0.2532753376921014
00824-Dd4bFSTQ8gi,hovsg,528,washing powder,0_2_4,0_2,4,0.2524299345534182
00824-Dd4bFSTQ8gi,hovsg,528,washing powder,0_2_22,0_2,5,0.25153807240224046
00824-Dd4bFSTQ8gi,hovsg,529,washing stuff,0_2_22,0_2,1,0.25745202952231694
00824-Dd4bFSTQ8gi,hovsg,529,washing stuff,0_2_66,0_2,2,0.2428402475428787
00824-Dd4bFSTQ8gi,hovsg,529,washing stuff,0_2_32,0_2,3,0.23285931400551824
00824-Dd4bFSTQ8gi,hovsg,529,washing stuff,0_5_23,0_5,4,0.2303247509268981
00824-Dd4bFSTQ8gi,hovsg,529,washing stuff,0_2_20,0_2,5,0.22876521281796355
00824-Dd4bFSTQ8gi,hovsg,530,watch,0_2_172,0_2,1,0.2268402440553211
00824-Dd4bFSTQ8gi,hovsg,530,watch,0_2_198,0_2,2,0.22006284721556563
00824-Dd4bFSTQ8gi,hovsg,530,watch,0_2_161,0_2,3,0.2189103407520019
00824-Dd4bFSTQ8gi,hovsg,530,watch,0_2_195,0_2,4,0.21818340295315355
00824-Dd4bFSTQ8gi,hovsg,530,watch,0_3_35,0_3,5,0.21284312298072844
00824-Dd4bFSTQ8gi,hovsg,531,water dispenser,0_5_134,0_5,1,0.2600299036169569
00824-Dd4bFSTQ8gi,hovsg,531,water dispenser,0_5_11,0_5,2,0.25066194648287793
00824-Dd4bFSTQ8gi,hovsg,531,water dispenser,0_5_141,0_5,3,0.24940817014932848
00824-Dd4bFSTQ8gi,hovsg,531,water dispenser,0_5_8,0_5,4,0.24882445670143866
00824-Dd4bFSTQ8gi,hovsg,531,water dispenser,0_5_180,0_5,5,0.2378353831918244
00824-Dd4bFSTQ8gi,hovsg,532,water heater,0_2_4,0_2,1,0.27353722640183714
00824-Dd4bFSTQ8gi,hovsg,532,water heater,0_5_141,0_5,2,0.2694189706985297
00824-Dd4bFSTQ8gi,hovsg,532,water heater,0_5_76,0_5,3,0.2679923000202221
00824-Dd4bFSTQ8gi,hovsg,532,water heater,0_1_35,0_1,4,0.26706394475113193
00824-Dd4bFSTQ8gi,hovsg,532,water heater,0_5_67,0_5,5,0.26698794145011717
00824-Dd4bFSTQ8gi,hovsg,533,water meter,0_2_80,0_2,1,0.228258007371261
00824-Dd4bFSTQ8gi,hovsg,533,water meter,0_2_6,0_2,2,0.22820586117538902
00824-Dd4bFSTQ8gi,hovsg,533,water meter,0_2_16,0_2,3,0.22698836458136726
00824-Dd4bFSTQ8gi,hovsg,533,water meter,0_0_42,0_0,4,0.22179469185633827
00824-Dd4bFSTQ8gi,hovsg,533,water meter,0_2_145,0_2,5,0.2213113249213748
00824-Dd4bFSTQ8gi,hovsg,534,water pump,0_5_334,0_5,1,0.24032876197671668
00824-Dd4bFSTQ8gi,hovsg,534,water pump,0_2_6,0_2,2,0.23614569304224045
00824-Dd4bFSTQ8gi,hovsg,534,water pump,0_6_79,0_6,3,0.2284017271044977
00824-Dd4bFSTQ8gi,hovsg,535,water tank,0_2_4,0_2,1,0.2435452150666645
00824-Dd4bFSTQ8gi,hovsg,535,water tank,0_6_102,0_6,2,0.24255799802743291
00824-Dd4bFSTQ8gi,hovsg,535,water tank,0_1_35,0_1,3,0.24130616359977403
00824-Dd4bFSTQ8gi,hovsg,535,water tank,0_5_141,0_5,4,0.2364851529911435
00824-Dd4bFSTQ8gi,hovsg,536,watering can,0_2_20,0_2,1,0.25797452723996384
00824-Dd4bFSTQ8gi,hovsg,536,watering can,0_5_74,0_5,2,0.256654165230245
00824-Dd4bFSTQ8gi,hovsg,536,watering can,0_6_84,0_6,3,0.25511470089805754
00824-Dd4bFSTQ8gi,hovsg,536,watering can,0_6_22,0_6,4,0.2503830664921607
00824-Dd4bFSTQ8gi,hovsg,536,watering can,0_5_23,0_5,5,0.24697940828673157
00824-Dd4bFSTQ8gi,hovsg,537,weight,0_3_3,0_3,1,0.25577977316521133
00824-Dd4bFSTQ8gi,hovsg,537,weight,0_5_177,0_5,2,0.2463726883490575
00824-Dd4bFSTQ8gi,hovsg,537,weight,0_6_79,0_6,3,0.24543296873821313
00824-Dd4bFSTQ8gi,hovsg,537,weight,0_5_334,0_5,4,0.24366996300906008
00824-Dd4bFSTQ8gi,hovsg,537,weight,0_5_260,0_5,5,0.242647423609207
00824-Dd4bFSTQ8gi,hovsg,538,weight bench,0_3_3,0_3,1,0.2541815986429955
00824-Dd4bFSTQ8gi,hovsg,538,weight bench,0_5_158,0_5,2,0.2322999642299181
00824-Dd4bFSTQ8gi,hovsg,538,weight bench,0_5_62,0_5,3,0.21849138876564866
00824-Dd4bFSTQ8gi,hovsg,538,weight bench,0_4_2,0_4,4,0.21463029651174803
00824-Dd4bFSTQ8gi,hovsg,539,weights,0_3_3,0_3,1,0.24051057392268274
00824-Dd4bFSTQ8gi,hovsg,539,weights,0_3_47,0_3,2,0.22952936498107596
00824-Dd4bFSTQ8gi,hovsg,539,weights,0_5_2,0_5,3,0.2225351365005149
00824-Dd4bFSTQ8gi,hovsg,539,weights,0_5_277,0_5,4,0.21916969731620828
00824-Dd4bFSTQ8gi,hovsg,539,weights,0_2_26,0_2,5,0.21886290237687428
00824-Dd4bFSTQ8gi,hovsg,540,wheel,0_0_49,0_0,1,0.22551790458657167
00824-Dd4bFSTQ8gi,hovsg,541,wheelbarrow,0_3_61,0_3,1,0.242540398327
00824-Dd4bFSTQ8gi,hovsg,541,wheelbarrow,0_5_173,0_5,2,0.242453057212122
00824-Dd4bFSTQ8gi,hovsg,541,wheelbarrow,0_1_52,0_1,3,0.23233561459022184
00824-Dd4bFSTQ8gi,hovsg,541,wheelbarrow,0_5_166,0_5,4,0.22858412318169224
00824-Dd4bFSTQ8gi,hovsg,541,wheelbarrow,0_5_177,0_5,5,0.22443316120261553
00824-Dd4bFSTQ8gi,hovsg,542,window shade,0_1_71,0_1,1,0.3062322676835739
00824-Dd4bFSTQ8gi,hovsg,542,window shade,0_1_101,0_1,2,0.30297216097428775
00824-Dd4bFSTQ8gi,hovsg,542,window shade,0_1_39,0_1,3,0.3008000022946218
00824-Dd4bFSTQ8gi,hovsg,542,window shade,0_0_74,0_0,4,0.29762553214803456
00824-Dd4bFSTQ8gi,hovsg,542,window shade,0_2_170,0_2,5,0.2970386815387381
00824-Dd4bFSTQ8gi,hovsg,543,wine,0_5_23,0_5,1,0.23895797063082994
00824-Dd4bFSTQ8gi,hovsg,543,wine,0_2_30,0_2,2,0.23107410141863005
00824-Dd4bFSTQ8gi,hovsg,543,wine,0_5_74,0_5,3,0.2197522571485897
00824-Dd4bFSTQ8gi,hovsg,543,wine,0_2_145,0_2,4,0.21843580205299307
00824-Dd4bFSTQ8gi,hovsg,543,wine,0_5_62,0_5,5,0.2181864816079524
00824-Dd4bFSTQ8gi,hovsg,544,wine storage,0_5_71,0_5,1,0.24758168158065008
00824-Dd4bFSTQ8gi,hovsg,544,wine storage,0_5_62,0_5,2,0.2415031946409525
00824-Dd4bFSTQ8gi,hovsg,544,wine storage,0_1_36,0_1,3,0.23646245711309044
00824-Dd4bFSTQ8gi,hovsg,544,wine storage,0_4_2,0_4,4,0.23585444189699536
00824-Dd4bFSTQ8gi,hovsg,544,wine storage,0_5_125,0_5,5,0.2337085464786946
00824-Dd4bFSTQ8gi,hovsg,545,wood,0_1_87,0_1,1,0.2893424490316932
00824-Dd4bFSTQ8gi,hovsg,545,wood,0_1_88,0_1,2,0.28901003877654013
00824-Dd4bFSTQ8gi,hovsg,545,wood,0_1_80,0_1,3,0.2822242537706899
00824-Dd4bFSTQ8gi,hovsg,545,wood,0_1_95,0_1,4,0.2808020938157346
00824-Dd4bFSTQ8gi,hovsg,545,wood,0_3_25,0_3,5,0.28068167365636054
00824-Dd4bFSTQ8gi,hovsg,546,wrench,0_4_27,0_4,1,0.250110353404036
00824-Dd4bFSTQ8gi,hovsg,546,wrench,0_2_159,0_2,2,0.2457676286748013
00824-Dd4bFSTQ8gi,hovsg,546,wrench,0_0_47,0_0,3,0.24532695085687023
00824-Dd4bFSTQ8gi,hovsg,546,wrench,0_2_145,0_2,4,0.24184672029574472
00824-Dd4bFSTQ8gi,hovsg,546,wrench,0_2_85,0_2,5,0.23847819483644364
