scene_id,object_id,predicted_class_id,class_label,predicted_room_id,object_x,object_y,object_z,p_obj,p_det,p_view,p_mem,p_sem_bar,p_sem,p_coh
00824-Dd4bFSTQ8gi,0_0_0,82,cardboard,0_0,0.5358160990667018,0.9504446675881321,7.493084108952201,0.526925304544957,0.9815009856231284,0.9353632516808895,0.9986292643504703,0.5747430429511955,0.5747430429511955,0.751036361687124
00824-Dd4bFSTQ8gi,0_0_1,44,blanket,0_0,-0.15128619378764394,0.5054172454764767,6.239584927750432,0.9144044423693533,0.967441533474212,0.9826338374798602,0.9970343468188226,0.9647432847014579,0.9647432847014579,0.9993493967864316
00824-Dd4bFSTQ8gi,0_0_10,180,fan,0_0,0.29391511948057825,2.444362572194348,6.6607924247325245,0.03205869244136453,0.958186933500135,0.9315943460651928,0.9974769094815121,0.03600525289889409,0.9039260301855427,0.03600525289889409
00824-Dd4bFSTQ8gi,0_0_11,180,fan,0_0,-0.7789661169918577,2.4415373760715844,6.991677373851442,0.07715364964589007,0.9719229940411945,0.9547267689785945,0.997217783405729,0.08337877368526445,0.9642772686836548,0.08337877368526445
00824-Dd4bFSTQ8gi,0_0_12,44,blanket,0_0,-1.244088115780676,0.7440986911850208,6.704639279931565,0.5540569653281792,0.9799650613780848,0.9448899889937348,0.9962713900864734,0.6005994363715749,0.7092570745734359,0.6005994363715749
00824-Dd4bFSTQ8gi,0_0_13,337,pillow,0_0,-0.9178571284557208,0.6629937862232552,6.265305054202096,0.8260701011571617,0.9675181324976476,0.9360914053263167,0.9892258091158628,0.9220279665590326,0.9220279665590326,0.9949486925592409
00824-Dd4bFSTQ8gi,0_0_14,337,pillow,0_0,-1.1114782645125816,0.707712956187033,6.49086903815721,0.510049015030443,0.9068157358656799,0.939193886897267,0.9870871315709732,0.6067113480571762,0.6067113480571762,0.9947696495942825
00824-Dd4bFSTQ8gi,0_0_15,106,closet door,0_0,1.0776802989711485,1.7909076659562073,5.249641545004159,0.5651016862095585,0.9480592692021275,0.9310448389335311,0.9994445075153799,0.6405629739856218,0.6405629739856218,0.9459285992670815
00824-Dd4bFSTQ8gi,0_0_16,44,blanket,0_0,0.38025587637069364,0.24719192672198068,5.918372250131943,0.6559274847811944,0.9662416562297051,0.9015891692466742,0.9668962628845564,0.7787203155955811,0.8772394466374022,0.7787203155955811
00824-Dd4bFSTQ8gi,0_0_17,545,wood,0_0,0.7453474377984806,0.003592693171496413,6.703757275534406,0.6025578102473224,0.920706980479391,0.9425847760628832,0.9987348750983432,0.6951950125921138,0.772980140362492,0.6951950125921138
00824-Dd4bFSTQ8gi,0_0_18,82,cardboard,0_0,-1.0698920872031588,1.3424783129957008,5.969884545448845,0.6306838124022275,0.9550311861459188,0.9407272294081253,0.9988946393784942,0.7027659858908184,0.7359227593122967,0.7027659858908184
00824-Dd4bFSTQ8gi,0_0_19,106,closet door,0_0,1.0780443287226464,1.5857292739798445,5.176707125893661,0.6454563071162677,0.9628617887695631,0.9432931509630497,0.9997276578848577,0.7108443379396945,0.7108443379396945,0.9882888085853956
00824-Dd4bFSTQ8gi,0_0_2,326,partial,0_0,0.3165217831394709,2.2390037375476575,7.578535248959339,0.2875674762355547,0.9806976640250259,0.9127207339125156,0.9963905852433266,0.3224312251659184,0.5558604712467863,0.3224312251659184
00824-Dd4bFSTQ8gi,0_0_20,82,cardboard,0_0,1.2430351456928779,1.3584551467126411,7.295674047261759,0.032117807578127495,0.9249709491837135,0.9386622532855194,0.9934525821649303,0.0372358525778354,0.6623547760074318,0.0372358525778354
00824-Dd4bFSTQ8gi,0_0_21,106,closet door,0_0,1.0376924450264657,1.1557873410754282,7.306319918336272,0.19861567914971687,0.9280460293618789,0.9963917849037328,0.998895750217875,0.2150273531574083,0.527590199574996,0.2150273531574083
00824-Dd4bFSTQ8gi,0_0_22,316,overhang,0_0,1.6894125363986485,0.7261366078147385,7.597604076616004,0.4895693744228888,0.9751834197689302,0.9366758240981087,0.9906698330773632,0.5410154702893273,0.5410154702893273,0.8203951069302565
00824-Dd4bFSTQ8gi,0_0_23,316,overhang,0_0,1.6087461830223142,1.3997701262659688,7.6002802990923035,0.4500865561634809,0.9417520742024389,0.9204321848491706,0.9935645294882547,0.5226026175299592,0.5226026175299592,0.818166381457664
00824-Dd4bFSTQ8gi,0_0_24,106,closet door,0_0,1.178996164960983,1.423456496072554,6.630247445322401,0.011559195511778177,0.9685552521132663,0.9400674495781047,0.9956405653543227,0.012750922642786077,0.9245753939494951,0.012750922642786077
00824-Dd4bFSTQ8gi,0_0_25,82,cardboard,0_0,1.9250072479989464,2.0748719689940622,7.265262143687729,0.500145952550862,0.9282085501171898,0.928717812596112,0.9988308397600874,0.5808653568127377,0.9833039081252677,0.5808653568127377
00824-Dd4bFSTQ8gi,0_0_26,405,shelf,0_0,1.1780926544232198,1.4262178802717729,6.688451046811241,1.3968486480288199e-06,0.9508786796631992,0.9376608623291074,0.9837077502529517,1.592620713415661e-06,0.5315621279229915,1.592620713415661e-06
00824-Dd4bFSTQ8gi,0_0_27,106,closet door,0_0,1.9130656651520594,0.8000561673060735,7.2970125400516395,0.4813194240714606,0.9809038920534981,0.9101413044230615,0.9998254404581327,0.5392298475466841,0.8691291101297427,0.5392298475466841
00824-Dd4bFSTQ8gi,0_0_28,106,closet door,0_0,1.042215708438757,1.6934118307843171,7.303962190000776,0.2270978893340346,0.9094630729200112,0.8927788111421193,0.9988926783943161,0.2800047015437195,0.6540274581175997,0.2800047015437195
00824-Dd4bFSTQ8gi,0_0_29,316,overhang,0_0,1.193597866276501,2.1240806816526683,7.196259473740451,0.5307551083052707,0.9685535555084547,0.9234315148987582,0.9857325233194484,0.6020142412067814,0.7703536239672915,0.6020142412067814
00824-Dd4bFSTQ8gi,0_0_3,250,heater,0_0,-0.2849284775539687,1.580414229377173,7.661405651115774,0.5676033679548408,0.944503735465768,0.9177409927973148,0.9992977798065575,0.6552789704109966,0.6552789704109966,0.9978187006182669
00824-Dd4bFSTQ8gi,0_0_30,405,shelf,0_0,1.178438381782716,1.6543707248530135,6.691695121721641,9.427555893527852e-08,0.971570948116727,0.9364986114502116,0.9774138395879133,1.0600808128342459e-07,0.6171185346344953,1.0600808128342459e-07
00824-Dd4bFSTQ8gi,0_0_31,106,closet door,0_0,1.1799383638505858,1.666369922420855,6.600723305758824,0.007923402137071529,0.9798627032234342,0.9160712700788354,0.9940680455232063,0.008879757270396672,0.9124794548629954,0.008879757270396672
00824-Dd4bFSTQ8gi,0_0_32,82,cardboard,0_0,1.8173251020182473,1.327486460373833,7.591900431275105,0.29215435735319084,0.9610526538578751,0.9123700263767821,0.9988104548383362,0.33358852027199454,0.6589473072785736,0.33358852027199454
00824-Dd4bFSTQ8gi,0_0_33,106,closet door,0_0,1.1826776477964076,0.747121318257577,6.152350361619264,0.7981865217327532,0.9823854323153199,0.939391085691768,0.9998751370521544,0.8650282129742359,0.9781403099808015,0.8650282129742359
00824-Dd4bFSTQ8gi,0_0_34,82,cardboard,0_0,1.5868339265235076,0.004161980889924888,7.142807258539953,0.017458324962010392,0.9430169853202083,0.9199814633841285,0.999104041214736,0.020141567462956162,0.7126962512150142,0.020141567462956162
00824-Dd4bFSTQ8gi,0_0_35,106,closet door,0_0,1.186163959006257,1.266885619782881,5.743852106653281,0.07424839441633085,0.9895250132929861,0.947856581998354,0.9909226235198423,0.07988733174645032,0.7463382854283135,0.07988733174645032
00824-Dd4bFSTQ8gi,0_0_36,316,overhang,0_0,1.0764190546388492,0.34939573028139126,5.230540578044024,0.09633481343220662,0.9291933618498971,0.91397615704966,0.9623392091170184,0.11787293971139812,0.7714591264132733,0.11787293971139812
00824-Dd4bFSTQ8gi,0_0_37,545,wood,0_0,0.8196923596554859,-0.0019913920871001797,5.255497560299085,0.7152656239769775,0.936313865777762,0.9321349634700498,0.9987937931622443,0.8205239559542552,0.8205239559542552,0.8626138527217923
00824-Dd4bFSTQ8gi,0_0_38,82,cardboard,0_0,1.8855018068608345,0.03532585099687897,7.3222742159461855,0.4226926521817477,0.985600086417043,0.9999999999999996,0.9991811825597366,0.42921977154720536,0.7156119278364101,0.42921977154720536
00824-Dd4bFSTQ8gi,0_0_39,106,closet door,0_0,1.1834775889412923,1.5137388398477019,6.253455237299561,0.03109802589206866,0.9676551548430958,0.9220987959845639,0.9873662298930815,0.03529851881542808,0.783162693470889,0.03529851881542808
00824-Dd4bFSTQ8gi,0_0_4,180,fan,0_0,-0.3905839484197721,2.4431104246019006,5.639621870003271,0.021536399332451977,0.9894649549800627,0.8905303637710127,0.9973140633093853,0.024507104546217913,0.8622615161414102,0.024507104546217913
00824-Dd4bFSTQ8gi,0_0_40,82,cardboard,0_0,1.1846141539516108,1.678892820834942,5.938647937751142,0.6636234436122256,0.9690400185506753,0.9526522590105244,0.9934554334446132,0.7235977641768074,0.8112113847111202,0.7235977641768074
00824-Dd4bFSTQ8gi,0_0_41,82,cardboard,0_0,1.1877760149532737,2.2438222234277645,5.390915833991949,0.5723376320703262,0.7934489408384243,0.9845526058047857,0.9944388079251858,0.7367435245177643,0.7488350226747511,0.7367435245177643
00824-Dd4bFSTQ8gi,0_0_42,427,smoke detector,0_0,0.6118016599361625,2.41269660182088,5.658825600898265,0.30261447803548375,0.8896240645376022,0.9425180797177463,0.9821947290936854,0.3674480027382356,0.9491132381950619,0.3674480027382356
00824-Dd4bFSTQ8gi,0_0_43,427,smoke detector,0_0,0.6029700555761944,2.4425362207205747,5.817840044814665,0.5442768323213314,0.8955877274099261,0.9399183973457703,0.9954940145244093,0.649505617326756,0.649505617326756,0.96913963438698
00824-Dd4bFSTQ8gi,0_0_44,82,cardboard,0_0,1.1834136326306612,1.6045776277270785,6.4136384316759525,0.14775783738097173,0.9746067896723822,0.9193050916540129,0.9818892958002545,0.1679573069183652,0.7610576751658522,0.1679573069183652
00824-Dd4bFSTQ8gi,0_0_45,106,closet door,0_0,1.182628745019645,1.677619595199913,6.605474200003351,0.0012098527064509338,0.9408471284137021,0.9296761736142354,0.9863083992051843,0.0014023906397892495,0.6845722547859203,0.0014023906397892495
00824-Dd4bFSTQ8gi,0_0_46,82,cardboard,0_0,1.1851415232074796,2.0641768103856695,5.72233313433838,0.6627277841438387,0.9732416905159325,0.8806719846264435,0.994183309525553,0.7777389061305888,0.7910881097911658,0.7777389061305888
00824-Dd4bFSTQ8gi,0_0_47,273,knife,0_0,-0.4511807656606142,2.289239772471185,5.8167260500610345,0.09359948739374184,0.9624765808173422,0.8942528018457205,0.9912889280771499,0.10970406853332473,0.5660973842108346,0.10970406853332473
00824-Dd4bFSTQ8gi,0_0_48,244,handle,0_0,-0.0461024464525986,2.2684972980401183,5.8874506762522865,0.015941509319386326,0.9834389573740926,0.9080382273517742,0.9876267081686854,0.018075281560239947,0.5118523692700468,0.018075281560239947
00824-Dd4bFSTQ8gi,0_0_49,380,roll,0_0,-1.8101623900914838,1.5123387503725088,6.266198691455326,0.0664835327144259,0.9376424465962007,0.9309685759458385,0.11093294993742432,0.6865643439693032,0.6865643439693032,
00824-Dd4bFSTQ8gi,0_0_5,82,cardboard,0_0,-1.633496368039814,1.975449906025417,5.76266940124697,0.6204712206459464,0.924873266887861,0.9374424906454771,0.9978033227507661,0.7172157788386653,0.8088424320434975,0.7172157788386653
00824-Dd4bFSTQ8gi,0_0_50,180,fan,0_0,-0.28973117904038825,2.1667679365765515,6.144673514029219,0.025453688296965385,0.8786311199939136,0.9166036627157372,0.9565914934396701,0.03303969558393632,0.7421748810362596,0.03303969558393632
00824-Dd4bFSTQ8gi,0_0_51,180,fan,0_0,-0.06670057659597776,2.264111829822866,6.29307555695513,0.15373978332044708,0.9844530029672127,0.9027628808801201,0.9884749241522408,0.17500559209333494,0.8057316510711761,0.17500559209333494
00824-Dd4bFSTQ8gi,0_0_52,44,blanket,0_0,-0.2926279862904093,0.5701086874618436,6.613989604052498,0.888924007573737,0.9919275494631966,0.9298860075247082,0.9968568096349694,0.9667678301504472,0.9667678301504472,0.9994469796091993
00824-Dd4bFSTQ8gi,0_0_53,337,pillow,0_0,-1.137446071427813,0.7220226860605384,6.058548583557978,0.6677289025483242,0.8878498639858944,0.9951305052589967,0.9931324380877119,0.7609803380430595,0.7609803380430595,0.9936391719792802
00824-Dd4bFSTQ8gi,0_0_54,341,plank,0_0,-0.9952662084062747,0.023262506291728786,7.399888373912512,0.32842769993045073,0.9558971339715765,0.8974822379281401,0.9978999977350115,0.38363280346448575,0.6004373201581665,0.38363280346448575
00824-Dd4bFSTQ8gi,0_0_55,250,heater,0_0,-0.28299547906040917,0.3615348797370521,7.581663257399257,0.01298509998188886,0.9636302219226234,0.9245795564371652,0.9987798673544314,0.014592201556682262,0.556311327761606,0.014592201556682262
00824-Dd4bFSTQ8gi,0_0_56,44,blanket,0_0,-1.3819591215620954,0.7808467466930196,5.917138059984012,0.060299409832284094,0.89549839864443,0.9022440417626126,0.9918622298021839,0.07524417289550632,0.533113508771775,0.07524417289550632
00824-Dd4bFSTQ8gi,0_0_57,44,blanket,0_0,-0.3969527930671607,0.5775527626783004,6.8423904042984045,0.7890054831434095,0.8197501593447746,1.0,0.996515162245085,0.9658609339427154,0.9658609339427154,0.9991521475416886
00824-Dd4bFSTQ8gi,0_0_58,82,cardboard,0_0,-1.802278933624287,0.878450262407785,7.044483430459931,0.6061967706586981,0.9922438758707592,0.9254997105677302,0.9949902424584715,0.6634376014856235,0.6634376014856235,0.723327014280984
00824-Dd4bFSTQ8gi,0_0_59,250,heater,0_0,-0.3693387530449962,1.220896124790536,7.6359559610971335,0.6203793233219385,0.9823820546561597,0.9528957522390721,0.9990687665571334,0.6633399003536501,0.6633399003536501,0.9585168979236592
00824-Dd4bFSTQ8gi,0_0_6,82,cardboard,0_0,-0.5940950464433433,0.007018922086189071,5.21846508369011,0.0623185788941423,0.9622713865540314,0.9353250311015098,0.9978526163927164,0.06938906118159455,0.62829138556984,0.06938906118159455
00824-Dd4bFSTQ8gi,0_0_60,44,blanket,0_0,-0.21834476043851175,0.5650654554866976,6.53173045212198,0.8881208747554733,0.9866587493879543,0.9272747945232263,0.9947380683187913,0.9758608905739773,0.9758608905739773,0.9992017379197007
00824-Dd4bFSTQ8gi,0_0_61,545,wood,0_0,0.4536913453740226,0.0027157389897451917,5.665640424332913,0.5954197348500341,0.9570578983954788,0.9479114752389326,0.998468410844716,0.6573291667818429,0.7163485014963037,0.6573291667818429
00824-Dd4bFSTQ8gi,0_0_62,44,blanket,0_0,0.3357238499353633,0.4195755066683899,6.51487236503187,0.8979996748387755,0.9766154141361135,0.9455824303675116,0.9954781869533682,0.9768355636859247,0.9768355636859247,0.9988274549230561
00824-Dd4bFSTQ8gi,0_0_63,44,blanket,0_0,-0.36812342294156136,0.56346773255542,6.283279984507075,0.7778842478818775,0.8551537641806304,0.9462251721314219,0.9962181973570348,0.9649877442684165,0.9649877442684165,0.9993762961665714
00824-Dd4bFSTQ8gi,0_0_64,82,cardboard,0_0,-1.8112757512145754,0.08748146246931535,7.267270687024962,0.5481799918276622,0.9764923750123532,0.9648371639321152,0.9980846560112676,0.5829521671730328,0.5829521671730328,0.6021640722872436
00824-Dd4bFSTQ8gi,0_0_65,44,blanket,0_0,-0.31929574250547016,0.5722568668457677,5.935950944028015,0.8788386235813186,0.9292180091787886,0.9606657172240558,0.9984161601501579,0.986069719624607,0.986069719624607,0.998978864985482
00824-Dd4bFSTQ8gi,0_0_66,44,blanket,0_0,-0.10561434159676907,0.5706891463132779,6.5848843401565444,0.8713716612495833,0.9518556057508352,0.947146713648561,0.997114446367118,0.9693265194874654,0.9693265194874654,0.9992528499176156
00824-Dd4bFSTQ8gi,0_0_67,44,blanket,0_0,-0.5293530122167667,0.5717796620079337,6.346644212899819,0.88369300438551,0.9752703176126023,0.9363263642984894,0.9963943131155873,0.9712206731849079,0.9712206731849079,0.9992636659248135
00824-Dd4bFSTQ8gi,0_0_68,250,heater,0_0,0.0579538385825326,1.3735535496697704,7.681734366104811,0.6417841001917458,0.9846795644396259,0.9289725468060053,0.9990746168670699,0.7022523863512994,0.7022523863512994,0.9851995131259924
00824-Dd4bFSTQ8gi,0_0_69,250,heater,0_0,-0.28794534182648707,1.5815808017581712,7.670921548230025,0.5742232808295263,0.9587556103772539,0.9581037180722831,0.9990149214685824,0.625732017216093,0.625732017216093,0.9968302555798957
00824-Dd4bFSTQ8gi,0_0_7,248,headboard,0_0,-1.7028900232784658,0.9364590695219712,6.225931728417904,0.007577648094791868,0.958466550780205,0.915842741574695,0.9956849590908777,0.008669910557884547,0.9592397729518246,0.008669910557884547
00824-Dd4bFSTQ8gi,0_0_70,326,partial,0_0,0.7055442203383342,1.4027837002173,7.465577110466088,0.39551746218280837,0.8977541500790946,0.9748225654745613,0.9983768685442734,0.4526767163933032,0.5409838801251009,0.4526767163933032
00824-Dd4bFSTQ8gi,0_0_71,273,knife,0_0,-0.6608533820395248,2.281099228070713,6.189285557785819,0.4734184628647491,0.9764317497729309,0.933230032659411,0.9600888112394653,0.5411319583318379,0.6096740897163253,0.5411319583318379
00824-Dd4bFSTQ8gi,0_0_72,542,window shade,0_0,-0.29351572549073596,2.004229146884179,7.577457346340147,0.0011472599638567874,0.9428231793336378,0.9431379129710367,0.9975005998587283,0.0012934308589925806,0.6422952724001881,0.0012934308589925806
00824-Dd4bFSTQ8gi,0_0_73,82,cardboard,0_0,-1.8138719839150075,1.17469052218488,6.052280017978347,0.3483275281807857,0.9864831903860682,0.9332344464459461,0.9977736938546599,0.3792060856024761,0.790992582761978,0.3792060856024761
00824-Dd4bFSTQ8gi,0_0_74,250,heater,0_0,-1.1428366560934256,1.6390393709214293,7.66179319722345,0.5313521260985139,0.9602879842122395,0.9475084521535366,0.9993993828081466,0.5843307728167911,0.5843307728167911,0.9978964843208958
00824-Dd4bFSTQ8gi,0_0_75,82,cardboard,0_0,-1.766751622549233,2.1947014100000675,7.561989005680062,0.4640634092981514,0.9727031600098688,0.9423371188598315,0.9990507062746883,0.5067609830692043,0.5067609830692043,0.7204260035047375
00824-Dd4bFSTQ8gi,0_0_76,427,smoke detector,0_0,0.7489793156526027,2.4382779058797643,5.589327651293159,0.7504117098764586,0.9366153136327043,0.9160733129423054,0.9974695427523327,0.8768160141656877,0.8768160141656877,0.979355786989517
00824-Dd4bFSTQ8gi,0_0_77,244,handle,0_0,1.186105210090911,1.4355607815264968,5.709552855564549,0.2650332260667735,0.9836660391754575,0.9287587514560726,0.9908879182433422,0.292769069921166,0.5310956544809534,0.292769069921166
00824-Dd4bFSTQ8gi,0_0_8,326,partial,0_0,-0.7418088876141737,0.37071756248493143,5.514437814382888,0.024241019216516897,0.9848732120460935,0.9499832243710505,0.8873896658146057,0.029197135662222855,0.5245429947347818,0.029197135662222855
00824-Dd4bFSTQ8gi,0_0_9,337,pillow,0_0,-1.3758428216671597,0.7103798951323055,5.749598181634171,0.460581902718727,0.9519433439193826,0.9220126638034809,0.9954314830307157,0.5271661423640717,0.5271661423640717,0.553449100033339
00824-Dd4bFSTQ8gi,0_1_0,326,partial,0_1,5.23877928509125,1.4796812039815956,6.078510903908255,0.6652879708095966,0.9145549919132614,0.9408596155317872,0.9973763924628184,0.7752038737052875,0.7752038737052875,0.8895671695263084
00824-Dd4bFSTQ8gi,0_1_1,326,partial,0_1,5.455319365393122,1.5689687597681814,7.6399067971085275,0.5697961304055927,0.9325205089543995,0.943541838975321,0.998719223797512,0.6484201934626014,0.6496252245218547,0.6484201934626014
00824-Dd4bFSTQ8gi,0_1_10,326,partial,0_1,5.210808979334935,1.5256957980179249,5.47125715764511,0.07383611591310288,0.8857080828260492,0.9401285760874906,0.9966983959687645,0.08896664676635936,0.5209844304133359,0.08896664676635936
00824-Dd4bFSTQ8gi,0_1_100,82,cardboard,0_1,2.8788394829596475,0.013415670678249211,5.340768698001634,0.7371989713185603,0.9152632849686074,0.8961996667502741,0.9960221659628181,0.9023289629468507,0.9023289629468507,0.9172490428286264
00824-Dd4bFSTQ8gi,0_1_101,542,window shade,0_1,3.1708388823068043,1.8885537863303912,7.68251007570259,0.6443713466450959,0.9864855000018535,0.9176280602844711,0.9955911370964402,0.7149864427688649,0.7149864427688649,0.9785361916869063
00824-Dd4bFSTQ8gi,0_1_102,316,overhang,0_1,4.096020628334117,2.095902173395388,7.629982155679134,0.48721780505091167,0.9891882803101453,0.9063140142664846,0.9946728572195654,0.5463679631399397,0.8664989391679163,0.5463679631399397
00824-Dd4bFSTQ8gi,0_1_103,82,cardboard,0_1,1.429435719540042,0.0011931720389338615,6.939643613406602,0.027438558644141606,0.9932638053258296,0.9348966973825772,0.9990252448096671,0.02957716851139566,0.680842976702333,0.02957716851139566
00824-Dd4bFSTQ8gi,0_1_11,326,partial,0_1,5.201710399129673,0.6727244941338484,5.170811505808383,0.23957713094624553,0.9582889779703784,0.9467363707193159,0.9546083358999461,0.27662700999876544,0.5005418401135975,0.27662700999876544
00824-Dd4bFSTQ8gi,0_1_12,244,handle,0_1,5.245797904082455,2.2014454134329173,6.1856568479178975,0.3209851941152132,0.9475848957496408,0.9255982886040143,0.9801206883559259,0.3733917959655875,0.6376304950337891,0.3733917959655875
00824-Dd4bFSTQ8gi,0_1_13,326,partial,0_1,5.237160084144281,1.5004529206143047,6.044013887180156,0.7045566766120112,0.9364730510528542,0.9358735975938226,0.9973831757561854,0.8060118320083158,0.8060118320083158,0.8666237235175573
00824-Dd4bFSTQ8gi,0_1_14,87,cat,0_1,5.1706871358726705,1.083057154742726,7.515680160061456,0.03172078420229209,0.8803921813766162,0.8963132321553258,0.9981959157144453,0.04027097477211998,0.5264113362731934,0.04027097477211998
00824-Dd4bFSTQ8gi,0_1_15,326,partial,0_1,5.4514979757025195,1.067078119342015,7.388508143976256,0.5412587922673291,0.9648866757040933,0.8711224618282495,0.9985337889567327,0.6448915366886029,0.6483617910787668,0.6448915366886029
00824-Dd4bFSTQ8gi,0_1_16,82,cardboard,0_1,5.20305907121095,0.1438707718244454,7.140167362020217,0.27274460168539166,0.952607444034062,0.942170543764502,0.99708231499013,0.3047766260732182,0.5307544833135204,0.3047766260732182
00824-Dd4bFSTQ8gi,0_1_17,326,partial,0_1,5.218993063015248,1.2270837100249143,5.6520916466118045,0.6408988196687528,0.8877106927621511,0.9268846335075942,0.9972953984364926,0.7810314520646064,0.7810314520646064,0.8719943115852187
00824-Dd4bFSTQ8gi,0_1_18,364,prop,0_1,5.217563705088333,0.800203106219462,5.548270666656748,0.35825460424978417,0.9409580512635619,0.9272582361726601,0.9940162514807617,0.41307349913447966,0.7910041169152984,0.41307349913447966
00824-Dd4bFSTQ8gi,0_1_19,326,partial,0_1,5.15771541689052,1.0503287482136427,4.722805537009674,0.357207379156548,0.8521108688979313,0.9572013229220904,0.9941659790887889,0.4405164488919052,0.7983027251260829,0.4405164488919052
00824-Dd4bFSTQ8gi,0_1_2,82,cardboard,0_1,4.995809816434196,0.019447757948489755,4.480983193799338,0.6180788756509187,0.859769634975045,0.947456486189217,0.9967002485411226,0.7612686724042246,0.8656014119967879,0.7612686724042246
00824-Dd4bFSTQ8gi,0_1_20,326,partial,0_1,5.227633964378933,1.342071071568498,5.847564792663225,0.7330145451746812,0.9868111831986386,0.9368420677547511,0.9975401966288895,0.7948437084648816,0.7948437084648816,0.8783302498424208
00824-Dd4bFSTQ8gi,0_1_21,82,cardboard,0_1,5.578569175171497,0.0359265090070171,6.689454979443379,0.5113642565143498,0.9241106886925777,0.9361503065132972,0.9942431820486638,0.5945223276121097,0.7611166955078302,0.5945223276121097
00824-Dd4bFSTQ8gi,0_1_22,302,mirror,0_1,5.205021907427916,1.3084419172117443,5.336259329655248,0.6316256852210651,0.9831921559016242,0.9525792354003156,0.9981870463890057,0.6756290852700332,0.6756290852700332,0.8820372347241096
00824-Dd4bFSTQ8gi,0_1_23,97,chair,0_1,5.241645482970094,0.7112239007584088,6.164845200155241,0.40579380189983705,0.9516120486396403,0.9605575740707021,0.9485537292713382,0.468015396609631,0.5960880064612193,0.468015396609631
00824-Dd4bFSTQ8gi,0_1_24,326,partial,0_1,5.260122493141673,1.5096839343235953,6.57794254655341,0.7127064638838149,0.982704027709448,0.9654871836835484,0.9972147460090761,0.7532736166737761,0.7660305367041426,0.7532736166737761
00824-Dd4bFSTQ8gi,0_1_25,326,partial,0_1,5.180395325607699,1.4294440461170217,4.9805008223405105,0.48634970455021626,0.9575722413412743,0.9647986365328658,0.9847866672281503,0.534562226502743,0.534562226502743,0.6045651471295351
00824-Dd4bFSTQ8gi,0_1_26,87,cat,0_1,5.158729257423414,0.6015070040591708,7.374605951146382,0.06115265013187935,0.822130153600645,0.9852265509096012,0.9970716147899084,0.07572028595461001,0.5216152181270943,0.07572028595461001
00824-Dd4bFSTQ8gi,0_1_27,326,partial,0_1,5.237010909411779,1.264856355928835,6.046374089318214,0.7234560137277103,0.9048141989766098,0.9856144949235874,0.9972646483924764,0.8134581558932223,0.8134581558932223,0.8791280018286477
00824-Dd4bFSTQ8gi,0_1_28,302,mirror,0_1,5.204579883850652,1.8584384492048591,5.321653998917028,0.5628444776946425,0.9589481992475442,0.9455103486138454,0.9967762564421258,0.6227723042270965,0.6333265864099856,0.6227723042270965
00824-Dd4bFSTQ8gi,0_1_29,516,unknown,0_1,5.372517692016169,0.149317227127138,5.781152658120139,0.034306333270965085,0.9756274529318523,0.9604242971664061,0.8487639121585747,0.04313603725428781,0.5037175987946179,0.04313603725428781
00824-Dd4bFSTQ8gi,0_1_3,316,overhang,0_1,5.161485018586901,2.0463215342218297,4.439624783129424,0.3371069993657364,0.7059159971335355,0.9536042752733953,0.9892423519292102,0.5062253103754789,0.5062253103754789,0.5915687790545152
00824-Dd4bFSTQ8gi,0_1_30,44,blanket,0_1,3.6310194486407092,0.4688069240737089,5.972141170214089,0.7294313903246942,0.9070670520817792,0.9787859369762042,0.999621437852044,0.8219052875810493,0.8219052875810493,0.9964230007183904
00824-Dd4bFSTQ8gi,0_1_31,82,cardboard,0_1,1.4436482238620458,1.8967163162424758,6.02688632211123,0.09422255141301274,0.9681587010622025,0.9048497806176836,0.9960333736978084,0.10798363215762205,0.7035747634280212,0.10798363215762205
00824-Dd4bFSTQ8gi,0_1_32,82,cardboard,0_1,2.0576815905306725,0.05267813631990344,4.8749250737577485,0.4543466591305158,0.9106500018527363,0.880370593641745,0.998055566625432,0.5678264220320389,0.6383588926900887,0.5678264220320389
00824-Dd4bFSTQ8gi,0_1_33,326,partial,0_1,5.0894811876332,1.2263443262678968,4.685525874836399,0.6180739565684104,0.9449288575776986,0.9161755660361923,0.9956898095334328,0.7170320439049848,0.7571288488407928,0.7170320439049848
00824-Dd4bFSTQ8gi,0_1_34,405,shelf,0_1,1.4894964929923904,0.8834448036712924,6.017494078549883,0.8004058289064817,0.9893106774184774,0.9586758748858893,0.9996328960140677,0.8442386066891152,0.8442386066891152,0.9999912127851303
00824-Dd4bFSTQ8gi,0_1_35,82,cardboard,0_1,2.5123019732097007,1.046448503639582,7.272412032891681,0.00030600369240969425,0.9436002045715728,0.9186584180695694,0.9937285419533587,0.00035523587445243925,0.5046260861838372,0.00035523587445243925
00824-Dd4bFSTQ8gi,0_1_36,405,shelf,0_1,1.2941139763212262,0.849896277659614,6.1480096702414855,0.7648309089203716,0.9805625916180608,0.9096430856192323,0.9997496686662906,0.8576850066314367,0.8576850066314367,0.999984207240751
00824-Dd4bFSTQ8gi,0_1_37,545,wood,0_1,1.4514573393287706,0.036554825942518,6.084715127798348,0.5070359958046218,0.957648424299512,0.9535640387117155,0.996893489192545,0.5569729064502383,0.5569729064502383,0.8338389726060814
00824-Dd4bFSTQ8gi,0_1_38,545,wood,0_1,1.296018182358663,0.04089727022944565,6.026292706261897,0.5866712051095346,0.9301370736899127,0.8860059342870695,0.9952126242501367,0.7153116704513406,0.8108382374996205,0.7153116704513406
00824-Dd4bFSTQ8gi,0_1_39,542,window shade,0_1,3.2790405951982793,1.540207240893624,7.69060897067081,0.7648279388834488,0.9906559773010021,0.926038238877503,0.9976435628861369,0.8356733544301392,0.8356733544301392,0.9949387386089434
00824-Dd4bFSTQ8gi,0_1_4,326,partial,0_1,5.536661669430055,2.253648763073653,5.163343872807203,0.01831516064387808,0.9759216946951678,0.9318894761105725,0.995513679296754,0.02022945210706703,0.5569073486719825,0.02022945210706703
00824-Dd4bFSTQ8gi,0_1_40,44,blanket,0_1,3.32756443811398,0.6048204253175853,6.725736024952173,0.12620767792995066,0.9868741405351709,0.9178677673324358,0.994910600537195,0.1400424918971807,0.6438087601243186,0.1400424918971807
00824-Dd4bFSTQ8gi,0_1_41,545,wood,0_1,1.630405580398244,1.4338053700151183,6.283231157794308,4.209731326820767e-05,0.9866594912567918,0.9154779546997243,0.9989434031187348,4.665501220208769e-05,0.5687171503250302,4.665501220208769e-05
00824-Dd4bFSTQ8gi,0_1_42,82,cardboard,0_1,5.001884769826955,1.2310891675365025,5.785570687455437,0.5934920384369309,0.9637830732146366,0.9076194576731029,0.997341242363754,0.6802805066965721,0.9419227766993983,0.6802805066965721
00824-Dd4bFSTQ8gi,0_1_43,337,pillow,0_1,3.6720939963832855,0.7239130747971535,6.813883036599607,0.5799659498278169,0.9830851772084559,0.9512219161502886,0.9984183297153921,0.6211792718110505,0.6211792718110505,0.864057507130556
00824-Dd4bFSTQ8gi,0_1_44,82,cardboard,0_1,2.8292458821357744,0.005722314459410533,4.549530075395049,0.699695947134313,0.8904905578843106,0.9331641486368197,0.9986488213018632,0.8431584571724863,0.8957582331864036,0.8431584571724863
00824-Dd4bFSTQ8gi,0_1_45,106,closet door,0_1,2.03953749793056,0.8867960387758559,4.899330979450164,0.8218385067814972,0.9687116145016036,0.9384007816783742,0.9997567661327165,0.9042932025694774,0.9589272992934753,0.9042932025694774
00824-Dd4bFSTQ8gi,0_1_46,82,cardboard,0_1,4.800016183702132,0.02128371531831499,7.423286622707737,0.5857749712210553,0.710536269527493,0.9882124411840797,0.9960026133309936,0.8375943993664636,0.8435002094911757,0.8375943993664636
00824-Dd4bFSTQ8gi,0_1_47,82,cardboard,0_1,4.995277467637479,0.876379197644888,6.238928038227578,0.5719560598789737,0.7957641377769136,0.9483576913511199,0.9970742900340521,0.7601137939609857,0.9187890976544726,0.7601137939609857
00824-Dd4bFSTQ8gi,0_1_48,326,partial,0_1,4.107818823560699,1.510148584141133,7.690360133823312,0.0826758409352581,0.978773989790373,0.9180523665561109,0.9927181911084741,0.09268357275780087,0.6845816905875413,0.09268357275780087
00824-Dd4bFSTQ8gi,0_1_49,13,artwork,0_1,4.982870859803042,1.5708193791546405,5.382806806561803,0.7932667077024603,0.9620425904696646,0.9038439390201524,0.9971805373239461,0.9148664160321466,0.9148664160321466,0.9608051476657397
00824-Dd4bFSTQ8gi,0_1_5,451,stick,0_1,5.212405825370301,2.2193216644868707,5.33971071992658,0.0001901328652622587,0.9771667424800556,0.9365522750560813,0.9850200777784011,0.00021091691450866862,0.5210858374650671,0.00021091691450866862
00824-Dd4bFSTQ8gi,0_1_50,106,closet door,0_1,2.044395811397324,0.83748417392179,6.919138228233599,0.4158374142295227,0.9474885425913593,0.9258580533475314,0.9983032148532633,0.47483499254310385,0.5425330888039344,0.47483499254310385
00824-Dd4bFSTQ8gi,0_1_51,82,cardboard,0_1,4.989089248647453,1.4022207655662864,6.504376303538351,0.584330813272145,0.9889492731672516,0.9355755683839376,0.9971674600857307,0.6333412904745329,0.9122114743390379,0.6333412904745329
00824-Dd4bFSTQ8gi,0_1_52,481,title,0_1,2.3951205157602256,0.5925716228541303,7.172459864950829,2.873994945072192e-07,0.9670426288967379,0.9487705709054759,0.8860270082170919,3.5353483709911825e-07,0.5255083778367575,3.5353483709911825e-07
00824-Dd4bFSTQ8gi,0_1_53,180,fan,0_1,3.2663235674542115,2.433574972534634,6.1946189685423985,0.4291501434429833,0.958236155829565,0.9611375529803192,0.9988705291051326,0.4664895964784368,0.9311427944641946,0.4664895964784368
00824-Dd4bFSTQ8gi,0_1_54,545,wood,0_1,2.998738418727291,2.255699225538749,5.593434613700489,3.57295365343422e-05,0.9543598111186709,0.8922708780310395,0.9071457299680523,4.6253165534273604e-05,0.5352478190264176,4.6253165534273604e-05
00824-Dd4bFSTQ8gi,0_1_55,311,oar,0_1,3.6667779080295744,2.2552654775356675,5.491052860668627,0.4642235132545628,0.9745056038523426,0.9320924381733031,0.880783763975125,0.5802491434867606,0.5802491434867606,
00824-Dd4bFSTQ8gi,0_1_56,33,bed,0_1,3.6284881446658424,0.82844098007867,7.513274163443521,0.7981385451969631,0.9454931034038189,0.9154712103306928,0.9961741566111633,0.9256354048932001,0.9256354048932001,0.9981568251566222
00824-Dd4bFSTQ8gi,0_1_57,180,fan,0_1,3.3017944043923153,2.2620467609789805,5.383784965268799,0.009264639748755576,0.9508417985241095,0.9202435533849476,0.9727958190659524,0.010884181935399327,0.5738339017032317,0.010884181935399327
00824-Dd4bFSTQ8gi,0_1_58,180,fan,0_1,3.3703924807352004,2.1611135771459433,5.634950116704016,0.621099684429328,0.8744497981308209,0.989115103623849,0.9202976615070336,0.7802814363657704,0.8393809499115483,0.7802814363657704
00824-Dd4bFSTQ8gi,0_1_59,44,blanket,0_1,2.642772765354566,0.49975996650086374,7.600038643992852,0.05999441910622603,0.9694465387169094,0.9288275258291203,0.9750258704654579,0.06833383142747501,0.7027608127319589,0.06833383142747501
00824-Dd4bFSTQ8gi,0_1_6,326,partial,0_1,5.104118391727612,1.0425080685001613,4.664145645110649,0.2866755932349845,0.9888389070846162,0.9240062765995233,0.9923723233382983,0.31616632347678936,0.5769861406985319,0.31616632347678936
00824-Dd4bFSTQ8gi,0_1_60,82,cardboard,0_1,4.995290919576536,1.4793773733353224,6.374520515524682,0.6667323054242477,0.9468674939017989,0.938530957303827,0.9975427379306894,0.7521114105963096,0.9362277048045321,0.7521114105963096
00824-Dd4bFSTQ8gi,0_1_61,44,blanket,0_1,3.279227888410713,0.5462587656671499,6.4328570034797075,0.6947279309188323,0.8247199610684269,0.9457332804833973,0.9988179536501144,0.891770786490075,0.891770786490075,0.9963288478454746
00824-Dd4bFSTQ8gi,0_1_62,44,blanket,0_1,2.8333216511038875,0.31449703202726426,5.375836481286793,0.7808981618790803,0.9457170974145306,0.9636669661064032,0.9918028391684283,0.8639345468933147,0.9515187120735421,0.8639345468933147
00824-Dd4bFSTQ8gi,0_1_63,82,cardboard,0_1,2.116792085781755,0.007772321530831857,6.086467398878211,0.8045400620567572,0.9450948212992035,0.9457416269789436,0.9996259330183175,0.9004555347171224,0.9757460265719274,0.9004555347171224
00824-Dd4bFSTQ8gi,0_1_64,405,shelf,0_1,1.7910205306484723,0.2749289307864415,6.28347191386272,0.7744803471231866,0.9586422654389372,0.9307341632123025,0.9996388053207839,0.8683305224616993,0.8683305224616993,0.9999953511993195
00824-Dd4bFSTQ8gi,0_1_65,405,shelf,0_1,1.5853073025387863,1.1968705621903901,6.0296269566133605,0.5866422008088727,0.8897215761636432,0.9149940537878753,0.9993989756055932,0.7210443979624862,0.7210443979624862,0.9999756651917145
00824-Dd4bFSTQ8gi,0_1_66,82,cardboard,0_1,2.1813816925999174,0.003279266510442067,5.0064482247164825,0.8404427305580103,0.9748844271811886,0.9624580093054149,0.9991699039093208,0.896466070489475,0.934310211299071,0.896466070489475
00824-Dd4bFSTQ8gi,0_1_67,82,cardboard,0_1,1.469840795729295,0.005160600841890074,5.738204840483401,0.6001895702482632,0.9813906480388437,0.9660186405883875,0.9990334883070789,0.6336960148770845,0.9130196685124345,0.6336960148770845
00824-Dd4bFSTQ8gi,0_1_68,157,door screen,0_1,3.7080114554938786,1.515869802659305,7.691368794403502,1.93632895582106e-06,0.9721681499652002,0.9493541610797722,0.9974104999308943,2.103466293583927e-06,0.6812585621584487,2.103466293583927e-06
00824-Dd4bFSTQ8gi,0_1_69,44,blanket,0_1,3.238832427691519,0.5542885421371293,6.441903781380906,0.8151285822116231,0.9823178559541702,0.942460043045791,0.998610291175469,0.8816883436732068,0.8816883436732068,0.9949325568955867
00824-Dd4bFSTQ8gi,0_1_7,106,closet door,0_1,2.037815559344736,1.3259686590909399,6.3060517834523155,0.3576377696794744,0.9211060424929575,0.9255779547489791,0.9983265424113297,0.42019233569335107,0.6168025045459679,0.42019233569335107
00824-Dd4bFSTQ8gi,0_1_70,405,shelf,0_1,1.2972977199250306,1.399268085030075,6.142941206260852,0.6075788733228908,0.986391552284899,0.929234218795376,0.999315330042141,0.6633237939104679,0.6633237939104679,0.9999827523143292
00824-Dd4bFSTQ8gi,0_1_71,542,window shade,0_1,3.094420351505167,1.3440367132224853,7.695279387253205,0.801771563957569,0.9640848540058431,0.9539412638012614,0.997502347724089,0.8739766456948284,0.8739766456948284,0.9938190140210085
00824-Dd4bFSTQ8gi,0_1_72,542,window shade,0_1,3.3239186297138397,1.592791053512041,7.689800489580764,0.7410232321826472,0.9614927385882392,0.968328737010521,0.9972814403766748,0.7980778507767626,0.7980778507767626,0.9955915468303059
00824-Dd4bFSTQ8gi,0_1_73,545,wood,0_1,1.2911251721802348,1.1551711086841727,5.330989673814398,0.0035645122636645565,0.9764922605420352,0.9486181899287447,0.9971112762754928,0.0038591906324923517,0.9005448957615995,0.0038591906324923517
00824-Dd4bFSTQ8gi,0_1_74,322,paper holder,0_1,2.30298195826393,0.7904977317604647,7.597410087416908,0.7694392408748993,0.9689492178606569,0.95537116991419,0.9997329662071326,0.8314136876137952,0.8314136876137952,
00824-Dd4bFSTQ8gi,0_1_75,44,blanket,0_1,2.969959013977635,0.4844474949726356,7.3071429819164875,0.4498658974064718,0.9640655255926591,0.9392900853257735,0.9818768577640451,0.5059641626634869,0.5990391787980952,0.5059641626634869
00824-Dd4bFSTQ8gi,0_1_76,33,bed,0_1,3.0528857069523125,0.7593952807131774,7.506577660182083,0.5575013701180016,0.9428160576108531,0.9514556824184834,0.9959299990448681,0.624024426728219,0.624024426728219,0.9921343842214597
00824-Dd4bFSTQ8gi,0_1_77,106,closet door,0_1,2.0195380859722536,1.4390493557558064,6.245097352583679,0.2616188545129751,0.974881827743366,0.9277965910307537,0.9982779222493067,0.2897429155221202,0.6027669135649336,0.2897429155221202
00824-Dd4bFSTQ8gi,0_1_78,106,closet door,0_1,2.0380152980093347,1.404942379281368,6.9701629926030355,0.386203195375538,0.9700889960636337,0.9039979012558679,0.9980962433743882,0.4412293985451546,0.5426108785085234,0.4412293985451546
00824-Dd4bFSTQ8gi,0_1_79,405,shelf,0_1,1.2902362533444243,0.8737061250485441,5.925178730533738,0.5409846214678755,0.975565248191672,0.9274902649196612,0.999305456653926,0.5983027231153762,0.5983027231153762,0.99994252797568
00824-Dd4bFSTQ8gi,0_1_8,545,wood,0_1,5.469822305176194,0.32965972982682956,7.379316542176884,0.22080376341869,0.911917292166554,1.0,0.9734070875562373,0.2487462350713617,0.6188949476159182,0.2487462350713617
00824-Dd4bFSTQ8gi,0_1_80,545,wood,0_1,1.4362139589073653,0.7784953068856864,6.101123521579711,0.00017870554254050908,0.9710746021571195,0.9311570889859794,0.9986820526609524,0.00019789518504413815,0.551075734328172,0.00019789518504413815
00824-Dd4bFSTQ8gi,0_1_81,106,closet door,0_1,1.2890030542621658,0.9379357107032127,5.513481498009908,4.0260480882183604e-07,0.9556043365950226,0.9425392468235532,0.9996021129681336,4.471716245884633e-07,0.681393502252842,4.471716245884633e-07
00824-Dd4bFSTQ8gi,0_1_82,545,wood,0_1,1.4022735986855006,1.2124838846259325,5.877667731785707,0.0025805028388235377,0.9642935630806179,0.9339388564256441,0.9970464191424558,0.002873831169420551,0.6572200306293818,0.002873831169420551
00824-Dd4bFSTQ8gi,0_1_83,405,shelf,0_1,1.2928739417330044,1.5141195841275519,6.017179901397764,0.47890181373651114,0.9524290102627094,0.9116557956813418,0.9992277454329426,0.5519738264921621,0.5519738264921621,0.9999440312711072
00824-Dd4bFSTQ8gi,0_1_84,82,cardboard,0_1,1.6455306259561069,1.9222901036196824,6.285889471626623,0.0727369749144147,0.9134756230895297,0.9464699703972861,0.9951100560881219,0.08454351856415826,0.7042638206937686,0.08454351856415826
00824-Dd4bFSTQ8gi,0_1_85,405,shelf,0_1,1.2940288905656563,1.2574953487913287,5.9873282253201126,0.5467063024307189,0.9698794321739512,0.914899043417998,0.9993534575145456,0.6165155543323909,0.6165155543323909,0.9999560090478172
00824-Dd4bFSTQ8gi,0_1_86,545,wood,0_1,1.2882792559688112,1.367031216202395,5.511899996598006,5.809312126295831e-05,0.9094783961337365,0.8967977084384411,0.9992009977875858,7.128283684702332e-05,0.5610923528510836,7.128283684702332e-05
00824-Dd4bFSTQ8gi,0_1_87,545,wood,0_1,1.2864058167443573,1.3544388590245038,5.410766833386555,0.002088243004763238,0.9380285534296977,0.8974107627336243,0.9986569100431573,0.002484033175120186,0.8863394504943912,0.002484033175120186
00824-Dd4bFSTQ8gi,0_1_88,545,wood,0_1,1.2813992612369565,1.3527097104781587,5.1532661902634915,0.19989933778092342,0.9508373052935465,0.9605801463334473,0.9840572718663181,0.22240838761979415,0.9926824635228678,0.22240838761979415
00824-Dd4bFSTQ8gi,0_1_89,405,shelf,0_1,1.2906411678320755,1.4436532266070121,5.987183893540361,0.657473170951052,0.9445745755164398,0.9624868941181972,0.9994311721690107,0.7235925192014232,0.7235925192014232,0.9999801643572505
00824-Dd4bFSTQ8gi,0_1_9,326,partial,0_1,5.161672904859946,0.35782697784975503,4.9847007508340875,0.10331519791982259,0.9570596029988906,0.9115689408263052,0.977862634324559,0.1211038237916187,0.577632460213811,0.1211038237916187
00824-Dd4bFSTQ8gi,0_1_90,545,wood,0_1,1.284711323251278,0.8701380543307448,5.152493398450691,0.009435193936486248,0.901651717502167,0.9701399778101983,0.9650892780451229,0.011176610721795781,0.7948076571163364,0.011176610721795781
00824-Dd4bFSTQ8gi,0_1_91,405,shelf,0_1,1.302938767901323,1.6596703286161367,5.970277382152681,0.26410050568077553,0.9809919990090465,0.9550332621794047,0.9966711521015063,0.2828351502241471,0.7057811590951429,0.2828351502241471
00824-Dd4bFSTQ8gi,0_1_92,405,shelf,0_1,1.2911044894384398,1.334179196561067,5.997935594723296,0.446555525863621,0.9266823623125247,0.9453421257987178,0.9991561161404248,0.510178565689077,0.510178565689077,0.9999455117698018
00824-Dd4bFSTQ8gi,0_1_93,82,cardboard,0_1,1.2788643181919739,1.9913199940638644,5.331990181022627,0.1178989531806479,0.9672252369626764,0.9241674195695627,0.9964693435322614,0.13236334484280937,0.6773532844322351,0.13236334484280937
00824-Dd4bFSTQ8gi,0_1_94,82,cardboard,0_1,2.502993420920362,0.0044639042945086695,4.593256867536799,0.7126866777040259,0.9402926396194706,0.9661887581523163,0.9989455579741017,0.7852931404727531,0.9321709067379648,0.7852931404727531
00824-Dd4bFSTQ8gi,0_1_95,545,wood,0_1,1.5407372639308665,0.7790552428921679,5.928760991052395,0.00011621194517804582,0.9585212299799162,0.9727957447429223,0.9988241986674213,0.00012477808509121855,0.5232552787840757,0.00012477808509121855
00824-Dd4bFSTQ8gi,0_1_96,106,closet door,0_1,1.9390382978601144,0.03866848936624698,5.158595199649824,0.6069529803360324,0.983546085006661,0.9708874782092028,0.999283496498323,0.6360667876551825,0.8593315171786939,0.6360667876551825
00824-Dd4bFSTQ8gi,0_1_97,106,closet door,0_1,1.290589027861582,0.6899421208199673,5.164858676915813,1.3746853108843714e-07,0.9560548258114138,0.9512871332152081,0.9996810521326032,1.5119847497954662e-07,0.6131113722860055,1.5119847497954662e-07
00824-Dd4bFSTQ8gi,0_1_98,106,closet door,0_1,2.011709639872379,1.415952267659368,4.508480154120294,0.36754653478640514,0.9658950519261753,0.9117579937778661,0.9968701651380482,0.41866264538246223,0.5744032137378154,0.41866264538246223
00824-Dd4bFSTQ8gi,0_1_99,82,cardboard,0_1,4.872766765092611,1.5554814839749205,7.498429740267081,0.0684610495028094,0.9643527057960932,0.9171626778953679,0.9949123537345212,0.07779943660902304,0.7299088541225606,0.07779943660902304
00824-Dd4bFSTQ8gi,0_2_0,250,heater,0_2,-5.193224005065833,1.4236100926507043,4.6116036927541835,0.6092704927098977,0.9421953848692144,0.9281121905141625,0.9978804012842127,0.6982166529706803,0.6982166529706803,0.9964932285666686
00824-Dd4bFSTQ8gi,0_2_1,82,cardboard,0_2,-3.9399442227079144,1.4059159527120966,4.11772421851326,0.5124054003510887,0.9613187721565095,0.9427802366870021,0.9988917690905944,0.5660012244049553,0.6179137716954863,0.5660012244049553
00824-Dd4bFSTQ8gi,0_2_10,106,closet door,0_2,-4.502911427517322,0.8769526697238583,3.0815175491351594,0.8916158176018176,0.9710484553678136,0.9380132905815022,0.9999437590979434,0.9789314845447316,0.9789314845447316,0.9979724142920234
00824-Dd4bFSTQ8gi,0_2_100,82,cardboard,0_2,-4.523711468504802,1.9938302703219442,1.9281973354627782,0.024753952105484308,0.9406944576375827,0.9709171459000252,0.99760559588122,0.027167827678874698,0.6127849382493022,0.027167827678874698
00824-Dd4bFSTQ8gi,0_2_101,545,wood,0_2,-4.996553398338092,1.5640627693607334,1.599272432923188,0.4694559978140155,0.7157686038149728,0.9999966387088371,0.9974920814270614,0.6575279983125638,0.6575279983125638,0.98579160568176
00824-Dd4bFSTQ8gi,0_2_102,545,wood,0_2,-5.009184209652032,0.6651617463129107,1.5979033841911805,0.5897177808231565,0.971417809120026,0.9315205691861475,0.9973518127528663,0.6534273837707055,0.6534273837707055,0.9844766510925846
00824-Dd4bFSTQ8gi,0_2_103,244,handle,0_2,-4.446581154475499,1.0490581283736284,1.6058406742843934,0.6345893384339384,0.9561949172777673,0.9423188673413869,0.9924656931932572,0.7096316065015617,0.7096316065015617,0.7937857283330731
00824-Dd4bFSTQ8gi,0_2_104,484,toilet,0_2,-3.0478177569899736,0.728402752605166,1.963810707148394,0.8845847998952434,0.9487209685146809,0.9594895635434088,0.9994742601208347,0.9722749661281221,0.9722749661281221,0.9967414809398567
00824-Dd4bFSTQ8gi,0_2_105,106,closet door,0_2,-4.270515921502072,1.4911799510944552,1.5869356360909215,0.4922438726689738,0.8442992644921856,0.9214020086319012,0.998606666245291,0.6336366545953956,0.6590076593968601,0.6336366545953956
00824-Dd4bFSTQ8gi,0_2_106,221,glass,0_2,-3.8703081810870574,1.5145157125433595,1.5189337750789125,0.43571026068539076,0.9628675685574611,0.9500876729084431,0.9978511008771818,0.4773113969740836,0.7718028473783781,0.4773113969740836
00824-Dd4bFSTQ8gi,0_2_107,221,glass,0_2,-3.708623306023822,1.5984093187495187,1.557911376365723,0.22116321406034872,0.8917258721258904,0.9430983434499213,0.9967692874328745,0.26383347365121324,0.7521555217282033,0.26383347365121324
00824-Dd4bFSTQ8gi,0_2_108,326,partial,0_2,-3.0662505832409175,1.4299561240783245,1.5784368392838133,0.05509887233831144,0.9830178360280605,0.9270485254583978,0.9979272388681565,0.060587072487118435,0.7051257329452225,0.060587072487118435
00824-Dd4bFSTQ8gi,0_2_109,221,glass,0_2,-4.039921917159192,1.2814201369069333,1.5868823821378204,0.37266194307575284,0.9798325225964291,0.9481596541158317,0.9978388565275074,0.40199561017375046,0.5741086441783481,0.40199561017375046
00824-Dd4bFSTQ8gi,0_2_11,326,partial,0_2,-2.089762100843184,1.6143792677964632,1.5423772847802535,0.5069513882423551,0.9354768991470337,0.9125493552874656,0.9951086559085959,0.5967691754540259,0.5967691754540259,0.8467989786812941
00824-Dd4bFSTQ8gi,0_2_110,221,glass,0_2,-3.8632580069628477,1.91126754136228,1.5158898860176322,0.378252642533751,0.9793416607245166,0.9556301458899723,0.997098832573919,0.4053402136276557,0.7442442626885863,0.4053402136276557
00824-Dd4bFSTQ8gi,0_2_111,13,artwork,0_2,-2.4515580447101577,1.676729598674898,2.3715021556306297,0.4049913651705881,0.9664104439236875,0.9074477078342029,0.9981154079389671,0.46268112318895793,0.7510294771073726,0.46268112318895793
00824-Dd4bFSTQ8gi,0_2_112,82,cardboard,0_2,-2.1272172140808605,2.3453048334139925,4.047697291331414,0.47969084719829336,0.9853983356118805,0.9485048538102778,0.9930341356622503,0.5168278071798855,0.5168278071798855,0.5316263317556501
00824-Dd4bFSTQ8gi,0_2_113,326,partial,0_2,-2.423736131023159,2.1240667832385345,3.140532878278743,0.0022083978029319917,0.9018033626097595,0.9083024307308705,0.9398471234553464,0.0028686513163253087,0.7180664413127381,0.0028686513163253087
00824-Dd4bFSTQ8gi,0_2_114,82,cardboard,0_2,-2.298823456312788,2.0591649343893925,3.533443485929564,0.019978148382766354,0.975630308427508,0.9513947294934744,0.9918297227012116,0.021700617442989133,0.7252522753626011,0.021700617442989133
00824-Dd4bFSTQ8gi,0_2_115,316,overhang,0_2,-3.098389031911467,2.4479584329406068,1.790067466654091,0.4409329152443674,0.9527169490513011,0.9282139519033398,0.9795580761703093,0.5090147258050868,0.5090147258050868,0.9336894191814802
00824-Dd4bFSTQ8gi,0_2_116,316,overhang,0_2,-3.100205363922424,2.449981474141273,2.697032136305081,0.7341051617325597,0.9366441074545535,0.9341917714722368,0.9932127886428618,0.8447055194551639,0.8447055194551639,0.8555565859849392
00824-Dd4bFSTQ8gi,0_2_117,82,cardboard,0_2,-2.4762100019327744,1.4761729361983273,3.214870853606195,0.07658153721298859,0.9576831924597452,0.9587425999746837,0.9978490350165214,0.08358634739018736,0.6094057491176937,0.08358634739018736
00824-Dd4bFSTQ8gi,0_2_118,319,pan,0_2,-2.408255488576607,2.3263229432600427,3.1957522263921,0.44648549927987474,0.9795660838865262,0.9548193678583632,0.9155692133060522,0.5213882242422175,0.5213882242422175,
00824-Dd4bFSTQ8gi,0_2_119,106,closet door,0_2,-3.607743123555603,1.3362355872919949,3.0123808505112497,0.8139453624018615,0.9552922398176107,0.8900895315350317,0.9999830611990481,0.9572660714991962,0.9572660714991962,0.9946926643772109
00824-Dd4bFSTQ8gi,0_2_12,82,cardboard,0_2,-5.200315449013332,1.2012277078640716,4.720307161953234,0.275685721835103,0.946053264713755,0.9388933250816753,0.9988792047972093,0.31072018144058966,0.6199746682166163,0.31072018144058966
00824-Dd4bFSTQ8gi,0_2_120,484,toilet,0_2,-2.122427298633889,0.47585771461384385,1.9707705021718342,0.48919816455784937,0.9653797518222951,0.9826860146816048,0.9972623318435584,0.5170855989601326,0.5170855989601326,0.9671269266115887
00824-Dd4bFSTQ8gi,0_2_121,82,cardboard,0_2,-4.004800117327951,2.1864119366864565,3.5506257402465966,0.005616301604211193,0.9803334756295867,0.9596440184592478,0.9852285314398698,0.006059397569588713,0.5010666997889608,0.006059397569588713
00824-Dd4bFSTQ8gi,0_2_122,106,closet door,0_2,-3.6894821872034886,1.8341622305749905,3.3040753863197554,0.7640452888976531,0.9273767605857414,0.9599481561513936,0.9999384389901473,0.8583054126734371,0.8583054126734371,0.9857760038696375
00824-Dd4bFSTQ8gi,0_2_123,106,closet door,0_2,-3.6046256724807053,1.8313502444722285,3.0133661859376764,0.6789387744945398,0.9186111017099031,0.9987543292694658,0.9998988720426498,0.7400893745860089,0.7400893745860089,0.9882156083277823
00824-Dd4bFSTQ8gi,0_2_124,545,wood,0_2,-3.7921639034912653,0.15556089790002678,5.423440761477299,0.17898449110542852,0.9749969641367594,0.9619556482333077,0.9907587157082992,0.19261459298904435,0.5903763209683656,0.19261459298904435
00824-Dd4bFSTQ8gi,0_2_125,326,partial,0_2,-2.515390607005804,0.9574705779687142,3.146882595120077,0.17305733633355747,0.9750914048690061,0.9679088925350816,0.9953158529061253,0.18422530546952826,0.7883788783217266,0.18422530546952826
00824-Dd4bFSTQ8gi,0_2_126,44,blanket,0_2,-3.455201735563641,0.381162286699682,5.374822767683581,0.6465987866594174,0.9806013517565542,0.9524723612567101,0.9966144259173799,0.6946448915837045,0.6946448915837045,0.9941679228293483
00824-Dd4bFSTQ8gi,0_2_127,326,partial,0_2,-2.465123541741976,1.5547666193836243,2.8046203980733404,0.021099883439555826,0.8287659775127064,0.9692424887395859,0.9823823251567811,0.026738384110095537,0.5149980488598455,0.026738384110095537
00824-Dd4bFSTQ8gi,0_2_128,478,tile,0_2,-2.491002510684474,0.6776165913666942,2.2934334057666836,0.7949673829825604,0.9814264457067156,0.9234957920336362,0.9946171066835033,0.8818621612845156,0.8995873336130433,0.8818621612845156
00824-Dd4bFSTQ8gi,0_2_129,244,handle,0_2,-1.974833819297691,2.0555796880447095,4.172607468673814,0.4948400228038104,0.9785196843270656,0.9206025057897467,0.9916777099287308,0.5539270165283143,0.5539270165283143,0.8065469061107419
00824-Dd4bFSTQ8gi,0_2_13,478,tile,0_2,-2.123561978431107,0.718528070175867,1.6028800115964383,0.8691146616499833,0.9317364356355323,0.9466497056260001,0.9999893632416806,0.9853699475809503,0.9997014441947945,0.9853699475809503
00824-Dd4bFSTQ8gi,0_2_130,106,closet door,0_2,-3.6541079036991113,1.425349378923603,3.1735125432062734,0.9292708473777587,0.9621907472610474,1.0,0.999990285711724,0.9657958957884593,0.9657958957884593,0.994451755171983
00824-Dd4bFSTQ8gi,0_2_131,420,sink,0_2,-3.2475818858957433,0.7087750579066171,2.772532518113058,0.5749608678478547,0.9620556405021085,0.9010083583719094,0.9998099226911581,0.6634250024921268,0.9097815367643871,0.6634250024921268
00824-Dd4bFSTQ8gi,0_2_132,13,artwork,0_2,-2.4147946671763116,2.0808420565998396,2.059277448650873,0.28274749425770757,0.9838398620749064,0.9533530201915124,0.9972469349170617,0.30228590206429035,0.5752315787172095,0.30228590206429035
00824-Dd4bFSTQ8gi,0_2_133,420,sink,0_2,-3.0147598773180353,0.8871871672065824,3.315884198725137,0.3714491082381887,0.9845735762889187,0.9501939885730822,0.9996838147870353,0.39716978758675836,0.8006976687979572,0.39716978758675836
00824-Dd4bFSTQ8gi,0_2_134,478,tile,0_2,-4.367835489412917,0.018650742361934234,2.8225428972013855,0.442342536891801,0.9819331566492716,0.9518084117219336,0.9998791222150298,0.4733471215522133,0.9959220839905931,0.4733471215522133
00824-Dd4bFSTQ8gi,0_2_135,478,tile,0_2,-4.367581207348017,0.02376737437067612,3.174432418244272,0.241140416242653,0.9874894539876846,0.9572458030665991,0.9998879872116208,0.255130698672014,0.9949386696688723,0.255130698672014
00824-Dd4bFSTQ8gi,0_2_136,478,tile,0_2,-4.073386238376322,0.025118785043247747,3.462397962971037,0.13354529421673406,0.9317893350340071,0.9386770145501293,0.999835399217894,0.1527095374133551,0.9889389252197965,0.1527095374133551
00824-Dd4bFSTQ8gi,0_2_137,244,handle,0_2,-3.0984393191132265,0.27551447158363146,1.584745868754831,0.38893884325640343,0.915214399626077,0.9332677918127386,0.9909653656246484,0.4595086800351851,0.6981534894673972,0.4595086800351851
00824-Dd4bFSTQ8gi,0_2_138,478,tile,0_2,-4.3585320916411225,0.02849060563369801,3.462008049604672,0.13492043754783734,0.9213914496061137,0.9443042776291595,0.9998353255875264,0.15509333302708472,0.9919510092340846,0.15509333302708472
00824-Dd4bFSTQ8gi,0_2_139,420,sink,0_2,-3.408423793125957,0.6066655693888326,2.815976919084926,0.08975277779390733,0.9809691106329633,0.9286809157957854,0.9995447895822246,0.09856524046039726,0.6218876087546674,0.09856524046039726
00824-Dd4bFSTQ8gi,0_2_14,326,partial,0_2,-2.199871531423993,2.1169897629985917,1.6237229893544025,0.13718195071286024,0.9920737721131421,0.9486069225499041,0.99516877386174,0.14647718193729903,0.6687924903279127,0.14647718193729903
00824-Dd4bFSTQ8gi,0_2_140,478,tile,0_2,-3.4470499931137364,0.023160041740221085,2.7809860382729705,0.8182417881657389,0.9738104364502262,0.9462167740446661,0.999909710489248,0.8880875915485748,0.9860274341907775,0.8880875915485748
00824-Dd4bFSTQ8gi,0_2_141,478,tile,0_2,-2.508774643672284,1.0039097338177514,2.8326399605566825,0.00011353011131276211,0.9587501674799168,0.9284044261518043,0.9867385855926021,0.00012926063863639517,0.6519000643183543,0.00012926063863639517
00824-Dd4bFSTQ8gi,0_2_142,478,tile,0_2,-3.706335488994354,0.012074780851977891,2.465946814607775,0.8806211637587203,0.9736959553266415,0.9240350121788543,0.9999304190158997,0.9788306165854209,0.9962186175196643,0.9788306165854209
00824-Dd4bFSTQ8gi,0_2_143,478,tile,0_2,-3.4714503056997055,0.017870005587263867,2.4818121622212614,0.836089512799929,0.9821725843750495,0.8930649686517038,0.9999241874675531,0.9532676185914106,0.9939893411303204,0.9532676185914106
00824-Dd4bFSTQ8gi,0_2_144,244,handle,0_2,-3.596498085218688,0.9325208371040762,2.884537740758107,0.2174602584447175,0.9877770870426388,0.9016252814160993,0.9992351277955658,0.24435834672834295,0.744345661519498,0.24435834672834295
00824-Dd4bFSTQ8gi,0_2_145,244,handle,0_2,-3.122871043582616,0.09858590192436716,1.6321647682695328,0.08733099979111236,0.9523772162455373,0.947680668623009,0.9742405445728378,0.09931874284850671,0.8600568261309809,0.09931874284850671
00824-Dd4bFSTQ8gi,0_2_146,420,sink,0_2,-3.410834087658226,0.20035976986353066,2.6167036877357415,0.02981021499699319,0.8943879720753134,0.9521856660792815,0.9996228757647236,0.03501719322221851,0.6968761579993983,0.03501719322221851
00824-Dd4bFSTQ8gi,0_2_147,106,closet door,0_2,-3.648762566041256,0.7030423048814245,3.142704857509158,0.8763984581644853,0.9873156791490633,0.9440223302845075,0.999990700907083,0.9403019615610978,0.9403019615610978,0.9959413725557139
00824-Dd4bFSTQ8gi,0_2_148,244,handle,0_2,-3.2494361339415665,0.30064860993500137,1.5843872260679432,0.4525988410713641,0.9787457977984079,0.9740594081238966,0.9929887564573221,0.47809450337383164,0.6206792085255054,0.47809450337383164
00824-Dd4bFSTQ8gi,0_2_149,158,drawer,0_2,-3.4092921445311815,0.6094810358183971,2.4882725261257486,0.6657207965113084,0.9761459492828883,0.9591722822121937,0.9996250069167952,0.71128497598525,0.7340564930016559,0.71128497598525
00824-Dd4bFSTQ8gi,0_2_15,82,cardboard,0_2,-4.3309133855736786,2.4533181452450123,4.95012149142971,0.11150272238581184,0.9446964081606746,0.9323532152104261,0.9937246230703412,0.12739332791552171,0.6018998592806944,0.12739332791552171
00824-Dd4bFSTQ8gi,0_2_150,545,wood,0_2,-5.226146298637215,0.18947790853648988,2.7368973723414327,0.00023375974126121058,0.9760204264991155,0.932923988734002,0.9830901668578967,0.00026113867633525457,0.8825079776097491,0.00026113867633525457
00824-Dd4bFSTQ8gi,0_2_151,106,closet door,0_2,-4.511861642852083,0.4999399206984902,3.092576322721029,0.9316312671410788,0.9921643043534781,0.9554704868165984,0.9999177284428052,0.982831149424508,0.982831149424508,0.9954514418099322
00824-Dd4bFSTQ8gi,0_2_152,518,vanity,0_2,-3.4099855619181025,0.4370791601316394,2.5211362412100224,0.44565272269315925,0.921340560623179,0.9628195028756651,0.9998331689754213,0.5024628466900316,0.5024628466900316,
00824-Dd4bFSTQ8gi,0_2_153,106,closet door,0_2,-4.513985506361799,0.4957038553406234,2.7531659070385657,0.9024558435059564,0.9611599952587384,0.9580064487320031,0.999948971815044,0.9801307261329667,0.9801307261329667,0.998727018182411
00824-Dd4bFSTQ8gi,0_2_154,106,closet door,0_2,-3.6154045413790277,0.5527909272141975,3.0223166247927358,0.7936582384682028,0.9339394109495036,0.9598649963777246,0.9999764747349262,0.8853497905953541,0.8853497905953541,0.9945028411016706
00824-Dd4bFSTQ8gi,0_2_155,106,closet door,0_2,-3.692215668880406,1.2746905999266498,3.3022071400559563,0.8470040159870461,0.9929533823633498,0.9128853343872985,0.9999792072708698,0.9344356738668751,0.9344356738668751,0.9923197943270557
00824-Dd4bFSTQ8gi,0_2_156,244,handle,0_2,-4.544254969521533,0.6287307613873214,2.5242513785509355,0.12936375613304563,0.91344431251507,0.9646034094994571,0.9971788822134067,0.14723419143474162,0.6686483006390779,0.14723419143474162
00824-Dd4bFSTQ8gi,0_2_157,316,overhang,0_2,-5.075644851600562,0.023674429479312826,2.6672062316389455,0.6905597247156497,0.974281853900217,0.9464900570947299,0.970316005849643,0.7717690892466067,0.7717690892466067,0.8793558887338693
00824-Dd4bFSTQ8gi,0_2_158,106,closet door,0_2,-4.519833793697556,1.938361879455688,2.8860019611604253,0.8198653550877153,0.9471154170269402,0.9417986609362913,0.9997949924661553,0.9193282441551152,0.9193282441551152,0.9964686976595193
00824-Dd4bFSTQ8gi,0_2_159,273,knife,0_2,-3.47336770859234,2.2146463038343405,5.515174804933359,0.485828439613266,0.9870273823715147,0.9569317912040664,0.960670050619474,0.5354248188845535,0.6112853196126358,0.5354248188845535
00824-Dd4bFSTQ8gi,0_2_16,484,toilet,0_2,-2.084745135465056,0.3817956939007783,1.9700710164942128,0.9126480043565247,0.9798519128319236,0.9522284291156885,0.9998498556715526,0.9782884634762995,0.9782884634762995,0.9881926670353969
00824-Dd4bFSTQ8gi,0_2_160,250,heater,0_2,-5.153250333542384,1.9901663218033308,4.961661868206161,0.5523578546362171,0.9808836008089991,0.9616701668839194,0.9975976079155677,0.5869775860000409,0.5869775860000409,0.9880496531523633
00824-Dd4bFSTQ8gi,0_2_161,100,chest,0_2,-2.5441742074724596,0.5705773682064644,7.259802894315583,0.7461420257789931,0.8904989760976119,0.9860645069765694,0.9999231878843781,0.8497987951813323,0.8497987951813323,0.9987370864879018
00824-Dd4bFSTQ8gi,0_2_162,82,cardboard,0_2,-2.010016730615665,1.3112535375844505,6.620749478648284,0.20703794920004115,0.978185013350832,0.9087826119442662,0.9986618600482112,0.2332117776742124,0.8063486270405069,0.2332117776742124
00824-Dd4bFSTQ8gi,0_2_163,545,wood,0_2,-2.241242762280008,0.014879488867227286,7.069204562946133,0.1309236110540222,0.9841778497690113,0.9469605962494609,0.9988185831259693,0.14064550828360334,0.6086394865957939,0.14064550828360334
00824-Dd4bFSTQ8gi,0_2_164,48,book,0_2,-2.3933202160761913,0.7852717078839171,7.297875893501402,0.0018512506956618001,0.976943165470623,0.9507542637434221,0.9978985865584589,0.0019972905470027552,0.9612926724461973,0.0019972905470027552
00824-Dd4bFSTQ8gi,0_2_165,44,blanket,0_2,-3.057602343059119,0.6074989278304147,6.9239481543373795,0.831029194571053,0.982463236967512,0.9447697407966493,0.988202795371867,0.9059994195874327,0.9059994195874327,0.9944338237419187
00824-Dd4bFSTQ8gi,0_2_166,82,cardboard,0_2,-2.592479011643577,2.444816229356232,7.598517571595222,0.035262586887216,0.9732413781581455,0.8895032976253279,0.9980941337035637,0.040810746488614796,0.6945143960819713,0.040810746488614796
00824-Dd4bFSTQ8gi,0_2_167,82,cardboard,0_2,-2.0289024220688208,0.1277182256495954,6.893474400119289,0.6191283313541512,0.9825832818915731,0.9200019574491618,0.998659804820546,0.6858118510563995,0.6951538711190534,0.6858118510563995
00824-Dd4bFSTQ8gi,0_2_168,451,stick,0_2,-2.1432338545267586,2.46370734123249,6.315081391086683,0.0007420279835260318,0.9805093748240153,0.9075325009829689,0.990365114076751,0.0008419979080192326,0.509106264870996,0.0008419979080192326
00824-Dd4bFSTQ8gi,0_2_169,100,chest,0_2,-2.5576946713251116,0.13691766114461995,7.382396848531878,0.5455942213119462,0.9477227049863213,0.9335921561621523,0.9983475490964684,0.6176600698277696,0.6176600698277696,0.977554941619072
00824-Dd4bFSTQ8gi,0_2_17,478,tile,0_2,-1.5824165429501353,0.7007597901860383,1.6018267428040782,0.6807800535772349,0.7218262751897175,0.9431906198982549,0.9999982699238814,0.999943390929523,0.999943390929523,0.9999870367673831
00824-Dd4bFSTQ8gi,0_2_170,542,window shade,0_2,-3.3974162377235637,1.6466740913504259,7.6368185059814415,0.5194164440367611,0.9415747400903717,0.9006963554687809,0.998462679126079,0.6134097206268374,0.6134097206268374,0.9703978770483316
00824-Dd4bFSTQ8gi,0_2_171,82,cardboard,0_2,-2.42947864107793,2.4719928269148648,7.4588699853444425,0.21451974295089654,0.9839821061326399,0.8998836821799548,0.9935477706980145,0.2438399929829778,0.6153947992726683,0.2438399929829778
00824-Dd4bFSTQ8gi,0_2_172,364,prop,0_2,-2.620746189863624,0.7835027297001241,7.3778418671191535,0.004941206360502505,0.9597954059832474,0.9595718461650053,0.9921985866843136,0.0054072720905706,0.8103919644793779,0.0054072720905706
00824-Dd4bFSTQ8gi,0_2_173,480,tissue,0_2,-3.1475692211656345,0.793233666945776,7.466032391248408,0.2840080687816164,0.9557157587789034,0.8874425082402169,0.9880977260169275,0.3388923803503606,0.5373698172940017,0.3388923803503606
00824-Dd4bFSTQ8gi,0_2_174,82,cardboard,0_2,-2.3389888416346567,1.1843771899034217,7.61549385234544,0.038776667747428314,0.9830539070309687,0.8802982169221036,0.9984696322191826,0.044877480727353994,0.5384653771509562,0.044877480727353994
00824-Dd4bFSTQ8gi,0_2_175,248,headboard,0_2,-3.2584620552812513,1.224179925644041,7.63650817608206,0.8385732031023408,0.9808194465901878,0.887304293531744,0.9994539780933249,0.964087669493994,0.964087669493994,0.9997107341814789
00824-Dd4bFSTQ8gi,0_2_176,248,headboard,0_2,-3.197140434063107,1.2132289517109076,7.636394995555519,0.9024954646213285,0.9794999763318354,0.957809614104463,0.9994495377383967,0.9624995492551762,0.9624995492551762,0.9997057974325967
00824-Dd4bFSTQ8gi,0_2_177,310,nightstand,0_2,-2.0771536334263443,0.349472288763868,7.590280047816267,0.08380040775429048,0.9801911154940978,0.9498673145061571,0.9987396797559609,0.090119779786106,0.6286028247641503,0.090119779786106
00824-Dd4bFSTQ8gi,0_2_178,248,headboard,0_2,-3.0278021479452795,0.7960194799577144,7.5463421672663715,0.4964775526035362,0.9151042103767395,1.0,0.9947334215419775,0.5454090676872746,0.5454090676872746,0.9311378252575429
00824-Dd4bFSTQ8gi,0_2_179,44,blanket,0_2,-3.004976609984177,0.5407790765891237,7.380086261766717,0.003296767430652628,0.9558793028473577,0.9642507474404654,0.987007008573947,0.003623890213732935,0.5986960707989928,0.003623890213732935
00824-Dd4bFSTQ8gi,0_2_18,478,tile,0_2,-2.123906240717409,0.931150453712754,1.6043363627998564,0.9464022375439778,0.9703891836720628,0.9809591045208201,0.9999966573688815,0.9942151133527924,0.9996819158161281,0.9942151133527924
00824-Dd4bFSTQ8gi,0_2_180,82,cardboard,0_2,-4.454642981892013,1.429553498001277,7.620173510601462,0.02287911310825232,0.9884453276995898,0.864231969880519,0.9987462612769671,0.026816434766589927,0.6095012698865909,0.026816434766589927
00824-Dd4bFSTQ8gi,0_2_181,13,artwork,0_2,-5.157253812432988,1.5004927444116607,6.448740556258809,0.7562580532614288,0.900142788828588,0.892051710934114,0.987969603781772,0.9532899008042083,0.9532899008042083,0.9998993542873034
00824-Dd4bFSTQ8gi,0_2_182,545,wood,0_2,-4.3765796012762115,0.027572418002981585,4.513498007942159,0.6399425004856402,0.9584087577048791,0.9101072253008862,0.9955082032747247,0.7369750327260361,0.7369750327260361,0.9540581707807605
00824-Dd4bFSTQ8gi,0_2_183,542,window shade,0_2,-4.049483389967664,1.7843041858373283,7.639756849404104,0.6748599928294168,0.931689755032811,0.973927451766655,0.9986380263017408,0.744745103504287,0.744745103504287,0.9786763654771976
00824-Dd4bFSTQ8gi,0_2_184,248,headboard,0_2,-4.13011170736831,1.1842786774244207,7.6400140602396425,0.8198352318134681,0.9749991002613381,0.9130298197236327,0.999577728772043,0.9213419164285775,0.9213419164285775,0.9993611963193029
00824-Dd4bFSTQ8gi,0_2_185,82,cardboard,0_2,-4.619046206841471,2.440493251228033,7.606002110435667,0.14349082575403468,0.9241074702428905,0.9203908174500409,0.9984524898382404,0.16896703078908903,0.5063550484958209,0.16896703078908903
00824-Dd4bFSTQ8gi,0_2_186,250,heater,0_2,-5.154817292703787,1.9940244858934755,4.308046093417609,0.49407359160722114,0.9056131330728531,0.9332691986593822,0.9969523049614877,0.5863644266799596,0.5863644266799596,0.9795061281656878
00824-Dd4bFSTQ8gi,0_2_187,44,blanket,0_2,-4.2839047159186325,0.651399492138914,5.672484423830831,0.7587475207011986,0.958107376345624,0.9447225719488779,0.9965340117672976,0.8411756327124371,0.8411756327124371,0.9995222343165937
00824-Dd4bFSTQ8gi,0_2_188,545,wood,0_2,-5.025589739720661,0.8800950557243484,1.5965071764028615,0.688341087770507,0.982861119212727,0.9266827971717069,0.9982614583697257,0.7570701687528124,0.7570701687528124,0.977463800462644
00824-Dd4bFSTQ8gi,0_2_189,250,heater,0_2,-5.172501654537417,1.0226585883828554,4.446669028043443,0.6044495887127169,0.9799028988789631,0.9604398458319674,0.9976300714161235,0.6437797961805302,0.6437797961805302,0.9938223667091729
00824-Dd4bFSTQ8gi,0_2_19,82,cardboard,0_2,-2.262090242766405,1.4633018766766526,2.291445005816782,0.6423199114974675,0.8747570176396454,0.9426612970481587,0.998824507219159,0.7798643782057179,0.9013006807568672,0.7798643782057179
00824-Dd4bFSTQ8gi,0_2_190,106,closet door,0_2,-5.1157010358755075,0.9196897404791374,3.6730190704029817,0.3557861066870632,0.9200337839978082,0.8949927101016188,0.9975349173646088,0.43314928865780217,0.7055405368039702,0.43314928865780217
00824-Dd4bFSTQ8gi,0_2_191,82,cardboard,0_2,-5.189223489344776,0.1105735932310172,4.594939947513772,0.6661198168568158,0.9384307537162514,0.9638716328480268,0.9979953705632337,0.7379083019699002,0.7379083019699002,0.9194293689695227
00824-Dd4bFSTQ8gi,0_2_192,545,wood,0_2,-4.005700279846686,0.03124383128131693,5.163314576319926,0.5936036358872835,0.9551338038988099,0.9373744987397812,0.9971857453176598,0.6648798028696669,0.6648798028696669,0.8545128130113048
00824-Dd4bFSTQ8gi,0_2_193,44,blanket,0_2,-4.486915262776469,0.3663538154671365,5.3245519856778145,0.6419438457744135,0.9196503999498155,0.9329969855137517,0.9947827018218633,0.7520830662879341,0.7520830662879341,0.9966633226258493
00824-Dd4bFSTQ8gi,0_2_194,545,wood,0_2,-3.0049988068142053,0.03026662757888804,4.125356697843442,0.6202372036937303,0.9682641253912018,0.9228284866440069,0.9928617519196652,0.6991239800353245,0.6991239800353245,0.9799986953449982
00824-Dd4bFSTQ8gi,0_2_195,100,chest,0_2,-2.681569931244493,0.553817057127364,7.18365962930312,0.8064397338274673,0.9816922396722467,0.9149669217929375,0.9998894892730401,0.8979231384805239,0.8979231384805239,0.9984954972910254
00824-Dd4bFSTQ8gi,0_2_196,82,cardboard,0_2,-2.872597855474899,0.9300781563417562,7.624176529783846,0.005032157921788451,0.8647666744563891,0.999539291964006,0.9986820069037694,0.005829458579071915,0.6906175203324808,0.005829458579071915
00824-Dd4bFSTQ8gi,0_2_197,82,cardboard,0_2,-4.808986311355793,1.3221843484280937,7.624974284740058,0.013923266058228074,0.980723786354065,0.9530353390182615,0.9988205700260915,0.014914130222071439,0.6365681453715494,0.014914130222071439
00824-Dd4bFSTQ8gi,0_2_198,100,chest,0_2,-2.766054280918289,0.7514464544695846,7.51633132720133,0.567144669882341,0.7978979710075591,0.8922486304561743,0.9996305708317886,0.7969316495437787,0.7969316495437787,0.999298938249186
00824-Dd4bFSTQ8gi,0_2_199,44,blanket,0_2,-3.890793017391611,0.5788292482324792,5.470372526556739,0.7113582981924587,0.9562235673859952,0.8810931770791225,0.9962264860204858,0.8475182068564604,0.8475182068564604,0.9982329086525514
00824-Dd4bFSTQ8gi,0_2_2,139,decoration,0_2,-2.8905403767765225,1.6753432581364534,3.675196705183904,0.8707483518372573,0.977796998038035,0.9136541244650005,0.9992588998606112,0.9754030683988488,0.9754030683988488,0.9999899193567982
00824-Dd4bFSTQ8gi,0_2_20,342,plant,0_2,-2.2934216250340262,1.0958960566741398,2.392333789437242,0.17800811399442204,0.982753731987693,0.9497720260555331,0.9974232243682267,0.19120368007290447,0.9481298308521461,0.19120368007290447
00824-Dd4bFSTQ8gi,0_2_200,310,nightstand,0_2,-2.4804748210168555,0.9377004050038271,7.614564964013671,0.4826990653272912,0.9661810888184442,0.9500365693955204,0.9988173081479677,0.5264917168265444,0.5264917168265444,0.5324720556255144
00824-Dd4bFSTQ8gi,0_2_201,82,cardboard,0_2,-4.274225170138866,2.1401601344348036,7.628076888813304,0.018315506424255282,0.9097639011958291,0.9450607809027962,0.9987289808348191,0.02132960623611036,0.6014891297010424,0.02132960623611036
00824-Dd4bFSTQ8gi,0_2_202,82,cardboard,0_2,-5.199324271389562,2.117830673035023,6.301126534554818,0.12100367864643843,0.9406789227135377,0.9101067709287556,0.999171707354074,0.1414570793495824,0.5789800227829621,0.1414570793495824
00824-Dd4bFSTQ8gi,0_2_203,545,wood,0_2,-5.022478234823551,1.714361745300056,1.60283430934847,0.598845819417069,0.9888804349634382,0.9511124128304229,0.9978645539498002,0.6380692155724152,0.6380692155724152,0.9345259335028538
00824-Dd4bFSTQ8gi,0_2_204,82,cardboard,0_2,-3.1876397169606894,2.449509322505978,4.673820689392724,0.1280543389464947,0.9547795909312037,0.9251967571365296,0.992837684393706,0.1460087276905877,0.5986564090901905,0.1460087276905877
00824-Dd4bFSTQ8gi,0_2_205,106,closet door,0_2,-4.51713018974407,0.9976723373468934,2.93706388441214,0.8991628734013279,0.9653903399904569,0.9524785419229176,0.9999451608934372,0.9779215898574618,0.9779215898574618,0.9983338948668123
00824-Dd4bFSTQ8gi,0_2_206,545,wood,0_2,-2.918982224798838,0.025149971069746653,3.8439298953872276,0.5468791319040984,0.8650211946491211,0.9630290826392853,0.9949365581365082,0.6598265876774289,0.6598265876774289,0.9793159186869851
00824-Dd4bFSTQ8gi,0_2_207,545,wood,0_2,-2.5132229342786503,0.024777793883305536,3.926769467027778,0.5174985995173055,0.9104113290086389,0.9040765359991431,0.9933968098239643,0.6329123448020963,0.6329123448020963,0.9819833088538646
00824-Dd4bFSTQ8gi,0_2_208,106,closet door,0_2,-4.520636857447726,1.2092096820914788,3.0692624836959346,0.9005027266117888,0.9607963313327896,0.9549696865018051,0.9999500382643373,0.9814898407653034,0.9814898407653034,0.9980695226130392
00824-Dd4bFSTQ8gi,0_2_209,545,wood,0_2,-2.8424863947720773,0.030452524171396607,3.757911367161074,0.5747920784160745,0.9923236697912216,0.9477690805372823,0.9924885363897727,0.6157854002302519,0.6157854002302519,0.9827514447538496
00824-Dd4bFSTQ8gi,0_2_21,487,toilet paper,0_2,-2.2989016612294746,1.018274168185932,2.2158415477009656,0.0025554770124137185,0.9812818688473531,0.9347912720620914,0.9989823889918071,0.0027887252133285264,0.6377956251683525,0.0027887252133285264
00824-Dd4bFSTQ8gi,0_2_210,82,cardboard,0_2,-2.028407286330352,1.101749419404286,4.585925590234716,0.529208946310575,0.9576585923148581,0.9231293949849391,0.9977875964653071,0.599951006870423,0.599951006870423,0.9528551539899541
00824-Dd4bFSTQ8gi,0_2_211,244,handle,0_2,-1.873454181330927,1.5101781419770017,4.483577325944857,0.719270357641396,0.967508837606985,0.9461086850044129,0.9953370976927387,0.7894524948702939,0.7894524948702939,0.884457451158629
00824-Dd4bFSTQ8gi,0_2_22,480,tissue,0_2,-2.295245428235466,1.088171287557341,2.0732215448787286,0.0023265413363863416,0.9448610670864581,0.9545233019774648,0.9986730991411155,0.0025830507105724628,0.6073415224561803,0.0025830507105724628
00824-Dd4bFSTQ8gi,0_2_23,82,cardboard,0_2,-1.236090434370989,1.7464646917122908,1.5764842052401566,0.16729538386555826,0.7835318381587665,0.9486391675323536,0.9973373708879604,0.22567537088488637,0.5998357201043005,0.22567537088488637
00824-Dd4bFSTQ8gi,0_2_24,484,toilet,0_2,-2.3874947512906486,0.6440064422863445,1.9577324624109822,0.7429541663160496,0.9692693685917627,0.8707631210097175,0.998229112109213,0.8818348856764501,0.8818348856764501,0.991489028629653
00824-Dd4bFSTQ8gi,0_2_25,244,handle,0_2,-2.201617053006979,2.259478780783067,2.156586897093508,0.2399861711658993,0.9888477352713899,0.9584313884043929,0.9816686380421284,0.25794721828816525,0.7938316578633633,0.25794721828816525
00824-Dd4bFSTQ8gi,0_2_26,87,cat,0_2,-2.2797303442154395,1.1882458695600597,1.8906939285593083,0.08816701736656479,0.9621798116673055,0.9588000005604795,0.9498128775436335,0.10061988803539626,0.7886023058916565,0.10061988803539626
00824-Dd4bFSTQ8gi,0_2_27,195,foam,0_2,-2.1977238982382783,2.152036903611709,1.7660949601690161,0.11434201777185013,0.9376256511897169,0.906875350114354,0.9921413498242257,0.13553617466234336,0.9347329025228421,0.13553617466234336
00824-Dd4bFSTQ8gi,0_2_28,302,mirror,0_2,-2.275677528103058,1.3190846427299818,2.9173249113410322,0.55138473401382,0.986420893121008,0.9013645940383023,0.9987744634867401,0.6209041330921422,0.6209041330921422,0.8855424564171708
00824-Dd4bFSTQ8gi,0_2_29,106,closet door,0_2,-1.6348764595303755,1.3430638701636968,4.4755863872862305,0.8385193587921947,0.9627272480834675,0.9405286931849213,0.9999404353942403,0.9261122946717276,0.9261122946717276,0.992823450842875
00824-Dd4bFSTQ8gi,0_2_3,93,ceiling chassis,0_2,-3.7749353634952993,2.456822638353053,4.5350683376080045,0.05644695618078117,0.9639088732791151,0.9653293046200488,0.9955026887339254,0.06093777912674701,0.6777190500699417,0.06093777912674701
00824-Dd4bFSTQ8gi,0_2_30,120,cone,0_2,-2.5342837099486344,0.2253999328119113,2.199938762983286,0.6710647895473447,0.9706078015830275,0.9472652918790121,0.9855811605074362,0.7405538706312387,0.7405538706312387,
00824-Dd4bFSTQ8gi,0_2_31,244,handle,0_2,-1.9035021478148428,1.1131677080830122,4.489404652166027,0.6564183863806248,0.8409528540037656,0.9271280322882799,0.9973729605727587,0.8441347634954727,0.8455881678563295,0.8441347634954727
00824-Dd4bFSTQ8gi,0_2_32,484,toilet,0_2,-2.31032586872289,0.2120002330419222,2.1858473679768564,0.12171230441341009,0.9322114680064533,0.9263398097090721,0.9944505735418133,0.14173154223675,0.5861659877883217,0.14173154223675
00824-Dd4bFSTQ8gi,0_2_33,480,tissue,0_2,-2.3678357892807718,0.44163134659989944,1.992007462851844,0.4266302441860296,0.9750206854803439,0.9171883975975388,0.9800490382050843,0.48677857061121216,0.7883128507110245,0.48677857061121216
00824-Dd4bFSTQ8gi,0_2_34,106,closet door,0_2,-1.643123949797033,0.5751864081130772,4.4801825598932,0.8343850005918457,0.9686356025168963,0.930389675189842,0.9998828005280068,0.9259596892858288,0.9259596892858288,0.9528942125392758
00824-Dd4bFSTQ8gi,0_2_35,106,closet door,0_2,-1.5910721832442145,2.2354429455547966,4.568442895008071,0.6268544452680646,0.9506066667378085,0.9046747783714788,0.9970452448878759,0.7310692294642065,0.7808465556167173,0.7310692294642065
00824-Dd4bFSTQ8gi,0_2_36,484,toilet,0_2,-2.297939941376692,1.1039856984542782,2.306698174548193,0.42301627712955503,0.9645862616036877,0.9360672919744994,0.9972322626966572,0.46979957100191333,0.6095703172566057,0.46979957100191333
00824-Dd4bFSTQ8gi,0_2_37,13,artwork,0_2,-5.160803232393843,1.5595162138521632,6.555407395605469,0.8316420196081966,0.967276212672836,0.9208860674780548,0.9880846349724327,0.9449000422392906,0.9449000422392906,0.9999150420007026
00824-Dd4bFSTQ8gi,0_2_38,82,cardboard,0_2,-2.0086982367759534,1.0696064642838616,4.5116092365389795,0.2825567704755549,0.9351843297481537,0.876118157159629,0.995248280076218,0.34650888922013545,0.5432590198339081,0.34650888922013545
00824-Dd4bFSTQ8gi,0_2_39,364,prop,0_2,-3.412840565441167,2.0845102834658102,5.570652172587418,0.0009078325017617466,0.9291093295647038,0.9443383630321825,0.8914203178897508,0.0011607234124844064,0.5127256171965716,0.0011607234124844064
00824-Dd4bFSTQ8gi,0_2_4,487,toilet paper,0_2,-1.5302526426616372,0.9885517839820194,5.186030786555333,0.057402585964977604,0.9914682768474512,0.9240828969087691,0.9976140795061246,0.06280281818619247,0.9103265497249159,0.06280281818619247
00824-Dd4bFSTQ8gi,0_2_40,44,blanket,0_2,-4.221468261208755,0.8467782384229506,7.11593546452284,0.5001176548985428,0.9600671754869756,0.9423655052860664,0.9872203663712006,0.5599343072961595,0.5599343072961595,0.7037031511423096
00824-Dd4bFSTQ8gi,0_2_41,82,cardboard,0_2,-4.113172632995429,1.3398910447286294,6.667882540035449,0.1129860489819627,0.985230944373391,0.940984191981987,0.9990002844221177,0.12199410319361456,0.6449969074099556,0.12199410319361456
00824-Dd4bFSTQ8gi,0_2_42,248,headboard,0_2,-3.8043620868911003,1.1363985452726957,7.611609892876348,0.8304828886839504,0.9391578369670444,0.9328287084893614,0.9995910636348667,0.9483482203009445,0.9483482203009445,0.9995208275878553
00824-Dd4bFSTQ8gi,0_2_43,44,blanket,0_2,-3.8185003586600206,0.6018064975598438,5.994400917785018,0.7548375354554551,0.9768533193729244,0.9383518772389017,0.9969331135179608,0.8260234614975136,0.8260234614975136,0.9994142995347716
00824-Dd4bFSTQ8gi,0_2_44,106,closet door,0_2,-1.7850512555969429,1.1576227549966402,4.465195597776246,0.834655979125851,0.9730400666594505,0.914670331166322,0.9998751582259984,0.9379213342427735,0.9379213342427735,0.9874470946421955
00824-Dd4bFSTQ8gi,0_2_45,93,ceiling chassis,0_2,-3.872886826290389,2.460008605662265,6.435163876190029,0.05033890155725724,0.9211113929748536,0.9241524032495996,0.9943887080872573,0.05946915934831926,0.5630978364062394,0.05946915934831926
00824-Dd4bFSTQ8gi,0_2_46,337,pillow,0_2,-3.7518155096410557,0.8478747075214776,6.9762111040823065,0.9256471972374493,0.9702466758551483,0.957204859379135,0.999991669509833,0.9966944735193846,0.9999725803749279,0.9966944735193846
00824-Dd4bFSTQ8gi,0_2_47,44,blanket,0_2,-2.924476240254551,0.3465863216168588,5.3919266546720115,0.4938930517926017,0.8747598910476425,0.9419656055652694,0.9890298439306776,0.6060376598324863,0.6060376598324863,0.9986447823571605
00824-Dd4bFSTQ8gi,0_2_48,545,wood,0_2,-2.602033203278818,0.030696938125046452,4.393432897513071,0.6213455068451819,0.9649683103013734,0.9550023613735297,0.9913554800556172,0.6801211081949996,0.6801211081949996,0.9768875162899594
00824-Dd4bFSTQ8gi,0_2_49,341,plank,0_2,-5.034033687458864,0.025833626725348193,6.768390457707181,0.6401974744549765,0.9689428240311666,0.9296670295837757,0.9991327992757885,0.7113202306747151,0.7113202306747151,0.7203031328136091
00824-Dd4bFSTQ8gi,0_2_5,82,cardboard,0_2,-1.515881810537697,0.7134681879535546,4.7398606716495575,0.5545355755079977,0.9088197839300648,0.9723300172912592,0.9985656170310174,0.6284364099185092,0.7411106517477442,0.6284364099185092
00824-Dd4bFSTQ8gi,0_2_50,82,cardboard,0_2,-5.201254227242349,0.9242183616128313,5.363169084865663,0.09889513146102091,0.9673675297285973,0.9607527757191312,0.9989378249871,0.10652052548154628,0.5329996009480509,0.10652052548154628
00824-Dd4bFSTQ8gi,0_2_51,250,heater,0_2,-5.195814899246835,1.0492236579108711,5.080521923895379,0.6745190603647886,0.9671611396315828,0.9310817747756778,0.99653742048066,0.7516470389946676,0.7516470389946676,0.9932989877174124
00824-Dd4bFSTQ8gi,0_2_52,82,cardboard,0_2,-1.9981084202303059,1.7854388087933897,7.50425813915168,0.14576123398165433,0.9675576292655103,0.9479777764806732,0.9985005320910804,0.15915443224310985,0.7701750394234771,0.15915443224310985
00824-Dd4bFSTQ8gi,0_2_53,337,pillow,0_2,-3.358366881343887,0.851056515221061,7.11164882886114,0.8877850398052572,0.9644659067437151,0.9289645954365248,0.9999814485319727,0.9909000184741561,0.9994669258093952,0.9909000184741561
00824-Dd4bFSTQ8gi,0_2_54,542,window shade,0_2,-3.49279233129967,1.7694901855042833,7.637090020824433,0.5263607888922253,0.9659015774726869,0.9290055051790248,0.9980170983186509,0.5877523637970161,0.5877523637970161,0.9646794353126721
00824-Dd4bFSTQ8gi,0_2_55,195,foam,0_2,-2.6337682803467373,1.333963412949915,7.318007913601866,0.025499214256235574,0.9653688271840414,0.9396800767000384,0.9956710197436406,0.028231739735196354,0.724707669206061,0.028231739735196354
00824-Dd4bFSTQ8gi,0_2_56,13,artwork,0_2,-5.1682159392248455,1.3888035675660901,6.049273503870127,0.7354735536957058,0.8317025307244271,0.9384429220011011,0.997303701157576,0.9448519072443922,0.9448519072443922,0.997976352604573
00824-Dd4bFSTQ8gi,0_2_57,82,cardboard,0_2,-5.160903016708354,0.08591232342940397,7.033826221399257,0.03258609287365092,0.9394982834657034,0.9271618237959101,0.9985499419527922,0.037463725972650776,0.795260907585039,0.037463725972650776
00824-Dd4bFSTQ8gi,0_2_58,82,cardboard,0_2,-5.192928651957193,1.1850340278376699,6.905175098313532,0.07510115827080807,0.9572084560937774,0.9161265749932856,0.9990796619359896,0.08572046316907056,0.602251418151171,0.08572046316907056
00824-Dd4bFSTQ8gi,0_2_59,44,blanket,0_2,-4.065370993285091,0.93724009540154,7.285838531467911,0.3808801544504942,0.9648792287388478,0.9393729683156262,0.9894013438089378,0.42472207366934706,0.5076602490246942,0.42472207366934706
00824-Dd4bFSTQ8gi,0_2_6,326,partial,0_2,-1.823219154179463,0.5917079489418654,5.144866387886426,0.013700878533792168,0.9572748878262058,0.9918923651744805,0.9723959521942782,0.014838980362855513,0.6754573957636942,0.014838980362855513
00824-Dd4bFSTQ8gi,0_2_60,82,cardboard,0_2,-2.014625742974909,1.207453628312463,5.238244888321392,0.3773160101957452,0.9718013563187294,0.9572965303557819,0.9987060044412006,0.40610990946646014,0.8357905573837974,0.40610990946646014
00824-Dd4bFSTQ8gi,0_2_61,82,cardboard,0_2,-2.0005073648368965,1.3119209917702148,7.358198164544889,0.2838059094703996,0.9455756093419734,0.9301865500872462,0.9981566731000625,0.3232633005235474,0.8793955417508275,0.3232633005235474
00824-Dd4bFSTQ8gi,0_2_62,316,overhang,0_2,-3.696935277629154,0.46449300130262616,3.5713231742826737,0.3430609832789269,0.948795348405838,0.9125628768937084,0.9874206761970182,0.40126729711367914,0.8195766011411639,0.40126729711367914
00824-Dd4bFSTQ8gi,0_2_63,139,decoration,0_2,-2.8763825643154393,1.6834926210895254,3.6783961445940694,0.8411395459009818,0.9689538200696309,0.905794644872312,0.9977936346504065,0.9604936424250303,0.9604936424250303,0.9999827250316773
00824-Dd4bFSTQ8gi,0_2_64,44,blanket,0_2,-3.2842749398311777,0.6470371788279106,5.78926642994031,0.7322255235768158,0.9241429227866045,0.9326527658313344,0.9970319244757203,0.8520727459200903,0.8520727459200903,0.9993606318344025
00824-Dd4bFSTQ8gi,0_2_65,478,tile,0_2,-4.03100214189048,0.017399423572904447,2.7161078745692966,0.8726428543981676,0.9594441755033559,0.9408725565052738,0.9999065402665218,0.9667776813295876,0.994182106612933,0.9667776813295876
00824-Dd4bFSTQ8gi,0_2_66,493,towel,0_2,-4.180293446153682,0.8123603694019182,1.6899128666373542,0.8917998605936012,0.9423397305136176,0.9478572306927713,0.9995652317361471,0.9988627767465924,0.9988627767465924,
00824-Dd4bFSTQ8gi,0_2_67,478,tile,0_2,-4.073135119120787,0.019951413299267324,3.1676074841750883,0.5483764528969718,0.9789090419306992,0.9314966804705165,0.9999156039337594,0.6014392970787305,0.9940302630158491,0.6014392970787305
00824-Dd4bFSTQ8gi,0_2_68,478,tile,0_2,-4.072168152447265,0.01349618748935159,2.806039949915563,0.8656710574706815,0.977313026288171,0.921146595126036,0.999894299720718,0.9616928046280533,0.994209650540837,0.9616928046280533
00824-Dd4bFSTQ8gi,0_2_69,478,tile,0_2,-3.801458448845622,0.02510625545224276,3.4449643782554595,0.39141707809724924,0.9774722648255619,0.9590997060032688,0.9999000833111918,0.41755622711130197,0.9948889286723234,0.41755622711130197
00824-Dd4bFSTQ8gi,0_2_7,82,cardboard,0_2,-1.5048201842217908,0.010685571820490585,5.022149559868103,0.026200513195433307,0.984704389557952,0.9581180056234766,0.9980775315000767,0.02782406910977389,0.6802088677264232,0.02782406910977389
00824-Dd4bFSTQ8gi,0_2_70,545,wood,0_2,-4.062070453971766,0.028674713234333186,3.594062705284026,0.5169188292520198,0.9802353822097073,0.9322404902329706,0.9952314664010001,0.5683814778441294,0.5683814778441294,0.9624657646764275
00824-Dd4bFSTQ8gi,0_2_71,106,closet door,0_2,-2.493461133357182,0.8899457890305256,3.7003835168046852,0.1631675271711743,0.9542074133952457,0.9128375306578643,0.9988777461885882,0.1875362036843434,0.8077753822501537,0.1875362036843434
00824-Dd4bFSTQ8gi,0_2_72,221,glass,0_2,-3.7659752975064245,1.4565119628322951,1.5883030896516603,0.4670761383700372,0.9711577773171586,0.9454371313892493,0.9982187388771541,0.5096118466524436,0.5643020307906318,0.5096118466524436
00824-Dd4bFSTQ8gi,0_2_73,106,closet door,0_2,-4.716252263413792,0.09961528361917908,3.698277646488416,0.27972217191301496,0.9806759429198725,0.9346757209898857,0.9988728273436581,0.3055133619178238,0.8348684058827212,0.3055133619178238
00824-Dd4bFSTQ8gi,0_2_74,480,tissue,0_2,-3.778554764042971,2.4552690886535475,2.0118783982143973,0.006502302791402045,0.9737366153265942,0.9535296793708725,0.9704137004208829,0.00721663189796397,0.6178177898554202,0.00721663189796397
00824-Dd4bFSTQ8gi,0_2_75,106,closet door,0_2,-4.010001575423168,1.7905265114335576,3.6783813048302845,0.8060672742544326,0.9480923801860675,0.9569554500429034,0.9994653340373125,0.8889169300203621,0.8889169300203621,0.8980130121322734
00824-Dd4bFSTQ8gi,0_2_76,139,decoration,0_2,-3.2692182945793338,1.69409959552549,3.6781477567042042,0.8547288791262891,0.945633727312088,0.9444796539070783,0.9989476742208035,0.9580100776066554,0.9580100776066554,0.999972675875393
00824-Dd4bFSTQ8gi,0_2_77,106,closet door,0_2,-4.441312652154197,1.3642552233859775,3.7007972962575395,0.7201150443277871,0.9673604182866836,0.9372026848551538,0.9988026879653996,0.7952438959802324,0.8894910107996855,0.7952438959802324
00824-Dd4bFSTQ8gi,0_2_78,478,tile,0_2,-3.7040731911463607,0.012018346292233912,2.1074577064020374,0.9051551336434743,0.9716073230928468,0.9564247517356387,0.9998021065932421,0.9742432041726797,0.994055921807248,0.9742432041726797
00824-Dd4bFSTQ8gi,0_2_79,478,tile,0_2,-4.058462586336485,0.011911715991094645,2.4892494700180023,0.8423659924486416,0.9654196651496065,0.9280857250488799,0.9997322641911675,0.9404005694152523,0.9869534719669257,0.9404005694152523
00824-Dd4bFSTQ8gi,0_2_8,87,cat,0_2,-1.8205828817910235,0.434124429276556,5.3328699104988075,0.1983233853076791,0.9513434405481254,0.9133969413859709,0.8521439994580564,0.2678329814623543,0.9343497503565378,0.2678329814623543
00824-Dd4bFSTQ8gi,0_2_80,484,toilet,0_2,-3.3877592522745887,0.463634147148071,1.978287389163073,0.8023791945938862,0.9754756388122549,0.9325942305439305,0.9978422706491813,0.8839111435587649,0.8839111435587649,0.9749256228765162
00824-Dd4bFSTQ8gi,0_2_81,478,tile,0_2,-2.5006580350278704,0.9829198312249269,1.8755936144841197,0.0041739755353478744,0.8952930518559047,0.8770790182320776,0.9962242999968873,0.00533566841470756,0.7294500924150208,0.00533566841470756
00824-Dd4bFSTQ8gi,0_2_82,420,sink,0_2,-3.257702181287084,0.8687506812557833,2.4009307639442823,0.5480506606164129,0.9815767820408876,0.9300855586370383,0.9989792382143137,0.600920562193223,0.8429876423720115,0.600920562193223
00824-Dd4bFSTQ8gi,0_2_83,447,star,0_2,-2.4683220970675626,1.4041521194212605,2.0208984565263486,0.8942669097047746,0.983951028289131,0.9331311775328683,0.9886519735993243,0.9851617446976878,0.9851617446976878,
00824-Dd4bFSTQ8gi,0_2_84,326,partial,0_2,-2.4778380969635667,0.7890859467288229,1.6013212592667452,0.5427893448692227,0.8872291624615954,0.9766535013850655,0.9952266756172262,0.6294090540354873,0.6294090540354873,0.8900385735420661
00824-Dd4bFSTQ8gi,0_2_85,480,tissue,0_2,-2.5420891241567016,0.8329967328596118,1.9816093204482226,0.5642666609520782,0.9831545421598006,0.9558507469819035,0.9907241469877843,0.6060657881066379,0.6060657881066379,0.8336840316711417
00824-Dd4bFSTQ8gi,0_2_86,545,wood,0_2,-4.9819878601824845,1.2825329453271974,1.6042779367018374,0.696235526400309,0.9748229342698165,0.9431570809712622,0.9982757515262868,0.7585703964554165,0.7585703964554165,0.9768053222168254
00824-Dd4bFSTQ8gi,0_2_87,316,overhang,0_2,-5.010268354226265,1.806401853000599,1.8077466496088805,0.6815133750952683,0.9825948020158257,0.951177147047552,0.9722189591335004,0.7500227345313186,0.7500227345313186,0.7694275472790404
00824-Dd4bFSTQ8gi,0_2_88,545,wood,0_2,-4.990665608722288,1.3856103761699856,1.5994638481533356,0.6861323413854552,0.9805958385941745,0.9515604721192411,0.995669400011639,0.7385268538822795,0.7385268538822795,0.9851952640461122
00824-Dd4bFSTQ8gi,0_2_89,244,handle,0_2,-3.020495099989797,0.46417133214259276,1.5831422432611824,0.5807870462473513,0.9782059318820635,0.9537049257876027,0.9922837514497669,0.6273887453896866,0.6273887453896866,0.7798689377756864
00824-Dd4bFSTQ8gi,0_2_9,106,closet door,0_2,-1.7079054893933556,2.244988909329375,4.604199606274963,0.7485091765100447,0.9580897039370059,0.9641848437542482,0.9977592861499197,0.8120913359181257,0.920677071004878,0.8120913359181257
00824-Dd4bFSTQ8gi,0_2_90,316,overhang,0_2,-5.00632774983936,2.153284569786426,1.675956329366157,0.08967009362545175,0.9730061019919499,0.9517355216042748,0.996381268817208,0.09718298312714542,0.7824125548997898,0.09718298312714542
00824-Dd4bFSTQ8gi,0_2_91,158,drawer,0_2,-3.4094150496949287,0.7882282763358736,2.463442375276976,0.630862637885589,0.9488393066347474,0.9457790548606504,0.999163492912337,0.7035838960977623,0.7035838960977623,0.8390580870727904
00824-Dd4bFSTQ8gi,0_2_92,545,wood,0_2,-5.1909300030753265,0.09042196999644374,1.6317407371023158,0.6931310522066574,0.9749130993099003,0.954884602644876,0.9942486777322732,0.7488650069581961,0.7488650069581961,0.8058852603375327
00824-Dd4bFSTQ8gi,0_2_93,326,partial,0_2,-3.786855168857407,0.870901513083332,1.5870131939263903,0.08201211475128882,0.9640541310378016,0.9237285025338733,0.9982912815747471,0.09225182533304924,0.6429534028176321,0.09225182533304924
00824-Dd4bFSTQ8gi,0_2_94,545,wood,0_2,-4.872602824508618,1.1171766273296548,2.1234113428043253,0.02488870334598898,0.9795344525127,0.948482880699923,0.9439663022262579,0.02837896600510556,0.5273085670761827,0.02837896600510556
00824-Dd4bFSTQ8gi,0_2_95,250,heater,0_2,-3.849857068264177,1.0492543686969353,1.611178020734576,0.0060295180704380445,0.9727564324427442,0.9520904603891356,0.9960164246728062,0.006536327074146181,0.5084739554544481,0.006536327074146181
00824-Dd4bFSTQ8gi,0_2_96,221,glass,0_2,-4.062610763004985,1.5978356397257658,1.5916489007583947,0.37099250348165014,0.9672329383884223,0.9531041143862151,0.9976488928951738,0.40338150977328446,0.6592814520170875,0.40338150977328446
00824-Dd4bFSTQ8gi,0_2_97,478,tile,0_2,-5.094582735942197,0.028338336497934925,1.7671499931826988,0.004506521497042697,0.9779268256718144,0.9351468425094718,0.9957216205611386,0.004948998685999143,0.7174435579607477,0.004948998685999143
00824-Dd4bFSTQ8gi,0_2_98,545,wood,0_2,-5.116212680197312,1.304157818362383,1.598001438260491,0.672019195120521,0.9650480299394588,0.9240018248612489,0.9977455379517325,0.7553358998430558,0.7553358998430558,0.9903071774424572
00824-Dd4bFSTQ8gi,0_2_99,545,wood,0_2,-4.992745345685606,1.6631037680582068,1.5997442266045103,0.5477869046799698,0.9319411711381383,0.95973674244015,0.9978889853220784,0.6137461728437188,0.6137461728437188,0.982386561919542
00824-Dd4bFSTQ8gi,0_3_0,157,door screen,0_3,6.9562828229057665,0.9939397175294234,7.6103138922922895,0.4922466563583889,0.9886393444991718,0.9213888466701803,0.9990788165324416,0.5408815697355365,0.5408815697355365,0.7856183809367931
00824-Dd4bFSTQ8gi,0_3_1,82,cardboard,0_3,1.7632730087743609,0.013014811016258778,4.681560608295837,0.7022865820390728,0.9340090405142476,0.9381563520395243,0.9988576812696969,0.8023880531350683,0.9392897213993469,0.8023880531350683
00824-Dd4bFSTQ8gi,0_3_10,180,fan,0_3,7.457627488485691,1.5178086798178454,7.594486904204068,0.044205456718258256,0.9817342900008242,0.9336293568933061,0.9927135368907062,0.048582904853090796,0.6250800438367049,0.048582904853090796
00824-Dd4bFSTQ8gi,0_3_11,157,door screen,0_3,7.170884058696576,1.1051996607102166,7.619508303194312,0.5583163263887808,0.9470158512513452,0.9015543241539308,0.9995589174383989,0.654218439316871,0.654218439316871,0.8809630477282062
00824-Dd4bFSTQ8gi,0_3_12,326,partial,0_3,9.371702210700185,1.3290498960285144,7.509900061315304,0.5415755654430774,0.9038973055302326,0.9161755357233923,0.9984116448347952,0.6550155972299663,0.6550155972299663,0.8008753714978587
00824-Dd4bFSTQ8gi,0_3_13,221,glass,0_3,8.723081101480314,1.5871754212433076,7.743160722301171,0.4291347067977481,0.9577351352199912,0.8891662960919323,0.9976907256768308,0.505090607307898,0.505090607307898,0.9553948858923966
00824-Dd4bFSTQ8gi,0_3_14,106,closet door,0_3,6.364307559713333,1.7751306815056498,7.628262030408008,0.4966990788291961,0.9883166486428381,0.9382972651004764,0.9999616331032181,0.5356405602628023,0.5356405602628023,0.7157377661370021
00824-Dd4bFSTQ8gi,0_3_15,106,closet door,0_3,6.726218458720827,1.7757177013041991,7.6239452449549665,0.5190991970044461,0.9756966637240515,0.881771441791213,0.9999499039039105,0.6033943857796111,0.6033943857796111,0.630588192333405
00824-Dd4bFSTQ8gi,0_3_16,480,tissue,0_3,7.813007112729214,1.0398590917822075,6.439091890724736,0.2658171942162093,0.9529667658110459,0.9611374249099476,0.9894158241535201,0.2933195258646613,0.682893122220881,0.2933195258646613
00824-Dd4bFSTQ8gi,0_3_17,221,glass,0_3,8.652277653452984,1.7689809009138588,7.742370592777931,0.5526882216371615,0.9564959168463304,0.888776978091876,0.997899968222441,0.6515042957332129,0.6515042957332129,0.9320699372689674
00824-Dd4bFSTQ8gi,0_3_18,326,partial,0_3,9.38460496159942,1.300625750530701,7.330179879993426,0.47074545740485824,0.9520762827247381,0.889508596980338,0.9962181876804433,0.5579686202554033,0.5579686202554033,0.7695034617049195
00824-Dd4bFSTQ8gi,0_3_19,221,glass,0_3,8.340680322776844,1.713557695099021,7.712941973136416,0.5955582668132224,0.9576812772465885,0.9186133298103096,0.9986513516571887,0.6778859350054381,0.6778859350054381,0.9771133948010938
00824-Dd4bFSTQ8gi,0_3_2,326,partial,0_3,9.420455834120611,1.2545365343657378,6.372801913586579,0.7945980956682619,0.9882477150729366,0.9264955803527727,0.9989274694281194,0.8687691548308288,0.8687691548308288,0.8741043265842977
00824-Dd4bFSTQ8gi,0_3_20,221,glass,0_3,8.221211335816696,1.1833366864373671,7.714422335931869,0.516917689046214,0.9687259965694992,0.9014789243894478,0.9985475902085977,0.5927834824234691,0.5927834824234691,0.969848648212661
00824-Dd4bFSTQ8gi,0_3_21,157,door screen,0_3,7.025446345216814,1.0177862037240815,7.612966404640929,0.41322178815736255,0.8893019729972759,0.8907933166177275,0.9998744157940518,0.5216888453894012,0.5216888453894012,0.8663099853217713
00824-Dd4bFSTQ8gi,0_3_22,326,partial,0_3,8.361501891763195,2.106999878345639,7.390086357484529,0.18260535564767136,0.9748714813650324,0.9342683960709239,0.9906977402580892,0.20237334708213592,0.6749593260651908,0.20237334708213592
00824-Dd4bFSTQ8gi,0_3_23,106,closet door,0_3,7.385504768180035,0.08334047513843831,7.5977872088371115,0.1249386288144664,0.9515177150567373,0.8608719718608702,0.9989493800490495,0.15268550400549605,0.5636631081653084,0.15268550400549605
00824-Dd4bFSTQ8gi,0_3_24,326,partial,0_3,9.424250230490173,1.3610353326727884,6.802762681334508,0.08520725097684383,0.918157584111013,0.9121600545615929,0.9960282554506591,0.10214488403841888,0.7216831718603209,0.10214488403841888
00824-Dd4bFSTQ8gi,0_3_25,364,prop,0_3,8.07984892717242,0.7687669239450476,6.028785604302467,0.5469246916043982,0.9766183296444408,0.9190602760692431,0.999408946838448,0.6096989277426879,0.6096989277426879,0.692239498574727
00824-Dd4bFSTQ8gi,0_3_26,478,tile,0_3,9.392994082357715,1.5104276148538862,4.834234881877278,0.005037500658338629,0.9806060855507268,0.9216293141938547,0.9952169090261199,0.0056007541032488655,0.8132565916750961,0.0056007541032488655
00824-Dd4bFSTQ8gi,0_3_27,221,glass,0_3,9.415814717893829,1.4048123131346084,6.105540186584583,0.5376215929489057,0.9760790466341842,0.9252070195445901,0.9988075700769958,0.5960339105442207,0.5960339105442207,0.6264179927860187
00824-Dd4bFSTQ8gi,0_3_28,480,tissue,0_3,8.160698285660501,0.8591901384316779,5.640854888617669,0.00849617297685882,0.8720814809203148,1.0,0.9242489768238213,0.010540890532654543,0.7980073502068898,0.010540890532654543
00824-Dd4bFSTQ8gi,0_3_29,326,partial,0_3,8.136281640178035,0.502719875363899,5.425716029532944,0.004637581683977884,0.9802004204215117,0.9173320674665175,0.9370955823154603,0.005503845340585516,0.5076348751301064,0.005503845340585516
00824-Dd4bFSTQ8gi,0_3_3,364,prop,0_3,8.340645232502137,0.7498543727251756,5.485701394737847,0.2272427254100498,0.9352000604038737,0.9641408302363261,0.9968644707889505,0.2528185116994178,0.6512220436566188,0.2528185116994178
00824-Dd4bFSTQ8gi,0_3_30,87,cat,0_3,9.414967608284666,1.8643463836232117,6.0498145498096125,0.4715181142041194,0.9271998826544082,0.9205946023528102,0.9898808012458685,0.5580507397976395,0.5580507397976395,0.6752302907359016
00824-Dd4bFSTQ8gi,0_3_31,221,glass,0_3,9.523369693882175,1.4514062528293938,5.479246819490566,0.47821418505885627,0.9029954329839135,0.9266167569836365,0.9990968885954662,0.5720436172757878,0.5720436172757878,0.9116140327841832
00824-Dd4bFSTQ8gi,0_3_32,82,cardboard,0_3,9.051422099415129,-0.018436723525042914,4.080547537949086,0.43009501643934644,0.977728397049833,0.9983562145938157,0.9991331304939871,0.4409986861736303,0.9247591719690295,0.4409986861736303
00824-Dd4bFSTQ8gi,0_3_33,106,closet door,0_3,7.936513830235703,0.11315326181629087,7.60287953884687,0.16161514689655662,0.9473984214235939,0.9326852116608488,0.998252029894794,0.18322052015995474,0.5632324618183288,0.18322052015995474
00824-Dd4bFSTQ8gi,0_3_34,326,partial,0_3,9.433641626940002,0.9420081656733211,4.134411388900888,0.5601325340093344,0.8487323439353472,0.9798973482014945,0.9955896349090849,0.6764864415386607,0.7336016072948901,0.6764864415386607
00824-Dd4bFSTQ8gi,0_3_35,87,cat,0_3,9.413802022067363,1.4255168296724243,5.783139952662665,0.1384214969032705,0.8552236933541555,0.9230438950589228,0.9962066637995133,0.17601594860232186,0.604456208349742,0.17601594860232186
00824-Dd4bFSTQ8gi,0_3_36,316,overhang,0_3,8.26120482251527,2.101560323841577,5.315046967312199,0.3220609464651855,0.9042678352764018,0.9332616448355393,0.9891987712409812,0.3857926912664765,0.7817128188091849,0.3857926912664765
00824-Dd4bFSTQ8gi,0_3_37,480,tissue,0_3,8.173838346007768,0.7948299909656689,6.116035928961422,0.5045650498621774,0.9621231979548526,0.9311012642543468,0.9966396233737745,0.565133969116552,0.565133969116552,0.802494381100683
00824-Dd4bFSTQ8gi,0_3_38,244,handle,0_3,7.5659266659024045,2.1099884037219048,4.400378794535478,0.1304254771549323,0.9306253989778852,0.9192769372896661,0.9734666087374609,0.15661022338307864,0.7026779284254987,0.15661022338307864
00824-Dd4bFSTQ8gi,0_3_39,82,cardboard,0_3,9.414217195201278,0.31934482208272374,5.9515326199597265,0.1807883307765439,0.9676650718151562,0.9505899902870413,0.9978204834041363,0.19696981534994706,0.7220928153419274,0.19696981534994706
00824-Dd4bFSTQ8gi,0_3_4,326,partial,0_3,9.424554921405923,1.306625152077549,6.6829377817580635,0.7827260504062004,0.9430396827526482,0.9599836083293054,0.9989557601753076,0.8655053306100309,0.8655053306100309,0.8678679256286267
00824-Dd4bFSTQ8gi,0_3_40,82,cardboard,0_3,9.4139021298164,0.7265108391465737,4.656861753453576,0.21226734896359378,0.8497881506170545,0.9817959988003442,0.9972995693071217,0.25510891496938226,0.5133899682659842,0.25510891496938226
00824-Dd4bFSTQ8gi,0_3_41,221,glass,0_3,9.413845593881891,1.6762002968151104,6.0132301508845964,0.4822666613517098,0.916957950117091,0.961579989449985,0.9988840257530534,0.5475670864749852,0.5475670864749852,0.6181551588931395
00824-Dd4bFSTQ8gi,0_3_42,93,ceiling chassis,0_3,8.598430587888396,2.051663871746557,4.424718026505815,0.020951581738056665,0.9193629700513113,0.9602995326824523,0.9762366865561781,0.024309048857592545,0.6472525505243591,0.024309048857592545
00824-Dd4bFSTQ8gi,0_3_43,316,overhang,0_3,7.146535039242821,2.16715095680025,4.682562631168875,0.2710926620401308,0.9143621884286404,0.9021755831213756,0.9899515747964079,0.3319666715094787,0.7805593394684681,0.3319666715094787
00824-Dd4bFSTQ8gi,0_3_44,316,overhang,0_3,8.707367028074735,2.081643756010946,6.732921181946211,0.5812523995631382,0.9418675720698375,0.9345186300815664,0.9856434064252441,0.6699881623501859,0.7342094587154798,0.6699881623501859
00824-Dd4bFSTQ8gi,0_3_45,326,partial,0_3,9.421710684412133,1.433018277685886,6.560392839612795,0.8313588234135717,0.9880386767381973,0.9512591793190757,0.9981936308626843,0.8861370804591202,0.8861370804591202,0.9325549893574512
00824-Dd4bFSTQ8gi,0_3_46,87,cat,0_3,9.428184014044142,0.9758898669447943,6.9356289628531815,0.45274367079659206,0.9417606059051291,0.9484308509573944,0.9944768398231622,0.5096963482564185,0.5096963482564185,0.868690690424659
00824-Dd4bFSTQ8gi,0_3_47,87,cat,0_3,9.449167551341388,1.8706195969040178,5.488017441044498,0.779190023375226,0.9306412878968231,0.9396563935419477,0.9737951084664206,0.9150069765362832,0.9150069765362832,0.9612115288324443
00824-Dd4bFSTQ8gi,0_3_48,13,artwork,0_3,8.393531842316431,1.9829037624307935,7.619477449595025,5.646763680631281e-06,0.9350999885963068,0.9528884058033308,0.9981931434202318,6.348701906188824e-06,0.5242571632475603,6.348701906188824e-06
00824-Dd4bFSTQ8gi,0_3_49,157,door screen,0_3,6.070248332726464,1.7199070346466683,7.623547703391824,0.6047717473927229,0.9569555901814115,0.9649999444256895,0.9995973100109911,0.6551599537237482,0.6551599537237482,0.8847346932931456
00824-Dd4bFSTQ8gi,0_3_5,316,overhang,0_3,7.648148914071454,2.1381522431590714,6.515859124532847,0.3042132092539567,0.9365737316785036,0.9578883224092122,0.9902321937148507,0.34243975233616547,0.7174449806333735,0.34243975233616547
00824-Dd4bFSTQ8gi,0_3_50,221,glass,0_3,9.002188792640267,1.1954719060251746,7.810617015262362,0.4488476968388648,0.9435962870864234,0.9464732412114565,0.9984946961506077,0.5033367902826352,0.5033367902826352,0.8739855733914564
00824-Dd4bFSTQ8gi,0_3_51,106,closet door,0_3,6.723634789405019,1.2442242820968716,7.623119083949985,0.5059530061259286,0.9878700150116649,0.9263905239409026,0.9999692627928518,0.5528783990648715,0.5528783990648715,0.6463144599393458
00824-Dd4bFSTQ8gi,0_3_52,326,partial,0_3,5.808743803967127,1.3414370195380465,7.711487254716136,0.4299058214660562,0.9830235233312254,0.9414250607721997,0.9986763913759475,0.46515626775474206,0.8326483713809474,0.46515626775474206
00824-Dd4bFSTQ8gi,0_3_53,87,cat,0_3,5.680067880008507,0.08479528415190317,7.618161457654365,0.02451928815815275,0.9420131784995741,0.9199458893580614,0.9983248178116823,0.02834110169247846,0.8296000186247525,0.02834110169247846
00824-Dd4bFSTQ8gi,0_3_54,106,closet door,0_3,8.517950975373381,0.13820020383017367,7.592787472457821,0.06943617945304781,0.9813649075142308,0.9158942889984203,0.9984255545036173,0.07737385827902744,0.553340983554265,0.07737385827902744
00824-Dd4bFSTQ8gi,0_3_55,221,glass,0_3,8.066058807771878,1.4425099750789867,7.717737996806609,0.49585539105846954,0.9319017403400861,0.9301349977573812,0.9988111905591803,0.5727373838292749,0.5727373838292749,0.9599349467608871
00824-Dd4bFSTQ8gi,0_3_56,82,cardboard,0_3,8.219679286560229,0.002157614685899791,6.505378995738618,0.4301882876110165,0.9244426272618163,0.9099686184027398,0.9982717792296671,0.5122752920997238,0.7731222725209025,0.5122752920997238
00824-Dd4bFSTQ8gi,0_3_57,82,cardboard,0_3,5.964480612157662,0.02418939371042951,6.227030320434311,0.4527880182482238,0.9487172433613866,0.9615383123447996,0.9958786039095932,0.4984081515655668,0.8192486517119457,0.4984081515655668
00824-Dd4bFSTQ8gi,0_3_58,82,cardboard,0_3,8.06805689001268,0.001771406454218074,6.198078672060823,0.5204505229133212,0.9391452107024157,0.9349929688981478,0.9984908201523874,0.5936005294966028,0.8381673020039336,0.5936005294966028
00824-Dd4bFSTQ8gi,0_3_59,82,cardboard,0_3,8.079488368575735,0.006729904437911694,6.3961891678803156,0.3198372312211296,0.9552037872981913,0.8918598842073107,0.9982929348654314,0.3760783684621904,0.8780357706126073,0.3760783684621904
00824-Dd4bFSTQ8gi,0_3_6,221,glass,0_3,8.478452296570754,1.4331196387827074,7.712961338344915,0.47432947287006677,0.9503193770198742,0.9227812370104744,0.9984644127873888,0.541725376831969,0.541725376831969,0.8064548867062876
00824-Dd4bFSTQ8gi,0_3_60,106,closet door,0_3,6.7303727822475485,0.46463458631541,7.621740213983517,0.5832612041547078,0.9231100370157498,0.9316819539276366,0.9999721710488958,0.6781941192178408,0.6781941192178408,0.7576394384058297
00824-Dd4bFSTQ8gi,0_3_61,364,prop,0_3,8.45014270334214,0.15560768164261726,5.694389659875335,0.5146475836752502,0.940122461815675,0.9401845536515845,0.9962542178115388,0.5844430842536682,0.5844430842536682,0.6352684461932556
00824-Dd4bFSTQ8gi,0_3_62,82,cardboard,0_3,5.9963620263531645,0.02519711666095904,7.136468078126071,0.6200524880538448,0.8361897822548577,0.9843194343139067,0.9971928647457722,0.7554546103028972,0.8637536179069971,0.7554546103028972
00824-Dd4bFSTQ8gi,0_3_63,364,prop,0_3,8.11867352259313,0.3850061905375734,6.318016680766538,0.0005597225447979353,0.9626293598944916,0.9597247878677808,0.8459323762310529,0.0007161950873558528,0.6541269969628357,0.0007161950873558528
00824-Dd4bFSTQ8gi,0_3_64,82,cardboard,0_3,7.09097983797998,-0.0008965575778947655,4.9587319347602925,0.5912149670697331,0.9272822964102475,0.9437704845220674,0.9983640818166479,0.6766718541703006,0.9395069310319205,0.6766718541703006
00824-Dd4bFSTQ8gi,0_3_65,364,prop,0_3,8.38895056660108,0.7660015847360646,5.736931505821405,0.6222226692520278,0.9452122729775068,0.9859460278229825,0.9990871096332221,0.6682823332106675,0.6682823332106675,0.7480934683517874
00824-Dd4bFSTQ8gi,0_3_66,316,overhang,0_3,7.4890325563910976,0.4336745766792296,4.366067081713248,0.43579333707339407,0.9739724324328497,0.9545670505459596,0.9910862892674369,0.4729508536778727,0.5532004168449418,0.4729508536778727
00824-Dd4bFSTQ8gi,0_3_67,82,cardboard,0_3,9.402636278972341,1.0354773709523521,4.666637297912566,0.3713121439498607,0.9859787665074102,0.9209659204242275,0.9985798676548652,0.40949181475701374,0.7716950059671853,0.40949181475701374
00824-Dd4bFSTQ8gi,0_3_7,97,chair,0_3,5.638907942918338,0.5500073983005211,5.280348595129076,0.7067717475890644,0.9686226319701091,0.9467795779534915,0.9937428184183634,0.7755355026515877,0.7755355026515877,0.984921128298692
00824-Dd4bFSTQ8gi,0_3_8,97,chair,0_3,5.711289974946404,0.5208373707723344,6.256768743074897,0.4488888360923452,0.9424248876677742,0.9296300369064289,0.9979776742531714,0.5134061712861709,0.5134061712861709,0.964210364450513
00824-Dd4bFSTQ8gi,0_3_9,326,partial,0_3,8.66510140404257,0.8483311056128018,6.45074024238876,0.007787149503544304,0.9219145810783739,0.9177932444223282,0.9429873333757086,0.009759714489480532,0.7093157470921585,0.009759714489480532
00824-Dd4bFSTQ8gi,0_4_0,13,artwork,0_4,0.030079941449253935,1.4614488249178745,2.092479920836777,0.7075506867342093,0.9652115798280154,0.8981091575928979,0.9950201280033079,0.820302513849701,0.820302513849701,0.9976845677621364
00824-Dd4bFSTQ8gi,0_4_1,326,partial,0_4,-0.005665615895975195,1.094948700193098,3.087148545987151,0.5762432261799981,0.9480616124313312,0.947174067216056,0.9982464167137819,0.6428382531382779,0.7287672764422385,0.6428382531382779
00824-Dd4bFSTQ8gi,0_4_10,326,partial,0_4,0.0686235565699667,1.1175924979501792,4.589654826402903,0.5784242424258818,0.9523143865233479,0.9115435509218175,0.9963164055007981,0.6687925657359142,0.6961994347774341,0.6687925657359142
00824-Dd4bFSTQ8gi,0_4_100,478,tile,0_4,-1.0971486256965919,0.0063891961419303075,3.480556620347025,0.8863506819545477,0.9731259342639831,0.9112575709796962,0.9999629486699818,0.9995660067695918,0.9995660067695918,0.9998535654478116
00824-Dd4bFSTQ8gi,0_4_101,478,tile,0_4,-1.306173386175835,0.007082477477526857,3.493933539977565,0.8203369830763164,0.8988766812399175,0.9134523234680321,0.9999232370778985,0.9991705646322825,0.9991705646322825,0.9998122156453447
00824-Dd4bFSTQ8gi,0_4_102,244,handle,0_4,-0.6128715387079204,1.5739698648156628,3.5242104985719376,0.4876431367487088,0.9793698223022669,0.9410808717219558,0.9971505440458512,0.5306005816744042,0.5306005816744042,0.7338521808534791
00824-Dd4bFSTQ8gi,0_4_103,420,sink,0_4,-2.045949423705733,0.5240621855964364,2.7304048282236755,0.5331028992061159,0.913923527696726,0.9914641230414358,0.9991368599795303,0.5888425732454833,0.5888425732454833,0.7535350768652562
00824-Dd4bFSTQ8gi,0_4_104,302,mirror,0_4,-2.257265986781802,1.5164125960902028,2.6898488688099262,0.705549205836811,0.9555353133967428,0.960967553671632,0.9994398055000364,0.7688032292331431,0.7688032292331431,0.9306011569921233
00824-Dd4bFSTQ8gi,0_4_105,244,handle,0_4,-1.9144265680856247,1.132977752444315,2.7534969208087046,0.7075449398595142,0.9734334080821865,0.9025393541921409,0.9953591777379038,0.8090992696714472,0.8199947517324403,0.8090992696714472
00824-Dd4bFSTQ8gi,0_4_106,478,tile,0_4,-0.9003943859813908,0.11552100641255857,3.5065470017365388,0.9117952305066293,0.9863784828225622,0.9244521019141461,0.9999991828917136,0.9999301579089407,0.9999642852157706,0.9999301579089407
00824-Dd4bFSTQ8gi,0_4_107,478,tile,0_4,-0.9022284880594372,0.31124224675387085,3.5103077792310735,0.8181967139402637,0.8812727635105451,0.9284905969103492,0.9999992203258471,0.9999314120050627,0.9999657612592779,0.9999314120050627
00824-Dd4bFSTQ8gi,0_4_108,478,tile,0_4,-0.232364245769211,0.7224766279290893,3.1947839208204227,0.861211792934689,0.9349970491126502,0.9212069343599215,0.9999981542215249,0.9998695235770728,0.9999182381882966,0.9998695235770728
00824-Dd4bFSTQ8gi,0_4_109,478,tile,0_4,-0.23699128674908915,0.9183361994044872,2.7902528843240932,0.9178647377676652,0.918617236147893,1.0,0.9999904769782382,0.9991903510822043,0.9991903510822043,0.9993248274811779
00824-Dd4bFSTQ8gi,0_4_11,82,cardboard,0_4,-0.8233072431817766,0.07532588580687573,4.741638602512841,0.6010240264248417,0.9817738513112162,0.9164107114207439,0.9985235498722613,0.6690089132727525,0.7439518361993913,0.6690089132727525
00824-Dd4bFSTQ8gi,0_4_110,106,closet door,0_4,-1.8050789024520946,0.8104606662480955,3.3119931007605823,0.8344994391931573,0.980758632945292,0.9262294524787957,0.9999264150647867,0.9187075417826033,0.9187075417826033,0.990861672761273
00824-Dd4bFSTQ8gi,0_4_111,478,tile,0_4,-0.2359745120608403,0.7162748897941774,2.7934943154542524,0.8381690076226587,0.8963136623303095,0.9359713250726166,0.9999900216356694,0.9991101517522435,0.9991532618747352,0.9991101517522435
00824-Dd4bFSTQ8gi,0_4_112,478,tile,0_4,-0.20790731875504,1.7164365899648912,3.044161869413917,0.020428183388615875,0.9944596473748486,0.9676864939215917,0.9953106498637316,0.021327956781830866,0.5542326469256051,0.021327956781830866
00824-Dd4bFSTQ8gi,0_4_113,478,tile,0_4,-0.2373454112199616,0.7160893623614871,2.590241396332792,0.7898759313086706,0.8350732303887046,0.9462762260897608,0.9999971496415061,0.9995801594016042,0.9995801594016042,0.9998503749271413
00824-Dd4bFSTQ8gi,0_4_114,316,overhang,0_4,-1.046442808792124,2.2987602496582613,2.8969024277586803,0.5229456801229627,0.9857144478412846,0.9318727695557181,0.9878788934047422,0.5762953690716505,0.5762953690716505,0.615154967912688
00824-Dd4bFSTQ8gi,0_4_115,106,closet door,0_4,-1.8463725555945847,1.8383886382222587,2.995796563677644,0.7338086526123154,0.9815162645050033,0.9278741324341658,0.9996680398983416,0.8060100419775906,0.8060100419775906,0.9911704835537374
00824-Dd4bFSTQ8gi,0_4_116,87,cat,0_4,-1.4844557467927069,2.4148764240463207,2.664278347469482,0.49873321007934823,0.9767318007018831,0.9430731085706365,0.9744615593847696,0.5556264191309561,0.5556264191309561,0.7199815766608234
00824-Dd4bFSTQ8gi,0_4_117,244,handle,0_4,-1.2921522878751261,1.9183450063290595,3.5547989094492327,0.6181551398202478,0.988535703553094,0.9424489783931624,0.995494818652997,0.6665124606417537,0.6665124606417537,0.7613699413192068
00824-Dd4bFSTQ8gi,0_4_118,93,ceiling chassis,0_4,-1.3492337889041712,2.3498328260041825,3.0086530580330644,0.49413762786093096,0.9801325970604304,0.9337064741316219,0.995474420311153,0.5424036681620732,0.6110648934115739,0.5424036681620732
00824-Dd4bFSTQ8gi,0_4_119,93,ceiling chassis,0_4,-0.657078729125398,2.189916053905554,2.8529212889608564,0.16456650657524993,0.9772316422513739,0.9474930025919824,0.9936720903126515,0.1788647773106875,0.6222135571657985,0.1788647773106875
00824-Dd4bFSTQ8gi,0_4_12,82,cardboard,0_4,-0.9538023155417358,0.4881978539510404,4.730516791180533,0.6873561014700925,0.9624487908798592,0.9113453644872433,0.9986448956472841,0.7847116231790373,0.8001635011321214,0.7847116231790373
00824-Dd4bFSTQ8gi,0_4_120,244,handle,0_4,-0.3945373559392348,1.8402617647080495,3.30073288875129,0.48074703953758946,0.9559786604214757,0.9529424329546861,0.9971428800812246,0.5292298872439026,0.5292298872439026,0.7337652239035273
00824-Dd4bFSTQ8gi,0_4_121,316,overhang,0_4,-2.205582588751352,2.229187572484417,2.7205701233680113,0.3825032148920974,0.9544563668966294,0.9000147757925203,0.9818416918362156,0.453511079295635,0.5247234954420621,0.453511079295635
00824-Dd4bFSTQ8gi,0_4_122,316,overhang,0_4,-1.0402390397473424,2.2038055483203163,3.234448917423562,0.4870412104329992,0.9556727515657745,0.9552169803704642,0.9846313234169229,0.5418521800345428,0.5418521800345428,0.7592225731824435
00824-Dd4bFSTQ8gi,0_4_123,369,rail,0_4,-2.2207124883749674,2.0089596580980484,2.7012962085473142,0.6170868913007483,0.9502052993920387,0.9024362671938762,0.9891863458528853,0.7275020462659656,0.7275020462659656,
00824-Dd4bFSTQ8gi,0_4_124,106,closet door,0_4,-1.2359251514490326,2.1515770998722137,4.606718565944728,0.5511434377811117,0.693914920091629,0.886288724781347,0.9991634120281279,0.8969054616170062,0.9154554402761013,0.8969054616170062
00824-Dd4bFSTQ8gi,0_4_125,478,tile,0_4,-0.7264877579223079,0.5142138242859968,3.507480540510151,0.8483551241910899,0.889338354505388,0.9539588737608655,0.9999991441645658,0.9999571367917237,0.9999579615530457,0.9999571367917237
00824-Dd4bFSTQ8gi,0_4_126,478,tile,0_4,-0.5254413847562326,0.7178557066306925,3.5041061144434225,0.9185013546341192,0.9544430049518632,0.9623835994691077,0.9999992480081499,0.999958358654771,0.9999583692197327,0.999958358654771
00824-Dd4bFSTQ8gi,0_4_127,106,closet door,0_4,-0.9924704459196557,0.9135488933112307,4.6016248358293605,0.5334749466166172,0.9888556593868164,0.9425867418818247,0.9989809397810431,0.5729313623884624,0.7056079437561069,0.5729313623884624
00824-Dd4bFSTQ8gi,0_4_128,106,closet door,0_4,-1.871467386669717,1.3901249676578793,3.717862521186023,0.4627649509440573,0.991476385366349,0.9479955250563159,0.9980493145170898,0.4933098600154945,0.8152973698703638,0.4933098600154945
00824-Dd4bFSTQ8gi,0_4_129,326,partial,0_4,-1.368053942511044,2.0782228392861257,3.6413338239035906,0.3693424774764799,0.9673453253735539,0.9328008755590873,0.9950914296068422,0.4113351185499725,0.6374103372513052,0.4113351185499725
00824-Dd4bFSTQ8gi,0_4_13,326,partial,0_4,0.1302212653498566,0.08759588019895875,3.6643552548230067,0.19685159591725335,0.905803648222018,1.0,0.995017861918842,0.2184107436470816,0.6264858790443533,0.2184107436470816
00824-Dd4bFSTQ8gi,0_4_130,195,foam,0_4,-0.5692763435884315,0.47224003614429894,3.078981740694358,0.566835534983859,0.9741223768083895,0.9148414454596574,0.994096473924742,0.639836754505246,0.639836754505246,0.9759101699156364
00824-Dd4bFSTQ8gi,0_4_131,480,tissue,0_4,-1.919204229577796,0.4724813778727007,2.764433572085135,0.5793891426277724,0.9667803023399119,0.9324636666302148,0.9877135532542851,0.6506982332579034,0.6506982332579034,0.6677128708091001
00824-Dd4bFSTQ8gi,0_4_132,106,closet door,0_4,-1.5737670656438698,0.4335119529556797,4.488551363735522,0.8314082458437976,0.9744300681282877,0.9208658629837531,0.9999071306182906,0.9266326780903426,0.9266326780903426,0.980846915841624
00824-Dd4bFSTQ8gi,0_4_133,478,tile,0_4,-1.1624651884709352,0.004293590852980931,2.839891468789603,0.9156722905832669,0.9781555247560045,0.9385187393415299,0.999928512749419,0.9975168922837415,0.9975168922837415,0.9995249430268565
00824-Dd4bFSTQ8gi,0_4_134,244,handle,0_4,-2.0380155717661057,0.4055788055807772,3.6974427961002325,0.7388637877680868,0.9908199222424091,0.933807492897041,0.9939945331180942,0.8033934774768613,0.8033934774768613,0.8541101608159348
00824-Dd4bFSTQ8gi,0_4_135,478,tile,0_4,-1.2472441700795505,0.012203138396291795,2.457262494218311,0.8429333693784128,0.8987194688697191,0.9475216343634559,0.9996705966417624,0.9902002773147685,0.9902002773147685,0.997551168836403
00824-Dd4bFSTQ8gi,0_4_136,244,handle,0_4,-0.2403216000617532,0.20535112521523838,3.115205702026722,0.4588839646032566,0.959904878338178,0.9009188828091823,0.996007109050376,0.5327537988487655,0.6880288176237628,0.5327537988487655
00824-Dd4bFSTQ8gi,0_4_137,244,handle,0_4,-1.990726008618179,0.9629453958618143,3.735745142279152,0.6223130519672092,0.9647620916366577,0.8665997937560874,0.9932094604602902,0.7494268528187769,0.8548976854630717,0.7494268528187769
00824-Dd4bFSTQ8gi,0_4_138,478,tile,0_4,-0.771901534108006,-0.0015622892895591411,3.2236336557303917,0.8389286310591831,0.9252296178160616,0.9074100378015358,0.9999266590481696,0.9993181222552487,0.9993181222552487,0.9997496441171233
00824-Dd4bFSTQ8gi,0_4_139,244,handle,0_4,-0.21550659554967103,2.1208633756796753,2.941334426288021,0.7044902914189475,0.9887354724818751,0.909018048934439,0.9943312789187227,0.7882995693016949,0.7882995693016949,0.8200967776791647
00824-Dd4bFSTQ8gi,0_4_14,106,closet door,0_4,-1.1583167815874484,0.9224198286967875,4.482315686771417,0.7711630602570926,0.8605596761677474,0.9615398295623616,0.9998915859010828,0.9320624963929682,0.9320624963929682,0.9807517206427471
00824-Dd4bFSTQ8gi,0_4_140,106,closet door,0_4,-2.2163657249699438,1.205690318752665,3.6650771631567935,0.12946509223966088,0.9344231238672053,0.9314667701214092,0.9984821219111557,0.1489709024130673,0.6987201821656682,0.1489709024130673
00824-Dd4bFSTQ8gi,0_4_141,326,partial,0_4,-0.17785747460433998,0.09029079212730569,4.587253312463514,0.5990453412750432,0.979920280780187,0.9388814587457301,0.996353361647107,0.6534988022747722,0.7479837961274731,0.6534988022747722
00824-Dd4bFSTQ8gi,0_4_142,195,foam,0_4,-0.3769802040947448,0.4490902712499947,2.85439890926741,0.7295002790875891,0.9674621295838893,0.9231082485238589,0.9978601961337205,0.8185951315855693,0.8185951315855693,0.9681277393208819
00824-Dd4bFSTQ8gi,0_4_143,316,overhang,0_4,-1.067349700267391,2.2692786891670425,2.069517392353386,0.5111265548582974,0.969011746240817,0.9275429495513097,0.9902493848893016,0.5742761672793069,0.5742761672793069,0.6677337573093093
00824-Dd4bFSTQ8gi,0_4_144,478,tile,0_4,-1.1726460252532884,0.4848213445796539,1.6051940647616751,0.9146241599643464,0.9666685265590017,0.9481908463076225,0.999995844676347,0.9978634986494546,0.99964894530496,0.9978634986494546
00824-Dd4bFSTQ8gi,0_4_15,106,closet door,0_4,-1.2995419111507698,1.3554749583338837,4.495958624921928,0.7821226662011983,0.8712470112327853,0.9924597545371766,0.9999232176167578,0.9045946473689926,0.9045946473689926,0.9896961428001698
00824-Dd4bFSTQ8gi,0_4_16,106,closet door,0_4,-1.796702787544159,0.542073528703042,3.35858400325329,0.8661350729986257,0.9846576125120949,0.9776320749901242,0.9998962171428357,0.8998497806468102,0.8998497806468102,0.9879012650911083
00824-Dd4bFSTQ8gi,0_4_17,106,closet door,0_4,-1.3276857602943941,0.7666877489615718,4.498373670069467,0.7764594977943791,0.9887306140072044,0.9527514530513057,0.9997401685621848,0.8244684925393612,0.8244684925393612,0.9751634736046914
00824-Dd4bFSTQ8gi,0_4_18,106,closet door,0_4,-1.4404793400679876,1.8508021083391946,4.486012820384942,0.844188570251542,0.9825174495683495,0.9637174163564732,0.9998785359114047,0.8916660726730805,0.8916660726730805,0.9871509576071881
00824-Dd4bFSTQ8gi,0_4_19,82,cardboard,0_4,-1.7136431474682503,2.427178680196491,2.066293073385529,0.022964287374094772,0.8997959636237179,0.9968185372011825,0.9517453362107378,0.02690122576798333,0.5534796189953675,0.02690122576798333
00824-Dd4bFSTQ8gi,0_4_2,303,model,0_4,-1.964071388767768,1.6523424656821444,-2.2320211974785726,0.7185760110042013,0.8983357797124295,0.8984431547114998,0.9982267728239268,0.8918959654090681,0.8918959654090681,0.9811399966316132
00824-Dd4bFSTQ8gi,0_4_20,106,closet door,0_4,-1.8012367955194653,1.8278731809886037,3.3206842557227856,0.7613989247518289,0.9759913828059337,0.9329413057155784,0.9996783610910871,0.8364724904620988,0.8364724904620988,0.9828178319064599
00824-Dd4bFSTQ8gi,0_4_21,106,closet door,0_4,-1.8031928959610108,1.4192125273236968,3.311766302438561,0.8832170352296151,0.9864033813041355,0.943928799856385,0.9999413693906645,0.9486349291144343,0.9486349291144343,0.9960181784901325
00824-Dd4bFSTQ8gi,0_4_22,106,closet door,0_4,-1.850315901457026,1.326618712872151,2.979710131986959,0.7737201632490721,0.9592729806900024,0.9059359438406049,0.9998752151841958,0.8904271802980951,0.8904271802980951,0.9927019622641375
00824-Dd4bFSTQ8gi,0_4_23,244,handle,0_4,-2.0652402354951915,0.5790961560374207,2.43812468141006,0.01762437661970625,0.9780666679143906,0.9306315448620884,0.9995459236899361,0.01937156840340663,0.657044769555583,0.01937156840340663
00824-Dd4bFSTQ8gi,0_4_24,316,overhang,0_4,-1.0416574264064686,2.2312613220163007,1.9806962752821478,0.5509808171359447,0.965196909063848,0.9211361571376449,0.992974357424909,0.6241064817190983,0.6241064817190983,0.7191312128940875
00824-Dd4bFSTQ8gi,0_4_25,106,closet door,0_4,-1.8255025309041182,1.087710706883411,3.148365435462353,0.8082098631527336,0.9678837954998016,0.8948035544932197,0.9999219094726701,0.9332696489192625,0.9332696489192625,0.9957116960240614
00824-Dd4bFSTQ8gi,0_4_26,316,overhang,0_4,-0.7898188469194233,2.1925914787932967,2.00866647840636,0.43177543753816117,0.7379347657163938,0.9264855851142648,0.9933945242639751,0.6357399934690124,0.6357399934690124,0.7132590336777704
00824-Dd4bFSTQ8gi,0_4_27,244,handle,0_4,-0.9015668941460728,1.3708773848084022,1.4374333044818346,0.13587364228150015,0.9385714464717441,0.9242739391230563,0.9884691868546905,0.1584543024791636,0.5301106065751034,0.1584543024791636
00824-Dd4bFSTQ8gi,0_4_28,478,tile,0_4,-1.7175178642779108,0.9187181895388081,1.602222154730083,0.8422131695557583,0.889903744050365,0.9465718761217781,0.9999994618566834,0.9998287737390558,0.9999688944727704,0.9998287737390558
00824-Dd4bFSTQ8gi,0_4_29,478,tile,0_4,-1.3079373913296477,0.9342006009945711,1.6027502810112957,0.8653974630572426,0.9053109631590219,0.9612954380113277,0.9999948346521746,0.9944047727260276,0.9997614347210508,0.9944047727260276
00824-Dd4bFSTQ8gi,0_4_3,87,cat,0_4,-0.011147914478143846,0.2955259470062457,2.1719673361339313,0.5702181301473871,0.9426518961673889,0.93130343252437,0.9903428003800647,0.6558626868458,0.7400591564729134,0.6558626868458
00824-Dd4bFSTQ8gi,0_4_30,478,tile,0_4,-1.0613402316087754,1.396191511376494,3.5759766972633598,0.11009107902050978,0.9150097389022509,0.970620831444569,0.9964706977621112,0.12439767733188946,0.8003315365027179,0.12439767733188946
00824-Dd4bFSTQ8gi,0_4_31,478,tile,0_4,-1.3669594748292693,-0.0005432989132822545,1.95458764073436,0.8947418082207622,0.9518175337049696,0.9463608229769216,0.9998588606658438,0.9934558631300461,0.9934558631300461,0.999073036913063
00824-Dd4bFSTQ8gi,0_4_32,106,closet door,0_4,-1.806557049768197,1.4993598688697056,3.571195929551324,0.5126992790087629,0.9732974602824092,0.9116819039552837,0.9988360708421128,0.5784682997362399,0.9302760709725827,0.5784682997362399
00824-Dd4bFSTQ8gi,0_4_33,478,tile,0_4,-0.3557164764263586,0.9258379860249134,1.5730842284734428,0.8551034316712222,0.9295590058261273,0.9380572773549218,0.9999815750021671,0.9806642229977104,0.9991030419854311,0.9806642229977104
00824-Dd4bFSTQ8gi,0_4_34,478,tile,0_4,-1.5181634930793477,0.7161696634662874,1.6040887902679146,0.9099847017952979,0.9830181341255091,0.9257474006563461,0.9999991394728682,0.9999549490008981,0.9999549490008981,0.9999771710934806
00824-Dd4bFSTQ8gi,0_4_35,478,tile,0_4,-1.5157918576913811,-0.003314706245447787,1.8979677998481423,0.9231185060667605,0.982087777068318,0.9403922365903663,0.9999180259731729,0.9996171966151267,0.9996171966151267,0.9999524295095409
00824-Dd4bFSTQ8gi,0_4_36,478,tile,0_4,-1.1066218329810518,-0.00091447781001889,1.896035978313606,0.8438864768475215,0.8848426050141837,0.956601066480067,0.9994869566517044,0.9974933524669872,0.9974933524669872,0.9991427954786977
00824-Dd4bFSTQ8gi,0_4_37,478,tile,0_4,-1.1017322494934363,-0.0009406028056218197,2.100884958940052,0.9247685511805825,0.9806148309298235,0.9491884726729197,0.9995047353599493,0.9940249459536009,0.9940249459536009,0.9980677754578064
00824-Dd4bFSTQ8gi,0_4_38,478,tile,0_4,-1.7081872546984733,0.002150614166187791,2.3155643696455406,0.9479852858915068,0.9857204053111827,0.965687796386052,0.9999228398042163,0.995966241003062,0.995966241003062,0.99935395857244
00824-Dd4bFSTQ8gi,0_4_39,478,tile,0_4,-1.716596823432988,-0.001576428636245869,1.9033046767949637,0.8944013955447694,0.9844989893346189,0.9087274925558337,0.9999497065020174,0.9997821276301022,0.9997821276301022,0.9999451258352412
00824-Dd4bFSTQ8gi,0_4_4,157,door screen,0_4,-1.2030807096225458,0.5154671494967864,-0.08441865852780035,0.6689219351767325,0.9912442969748707,0.9566299014035489,0.9983375667063298,0.7065995731290688,0.7065995731290688,0.9726894951656458
00824-Dd4bFSTQ8gi,0_4_40,478,tile,0_4,-1.7159179141016176,0.0015413867841934429,2.1053041738241878,0.898102618128379,0.9463928353313811,0.9498564660298683,0.9999537661756277,0.9991176122859422,0.9991176122859422,0.9997765703360828
00824-Dd4bFSTQ8gi,0_4_41,478,tile,0_4,-1.9165481270876905,0.0008238716345183259,2.32217985934767,0.9287676271132328,0.9814749386728983,0.9469867864703776,0.9999635343930642,0.9993089396553108,0.9993089396553108,0.9998673126861574
00824-Dd4bFSTQ8gi,0_4_42,478,tile,0_4,-1.1152111878909714,0.11949927704244018,1.6104783571594314,0.8995951058685971,0.9792096344777094,0.9222296855974472,0.9999952466926135,0.9961720971265299,0.9995603670547998,0.9961720971265299
00824-Dd4bFSTQ8gi,0_4_43,478,tile,0_4,-1.1100767049750744,0.3188445455530373,1.6082876120134342,0.8658676843616263,0.9786267004694833,0.8984094996282174,0.9999921962683634,0.9848351128603607,0.9996697790125628,0.9848351128603607
00824-Dd4bFSTQ8gi,0_4_44,244,handle,0_4,-0.9165791949605122,2.1927050661110514,2.1763904214911625,0.3270676154111786,0.984312042593956,0.9450264370806449,0.9922340612895805,0.3543616022284568,0.5145109125027102,0.3543616022284568
00824-Dd4bFSTQ8gi,0_4_45,480,tissue,0_4,-0.7847272608912007,1.4559203790607664,1.7421204506616166,0.00842257390664349,0.9787206952413471,0.9346838917148355,0.9815517808555548,0.009380113326673442,0.7417252218697638,0.009380113326673442
00824-Dd4bFSTQ8gi,0_4_46,244,handle,0_4,-1.3479000727377464,2.4216697833643948,1.8073419388770247,0.23895225051372534,0.9677013634987499,0.9440477238891964,0.9777391656931589,0.26751787775263497,0.5047961650116687,0.26751787775263497
00824-Dd4bFSTQ8gi,0_4_47,316,overhang,0_4,-1.1971759316253574,2.422498741479272,1.9345441533953147,0.44610288175408574,0.9707628209574694,0.9346966573795107,0.9753718921212599,0.5040585293642151,0.5040585293642151,0.7472060508039516
00824-Dd4bFSTQ8gi,0_4_48,82,cardboard,0_4,-1.3465785618061983,1.5952556567052678,1.5760927178972415,0.18733277631653572,0.977832547233871,0.9488194202661355,0.9976223152327452,0.20239489801962682,0.5711588606680185,0.20239489801962682
00824-Dd4bFSTQ8gi,0_4_49,478,tile,0_4,-0.22087500854634548,2.1189509944130416,2.057664535671757,0.11409528230739471,0.9773024847642546,0.9648760894953392,0.9951934266011956,0.12157930073873202,0.5405858617928926,0.12157930073873202
00824-Dd4bFSTQ8gi,0_4_5,326,partial,0_4,-0.4796346604118319,1.1511056799563064,3.599682989059104,0.12702846792671493,0.9532841919711772,0.92579759278761,0.9969974843289906,0.14436720855285515,0.5387383504563192,0.14436720855285515
00824-Dd4bFSTQ8gi,0_4_50,478,tile,0_4,-0.23910700647452976,0.7083842683070432,2.1875008882878286,0.9346090240500227,0.9851779509592319,0.9491333547800331,0.9999968384033006,0.9995152480200549,0.9997264671180295,0.9995152480200549
00824-Dd4bFSTQ8gi,0_4_51,478,tile,0_4,-1.1079503266426833,0.9237832882121755,1.6030619161431883,0.8900521846208198,0.9843983030296597,0.9089828740262327,0.9999919276820294,0.9947006896968756,0.9996629314465509,0.9947006896968756
00824-Dd4bFSTQ8gi,0_4_52,478,tile,0_4,-0.23855853113752287,0.9106219396758003,2.3711940536372946,0.7214422639364401,0.7618022941379032,0.9473940632957987,0.9999976654349724,0.9996078535394393,0.999777306579961,0.9996078535394393
00824-Dd4bFSTQ8gi,0_4_53,478,tile,0_4,-0.2395608831037098,0.7077123117535045,1.990596405163341,0.900324701859888,0.9742122986094905,0.9257919204605206,0.9999963210202856,0.9982372444744082,0.9996573358949012,0.9982372444744082
00824-Dd4bFSTQ8gi,0_4_54,478,tile,0_4,-0.23426186880976085,0.9064519316136572,2.188823256882105,0.9344496784653041,0.9849701700638688,0.9491968895285606,0.9999973352732223,0.9994882473983471,0.9996590744754137,0.9994882473983471
00824-Dd4bFSTQ8gi,0_4_55,478,tile,0_4,-0.241765204972519,0.9018259988327169,1.766790717280011,0.9133117518339806,0.9834274662129672,0.9411976020957693,0.9999850612547581,0.9867392146421066,0.9992727928499389,0.9867392146421066
00824-Dd4bFSTQ8gi,0_4_56,478,tile,0_4,-0.23857669864120887,0.8915114716260698,1.987795238085014,0.9196120666202477,0.9843241902667912,0.9354447655641878,0.999996862532105,0.9987337275282288,0.9997342865801369,0.9987337275282288
00824-Dd4bFSTQ8gi,0_4_57,478,tile,0_4,-0.23893162252798297,0.7005765698869086,1.7756410377414196,0.9090713034098602,0.9842164883976217,0.948521951873941,0.9999798396344587,0.9737975588877018,0.999158530630331,0.9737975588877018
00824-Dd4bFSTQ8gi,0_4_58,478,tile,0_4,-1.246489145395202,1.514152954629445,1.5751995125530716,0.12326661821670477,0.974102571288708,0.9419841422927243,0.9984803246006182,0.1345419409013811,0.6617649517674429,0.1345419409013811
00824-Dd4bFSTQ8gi,0_4_59,326,partial,0_4,-0.7746837399791895,1.3298095688243956,1.4083451220973846,0.18949273155805543,0.9294871918616756,0.9924080839148359,0.9947800266545023,0.20650558246969705,0.5961840200538827,0.20650558246969705
00824-Dd4bFSTQ8gi,0_4_6,326,partial,0_4,-1.8730217576040395,2.269912964245406,4.121307332102189,0.31131984836586646,0.9431429903141553,0.9175936848367581,0.9908781322259013,0.3630434527545765,0.5886730638830161,0.3630434527545765
00824-Dd4bFSTQ8gi,0_4_60,478,tile,0_4,-0.23567829954273292,0.7173927453543054,2.9948016451628137,0.916710267368585,0.9799804247875004,0.9387218093646696,0.9999877702442328,0.996513297375312,0.999282845895966,0.996513297375312
00824-Dd4bFSTQ8gi,0_4_61,478,tile,0_4,-0.22915814269436782,0.9173524328665095,3.187234833632437,0.924529128557465,0.9745627682994713,0.9487599327220351,0.9999987882452077,0.9998963282313689,0.9999346575389003,0.9998963282313689
00824-Dd4bFSTQ8gi,0_4_62,478,tile,0_4,-0.230501876519654,0.5191129371635468,3.3839066282285026,0.9123181865157155,0.969993266812969,0.9406231851150977,0.9999987554409864,0.9999135966920475,0.9999135966920475,0.9999366480069811
00824-Dd4bFSTQ8gi,0_4_63,478,tile,0_4,-1.1138592529048665,0.5191779566740589,1.6064029181168384,0.9122105717408582,0.9763512397818926,0.9374066092546894,0.9999924744183236,0.9966995818891773,0.9993802232427145,0.9966995818891773
00824-Dd4bFSTQ8gi,0_4_64,478,tile,0_4,-0.23474598509221237,1.0098880536936832,2.8933631292870863,0.9119541149736141,0.9554844771800791,0.9618882989340454,0.9999552612230407,0.9923026243981997,0.9977103444598866,0.9923026243981997
00824-Dd4bFSTQ8gi,0_4_65,478,tile,0_4,-1.1073230243609173,0.7222504685387863,1.6043829627490849,0.9176728113924273,0.9787267627113049,0.9396179659787376,0.9999952629100038,0.9978773059730567,0.9995426739972653,0.9978773059730567
00824-Dd4bFSTQ8gi,0_4_66,478,tile,0_4,-1.1128375141317486,1.2719499376096155,1.5778714480175073,0.5651212124723111,0.9338322424226336,0.9550285648423613,0.999366494137009,0.6340618133426524,0.9482680408606055,0.6340618133426524
00824-Dd4bFSTQ8gi,0_4_67,478,tile,0_4,-0.24036289884762602,0.9181064776637262,2.5859931360578994,0.8710583956583391,0.9459294624031998,0.9209697176037096,0.9999986193160484,0.9998705290164509,0.9999263478361329,0.9998705290164509
00824-Dd4bFSTQ8gi,0_4_68,478,tile,0_4,-0.9069695209053595,0.0016185751251940057,2.5038032845043126,0.9266908130923031,0.994911074305967,0.9372284663941246,0.9998674287986153,0.9939457942991778,0.9939457942991778,0.9989418554463163
00824-Dd4bFSTQ8gi,0_4_69,478,tile,0_4,-1.5048222198422196,0.0040279735779141885,3.130116859025425,0.897398619753734,0.9725116422486296,0.9242286577590058,0.9998597146987774,0.9985552212946344,0.9985552212946344,0.9996950147948773
00824-Dd4bFSTQ8gi,0_4_7,82,cardboard,0_4,-1.0233172935430057,2.4483251137035906,4.093246147940512,0.3941996706694685,0.9548851611138032,0.9557685739561002,0.9927725423818324,0.4350734772581764,0.6873613714540221,0.4350734772581764
00824-Dd4bFSTQ8gi,0_4_70,478,tile,0_4,-0.8901325670286624,0.9162859145355104,3.514438691046305,0.9295407608685174,0.99011474201497,0.9389836345354949,0.9999989782278136,0.999828086316639,0.9999628280612096,0.999828086316639
00824-Dd4bFSTQ8gi,0_4_71,195,foam,0_4,-0.9494115919674905,0.2984761285923895,2.4896045304710985,0.42964967899976475,0.9935190623456781,0.95917614253084,0.998867139796002,0.451369483041553,0.6128377789206816,0.451369483041553
00824-Dd4bFSTQ8gi,0_4_72,478,tile,0_4,-0.8775066389839964,0.0022034626255806092,3.324939626194578,0.936139150957953,0.9814047507380924,0.9541348193714667,0.9999697814018726,0.9997597119119538,0.9997597119119538,0.9999149615070998
00824-Dd4bFSTQ8gi,0_4_73,478,tile,0_4,-0.6220922712215882,0.8136623472486791,3.505149581521704,0.9380547838542341,0.9892526706923609,0.9483009123466696,0.9999992173325254,0.9999427655985185,0.99995692453411,0.9999427655985185
00824-Dd4bFSTQ8gi,0_4_74,478,tile,0_4,-1.685653676258682,0.010174641827047665,3.496034867370618,0.8250273132645257,0.9053451348983105,0.9122068752683056,0.9998173614033421,0.9991717334402769,0.9991717334402769,0.9998449135544922
00824-Dd4bFSTQ8gi,0_4_75,478,tile,0_4,-0.9018552767027569,0.0016891275504816864,2.928797244946831,0.882979354926483,0.9680822034117104,0.9126949924812333,0.9999526133610479,0.9993859175267893,0.9993859175267893,0.9998008296682073
00824-Dd4bFSTQ8gi,0_4_76,478,tile,0_4,-0.7288558649988951,0.3144515127101189,3.5063814180474315,0.948530636336504,0.994092198331352,0.9545151452923988,0.9999989133817758,0.9996370526027302,0.9999468091988419,0.9996370526027302
00824-Dd4bFSTQ8gi,0_4_77,478,tile,0_4,-0.32380253421975747,0.7206718997876024,3.5010619178326494,0.9291855701960092,0.961195655874369,0.9668717811247729,0.9999987428109782,0.9998211471279761,0.9999377355822794,0.9998211471279761
00824-Dd4bFSTQ8gi,0_4_78,478,tile,0_4,-0.7269727452293455,0.12316184445532179,3.5053433716190363,0.9152794259075585,0.9454905308982492,0.9682136470763867,0.9999989028819396,0.9998291470116554,0.9999462837632009,0.9998291470116554
00824-Dd4bFSTQ8gi,0_4_79,478,tile,0_4,-1.0967298148654276,0.0020545430933575602,3.1224328691438514,0.8847722483142514,0.9181971098755447,0.9645317910345771,0.9999323930790974,0.9990986827997533,0.9990986827997533,0.999693828540382
00824-Dd4bFSTQ8gi,0_4_8,326,partial,0_4,-0.47495567573325415,0.09614566060317088,3.6618544011744913,0.20610755795741562,0.9807132252626679,0.9545476657631949,0.995705111096597,0.22111771067996613,0.7289497277078791,0.22111771067996613
00824-Dd4bFSTQ8gi,0_4_80,478,tile,0_4,-0.2099030263260955,1.3087205996930134,2.7715494325395826,0.8641640159068603,0.968893358895961,0.8998587971463714,0.9999436182285641,0.9912206002962911,0.9922482129654472,0.9912206002962911
00824-Dd4bFSTQ8gi,0_4_81,478,tile,0_4,-1.5052283074267885,0.0061647701051653165,3.3339231849985262,0.9094023266390316,0.9893351462080614,0.9196792805088171,0.9999453498510326,0.9995394873531158,0.9995394873531158,0.9998952407440025
00824-Dd4bFSTQ8gi,0_4_82,478,tile,0_4,-1.2944410149157133,0.0046288806020829965,3.3264037437728615,0.9250332968686478,0.9848223166678702,0.9395893844371972,0.9999778608066089,0.9997030055198096,0.9997030055198096,0.9999225102469714
00824-Dd4bFSTQ8gi,0_4_83,478,tile,0_4,-1.5075134138981938,0.0033409656398827713,2.9232554154655617,0.8876673880321613,0.973129979031642,0.912990388469274,0.9999099899785862,0.9991997110185142,0.9991997110185142,0.9996899506165472
00824-Dd4bFSTQ8gi,0_4_84,478,tile,0_4,-1.1017196629001162,0.002253576204114791,2.915449167955363,0.9008025374548714,0.9734685497269743,0.9259699737422584,0.9999591637744417,0.9993750594160163,0.9993750594160163,0.9998576730376637
00824-Dd4bFSTQ8gi,0_4_85,478,tile,0_4,-0.8866674739598848,0.0015078988248381233,3.1231966561105797,0.9175958550489993,0.9925497653632381,0.924761976874168,0.9999647282372041,0.9997341005346642,0.9997341005346642,0.9998629121082144
00824-Dd4bFSTQ8gi,0_4_86,420,sink,0_4,-2.237859779780018,0.8931955315252254,2.918239485507938,0.8352616297629213,0.9785747509705742,0.9314411376198287,0.99997014877552,0.9164020980583245,0.9164020980583245,0.9344255403545467
00824-Dd4bFSTQ8gi,0_4_87,478,tile,0_4,-1.7003463139269952,0.003847161984302974,2.920442872660324,0.9282515394513594,0.9758754062165284,0.9514095473076163,0.9999124482777156,0.9998660553532418,0.9998660553532418,0.9999640607316707
00824-Dd4bFSTQ8gi,0_4_88,478,tile,0_4,-1.7159185841839888,0.005621906015361644,3.1248710811318112,0.9308907437463856,0.9901259763952434,0.9410101050635171,0.9996589213132624,0.9994524204721091,0.9994524204721091,0.9999346776627975
00824-Dd4bFSTQ8gi,0_4_89,478,tile,0_4,-0.7245274434223978,0.7187506479223911,3.506998438199928,0.8947396985348622,0.9778536534950169,0.9150859088946328,0.9999992017756861,0.999910946863984,0.9999596360271821,0.999910946863984
00824-Dd4bFSTQ8gi,0_4_9,480,tissue,0_4,-0.016860894454234457,0.2994276005345823,2.23810840088763,0.4810644483045094,0.9597735982580883,0.9457048166258378,0.9756192722274101,0.543248445235335,0.543248445235335,0.7279845509965761
00824-Dd4bFSTQ8gi,0_4_90,478,tile,0_4,-0.525837442801489,0.9207747550437424,3.5033334596107033,0.9151635363903651,0.9832107089792791,0.9308477594831028,0.9999992569735671,0.999939611019587,0.9999662931222081,0.999939611019587
00824-Dd4bFSTQ8gi,0_4_91,478,tile,0_4,-0.7275260350643984,0.9213255525640659,3.5091098206040927,0.9045999822414628,0.9419902963306911,0.9604064819637437,0.9999990548624105,0.99989747984223,0.9999602565867757,0.99989747984223
00824-Dd4bFSTQ8gi,0_4_92,478,tile,0_4,-0.8959778015921204,0.714405666048968,3.5119806392212327,0.9603608306350149,0.9831782594796606,0.9768662809473568,0.9999991939677813,0.9999249452309477,0.9999725169428447,0.9999249452309477
00824-Dd4bFSTQ8gi,0_4_93,478,tile,0_4,-0.32929314585609726,0.9219762117501112,3.4999499056321173,0.9244410786395528,0.9749414718741964,0.9483037614452503,0.9999991900494504,0.9998930954804961,0.9999629671754613,0.9998930954804961
00824-Dd4bFSTQ8gi,0_4_94,478,tile,0_4,-0.5257892034438445,0.5125742182410262,3.504860954851723,0.8936076511213852,0.9665685739165584,0.9246128537219891,0.9999990880244777,0.9998956459703663,0.9999533578960017,0.9998956459703663
00824-Dd4bFSTQ8gi,0_4_95,478,tile,0_4,-0.9012152206269736,0.5145429425080399,3.5112164009725846,0.9336157754720804,0.9891032831728054,0.9440581286475125,0.9999990100501789,0.9998347615781981,0.9999659223452528,0.9998347615781981
00824-Dd4bFSTQ8gi,0_4_96,106,closet door,0_4,-0.9476650931243032,0.1673966309399088,4.600167938573415,0.5278016459761713,0.9848072513388408,0.9460603769257705,0.9989788933624036,0.5670800074594718,0.6940434127497761,0.5670800074594718
00824-Dd4bFSTQ8gi,0_4_97,478,tile,0_4,-0.32422128553905943,0.514162350189446,3.5013527117688628,0.8877588379751693,0.946001673059999,0.9385957254871601,0.9999986129599093,0.9998276213074806,0.9999403543415027,0.9998276213074806
00824-Dd4bFSTQ8gi,0_4_98,478,tile,0_4,-0.22849169968251512,0.7245468597125502,3.3917838516778556,0.8989481632705953,0.9583991372254161,0.9380272943936707,0.9999990012538938,0.9999382777892083,0.9999382777892083,0.9999469002588552
00824-Dd4bFSTQ8gi,0_4_99,478,tile,0_4,-0.5264623419345527,0.315908462771114,3.504624858950004,0.8529615977927831,0.9483612658555534,0.9002402996463156,0.9999979488910984,0.9990750453522499,0.9998923189703726,0.9990750453522499
00824-Dd4bFSTQ8gi,0_5_0,127,countertop item,0_5,0.9254810706135086,0.8107429795597764,-2.6871035161644934,0.33083893531805597,0.9377236944263676,0.9401411498436985,0.9993631012421539,0.3755133248371522,0.7285150197321238,0.3755133248371522
00824-Dd4bFSTQ8gi,0_5_1,106,closet door,0_5,1.5702530849726857,1.1931394043408112,-3.0963762439163642,0.691461043097141,0.9382584728158557,0.9142750404125273,0.9996125747762421,0.8063742436351763,0.8323174473644362,0.8063742436351763
00824-Dd4bFSTQ8gi,0_5_10,93,ceiling chassis,0_5,3.7079005667452964,2.4504109413470627,-1.7857928399968066,0.1312328593747388,0.8621424842723561,0.9186852094022815,0.9985745497590214,0.1659267196808134,0.8649940279352137,0.1659267196808134
00824-Dd4bFSTQ8gi,0_5_100,303,model,0_5,4.477349568022664,2.1332707370368715,-2.642146293982293,0.000250949566466854,0.9345834459381543,0.891640544487207,0.9968647987682344,0.0003020941370183608,0.5090397216250674,0.0003020941370183608
00824-Dd4bFSTQ8gi,0_5_101,221,glass,0_5,3.700912074849002,2.1588498536963803,-2.6290955624285304,0.5492418976668597,0.950642374063295,0.926787519942952,0.9847111564888719,0.6330783400371721,0.6330783400371721,0.7002114962802048
00824-Dd4bFSTQ8gi,0_5_102,326,partial,0_5,4.075859619188991,2.3777410167314073,-2.6957037492717983,0.4741672548722233,0.9205292056343571,0.920893685189655,0.9541898055332731,0.5862052720693349,0.6220383503313285,0.5862052720693349
00824-Dd4bFSTQ8gi,0_5_103,221,glass,0_5,3.6760036756176047,1.69015630127601,-2.6369383076813975,0.1648360236477227,0.9841793130338192,0.9486783071525617,0.9968574134215196,0.1771029863416511,0.6118943343854518,0.1771029863416511
00824-Dd4bFSTQ8gi,0_5_104,221,glass,0_5,3.201377643017719,2.258855087987376,-2.7199551493180993,0.6216831809059128,0.9305189459430548,0.8993301746730633,0.9966088297361881,0.7454182170316703,0.8107781337972066,0.7454182170316703
00824-Dd4bFSTQ8gi,0_5_105,316,overhang,0_5,4.994744780220477,1.8417115487828148,-2.297359106842701,0.5968788750266844,0.9797102374335129,0.935921677435793,0.9850633638053959,0.660822602010817,0.660822602010817,0.702506495870852
00824-Dd4bFSTQ8gi,0_5_106,82,cardboard,0_5,4.974905839704744,1.8641879383489692,-2.4366365293335117,0.26131069870302803,0.9398846501553498,0.924557703481315,0.9969546355783374,0.30162908431105245,0.5892384121555682,0.30162908431105245
00824-Dd4bFSTQ8gi,0_5_107,316,overhang,0_5,3.6035991591474636,2.408929765417078,-2.59172700632844,0.1586067550752629,0.971270421720526,0.9427836242955379,0.9894452137718421,0.17505629568925474,0.6016089130328698,0.17505629568925474
00824-Dd4bFSTQ8gi,0_5_108,93,ceiling chassis,0_5,1.771448335144577,2.449282024520751,-2.6873664672620245,0.022649237664325188,0.9635791689758385,0.9206615275988093,0.9850401669683237,0.025918642466589398,0.7125688501179532,0.025918642466589398
00824-Dd4bFSTQ8gi,0_5_109,221,glass,0_5,3.1956389479963248,1.9653019811022288,-2.6576648020707636,0.7056902704438072,0.9628338411046028,0.9472768170777619,0.9978469286217615,0.7753931317164858,0.7753931317164858,0.9023283637271575
00824-Dd4bFSTQ8gi,0_5_11,374,refrigerator,0_5,0.5393405887058951,1.5638721233604713,-2.344576512624076,0.8444912510492456,0.9478395892309437,0.9011306519492781,0.9999247780747405,0.9887926228058519,0.996729841224825,0.9887926228058519
00824-Dd4bFSTQ8gi,0_5_110,221,glass,0_5,3.326035419742197,2.0904237527017666,-3.014387765453245,0.27603661551493974,0.9548567993959197,0.9408244220356491,0.9951339773040628,0.3087722850255937,0.9339803205787183,0.3087722850255937
00824-Dd4bFSTQ8gi,0_5_111,420,sink,0_5,3.5823301970618493,0.7027438354860026,-2.8656537219351477,0.04743699341228622,0.9778350500283848,0.9358233180049538,0.999408275761513,0.05186982124946598,0.7199620551846285,0.05186982124946598
00824-Dd4bFSTQ8gi,0_5_112,127,countertop item,0_5,4.352311487892772,0.5792729718275912,-2.3829713827148797,0.859770495089081,0.9544007472714788,0.9185065617227437,0.9999677810775601,0.9808068630126009,0.9808068630126009,0.992980051636038
00824-Dd4bFSTQ8gi,0_5_113,127,countertop item,0_5,2.817453113757853,0.2654215951422786,-2.4092377744901685,0.8259399522168863,0.9525912634075507,0.8865446101238068,0.9999927284141312,0.9780125873882701,0.9932226950719975,0.9780125873882701
00824-Dd4bFSTQ8gi,0_5_114,326,partial,0_5,2.758592650186188,1.746196926654178,-0.5554304475373129,0.4232875333730248,0.8986819527508157,0.9398566734947805,0.9938056320510519,0.5042737649706808,0.6430346741169335,0.5042737649706808
00824-Dd4bFSTQ8gi,0_5_115,244,handle,0_5,3.6973238578162637,1.5467405743189744,-2.616042786477687,0.005121130938331219,0.9298710528345713,0.9317860201781512,0.998305880495004,0.005920567437639477,0.5583616614808932,0.005920567437639477
00824-Dd4bFSTQ8gi,0_5_116,127,countertop item,0_5,3.3033149544224267,1.2192351484373034,-3.0193165784962117,0.6471688108888888,0.9511657522022199,0.9340771219192732,0.9991253918128983,0.7290522305049968,0.7290522305049968,0.9850893182424709
00824-Dd4bFSTQ8gi,0_5_117,106,closet door,0_5,-0.773037645169282,1.1227056826806345,0.6590392210505817,0.7571268248029169,0.9588750504029943,0.9228270507881168,0.9999409606955968,0.8556810999614431,0.8817615149064465,0.8556810999614431
00824-Dd4bFSTQ8gi,0_5_118,221,glass,0_5,1.6431623151152213,2.0122721018711514,-0.47690559798133025,0.8303445012382145,0.9620301872491837,0.9344468138463032,0.9990517999811844,0.9245427982099123,0.9245427982099123,0.9528447396326039
00824-Dd4bFSTQ8gi,0_5_119,326,partial,0_5,-0.016018368155913124,1.2397964954019878,0.9761892087357166,0.3058726582939777,0.9530287548363988,0.9197637096242568,0.9984411076997328,0.3494909463355199,0.6879365929661471,0.3494909463355199
00824-Dd4bFSTQ8gi,0_5_12,326,partial,0_5,1.9819082207840757,2.4190569891980584,-2.9858675845049794,0.10426572828101352,0.940596047327632,0.8922099744619227,0.9701548291037408,0.12806495692616468,0.6221724265935958,0.12806495692616468
00824-Dd4bFSTQ8gi,0_5_120,157,door screen,0_5,-1.1988913999033453,1.1121924563890735,0.15343217362299286,0.7041215333353302,0.933692526517895,0.9270745698364868,0.9990237048065874,0.8142415904564443,0.8142415904564443,0.990710087420266
00824-Dd4bFSTQ8gi,0_5_121,326,partial,0_5,-0.47778915863794863,0.04611978110472235,-0.7934763127278645,0.008671921690782505,0.8748509762049825,0.895262801669855,0.9981154257284807,0.011093024169347198,0.7028604470127419,0.011093024169347198
00824-Dd4bFSTQ8gi,0_5_122,326,partial,0_5,0.5910072626442604,1.6031137576973173,-2.4999163445951478,0.23174357880207466,0.9087714928090919,0.932634892428493,0.9976727805020232,0.2740647819537228,0.6341280351623684,0.2740647819537228
00824-Dd4bFSTQ8gi,0_5_123,82,cardboard,0_5,1.0965355048643177,0.09466255655600639,-2.7060156712856567,0.09849761457799647,0.9289234706165648,0.9075485385559867,0.9965357831554461,0.1172419457028994,0.6361822988176854,0.1172419457028994
00824-Dd4bFSTQ8gi,0_5_124,139,decoration,0_5,-1.1755318914663657,2.378504239805191,-1.4931203446303036,0.0003682393919002927,0.7727119285951961,0.938497440049318,0.9856772714778568,0.0005151631539336503,0.5428626580539508,0.0005151631539336503
00824-Dd4bFSTQ8gi,0_5_125,303,model,0_5,-1.4597716547854118,0.3048387026271858,-2.035786781964125,0.10507893695809056,0.8721973859944828,0.9260615837344047,0.9977790475216071,0.1303847027946672,0.5030945610313138,0.1303847027946672
00824-Dd4bFSTQ8gi,0_5_126,545,wood,0_5,1.1162049995602101,0.022756556987265916,-2.745751121841307,0.6350943692244474,0.8687178267421676,0.931626823769109,0.992540384353701,0.7906228428030343,0.7906228428030343,0.988162497089912
00824-Dd4bFSTQ8gi,0_5_127,326,partial,0_5,-0.46924772772767753,0.27933582700271564,-0.857348078922426,0.0002554198503755573,0.9712925213078658,0.9027066908876451,0.9988746751874485,0.0002916398978374632,0.528051510003744,0.0002916398978374632
00824-Dd4bFSTQ8gi,0_5_128,87,cat,0_5,-1.161019541442712,0.30330545962195193,-0.9903539969961215,0.5815260485667556,0.739465906990297,0.9780816115747779,0.9967273221738222,0.8066767874795713,0.8066767874795713,0.9390841752488297
00824-Dd4bFSTQ8gi,0_5_129,303,model,0_5,-1.90194913070526,1.3518808506833049,-1.9294373502065616,0.42647991073056757,0.8660690313295096,0.927367762566355,0.9970024347023674,0.5325959449456547,0.5325959449456547,0.8903475076049154
00824-Dd4bFSTQ8gi,0_5_13,127,countertop item,0_5,3.205102670462666,0.7532458430942858,-2.5460041166679246,0.7837098007637063,0.8927003868712176,0.8986007584486833,0.9999768098576709,0.9769961348453414,0.9958320844788784,0.9769961348453414
00824-Dd4bFSTQ8gi,0_5_130,303,model,0_5,-1.3279115160522945,1.0694893176037379,-0.6242093625650007,0.7000295764155706,0.945369378813601,0.9065319238756409,0.9988383291502323,0.817780134195514,0.817780134195514,0.9926433087881334
00824-Dd4bFSTQ8gi,0_5_131,374,refrigerator,0_5,-0.12413188123472818,2.1080997768671996,-2.38298822274042,0.2878441871128718,0.8473488831052594,0.954635637789883,0.9975731148768817,0.35670797812750327,0.8449699892925899,0.35670797812750327
00824-Dd4bFSTQ8gi,0_5_132,106,closet door,0_5,1.7602035007735932,0.5568071117213756,-3.1158224941088233,0.7241223976286966,0.9146593294102394,0.9124832235402973,0.9998904892953375,0.8677113660520404,0.8677113660520404,0.9891705386953772
00824-Dd4bFSTQ8gi,0_5_133,106,closet door,0_5,1.4026083473765705,1.835895290262204,-3.1182151220351866,0.3150472257285711,0.9698554387434928,0.9521654548482574,0.9992740872113239,0.34140636019215376,0.7896597483977507,0.34140636019215376
00824-Dd4bFSTQ8gi,0_5_134,478,tile,0_5,2.525643527726989,1.1084828082322817,-2.9935053530057174,0.0007009202393732542,0.9023070710365759,0.9449069595784122,0.9989257880047733,0.000822985090000988,0.7559998880471318,0.000822985090000988
00824-Dd4bFSTQ8gi,0_5_135,106,closet door,0_5,1.4018054477963084,1.310874993856847,-3.117242189686185,0.5747352919990936,0.9711800925112698,0.9267171964506657,0.9995299290400845,0.638888498337373,0.8176787627784927,0.638888498337373
00824-Dd4bFSTQ8gi,0_5_136,244,handle,0_5,1.3642532242120549,2.1500732374881153,-3.032076716925279,0.518824519903516,0.9009307115304929,0.9456612397221437,0.9940203467549273,0.6126299693079447,0.6126299693079447,0.7192885476067956
00824-Dd4bFSTQ8gi,0_5_137,106,closet door,0_5,1.7616446551640932,1.3098067728538485,-3.1165481401034394,0.5260332994316191,0.8132951656977335,0.9742884640303142,0.9994353717519886,0.6642365513846643,0.8188875750921853,0.6642365513846643
00824-Dd4bFSTQ8gi,0_5_138,326,partial,0_5,0.6105281335260471,1.6860975130735656,-2.6482924537706767,0.1928340038657823,0.9708760336623669,0.9574528351954763,0.9975009653708563,0.2079644606090303,0.5237073863613525,0.2079644606090303
00824-Dd4bFSTQ8gi,0_5_139,545,wood,0_5,2.4372159839133176,0.020378853341145253,-2.5609652243146344,0.7409587739089907,0.9272712361116979,0.9172634185609732,0.9884168209012518,0.8813594297799319,0.8813594297799319,0.9750714213341833
00824-Dd4bFSTQ8gi,0_5_14,106,closet door,0_5,1.7569041764013582,1.8343578377099357,-3.1146723396732057,0.5261396931724583,0.9672352121425941,0.9471829577450475,0.9995951438663195,0.5745276777839324,0.5745276777839324,0.9581515414423037
00824-Dd4bFSTQ8gi,0_5_140,545,wood,0_5,1.546338570726059,0.0438827494934012,-3.105033411742819,0.604291674748975,0.9606864691806745,0.9204965586553717,0.9909743727834096,0.6895731523643175,0.6895731523643175,0.9372189160233524
00824-Dd4bFSTQ8gi,0_5_141,324,paper towel,0_5,2.8368776499113117,1.076773556848638,-2.835154534655592,0.5759200861056867,0.8877581810347396,0.916958852186766,0.9974033923687733,0.7093275921616757,0.7093275921616757,
00824-Dd4bFSTQ8gi,0_5_142,316,overhang,0_5,4.9842774960412575,0.7426465435475983,-1.2646286861504743,0.5131247344850236,0.9483931867273754,0.9184013593045579,0.9910706156527332,0.5944254656533221,0.6097738373275792,0.5944254656533221
00824-Dd4bFSTQ8gi,0_5_143,127,countertop item,0_5,3.4713635138213004,0.9273025902510935,-0.5808768034751541,0.9160219157967597,0.9838064080833139,0.9335578504399155,0.9999976338890021,0.9973693307637396,0.9973693307637396,0.9997854161610858
00824-Dd4bFSTQ8gi,0_5_144,106,closet door,0_5,3.7623990532389304,1.9966574012225555,-0.5811032207687904,0.021521949129637015,0.9314839523991686,0.9401989937115548,0.9960419085311506,0.024672254114657698,0.537983487166812,0.024672254114657698
00824-Dd4bFSTQ8gi,0_5_145,364,prop,0_5,3.979710453301653,1.7010234189191626,2.355602071179187,0.02841186157084276,0.9793284272174124,0.9007077355305686,0.9986608421791158,0.03225294789506055,0.5031972104994201,0.03225294789506055
00824-Dd4bFSTQ8gi,0_5_146,452,stone,0_5,3.1781980464808908,1.1199232330916657,0.3711591038199586,0.4528241559711091,0.9807383061363968,0.9220360178388901,0.9794910865605717,0.5112438222813164,0.5112438222813164,0.7093047625776124
00824-Dd4bFSTQ8gi,0_5_147,316,overhang,0_5,4.970121819846996,0.08189322435678939,-1.1437383449610379,0.47636175852576657,0.9595007759549518,0.9047814734234746,0.9887157148270662,0.554978838034199,0.7947004505564261,0.554978838034199
00824-Dd4bFSTQ8gi,0_5_148,326,partial,0_5,7.4431094598342895,0.9699257262237844,4.201617905204592,0.6920643620232714,0.9251998190622375,0.9480596739179292,0.9962790178894533,0.7919436639521411,0.8495727451410285,0.7919436639521411
00824-Dd4bFSTQ8gi,0_5_149,13,artwork,0_5,3.2078819812871524,1.5261236954749346,3.4839179558097237,0.6158789853403459,0.9192099883081087,0.9122835893586998,0.8896717727158883,0.8255074111112032,0.8255074111112032,0.9999974579753541
00824-Dd4bFSTQ8gi,0_5_15,545,wood,0_5,1.2398322155530492,0.00708435064799692,0.7710177334929808,0.7050175510010828,0.9469306994526018,0.914519366808134,0.9976651651044736,0.8160260380375306,0.8160260380375306,0.9758167351925044
00824-Dd4bFSTQ8gi,0_5_150,87,cat,0_5,2.198962174762718,1.111039583397301,0.3678573735666145,0.2831270833823561,0.9183554571556157,0.9095149190957261,0.9938490504467685,0.34106750921335877,0.6031338421026606,0.34106750921335877
00824-Dd4bFSTQ8gi,0_5_151,134,cushion,0_5,3.890395286700142,0.6890671959026985,2.873581496443802,0.8764965536834207,0.9447661545453355,0.9396847124630336,0.9996050671375912,0.9876777624556414,0.9979385147676045,0.9876777624556414
00824-Dd4bFSTQ8gi,0_5_152,326,partial,0_5,3.0611489677735224,2.2054238442476475,3.5217737437064884,0.4636631685415676,0.9528000379655427,0.9163260065185422,0.9984977314152061,0.5318678484283317,0.7166685602025719,0.5318678484283317
00824-Dd4bFSTQ8gi,0_5_153,134,cushion,0_5,3.165019211793525,0.6820317866409855,3.0252683027719005,0.6397224881506306,0.8686023335765909,0.8658354456461741,0.9957461719615451,0.8542532100224042,0.9330793543368933,0.8542532100224042
00824-Dd4bFSTQ8gi,0_5_154,326,partial,0_5,7.357218675661685,0.8061321660700937,3.5712262798698284,0.6914678112871466,0.9289041996076646,0.91604794485081,0.9966270082617896,0.8153614694297686,0.9237766066136872,0.8153614694297686
00824-Dd4bFSTQ8gi,0_5_155,326,partial,0_5,6.011759817444401,0.7364320814798274,3.597402967518276,0.5387433495127172,0.9565522198074803,0.9046507249249485,0.9959154685086081,0.6251292566699791,0.8884648884005147,0.6251292566699791
00824-Dd4bFSTQ8gi,0_5_156,337,pillow,0_5,3.9796566753061837,0.8542223348067237,3.2249076071011515,0.039840850690621876,0.9129074415395402,0.9319335847415045,0.9889290420545284,0.04735346483889662,0.6888178449411715,0.04735346483889662
00824-Dd4bFSTQ8gi,0_5_157,545,wood,0_5,0.4742685388886538,0.010460424808333499,1.973143740325393,0.7106130350513569,0.9407365141291515,0.9317432246441706,0.9985740213629652,0.8118740526813446,0.8118740526813446,0.9609653803433499
00824-Dd4bFSTQ8gi,0_5_158,545,wood,0_5,0.2886523498795033,0.5117810590382643,2.0858990928093433,0.006692415045578254,0.9586310129528466,0.8963342963040666,0.999049569673051,0.007796045064614739,0.5084756984287405,0.007796045064614739
00824-Dd4bFSTQ8gi,0_5_159,431,sofa,0_5,2.3874401242579455,0.7568929138421849,3.01596509621852,0.7489820597050906,0.9578669989384526,0.9157440999911415,0.997941796873959,0.8556316925624475,0.8556316925624475,0.9594294022879251
00824-Dd4bFSTQ8gi,0_5_16,478,tile,0_5,0.7366410869267195,1.0672932438926124,-2.8986324519239397,1.4635802124704536e-05,0.9256008538277343,0.9116673200609422,0.9992698965734864,1.735695714350994e-05,0.5665222978598612,1.735695714350994e-05
00824-Dd4bFSTQ8gi,0_5_160,452,stone,0_5,1.7384248466377288,0.743538271195609,3.1326730639620957,0.07473860857615351,0.9106535019333094,0.906051441806563,0.2128640545804904,0.42553634613869085,0.7380152409448121,0.42553634613869085
00824-Dd4bFSTQ8gi,0_5_161,139,decoration,0_5,-0.28243461602231557,2.4056392226409566,1.1075047575517076,0.02662618368592066,0.9676385211999573,0.9225917123032881,0.9862450093616524,0.03024136619260115,0.6599853232509808,0.03024136619260115
00824-Dd4bFSTQ8gi,0_5_162,394,sculpture,0_5,3.107842885660797,0.6315154778076941,1.8048139943450774,0.5538178197769804,0.9652193525708596,0.9242908178746434,0.9936587704203462,0.6247337894296865,0.6247337894296865,0.9999447629795946
00824-Dd4bFSTQ8gi,0_5_163,326,partial,0_5,3.2946357617731987,0.7877192929822431,3.1578142255738104,0.00044333887224069047,0.951395652739531,0.996964307360366,0.9800495896629895,0.0004769215954115276,0.7035683762289404,0.0004769215954115276
00824-Dd4bFSTQ8gi,0_5_164,326,partial,0_5,2.498133629368236,1.688052254109139,-0.5945687963670779,0.4127149339118193,0.8294892445145737,0.8934307131046062,0.9942898782409825,0.5600999429482703,0.5600999429482703,0.6020954312043333
00824-Dd4bFSTQ8gi,0_5_165,106,closet door,0_5,-0.8972772244071807,1.8185250800983102,0.6709328017575218,0.7561065320983298,0.9681951132403993,0.9285732035734471,0.9999696357244247,0.841040954212237,0.8471779748454233,0.841040954212237
00824-Dd4bFSTQ8gi,0_5_166,87,cat,0_5,4.691065905162178,0.7265543372227813,3.1148827380460626,0.18521099458469828,0.9545936532297189,0.9167961833242718,0.9476931268745955,0.22330975433500114,0.8943172739306476,0.22330975433500114
00824-Dd4bFSTQ8gi,0_5_167,13,artwork,0_5,0.023254654951409937,1.9508435534651183,1.6412122880451239,0.7626461489781529,0.9651480758296932,0.9671046672012962,0.9968762122128312,0.8196235349816795,0.8196235349816795,0.993171852147955
00824-Dd4bFSTQ8gi,0_5_168,326,partial,0_5,1.396980765299221,2.394154057565458,-0.603369330894633,0.32443573551872845,0.951354278570935,0.9285996222907374,0.9960557587707196,0.3687009487751342,0.631055990996097,0.3687009487751342
00824-Dd4bFSTQ8gi,0_5_169,221,glass,0_5,1.599326754865443,2.4023841609619767,-0.26457161449054584,0.8086447241516557,0.9800668549351056,0.9269690805906867,0.9986158099644342,0.8913296831186136,0.8913296831186136,0.9319626883365248
00824-Dd4bFSTQ8gi,0_5_17,127,countertop item,0_5,3.469038734598785,1.150436254320262,-2.9790123828193495,0.6373438557436093,0.9517111764471509,0.9123728835744724,0.9993921561768744,0.73444677498599,0.73444677498599,0.988082907421071
00824-Dd4bFSTQ8gi,0_5_170,326,partial,0_5,-1.882379726742415,2.127247003944821,-0.8983924621186998,0.11653604744025446,0.9312921433971678,0.9108715508855993,0.9979220187169492,0.13766406884865903,0.5991921852970743,0.13766406884865903
00824-Dd4bFSTQ8gi,0_5_171,516,unknown,0_5,0.25615621271958106,0.8961594689968732,1.6840451747977876,0.5642803023086528,0.9731999333354012,0.9275741156946907,0.9573294678383242,0.6529542779511943,0.6529542779511943,0.8354488396028108
00824-Dd4bFSTQ8gi,0_5_172,106,closet door,0_5,-0.6481668636819407,1.8309715103077886,0.6678512418565781,0.7773447427961144,0.935530474294246,0.9177792196999132,0.9999730971912075,0.905376443295428,0.905376443295428,0.9069119598927216
00824-Dd4bFSTQ8gi,0_5_173,326,partial,0_5,0.40305860197165094,0.4125401491699331,1.6075563945322813,0.023031183867161863,0.7824228611257341,0.9281239138084845,0.9963801591658398,0.031830517360143674,0.5715586796498436,0.031830517360143674
00824-Dd4bFSTQ8gi,0_5_174,326,partial,0_5,0.2600503888449556,0.7022842492577818,3.4857345459329223,0.38299792116569975,0.9958698035550964,0.9264452512446861,0.9982708654584278,0.4158394585820182,0.6848489321273302,0.4158394585820182
00824-Dd4bFSTQ8gi,0_5_175,303,model,0_5,-0.9925995236682292,0.5758456399222815,-0.6404114270625135,0.531489002925553,0.9865259618196474,0.9240563669372206,0.9981843540940173,0.58408565751847,0.6111740186110759,0.58408565751847
00824-Dd4bFSTQ8gi,0_5_176,303,model,0_5,-0.6879307668357071,1.5766255079009637,-0.5690812930922706,0.7268423480320244,0.9734438617223152,0.923288466213719,0.9984432111788711,0.8099692529188629,0.8099692529188629,0.991344133941407
00824-Dd4bFSTQ8gi,0_5_177,82,cardboard,0_5,0.08202417491898752,0.19877500120984673,2.4497217044470285,4.6467869684451774e-05,0.9626096776780202,0.9291400845210275,0.980541615429202,5.2985289571190365e-05,0.5814928116517092,5.2985289571190365e-05
00824-Dd4bFSTQ8gi,0_5_178,87,cat,0_5,-1.1863431600981642,2.188142631232367,0.26589988822641075,0.296867583172885,0.9644810934529061,0.8923786449736311,0.9952167394719563,0.34657897830152573,0.5791041141124574,0.34657897830152573
00824-Dd4bFSTQ8gi,0_5_179,303,model,0_5,-2.1698465205472437,1.0927492820308402,-1.6052693497249146,0.5234991367277646,0.9555759297648088,0.9168595951984808,0.9968166603241051,0.5994219550874876,0.5994219550874876,0.9910818838428347
00824-Dd4bFSTQ8gi,0_5_18,64,cabinet,0_5,2.5212728418671793,1.6956643885520515,-2.699575773046586,0.7241415426141635,0.9660357592710255,0.9019724366621011,0.9987844825130742,0.8320802378878545,0.8320802378878545,0.8323062722275765
00824-Dd4bFSTQ8gi,0_5_180,374,refrigerator,0_5,0.5589195486194057,0.8325086788459213,-2.3396500867946446,0.8415952949833372,0.9327907159520625,0.933296122428698,0.9997852368710726,0.9669252533750169,0.9669252533750169,0.9830714877915198
00824-Dd4bFSTQ8gi,0_5_181,303,model,0_5,-0.4206923072702405,0.10566057277377923,-0.5889863015457233,0.6577458869015553,0.9017558828264015,0.926760468287906,0.9984436980703074,0.7882755863514986,0.7882755863514986,0.9708224792326595
00824-Dd4bFSTQ8gi,0_5_182,303,model,0_5,-1.617560670483152,0.6756520768850122,-0.6580657318556096,0.6645556676745826,0.9104094126147172,0.9358932540145208,0.9983476247044989,0.7812436874346387,0.7812436874346387,0.9891422333925937
00824-Dd4bFSTQ8gi,0_5_183,106,closet door,0_5,-0.6656179243961606,0.5556992824689275,0.6495430300166539,0.743193394730931,0.946366659944093,0.920430659367633,0.9999472946574824,0.8532459253044724,0.8532459253044724,0.8622774882455588
00824-Dd4bFSTQ8gi,0_5_184,545,wood,0_5,0.13824001509908435,0.014257271051099718,3.225145871021721,0.7199182441743557,0.9647580852816893,0.9202313840167198,0.9978133761854684,0.812677789298673,0.812677789298673,0.9098473579969582
00824-Dd4bFSTQ8gi,0_5_185,545,wood,0_5,-0.8014183724722231,0.10174636729952292,-0.9865611613949049,0.5959341408003428,0.9730129148646182,0.912886078208808,0.9968990660069017,0.6729950793080478,0.6729950793080478,0.9373510657944718
00824-Dd4bFSTQ8gi,0_5_186,303,model,0_5,-0.437379616267884,0.7293666340419721,-0.5805078638723283,0.7018491547780508,0.9154788463821779,0.9412920565365972,0.998797447117602,0.8154430773741673,0.8154430773741673,0.8328916626996562
00824-Dd4bFSTQ8gi,0_5_187,542,window shade,0_5,1.332000467124444,1.8972230073593692,-0.35522885320565234,0.027684137713508767,0.9499611720516762,0.9299258689642542,0.9962731524229187,0.0314556301616981,0.6298643638312867,0.0314556301616981
00824-Dd4bFSTQ8gi,0_5_188,82,cardboard,0_5,-0.20910978867417823,0.08157822838366179,0.6360337010280619,0.1005475910562069,0.9447020675174197,0.9374367955390734,0.9986469452944462,0.11369014759222687,0.524793171196773,0.11369014759222687
00824-Dd4bFSTQ8gi,0_5_189,127,countertop item,0_5,1.6724173235944895,0.9960247074053161,-0.22424760090120163,0.873052295305257,0.9499363731513261,0.9348275039743328,0.9999694045050238,0.9831675760174503,0.9831675760174503,0.9979877678012289
00824-Dd4bFSTQ8gi,0_5_19,93,ceiling chassis,0_5,4.615866862523797,2.460175938976255,-2.1064177957912262,0.2469596004961954,0.9446524497437864,0.9510823955705882,0.9710361014518593,0.2830742329871512,0.5299656696867973,0.2830742329871512
00824-Dd4bFSTQ8gi,0_5_190,383,rug,0_5,3.2373051180301635,0.012136754831236857,1.8965659337356031,0.8452028756617439,0.9456899276266646,0.9229477613619603,0.9990094900721249,0.9693161930367151,0.9753388385242708,0.9693161930367151
00824-Dd4bFSTQ8gi,0_5_191,326,partial,0_5,1.1880641411247401,1.1439671600521697,4.602153621707457,0.08987088939717412,0.8986421042309775,0.9572832178743289,0.9984986169226979,0.10462714237866627,0.6780914436106409,0.10462714237866627
00824-Dd4bFSTQ8gi,0_5_192,250,heater,0_5,1.145824092466582,0.6926444371558563,-0.7471296719577679,0.000763096936240941,0.9489220062294501,0.9289845512488727,0.9963568052427938,0.0008688119949880974,0.6933729138531496,0.0008688119949880974
00824-Dd4bFSTQ8gi,0_5_193,431,sofa,0_5,3.208986797207688,0.39751882946404965,2.720398558022905,0.8803341817771219,0.9555898625983579,0.9424564193435427,0.9995809699770265,0.9779052435929639,0.9779052435929639,0.9845884379941288
00824-Dd4bFSTQ8gi,0_5_194,87,cat,0_5,0.20184269246744252,0.1989763333887344,1.8724893288413793,0.054121473830986866,0.9227597846099502,0.9315808143026745,0.9747868031201663,0.06458784271785464,0.7774292241516475,0.06458784271785464
00824-Dd4bFSTQ8gi,0_5_195,326,partial,0_5,3.7077971503052325,0.914236139150938,3.451138281847195,0.0719011448166477,0.986898402723601,0.9564709992064377,0.9871236115282674,0.07716493818205158,0.7860929118476848,0.07716493818205158
00824-Dd4bFSTQ8gi,0_5_196,516,unknown,0_5,2.6189942625452396,2.248740185338348,1.9847366481245283,8.214986463886009e-05,0.9066531505913307,0.9379277849378256,0.7629739907030572,0.00012661540318230973,0.5335021645959483,0.00012661540318230973
00824-Dd4bFSTQ8gi,0_5_197,87,cat,0_5,-1.5292353640450085,2.2960699698283444,-0.8137690363361068,0.2207795362497836,0.9795798005482991,0.9083169086882736,0.9940982123665828,0.2496044386029059,0.6115988579718632,0.2496044386029059
00824-Dd4bFSTQ8gi,0_5_198,92,ceiling arch,0_5,-0.8324820698859111,2.435105793379551,0.22869047672479081,0.5830585026424429,0.9745855193407761,0.8912679916927688,0.9929872743875356,0.6759898670787811,0.6759898670787811,0.9502231942964321
00824-Dd4bFSTQ8gi,0_5_199,92,ceiling arch,0_5,0.2587202809684026,2.4426789359622725,1.3867536928388375,0.6491765451600651,0.9041920717834501,0.8640897156074079,0.990828158942607,0.8385808660562046,0.8385808660562046,0.9918866882767278
00824-Dd4bFSTQ8gi,0_5_2,326,partial,0_5,1.0382285133621627,1.5511633748815337,-2.9217500447212594,0.04787380921904389,0.9446704996128876,0.920601713839274,0.9745107978813246,0.05648838998470911,0.6301683181150204,0.05648838998470911
00824-Dd4bFSTQ8gi,0_5_20,106,closet door,0_5,5.693055522947882,0.9541964612532917,-1.348166155044982,0.7680478873871273,0.8843683616513738,0.9063605190055352,0.9999694482904847,0.9582247649807865,0.9582247649807865,0.9947578480169252
00824-Dd4bFSTQ8gi,0_5_200,139,decoration,0_5,0.03021052831869152,2.405368789865467,1.5267583269592655,0.008131039858923354,0.9055513706883213,0.9622155962814702,0.9825839058109215,0.00949709887285354,0.5382709652938772,0.00949709887285354
00824-Dd4bFSTQ8gi,0_5_201,106,closet door,0_5,-0.8989082714068192,1.3109980311975786,0.6660525663419921,0.7109034255953645,0.9786048756439092,0.9037838341391267,0.9998312533876548,0.8039183739090839,0.8710569659781415,0.8039183739090839
00824-Dd4bFSTQ8gi,0_5_202,157,door screen,0_5,-1.1992546747046082,0.5235942486889007,0.299324282660998,0.647964839310985,0.9163118270477133,0.9445137423440035,0.9988571834503854,0.749542856930622,0.749542856930622,0.9839235134039613
00824-Dd4bFSTQ8gi,0_5_203,545,wood,0_5,0.8447907295435753,-0.0043707801900385096,0.9086827888593729,0.7806308116196919,0.9127489953187474,0.9481518747776188,0.9980094400258152,0.9038196268977629,0.9038196268977629,0.9698687523390747
00824-Dd4bFSTQ8gi,0_5_204,106,closet door,0_5,-0.550706302807684,0.2858307876052245,0.6403660501961711,0.7431653739993396,0.9753933706271652,0.9151669603476134,0.9999617786510857,0.832572254597501,0.8918391917777374,0.832572254597501
00824-Dd4bFSTQ8gi,0_5_205,18,backrest,0_5,2.1321618320339852,0.7541268635812705,0.31476197607763945,0.6936331554627482,0.9657861795316071,0.9214373729398908,0.9996128645376877,0.7797424856045337,0.7797424856045337,0.9851292967350941
00824-Dd4bFSTQ8gi,0_5_206,326,partial,0_5,-0.08506461934546891,0.6507618372346702,0.6522547566823476,0.03964347378850958,0.9545250604486514,0.907738938565462,0.9986977967519463,0.04581306105360633,0.5581270905344244,0.04581306105360633
00824-Dd4bFSTQ8gi,0_5_207,13,artwork,0_5,3.4277598147431636,1.7209557246520522,3.4819134708888084,0.5963317763314575,0.8869981767238085,0.9334858329286612,0.8805710671176229,0.8178865790664455,0.8178865790664455,0.999996544314965
00824-Dd4bFSTQ8gi,0_5_208,326,partial,0_5,7.268306403300877,0.6365044537831521,3.843415034987091,0.6838300426425514,0.9096381170647685,0.9224885247558294,0.995681550199224,0.8184611958824284,0.8750162718626061,0.8184611958824284
00824-Dd4bFSTQ8gi,0_5_209,326,partial,0_5,0.2988840019464897,1.0404044456435741,4.616466933887101,0.3645418794125676,0.7838842193285623,0.9029766222641158,0.9899685077585744,0.5202326684815299,0.8201126679996689,0.5202326684815299
00824-Dd4bFSTQ8gi,0_5_21,326,partial,0_5,8.264536449074216,1.8635931674418098,1.539477014152677,0.1648795628884383,0.9435413933159851,0.885201597326091,0.9915043303841364,0.19909899401328804,0.5331934152438851,0.19909899401328804
00824-Dd4bFSTQ8gi,0_5_210,326,partial,0_5,1.2921425599145056,0.7341674837405461,3.5345499946036325,0.277700068849852,0.9756112926790858,0.8978226562409113,0.9980433824525153,0.31765755508195487,0.6695937549279427,0.31765755508195487
00824-Dd4bFSTQ8gi,0_5_211,326,partial,0_5,9.544048591040257,1.0725422094280188,3.1266654057455314,0.7335783198577495,0.9869747668659705,0.9093021351292423,0.9984223881090035,0.8186870418680439,0.8441488865469976,0.8186870418680439
00824-Dd4bFSTQ8gi,0_5_212,545,wood,0_5,5.074385521741524,0.004135030044924596,0.9194132073513743,0.5130545328926089,0.9828517459748515,0.9400613046323523,0.9980911183683383,0.5563513524941504,0.5563513524941504,0.9608810871471989
00824-Dd4bFSTQ8gi,0_5_213,326,partial,0_5,2.5161908204286467,2.1478026932204175,1.5478588420283454,0.00019629636575047485,0.9816886380314825,0.9497975263789378,0.9071035721257079,0.00023208687623818837,0.794953466796704,0.00023208687623818837
00824-Dd4bFSTQ8gi,0_5_214,320,panel,0_5,2.715032104346884,1.965564341010133,-0.03582537108092158,0.4461750802636627,0.9442161204498641,0.8988421907509623,0.9956278421938058,0.5280237014090476,0.5280237014090476,0.9886440950673001
00824-Dd4bFSTQ8gi,0_5_215,18,backrest,0_5,3.059233463335333,0.7520803582365342,0.336859245688128,0.47201342489770687,0.9127126041367143,0.8857156474751419,0.9993803000525309,0.5842452651083418,0.5842452651083418,0.9323074997140034
00824-Dd4bFSTQ8gi,0_5_216,270,kitchen handle,0_5,4.460260377595657,1.5062362620006766,-2.658500887811618,0.0025989649895614576,0.9791115806221392,0.8863558349600542,0.999221728957471,0.002997079507963243,0.5572141229613444,0.002997079507963243
00824-Dd4bFSTQ8gi,0_5_217,303,model,0_5,5.025112623228264,0.10588955026045879,0.5544822304506957,0.06705728448456112,0.916574649735288,0.913549094675579,0.9978753643028087,0.08025459890487291,0.5116075915022751,0.08025459890487291
00824-Dd4bFSTQ8gi,0_5_218,545,wood,0_5,2.5901385889240953,0.11571533909670773,-0.08750178484001388,0.0404964609186106,0.982129028522306,0.8950110909392756,0.9709824249343966,0.04744699772739859,0.5978794387706001,0.04744699772739859
00824-Dd4bFSTQ8gi,0_5_219,394,sculpture,0_5,3.091509903678088,0.3190811787824415,1.6804983305796937,0.5001431357066577,0.9720533223663234,0.9157279284876639,0.9882475566722696,0.5685543865720859,0.5685543865720859,0.9988645308711054
00824-Dd4bFSTQ8gi,0_5_22,64,cabinet,0_5,2.7410066968051474,2.015700593647022,-0.5927382499715463,0.4158290498784159,0.8685061548000726,0.8921880682367788,0.9985114628988366,0.537443060535994,0.5850685752446424,0.537443060535994
00824-Dd4bFSTQ8gi,0_5_220,326,partial,0_5,7.292241918098722,0.630986335972435,1.2663354008087448,0.6576038103086078,0.9731853010973016,0.9359666083626896,0.997611259029882,0.7236808544200154,0.9359068919177757,0.7236808544200154
00824-Dd4bFSTQ8gi,0_5_221,326,partial,0_5,9.551219050625768,1.4347697675745428,0.5837358277245766,0.4518436527807482,0.9546420804071826,0.947378067978975,0.9985432168536884,0.5003310085441762,0.8070565600896858,0.5003310085441762
00824-Dd4bFSTQ8gi,0_5_222,221,glass,0_5,1.7913719360425664,2.404535312649447,-0.4455661602514131,0.6689601372259488,0.9860610583312142,0.9488868859698194,0.9982682260110046,0.7162006959851656,0.7626769609560909,0.7162006959851656
00824-Dd4bFSTQ8gi,0_5_223,451,stick,0_5,4.739029375605187,0.43602238978981933,0.1835512302079024,0.00011524834774734958,0.9479626790217713,0.9415794957811312,0.9554470157029792,0.00013513874063305557,0.6797410036168198,0.00013513874063305557
00824-Dd4bFSTQ8gi,0_5_224,64,cabinet,0_5,0.8028875142251336,0.5009526681019624,-2.433203146327171,0.10272378587531335,0.8554162811701932,0.9433249472087722,0.9995941722983195,0.127352791680092,0.6266133101686091,0.127352791680092
00824-Dd4bFSTQ8gi,0_5_225,273,knife,0_5,2.816192461799617,2.2349550371077584,1.1008768885049662,0.5084611195978981,0.9519168325776928,0.902307519506965,0.8666076870869197,0.6830958223289315,0.6830958223289315,0.9731442322229463
00824-Dd4bFSTQ8gi,0_5_226,64,cabinet,0_5,2.827912135949896,1.4989406036757442,-2.6585958952795594,0.4844561073162782,0.9484640265991485,0.9399904782397057,0.9988878339942109,0.5439931030853472,0.5439931030853472,0.7227834655171682
00824-Dd4bFSTQ8gi,0_5_227,127,countertop item,0_5,2.1081763322758773,0.6522321919597012,-2.8260905611994507,0.8999985607096012,0.9488541918157448,0.9762337892164565,0.9999603178635058,0.9716407781652642,0.99416078556503,0.9716407781652642
00824-Dd4bFSTQ8gi,0_5_228,394,sculpture,0_5,3.046023542604507,0.6279823470180129,1.7899203181169407,0.5435008166576173,0.9588123140688157,0.920825380042875,0.9874340482117496,0.623420700396417,0.623420700396417,0.9996031636116335
00824-Dd4bFSTQ8gi,0_5_229,454,stool,0_5,1.9616680503785862,0.3159506039041793,-0.07501183680999854,5.050717922616411e-06,0.9900322610455874,0.9178923327539369,0.9999346197537834,5.558279999262815e-06,0.916982690454495,5.558279999262815e-06
00824-Dd4bFSTQ8gi,0_5_23,87,cat,0_5,3.0199462442111256,1.128704556188852,-2.757881299238448,0.5310530321569761,0.8775336300609289,0.9155703927595544,0.9661093980736647,0.6841574755465955,0.6841574755465955,0.7077200949065043
00824-Dd4bFSTQ8gi,0_5_230,82,cardboard,0_5,2.0555441797203913,0.3153082648240544,-0.06779034527141366,0.023512122363969476,0.962085134604215,0.9304860944092008,0.997370103948943,0.026333712848762975,0.8761784995637588,0.026333712848762975
00824-Dd4bFSTQ8gi,0_5_231,82,cardboard,0_5,3.043552775193238,0.31392400327359815,-0.055328862710123904,0.004838486853414194,0.9788571605816898,0.9229125932987687,0.9913100471685582,0.005402815825551218,0.6451717672024168,0.005402815825551218
00824-Dd4bFSTQ8gi,0_5_232,82,cardboard,0_5,2.1576234281108633,0.8125552119590949,-0.09202912630287918,0.012014241104910518,0.9394121164319205,0.9115905048361743,0.9982075004952846,0.01405463476449365,0.8132511260192121,0.01405463476449365
00824-Dd4bFSTQ8gi,0_5_233,326,partial,0_5,5.745760015545739,2.1053110928627783,1.9369179283737223,0.09381277841120982,0.9682390942718043,0.9120902453511668,0.9495821549441398,0.11186881271588832,0.7365157106897157,0.11186881271588832
00824-Dd4bFSTQ8gi,0_5_234,97,chair,0_5,7.881185487235837,0.7411725732885311,2.3972532737125922,0.5054446779683698,0.9904009963429613,0.9225950687118811,0.9998397331033528,0.5532495114666877,0.9858889661322497,0.5532495114666877
00824-Dd4bFSTQ8gi,0_5_235,326,partial,0_5,5.015737308207855,0.44338714920510164,3.1020070169248473,0.08739435995102529,0.9660642559471583,0.8785343586052455,0.9973288826880967,0.10324766651639826,0.6605313090379655,0.10324766651639826
00824-Dd4bFSTQ8gi,0_5_236,545,wood,0_5,8.288225598202908,0.3333976809333161,3.323566694817453,0.4648700316094647,0.9870462190378013,0.9281468495189749,0.9987444339941979,0.508069346966397,0.5492360084803256,0.508069346966397
00824-Dd4bFSTQ8gi,0_5_237,326,partial,0_5,8.420148942639152,0.8875642566970594,1.595616665931305,0.10555840330217328,0.9939694410423228,0.9280710634386637,0.9940755443801876,0.11511161797605528,0.6723013230657972,0.11511161797605528
00824-Dd4bFSTQ8gi,0_5_238,326,partial,0_5,9.553509276039518,1.372501781713561,0.9752410407568275,0.2570779011420456,0.929428730545917,0.9601837682597145,0.9983967563134082,0.28853010306375465,0.5927061689733979,0.28853010306375465
00824-Dd4bFSTQ8gi,0_5_239,97,chair,0_5,7.880165333568447,0.5235677072938653,0.26676055350574635,0.03870178372849215,0.9872372376476474,0.8889769626632368,0.9918105223027835,0.044462127059017365,0.8500540314329963,0.044462127059017365
00824-Dd4bFSTQ8gi,0_5_24,270,kitchen handle,0_5,3.597638913455046,0.48043295258329644,-0.8376565068154895,0.052270586181226014,0.9410065617514765,0.9361069649555122,0.9994592995117325,0.05937096786199727,0.5716384121167981,0.05937096786199727
00824-Dd4bFSTQ8gi,0_5_240,364,prop,0_5,5.04905281430235,1.3692663034418213,0.6088150984828288,0.09089348481881046,0.9938836193988525,0.9322283084969529,0.9983758802377418,0.09826092641593083,0.5195311311249855,0.09826092641593083
00824-Dd4bFSTQ8gi,0_5_241,326,partial,0_5,5.023420642097662,2.3713234260514673,2.6331361011246135,0.17876972117054948,0.9436638364583131,0.9209175787034058,0.9959684517937087,0.20654291673827904,0.5314586466207222,0.20654291673827904
00824-Dd4bFSTQ8gi,0_5_242,326,partial,0_5,7.305644632863566,2.1071968069514573,3.5359165746525276,0.04617128417371862,0.9882159634287973,0.9313978511327858,0.9381612032468682,0.05346965574509658,0.5643944370587711,0.05346965574509658
00824-Dd4bFSTQ8gi,0_5_243,326,partial,0_5,9.381636037971244,1.9412810217442111,3.1577197671413835,0.5263156876568081,0.974856028476686,0.9150735660281413,0.9977442125881326,0.5913309441063459,0.5913309441063459,0.8200676380212932
00824-Dd4bFSTQ8gi,0_5_244,87,cat,0_5,4.67483787290117,0.06400889512088567,3.500225073938486,0.7077967492340846,0.9705105667587852,0.9400642732142764,0.993807100591286,0.78063613801417,0.78063613801417,0.7811795974910974
00824-Dd4bFSTQ8gi,0_5_245,87,cat,0_5,4.701919040290455,0.3055104539460445,2.921686169763602,0.7956206630801175,0.9720923848727662,0.9019851710081195,0.9927883028113811,0.9139921452226523,0.9139921452226523,0.9946911678207585
00824-Dd4bFSTQ8gi,0_5_246,394,sculpture,0_5,3.1540487985246095,0.8792313204995974,1.8090856027900095,0.5845571240942138,0.9502091927933555,0.9428430941596782,0.9773854773715106,0.6675786268249959,0.6675786268249959,0.9862112977042752
00824-Dd4bFSTQ8gi,0_5_247,431,sofa,0_5,2.236143308865112,0.6278536388845462,2.704172381950331,0.7430211565617761,0.9831779911436833,0.922161940649765,0.9955796729736728,0.8231629535373465,0.8231629535373465,0.9515083945098087
00824-Dd4bFSTQ8gi,0_5_248,82,cardboard,0_5,4.707505353705177,1.1632625154461735,3.5208070580974256,0.09946325229667899,0.8924675123501571,0.9394518567453067,0.9984682903581592,0.11881230842713054,0.505397676028613,0.11881230842713054
00824-Dd4bFSTQ8gi,0_5_249,431,sofa,0_5,3.3171353546232476,0.19591593445571526,2.5564868165290675,0.8490499009771705,0.9411069118521014,0.9220209750056633,0.9995347079612973,0.9789388687234671,0.9789388687234671,0.9849971764261528
00824-Dd4bFSTQ8gi,0_5_25,64,cabinet,0_5,4.215915846582394,1.7402879797063846,-2.661745111808525,0.527562559982969,0.9472677294515501,0.9331022343598098,0.9994798792782534,0.5971699415879033,0.6952844244692967,0.5971699415879033
00824-Dd4bFSTQ8gi,0_5_250,87,cat,0_5,4.571690815779661,0.4522744162594383,3.497272507878966,0.43536211194374447,0.9710265826892314,0.9199946345075227,0.9636858468584617,0.5057067339048784,0.7007272394953781,0.5057067339048784
00824-Dd4bFSTQ8gi,0_5_251,326,partial,0_5,9.47976804762228,1.654394161497962,1.916133835743336,0.536234859299935,0.8703569156243288,0.9152008719125584,0.9979331909825008,0.6745897933108141,0.6745897933108141,0.7812420133158541
00824-Dd4bFSTQ8gi,0_5_252,87,cat,0_5,4.746773484157946,0.32958681430438236,3.488533504180092,0.20336090395196948,0.9419732367896524,0.9360671590114006,0.9861183064121916,0.2338798840944665,0.8667153520081067,0.2338798840944665
00824-Dd4bFSTQ8gi,0_5_253,326,partial,0_5,7.824958116439283,0.7538539031344409,0.6269443325898277,0.09915010555315455,0.9237905423349034,0.9341174533573229,0.9860858001078209,0.1165208053514507,0.7326965225035191,0.1165208053514507
00824-Dd4bFSTQ8gi,0_5_254,316,overhang,0_5,7.133496065789526,2.130188726589353,1.0081972946890077,0.48851808263120206,0.9493538989357886,0.9026844514394021,0.99071716183062,0.5753960251645184,0.5753960251645184,0.7024564409944002
00824-Dd4bFSTQ8gi,0_5_255,326,partial,0_5,8.415710317409452,0.8809500943739987,0.9820258556110646,0.08003201092645405,0.7496917086814527,0.9876763061733239,0.9910886326674748,0.10905708650801553,0.8159810526194061,0.10905708650801553
00824-Dd4bFSTQ8gi,0_5_256,364,prop,0_5,5.910823654446477,0.09300036189485301,3.5855240018424075,0.2563663697210261,0.919039091022457,0.9225271968616156,0.9961377302398229,0.3035487864036329,0.5160810846872992,0.3035487864036329
00824-Dd4bFSTQ8gi,0_5_257,97,chair,0_5,7.808638024150962,0.6830823240478655,0.26152054759305937,0.6666492653747477,0.8708676372965177,0.9401341456070269,0.999056850546861,0.8150142917228759,0.8892648318707437,0.8150142917228759
00824-Dd4bFSTQ8gi,0_5_258,545,wood,0_5,7.038102293768101,-0.007119089433788619,0.04158036875411618,0.731531603555554,0.9709780677137414,0.9318797387189879,0.9984647355765093,0.8097129272449762,0.8097129272449762,0.9915788613589906
00824-Dd4bFSTQ8gi,0_5_259,87,cat,0_5,7.497382491162385,0.7607269443038396,2.0349155050581764,0.5014880918036042,0.9344666425277574,0.9516817957312639,0.9927683671892568,0.568011500729544,0.6286347899524385,0.568011500729544
00824-Dd4bFSTQ8gi,0_5_26,127,countertop item,0_5,2.5263244994165346,0.5629976098218263,-0.8382550262713817,0.029755645051687103,0.7796576382258,0.9491198308975333,0.9989458168089475,0.04025338909779098,0.5091329594808417,0.04025338909779098
00824-Dd4bFSTQ8gi,0_5_260,326,partial,0_5,7.87744649150794,0.7823607604089363,1.9846657132838101,0.01911610871986789,0.8919481019533816,0.9424942998312142,0.9588323948945878,0.023715838012476113,0.6992398168939604,0.023715838012476113
00824-Dd4bFSTQ8gi,0_5_261,519,vase,0_5,7.818193958504278,1.21293812616578,1.283849575211265,0.7991934190570771,0.9017280759130206,0.8954387875547427,0.9978138531166759,0.9919524975636397,0.9919524975636397,0.9998669676827511
00824-Dd4bFSTQ8gi,0_5_262,326,partial,0_5,7.914622398150263,0.77656500970045,0.6779451922846121,0.00504265426397469,0.8438171854489063,0.9835012969871113,0.923819080919137,0.006577319849737898,0.5783990838605193,0.006577319849737898
00824-Dd4bFSTQ8gi,0_5_263,303,model,0_5,7.7805401366649045,0.27795432487043076,3.5327874811862827,0.003467236880416402,0.8696795693561855,0.9144037485370006,0.99843424220225,0.004366834984599844,0.5582373267173759,0.004366834984599844
00824-Dd4bFSTQ8gi,0_5_264,82,cardboard,0_5,7.800434425216782,-0.008631744715978986,1.1095286649896938,0.11274032506855154,0.8729495747396665,0.9176435336684243,0.9952753551909703,0.14140763733125739,0.51222380343475,0.14140763733125739
00824-Dd4bFSTQ8gi,0_5_265,326,partial,0_5,9.511773694653527,1.5514460466985198,1.8305078837108164,0.5751418147383737,0.9669710431158518,0.9146527655813685,0.9988425487564734,0.6510407734477645,0.6510407734477645,0.8427473946322056
00824-Dd4bFSTQ8gi,0_5_266,97,chair,0_5,7.874913892916166,0.8108174691717627,0.22369047324885827,0.549570982516405,0.9763827155051941,0.9312296181099833,0.9983999199956017,0.6053999672942266,0.6053999672942266,0.7420333143079401
00824-Dd4bFSTQ8gi,0_5_267,342,plant,0_5,5.661668691461036,0.7627007429252658,-0.7633618445317318,0.8249414638836736,0.9237148457443879,0.9107988686817095,0.9988767457590791,0.9816367846729598,0.9816367846729598,0.9979804095205492
00824-Dd4bFSTQ8gi,0_5_268,326,partial,0_5,8.192643670284733,0.7762012344530435,1.0363199705556883,0.09181679743574873,0.9389488874305459,0.9226598394759893,0.9730122783518091,0.10892316461669867,0.9186708834498492,0.10892316461669867
00824-Dd4bFSTQ8gi,0_5_269,326,partial,0_5,9.390453276416169,1.971621417411466,-0.015855621773073283,0.047528913362381665,0.9506557370282341,0.9291017599721474,0.9983892567687989,0.053897848583329154,0.7250298231514621,0.053897848583329154
00824-Dd4bFSTQ8gi,0_5_27,127,countertop item,0_5,2.8403550923042533,0.6979510697259668,-2.406845646934101,0.8674272092644514,0.9575430648401043,0.9264952377319992,0.9999936084569098,0.9777646013743082,0.9957034517817887,0.9777646013743082
00824-Dd4bFSTQ8gi,0_5_270,342,plant,0_5,5.800396274676724,1.5036358930120237,-0.6957076240626385,0.8654653525018873,0.9870136248787301,0.8997549240245567,0.9984405966917781,0.9760680010323508,0.9760680010323508,0.9991849868123694
00824-Dd4bFSTQ8gi,0_5_271,93,ceiling chassis,0_5,8.681711953840674,2.0415266665053173,-0.48096059076530767,0.5604453288378709,0.9207076309358373,0.9093652426126909,0.9949766650188615,0.6727601596034911,0.6727601596034911,0.6944975520410755
00824-Dd4bFSTQ8gi,0_5_272,326,partial,0_5,5.239088521007643,0.6219635073745825,-0.37512257671466137,0.5203538726305088,0.9016995359372659,0.9369344139588562,0.9847715292665611,0.6254495287538411,0.6254495287538411,0.8566791859857343
00824-Dd4bFSTQ8gi,0_5_273,326,partial,0_5,9.42996879333189,0.8954670797557063,-0.4176735459238879,0.01438564730231093,0.9181149631527123,0.9617283870400333,0.9989649830940678,0.016309086744402308,0.6549481302945706,0.016309086744402308
00824-Dd4bFSTQ8gi,0_5_274,545,wood,0_5,8.562230644737253,-0.00919166668800843,-0.490792138151902,0.7661259249036797,0.9546699830985107,0.952389654651961,0.9915324181538396,0.8498167831601163,0.8498167831601163,0.9892038925113
00824-Dd4bFSTQ8gi,0_5_275,97,chair,0_5,7.829948000987513,0.5376910851126504,0.33353776767751,0.22784575344036173,0.9595433360533345,0.8834786133797479,0.9967940829335131,0.2696341231472971,0.5764055053131607,0.2696341231472971
00824-Dd4bFSTQ8gi,0_5_276,326,partial,0_5,9.549666446890745,1.4876206757901442,0.13034652572750807,0.48888365923011723,0.8641480261396657,0.9889181356195544,0.9982993136156959,0.5730549458589658,0.8319845250451522,0.5730549458589658
00824-Dd4bFSTQ8gi,0_5_277,318,painting stuff,0_5,7.5757770055681375,0.43775404592649336,0.7179884266703132,0.5313025271453561,0.9136341170421443,0.9096081134217623,0.9366862662323752,0.68252897801473,0.68252897801473,
00824-Dd4bFSTQ8gi,0_5_278,326,partial,0_5,9.405996579011934,0.4906175454582441,1.0077946663608877,0.5333545855859818,0.9698161461182512,0.9282358064860816,0.9963217639057457,0.5946599480998493,0.6926971160430611,0.5946599480998493
00824-Dd4bFSTQ8gi,0_5_279,221,glass,0_5,9.554250852114288,1.190416657922298,0.8654761458481545,0.507824906432439,0.9729147572514922,0.9379607084169876,0.9985532514425941,0.5572926691338951,0.5572926691338951,0.808556798658379
00824-Dd4bFSTQ8gi,0_5_28,48,book,0_5,3.616794589839157,1.0787489260021035,-0.49034228604661373,0.3904309344608157,0.8739358467557441,0.91572712619522,0.9854440541086565,0.49507000462820167,0.6161791579963839,0.49507000462820167
00824-Dd4bFSTQ8gi,0_5_280,326,partial,0_5,9.55276913416904,1.5494241219519966,1.0692170322083143,0.30018583098668655,0.9402331158779577,0.9308165588888347,0.998399563826708,0.3435470018098967,0.5623925945102718,0.3435470018098967
00824-Dd4bFSTQ8gi,0_5_281,326,partial,0_5,9.546783623244073,1.3952446383104105,0.46468817665236806,0.7998647546711938,0.9403247617922122,0.943455272043279,0.998509254537652,0.9029532753492511,0.9029532753492511,0.9197221815586919
00824-Dd4bFSTQ8gi,0_5_282,326,partial,0_5,9.50751687040149,1.018473044312508,0.09986151957457748,0.10278321674370061,0.9732464907848971,0.9299039607375388,0.9989023220907753,0.11369418130614935,0.7661539180571401,0.11369418130614935
00824-Dd4bFSTQ8gi,0_5_283,326,partial,0_5,9.541274581280552,1.1109826559781195,0.48920675577670836,0.4980619817072073,0.9490384842967664,0.932561213285563,0.9986473155284928,0.5635209689581263,0.8461650540736714,0.5635209689581263
00824-Dd4bFSTQ8gi,0_5_284,545,wood,0_5,8.989653140888187,-0.009000729162189544,1.9124387994557162,0.6049972613222036,0.9386332398895509,0.9302209073186218,0.9958332825041224,0.69580051435296,0.69580051435296,0.9787050896705125
00824-Dd4bFSTQ8gi,0_5_285,326,partial,0_5,9.39421339247935,0.14239271126827233,0.9212031422236251,0.24791554208617692,0.8989446863187815,0.9391657429926149,0.9933331013178457,0.29561987810181567,0.783355688640951,0.29561987810181567
00824-Dd4bFSTQ8gi,0_5_286,303,model,0_5,8.984408439408856,1.9467488264197965,3.557909853188631,0.16881479215944337,0.9257420808971082,0.9417133718168352,0.9979714212567263,0.19403659767606213,0.5423144703714662,0.19403659767606213
00824-Dd4bFSTQ8gi,0_5_287,326,partial,0_5,9.535416823486546,1.7774511313467158,0.908121644391438,0.3169514885844318,0.9367429028987534,0.9344766499940402,0.9981587728197414,0.36274739493346286,0.677875066278026,0.36274739493346286
00824-Dd4bFSTQ8gi,0_5_288,303,model,0_5,9.541934637395558,0.6885945902406219,2.435306687426836,0.4576597120128904,0.9351162422193288,0.9316280135913749,0.9989745393631633,0.5258720925347736,0.5258720925347736,0.8903572901843441
00824-Dd4bFSTQ8gi,0_5_289,326,partial,0_5,8.14318971708463,0.7735883466545559,1.5817945105629123,0.0011915570804365036,0.9108633210813557,0.8770198633691247,0.8320749701209859,0.0017926262422461856,0.8035238734160103,0.0017926262422461856
00824-Dd4bFSTQ8gi,0_5_29,127,countertop item,0_5,2.7494273895316588,0.9380446102390806,-0.5387196300481921,0.8482996028518038,0.95642660067388,0.9410990883123967,0.9986569332001717,0.9437260497384066,0.9437260497384066,0.995873220217903
00824-Dd4bFSTQ8gi,0_5_290,326,partial,0_5,8.82057376779975,0.9493274917725779,3.318512602844282,0.46628355477707173,0.9501654143185437,0.913656544934365,0.996740846569141,0.5388720456014572,0.5388720456014572,0.6256137604348893
00824-Dd4bFSTQ8gi,0_5_291,326,partial,0_5,7.90897741005179,0.8065545151558638,0.1645797627278668,0.22880473543255897,0.9493337788269649,0.9166002371692772,0.994754829028515,0.2643321893868493,0.6219242603058337,0.2643321893868493
00824-Dd4bFSTQ8gi,0_5_292,326,partial,0_5,7.315776295123872,0.8906578551729705,1.3224797442648966,0.13902691095895112,0.9728397386153946,0.9715163362707585,0.9651859685911803,0.15240403430607763,0.742723609927405,0.15240403430607763
00824-Dd4bFSTQ8gi,0_5_293,326,partial,0_5,7.555025905457572,0.7811703903088116,1.061879170744042,0.0004867290181628014,0.9593782144020322,0.9538460228728288,0.8306947788685295,0.0006402913470750972,0.7391730618684655,0.0006402913470750972
00824-Dd4bFSTQ8gi,0_5_294,326,partial,0_5,7.860716401664562,0.7604478271262473,1.0541710785705067,0.0048980917799568615,0.8959522489771182,0.9387676996491009,0.9402712714725309,0.006193423094841227,0.7046698090412886,0.006193423094841227
00824-Dd4bFSTQ8gi,0_5_295,326,partial,0_5,8.089058312411076,0.4693398259164228,0.5853987654353526,0.04789088174766156,0.9411468243940695,0.8969636199320801,0.9803131567502241,0.0578703077432311,0.6401901625872035,0.0578703077432311
00824-Dd4bFSTQ8gi,0_5_296,519,vase,0_5,7.871671158872707,1.1462165325318818,1.220008449833602,0.9414664993822928,0.9757250026026103,0.9731247839378279,0.9991919637539729,0.992338797281728,0.992338797281728,0.9999335577910697
00824-Dd4bFSTQ8gi,0_5_297,326,partial,0_5,7.685452548412448,0.9048728219390584,3.5587739927064344,0.07554469840759004,0.978079389068409,0.9767321040744901,0.9845718606054341,0.0803169120006599,0.6847242607892888,0.0803169120006599
00824-Dd4bFSTQ8gi,0_5_298,326,partial,0_5,9.551376325263645,1.4390943120120325,2.1735267171786448,0.608075612112263,0.9659257839429073,0.9407798527366016,0.9975993147749002,0.670763892371069,0.670763892371069,0.8118431897279854
00824-Dd4bFSTQ8gi,0_5_299,87,cat,0_5,8.401737504096292,0.21198604022766143,0.8178857014052572,0.7184155380855707,0.9530364304530098,0.9700309846309396,0.9938571548477667,0.781909769446378,0.781909769446378,0.9706835385160064
00824-Dd4bFSTQ8gi,0_5_3,326,partial,0_5,0.9358150282167691,1.7884204250755178,-2.781597295783299,0.03735566485243193,0.8656329714562281,0.9612480926454048,0.9960502619233256,0.045071907169818515,0.5142205885997829,0.045071907169818515
00824-Dd4bFSTQ8gi,0_5_30,127,countertop item,0_5,2.057416275550531,0.5238800920179287,-0.841728282586461,0.08736252853502177,0.9189895226039313,0.9249273194586336,0.9990391140114749,0.10287847929564094,0.5769193582108495,0.10287847929564094
00824-Dd4bFSTQ8gi,0_5_300,13,artwork,0_5,5.270215171464575,1.3558810810089321,0.11393544134565164,0.7160572930467879,0.8808922343441353,0.9042030391438431,0.935078064760969,0.9614155877481031,0.9614155877481031,0.9999126795584051
00824-Dd4bFSTQ8gi,0_5_301,326,partial,0_5,5.33250660097828,1.8345401842897675,-0.6497723873006891,0.6519596729862315,0.9691365588658651,0.9377424802727714,0.9877022447357643,0.72631685971712,0.72631685971712,0.8418734466743389
00824-Dd4bFSTQ8gi,0_5_302,13,artwork,0_5,5.228256385239429,0.8719041086534582,0.20657802924420007,0.6990237498624493,0.9072769029778605,0.9342880366077415,0.9974206805146759,0.8267856306317026,0.8267856306317026,0.951600563903895
00824-Dd4bFSTQ8gi,0_5_303,545,wood,0_5,6.807158095137284,0.0020186126312103235,0.13728101232774978,0.7437164302893672,0.9873199083074681,0.9975653523828854,0.9981841215568734,0.7564800304640728,0.7564800304640728,0.9912723835793019
00824-Dd4bFSTQ8gi,0_5_304,545,wood,0_5,6.422738947519404,-0.023783134210190494,-0.5924841447202437,0.716876573815869,0.9595113007569293,0.9025534968964737,0.9967451878894061,0.8304953282721488,0.8304953282721488,0.9942167538619935
00824-Dd4bFSTQ8gi,0_5_305,326,partial,0_5,7.536596393354751,0.7889932918377189,1.5341491550335347,0.00019084016232633497,0.8800817169235661,0.9145566573947903,0.900988414543927,0.00026315822977145587,0.7901268828528507,0.00026315822977145587
00824-Dd4bFSTQ8gi,0_5_306,519,vase,0_5,7.9224268292900355,1.4756890365532274,1.2464985795596886,0.7720582054570542,0.9527003305316307,0.909541780119648,0.9902707782510743,0.8997401691212238,0.8997401691212238,0.9980542168611283
00824-Dd4bFSTQ8gi,0_5_307,545,wood,0_5,5.12871060601544,0.008683099421391147,1.8431977687367969,0.6039101544701575,0.9747475262978561,0.9323873681244441,0.9984014649213233,0.6655468001200346,0.6655468001200346,0.9768059764282909
00824-Dd4bFSTQ8gi,0_5_308,326,partial,0_5,4.107664546033056,0.7545858664014906,3.4425852589598596,0.0040601249793648835,0.8731722489992778,0.9068384887821965,0.9439973818038041,0.005431737122432764,0.5190068845766949,0.005431737122432764
00824-Dd4bFSTQ8gi,0_5_309,93,ceiling chassis,0_5,6.47979337083946,2.1785738111978628,0.2922910904287096,0.23912046715622418,0.954374718039282,0.8696822078998028,0.9922323066848677,0.2903513674297872,0.6849178247390659,0.2903513674297872
00824-Dd4bFSTQ8gi,0_5_31,127,countertop item,0_5,2.2072190007625676,0.9707499732354461,-0.19148091922624141,0.9131317350886297,0.975371139698867,0.9398489357896347,0.999993123761944,0.9961126784504633,0.9961126784504633,0.9995068569881302
00824-Dd4bFSTQ8gi,0_5_310,346,plenum box,0_5,8.200935479093381,2.3090405721627585,1.2809282252140186,0.7040069800664118,0.9778421952067319,0.914028404131656,0.9942308917862732,0.7922481731103781,0.7922481731103781,
00824-Dd4bFSTQ8gi,0_5_311,13,artwork,0_5,5.2423412779611915,0.9216963807491394,0.15718300374944444,0.6522069278389188,0.8972081762236243,0.8768003432852913,0.9939676772488676,0.8341020949499417,0.8341020949499417,0.9694655455868015
00824-Dd4bFSTQ8gi,0_5_312,326,partial,0_5,8.184739880788308,0.7601236853826401,1.9337075052804504,0.19661826788476608,0.9271368391322702,0.891300599861613,0.9897345535633464,0.24040145764835938,0.5627483793212874,0.24040145764835938
00824-Dd4bFSTQ8gi,0_5_313,326,partial,0_5,8.142471913922538,0.8573082329911159,3.32715854477868,0.4635681464541697,0.9497629188058274,0.892728136130481,0.996669605797709,0.54856480391849,0.54856480391849,0.6265281089885824
00824-Dd4bFSTQ8gi,0_5_314,326,partial,0_5,8.46056336719873,0.9584234341715897,0.9760652423950239,0.09189083891144638,0.9455920864627475,0.8780440832401577,0.9909093920473236,0.11169098524083337,0.6749882940345876,0.11169098524083337
00824-Dd4bFSTQ8gi,0_5_315,326,partial,0_5,9.555536820130452,1.521019505386783,0.676415584439679,0.32725286248166985,0.9400781379319915,0.9483385574793061,0.9984962628401653,0.3676289034323802,0.5712842778940221,0.3676289034323802
00824-Dd4bFSTQ8gi,0_5_316,316,overhang,0_5,6.786727648839154,2.17146676602106,3.1274122168259657,0.5184736460037969,0.9867409368356069,0.9145644014627099,0.9873154800722616,0.5819066238093766,0.5819066238093766,0.7618116770619969
00824-Dd4bFSTQ8gi,0_5_317,326,partial,0_5,8.263484520142208,0.7603902714483002,1.886719539360527,0.20557205422016323,0.9627989307771391,0.9237676274744833,0.9890267931101085,0.2336994448117708,0.7478987490508672,0.2336994448117708
00824-Dd4bFSTQ8gi,0_5_318,545,wood,0_5,8.879301141738761,-0.011224558315141136,2.5799647747668857,0.5817277491000342,0.9491339049677887,0.911524147310999,0.9977799132947573,0.6738905375736703,0.6738905375736703,0.9782413683878131
00824-Dd4bFSTQ8gi,0_5_319,326,partial,0_5,8.520087854086919,0.9424012573091229,1.7989223373139915,0.03379797521513648,0.9214239146920943,0.9423687077520031,0.9872281014980386,0.03942691873958522,0.5478369132311706,0.03942691873958522
00824-Dd4bFSTQ8gi,0_5_32,326,partial,0_5,3.8134885887593475,1.4650420616622708,-0.579446100782474,0.3689715466682319,0.8871433148156902,0.9119598632795797,0.9977576163254641,0.457086417321737,0.6970534363533615,0.457086417321737
00824-Dd4bFSTQ8gi,0_5_320,326,partial,0_5,9.362723171472396,1.9856461325734553,2.9370463137378438,0.6287501802030612,0.9028888046095263,0.9534432620399803,0.9970328672932918,0.7325537999007808,0.7325537999007808,0.8962105816318235
00824-Dd4bFSTQ8gi,0_5_321,326,partial,0_5,9.43456091057218,0.06912002842791688,2.5892616467206246,0.6515084136119946,0.9545870463850068,0.9479646867883607,0.9976702867037366,0.721647804029521,0.721647804029521,0.7823612563044762
00824-Dd4bFSTQ8gi,0_5_322,326,partial,0_5,9.552890478335396,1.3376890751983315,2.2308351913353928,0.2790353288142928,0.968036764412684,0.9254873835500799,0.9986085321664488,0.31189008340610197,0.5555030310632114,0.31189008340610197
00824-Dd4bFSTQ8gi,0_5_323,326,partial,0_5,8.80357364745788,1.4441693969895528,3.3315956298860785,0.5816850940989928,0.9293590618941395,0.9633490155224935,0.9964832861666246,0.6520046909754905,0.6520046909754905,0.7825438506740662
00824-Dd4bFSTQ8gi,0_5_324,303,model,0_5,9.410841288047086,1.398806570762671,1.5676069040047327,0.523218854922517,0.9599619205677413,0.9688047452283413,0.9983583717821152,0.5635165282416417,0.5635165282416417,0.754391860159426
00824-Dd4bFSTQ8gi,0_5_325,326,partial,0_5,9.455585798342014,1.6077478536736323,2.057471546548358,0.6145723698704517,0.935806990603292,0.944424824961247,0.9983602989168195,0.696517526991897,0.696517526991897,0.7255337696732308
00824-Dd4bFSTQ8gi,0_5_326,13,artwork,0_5,7.63521419931436,1.3908576850721965,3.533348047057534,0.5315661360947286,0.9241342045236052,0.9565361530732013,0.9902102883370983,0.6072862353734841,0.6072862353734841,0.6518210367416344
00824-Dd4bFSTQ8gi,0_5_327,326,partial,0_5,9.355601997351233,1.0298879829695715,3.5145034196013,0.5045445148947719,0.924668620610889,0.9590052861971226,0.9970305470215728,0.5706685040154806,0.5706685040154806,0.6317272337041839
00824-Dd4bFSTQ8gi,0_5_328,545,wood,0_5,8.121608115532737,0.4578757590792705,3.325723488188326,0.31901255931848144,0.9175049773550534,0.9647299228909109,0.9968680684158245,0.3615396374979566,0.611432346936628,0.3615396374979566
00824-Dd4bFSTQ8gi,0_5_329,82,cardboard,0_5,6.688448183648594,0.009475745870677706,4.165017185441377,0.5977634326172586,0.947456344274374,0.8785423061142996,0.9975343474869341,0.7199123066848312,0.9202632053935194,0.7199123066848312
00824-Dd4bFSTQ8gi,0_5_33,9,appliance,0_5,4.214137357658646,1.327222786134609,-0.885911456991922,0.6192205626295443,0.9610097148090454,0.912859020685837,0.9988905690777921,0.7066363389384945,0.7066363389384945,0.9580905888150923
00824-Dd4bFSTQ8gi,0_5_330,13,artwork,0_5,8.344587573850943,1.4479326344978662,3.3321289652738826,0.8284505745532545,0.8867372486637214,0.9710090193397517,0.9964079044334592,0.965631052941232,0.965631052941232,0.9996235504461892
00824-Dd4bFSTQ8gi,0_5_331,341,plank,0_5,7.362706863053745,0.06472446373560724,3.540945614348539,0.00026576342345875365,0.9682000233170887,0.9994526096225707,0.9945539428189817,0.0002761465177320268,0.5272758719960001,0.0002761465177320268
00824-Dd4bFSTQ8gi,0_5_332,326,partial,0_5,7.11257643737939,1.350231929941328,3.5679928096764333,0.6961805820772127,0.938144703214541,0.9798875469309751,0.9976872053509951,0.7590693116809836,0.9231015905958839,0.7590693116809836
00824-Dd4bFSTQ8gi,0_5_333,326,partial,0_5,6.16545844961033,1.0817800571295877,3.692792734134539,0.2624922956826404,0.9777596620081529,0.9481358425798929,0.9968859274102936,0.284032747573603,0.5402171139282708,0.284032747573603
00824-Dd4bFSTQ8gi,0_5_334,394,sculpture,0_5,3.4526202001387936,0.5501359032100256,1.7639971866554276,0.4310170062822252,0.8632297131177983,0.9726836539039774,0.9912984841869896,0.5178356737615075,0.5178356737615075,0.9991454539452476
00824-Dd4bFSTQ8gi,0_5_335,516,unknown,0_5,0.26620670865607127,0.911557661272958,1.7708112540078544,0.5346424162445986,0.9225074675891832,0.9477284055984949,0.9759475125646586,0.626589569763894,0.626589569763894,0.8510386674992191
00824-Dd4bFSTQ8gi,0_5_336,87,cat,0_5,5.3179452014154975,2.211168438442354,3.2951312188581916,0.11903765350456348,0.9821518706565812,0.9255634885581897,0.9868735932896577,0.13268993049474975,0.5461211605555141,0.13268993049474975
00824-Dd4bFSTQ8gi,0_5_337,92,ceiling arch,0_5,2.448329411907855,2.4255108562413064,1.6810128982734778,0.523608263420213,0.975354276358437,0.923181366702601,0.991935831123999,0.5862373586337686,0.5862373586337686,0.9868075669739973
00824-Dd4bFSTQ8gi,0_5_338,326,partial,0_5,5.207171652086205,1.1133432623120547,3.4981149117464243,0.32086555779294784,0.926016742666849,0.9495938060987561,0.9939243779633701,0.36712422857896915,0.6034093705730404,0.36712422857896915
00824-Dd4bFSTQ8gi,0_5_339,326,partial,0_5,6.152174532152851,1.3895452311751566,3.702535774360805,0.5643845670938284,0.9188722057198728,0.9867802682335819,0.9948724032935945,0.6256510441038187,0.7385445633786637,0.6256510441038187
00824-Dd4bFSTQ8gi,0_5_34,127,countertop item,0_5,3.9029995509688433,0.8454086970176207,-2.801596309201306,0.4898648657216132,0.9530571902987589,0.9462069598059629,0.9993487280885519,0.5435683075392254,0.5435683075392254,0.9288743978986529
00824-Dd4bFSTQ8gi,0_5_340,326,partial,0_5,5.621881407706352,1.2896263152984928,3.597055556711912,0.06792276172790905,0.9692226757170164,0.9434016973034951,0.9842767224327345,0.07547061725897976,0.5485259351212703,0.07547061725897976
00824-Dd4bFSTQ8gi,0_5_341,379,rod,0_5,6.514332858896698,2.166463094222531,3.7633762621069606,0.4901859747951691,0.9528206065803968,0.9224242573964267,0.9534262359800177,0.584967753666264,0.584967753666264,
00824-Dd4bFSTQ8gi,0_5_342,180,fan,0_5,8.854454531156453,1.5225827577672237,3.519043535492218,0.004291039139910924,0.9479951025803883,0.9019000218927764,0.9860928734889655,0.005089559132296347,0.7712501664187711,0.005089559132296347
00824-Dd4bFSTQ8gi,0_5_343,93,ceiling chassis,0_5,7.203814491476645,2.110102377888256,0.26008862334540506,0.2067481817967782,0.9064759275593833,0.9452455576192771,0.9927629855414244,0.24304976309016732,0.5989830742471971,0.24304976309016732
00824-Dd4bFSTQ8gi,0_5_344,106,closet door,0_5,8.632525786977835,0.7839186033185189,3.523384049422324,0.09750196866923427,0.9407256300058439,0.9378346054988317,0.9983698610790325,0.11069619481849002,0.5148917472743728,0.11069619481849002
00824-Dd4bFSTQ8gi,0_5_345,326,partial,0_5,7.1832578565341185,1.089040154517184,3.7394583403317685,0.3291428438441613,0.975064724540136,0.9237885415826778,0.9951825501947232,0.367177151839629,0.5085057234725483,0.367177151839629
00824-Dd4bFSTQ8gi,0_5_346,316,overhang,0_5,7.24106475483739,2.161379723976511,4.040759286015152,0.464094273012435,0.9439782714737314,0.9508822820616847,0.9896165520556518,0.5224569438089953,0.7764414375395841,0.5224569438089953
00824-Dd4bFSTQ8gi,0_5_347,106,closet door,0_5,5.711954291562755,1.7607496943307073,3.8715629329415258,0.6284910775445646,0.930638883609504,0.9446849039456438,0.9999352345252189,0.7149226808748632,0.7149226808748632,0.9898345215470443
00824-Dd4bFSTQ8gi,0_5_348,106,closet door,0_5,5.390239829174506,1.7700271270286085,3.927274899480843,0.66740642594162,0.8991882907807289,0.931378660430762,0.9999506235448185,0.7969570230946847,0.7969570230946847,0.9844007964945534
00824-Dd4bFSTQ8gi,0_5_349,326,partial,0_5,8.20329460008452,1.5140231637661592,3.5344125886533195,0.26013909929386764,0.9778791238440332,0.9560132204848475,0.9574829326936317,0.29062001313630315,0.683584010934083,0.29062001313630315
00824-Dd4bFSTQ8gi,0_5_35,326,partial,0_5,4.977698413390907,1.2657907446900087,-2.484951446180994,0.44309634941891796,0.9182689519654138,0.9309323787154575,0.9987277662479934,0.5189948061748343,0.5189948061748343,0.6155078029022197
00824-Dd4bFSTQ8gi,0_5_350,106,closet door,0_5,5.653240519693189,0.8262031938626925,3.875517849265409,0.7308363213055882,0.9446576053140572,0.938250844387352,0.9999829948329346,0.8245825101092487,0.8245825101092487,0.9877948802139493
00824-Dd4bFSTQ8gi,0_5_351,106,closet door,0_5,5.716665760839067,0.5948455628473021,3.8790131717018186,0.6962078621529213,0.9203539228196176,0.9449909106990839,0.9999596218529202,0.8005232699389347,0.8005232699389347,0.9845365602193121
00824-Dd4bFSTQ8gi,0_5_352,316,overhang,0_5,7.387100225965999,1.7730839555043258,3.75616369849715,0.5465427423622901,0.9090051855966556,0.9058123283360675,0.9950379768461871,0.6670830214606109,0.6670830214606109,0.8532616259375707
00824-Dd4bFSTQ8gi,0_5_353,326,partial,0_5,7.567438996410383,1.3432869210762275,4.3502143446328425,0.11923048717788354,0.9852270151324122,0.9430370214831086,0.9747701252433542,0.1316497545615126,0.6041143419052699,0.1316497545615126
00824-Dd4bFSTQ8gi,0_5_354,106,closet door,0_5,8.7358908031305,0.4737253192836136,3.521124720104543,0.15513825252232755,0.9266621473463004,0.9165265334188789,0.9993984485940597,0.18277372324915947,0.5297198281718319,0.18277372324915947
00824-Dd4bFSTQ8gi,0_5_355,326,partial,0_5,7.400817538832015,0.5297580336742278,4.037786788753544,0.4994197359195733,0.9735246093823896,0.8963062489804134,0.993446045253296,0.576126771802244,0.7043672830375262,0.576126771802244
00824-Dd4bFSTQ8gi,0_5_356,326,partial,0_5,7.883440909667576,0.2313774211360549,3.4463618980971717,0.5191067800431303,0.9490374744762473,0.9513080006710486,0.9972624816134859,0.5765576112288162,0.5765576112288162,0.8293081820418087
00824-Dd4bFSTQ8gi,0_5_357,106,closet door,0_5,8.689494301665729,0.45548257598751773,3.5155895842797205,0.1884220373069959,0.9754150663876271,0.9411214377995033,0.9993007807771599,0.2053999543525286,0.5257974924480933,0.2053999543525286
00824-Dd4bFSTQ8gi,0_5_358,106,closet door,0_5,8.641835020788806,0.9107325460415532,3.5232187111308355,0.042095514444887364,0.9223315788393929,0.9992680313689137,0.9979352655652005,0.04576825760506271,0.701740995391545,0.04576825760506271
00824-Dd4bFSTQ8gi,0_5_359,326,partial,0_5,9.438092737176312,0.49114554177784636,3.564586239769556,0.5642312578938289,0.9090527670901446,0.9299063235360074,0.9981931168714385,0.668673753912926,0.7986861839319039,0.668673753912926
00824-Dd4bFSTQ8gi,0_5_36,127,countertop item,0_5,4.961267137179223,1.0173334381037784,-2.552158375952486,0.46945648843987614,0.9592820285265654,0.9258492685026256,0.9993384053329075,0.5289275296329871,0.5289275296329871,0.9458448892071368
00824-Dd4bFSTQ8gi,0_5_360,106,closet door,0_5,3.356756974771543,1.0915659520172143,3.7055345976341583,0.5039663521869,0.9660637628822705,0.945288896006903,0.9995661958210079,0.5521023968311382,0.8561068792853322,0.5521023968311382
00824-Dd4bFSTQ8gi,0_5_361,545,wood,0_5,5.93503764211615,0.012622616572410534,2.915019007075949,0.5495535671871163,0.9522875375106556,0.9688423838585469,0.9986580870795306,0.5964471635504887,0.5964471635504887,0.9739470616706952
00824-Dd4bFSTQ8gi,0_5_362,106,closet door,0_5,5.377487081868683,0.4642539116750938,3.937618688383472,0.7905271639552792,0.9922072607586642,0.9143533552568311,0.9999813633477133,0.8713816856516865,0.8713816856516865,0.9853913171741306
00824-Dd4bFSTQ8gi,0_5_363,106,closet door,0_5,5.715093740965639,1.2512343520704592,3.878425963615508,0.7081692096538993,0.9437076403189645,0.9153523702393829,0.9999850862178755,0.8198185401980213,0.8198185401980213,0.9887772496165927
00824-Dd4bFSTQ8gi,0_5_364,106,closet door,0_5,5.376119950834834,1.2508894191775668,3.9325852141103312,0.836972679394808,0.9923396757257772,0.9381666967247768,0.999986906290282,0.8990350024767872,0.8990350024767872,0.9904990152909445
00824-Dd4bFSTQ8gi,0_5_365,545,wood,0_5,6.307071217286432,0.006409407311595335,1.3307713378401813,0.5509898726114463,0.9602535091623475,0.9763782314777036,0.9986213985615016,0.5884895527920492,0.5884895527920492,0.9849656875347925
00824-Dd4bFSTQ8gi,0_5_366,106,closet door,0_5,2.0426876763524415,2.190174388179117,4.020566607120137,0.29255129370550403,0.9368917539836915,0.9500061962006863,0.9978035094459802,0.3294133088744416,0.776842456801665,0.3294133088744416
00824-Dd4bFSTQ8gi,0_5_367,244,handle,0_5,2.6123439507684028,0.9866405616935207,3.6503283599776903,0.28463947353809016,0.9412403825849426,0.9519360761747455,0.9977341855650864,0.31839917744555446,0.5479375711371498,0.31839917744555446
00824-Dd4bFSTQ8gi,0_5_368,106,closet door,0_5,5.863782561892799,0.8497329298776992,3.8722004002256996,0.6523574624113736,0.9523006491588824,0.9119823298303736,0.9999463747984443,0.751187617363563,0.751187617363563,0.9779932875847568
00824-Dd4bFSTQ8gi,0_5_369,106,closet door,0_5,6.029248488702967,1.1263657437544066,3.7607607871980995,0.4751977921525813,0.9517360435591804,0.9234452582859585,0.999016729063228,0.5412201793006861,0.5412201793006861,0.6827260933265694
00824-Dd4bFSTQ8gi,0_5_37,315,oven,0_5,4.157323116092215,1.1960466765602393,-0.8970216259376822,0.8639809147649754,0.9582685712990763,0.9156376320451391,0.9999701973964444,0.9847051610432201,0.9847051610432201,
00824-Dd4bFSTQ8gi,0_5_370,106,closet door,0_5,3.4470227725980984,0.4248678245306834,3.6655985259176447,0.3082916178034777,0.9751232147216797,0.8614499796212495,0.9994185293854972,0.36721867466001923,0.7708562786912726,0.36721867466001923
00824-Dd4bFSTQ8gi,0_5_371,106,closet door,0_5,5.2236749877244275,1.3119133410461983,3.961175518290683,0.8487973653665747,0.9654907018922636,0.9432955624971167,0.9999030681267588,0.9320736591644058,0.9320736591644058,0.9817092198486927
00824-Dd4bFSTQ8gi,0_5_372,82,cardboard,0_5,3.054621751471527,0.014641091844582328,3.7327067329987194,0.7583330707774953,0.9901122644701283,0.9189628780977603,0.9978349032844835,0.8352546391991996,0.8835505003580213,0.8352546391991996
00824-Dd4bFSTQ8gi,0_5_373,244,handle,0_5,1.9081747951749117,0.6932059156559102,3.7288961985141977,0.49874948263657193,0.8593662769493016,0.9816385925738615,0.9937697873665376,0.5949311896957623,0.5949311896957623,0.6386182426778111
00824-Dd4bFSTQ8gi,0_5_374,545,wood,0_5,0.38208414347509617,0.004527230118040408,3.323139067217908,0.7647721332690494,0.9408649160301548,0.9384251481513954,0.997864737134918,0.8680274656444984,0.8680274656444984,0.9787855427422226
00824-Dd4bFSTQ8gi,0_5_375,106,closet door,0_5,2.580326475624289,0.51357942696418,3.8023355647788954,0.794114620226149,0.9758367485612158,0.9445538914422287,0.9998065158168695,0.8617143365060399,0.8617143365060399,0.991061301778753
00824-Dd4bFSTQ8gi,0_5_376,82,cardboard,0_5,1.3217872138678592,2.0349105783639225,4.738051898778495,0.02923385824984672,0.9600334730682212,0.9680835966051169,0.9921797769853129,0.03170272028520614,0.5154664261214471,0.03170272028520614
00824-Dd4bFSTQ8gi,0_5_377,545,wood,0_5,1.336098004359437,0.8423755684111366,4.747775528793536,0.08653624665718099,0.9619341294385721,0.9509216630159956,0.9976806575264049,0.09482359732931012,0.7748578646045617,0.09482359732931012
00824-Dd4bFSTQ8gi,0_5_378,82,cardboard,0_5,1.2986789393085125,0.04337948773488349,4.98694979480652,0.2629603771150737,0.9511613198689052,0.9632165774043154,0.9975818054991474,0.2877157689175618,0.5119077035654702,0.2877157689175618
00824-Dd4bFSTQ8gi,0_5_379,106,closet door,0_5,2.247046371183869,0.5090260327299514,3.8021726812914234,0.7730286474051472,0.9076349287483824,0.9576372563964272,0.9997647415590913,0.889581080293463,0.889581080293463,0.990862573687879
00824-Dd4bFSTQ8gi,0_5_38,545,wood,0_5,6.688649188146909,-0.04172408557100181,0.12189598315994257,0.6056805397478827,0.9405689540365892,0.9341460152630694,0.9981329516570463,0.6906369686107022,0.6906369686107022,0.9847951655943649
00824-Dd4bFSTQ8gi,0_5_380,106,closet door,0_5,4.640123757725374,1.132821530101706,3.6769159850630513,0.7661217906829516,0.9858816823889341,0.9994768223199693,0.9991658807239064,0.7781488765156648,0.8485710013536004,0.7781488765156648
00824-Dd4bFSTQ8gi,0_5_381,87,cat,0_5,4.088155283269941,2.441755140117419,3.7423921309748094,0.005139487155024115,0.8738880676251871,1.0,0.740147299803735,0.00794594979113427,0.8183012166304422,0.00794594979113427
00824-Dd4bFSTQ8gi,0_5_382,106,closet door,0_5,2.2503714775795864,1.8039437907041753,3.8026935486476496,0.8266229396313202,0.9402215189259985,0.9803157134690426,0.9996210309364983,0.8971724271134478,0.8971724271134478,0.9879978595235661
00824-Dd4bFSTQ8gi,0_5_383,244,handle,0_5,1.991015193555056,2.029587123208024,4.075241393778168,0.5784007717833127,0.8731435748020822,0.999264966836032,0.9929009028788163,0.6676619612983699,0.6676619612983699,0.8041685612537697
00824-Dd4bFSTQ8gi,0_5_384,106,closet door,0_5,2.562420505571856,1.803190507960088,3.803042420318787,0.7113233958617495,0.7873211961526138,0.981882950035282,0.9997383736530543,0.9203840174764161,0.9203840174764161,0.9911244312850115
00824-Dd4bFSTQ8gi,0_5_385,82,cardboard,0_5,4.973374595570967,0.699679131183073,3.737483654149537,0.6771859040713522,0.7648497466313637,0.9999999999999997,0.9987424899076813,0.886499011564283,0.886499011564283,0.9108735835186974
00824-Dd4bFSTQ8gi,0_5_386,106,closet door,0_5,2.568048607640092,1.2940589849479542,3.8033251422623855,0.7346129672906858,0.8069460187639509,1.0,0.9998210149107758,0.9105249403444123,0.9105249403444123,0.9934969198706617
00824-Dd4bFSTQ8gi,0_5_387,82,cardboard,0_5,2.9959508474340684,1.3635527779443049,3.655094243973114,0.47439056937609064,0.9060188865829678,0.9629027819137748,0.9987016627659616,0.5444783073019801,0.5444783073019801,0.8004655132433803
00824-Dd4bFSTQ8gi,0_5_388,82,cardboard,0_5,1.6579615029188746,1.246975548413291,3.655494449799612,0.42924630147811205,0.9781264768716974,0.9453059423684196,0.9957291381907267,0.4662275605011134,0.743446934876175,0.4662275605011134
00824-Dd4bFSTQ8gi,0_5_389,244,handle,0_5,2.8019500115151232,1.4383143655072674,3.8039425648777785,0.42630183074552347,0.9834855835583691,0.9385834051891209,0.9966088103354388,0.4633952801903284,0.7108946563066031,0.4633952801903284
00824-Dd4bFSTQ8gi,0_5_39,244,handle,0_5,3.9911459479562224,1.4416488170572603,-2.8223616645196894,0.009911125773776331,0.9867878387206268,0.9180739262282991,0.9981166526492204,0.01096074928986725,0.5252890313657066,0.01096074928986725
00824-Dd4bFSTQ8gi,0_5_390,106,closet door,0_5,2.1579232849190166,1.7736767307812886,3.8024623853953603,0.7627070399795666,0.9338516915008066,0.9118437714601997,0.9996531085612764,0.8960042890019366,0.8960042890019366,0.9887441250887204
00824-Dd4bFSTQ8gi,0_5_391,244,handle,0_5,1.9664599302812964,1.3401739539302127,3.7642227914739514,0.47434012952865484,0.9649585495820296,0.9513185523565066,0.9955278387206389,0.5190412022257848,0.8068899335220937,0.5190412022257848
00824-Dd4bFSTQ8gi,0_5_392,326,partial,0_5,0.86357176852045,2.0535461089771,3.605484888208334,0.4599892914585144,0.9792092197742699,0.9016542405800091,0.997119681782725,0.5224983330225825,0.6125882448713155,0.5224983330225825
00824-Dd4bFSTQ8gi,0_5_393,87,cat,0_5,0.09157905931578246,0.07929075439894613,2.6172087797645185,0.6043649022871443,0.9721762495040893,0.9198308043845121,0.9925094344646735,0.6809443723158548,0.6809443723158548,0.888273359053588
00824-Dd4bFSTQ8gi,0_5_394,326,partial,0_5,1.2135373888049623,1.4306045920977788,4.584936868049298,0.24186807838098487,0.9702186906547622,0.9189085598143263,0.9977707362451407,0.27189790293394955,0.7775944224308399,0.27189790293394955
00824-Dd4bFSTQ8gi,0_5_395,545,wood,0_5,0.14117020832852362,0.79796573320004,2.5735803267298034,0.04920387757452213,0.9504626026129667,0.966903158638335,0.9972332824445167,0.05368890569948757,0.7044450267102905,0.05368890569948757
00824-Dd4bFSTQ8gi,0_5_396,545,wood,0_5,0.23449201250385915,0.8070118547378011,2.5148176890040923,0.0063370628027423015,0.9580598811308542,0.967888179144557,0.9961923212031977,0.006860045261437581,0.76237060596457,0.006860045261437581
00824-Dd4bFSTQ8gi,0_5_397,326,partial,0_5,0.5294549701145495,1.8419430821888783,3.6268094657696737,0.4938604926182976,0.9575594660069122,0.920070315920714,0.9964780513982844,0.5625352927842998,0.6289158482423131,0.5625352927842998
00824-Dd4bFSTQ8gi,0_5_398,326,partial,0_5,0.45757136521302677,1.5581820312324133,3.649669652327767,0.3693957615992951,0.9288870040760484,1.0,0.994901042964894,0.3997137933499628,0.6048232196899461,0.3997137933499628
00824-Dd4bFSTQ8gi,0_5_399,326,partial,0_5,0.4066402803795538,1.4803907898484725,3.6305545539766424,0.2792858231034196,0.8935523056500666,0.9772158997019376,0.9957457520587428,0.32121064117771614,0.6263852111679777,0.32121064117771614
00824-Dd4bFSTQ8gi,0_5_4,106,closet door,0_5,1.400621924168086,0.5905634133148996,-3.1185588913003377,0.7873885297665928,0.9462389408835193,0.9470522541746,0.9999038604342768,0.878731267467932,0.878731267467932,0.9871606847233326
00824-Dd4bFSTQ8gi,0_5_40,106,closet door,0_5,4.215972377187439,2.002793793837564,-0.8736849996018506,0.0034175467594753568,0.9689809991581471,0.9280634284359455,0.9979892151313309,0.0038079891056565797,0.5596360619887439,0.0038079891056565797
00824-Dd4bFSTQ8gi,0_5_400,545,wood,0_5,0.181600707426975,0.9064481165000093,2.1222136116588888,6.55401446909045e-05,0.9228293488854947,0.9666951408260535,0.9973411109631393,7.366356634914373e-05,0.7319715422816684,7.366356634914373e-05
00824-Dd4bFSTQ8gi,0_5_401,87,cat,0_5,1.9677547337137256,2.394968874433354,-0.060968541340629595,0.3395542560177151,0.8536394458068045,1.0,0.9906652797058645,0.40152053450898073,0.503583687400726,0.40152053450898073
00824-Dd4bFSTQ8gi,0_5_402,82,cardboard,0_5,1.39454514369245,1.3928463742328876,3.6292147967524357,0.41942520512384684,0.9399993303019867,0.9302297355977821,0.9977214416583429,0.4807590383928983,0.7840472272514322,0.4807590383928983
00824-Dd4bFSTQ8gi,0_5_403,326,partial,0_5,3.797245497865613,1.1592826734768475,-0.44441914152129,0.09520711157096777,0.961288340705362,0.9518605118171092,0.9880063626250809,0.10531316452104812,0.8413142257899363,0.10531316452104812
00824-Dd4bFSTQ8gi,0_5_404,92,ceiling arch,0_5,3.5040008848984097,2.439789450632885,1.1884814719384715,0.4377259172941525,0.9700200167186117,0.9064788558531902,0.9949517420218686,0.5003361359193556,0.5003361359193556,0.9645350298177858
00824-Dd4bFSTQ8gi,0_5_405,454,stool,0_5,3.596435040822955,0.22177036634504735,-0.07582744379233601,0.05137493188563266,0.967878363680214,0.929996550012782,0.9978266568262607,0.05719973781729599,0.957215107624649,0.05719973781729599
00824-Dd4bFSTQ8gi,0_5_406,326,partial,0_5,2.4691000689300444,2.4488525003932757,-1.4557522946048285,0.2918491835646992,0.9654052562223604,0.9154515528777771,0.992271242886875,0.33279979705308754,0.727937357111821,0.33279979705308754
00824-Dd4bFSTQ8gi,0_5_407,64,cabinet,0_5,2.9240055905007276,1.941345582521202,-2.6546221023835037,0.7406308447002209,0.9508972239607033,0.8812271875344988,0.9985032224459152,0.8851785005560149,0.8884401583443128,0.8851785005560149
00824-Dd4bFSTQ8gi,0_5_408,326,partial,0_5,3.0417696251789947,2.396355677152722,-2.908985647309819,0.44779281317255365,0.9673945369814324,0.9132197272011757,0.9962651203438423,0.5087720892992955,0.675805306556804,0.5087720892992955
00824-Dd4bFSTQ8gi,0_5_409,481,title,0_5,2.3473520254044495,2.2401123867190322,1.3111427451380115,8.568046423388352e-08,0.9553930417384459,0.9550950135905424,0.8620343121781208,1.0892526033866163e-07,0.5522523146644958,1.0892526033866163e-07
00824-Dd4bFSTQ8gi,0_5_41,106,closet door,0_5,4.805147887531359,1.3250307248010635,-0.8772031995445825,0.5762721142708599,0.975934609870116,0.9066715216417625,0.9997243408764942,0.6514433329287456,0.6811725593602369,0.6514433329287456
00824-Dd4bFSTQ8gi,0_5_410,545,wood,0_5,6.413585379513383,0.0033148486044249255,2.0857831758034826,0.5198777825557066,0.9582750255603341,0.9075869247216396,0.9985167332674949,0.5986424509987258,0.5986424509987258,0.9799950901258322
00824-Dd4bFSTQ8gi,0_5_411,13,artwork,0_5,1.8706355208830188,1.9830541319866797,3.522064670813871,7.706692928930012e-05,0.9644731516071066,0.9124457899888485,0.9981805046723643,8.773275296447642e-05,0.5127087064917217,8.773275296447642e-05
00824-Dd4bFSTQ8gi,0_5_412,394,sculpture,0_5,3.2087206142916367,0.3609629041648466,1.8977171412891667,0.5266423864081966,0.9267178218866888,0.9232047324457098,0.9939624190816476,0.6192988998256324,0.6192988998256324,0.9999304107365964
00824-Dd4bFSTQ8gi,0_5_413,92,ceiling arch,0_5,3.3092771328540107,2.438088947239243,3.296851574738714,0.6345054507643749,0.9925627542866601,0.9545203936028842,0.994009491000733,0.6737544399191594,0.6737544399191594,0.7159168958702405
00824-Dd4bFSTQ8gi,0_5_414,92,ceiling arch,0_5,3.446690363105309,2.407177346587947,3.4707469574372394,0.7004630224832544,0.9948613874373897,0.9921787213337439,0.9941060378419344,0.7138385833894364,0.7138385833894364,0.769576215357402
00824-Dd4bFSTQ8gi,0_5_415,326,partial,0_5,1.2283025356637332,1.3983385756031905,4.583641101654808,0.10024997883276449,0.9283688571122873,0.9407168148710405,0.9984457836802433,0.11496888833624803,0.7023114474808572,0.11496888833624803
00824-Dd4bFSTQ8gi,0_5_416,326,partial,0_5,0.7383487637823818,2.1964869738412487,3.646542053132012,0.14300377953340845,0.9039757554017397,0.922755637082348,0.9965555033220411,0.17202934437823014,0.5522668719607332,0.17202934437823014
00824-Dd4bFSTQ8gi,0_5_417,326,partial,0_5,0.2637713037096221,1.9232911807467699,3.647928756737458,0.15483173607860076,0.9759701803126263,0.9066856149467188,0.995647497969881,0.1757361479936016,0.6654157899173514,0.1757361479936016
00824-Dd4bFSTQ8gi,0_5_418,545,wood,0_5,0.09649449675777336,0.0048264570340332,4.243538854389248,0.6260272304022769,0.9050852797950882,0.899810030152359,0.9984966316228767,0.7698503091278055,0.7698503091278055,0.9704634330827323
00824-Dd4bFSTQ8gi,0_5_419,545,wood,0_5,0.7262343445780391,-0.0007520972388500492,4.641719146314911,0.74124928262823,0.9645442973323948,0.9615583026414939,0.9988503608768394,0.8001401353634641,0.8001401353634641,0.9246185824462237
00824-Dd4bFSTQ8gi,0_5_42,82,cardboard,0_5,5.40522958546154,1.5562422270636167,-1.4227622058329268,0.47373811627543616,0.8942212516704654,0.9372383875599186,0.996141369596184,0.5674430707784635,0.5922648272660406,0.5674430707784635
00824-Dd4bFSTQ8gi,0_5_420,82,cardboard,0_5,0.009378754050568247,1.4865276291944862,4.722917617345835,0.6842715724919957,0.9891396276971214,0.9344080657696802,0.9986228693688781,0.7413662486937056,0.7413662486937056,0.8529914250506975
00824-Dd4bFSTQ8gi,0_5_421,320,panel,0_5,2.5289158895443875,1.9718182481516444,-0.039253489475066454,0.45059883603992984,0.9632188090186007,0.9323716488692897,0.9960048696990845,0.5037494557674895,0.5037494557674895,0.9650476190600425
00824-Dd4bFSTQ8gi,0_5_422,320,panel,0_5,3.562740984924251,1.9789889957691467,-0.01769202521648225,0.5010099863416456,0.9664318663681761,0.9532279975131477,0.9934770777269637,0.5474197980078789,0.5474197980078789,0.9859476894551327
00824-Dd4bFSTQ8gi,0_5_423,273,knife,0_5,2.2060847344164514,2.2334302213903157,1.7497448068412065,0.3195058203760863,0.9704151882065667,0.9359775368968624,0.9654242556344028,0.3643657583349954,0.6652711247117539,0.3643657583349954
00824-Dd4bFSTQ8gi,0_5_424,326,partial,0_5,1.2894252481924615,1.162316597199755,3.5451879883711386,0.5057806469190055,0.9550811040482478,0.9453948298682917,0.9977415871333792,0.5614235904947128,0.708061214359846,0.5614235904947128
00824-Dd4bFSTQ8gi,0_5_425,545,wood,0_5,0.20356822294446625,-0.0010961660597269603,0.9581994854263911,0.780077485293719,0.9320277632981775,0.9377182432855912,0.9974870460638109,0.8948067764748128,0.8948067764748128,0.979847425038273
00824-Dd4bFSTQ8gi,0_5_426,383,rug,0_5,2.4781407196138927,0.010761697726807509,1.4873461219450896,0.9139204543897596,0.9781678662372145,0.9483176861739465,0.9996686383036564,0.9855645815843406,0.9965968928338828,0.9855645815843406
00824-Dd4bFSTQ8gi,0_5_427,326,partial,0_5,0.10648723015998632,1.9424717329958192,3.649137017570443,0.11989596128103241,0.8353248683517581,0.9186667315901572,0.9961174276268854,0.1568485887703224,0.5823119129200488,0.1568485887703224
00824-Dd4bFSTQ8gi,0_5_428,545,wood,0_5,-0.2942008700897358,0.016447587708493257,-1.8209890208544515,0.6592660552866827,0.9830623262088659,0.9341746310981811,0.9974414858875454,0.7197209844496503,0.7197209844496503,0.979306360116541
00824-Dd4bFSTQ8gi,0_5_429,326,partial,0_5,-0.8657860862427877,1.1113591147445634,-0.48480257955456646,0.5384127322575054,0.981436476077767,0.9456069053530338,0.9937900419489633,0.583778170002478,0.583778170002478,0.7153717882280084
00824-Dd4bFSTQ8gi,0_5_43,326,partial,0_5,9.433158686175492,0.9869690525245647,-0.6675581801395621,0.12932528523393166,0.962534050193322,0.9446955344720692,0.999173678073101,0.14234246945831117,0.6811234372221762,0.14234246945831117
00824-Dd4bFSTQ8gi,0_5_430,545,wood,0_5,-0.9772873478503117,0.01016584650963489,-0.2597855516447469,0.6932269790037373,0.9715227446622318,0.925400670139636,0.9990328979161155,0.7718144130389692,0.7718144130389692,0.8503185449964235
00824-Dd4bFSTQ8gi,0_5_431,82,cardboard,0_5,2.3153398101801757,1.1570358812340669,-3.0170730918774726,0.02636627031112184,0.8646527531510548,0.9694804923565608,0.9994530909876715,0.03147063321516763,0.5302220969798785,0.03147063321516763
00824-Dd4bFSTQ8gi,0_5_432,92,ceiling arch,0_5,-0.01799700293626428,2.4410474693952113,0.25831696915635605,0.5054476972595738,0.952323838891018,0.9299933682511217,0.9900953974937838,0.5764142026353273,0.5764142026353273,0.9699266870224076
00824-Dd4bFSTQ8gi,0_5_433,82,cardboard,0_5,1.0291771678891661,2.4405822921014377,4.096922953234429,0.20030197728952753,0.970885143164502,0.9559225159788924,0.990336185777088,0.21792750257095567,0.5114002671539057,0.21792750257095567
00824-Dd4bFSTQ8gi,0_5_434,326,partial,0_5,1.909120405760586,2.2182689461725213,4.106850734203788,0.2878001451685457,0.9851800887404528,0.9592608803484615,0.9899825138986732,0.30761756158285436,0.6161922381789963,0.30761756158285436
00824-Dd4bFSTQ8gi,0_5_435,82,cardboard,0_5,5.009837748106163,2.1960054285259654,4.182940674407235,0.2586955086762024,0.9873513663874732,0.9164198953865048,0.9932866447889198,0.2878379493509934,0.6790430008004519,0.2878379493509934
00824-Dd4bFSTQ8gi,0_5_436,82,cardboard,0_5,1.4638531913779795,0.08764920597775624,3.636864821481025,0.5891322965699608,0.9958815276622772,0.9195332034556705,0.9945004790792009,0.6468934329421153,0.6554373339579006,0.6468934329421153
00824-Dd4bFSTQ8gi,0_5_44,326,partial,0_5,5.171536281268069,1.0808750724361555,3.0612873374888436,0.34434467198822494,0.9535198898555686,0.9507953141245461,0.9982235205911716,0.38049484703938735,0.6042576437570302,0.38049484703938735
00824-Dd4bFSTQ8gi,0_5_45,316,overhang,0_5,5.364178704826534,2.252425594585921,-1.619914826325137,0.6199836192458958,0.9681969086931208,0.9022628922427988,0.9944201186877712,0.7136964308207332,0.8537214038498098,0.7136964308207332
00824-Dd4bFSTQ8gi,0_5_46,391,screen,0_5,5.197454088399676,1.0332990418370165,-2.8495056790968034,0.4427303943627107,0.9237367656397816,0.9000449980104781,0.9985727066020494,0.5332700519063237,0.5332700519063237,0.9960747383885293
00824-Dd4bFSTQ8gi,0_5_47,13,artwork,0_5,8.262474037214727,1.3352802008894449,3.335580835335797,0.847557186218842,0.9840903437622626,0.8966127900994467,0.996461207248809,0.9639815332628657,0.9639815332628657,0.9995678312908578
00824-Dd4bFSTQ8gi,0_5_48,82,cardboard,0_5,5.204538133781179,1.1457800533813867,-2.543588453192949,0.33310538087916064,0.9510652546904916,0.9684956991944718,0.9955929567592906,0.3632384554260844,0.618124235673373,0.3632384554260844
00824-Dd4bFSTQ8gi,0_5_49,316,overhang,0_5,5.193659157285994,2.1648468980631885,-1.8213009075609352,0.33266421363738213,0.9614786859120393,0.9353962945414407,0.991693360943556,0.37298672231998975,0.7074532767437298,0.37298672231998975
00824-Dd4bFSTQ8gi,0_5_5,303,model,0_5,-0.4226721988567799,1.05607625796509,-2.1017340344637447,0.7331389432182408,0.9625626938017611,0.9204997316665764,0.9986120347041921,0.828584493906478,0.828584493906478,0.9951270782620927
00824-Dd4bFSTQ8gi,0_5_50,87,cat,0_5,5.289868033479126,2.0482580191553827,-2.4451576274629745,0.7116511219879121,0.991507066147668,0.9557679703993387,0.9763973190109877,0.7691167579558014,0.7691167579558014,0.8504015637390625
00824-Dd4bFSTQ8gi,0_5_51,106,closet door,0_5,3.4191604361001975,2.141455308958288,-0.5852712297632546,0.02053108182098587,0.9671998558427501,0.9169942693573179,0.9968158190742867,0.023222772495151374,0.6482247485306648,0.023222772495151374
00824-Dd4bFSTQ8gi,0_5_52,326,partial,0_5,3.3881934860016063,1.4830677172968347,3.518844683700158,0.0030973358905343096,0.9794476795140256,0.9539231511390984,0.9986155798321091,0.0033196732349756145,0.527689230633572,0.0033196732349756145
00824-Dd4bFSTQ8gi,0_5_53,221,glass,0_5,2.434103351604497,1.8830913023072606,-0.5917509071277695,0.6672256133899199,0.9244348646763114,0.870839779612919,0.9987731605717468,0.8298340877714857,0.8298340877714857,0.851208924784935
00824-Dd4bFSTQ8gi,0_5_54,244,handle,0_5,5.14342851920745,2.072952255236609,-1.874117286698547,0.49359034816915776,0.9809810389135075,0.9575348741516045,0.9871937495819233,0.5322909083985551,0.5322909083985551,0.7193701368922522
00824-Dd4bFSTQ8gi,0_5_55,545,wood,0_5,5.202172572395746,-0.01770558887551205,-1.876706165426797,0.6480003162510116,0.9014882021480137,0.9498050265938336,0.9984853341409318,0.7579473108479788,0.7579473108479788,0.9611649913575852
00824-Dd4bFSTQ8gi,0_5_56,127,countertop item,0_5,2.989946036668988,0.5382609125003271,-0.8359823681301737,0.05727863541289353,0.9710243336889746,0.9203949069506963,0.9987838189835215,0.06416775496125293,0.5579806650124153,0.06416775496125293
00824-Dd4bFSTQ8gi,0_5_57,326,partial,0_5,-0.08606095348036273,1.4698042395277613,1.4080224468263067,0.23265235544412405,0.9667402229998879,0.9273337626176225,0.9988262165622346,0.25981945074088175,0.7006751170361695,0.25981945074088175
00824-Dd4bFSTQ8gi,0_5_58,134,cushion,0_5,-1.7839922250562479,0.7449329026630666,-1.010648551482866,0.8152881444087892,0.9221166159706652,0.9190809740510997,0.9941354889956266,0.9676669888564502,0.9676669888564502,0.9999061205018769
00824-Dd4bFSTQ8gi,0_5_59,326,partial,0_5,-1.8189035316585105,1.532074573742497,-0.8059138388114405,0.39181554073866154,0.9655312376513199,0.9480898222741025,0.9986756940262622,0.4285893391634565,0.7719012433952523,0.4285893391634565
00824-Dd4bFSTQ8gi,0_5_6,244,handle,0_5,0.8512487703014335,1.3776043826236695,-2.6795315337036016,0.26564621719033943,0.9360319900505656,0.9219791041321301,0.9973554604155622,0.3086326703088274,0.5094092655825112,0.3086326703088274
00824-Dd4bFSTQ8gi,0_5_60,478,tile,0_5,-1.1801175310089371,2.2665227518936937,-0.07856150460090452,7.499931636278156e-05,0.9521490124834533,0.9607124781646277,0.9901034115137874,8.280916298357339e-05,0.5107956008226935,8.280916298357339e-05
00824-Dd4bFSTQ8gi,0_5_61,127,countertop item,0_5,2.0138600317138105,0.6118439288977898,-0.785884510208623,0.06572891938535758,0.9574991573743392,0.9466749464426893,0.9991307566890333,0.07257630938039701,0.5519517929181371,0.07257630938039701
00824-Dd4bFSTQ8gi,0_5_62,303,model,0_5,-1.6137704603137366,0.331781848569196,-1.1041761906432317,0.6349187163820957,0.9877969162194423,0.9504105454821048,0.9982966034624458,0.6774537070327837,0.6774537070327837,0.9513495238870039
00824-Dd4bFSTQ8gi,0_5_63,316,overhang,0_5,6.228688224341025,2.197605311339499,2.3421396479069974,0.49752154550508915,0.9533261256558552,0.9734367978658633,0.9891154729633185,0.542020413121434,0.6206438906877779,0.542020413121434
00824-Dd4bFSTQ8gi,0_5_64,92,ceiling arch,0_5,0.5501605393729287,2.4412239505130464,-0.5222911409031393,0.638363076804707,0.9711792529235399,0.9345363293381999,0.9918165276361179,0.7091544511936806,0.7091544511936806,0.9765121248894085
00824-Dd4bFSTQ8gi,0_5_65,326,partial,0_5,-2.211237255893398,1.4666027307469267,-1.3947421054195814,0.2167689469990142,0.9786055164108167,0.9310643677958266,0.996046649990946,0.23885262738317845,0.7387136715428205,0.23885262738317845
00824-Dd4bFSTQ8gi,0_5_66,420,sink,0_5,3.4297467031849407,0.8316362385917491,-2.801409675023059,0.04497972896813315,0.9580955974610982,0.9091985048417863,0.9996390347218895,0.051654251211192,0.7845285142114021,0.051654251211192
00824-Dd4bFSTQ8gi,0_5_67,326,partial,0_5,5.544169852026822,1.0666260368207607,-1.2535813482979077,0.5380981287768596,0.981415754117179,0.9366916001931784,0.9975065562697287,0.5868080622803984,0.7409538209224991,0.5868080622803984
00824-Dd4bFSTQ8gi,0_5_68,364,prop,0_5,5.18649967676306,1.3832625427592946,-1.42572163445887,0.06870549908665316,0.926739274960704,0.9265356432310157,0.9956847793011084,0.08036185087791041,0.5325960317217602,0.08036185087791041
00824-Dd4bFSTQ8gi,0_5_69,342,plant,0_5,-1.9924118649927884,2.136380887174464,-1.3794148730782385,0.6258013920117721,0.9307369222976472,0.9531292390179789,0.9173836117477067,0.7689654231719307,0.8070044827960471,0.7689654231719307
00824-Dd4bFSTQ8gi,0_5_7,326,partial,0_5,0.7920612770245236,1.9071329766071081,-2.9903951700454936,0.18620249216468512,0.9388681531307244,0.9170057865611099,0.9973410941171221,0.21685282859440227,0.7107259118145637,0.21685282859440227
00824-Dd4bFSTQ8gi,0_5_70,53,box,0_5,-0.7316083736078398,0.3990730578000266,-0.8514412374253177,0.4514240905665619,0.8857353876802494,0.9365876202115592,0.9990448701253544,0.5446873990739537,0.5446873990739537,
00824-Dd4bFSTQ8gi,0_5_71,303,model,0_5,-1.7377187819842375,0.3153100536191672,-1.4310086071278756,0.48573403153914313,0.9697594858674828,0.9187593463357399,0.9969286487155646,0.5468505447953489,0.5468505447953489,0.7488086209087707
00824-Dd4bFSTQ8gi,0_5_72,326,partial,0_5,5.016617037011006,1.2224075969280854,-2.357305309771917,0.3204707708942694,0.9692575486402171,0.9525114549726204,0.9961665956281267,0.34845528140237464,0.698897699996851,0.34845528140237464
00824-Dd4bFSTQ8gi,0_5_73,301,microwave,0_5,3.4551009768848457,1.786359048981997,-0.5632731529686391,0.90206039189476,0.967008410841353,0.9374813620047873,0.9999299094492763,0.9951147445920476,0.9951147445920476,0.9999932230481693
00824-Dd4bFSTQ8gi,0_5_74,342,plant,0_5,-0.8258306756305831,1.0499348762080505,-1.520579962601907,0.49033433439591123,0.9563099237625852,0.8908950815526796,0.8907808352333911,0.6460947558640753,0.6460947558640753,0.709750368147242
00824-Dd4bFSTQ8gi,0_5_75,127,countertop item,0_5,2.347372569507596,0.5737857762178478,-2.4140883227782215,0.767493984323728,0.8986984889575528,0.9069607872102308,0.9999692249470393,0.9416420057013686,0.9853567838005401,0.9416420057013686
00824-Dd4bFSTQ8gi,0_5_76,82,cardboard,0_5,1.1241195277686657,0.6701497663738839,-0.5572069527265222,0.0016825922406765834,0.9378013384930881,0.928929546572546,0.9993122163476438,0.001932787286400242,0.6194517537206322,0.001932787286400242
00824-Dd4bFSTQ8gi,0_5_77,127,countertop item,0_5,3.720097234771092,0.4682851121256383,-2.396366674743221,0.8553109848465716,0.9562124919431461,0.9333697491758915,0.9999250336831869,0.9584036836497842,0.9914740374195957,0.9584036836497842
00824-Dd4bFSTQ8gi,0_5_78,127,countertop item,0_5,3.298409672459409,0.4594383158562876,-2.40252751020101,0.7584377028762181,0.9462586159053152,0.8793465230579102,0.9999505686769459,0.9115310877789725,0.9810024022059688,0.9115310877789725
00824-Dd4bFSTQ8gi,0_5_79,127,countertop item,0_5,3.517585730768198,0.787175413187282,-2.4006455229163413,0.8650270530566659,0.9608960247414433,0.9319215043058455,0.9999752861763701,0.9660168307491511,0.9956402325656505,0.9660168307491511
00824-Dd4bFSTQ8gi,0_5_8,374,refrigerator,0_5,0.15790588115074555,1.324877078922214,-2.2749184189422524,0.8243077836762672,0.9340534663540899,0.8928366128098626,0.9999211393408018,0.9885073963103851,0.992962877663433,0.9885073963103851
00824-Dd4bFSTQ8gi,0_5_80,316,overhang,0_5,4.986122665008046,0.9714260499289286,-0.986638650089783,0.7353666325453787,0.9760360947890354,0.9127086254146664,0.9905151652761734,0.8333832303527897,0.9165812268363762,0.8333832303527897
00824-Dd4bFSTQ8gi,0_5_81,127,countertop item,0_5,2.313789423722402,1.1368196251882399,-0.13005446572002288,0.18420420149204506,0.9567566162975826,0.901387466379349,0.9972108046857454,0.21419018559547032,0.7048867698064412,0.21419018559547032
00824-Dd4bFSTQ8gi,0_5_82,452,stone,0_5,2.7141896483542305,1.1707905738402529,-0.0072214114754044,0.5514097575803567,0.9506651403175461,0.9226796057768354,0.897642959373028,0.7003132245622214,0.7003132245622214,0.8819072454524823
00824-Dd4bFSTQ8gi,0_5_83,326,partial,0_5,3.383737745320388,2.454233940308469,-1.0938577540584427,0.029097125309872483,0.9367512225483854,0.9252279677708453,0.3682110016732698,0.09117595127213414,0.8953090466150843,0.09117595127213414
00824-Dd4bFSTQ8gi,0_5_84,326,partial,0_5,0.19812843807094277,0.9548376962799354,2.040221587507246,7.120652052371182e-05,0.9072869047003216,0.9402085819455541,0.990263601343516,8.429466614851706e-05,0.6673939258779233,8.429466614851706e-05
00824-Dd4bFSTQ8gi,0_5_85,316,overhang,0_5,4.991088808688004,1.9613616093865456,-1.0156321350198037,0.6162400309958108,0.9473943662987527,0.9125968791419141,0.9951128187757226,0.7162552344428705,0.8903030872920144,0.7162552344428705
00824-Dd4bFSTQ8gi,0_5_86,244,handle,0_5,3.011011112518289,2.387005120654546,-0.5953445676606428,0.037052402669414085,0.8670393013306887,0.8610379094135365,0.9955000994139905,0.04985560730400249,0.7286710944357001,0.04985560730400249
00824-Dd4bFSTQ8gi,0_5_87,127,countertop item,0_5,2.8836090079189973,0.9450392754047537,-0.7167793917932151,0.8473451612541886,0.9495276041147459,0.9264234874621926,0.9992542694970304,0.9639781482575328,0.9639781482575328,0.9979855278603073
00824-Dd4bFSTQ8gi,0_5_88,301,microwave,0_5,3.5203320875878252,1.7980214381147974,-0.560596579733665,0.9117824074676276,0.9907191464108377,0.9262690533644594,0.9999054340264518,0.993675470527917,0.993675470527917,0.9999964645716755
00824-Dd4bFSTQ8gi,0_5_89,9,appliance,0_5,4.1545837740556815,1.6447404764645897,-0.8861142950203598,0.8634084594303709,0.9546120117681776,0.9285511369546245,0.9998632490793011,0.9741884422947832,0.9893014344083948,0.9741884422947832
00824-Dd4bFSTQ8gi,0_5_9,326,partial,0_5,0.8428633842440945,1.692508777062224,-2.6755125732540046,0.35310893936468174,0.9454917887846629,0.8987841924460483,0.9913882228559672,0.41913291695815175,0.7089856905461166,0.41913291695815175
00824-Dd4bFSTQ8gi,0_5_90,134,cushion,0_5,-1.7054656293133041,0.7238908065921075,-2.041510061566008,0.6391977565456455,0.9704004591786283,0.940093286761452,0.9502230583828372,0.7373738508482158,0.7373738508482158,0.9996050066903964
00824-Dd4bFSTQ8gi,0_5_91,127,countertop item,0_5,2.3831019942008496,0.9344440384860967,-2.7304369679830587,0.8811503644502802,0.9521338429220414,0.9259233838416561,0.9999979764326558,0.9994886108681479,0.9994886108681479,0.9997402855994264
00824-Dd4bFSTQ8gi,0_5_92,326,partial,0_5,-1.023201795435028,0.22855523353148766,-0.29458309920421877,0.06410086254425511,0.9614311975527251,0.9281158763239084,0.9974367463247762,0.07202082589137687,0.6793882494062922,0.07202082589137687
00824-Dd4bFSTQ8gi,0_5_93,87,cat,0_5,3.1945915543193606,1.7110948129467387,-2.663544233825361,0.4686586865583394,0.9428461868524994,0.9148092258789347,0.9916036696780194,0.5479578600161144,0.5735460321075415,0.5479578600161144
00824-Dd4bFSTQ8gi,0_5_94,478,tile,0_5,3.0891944597503977,1.4277567943923144,-2.879182629979064,3.7125286687836802e-06,0.9754105049749243,0.9360900290504934,0.9916418897687158,4.100245908179699e-06,0.5106415159177875,4.100245908179699e-06
00824-Dd4bFSTQ8gi,0_5_95,126,countertop,0_5,4.753291873091875,0.6042683809774312,-2.4000064921647146,0.7566585595822323,0.9594245002267254,0.9072861742752,0.9995985856217124,0.8695993748887468,0.8695993748887468,
00824-Dd4bFSTQ8gi,0_5_96,244,handle,0_5,3.5642389233620366,1.6240789622100515,-2.601903446120937,0.009110704044804466,0.9691028234138285,0.9302402849632658,0.9982571089046693,0.0101238225786601,0.5008065340768819,0.0101238225786601
00824-Dd4bFSTQ8gi,0_5_97,87,cat,0_5,2.892913355852898,1.2477892643892659,-3.019483206258775,0.4095195772632242,0.9430149920106756,0.8675893104575202,0.9938756734499978,0.5036279425457334,0.5036279425457334,0.6872011762115141
00824-Dd4bFSTQ8gi,0_5_98,127,countertop item,0_5,4.782004819582636,0.6124554332420713,-2.399354535774259,0.7905295381193801,0.9616031431256844,0.9070228060448289,0.9995554903477479,0.9067699341257038,0.9067699341257038,0.9887458429614845
00824-Dd4bFSTQ8gi,0_5_99,127,countertop item,0_5,4.943432352085086,0.7555239905351486,-2.3777476888352527,0.6005788895554153,0.8924564779008927,0.9061655867053819,0.9984521784098939,0.7437863133495404,0.7577489597149059,0.7437863133495404
00824-Dd4bFSTQ8gi,0_6_0,250,heater,0_6,9.186331693890864,0.5669831693308133,-2.1515688899937917,0.21061198897432154,0.9865188696162592,0.9137113950747956,0.9987289076414559,0.23394891281708222,0.8706463885944651,0.23394891281708222
00824-Dd4bFSTQ8gi,0_6_1,326,partial,0_6,8.539867217106336,1.4028729704868792,-1.5598778869486936,0.005887276519717683,0.9847008419310647,0.9140771914844115,0.9792199486746695,0.006679546856739933,0.5117475917213308,0.006679546856739933
00824-Dd4bFSTQ8gi,0_6_10,93,ceiling chassis,0_6,6.9050650495359385,2.3900851265989393,-1.8140673134859504,0.7011181910006439,0.7962681650108273,0.9571632768811593,0.9956619866580204,0.9239190633757572,0.9239190633757572,0.9618758157961816
00824-Dd4bFSTQ8gi,0_6_100,326,partial,0_6,10.01219770467448,1.8319235138308794,-3.770813800353582,0.48786761273669876,0.9655822545914161,0.9175911232402114,0.9967201008650899,0.5524465836464558,0.6729321348296761,0.5524465836464558
00824-Dd4bFSTQ8gi,0_6_101,478,tile,0_6,8.534902400958906,-0.08293852760895573,-2.0132756989430276,0.00591511005386464,0.9658483296386464,0.9522312745532846,0.9993994002857123,0.0064353529452466016,0.9844624810709159,0.0064353529452466016
00824-Dd4bFSTQ8gi,0_6_102,326,partial,0_6,9.762571548110245,1.6303992537341978,-1.4736387823911026,0.3352276938413655,0.9725344562484016,0.9510726343845708,0.9931152580960521,0.3649400710386342,0.5430955449039173,0.3649400710386342
00824-Dd4bFSTQ8gi,0_6_103,93,ceiling chassis,0_6,8.994130351295453,2.204923039017038,-4.094107438819019,0.6764760424791234,0.9623939121117757,0.9384572718106754,0.990609397089202,0.7561058638413972,0.7561058638413972,0.9469046694080195
00824-Dd4bFSTQ8gi,0_6_104,545,wood,0_6,6.745351827476539,-0.11956919095035538,-4.0161618984081,0.6376468275380928,0.9707035638667918,0.9271111358818044,0.9972399112733911,0.7104968064719595,0.7104968064719595,0.9850605994264301
00824-Dd4bFSTQ8gi,0_6_105,93,ceiling chassis,0_6,5.500722357140837,2.334390287439859,-5.078881961772865,0.7789128247400358,0.9748663114183125,0.9578899777207366,0.9977997903701104,0.8359585695661357,0.8359585695661357,0.9748452862068147
00824-Dd4bFSTQ8gi,0_6_106,478,tile,0_6,8.55712112646284,1.0831119438619572,-1.6016155534361145,0.2870892988228644,0.9647176402265376,0.9514341147540406,0.9985464777600634,0.3132346380963083,0.8660376596908818,0.3132346380963083
00824-Dd4bFSTQ8gi,0_6_107,302,mirror,0_6,5.239973743523185,1.3091835765232684,-5.137398073642542,0.8243969271501645,0.948920777962368,0.9444673188330659,0.9995693219164117,0.9202515439653176,0.9202515439653176,0.9999890766150348
00824-Dd4bFSTQ8gi,0_6_108,93,ceiling chassis,0_6,7.578853427532436,2.168060277322622,-4.538402447742536,0.4645367383356439,0.9433130037117765,0.911614961897597,0.9396335774828094,0.5749026000811361,0.5749026000811361,0.9887060465058609
00824-Dd4bFSTQ8gi,0_6_109,93,ceiling chassis,0_6,6.127239301671369,2.116983123806217,-4.8435647914640585,0.4871904032358769,0.9532632078618543,0.9187520203160466,0.9374098388170863,0.5934143975106395,0.7727224780750995,0.5934143975106395
00824-Dd4bFSTQ8gi,0_6_11,207,fur,0_6,9.404950812655457,0.5013670538170455,-4.84220919438334,0.7803232229446858,0.9600400177809023,0.9443481426889568,0.9959824560542188,0.8641743599997472,0.8641743599997472,0.9334687557920596
00824-Dd4bFSTQ8gi,0_6_110,82,cardboard,0_6,5.743901648239311,-0.11740319361953427,-5.179482791618959,0.05456451899361097,0.9352506492359965,0.9482124341370959,0.9966289141312267,0.06173666765488141,0.7310887373268431,0.06173666765488141
00824-Dd4bFSTQ8gi,0_6_111,93,ceiling chassis,0_6,5.823234699298964,2.2898641157894595,-3.089894464030996,0.7901541549558786,0.9721784299775513,0.9318877579859979,0.9951563966822383,0.876417219209149,0.876417219209149,0.9953087360098373
00824-Dd4bFSTQ8gi,0_6_112,97,chair,0_6,5.255379586726452,0.660345713082276,-4.167886211429922,0.8322183044084318,0.903144286821286,0.9496516055311663,0.9993235592044023,0.9709786749702698,0.9709786749702698,0.9999992110094401
00824-Dd4bFSTQ8gi,0_6_113,93,ceiling chassis,0_6,6.8080104767790575,2.2244631931829812,-5.517179711167179,0.7955704296688263,0.8799168936358457,0.9607753299399107,0.9993348344748366,0.941681649678178,0.941681649678178,0.9977212214269406
00824-Dd4bFSTQ8gi,0_6_114,93,ceiling chassis,0_6,8.250401136205051,2.179283385456085,-6.211225642825684,0.6964647747103652,0.9158461922702711,0.9477831460116128,0.9649977451805927,0.8314599438189849,0.8314599438189849,0.9953538948497382
00824-Dd4bFSTQ8gi,0_6_115,13,artwork,0_6,7.7508527575932735,1.4774351763942257,-7.15881127851021,0.7346218684151009,0.9773879588622121,0.9252643314667635,0.9295092767719363,0.8739313502068435,0.8739313502068435,0.9999990497428429
00824-Dd4bFSTQ8gi,0_6_116,97,chair,0_6,5.620588819615958,0.5444200951756829,-5.928399942286108,0.7973013418924505,0.9688224018659471,0.9434813475527216,0.9969548725901851,0.8749223357563575,0.8749223357563575,0.9999964754592588
00824-Dd4bFSTQ8gi,0_6_117,391,screen,0_6,5.221631506370108,0.838861818784584,-5.922354887074852,0.49992054865532787,0.9603616737378309,0.9285715456203731,0.9984498753222277,0.5614673802605155,0.5614673802605155,0.9988571907338694
00824-Dd4bFSTQ8gi,0_6_118,13,artwork,0_6,7.747080619887799,1.2205864971893787,-7.156906261926099,0.7067188360489913,0.9472811540940079,0.9659538816468154,0.9039131347021006,0.8544461165573376,0.8544461165573376,0.9999990631887409
00824-Dd4bFSTQ8gi,0_6_119,383,rug,0_6,6.675942349964925,-0.11938404812426308,-6.022453300109352,0.7217878128779941,0.9701860225810366,0.924341146891019,0.9875981001086889,0.8149707083176394,0.8149707083176394,0.9941481136511405
00824-Dd4bFSTQ8gi,0_6_12,93,ceiling chassis,0_6,6.508305281573699,2.3905619513798313,-1.5385194802038697,0.6521603059937167,0.9796554844094412,0.9251652850111661,0.9916236732702597,0.7256292370944759,0.7256292370944759,0.9195480936015388
00824-Dd4bFSTQ8gi,0_6_120,13,artwork,0_6,7.126116602719979,1.0076776204877533,-7.209776632941119,0.25251821731079716,0.8458890059891822,0.9392276064141183,0.9986529124277705,0.31826868676527137,0.8481522844477881,0.31826868676527137
00824-Dd4bFSTQ8gi,0_6_121,87,cat,0_6,6.144545483511407,0.5745738627035547,-6.866252263329652,0.008816928224819803,0.9704600982998425,0.9367902529419887,0.973252810512565,0.009964868958920984,0.5170457523239028,0.009964868958920984
00824-Dd4bFSTQ8gi,0_6_122,97,chair,0_6,6.0418173670135715,0.12116303439021152,-4.264360416437746,0.867588272899814,0.9491942062314633,0.9565460112463471,0.9990787895680684,0.9564295602492954,0.9564295602492954,0.9999974102404676
00824-Dd4bFSTQ8gi,0_6_123,13,artwork,0_6,5.999544173522597,1.2236537420176303,-7.191346851068571,8.665304064311772e-05,0.9748236939352579,0.9547447456301515,0.9990942583208751,9.318885808563177e-05,0.5662363010990353,9.318885808563177e-05
00824-Dd4bFSTQ8gi,0_6_124,82,cardboard,0_6,5.232910761919419,-0.03722103534143396,-6.524338790293955,0.01240652213642265,0.9472593493285206,0.9541043045671422,0.9985354527569142,0.013747439279660757,0.5904574345969693,0.013747439279660757
00824-Dd4bFSTQ8gi,0_6_125,93,ceiling chassis,0_6,6.398561404833054,2.236912515623707,-2.8203631512942255,0.7604989130010423,0.941461563263184,0.9165330835011485,0.9971967865910784,0.883826435618704,0.883826435618704,0.9978311477790142
00824-Dd4bFSTQ8gi,0_6_126,106,closet door,0_6,7.497100761914568,1.6342700066747804,-1.4437662814800003,0.8559288774199344,0.9753049276247414,0.9364720434599116,0.9999462184599018,0.9371860191505906,0.9371860191505906,0.9954953555374618
00824-Dd4bFSTQ8gi,0_6_127,478,tile,0_6,8.613451049484235,0.9242268560159836,-1.5862726250981878,0.2804057824669383,0.9778865472984916,0.923753008810368,0.9988416311091586,0.3107749409015258,0.89841855697709,0.3107749409015258
00824-Dd4bFSTQ8gi,0_6_128,97,chair,0_6,5.998231125579721,0.48661361758319344,-5.790123498494773,0.8750269560867934,0.9898052863886375,0.9595544958260205,0.9994381468467982,0.9218199371811531,0.9218199371811531,0.9999984984062139
00824-Dd4bFSTQ8gi,0_6_129,452,stone,0_6,7.561065244991157,0.5875023681200752,-5.010427631385771,0.2109689799712426,0.974165237515563,0.940111893150217,0.43884880796133524,0.5249180480376308,0.5644693612976115,0.5249180480376308
00824-Dd4bFSTQ8gi,0_6_13,478,tile,0_6,9.154698486986065,0.45602550841933204,-2.0332087453206746,0.5582967449155186,0.93869310175931,0.9989302882116098,0.9981627582264285,0.5964924153748171,0.8088136073390985,0.5964924153748171
00824-Dd4bFSTQ8gi,0_6_130,97,chair,0_6,5.803576294240563,0.44009478748564357,-3.9443230743126274,0.8082448589446126,0.8607550689647364,0.9973533423661142,0.99883214748805,0.9425877748875086,0.9425877748875086,0.9999972162745085
00824-Dd4bFSTQ8gi,0_6_131,106,closet door,0_6,7.487057707894414,1.1184232551559112,-1.4479264143553874,0.8938666167109032,0.9913339515951476,0.9549212078596276,0.999974289165178,0.9442703762215079,0.9442703762215079,0.9961037448563492
00824-Dd4bFSTQ8gi,0_6_132,326,partial,0_6,7.3647840267808125,1.8222021186225381,-1.4550409924523855,0.13095761727585228,0.984475855233563,0.9587888492158091,0.9961907849378203,0.13927084184441846,0.5607433349059046,0.13927084184441846
00824-Dd4bFSTQ8gi,0_6_133,106,closet door,0_6,7.911350652184514,1.6380473608754567,-1.4414774037965,0.8701539275576509,0.9655359195702242,0.9614754585652114,0.999960409964301,0.9373604825594132,0.9373604825594132,0.995733265600134
00824-Dd4bFSTQ8gi,0_6_134,250,heater,0_6,9.4229288472668,0.3124865940232447,-2.541026490253619,0.19013293256527933,0.9547232714773898,0.9431101847390136,0.9987370228761283,0.2114298267064078,0.8772704571128244,0.2114298267064078
00824-Dd4bFSTQ8gi,0_6_135,250,heater,0_6,8.889027127849351,0.2952366133065958,-1.8851197168591105,0.090624342804631,0.9841107028349133,0.9397236827710527,0.9982430569225819,0.09816675717961959,0.8105435632484284,0.09816675717961959
00824-Dd4bFSTQ8gi,0_6_136,106,closet door,0_6,7.912820128102621,1.126581264093938,-1.4489602917017952,0.8696693785839851,0.9797657355374826,0.9385314250835546,0.9999732185293034,0.9457900566974562,0.9457900566974562,0.9970512321020978
00824-Dd4bFSTQ8gi,0_6_137,545,wood,0_6,6.838178909981298,-0.12878229640975772,-1.364356934136692,0.6727317468788141,0.9004271243652165,0.9303287193156309,0.9955707866008451,0.806649337512586,0.806649337512586,0.9907650370094182
00824-Dd4bFSTQ8gi,0_6_138,545,wood,0_6,6.700364477803049,-0.13138579587906002,-2.1696664213046923,0.6712444031735814,0.9600103525386288,0.9156675391720513,0.9947687451933173,0.7676174008002467,0.7676174008002467,0.9892142017970262
00824-Dd4bFSTQ8gi,0_6_139,478,tile,0_6,8.473522842717703,0.3860054748582273,-1.567549925009671,0.16184392203390818,0.940496376937344,0.8959734223108025,0.9988795987545621,0.19227862029845746,0.9488508602902704,0.19227862029845746
00824-Dd4bFSTQ8gi,0_6_14,326,partial,0_6,9.941498956757147,1.5978150170232284,-1.7228813717558247,0.6397983715482448,0.9763683070352068,0.9645308784307135,0.9938133471006799,0.6836101397286374,0.6836101397286374,0.9048577837842504
00824-Dd4bFSTQ8gi,0_6_140,13,artwork,0_6,5.787900497417764,0.682872299931597,-1.389600481345532,0.002730639745105901,0.9517893725302357,0.9430200408366269,0.9963834061387321,0.0030533468917322754,0.5137817785708351,0.0030533468917322754
00824-Dd4bFSTQ8gi,0_6_141,326,partial,0_6,9.931002031090873,1.659672001591659,-2.5734588472487934,0.4387600985244359,0.879446653872517,0.9105522694361075,0.9977438964096126,0.5491533833553092,0.5491533833553092,0.6407007123974802
00824-Dd4bFSTQ8gi,0_6_142,545,wood,0_6,5.776586386359595,-0.07930708354646657,-1.5830409570869546,0.8103894584670561,0.9746051739300068,0.9310473761312555,0.9983447006133652,0.8945667934218572,0.8945667934218572,0.9852626632554798
00824-Dd4bFSTQ8gi,0_6_143,364,prop,0_6,8.726735492446874,1.0603594704604082,-1.2030394468505392,0.08655375737227394,0.8521712787381153,0.9954768358042596,0.9982405650093445,0.10220982862642633,0.6050592792736958,0.10220982862642633
00824-Dd4bFSTQ8gi,0_6_144,106,closet door,0_6,7.646935987188717,0.887820806081529,-1.3482195343524745,0.8591618836724151,0.9306161764942088,0.9581958083261813,0.9999780620992856,0.9635176287506397,0.9635176287506397,0.9915283103985126
00824-Dd4bFSTQ8gi,0_6_145,106,closet door,0_6,7.880288100186127,1.6076399574757256,-1.3445383901380878,0.7950128436583995,0.9209972743441661,0.9275977237716624,0.9998306124001057,0.9307428229597838,0.9307428229597838,0.9883668903723163
00824-Dd4bFSTQ8gi,0_6_146,106,closet door,0_6,7.883931717940843,1.0915748638720026,-1.349209502449729,0.8687018911988476,0.9756119311820673,0.9362125149092533,0.9999578692164574,0.9511248297926694,0.9511248297926694,0.9938976135024087
00824-Dd4bFSTQ8gi,0_6_147,106,closet door,0_6,7.488066910036146,1.6122187699569341,-1.3431587335307487,0.8117891430974696,0.9519382686663246,0.9565164711220746,0.9997195356725176,0.8917925107875068,0.8917925107875068,0.9911416906536695
00824-Dd4bFSTQ8gi,0_6_148,326,partial,0_6,7.183587081851157,1.8007702390083993,-1.2628588999942791,0.5023141336654674,0.9566392724277787,0.8873626097530887,0.9960305518946648,0.5940915936025454,0.5940915936025454,0.8677679372045998
00824-Dd4bFSTQ8gi,0_6_149,82,cardboard,0_6,6.271810030787287,1.0460576565213302,-1.1622197334929854,0.3770347617192483,0.9181212293145322,0.9277969756954261,0.9897149494109828,0.44721697604956057,0.5671145890948344,0.44721697604956057
00824-Dd4bFSTQ8gi,0_6_15,13,artwork,0_6,7.546146207323747,1.4191402385198648,-7.165161015803544,0.6715317441629182,0.9192029545520979,0.9296766173647814,0.9401551945038067,0.8358410136366966,0.8358410136366966,0.9999981589119392
00824-Dd4bFSTQ8gi,0_6_150,207,fur,0_6,9.388906093494219,0.5489456742545111,-5.154156072709933,0.5491755866400188,0.9591749462071516,0.9245030698702146,0.9957346415203947,0.6219585210217408,0.6219585210217408,0.7573360953366125
00824-Dd4bFSTQ8gi,0_6_151,545,wood,0_6,7.065948593276603,-0.11571849759797888,-1.242271161919285,0.8126057012954268,0.9832653262665586,0.935213051177923,0.9968882572999478,0.8864456257374935,0.8864456257374935,0.9932474186076631
00824-Dd4bFSTQ8gi,0_6_152,134,cushion,0_6,6.91762044153267,0.506108629947632,-6.670239602027506,0.3489656291147415,0.8650771441601571,0.889130394768846,0.9741326010339341,0.46574079609931684,0.7342634527484302,0.46574079609931684
00824-Dd4bFSTQ8gi,0_6_153,545,wood,0_6,7.962972852424164,-0.13231970818034255,-2.7226325012686368,0.6836207181113331,0.9261843317321369,0.9909998685929291,0.9975603954760024,0.746629234384303,0.746629234384303,0.9759529879695233
00824-Dd4bFSTQ8gi,0_6_154,364,prop,0_6,9.183157057444411,1.0510988444208573,-1.1867458289072972,0.058373161241037114,0.7284496228966875,0.911743489511952,0.997915162875683,0.08807393457514529,0.5306293061446564,0.08807393457514529
00824-Dd4bFSTQ8gi,0_6_155,106,closet door,0_6,7.267871391377567,1.2992007289108578,-1.3286896421454002,0.8836501979630651,0.9930699473706118,0.9267799182953573,0.9999024680632083,0.9602101327275596,0.9602101327275596,0.9907866852591444
00824-Dd4bFSTQ8gi,0_6_156,545,wood,0_6,5.491325255167439,-0.07779956195009517,-2.1659435458371608,0.7712341030535532,0.9575258297188003,0.9137385953035644,0.9983431698560733,0.882945518782663,0.882945518782663,0.9820715889397937
00824-Dd4bFSTQ8gi,0_6_157,342,plant,0_6,5.991853443679062,0.3034483890972081,-1.1664432048557594,0.8400606109174489,0.9441235687337638,0.9097248156228215,0.9968681718988075,0.9811468431451956,0.9811468431451956,0.9992475009251175
00824-Dd4bFSTQ8gi,0_6_158,244,handle,0_6,6.444825352607492,2.1583883987445613,-1.1274821558738828,0.4142398590231208,0.95469726641687,0.935107809836967,0.7431914433639781,0.6243438257543333,0.6243438257543333,0.6291664199880826
00824-Dd4bFSTQ8gi,0_6_16,106,closet door,0_6,8.423966409870168,1.3422010210115656,-1.4714826301762562,0.9026635203975717,0.968485519876986,0.9776342678086083,0.9999761665832753,0.953381443463583,0.953381443463583,0.9962350444915036
00824-Dd4bFSTQ8gi,0_6_17,134,cushion,0_6,7.249336193234916,0.5570032007139553,-6.659029597353186,0.7213218455025899,0.9560903788937462,0.8944173190603577,0.9993058667141869,0.8440953349683429,0.954908447902843,0.8440953349683429
00824-Dd4bFSTQ8gi,0_6_18,221,glass,0_6,9.475971419127491,1.4931642574110404,-7.294894087782669,0.6060345665841422,0.9320277541186913,0.9443243607869769,0.9974457487397934,0.6903321088052269,0.6903321088052269,0.8302484408456766
00824-Dd4bFSTQ8gi,0_6_19,431,sofa,0_6,7.54959014811362,0.5192590365902355,-6.759853926214688,0.7834038461965525,0.9739212986808583,0.8954958433463553,0.9920060446835477,0.9054905935211683,0.9054905935211683,0.9740050057895667
00824-Dd4bFSTQ8gi,0_6_2,13,artwork,0_6,9.852554001311546,1.1870801360146885,-2.6575597455885647,0.028273851743319006,0.9230388447760689,0.92111433688238,0.96168527426753,0.03457948256069384,0.5875128367084561,0.03457948256069384
00824-Dd4bFSTQ8gi,0_6_20,93,ceiling chassis,0_6,8.200242137193987,2.2497732870249156,-1.834309238784536,0.7976250888342287,0.9258989120928729,0.9403098051487231,0.9975231426771325,0.918419904128235,0.918419904128235,0.9972313501238176
00824-Dd4bFSTQ8gi,0_6_21,93,ceiling chassis,0_6,7.867206081113251,2.1464174318897093,-2.212118543489986,0.8478608112045135,0.9770660184806879,0.9210130806028454,0.9978408199140494,0.9442208554768708,0.9442208554768708,0.9979780036547188
00824-Dd4bFSTQ8gi,0_6_22,342,plant,0_6,9.371677692990694,0.5702700476696517,-6.66638356996764,0.8507145488999966,0.9429230582140624,0.9470595904379289,0.9984045945387848,0.9541655378043085,0.9541655378043085,0.998459089371393
00824-Dd4bFSTQ8gi,0_6_23,207,fur,0_6,8.188808488397404,0.5035137874672256,-6.566052298305403,0.06237253959992955,0.9794150495379276,0.9371263813195196,0.9940330267954879,0.06836403318092624,0.892594611831626,0.06836403318092624
00824-Dd4bFSTQ8gi,0_6_24,545,wood,0_6,9.546273792114823,-0.1195705004373028,-3.75561892051706,0.7229649197091574,0.9615866677514469,0.953211963611502,0.9968509317324953,0.791241554930321,0.791241554930321,0.8375961796258481
00824-Dd4bFSTQ8gi,0_6_25,431,sofa,0_6,7.577251694908463,0.331066188348331,-6.423014564185526,0.8055804168237146,0.9289342219525835,0.9668805808406128,0.9919112269241034,0.9042287139184115,0.9042287139184115,0.9739986716046853
00824-Dd4bFSTQ8gi,0_6_26,93,ceiling chassis,0_6,9.26691008795218,2.1961970391611456,-2.768907797157007,0.839218822378012,0.9587546304901976,0.9476963648523935,0.9980607460035229,0.9254256903516729,0.9254256903516729,0.9993868754150013
00824-Dd4bFSTQ8gi,0_6_27,516,unknown,0_6,7.576613592007262,0.5774418464216257,-4.9337113247209405,0.0018929872031940775,0.9610387004724463,0.9467731481198789,0.745830077604488,0.0027894653790604715,0.5032509811218187,0.0027894653790604715
00824-Dd4bFSTQ8gi,0_6_28,44,blanket,0_6,8.163427047229103,0.7154282095272883,-7.0004313847405495,0.0008095660539046202,0.9111346037816324,0.9466287236750003,0.9849901960980508,0.0009529237747486826,0.7171651635887714,0.0009529237747486826
00824-Dd4bFSTQ8gi,0_6_29,93,ceiling chassis,0_6,8.894064574054022,2.17540127389385,-3.7452871347640664,0.8726221878958597,0.9686042168328615,0.9531164282696438,0.9993241074361798,0.9458615608943229,0.9458615608943229,0.9996051444336227
00824-Dd4bFSTQ8gi,0_6_3,303,model,0_6,9.944019674379009,1.4409587712576737,-2.652797936656894,0.01635513579850732,0.9549418616715024,0.9231919866757399,0.9991246541580965,0.018568016817784055,0.6336532142216036,0.018568016817784055
00824-Dd4bFSTQ8gi,0_6_30,93,ceiling chassis,0_6,9.911081451408991,2.1107129962038527,-4.302664255513629,0.8800859642862009,0.9305769808558465,0.9959912434467122,0.9988296050961595,0.9506614054238444,0.9506614054238444,0.9982487088128227
00824-Dd4bFSTQ8gi,0_6_31,93,ceiling chassis,0_6,8.949542159198096,2.0876913641666337,-3.042320875965223,0.870594680549155,0.9367713444985314,0.9664052496915978,0.9987910392302766,0.962827517912492,0.962827517912492,0.9995067624690498
00824-Dd4bFSTQ8gi,0_6_32,326,partial,0_6,7.932269584903321,0.33295258266659483,-6.383727110837835,0.008957929092865718,0.971112269069786,0.9646817367019045,0.9575953135758317,0.009985552763779763,0.50031554583593,0.009985552763779763
00824-Dd4bFSTQ8gi,0_6_33,93,ceiling chassis,0_6,8.174297931241673,2.1623188737213046,-4.521541754103766,0.8348471884000539,0.9391616096822931,0.9244259986402594,0.9989743104933339,0.9625874300728942,0.9625874300728942,0.9997674434906051
00824-Dd4bFSTQ8gi,0_6_34,207,fur,0_6,9.399786991660866,0.5531318798928931,-5.4943014426851144,0.4958015703960695,0.8845395926784645,0.9144856110547622,0.988249252340587,0.6202221184525851,0.6202221184525851,0.9058851873446319
00824-Dd4bFSTQ8gi,0_6_35,364,prop,0_6,9.253656071956225,-0.02724448743507099,-7.1809487524194235,0.14647992476912583,0.9663575020055952,0.9533178210109672,0.9982317943399993,0.15928364146552698,0.5254984450266629,0.15928364146552698
00824-Dd4bFSTQ8gi,0_6_36,364,prop,0_6,9.923603605298764,-0.05234908866280121,-3.322869662386811,0.4964576100994277,0.974866509253596,0.9538463474433401,0.9982822148501181,0.5348170776311635,0.6518952782780002,0.5348170776311635
00824-Dd4bFSTQ8gi,0_6_37,221,glass,0_6,10.151742674733345,1.2546306734273247,-4.757003610829139,0.440512189195096,0.9455575244713433,0.9330729177537795,0.998355015113613,0.5001144314838364,0.5001144314838364,0.956387179542561
00824-Dd4bFSTQ8gi,0_6_38,391,screen,0_6,6.691326351040411,1.2564611552768004,-6.10898745690889,0.5640376194070457,0.9704819480871362,0.9524151988146186,0.998862544525687,0.6109259374098126,0.6109259374098126,0.9990714524289255
00824-Dd4bFSTQ8gi,0_6_39,97,chair,0_6,6.099372431754109,0.34561860273567524,-5.6865911963957405,0.7457214755458933,0.9205482940714423,0.9073889378360389,0.9992295880914059,0.893452167816519,0.893452167816519,0.9999954585148613
00824-Dd4bFSTQ8gi,0_6_4,342,plant,0_6,4.642142294560878,1.017407434501981,-2.8241858921460365,0.19410710861298852,0.958239028850893,0.9269886212419773,0.9444489641783121,0.23137407046856376,0.5062242174257543,0.23137407046856376
00824-Dd4bFSTQ8gi,0_6_40,93,ceiling chassis,0_6,7.454996882256884,2.2397543810889915,-5.620882481062105,0.740032865999966,0.8400510922074318,0.952112605777395,0.999377829304047,0.9258215410214161,0.9258215410214161,0.9987743238367047
00824-Dd4bFSTQ8gi,0_6_41,221,glass,0_6,5.732115697474613,1.3940846301742884,-7.321258828446311,0.4788264515320328,0.9460899157325425,0.9599196861795047,0.999283875304004,0.5276208418653232,0.7243802051992585,0.5276208418653232
00824-Dd4bFSTQ8gi,0_6_42,93,ceiling chassis,0_6,8.391324493927785,2.1144564635166465,-3.86859788738138,0.7829758052783484,0.9376561223344597,0.9031019094884258,0.997694868827917,0.9267663344839283,0.9267663344839283,0.9989486193638004
00824-Dd4bFSTQ8gi,0_6_43,431,sofa,0_6,9.064889095308825,0.09757962285075633,-5.284505177134632,0.7753303368578213,0.9654801073891511,0.9129124323349118,0.9978602399589673,0.8815452451692073,0.8815452451692073,0.9276124696675676
00824-Dd4bFSTQ8gi,0_6_44,82,cardboard,0_6,9.003452740823443,-0.10884090553910963,-6.454765886387273,0.031196424456701476,0.9595888974389645,0.9251869172462621,0.9973599617400317,0.03523207270218798,0.6760910165391034,0.03523207270218798
00824-Dd4bFSTQ8gi,0_6_45,93,ceiling chassis,0_6,9.91562372973946,2.118866979944582,-6.103039699013243,0.844914802673391,0.9618556744205797,0.944755240364785,0.9989722656836038,0.9307440461809768,0.9307440461809768,0.9993856878433088
00824-Dd4bFSTQ8gi,0_6_46,431,sofa,0_6,9.436289097698529,0.5396346325707906,-4.395266382719114,0.049679919768150504,0.9811072911975518,0.937953329670753,0.9974378245244835,0.054124926516690014,0.5321689533705567,0.054124926516690014
00824-Dd4bFSTQ8gi,0_6_47,431,sofa,0_6,6.852276683572973,0.5053997093844151,-6.599050030139955,0.8511328943901273,0.9651747352009472,0.9338067093580553,0.9943343261120599,0.9497340485005408,0.9708341358890846,0.9497340485005408
00824-Dd4bFSTQ8gi,0_6_48,93,ceiling chassis,0_6,6.136136995845874,2.251001791417183,-3.8579510043581045,0.8064336673287253,0.9542231347568392,0.947237686755448,0.9954218854857779,0.8962982643446773,0.8962982643446773,0.9966274488283894
00824-Dd4bFSTQ8gi,0_6_49,316,overhang,0_6,5.852005395510997,2.364680655058695,-3.6784822834110678,0.07051246854585698,0.9545277435848601,0.9618489884383055,0.9930531466063689,0.07733889786509665,0.8402423551224116,0.07733889786509665
00824-Dd4bFSTQ8gi,0_6_5,93,ceiling chassis,0_6,8.099383374402043,2.217451705494526,-2.51877362871724,0.8578706937298123,0.9742130051535206,0.9132073700387597,0.9989492540632638,0.9652839259064314,0.9652839259064314,0.9995807780441266
00824-Dd4bFSTQ8gi,0_6_50,97,chair,0_6,5.756944264244529,0.39345528163023896,-4.190496959667016,0.8885410345558133,0.9851281675745291,0.9489684815200403,0.9989547567427529,0.9514525726360136,0.9514525726360136,0.9999972101427872
00824-Dd4bFSTQ8gi,0_6_51,302,mirror,0_6,5.245548772007128,1.4445762530057766,-4.855169009172564,0.8049215476424486,0.9176797530407144,0.9281813590664436,0.9996535349609716,0.9453226320275332,0.9453226320275332,0.9999901067705953
00824-Dd4bFSTQ8gi,0_6_52,97,chair,0_6,5.732322999162167,0.3937967639850896,-5.479762468976958,0.7889414272265993,0.9162860422047159,0.9334102451809643,0.9993207114170418,0.9230734049613218,0.9230734049613218,0.9999980831101062
00824-Dd4bFSTQ8gi,0_6_53,93,ceiling chassis,0_6,5.4787497439913855,2.3119612628261805,-3.6750459602757006,0.8263156311006584,0.9793566498491499,0.9612734485475447,0.9971987086324937,0.8801900148487305,0.8801900148487305,0.9930978903664066
00824-Dd4bFSTQ8gi,0_6_54,97,chair,0_6,5.231069088569044,0.3752371831883814,-5.330582452854142,0.539905472049596,0.8941212610093583,0.9060824645745736,0.9744639767829092,0.6838924236665846,0.6838924236665846,0.9996168487904827
00824-Dd4bFSTQ8gi,0_6_55,431,sofa,0_6,7.6429839739815115,0.5112874332595159,-6.786340675422334,0.7242381186335097,0.9138551573781708,0.9487965247068872,0.9935839302413906,0.8406715842431212,0.9465305874060296,0.8406715842431212
00824-Dd4bFSTQ8gi,0_6_56,93,ceiling chassis,0_6,7.576703394478132,2.1957402434884283,-6.210167960977579,0.8940180921662527,0.9676198096947993,0.9676562327360383,0.9983292820707381,0.9564155947339087,0.9564155947339087,0.9971361673821784
00824-Dd4bFSTQ8gi,0_6_57,93,ceiling chassis,0_6,6.294543854531138,2.3070171697422133,-4.2646955206388615,0.8319223562510295,0.9306885563028163,1.0,0.9979767859005731,0.8956905292724441,0.8956905292724441,0.997976950005131
00824-Dd4bFSTQ8gi,0_6_58,82,cardboard,0_6,6.144840928540769,-0.12129639916464553,-5.8861617817406255,0.14674794581014455,0.9444632496004025,0.9596611787710452,0.9954058086171532,0.1626555437291126,0.5875127858652658,0.1626555437291126
00824-Dd4bFSTQ8gi,0_6_59,431,sofa,0_6,7.316546651851579,0.09159090557392263,-6.316194608671918,0.7566525134800025,0.9610471779258752,0.971614186816026,0.9952028656275945,0.8142285118358128,0.8142285118358128,0.990509240727506
00824-Dd4bFSTQ8gi,0_6_6,383,rug,0_6,7.932419557785035,-0.11011524064186334,-5.062782462307851,0.8243396004450204,0.9168442697865841,0.922873176199368,0.9977702594863623,0.9764230215905054,0.9764230215905054,0.99984244144553
00824-Dd4bFSTQ8gi,0_6_60,93,ceiling chassis,0_6,6.587141625668936,2.2920237707899176,-5.633562446613568,0.8314431703122046,0.9597428732413895,0.9533358281253228,0.9980924847099947,0.9104602172561849,0.9104602172561849,0.9961306416854293
00824-Dd4bFSTQ8gi,0_6_61,221,glass,0_6,5.926802265729884,1.811796642999549,-7.314104759270225,0.5039230520518161,0.9782575964679321,0.9491653443515033,0.9992683557526855,0.543108986708576,0.6901006933412032,0.543108986708576
00824-Dd4bFSTQ8gi,0_6_62,93,ceiling chassis,0_6,5.625920689269181,2.252954014360058,-4.714810998334582,0.5802566344316419,0.9584513674177648,0.9728735371382213,0.9879515856680938,0.6298802342731656,0.6298802342731656,0.9394203536506022
00824-Dd4bFSTQ8gi,0_6_63,97,chair,0_6,6.064632058710612,0.12013776752653305,-5.523986045969441,0.7939213977372884,0.8913060200318283,0.9400203013246939,0.9994905983546427,0.9480575933976172,0.9480575933976172,0.9999989977626538
00824-Dd4bFSTQ8gi,0_6_64,82,cardboard,0_6,6.688027635255478,-0.11849807672273936,-6.222579758644219,0.11778800985225185,0.9246266865813979,0.9341678754773485,0.9966946553006627,0.136819374993543,0.7160483900483585,0.136819374993543
00824-Dd4bFSTQ8gi,0_6_65,383,rug,0_6,6.785370992980174,-0.11203595748818933,-4.938950612004005,0.8476892127666039,0.953879201380832,0.9541271479551305,0.9939678782907327,0.9370541198035832,0.9370541198035832,0.9994236006538075
00824-Dd4bFSTQ8gi,0_6_66,431,sofa,0_6,9.20891245375704,0.5184146113426262,-5.562917853508352,0.49969031647919127,0.9468306954462963,0.9326902048571496,0.9997071507142288,0.5660025528686164,0.9817947602159417,0.5660025528686164
00824-Dd4bFSTQ8gi,0_6_67,221,glass,0_6,5.740447565632718,1.3731507126064322,-7.324713320304772,0.4206108487429101,0.9127521901384239,0.9672053827073046,0.9991495913989049,0.4768462444451188,0.7396620570896068,0.4768462444451188
00824-Dd4bFSTQ8gi,0_6_68,452,stone,0_6,7.248339196097714,0.37330925990005237,-5.041406530930746,0.18330713841664964,0.9486475287198018,0.9414739267705342,0.9603944193808228,0.21370592989758003,0.505869275221426,0.21370592989758003
00824-Dd4bFSTQ8gi,0_6_69,383,rug,0_6,8.799501827696655,-0.10364610204124433,-5.092841881947949,0.9138974445568508,0.9711330840599255,0.9652048457824651,0.9958205194729826,0.9790799313514303,0.9790799313514303,0.9999588601342512
00824-Dd4bFSTQ8gi,0_6_7,394,sculpture,0_6,5.823710620819027,0.8768642908963121,-1.329917597228137,0.005318359811531281,0.9780570176670222,0.922056257328215,0.9244714638992167,0.006379147041758072,0.687230331915278,0.006379147041758072
00824-Dd4bFSTQ8gi,0_6_70,383,rug,0_6,8.413063664303873,-0.10554400647523181,-5.463386239877756,0.8186580694722239,0.8972007148961226,0.9436225461258196,0.9934678030295102,0.9733316155534939,0.9733316155534939,0.9999535573683019
00824-Dd4bFSTQ8gi,0_6_71,383,rug,0_6,8.816523272114615,-0.11003085593793341,-5.842239944896396,0.8872539015240897,0.9725519992659369,0.9593639223154122,0.9886438464778469,0.9618599386264222,0.9618599386264222,0.9999185552741022
00824-Dd4bFSTQ8gi,0_6_72,383,rug,0_6,8.431300461261225,-0.1072913112072556,-4.719591409093238,0.8788404452257375,0.9391404602425504,0.9470390765351542,0.9980333501958327,0.9900714359767896,0.9900714359767896,0.9999732407843187
00824-Dd4bFSTQ8gi,0_6_73,383,rug,0_6,8.77887113152391,-0.11062095589951944,-4.369432304740229,0.907783359097364,0.9847801053343721,0.9267286229847438,0.9990428155702089,0.9956490256200059,0.9956490256200059,0.9999828731704503
00824-Dd4bFSTQ8gi,0_6_74,383,rug,0_6,8.65987733914468,-0.11501903664870448,-3.856401602655424,0.7860531783184508,0.8735547279304884,0.9125682644946553,0.9988085384160067,0.9872205828395569,0.9872205828395569,0.9999414240046954
00824-Dd4bFSTQ8gi,0_6_75,221,glass,0_6,10.150259131995194,1.2777194344512575,-4.3796343797938615,0.4833202994845368,0.9447529413974245,0.9639013421435794,0.9914115388868778,0.5353406586542416,0.7647368625763699,0.5353406586542416
00824-Dd4bFSTQ8gi,0_6_76,87,cat,0_6,9.650996925716582,0.905242549541468,-7.286241306534519,0.45246913596760163,0.9012199877692967,0.9184578656106932,0.9907891847665675,0.5517186311374398,0.5517186311374398,0.679102740091665
00824-Dd4bFSTQ8gi,0_6_77,383,rug,0_6,8.20820520095266,-0.1053831853834395,-5.070622086039045,0.8721419149385022,0.9751525369243346,0.9414623891496375,0.9964638722522979,0.9533449528298529,0.9533449528298529,0.9999425315002699
00824-Dd4bFSTQ8gi,0_6_78,383,rug,0_6,7.967269255786858,-0.10678571265093582,-5.007921181753571,0.6908098332883188,0.94433920726296,0.9391036601681202,0.9880859247937277,0.7883557573658183,0.7883557573658183,0.9997092346882382
00824-Dd4bFSTQ8gi,0_6_79,87,cat,0_6,9.516919903647887,0.5549505075947889,-3.738672007584844,0.08744770469407591,0.9764038686326914,0.9405713974718488,0.9689450493932146,0.09827159552750213,0.5123614986855748,0.09827159552750213
00824-Dd4bFSTQ8gi,0_6_8,93,ceiling chassis,0_6,6.633133348869123,2.561964270307873,-1.861851537411538,0.8243331538775173,0.9468438948119708,0.9249909308977116,0.9970999065053162,0.943948354289155,0.943948354289155,0.9846146347655508
00824-Dd4bFSTQ8gi,0_6_80,195,foam,0_6,10.051629764737555,0.6968725999147146,-5.127944277669469,0.09954605758403551,0.9633367362008676,0.9404348059224408,0.991810530023276,0.11078693149835422,0.5329120176286632,0.11078693149835422
00824-Dd4bFSTQ8gi,0_6_81,391,screen,0_6,9.971912266405425,0.8019717734133769,-5.906835960364561,0.570857215155978,0.9949254519637032,0.9423274928769605,0.9984262563738545,0.6098444811613932,0.6098444811613932,0.9905007221885013
00824-Dd4bFSTQ8gi,0_6_82,316,overhang,0_6,9.994371024114072,1.040863149558149,-5.253507673295972,0.3265330895798719,0.9961997243616044,0.9312769545320819,0.9935687311708992,0.354245228342347,0.7385918757124038,0.354245228342347
00824-Dd4bFSTQ8gi,0_6_83,87,cat,0_6,9.110655872612082,-0.012317050476954673,-7.184088156883874,0.0006304557900206635,0.9627388365281055,0.9348679716940314,0.9979130440304634,0.0007019451302164323,0.5697967858076228,0.0007019451302164323
00824-Dd4bFSTQ8gi,0_6_84,342,plant,0_6,9.218218516544072,0.46478147294660477,-6.409437590384581,0.8133786127031316,0.9588090765449377,0.9342640712311038,0.9973247172694585,0.9104463977619648,0.9104463977619648,0.991856426859528
00824-Dd4bFSTQ8gi,0_6_85,431,sofa,0_6,9.648880209670185,0.6589123333137995,-5.642285764633765,0.06565326528808288,0.9777633735452819,0.9299359971604415,0.9870554014765924,0.07315229861638187,0.6889043132942994,0.07315229861638187
00824-Dd4bFSTQ8gi,0_6_86,195,foam,0_6,8.757517904627841,0.5767526315118091,-6.783472171959028,0.0014955918264462362,0.9806137616627075,0.9246950923598849,0.9762989185096997,0.00168940485678934,0.5155656791216839,0.00168940485678934
00824-Dd4bFSTQ8gi,0_6_87,82,cardboard,0_6,9.448611579970066,-0.10917329257007609,-6.259715282238198,0.08097199331196876,0.8532519949125308,0.9283796796533956,0.994879169308107,0.10274520297126624,0.8024214167224606,0.10274520297126624
00824-Dd4bFSTQ8gi,0_6_88,391,screen,0_6,9.974385162466584,0.7308167382644114,-6.102273705741982,0.5737034280217742,0.9801489700873691,0.9044686483241324,0.9985290865491054,0.6480986538710608,0.6480986538710608,0.9923856076795816
00824-Dd4bFSTQ8gi,0_6_89,221,glass,0_6,10.084594624971347,1.2245989522617997,-4.326324606725954,0.5151543040894142,0.9842997215060255,0.9530355436029874,0.991822464211998,0.5536903211633871,0.7829237672464068,0.5536903211633871
00824-Dd4bFSTQ8gi,0_6_9,221,glass,0_6,10.145129952537411,1.249074416368738,-4.85822693386732,0.4605241016847492,0.9270089413858719,0.9262976042597056,0.9984327813420067,0.5371543145971466,0.5371543145971466,0.9538074939476404
00824-Dd4bFSTQ8gi,0_6_90,391,screen,0_6,9.976772211895543,0.6569921373257224,-5.918229101061621,0.49958565971933694,0.8732944288031498,0.9035845581069241,0.9983239221439774,0.6341748222222879,0.6341748222222879,0.9889466460175963
00824-Dd4bFSTQ8gi,0_6_91,207,fur,0_6,9.520108640498217,0.6417047159509357,-5.444346776094129,0.4763906523801589,0.9737074922356341,0.9152247570075464,0.9694426089144885,0.5514229741092411,0.5514229741092411,0.9641004172087052
00824-Dd4bFSTQ8gi,0_6_92,221,glass,0_6,10.148888304776328,0.984966636657187,-4.8623631745583715,0.4675113161772754,0.9706945150220543,0.9329197935697567,0.9987659750360643,0.516894017316288,0.516894017316288,0.9447419160587451
00824-Dd4bFSTQ8gi,0_6_93,221,glass,0_6,10.117605172544735,0.7298011972312701,-4.7694994257481635,0.624878791573992,0.8979336988560062,0.9493128839686903,0.9938407915498518,0.7376074950528988,0.7376074950528988,0.7479212663586581
00824-Dd4bFSTQ8gi,0_6_94,106,closet door,0_6,7.729804774872473,0.8212070157274088,-1.452717105326883,0.8270560396802927,0.940725121614794,0.9201772059062112,0.9999811117643809,0.9554521187736977,0.9554521187736977,0.9967321895929496
00824-Dd4bFSTQ8gi,0_6_95,221,glass,0_6,10.145611934777941,0.875071311086214,-5.060219460946939,0.46962677264764663,0.83708994129415,0.9349993905723057,0.998638169809949,0.6008433164617752,0.6008433164617752,0.9415903443289154
00824-Dd4bFSTQ8gi,0_6_96,106,closet door,0_6,7.911762753902782,0.34094242212004133,-1.455450126291301,0.7939410978865746,0.9115161488136104,0.9268894650913193,0.9999516380844294,0.9397600396833871,0.9397600396833871,0.9975001277291364
00824-Dd4bFSTQ8gi,0_6_97,221,glass,0_6,10.149053373030611,0.9674349570898689,-4.793142863330191,0.4765661164132274,0.9869399612600153,0.9508935463683059,0.9987628721528486,0.508438159089843,0.508438159089843,0.945914703574511
00824-Dd4bFSTQ8gi,0_6_98,93,ceiling chassis,0_6,8.35935428153374,2.1941714238588177,-3.2280195585647573,0.8753449119068721,0.985952534458854,0.9501667814421271,0.9975453994660599,0.9366787998422312,0.9366787998422312,0.9980301726397703
00824-Dd4bFSTQ8gi,0_6_99,326,partial,0_6,6.395427096595548,0.8964335226488079,-1.3175218201788301,0.5615702317861363,0.9794703545467706,0.9509838647871673,0.9980490371328476,0.6040706762919,0.6040706762919,0.9064101083974158
