scene_id,method,class_id,class_label,object_id,predicted_room_id,rank,score,p_det,p_view,p_mem,p_sem_q
00824-Dd4bFSTQ8gi,belief,0,acoustic panel,0_3_10,0_3,1,0.2882825134690037,0.9817342900008242,0.9336293568933061,0.9927135368907062,0.3168297075163961
00824-Dd4bFSTQ8gi,belief,0,acoustic panel,0_5_342,0_5,2,0.1928592214780504,0.9479951025803883,0.9019000218927764,0.9860928734889655,0.22874841732195225
00824-Dd4bFSTQ8gi,belief,0,acoustic panel,0_0_39,0_0,3,0.19103397047357107,0.9676551548430958,0.9220987959845639,0.9873662298930815,0.2168374360659045
00824-Dd4bFSTQ8gi,belief,0,acoustic panel,0_4_102,0_4,4,0.1607956412821975,0.9793698223022669,0.9410808717219558,0.9971505440458512,0.17496044620640044
00824-Dd4bFSTQ8gi,belief,0,acoustic panel,0_4_120,0_4,5,0.15919968063737536,0.9559786604214757,0.9529424329546861,0.9971428800812246,0.17525480575818653
00824-Dd4bFSTQ8gi,belief,1,air conditioner,0_0_68,0_0,1,0.04598059248348382,0.9846795644396259,0.9289725468060053,0.9990746168670699,0.05031284007772373
00824-Dd4bFSTQ8gi,belief,1,air conditioner,0_0_69,0_0,2,0.03112237177779306,0.9587556103772539,0.9581037180722831,0.9990149214685824,0.033914097744234636
00824-Dd4bFSTQ8gi,belief,1,air conditioner,0_0_3,0_0,3,0.02862211614863609,0.944503735465768,0.9177409927973148,0.9992977798065575,0.03304326904972562
00824-Dd4bFSTQ8gi,belief,1,air conditioner,0_0_74,0_0,4,0.010670041923489816,0.9602879842122395,0.9475084521535366,0.9993993828081466,0.011733902127991884
00824-Dd4bFSTQ8gi,belief,1,air conditioner,0_6_158,0_6,5,0.009426283589599252,0.95469726641687,0.935107809836967,0.7431914433639781,0.01420732899256612
00824-Dd4bFSTQ8gi,belief,2,air freshener,0_1_52,0_1,1,0.023144590777580045,0.9670426288967379,0.9487705709054759,0.8860270082170919,0.028470541134065847
00824-Dd4bFSTQ8gi,belief,2,air freshener,0_1_35,0_1,2,0.002047752890472553,0.9436002045715728,0.9186584180695694,0.9937285419533587,0.0023772108205008117
00824-Dd4bFSTQ8gi,belief,2,air freshener,0_4_7,0_4,3,0.0015675637668418826,0.9548851611138032,0.9557685739561002,0.9927725423818324,0.0017301014425140813
00824-Dd4bFSTQ8gi,belief,2,air freshener,0_4_19,0_4,4,0.001196109960696278,0.8997959636237179,0.9968185372011825,0.9517453362107378,0.0014011679775581376
00824-Dd4bFSTQ8gi,belief,2,air freshener,0_6_2,0_6,5,0.0008914727999734659,0.9230388447760689,0.92111433688238,0.96168527426753,0.0010902889503655825
00824-Dd4bFSTQ8gi,belief,3,air hockey,0_1_52,0_1,1,0.0011975969059828966,0.9670426288967379,0.9487705709054759,0.8860270082170919,0.0014731836177827242
00824-Dd4bFSTQ8gi,belief,3,air hockey,0_5_381,0_5,2,0.0007424474785497078,0.8738880676251871,1.0,0.740147299803735,0.0011478675224128535
00824-Dd4bFSTQ8gi,belief,3,air hockey,0_1_59,0_1,3,0.0005345865525880433,0.9694465387169094,0.9288275258291203,0.9750258704654579,0.0006088957591749622
00824-Dd4bFSTQ8gi,belief,3,air hockey,0_6_149,0_6,4,0.0004913698809767328,0.9181212293145322,0.9277969756954261,0.9897149494109828,0.0005828347266713799
00824-Dd4bFSTQ8gi,belief,3,air hockey,0_4_7,0_4,5,0.00024537527466733124,0.9548851611138032,0.9557685739561002,0.9927725423818324,0.0002708177655282968
00824-Dd4bFSTQ8gi,belief,4,air purifier,0_4_7,0_4,1,0.031168839257105417,0.9548851611138032,0.9557685739561002,0.9927725423818324,0.034400676323904186
00824-Dd4bFSTQ8gi,belief,4,air purifier,0_1_35,0_1,2,0.01626962541017646,0.9436002045715728,0.9186584180695694,0.9937285419533587,0.018887205458487346
00824-Dd4bFSTQ8gi,belief,4,air purifier,0_6_154,0_6,3,0.006743094553124729,0.7284496228966875,0.911743489511952,0.997915162875683,0.010174039847758198
00824-Dd4bFSTQ8gi,belief,4,air purifier,0_6_143,0_6,4,0.006580019917242104,0.8521712787381153,0.9954768358042596,0.9982405650093445,0.00777023122412968
00824-Dd4bFSTQ8gi,belief,4,air purifier,0_5_141,0_5,5,0.006544458127866264,0.8877581810347396,0.916958852186766,0.9974033923687733,0.00806043205964934
00824-Dd4bFSTQ8gi,belief,5,aisle frame,0_5_345,0_5,1,0.03826778804410531,0.975064724540136,0.9237885415826778,0.9951825501947232,0.04268984632061429
00824-Dd4bFSTQ8gi,belief,5,aisle frame,0_4_117,0_4,2,0.02078792743386962,0.988535703553094,0.9424489783931624,0.995494818652997,0.02241413485556336
00824-Dd4bFSTQ8gi,belief,5,aisle frame,0_2_129,0_2,3,0.01907817741619967,0.9785196843270656,0.9206025057897467,0.9916777099287308,0.02135623112511095
00824-Dd4bFSTQ8gi,belief,5,aisle frame,0_2_112,0_2,4,0.016999333115463835,0.9853983356118805,0.9485048538102778,0.9930341356622503,0.018315396486924766
00824-Dd4bFSTQ8gi,belief,5,aisle frame,0_5_416,0_5,5,0.01599307409851494,0.9039757554017397,0.922755637082348,0.9965555033220411,0.01923919815781671
00824-Dd4bFSTQ8gi,belief,6,alarm,0_3_35,0_3,1,0.014750839807022235,0.8552236933541555,0.9230438950589228,0.9962066637995133,0.018757079784567508
00824-Dd4bFSTQ8gi,belief,6,alarm,0_0_55,0_0,2,0.014619245803240245,0.9636302219226234,0.9245795564371652,0.9987798673544314,0.016428597520627763
00824-Dd4bFSTQ8gi,belief,6,alarm,0_1_52,0_1,3,0.013437602209916643,0.9670426288967379,0.9487705709054759,0.8860270082170919,0.016529815114780237
00824-Dd4bFSTQ8gi,belief,6,alarm,0_3_31,0_3,4,0.010822450767203647,0.9029954329839135,0.9266167569836365,0.9990968885954662,0.012945901811545703
00824-Dd4bFSTQ8gi,belief,6,alarm,0_4_116,0_4,5,0.008724965380786962,0.9767318007018831,0.9430731085706365,0.9744615593847696,0.00972026962230354
00824-Dd4bFSTQ8gi,belief,7,album,0_2_118,0_2,1,0.32851991455926516,0.9795660838865262,0.9548193678583632,0.9155692133060522,0.38363264911519823
00824-Dd4bFSTQ8gi,belief,7,album,0_5_277,0_5,2,0.22133626534983797,0.9136341170421443,0.9096081134217623,0.9366862662323752,0.2843359616572877
00824-Dd4bFSTQ8gi,belief,7,album,0_5_16,0_5,3,0.1919172439135335,0.9256008538277343,0.9116673200609422,0.9992698965734864,0.22759937236955446
00824-Dd4bFSTQ8gi,belief,7,album,0_2_127,0_2,4,0.189724403609956,0.8287659775127064,0.9692424887395859,0.9823823251567811,0.2404242655327479
00824-Dd4bFSTQ8gi,belief,7,album,0_5_292,0_5,5,0.17967198740542945,0.9728397386153946,0.9715163362707585,0.9651859685911803,0.19695996655254175
00824-Dd4bFSTQ8gi,belief,8,amplifier,0_1_35,0_1,1,0.002575813214309718,0.9436002045715728,0.9186584180695694,0.9937285419533587,0.0029902294720887913
00824-Dd4bFSTQ8gi,belief,8,amplifier,0_1_52,0_1,2,0.0021550765698524752,0.9670426288967379,0.9487705709054759,0.8860270082170919,0.0026509950734787506
00824-Dd4bFSTQ8gi,belief,8,amplifier,0_4_116,0_4,3,0.0014786527849650782,0.9767318007018831,0.9430731085706365,0.9744615593847696,0.0016473307480715975
00824-Dd4bFSTQ8gi,belief,8,amplifier,0_5_308,0_5,4,0.00134714992425636,0.8731722489992778,0.9068384887821965,0.9439973818038041,0.0018022509874093572
00824-Dd4bFSTQ8gi,belief,8,amplifier,0_2_118,0_2,5,0.0012408468883171257,0.9795660838865262,0.9548193678583632,0.9155692133060522,0.0014490122449656655
00824-Dd4bFSTQ8gi,belief,9,appliance,0_5_89,0_5,1,0.876802866786409,0.9546120117681776,0.9285511369546245,0.9998632490793011,0.9893014246788675
00824-Dd4bFSTQ8gi,belief,9,appliance,0_5_37,0_5,2,0.8515290370520701,0.9582685712990763,0.9156376320451391,0.9999701973964444,0.9705133796750954
00824-Dd4bFSTQ8gi,belief,9,appliance,0_5_8,0_5,3,0.7639174773952027,0.9340534663540899,0.8928366128098626,0.9999211393408018,0.916087524016996
00824-Dd4bFSTQ8gi,belief,9,appliance,0_5_11,0_5,4,0.7557021744597139,0.9478395892309437,0.9011306519492781,0.9999247780747405,0.8848318253335367
00824-Dd4bFSTQ8gi,belief,9,appliance,0_5_73,0_5,5,0.734565650966527,0.967008410841353,0.9374813620047873,0.9999299094492763,0.8103416541904072
00824-Dd4bFSTQ8gi,belief,10,apron,0_1_11,0_1,1,0.004042487507105911,0.9582889779703784,0.9467363707193159,0.9546083358999461,0.004667645979527896
00824-Dd4bFSTQ8gi,belief,10,apron,0_0_8,0_0,2,0.00403364617414538,0.9848732120460935,0.9499832243710505,0.8873896658146057,0.004858331801481527
00824-Dd4bFSTQ8gi,belief,10,apron,0_5_39,0_5,3,0.0027361171112012263,0.9867878387206268,0.9180739262282991,0.9981166526492204,0.0030258816574543117
00824-Dd4bFSTQ8gi,belief,10,apron,0_5_94,0_5,4,0.002174815899280672,0.9754105049749243,0.9360900290504934,0.9916418897687158,0.0024019423922701346
00824-Dd4bFSTQ8gi,belief,10,apron,0_5_277,0_5,5,0.001836234859145443,0.9136341170421443,0.9096081134217623,0.9366862662323752,0.0023588886515209105
00824-Dd4bFSTQ8gi,belief,11,aquarium,0_6_2,0_6,1,0.006810950225256212,0.9230388447760689,0.92111433688238,0.96168527426753,0.008329927477661517
00824-Dd4bFSTQ8gi,belief,11,aquarium,0_5_305,0_5,2,0.0027522237716011704,0.8800817169235661,0.9145566573947903,0.900988414543927,0.0037951672585091797
00824-Dd4bFSTQ8gi,belief,11,aquarium,0_1_52,0_1,3,0.0026542847083694254,0.9670426288967379,0.9487705709054759,0.8860270082170919,0.0032650792013292637
00824-Dd4bFSTQ8gi,belief,11,aquarium,0_5_65,0_5,4,0.0021114154024957548,0.9786055164108167,0.9310643677958266,0.996046649990946,0.0023265191964313772
00824-Dd4bFSTQ8gi,belief,11,aquarium,0_5_308,0_5,5,0.001082183085983902,0.8731722489992778,0.9068384887821965,0.9439973818038041,0.0014477716994630823
00824-Dd4bFSTQ8gi,belief,12,arcade game,0_5_381,0_5,1,0.000310401358528226,0.8738880676251871,1.0,0.740147299803735,0.000479898778918843
00824-Dd4bFSTQ8gi,belief,12,arcade game,0_5_178,0_5,2,0.00020261734370809252,0.9644810934529061,0.8923786449736311,0.9952167394719563,0.00023654624468588234
00824-Dd4bFSTQ8gi,belief,12,arcade game,0_1_52,0_1,3,0.00012710656571557924,0.9670426288967379,0.9487705709054759,0.8860270082170919,0.00015635587349078275
00824-Dd4bFSTQ8gi,belief,12,arcade game,0_3_30,0_3,4,0.00011647753101572768,0.9271998826544082,0.9205946023528102,0.9898808012458685,0.00013785339395251903
00824-Dd4bFSTQ8gi,belief,12,arcade game,0_3_48,0_3,5,0.0001043311680668535,0.9350999885963068,0.9528884058033308,0.9981931434202318,0.00011730037292916954
00824-Dd4bFSTQ8gi,belief,13,artwork,0_5_47,0_5,1,0.847557345280148,0.9840903437622626,0.8966127900994467,0.996461207248809,0.963981714173563
00824-Dd4bFSTQ8gi,belief,13,artwork,0_2_37,0_2,2,0.8316430250318041,0.967276212672836,0.9208860674780548,0.9880846349724327,0.9449011845875447
00824-Dd4bFSTQ8gi,belief,13,artwork,0_5_330,0_5,3,0.8284507281368042,0.8867372486637214,0.9710090193397517,0.9964079044334592,0.9656312319561899
00824-Dd4bFSTQ8gi,belief,13,artwork,0_1_49,0_1,4,0.7932670521508111,0.9620425904696646,0.9038439390201524,0.9971805373239461,0.9148668132809219
00824-Dd4bFSTQ8gi,belief,13,artwork,0_5_167,0_5,5,0.7626464160105091,0.9651480758296932,0.9671046672012962,0.9968762122128312,0.8196238219640553
00824-Dd4bFSTQ8gi,belief,14,ashtray,0_2_172,0_2,1,0.10476498313521651,0.9597954059832474,0.9595718461650053,0.9921985866843136,0.11464665266854902
00824-Dd4bFSTQ8gi,belief,14,ashtray,0_6_68,0_6,2,0.09449254703492514,0.9486475287198018,0.9414739267705342,0.9603944193808228,0.11016274547142962
00824-Dd4bFSTQ8gi,belief,14,ashtray,0_1_52,0_1,3,0.017414174997651168,0.9670426288967379,0.9487705709054759,0.8860270082170919,0.021421462593614608
00824-Dd4bFSTQ8gi,belief,14,ashtray,0_5_277,0_5,4,0.004798607452776891,0.9136341170421443,0.9096081134217623,0.9366862662323752,0.006164451462775817
00824-Dd4bFSTQ8gi,belief,14,ashtray,0_1_54,0_1,5,0.004765459973474871,0.9543598111186709,0.8922708780310395,0.9071457299680523,0.006169058722276715
00824-Dd4bFSTQ8gi,belief,15,audio player,0_2_26,0_2,1,0.0006324026118576883,0.9621798116673055,0.9588000005604795,0.9498128775436335,0.0007217243125493747
00824-Dd4bFSTQ8gi,belief,15,audio player,0_1_52,0_1,2,0.0006043043526316712,0.9670426288967379,0.9487705709054759,0.8860270082170919,0.0007433647064419575
00824-Dd4bFSTQ8gi,belief,15,audio player,0_5_277,0_5,3,0.0005345765017722708,0.9136341170421443,0.9096081134217623,0.9366862662323752,0.0006867348352090492
00824-Dd4bFSTQ8gi,belief,15,audio player,0_5_308,0_5,4,0.0001203837932129391,0.8731722489992778,0.9068384887821965,0.9439973818038041,0.00016105246066496157
00824-Dd4bFSTQ8gi,belief,15,audio player,0_5_381,0_5,5,0.00010436563686944459,0.8738880676251871,1.0,0.740147299803735,0.00016135542038930677
00824-Dd4bFSTQ8gi,belief,16,axe,0_3_29,0_3,1,0.09588693859631107,0.9802004204215117,0.9173320674665175,0.9370955823154603,0.11379786194162331
00824-Dd4bFSTQ8gi,belief,16,axe,0_1_29,0_1,2,0.09363041275997781,0.9756274529318523,0.9604242971664061,0.8487639121585747,0.11772884443954827
00824-Dd4bFSTQ8gi,belief,16,axe,0_2_159,0_2,3,0.08556235844593604,0.9870273823715147,0.9569317912040664,0.960670050619474,0.09429709448610799
00824-Dd4bFSTQ8gi,belief,16,axe,0_0_71,0_0,4,0.08327600942748056,0.9764317497729309,0.933230032659411,0.9600888112394653,0.09518705669159187
00824-Dd4bFSTQ8gi,belief,16,axe,0_0_47,0_0,5,0.06965359748131565,0.9624765808173422,0.8942528018457205,0.9912889280771499,0.0816380863234703
00824-Dd4bFSTQ8gi,belief,17,baby changing table,0_5_192,0_5,1,0.008381482943667046,0.9489220062294501,0.9289845512488727,0.9963568052427938,0.009542605364290014
00824-Dd4bFSTQ8gi,belief,17,baby changing table,0_2_91,0_2,2,0.005431238661285514,0.9488393066347474,0.9457790548606504,0.999163492912337,0.006057312366368222
00824-Dd4bFSTQ8gi,belief,17,baby changing table,0_4_23,0_4,3,0.00438139389636407,0.9780666679143906,0.9306315448620884,0.9995459236899361,0.004815743183267239
00824-Dd4bFSTQ8gi,belief,17,baby changing table,0_2_149,0_2,4,0.003628140131907982,0.9761459492828883,0.9591722822121937,0.9996250069167952,0.003876462294882588
00824-Dd4bFSTQ8gi,belief,17,baby changing table,0_2_139,0_2,5,0.0024648102105386425,0.9809691106329633,0.9286809157957854,0.9995447895822246,0.0027068199677211043
00824-Dd4bFSTQ8gi,belief,18,backrest,0_5_205,0_5,1,0.6936345952783892,0.9657861795316071,0.9214373729398908,0.9996128645376877,0.7797441041624383
00824-Dd4bFSTQ8gi,belief,18,backrest,0_5_215,0_5,2,0.47201543734846424,0.9127126041367143,0.8857156474751419,0.9993803000525309,0.584247756064667
00824-Dd4bFSTQ8gi,belief,18,backrest,0_5_266,0_5,3,0.35821237336796086,0.9763827155051941,0.9312296181099833,0.9983999199956017,0.39460190952654123
00824-Dd4bFSTQ8gi,belief,18,backrest,0_5_275,0_5,4,0.3053560171485662,0.9595433360533345,0.8834786133797479,0.9967940829335131,0.36136026539180405
00824-Dd4bFSTQ8gi,belief,18,backrest,0_1_23,0_1,5,0.22185836338832207,0.9516120486396403,0.9605575740707021,0.9485537292713382,0.2558765793026542
00824-Dd4bFSTQ8gi,belief,19,backsplash,0_5_421,0_5,1,0.02488606589676014,0.9632188090186007,0.9323716488692897,0.9960048696990845,0.02782151472440975
00824-Dd4bFSTQ8gi,belief,19,backsplash,0_5_116,0_5,2,0.01563864508455458,0.9511657522022199,0.9340771219192732,0.9991253918128983,0.017617333977066465
00824-Dd4bFSTQ8gi,belief,19,backsplash,0_5_214,0_5,3,0.01187249191877623,0.9442161204498641,0.8988421907509623,0.9956278421938058,0.014050442091469235
00824-Dd4bFSTQ8gi,belief,19,backsplash,0_5_39,0_5,4,0.010664551274771141,0.9867878387206268,0.9180739262282991,0.9981166526492204,0.01179396523460349
00824-Dd4bFSTQ8gi,belief,19,backsplash,0_5_216,0_5,5,0.009851009702091145,0.9791115806221392,0.8863558349600542,0.999221728957471,0.011360006552403117
00824-Dd4bFSTQ8gi,belief,20,bag,0_5_292,0_5,1,0.10821498139888117,0.9728397386153946,0.9715163362707585,0.9651859685911803,0.11862739108413448
00824-Dd4bFSTQ8gi,belief,20,bag,0_1_35,0_1,2,0.10547443167241281,0.9436002045715728,0.9186584180695694,0.9937285419533587,0.12244395377216244
00824-Dd4bFSTQ8gi,belief,20,bag,0_1_52,0_1,3,0.07101251889829328,0.9670426288967379,0.9487705709054759,0.8860270082170919,0.08735366547443787
00824-Dd4bFSTQ8gi,belief,20,bag,0_1_11,0_1,4,0.06327704367208982,0.9582889779703784,0.9467363707193159,0.9546083358999461,0.07306264718771907
00824-Dd4bFSTQ8gi,belief,20,bag,0_5_177,0_5,5,0.06017747442577508,0.9626096776780202,0.9291400845210275,0.980541615429202,0.06861775523097585
00824-Dd4bFSTQ8gi,belief,21,ball,0_2_39,0_2,1,0.017877559303164384,0.9291093295647038,0.9443383630321825,0.8914203178897508,0.02285763243879455
00824-Dd4bFSTQ8gi,belief,21,ball,0_5_250,0_5,2,0.01621083920082761,0.9710265826892314,0.9199946345075227,0.9636858468584617,0.018830142360130316
00824-Dd4bFSTQ8gi,belief,21,ball,0_3_22,0_3,3,0.007506235688430168,0.9748714813650324,0.9342683960709239,0.9906977402580892,0.008318825233066844
00824-Dd4bFSTQ8gi,belief,21,ball,0_5_260,0_5,4,0.005873565506094851,0.8919481019533816,0.9424942998312142,0.9588323948945878,0.007286866283274382
00824-Dd4bFSTQ8gi,belief,21,ball,0_0_73,0_0,5,0.005574163589841368,0.9864831903860682,0.9332344464459461,0.9977736938546599,0.006068302343059515
00824-Dd4bFSTQ8gi,belief,22,ball pool,0_5_308,0_5,1,3.785366430890627e-05,0.8731722489992778,0.9068384887821965,0.9439973818038041,5.064158238768248e-05
00824-Dd4bFSTQ8gi,belief,22,ball pool,0_2_26,0_2,2,1.9625759399188568e-05,0.9621798116673055,0.9588000005604795,0.9498128775436335,2.2397737525198993e-05
00824-Dd4bFSTQ8gi,belief,22,ball pool,0_5_381,0_5,3,1.6698745370527413e-05,0.8738880676251871,1.0,0.740147299803735,2.5817243683435976e-05
00824-Dd4bFSTQ8gi,belief,22,ball pool,0_1_52,0_1,4,9.61938918155812e-06,0.9670426288967379,0.9487705709054759,0.8860270082170919,1.1832968576114688e-05
00824-Dd4bFSTQ8gi,belief,22,ball pool,0_3_47,0_3,5,8.813770632006776e-06,0.9306412878968231,0.9396563935419477,0.9737951084664206,1.0350057593066991e-05
00824-Dd4bFSTQ8gi,belief,23,bar,0_5_277,0_5,1,0.018392312152141266,0.9136341170421443,0.9096081134217623,0.9366862662323752,0.02362737870639658
00824-Dd4bFSTQ8gi,belief,23,bar,0_2_150,0_2,2,0.011110286616878113,0.9760204264991155,0.932923988734002,0.9830901668578967,0.012411570637369975
00824-Dd4bFSTQ8gi,belief,23,bar,0_5_71,0_5,3,0.009829427340450817,0.9697594858674828,0.9187593463357399,0.9969286487155646,0.011066195380874114
00824-Dd4bFSTQ8gi,belief,23,bar,0_2_118,0_2,4,0.009224102352309062,0.9795660838865262,0.9548193678583632,0.9155692133060522,0.010771544324408619
00824-Dd4bFSTQ8gi,belief,23,bar,0_5_62,0_5,5,0.00904602803973261,0.9877969162194423,0.9504105454821048,0.9982966034624458,0.009652046901939737
00824-Dd4bFSTQ8gi,belief,24,barbecue,0_5_277,0_5,1,0.0005873663197879007,0.9136341170421443,0.9096081134217623,0.9366862662323752,0.0007545503992218551
00824-Dd4bFSTQ8gi,belief,24,barbecue,0_2_26,0_2,2,0.00029058623489106576,0.9621798116673055,0.9588000005604795,0.9498128775436335,0.0003316291657888666
00824-Dd4bFSTQ8gi,belief,24,barbecue,0_2_118,0_2,3,0.00015787471465697586,0.9795660838865262,0.9548193678583632,0.9155692133060522,0.0001843598890904848
00824-Dd4bFSTQ8gi,belief,24,barbecue,0_1_52,0_1,4,0.00013892413250605226,0.9670426288967379,0.9487705709054759,0.8860270082170919,0.00017089285643621683
00824-Dd4bFSTQ8gi,belief,24,barbecue,0_3_35,0_3,5,0.00010671582335785727,0.8552236933541555,0.9230438950589228,0.9962066637995133,0.00013569920351560118
00824-Dd4bFSTQ8gi,belief,25,barrel,0_1_54,0_1,1,0.04721930148149472,0.9543598111186709,0.8922708780310395,0.9071457299680523,0.06112707803352298
00824-Dd4bFSTQ8gi,belief,25,barrel,0_1_52,0_1,2,0.024181545833373022,0.9670426288967379,0.9487705709054759,0.8860270082170919,0.029746116574299156
00824-Dd4bFSTQ8gi,belief,25,barrel,0_0_13,0_0,3,0.019483805292353152,0.9675181324976476,0.9360914053263167,0.9892258091158628,0.021747080967312104
00824-Dd4bFSTQ8gi,belief,25,barrel,0_1_29,0_1,4,0.018775898173628125,0.9756274529318523,0.9604242971664061,0.8487639121585747,0.023608405967005672
00824-Dd4bFSTQ8gi,belief,25,barrel,0_5_250,0_5,5,0.01784046755939629,0.9710265826892314,0.9199946345075227,0.9636858468584617,0.020723081621682373
00824-Dd4bFSTQ8gi,belief,26,base,0_1_52,0_1,1,0.27062503378691294,0.9670426288967379,0.9487705709054759,0.8860270082170919,0.3329002975417424
00824-Dd4bFSTQ8gi,belief,26,base,0_1_29,0_1,2,0.13033141037004536,0.9756274529318523,0.9604242971664061,0.8487639121585747,0.1638758805472304
00824-Dd4bFSTQ8gi,belief,26,base,0_6_79,0_6,3,0.10036164752161414,0.9764038686326914,0.9405713974718488,0.9689450493932146,0.11278396918731182
00824-Dd4bFSTQ8gi,belief,26,base,0_6_149,0_6,4,0.07321964674433307,0.9181212293145322,0.9277969756954261,0.9897149494109828,0.08684893895486664
00824-Dd4bFSTQ8gi,belief,26,base,0_5_2,0_5,5,0.07117885866663166,0.9446704996128876,0.920601713839274,0.9745107978813246,0.08398703158610872
00824-Dd4bFSTQ8gi,belief,27,baseball bat,0_5_378,0_5,1,0.016612402291248267,0.9511613198689052,0.9632165774043154,0.9975818054991474,0.01817631291539693
00824-Dd4bFSTQ8gi,belief,27,baseball bat,0_0_47,0_0,2,0.011806274248835106,0.9624765808173422,0.8942528018457205,0.9912889280771499,0.013837643296794717
00824-Dd4bFSTQ8gi,belief,27,baseball bat,0_6_158,0_6,3,0.0056844042021193366,0.95469726641687,0.935107809836967,0.7431914433639781,0.008567554737621485
00824-Dd4bFSTQ8gi,belief,27,baseball bat,0_1_12,0_1,4,0.0034479417422271577,0.9475848957496408,0.9255982886040143,0.9801206883559259,0.0040108801998288085
00824-Dd4bFSTQ8gi,belief,27,baseball bat,0_1_57,0_1,5,0.0032351373911704315,0.9508417985241095,0.9202435533849476,0.9727958190659524,0.0038006684454451414
00824-Dd4bFSTQ8gi,belief,28,basket,0_5_335,0_5,1,0.01538674416445296,0.9225074675891832,0.9477284055984949,0.9759475125646586,0.01803293774143961
00824-Dd4bFSTQ8gi,belief,28,basket,0_1_52,0_1,2,0.011180455168140003,0.9670426288967379,0.9487705709054759,0.8860270082170919,0.01375326147785929
00824-Dd4bFSTQ8gi,belief,28,basket,0_6_79,0_6,3,0.011056390359347579,0.9764038686326914,0.9405713974718488,0.9689450493932146,0.012424901547605574
00824-Dd4bFSTQ8gi,belief,28,basket,0_5_23,0_5,4,0.010316184793287799,0.8775336300609289,0.9155703927595544,0.9661093980736647,0.013290376889066865
00824-Dd4bFSTQ8gi,belief,28,basket,0_5_171,0_5,5,0.007851713087604148,0.9731999333354012,0.9275741156946907,0.9573294678383242,0.009085572593657934
00824-Dd4bFSTQ8gi,belief,29,basketball hoop,0_5_381,0_5,1,0.002354471236572693,0.8738880676251871,1.0,0.740147299803735,0.003640151179712143
00824-Dd4bFSTQ8gi,belief,29,basketball hoop,0_0_2,0_0,2,0.0009321875782231234,0.9806976640250259,0.9127207339125156,0.9963905852433266,0.0010452029793686737
00824-Dd4bFSTQ8gi,belief,29,basketball hoop,0_3_35,0_3,3,0.0005679818671057319,0.8552236933541555,0.9230438950589228,0.9962066637995133,0.0007222423493758014
00824-Dd4bFSTQ8gi,belief,29,basketball hoop,0_5_429,0_5,4,0.0005222981792443542,0.981436476077767,0.9456069053530338,0.9937900419489633,0.0005663058412390375
00824-Dd4bFSTQ8gi,belief,29,basketball hoop,0_5_420,0_5,5,0.0002934719855680819,0.9891396276971214,0.9344080657696802,0.9986228693688781,0.000317958883261729
00824-Dd4bFSTQ8gi,belief,30,basketballs,0_5_381,0_5,1,0.0007962218286619685,0.8738880676251871,1.0,0.740147299803735,0.001231005834301658
00824-Dd4bFSTQ8gi,belief,30,basketballs,0_3_35,0_3,2,5.726223763307262e-05,0.8552236933541555,0.9230438950589228,0.9962066637995133,7.281431931862536e-05
00824-Dd4bFSTQ8gi,belief,30,basketballs,0_5_277,0_5,3,4.888095884299495e-05,0.9136341170421443,0.9096081134217623,0.9366862662323752,6.279411291857439e-05
00824-Dd4bFSTQ8gi,belief,30,basketballs,0_4_116,0_4,4,2.3921374781443476e-05,0.9767318007018831,0.9430731085706365,0.9744615593847696,2.6650216071210393e-05
00824-Dd4bFSTQ8gi,belief,30,basketballs,0_2_26,0_2,5,1.5632399044691878e-05,0.9621798116673055,0.9588000005604795,0.9498128775436335,1.7840347655880076e-05
00824-Dd4bFSTQ8gi,belief,31,bathroom accessory,0_2_36,0_2,1,0.22982107112804187,0.9645862616036877,0.9360672919744994,0.9972322626966572,0.2552380285595651
00824-Dd4bFSTQ8gi,belief,31,bathroom accessory,0_4_121,0_4,2,0.1507607016055154,0.9544563668966294,0.9000147757925203,0.9818416918362156,0.17874790547779276
00824-Dd4bFSTQ8gi,belief,31,bathroom accessory,0_2_24,0_2,3,0.09955549748489222,0.9692693685917627,0.8707631210097175,0.998229112109213,0.11816544643442499
00824-Dd4bFSTQ8gi,belief,31,bathroom accessory,0_2_103,0_2,4,0.06841554485280679,0.9561949172777673,0.9423188673413869,0.9924656931932572,0.07650590714837709
00824-Dd4bFSTQ8gi,belief,31,bathroom accessory,0_4_102,0_4,5,0.05854397177327416,0.9793698223022669,0.9410808717219558,0.9971505440458512,0.06370122562072832
00824-Dd4bFSTQ8gi,belief,32,bathtub,0_4_71,0_4,1,0.3685315159359212,0.9935190623456781,0.95917614253084,0.998867139796002,0.3871616527673647
00824-Dd4bFSTQ8gi,belief,32,bathtub,0_4_142,0_4,2,0.16166093337030651,0.9674621295838893,0.9231082485238589,0.9978601961337205,0.18140480109209517
00824-Dd4bFSTQ8gi,belief,32,bathtub,0_4_49,0_4,3,0.09313208649834345,0.9773024847642546,0.9648760894953392,0.9951934266011956,0.09924103542074188
00824-Dd4bFSTQ8gi,belief,32,bathtub,0_4_130,0_4,4,0.04089177834455292,0.9741223768083895,0.9148414454596574,0.994096473924742,0.04615812017267351
00824-Dd4bFSTQ8gi,belief,32,bathtub,0_1_52,0_1,5,0.015387236427968642,0.9670426288967379,0.9487705709054759,0.8860270082170919,0.01892809217808442
00824-Dd4bFSTQ8gi,belief,33,bed,0_1_56,0_1,1,0.7981388617513218,0.9454931034038189,0.9154712103306928,0.9961741566111633,0.9256357720148278
00824-Dd4bFSTQ8gi,belief,33,bed,0_1_76,0_1,2,0.5574998237671994,0.9428160576108531,0.9514556824184834,0.9959299990448681,0.6240226958613108
00824-Dd4bFSTQ8gi,belief,33,bed,0_2_176,0_2,3,0.535793745033835,0.9794999763318354,0.957809614104463,0.9994495377383967,0.5714169857963645
00824-Dd4bFSTQ8gi,belief,33,bed,0_2_175,0_2,4,0.5099297532756293,0.9808194465901878,0.887304293531744,0.9994539780933249,0.5862541106994461
00824-Dd4bFSTQ8gi,belief,33,bed,0_2_42,0_2,5,0.5040100280640556,0.9391578369670444,0.9328287084893614,0.9995910636348667,0.575541073321591
00824-Dd4bFSTQ8gi,belief,34,bed ladder,0_1_50,0_1,1,0.042346007980780205,0.9474885425913593,0.9258580533475314,0.9983032148532633,0.04835391356268309
00824-Dd4bFSTQ8gi,belief,34,bed ladder,0_1_78,0_1,2,0.041064341270189667,0.9700889960636337,0.9039979012558679,0.9980962433743882,0.046915185625743774
00824-Dd4bFSTQ8gi,belief,34,bed ladder,0_1_7,0_1,3,0.03030970189677931,0.9211060424929575,0.9255779547489791,0.9983265424113297,0.03561118403571073
00824-Dd4bFSTQ8gi,belief,34,bed ladder,0_2_38,0_2,4,0.02942538467408554,0.9351843297481537,0.876118157159629,0.995248280076218,0.036085340801184904
00824-Dd4bFSTQ8gi,belief,34,bed ladder,0_1_77,0_1,5,0.02504140242648576,0.974881827743366,0.9277965910307537,0.9982779222493067,0.027733356455976823
00824-Dd4bFSTQ8gi,belief,35,beer crate,0_5_76,0_5,1,0.0012347081717350831,0.9378013384930881,0.928929546572546,0.9993122163476438,0.0014183045654510172
00824-Dd4bFSTQ8gi,belief,35,beer crate,0_2_127,0_2,2,0.00020200494231014608,0.8287659775127064,0.9692424887395859,0.9823823251567811,0.0002559865202620322
00824-Dd4bFSTQ8gi,belief,35,beer crate,0_0_30,0_0,3,0.00012635099054171788,0.971570948116727,0.9364986114502116,0.9774138395879133,0.00014207527621006166
00824-Dd4bFSTQ8gi,belief,35,beer crate,0_5_400,0_5,4,0.00010949638692185326,0.9228293488854947,0.9666951408260535,0.9973411109631393,0.0001230679975006039
00824-Dd4bFSTQ8gi,belief,35,beer crate,0_5_94,0_5,5,0.00010315378024405771,0.9754105049749243,0.9360900290504934,0.9916418897687158,0.00011392662605283983
00824-Dd4bFSTQ8gi,belief,36,bell,0_6_79,0_6,1,0.1834648814516753,0.9764038686326914,0.9405713974718488,0.9689450493932146,0.20617335453907631
00824-Dd4bFSTQ8gi,belief,36,bell,0_2_6,0_2,2,0.07898058152059385,0.9572748878262058,0.9918923651744805,0.9723959521942782,0.08554132461946688
00824-Dd4bFSTQ8gi,belief,36,bell,0_2_39,0_2,3,0.03615861795044508,0.9291093295647038,0.9443383630321825,0.8914203178897508,0.04623116526089662
00824-Dd4bFSTQ8gi,belief,36,bell,0_2_172,0_2,4,0.021819176029741687,0.9597954059832474,0.9595718461650053,0.9921985866843136,0.02387720993155826
00824-Dd4bFSTQ8gi,belief,36,bell,0_0_50,0_0,5,0.01988546172208632,0.8786311199939136,0.9166036627157372,0.9565914934396701,0.0258119606942024
00824-Dd4bFSTQ8gi,belief,37,belt,0_5_341,0_5,1,0.038309274794599925,0.9528206065803968,0.9224242573964267,0.9534262359800177,0.045716710745436845
00824-Dd4bFSTQ8gi,belief,37,belt,0_1_5,0_1,2,0.030269707811571286,0.9771667424800556,0.9365522750560813,0.9850200777784011,0.033578589192821987
00824-Dd4bFSTQ8gi,belief,37,belt,0_2_40,0_2,3,0.011527339638473808,0.9600671754869756,0.9423655052860664,0.9872203663712006,0.012906068946407834
00824-Dd4bFSTQ8gi,belief,37,belt,0_2_59,0_2,4,0.009648747034279084,0.9648792287388478,0.9393729683156262,0.9894013438089378,0.0107593840236237
00824-Dd4bFSTQ8gi,belief,37,belt,0_3_29,0_3,5,0.009221891951292001,0.9802004204215117,0.9173320674665175,0.9370955823154603,0.010944468584317359
00824-Dd4bFSTQ8gi,belief,38,bench,0_5_125,0_5,1,0.16526001971939636,0.8721973859944828,0.9260615837344047,0.9977790475216071,0.20505896974907772
00824-Dd4bFSTQ8gi,belief,38,bench,0_5_175,0_5,2,0.13814306498062096,0.9865259618196474,0.9240563669372206,0.9981843540940173,0.15181383339388643
00824-Dd4bFSTQ8gi,belief,38,bench,0_5_127,0_5,3,0.12012550709454109,0.9712925213078658,0.9027066908876451,0.9988746751874485,0.13716001542250525
00824-Dd4bFSTQ8gi,belief,38,bench,0_5_70,0_5,4,0.10881807717489776,0.8857353876802494,0.9365876202115592,0.9990448701253544,0.1312996728956898
00824-Dd4bFSTQ8gi,belief,38,bench,0_5_62,0_5,5,0.09725822529576052,0.9877969162194423,0.9504105454821048,0.9982966034624458,0.1037738273672044
00824-Dd4bFSTQ8gi,belief,39,beverage dispenser,0_5_71,0_5,1,0.0012950354211207099,0.9697594858674828,0.9187593463357399,0.9969286487155646,0.0014579806634612226
00824-Dd4bFSTQ8gi,belief,39,beverage dispenser,0_5_125,0_5,2,0.0008696877207480628,0.8721973859944828,0.9260615837344047,0.9977790475216071,0.0010791313490270034
00824-Dd4bFSTQ8gi,belief,39,beverage dispenser,0_5_94,0_5,3,0.00047167500641385053,0.9754105049749243,0.9360900290504934,0.9916418897687158,0.0005209342977740956
00824-Dd4bFSTQ8gi,belief,39,beverage dispenser,0_5_129,0_5,4,0.0004164258074046668,0.8660690313295096,0.927367762566355,0.9970024347023674,0.0005200401960657917
00824-Dd4bFSTQ8gi,belief,39,beverage dispenser,0_5_96,0_5,5,0.0003210440534886425,0.9691028234138285,0.9302402849632658,0.9982571089046693,0.0003567444427422003
00824-Dd4bFSTQ8gi,belief,40,bicycle,0_2_26,0_2,1,0.00042861848320346565,0.9621798116673055,0.9588000005604795,0.9498128775436335,0.0004891573411236793
00824-Dd4bFSTQ8gi,belief,40,bicycle,0_5_277,0_5,2,0.00017493589880305377,0.9136341170421443,0.9096081134217623,0.9366862662323752,0.0002247285004828725
00824-Dd4bFSTQ8gi,belief,40,bicycle,0_4_116,0_4,3,0.00015166904043840553,0.9767318007018831,0.9430731085706365,0.9744615593847696,0.00016897075255608486
00824-Dd4bFSTQ8gi,belief,40,bicycle,0_5_381,0_5,4,8.509266348749055e-05,0.8738880676251871,1.0,0.740147299803735,0.00013155826861139646
00824-Dd4bFSTQ8gi,belief,40,bicycle,0_1_52,0_1,5,8.391693139961248e-05,0.9670426288967379,0.9487705709054759,0.8860270082170919,0.00010322759517405713
00824-Dd4bFSTQ8gi,belief,41,bicycle helmet,0_6_79,0_6,1,0.001128110843826139,0.9764038686326914,0.9405713974718488,0.9689450493932146,0.0012677434238268998
00824-Dd4bFSTQ8gi,belief,41,bicycle helmet,0_5_277,0_5,2,0.0005725501842532815,0.9136341170421443,0.9096081134217623,0.9366862662323752,0.0007355170964839505
00824-Dd4bFSTQ8gi,belief,41,bicycle helmet,0_1_52,0_1,3,0.00044009911772066194,0.9670426288967379,0.9487705709054759,0.8860270082170919,0.0005413731508387591
00824-Dd4bFSTQ8gi,belief,41,bicycle helmet,0_5_250,0_5,4,0.0003256963329800037,0.9710265826892314,0.9199946345075227,0.9636858468584617,0.00037832145764993914
00824-Dd4bFSTQ8gi,belief,41,bicycle helmet,0_1_54,0_1,5,0.00032391809947734365,0.9543598111186709,0.8922708780310395,0.9071457299680523,0.0004193235884902225
00824-Dd4bFSTQ8gi,belief,42,bin,0_5_76,0_5,1,0.3312881006963416,0.9378013384930881,0.928929546572546,0.9993122163476438,0.3805493771349491
00824-Dd4bFSTQ8gi,belief,42,bin,0_5_127,0_5,2,0.3178361771320937,0.9712925213078658,0.9027066908876451,0.9988746751874485,0.3629072293776745
00824-Dd4bFSTQ8gi,belief,42,bin,0_5_70,0_5,3,0.2826433362463945,0.8857353876802494,0.9365876202115592,0.9990448701253544,0.3410368806246363
00824-Dd4bFSTQ8gi,belief,42,bin,0_5_192,0_5,4,0.2693171908073533,0.9489220062294501,0.9289845512488727,0.9963568052427938,0.30662684479190166
00824-Dd4bFSTQ8gi,belief,42,bin,0_5_125,0_5,5,0.2175862565285533,0.8721973859944828,0.9260615837344047,0.9977790475216071,0.26998673769410736
00824-Dd4bFSTQ8gi,belief,43,birdhouse,0_5_400,0_5,1,0.00429778347465957,0.9228293488854947,0.9666951408260535,0.9973411109631393,0.004830475422855976
00824-Dd4bFSTQ8gi,belief,43,birdhouse,0_1_52,0_1,2,0.0022746941225094065,0.9670426288967379,0.9487705709054759,0.8860270082170919,0.002798138589041549
00824-Dd4bFSTQ8gi,belief,43,birdhouse,0_5_84,0_5,3,0.0021204742112049175,0.9072869047003216,0.9402085819455541,0.990263601343516,0.0025102289003229206
00824-Dd4bFSTQ8gi,belief,43,birdhouse,0_5_94,0_5,4,0.0012634215168140543,0.9754105049749243,0.9360900290504934,0.9916418897687158,0.0013953667073822835
00824-Dd4bFSTQ8gi,belief,43,birdhouse,0_5_171,0_5,5,0.0011531841491855576,0.9731999333354012,0.9275741156946907,0.9573294678383242,0.0013344015738198697
00824-Dd4bFSTQ8gi,belief,44,blanket,0_0_1,0_0,1,0.9144042381933449,0.967441533474212,0.9826338374798602,0.9970343468188226,0.9647430692853642
00824-Dd4bFSTQ8gi,belief,44,blanket,0_0_62,0_0,2,0.8979995142884755,0.9766154141361135,0.9455824303675116,0.9954781869533682,0.976835389040825
00824-Dd4bFSTQ8gi,belief,44,blanket,0_0_52,0_0,3,0.8889238205277125,0.9919275494631966,0.9298860075247082,0.9968568096349694,0.9667676267246451
00824-Dd4bFSTQ8gi,belief,44,blanket,0_0_60,0_0,4,0.8881207369441003,0.9866587493879543,0.9272747945232263,0.9947380683187913,0.9758607391478223
00824-Dd4bFSTQ8gi,belief,44,blanket,0_0_67,0_0,5,0.8836928482339954,0.9752703176126023,0.9363263642984894,0.9963943131155873,0.9712205015669609
00824-Dd4bFSTQ8gi,belief,45,board,0_5_429,0_5,1,0.020894592452844064,0.981436476077767,0.9456069053530338,0.9937900419489633,0.02265512350334813
00824-Dd4bFSTQ8gi,belief,45,board,0_2_150,0_2,2,0.015460063835089117,0.9760204264991155,0.932923988734002,0.9830901668578967,0.017270812262931076
00824-Dd4bFSTQ8gi,belief,45,board,0_5_106,0_5,3,0.012374375641983165,0.9398846501553498,0.924557703481315,0.9969546355783374,0.014283653950404145
00824-Dd4bFSTQ8gi,belief,45,board,0_5_138,0_5,4,0.007986681761378785,0.9708760336623669,0.9574528351954763,0.9975009653708563,0.008613345837683185
00824-Dd4bFSTQ8gi,belief,45,board,0_1_52,0_1,5,0.007861705054457728,0.9670426288967379,0.9487705709054759,0.8860270082170919,0.009670812471381058
00824-Dd4bFSTQ8gi,belief,46,board game,0_5_277,0_5,1,0.00010851532583449036,0.9136341170421443,0.9096081134217623,0.9366862662323752,0.00013940241323280426
00824-Dd4bFSTQ8gi,belief,46,board game,0_3_37,0_3,2,9.936957676995144e-05,0.9621231979548526,0.9311012642543468,0.9966396233737745,0.00011129808405234164
00824-Dd4bFSTQ8gi,belief,46,board game,0_2_26,0_2,3,6.170756283894942e-05,0.9621798116673055,0.9588000005604795,0.9498128775436335,7.042325179242011e-05
00824-Dd4bFSTQ8gi,belief,46,board game,0_2_118,0_2,4,3.121149985210696e-05,0.9795660838865262,0.9548193678583632,0.9155692133060522,3.644756326929563e-05
00824-Dd4bFSTQ8gi,belief,46,board game,0_6_2,0_6,5,2.1720886527023092e-05,0.9230388447760689,0.92111433688238,0.96168527426753,2.6565075875857132e-05
00824-Dd4bFSTQ8gi,belief,47,board with keys,0_5_26,0_5,1,4.605225586201546e-05,0.7796576382258,0.9491198308975333,0.9989458168089475,6.22994181717337e-05
00824-Dd4bFSTQ8gi,belief,47,board with keys,0_5_56,0_5,2,3.159874409214739e-05,0.9710243336889746,0.9203949069506963,0.9987838189835215,3.5399245344658324e-05
00824-Dd4bFSTQ8gi,belief,47,board with keys,0_5_40,0_5,3,2.7414697670779257e-05,0.9689809991581471,0.9280634284359455,0.9979892151313309,3.054672764191304e-05
00824-Dd4bFSTQ8gi,belief,47,board with keys,0_5_61,0_5,4,1.991387010745097e-05,0.9574991573743392,0.9466749464426893,0.9991307566890333,2.198842170835027e-05
00824-Dd4bFSTQ8gi,belief,47,board with keys,0_5_421,0_5,5,1.8158914280390082e-05,0.9632188090186007,0.9323716488692897,0.9960048696990845,2.0300858445325386e-05
00824-Dd4bFSTQ8gi,belief,48,book,0_2_164,0_2,1,0.891003686639191,0.976943165470623,0.9507542637434221,0.9978985865584589,0.9612924088775983
00824-Dd4bFSTQ8gi,belief,48,book,0_5_28,0_5,2,0.4859431256647791,0.8739358467557441,0.91572712619522,0.9854440541086565,0.616180338794465
00824-Dd4bFSTQ8gi,belief,48,book,0_2_118,0_2,3,0.35006313308113285,0.9795660838865262,0.9548193678583632,0.9155692133060522,0.40878997330085504
00824-Dd4bFSTQ8gi,belief,48,book,0_2_127,0_2,4,0.29326767473340964,0.8287659775127064,0.9692424887395859,0.9823823251567811,0.3716373010571256
00824-Dd4bFSTQ8gi,belief,48,book,0_3_37,0_3,5,0.28259233492392505,0.9621231979548526,0.9311012642543468,0.9966396233737745,0.3165152400490179
00824-Dd4bFSTQ8gi,belief,49,bottle,0_5_2,0_5,1,0.10112566625223444,0.9446704996128876,0.920601713839274,0.9745107978813246,0.11932257252776518
00824-Dd4bFSTQ8gi,belief,49,bottle,0_0_30,0_0,2,0.08559449082623909,0.971570948116727,0.9364986114502116,0.9774138395879133,0.0962466607824677
00824-Dd4bFSTQ8gi,belief,49,bottle,0_2_6,0_2,3,0.06278075113211584,0.9572748878262058,0.9918923651744805,0.9723959521942782,0.067995809970657
00824-Dd4bFSTQ8gi,belief,49,bottle,0_0_26,0_0,4,0.06108787009740326,0.9508786796631992,0.9376608623291074,0.9837077502529517,0.06964949809906842
00824-Dd4bFSTQ8gi,belief,49,bottle,0_5_141,0_5,5,0.055743599944605704,0.8877581810347396,0.916958852186766,0.9974033923687733,0.06865618074635939
00824-Dd4bFSTQ8gi,belief,50,bottle dispenser,0_5_2,0_5,1,0.000724904471877626,0.9446704996128876,0.920601713839274,0.9745107978813246,0.0008553463193564681
00824-Dd4bFSTQ8gi,belief,50,bottle dispenser,0_5_141,0_5,2,0.000682517137883224,0.8877581810347396,0.916958852186766,0.9974033923687733,0.0008406170399393637
00824-Dd4bFSTQ8gi,belief,50,bottle dispenser,0_0_30,0_0,3,0.00035052719363099877,0.971570948116727,0.9364986114502116,0.9774138395879133,0.00039415003903605175
00824-Dd4bFSTQ8gi,belief,50,bottle dispenser,0_5_134,0_5,4,0.0002957238383286655,0.9023070710365759,0.9449069595784122,0.9989257880047733,0.0003472239721882986
00824-Dd4bFSTQ8gi,belief,50,bottle dispenser,0_2_6,0_2,5,0.00020905860586541364,0.9572748878262058,0.9918923651744805,0.9723959521942782,0.00022642464419135195
00824-Dd4bFSTQ8gi,belief,51,bottle opener,0_0_45,0_0,1,0.005582908246386653,0.9408471284137021,0.9296761736142354,0.9863083992051843,0.006471381372119435
00824-Dd4bFSTQ8gi,belief,51,bottle opener,0_0_77,0_0,2,0.005147804529557032,0.9836660391754575,0.9287587514560726,0.9908879182433422,0.005686524541170808
00824-Dd4bFSTQ8gi,belief,51,bottle opener,0_0_30,0_0,3,0.003786836240879979,0.971570948116727,0.9364986114502116,0.9774138395879133,0.004258105160700386
00824-Dd4bFSTQ8gi,belief,51,bottle opener,0_0_44,0_0,4,0.00343450001496683,0.9746067896723822,0.9193050916540129,0.9818892958002545,0.0039040187874271126
00824-Dd4bFSTQ8gi,belief,51,bottle opener,0_2_118,0_2,5,0.0028751730122330665,0.9795660838865262,0.9548193678583632,0.9155692133060522,0.0033575140819918606
00824-Dd4bFSTQ8gi,belief,52,bowl,0_5_260,0_5,1,0.059008404703584975,0.8919481019533816,0.9424942998312142,0.9588323948945878,0.07320704165437107
00824-Dd4bFSTQ8gi,belief,52,bowl,0_5_289,0_5,2,0.0334486329066968,0.9108633210813557,0.8770198633691247,0.8320749701209859,0.050321464326189475
00824-Dd4bFSTQ8gi,belief,52,bowl,0_5_293,0_5,3,0.024990350291453203,0.9593782144020322,0.9538460228728288,0.8306947788685295,0.03287477108389922
00824-Dd4bFSTQ8gi,belief,52,bowl,0_5_171,0_5,4,0.022857143630844127,0.9731999333354012,0.9275741156946907,0.9573294678383242,0.02644903544292248
00824-Dd4bFSTQ8gi,belief,52,bowl,0_5_305,0_5,5,0.020374001817476405,0.8800817169235661,0.9145566573947903,0.900988414543927,0.02809464311018165
00824-Dd4bFSTQ8gi,belief,53,box,0_5_70,0_5,1,0.45142356936416117,0.8857353876802494,0.9365876202115592,0.9990448701253544,0.544686770192186
00824-Dd4bFSTQ8gi,belief,53,box,0_5_127,0_5,2,0.4133337038588701,0.9712925213078658,0.9027066908876451,0.9988746751874485,0.47194687096143095
00824-Dd4bFSTQ8gi,belief,53,box,0_5_16,0_5,3,0.3655219593095769,0.9256008538277343,0.9116673200609422,0.9992698965734864,0.43348146747892635
00824-Dd4bFSTQ8gi,belief,53,box,0_5_94,0_5,4,0.30988418253491035,0.9754105049749243,0.9360900290504934,0.9916418897687158,0.34224687936609494
00824-Dd4bFSTQ8gi,belief,53,box,0_1_35,0_1,5,0.2498780682484907,0.9436002045715728,0.9186584180695694,0.9937285419533587,0.2900803365532421
00824-Dd4bFSTQ8gi,belief,54,boxing ring,0_2_118,0_2,1,0.0003856092510618978,0.9795660838865262,0.9548193678583632,0.9155692133060522,0.0004502993333194611
00824-Dd4bFSTQ8gi,belief,54,boxing ring,0_5_277,0_5,2,0.0003678767033767265,0.9136341170421443,0.9096081134217623,0.9366862662323752,0.0004725867044905882
00824-Dd4bFSTQ8gi,belief,54,boxing ring,0_1_52,0_1,3,0.00029713816694692125,0.9670426288967379,0.9487705709054759,0.8860270082170919,0.0003655145379696264
00824-Dd4bFSTQ8gi,belief,54,boxing ring,0_4_116,0_4,4,0.0002247041181221883,0.9767318007018831,0.9430731085706365,0.9744615593847696,0.0002503373386671945
00824-Dd4bFSTQ8gi,belief,54,boxing ring,0_3_30,0_3,5,0.00016875522873265335,0.9271998826544082,0.9205946023528102,0.9898808012458685,0.0001997250527648007
00824-Dd4bFSTQ8gi,belief,55,bread,0_5_94,0_5,1,0.05216612580013031,0.9754105049749243,0.9360900290504934,0.9916418897687158,0.057614085422712416
00824-Dd4bFSTQ8gi,belief,55,bread,0_5_146,0_5,2,0.04266581800758698,0.9807383061363968,0.9220360178388901,0.9794910865605717,0.048170212634039485
00824-Dd4bFSTQ8gi,belief,55,bread,0_5_23,0_5,3,0.03462309336895469,0.8775336300609289,0.9155703927595544,0.9661093980736647,0.04460505207682569
00824-Dd4bFSTQ8gi,belief,55,bread,0_6_4,0_6,4,0.027947787179164178,0.958239028850893,0.9269886212419773,0.9444489641783121,0.03331353151586568
00824-Dd4bFSTQ8gi,belief,55,bread,0_1_54,0_1,5,0.027146210776812875,0.9543598111186709,0.8922708780310395,0.9071457299680523,0.03514174272821488
00824-Dd4bFSTQ8gi,belief,56,bread box,0_5_127,0_5,1,0.04264390807131741,0.9712925213078658,0.9027066908876451,0.9988746751874485,0.04869106678679397
00824-Dd4bFSTQ8gi,belief,56,bread box,0_5_94,0_5,2,0.04050995657518314,0.9754105049749243,0.9360900290504934,0.9916418897687158,0.04474060633782281
00824-Dd4bFSTQ8gi,belief,56,bread box,0_5_70,0_5,3,0.031190459523316054,0.8857353876802494,0.9365876202115592,0.9990448701253544,0.03763434568224807
00824-Dd4bFSTQ8gi,belief,56,bread box,0_5_192,0_5,4,0.019668728329343826,0.9489220062294501,0.9289845512488727,0.9963568052427938,0.02239352077977758
00824-Dd4bFSTQ8gi,belief,56,bread box,0_5_0,0_5,5,0.01648163807539405,0.9377236944263676,0.9401411498436985,0.9993631012421539,0.018707213848647774
00824-Dd4bFSTQ8gi,belief,57,bricks,0_6_2,0_6,1,0.1652225573939886,0.9230388447760689,0.92111433688238,0.96168527426753,0.20207047111607984
00824-Dd4bFSTQ8gi,belief,57,bricks,0_6_13,0_6,2,0.12119279545008087,0.93869310175931,0.9989302882116098,0.9981627582264285,0.12948415684383738
00824-Dd4bFSTQ8gi,belief,57,bricks,0_6_106,0_6,3,0.10356553647167115,0.9647176402265376,0.9514341147540406,0.9985464777600634,0.1129972920236563
00824-Dd4bFSTQ8gi,belief,57,bricks,0_6_127,0_6,4,0.0916551469455877,0.9778865472984916,0.923753008810368,0.9988416311091586,0.10158179558474027
00824-Dd4bFSTQ8gi,belief,57,bricks,0_6_139,0_6,5,0.043053123185820635,0.940496376937344,0.8959734223108025,0.9988795987545621,0.051149249361213234
00824-Dd4bFSTQ8gi,belief,58,bridge,0_5_409,0_5,1,0.003392527522564472,0.9553930417384459,0.9550950135905424,0.8620343121781208,0.004312907812832244
00824-Dd4bFSTQ8gi,belief,58,bridge,0_2_26,0_2,2,0.0027193745238428633,0.9621798116673055,0.9588000005604795,0.9498128775436335,0.0031034639515790502
00824-Dd4bFSTQ8gi,belief,58,bridge,0_1_5,0_1,3,0.002339815697819758,0.9771667424800556,0.9365522750560813,0.9850200777784011,0.0025955886522951986
00824-Dd4bFSTQ8gi,belief,58,bridge,0_2_121,0_2,4,0.002285529059470389,0.9803334756295867,0.9596440184592478,0.9852285314398698,0.002465844999811816
00824-Dd4bFSTQ8gi,belief,58,bridge,0_5_164,0_5,5,0.0015937253383921375,0.8294892445145737,0.8934307131046062,0.9942898782409825,0.002162862057468876
00824-Dd4bFSTQ8gi,belief,59,broom,0_5_378,0_5,1,0.07676668103195432,0.9511613198689052,0.9632165774043154,0.9975818054991474,0.08399358451898055
00824-Dd4bFSTQ8gi,belief,59,broom,0_6_158,0_6,2,0.04242493222467368,0.95469726641687,0.935107809836967,0.7431914433639781,0.06394301252174443
00824-Dd4bFSTQ8gi,belief,59,broom,0_5_218,0_5,3,0.030590996497587238,0.982129028522306,0.8950110909392756,0.9709824249343966,0.03584142684016245
00824-Dd4bFSTQ8gi,belief,59,broom,0_5_409,0_5,4,0.0305571327978603,0.9553930417384459,0.9550950135905424,0.8620343121781208,0.03884717099716308
00824-Dd4bFSTQ8gi,belief,59,broom,0_1_26,0_1,5,0.02843795905574219,0.822130153600645,0.9852265509096012,0.9970716147899084,0.035212380608567316
00824-Dd4bFSTQ8gi,belief,60,brush,0_6_1,0_6,1,0.4303398381564849,0.9847008419310647,0.9140771914844115,0.9792199486746695,0.48825209817492354
00824-Dd4bFSTQ8gi,belief,60,brush,0_5_218,0_5,2,0.18565917446931499,0.982129028522306,0.8950110909392756,0.9709824249343966,0.2175244510087059
00824-Dd4bFSTQ8gi,belief,60,brush,0_6_2,0_6,3,0.1328714756579343,0.9230388447760689,0.92111433688238,0.96168527426753,0.16250445524858095
00824-Dd4bFSTQ8gi,belief,60,brush,0_5_242,0_5,4,0.11974202588598222,0.9882159634287973,0.9313978511327858,0.9381612032468682,0.13866984678733166
00824-Dd4bFSTQ8gi,belief,60,brush,0_6_79,0_6,5,0.1185598742024509,0.9764038686326914,0.9405713974718488,0.9689450493932146,0.13323469202736068
00824-Dd4bFSTQ8gi,belief,61,bucket,0_2_30,0_2,1,0.1095893639851637,0.9706078015830275,0.9472652918790121,0.9855811605074362,0.12093739523119905
00824-Dd4bFSTQ8gi,belief,61,bucket,0_4_19,0_4,2,0.08907752884303484,0.8997959636237179,0.9968185372011825,0.9517453362107378,0.10434875139925767
00824-Dd4bFSTQ8gi,belief,61,bucket,0_2_4,0_2,3,0.0819628113348543,0.9914682768474512,0.9240828969087691,0.9976140795061246,0.08967358267504941
00824-Dd4bFSTQ8gi,belief,61,bucket,0_2_20,0_2,4,0.048290715092660606,0.982753731987693,0.9497720260555331,0.9974232243682267,0.05187045821606867
00824-Dd4bFSTQ8gi,belief,61,bucket,0_1_35,0_1,5,0.04459145979913663,0.9436002045715728,0.9186584180695694,0.9937285419533587,0.05176567017906763
00824-Dd4bFSTQ8gi,belief,62,buffet,0_5_293,0_5,1,0.00310527845130457,0.9593782144020322,0.9538460228728288,0.8306947788685295,0.004084989487855095
00824-Dd4bFSTQ8gi,belief,62,buffet,0_5_277,0_5,2,0.003033349621096219,0.9136341170421443,0.9096081134217623,0.9366862662323752,0.0038967422721890342
00824-Dd4bFSTQ8gi,belief,62,buffet,0_5_381,0_5,3,0.0024294082973455072,0.8738880676251871,1.0,0.740147299803735,0.00375600828849271
00824-Dd4bFSTQ8gi,belief,62,buffet,0_1_52,0_1,4,0.002232035037972885,0.9670426288967379,0.9487705709054759,0.8860270082170919,0.0027456629487197883
00824-Dd4bFSTQ8gi,belief,62,buffet,0_5_28,0_5,5,0.001960626582683639,0.8739358467557441,0.91572712619522,0.9854440541086565,0.00248609248317843
00824-Dd4bFSTQ8gi,belief,63,button,0_1_29,0_1,1,0.04465785626432723,0.9756274529318523,0.9604242971664061,0.8487639121585747,0.05615181710908793
00824-Dd4bFSTQ8gi,belief,63,button,0_1_52,0_1,2,0.023088828040933037,0.9670426288967379,0.9487705709054759,0.8860270082170919,0.02840194647612985
00824-Dd4bFSTQ8gi,belief,63,button,0_2_26,0_2,3,0.01748196561542667,0.9621798116673055,0.9588000005604795,0.9498128775436335,0.019951150389373947
00824-Dd4bFSTQ8gi,belief,63,button,0_5_381,0_5,4,0.016140922361026745,0.8738880676251871,1.0,0.740147299803735,0.024954816462171535
00824-Dd4bFSTQ8gi,belief,63,button,0_6_149,0_6,5,0.01320133101740253,0.9181212293145322,0.9277969756954261,0.9897149494109828,0.01565866051849146
00824-Dd4bFSTQ8gi,belief,64,cabinet,0_5_407,0_5,1,0.7433598974176562,0.9508972239607033,0.8812271875344988,0.9985032224459152,0.8884401778270115
00824-Dd4bFSTQ8gi,belief,64,cabinet,0_5_18,0_5,2,0.7241412230864303,0.9660357592710255,0.9019724366621011,0.9987844825130742,0.8320798707321305
00824-Dd4bFSTQ8gi,belief,64,cabinet,0_5_25,0_5,3,0.6142401819835368,0.9472677294515501,0.9331022343598098,0.9994798792782534,0.6952839367674103
00824-Dd4bFSTQ8gi,belief,64,cabinet,0_5_224,0_5,4,0.5054308056409479,0.8554162811701932,0.9433249472087722,0.9995941722983195,0.6266126540314912
00824-Dd4bFSTQ8gi,belief,64,cabinet,0_5_226,0_5,5,0.48445580641402597,0.9484640265991485,0.9399904782397057,0.9988878339942109,0.5439927652038602
00824-Dd4bFSTQ8gi,belief,65,cable,0_5_341,0_5,1,0.07587017325443397,0.9528206065803968,0.9224242573964267,0.9534262359800177,0.09054033999537003
00824-Dd4bFSTQ8gi,belief,65,cable,0_1_52,0_1,2,0.0438827908978104,0.9670426288967379,0.9487705709054759,0.8860270082170919,0.05398094160921487
00824-Dd4bFSTQ8gi,belief,65,cable,0_6_158,0_6,3,0.04152585996654832,0.95469726641687,0.935107809836967,0.7431914433639781,0.0625879275364624
00824-Dd4bFSTQ8gi,belief,65,cable,0_1_5,0_1,4,0.03018340897885898,0.9771667424800556,0.9365522750560813,0.9850200777784011,0.03348285675068857
00824-Dd4bFSTQ8gi,belief,65,cable,0_5_242,0_5,5,0.019178147074067082,0.9882159634287973,0.9313978511327858,0.9381612032468682,0.022209668633451154
00824-Dd4bFSTQ8gi,belief,66,cage,0_0_68,0_0,1,0.028617090776324253,0.9846795644396259,0.9289725468060053,0.9990746168670699,0.0313133657909276
00824-Dd4bFSTQ8gi,belief,66,cage,0_0_69,0_0,2,0.02064318479382675,0.9587556103772539,0.9581037180722831,0.9990149214685824,0.022494911115665088
00824-Dd4bFSTQ8gi,belief,66,cage,0_0_3,0_0,3,0.012835019385067823,0.944503735465768,0.9177409927973148,0.9992977798065575,0.014817597573736694
00824-Dd4bFSTQ8gi,belief,66,cage,0_0_74,0_0,4,0.005268512968747529,0.9602879842122395,0.9475084521535366,0.9993993828081466,0.005793811868652915
00824-Dd4bFSTQ8gi,belief,66,cage,0_0_59,0_0,5,0.002876363979243278,0.9823820546561597,0.9528957522390721,0.9990687665571334,0.0030755489805096665
00824-Dd4bFSTQ8gi,belief,67,cake,0_1_52,0_1,1,0.29762220618429525,0.9670426288967379,0.9487705709054759,0.8860270082170919,0.36610996258311784
00824-Dd4bFSTQ8gi,belief,67,cake,0_5_94,0_5,2,0.2793789796726687,0.9754105049749243,0.9360900290504934,0.9916418897687158,0.3085558713300339
00824-Dd4bFSTQ8gi,belief,67,cake,0_2_172,0_2,3,0.1271464759789229,0.9597954059832474,0.9595718461650053,0.9921985866843136,0.13913921840441348
00824-Dd4bFSTQ8gi,belief,67,cake,0_5_260,0_5,4,0.09544808038636611,0.8919481019533816,0.9424942998312142,0.9588323948945878,0.11841485347340609
00824-Dd4bFSTQ8gi,belief,67,cake,0_5_23,0_5,5,0.07814571872008842,0.8775336300609289,0.9155703927595544,0.9661093980736647,0.1006754022797979
00824-Dd4bFSTQ8gi,belief,68,calculator,0_1_52,0_1,1,0.00079900059290787,0.9670426288967379,0.9487705709054759,0.8860270082170919,0.000982863748386611
00824-Dd4bFSTQ8gi,belief,68,calculator,0_5_381,0_5,2,0.00011192734746349168,0.8738880676251871,1.0,0.740147299803735,0.00017304627025487167
00824-Dd4bFSTQ8gi,belief,68,calculator,0_4_116,0_4,3,3.976167463579472e-05,0.9767318007018831,0.9430731085706365,0.9744615593847696,4.429750505891086e-05
00824-Dd4bFSTQ8gi,belief,68,calculator,0_2_118,0_2,4,3.253913340389637e-05,0.9795660838865262,0.9548193678583632,0.9155692133060522,3.7997921570132546e-05
00824-Dd4bFSTQ8gi,belief,68,calculator,0_2_26,0_2,5,2.889820766914423e-05,0.9621798116673055,0.9588000005604795,0.9498128775436335,3.2979843335333354e-05
00824-Dd4bFSTQ8gi,belief,69,calendar,0_2_121,0_2,1,0.000920772250881653,0.9803334756295867,0.9596440184592478,0.9852285314398698,0.00099341622518163
00824-Dd4bFSTQ8gi,belief,69,calendar,0_5_381,0_5,2,0.0007214002728841205,0.8738880676251871,1.0,0.740147299803735,0.0011153273030450616
00824-Dd4bFSTQ8gi,belief,69,calendar,0_2_26,0_2,3,0.0006742162446242895,0.9621798116673055,0.9588000005604795,0.9498128775436335,0.0007694437792274445
00824-Dd4bFSTQ8gi,belief,69,calendar,0_5_401,0_5,4,0.0006484906008176785,0.8536394458068045,1.0,0.9906652797058645,0.000766835602999421
00824-Dd4bFSTQ8gi,belief,69,calendar,0_5_421,0_5,5,0.0006368277579498641,0.9632188090186007,0.9323716488692897,0.9960048696990845,0.0007119451068809391
00824-Dd4bFSTQ8gi,belief,70,camera,0_5_337,0_5,1,0.369557703440758,0.975354276358437,0.923181366702601,0.991935831123999,0.4137607197272284
00824-Dd4bFSTQ8gi,belief,70,camera,0_2_200,0_2,2,0.3611676183219244,0.9661810888184442,0.9500365693955204,0.9988173081479677,0.39393438498484107
00824-Dd4bFSTQ8gi,belief,70,camera,0_2_174,0_2,3,0.3117623229798975,0.9830539070309687,0.8802982169221036,0.9984696322191826,0.36081253118954126
00824-Dd4bFSTQ8gi,belief,70,camera,0_5_411,0_5,4,0.2963467400853025,0.9644731516071066,0.9124457899888485,0.9981805046723643,0.3373602085809517
00824-Dd4bFSTQ8gi,belief,70,camera,0_5_52,0_5,5,0.2741961078095611,0.9794476795140256,0.9539231511390984,0.9986155798321091,0.29387884052603214
00824-Dd4bFSTQ8gi,belief,71,can,0_5_23,0_5,1,0.240391528673735,0.8775336300609289,0.9155703927595544,0.9661093980736647,0.30969724573871654
00824-Dd4bFSTQ8gi,belief,71,can,0_5_141,0_5,2,0.2360031664331431,0.8877581810347396,0.916958852186766,0.9974033923687733,0.290671504306298
00824-Dd4bFSTQ8gi,belief,71,can,0_1_52,0_1,3,0.16380832345401733,0.9670426288967379,0.9487705709054759,0.8860270082170919,0.2015033083029344
00824-Dd4bFSTQ8gi,belief,71,can,0_3_5,0_3,4,0.14101539038656377,0.9365737316785036,0.9578883224092122,0.9902321937148507,0.15873497235043066
00824-Dd4bFSTQ8gi,belief,71,can,0_5_106,0_5,5,0.12785224617424853,0.9398846501553498,0.924557703481315,0.9969546355783374,0.14757894005892444
00824-Dd4bFSTQ8gi,belief,72,canal,0_2_26,0_2,1,0.002349141104860206,0.9621798116673055,0.9588000005604795,0.9498128775436335,0.0026809380878525524
00824-Dd4bFSTQ8gi,belief,72,canal,0_2_121,0_2,2,0.0014519767672367234,0.9803334756295867,0.9596440184592478,0.9852285314398698,0.0015665299185315328
00824-Dd4bFSTQ8gi,belief,72,canal,0_2_118,0_2,3,0.0010765859199762834,0.9795660838865262,0.9548193678583632,0.9155692133060522,0.0012571947397305092
00824-Dd4bFSTQ8gi,belief,72,canal,0_4_116,0_4,4,0.001001768800098717,0.9767318007018831,0.9430731085706365,0.9744615593847696,0.0011160460140751574
00824-Dd4bFSTQ8gi,belief,72,canal,0_0_30,0_0,5,0.0005729261268049066,0.971570948116727,0.9364986114502116,0.9774138395879133,0.0006442263520434543
00824-Dd4bFSTQ8gi,belief,73,candelabra,0_2_6,0_2,1,0.021556297009080443,0.9572748878262058,0.9918923651744805,0.9723959521942782,0.02334693116391641
00824-Dd4bFSTQ8gi,belief,73,candelabra,0_2_76,0_2,2,0.00039908050188371114,0.945633727312088,0.9444796539070783,0.9989476742208035,0.00044730341037702026
00824-Dd4bFSTQ8gi,belief,73,candelabra,0_5_241,0_5,3,0.0003509574218559795,0.9436638364583131,0.9209175787034058,0.9959684517937087,0.00040548124753143195
00824-Dd4bFSTQ8gi,belief,73,candelabra,0_5_381,0_5,4,0.0002624522037264687,0.8738880676251871,1.0,0.740147299803735,0.00040576656200890486
00824-Dd4bFSTQ8gi,belief,73,candelabra,0_2_2,0_2,5,0.00023502251728355823,0.977796998038035,0.9136541244650005,0.9992588998606112,0.000263269731165738
00824-Dd4bFSTQ8gi,belief,74,candle,0_2_6,0_2,1,0.0058204704482570134,0.9572748878262058,0.9918923651744805,0.9723959521942782,0.006303964119617734
00824-Dd4bFSTQ8gi,belief,74,candle,0_5_277,0_5,2,0.0013061655961938393,0.9136341170421443,0.9096081134217623,0.9366862662323752,0.0016779439658947497
00824-Dd4bFSTQ8gi,belief,74,candle,0_1_9,0_1,3,0.0011508029609286962,0.9570596029988906,0.9115689408263052,0.977862634324559,0.001348946155117826
00824-Dd4bFSTQ8gi,belief,74,candle,0_2_168,0_2,4,0.0006090880241255211,0.9805093748240153,0.9075325009829689,0.990365114076751,0.0006911475759664053
00824-Dd4bFSTQ8gi,belief,74,candle,0_2_172,0_2,5,0.0006061329477904346,0.9597954059832474,0.9595718461650053,0.9921985866843136,0.000663304774712787
00824-Dd4bFSTQ8gi,belief,75,candle holder,0_2_6,0_2,1,0.04528986906789307,0.9572748878262058,0.9918923651744805,0.9723959521942782,0.04905199882454174
00824-Dd4bFSTQ8gi,belief,75,candle holder,0_2_172,0_2,2,0.009004703912524312,0.9597954059832474,0.9595718461650053,0.9921985866843136,0.00985404789794954
00824-Dd4bFSTQ8gi,belief,75,candle holder,0_4_140,0_4,3,0.0025511323484822906,0.9344231238672053,0.9314667701214092,0.9984821219111557,0.0029354977589252443
00824-Dd4bFSTQ8gi,belief,75,candle holder,0_2_174,0_2,4,0.0017853322101390701,0.9830539070309687,0.8802982169221036,0.9984696322191826,0.002066222202854295
00824-Dd4bFSTQ8gi,belief,75,candle holder,0_2_55,0_2,5,0.0013320498756399038,0.9653688271840414,0.9396800767000384,0.9956710197436406,0.0014747938907243093
00824-Dd4bFSTQ8gi,belief,76,candle stand,0_2_6,0_2,1,0.10683669317340568,0.9572748878262058,0.9918923651744805,0.9723959521942782,0.11571138216592813
00824-Dd4bFSTQ8gi,belief,76,candle stand,0_2_172,0_2,2,0.004849695440060121,0.9597954059832474,0.9595718461650053,0.9921985866843136,0.005307129653685976
00824-Dd4bFSTQ8gi,belief,76,candle stand,0_4_140,0_4,3,0.004725538982684649,0.9344231238672053,0.9314667701214092,0.9984821219111557,0.00543751056335326
00824-Dd4bFSTQ8gi,belief,76,candle stand,0_2_55,0_2,4,0.0031789571412552103,0.9653688271840414,0.9396800767000384,0.9956710197436406,0.003519617888590983
00824-Dd4bFSTQ8gi,belief,76,candle stand,0_2_174,0_2,5,0.0026206712419042212,0.9830539070309687,0.8802982169221036,0.9984696322191826,0.003032986844494584
00824-Dd4bFSTQ8gi,belief,77,candlestick,0_2_6,0_2,1,0.06411611508980736,0.9572748878262058,0.9918923651744805,0.9723959521942782,0.06944209967365497
00824-Dd4bFSTQ8gi,belief,77,candlestick,0_3_29,0_3,2,0.0012122091494771766,0.9802004204215117,0.9173320674665175,0.9370955823154603,0.0014386402512790557
00824-Dd4bFSTQ8gi,belief,77,candlestick,0_1_9,0_1,3,0.0006046148784993495,0.9570596029988906,0.9115689408263052,0.977862634324559,0.0007087163861835625
00824-Dd4bFSTQ8gi,belief,77,candlestick,0_4_121,0_4,4,0.000506596296332202,0.9544563668966294,0.9000147757925203,0.9818416918362156,0.0006006407898600252
00824-Dd4bFSTQ8gi,belief,77,candlestick,0_5_200,0_5,5,0.0004139583146321218,0.9055513706883213,0.9622155962814702,0.9825839058109215,0.0004835055677394798
00824-Dd4bFSTQ8gi,belief,78,canoe,0_1_54,0_1,1,0.07521884593934518,0.9543598111186709,0.8922708780310395,0.9071457299680523,0.09737349179398216
00824-Dd4bFSTQ8gi,belief,78,canoe,0_1_52,0_1,2,0.05263898783332723,0.9670426288967379,0.9487705709054759,0.8860270082170919,0.06475208323043989
00824-Dd4bFSTQ8gi,belief,78,canoe,0_1_55,0_1,3,0.02715127835625395,0.9745056038523426,0.9320924381733031,0.880783763975125,0.03393732881028755
00824-Dd4bFSTQ8gi,belief,78,canoe,0_0_47,0_0,4,0.018620154660794613,0.9624765808173422,0.8942528018457205,0.9912889280771499,0.02182390929574146
00824-Dd4bFSTQ8gi,belief,78,canoe,0_5_196,0_5,5,0.008037988627618333,0.9066531505913307,0.9379277849378256,0.7629739907030572,0.012388738257023107
00824-Dd4bFSTQ8gi,belief,79,canopy,0_2_121,0_2,1,0.047201799139746155,0.9803334756295867,0.9596440184592478,0.9852285314398698,0.05092576701599042
00824-Dd4bFSTQ8gi,belief,79,canopy,0_4_122,0_4,2,0.02992964818565324,0.9556727515657745,0.9552169803704642,0.9846313234169229,0.03329789095802621
00824-Dd4bFSTQ8gi,belief,79,canopy,0_5_19,0_5,3,0.027711799735191348,0.9446524497437864,0.9510823955705882,0.9710361014518593,0.03176429034939939
00824-Dd4bFSTQ8gi,belief,79,canopy,0_3_44,0_3,4,0.025061541882334785,0.9418675720698375,0.9345186300815664,0.9856434064252441,0.02888751324558411
00824-Dd4bFSTQ8gi,belief,79,canopy,0_2_115,0_2,5,0.024785735312800757,0.9527169490513011,0.9282139519033398,0.9795580761703093,0.02861275225309662
00824-Dd4bFSTQ8gi,belief,80,car,0_1_52,0_1,1,0.16644916189635775,0.9670426288967379,0.9487705709054759,0.8860270082170919,0.20475184703164276
00824-Dd4bFSTQ8gi,belief,80,car,0_3_35,0_3,2,0.11584143339632916,0.8552236933541555,0.9230438950589228,0.9962066637995133,0.1473032747287521
00824-Dd4bFSTQ8gi,belief,80,car,0_4_116,0_4,3,0.019445232306199923,0.9767318007018831,0.9430731085706365,0.9744615593847696,0.02166345568554476
00824-Dd4bFSTQ8gi,belief,80,car,0_6_68,0_6,4,0.008813238068065374,0.9486475287198018,0.9414739267705342,0.9603944193808228,0.010274783911926426
00824-Dd4bFSTQ8gi,belief,80,car,0_6_79,0_6,5,0.008441568114994536,0.9764038686326914,0.9405713974718488,0.9689450493932146,0.009486428149449187
00824-Dd4bFSTQ8gi,belief,81,card,0_0_77,0_0,1,0.1544785114559157,0.9836660391754575,0.9287587514560726,0.9908879182433422,0.17064475572719362
00824-Dd4bFSTQ8gi,belief,81,card,0_2_114,0_2,2,0.1252101082258315,0.975630308427508,0.9513947294934744,0.9918297227012116,0.13600542985995168
00824-Dd4bFSTQ8gi,belief,81,card,0_1_16,0_1,3,0.07385522079545992,0.952607444034062,0.942170543764502,0.99708231499013,0.08252902118993055
00824-Dd4bFSTQ8gi,belief,81,card,0_0_35,0_0,4,0.06605327589765043,0.9895250132929861,0.947856581998354,0.9909226235198423,0.0710698191665513
00824-Dd4bFSTQ8gi,belief,81,card,0_0_45,0_0,5,0.0654146655951339,0.9408471284137021,0.9296761736142354,0.9863083992051843,0.07582486218894124
00824-Dd4bFSTQ8gi,belief,82,cardboard,0_3_32,0_3,1,0.9018941808945213,0.977728397049833,0.9983562145938157,0.9991331304939871,0.924758794312178
00824-Dd4bFSTQ8gi,belief,82,cardboard,0_1_66,0_1,2,0.875921457811147,0.9748844271811886,0.9624580093054149,0.9991699039093208,0.934309785534128
00824-Dd4bFSTQ8gi,belief,82,cardboard,0_1_63,0_1,3,0.8718105260486796,0.9450948212992035,0.9457416269789436,0.9996259330183175,0.9757458334620494
00824-Dd4bFSTQ8gi,belief,82,cardboard,0_1_67,0_1,4,0.8647438131933799,0.9813906480388437,0.9660186405883875,0.9990334883070789,0.9130193783333983
00824-Dd4bFSTQ8gi,belief,82,cardboard,0_0_25,0_0,5,0.8466600203293452,0.9282085501171898,0.928717812596112,0.9988308397600874,0.983303918185106
00824-Dd4bFSTQ8gi,belief,83,cart,0_1_52,0_1,1,0.10446230278425436,0.9670426288967379,0.9487705709054759,0.8860270082170919,0.12850079385544103
00824-Dd4bFSTQ8gi,belief,83,cart,0_6_79,0_6,2,0.019887015711992733,0.9764038686326914,0.9405713974718488,0.9689450493932146,0.022348542722018683
00824-Dd4bFSTQ8gi,belief,83,cart,0_3_3,0_3,3,0.018372392140870854,0.9352000604038737,0.9641408302363261,0.9968644707889505,0.02044017395510268
00824-Dd4bFSTQ8gi,belief,83,cart,0_6_68,0_6,4,0.017356105162448742,0.9486475287198018,0.9414739267705342,0.9603944193808228,0.020234359802784433
00824-Dd4bFSTQ8gi,belief,83,cart,0_5_173,0_5,5,0.01634157968492698,0.7824228611257341,0.9281239138084845,0.9963801591658398,0.02258507156442319
00824-Dd4bFSTQ8gi,belief,84,cash register,0_5_177,0_5,1,0.0006670693640737948,0.9626096776780202,0.9291400845210275,0.980541615429202,0.0007606301657367839
00824-Dd4bFSTQ8gi,belief,84,cash register,0_2_118,0_2,2,0.0006507568821435874,0.9795660838865262,0.9548193678583632,0.9155692133060522,0.0007599283196016235
00824-Dd4bFSTQ8gi,belief,84,cash register,0_6_79,0_6,3,0.000532989494914112,0.9764038686326914,0.9405713974718488,0.9689450493932146,0.0005989605816166786
00824-Dd4bFSTQ8gi,belief,84,cash register,0_5_94,0_5,4,0.0004827640894452182,0.9754105049749243,0.9360900290504934,0.9916418897687158,0.0005331814671245014
00824-Dd4bFSTQ8gi,belief,84,cash register,0_3_46,0_3,5,0.0002992991205106613,0.9417606059051291,0.9484308509573944,0.9944768398231622,0.00033694931282469536
00824-Dd4bFSTQ8gi,belief,85,casket,0_1_52,0_1,1,0.015121464791893982,0.9670426288967379,0.9487705709054759,0.8860270082170919,0.018601162124758035
00824-Dd4bFSTQ8gi,belief,85,casket,0_2_169,0_2,2,0.01356765490571475,0.9477227049863213,0.9335921561621523,0.9983475490964684,0.015359764361711286
00824-Dd4bFSTQ8gi,belief,85,casket,0_5_94,0_5,3,0.010822676897367631,0.9754105049749243,0.9360900290504934,0.9916418897687158,0.011952941141467655
00824-Dd4bFSTQ8gi,belief,85,casket,0_5_292,0_5,4,0.010683105250948934,0.9728397386153946,0.9715163362707585,0.9651859685911803,0.011711030101515986
00824-Dd4bFSTQ8gi,belief,85,casket,0_2_172,0_2,5,0.006714028129778079,0.9597954059832474,0.9595718461650053,0.9921985866843136,0.00734731040817386
00824-Dd4bFSTQ8gi,belief,86,cassette,0_1_52,0_1,1,0.19120456554370502,0.9670426288967379,0.9487705709054759,0.8860270082170919,0.23520387552526975
00824-Dd4bFSTQ8gi,belief,86,cassette,0_2_118,0_2,2,0.0655478719189924,0.9795660838865262,0.9548193678583632,0.9155692133060522,0.07654422953896868
00824-Dd4bFSTQ8gi,belief,86,cassette,0_1_35,0_1,3,0.04557454153551995,0.9436002045715728,0.9186584180695694,0.9937285419533587,0.05290691752001405
00824-Dd4bFSTQ8gi,belief,86,cassette,0_5_2,0_5,4,0.03475334790308189,0.9446704996128876,0.920601713839274,0.9745107978813246,0.04100698694439026
00824-Dd4bFSTQ8gi,belief,86,cassette,0_0_30,0_0,5,0.02802091996631896,0.971570948116727,0.9364986114502116,0.9774138395879133,0.031508102364740435
00824-Dd4bFSTQ8gi,belief,87,cat,0_5_245,0_5,1,0.7956206907442444,0.9720923848727662,0.9019851710081195,0.9927883028113811,0.9139921770026145
00824-Dd4bFSTQ8gi,belief,87,cat,0_3_47,0_3,2,0.7791912001022921,0.9306412878968231,0.9396563935419477,0.9737951084664206,0.9150083583731171
00824-Dd4bFSTQ8gi,belief,87,cat,0_5_252,0_5,3,0.7536178747511499,0.9419732367896524,0.9360671590114006,0.9861183064121916,0.8667155671177873
00824-Dd4bFSTQ8gi,belief,87,cat,0_5_166,0_5,4,0.741738598422093,0.9545936532297189,0.9167961833242718,0.9476931268745955,0.8943176649196086
00824-Dd4bFSTQ8gi,belief,87,cat,0_5_299,0_5,5,0.7184150312818628,0.9530364304530098,0.9700309846309396,0.9938571548477667,0.7819092178508885
00824-Dd4bFSTQ8gi,belief,88,cat food,0_5_94,0_5,1,0.0016016661802161168,0.9754105049749243,0.9360900290504934,0.9916418897687158,0.0017689358891476343
00824-Dd4bFSTQ8gi,belief,88,cat food,0_5_28,0_5,2,0.0011820106102612893,0.8739358467557441,0.91572712619522,0.9854440541086565,0.0014988002912749972
00824-Dd4bFSTQ8gi,belief,88,cat food,0_5_23,0_5,3,0.0009994501600683807,0.8775336300609289,0.9155703927595544,0.9661093980736647,0.0012875951308849742
00824-Dd4bFSTQ8gi,belief,88,cat food,0_5_277,0_5,4,0.0008875690401999061,0.9136341170421443,0.9096081134217623,0.9366862662323752,0.0011402008441029335
00824-Dd4bFSTQ8gi,belief,88,cat food,0_2_26,0_2,5,0.0007733494794166164,0.9621798116673055,0.9588000005604795,0.9498128775436335,0.0008825787732799174
00824-Dd4bFSTQ8gi,belief,89,cat litter box,0_5_127,0_5,1,0.03371297313856313,0.9712925213078658,0.9027066908876451,0.9988746751874485,0.038493672388700856
00824-Dd4bFSTQ8gi,belief,89,cat litter box,0_5_70,0_5,2,0.02922948217534998,0.8857353876802494,0.9365876202115592,0.9990448701253544,0.035268234361148586
00824-Dd4bFSTQ8gi,belief,89,cat litter box,0_5_192,0_5,3,0.027096347934131126,0.9489220062294501,0.9289845512488727,0.9963568052427938,0.030850120066673963
00824-Dd4bFSTQ8gi,belief,89,cat litter box,0_5_125,0_5,4,0.021781640660238178,0.8721973859944828,0.9260615837344047,0.9977790475216071,0.027027231394604705
00824-Dd4bFSTQ8gi,belief,89,cat litter box,0_5_121,0_5,5,0.014062442300190235,0.8748509762049825,0.895262801669855,0.9981154257284807,0.017988517179746876
00824-Dd4bFSTQ8gi,belief,90,cat tree,0_5_223,0_5,1,0.046277796946864284,0.9479626790217713,0.9415794957811312,0.9554470157029792,0.05426475364646021
00824-Dd4bFSTQ8gi,belief,90,cat tree,0_6_76,0_6,2,0.007709383558686908,0.9012199877692967,0.9184578656106932,0.9907891847665675,0.009400443490618074
00824-Dd4bFSTQ8gi,belief,90,cat tree,0_5_308,0_5,3,0.007476827969650591,0.8731722489992778,0.9068384887821965,0.9439973818038041,0.010002688155463525
00824-Dd4bFSTQ8gi,belief,90,cat tree,0_6_83,0_6,4,0.0057143364927110685,0.9627388365281055,0.9348679716940314,0.9979130440304634,0.006362302856073563
00824-Dd4bFSTQ8gi,belief,90,cat tree,0_5_171,0_5,5,0.004362795944733291,0.9731999333354012,0.9275741156946907,0.9573294678383242,0.005048388654161324
00824-Dd4bFSTQ8gi,belief,91,cd,0_2_118,0_2,1,0.024466602345135827,0.9795660838865262,0.9548193678583632,0.9155692133060522,0.02857113695863727
00824-Dd4bFSTQ8gi,belief,91,cd,0_5_114,0_5,2,0.014506547980685722,0.8986819527508157,0.9398566734947805,0.9938056320510519,0.017282038780248192
00824-Dd4bFSTQ8gi,belief,91,cd,0_5_423,0_5,3,0.013400602818060858,0.9704151882065667,0.9359775368968624,0.9654242556344028,0.015282102849335987
00824-Dd4bFSTQ8gi,belief,91,cd,0_5_60,0_5,4,0.010537654881425603,0.9521490124834533,0.9607124781646277,0.9901034115137874,0.011634964461804825
00824-Dd4bFSTQ8gi,belief,91,cd,0_5_164,0_5,5,0.009652647315889811,0.8294892445145737,0.8934307131046062,0.9942898782409825,0.013099713062684565
00824-Dd4bFSTQ8gi,belief,92,ceiling arch,0_5_414,0_5,1,0.7004613666771631,0.9948613874373897,0.9921787213337439,0.9941060378419344,0.7138368959652088
00824-Dd4bFSTQ8gi,belief,92,ceiling arch,0_5_199,0_5,2,0.6491761733402159,0.9041920717834501,0.8640897156074079,0.990828158942607,0.8385803857538685
00824-Dd4bFSTQ8gi,belief,92,ceiling arch,0_5_64,0_5,3,0.6383614391353051,0.9711792529235399,0.9345363293381999,0.9918165276361179,0.7091526319146713
00824-Dd4bFSTQ8gi,belief,92,ceiling arch,0_5_413,0_5,4,0.6345043520832501,0.9925627542866601,0.9545203936028842,0.994009491000733,0.6737532732762488
00824-Dd4bFSTQ8gi,belief,92,ceiling arch,0_5_198,0_5,5,0.5830572586369144,0.9745855193407761,0.8912679916927688,0.9929872743875356,0.6759884247961833
00824-Dd4bFSTQ8gi,belief,93,ceiling chassis,0_6_56,0_6,1,0.8940184050118886,0.9676198096947993,0.9676562327360383,0.9983292820707381,0.9564159294144342
00824-Dd4bFSTQ8gi,belief,93,ceiling chassis,0_6_30,0_6,2,0.880086258899262,0.9305769808558465,0.9959912434467122,0.9988296050961595,0.9506617236623779
00824-Dd4bFSTQ8gi,belief,93,ceiling chassis,0_6_98,0_6,3,0.8753448623775101,0.985952534458854,0.9501667814421271,0.9975453994660599,0.9366787468424332
00824-Dd4bFSTQ8gi,belief,93,ceiling chassis,0_6_29,0_6,4,0.8726225429773431,0.9686042168328615,0.9531164282696438,0.9993241074361798,0.9458619457778739
00824-Dd4bFSTQ8gi,belief,93,ceiling chassis,0_6_31,0_6,5,0.8705948929685842,0.9367713444985314,0.9664052496915978,0.9987910392302766,0.9628277528361324
00824-Dd4bFSTQ8gi,belief,94,ceiling ladder,0_2_168,0_2,1,0.43260866073708054,0.9805093748240153,0.9075325009829689,0.990365114076751,0.4908919817292106
00824-Dd4bFSTQ8gi,belief,94,ceiling ladder,0_4_119,0_4,2,0.2667104110580002,0.9772316422513739,0.9474930025919824,0.9936720903126515,0.28988339895589516
00824-Dd4bFSTQ8gi,belief,94,ceiling ladder,0_4_24,0_4,3,0.20520271485762553,0.965196909063848,0.9211361571376449,0.992974357424909,0.23243702943182762
00824-Dd4bFSTQ8gi,belief,94,ceiling ladder,0_5_413,0_5,4,0.18795522003228546,0.9925627542866601,0.9545203936028842,0.994009491000733,0.19958168026796244
00824-Dd4bFSTQ8gi,belief,94,ceiling ladder,0_4_7,0_4,5,0.1683975018779412,0.9548851611138032,0.9557685739561002,0.9927725423818324,0.18585831535373912
00824-Dd4bFSTQ8gi,belief,95,ceramics,0_5_293,0_5,1,0.05161781523660104,0.9593782144020322,0.9538460228728288,0.8306947788685295,0.06790316421993568
00824-Dd4bFSTQ8gi,belief,95,ceramics,0_5_335,0_5,2,0.04412863771924776,0.9225074675891832,0.9477284055984949,0.9759475125646586,0.05171782724796024
00824-Dd4bFSTQ8gi,belief,95,ceramics,0_5_260,0_5,3,0.039729630570483586,0.8919481019533816,0.9424942998312142,0.9588323948945878,0.04928939758151884
00824-Dd4bFSTQ8gi,belief,95,ceramics,0_5_305,0_5,4,0.03887829075722845,0.8800817169235661,0.9145566573947903,0.900988414543927,0.05361105360368029
00824-Dd4bFSTQ8gi,belief,95,ceramics,0_6_7,0_6,5,0.03303908366804188,0.9780570176670222,0.922056257328215,0.9244714638992167,0.039628979668959945
00824-Dd4bFSTQ8gi,belief,96,chain,0_3_29,0_3,1,0.0060137084324599745,0.9802004204215117,0.9173320674665175,0.9370955823154603,0.0071370217046493965
00824-Dd4bFSTQ8gi,belief,96,chain,0_2_118,0_2,2,0.005814463156516638,0.9795660838865262,0.9548193678583632,0.9155692133060522,0.006789901631716122
00824-Dd4bFSTQ8gi,belief,96,chain,0_0_23,0_0,3,0.003644302394539081,0.9417520742024389,0.9204321848491706,0.9935645294882547,0.0042314571372468615
00824-Dd4bFSTQ8gi,belief,96,chain,0_2_168,0_2,4,0.003458237639291079,0.9805093748240153,0.9075325009829689,0.990365114076751,0.003924149657914223
00824-Dd4bFSTQ8gi,belief,96,chain,0_2_26,0_2,5,0.0032421452565155454,0.9621798116673055,0.9588000005604795,0.9498128775436335,0.0037000717779616978
00824-Dd4bFSTQ8gi,belief,97,chair,0_5_234,0_5,1,0.9007010182393208,0.9904009963429613,0.9225950687118811,0.9998397331033528,0.9858890993202549
00824-Dd4bFSTQ8gi,belief,97,chair,0_6_50,0_6,2,0.8885414221665547,0.9851281675745291,0.9489684815200403,0.9989547567427529,0.9514529876908312
00824-Dd4bFSTQ8gi,belief,97,chair,0_6_128,0_6,3,0.8750275576115489,0.9898052863886375,0.9595544958260205,0.9994381468467982,0.9218205708730737
00824-Dd4bFSTQ8gi,belief,97,chair,0_6_122,0_6,4,0.8675885936671227,0.9491942062314633,0.9565460112463471,0.9990787895680684,0.9564299138632683
00824-Dd4bFSTQ8gi,belief,97,chair,0_6_112,0_6,5,0.8322184957595655,0.903144286821286,0.9496516055311663,0.9993235592044023,0.9709788982264387
00824-Dd4bFSTQ8gi,belief,98,chair stand,0_6_112,0_6,1,0.49674729736307227,0.903144286821286,0.9496516055311663,0.9993235592044023,0.5795727275327299
00824-Dd4bFSTQ8gi,belief,98,chair stand,0_5_234,0_5,2,0.4782376637321436,0.9904009963429613,0.9225950687118811,0.9998397331033528,0.5234692645064035
00824-Dd4bFSTQ8gi,belief,98,chair stand,0_6_50,0_6,3,0.4148340200042573,0.9851281675745291,0.9489684815200403,0.9989547567427529,0.44420559118836905
00824-Dd4bFSTQ8gi,belief,98,chair stand,0_6_122,0_6,4,0.3834240094291773,0.9491942062314633,0.9565460112463471,0.9990787895680684,0.42268673768682563
00824-Dd4bFSTQ8gi,belief,98,chair stand,0_6_130,0_6,5,0.3174771290643217,0.8607550689647364,0.9973533423661142,0.99883214748805,0.37024678517988613
00824-Dd4bFSTQ8gi,belief,99,chassis,0_1_52,0_1,1,0.0076716215228570675,0.9670426288967379,0.9487705709054759,0.8860270082170919,0.009436987598115749
00824-Dd4bFSTQ8gi,belief,99,chassis,0_5_292,0_5,2,0.003407760328843723,0.9728397386153946,0.9715163362707585,0.9651859685911803,0.0037356538995341236
00824-Dd4bFSTQ8gi,belief,99,chassis,0_6_68,0_6,3,0.0020475300582207417,0.9486475287198018,0.9414739267705342,0.9603944193808228,0.0023870827882912695
00824-Dd4bFSTQ8gi,belief,99,chassis,0_5_429,0_5,4,0.0013147061278544817,0.981436476077767,0.9456069053530338,0.9937900419489633,0.0014254802894275989
00824-Dd4bFSTQ8gi,belief,99,chassis,0_5_114,0_5,5,0.0012559989035782967,0.8986819527508157,0.9398566734947805,0.9938056320510519,0.0014963051022537813
00824-Dd4bFSTQ8gi,belief,100,chest,0_2_195,0_2,1,0.8064405120082662,0.9816922396722467,0.9149669217929375,0.9998894892730401,0.897924004939003
00824-Dd4bFSTQ8gi,belief,100,chest,0_2_161,0_2,2,0.746143032221526,0.8904989760976119,0.9860645069765694,0.9999231878843781,0.8497999414425296
00824-Dd4bFSTQ8gi,belief,100,chest,0_2_198,0_2,3,0.5671456777795799,0.7978979710075591,0.8922486304561743,0.9996305708317886,0.7969330658053639
00824-Dd4bFSTQ8gi,belief,100,chest,0_2_169,0_2,4,0.5455983050492258,0.9477227049863213,0.9335921561621523,0.9983475490964684,0.6176646929732404
00824-Dd4bFSTQ8gi,belief,100,chest,0_2_178,0_2,5,0.28083354811475403,0.9151042103767395,1.0,0.9947334215419775,0.3085117601981315
00824-Dd4bFSTQ8gi,belief,101,child car seat,0_5_292,0_5,1,8.94646134970916e-05,0.9728397386153946,0.9715163362707585,0.9651859685911803,9.807286899020941e-05
00824-Dd4bFSTQ8gi,belief,101,child car seat,0_1_52,0_1,2,7.711198514568303e-05,0.9670426288967379,0.9487705709054759,0.8860270082170919,9.48567190544724e-05
00824-Dd4bFSTQ8gi,belief,101,child car seat,0_5_277,0_5,3,3.957590707654904e-05,0.9136341170421443,0.9096081134217623,0.9366862662323752,5.084053252314563e-05
00824-Dd4bFSTQ8gi,belief,101,child car seat,0_5_381,0_5,4,1.4288515381871048e-05,0.8738880676251871,1.0,0.740147299803735,2.2090886189531558e-05
00824-Dd4bFSTQ8gi,belief,101,child car seat,0_3_35,0_3,5,1.3971513028298863e-05,0.8552236933541555,0.9230438950589228,0.9962066637995133,1.7766092508046117e-05
00824-Dd4bFSTQ8gi,belief,102,christmas tree,0_5_381,0_5,1,1.4932947763706983e-05,0.8738880676251871,1.0,0.740147299803735,2.3087216600600633e-05
00824-Dd4bFSTQ8gi,belief,102,christmas tree,0_5_223,0_5,2,7.3170515102418265e-06,0.9479626790217713,0.9415794957811312,0.9554470157029792,8.579881148569593e-06
00824-Dd4bFSTQ8gi,belief,102,christmas tree,0_2_26,0_2,3,5.2003345689733425e-06,0.9621798116673055,0.9588000005604795,0.9498128775436335,5.934839327740841e-06
00824-Dd4bFSTQ8gi,belief,102,christmas tree,0_5_277,0_5,4,3.891581429082212e-06,0.9136341170421443,0.9096081134217623,0.9366862662323752,4.999255527587416e-06
00824-Dd4bFSTQ8gi,belief,102,christmas tree,0_6_76,0_6,5,3.815395934990884e-06,0.9012199877692967,0.9184578656106932,0.9907891847665675,4.652306323610214e-06
00824-Dd4bFSTQ8gi,belief,103,clarinet,0_3_29,0_3,1,0.013749463376594584,0.9802004204215117,0.9173320674665175,0.9370955823154603,0.01631775461815934
00824-Dd4bFSTQ8gi,belief,103,clarinet,0_5_409,0_5,2,0.010149626968708938,0.9553930417384459,0.9550950135905424,0.8620343121781208,0.012903183587907274
00824-Dd4bFSTQ8gi,belief,103,clarinet,0_2_6,0_2,3,0.007839648030633022,0.9572748878262058,0.9918923651744805,0.9723959521942782,0.008490870340273245
00824-Dd4bFSTQ8gi,belief,103,clarinet,0_5_277,0_5,4,0.0072342906747728,0.9136341170421443,0.9096081134217623,0.9366862662323752,0.009293411509716605
00824-Dd4bFSTQ8gi,belief,103,clarinet,0_5_423,0_5,5,0.006862489020715159,0.9704151882065667,0.9359775368968624,0.9654242556344028,0.00782601084748692
00824-Dd4bFSTQ8gi,belief,104,cleaner,0_1_9,0_1,1,0.007967199964643859,0.9570596029988906,0.9115689408263052,0.977862634324559,0.009338978195440285
00824-Dd4bFSTQ8gi,belief,104,cleaner,0_5_423,0_5,2,0.004936886168881186,0.9704151882065667,0.9359775368968624,0.9654242556344028,0.005630045395168578
00824-Dd4bFSTQ8gi,belief,104,cleaner,0_1_52,0_1,3,0.004683511561187648,0.9670426288967379,0.9487705709054759,0.8860270082170919,0.005761264471516739
00824-Dd4bFSTQ8gi,belief,104,cleaner,0_5_23,0_5,4,0.004476054690005637,0.8775336300609289,0.9155703927595544,0.9661093980736647,0.005766516885676213
00824-Dd4bFSTQ8gi,belief,104,cleaner,0_5_277,0_5,5,0.0042520585219757425,0.9136341170421443,0.9096081134217623,0.9366862662323752,0.005462336445218796
00824-Dd4bFSTQ8gi,belief,105,clock,0_1_52,0_1,1,0.0009116386882950414,0.9670426288967379,0.9487705709054759,0.8860270082170919,0.0011214217189638987
00824-Dd4bFSTQ8gi,belief,105,clock,0_2_172,0_2,2,0.0006381086046669997,0.9597954059832474,0.9595718461650053,0.9921985866843136,0.0006982964476751623
00824-Dd4bFSTQ8gi,belief,105,clock,0_2_6,0_2,3,0.0006333428954468377,0.9572748878262058,0.9918923651744805,0.9723959521942782,0.0006859532960101667
00824-Dd4bFSTQ8gi,belief,105,clock,0_2_118,0_2,4,0.000593492162172235,0.9795660838865262,0.9548193678583632,0.9155692133060522,0.0006930568294731711
00824-Dd4bFSTQ8gi,belief,105,clock,0_6_79,0_6,5,0.00047847593068516003,0.9764038686326914,0.9405713974718488,0.9689450493932146,0.0005376995690673922
00824-Dd4bFSTQ8gi,belief,106,closet door,0_2_151,0_2,1,0.9316312922602444,0.9921643043534781,0.9554704868165984,0.9999177284428052,0.9828311759241537
00824-Dd4bFSTQ8gi,belief,106,closet door,0_2_130,0_2,2,0.9292706937892599,0.9621907472610474,1.0,0.999990285711724,0.965795736163155
00824-Dd4bFSTQ8gi,belief,106,closet door,0_6_16,0_6,3,0.9026636796605109,0.968485519876986,0.9776342678086083,0.9999761665832753,0.9533816116750233
00824-Dd4bFSTQ8gi,belief,106,closet door,0_0_33,0_0,4,0.9025583844559252,0.9823854323153199,0.939391085691768,0.9998751370521544,0.9781403784117356
00824-Dd4bFSTQ8gi,belief,106,closet door,0_2_153,0_2,5,0.9024558748210336,0.9611599952587384,0.9580064487320031,0.999948971815044,0.9801307601433501
00824-Dd4bFSTQ8gi,belief,107,cloth,0_1_11,0_1,1,0.43256068837716777,0.9582889779703784,0.9467363707193159,0.9546083358999461,0.4994548911917289
00824-Dd4bFSTQ8gi,belief,107,cloth,0_0_8,0_0,2,0.24435863472837632,0.9848732120460935,0.9499832243710505,0.8873896658146057,0.29431816148797657
00824-Dd4bFSTQ8gi,belief,107,cloth,0_2_179,0_2,3,0.10645291830386436,0.9558793028473577,0.9642507474404654,0.987007008573947,0.11701574253550483
00824-Dd4bFSTQ8gi,belief,107,cloth,0_6_32,0_6,4,0.08091573214751688,0.971112269069786,0.9646817367019045,0.9575953135758317,0.09019811436355295
00824-Dd4bFSTQ8gi,belief,107,cloth,0_1_29,0_1,5,0.06192536146802462,0.9756274529318523,0.9604242971664061,0.8487639121585747,0.07786360256491509
00824-Dd4bFSTQ8gi,belief,108,cloth holder,0_1_11,0_1,1,0.26847621140854616,0.9582889779703784,0.9467363707193159,0.9546083358999461,0.30999524589183847
00824-Dd4bFSTQ8gi,belief,108,cloth holder,0_4_102,0_4,2,0.2625142036462623,0.9793698223022669,0.9410808717219558,0.9971505440458512,0.28563959718821696
00824-Dd4bFSTQ8gi,belief,108,cloth holder,0_4_120,0_4,3,0.25900009636938637,0.9559786604214757,0.9529424329546861,0.9971428800812246,0.28511999143993216
00824-Dd4bFSTQ8gi,belief,108,cloth holder,0_0_8,0_0,4,0.1808790182918315,0.9848732120460935,0.9499832243710505,0.8873896658146057,0.21786003254838068
00824-Dd4bFSTQ8gi,belief,108,cloth holder,0_4_140,0_4,5,0.10852535809600304,0.9344231238672053,0.9314667701214092,0.9984821219111557,0.124876290979926
00824-Dd4bFSTQ8gi,belief,109,clothes,0_1_11,0_1,1,0.007031471756121828,0.9582889779703784,0.9467363707193159,0.9546083358999461,0.008118867606871773
00824-Dd4bFSTQ8gi,belief,109,clothes,0_0_8,0_0,2,0.0008746518339360642,0.9848732120460935,0.9499832243710505,0.8873896658146057,0.0010534758470569228
00824-Dd4bFSTQ8gi,belief,109,clothes,0_5_277,0_5,3,0.0006052913513823301,0.9136341170421443,0.9096081134217623,0.9366862662323752,0.000777577493711245
00824-Dd4bFSTQ8gi,belief,109,clothes,0_2_26,0_2,4,0.0005744966576655855,0.9621798116673055,0.9588000005604795,0.9498128775436335,0.0006556396155569852
00824-Dd4bFSTQ8gi,belief,109,clothes,0_5_381,0_5,5,0.00040125222986231224,0.8738880676251871,1.0,0.740147299803735,0.0006203595759452073
00824-Dd4bFSTQ8gi,belief,110,clothes container,0_1_35,0_1,1,0.10824224869262557,0.9436002045715728,0.9186584180695694,0.9937285419533587,0.125657078070621
00824-Dd4bFSTQ8gi,belief,110,clothes container,0_5_76,0_5,2,0.015161564684484444,0.9378013384930881,0.928929546572546,0.9993122163476438,0.01741603149930314
00824-Dd4bFSTQ8gi,belief,110,clothes container,0_4_19,0_4,3,0.015036947465143991,0.8997959636237179,0.9968185372011825,0.9517453362107378,0.017614843083589855
00824-Dd4bFSTQ8gi,belief,110,clothes container,0_5_192,0_5,4,0.014136654978753908,0.9489220062294501,0.9289845512488727,0.9963568052427938,0.01609506581831124
00824-Dd4bFSTQ8gi,belief,110,clothes container,0_4_7,0_4,5,0.006267974708263742,0.9548851611138032,0.9557685739561002,0.9927725423818324,0.006917888964897667
00824-Dd4bFSTQ8gi,belief,111,clothes dryer,0_5_68,0_5,1,0.003969802756608018,0.926739274960704,0.9265356432310157,0.9956847793011084,0.004643306596738262
00824-Dd4bFSTQ8gi,belief,111,clothes dryer,0_2_95,0_2,2,0.0027392424503922346,0.9727564324427442,0.9520904603891356,0.9960164246728062,0.0029694885033902086
00824-Dd4bFSTQ8gi,belief,111,clothes dryer,0_4_7,0_4,3,0.0024405651083750928,0.9548851611138032,0.9557685739561002,0.9927725423818324,0.0026936226161032415
00824-Dd4bFSTQ8gi,belief,111,clothes dryer,0_4_102,0_4,4,0.001993651278366,0.9793698223022669,0.9410808717219558,0.9971505440458512,0.0021692759484115104
00824-Dd4bFSTQ8gi,belief,111,clothes dryer,0_4_120,0_4,5,0.001963158292966962,0.9559786604214757,0.9529424329546861,0.9971428800812246,0.0021611408008423137
00824-Dd4bFSTQ8gi,belief,112,clothes rack,0_0_8,0_0,1,0.002696161222325709,0.9848732120460935,0.9499832243710505,0.8873896658146057,0.0032473958405936747
00824-Dd4bFSTQ8gi,belief,112,clothes rack,0_4_140,0_4,2,0.0020794258573170596,0.9344231238672053,0.9314667701214092,0.9984821219111557,0.0023927217839705135
00824-Dd4bFSTQ8gi,belief,112,clothes rack,0_2_71,0_2,3,0.001410517405174501,0.9542074133952457,0.9128375306578643,0.9988777461885882,0.001621174776520412
00824-Dd4bFSTQ8gi,belief,112,clothes rack,0_5_381,0_5,4,0.0011243722225052625,0.8738880676251871,1.0,0.740147299803735,0.0017383456670067201
00824-Dd4bFSTQ8gi,belief,112,clothes rack,0_1_11,0_1,5,0.0010487839761524986,0.9582889779703784,0.9467363707193159,0.9546083358999461,0.001210975247561411
00824-Dd4bFSTQ8gi,belief,113,clutter,0_5_308,0_5,1,0.05860864347342629,0.8731722489992778,0.9068384887821965,0.9439973818038041,0.07840811454524108
00824-Dd4bFSTQ8gi,belief,113,clutter,0_5_277,0_5,2,0.030340216709579308,0.9136341170421443,0.9096081134217623,0.9366862662323752,0.038976056098956206
00824-Dd4bFSTQ8gi,belief,113,clutter,0_2_26,0_2,3,0.007869144491232908,0.9621798116673055,0.9588000005604795,0.9498128775436335,0.008980596840995992
00824-Dd4bFSTQ8gi,belief,113,clutter,0_5_335,0_5,4,0.007028525926579588,0.9225074675891832,0.9477284055984949,0.9759475125646586,0.008237283280560087
00824-Dd4bFSTQ8gi,belief,113,clutter,0_5_297,0_5,5,0.006113392303490169,0.978079389068409,0.9767321040744901,0.9845718606054341,0.006499579745699261
00824-Dd4bFSTQ8gi,belief,114,coaster,0_1_52,0_1,1,0.004744880365634684,0.9670426288967379,0.9487705709054759,0.8860270082170919,0.0058367552455014
00824-Dd4bFSTQ8gi,belief,114,coaster,0_2_118,0_2,2,0.003910780579988951,0.9795660838865262,0.9548193678583632,0.9155692133060522,0.004566855911983921
00824-Dd4bFSTQ8gi,belief,114,coaster,0_5_262,0_5,3,0.0018115824025523237,0.8438171854489063,0.9835012969871113,0.923819080919137,0.0023629137101204753
00824-Dd4bFSTQ8gi,belief,114,coaster,0_5_260,0_5,4,0.0017960130427924566,0.8919481019533816,0.9424942998312142,0.9588323948945878,0.002228170754589357
00824-Dd4bFSTQ8gi,belief,114,coaster,0_3_35,0_3,5,0.0015694102685220245,0.8552236933541555,0.9230438950589228,0.9962066637995133,0.0019956527225909663
00824-Dd4bFSTQ8gi,belief,115,coffee maker,0_5_381,0_5,1,0.001176457447599502,0.8738880676251871,1.0,0.740147299803735,0.0018188724921499987
00824-Dd4bFSTQ8gi,belief,115,coffee maker,0_5_129,0_5,2,0.000872113762292535,0.8660690313295096,0.927367762566355,0.9970024347023674,0.0010891116829691533
00824-Dd4bFSTQ8gi,belief,115,coffee maker,0_4_2,0_4,3,0.0008116219114975178,0.8983357797124295,0.8984431547114998,0.9982267728239268,0.0010073844620704985
00824-Dd4bFSTQ8gi,belief,115,coffee maker,0_6_79,0_6,4,0.0006748537139282937,0.9764038686326914,0.9405713974718488,0.9689450493932146,0.0007583841273753481
00824-Dd4bFSTQ8gi,belief,115,coffee maker,0_5_125,0_5,5,0.0006550918420077983,0.8721973859944828,0.9260615837344047,0.9977790475216071,0.0008128551505756494
00824-Dd4bFSTQ8gi,belief,116,coffee table,0_5_252,0_5,1,0.020006823413654933,0.9419732367896524,0.9360671590114006,0.9861183064121916,0.023009307345472966
00824-Dd4bFSTQ8gi,belief,116,coffee table,0_6_64,0_6,2,0.013127867697094687,0.9246266865813979,0.9341678754773485,0.9966946553006627,0.01524897700171202
00824-Dd4bFSTQ8gi,belief,116,coffee table,0_5_158,0_5,3,0.009872355100460023,0.9586310129528466,0.8963342963040666,0.999049569673051,0.011500381362019271
00824-Dd4bFSTQ8gi,belief,116,coffee table,0_3_25,0_3,4,0.006402916455374141,0.9766183296444408,0.9190602760692431,0.999408946838448,0.007137822367857841
00824-Dd4bFSTQ8gi,belief,116,coffee table,0_5_244,0_5,5,0.005750623415116241,0.9705105667587852,0.9400642732142764,0.993807100591286,0.006342420276453595
00824-Dd4bFSTQ8gi,belief,117,compressor,0_1_52,0_1,1,0.0072131841975385195,0.9670426288967379,0.9487705709054759,0.8860270082170919,0.008873056317009834
00824-Dd4bFSTQ8gi,belief,117,compressor,0_6_79,0_6,2,0.0044827489668515874,0.9764038686326914,0.9405713974718488,0.9689450493932146,0.005037603844067624
00824-Dd4bFSTQ8gi,belief,117,compressor,0_5_308,0_5,3,0.0023790047484545753,0.8731722489992778,0.9068384887821965,0.9439973818038041,0.003182692274819067
00824-Dd4bFSTQ8gi,belief,117,compressor,0_5_2,0_5,4,0.0009109730986488063,0.9446704996128876,0.920601713839274,0.9745107978813246,0.0010748967859775496
00824-Dd4bFSTQ8gi,belief,117,compressor,0_5_277,0_5,5,0.0007868443199055315,0.9136341170421443,0.9096081134217623,0.9366862662323752,0.0010108065030432103
00824-Dd4bFSTQ8gi,belief,118,computer,0_1_52,0_1,1,0.06830585057897964,0.9670426288967379,0.9487705709054759,0.8860270082170919,0.08402414833318259
00824-Dd4bFSTQ8gi,belief,118,computer,0_5_177,0_5,2,0.05637339390536903,0.9626096776780202,0.9291400845210275,0.980541615429202,0.06428012776290878
00824-Dd4bFSTQ8gi,belief,118,computer,0_5_94,0_5,3,0.03894730577585783,0.9754105049749243,0.9360900290504934,0.9916418897687158,0.043014760393595655
00824-Dd4bFSTQ8gi,belief,118,computer,0_5_277,0_5,4,0.034109437473097255,0.9136341170421443,0.9096081134217623,0.9366862662323752,0.043818123027299614
00824-Dd4bFSTQ8gi,belief,118,computer,0_2_177,0_2,5,0.03365056852635423,0.9801911154940978,0.9498673145061571,0.9987396797559609,0.03618815118613845
00824-Dd4bFSTQ8gi,belief,119,computer equipment,0_5_277,0_5,1,4.897753470240822e-05,0.9136341170421443,0.9096081134217623,0.9366862662323752,6.291817749432635e-05
00824-Dd4bFSTQ8gi,belief,119,computer equipment,0_5_292,0_5,2,4.5109324132358016e-05,0.9728397386153946,0.9715163362707585,0.9651859685911803,4.944972836677441e-05
00824-Dd4bFSTQ8gi,belief,119,computer equipment,0_5_114,0_5,3,2.1891847538366285e-05,0.8986819527508157,0.9398566734947805,0.9938056320510519,2.608034376152411e-05
00824-Dd4bFSTQ8gi,belief,119,computer equipment,0_2_200,0_2,4,1.8892787344637267e-05,0.9661810888184442,0.9500365693955204,0.9988173081479677,2.0606826818635854e-05
00824-Dd4bFSTQ8gi,belief,119,computer equipment,0_0_30,0_0,5,1.7462501766224422e-05,0.971570948116727,0.9364986114502116,0.9774138395879133,1.9635696966980756e-05
00824-Dd4bFSTQ8gi,belief,120,cone,0_2_30,0_2,1,0.6710654183785114,0.9706078015830275,0.9472652918790121,0.9855811605074362,0.7405545645781745
00824-Dd4bFSTQ8gi,belief,120,cone,0_3_63,0_3,2,0.029143350989418892,0.9626293598944916,0.9597247878677808,0.8459323762310529,0.03729048436890144
00824-Dd4bFSTQ8gi,belief,120,cone,0_4_19,0_4,3,0.024646093871538988,0.8997959636237179,0.9968185372011825,0.9517453362107378,0.028871356847985613
00824-Dd4bFSTQ8gi,belief,120,cone,0_4_47,0_4,4,0.022793172237521284,0.9707628209574694,0.9346966573795107,0.9753718921212599,0.025754357004857006
00824-Dd4bFSTQ8gi,belief,120,cone,0_1_54,0_1,5,0.016193584401536308,0.9543598111186709,0.8922708780310395,0.9071457299680523,0.020963175360463132
00824-Dd4bFSTQ8gi,belief,121,construction stuff,0_1_3,0_1,1,0.014664333608818227,0.7059159971335355,0.9536042752733953,0.9892423519292102,0.022021070006083342
00824-Dd4bFSTQ8gi,belief,121,construction stuff,0_1_52,0_1,2,0.00895665270838565,0.9670426288967379,0.9487705709054759,0.8860270082170919,0.011017725558779497
00824-Dd4bFSTQ8gi,belief,121,construction stuff,0_5_435,0_5,3,0.002898792834963617,0.9873513663874732,0.9164198953865048,0.9932866447889198,0.0032253462361174568
00824-Dd4bFSTQ8gi,belief,121,construction stuff,0_2_121,0_2,4,0.002231825962199446,0.9803334756295867,0.9596440184592478,0.9852285314398698,0.002407905017236995
00824-Dd4bFSTQ8gi,belief,121,construction stuff,0_5_434,0_5,5,0.0019602458149172576,0.9851800887404528,0.9592608803484615,0.9899825138986732,0.0020952249253894605
00824-Dd4bFSTQ8gi,belief,122,container,0_1_35,0_1,1,0.035866660132065555,0.9436002045715728,0.9186584180695694,0.9937285419533587,0.0416371589354688
00824-Dd4bFSTQ8gi,belief,122,container,0_1_52,0_1,2,0.010334022104983995,0.9670426288967379,0.9487705709054759,0.8860270082170919,0.012712050269011288
00824-Dd4bFSTQ8gi,belief,122,container,0_5_76,0_5,3,0.005150510032448998,0.9378013384930881,0.928929546572546,0.9993122163476438,0.00591637122086775
00824-Dd4bFSTQ8gi,belief,122,container,0_4_116,0_4,4,0.003991214592787006,0.9767318007018831,0.9430731085706365,0.9744615593847696,0.004446514142943555
00824-Dd4bFSTQ8gi,belief,122,container,0_2_121,0_2,5,0.0036037426111554804,0.9803334756295867,0.9596440184592478,0.9852285314398698,0.003888058505099768
00824-Dd4bFSTQ8gi,belief,123,controller,0_3_29,0_3,1,0.02234010329625334,0.9802004204215117,0.9173320674665175,0.9370955823154603,0.026513058273470065
00824-Dd4bFSTQ8gi,belief,123,controller,0_1_52,0_1,2,0.0182569665382206,0.9670426288967379,0.9487705709054759,0.8860270082170919,0.022458194305737523
00824-Dd4bFSTQ8gi,belief,123,controller,0_2_204,0_2,3,0.007453974841724126,0.9547795909312037,0.9251967571365296,0.992837684393706,0.008499090244279311
00824-Dd4bFSTQ8gi,belief,123,controller,0_2_45,0_2,4,0.004835488995591286,0.9211113929748536,0.9241524032495996,0.9943887080872573,0.005712529608513185
00824-Dd4bFSTQ8gi,belief,123,controller,0_6_4,0_6,5,0.0041868683599672885,0.958239028850893,0.9269886212419773,0.9444489641783121,0.004990712508593049
00824-Dd4bFSTQ8gi,belief,124,cosmetics,0_5_277,0_5,1,0.003549362854360333,0.9136341170421443,0.9096081134217623,0.9366862662323752,0.0045596301124448315
00824-Dd4bFSTQ8gi,belief,124,cosmetics,0_2_26,0_2,2,0.0005270424392822087,0.9621798116673055,0.9588000005604795,0.9498128775436335,0.0006014828766407684
00824-Dd4bFSTQ8gi,belief,124,cosmetics,0_5_381,0_5,3,0.00023505187528456646,0.8738880676251871,1.0,0.740147299803735,0.00036340404071198734
00824-Dd4bFSTQ8gi,belief,124,cosmetics,0_0_30,0_0,4,0.0002101008014238269,0.971570948116727,0.9364986114502116,0.9774138395879133,0.00023624768801784553
00824-Dd4bFSTQ8gi,belief,124,cosmetics,0_2_114,0_2,5,0.00020957776722693386,0.975630308427508,0.9513947294934744,0.9918297227012116,0.00022764707038970167
00824-Dd4bFSTQ8gi,belief,125,counter door,0_5_421,0_5,1,0.22127922372843775,0.9632188090186007,0.9323716488692897,0.9960048696990845,0.24738032948663724
00824-Dd4bFSTQ8gi,belief,125,counter door,0_5_214,0_5,2,0.16835084751934346,0.9442161204498641,0.8988421907509623,0.9956278421938058,0.19923398140026857
00824-Dd4bFSTQ8gi,belief,125,counter door,0_5_39,0_5,3,0.1531114463162283,0.9867878387206268,0.9180739262282991,0.9981166526492204,0.16932649375931733
00824-Dd4bFSTQ8gi,belief,125,counter door,0_5_51,0_5,4,0.1426698019903282,0.9671998558427501,0.9169942693573179,0.9968158190742867,0.16137427060288206
00824-Dd4bFSTQ8gi,belief,125,counter door,0_5_422,0_5,5,0.1333949342297864,0.9664318663681761,0.9532279975131477,0.9934770777269637,0.14575164156817536
00824-Dd4bFSTQ8gi,belief,126,countertop,0_5_227,0_5,1,0.9124633568137173,0.9488541918157448,0.9762337892164565,0.9999603178635058,0.9850978043373122
00824-Dd4bFSTQ8gi,belief,126,countertop,0_5_143,0_5,2,0.9102583592459669,0.9838064080833139,0.9335578504399155,0.9999976338890021,0.9910939410151403
00824-Dd4bFSTQ8gi,belief,126,countertop,0_5_31,0_5,3,0.8976021084054521,0.975371139698867,0.9398489357896347,0.999993123761944,0.9791717952938679
00824-Dd4bFSTQ8gi,belief,126,countertop,0_5_91,0_5,4,0.8803500042019163,0.9521338429220414,0.9259233838416561,0.9999979764326558,0.9985807624632616
00824-Dd4bFSTQ8gi,belief,126,countertop,0_5_79,0_5,5,0.8734137512224426,0.9608960247414433,0.9319215043058455,0.9999752861763701,0.9753826552675001
00824-Dd4bFSTQ8gi,belief,127,countertop item,0_5_227,0_5,1,0.9208581220866161,0.9488541918157448,0.9762337892164565,0.9999603178635058,0.9941608146779543
00824-Dd4bFSTQ8gi,belief,127,countertop item,0_5_143,0_5,2,0.9160219470682063,0.9838064080833139,0.9335578504399155,0.9999976338890021,0.9973693648122499
00824-Dd4bFSTQ8gi,belief,127,countertop item,0_5_31,0_5,3,0.9131317750324107,0.975371139698867,0.9398489357896347,0.999993123761944,0.9961127220241398
00824-Dd4bFSTQ8gi,belief,127,countertop item,0_5_79,0_5,4,0.8915535579730707,0.9608960247414433,0.9319215043058455,0.9999752861763701,0.9956402397739305
00824-Dd4bFSTQ8gi,belief,127,countertop item,0_5_77,0_5,5,0.8848240938302807,0.9562124919431461,0.9333697491758915,0.9999250336831869,0.9914740789411745
00824-Dd4bFSTQ8gi,belief,128,cover,0_0_77,0_0,1,0.028954351059734044,0.9836660391754575,0.9287587514560726,0.9908879182433422,0.031984436652457884
00824-Dd4bFSTQ8gi,belief,128,cover,0_0_44,0_0,2,0.024735726287320927,0.9746067896723822,0.9193050916540129,0.9818892958002545,0.0281172629860327
00824-Dd4bFSTQ8gi,belief,128,cover,0_2_115,0_2,3,0.024197111966142146,0.9527169490513011,0.9282139519033398,0.9795580761703093,0.027933243100925802
00824-Dd4bFSTQ8gi,belief,128,cover,0_0_45,0_0,4,0.016683986859799417,0.9408471284137021,0.9296761736142354,0.9863083992051843,0.01933910374526937
00824-Dd4bFSTQ8gi,belief,128,cover,0_5_338,0_5,5,0.015742232524250714,0.926016742666849,0.9495938060987561,0.9939243779633701,0.01801176483798762
00824-Dd4bFSTQ8gi,belief,129,cross,0_5_409,0_5,1,0.0749155286203053,0.9553930417384459,0.9550950135905424,0.8620343121781208,0.09523983712436691
00824-Dd4bFSTQ8gi,belief,129,cross,0_2_168,0_2,2,0.043365445821370426,0.9805093748240153,0.9075325009829689,0.990365114076751,0.049207867455896705
00824-Dd4bFSTQ8gi,belief,129,cross,0_5_277,0_5,3,0.024471673084557753,0.9136341170421443,0.9096081134217623,0.9366862662323752,0.03143712888108323
00824-Dd4bFSTQ8gi,belief,129,cross,0_2_171,0_2,4,0.005459103812346525,0.9839821061326399,0.8998836821799548,0.9935477706980145,0.006205246272370479
00824-Dd4bFSTQ8gi,belief,129,cross,0_6_62,0_6,5,0.005270922555048479,0.9584513674177648,0.9728735371382213,0.9879515856680938,0.00572169232853601
00824-Dd4bFSTQ8gi,belief,130,crutches,0_5_277,0_5,1,0.0039069095000102815,0.9136341170421443,0.9096081134217623,0.9366862662323752,0.005018946479636305
00824-Dd4bFSTQ8gi,belief,130,crutches,0_2_168,0_2,2,0.002533224226374768,0.9805093748240153,0.9075325009829689,0.990365114076751,0.002874513558121579
00824-Dd4bFSTQ8gi,belief,130,crutches,0_5_341,0_5,3,0.002382136395434462,0.9528206065803968,0.9224242573964267,0.9534262359800177,0.0028427434643478527
00824-Dd4bFSTQ8gi,belief,130,crutches,0_5_409,0_5,4,0.001999937507662075,0.9553930417384459,0.9550950135905424,0.8620343121781208,0.00254251322785196
00824-Dd4bFSTQ8gi,belief,130,crutches,0_5_378,0_5,5,0.0017616390541465203,0.9511613198689052,0.9632165774043154,0.9975818054991474,0.0019274817772153177
00824-Dd4bFSTQ8gi,belief,131,cup,0_2_30,0_2,1,0.10660962501953287,0.9706078015830275,0.9472652918790121,0.9855811605074362,0.1176491028653351
00824-Dd4bFSTQ8gi,belief,131,cup,0_2_6,0_2,2,0.012759809511502742,0.9572748878262058,0.9918923651744805,0.9723959521942782,0.013819738807841209
00824-Dd4bFSTQ8gi,belief,131,cup,0_2_4,0_2,3,0.00846623783448779,0.9914682768474512,0.9240828969087691,0.9976140795061246,0.009262711539943564
00824-Dd4bFSTQ8gi,belief,131,cup,0_4_19,0_4,4,0.005457633802029064,0.8997959636237179,0.9968185372011825,0.9517453362107378,0.006393276511292067
00824-Dd4bFSTQ8gi,belief,131,cup,0_1_54,0_1,5,0.004800519799304448,0.9543598111186709,0.8922708780310395,0.9071457299680523,0.006214444923302288
00824-Dd4bFSTQ8gi,belief,132,curb,0_2_118,0_2,1,0.09661067052649903,0.9795660838865262,0.9548193678583632,0.9155692133060522,0.11281814533709263
00824-Dd4bFSTQ8gi,belief,132,curb,0_2_113,0_2,2,0.009759775798282116,0.9018033626097595,0.9083024307308705,0.9398471234553464,0.01267769495767972
00824-Dd4bFSTQ8gi,belief,132,curb,0_3_38,0_3,3,0.009693923595553662,0.9306253989778852,0.9192769372896661,0.9734666087374609,0.011640114898370095
00824-Dd4bFSTQ8gi,belief,132,curb,0_5_256,0_5,4,0.007720108277739419,0.919039091022457,0.9225271968616156,0.9961377302398229,0.009140939590331309
00824-Dd4bFSTQ8gi,belief,132,curb,0_5_331,0_5,5,0.007718507105024406,0.9682000233170887,0.9994526096225707,0.9945539428189817,0.008020060967769686
00824-Dd4bFSTQ8gi,belief,133,curtain,0_4_45,0_4,1,0.024030655710435632,0.9787206952413471,0.9346838917148355,0.9815517808555548,0.026762635315121575
00824-Dd4bFSTQ8gi,belief,133,curtain,0_2_74,0_2,2,0.02053926354715659,0.9737366153265942,0.9535296793708725,0.9704137004208829,0.022795663202749478
00824-Dd4bFSTQ8gi,belief,133,curtain,0_0_26,0_0,3,0.01706898327023365,0.9508786796631992,0.9376608623291074,0.9837077502529517,0.01946124682261111
00824-Dd4bFSTQ8gi,belief,133,curtain,0_3_30,0_3,4,0.016434069533954813,0.9271998826544082,0.9205946023528102,0.9898808012458685,0.019450036774916354
00824-Dd4bFSTQ8gi,belief,133,curtain,0_4_49,0_4,5,0.014954704295527976,0.9773024847642546,0.9648760894953392,0.9951934266011956,0.015935650048231345
00824-Dd4bFSTQ8gi,belief,134,cushion,0_2_46,0_2,1,0.9225180383800037,0.9702466758551483,0.957204859379135,0.999991669509833,0.993325138691506
00824-Dd4bFSTQ8gi,belief,134,cushion,0_5_151,0_5,2,0.8856022954826824,0.9447661545453355,0.9396847124630336,0.9996050671375912,0.9979385428865499
00824-Dd4bFSTQ8gi,belief,134,cushion,0_2_53,0_2,3,0.883680567493577,0.9644659067437151,0.9289645954365248,0.9999814485319727,0.9863188174996919
00824-Dd4bFSTQ8gi,belief,134,cushion,0_6_17,0_6,4,0.8160176352325038,0.9560903788937462,0.8944173190603577,0.9993058667141869,0.9549089403659026
00824-Dd4bFSTQ8gi,belief,134,cushion,0_5_58,0_5,5,0.8152880950806616,0.9221166159706652,0.9190809740510997,0.9941354889956266,0.9676669303088054
00824-Dd4bFSTQ8gi,belief,135,cutlery,0_2_118,0_2,1,0.019457175720461014,0.9795660838865262,0.9548193678583632,0.9155692133060522,0.022721325359999725
00824-Dd4bFSTQ8gi,belief,135,cutlery,0_0_47,0_0,2,0.007021933209068924,0.9624765808173422,0.8942528018457205,0.9912889280771499,0.008230116034328105
00824-Dd4bFSTQ8gi,belief,135,cutlery,0_5_277,0_5,3,0.005480239501295121,0.9136341170421443,0.9096081134217623,0.9366862662323752,0.007040098766689268
00824-Dd4bFSTQ8gi,belief,135,cutlery,0_5_294,0_5,4,0.004529516224749396,0.8959522489771182,0.9387676996491009,0.9402712714725309,0.005727375405584586
00824-Dd4bFSTQ8gi,belief,135,cutlery,0_5_260,0_5,5,0.004262025385037481,0.8919481019533816,0.9424942998312142,0.9588323948945878,0.005287556433049443
00824-Dd4bFSTQ8gi,belief,136,cyp,0_2_118,0_2,1,0.0034614154366659085,0.9795660838865262,0.9548193678583632,0.9155692133060522,0.004042104952565447
00824-Dd4bFSTQ8gi,belief,136,cyp,0_6_149,0_6,2,0.002670697643950722,0.9181212293145322,0.9277969756954261,0.9897149494109828,0.003167828130287098
00824-Dd4bFSTQ8gi,belief,136,cyp,0_1_3,0_1,3,0.002534593719940887,0.7059159971335355,0.9536042752733953,0.9892423519292102,0.003806137205596175
00824-Dd4bFSTQ8gi,belief,136,cyp,0_4_6,0_4,4,0.0023313744192163654,0.9431429903141553,0.9175936848367581,0.9908781322259013,0.0027187158906145864
00824-Dd4bFSTQ8gi,belief,136,cyp,0_1_29,0_1,5,0.0022530729650105555,0.9756274529318523,0.9604242971664061,0.8487639121585747,0.002832964939379835
00824-Dd4bFSTQ8gi,belief,137,dartboard,0_5_381,0_5,1,0.0014425456427195132,0.8738880676251871,1.0,0.740147299803735,0.00223026051096629
00824-Dd4bFSTQ8gi,belief,137,dartboard,0_1_52,0_1,2,0.00034748718583883434,0.9670426288967379,0.9487705709054759,0.8860270082170919,0.00042744969280548783
00824-Dd4bFSTQ8gi,belief,137,dartboard,0_3_48,0_3,3,0.00034115602649422474,0.9350999885963068,0.9528884058033308,0.9981931434202318,0.0003835644695280664
00824-Dd4bFSTQ8gi,belief,137,dartboard,0_4_140,0_4,4,0.00017416348594014453,0.9344231238672053,0.9314667701214092,0.9984821219111557,0.00020040376304587145
00824-Dd4bFSTQ8gi,belief,137,dartboard,0_5_178,0_5,5,0.0001702095304802212,0.9644810934529061,0.8923786449736311,0.9952167394719563,0.00019871164288309378
00824-Dd4bFSTQ8gi,belief,138,decoder,0_1_52,0_1,1,0.026150594435576286,0.9670426288967379,0.9487705709054759,0.8860270082170919,0.0321682755903189
00824-Dd4bFSTQ8gi,belief,138,decoder,0_5_196,0_5,2,0.003334366480791332,0.9066531505913307,0.9379277849378256,0.7629739907030572,0.005139170443906795
00824-Dd4bFSTQ8gi,belief,138,decoder,0_2_39,0_2,3,0.0016782397239564501,0.9291093295647038,0.9443383630321825,0.8914203178897508,0.002145739589161403
00824-Dd4bFSTQ8gi,belief,138,decoder,0_2_159,0_2,4,0.0013497524166682247,0.9870273823715147,0.9569317912040664,0.960670050619474,0.001487543511880153
00824-Dd4bFSTQ8gi,belief,138,decoder,0_5_177,0_5,5,0.00127035704646118,0.9626096776780202,0.9291400845210275,0.980541615429202,0.0014485328555543802
00824-Dd4bFSTQ8gi,belief,139,decoration,0_2_2,0_2,1,0.8707481920816652,0.977796998038035,0.9136541244650005,0.9992588998606112,0.9754028894423289
00824-Dd4bFSTQ8gi,belief,139,decoration,0_2_76,0_2,2,0.8547286229509948,0.945633727312088,0.9444796539070783,0.9989476742208035,0.958009790476409
00824-Dd4bFSTQ8gi,belief,139,decoration,0_2_63,0_2,3,0.8411393485349272,0.9689538200696309,0.905794644872312,0.9977936346504065,0.9604934170535785
00824-Dd4bFSTQ8gi,belief,139,decoration,0_5_161,0_5,4,0.5810874353195722,0.9676385211999573,0.9225917123032881,0.9862450093616524,0.6599848528315669
00824-Dd4bFSTQ8gi,belief,139,decoration,0_5_200,0_5,5,0.4608444628197813,0.9055513706883213,0.9622155962814702,0.9825839058109215,0.5382688443721473
00824-Dd4bFSTQ8gi,belief,140,dehumidifier,0_4_7,0_4,1,0.0710685122607727,0.9548851611138032,0.9557685739561002,0.9927725423818324,0.07843746977349908
00824-Dd4bFSTQ8gi,belief,140,dehumidifier,0_5_422,0_5,2,0.025209678528682215,0.9664318663681761,0.9532279975131477,0.9934770777269637,0.027544914281617094
00824-Dd4bFSTQ8gi,belief,140,dehumidifier,0_5_76,0_5,3,0.02284217424795834,0.9378013384930881,0.928929546572546,0.9993122163476438,0.026238718397061076
00824-Dd4bFSTQ8gi,belief,140,dehumidifier,0_5_192,0_5,4,0.02023180454590183,0.9489220062294501,0.9289845512488727,0.9963568052427938,0.023034602335481328
00824-Dd4bFSTQ8gi,belief,140,dehumidifier,0_4_102,0_4,5,0.017661001944862083,0.9793698223022669,0.9410808717219558,0.9971505440458512,0.01921679441112614
00824-Dd4bFSTQ8gi,belief,141,den,0_5_411,0_5,1,0.13017330302184021,0.9644731516071066,0.9124457899888485,0.9981805046723643,0.1481888838948543
00824-Dd4bFSTQ8gi,belief,141,den,0_5_52,0_5,2,0.12030653819663784,0.9794476795140256,0.9539231511390984,0.9986155798321091,0.12894255223157436
00824-Dd4bFSTQ8gi,belief,141,den,0_5_46,0_5,3,0.1146903261691357,0.9237367656397816,0.9000449980104781,0.9985727066020494,0.1381448325394655
00824-Dd4bFSTQ8gi,belief,141,den,0_6_117,0_6,4,0.0859119668506252,0.9603616737378309,0.9285715456203731,0.9984498753222277,0.09648886626163831
00824-Dd4bFSTQ8gi,belief,141,den,0_6_38,0_6,5,0.08175235621724258,0.9704819480871362,0.9524151988146186,0.998862544525687,0.088548410848881
00824-Dd4bFSTQ8gi,belief,142,desk,0_2_172,0_2,1,0.08432856514601486,0.9597954059832474,0.9595718461650053,0.9921985866843136,0.09228262563507637
00824-Dd4bFSTQ8gi,belief,142,desk,0_2_177,0_2,2,0.06718538727543467,0.9801911154940978,0.9498673145061571,0.9987396797559609,0.07225182392738926
00824-Dd4bFSTQ8gi,belief,142,desk,0_5_158,0_5,3,0.06594413225514653,0.9586310129528466,0.8963342963040666,0.999049569673051,0.07681882000843776
00824-Dd4bFSTQ8gi,belief,142,desk,0_5_396,0_5,4,0.05922046417541382,0.9580598811308542,0.967888179144557,0.9961923212031977,0.06410778578222055
00824-Dd4bFSTQ8gi,belief,142,desk,0_5_395,0_5,5,0.04669515821475984,0.9504626026129667,0.966903158638335,0.9972332824445167,0.05095151174250196
00824-Dd4bFSTQ8gi,belief,143,desk door,0_4_4,0_4,1,0.27775637870907344,0.9912442969748707,0.9566299014035489,0.9983375667063298,0.2934012600107869
00824-Dd4bFSTQ8gi,belief,143,desk door,0_5_202,0_5,2,0.21651610502740806,0.9163118270477133,0.9445137423440035,0.9988571834503854,0.2504581886052698
00824-Dd4bFSTQ8gi,belief,143,desk door,0_5_133,0_5,3,0.1941008660569265,0.9698554387434928,0.9521654548482574,0.9992740872113239,0.21034075141398836
00824-Dd4bFSTQ8gi,belief,143,desk door,0_5_92,0_5,4,0.19030581383865977,0.9614311975527251,0.9281158763239084,0.9974367463247762,0.21381899307717292
00824-Dd4bFSTQ8gi,belief,143,desk door,0_5_135,0_5,5,0.16401411133234967,0.9711800925112698,0.9267171964506657,0.9995299290400845,0.1823217240249601
00824-Dd4bFSTQ8gi,belief,144,dinnerware,0_5_260,0_5,1,0.04507772061174567,0.8919481019533816,0.9424942998312142,0.9588323948945878,0.05592434818539806
00824-Dd4bFSTQ8gi,belief,144,dinnerware,0_5_293,0_5,2,0.025713205558807583,0.9593782144020322,0.9538460228728288,0.8306947788685295,0.033825686183684485
00824-Dd4bFSTQ8gi,belief,144,dinnerware,0_5_262,0_5,3,0.008575745952091924,0.8438171854489063,0.9835012969871113,0.923819080919137,0.011185661583021974
00824-Dd4bFSTQ8gi,belief,144,dinnerware,0_5_268,0_5,4,0.007239588981907921,0.9389488874305459,0.9226598394759893,0.9730122783518091,0.008588395200621213
00824-Dd4bFSTQ8gi,belief,144,dinnerware,0_5_294,0_5,5,0.0028402551955824216,0.8959522489771182,0.9387676996491009,0.9402712714725309,0.0035913786253547663
00824-Dd4bFSTQ8gi,belief,145,diploma,0_2_121,0_2,1,0.0003248931067649911,0.9803334756295867,0.9596440184592478,0.9852285314398698,0.0003505254240676432
00824-Dd4bFSTQ8gi,belief,145,diploma,0_2_113,0_2,2,0.00031476858360515747,0.9018033626097595,0.9083024307308705,0.9398471234553464,0.0004088762045035393
00824-Dd4bFSTQ8gi,belief,145,diploma,0_2_118,0_2,3,0.00030168916815662524,0.9795660838865262,0.9548193678583632,0.9155692133060522,0.0003523007576102589
00824-Dd4bFSTQ8gi,belief,145,diploma,0_2_115,0_2,4,0.0002261158740303733,0.9527169490513011,0.9282139519033398,0.9795580761703093,0.0002610290718622378
00824-Dd4bFSTQ8gi,belief,145,diploma,0_2_74,0_2,5,0.0002110884591973899,0.9737366153265942,0.9535296793708725,0.9704137004208829,0.00023427818679103393
00824-Dd4bFSTQ8gi,belief,146,dirt ground,0_6_4,0_6,1,0.004100611398461391,0.958239028850893,0.9269886212419773,0.9444489641783121,0.004887894922815388
00824-Dd4bFSTQ8gi,belief,146,dirt ground,0_4_116,0_4,2,0.003213519441392169,0.9767318007018831,0.9430731085706365,0.9744615593847696,0.0035801030770426664
00824-Dd4bFSTQ8gi,belief,146,dirt ground,0_0_8,0_0,3,0.003069109553717801,0.9848732120460935,0.9499832243710505,0.8873896658146057,0.003696594074768383
00824-Dd4bFSTQ8gi,belief,146,dirt ground,0_5_381,0_5,4,0.0018769163039589192,0.8738880676251871,1.0,0.740147299803735,0.00290182313206869
00824-Dd4bFSTQ8gi,belief,146,dirt ground,0_0_30,0_0,5,0.0018119276441414156,0.971570948116727,0.9364986114502116,0.9774138395879133,0.0020374206756142606
00824-Dd4bFSTQ8gi,belief,147,dish rack,0_5_125,0_5,1,0.02350119039619743,0.8721973859944828,0.9260615837344047,0.9977790475216071,0.029160893836899075
00824-Dd4bFSTQ8gi,belief,147,dish rack,0_4_2,0_4,2,0.02201986199647221,0.8983357797124295,0.8984431547114998,0.9982267728239268,0.027331034953521717
00824-Dd4bFSTQ8gi,belief,147,dish rack,0_5_39,0_5,3,0.014519778151921996,0.9867878387206268,0.9180739262282991,0.9981166526492204,0.016057474367724697
00824-Dd4bFSTQ8gi,belief,147,dish rack,0_5_115,0_5,4,0.012905120509015907,0.9298710528345713,0.9317860201781512,0.998305880495004,0.014919680278550082
00824-Dd4bFSTQ8gi,belief,147,dish rack,0_5_62,0_5,5,0.012309807828396966,0.9877969162194423,0.9504105454821048,0.9982966034624458,0.013134476478702634
00824-Dd4bFSTQ8gi,belief,148,dishwasher,0_5_89,0_5,1,0.10593522909007144,0.9546120117681776,0.9285511369546245,0.9998632490793011,0.11952729288694244
00824-Dd4bFSTQ8gi,belief,148,dishwasher,0_5_8,0_5,2,0.0807096264330664,0.9340534663540899,0.8928366128098626,0.9999211393408018,0.09678673944666684
00824-Dd4bFSTQ8gi,belief,148,dishwasher,0_5_11,0_5,3,0.06966207772885147,0.9478395892309437,0.9011306519492781,0.9999247780747405,0.08156549693325292
00824-Dd4bFSTQ8gi,belief,148,dishwasher,0_5_180,0_5,4,0.05432533376756989,0.9327907159520625,0.933296122428698,0.9997852368710726,0.06241543581696224
00824-Dd4bFSTQ8gi,belief,148,dishwasher,0_5_39,0_5,5,0.01038996205447131,0.9867878387206268,0.9180739262282991,0.9981166526492204,0.011490296037975
00824-Dd4bFSTQ8gi,belief,149,dispenser,0_2_36,0_2,1,0.019177132640045787,0.9645862616036877,0.9360672919744994,0.9972322626966572,0.02129801895207223
00824-Dd4bFSTQ8gi,belief,149,dispenser,0_1_35,0_1,2,0.01903384403093015,0.9436002045715728,0.9186584180695694,0.9937285419533587,0.022096152419841215
00824-Dd4bFSTQ8gi,belief,149,dispenser,0_2_32,0_2,3,0.016984272103092845,0.9322114680064533,0.9263398097090721,0.9944505735418133,0.019777844898602837
00824-Dd4bFSTQ8gi,belief,149,dispenser,0_5_2,0_5,4,0.011771263518804552,0.9446704996128876,0.920601713839274,0.9745107978813246,0.013889425870012078
00824-Dd4bFSTQ8gi,belief,149,dispenser,0_6_79,0_6,5,0.011040080867089649,0.9764038686326914,0.9405713974718488,0.9689450493932146,0.012406573338397143
00824-Dd4bFSTQ8gi,belief,150,display case,0_5_138,0_5,1,0.0056564618821974885,0.9708760336623669,0.9574528351954763,0.9975009653708563,0.006100288438264797
00824-Dd4bFSTQ8gi,belief,150,display case,0_6_140,0_6,2,0.005255383082288616,0.9517893725302357,0.9430200408366269,0.9963834061387321,0.00587646452737983
00824-Dd4bFSTQ8gi,belief,150,display case,0_1_10,0_1,3,0.004172714396897989,0.8857080828260492,0.9401285760874906,0.9966983959687645,0.0050277889514479075
00824-Dd4bFSTQ8gi,belief,150,display case,0_5_3,0_5,4,0.002291999979361036,0.8656329714562281,0.9612480926454048,0.9960502619233256,0.002765438942422175
00824-Dd4bFSTQ8gi,belief,150,display case,0_5_67,0_5,5,0.0018548786183313012,0.981415754117179,0.9366916001931784,0.9975065562697287,0.002022786680679388
00824-Dd4bFSTQ8gi,belief,151,document,0_3_37,0_3,1,0.053545399113103215,0.9621231979548526,0.9311012642543468,0.9966396233737745,0.05997308758698917
00824-Dd4bFSTQ8gi,belief,151,document,0_1_99,0_1,2,0.03774040357537602,0.9643527057960932,0.9171626778953679,0.9949123537345212,0.04288835997819348
00824-Dd4bFSTQ8gi,belief,151,document,0_4_116,0_4,3,0.029988358967227437,0.9767318007018831,0.9430731085706365,0.9744615593847696,0.03340929413127172
00824-Dd4bFSTQ8gi,belief,151,document,0_5_177,0_5,4,0.024348590856120254,0.9626096776780202,0.9291400845210275,0.980541615429202,0.027763638529649335
00824-Dd4bFSTQ8gi,belief,151,document,0_2_115,0_2,5,0.02268683180020237,0.9527169490513011,0.9282139519033398,0.9795580761703093,0.026189769620093357
00824-Dd4bFSTQ8gi,belief,152,document holder,0_1_74,0_1,1,0.30857450884371784,0.9689492178606569,0.95537116991419,0.9997329662071326,0.3334286278532592
00824-Dd4bFSTQ8gi,belief,152,document holder,0_2_114,0_2,2,0.09990107035349385,0.975630308427508,0.9513947294934744,0.9918297227012116,0.10851430614843216
00824-Dd4bFSTQ8gi,belief,152,document holder,0_1_35,0_1,3,0.07618943066192076,0.9436002045715728,0.9186584180695694,0.9937285419533587,0.08844736091937261
00824-Dd4bFSTQ8gi,belief,152,document holder,0_5_177,0_5,4,0.07088183693173958,0.9626096776780202,0.9291400845210275,0.980541615429202,0.08082347395458024
00824-Dd4bFSTQ8gi,belief,152,document holder,0_2_115,0_2,5,0.03322901647681155,0.9527169490513011,0.9282139519033398,0.9795580761703093,0.038359709892247615
00824-Dd4bFSTQ8gi,belief,153,dog leash,0_5_245,0_5,1,0.001381118541709475,0.9720923848727662,0.9019851710081195,0.9927883028113811,0.0015865996916883866
00824-Dd4bFSTQ8gi,belief,153,dog leash,0_3_29,0_3,2,0.0007872164597541069,0.9802004204215117,0.9173320674665175,0.9370955823154603,0.0009342622813564072
00824-Dd4bFSTQ8gi,belief,153,dog leash,0_2_26,0_2,3,0.0006927920816292872,0.9621798116673055,0.9588000005604795,0.9498128775436335,0.0007906433014006358
00824-Dd4bFSTQ8gi,belief,153,dog leash,0_3_47,0_3,4,0.0005038719993808539,0.9306412878968231,0.9396563935419477,0.9737951084664206,0.0005916995609333488
00824-Dd4bFSTQ8gi,belief,153,dog leash,0_5_299,0_5,5,0.00036709071670173473,0.9530364304530098,0.9700309846309396,0.9938571548477667,0.0003995345346051948
00824-Dd4bFSTQ8gi,belief,154,dog toy,0_3_29,0_3,1,0.0007939806011143215,0.9802004204215117,0.9173320674665175,0.9370955823154603,0.0009422899109369488
00824-Dd4bFSTQ8gi,belief,154,dog toy,0_3_28,0_3,2,0.00044717095429510186,0.8720814809203148,1.0,0.9242489768238213,0.0005547886197051073
00824-Dd4bFSTQ8gi,belief,154,dog toy,0_2_124,0_2,3,0.0003168897949320215,0.9749969641367594,0.9619556482333077,0.9907587157082992,0.00034102171923521376
00824-Dd4bFSTQ8gi,belief,154,dog toy,0_3_39,0_3,4,0.0002873725078135929,0.9676650718151562,0.9505899902870413,0.9978204834041363,0.00031309382390756925
00824-Dd4bFSTQ8gi,belief,154,dog toy,0_0_30,0_0,5,0.0002809981667789722,0.971570948116727,0.9364986114502116,0.9774138395879133,0.0003159681771268894
00824-Dd4bFSTQ8gi,belief,155,doily,0_4_140,0_4,1,0.0013495847891156294,0.9344231238672053,0.9314667701214092,0.9984821219111557,0.0015529194815335273
00824-Dd4bFSTQ8gi,belief,155,doily,0_5_293,0_5,2,0.001300854371831091,0.9593782144020322,0.9538460228728288,0.8306947788685295,0.0017112721185850094
00824-Dd4bFSTQ8gi,belief,155,doily,0_5_260,0_5,3,0.0012239778006778094,0.8919481019533816,0.9424942998312142,0.9588323948945878,0.001518492056993402
00824-Dd4bFSTQ8gi,belief,155,doily,0_5_179,0_5,4,0.0011080652910059141,0.9555759297648088,0.9168595951984808,0.9968166603241051,0.0012687674467833064
00824-Dd4bFSTQ8gi,belief,155,doily,0_0_60,0_0,5,0.00100494387505691,0.9866587493879543,0.9272747945232263,0.9947380683187913,0.0011042251711062558
00824-Dd4bFSTQ8gi,belief,156,doll,0_2_6,0_2,1,0.05227890432321448,0.9572748878262058,0.9918923651744805,0.9723959521942782,0.05662159785815306
00824-Dd4bFSTQ8gi,belief,156,doll,0_2_179,0_2,2,0.038559929780700886,0.9558793028473577,0.9642507474404654,0.987007008573947,0.04238605091619968
00824-Dd4bFSTQ8gi,belief,156,doll,0_5_308,0_5,3,0.029987075738045644,0.8731722489992778,0.9068384887821965,0.9439973818038041,0.040117462715402584
00824-Dd4bFSTQ8gi,belief,156,doll,0_3_29,0_3,4,0.02165520884424574,0.9802004204215117,0.9173320674665175,0.9370955823154603,0.025700230943334162
00824-Dd4bFSTQ8gi,belief,156,doll,0_1_59,0_1,5,0.018508255799921575,0.9694465387169094,0.9288275258291203,0.9750258704654579,0.021080961374241838
00824-Dd4bFSTQ8gi,belief,157,door screen,0_5_120,0_5,1,0.7041208026729493,0.933692526517895,0.9270745698364868,0.9990237048065874,0.814240745523189
00824-Dd4bFSTQ8gi,belief,157,door screen,0_4_4,0_4,2,0.6689211464619559,0.9912442969748707,0.9566299014035489,0.9983375667063298,0.7065987399892132
00824-Dd4bFSTQ8gi,belief,157,door screen,0_5_202,0_5,3,0.647963935466075,0.9163118270477133,0.9445137423440035,0.9988571834503854,0.7495418113947302
00824-Dd4bFSTQ8gi,belief,157,door screen,0_1_68,0_1,4,0.6271268755196014,0.9721681499652002,0.9493541610797722,0.9974104999308943,0.6812583370663539
00824-Dd4bFSTQ8gi,belief,157,door screen,0_3_49,0_3,5,0.6047713679421264,0.9569555901814115,0.9649999444256895,0.9995973100109911,0.6551595426581913
00824-Dd4bFSTQ8gi,belief,158,drawer,0_2_149,0_2,1,0.6870332342750468,0.9761459492828883,0.9591722822121937,0.9996250069167952,0.7340561089623319
00824-Dd4bFSTQ8gi,belief,158,drawer,0_2_91,0_2,2,0.6308622526634007,0.9488393066347474,0.9457790548606504,0.999163492912337,0.7035834664699607
00824-Dd4bFSTQ8gi,belief,158,drawer,0_5_26,0_5,3,0.31299318922817554,0.7796576382258,0.9491198308975333,0.9989458168089475,0.4234166864497505
00824-Dd4bFSTQ8gi,belief,158,drawer,0_5_61,0_5,4,0.2942401598074633,0.9574991573743392,0.9466749464426893,0.9991307566890333,0.3248929857666447
00824-Dd4bFSTQ8gi,belief,158,drawer,0_4_23,0_4,5,0.2707870635653018,0.9780666679143906,0.9306315448620884,0.9995459236899361,0.297631526935691
00824-Dd4bFSTQ8gi,belief,159,drawer cart,0_5_30,0_5,1,0.0038690539114786216,0.9189895226039313,0.9249273194586336,0.9990391140114749,0.004556214081718174
00824-Dd4bFSTQ8gi,belief,159,drawer cart,0_5_26,0_5,2,0.0037760429422736487,0.7796576382258,0.9491198308975333,0.9989458168089475,0.005108224860905529
00824-Dd4bFSTQ8gi,belief,159,drawer cart,0_5_61,0_5,3,0.0035110932824254626,0.9574991573743392,0.9466749464426893,0.9991307566890333,0.0038768656888266253
00824-Dd4bFSTQ8gi,belief,159,drawer cart,0_5_76,0_5,4,0.00309551992722338,0.9378013384930881,0.928929546572546,0.9993122163476438,0.0035558119284623273
00824-Dd4bFSTQ8gi,belief,159,drawer cart,0_5_192,0_5,5,0.0027870660772333225,0.9489220062294501,0.9289845512488727,0.9963568052427938,0.00317317017501455
00824-Dd4bFSTQ8gi,belief,160,dressing table,0_1_10,0_1,1,0.025685876734700613,0.8857080828260492,0.9401285760874906,0.9966983959687645,0.030949438416150908
00824-Dd4bFSTQ8gi,belief,160,dressing table,0_1_22,0_1,2,0.017023751864964652,0.9831921559016242,0.9525792354003156,0.9981870463890057,0.018209743792107744
00824-Dd4bFSTQ8gi,belief,160,dressing table,0_2_177,0_2,3,0.01205932495935937,0.9801911154940978,0.9498673145061571,0.9987396797559609,0.01296871624888861
00824-Dd4bFSTQ8gi,belief,160,dressing table,0_2_200,0_2,4,0.010842218801848028,0.9661810888184442,0.9500365693955204,0.9988173081479677,0.011825874134070474
00824-Dd4bFSTQ8gi,belief,160,dressing table,0_2_91,0_2,5,0.009930022673029037,0.9488393066347474,0.9457790548606504,0.999163492912337,0.011074683490601563
00824-Dd4bFSTQ8gi,belief,161,drill,0_1_52,0_1,1,0.06187991138351937,0.9670426288967379,0.9487705709054759,0.8860270082170919,0.07611949501926098
00824-Dd4bFSTQ8gi,belief,161,drill,0_2_159,0_2,2,0.013817427617179742,0.9870273823715147,0.9569317912040664,0.960670050619474,0.01522799629693987
00824-Dd4bFSTQ8gi,belief,161,drill,0_2_39,0_2,3,0.005518634531136021,0.9291093295647038,0.9443383630321825,0.8914203178897508,0.007055936301910003
00824-Dd4bFSTQ8gi,belief,161,drill,0_5_353,0_5,4,0.004778211099090349,0.9852270151324122,0.9430370214831086,0.9747701252433542,0.005275918377317714
00824-Dd4bFSTQ8gi,belief,161,drill,0_5_409,0_5,5,0.003898539645915914,0.9553930417384459,0.9550950135905424,0.8620343121781208,0.004956199171759986
00824-Dd4bFSTQ8gi,belief,162,drum,0_5_250,0_5,1,0.02422373815198002,0.9710265826892314,0.9199946345075227,0.9636858468584617,0.028137743656911778
00824-Dd4bFSTQ8gi,belief,162,drum,0_5_252,0_5,2,0.014605559226389625,0.9419732367896524,0.9360671590114006,0.9861183064121916,0.016797459258981566
00824-Dd4bFSTQ8gi,belief,162,drum,0_5_277,0_5,3,0.014175905303640508,0.9136341170421443,0.9096081134217623,0.9366862662323752,0.018210841592101613
00824-Dd4bFSTQ8gi,belief,162,drum,0_5_166,0_5,4,0.013834595740863423,0.9545936532297189,0.9167961833242718,0.9476931268745955,0.016680436186543232
00824-Dd4bFSTQ8gi,belief,162,drum,0_5_423,0_5,5,0.008421393978265494,0.9704151882065667,0.9359775368968624,0.9654242556344028,0.009603792505302768
00824-Dd4bFSTQ8gi,belief,163,dustpan,0_2_32,0_2,1,0.2684789461362638,0.9322114680064533,0.9263398097090721,0.9944505735418133,0.31263835877054913
00824-Dd4bFSTQ8gi,belief,163,dustpan,0_1_9,0_1,2,0.2494342506075343,0.9570596029988906,0.9115689408263052,0.977862634324559,0.29238139345783065
00824-Dd4bFSTQ8gi,belief,163,dustpan,0_1_35,0_1,3,0.24362624635635813,0.9436002045715728,0.9186584180695694,0.9937285419533587,0.2828226744012469
00824-Dd4bFSTQ8gi,belief,163,dustpan,0_5_94,0_5,4,0.24156347894819238,0.9754105049749243,0.9360900290504934,0.9916418897687158,0.2667911158373579
00824-Dd4bFSTQ8gi,belief,163,dustpan,0_2_121,0_2,5,0.23690179946707907,0.9803334756295867,0.9596440184592478,0.9852285314398698,0.25559207625987607
00824-Dd4bFSTQ8gi,belief,164,dvd,0_5_381,0_5,1,0.007283313480121208,0.8738880676251871,1.0,0.740147299803735,0.011260431533438277
00824-Dd4bFSTQ8gi,belief,164,dvd,0_2_118,0_2,2,0.007042626252333927,0.9795660838865262,0.9548193678583632,0.9155692133060522,0.008224102242129685
00824-Dd4bFSTQ8gi,belief,164,dvd,0_2_127,0_2,3,0.004981544685379917,0.8287659775127064,0.9692424887395859,0.9823823251567811,0.006312757870955197
00824-Dd4bFSTQ8gi,belief,164,dvd,0_3_35,0_3,4,0.0025709486414412213,0.8552236933541555,0.9230438950589228,0.9962066637995133,0.0032692029349123105
00824-Dd4bFSTQ8gi,belief,164,dvd,0_5_164,0_5,5,0.0020808019334148014,0.8294892445145737,0.8934307131046062,0.9942898782409825,0.0028238790226119905
00824-Dd4bFSTQ8gi,belief,165,easel,0_5_297,0_5,1,0.004702712501638234,0.978079389068409,0.9767321040744901,0.9845718606054341,0.004999786273824513
00824-Dd4bFSTQ8gi,belief,165,easel,0_2_26,0_2,2,0.004277877560783779,0.9621798116673055,0.9588000005604795,0.9498128775436335,0.00488209280581189
00824-Dd4bFSTQ8gi,belief,165,easel,0_5_331,0_5,3,0.004199701253817984,0.9682000233170887,0.9994526096225707,0.9945539428189817,0.004363779114760888
00824-Dd4bFSTQ8gi,belief,165,easel,0_5_405,0_5,4,0.003954585309008166,0.967878363680214,0.929996550012782,0.9978266568262607,0.004402949737333983
00824-Dd4bFSTQ8gi,belief,165,easel,0_5_42,0_5,5,0.0038318567475233217,0.8942212516704654,0.9372383875599186,0.996141369596184,0.004589794413615673
00824-Dd4bFSTQ8gi,belief,166,electric hub,0_1_52,0_1,1,0.00012909905682907335,0.9670426288967379,0.9487705709054759,0.8860270082170919,0.00015880686952485156
00824-Dd4bFSTQ8gi,belief,166,electric hub,0_5_277,0_5,2,0.00010231990902046946,0.9136341170421443,0.9096081134217623,0.9366862662323752,0.0001314435737950011
00824-Dd4bFSTQ8gi,belief,166,electric hub,0_5_381,0_5,3,2.864454690577851e-05,0.8738880676251871,1.0,0.740147299803735,4.4286156310480865e-05
00824-Dd4bFSTQ8gi,belief,166,electric hub,0_5_124,0_5,4,2.6966496441984566e-05,0.7727119285951961,0.938497440049318,0.9856772714778568,3.7725853515842417e-05
00824-Dd4bFSTQ8gi,belief,166,electric hub,0_5_108,0_5,5,2.2433166746800717e-05,0.9635791689758385,0.9206615275988093,0.9850401669683237,2.5671381832843405e-05
00824-Dd4bFSTQ8gi,belief,167,electric wire casing,0_6_158,0_6,1,0.17607867957553544,0.95469726641687,0.935107809836967,0.7431914433639781,0.26538642780347516
00824-Dd4bFSTQ8gi,belief,167,electric wire casing,0_4_102,0_4,2,0.15920106071288193,0.9793698223022669,0.9410808717219558,0.9971505440458512,0.17322539589225738
00824-Dd4bFSTQ8gi,belief,167,electric wire casing,0_4_120,0_4,3,0.1568451276578219,0.9559786604214757,0.9529424329546861,0.9971428800812246,0.17266279851654562
00824-Dd4bFSTQ8gi,belief,167,electric wire casing,0_5_341,0_5,4,0.05749466434174934,0.9528206065803968,0.9224242573964267,0.9534262359800177,0.06861176446723667
00824-Dd4bFSTQ8gi,belief,167,electric wire casing,0_4_49,0_4,5,0.03614143010937365,0.9773024847642546,0.9648760894953392,0.9951934266011956,0.03851210770097387
00824-Dd4bFSTQ8gi,belief,168,electrical box,0_5_35,0_5,1,0.14166327797705563,0.9182689519654138,0.9309323787154575,0.9987277662479934,0.1659289353031502
00824-Dd4bFSTQ8gi,belief,168,electrical box,0_1_35,0_1,2,0.11964389408473228,0.9436002045715728,0.9186584180695694,0.9937285419533587,0.13889310616938957
00824-Dd4bFSTQ8gi,belief,168,electrical box,0_5_67,0_5,3,0.11045704217031874,0.981415754117179,0.9366916001931784,0.9975065562697287,0.12045587861181276
00824-Dd4bFSTQ8gi,belief,168,electrical box,0_5_138,0_5,4,0.1093971372804377,0.9708760336623669,0.9574528351954763,0.9975009653708563,0.11798083424401322
00824-Dd4bFSTQ8gi,belief,168,electrical box,0_5_68,0_5,5,0.08712533384930687,0.926739274960704,0.9265356432310157,0.9956847793011084,0.10190673497117922
00824-Dd4bFSTQ8gi,belief,169,electrical device,0_5_35,0_5,1,0.01437724340731492,0.9182689519654138,0.9309323787154575,0.9987277662479934,0.016839937104634706
00824-Dd4bFSTQ8gi,belief,169,electrical device,0_1_52,0_1,2,0.01411560171467157,0.9670426288967379,0.9487705709054759,0.8860270082170919,0.017363833437873687
00824-Dd4bFSTQ8gi,belief,169,electrical device,0_1_35,0_1,3,0.010352279254624954,0.9436002045715728,0.9186584180695694,0.9937285419533587,0.01201783202233032
00824-Dd4bFSTQ8gi,belief,169,electrical device,0_2_55,0_2,4,0.003479620555144225,0.9653688271840414,0.9396800767000384,0.9956710197436406,0.003852500743863065
00824-Dd4bFSTQ8gi,belief,169,electrical device,0_0_55,0_0,5,0.003235204483023808,0.9636302219226234,0.9245795564371652,0.9987798673544314,0.0036356097341730506
00824-Dd4bFSTQ8gi,belief,170,electrical installation,0_4_102,0_4,1,0.04021704626524993,0.9793698223022669,0.9410808717219558,0.9971505440458512,0.04375984512741026
00824-Dd4bFSTQ8gi,belief,170,electrical installation,0_4_120,0_4,2,0.039637857039079016,0.9559786604214757,0.9529424329546861,0.9971428800812246,0.04363529441920046
00824-Dd4bFSTQ8gi,belief,170,electrical installation,0_4_7,0_4,3,0.029892933201522778,0.9548851611138032,0.9557685739561002,0.9927725423818324,0.03299247402045133
00824-Dd4bFSTQ8gi,belief,170,electrical installation,0_4_119,0_4,4,0.02019184100246891,0.9772316422513739,0.9474930025919824,0.9936720903126515,0.021946198042114725
00824-Dd4bFSTQ8gi,belief,170,electrical installation,0_5_35,0_5,5,0.016109575165886764,0.9182689519654138,0.9309323787154575,0.9987277662479934,0.018869001858721614
00824-Dd4bFSTQ8gi,belief,171,elevator,0_4_7,0_4,1,0.041183015995944684,0.9548851611138032,0.9557685739561002,0.9927725423818324,0.045453203811421934
00824-Dd4bFSTQ8gi,belief,171,elevator,0_0_26,0_0,2,0.006839319903507312,0.9508786796631992,0.9376608623291074,0.9837077502529517,0.007797868838096918
00824-Dd4bFSTQ8gi,belief,171,elevator,0_3_48,0_3,3,0.006773195677190459,0.9350999885963068,0.9528884058033308,0.9981931434202318,0.007615158476396812
00824-Dd4bFSTQ8gi,belief,171,elevator,0_3_54,0_3,4,0.006539200033856395,0.9813649075142308,0.9158942889984203,0.9984255545036173,0.007286736405477845
00824-Dd4bFSTQ8gi,belief,171,elevator,0_3_33,0_3,5,0.00599125741720352,0.9473984214235939,0.9326852116608488,0.998252029894794,0.006792193191488562
00824-Dd4bFSTQ8gi,belief,172,exercise ball,0_5_250,0_5,1,0.0010293451527771003,0.9710265826892314,0.9199946345075227,0.9636858468584617,0.0011956639335188363
00824-Dd4bFSTQ8gi,belief,172,exercise ball,0_5_252,0_5,2,0.00048492179083395494,0.9419732367896524,0.9360671590114006,0.9861183064121916,0.0005576954568510026
00824-Dd4bFSTQ8gi,belief,172,exercise ball,0_5_244,0_5,3,0.0002602126160791276,0.9705105667587852,0.9400642732142764,0.993807100591286,0.0002869911057070903
00824-Dd4bFSTQ8gi,belief,172,exercise ball,0_5_166,0_5,4,0.00019781496821107245,0.9545936532297189,0.9167961833242718,0.9476931268745955,0.00023850642373608963
00824-Dd4bFSTQ8gi,belief,172,exercise ball,0_5_381,0_5,5,0.00018701170120244068,0.8738880676251871,1.0,0.740147299803735,0.0002891311026347386
00824-Dd4bFSTQ8gi,belief,173,exercise bike,0_1_52,0_1,1,0.00023953820086407152,0.9670426288967379,0.9487705709054759,0.8860270082170919,0.00029465987393853326
00824-Dd4bFSTQ8gi,belief,173,exercise bike,0_3_46,0_3,2,0.0002043617220248322,0.9417606059051291,0.9484308509573944,0.9944768398231622,0.0002300693088788605
00824-Dd4bFSTQ8gi,belief,173,exercise bike,0_3_29,0_3,3,0.0001978391874270261,0.9802004204215117,0.9173320674665175,0.9370955823154603,0.0002347939861991776
00824-Dd4bFSTQ8gi,belief,173,exercise bike,0_2_200,0_2,4,0.00019652182055456674,0.9661810888184442,0.9500365693955204,0.9988173081479677,0.0002143511726659273
00824-Dd4bFSTQ8gi,belief,173,exercise bike,0_3_18,0_3,5,0.00019589538559023915,0.9520762827247381,0.889508596980338,0.9962181876804433,0.0002321923160230965
00824-Dd4bFSTQ8gi,belief,174,exercise equipment,0_2_26,0_2,1,4.3499083061152525e-05,0.9621798116673055,0.9588000005604795,0.9498128775436335,4.964297305258953e-05
00824-Dd4bFSTQ8gi,belief,174,exercise equipment,0_5_277,0_5,2,3.643921077494187e-05,0.9136341170421443,0.9096081134217623,0.9366862662323752,4.6811027652198886e-05
00824-Dd4bFSTQ8gi,belief,174,exercise equipment,0_5_244,0_5,3,1.4759185070270915e-05,0.9705105667587852,0.9400642732142764,0.993807100591286,1.62780533337576e-05
00824-Dd4bFSTQ8gi,belief,174,exercise equipment,0_3_35,0_3,4,1.458509058193473e-05,0.8552236933541555,0.9230438950589228,0.9962066637995133,1.854631406004811e-05
00824-Dd4bFSTQ8gi,belief,174,exercise equipment,0_3_30,0_3,5,1.450763916860704e-05,0.9271998826544082,0.9205946023528102,0.9898808012458685,1.717006945623647e-05
00824-Dd4bFSTQ8gi,belief,175,exercise ladder,0_3_66,0_3,1,0.0030443385506421987,0.9739724324328497,0.9545670505459596,0.9910862892674369,0.0033039112669320096
00824-Dd4bFSTQ8gi,belief,175,exercise ladder,0_2_62,0_2,2,0.0018981734416281208,0.948795348405838,0.9125628768937084,0.9874206761970182,0.00222023186401178
00824-Dd4bFSTQ8gi,belief,175,exercise ladder,0_5_187,0_5,3,0.0014069615296765355,0.9499611720516762,0.9299258689642542,0.9962731524229187,0.0015986360849392293
00824-Dd4bFSTQ8gi,belief,175,exercise ladder,0_5_429,0_5,4,0.0013713616346546604,0.981436476077767,0.9456069053530338,0.9937900419489633,0.0014869094609512635
00824-Dd4bFSTQ8gi,belief,175,exercise ladder,0_0_22,0_0,5,0.0009869900515556622,0.9751834197689302,0.9366758240981087,0.9906698330773632,0.0010907072925930741
00824-Dd4bFSTQ8gi,belief,176,exercise mat,0_1_11,0_1,1,0.0002820494525151646,0.9582889779703784,0.9467363707193159,0.9546083358999461,0.00032566754770331084
00824-Dd4bFSTQ8gi,belief,176,exercise mat,0_6_24,0_6,2,0.0002581271933584086,0.9615866677514469,0.953211963611502,0.9968509317324953,0.00028250466416112035
00824-Dd4bFSTQ8gi,belief,176,exercise mat,0_1_21,0_1,3,0.00013489748073905366,0.9241106886925777,0.9361503065132972,0.9942431820486638,0.00015683451319938193
00824-Dd4bFSTQ8gi,belief,176,exercise mat,0_0_8,0_0,4,9.442763865762004e-05,0.9848732120460935,0.9499832243710505,0.8873896658146057,0.00011373352545636226
00824-Dd4bFSTQ8gi,belief,176,exercise mat,0_5_256,0_5,5,9.082877113327212e-05,0.919039091022457,0.9225271968616156,0.9961377302398229,0.00010754516389197371
00824-Dd4bFSTQ8gi,belief,177,exhibition panel,0_5_302,0_5,1,0.0026466782254106693,0.9072769029778605,0.9342880366077415,0.9974206805146759,0.0031304165646817393
00824-Dd4bFSTQ8gi,belief,177,exhibition panel,0_5_311,0_5,2,0.001356580657912707,0.8972081762236243,0.8768003432852913,0.9939676772488676,0.0017349198857529188
00824-Dd4bFSTQ8gi,belief,177,exhibition panel,0_5_46,0_5,3,0.001262818581457084,0.9237367656397816,0.9000449980104781,0.9985727066020494,0.0015210686662957714
00824-Dd4bFSTQ8gi,belief,177,exhibition panel,0_5_273,0_5,4,0.0012076448612679386,0.9181149631527123,0.9617283870400333,0.9989649830940678,0.001369113560547712
00824-Dd4bFSTQ8gi,belief,177,exhibition panel,0_6_117,0_6,5,0.001135762668129779,0.9603616737378309,0.9285715456203731,0.9984498753222277,0.0012755900744383696
00824-Dd4bFSTQ8gi,belief,178,extractor hood,0_5_422,0_5,1,0.41420821062949453,0.9664318663681761,0.9532279975131477,0.9934770777269637,0.4525773560956164
00824-Dd4bFSTQ8gi,belief,178,extractor hood,0_5_22,0_5,2,0.3210387870206431,0.8685061548000726,0.8921880682367788,0.9985114628988366,0.41493028997754366
00824-Dd4bFSTQ8gi,belief,178,extractor hood,0_5_114,0_5,3,0.2996349225682312,0.8986819527508157,0.9398566734947805,0.9938056320510519,0.3569631009827645
00824-Dd4bFSTQ8gi,belief,178,extractor hood,0_5_39,0_5,4,0.2628201325518591,0.9867878387206268,0.9180739262282991,0.9981166526492204,0.2906537205745701
00824-Dd4bFSTQ8gi,belief,178,extractor hood,0_5_100,0_5,5,0.2597582151616869,0.9345834459381543,0.891640544487207,0.9968647987682344,0.3126980251351188
00824-Dd4bFSTQ8gi,belief,179,eyeglasses,0_5_277,0_5,1,0.0013283893557044489,0.9136341170421443,0.9096081134217623,0.9366862662323752,0.0017064933498924502
00824-Dd4bFSTQ8gi,belief,179,eyeglasses,0_0_30,0_0,2,0.0006462476679237914,0.971570948116727,0.9364986114502116,0.9774138395879133,0.0007266727037653544
00824-Dd4bFSTQ8gi,belief,179,eyeglasses,0_2_26,0_2,3,0.0005052379658279067,0.9621798116673055,0.9588000005604795,0.9498128775436335,0.000576598699505446
00824-Dd4bFSTQ8gi,belief,179,eyeglasses,0_2_127,0_2,4,0.0003613373295559459,0.8287659775127064,0.9692424887395859,0.9823823251567811,0.0004578971414065046
00824-Dd4bFSTQ8gi,belief,179,eyeglasses,0_2_200,0_2,5,0.000287982136590273,0.9661810888184442,0.9500365693955204,0.9988173081479677,0.00031410918396119965
00824-Dd4bFSTQ8gi,belief,180,fan,0_0_11,0_0,1,0.8922837211549516,0.9719229940411945,0.9547267689785945,0.997217783405729,0.9642774229175747
00824-Dd4bFSTQ8gi,belief,180,fan,0_1_53,0_1,2,0.8566112374886444,0.958236155829565,0.9611375529803192,0.9988705291051326,0.9311431829174323
00824-Dd4bFSTQ8gi,belief,180,fan,0_0_10,0_0,3,0.8048463581368215,0.958186933500135,0.9315943460651928,0.9974769094815121,0.9039263445467182
00824-Dd4bFSTQ8gi,belief,180,fan,0_0_4,0_0,4,0.7577401938748735,0.9894649549800627,0.8905303637710127,0.9973140633093853,0.8622619716277665
00824-Dd4bFSTQ8gi,belief,180,fan,0_0_51,0_0,5,0.7078244173987612,0.9844530029672127,0.9027628808801201,0.9884749241522408,0.8057330938654651
00824-Dd4bFSTQ8gi,belief,181,faucet,0_4_86,0_4,1,0.5077370929366732,0.9785747509705742,0.9314411376198287,0.99997014877552,0.5570605911362995
00824-Dd4bFSTQ8gi,belief,181,faucet,0_2_6,0_2,2,0.028852217147537017,0.9572748878262058,0.9918923651744805,0.9723959521942782,0.031248907332560947
00824-Dd4bFSTQ8gi,belief,181,faucet,0_2_131,0_2,3,0.025809376826744404,0.9620556405021085,0.9010083583719094,0.9998099226911581,0.02978043697077154
00824-Dd4bFSTQ8gi,belief,181,faucet,0_2_133,0_2,4,0.010463919856184545,0.9845735762889187,0.9501939885730822,0.9996838147870353,0.011188485136813702
00824-Dd4bFSTQ8gi,belief,181,faucet,0_3_29,0_3,5,0.00949850579410433,0.9802004204215117,0.9173320674665175,0.9370955823154603,0.011272751709801463
00824-Dd4bFSTQ8gi,belief,182,fire extinguisher,0_1_52,0_1,1,0.002710225969644869,0.9670426288967379,0.9487705709054759,0.8860270082170919,0.0033338934653419526
00824-Dd4bFSTQ8gi,belief,182,fire extinguisher,0_5_68,0_5,2,0.0008063030888853909,0.926739274960704,0.9265356432310157,0.9956847793011084,0.0009430978517408617
00824-Dd4bFSTQ8gi,belief,182,fire extinguisher,0_3_35,0_3,3,0.0007695422725761794,0.8552236933541555,0.9230438950589228,0.9962066637995133,0.0009785453569523016
00824-Dd4bFSTQ8gi,belief,182,fire extinguisher,0_5_106,0_5,4,0.0006950729401252872,0.9398846501553498,0.924557703481315,0.9969546355783374,0.0008023177600456659
00824-Dd4bFSTQ8gi,belief,182,fire extinguisher,0_1_35,0_1,5,0.000643620143525431,0.9436002045715728,0.9186584180695694,0.9937285419533587,0.0007471706066682014
00824-Dd4bFSTQ8gi,belief,183,fireplace,0_6_13,0_6,1,0.1789457320638456,0.93869310175931,0.9989302882116098,0.9981627582264285,0.19118823978801805
00824-Dd4bFSTQ8gi,belief,183,fireplace,0_6_106,0_6,2,0.12278193079665012,0.9647176402265376,0.9514341147540406,0.9985464777600634,0.1339637311998328
00824-Dd4bFSTQ8gi,belief,183,fireplace,0_6_127,0_6,3,0.0810905987604807,0.9778865472984916,0.923753008810368,0.9988416311091586,0.08987306116067376
00824-Dd4bFSTQ8gi,belief,183,fireplace,0_6_141,0_6,4,0.05719982383112342,0.879446653872517,0.9105522694361075,0.9977438964096126,0.07159146168903428
00824-Dd4bFSTQ8gi,belief,183,fireplace,0_6_135,0_6,5,0.04878696599137175,0.9841107028349133,0.9397236827710527,0.9982430569225819,0.05284737075920195
00824-Dd4bFSTQ8gi,belief,184,fireplace tool set,0_6_135,0_6,1,0.023344330332393706,0.9841107028349133,0.9397236827710527,0.9982430569225819,0.025287214630634724
00824-Dd4bFSTQ8gi,belief,184,fireplace tool set,0_6_13,0_6,2,0.01306101400159941,0.93869310175931,0.9989302882116098,0.9981627582264285,0.013954578564195713
00824-Dd4bFSTQ8gi,belief,184,fireplace tool set,0_6_134,0_6,3,0.011122134014074964,0.9547232714773898,0.9431101847390136,0.9987370228761283,0.012367930349961564
00824-Dd4bFSTQ8gi,belief,184,fireplace tool set,0_6_0,0_6,4,0.010448804877291176,0.9865188696162592,0.9137113950747956,0.9987289076414559,0.011606587797706692
00824-Dd4bFSTQ8gi,belief,184,fireplace tool set,0_6_106,0_6,5,0.008167534317681906,0.9647176402265376,0.9514341147540406,0.9985464777600634,0.00891135499173304
00824-Dd4bFSTQ8gi,belief,185,firewood,0_1_8,0_1,1,0.007431299327057434,0.911917292166554,1.0,0.9734070875562373,0.008371722024450842
00824-Dd4bFSTQ8gi,belief,185,firewood,0_5_177,0_5,2,0.005518936521689147,0.9626096776780202,0.9291400845210275,0.980541615429202,0.006293003137704903
00824-Dd4bFSTQ8gi,belief,185,firewood,0_5_400,0_5,3,0.004639759504594586,0.9228293488854947,0.9666951408260535,0.9973411109631393,0.005214837924491265
00824-Dd4bFSTQ8gi,belief,185,firewood,0_5_308,0_5,4,0.0024545116839669915,0.8731722489992778,0.9068384887821965,0.9439973818038041,0.0032837073486673804
00824-Dd4bFSTQ8gi,belief,185,firewood,0_5_84,0_5,5,0.00222586399357636,0.9072869047003216,0.9402085819455541,0.990263601343516,0.002634989897702469
00824-Dd4bFSTQ8gi,belief,186,fishing rod,0_1_52,0_1,1,0.0021309656260009155,0.9670426288967379,0.9487705709054759,0.8860270082170919,0.002621335805561517
00824-Dd4bFSTQ8gi,belief,186,fishing rod,0_4_44,0_4,2,0.0015065157776378833,0.984312042593956,0.9450264370806449,0.9922340612895805,0.0016322354143043772
00824-Dd4bFSTQ8gi,belief,186,fishing rod,0_5_381,0_5,3,0.0012897532797455516,0.8738880676251871,1.0,0.740147299803735,0.001994034520310192
00824-Dd4bFSTQ8gi,belief,186,fishing rod,0_5_341,0_5,4,0.0011776797631401735,0.9528206065803968,0.9224242573964267,0.9534262359800177,0.0014053945257617648
00824-Dd4bFSTQ8gi,belief,186,fishing rod,0_1_55,0_1,5,0.0008746197455695799,0.9745056038523426,0.9320924381733031,0.880783763975125,0.0010932176931009194
00824-Dd4bFSTQ8gi,belief,187,flag,0_2_74,0_2,1,0.33159510765516037,0.9737366153265942,0.9535296793708725,0.9704137004208829,0.3680234384466493
00824-Dd4bFSTQ8gi,belief,187,flag,0_3_63,0_3,2,0.2703073067026071,0.9626293598944916,0.9597247878677808,0.8459323762310529,0.3458727309379465
00824-Dd4bFSTQ8gi,belief,187,flag,0_0_8,0_0,3,0.18855379134331357,0.9848732120460935,0.9499832243710505,0.8873896658146057,0.22710392563552503
00824-Dd4bFSTQ8gi,belief,187,flag,0_2_115,0_2,4,0.17827579633859433,0.9527169490513011,0.9282139519033398,0.9795580761703093,0.20580229430293656
00824-Dd4bFSTQ8gi,belief,187,flag,0_5_301,0_5,5,0.17472583212626328,0.9691365588658651,0.9377424802727714,0.9877022447357643,0.19465363113661222
00824-Dd4bFSTQ8gi,belief,188,flashlight,0_4_121,0_4,1,0.18304558094124246,0.9544563668966294,0.9000147757925203,0.9818416918362156,0.21702614707794568
00824-Dd4bFSTQ8gi,belief,188,flashlight,0_2_159,0_2,2,0.035135394499885196,0.9870273823715147,0.9569317912040664,0.960670050619474,0.0387222334112708
00824-Dd4bFSTQ8gi,belief,188,flashlight,0_5_337,0_5,3,0.023136167960037826,0.975354276358437,0.923181366702601,0.991935831123999,0.025903498743897423
00824-Dd4bFSTQ8gi,belief,188,flashlight,0_5_19,0_5,4,0.018632568621008896,0.9446524497437864,0.9510823955705882,0.9710361014518593,0.021357339663552823
00824-Dd4bFSTQ8gi,belief,188,flashlight,0_2_39,0_2,5,0.01575009389327458,0.9291093295647038,0.9443383630321825,0.8914203178897508,0.02013752833840412
00824-Dd4bFSTQ8gi,belief,189,floor stand,0_5_185,0_5,1,0.16941801195701545,0.9730129148646182,0.912886078208808,0.9968990660069017,0.19132565259660622
00824-Dd4bFSTQ8gi,belief,189,floor stand,0_5_331,0_5,2,0.08495879248265079,0.9682000233170887,0.9994526096225707,0.9945539428189817,0.08827804213789056
00824-Dd4bFSTQ8gi,belief,189,floor stand,0_5_428,0_5,3,0.0796768819353178,0.9830623262088659,0.9341746310981811,0.9974414858875454,0.08698328003468778
00824-Dd4bFSTQ8gi,belief,189,floor stand,0_5_123,0_5,4,0.07635619227574318,0.9289234706165648,0.9075485385559867,0.9965357831554461,0.09088695789463985
00824-Dd4bFSTQ8gi,belief,189,floor stand,0_5_264,0_5,5,0.07339048899191887,0.8729495747396665,0.9176435336684243,0.9952753551909703,0.09205202880710689
00824-Dd4bFSTQ8gi,belief,190,flower stand,0_5_74,0_5,1,0.0008345846071492088,0.9563099237625852,0.8908950815526796,0.8907808352333911,0.0010997001437158174
00824-Dd4bFSTQ8gi,belief,190,flower stand,0_2_20,0_2,2,0.0006896290912135705,0.982753731987693,0.9497720260555331,0.9974232243682267,0.0007407506161741552
00824-Dd4bFSTQ8gi,belief,190,flower stand,0_6_1,0_6,3,0.0004609978260902699,0.9847008419310647,0.9140771914844115,0.9792199486746695,0.0005230358332774331
00824-Dd4bFSTQ8gi,belief,190,flower stand,0_5_297,0_5,4,0.0003068455973415755,0.978079389068409,0.9767321040744901,0.9845718606054341,0.0003262292571016095
00824-Dd4bFSTQ8gi,belief,190,flower stand,0_5_94,0_5,5,0.00022158863510302355,0.9754105049749243,0.9360900290504934,0.9916418897687158,0.00024473020289913805
00824-Dd4bFSTQ8gi,belief,191,flowerbed,0_5_69,0_5,1,0.00029119232539932767,0.9307369222976472,0.9531292390179789,0.9173836117477067,0.00035780813622878676
00824-Dd4bFSTQ8gi,belief,191,flowerbed,0_6_4,0_6,2,0.00024090992567045533,0.958239028850893,0.9269886212419773,0.9444489641783121,0.00028716264188854426
00824-Dd4bFSTQ8gi,belief,191,flowerbed,0_5_335,0_5,3,8.948599302719544e-05,0.9225074675891832,0.9477284055984949,0.9759475125646586,0.00010487568544346989
00824-Dd4bFSTQ8gi,belief,191,flowerbed,0_5_23,0_5,4,7.492927359119603e-05,0.8775336300609289,0.9155703927595544,0.9661093980736647,9.653164478974239e-05
00824-Dd4bFSTQ8gi,belief,191,flowerbed,0_2_200,0_2,5,5.6005040708311616e-05,0.9661810888184442,0.9500365693955204,0.9988173081479677,6.108607236159978e-05
00824-Dd4bFSTQ8gi,belief,192,flush,0_2_121,0_2,1,0.1279743611722265,0.9803334756295867,0.9596440184592478,0.9852285314398698,0.13807084941364514
00824-Dd4bFSTQ8gi,belief,192,flush,0_4_7,0_4,2,0.12523169801276332,0.9548851611138032,0.9557685739561002,0.9927725423818324,0.13821673220788608
00824-Dd4bFSTQ8gi,belief,192,flush,0_4_19,0_4,3,0.0945853408873631,0.8997959636237179,0.9968185372011825,0.9517453362107378,0.11080080858171719
00824-Dd4bFSTQ8gi,belief,192,flush,0_2_32,0_2,4,0.09016137235911949,0.9322114680064533,0.9263398097090721,0.9944505735418133,0.10499111339832579
00824-Dd4bFSTQ8gi,belief,192,flush,0_2_120,0_2,5,0.0748952958566231,0.9653797518222951,0.9826860146816048,0.9972623318435584,0.07916480829874141
00824-Dd4bFSTQ8gi,belief,193,flush button,0_6_149,0_6,1,0.0054465909561271335,0.9181212293145322,0.9277969756954261,0.9897149494109828,0.006460433319386713
00824-Dd4bFSTQ8gi,belief,193,flush button,0_0_44,0_0,2,0.004021087459287148,0.9746067896723822,0.9193050916540129,0.9818892958002545,0.004570796598787085
00824-Dd4bFSTQ8gi,belief,193,flush button,0_4_7,0_4,3,0.004002776431216755,0.9548851611138032,0.9557685739561002,0.9927725423818324,0.004417816629980838
00824-Dd4bFSTQ8gi,belief,193,flush button,0_5_381,0_5,4,0.0027567018536342274,0.8738880676251871,1.0,0.740147299803735,0.004262023399881727
00824-Dd4bFSTQ8gi,belief,193,flush button,0_4_19,0_4,5,0.0021502324382128234,0.8997959636237179,0.9968185372011825,0.9517453362107378,0.0025188627598893465
00824-Dd4bFSTQ8gi,belief,194,flush push,0_2_121,0_2,1,0.0258790155538472,0.9803334756295867,0.9596440184592478,0.9852285314398698,0.0279207305805569
00824-Dd4bFSTQ8gi,belief,194,flush push,0_2_32,0_2,2,0.019361443258440605,0.9322114680064533,0.9263398097090721,0.9944505735418133,0.022546013126391592
00824-Dd4bFSTQ8gi,belief,194,flush push,0_4_7,0_4,3,0.017511717889449704,0.9548851611138032,0.9557685739561002,0.9927725423818324,0.01932747427715493
00824-Dd4bFSTQ8gi,belief,194,flush push,0_2_36,0_2,4,0.014668772237228116,0.9645862616036877,0.9360672919744994,0.9972322626966572,0.016291058469279557
00824-Dd4bFSTQ8gi,belief,194,flush push,0_2_80,0_2,5,0.012507780423011245,0.9754756388122549,0.9325942305439305,0.9978422706491813,0.013778730270644085
00824-Dd4bFSTQ8gi,belief,195,foam,0_2_27,0_2,1,0.788566355597761,0.9376256511897169,0.906875350114354,0.9921413498242257,0.9347330875199782
00824-Dd4bFSTQ8gi,belief,195,foam,0_4_142,0_4,2,0.7295003390826473,0.9674621295838893,0.9231082485238589,0.9978601961337205,0.8185951989079049
00824-Dd4bFSTQ8gi,belief,195,foam,0_2_55,0_2,3,0.6545622309416643,0.9653688271840414,0.9396800767000384,0.9956710197436406,0.7247058814730184
00824-Dd4bFSTQ8gi,belief,195,foam,0_4_71,0_4,4,0.5833486956029064,0.9935190623456781,0.95917614253084,0.998867139796002,0.6128383472326353
00824-Dd4bFSTQ8gi,belief,195,foam,0_4_130,0_4,5,0.5668351966697397,0.9741223768083895,0.9148414454596574,0.994096473924742,0.6398363726205639
00824-Dd4bFSTQ8gi,belief,196,folding stand,0_5_192,0_5,1,0.037404605812354,0.9489220062294501,0.9289845512488727,0.9963568052427938,0.04258642467844196
00824-Dd4bFSTQ8gi,belief,196,folding stand,0_3_66,0_3,2,0.02120850018630905,0.9739724324328497,0.9545670505459596,0.9910862892674369,0.023016823377115768
00824-Dd4bFSTQ8gi,belief,196,folding stand,0_1_77,0_1,3,0.01798542124477653,0.974881827743366,0.9277965910307537,0.9982779222493067,0.01991885637621956
00824-Dd4bFSTQ8gi,belief,196,folding stand,0_5_429,0_5,4,0.01711039226474686,0.981436476077767,0.9456069053530338,0.9937900419489633,0.018552075175594502
00824-Dd4bFSTQ8gi,belief,196,folding stand,0_0_30,0_0,5,0.016213169273270704,0.971570948116727,0.9364986114502116,0.9774138395879133,0.01823088598565332
00824-Dd4bFSTQ8gi,belief,197,food,0_5_28,0_5,1,0.22124008636742448,0.8739358467557441,0.91572712619522,0.9854440541086565,0.2805344579909488
00824-Dd4bFSTQ8gi,belief,197,food,0_5_260,0_5,2,0.03304859129382089,0.8919481019533816,0.9424942998312142,0.9588323948945878,0.04100076271538391
00824-Dd4bFSTQ8gi,belief,197,food,0_5_23,0_5,3,0.028400000612552847,0.8775336300609289,0.9155703927595544,0.9661093980736647,0.03658781995027289
00824-Dd4bFSTQ8gi,belief,197,food,0_5_94,0_5,4,0.018326616195870376,0.9754105049749243,0.9360900290504934,0.9916418897687158,0.020240552941646728
00824-Dd4bFSTQ8gi,belief,197,food,0_5_277,0_5,5,0.012750143093810687,0.9136341170421443,0.9096081134217623,0.9366862662323752,0.016379259820421203
00824-Dd4bFSTQ8gi,belief,198,food processor,0_6_79,0_6,1,0.010511348528922333,0.9764038686326914,0.9405713974718488,0.9689450493932146,0.011812396845595395
00824-Dd4bFSTQ8gi,belief,198,food processor,0_5_94,0_5,2,0.003749967564743724,0.9754105049749243,0.9360900290504934,0.9916418897687158,0.00414159472825958
00824-Dd4bFSTQ8gi,belief,198,food processor,0_5_71,0_5,3,0.0029495755062695548,0.9697594858674828,0.9187593463357399,0.9969286487155646,0.0033206999464449522
00824-Dd4bFSTQ8gi,belief,198,food processor,0_5_23,0_5,4,0.002777767380702538,0.8775336300609289,0.9155703927595544,0.9661093980736647,0.003578607415380262
00824-Dd4bFSTQ8gi,belief,198,food processor,0_5_129,0_5,5,0.002486964534950498,0.8660690313295096,0.927367762566355,0.9970024347023674,0.003105766985059902
00824-Dd4bFSTQ8gi,belief,199,food stand,0_5_277,0_5,1,0.0002685705661057066,0.9136341170421443,0.9096081134217623,0.9366862662323752,0.00034501472257973177
00824-Dd4bFSTQ8gi,belief,199,food stand,0_5_94,0_5,2,0.00024248892113224246,0.9754105049749243,0.9360900290504934,0.9916418897687158,0.0002678132064033686
00824-Dd4bFSTQ8gi,belief,199,food stand,0_5_28,0_5,3,0.0002133571427891887,0.8739358467557441,0.91572712619522,0.9854440541086565,0.00027053881325764777
00824-Dd4bFSTQ8gi,belief,199,food stand,0_5_381,0_5,4,0.000134437366805812,0.8738880676251871,1.0,0.740147299803735,0.00020784808570774036
00824-Dd4bFSTQ8gi,belief,199,food stand,0_2_26,0_2,5,0.00013358728282681005,0.9621798116673055,0.9588000005604795,0.9498128775436335,0.00015245539480032155
00824-Dd4bFSTQ8gi,belief,200,foosball table,0_5_381,0_5,1,6.148405021645443e-05,0.8738880676251871,1.0,0.740147299803735,9.505796225172835e-05
00824-Dd4bFSTQ8gi,belief,200,foosball table,0_6_64,0_6,2,4.8408391776632133e-05,0.9246266865813979,0.9341678754773485,0.9966946553006627,5.622988210454727e-05
00824-Dd4bFSTQ8gi,belief,200,foosball table,0_3_3,0_3,3,3.585013107758597e-05,0.9352000604038737,0.9641408302363261,0.9968644707889505,3.9885002993646965e-05
00824-Dd4bFSTQ8gi,belief,200,foosball table,0_5_277,0_5,4,2.956571163248054e-05,0.9136341170421443,0.9096081134217623,0.9366862662323752,3.798110099949586e-05
00824-Dd4bFSTQ8gi,belief,200,foosball table,0_1_52,0_1,5,2.707534693641178e-05,0.9670426288967379,0.9487705709054759,0.8860270082170919,3.3305828825408764e-05
00824-Dd4bFSTQ8gi,belief,201,foot spa,0_1_59,0_1,1,0.0004149442680865438,0.9694465387169094,0.9288275258291203,0.9750258704654579,0.00047262282208313466
00824-Dd4bFSTQ8gi,belief,201,foot spa,0_5_277,0_5,2,5.4485961179262956e-05,0.9136341170421443,0.9096081134217623,0.9366862662323752,6.99944861915902e-05
00824-Dd4bFSTQ8gi,belief,201,foot spa,0_5_71,0_5,3,4.6877282928250684e-05,0.9697594858674828,0.9187593463357399,0.9969286487155646,5.277552331799877e-05
00824-Dd4bFSTQ8gi,belief,201,foot spa,0_5_308,0_5,4,4.193854731898287e-05,0.8731722489992778,0.9068384887821965,0.9439973818038041,5.6106441425124916e-05
00824-Dd4bFSTQ8gi,belief,201,foot spa,0_5_260,0_5,5,3.755490129133193e-05,0.8919481019533816,0.9424942998312142,0.9588323948945878,4.65913836676439e-05
00824-Dd4bFSTQ8gi,belief,202,football,0_6_79,0_6,1,0.008321530564019589,0.9764038686326914,0.9405713974718488,0.9689450493932146,0.0093515328803419
00824-Dd4bFSTQ8gi,belief,202,football,0_0_50,0_0,2,0.006900450362061646,0.8786311199939136,0.9166036627157372,0.9565914934396701,0.008957003664642228
00824-Dd4bFSTQ8gi,belief,202,football,0_2_39,0_2,3,0.003958983074728467,0.9291093295647038,0.9443383630321825,0.8914203178897508,0.005061819592875547
00824-Dd4bFSTQ8gi,belief,202,football,0_5_277,0_5,4,0.003102821469001681,0.9136341170421443,0.9096081134217623,0.9366862662323752,0.003985988129170884
00824-Dd4bFSTQ8gi,belief,202,football,0_1_54,0_1,5,0.0026916687009703563,0.9543598111186709,0.8922708780310395,0.9071457299680523,0.0034844615985919944
00824-Dd4bFSTQ8gi,belief,203,footstool,0_3_8,0_3,1,0.42544707079851046,0.9424248876677742,0.9296300369064289,0.9979776742531714,0.4865951971651285
00824-Dd4bFSTQ8gi,belief,203,footstool,0_3_7,0_3,2,0.20456306631713,0.9686226319701091,0.9467795779534915,0.9937428184183634,0.22446556614830387
00824-Dd4bFSTQ8gi,belief,203,footstool,0_5_150,0_5,3,0.17965171946755243,0.9183554571556157,0.9095149190957261,0.9938490504467685,0.21641647189911192
00824-Dd4bFSTQ8gi,belief,203,footstool,0_5_405,0_5,4,0.14983553513525547,0.967878363680214,0.929996550012782,0.9978266568262607,0.16682364357251178
00824-Dd4bFSTQ8gi,belief,203,footstool,0_6_58,0_6,5,0.07755149626205585,0.9444632496004025,0.9596611787710452,0.9954058086171532,0.0859581421864028
00824-Dd4bFSTQ8gi,belief,204,frame,0_2_28,0_2,1,0.33665158562043235,0.986420893121008,0.9013645940383023,0.9987744634867401,0.37909711319376216
00824-Dd4bFSTQ8gi,belief,204,frame,0_5_349,0_5,2,0.28323123641435766,0.9778791238440332,0.9560132204848475,0.9574829326936317,0.31641789285341926
00824-Dd4bFSTQ8gi,belief,204,frame,0_6_100,0_6,3,0.25665112274439,0.9655822545914161,0.9175911232402114,0.9967201008650899,0.2906239976739081
00824-Dd4bFSTQ8gi,belief,204,frame,0_4_104,0_4,4,0.21217564366049604,0.9555353133967428,0.960967553671632,0.9994398055000364,0.23119765235557357
00824-Dd4bFSTQ8gi,belief,204,frame,0_3_30,0_3,5,0.18723964576724647,0.9271998826544082,0.9205946023528102,0.9898808012458685,0.22160171516682525
00824-Dd4bFSTQ8gi,belief,205,fruit,0_5_23,0_5,1,0.03204054435825108,0.8775336300609289,0.9155703927595544,0.9661093980736647,0.041277945169137305
00824-Dd4bFSTQ8gi,belief,205,fruit,0_6_4,0_6,2,0.009001931177649377,0.958239028850893,0.9269886212419773,0.9444489641783121,0.0107302276229529
00824-Dd4bFSTQ8gi,belief,205,fruit,0_5_277,0_5,3,0.00769575001179621,0.9136341170421443,0.9096081134217623,0.9366862662323752,0.009886217592131069
00824-Dd4bFSTQ8gi,belief,205,fruit,0_1_54,0_1,4,0.005525395114188906,0.9543598111186709,0.8922708780310395,0.9071457299680523,0.007152821996814944
00824-Dd4bFSTQ8gi,belief,205,fruit,0_5_94,0_5,5,0.0044169347323507226,0.9754105049749243,0.9360900290504934,0.9916418897687158,0.004878216487672624
00824-Dd4bFSTQ8gi,belief,206,fume cupboard,0_5_422,0_5,1,0.019454838000413345,0.9664318663681761,0.9532279975131477,0.9934770777269637,0.021256988440944813
00824-Dd4bFSTQ8gi,belief,206,fume cupboard,0_5_421,0_5,2,0.01732053203011764,0.9632188090186007,0.9323716488692897,0.9960048696990845,0.019363584381300862
00824-Dd4bFSTQ8gi,belief,206,fume cupboard,0_5_214,0_5,3,0.015694125012851185,0.9442161204498641,0.8988421907509623,0.9956278421938058,0.018573134955822624
00824-Dd4bFSTQ8gi,belief,206,fume cupboard,0_5_138,0_5,4,0.013215456342699787,0.9708760336623669,0.9574528351954763,0.9975009653708563,0.014252389075137765
00824-Dd4bFSTQ8gi,belief,206,fume cupboard,0_5_51,0_5,5,0.012721972785341673,0.9671998558427501,0.9169942693573179,0.9968158190742867,0.014389864219503189
00824-Dd4bFSTQ8gi,belief,207,fur,0_6_23,0_6,1,0.8143674324942054,0.9794150495379276,0.9371263813195196,0.9940330267954879,0.8925954039005084
00824-Dd4bFSTQ8gi,belief,207,fur,0_6_11,0_6,2,0.7803254369824003,0.9600400177809023,0.9443481426889568,0.9959824560542188,0.864176811951155
00824-Dd4bFSTQ8gi,belief,207,fur,0_6_150,0_6,3,0.5491788391588885,0.9591749462071516,0.9245030698702146,0.9957346415203947,0.6219622046010459
00824-Dd4bFSTQ8gi,belief,207,fur,0_6_34,0_6,4,0.49580470345790584,0.8845395926784645,0.9144856110547622,0.988249252340587,0.6202260377508799
00824-Dd4bFSTQ8gi,belief,207,fur,0_6_91,0_6,5,0.47639262502484003,0.9737074922356341,0.9152247570075464,0.9694426089144885,0.5514252574487473
00824-Dd4bFSTQ8gi,belief,208,furnace,0_6_135,0_6,1,0.1748979858405098,0.9841107028349133,0.9397236827710527,0.9982430569225819,0.1894542633453725
00824-Dd4bFSTQ8gi,belief,208,furnace,0_6_0,0_6,2,0.11644895086667982,0.9865188696162592,0.9137113950747956,0.9987289076414559,0.12935211137135755
00824-Dd4bFSTQ8gi,belief,208,furnace,0_6_134,0_6,3,0.11036597242256553,0.9547232714773898,0.9431101847390136,0.9987370228761283,0.12272812557380403
00824-Dd4bFSTQ8gi,belief,208,furnace,0_6_14,0_6,4,0.037927293847362153,0.9763683070352068,0.9645308784307135,0.9938133471006799,0.04052445864121621
00824-Dd4bFSTQ8gi,belief,208,furnace,0_6_79,0_6,5,0.021751291531097127,0.9764038686326914,0.9405713974718488,0.9689450493932146,0.024443570371831213
00824-Dd4bFSTQ8gi,belief,209,furniture,0_6_128,0_6,1,0.7519334038424935,0.9898052863886375,0.9595544958260205,0.9994381468467982,0.7921438285676597
00824-Dd4bFSTQ8gi,belief,209,furniture,0_6_39,0_6,2,0.6189351748828844,0.9205482940714423,0.9073889378360389,0.9992295880914059,0.7415489453783033
00824-Dd4bFSTQ8gi,belief,209,furniture,0_5_193,0_5,3,0.61686601408384,0.9555898625983579,0.9424564193435427,0.9995809699770265,0.6852358141417738
00824-Dd4bFSTQ8gi,belief,209,furniture,0_6_52,0_6,4,0.6025150809294398,0.9162860422047159,0.9334102451809643,0.9993207114170418,0.70495175953581
00824-Dd4bFSTQ8gi,belief,209,furniture,0_5_249,0_5,5,0.5916418474487241,0.9411069118521014,0.9220209750056633,0.9995347079612973,0.6821521328302814
00824-Dd4bFSTQ8gi,belief,210,game,0_1_29,0_1,1,0.03286329696195997,0.9756274529318523,0.9604242971664061,0.8487639121585747,0.04132159478697765
00824-Dd4bFSTQ8gi,belief,210,game,0_2_118,0_2,2,0.01585605455864698,0.9795660838865262,0.9548193678583632,0.9155692133060522,0.018516077550456984
00824-Dd4bFSTQ8gi,belief,210,game,0_6_2,0_6,3,0.010222105541541262,0.9230388447760689,0.92111433688238,0.96168527426753,0.01250183821844587
00824-Dd4bFSTQ8gi,belief,210,game,0_5_277,0_5,4,0.009899522993223352,0.9136341170421443,0.9096081134217623,0.9366862662323752,0.012717257995555373
00824-Dd4bFSTQ8gi,belief,210,game,0_5_409,0_5,5,0.009250650429328416,0.9553930417384459,0.9550950135905424,0.8620343121781208,0.011760318006284432
00824-Dd4bFSTQ8gi,belief,211,game console,0_1_52,0_1,1,0.004893251403128741,0.9670426288967379,0.9487705709054759,0.8860270082170919,0.006019268894875167
00824-Dd4bFSTQ8gi,belief,211,game console,0_1_35,0_1,2,0.0023277904462554104,0.9436002045715728,0.9186584180695694,0.9937285419533587,0.0027023029304184226
00824-Dd4bFSTQ8gi,belief,211,game console,0_2_36,0_2,3,0.0016362869301381462,0.9645862616036877,0.9360672919744994,0.9972322626966572,0.0018172513432136912
00824-Dd4bFSTQ8gi,belief,211,game console,0_5_106,0_5,4,0.0013709016968452676,0.9398846501553498,0.924557703481315,0.9969546355783374,0.0015824220958126213
00824-Dd4bFSTQ8gi,belief,211,game console,0_4_7,0_4,5,0.0013459416784696212,0.9548851611138032,0.9557685739561002,0.9927725423818324,0.0014854997855375915
00824-Dd4bFSTQ8gi,belief,212,gap,0_4_47,0_4,1,0.16373018423692942,0.9707628209574694,0.9346966573795107,0.9753718921212599,0.18500126149037766
00824-Dd4bFSTQ8gi,belief,212,gap,0_4_46,0_4,2,0.16211243863264102,0.9677013634987499,0.9440477238891964,0.9777391656931589,0.18149222468954046
00824-Dd4bFSTQ8gi,belief,212,gap,0_1_33,0_1,3,0.16133096126522695,0.9449288575776986,0.9161755660361923,0.9956898095334328,0.1871612089003427
00824-Dd4bFSTQ8gi,belief,212,gap,0_1_6,0_1,4,0.1603764802251735,0.9888389070846162,0.9240062765995233,0.9923723233382983,0.17687463921415286
00824-Dd4bFSTQ8gi,belief,212,gap,0_0_23,0_0,5,0.14792701578505585,0.9417520742024389,0.9204321848491706,0.9935645294882547,0.17176039718143954
00824-Dd4bFSTQ8gi,belief,213,garage door motor,0_3_48,0_3,1,0.005772232970943483,0.9350999885963068,0.9528884058033308,0.9981931434202318,0.006489768040283562
00824-Dd4bFSTQ8gi,belief,213,garage door motor,0_3_0,0_3,2,0.0031819387939077456,0.9886393444991718,0.9213888466701803,0.9990788165324416,0.0034963204471178343
00824-Dd4bFSTQ8gi,belief,213,garage door motor,0_3_54,0_3,3,0.0027101501949938723,0.9813649075142308,0.9158942889984203,0.9984255545036173,0.0030199642139603663
00824-Dd4bFSTQ8gi,belief,213,garage door motor,0_5_422,0_5,4,0.002343263877674637,0.9664318663681761,0.9532279975131477,0.9934770777269637,0.0025603262880294856
00824-Dd4bFSTQ8gi,belief,213,garage door motor,0_5_39,0_5,5,0.002340164891243935,0.9867878387206268,0.9180739262282991,0.9981166526492204,0.0025879966872926785
00824-Dd4bFSTQ8gi,belief,214,garage door opener,0_3_48,0_3,1,0.01868941345356884,0.9350999885963068,0.9528884058033308,0.9981931434202318,0.021012658139955776
00824-Dd4bFSTQ8gi,belief,214,garage door opener,0_4_7,0_4,2,0.012402599501994903,0.9548851611138032,0.9557685739561002,0.9927725423818324,0.013688601218791894
00824-Dd4bFSTQ8gi,belief,214,garage door opener,0_3_0,0_3,3,0.012394107978260483,0.9886393444991718,0.9213888466701803,0.9990788165324416,0.01361866960833653
00824-Dd4bFSTQ8gi,belief,214,garage door opener,0_3_54,0_3,4,0.010603525297252083,0.9813649075142308,0.9158942889984203,0.9984255545036173,0.011815679809434751
00824-Dd4bFSTQ8gi,belief,214,garage door opener,0_5_422,0_5,5,0.007980964075221331,0.9664318663681761,0.9532279975131477,0.9934770777269637,0.008720260795333848
00824-Dd4bFSTQ8gi,belief,215,garage door opener railing,0_3_48,0_3,1,0.012481022727134312,0.9350999885963068,0.9528884058033308,0.9981931434202318,0.014032514420735448
00824-Dd4bFSTQ8gi,belief,215,garage door opener railing,0_5_369,0_5,2,0.01221269077119235,0.9517360435591804,0.9234452582859585,0.999016729063228,0.01390948105837628
00824-Dd4bFSTQ8gi,belief,215,garage door opener railing,0_3_54,0_3,3,0.011067059386627946,0.9813649075142308,0.9158942889984203,0.9984255545036173,0.012332203345455593
00824-Dd4bFSTQ8gi,belief,215,garage door opener railing,0_3_0,0_3,4,0.008990028390083962,0.9886393444991718,0.9213888466701803,0.9990788165324416,0.009878260430590702
00824-Dd4bFSTQ8gi,belief,215,garage door opener railing,0_3_33,0_3,5,0.006929633608040716,0.9473984214235939,0.9326852116608488,0.998252029894794,0.00785601534610971
00824-Dd4bFSTQ8gi,belief,216,gas box,0_1_35,0_1,1,0.025354181916890397,0.9436002045715728,0.9186584180695694,0.9937285419533587,0.029433353935527373
00824-Dd4bFSTQ8gi,belief,216,gas box,0_5_67,0_5,2,0.00596418110693413,0.981415754117179,0.9366916001931784,0.9975065562697287,0.006504073088685093
00824-Dd4bFSTQ8gi,belief,216,gas box,0_1_52,0_1,3,0.003596474285810075,0.9670426288967379,0.9487705709054759,0.8860270082170919,0.004424082070656162
00824-Dd4bFSTQ8gi,belief,216,gas box,0_4_102,0_4,4,0.003179899370139465,0.9793698223022669,0.9410808717219558,0.9971505440458512,0.003460022972355592
00824-Dd4bFSTQ8gi,belief,216,gas box,0_4_120,0_4,5,0.0031511843867333723,0.9559786604214757,0.9529424329546861,0.9971428800812246,0.0034689781122307917
00824-Dd4bFSTQ8gi,belief,217,gas container,0_1_35,0_1,1,0.014540358608966278,0.9436002045715728,0.9186584180695694,0.9937285419533587,0.01687972117144477
00824-Dd4bFSTQ8gi,belief,217,gas container,0_1_52,0_1,2,0.013622440577286375,0.9670426288967379,0.9487705709054759,0.8860270082170919,0.016757187825403023
00824-Dd4bFSTQ8gi,belief,217,gas container,0_5_141,0_5,3,0.00434565107178933,0.8877581810347396,0.916958852186766,0.9974033923687733,0.005352288078664904
00824-Dd4bFSTQ8gi,belief,217,gas container,0_5_292,0_5,4,0.0016268847011455872,0.9728397386153946,0.9715163362707585,0.9651859685911803,0.001783423008503961
00824-Dd4bFSTQ8gi,belief,217,gas container,0_5_277,0_5,5,0.0015027767869893246,0.9136341170421443,0.9096081134217623,0.9366862662323752,0.0019305172706763182
00824-Dd4bFSTQ8gi,belief,218,gas meter,0_6_79,0_6,1,0.005206259780271424,0.9764038686326914,0.9405713974718488,0.9689450493932146,0.005850667631904069
00824-Dd4bFSTQ8gi,belief,218,gas meter,0_5_67,0_5,2,0.0025850609144917047,0.981415754117179,0.9366916001931784,0.9975065562697287,0.0028190668299809675
00824-Dd4bFSTQ8gi,belief,218,gas meter,0_5_35,0_5,3,0.0025653284671255916,0.9182689519654138,0.9309323787154575,0.9987277662479934,0.0030047463769824227
00824-Dd4bFSTQ8gi,belief,218,gas meter,0_1_35,0_1,4,0.0022891484471597766,0.9436002045715728,0.9186584180695694,0.9937285419533587,0.0026574439150541594
00824-Dd4bFSTQ8gi,belief,218,gas meter,0_5_94,0_5,5,0.002016878886795314,0.9754105049749243,0.9360900290504934,0.9916418897687158,0.0022275112573301365
00824-Dd4bFSTQ8gi,belief,219,gauge,0_1_52,0_1,1,0.0016269276933189674,0.9670426288967379,0.9487705709054759,0.8860270082170919,0.0020013104686066783
00824-Dd4bFSTQ8gi,belief,219,gauge,0_2_118,0_2,2,0.0014924557803147123,0.9795660838865262,0.9548193678583632,0.9155692133060522,0.0017428312236643245
00824-Dd4bFSTQ8gi,belief,219,gauge,0_5_33,0_5,3,0.0010465263442613548,0.9610097148090454,0.912859020685837,0.9988905690777921,0.0011942651603350464
00824-Dd4bFSTQ8gi,belief,219,gauge,0_5_341,0_5,4,0.0010031672544823739,0.9528206065803968,0.9224242573964267,0.9534262359800177,0.0011971384853500114
00824-Dd4bFSTQ8gi,belief,219,gauge,0_2_168,0_2,5,0.0009263636518302037,0.9805093748240153,0.9075325009829689,0.990365114076751,0.0010511682500161728
00824-Dd4bFSTQ8gi,belief,220,gift,0_5_277,0_5,1,0.012616069910119623,0.9136341170421443,0.9096081134217623,0.9366862662323752,0.01620702492905806
00824-Dd4bFSTQ8gi,belief,220,gift,0_6_2,0_6,2,0.012582514319139156,0.9230388447760689,0.92111433688238,0.96168527426753,0.015388665061213832
00824-Dd4bFSTQ8gi,belief,220,gift,0_2_74,0_2,3,0.005101374242337182,0.9737366153265942,0.9535296793708725,0.9704137004208829,0.00566180032855163
00824-Dd4bFSTQ8gi,belief,220,gift,0_2_118,0_2,4,0.004568215903320226,0.9795660838865262,0.9548193678583632,0.9155692133060522,0.005334583052817524
00824-Dd4bFSTQ8gi,belief,220,gift,0_5_19,0_5,5,0.004550465535127059,0.9446524497437864,0.9510823955705882,0.9710361014518593,0.0052159119892583525
00824-Dd4bFSTQ8gi,belief,221,glass,0_5_110,0_5,1,0.8349604274295619,0.9548567993959197,0.9408244220356491,0.9951339773040628,0.9339798584417103
00824-Dd4bFSTQ8gi,belief,221,glass,0_5_118,0_5,2,0.8303439888575886,0.9620301872491837,0.9344468138463032,0.9990517999811844,0.9245422277023496
00824-Dd4bFSTQ8gi,belief,221,glass,0_5_169,0_5,3,0.8086436968998514,0.9800668549351056,0.9269690805906867,0.9986158099644342,0.8913285508289963
00824-Dd4bFSTQ8gi,belief,221,glass,0_6_89,0_6,4,0.7284322376276526,0.9842997215060255,0.9530355436029874,0.991822464211998,0.7829224688527794
00824-Dd4bFSTQ8gi,belief,221,glass,0_5_222,0_5,5,0.7123696506326135,0.9860610583312142,0.9488868859698194,0.9982682260110046,0.7626756979832735
00824-Dd4bFSTQ8gi,belief,222,glasses,0_5_277,0_5,1,0.003205809061537957,0.9136341170421443,0.9096081134217623,0.9366862662323752,0.004118289431518635
00824-Dd4bFSTQ8gi,belief,222,glasses,0_5_110,0_5,2,0.00308539006492155,0.9548567993959197,0.9408244220356491,0.9951339773040628,0.003451291919240078
00824-Dd4bFSTQ8gi,belief,222,glasses,0_5_118,0_5,3,0.002080081212299632,0.9620301872491837,0.9344468138463032,0.9990517999811844,0.002316055687314837
00824-Dd4bFSTQ8gi,belief,222,glasses,0_5_104,0_5,4,0.001502685923109842,0.9305189459430548,0.8993301746730633,0.9966088297361881,0.0018017689652322303
00824-Dd4bFSTQ8gi,belief,222,glasses,0_5_169,0_5,5,0.0014833109873790362,0.9800668549351056,0.9269690805906867,0.9986158099644342,0.001634981436048991
00824-Dd4bFSTQ8gi,belief,223,globe,0_6_79,0_6,1,0.0007630497178888197,0.9764038686326914,0.9405713974718488,0.9689450493932146,0.0008574966433490001
00824-Dd4bFSTQ8gi,belief,223,globe,0_5_250,0_5,2,0.000554503487837694,0.9710265826892314,0.9199946345075227,0.9636858468584617,0.0006440986481834639
00824-Dd4bFSTQ8gi,belief,223,globe,0_2_39,0_2,3,0.0004186662436608613,0.9291093295647038,0.9443383630321825,0.8914203178897508,0.0005352922594102035
00824-Dd4bFSTQ8gi,belief,223,globe,0_2_6,0_2,4,0.0003442632562862503,0.9572748878262058,0.9918923651744805,0.9723959521942782,0.0003728604473855162
00824-Dd4bFSTQ8gi,belief,223,globe,0_5_178,0_5,5,0.00031197277730348535,0.9644810934529061,0.8923786449736311,0.9952167394719563,0.0003642135839155072
00824-Dd4bFSTQ8gi,belief,224,globe stand,0_2_6,0_2,1,5.6530217376973256e-05,0.9572748878262058,0.9918923651744805,0.9723959521942782,6.12260581316664e-05
00824-Dd4bFSTQ8gi,belief,224,globe stand,0_2_172,0_2,2,2.959000217955235e-05,0.9597954059832474,0.9595718461650053,0.9921985866843136,3.238099793289043e-05
00824-Dd4bFSTQ8gi,belief,224,globe stand,0_5_5,0_5,3,2.137426476379912e-05,0.9625626938017611,0.9204997316665764,0.9986120347041921,2.415692757254546e-05
00824-Dd4bFSTQ8gi,belief,224,globe stand,0_6_79,0_6,4,2.111007604579361e-05,0.9764038686326914,0.9405713974718488,0.9689450493932146,2.3722988064517812e-05
00824-Dd4bFSTQ8gi,belief,224,globe stand,0_5_175,0_5,5,2.0110514177704797e-05,0.9865259618196474,0.9240563669372206,0.9981843540940173,2.2100669688107447e-05
00824-Dd4bFSTQ8gi,belief,225,gloves,0_5_277,0_5,1,0.003012521222358659,0.9136341170421443,0.9096081134217623,0.9366862662323752,0.003869985415261567
00824-Dd4bFSTQ8gi,belief,225,gloves,0_1_11,0_1,2,0.001185288087478773,0.9582889779703784,0.9467363707193159,0.9546083358999461,0.001368589307048576
00824-Dd4bFSTQ8gi,belief,225,gloves,0_5_423,0_5,3,0.001036989317705449,0.9704151882065667,0.9359775368968624,0.9654242556344028,0.0011825869046337893
00824-Dd4bFSTQ8gi,belief,225,gloves,0_3_63,0_3,4,0.0009582495363911054,0.9626293598944916,0.9597247878677808,0.8459323762310529,0.0012261317983396419
00824-Dd4bFSTQ8gi,belief,225,gloves,0_1_29,0_1,5,0.0007812310906214586,0.9756274529318523,0.9604242971664061,0.8487639121585747,0.0009823029807087026
00824-Dd4bFSTQ8gi,belief,226,glue,0_1_52,0_1,1,0.2591908619997807,0.9670426288967379,0.9487705709054759,0.8860270082170919,0.31883493508500504
00824-Dd4bFSTQ8gi,belief,226,glue,0_4_46,0_4,2,0.1765615909054999,0.9677013634987499,0.9440477238891964,0.9777391656931589,0.19766870573564735
00824-Dd4bFSTQ8gi,belief,226,glue,0_2_121,0_2,3,0.13786218472991946,0.9803334756295867,0.9596440184592478,0.9852285314398698,0.1487387690262746
00824-Dd4bFSTQ8gi,belief,226,glue,0_4_47,0_4,4,0.1004597927630255,0.9707628209574694,0.9346966573795107,0.9753718921212599,0.1135110699156578
00824-Dd4bFSTQ8gi,belief,226,glue,0_4_19,0_4,5,0.09773079500733813,0.8997959636237179,0.9968185372011825,0.9517453362107378,0.11448551127010692
00824-Dd4bFSTQ8gi,belief,227,goalpost,0_2_74,0_2,1,0.0009458860064521148,0.9737366153265942,0.9535296793708725,0.9704137004208829,0.0010497990242820142
00824-Dd4bFSTQ8gi,belief,227,goalpost,0_2_115,0_2,2,0.0007955484942613004,0.9527169490513011,0.9282139519033398,0.9795580761703093,0.0009183843724768024
00824-Dd4bFSTQ8gi,belief,227,goalpost,0_5_381,0_5,3,0.0007263120555240441,0.8738880676251871,1.0,0.740147299803735,0.0011229212082469932
00824-Dd4bFSTQ8gi,belief,227,goalpost,0_2_121,0_2,4,0.000512604839344424,0.9803334756295867,0.9596440184592478,0.9852285314398698,0.0005530466019406844
00824-Dd4bFSTQ8gi,belief,227,goalpost,0_3_42,0_3,5,0.00040680045399057085,0.9193629700513113,0.9602995326824523,0.9762366865561781,0.0004719897635883624
00824-Dd4bFSTQ8gi,belief,228,golf sticks,0_5_378,0_5,1,0.00041231629401698407,0.9511613198689052,0.9632165774043154,0.9975818054991474,0.0004511322233099118
00824-Dd4bFSTQ8gi,belief,228,golf sticks,0_5_409,0_5,2,0.0002190181273945489,0.9553930417384459,0.9550950135905424,0.8620343121781208,0.0002784369431077729
00824-Dd4bFSTQ8gi,belief,228,golf sticks,0_5_277,0_5,3,0.00011371116143654464,0.9136341170421443,0.9096081134217623,0.9366862662323752,0.00014607715724815213
00824-Dd4bFSTQ8gi,belief,228,golf sticks,0_5_381,0_5,4,0.0001090797463840438,0.8738880676251871,1.0,0.740147299803735,0.0001686437112990907
00824-Dd4bFSTQ8gi,belief,228,golf sticks,0_5_341,0_5,5,0.00010194148125518245,0.9528206065803968,0.9224242573964267,0.9534262359800177,0.0001216527651982982
00824-Dd4bFSTQ8gi,belief,229,grab bar,0_2_95,0_2,1,0.3246308264813131,0.9727564324427442,0.9520904603891356,0.9960164246728062,0.35191755550673753
00824-Dd4bFSTQ8gi,belief,229,grab bar,0_4_102,0_4,2,0.24667410075169827,0.9793698223022669,0.9410808717219558,0.9971505440458512,0.2684041084132171
00824-Dd4bFSTQ8gi,belief,229,grab bar,0_4_120,0_4,3,0.24335861763109326,0.9559786604214757,0.9529424329546861,0.9971428800812246,0.2679010855534665
00824-Dd4bFSTQ8gi,belief,229,grab bar,0_2_105,0_2,4,0.19654852895506303,0.8442992644921856,0.9214020086319012,0.998606666245291,0.25300538872625805
00824-Dd4bFSTQ8gi,belief,229,grab bar,0_2_72,0_2,5,0.135550117540314,0.9711577773171586,0.9454371313892493,0.9982187388771541,0.14789440101722515
00824-Dd4bFSTQ8gi,belief,230,grass,0_6_4,0_6,1,0.002161865039804857,0.958239028850893,0.9269886212419773,0.9444489641783121,0.0025769252740796477
00824-Dd4bFSTQ8gi,belief,230,grass,0_2_26,0_2,2,0.0007700949897475355,0.9621798116673055,0.9588000005604795,0.9498128775436335,0.0008788646135419986
00824-Dd4bFSTQ8gi,belief,230,grass,0_6_27,0_6,3,0.0007112770364706084,0.9610387004724463,0.9467731481198789,0.745830077604488,0.001048122599459579
00824-Dd4bFSTQ8gi,belief,230,grass,0_1_9,0_1,4,0.0006720421557933397,0.9570596029988906,0.9115689408263052,0.977862634324559,0.0007877531714055873
00824-Dd4bFSTQ8gi,belief,230,grass,0_4_19,0_4,5,0.0005994065686611706,0.8997959636237179,0.9968185372011825,0.9517453362107378,0.0007021672899180035
00824-Dd4bFSTQ8gi,belief,231,grate,0_0_68,0_0,1,0.2707268942015112,0.9846795644396259,0.9289725468060053,0.9990746168670699,0.2962345241112786
00824-Dd4bFSTQ8gi,belief,231,grate,0_0_69,0_0,2,0.22398907005288674,0.9587556103772539,0.9581037180722831,0.9990149214685824,0.2440812438605376
00824-Dd4bFSTQ8gi,belief,231,grate,0_0_3,0_0,3,0.19714723409141463,0.944503735465768,0.9177409927973148,0.9992977798065575,0.2275998414883897
00824-Dd4bFSTQ8gi,belief,231,grate,0_2_51,0_2,4,0.14782602306234885,0.9671611396315828,0.9310817747756778,0.99653742048066,0.16472921085592543
00824-Dd4bFSTQ8gi,belief,231,grate,0_0_74,0_0,5,0.057709848786034,0.9602879842122395,0.9475084521535366,0.9993993828081466,0.06346382913320898
00824-Dd4bFSTQ8gi,belief,232,gravel,0_2_118,0_2,1,0.002480548048931741,0.9795660838865262,0.9548193678583632,0.9155692133060522,0.0028966865541344452
00824-Dd4bFSTQ8gi,belief,232,gravel,0_6_129,0_6,2,0.0022082323853816485,0.974165237515563,0.940111893150217,0.43884880796133524,0.0054943671505925645
00824-Dd4bFSTQ8gi,belief,232,gravel,0_6_27,0_6,3,0.0018468634283218442,0.9610387004724463,0.9467731481198789,0.745830077604488,0.0027214983727645065
00824-Dd4bFSTQ8gi,belief,232,gravel,0_6_4,0_6,4,0.0016890644417061173,0.958239028850893,0.9269886212419773,0.9444489641783121,0.0020133508656833706
00824-Dd4bFSTQ8gi,belief,232,gravel,0_6_68,0_6,5,0.0015624516713174236,0.9486475287198018,0.9414739267705342,0.9603944193808228,0.0018215612890097339
00824-Dd4bFSTQ8gi,belief,233,groceries,0_2_26,0_2,1,0.0023708253455378783,0.9621798116673055,0.9588000005604795,0.9498128775436335,0.0027056850503141337
00824-Dd4bFSTQ8gi,belief,233,groceries,0_5_23,0_5,2,0.0016765491673676207,0.8775336300609289,0.9155703927595544,0.9661093980736647,0.002159904146139824
00824-Dd4bFSTQ8gi,belief,233,groceries,0_2_121,0_2,3,0.001207729795567382,0.9803334756295867,0.9596440184592478,0.9852285314398698,0.0013030131755199235
00824-Dd4bFSTQ8gi,belief,233,groceries,0_0_30,0_0,4,0.0010956353664249995,0.971570948116727,0.9364986114502116,0.9774138395879133,0.0012319863630902682
00824-Dd4bFSTQ8gi,belief,233,groceries,0_0_26,0_0,5,0.0007785500824370042,0.9508786796631992,0.9376608623291074,0.9837077502529517,0.0008876659539817665
00824-Dd4bFSTQ8gi,belief,234,guitar,0_3_29,0_3,1,0.27855647791342436,0.9802004204215117,0.9173320674665175,0.9370955823154603,0.3305886294899003
00824-Dd4bFSTQ8gi,belief,234,guitar,0_5_409,0_5,2,0.08393837888888968,0.9553930417384459,0.9550950135905424,0.8620343121781208,0.10671055362071437
00824-Dd4bFSTQ8gi,belief,234,guitar,0_2_87,0_2,3,0.051124348607112874,0.9825948020158257,0.951177147047552,0.9722189591335004,0.056263640809806656
00824-Dd4bFSTQ8gi,belief,234,guitar,0_5_423,0_5,4,0.050583552227249175,0.9704151882065667,0.9359775368968624,0.9654242556344028,0.05768569206302625
00824-Dd4bFSTQ8gi,belief,234,guitar,0_0_8,0_0,5,0.04599892831391653,0.9848732120460935,0.9499832243710505,0.8873896658146057,0.05540348523725402
00824-Dd4bFSTQ8gi,belief,235,gun,0_1_52,0_1,1,0.28476953282918827,0.9670426288967379,0.9487705709054759,0.8860270082170919,0.3502996780567761
00824-Dd4bFSTQ8gi,belief,235,gun,0_3_29,0_3,2,0.18775350326682763,0.9802004204215117,0.9173320674665175,0.9370955823154603,0.22282437583878137
00824-Dd4bFSTQ8gi,belief,235,gun,0_5_196,0_5,3,0.12425283842002247,0.9066531505913307,0.9379277849378256,0.7629739907030572,0.19150759775756862
00824-Dd4bFSTQ8gi,belief,235,gun,0_5_423,0_5,4,0.06865053720780025,0.9704151882065667,0.9359775368968624,0.9654242556344028,0.0782893564204289
00824-Dd4bFSTQ8gi,belief,235,gun,0_2_159,0_2,5,0.06420047853226338,0.9870273823715147,0.9569317912040664,0.960670050619474,0.07075446142634617
00824-Dd4bFSTQ8gi,belief,236,gym rope,0_5_341,0_5,1,0.00020470061312828945,0.9528206065803968,0.9224242573964267,0.9534262359800177,0.00024428128096851153
00824-Dd4bFSTQ8gi,belief,236,gym rope,0_2_26,0_2,2,8.946702330937555e-05,0.9621798116673055,0.9588000005604795,0.9498128775436335,0.00010210350919348903
00824-Dd4bFSTQ8gi,belief,236,gym rope,0_3_47,0_3,3,4.566446524900663e-05,0.9306412878968231,0.9396563935419477,0.9737951084664206,5.36240237030327e-05
00824-Dd4bFSTQ8gi,belief,236,gym rope,0_4_116,0_4,4,4.417318415995128e-05,0.9767318007018831,0.9430731085706365,0.9744615593847696,4.921225946132822e-05
00824-Dd4bFSTQ8gi,belief,236,gym rope,0_5_277,0_5,5,3.936573873559607e-05,0.9136341170421443,0.9096081134217623,0.9366862662323752,5.0570543250306283e-05
00824-Dd4bFSTQ8gi,belief,237,hair brush,0_6_158,0_6,1,0.032580582147334336,0.95469726641687,0.935107809836967,0.7431914433639781,0.04910557219467064
00824-Dd4bFSTQ8gi,belief,237,hair brush,0_5_381,0_5,2,0.02046685280510169,0.8738880676251871,1.0,0.740147299803735,0.03164295967018728
00824-Dd4bFSTQ8gi,belief,237,hair brush,0_5_277,0_5,3,0.016937399991920715,0.9136341170421443,0.9096081134217623,0.9366862662323752,0.021758349934499058
00824-Dd4bFSTQ8gi,belief,237,hair brush,0_2_118,0_2,4,0.008233673075898682,0.9795660838865262,0.9548193678583632,0.9155692133060522,0.009614959928055326
00824-Dd4bFSTQ8gi,belief,237,hair brush,0_5_308,0_5,5,0.007788969511422229,0.8731722489992778,0.9068384887821965,0.9439973818038041,0.01042027894602082
00824-Dd4bFSTQ8gi,belief,238,hair dryer,0_1_52,0_1,1,0.015320881596939865,0.9670426288967379,0.9487705709054759,0.8860270082170919,0.018846468010934366
00824-Dd4bFSTQ8gi,belief,238,hair dryer,0_1_59,0_1,2,0.01036052952972225,0.9694465387169094,0.9288275258291203,0.9750258704654579,0.01180067561167445
00824-Dd4bFSTQ8gi,belief,238,hair dryer,0_2_174,0_2,3,0.006331134553523603,0.9830539070309687,0.8802982169221036,0.9984696322191826,0.007327224988972491
00824-Dd4bFSTQ8gi,belief,238,hair dryer,0_1_35,0_1,4,0.0039598574358169205,0.9436002045715728,0.9186584180695694,0.9937285419533587,0.004596949166992645
00824-Dd4bFSTQ8gi,belief,238,hair dryer,0_5_308,0_5,5,0.0034741984615904694,0.8731722489992778,0.9068384887821965,0.9439973818038041,0.004647869917903781
00824-Dd4bFSTQ8gi,belief,239,hammer,0_2_39,0_2,1,0.17265812896170343,0.9291093295647038,0.9443383630321825,0.8914203178897508,0.22075474523404617
00824-Dd4bFSTQ8gi,belief,239,hammer,0_2_159,0_2,2,0.1521023943191162,0.9870273823715147,0.9569317912040664,0.960670050619474,0.1676299497720799
00824-Dd4bFSTQ8gi,belief,239,hammer,0_5_101,0_5,3,0.09681217532294384,0.950642374063295,0.926787519942952,0.9847111564888719,0.11158961380985535
00824-Dd4bFSTQ8gi,belief,239,hammer,0_3_29,0_3,4,0.08916906631789479,0.9802004204215117,0.9173320674665175,0.9370955823154603,0.10582514414218272
00824-Dd4bFSTQ8gi,belief,239,hammer,0_2_168,0_2,5,0.06423630818146261,0.9805093748240153,0.9075325009829689,0.990365114076751,0.07289056249692337
00824-Dd4bFSTQ8gi,belief,240,hammock,0_1_75,0_1,1,0.005118719871361419,0.9640655255926591,0.9392900853257735,0.9818768577640451,0.005757024101078422
00824-Dd4bFSTQ8gi,belief,240,hammock,0_0_8,0_0,2,0.002085776991881389,0.9848732120460935,0.9499832243710505,0.8873896658146057,0.0025122175453584053
00824-Dd4bFSTQ8gi,belief,240,hammock,0_1_59,0_1,3,0.0010541590867536167,0.9694465387169094,0.9288275258291203,0.9750258704654579,0.0012006905043020428
00824-Dd4bFSTQ8gi,belief,240,hammock,0_3_63,0_3,4,0.0008549330827381612,0.9626293598944916,0.9597247878677808,0.8459323762310529,0.0010939328414868675
00824-Dd4bFSTQ8gi,belief,240,hammock,0_5_277,0_5,5,0.0007755280429874303,0.9136341170421443,0.9096081134217623,0.9366862662323752,0.0009962692356198046
00824-Dd4bFSTQ8gi,belief,241,hand dryer,0_1_35,0_1,1,0.016645037661237493,0.9436002045715728,0.9186584180695694,0.9937285419533587,0.01932301686401534
00824-Dd4bFSTQ8gi,belief,241,hand dryer,0_4_7,0_4,2,0.012159747414485791,0.9548851611138032,0.9557685739561002,0.9927725423818324,0.013420568264851176
00824-Dd4bFSTQ8gi,belief,241,hand dryer,0_5_125,0_5,3,0.009032423607222659,0.8721973859944828,0.9260615837344047,0.9977790475216071,0.011207668269550247
00824-Dd4bFSTQ8gi,belief,241,hand dryer,0_4_102,0_4,4,0.007079909719640751,0.9793698223022669,0.9410808717219558,0.9971505440458512,0.0077035929193841925
00824-Dd4bFSTQ8gi,belief,241,hand dryer,0_4_120,0_4,5,0.0070141914258304485,0.9559786604214757,0.9529424329546861,0.9971428800812246,0.007721565463970261
00824-Dd4bFSTQ8gi,belief,242,handcart,0_1_52,0_1,1,0.0006423145903278789,0.9670426288967379,0.9487705709054759,0.8860270082170919,0.0007901217239345196
00824-Dd4bFSTQ8gi,belief,242,handcart,0_2_26,0_2,2,0.0003690955023574789,0.9621798116673055,0.9588000005604795,0.9498128775436335,0.0004212272256774979
00824-Dd4bFSTQ8gi,belief,242,handcart,0_3_61,0_3,3,0.00027439870263811384,0.940122461815675,0.9401845536515845,0.9962542178115388,0.00031161211899562787
00824-Dd4bFSTQ8gi,belief,242,handcart,0_3_29,0_3,4,0.0001642925968636669,0.9802004204215117,0.9173320674665175,0.9370955823154603,0.00019498115728393492
00824-Dd4bFSTQ8gi,belief,242,handcart,0_2_121,0_2,5,0.00015864144384525615,0.9803334756295867,0.9596440184592478,0.9852285314398698,0.0001711573998360794
00824-Dd4bFSTQ8gi,belief,243,handkerchiefs,0_2_179,0_2,1,0.014726934625829774,0.9558793028473577,0.9642507474404654,0.987007008573947,0.01618821933649846
00824-Dd4bFSTQ8gi,belief,243,handkerchiefs,0_3_37,0_3,2,0.008972134857108143,0.9621231979548526,0.9311012642543468,0.9966396233737745,0.010049166474434752
00824-Dd4bFSTQ8gi,belief,243,handkerchiefs,0_0_8,0_0,3,0.008183786463052806,0.9848732120460935,0.9499832243710505,0.8873896658146057,0.009856975132036075
00824-Dd4bFSTQ8gi,belief,243,handkerchiefs,0_1_11,0_1,4,0.007805183426001646,0.9582889779703784,0.9467363707193159,0.9546083358999461,0.00901223144754665
00824-Dd4bFSTQ8gi,belief,243,handkerchiefs,0_2_118,0_2,5,0.0065578019223319715,0.9795660838865262,0.9548193678583632,0.9155692133060522,0.007657943437651493
00824-Dd4bFSTQ8gi,belief,244,handle,0_2_145,0_2,1,0.7562496235598204,0.9523772162455373,0.947680668623009,0.9742405445728378,0.8600584222243348
00824-Dd4bFSTQ8gi,belief,244,handle,0_4_134,0_4,2,0.7388646069567454,0.9908199222424091,0.933807492897041,0.9939945331180942,0.8033943682104931
00824-Dd4bFSTQ8gi,belief,244,handle,0_2_25,0_2,3,0.7385583076587244,0.9888477352713899,0.9584313884043929,0.9816686380421284,0.7938334949828691
00824-Dd4bFSTQ8gi,belief,244,handle,0_5_391,0_5,4,0.7373988283992483,0.9649585495820296,0.9513185523565066,0.9955278387206389,0.8068901418746813
00824-Dd4bFSTQ8gi,belief,244,handle,0_2_211,0_2,5,0.7192707348537064,0.967508837606985,0.9461086850044129,0.9953370976927387,0.7894529088887452
00824-Dd4bFSTQ8gi,belief,245,hanger,0_2_168,0_2,1,0.048346144867399105,0.9805093748240153,0.9075325009829689,0.990365114076751,0.05485959255297643
00824-Dd4bFSTQ8gi,belief,245,hanger,0_2_45,0_2,2,0.023322334866909624,0.9211113929748536,0.9241524032495996,0.9943887080872573,0.027552441663780326
00824-Dd4bFSTQ8gi,belief,245,hanger,0_2_39,0_2,3,0.019667213727422063,0.9291093295647038,0.9443383630321825,0.8914203178897508,0.025145823031729898
00824-Dd4bFSTQ8gi,belief,245,hanger,0_2_159,0_2,4,0.01903167325845218,0.9870273823715147,0.9569317912040664,0.960670050619474,0.020974544461802868
00824-Dd4bFSTQ8gi,belief,245,hanger,0_2_171,0_2,5,0.017545996127633155,0.9839821061326399,0.8998836821799548,0.9935477706980145,0.01994415765089161
00824-Dd4bFSTQ8gi,belief,246,hat,0_2_30,0_2,1,0.08475232772732436,0.9706078015830275,0.9472652918790121,0.9855811605074362,0.09352847194652167
00824-Dd4bFSTQ8gi,belief,246,hat,0_5_102,0_5,2,0.08294871142750876,0.9205292056343571,0.920893685189655,0.9541898055332731,0.10254814403678464
00824-Dd4bFSTQ8gi,belief,246,hat,0_1_11,0_1,3,0.07573955510076294,0.9582889779703784,0.9467363707193159,0.9546083358999461,0.0874524483343185
00824-Dd4bFSTQ8gi,belief,246,hat,0_1_54,0_1,4,0.051854147626100196,0.9543598111186709,0.8922708780310395,0.9071457299680523,0.06712705247333343
00824-Dd4bFSTQ8gi,belief,246,hat,0_1_29,0_1,5,0.04324481863341939,0.9756274529318523,0.9604242971664061,0.8487639121585747,0.05437509432711292
00824-Dd4bFSTQ8gi,belief,247,hatch,0_1_52,0_1,1,0.37706368002437113,0.9670426288967379,0.9487705709054759,0.8860270082170919,0.4638322239291955
00824-Dd4bFSTQ8gi,belief,247,hatch,0_5_144,0_5,2,0.12119209833873465,0.9314839523991686,0.9401989937115548,0.9960419085311506,0.13893175887049763
00824-Dd4bFSTQ8gi,belief,247,hatch,0_5_51,0_5,3,0.07234842093698747,0.9671998558427501,0.9169942693573179,0.9968158190742867,0.08183353095820595
00824-Dd4bFSTQ8gi,belief,247,hatch,0_5_164,0_5,4,0.052411903721982504,0.8294892445145737,0.8934307131046062,0.9942898782409825,0.07112876678885774
00824-Dd4bFSTQ8gi,belief,247,hatch,0_5_292,0_5,5,0.034938268297435925,0.9728397386153946,0.9715163362707585,0.9651859685911803,0.03830001690657963
00824-Dd4bFSTQ8gi,belief,248,headboard,0_2_176,0_2,1,0.9024949893009631,0.9794999763318354,0.957809614104463,0.9994495377383967,0.9624990423322547
00824-Dd4bFSTQ8gi,belief,248,headboard,0_2_175,0_2,2,0.8385727843933481,0.9808194465901878,0.887304293531744,0.9994539780933249,0.9640871881142224
00824-Dd4bFSTQ8gi,belief,248,headboard,0_0_7,0_0,3,0.838391478818301,0.958466550780205,0.915842741574695,0.9956849590908777,0.9592394688852167
00824-Dd4bFSTQ8gi,belief,248,headboard,0_2_42,0_2,4,0.830482300589816,0.9391578369670444,0.9328287084893614,0.9995910636348667,0.9483475487422245
00824-Dd4bFSTQ8gi,belief,248,headboard,0_2_184,0_2,5,0.8198343464080957,0.9749991002613381,0.9130298197236327,0.999577728772043,0.9213409213980508
00824-Dd4bFSTQ8gi,belief,249,headphones,0_5_277,0_5,1,0.0006255530664145757,0.9136341170421443,0.9096081134217623,0.9366862662323752,0.0008036063698170814
00824-Dd4bFSTQ8gi,belief,249,headphones,0_2_200,0_2,2,0.0002823979660316207,0.9661810888184442,0.9500365693955204,0.9988173081479677,0.0003080183920876259
00824-Dd4bFSTQ8gi,belief,249,headphones,0_1_52,0_1,3,0.0001853261952068923,0.9670426288967379,0.9487705709054759,0.8860270082170919,0.0002279727956550817
00824-Dd4bFSTQ8gi,belief,249,headphones,0_2_26,0_2,4,0.00018054888227863507,0.9621798116673055,0.9588000005604795,0.9498128775436335,0.00020604993638677317
00824-Dd4bFSTQ8gi,belief,249,headphones,0_2_196,0_2,5,9.032769135262161e-05,0.8647666744563891,0.999539291964006,0.9986820069037694,0.00010463931050402286
00824-Dd4bFSTQ8gi,belief,250,heater,0_6_134,0_6,1,0.7889060722416841,0.9547232714773898,0.9431101847390136,0.9987370228761283,0.877271874426196
00824-Dd4bFSTQ8gi,belief,250,heater,0_6_0,0_6,2,0.7837988273266426,0.9865188696162592,0.9137113950747956,0.9987289076414559,0.8706478886286425
00824-Dd4bFSTQ8gi,belief,250,heater,0_6_135,0_6,3,0.7482693409441781,0.9841107028349133,0.9397236827710527,0.9982430569225819,0.8105457366546275
00824-Dd4bFSTQ8gi,belief,250,heater,0_2_51,0_2,4,0.6745181709945428,0.9671611396315828,0.9310817747756778,0.99653742048066,0.7516460479292536
00824-Dd4bFSTQ8gi,belief,250,heater,0_0_68,0_0,5,0.641782863552349,0.9846795644396259,0.9289725468060053,0.9990746168670699,0.7022510331969174
00824-Dd4bFSTQ8gi,belief,251,heater piping,0_4_102,0_4,1,0.08351755731252165,0.9793698223022669,0.9410808717219558,0.9971505440458512,0.0908747835261453
00824-Dd4bFSTQ8gi,belief,251,heater piping,0_4_120,0_4,2,0.0820862919458835,0.9559786604214757,0.9529424329546861,0.9971428800812246,0.09036461061221623
00824-Dd4bFSTQ8gi,belief,251,heater piping,0_5_68,0_5,3,0.017510980032548175,0.926739274960704,0.9265356432310157,0.9956847793011084,0.020481836021988394
00824-Dd4bFSTQ8gi,belief,251,heater piping,0_4_119,0_4,4,0.013950948277506363,0.9772316422513739,0.9474930025919824,0.9936720903126515,0.01516306877297705
00824-Dd4bFSTQ8gi,belief,251,heater piping,0_6_158,0_6,5,0.011746238941783962,0.95469726641687,0.935107809836967,0.7431914433639781,0.01770397415746658
00824-Dd4bFSTQ8gi,belief,252,holder,0_2_172,0_2,1,0.004886762768412305,0.9597954059832474,0.9595718461650053,0.9921985866843136,0.005347693256063109
00824-Dd4bFSTQ8gi,belief,252,holder,0_4_123,0_4,2,0.0037923098231999247,0.9502052993920387,0.9024362671938762,0.9891863458528853,0.004470866575429913
00824-Dd4bFSTQ8gi,belief,252,holder,0_6_79,0_6,3,0.0036136241027093694,0.9764038686326914,0.9405713974718488,0.9689450493932146,0.004060902541149774
00824-Dd4bFSTQ8gi,belief,252,holder,0_6_68,0_6,4,0.003169072912596041,0.9486475287198018,0.9414739267705342,0.9603944193808228,0.0036946170211888223
00824-Dd4bFSTQ8gi,belief,252,holder,0_2_148,0_2,5,0.0030141571069751197,0.9787457977984079,0.9740594081238966,0.9929887564573221,0.0031839497019895266
00824-Dd4bFSTQ8gi,belief,253,holy cross,0_5_409,0_5,1,0.0030116875867819493,0.9553930417384459,0.9550950135905424,0.8620343121781208,0.0038287473974634224
00824-Dd4bFSTQ8gi,belief,253,holy cross,0_5_381,0_5,2,0.0017655451489202584,0.8738880676251871,1.0,0.740147299803735,0.002729636768055163
00824-Dd4bFSTQ8gi,belief,253,holy cross,0_5_277,0_5,3,0.0015846846859970682,0.9136341170421443,0.9096081134217623,0.9366862662323752,0.002035738894411969
00824-Dd4bFSTQ8gi,belief,253,holy cross,0_2_168,0_2,4,0.0010157804154340548,0.9805093748240153,0.9075325009829689,0.990365114076751,0.0011526317117289365
00824-Dd4bFSTQ8gi,belief,253,holy cross,0_2_26,0_2,5,0.00023963336435029126,0.9621798116673055,0.9588000005604795,0.9498128775436335,0.0002734796186903275
00824-Dd4bFSTQ8gi,belief,254,hook,0_2_118,0_2,1,0.025821580633641636,0.9795660838865262,0.9548193678583632,0.9155692133060522,0.030153427368673543
00824-Dd4bFSTQ8gi,belief,254,hook,0_2_127,0_2,2,0.016887447681515615,0.8287659775127064,0.9692424887395859,0.9823823251567811,0.021400263373066875
00824-Dd4bFSTQ8gi,belief,254,hook,0_2_39,0_2,3,0.016750369091159966,0.9291093295647038,0.9443383630321825,0.8914203178897508,0.021416445802649908
00824-Dd4bFSTQ8gi,belief,254,hook,0_5_341,0_5,4,0.016575950817639247,0.9528206065803968,0.9224242573964267,0.9534262359800177,0.0197810570135726
00824-Dd4bFSTQ8gi,belief,254,hook,0_2_148,0_2,5,0.015118672166101712,0.9787457977984079,0.9740594081238966,0.9929887564573221,0.015970332676535644
00824-Dd4bFSTQ8gi,belief,255,hose,0_5_341,0_5,1,0.036199852148713116,0.9528206065803968,0.9224242573964267,0.9534262359800177,0.043199412637891496
00824-Dd4bFSTQ8gi,belief,255,hose,0_1_5,0_1,2,0.010370734830778432,0.9771667424800556,0.9365522750560813,0.9850200777784011,0.011504393986164563
00824-Dd4bFSTQ8gi,belief,255,hose,0_2_118,0_2,3,0.008349565862058,0.9795660838865262,0.9548193678583632,0.9155692133060522,0.009750294970459946
00824-Dd4bFSTQ8gi,belief,255,hose,0_2_121,0_2,4,0.006105560052509151,0.9803334756295867,0.9596440184592478,0.9852285314398698,0.006587255875897348
00824-Dd4bFSTQ8gi,belief,255,hose,0_5_242,0_5,5,0.004639106918123773,0.9882159634287973,0.9313978511327858,0.9381612032468682,0.005372418253377684
00824-Dd4bFSTQ8gi,belief,256,hourglass,0_2_6,0_2,1,0.01540948588613304,0.9572748878262058,0.9918923651744805,0.9723959521942782,0.01668951796792099
00824-Dd4bFSTQ8gi,belief,256,hourglass,0_5_277,0_5,2,0.001436459735604514,0.9136341170421443,0.9096081134217623,0.9366862662323752,0.0018453241707115564
00824-Dd4bFSTQ8gi,belief,256,hourglass,0_5_409,0_5,3,0.0013390574445669731,0.9553930417384459,0.9550950135905424,0.8620343121781208,0.0017023388243991243
00824-Dd4bFSTQ8gi,belief,256,hourglass,0_5_349,0_5,4,0.0008705763942401601,0.9778791238440332,0.9560132204848475,0.9574829326936317,0.0009725832211190215
00824-Dd4bFSTQ8gi,belief,256,hourglass,0_3_29,0_3,5,0.0006862506027036573,0.9802004204215117,0.9173320674665175,0.9370955823154603,0.0008144367990786074
00824-Dd4bFSTQ8gi,belief,257,hoverboard,0_1_52,0_1,1,0.1575350861693555,0.9670426288967379,0.9487705709054759,0.8860270082170919,0.19378649611674828
00824-Dd4bFSTQ8gi,belief,257,hoverboard,0_3_29,0_3,2,0.006305239756299557,0.9802004204215117,0.9173320674665175,0.9370955823154603,0.00748300877888092
00824-Dd4bFSTQ8gi,belief,257,hoverboard,0_5_423,0_5,3,0.003773003464856193,0.9704151882065667,0.9359775368968624,0.9654242556344028,0.004302748748222136
00824-Dd4bFSTQ8gi,belief,257,hoverboard,0_5_429,0_5,4,0.0017391240704712199,0.981436476077767,0.9456069053530338,0.9937900419489633,0.0018856587269213796
00824-Dd4bFSTQ8gi,belief,257,hoverboard,0_3_3,0_3,5,0.0012780270628182057,0.9352000604038737,0.9641408302363261,0.9968644707889505,0.0014218668577849563
00824-Dd4bFSTQ8gi,belief,258,ice maker,0_5_11,0_5,1,0.09836088342685412,0.9478395892309437,0.9011306519492781,0.9999247780747405,0.11516817466646342
00824-Dd4bFSTQ8gi,belief,258,ice maker,0_5_8,0_5,2,0.06997388927843612,0.9340534663540899,0.8928366128098626,0.9999211393408018,0.08391247598300404
00824-Dd4bFSTQ8gi,belief,258,ice maker,0_6_79,0_6,3,0.0609281229158537,0.9764038686326914,0.9405713974718488,0.9689450493932146,0.06846953699223082
00824-Dd4bFSTQ8gi,belief,258,ice maker,0_5_180,0_5,4,0.05666707450858712,0.9327907159520625,0.933296122428698,0.9997852368710726,0.06510590744013299
00824-Dd4bFSTQ8gi,belief,258,ice maker,0_5_125,0_5,5,0.053974288158282785,0.8721973859944828,0.9260615837344047,0.9977790475216071,0.06697271331245211
00824-Dd4bFSTQ8gi,belief,259,information,0_4_116,0_4,1,0.39887042561467934,0.9767318007018831,0.9430731085706365,0.9744615593847696,0.4443717438553261
00824-Dd4bFSTQ8gi,belief,259,information,0_6_80,0_6,2,0.32118184203597516,0.9633367362008676,0.9404348059224408,0.991810530023276,0.3574501250550913
00824-Dd4bFSTQ8gi,belief,259,information,0_0_30,0_0,3,0.2762301522615105,0.971570948116727,0.9364986114502116,0.9774138395879133,0.31060678679162096
00824-Dd4bFSTQ8gi,belief,259,information,0_2_118,0_2,4,0.2545367200300876,0.9795660838865262,0.9548193678583632,0.9155692133060522,0.2972379812445744
00824-Dd4bFSTQ8gi,belief,259,information,0_2_114,0_2,5,0.2529385726814408,0.975630308427508,0.9513947294934744,0.9918297227012116,0.2747463427126475
00824-Dd4bFSTQ8gi,belief,260,installation,0_6_143,0_6,1,0.1659920938650477,0.8521712787381153,0.9954768358042596,0.9982405650093445,0.19601718033240445
00824-Dd4bFSTQ8gi,belief,260,installation,0_5_42,0_5,2,0.16530196461480723,0.8942212516704654,0.9372383875599186,0.996141369596184,0.19799853797747438
00824-Dd4bFSTQ8gi,belief,260,installation,0_6_117,0_6,3,0.1436750754333308,0.9603616737378309,0.9285715456203731,0.9984498753222277,0.16136337749921467
00824-Dd4bFSTQ8gi,belief,260,installation,0_6_154,0_6,4,0.14262780959890256,0.7284496228966875,0.911743489511952,0.997915162875683,0.2151980825458347
00824-Dd4bFSTQ8gi,belief,260,installation,0_6_140,0_6,5,0.137084177842896,0.9517893725302357,0.9430200408366269,0.9963834061387321,0.15328479308648163
00824-Dd4bFSTQ8gi,belief,261,instrument,0_1_52,0_1,1,0.08128060533489047,0.9670426288967379,0.9487705709054759,0.8860270082170919,0.09998460719514736
00824-Dd4bFSTQ8gi,belief,261,instrument,0_5_409,0_5,2,0.06765391857390061,0.9553930417384459,0.9550950135905424,0.8620343121781208,0.08600817887117002
00824-Dd4bFSTQ8gi,belief,261,instrument,0_5_423,0_5,3,0.05687164660744124,0.9704151882065667,0.9359775368968624,0.9654242556344028,0.06485666088801917
00824-Dd4bFSTQ8gi,belief,261,instrument,0_3_29,0_3,4,0.05357357890479549,0.9802004204215117,0.9173320674665175,0.9370955823154603,0.06358070061651884
00824-Dd4bFSTQ8gi,belief,261,instrument,0_3_3,0_3,5,0.045694211044134264,0.9352000604038737,0.9641408302363261,0.9968644707889505,0.05083701759258263
00824-Dd4bFSTQ8gi,belief,262,iron,0_1_52,0_1,1,0.21343795635953985,0.9670426288967379,0.9487705709054759,0.8860270082170919,0.2625535346251042
00824-Dd4bFSTQ8gi,belief,262,iron,0_2_118,0_2,2,0.18280692489680253,0.9795660838865262,0.9548193678583632,0.9155692133060522,0.21347474465543193
00824-Dd4bFSTQ8gi,belief,262,iron,0_6_79,0_6,3,0.15054182082564851,0.9764038686326914,0.9405713974718488,0.9689450493932146,0.16917522281352726
00824-Dd4bFSTQ8gi,belief,262,iron,0_1_9,0_1,4,0.09218102263514054,0.9570596029988906,0.9115689408263052,0.977862634324559,0.10805258613355852
00824-Dd4bFSTQ8gi,belief,262,iron,0_5_177,0_5,5,0.08054586760185388,0.9626096776780202,0.9291400845210275,0.980541615429202,0.09184294755984872
00824-Dd4bFSTQ8gi,belief,263,ironing board,0_0_8,0_0,1,0.019441939240739455,0.9848732120460935,0.9499832243710505,0.8873896658146057,0.023416875853214524
00824-Dd4bFSTQ8gi,belief,263,ironing board,0_1_52,0_1,2,0.018809194876201838,0.9670426288967379,0.9487705709054759,0.8860270082170919,0.023137499451504957
00824-Dd4bFSTQ8gi,belief,263,ironing board,0_4_12,0_4,3,0.0135764886818652,0.9624487908798592,0.9113453644872433,0.9986448956472841,0.015499431005024428
00824-Dd4bFSTQ8gi,belief,263,ironing board,0_5_71,0_5,4,0.012119769544023317,0.9697594858674828,0.9187593463357399,0.9969286487155646,0.013644715312497375
00824-Dd4bFSTQ8gi,belief,263,ironing board,0_2_84,0_2,5,0.011786510073855026,0.8872291624615954,0.9766535013850655,0.9952266756172262,0.013667431437424812
00824-Dd4bFSTQ8gi,belief,264,jewelry,0_2_26,0_2,1,0.0027740798527982604,0.9621798116673055,0.9588000005604795,0.9498128775436335,0.0031658959611767686
00824-Dd4bFSTQ8gi,belief,264,jewelry,0_5_277,0_5,2,0.0020144891510800126,0.9136341170421443,0.9096081134217623,0.9366862662323752,0.002587880070693204
00824-Dd4bFSTQ8gi,belief,264,jewelry,0_2_118,0_2,3,0.0013231606763523492,0.9795660838865262,0.9548193678583632,0.9155692133060522,0.001545135052634797
00824-Dd4bFSTQ8gi,belief,264,jewelry,0_2_172,0_2,4,0.0009928462551407765,0.9597954059832474,0.9595718461650053,0.9921985866843136,0.0010864937535424628
00824-Dd4bFSTQ8gi,belief,264,jewelry,0_3_48,0_3,5,0.0007133403737114879,0.9350999885963068,0.9528884058033308,0.9981931434202318,0.0008020143300626446
00824-Dd4bFSTQ8gi,belief,265,jug,0_6_79,0_6,1,0.09811532696721585,0.9764038686326914,0.9405713974718488,0.9689450493932146,0.11025960899147584
00824-Dd4bFSTQ8gi,belief,265,jug,0_2_6,0_2,2,0.02350854592685757,0.9572748878262058,0.9918923651744805,0.9723959521942782,0.02546134910309089
00824-Dd4bFSTQ8gi,belief,265,jug,0_5_23,0_5,3,0.01854944668441965,0.8775336300609289,0.9155703927595544,0.9661093980736647,0.023897316930576163
00824-Dd4bFSTQ8gi,belief,265,jug,0_5_129,0_5,4,0.01787931480318484,0.8660690313295096,0.927367762566355,0.9970024347023674,0.022328016684938185
00824-Dd4bFSTQ8gi,belief,265,jug,0_5_335,0_5,5,0.011841819644133536,0.9225074675891832,0.9477284055984949,0.9759475125646586,0.013878361406784893
00824-Dd4bFSTQ8gi,belief,266,keg,0_5_141,0_5,1,0.08688484870338659,0.8877581810347396,0.916958852186766,0.9974033923687733,0.10701106284178993
00824-Dd4bFSTQ8gi,belief,266,keg,0_5_23,0_5,2,0.046681202786085146,0.8775336300609289,0.9155703927595544,0.9661093980736647,0.060139556540873385
00824-Dd4bFSTQ8gi,belief,266,keg,0_1_52,0_1,3,0.02880185814541404,0.9670426288967379,0.9487705709054759,0.8860270082170919,0.0354296386117516
00824-Dd4bFSTQ8gi,belief,266,keg,0_5_250,0_5,4,0.024328148359635655,0.9710265826892314,0.9199946345075227,0.9636858468584617,0.0282590241809889
00824-Dd4bFSTQ8gi,belief,266,keg,0_6_79,0_6,5,0.016794863411779368,0.9764038686326914,0.9405713974718488,0.9689450493932146,0.01887365746094689
00824-Dd4bFSTQ8gi,belief,267,kettle,0_2_6,0_2,1,0.0030296118908373455,0.9572748878262058,0.9918923651744805,0.9723959521942782,0.003281275083515815
00824-Dd4bFSTQ8gi,belief,267,kettle,0_6_79,0_6,2,0.002954453612861492,0.9764038686326914,0.9405713974718488,0.9689450493932146,0.0033201428380951054
00824-Dd4bFSTQ8gi,belief,267,kettle,0_1_52,0_1,3,0.002549914410684566,0.9670426288967379,0.9487705709054759,0.8860270082170919,0.0031366915844572504
00824-Dd4bFSTQ8gi,belief,267,kettle,0_5_277,0_5,4,0.001208836785010279,0.9136341170421443,0.9096081134217623,0.9366862662323752,0.0015529121231413839
00824-Dd4bFSTQ8gi,belief,267,kettle,0_5_23,0_5,5,0.0010796859129802256,0.8775336300609289,0.9155703927595544,0.9661093980736647,0.001390963131511552
00824-Dd4bFSTQ8gi,belief,268,keys,0_2_118,0_2,1,0.008513193827185437,0.9795660838865262,0.9548193678583632,0.9155692133060522,0.009941373279412337
00824-Dd4bFSTQ8gi,belief,268,keys,0_5_421,0_5,2,0.0033047091496302954,0.9632188090186007,0.9323716488692897,0.9960048696990845,0.003694517833704708
00824-Dd4bFSTQ8gi,belief,268,keys,0_6_1,0_6,3,0.0026500547536866927,0.9847008419310647,0.9140771914844115,0.9792199486746695,0.0030066814155733767
00824-Dd4bFSTQ8gi,belief,268,keys,0_5_188,0_5,4,0.002541985770476355,0.9447020675174197,0.9374367955390734,0.9986469452944462,0.0028742482478893473
00824-Dd4bFSTQ8gi,belief,268,keys,0_3_54,0_3,5,0.002501849690147992,0.9813649075142308,0.9158942889984203,0.9984255545036173,0.0027878515909971
00824-Dd4bFSTQ8gi,belief,269,kitchen appliance,0_5_89,0_5,1,0.8361114689584602,0.9546120117681776,0.9285511369546245,0.9998632490793011,0.9433891000637489
00824-Dd4bFSTQ8gi,belief,269,kitchen appliance,0_5_37,0_5,2,0.7445857835491483,0.9582685712990763,0.9156376320451391,0.9999701973964444,0.8486269214635423
00824-Dd4bFSTQ8gi,belief,269,kitchen appliance,0_5_8,0_5,3,0.4149493557315245,0.9340534663540899,0.8928366128098626,0.9999211393408018,0.49760600998513976
00824-Dd4bFSTQ8gi,belief,269,kitchen appliance,0_5_11,0_5,4,0.31722817306416096,0.9478395892309437,0.9011306519492781,0.9999247780747405,0.37143413490938454
00824-Dd4bFSTQ8gi,belief,269,kitchen appliance,0_5_180,0_5,5,0.2580472186905535,0.9327907159520625,0.933296122428698,0.9997852368710726,0.2964754838844744
00824-Dd4bFSTQ8gi,belief,270,kitchen handle,0_5_24,0_5,1,0.5032754123122545,0.9410065617514765,0.9361069649555122,0.9994592995117325,0.5716398172105489
00824-Dd4bFSTQ8gi,belief,270,kitchen handle,0_5_216,0_5,2,0.48319743262496573,0.9791115806221392,0.8863558349600542,0.999221728957471,0.5572145563473314
00824-Dd4bFSTQ8gi,belief,270,kitchen handle,0_5_39,0_5,3,0.40647370870809246,0.9867878387206268,0.9180739262282991,0.9981166526492204,0.4495207220414874
00824-Dd4bFSTQ8gi,belief,270,kitchen handle,0_5_226,0_5,4,0.4060997991048767,0.9484640265991485,0.9399904782397057,0.9988878339942109,0.4560072347961398
00824-Dd4bFSTQ8gi,belief,270,kitchen handle,0_5_40,0_5,5,0.39521334847296913,0.9689809991581471,0.9280634284359455,0.9979892151313309,0.4403650429134606
00824-Dd4bFSTQ8gi,belief,271,kitchen island,0_5_62,0_5,1,0.05876447026015768,0.9877969162194423,0.9504105454821048,0.9982966034624458,0.06270126741011632
00824-Dd4bFSTQ8gi,belief,271,kitchen island,0_5_71,0_5,2,0.02973423324805331,0.9697594858674828,0.9187593463357399,0.9969286487155646,0.03347548369062462
00824-Dd4bFSTQ8gi,belief,271,kitchen island,0_5_5,0_5,3,0.02458157862099757,0.9625626938017611,0.9204997316665764,0.9986120347041921,0.027781793709788585
00824-Dd4bFSTQ8gi,belief,271,kitchen island,0_4_2,0_4,4,0.023119493672100956,0.8983357797124295,0.8984431547114998,0.9982267728239268,0.028695896902584974
00824-Dd4bFSTQ8gi,belief,271,kitchen island,0_5_127,0_5,5,0.01414822813498775,0.9712925213078658,0.9027066908876451,0.9988746751874485,0.016154530674894682
00824-Dd4bFSTQ8gi,belief,272,kitchen utensil,0_5_39,0_5,1,0.02177032123334147,0.9867878387206268,0.9180739262282991,0.9981166526492204,0.024075875782939533
00824-Dd4bFSTQ8gi,belief,272,kitchen utensil,0_5_226,0_5,2,0.017118769857701163,0.9484640265991485,0.9399904782397057,0.9988878339942109,0.01922257268565113
00824-Dd4bFSTQ8gi,belief,272,kitchen utensil,0_5_115,0_5,3,0.013925963297546154,0.9298710528345713,0.9317860201781512,0.998305880495004,0.01609988219986451
00824-Dd4bFSTQ8gi,belief,272,kitchen utensil,0_5_216,0_5,4,0.013924830952981578,0.9791115806221392,0.8863558349600542,0.999221728957471,0.016057863675984115
00824-Dd4bFSTQ8gi,belief,272,kitchen utensil,0_5_96,0_5,5,0.013336701623659958,0.9691028234138285,0.9302402849632658,0.9982571089046693,0.014819754912295502
00824-Dd4bFSTQ8gi,belief,273,knife,0_5_423,0_5,1,0.5833621054681486,0.9704151882065667,0.9359775368968624,0.9654242556344028,0.6652685565871793
00824-Dd4bFSTQ8gi,belief,273,knife,0_2_159,0_2,2,0.5546587382864615,0.9870273823715147,0.9569317912040664,0.960670050619474,0.6112817411968863
00824-Dd4bFSTQ8gi,belief,273,knife,0_0_71,0_0,3,0.5333829226072527,0.9764317497729309,0.933230032659411,0.9600888112394653,0.6096731920944973
00824-Dd4bFSTQ8gi,belief,273,knife,0_5_225,0_5,4,0.5084595852095591,0.9519168325776928,0.902307519506965,0.8666076870869197,0.6830937609436579
00824-Dd4bFSTQ8gi,belief,273,knife,0_0_47,0_0,5,0.4829928540425868,0.9624765808173422,0.8942528018457205,0.9912889280771499,0.566095847705858
00824-Dd4bFSTQ8gi,belief,274,knob,0_2_144,0_2,1,0.12485465295815217,0.9877770870426388,0.9016252814160993,0.9992351277955658,0.14029817124470637
00824-Dd4bFSTQ8gi,belief,274,knob,0_2_172,0_2,2,0.10504944383446892,0.9597954059832474,0.9595718461650053,0.9921985866843136,0.11495794434262824
00824-Dd4bFSTQ8gi,belief,274,knob,0_2_178,0_2,3,0.06600880950976815,0.9151042103767395,1.0,0.9947334215419775,0.07251446327245918
00824-Dd4bFSTQ8gi,belief,274,knob,0_4_23,0_4,4,0.03619850621759208,0.9780666679143906,0.9306315448620884,0.9995459236899361,0.03978704350377828
00824-Dd4bFSTQ8gi,belief,274,knob,0_0_48,0_0,5,0.024298888213402238,0.9834389573740926,0.9080382273517742,0.9876267081686854,0.02755129625799753
00824-Dd4bFSTQ8gi,belief,275,lace doily,0_0_60,0_0,1,0.001238059354196464,0.9866587493879543,0.9272747945232263,0.9947380683187913,0.0013603707989661333
00824-Dd4bFSTQ8gi,belief,275,lace doily,0_5_268,0_5,2,0.0011383384786074263,0.9389488874305459,0.9226598394759893,0.9730122783518091,0.0013504220682674687
00824-Dd4bFSTQ8gi,belief,275,lace doily,0_5_260,0_5,3,0.0011121661728444822,0.8919481019533816,0.9424942998312142,0.9588323948945878,0.0013797762496884109
00824-Dd4bFSTQ8gi,belief,275,lace doily,0_5_179,0_5,4,0.0008413128984167119,0.9555759297648088,0.9168595951984808,0.9968166603241051,0.0009633280879152973
00824-Dd4bFSTQ8gi,belief,275,lace doily,0_0_63,0_0,5,0.0007652384217548715,0.8551537641806304,0.9462251721314219,0.9962181973570348,0.0009493002338683303
00824-Dd4bFSTQ8gi,belief,276,ladder,0_0_23,0_0,1,0.12242040400948241,0.9417520742024389,0.9204321848491706,0.9935645294882547,0.14214426691561244
00824-Dd4bFSTQ8gi,belief,276,ladder,0_2_62,0_2,2,0.09282349126854667,0.948795348405838,0.9125628768937084,0.9874206761970182,0.10857262488430837
00824-Dd4bFSTQ8gi,belief,276,ladder,0_0_22,0_0,3,0.08798766261221957,0.9751834197689302,0.9366758240981087,0.9906698330773632,0.09723379188888878
00824-Dd4bFSTQ8gi,belief,276,ladder,0_5_341,0_5,4,0.04786251113988335,0.9528206065803968,0.9224242573964267,0.9534262359800177,0.05711714954313708
00824-Dd4bFSTQ8gi,belief,276,ladder,0_4_46,0_4,5,0.0460885361004391,0.9677013634987499,0.9440477238891964,0.9777391656931589,0.051598205665809235
00824-Dd4bFSTQ8gi,belief,277,landing,0_2_121,0_2,1,0.11734725060299005,0.9803334756295867,0.9596440184592478,0.9852285314398698,0.12660531702366484
00824-Dd4bFSTQ8gi,belief,277,landing,0_5_337,0_5,2,0.07716974920687492,0.975354276358437,0.923181366702601,0.991935831123999,0.08640006871924072
00824-Dd4bFSTQ8gi,belief,277,landing,0_5_432,0_5,3,0.03737200416875762,0.952323838891018,0.9299933682511217,0.9900953974937838,0.04261915545488326
00824-Dd4bFSTQ8gi,belief,277,landing,0_4_116,0_4,4,0.03664594172955047,0.9767318007018831,0.9430731085706365,0.9744615593847696,0.040826343558778254
00824-Dd4bFSTQ8gi,belief,277,landing,0_5_336,0_5,5,0.033832933853117655,0.9821518706565812,0.9255634885581897,0.9868735932896577,0.03771318998010613
00824-Dd4bFSTQ8gi,belief,278,laundry,0_5_62,0_5,1,0.027440497696793492,0.9877969162194423,0.9504105454821048,0.9982966034624458,0.029278813819578763
00824-Dd4bFSTQ8gi,belief,278,laundry,0_5_179,0_5,2,0.02183409433866235,0.9555759297648088,0.9168595951984808,0.9968166603241051,0.025000682136466827
00824-Dd4bFSTQ8gi,belief,278,laundry,0_5_71,0_5,3,0.018444255098693456,0.9697594858674828,0.9187593463357399,0.9969286487155646,0.02076496661579312
00824-Dd4bFSTQ8gi,belief,278,laundry,0_5_125,0_5,4,0.01651424572376127,0.8721973859944828,0.9260615837344047,0.9977790475216071,0.020491309513623043
00824-Dd4bFSTQ8gi,belief,278,laundry,0_5_5,0_5,5,0.015589836592492886,0.9625626938017611,0.9204997316665764,0.9986120347041921,0.01761943896524145
00824-Dd4bFSTQ8gi,belief,279,lawn mower,0_1_52,0_1,1,0.00018932310302489623,0.9670426288967379,0.9487705709054759,0.8860270082170919,0.00023288945758853793
00824-Dd4bFSTQ8gi,belief,279,lawn mower,0_5_277,0_5,2,7.914396688958264e-05,0.9136341170421443,0.9096081134217623,0.9366862662323752,0.00010167098418939004
00824-Dd4bFSTQ8gi,belief,279,lawn mower,0_5_381,0_5,3,6.0628312568127925e-05,0.8738880676251871,1.0,0.740147299803735,9.37349414555116e-05
00824-Dd4bFSTQ8gi,belief,279,lawn mower,0_4_116,0_4,4,5.212730552547887e-05,0.9767318007018831,0.9430731085706365,0.9744615593847696,5.8073750700217204e-05
00824-Dd4bFSTQ8gi,belief,279,lawn mower,0_5_308,0_5,5,4.667053545758744e-05,0.8731722489992778,0.9068384887821965,0.9439973818038041,6.243701394838517e-05
00824-Dd4bFSTQ8gi,belief,280,level,0_1_29,0_1,1,0.029272342887836245,0.9756274529318523,0.9604242971664061,0.8487639121585747,0.036806407241390095
00824-Dd4bFSTQ8gi,belief,280,level,0_5_409,0_5,2,0.026796302799849295,0.9553930417384459,0.9550950135905424,0.8620343121781208,0.034066041596363277
00824-Dd4bFSTQ8gi,belief,280,level,0_5_2,0_5,3,0.02676086846468829,0.9446704996128876,0.920601713839274,0.9745107978813246,0.03157631278610436
00824-Dd4bFSTQ8gi,belief,280,level,0_3_22,0_3,4,0.020832455442745444,0.9748714813650324,0.9342683960709239,0.9906977402580892,0.023087678457921604
00824-Dd4bFSTQ8gi,belief,280,level,0_0_23,0_0,5,0.020671239405667768,0.9417520742024389,0.9204321848491706,0.9935645294882547,0.024001702945925345
00824-Dd4bFSTQ8gi,belief,281,lid,0_2_30,0_2,1,0.21334931172521246,0.9706078015830275,0.9472652918790121,0.9855811605074362,0.23544173536684995
00824-Dd4bFSTQ8gi,belief,281,lid,0_6_149,0_6,2,0.17538385876321758,0.9181212293145322,0.9277969756954261,0.9897149494109828,0.2080302585531735
00824-Dd4bFSTQ8gi,belief,281,lid,0_1_52,0_1,3,0.16160228968764376,0.9670426288967379,0.9487705709054759,0.8860270082170919,0.19878962994533225
00824-Dd4bFSTQ8gi,belief,281,lid,0_6_79,0_6,4,0.14655197668870315,0.9764038686326914,0.9405713974718488,0.9689450493932146,0.1646915333831947
00824-Dd4bFSTQ8gi,belief,281,lid,0_5_19,0_5,5,0.12894441015154168,0.9446524497437864,0.9510823955705882,0.9710361014518593,0.14780085458629744
00824-Dd4bFSTQ8gi,belief,282,light,0_5_19,0_5,1,0.2541385056910384,0.9446524497437864,0.9510823955705882,0.9710361014518593,0.29130295978147136
00824-Dd4bFSTQ8gi,belief,282,light,0_5_124,0_5,2,0.2427943588387481,0.7727119285951961,0.938497440049318,0.9856772714778568,0.33966683197905995
00824-Dd4bFSTQ8gi,belief,282,light,0_5_108,0_5,3,0.12446617648742603,0.9635791689758385,0.9206615275988093,0.9850401669683237,0.142432799521649
00824-Dd4bFSTQ8gi,belief,282,light,0_5_337,0_5,4,0.11414899534428366,0.975354276358437,0.923181366702601,0.991935831123999,0.12780242443887282
00824-Dd4bFSTQ8gi,belief,282,light,0_4_121,0_4,5,0.09398143856137167,0.9544563668966294,0.9000147757925203,0.9818416918362156,0.11142814485297194
00824-Dd4bFSTQ8gi,belief,283,lighter,0_1_52,0_1,1,0.3857302382305418,0.9670426288967379,0.9487705709054759,0.8860270082170919,0.4744930994776444
00824-Dd4bFSTQ8gi,belief,283,lighter,0_1_55,0_1,2,0.33581947738049817,0.9745056038523426,0.9320924381733031,0.880783763975125,0.41975246525126414
00824-Dd4bFSTQ8gi,belief,283,lighter,0_2_39,0_2,3,0.24872542575017909,0.9291093295647038,0.9443383630321825,0.8914203178897508,0.3180117746259674
00824-Dd4bFSTQ8gi,belief,283,lighter,0_6_7,0_6,4,0.19961980061123727,0.9780570176670222,0.922056257328215,0.9244714638992167,0.23943548493738848
00824-Dd4bFSTQ8gi,belief,283,lighter,0_2_159,0_2,5,0.19180635879339428,0.9870273823715147,0.9569317912040664,0.960670050619474,0.21138714110604434
00824-Dd4bFSTQ8gi,belief,284,liquid,0_1_52,0_1,1,0.007382637221000705,0.9670426288967379,0.9487705709054759,0.8860270082170919,0.00908150326347498
00824-Dd4bFSTQ8gi,belief,284,liquid,0_5_213,0_5,2,0.007218274480807239,0.9816886380314825,0.9497975263789378,0.9071035721257079,0.008534374896221586
00824-Dd4bFSTQ8gi,belief,284,liquid,0_5_260,0_5,3,0.006757403181621195,0.8919481019533816,0.9424942998312142,0.9588323948945878,0.008383373498695317
00824-Dd4bFSTQ8gi,belief,284,liquid,0_5_277,0_5,4,0.006594319408773039,0.9136341170421443,0.9096081134217623,0.9366862662323752,0.008471283038977921
00824-Dd4bFSTQ8gi,belief,284,liquid,0_6_79,0_6,5,0.00622400271406853,0.9764038686326914,0.9405713974718488,0.9689450493932146,0.006994382293037514
00824-Dd4bFSTQ8gi,belief,285,locker,0_5_138,0_5,1,0.051400160408743845,0.9708760336623669,0.9574528351954763,0.9975009653708563,0.05543320379357037
00824-Dd4bFSTQ8gi,belief,285,locker,0_5_3,0_5,2,0.03670285487708503,0.8656329714562281,0.9612480926454048,0.9960502619233256,0.044284251784093225
00824-Dd4bFSTQ8gi,belief,285,locker,0_5_41,0_5,3,0.022735771654625196,0.975934609870116,0.9066715216417625,0.9997243408764942,0.025701515823190482
00824-Dd4bFSTQ8gi,belief,285,locker,0_4_7,0_4,4,0.019434609852533376,0.9548851611138032,0.9557685739561002,0.9927725423818324,0.021449747213988745
00824-Dd4bFSTQ8gi,belief,285,locker,0_5_144,0_5,5,0.013025479101976494,0.9314839523991686,0.9401989937115548,0.9960419085311506,0.01493210156911785
00824-Dd4bFSTQ8gi,belief,286,machine,0_6_79,0_6,1,0.04560440905850095,0.9764038686326914,0.9405713974718488,0.9689450493932146,0.05124912148290341
00824-Dd4bFSTQ8gi,belief,286,machine,0_5_164,0_5,2,0.04169623563010529,0.8294892445145737,0.8934307131046062,0.9942898782409825,0.05658641662472392
00824-Dd4bFSTQ8gi,belief,286,machine,0_5_100,0_5,3,0.03221994159321716,0.9345834459381543,0.891640544487207,0.9968647987682344,0.0387865003611016
00824-Dd4bFSTQ8gi,belief,286,machine,0_5_114,0_5,4,0.02362856579743201,0.8986819527508157,0.9398566734947805,0.9938056320510519,0.028149342695212555
00824-Dd4bFSTQ8gi,belief,286,machine,0_1_52,0_1,5,0.021021450637378983,0.9670426288967379,0.9487705709054759,0.8860270082170919,0.025858831587075925
00824-Dd4bFSTQ8gi,belief,287,mailbox,0_5_127,0_5,1,0.017326994400786826,0.9712925213078658,0.9027066908876451,0.9988746751874485,0.01978406482286211
00824-Dd4bFSTQ8gi,belief,287,mailbox,0_5_70,0_5,2,0.01283932308304093,0.8857353876802494,0.9365876202115592,0.9990448701253544,0.015491901389654724
00824-Dd4bFSTQ8gi,belief,287,mailbox,0_5_94,0_5,3,0.012027903532457663,0.9754105049749243,0.9360900290504934,0.9916418897687158,0.013284035395502367
00824-Dd4bFSTQ8gi,belief,287,mailbox,0_5_177,0_5,4,0.011759259760605765,0.9626096776780202,0.9291400845210275,0.980541615429202,0.01340857215511695
00824-Dd4bFSTQ8gi,belief,287,mailbox,0_1_52,0_1,5,0.010815111549581783,0.9670426288967379,0.9487705709054759,0.8860270082170919,0.01330384629397511
00824-Dd4bFSTQ8gi,belief,288,mannequin,0_3_48,0_3,1,0.01091962088988662,0.9350999885963068,0.9528884058033308,0.9981931434202318,0.012277017753775066
00824-Dd4bFSTQ8gi,belief,288,mannequin,0_1_11,0_1,2,0.008492303879001618,0.9582889779703784,0.9467363707193159,0.9546083358999461,0.009805613001418866
00824-Dd4bFSTQ8gi,belief,288,mannequin,0_1_18,0_1,3,0.007445272887585235,0.9409580512635619,0.9272582361726601,0.9940162514807617,0.00858452309392129
00824-Dd4bFSTQ8gi,belief,288,mannequin,0_5_241,0_5,4,0.006342807373115013,0.9436638364583131,0.9209175787034058,0.9959684517937087,0.007328209310694255
00824-Dd4bFSTQ8gi,belief,288,mannequin,0_2_174,0_2,5,0.00556118933404877,0.9830539070309687,0.8802982169221036,0.9984696322191826,0.006436142702759495
00824-Dd4bFSTQ8gi,belief,289,map,0_2_204,0_2,1,0.014635725982532252,0.9547795909312037,0.9251967571365296,0.992837684393706,0.016687788536634402
00824-Dd4bFSTQ8gi,belief,289,map,0_5_106,0_5,2,0.010859842146555996,0.9398846501553498,0.924557703481315,0.9969546355783374,0.012535438689216982
00824-Dd4bFSTQ8gi,belief,289,map,0_6_27,0_6,3,0.008951470700655816,0.9610387004724463,0.9467731481198789,0.745830077604488,0.01319069540936224
00824-Dd4bFSTQ8gi,belief,289,map,0_5_206,0_5,4,0.008098518202006185,0.9545250604486514,0.907738938565462,0.9986977967519463,0.00935886473550632
00824-Dd4bFSTQ8gi,belief,289,map,0_3_48,0_3,5,0.007906099453804789,0.9350999885963068,0.9528884058033308,0.9981931434202318,0.008888891321068617
00824-Dd4bFSTQ8gi,belief,290,mascot,0_5_23,0_5,1,0.002035662816702709,0.8775336300609289,0.9155703927595544,0.9661093980736647,0.0026225515144553766
00824-Dd4bFSTQ8gi,belief,290,mascot,0_1_52,0_1,2,0.000993990815661654,0.9670426288967379,0.9487705709054759,0.8860270082170919,0.0012227244230039363
00824-Dd4bFSTQ8gi,belief,290,mascot,0_3_63,0_3,3,0.0009395416053219365,0.9626293598944916,0.9597247878677808,0.8459323762310529,0.0012021939947781154
00824-Dd4bFSTQ8gi,belief,290,mascot,0_5_381,0_5,4,0.0008855867700545145,0.8738880676251871,1.0,0.740147299803735,0.0013691692961363038
00824-Dd4bFSTQ8gi,belief,290,mascot,0_1_59,0_1,5,0.0008524010032581308,0.9694465387169094,0.9288275258291203,0.9750258704654579,0.0009708874147463311
00824-Dd4bFSTQ8gi,belief,291,massage bed,0_1_59,0_1,1,0.021743517720563366,0.9694465387169094,0.9288275258291203,0.9750258704654579,0.024765934843481118
00824-Dd4bFSTQ8gi,belief,291,massage bed,0_2_180,0_2,2,0.00034919905802872995,0.9884453276995898,0.864231969880519,0.9987462612769671,0.00040929356465327604
00824-Dd4bFSTQ8gi,belief,291,massage bed,0_1_75,0_1,3,0.0003368270642869127,0.9640655255926591,0.9392900853257735,0.9818768577640451,0.00037882939010676944
00824-Dd4bFSTQ8gi,belief,291,massage bed,0_2_200,0_2,4,0.00031504438306327533,0.9661810888184442,0.9500365693955204,0.9988173081479677,0.00034362664034387003
00824-Dd4bFSTQ8gi,belief,291,massage bed,0_2_197,0_2,5,0.0002603708078223708,0.980723786354065,0.9530353390182615,0.9988205700260915,0.00027890037564813765
00824-Dd4bFSTQ8gi,belief,292,material,0_2_118,0_2,1,0.3715457657340952,0.9795660838865262,0.9548193678583632,0.9155692133060522,0.4338765476891418
00824-Dd4bFSTQ8gi,belief,292,material,0_2_113,0_2,2,0.21704059293310404,0.9018033626097595,0.9083024307308705,0.9398471234553464,0.2819300860501481
00824-Dd4bFSTQ8gi,belief,292,material,0_2_127,0_2,3,0.16913782870505467,0.8287659775127064,0.9692424887395859,0.9823823251567811,0.21433636088174038
00824-Dd4bFSTQ8gi,belief,292,material,0_2_74,0_2,4,0.10740583880710265,0.9737366153265942,0.9535296793708725,0.9704137004208829,0.11920521501826005
00824-Dd4bFSTQ8gi,belief,292,material,0_1_35,0_1,5,0.0678276663802267,0.9436002045715728,0.9186584180695694,0.9937285419533587,0.07874029293211503
00824-Dd4bFSTQ8gi,belief,293,measuring tape,0_5_341,0_5,1,0.005465355112372113,0.9528206065803968,0.9224242573964267,0.9534262359800177,0.006522129696608884
00824-Dd4bFSTQ8gi,belief,293,measuring tape,0_6_149,0_6,2,0.0021043276243542116,0.9181212293145322,0.9277969756954261,0.9897149494109828,0.0024960325474763824
00824-Dd4bFSTQ8gi,belief,293,measuring tape,0_2_121,0_2,3,0.0009197914404543006,0.9803334756295867,0.9596440184592478,0.9852285314398698,0.0009923580340910252
00824-Dd4bFSTQ8gi,belief,293,measuring tape,0_5_381,0_5,4,0.0007402844794088904,0.8738880676251871,1.0,0.740147299803735,0.0011445233983684146
00824-Dd4bFSTQ8gi,belief,293,measuring tape,0_0_77,0_0,5,0.0005441014345929086,0.9836660391754575,0.9287587514560726,0.9908879182433422,0.0006010418893984423
00824-Dd4bFSTQ8gi,belief,294,medical lamp,0_2_55,0_2,1,0.11584909050349011,0.9653688271840414,0.9396800767000384,0.9956710197436406,0.12826361388190397
00824-Dd4bFSTQ8gi,belief,294,medical lamp,0_4_121,0_4,2,0.010144047111811634,0.9544563668966294,0.9000147757925203,0.9818416918362156,0.012027187158155596
00824-Dd4bFSTQ8gi,belief,294,medical lamp,0_4_123,0_4,3,0.004896004490507205,0.9502052993920387,0.9024362671938762,0.9891863458528853,0.005772044967384367
00824-Dd4bFSTQ8gi,belief,294,medical lamp,0_1_58,0_1,4,0.002607293152979643,0.8744497981308209,0.989115103623849,0.9202976615070336,0.003275516792932909
00824-Dd4bFSTQ8gi,belief,294,medical lamp,0_2_39,0_2,5,0.002583813272538808,0.9291093295647038,0.9443383630321825,0.8914203178897508,0.0033035747818057682
00824-Dd4bFSTQ8gi,belief,295,medical object,0_5_292,0_5,1,0.0006270667467554524,0.9728397386153946,0.9715163362707585,0.9651859685911803,0.0006874029015356284
00824-Dd4bFSTQ8gi,belief,295,medical object,0_2_36,0_2,2,0.0001973537372636431,0.9645862616036877,0.9360672919744994,0.9972322626966572,0.00021917998458883885
00824-Dd4bFSTQ8gi,belief,295,medical object,0_6_68,0_6,3,0.00015214163058691166,0.9486475287198018,0.9414739267705342,0.9603944193808228,0.00017737208120508676
00824-Dd4bFSTQ8gi,belief,295,medical object,0_0_30,0_0,4,0.00013822622000192827,0.971570948116727,0.9364986114502116,0.9774138395879133,0.00015542836903809285
00824-Dd4bFSTQ8gi,belief,295,medical object,0_1_52,0_1,5,0.00012965819140808155,0.9670426288967379,0.9487705709054759,0.8860270082170919,0.00015949467015110208
00824-Dd4bFSTQ8gi,belief,296,menu,0_5_28,0_5,1,0.24353279556865765,0.8739358467557441,0.91572712619522,0.9854440541086565,0.30880181765257747
00824-Dd4bFSTQ8gi,belief,296,menu,0_2_114,0_2,2,0.012498942225993952,0.975630308427508,0.9513947294934744,0.9918297227012116,0.013576571686808151
00824-Dd4bFSTQ8gi,belief,296,menu,0_0_44,0_0,3,0.007256854789567936,0.9746067896723822,0.9193050916540129,0.9818892958002545,0.008248914634631984
00824-Dd4bFSTQ8gi,belief,296,menu,0_5_3,0_5,4,0.005588958388392335,0.8656329714562281,0.9612480926454048,0.9960502619233256,0.006743422039273337
00824-Dd4bFSTQ8gi,belief,296,menu,0_5_122,0_5,5,0.005574754736901881,0.9087714928090919,0.932634892428493,0.9976727805020232,0.006592821036562068
00824-Dd4bFSTQ8gi,belief,297,meshwork,0_5_171,0_5,1,0.19078168348947983,0.9731999333354012,0.9275741156946907,0.9573294678383242,0.22076212102305098
00824-Dd4bFSTQ8gi,belief,297,meshwork,0_6_79,0_6,2,0.17634416259730165,0.9764038686326914,0.9405713974718488,0.9689450493932146,0.19817126454060124
00824-Dd4bFSTQ8gi,belief,297,meshwork,0_5_335,0_5,3,0.15678959605089945,0.9225074675891832,0.9477284055984949,0.9759475125646586,0.1837540803871458
00824-Dd4bFSTQ8gi,belief,297,meshwork,0_5_84,0_5,4,0.14380662140262357,0.9072869047003216,0.9402085819455541,0.990263601343516,0.17023906029846894
00824-Dd4bFSTQ8gi,belief,297,meshwork,0_6_109,0_6,5,0.10958828899433326,0.9532632078618543,0.9187520203160466,0.9374098388170863,0.13348224442817838
00824-Dd4bFSTQ8gi,belief,298,meter,0_1_52,0_1,1,0.023385578216913578,0.9670426288967379,0.9487705709054759,0.8860270082170919,0.028766983740041184
00824-Dd4bFSTQ8gi,belief,298,meter,0_5_35,0_5,2,0.021946868812172893,0.9182689519654138,0.9309323787154575,0.9987277662479934,0.02570617189750171
00824-Dd4bFSTQ8gi,belief,298,meter,0_6_79,0_6,3,0.012689352137026171,0.9764038686326914,0.9405713974718488,0.9689450493932146,0.014259984125122015
00824-Dd4bFSTQ8gi,belief,298,meter,0_5_164,0_5,4,0.008645615470036781,0.8294892445145737,0.8934307131046062,0.9942898782409825,0.011733059149623387
00824-Dd4bFSTQ8gi,belief,298,meter,0_5_134,0_5,5,0.008299950759151744,0.9023070710365759,0.9449069595784122,0.9989257880047733,0.009745382339982282
00824-Dd4bFSTQ8gi,belief,299,microphone,0_5_277,0_5,1,0.0018597032610111115,0.9136341170421443,0.9096081134217623,0.9366862662323752,0.0023890369446733567
00824-Dd4bFSTQ8gi,belief,299,microphone,0_2_6,0_2,2,0.0010282562732648614,0.9572748878262058,0.9918923651744805,0.9723959521942782,0.001113671259060279
00824-Dd4bFSTQ8gi,belief,299,microphone,0_2_159,0_2,3,0.0008523994240223807,0.9870273823715147,0.9569317912040664,0.960670050619474,0.0009394176421367707
00824-Dd4bFSTQ8gi,belief,299,microphone,0_2_168,0_2,4,0.0008488014641457691,0.9805093748240153,0.9075325009829689,0.990365114076751,0.000963156475229248
00824-Dd4bFSTQ8gi,belief,299,microphone,0_5_381,0_5,5,0.0008454944683706623,0.8738880676251871,1.0,0.740147299803735,0.0013071842368139008
00824-Dd4bFSTQ8gi,belief,300,microphone accessory,0_2_174,0_2,1,0.0007671750353607307,0.9830539070309687,0.8802982169221036,0.9984696322191826,0.000887876263328265
00824-Dd4bFSTQ8gi,belief,300,microphone accessory,0_4_102,0_4,2,0.0003693739503460303,0.9793698223022669,0.9410808717219558,0.9971505440458512,0.00040191282956571856
00824-Dd4bFSTQ8gi,belief,300,microphone accessory,0_4_120,0_4,3,0.0003648032859284695,0.9559786604214757,0.9529424329546861,0.9971428800812246,0.00040159332455552937
00824-Dd4bFSTQ8gi,belief,300,microphone accessory,0_2_55,0_2,4,0.00029706164782025826,0.9653688271840414,0.9396800767000384,0.9956710197436406,0.0003288951197591997
00824-Dd4bFSTQ8gi,belief,300,microphone accessory,0_5_341,0_5,5,0.00025011400589974197,0.9528206065803968,0.9224242573964267,0.9534262359800177,0.0002984757535194266
00824-Dd4bFSTQ8gi,belief,301,microwave,0_5_88,0_5,1,0.9117824975428211,0.9907191464108377,0.9262690533644594,0.9999054340264518,0.9936755686933451
00824-Dd4bFSTQ8gi,belief,301,microwave,0_5_73,0_5,2,0.9020604616215274,0.967008410841353,0.9374813620047873,0.9999299094492763,0.9951148215116585
00824-Dd4bFSTQ8gi,belief,301,microwave,0_5_37,0_5,3,0.8279843865009106,0.9582685712990763,0.9156376320451391,0.9999701973964444,0.9436788298413266
00824-Dd4bFSTQ8gi,belief,301,microwave,0_5_89,0_5,4,0.7895849654365402,0.9546120117681776,0.9285511369546245,0.9998632490793011,0.8908929940824092
00824-Dd4bFSTQ8gi,belief,301,microwave,0_5_33,0_5,5,0.49852117032257254,0.9610097148090454,0.912859020685837,0.9988905690777921,0.5688977336026029
00824-Dd4bFSTQ8gi,belief,302,mirror,0_6_107,0_6,1,0.8243969688537962,0.948920777962368,0.9444673188330659,0.9995693219164117,0.920251590517931
00824-Dd4bFSTQ8gi,belief,302,mirror,0_6_51,0_6,2,0.8049215839539172,0.9176797530407144,0.9281813590664436,0.9996535349609716,0.945322674672749
00824-Dd4bFSTQ8gi,belief,302,mirror,0_4_104,0_4,3,0.7055483967816518,0.9555353133967428,0.960967553671632,0.9994398055000364,0.7688023476444265
00824-Dd4bFSTQ8gi,belief,302,mirror,0_1_22,0_1,4,0.6316276812687851,0.9831921559016242,0.9525792354003156,0.9981870463890057,0.6756312203761994
00824-Dd4bFSTQ8gi,belief,302,mirror,0_1_28,0_1,5,0.572384791760465,0.9589481992475442,0.9455103486138454,0.9967762564421258,0.6333284056179425
00824-Dd4bFSTQ8gi,belief,303,model,0_5_5,0_5,1,0.7331388504447263,0.9625626938017611,0.9204997316665764,0.9986120347041921,0.8285843890550085
00824-Dd4bFSTQ8gi,belief,303,model,0_5_176,0_5,2,0.7268429711439262,0.9734438617223152,0.923288466213719,0.9984432111788711,0.8099699472943117
00824-Dd4bFSTQ8gi,belief,303,model,0_4_2,0_4,3,0.7185764719802865,0.8983357797124295,0.8984431547114998,0.9982267728239268,0.8918965375722134
00824-Dd4bFSTQ8gi,belief,303,model,0_5_186,0_5,4,0.701849342619292,0.9154788463821779,0.9412920565365972,0.998797447117602,0.8154432956174161
00824-Dd4bFSTQ8gi,belief,303,model,0_5_130,0_5,5,0.7000305144515319,0.945369378813601,0.9065319238756409,0.9988383291502323,0.8177812300166052
00824-Dd4bFSTQ8gi,belief,304,modem,0_1_52,0_1,1,0.047835572427703754,0.9670426288967379,0.9487705709054759,0.8860270082170919,0.058843323071142414
00824-Dd4bFSTQ8gi,belief,304,modem,0_6_158,0_6,2,0.006099500302468518,0.95469726641687,0.935107809836967,0.7431914433639781,0.00919318909342414
00824-Dd4bFSTQ8gi,belief,304,modem,0_4_116,0_4,3,0.005826645418311166,0.9767318007018831,0.9430731085706365,0.9744615593847696,0.006491322542581333
00824-Dd4bFSTQ8gi,belief,304,modem,0_1_35,0_1,4,0.005763941313170104,0.9436002045715728,0.9186584180695694,0.9937285419533587,0.006691287665689801
00824-Dd4bFSTQ8gi,belief,304,modem,0_5_242,0_5,5,0.0036175478536348304,0.9882159634287973,0.9313978511327858,0.9381612032468682,0.004189379650942654
00824-Dd4bFSTQ8gi,belief,305,mop,0_2_70,0_2,1,0.1369870475332915,0.9802353822097073,0.9322404902329706,0.9952314664010001,0.150625003610607
00824-Dd4bFSTQ8gi,belief,305,mop,0_5_341,0_5,2,0.10550590991842834,0.9528206065803968,0.9224242573964267,0.9534262359800177,0.12590640756151325
00824-Dd4bFSTQ8gi,belief,305,mop,0_1_5,0_1,3,0.07020982406048071,0.9771667424800556,0.9365522750560813,0.9850200777784011,0.07788469099546329
00824-Dd4bFSTQ8gi,belief,305,mop,0_3_28,0_3,4,0.07014805269655996,0.8720814809203148,1.0,0.9242489768238213,0.08703011892146036
00824-Dd4bFSTQ8gi,belief,305,mop,0_5_123,0_5,5,0.061040906355602935,0.9289234706165648,0.9075485385559867,0.9965357831554461,0.07265713651301034
00824-Dd4bFSTQ8gi,belief,306,mortar,0_3_29,0_3,1,0.2004979137515357,0.9802004204215117,0.9173320674665175,0.9370955823154603,0.23794934161719636
00824-Dd4bFSTQ8gi,belief,306,mortar,0_6_68,0_6,2,0.12573765009380622,0.9486475287198018,0.9414739267705342,0.9603944193808228,0.1465893890905491
00824-Dd4bFSTQ8gi,belief,306,mortar,0_6_79,0_6,3,0.10372677258812096,0.9764038686326914,0.9405713974718488,0.9689450493932146,0.11656561457860154
00824-Dd4bFSTQ8gi,belief,306,mortar,0_1_52,0_1,4,0.1034164316568214,0.9670426288967379,0.9487705709054759,0.8860270082170919,0.1272142506090875
00824-Dd4bFSTQ8gi,belief,306,mortar,0_2_6,0_2,5,0.05204083638484986,0.9572748878262058,0.9918923651744805,0.9723959521942782,0.05636375414005097
00824-Dd4bFSTQ8gi,belief,307,motorcycle,0_1_52,0_1,1,0.0009135125041554092,0.9670426288967379,0.9487705709054759,0.8860270082170919,0.0011237267306205292
00824-Dd4bFSTQ8gi,belief,307,motorcycle,0_3_35,0_3,2,0.00019397346720236112,0.8552236933541555,0.9230438950589228,0.9962066637995133,0.00024665550219532604
00824-Dd4bFSTQ8gi,belief,307,motorcycle,0_5_277,0_5,3,0.00013952170787185226,0.9136341170421443,0.9096081134217623,0.9366862662323752,0.00017923424756944973
00824-Dd4bFSTQ8gi,belief,307,motorcycle,0_4_116,0_4,4,9.377464252444076e-05,0.9767318007018831,0.9430731085706365,0.9744615593847696,0.00010447202588103332
00824-Dd4bFSTQ8gi,belief,307,motorcycle,0_5_250,0_5,5,9.312694467659148e-05,0.9710265826892314,0.9199946345075227,0.9636858468584617,0.00010817414225752555
00824-Dd4bFSTQ8gi,belief,308,music equipment,0_5_277,0_5,1,4.2669247314338016e-05,0.9136341170421443,0.9096081134217623,0.9366862662323752,5.4814340745917994e-05
00824-Dd4bFSTQ8gi,belief,308,music equipment,0_2_26,0_2,2,3.800117089833872e-05,0.9621798116673055,0.9588000005604795,0.9498128775436335,4.336852572779485e-05
00824-Dd4bFSTQ8gi,belief,308,music equipment,0_5_381,0_5,3,1.8509945731454265e-05,0.8738880676251871,1.0,0.740147299803735,2.8617466097756125e-05
00824-Dd4bFSTQ8gi,belief,308,music equipment,0_2_200,0_2,4,1.0589008132215519e-05,0.9661810888184442,0.9500365693955204,0.9988173081479677,1.1549691042472345e-05
00824-Dd4bFSTQ8gi,belief,308,music equipment,0_2_121,0_2,5,7.467625862350928e-06,0.9803334756295867,0.9596440184592478,0.9852285314398698,8.056781346464436e-06
00824-Dd4bFSTQ8gi,belief,309,napkin,0_5_262,0_5,1,0.09337253130807154,0.8438171854489063,0.9835012969871113,0.923819080919137,0.12178923468546063
00824-Dd4bFSTQ8gi,belief,309,napkin,0_5_260,0_5,2,0.0616393448770042,0.8919481019533816,0.9424942998312142,0.9588323948945878,0.07647104019547987
00824-Dd4bFSTQ8gi,belief,309,napkin,0_5_293,0_5,3,0.055724395063787784,0.9593782144020322,0.9538460228728288,0.8306947788685295,0.07330536427643886
00824-Dd4bFSTQ8gi,belief,309,napkin,0_3_37,0_3,4,0.05112143062252104,0.9621231979548526,0.9311012642543468,0.9966396233737745,0.057258141447793946
00824-Dd4bFSTQ8gi,belief,309,napkin,0_4_131,0_4,5,0.024970764782948608,0.9667803023399119,0.9324636666302148,0.9877135532542851,0.028044074926343785
00824-Dd4bFSTQ8gi,belief,310,nightstand,0_2_177,0_2,1,0.5845229003823523,0.9801911154940978,0.9498673145061571,0.9987396797559609,0.6286016556965567
00824-Dd4bFSTQ8gi,belief,310,nightstand,0_2_200,0_2,2,0.48269981782267424,0.9661810888184442,0.9500365693955204,0.9988173081479677,0.5264925375917262
00824-Dd4bFSTQ8gi,belief,310,nightstand,0_2_169,0_2,3,0.286404208023845,0.9477227049863213,0.9335921561621523,0.9983475490964684,0.32423445157024744
00824-Dd4bFSTQ8gi,belief,310,nightstand,0_2_196,0_2,4,0.2486579427397157,0.8647666744563891,0.999539291964006,0.9986820069037694,0.2880555817380301
00824-Dd4bFSTQ8gi,belief,310,nightstand,0_2_174,0_2,5,0.20121288262458686,0.9830539070309687,0.8802982169221036,0.9984696322191826,0.23287011975594796
00824-Dd4bFSTQ8gi,belief,311,oar,0_1_55,0_1,1,0.46422222619705283,0.9745056038523426,0.9320924381733031,0.880783763975125,0.5802475347487358
00824-Dd4bFSTQ8gi,belief,311,oar,0_0_48,0_0,2,0.43052123434698547,0.9834389573740926,0.9080382273517742,0.9876267081686854,0.4881465344702612
00824-Dd4bFSTQ8gi,belief,311,oar,0_2_94,0_2,3,0.41455640562580265,0.9795344525127,0.948482880699923,0.9439663022262579,0.47269164563968263
00824-Dd4bFSTQ8gi,belief,311,oar,0_0_47,0_0,4,0.3702069282910026,0.9624765808173422,0.8942528018457205,0.9912889280771499,0.43390415229414203
00824-Dd4bFSTQ8gi,belief,311,oar,0_1_57,0_1,5,0.36275387152710004,0.9508417985241095,0.9202435533849476,0.9727958190659524,0.426166504315698
00824-Dd4bFSTQ8gi,belief,312,object,0_2_172,0_2,1,0.16573693724688415,0.9597954059832474,0.9595718461650053,0.9921985866843136,0.18136961902975218
00824-Dd4bFSTQ8gi,belief,312,object,0_5_150,0_5,2,0.15388983151284163,0.9183554571556157,0.9095149190957261,0.9938490504467685,0.18538255295225922
00824-Dd4bFSTQ8gi,belief,312,object,0_3_46,0_3,3,0.11529100188026116,0.9417606059051291,0.9484308509573944,0.9944768398231622,0.12979397932123524
00824-Dd4bFSTQ8gi,belief,312,object,0_5_84,0_5,4,0.10920983498980978,0.9072869047003216,0.9402085819455541,0.990263601343516,0.12928319643894287
00824-Dd4bFSTQ8gi,belief,312,object,0_2_118,0_2,5,0.10820047147063458,0.9795660838865262,0.9548193678583632,0.9155692133060522,0.1263522595319094
00824-Dd4bFSTQ8gi,belief,313,objects,0_5_150,0_5,1,0.009062617094953063,0.9183554571556157,0.9095149190957261,0.9938490504467685,0.01091723265257452
00824-Dd4bFSTQ8gi,belief,313,objects,0_2_172,0_2,2,0.006081583105054953,0.9597954059832474,0.9595718461650053,0.9921985866843136,0.0066552117420785204
00824-Dd4bFSTQ8gi,belief,313,objects,0_5_84,0_5,3,0.005877059728004906,0.9072869047003216,0.9402085819455541,0.990263601343516,0.006957295259808375
00824-Dd4bFSTQ8gi,belief,313,objects,0_5_171,0_5,4,0.00477117068715302,0.9731999333354012,0.9275741156946907,0.9573294678383242,0.005520937552251915
00824-Dd4bFSTQ8gi,belief,313,objects,0_2_6,0_2,5,0.004683841645700644,0.9572748878262058,0.9918923651744805,0.9723959521942782,0.005072918063746921
00824-Dd4bFSTQ8gi,belief,314,outlet,0_4_102,0_4,1,0.08695771261212931,0.9793698223022669,0.9410808717219558,0.9971505440458512,0.09461798888568826
00824-Dd4bFSTQ8gi,belief,314,outlet,0_4_120,0_4,2,0.08594786783516532,0.9559786604214757,0.9529424329546861,0.9971428800812246,0.09461562248414394
00824-Dd4bFSTQ8gi,belief,314,outlet,0_5_35,0_5,3,0.06690201435308625,0.9182689519654138,0.9309323787154575,0.9987277662479934,0.07836173332824921
00824-Dd4bFSTQ8gi,belief,314,outlet,0_6_149,0_6,4,0.05846879088112865,0.9181212293145322,0.9277969756954261,0.9897149494109828,0.06935232107484895
00824-Dd4bFSTQ8gi,belief,314,outlet,0_0_55,0_0,5,0.05546298573686136,0.9636302219226234,0.9245795564371652,0.9987798673544314,0.062327365051982206
00824-Dd4bFSTQ8gi,belief,315,oven,0_5_37,0_5,1,0.8639809581491995,0.9582685712990763,0.9156376320451391,0.9999701973964444,0.9847052104895315
00824-Dd4bFSTQ8gi,belief,315,oven,0_5_89,0_5,2,0.6356505157434613,0.9546120117681776,0.9285511369546245,0.9998632490793011,0.7172079205530841
00824-Dd4bFSTQ8gi,belief,315,oven,0_5_33,0_5,3,0.5200283252688312,0.9610097148090454,0.912859020685837,0.9988905690777921,0.5934410678350279
00824-Dd4bFSTQ8gi,belief,315,oven,0_5_73,0_5,4,0.1824793692165649,0.967008410841353,0.9374813620047873,0.9999299094492763,0.20130349644311302
00824-Dd4bFSTQ8gi,belief,315,oven,0_5_88,0_5,5,0.12874484169113284,0.9907191464108377,0.9262690533644594,0.9999054340264518,0.14030824689937957
00824-Dd4bFSTQ8gi,belief,316,overhang,0_5_80,0_5,1,0.8087798285718988,0.9760360947890354,0.9127086254146664,0.9905151652761734,0.9165816292838542
00824-Dd4bFSTQ8gi,belief,316,overhang,0_1_102,0_1,2,0.7726921658126373,0.9891882803101453,0.9063140142664846,0.9946728572195654,0.8665000342611131
00824-Dd4bFSTQ8gi,belief,316,overhang,0_6_49,0_6,3,0.7660779279306519,0.9545277435848601,0.9618489884383055,0.9930531466063689,0.8402432058722005
00824-Dd4bFSTQ8gi,belief,316,overhang,0_5_85,0_5,4,0.7659843583488334,0.9473943662987527,0.9125968791419141,0.9951128187757226,0.8903029316062804
00824-Dd4bFSTQ8gi,belief,316,overhang,0_5_45,0_5,5,0.7416229438890677,0.9681969086931208,0.9022628922427988,0.9944201186877712,0.8537219881908941
00824-Dd4bFSTQ8gi,belief,317,pad,0_5_35,0_5,1,0.09261893158456364,0.9182689519654138,0.9309323787154575,0.9987277662479934,0.10848372934890751
00824-Dd4bFSTQ8gi,belief,317,pad,0_5_144,0_5,2,0.08605834971806468,0.9314839523991686,0.9401989937115548,0.9960419085311506,0.09865525934211623
00824-Dd4bFSTQ8gi,belief,317,pad,0_5_122,0_5,3,0.062028610671783294,0.9087714928090919,0.932634892428493,0.9976727805020232,0.07335632661983582
00824-Dd4bFSTQ8gi,belief,317,pad,0_2_114,0_2,4,0.05806194285452382,0.975630308427508,0.9513947294934744,0.9918297227012116,0.06306790728261923
00824-Dd4bFSTQ8gi,belief,317,pad,0_2_121,0_2,5,0.054626208113336405,0.9803334756295867,0.9596440184592478,0.9852285314398698,0.05893592189379703
00824-Dd4bFSTQ8gi,belief,318,painting stuff,0_5_277,0_5,1,0.5313019169872485,0.9136341170421443,0.9096081134217623,0.9366862662323752,0.6825281941852387
00824-Dd4bFSTQ8gi,belief,318,painting stuff,0_6_149,0_6,2,0.3649530363272838,0.9181212293145322,0.9277969756954261,0.9897149494109828,0.43288632740958477
00824-Dd4bFSTQ8gi,belief,318,painting stuff,0_5_308,0_5,3,0.2512543483653808,0.8731722489992778,0.9068384887821965,0.9439973818038041,0.3361343747113857
00824-Dd4bFSTQ8gi,belief,318,painting stuff,0_6_99,0_6,4,0.14947839345626654,0.9794703545467706,0.9509838647871673,0.9980490371328476,0.16079113370906212
00824-Dd4bFSTQ8gi,belief,318,painting stuff,0_5_297,0_5,5,0.1353816612756965,0.978079389068409,0.9767321040744901,0.9845718606054341,0.14393381937296607
00824-Dd4bFSTQ8gi,belief,319,pan,0_2_118,0_2,1,0.44648452074332395,0.9795660838865262,0.9548193678583632,0.9155692133060522,0.5213870815456789
00824-Dd4bFSTQ8gi,belief,319,pan,0_2_204,0_2,2,0.3519916620330823,0.9547795909312037,0.9251967571365296,0.992837684393706,0.4013441102735279
00824-Dd4bFSTQ8gi,belief,319,pan,0_5_28,0_5,3,0.3026947049669312,0.8739358467557441,0.91572712619522,0.9854440541086565,0.38381966120553507
00824-Dd4bFSTQ8gi,belief,319,pan,0_5_94,0_5,4,0.27222502483197164,0.9754105049749243,0.9360900290504934,0.9916418897687158,0.3006547945492637
00824-Dd4bFSTQ8gi,belief,319,pan,0_2_15,0_2,5,0.2689258553465888,0.9446964081606746,0.9323532152104261,0.9937246230703412,0.3072513293136373
00824-Dd4bFSTQ8gi,belief,320,panel,0_5_422,0_5,1,0.5010125909653259,0.9664318663681761,0.9532279975131477,0.9934770777269637,0.5474226439043837
00824-Dd4bFSTQ8gi,belief,320,panel,0_5_421,0_5,2,0.4505998225989838,0.9632188090186007,0.9323716488692897,0.9960048696990845,0.5037505586966291
00824-Dd4bFSTQ8gi,belief,320,panel,0_5_214,0_5,3,0.4461754129315296,0.9442161204498641,0.8988421907509623,0.9956278421938058,0.5280240951031964
00824-Dd4bFSTQ8gi,belief,320,panel,0_5_51,0_5,4,0.3110023772625599,0.9671998558427501,0.9169942693573179,0.9968158190742867,0.35177578637075746
00824-Dd4bFSTQ8gi,belief,320,panel,0_5_144,0_5,5,0.3098577995019954,0.9314839523991686,0.9401989937115548,0.9960419085311506,0.3552136622325908
00824-Dd4bFSTQ8gi,belief,321,pantry,0_5_62,0_5,1,0.302295146921741,0.9877969162194423,0.9504105454821048,0.9982966034624458,0.32254674908167247
00824-Dd4bFSTQ8gi,belief,321,pantry,0_5_131,0_5,2,0.18724621017219498,0.8473488831052594,0.954635637789883,0.9975731148768817,0.23204295946532383
00824-Dd4bFSTQ8gi,belief,321,pantry,0_5_5,0_5,3,0.1516700599438259,0.9625626938017611,0.9204997316665764,0.9986120347041921,0.1714156109449915
00824-Dd4bFSTQ8gi,belief,321,pantry,0_5_127,0_5,4,0.10405710155195669,0.9712925213078658,0.9027066908876451,0.9988746751874485,0.11881301481170742
00824-Dd4bFSTQ8gi,belief,321,pantry,0_5_71,0_5,5,0.09843487862331697,0.9697594858674828,0.9187593463357399,0.9969286487155646,0.11082025039805572
00824-Dd4bFSTQ8gi,belief,322,paper holder,0_1_74,0_1,1,0.7694403773005025,0.9689492178606569,0.95537116991419,0.9997329662071326,0.831414915572744
00824-Dd4bFSTQ8gi,belief,322,paper holder,0_4_102,0_4,2,0.28742118673463957,0.9793698223022669,0.9410808717219558,0.9971505440458512,0.3127406855016116
00824-Dd4bFSTQ8gi,belief,322,paper holder,0_4_120,0_4,3,0.28453378435804877,0.9559786604214757,0.9529424329546861,0.9971428800812246,0.31322872577173083
00824-Dd4bFSTQ8gi,belief,322,paper holder,0_2_55,0_2,4,0.24660799213696674,0.9653688271840414,0.9396800767000384,0.9956710197436406,0.27303479160843813
00824-Dd4bFSTQ8gi,belief,322,paper holder,0_0_44,0_0,5,0.1504717393086364,0.9746067896723822,0.9193050916540129,0.9818892958002545,0.17104221711392967
00824-Dd4bFSTQ8gi,belief,323,paper storage,0_2_121,0_2,1,0.051227981355095736,0.9803334756295867,0.9596440184592478,0.9852285314398698,0.055269593336164866
00824-Dd4bFSTQ8gi,belief,323,paper storage,0_5_76,0_5,2,0.007771180758037581,0.9378013384930881,0.928929546572546,0.9993122163476438,0.008926725683350088
00824-Dd4bFSTQ8gi,belief,323,paper storage,0_2_114,0_2,3,0.0034201264446069683,0.975630308427508,0.9513947294934744,0.9918297227012116,0.003715001718832432
00824-Dd4bFSTQ8gi,belief,323,paper storage,0_5_94,0_5,4,0.003180101962924924,0.9754105049749243,0.9360900290504934,0.9916418897687158,0.0035122153185551367
00824-Dd4bFSTQ8gi,belief,323,paper storage,0_5_177,0_5,5,0.003029768406633183,0.9626096776780202,0.9291400845210275,0.980541615429202,0.0034547130619335853
00824-Dd4bFSTQ8gi,belief,324,paper towel,0_5_141,0_5,1,0.5759208197050111,0.8877581810347396,0.916958852186766,0.9974033923687733,0.709328495693702
00824-Dd4bFSTQ8gi,belief,324,paper towel,0_3_37,0_3,2,0.3882573845157818,0.9621231979548526,0.9311012642543468,0.9966396233737745,0.43486451709278956
00824-Dd4bFSTQ8gi,belief,324,paper towel,0_2_21,0_2,3,0.19134845766567457,0.9812818688473531,0.9347912720620914,0.9989823889918071,0.20881356624678682
00824-Dd4bFSTQ8gi,belief,324,paper towel,0_4_19,0_4,4,0.16238423690134682,0.8997959636237179,0.9968185372011825,0.9517453362107378,0.19022297303998165
00824-Dd4bFSTQ8gi,belief,324,paper towel,0_2_121,0_2,5,0.15805954019360918,0.9803334756295867,0.9596440184592478,0.9852285314398698,0.17052958711856428
00824-Dd4bFSTQ8gi,belief,325,parapet,0_6_158,0_6,1,0.24924028591663375,0.95469726641687,0.935107809836967,0.7431914433639781,0.37565586761318764
00824-Dd4bFSTQ8gi,belief,325,parapet,0_3_38,0_3,2,0.23906318513712443,0.9306253989778852,0.9192769372896661,0.9734666087374609,0.28705847694557957
00824-Dd4bFSTQ8gi,belief,325,parapet,0_3_42,0_3,3,0.2085766709907998,0.9193629700513113,0.9602995326824523,0.9762366865561781,0.2420008450464441
00824-Dd4bFSTQ8gi,belief,325,parapet,0_5_107,0_5,4,0.18584194259576572,0.971270421720526,0.9427836242955379,0.9894452137718421,0.20511611903964766
00824-Dd4bFSTQ8gi,belief,325,parapet,0_5_242,0_5,5,0.12675950269301123,0.9882159634287973,0.9313978511327858,0.9381612032468682,0.14679658780799018
00824-Dd4bFSTQ8gi,belief,326,partial,0_5_220,0_5,1,0.8504520841310758,0.9731853010973016,0.9359666083626896,0.997611259029882,0.935906819941374
00824-Dd4bFSTQ8gi,belief,326,partial,0_5_332,0_5,2,0.8466226525222877,0.938144703214541,0.9798875469309751,0.9976872053509951,0.9231014059400271
00824-Dd4bFSTQ8gi,belief,326,partial,0_3_45,0_3,3,0.8313586577159745,0.9880386767381973,0.9512591793190757,0.9981936308626843,0.8861369038437036
00824-Dd4bFSTQ8gi,belief,326,partial,0_5_281,0_5,4,0.7998644607580815,0.9403247617922122,0.943455272043279,0.998509254537652,0.9029529435558998
00824-Dd4bFSTQ8gi,belief,326,partial,0_3_2,0_3,5,0.794598150555558,0.9882477150729366,0.9264955803527727,0.9989274694281194,0.8687692148415314
00824-Dd4bFSTQ8gi,belief,327,pavement,0_2_26,0_2,1,0.002388029427723024,0.9621798116673055,0.9588000005604795,0.9498128775436335,0.002725319068509668
00824-Dd4bFSTQ8gi,belief,327,pavement,0_4_116,0_4,2,0.0020099313016676175,0.9767318007018831,0.9430731085706365,0.9744615593847696,0.002239215093911877
00824-Dd4bFSTQ8gi,belief,327,pavement,0_6_68,0_6,3,0.0014467031098658635,0.9486475287198018,0.9414739267705342,0.9603944193808228,0.0016866175319199877
00824-Dd4bFSTQ8gi,belief,327,pavement,0_6_78,0_6,4,0.0012142532713032702,0.94433920726296,0.9391036601681202,0.9880859247937277,0.0013857121181607228
00824-Dd4bFSTQ8gi,belief,327,pavement,0_3_57,0_3,5,0.0008368333822327761,0.9487172433613866,0.9615383123447996,0.9958786039095932,0.0009211475622094502
00824-Dd4bFSTQ8gi,belief,328,pedestal,0_5_2,0_5,1,0.13001214744802286,0.9446704996128876,0.920601713839274,0.9745107978813246,0.1534069882384031
00824-Dd4bFSTQ8gi,belief,328,pedestal,0_1_9,0_1,2,0.11590575681313466,0.9570596029988906,0.9115689408263052,0.977862634324559,0.13586220258151321
00824-Dd4bFSTQ8gi,belief,328,pedestal,0_2_6,0_2,3,0.09257164842654837,0.9572748878262058,0.9918923651744805,0.9723959521942782,0.10026137154421644
00824-Dd4bFSTQ8gi,belief,328,pedestal,0_5_192,0_5,4,0.0824259289359129,0.9489220062294501,0.9289845512488727,0.9963568052427938,0.09384474285839169
00824-Dd4bFSTQ8gi,belief,328,pedestal,0_5_219,0_5,5,0.07684750748767993,0.9720533223663234,0.9157279284876639,0.9882475566722696,0.0873589665836736
00824-Dd4bFSTQ8gi,belief,329,pen,0_5_341,0_5,1,0.1951274904360387,0.9528206065803968,0.9224242573964267,0.9534262359800177,0.23285711062337366
00824-Dd4bFSTQ8gi,belief,329,pen,0_5_242,0_5,2,0.1340490071367328,0.9882159634287973,0.9313978511327858,0.9381612032468682,0.15523835632566127
00824-Dd4bFSTQ8gi,belief,329,pen,0_2_118,0_2,3,0.07069648176620923,0.9795660838865262,0.9548193678583632,0.9155692133060522,0.08255657383656852
00824-Dd4bFSTQ8gi,belief,329,pen,0_4_44,0_4,4,0.04194888292466873,0.984312042593956,0.9450264370806449,0.9922340612895805,0.04544954212660793
00824-Dd4bFSTQ8gi,belief,329,pen,0_2_168,0_2,5,0.03892814246591328,0.9805093748240153,0.9075325009829689,0.990365114076751,0.044172747183494517
00824-Dd4bFSTQ8gi,belief,330,pendant,0_2_39,0_2,1,0.045884349191888184,0.9291093295647038,0.9443383630321825,0.8914203178897508,0.058666150716436875
00824-Dd4bFSTQ8gi,belief,330,pendant,0_2_159,0_2,2,0.016940864568594335,0.9870273823715147,0.9569317912040664,0.960670050619474,0.018670293057787658
00824-Dd4bFSTQ8gi,belief,330,pendant,0_2_6,0_2,3,0.014509631953218685,0.9572748878262058,0.9918923651744805,0.9723959521942782,0.015714915149056458
00824-Dd4bFSTQ8gi,belief,330,pendant,0_5_60,0_5,4,0.01391564852238133,0.9521490124834533,0.9607124781646277,0.9901034115137874,0.015364716138717347
00824-Dd4bFSTQ8gi,belief,330,pendant,0_5_83,0_5,5,0.011533279860898247,0.9367512225483854,0.9252279677708453,0.3682110016732698,0.03613957569369773
00824-Dd4bFSTQ8gi,belief,331,pet bed,0_1_59,0_1,1,0.04413886487348753,0.9694465387169094,0.9288275258291203,0.9750258704654579,0.05027430545372154
00824-Dd4bFSTQ8gi,belief,331,pet bed,0_2_169,0_2,2,0.036368249065877246,0.9477227049863213,0.9335921561621523,0.9983475490964684,0.04117201828774502
00824-Dd4bFSTQ8gi,belief,331,pet bed,0_5_150,0_5,3,0.03235295763902339,0.9183554571556157,0.9095149190957261,0.9938490504467685,0.03897381538284397
00824-Dd4bFSTQ8gi,belief,331,pet bed,0_2_47,0_2,4,0.020482869432240973,0.8747598910476425,0.9419656055652694,0.9890298439306776,0.025133761676368726
00824-Dd4bFSTQ8gi,belief,331,pet bed,0_2_178,0_2,5,0.01871631399336813,0.9151042103767395,1.0,0.9947334215419775,0.020560944421623976
00824-Dd4bFSTQ8gi,belief,332,pet bowl,0_2_172,0_2,1,0.0034999650696381102,0.9597954059832474,0.9595718461650053,0.9921985866843136,0.003830089670066219
00824-Dd4bFSTQ8gi,belief,332,pet bowl,0_5_260,0_5,2,0.002533266858567329,0.8919481019533816,0.9424942998312142,0.9588323948945878,0.003142823015947578
00824-Dd4bFSTQ8gi,belief,332,pet bowl,0_5_166,0_5,3,0.0025014860715799085,0.9545936532297189,0.9167961833242718,0.9476931268745955,0.003016053346992216
00824-Dd4bFSTQ8gi,belief,332,pet bowl,0_5_171,0_5,4,0.0021729088406366695,0.9731999333354012,0.9275741156946907,0.9573294678383242,0.002514371168525418
00824-Dd4bFSTQ8gi,belief,332,pet bowl,0_5_71,0_5,5,0.0015621129395826305,0.9697594858674828,0.9187593463357399,0.9969286487155646,0.001758662676641766
00824-Dd4bFSTQ8gi,belief,333,phone,0_6_68,0_6,1,0.14163159582811868,0.9486475287198018,0.9414739267705342,0.9603944193808228,0.16511911184020284
00824-Dd4bFSTQ8gi,belief,333,phone,0_1_52,0_1,2,0.11799064195038687,0.9670426288967379,0.9487705709054759,0.8860270082170919,0.145142225989902
00824-Dd4bFSTQ8gi,belief,333,phone,0_5_125,0_5,3,0.07686359671235046,0.8721973859944828,0.9260615837344047,0.9977790475216071,0.09537436810067904
00824-Dd4bFSTQ8gi,belief,333,phone,0_5_179,0_5,4,0.07098350144820549,0.9555759297648088,0.9168595951984808,0.9968166603241051,0.08127820321347663
00824-Dd4bFSTQ8gi,belief,333,phone,0_2_172,0_2,5,0.06627516153236689,0.9597954059832474,0.9595718461650053,0.9921985866843136,0.07252638426855358
00824-Dd4bFSTQ8gi,belief,334,photo mount,0_5_46,0_5,1,0.11936331017521629,0.9237367656397816,0.9000449980104781,0.9985727066020494,0.14377345541065345
00824-Dd4bFSTQ8gi,belief,334,photo mount,0_6_117,0_6,2,0.10608141890284724,0.9603616737378309,0.9285715456203731,0.9984498753222277,0.11914144462736358
00824-Dd4bFSTQ8gi,belief,334,photo mount,0_2_50,0_2,3,0.1005477710958362,0.9673675297285973,0.9607527757191312,0.9989378249871,0.10830059331432469
00824-Dd4bFSTQ8gi,belief,334,photo mount,0_5_52,0_5,4,0.09600075975550114,0.9794476795140256,0.9539231511390984,0.9986155798321091,0.10289202203467997
00824-Dd4bFSTQ8gi,belief,334,photo mount,0_5_273,0_5,5,0.0948884067054926,0.9181149631527123,0.9617283870400333,0.9989649830940678,0.10757550379741378
00824-Dd4bFSTQ8gi,belief,335,photo stand,0_5_429,0_5,1,0.011239010289265595,0.981436476077767,0.9456069053530338,0.9937900419489633,0.012185983848852467
00824-Dd4bFSTQ8gi,belief,335,photo stand,0_6_117,0_6,2,0.00960889756932355,0.9603616737378309,0.9285715456203731,0.9984498753222277,0.010791879949626534
00824-Dd4bFSTQ8gi,belief,335,photo stand,0_2_111,0_2,3,0.00925459970233768,0.9664104439236875,0.9074477078342029,0.9981154079389671,0.010572888592669586
00824-Dd4bFSTQ8gi,belief,335,photo stand,0_5_46,0_5,4,0.008195545215389234,0.9237367656397816,0.9000449980104781,0.9985727066020494,0.009871558126706611
00824-Dd4bFSTQ8gi,belief,335,photo stand,0_6_143,0_6,5,0.005866177365717217,0.8521712787381153,0.9954768358042596,0.9982405650093445,0.006927266954608763
00824-Dd4bFSTQ8gi,belief,336,piano,0_2_118,0_2,1,0.01658071777251023,0.9795660838865262,0.9548193678583632,0.9155692133060522,0.01936231078056012
00824-Dd4bFSTQ8gi,belief,336,piano,0_5_409,0_5,2,0.00948335661284889,0.9553930417384459,0.9550950135905424,0.8620343121781208,0.012056156525006648
00824-Dd4bFSTQ8gi,belief,336,piano,0_5_277,0_5,3,0.008624232063336571,0.9136341170421443,0.9096081134217623,0.9366862662323752,0.011078976657569295
00824-Dd4bFSTQ8gi,belief,336,piano,0_0_30,0_0,4,0.005850121701194606,0.971570948116727,0.9364986114502116,0.9774138395879133,0.0065781649435132225
00824-Dd4bFSTQ8gi,belief,336,piano,0_2_26,0_2,5,0.003677512571159424,0.9621798116673055,0.9588000005604795,0.9498128775436335,0.0041969311678127464
00824-Dd4bFSTQ8gi,belief,337,pillow,0_2_46,0_2,1,0.9286916312219975,0.9702466758551483,0.957204859379135,0.999991669509833,0.9999725804876222
00824-Dd4bFSTQ8gi,belief,337,pillow,0_2_53,0_2,2,0.8954604630500569,0.9644659067437151,0.9289645954365248,0.9999814485319727,0.9994669312898273
00824-Dd4bFSTQ8gi,belief,337,pillow,0_5_151,0_5,3,0.8807215737115407,0.9447661545453355,0.9396847124630336,0.9996050671375912,0.9924387148064148
00824-Dd4bFSTQ8gi,belief,337,pillow,0_0_13,0_0,4,0.8260707037606495,0.9675181324976476,0.9360914053263167,0.9892258091158628,0.9220286391620813
00824-Dd4bFSTQ8gi,belief,337,pillow,0_6_17,0_6,5,0.8014723106140909,0.9560903788937462,0.8944173190603577,0.9993058667141869,0.9378879105266523
00824-Dd4bFSTQ8gi,belief,338,pitchfork,0_5_341,0_5,1,0.004994023092230708,0.9528206065803968,0.9224242573964267,0.9534262359800177,0.005959661475913033
00824-Dd4bFSTQ8gi,belief,338,pitchfork,0_2_168,0_2,2,0.004798187972373287,0.9805093748240153,0.9075325009829689,0.990365114076751,0.005444625168748259
00824-Dd4bFSTQ8gi,belief,338,pitchfork,0_5_277,0_5,3,0.0022159197079840813,0.9136341170421443,0.9096081134217623,0.9366862662323752,0.0028466444942003765
00824-Dd4bFSTQ8gi,belief,338,pitchfork,0_5_381,0_5,4,0.00210018569332004,0.8738880676251871,1.0,0.740147299803735,0.003247010755706666
00824-Dd4bFSTQ8gi,belief,338,pitchfork,0_5_409,0_5,5,0.0019503352162176593,0.9553930417384459,0.9550950135905424,0.8620343121781208,0.0024794540164285875
00824-Dd4bFSTQ8gi,belief,339,place mat,0_5_28,0_5,1,0.008646855418106085,0.8739358467557441,0.91572712619522,0.9854440541086565,0.010964291950311119
00824-Dd4bFSTQ8gi,belief,339,place mat,0_5_260,0_5,2,0.006161426789188958,0.8919481019533816,0.9424942998312142,0.9588323948945878,0.007643992917149823
00824-Dd4bFSTQ8gi,belief,339,place mat,0_5_262,0_5,3,0.0037785856752739376,0.8438171854489063,0.9835012969871113,0.923819080919137,0.004928548590663263
00824-Dd4bFSTQ8gi,belief,339,place mat,0_5_253,0_5,4,0.0029547857172044613,0.9237905423349034,0.9341174533573229,0.9860858001078209,0.003472452293306446
00824-Dd4bFSTQ8gi,belief,339,place mat,0_5_293,0_5,5,0.00257409018189187,0.9593782144020322,0.9538460228728288,0.8306947788685295,0.0033862120575376244
00824-Dd4bFSTQ8gi,belief,340,plane,0_2_159,0_2,1,0.1458098478712532,0.9870273823715147,0.9569317912040664,0.960670050619474,0.16069502116878184
00824-Dd4bFSTQ8gi,belief,340,plane,0_2_39,0_2,2,0.07440659171065325,0.9291093295647038,0.9443383630321825,0.8914203178897508,0.09513370899821487
00824-Dd4bFSTQ8gi,belief,340,plane,0_1_52,0_1,3,0.0725956370483523,0.9670426288967379,0.9487705709054759,0.8860270082170919,0.08930108510455735
00824-Dd4bFSTQ8gi,belief,340,plane,0_5_196,0_5,4,0.06408760949483892,0.9066531505913307,0.9379277849378256,0.7629739907030572,0.09877652934489421
00824-Dd4bFSTQ8gi,belief,340,plane,0_4_116,0_4,5,0.06200982361875207,0.9767318007018831,0.9430731085706365,0.9744615593847696,0.06908362136691826
00824-Dd4bFSTQ8gi,belief,341,plank,0_2_49,0_2,1,0.6401979091847109,0.9689428240311666,0.9296670295837757,0.9991327992757885,0.7113207137007613
00824-Dd4bFSTQ8gi,belief,341,plank,0_0_54,0_0,2,0.5140354381376951,0.9558971339715765,0.8974822379281401,0.9978999977350115,0.6004391720144778
00824-Dd4bFSTQ8gi,belief,341,plank,0_5_331,0_5,3,0.50745046876789,0.9682000233170887,0.9994526096225707,0.9945539428189817,0.5272760188291511
00824-Dd4bFSTQ8gi,belief,341,plank,0_2_94,0_2,4,0.3949965941885091,0.9795344525127,0.948482880699923,0.9439663022262579,0.4503888677034955
00824-Dd4bFSTQ8gi,belief,341,plank,0_5_256,0_5,5,0.391713492517357,0.919039091022457,0.9225271968616156,0.9961377302398229,0.4638055896370569
00824-Dd4bFSTQ8gi,belief,342,plant,0_2_20,0_2,1,0.8826961462823345,0.982753731987693,0.9497720260555331,0.9974232243682267,0.9481295417839313
00824-Dd4bFSTQ8gi,belief,342,plant,0_5_270,0_5,2,0.865465340823885,0.9870136248787301,0.8997549240245567,0.9984405966917781,0.9760679878619516
00824-Dd4bFSTQ8gi,belief,342,plant,0_6_22,0_6,3,0.8507143425442982,0.9429230582140624,0.9470595904379289,0.9984045945387848,0.9541653063547627
00824-Dd4bFSTQ8gi,belief,342,plant,0_6_157,0_6,4,0.8400605111356554,0.9441235687337638,0.9097248156228215,0.9968681718988075,0.9811467266052811
00824-Dd4bFSTQ8gi,belief,342,plant,0_5_267,0_5,5,0.8249414480161747,0.9237148457443879,0.9107988686817095,0.9988767457590791,0.981636765791474
00824-Dd4bFSTQ8gi,belief,343,plant ornament,0_5_69,0_5,1,0.06971784419484174,0.9307369222976472,0.9531292390179789,0.9173836117477067,0.08566713377159238
00824-Dd4bFSTQ8gi,belief,343,plant ornament,0_5_270,0_5,2,0.021220168368626776,0.9870136248787301,0.8997549240245567,0.9984405966917781,0.02393201213804835
00824-Dd4bFSTQ8gi,belief,343,plant ornament,0_5_267,0_5,3,0.015431973970562906,0.9237148457443879,0.9107988686817095,0.9988767457590791,0.018363234208525987
00824-Dd4bFSTQ8gi,belief,343,plant ornament,0_6_157,0_6,4,0.011954980615026017,0.9441235687337638,0.9097248156228215,0.9968681718988075,0.013962791896033116
00824-Dd4bFSTQ8gi,belief,343,plant ornament,0_6_22,0_6,5,0.007335164114356907,0.9429230582140624,0.9470595904379289,0.9984045945387848,0.00822715542023834
00824-Dd4bFSTQ8gi,belief,344,platform,0_1_52,0_1,1,0.03144926559453686,0.9670426288967379,0.9487705709054759,0.8860270082170919,0.03868625798356166
00824-Dd4bFSTQ8gi,belief,344,platform,0_2_118,0_2,2,0.009979474588483219,0.9795660838865262,0.9548193678583632,0.9155692133060522,0.011653638344250103
00824-Dd4bFSTQ8gi,belief,344,platform,0_4_46,0_4,3,0.009770681565549983,0.9677013634987499,0.9440477238891964,0.9777391656931589,0.010938720982929544
00824-Dd4bFSTQ8gi,belief,344,platform,0_3_22,0_3,4,0.009413896075996091,0.9748714813650324,0.9342683960709239,0.9906977402580892,0.010432999904222737
00824-Dd4bFSTQ8gi,belief,344,platform,0_3_44,0_3,5,0.00864014931473293,0.9418675720698375,0.9345186300815664,0.9856434064252441,0.009959180841506925
00824-Dd4bFSTQ8gi,belief,345,playpen,0_0_64,0_0,1,0.00012035849632954507,0.9764923750123532,0.9648371639321152,0.9980846560112676,0.00012799308132182584
00824-Dd4bFSTQ8gi,belief,345,playpen,0_4_11,0_4,2,0.00011543586981883054,0.9817738513112162,0.9164107114207439,0.9985235498722613,0.00012849340862390314
00824-Dd4bFSTQ8gi,belief,345,playpen,0_2_26,0_2,3,0.0001125455165611212,0.9621798116673055,0.9588000005604795,0.9498128775436335,0.00012844165101087251
00824-Dd4bFSTQ8gi,belief,345,playpen,0_2_50,0_2,4,0.00011110692310955672,0.9673675297285973,0.9607527757191312,0.9989378249871,0.00011967391780992293
00824-Dd4bFSTQ8gi,belief,345,playpen,0_5_308,0_5,5,0.00010994307825116999,0.8731722489992778,0.9068384887821965,0.9439973818038041,0.00014708461008627034
00824-Dd4bFSTQ8gi,belief,346,plenum box,0_5_310,0_5,1,0.7040071776409657,0.9778421952067319,0.914028404131656,0.9942308917862732,0.7922483954491955
00824-Dd4bFSTQ8gi,belief,346,plenum box,0_5_192,0_5,2,0.11237076207700127,0.9489220062294501,0.9289845512488727,0.9963568052427938,0.12793796088263523
00824-Dd4bFSTQ8gi,belief,346,plenum box,0_4_46,0_4,3,0.11156870070419758,0.9677013634987499,0.9440477238891964,0.9777391656931589,0.12490621859320579
00824-Dd4bFSTQ8gi,belief,346,plenum box,0_4_102,0_4,4,0.10989215222361565,0.9793698223022669,0.9410808717219558,0.9971505440458512,0.119572768479976
00824-Dd4bFSTQ8gi,belief,346,plenum box,0_4_120,0_4,5,0.10871033188094346,0.9559786604214757,0.9529424329546861,0.9971428800812246,0.11967365777007655
00824-Dd4bFSTQ8gi,belief,347,pliers,0_2_168,0_2,1,0.005464357512963405,0.9805093748240153,0.9075325009829689,0.990365114076751,0.006200544584209677
00824-Dd4bFSTQ8gi,belief,347,pliers,0_2_118,0_2,2,0.005059431359201061,0.9795660838865262,0.9548193678583632,0.9155692133060522,0.005908205162998301
00824-Dd4bFSTQ8gi,belief,347,pliers,0_5_101,0_5,3,0.004693744492605744,0.950642374063295,0.926787519942952,0.9847111564888719,0.005410199011692693
00824-Dd4bFSTQ8gi,belief,347,pliers,0_5_277,0_5,4,0.004383065979752667,0.9136341170421443,0.9096081134217623,0.9366862662323752,0.005630633002641963
00824-Dd4bFSTQ8gi,belief,347,pliers,0_4_27,0_4,5,0.0036222228340379078,0.9385714464717441,0.9242739391230563,0.9884691868546905,0.00422419523723714
00824-Dd4bFSTQ8gi,belief,348,plumbing,0_2_95,0_2,1,0.2282967469272915,0.9727564324427442,0.9520904603891356,0.9960164246728062,0.24748614905004243
00824-Dd4bFSTQ8gi,belief,348,plumbing,0_5_68,0_5,2,0.22521688676703766,0.926739274960704,0.9265356432310157,0.9956847793011084,0.2634264521786412
00824-Dd4bFSTQ8gi,belief,348,plumbing,0_4_102,0_4,3,0.1888117560237271,0.9793698223022669,0.9410808717219558,0.9971505440458512,0.20544455570751055
00824-Dd4bFSTQ8gi,belief,348,plumbing,0_4_120,0_4,4,0.1860938017248254,0.9559786604214757,0.9529424329546861,0.9971428800812246,0.20486117147668445
00824-Dd4bFSTQ8gi,belief,348,plumbing,0_4_86,0_4,5,0.13405499453925784,0.9785747509705742,0.9314411376198287,0.99997014877552,0.1470776028414499
00824-Dd4bFSTQ8gi,belief,349,plunger,0_2_6,0_2,1,0.01815124751222016,0.9572748878262058,0.9918923651744805,0.9723959521942782,0.01965903169864937
00824-Dd4bFSTQ8gi,belief,349,plunger,0_5_381,0_5,2,0.01656227087012051,0.8738880676251871,1.0,0.740147299803735,0.025606246069220066
00824-Dd4bFSTQ8gi,belief,349,plunger,0_2_80,0_2,3,0.015725542668161795,0.9754756388122549,0.9325942305439305,0.9978422706491813,0.017323458156130702
00824-Dd4bFSTQ8gi,belief,349,plunger,0_2_121,0_2,4,0.012558766508733742,0.9803334756295867,0.9596440184592478,0.9852285314398698,0.013549585585466678
00824-Dd4bFSTQ8gi,belief,349,plunger,0_0_45,0_0,5,0.012025942471490832,0.9408471284137021,0.9296761736142354,0.9863083992051843,0.013939770574333718
00824-Dd4bFSTQ8gi,belief,350,podium,0_1_52,0_1,1,0.017328942847785547,0.9670426288967379,0.9487705709054759,0.8860270082170919,0.021316617126610517
00824-Dd4bFSTQ8gi,belief,350,podium,0_5_94,0_5,2,0.011978438094560099,0.9754105049749243,0.9360900290504934,0.9916418897687158,0.013229404043819833
00824-Dd4bFSTQ8gi,belief,350,podium,0_2_118,0_2,3,0.009197441864247832,0.9795660838865262,0.9548193678583632,0.9155692133060522,0.010740411253905556
00824-Dd4bFSTQ8gi,belief,350,podium,0_6_2,0_6,4,0.008930834661646255,0.9230388447760689,0.92111433688238,0.96168527426753,0.010922588271257047
00824-Dd4bFSTQ8gi,belief,350,podium,0_5_429,0_5,5,0.008743400637255016,0.981436476077767,0.9456069053530338,0.9937900419489633,0.009480099778127193
00824-Dd4bFSTQ8gi,belief,351,pole,0_6_102,0_6,1,0.4197045604577112,0.9725344562484016,0.9510726343845708,0.9931152580960521,0.4569044113078457
00824-Dd4bFSTQ8gi,belief,351,pole,0_4_121,0_4,2,0.40086035628280214,0.9544563668966294,0.9000147757925203,0.9818416918362156,0.475276038858732
00824-Dd4bFSTQ8gi,belief,351,pole,0_4_44,0_4,3,0.3079843817443615,0.984312042593956,0.9450264370806449,0.9922340612895805,0.3336858613747745
00824-Dd4bFSTQ8gi,belief,351,pole,0_5_341,0_5,4,0.2444681891929253,0.9528206065803968,0.9224242573964267,0.9534262359800177,0.2917382683884453
00824-Dd4bFSTQ8gi,belief,351,pole,0_5_233,0_5,5,0.17861424752086955,0.9682390942718043,0.9120902453511668,0.9495821549441398,0.21299192010620457
00824-Dd4bFSTQ8gi,belief,352,pool,0_1_52,0_1,1,0.02604652942032862,0.9670426288967379,0.9487705709054759,0.8860270082170919,0.03204026350638541
00824-Dd4bFSTQ8gi,belief,352,pool,0_6_2,0_6,2,0.008587245126708882,0.9230388447760689,0.92111433688238,0.96168527426753,0.010502371441966666
00824-Dd4bFSTQ8gi,belief,352,pool,0_2_26,0_2,3,0.0053824212329150285,0.9621798116673055,0.9588000005604795,0.9498128775436335,0.006142644244883237
00824-Dd4bFSTQ8gi,belief,352,pool,0_5_105,0_5,4,0.005227987708224947,0.9797102374335129,0.935921677435793,0.9850633638053959,0.0057880628468804955
00824-Dd4bFSTQ8gi,belief,352,pool,0_6_82,0_6,5,0.004131875777362487,0.9961997243616044,0.9312769545320819,0.9935687311708992,0.004482538906293469
00824-Dd4bFSTQ8gi,belief,353,pool table,0_1_52,0_1,1,0.0013055514833765572,0.9670426288967379,0.9487705709054759,0.8860270082170919,0.0016059803159759888
00824-Dd4bFSTQ8gi,belief,353,pool table,0_5_308,0_5,2,0.000338285446385148,0.8731722489992778,0.9068384887821965,0.9439973818038041,0.000452566762463647
00824-Dd4bFSTQ8gi,belief,353,pool table,0_5_277,0_5,3,0.00027083219842808336,0.9136341170421443,0.9096081134217623,0.9366862662323752,0.0003479200910257105
00824-Dd4bFSTQ8gi,belief,353,pool table,0_5_381,0_5,4,0.00024746562517565906,0.8738880676251871,1.0,0.740147299803735,0.0003825964290532823
00824-Dd4bFSTQ8gi,belief,353,pool table,0_2_118,0_2,5,0.0001462060721615359,0.9795660838865262,0.9548193678583632,0.9155692133060522,0.00017073370682963362
00824-Dd4bFSTQ8gi,belief,354,porcelain,0_5_293,0_5,1,0.152767182775586,0.9593782144020322,0.9538460228728288,0.8306947788685295,0.2009650166687415
00824-Dd4bFSTQ8gi,belief,354,porcelain,0_5_260,0_5,2,0.10949432404861659,0.8919481019533816,0.9424942998312142,0.9588323948945878,0.13584091252440336
00824-Dd4bFSTQ8gi,belief,354,porcelain,0_5_19,0_5,3,0.08832629594230049,0.9446524497437864,0.9510823955705882,0.9710361014518593,0.10124286898029712
00824-Dd4bFSTQ8gi,belief,354,porcelain,0_5_406,0_5,4,0.08362149392418572,0.9654052562223604,0.9154515528777771,0.992271242886875,0.09535478519190588
00824-Dd4bFSTQ8gi,belief,354,porcelain,0_5_124,0_5,5,0.04564716335144867,0.7727119285951961,0.938497440049318,0.9856772714778568,0.06385991601524298
00824-Dd4bFSTQ8gi,belief,355,poster,0_0_45,0_0,1,0.025109559652714206,0.9408471284137021,0.9296761736142354,0.9863083992051843,0.029105535937092437
00824-Dd4bFSTQ8gi,belief,355,poster,0_5_429,0_5,2,0.02126763594161208,0.981436476077767,0.9456069053530338,0.9937900419489633,0.023059598791834023
00824-Dd4bFSTQ8gi,belief,355,poster,0_0_77,0_0,3,0.015985991544699683,0.9836660391754575,0.9287587514560726,0.9908879182433422,0.0176589326016437
00824-Dd4bFSTQ8gi,belief,355,poster,0_1_48,0_1,4,0.01498663413603821,0.978773989790373,0.9180523665561109,0.9927181911084741,0.016800733801180825
00824-Dd4bFSTQ8gi,belief,355,poster,0_0_44,0_0,5,0.013120089971799797,0.9746067896723822,0.9193050916540129,0.9818892958002545,0.014913692682902827
00824-Dd4bFSTQ8gi,belief,356,pot,0_5_335,0_5,1,0.24505299465325564,0.9225074675891832,0.9477284055984949,0.9759475125646586,0.2871969111012122
00824-Dd4bFSTQ8gi,belief,356,pot,0_5_23,0_5,2,0.15741926681216709,0.8775336300609289,0.9155703927595544,0.9661093980736647,0.20280379107744714
00824-Dd4bFSTQ8gi,belief,356,pot,0_6_4,0_6,3,0.10448844353738697,0.958239028850893,0.9269886212419773,0.9444489641783121,0.12454936179783065
00824-Dd4bFSTQ8gi,belief,356,pot,0_5_171,0_5,4,0.07945542925419713,0.9731999333354012,0.9275741156946907,0.9573294678383242,0.09194147345869695
00824-Dd4bFSTQ8gi,belief,356,pot,0_2_6,0_2,5,0.07886455481602024,0.9572748878262058,0.9918923651744805,0.9723959521942782,0.08541565983187767
00824-Dd4bFSTQ8gi,belief,357,pot lid,0_2_80,0_2,1,0.010641138386053272,0.9754756388122549,0.9325942305439305,0.9978422706491813,0.011722413620587522
00824-Dd4bFSTQ8gi,belief,357,pot lid,0_2_30,0_2,2,0.0087031193423194,0.9706078015830275,0.9472652918790121,0.9855811605074362,0.009604331527910567
00824-Dd4bFSTQ8gi,belief,357,pot lid,0_4_19,0_4,3,0.006897117616641423,0.8997959636237179,0.9968185372011825,0.9517453362107378,0.008079541730648624
00824-Dd4bFSTQ8gi,belief,357,pot lid,0_0_42,0_0,4,0.005476365084150876,0.8896240645376022,0.9425180797177463,0.9821947290936854,0.006649646855960058
00824-Dd4bFSTQ8gi,belief,357,pot lid,0_6_149,0_6,5,0.004977280666213157,0.9181212293145322,0.9277969756954261,0.9897149494109828,0.005903764412447684
00824-Dd4bFSTQ8gi,belief,358,pouches,0_5_292,0_5,1,0.048645246671194776,0.9728397386153946,0.9715163362707585,0.9651859685911803,0.05332587620171856
00824-Dd4bFSTQ8gi,belief,358,pouches,0_1_35,0_1,2,0.03303631288035816,0.9436002045715728,0.9186584180695694,0.9937285419533587,0.038351444070243594
00824-Dd4bFSTQ8gi,belief,358,pouches,0_1_29,0_1,3,0.00833328261208584,0.9756274529318523,0.9604242971664061,0.8487639121585747,0.010478088298339771
00824-Dd4bFSTQ8gi,belief,358,pouches,0_5_277,0_5,4,0.005305146246226511,0.9136341170421443,0.9096081134217623,0.9366862662323752,0.006815168121090145
00824-Dd4bFSTQ8gi,belief,358,pouches,0_5_156,0_5,5,0.005257041784385238,0.9129074415395402,0.9319335847415045,0.9889290420545284,0.006248339053465403
00824-Dd4bFSTQ8gi,belief,359,press,0_4_116,0_4,1,0.014982345706965404,0.9767318007018831,0.9430731085706365,0.9744615593847696,0.016691463345741106
00824-Dd4bFSTQ8gi,belief,359,press,0_5_177,0_5,2,0.012621514183244273,0.9626096776780202,0.9291400845210275,0.980541615429202,0.014391763348898483
00824-Dd4bFSTQ8gi,belief,359,press,0_1_52,0_1,3,0.012570569928218863,0.9670426288967379,0.9487705709054759,0.8860270082170919,0.01546326446897873
00824-Dd4bFSTQ8gi,belief,359,press,0_2_26,0_2,4,0.004349439965948754,0.9621798116673055,0.9588000005604795,0.9498128775436335,0.00496376281587139
00824-Dd4bFSTQ8gi,belief,359,press,0_2_168,0_2,5,0.00347558356051381,0.9805093748240153,0.9075325009829689,0.990365114076751,0.003943832513152112
00824-Dd4bFSTQ8gi,belief,360,pressure washer,0_1_52,0_1,1,0.00352712176752413,0.9670426288967379,0.9487705709054759,0.8860270082170919,0.0043387703991910635
00824-Dd4bFSTQ8gi,belief,360,pressure washer,0_5_381,0_5,2,0.00030074156135609576,0.8738880676251871,1.0,0.740147299803735,0.00046496416365333844
00824-Dd4bFSTQ8gi,belief,360,pressure washer,0_3_35,0_3,3,0.000299099681528393,0.8552236933541555,0.9230438950589228,0.9962066637995133,0.0003803333683615769
00824-Dd4bFSTQ8gi,belief,360,pressure washer,0_5_277,0_5,4,0.00022249946071378158,0.9136341170421443,0.9096081134217623,0.9366862662323752,0.00028583024128597595
00824-Dd4bFSTQ8gi,belief,360,pressure washer,0_5_409,0_5,5,0.0002008758249851555,0.9553930417384459,0.9550950135905424,0.8620343121781208,0.00025537270050876506
00824-Dd4bFSTQ8gi,belief,361,printer,0_2_32,0_2,1,0.03973270273032325,0.9322114680064533,0.9263398097090721,0.9944505735418133,0.0462679370203641
00824-Dd4bFSTQ8gi,belief,361,printer,0_1_52,0_1,2,0.03748605234788471,0.9670426288967379,0.9487705709054759,0.8860270082170919,0.04611220848882025
00824-Dd4bFSTQ8gi,belief,361,printer,0_3_37,0_3,3,0.037309674254022686,0.9621231979548526,0.9311012642543468,0.9966396233737745,0.041788396369072445
00824-Dd4bFSTQ8gi,belief,361,printer,0_5_177,0_5,4,0.03678253680784098,0.9626096776780202,0.9291400845210275,0.980541615429202,0.04194152598690227
00824-Dd4bFSTQ8gi,belief,361,printer,0_2_177,0_2,5,0.0325474965073063,0.9801911154940978,0.9498673145061571,0.9987396797559609,0.035001896726180586
00824-Dd4bFSTQ8gi,belief,362,product,0_4_102,0_4,1,0.03910298395899316,0.9793698223022669,0.9410808717219558,0.9971505440458512,0.04254764287708722
00824-Dd4bFSTQ8gi,belief,362,product,0_4_120,0_4,2,0.03871070453441063,0.9559786604214757,0.9529424329546861,0.9971428800812246,0.042614639531807885
00824-Dd4bFSTQ8gi,belief,362,product,0_5_341,0_5,3,0.023972103017001964,0.9528206065803968,0.9224242573964267,0.9534262359800177,0.028607320432559438
00824-Dd4bFSTQ8gi,belief,362,product,0_5_3,0_5,4,0.013022330599445107,0.8656329714562281,0.9612480926454048,0.9960502619233256,0.01571224279454006
00824-Dd4bFSTQ8gi,belief,362,product,0_4_46,0_4,5,0.012564310881693488,0.9677013634987499,0.9440477238891964,0.9777391656931589,0.014066315656239926
00824-Dd4bFSTQ8gi,belief,363,products,0_5_277,0_5,1,0.0020480830542510707,0.9136341170421443,0.9096081134217623,0.9366862662323752,0.0026310359211313013
00824-Dd4bFSTQ8gi,belief,363,products,0_2_121,0_2,2,0.0016362242361697304,0.9803334756295867,0.9596440184592478,0.9852285314398698,0.0017653135210037396
00824-Dd4bFSTQ8gi,belief,363,products,0_2_127,0_2,3,0.0011267408446906989,0.8287659775127064,0.9692424887395859,0.9823823251567811,0.001427838669544215
00824-Dd4bFSTQ8gi,belief,363,products,0_2_118,0_2,4,0.0010238193250982103,0.9795660838865262,0.9548193678583632,0.9155692133060522,0.0011955759833606823
00824-Dd4bFSTQ8gi,belief,363,products,0_2_114,0_2,5,0.0008891089143858624,0.975630308427508,0.9513947294934744,0.9918297227012116,0.0009657657980397543
00824-Dd4bFSTQ8gi,belief,364,prop,0_2_172,0_2,1,0.7405427999963843,0.9597954059832474,0.9595718461650053,0.9921985866843136,0.8103924673743496
00824-Dd4bFSTQ8gi,belief,364,prop,0_1_18,0_1,2,0.6860314958421838,0.9409580512635619,0.9272582361726601,0.9940162514807617,0.7910056902057605
00824-Dd4bFSTQ8gi,belief,364,prop,0_3_65,0_3,3,0.6222239926312263,0.9452122729775068,0.9859460278229825,0.9990871096332221,0.6682837545522261
00824-Dd4bFSTQ8gi,belief,364,prop,0_6_36,0_6,4,0.6051389062512306,0.974866509253596,0.9538463474433401,0.9982822148501181,0.6518957808651281
00824-Dd4bFSTQ8gi,belief,364,prop,0_3_3,0_3,5,0.5853431052983266,0.9352000604038737,0.9641408302363261,0.9968644707889505,0.6512224866516844
00824-Dd4bFSTQ8gi,belief,365,pump,0_6_79,0_6,1,0.07097760299378941,0.9764038686326914,0.9405713974718488,0.9689450493932146,0.07976289734897775
00824-Dd4bFSTQ8gi,belief,365,pump,0_1_52,0_1,2,0.05274810900271309,0.9670426288967379,0.9487705709054759,0.8860270082170919,0.0648863149725974
00824-Dd4bFSTQ8gi,belief,365,pump,0_3_47,0_3,3,0.027056036490494487,0.9306412878968231,0.9396563935419477,0.9737951084664206,0.03177204713040969
00824-Dd4bFSTQ8gi,belief,365,pump,0_4_116,0_4,4,0.015489705448507791,0.9767318007018831,0.9430731085706365,0.9744615593847696,0.017256700371684402
00824-Dd4bFSTQ8gi,belief,365,pump,0_5_277,0_5,5,0.011051168190386602,0.9136341170421443,0.9096081134217623,0.9366862662323752,0.01419669989408856
00824-Dd4bFSTQ8gi,belief,366,punchbag,0_5_277,0_5,1,0.0020073322394676364,0.9136341170421443,0.9096081134217623,0.9366862662323752,0.0025786860629123973
00824-Dd4bFSTQ8gi,belief,366,punchbag,0_5_308,0_5,2,0.0017517542111176484,0.8731722489992778,0.9068384887821965,0.9439973818038041,0.002343540759524618
00824-Dd4bFSTQ8gi,belief,366,punchbag,0_5_292,0_5,3,0.0015142710639238024,0.9728397386153946,0.9715163362707585,0.9651859685911803,0.0016599737243898334
00824-Dd4bFSTQ8gi,belief,366,punchbag,0_1_35,0_1,4,0.0013203514052413348,0.9436002045715728,0.9186584180695694,0.9937285419533587,0.0015327794979592651
00824-Dd4bFSTQ8gi,belief,366,punchbag,0_1_52,0_1,5,0.0006639198852393923,0.9670426288967379,0.9487705709054759,0.8860270082170919,0.0008166987519495374
00824-Dd4bFSTQ8gi,belief,367,puppet,0_3_29,0_3,1,0.022273784240210058,0.9802004204215117,0.9173320674665175,0.9370955823154603,0.026434351341178844
00824-Dd4bFSTQ8gi,belief,367,puppet,0_5_409,0_5,2,0.010087164211690714,0.9553930417384459,0.9550950135905424,0.8620343121781208,0.012823774913706955
00824-Dd4bFSTQ8gi,belief,367,puppet,0_5_381,0_5,3,0.008664837670469541,0.8738880676251871,1.0,0.740147299803735,0.013396349285662676
00824-Dd4bFSTQ8gi,belief,367,puppet,0_3_63,0_3,4,0.006838467180967929,0.9626293598944916,0.9597247878677808,0.8459323762310529,0.008750186401409938
00824-Dd4bFSTQ8gi,belief,367,puppet,0_5_423,0_5,5,0.005242156355612872,0.9704151882065667,0.9359775368968624,0.9654242556344028,0.005978176778048017
00824-Dd4bFSTQ8gi,belief,368,rag,0_0_8,0_0,1,0.09684200430498806,0.9848732120460935,0.9499832243710505,0.8873896658146057,0.11664151215093092
00824-Dd4bFSTQ8gi,belief,368,rag,0_1_11,0_1,2,0.08297518702885062,0.9582889779703784,0.9467363707193159,0.9546083358999461,0.0958070488665688
00824-Dd4bFSTQ8gi,belief,368,rag,0_3_28,0_3,3,0.05370586757131348,0.8720814809203148,1.0,0.9242489768238213,0.06663090223944058
00824-Dd4bFSTQ8gi,belief,368,rag,0_6_27,0_6,4,0.05133076857630124,0.9610387004724463,0.9467731481198789,0.745830077604488,0.07563992064106811
00824-Dd4bFSTQ8gi,belief,368,rag,0_3_16,0_3,5,0.030201846885461923,0.9529667658110459,0.9611374249099476,0.9894158241535201,0.03332663048679711
00824-Dd4bFSTQ8gi,belief,369,rail,0_4_123,0_4,1,0.6170876971854223,0.9502052993920387,0.9024362671938762,0.9891863458528853,0.72750299634732
00824-Dd4bFSTQ8gi,belief,369,rail,0_1_5,0_1,2,0.35516929232379674,0.9771667424800556,0.9365522750560813,0.9850200777784011,0.3939940165622298
00824-Dd4bFSTQ8gi,belief,369,rail,0_5_242,0_5,3,0.33708518256373443,0.9882159634287973,0.9313978511327858,0.9381612032468682,0.39036879720827306
00824-Dd4bFSTQ8gi,belief,369,rail,0_2_118,0_2,4,0.24548716939324325,0.9795660838865262,0.9548193678583632,0.9155692133060522,0.28667027155558256
00824-Dd4bFSTQ8gi,belief,369,rail,0_4_121,0_4,5,0.24266380318534123,0.9544563668966294,0.9000147757925203,0.9818416918362156,0.2877118910480596
00824-Dd4bFSTQ8gi,belief,370,rake,0_5_341,0_5,1,0.028163752751536306,0.9528206065803968,0.9224242573964267,0.9534262359800177,0.033609462589708955
00824-Dd4bFSTQ8gi,belief,370,rake,0_5_378,0_5,2,0.027909921375061368,0.9511613198689052,0.9632165774043154,0.9975818054991474,0.030537393416272842
00824-Dd4bFSTQ8gi,belief,370,rake,0_2_118,0_2,3,0.020792061592384253,0.9795660838865262,0.9548193678583632,0.9155692133060522,0.02428015263535499
00824-Dd4bFSTQ8gi,belief,370,rake,0_4_116,0_4,4,0.01693127480363066,0.9767318007018831,0.9430731085706365,0.9744615593847696,0.018862717381436786
00824-Dd4bFSTQ8gi,belief,370,rake,0_6_158,0_6,5,0.013070644414057291,0.95469726641687,0.935107809836967,0.7431914433639781,0.019700122913791238
00824-Dd4bFSTQ8gi,belief,371,receipt printer,0_5_292,0_5,1,0.007964609315920091,0.9728397386153946,0.9715163362707585,0.9651859685911803,0.00873096138758623
00824-Dd4bFSTQ8gi,belief,371,receipt printer,0_5_177,0_5,2,0.0075362723868589295,0.9626096776780202,0.9291400845210275,0.980541615429202,0.008593283432545578
00824-Dd4bFSTQ8gi,belief,371,receipt printer,0_2_32,0_2,3,0.005287686777987059,0.9322114680064533,0.9263398097090721,0.9944505735418133,0.006157405412056318
00824-Dd4bFSTQ8gi,belief,371,receipt printer,0_1_35,0_1,4,0.0019719548444961624,0.9436002045715728,0.9186584180695694,0.9937285419533587,0.002289217813187165
00824-Dd4bFSTQ8gi,belief,371,receipt printer,0_5_127,0_5,5,0.0007304356938939887,0.9712925213078658,0.9027066908876451,0.9988746751874485,0.0008340158011636867
00824-Dd4bFSTQ8gi,belief,372,records,0_2_118,0_2,1,0.0011804504351043883,0.9795660838865262,0.9548193678583632,0.9155692133060522,0.0013784836397995252
00824-Dd4bFSTQ8gi,belief,372,records,0_5_277,0_5,2,0.0002870410617829992,0.9136341170421443,0.9096081134217623,0.9366862662323752,0.0003687425384547709
00824-Dd4bFSTQ8gi,belief,372,records,0_2_26,0_2,3,0.00018002192647957645,0.9621798116673055,0.9588000005604795,0.9498128775436335,0.00020544855238757953
00824-Dd4bFSTQ8gi,belief,372,records,0_2_127,0_2,4,0.00014978165035822168,0.8287659775127064,0.9692424887395859,0.9823823251567811,0.00018980765042588633
00824-Dd4bFSTQ8gi,belief,372,records,0_0_44,0_0,5,0.00012714022082311083,0.9746067896723822,0.9193050916540129,0.9818892958002545,0.0001445211263846363
00824-Dd4bFSTQ8gi,belief,373,recuperator,0_1_52,0_1,1,0.06857953030854459,0.9670426288967379,0.9487705709054759,0.8860270082170919,0.08436080626215693
00824-Dd4bFSTQ8gi,belief,373,recuperator,0_6_79,0_6,2,0.05400587007198545,0.9764038686326914,0.9405713974718488,0.9689450493932146,0.06069047825087765
00824-Dd4bFSTQ8gi,belief,373,recuperator,0_5_292,0_5,3,0.006357613176343933,0.9728397386153946,0.9715163362707585,0.9651859685911803,0.006969340611461729
00824-Dd4bFSTQ8gi,belief,373,recuperator,0_5_101,0_5,4,0.00189537714810987,0.950642374063295,0.926787519942952,0.9847111564888719,0.002184688065071091
00824-Dd4bFSTQ8gi,belief,373,recuperator,0_5_164,0_5,5,0.0014343684778613211,0.8294892445145737,0.8934307131046062,0.9942898782409825,0.0019465971221399403
00824-Dd4bFSTQ8gi,belief,374,refrigerator,0_5_11,0_5,1,0.8512701244937134,0.9478395892309437,0.9011306519492781,0.9999247780747405,0.9967298276549208
00824-Dd4bFSTQ8gi,belief,374,refrigerator,0_5_180,0_5,2,0.8415951315797506,0.9327907159520625,0.933296122428698,0.9997852368710726,0.9669250656374485
00824-Dd4bFSTQ8gi,belief,374,refrigerator,0_5_8,0_5,3,0.828023138620125,0.9340534663540899,0.8928366128098626,0.9999211393408018,0.9929628387005349
00824-Dd4bFSTQ8gi,belief,374,refrigerator,0_5_131,0_5,4,0.6818450197967497,0.8473488831052594,0.954635637789883,0.9975731148768817,0.8449694984204519
00824-Dd4bFSTQ8gi,belief,374,refrigerator,0_5_89,0_5,5,0.2506343362883892,0.9546120117681776,0.9285511369546245,0.9998632490793011,0.282792079446916
00824-Dd4bFSTQ8gi,belief,375,remote control,0_6_149,0_6,1,0.002722018640016354,0.9181212293145322,0.9277969756954261,0.9897149494109828,0.003228702147748156
00824-Dd4bFSTQ8gi,belief,375,remote control,0_1_52,0_1,2,0.0014238897838844205,0.9670426288967379,0.9487705709054759,0.8860270082170919,0.0017515502024657613
00824-Dd4bFSTQ8gi,belief,375,remote control,0_4_116,0_4,3,0.0008358093618422311,0.9767318007018831,0.9430731085706365,0.9744615593847696,0.0009311546803202516
00824-Dd4bFSTQ8gi,belief,375,remote control,0_5_411,0_5,4,0.0006730343151815076,0.9644731516071066,0.9124457899888485,0.9981805046723643,0.0007661801742324358
00824-Dd4bFSTQ8gi,belief,375,remote control,0_5_52,0_5,5,0.00038354321764569397,0.9794476795140256,0.9539231511390984,0.9986155798321091,0.0004110752592142003
00824-Dd4bFSTQ8gi,belief,376,rice cooker,0_1_52,0_1,1,0.022552993814092835,0.9670426288967379,0.9487705709054759,0.8860270082170919,0.02774280799565725
00824-Dd4bFSTQ8gi,belief,376,rice cooker,0_6_79,0_6,2,0.006601794799742113,0.9764038686326914,0.9405713974718488,0.9689450493932146,0.007418935815244722
00824-Dd4bFSTQ8gi,belief,376,rice cooker,0_5_125,0_5,3,0.005991405236862413,0.8721973859944828,0.9260615837344047,0.9977790475216071,0.007434292863490668
00824-Dd4bFSTQ8gi,belief,376,rice cooker,0_4_7,0_4,4,0.003806248123180448,0.9548851611138032,0.9557685739561002,0.9927725423818324,0.0042009106792178395
00824-Dd4bFSTQ8gi,belief,376,rice cooker,0_5_94,0_5,5,0.00378438576804355,0.9754105049749243,0.9360900290504934,0.9916418897687158,0.004179607390204423
00824-Dd4bFSTQ8gi,belief,377,riser,0_5_331,0_5,1,0.08381732665985932,0.9682000233170887,0.9994526096225707,0.9945539428189817,0.08709198045953133
00824-Dd4bFSTQ8gi,belief,377,riser,0_4_46,0_4,2,0.08280916221276324,0.9677013634987499,0.9440477238891964,0.9777391656931589,0.09270861138995491
00824-Dd4bFSTQ8gi,belief,377,riser,0_2_118,0_2,3,0.075546266531969,0.9795660838865262,0.9548193678583632,0.9155692133060522,0.08821996194447974
00824-Dd4bFSTQ8gi,belief,377,riser,0_5_341,0_5,4,0.07543835898938961,0.9528206065803968,0.9224242573964267,0.9534262359800177,0.09002503063604045
00824-Dd4bFSTQ8gi,belief,377,riser,0_5_242,0_5,5,0.05602966302269132,0.9882159634287973,0.9313978511327858,0.9381612032468682,0.06488636491168628
00824-Dd4bFSTQ8gi,belief,378,rocking horse,0_5_334,0_5,1,0.00734554792777405,0.8632297131177983,0.9726836539039774,0.9912984841869896,0.008825143103136963
00824-Dd4bFSTQ8gi,belief,378,rocking horse,0_5_219,0_5,2,0.0067719704117444705,0.9720533223663234,0.9157279284876639,0.9882475566722696,0.007698263173988496
00824-Dd4bFSTQ8gi,belief,378,rocking horse,0_5_252,0_5,3,0.005947086918020262,0.9419732367896524,0.9360671590114006,0.9861183064121916,0.0068395840697817
00824-Dd4bFSTQ8gi,belief,378,rocking horse,0_5_250,0_5,4,0.002778938597034127,0.9710265826892314,0.9199946345075227,0.9636858468584617,0.0032279519119245807
00824-Dd4bFSTQ8gi,belief,378,rocking horse,0_5_409,0_5,5,0.002411602298520117,0.9553930417384459,0.9550950135905424,0.8620343121781208,0.0030658611685688833
00824-Dd4bFSTQ8gi,belief,379,rod,0_5_341,0_5,1,0.4901872805868436,0.9528206065803968,0.9224242573964267,0.9534262359800177,0.5849693119442683
00824-Dd4bFSTQ8gi,belief,379,rod,0_4_44,0_4,2,0.44809473626201723,0.984312042593956,0.9450264370806449,0.9922340612895805,0.485488508216638
00824-Dd4bFSTQ8gi,belief,379,rod,0_5_242,0_5,3,0.37614704079832645,0.9882159634287973,0.9313978511327858,0.9381612032468682,0.4356052282485922
00824-Dd4bFSTQ8gi,belief,379,rod,0_1_12,0_1,4,0.31150986854114554,0.9475848957496408,0.9255982886040143,0.9801206883559259,0.36236945319612673
00824-Dd4bFSTQ8gi,belief,379,rod,0_1_5,0_1,5,0.30241819993713775,0.9771667424800556,0.9365522750560813,0.9850200777784011,0.3354765286581312
00824-Dd4bFSTQ8gi,belief,380,roll,0_0_50,0_0,1,0.06892321684475576,0.8786311199939136,0.9166036627157372,0.9565914934396701,0.0894645238304365
00824-Dd4bFSTQ8gi,belief,380,roll,0_0_49,0_0,2,0.06648362954943142,0.9376424465962007,0.9309685759458385,0.11093294993742432,0.6865653439682401
00824-Dd4bFSTQ8gi,belief,380,roll,0_2_121,0_2,3,0.06522965652482353,0.9803334756295867,0.9596440184592478,0.9852285314398698,0.07037592530914928
00824-Dd4bFSTQ8gi,belief,380,roll,0_1_55,0_1,4,0.061814351996567804,0.9745056038523426,0.9320924381733031,0.880783763975125,0.07726391226876327
00824-Dd4bFSTQ8gi,belief,380,roll,0_2_39,0_2,5,0.05588479286958654,0.9291093295647038,0.9443383630321825,0.8914203178897508,0.07145237404442971
00824-Dd4bFSTQ8gi,belief,381,rope,0_5_341,0_5,1,0.024244929650103924,0.9528206065803968,0.9224242573964267,0.9534262359800177,0.02893290049994646
00824-Dd4bFSTQ8gi,belief,381,rope,0_0_49,0_0,2,0.003420337839561244,0.9376424465962007,0.9309685759458385,0.11093294993742432,0.03532125789793069
00824-Dd4bFSTQ8gi,belief,381,rope,0_1_5,0_1,3,0.0031266378657605056,0.9771667424800556,0.9365522750560813,0.9850200777784011,0.0034684209409170325
00824-Dd4bFSTQ8gi,belief,381,rope,0_2_74,0_2,4,0.0025030594588429196,0.9737366153265942,0.9535296793708725,0.9704137004208829,0.0027780402286204987
00824-Dd4bFSTQ8gi,belief,381,rope,0_2_168,0_2,5,0.0024399463273769594,0.9805093748240153,0.9075325009829689,0.990365114076751,0.0027686687684852474
00824-Dd4bFSTQ8gi,belief,382,router,0_1_52,0_1,1,0.054681495862374925,0.9670426288967379,0.9487705709054759,0.8860270082170919,0.06726460589357519
00824-Dd4bFSTQ8gi,belief,382,router,0_2_174,0_2,2,0.008532658497742611,0.9830539070309687,0.8802982169221036,0.9984696322191826,0.009875119228390452
00824-Dd4bFSTQ8gi,belief,382,router,0_2_200,0_2,3,0.00778408433821127,0.9661810888184442,0.9500365693955204,0.9988173081479677,0.00849029182264662
00824-Dd4bFSTQ8gi,belief,382,router,0_4_7,0_4,4,0.006722730036569353,0.9548851611138032,0.9557685739561002,0.9927725423818324,0.007419796999604023
00824-Dd4bFSTQ8gi,belief,382,router,0_0_55,0_0,5,0.006623133369480348,0.9636302219226234,0.9245795564371652,0.9987798673544314,0.0074428458155149976
00824-Dd4bFSTQ8gi,belief,383,rug,0_5_426,0_5,1,0.9241507841410026,0.9781678662372145,0.9483176861739465,0.9996686383036564,0.9965968881842472
00824-Dd4bFSTQ8gi,belief,383,rug,0_6_69,0_6,2,0.9138975737280585,0.9711330840599255,0.9652048457824651,0.9958205194729826,0.9790800697355979
00824-Dd4bFSTQ8gi,belief,383,rug,0_6_73,0_6,3,0.9077833908910379,0.9847801053343721,0.9267286229847438,0.9990428155702089,0.9956490604910354
00824-Dd4bFSTQ8gi,belief,383,rug,0_6_71,0_6,4,0.8872540553735332,0.9725519992659369,0.9593639223154122,0.9886438464778469,0.9618601054125202
00824-Dd4bFSTQ8gi,belief,383,rug,0_6_72,0_6,5,0.8788405198327597,0.9391404602425504,0.9470390765351542,0.9980333501958327,0.9900715200264962
00824-Dd4bFSTQ8gi,belief,384,safe,0_5_138,0_5,1,0.21529942063443094,0.9708760336623669,0.9574528351954763,0.9975009653708563,0.23219259562146782
00824-Dd4bFSTQ8gi,belief,384,safe,0_1_52,0_1,2,0.18134161161244913,0.9670426288967379,0.9487705709054759,0.8860270082170919,0.22307129395138298
00824-Dd4bFSTQ8gi,belief,384,safe,0_5_68,0_5,3,0.14910644032079645,0.926739274960704,0.9265356432310157,0.9956847793011084,0.1744033546264367
00824-Dd4bFSTQ8gi,belief,384,safe,0_5_67,0_5,4,0.13433437838792087,0.981415754117179,0.9366916001931784,0.9975065562697287,0.14649464858508465
00824-Dd4bFSTQ8gi,belief,384,safe,0_3_31,0_3,5,0.13174666063038848,0.9029954329839135,0.9266167569836365,0.9990968885954662,0.15759640484469842
00824-Dd4bFSTQ8gi,belief,385,saturator,0_5_277,0_5,1,0.0008276108001311355,0.9136341170421443,0.9096081134217623,0.9366862662323752,0.0010631764856125327
00824-Dd4bFSTQ8gi,belief,385,saturator,0_5_423,0_5,2,0.000565517922591848,0.9704151882065667,0.9359775368968624,0.9654242556344028,0.0006449189766704867
00824-Dd4bFSTQ8gi,belief,385,saturator,0_5_225,0_5,3,0.0005184748905174905,0.9519168325776928,0.902307519506965,0.8666076870869197,0.0006965488963542218
00824-Dd4bFSTQ8gi,belief,385,saturator,0_5_409,0_5,4,0.0004114588399589548,0.9553930417384459,0.9550950135905424,0.8620343121781208,0.0005230861160932979
00824-Dd4bFSTQ8gi,belief,385,saturator,0_5_196,0_5,5,0.000316899903370726,0.9066531505913307,0.9379277849378256,0.7629739907030572,0.0004884293992462533
00824-Dd4bFSTQ8gi,belief,386,sauna,0_2_94,0_2,1,0.03335128614045287,0.9795344525127,0.948482880699923,0.9439663022262579,0.038028297515105086
00824-Dd4bFSTQ8gi,belief,386,sauna,0_1_90,0_1,2,0.00982628986821924,0.901651717502167,0.9701399778101983,0.9650892780451229,0.011639889697647501
00824-Dd4bFSTQ8gi,belief,386,sauna,0_1_52,0_1,3,0.001840835937385999,0.9670426288967379,0.9487705709054759,0.8860270082170919,0.002264442511862575
00824-Dd4bFSTQ8gi,belief,386,sauna,0_5_71,0_5,4,0.001367066670862533,0.9697594858674828,0.9187593463357399,0.9969286487155646,0.0015390751011698383
00824-Dd4bFSTQ8gi,belief,386,sauna,0_1_82,0_1,5,0.001070306878791098,0.9642935630806179,0.9339388564256441,0.9970464191424558,0.0011919697288600498
00824-Dd4bFSTQ8gi,belief,387,saw,0_5_367,0_5,1,0.2878296136838225,0.9412403825849426,0.9519360761747455,0.9977341855650864,0.32196768460203395
00824-Dd4bFSTQ8gi,belief,387,saw,0_2_118,0_2,2,0.2258679069185402,0.9795660838865262,0.9548193678583632,0.9155692133060522,0.2637596676521503
00824-Dd4bFSTQ8gi,belief,387,saw,0_1_52,0_1,3,0.19209745297903885,0.9670426288967379,0.9487705709054759,0.8860270082170919,0.23630223102008313
00824-Dd4bFSTQ8gi,belief,387,saw,0_5_164,0_5,4,0.13086295617549207,0.8294892445145737,0.8934307131046062,0.9942898782409825,0.1775955466239455
00824-Dd4bFSTQ8gi,belief,387,saw,0_2_159,0_2,5,0.11861161113661688,0.9870273823715147,0.9569317912040664,0.960670050619474,0.130720219798129
00824-Dd4bFSTQ8gi,belief,388,saxophone,0_5_409,0_5,1,0.0030892227589140553,0.9553930417384459,0.9550950135905424,0.8620343121781208,0.003927317577788761
00824-Dd4bFSTQ8gi,belief,388,saxophone,0_5_277,0_5,2,0.0017410975064067527,0.9136341170421443,0.9096081134217623,0.9366862662323752,0.00223667202950586
00824-Dd4bFSTQ8gi,belief,388,saxophone,0_5_423,0_5,3,0.0013706890936537577,0.9704151882065667,0.9359775368968624,0.9654242556344028,0.0015631395085785405
00824-Dd4bFSTQ8gi,belief,388,saxophone,0_2_26,0_2,4,0.001144598565589984,0.9621798116673055,0.9588000005604795,0.9498128775436335,0.0013062637588873971
00824-Dd4bFSTQ8gi,belief,388,saxophone,0_2_6,0_2,5,0.0009537871188445562,0.9572748878262058,0.9918923651744805,0.9723959521942782,0.0010330161158622823
00824-Dd4bFSTQ8gi,belief,389,scale,0_2_118,0_2,1,0.03392477870341438,0.9795660838865262,0.9548193678583632,0.9155692133060522,0.03961602371076311
00824-Dd4bFSTQ8gi,belief,389,scale,0_0_77,0_0,2,0.016411445038485826,0.9836660391754575,0.9287587514560726,0.9908879182433422,0.018128909990965815
00824-Dd4bFSTQ8gi,belief,389,scale,0_0_30,0_0,3,0.013118714220840526,0.971570948116727,0.9364986114502116,0.9774138395879133,0.014751328331148993
00824-Dd4bFSTQ8gi,belief,389,scale,0_0_26,0_0,4,0.011748838689535182,0.9508786796631992,0.9376608623291074,0.9837077502529517,0.01339546978259808
00824-Dd4bFSTQ8gi,belief,389,scale,0_5_2,0_5,5,0.01150962541302771,0.9446704996128876,0.920601713839274,0.9745107978813246,0.013580707687877041
00824-Dd4bFSTQ8gi,belief,390,scanner,0_5_313,0_5,1,0.22570361962466035,0.9497629188058274,0.892728136130481,0.996669605797709,0.26708707832956324
00824-Dd4bFSTQ8gi,belief,390,scanner,0_1_52,0_1,2,0.1879611264627631,0.9670426288967379,0.9487705709054759,0.8860270082170919,0.23121406785672177
00824-Dd4bFSTQ8gi,belief,390,scanner,0_5_290,0_5,3,0.18635567543945852,0.9501654143185437,0.913656544934365,0.996740846569141,0.21536651465547296
00824-Dd4bFSTQ8gi,belief,390,scanner,0_5_323,0_5,4,0.1366208080275331,0.9293590618941395,0.9633490155224935,0.9964832861666246,0.15313682372554333
00824-Dd4bFSTQ8gi,belief,390,scanner,0_5_177,0_5,5,0.09356725556155672,0.9626096776780202,0.9291400845210275,0.980541615429202,0.10669066957398103
00824-Dd4bFSTQ8gi,belief,391,screen,0_6_88,0_6,1,0.5737041798439978,0.9801489700873691,0.9044686483241324,0.9985290865491054,0.6480995031861375
00824-Dd4bFSTQ8gi,belief,391,screen,0_6_81,0_6,2,0.5708580594777716,0.9949254519637032,0.9423274928769605,0.9984262563738545,0.6098453831469903
00824-Dd4bFSTQ8gi,belief,391,screen,0_6_38,0_6,3,0.5640389028106989,0.9704819480871362,0.9524151988146186,0.998862544525687,0.6109273275025174
00824-Dd4bFSTQ8gi,belief,391,screen,0_6_117,0_6,4,0.49992175779478215,0.9603616737378309,0.9285715456203731,0.9984498753222277,0.5614687382610289
00824-Dd4bFSTQ8gi,belief,391,screen,0_6_90,0_6,5,0.4995863628171923,0.8732944288031498,0.9035845581069241,0.9983239221439774,0.6341757147358114
00824-Dd4bFSTQ8gi,belief,392,screen frame,0_2_117,0_2,1,0.1942752780486682,0.9576831924597452,0.9587425999746837,0.9978490350165214,0.21204537635667947
00824-Dd4bFSTQ8gi,belief,392,screen frame,0_2_183,0_2,2,0.15834369458157496,0.931689755032811,0.973927451766655,0.9986380263017408,0.17474097214740975
00824-Dd4bFSTQ8gi,belief,392,screen frame,0_2_72,0_2,3,0.10585592018471073,0.9711577773171586,0.9454371313892493,0.9982187388771541,0.11549601131986387
00824-Dd4bFSTQ8gi,belief,392,screen frame,0_2_54,0_2,4,0.10489938839535205,0.9659015774726869,0.9290055051790248,0.9980170983186509,0.11713422578453797
00824-Dd4bFSTQ8gi,belief,392,screen frame,0_4_104,0_4,5,0.1048439080440306,0.9555353133967428,0.960967553671632,0.9994398055000364,0.11424339281067337
00824-Dd4bFSTQ8gi,belief,393,screwdriver,0_1_52,0_1,1,0.0026128283490037514,0.9670426288967379,0.9487705709054759,0.8860270082170919,0.0032140830529880982
00824-Dd4bFSTQ8gi,belief,393,screwdriver,0_0_47,0_0,2,0.0005171405425130998,0.9624765808173422,0.8942528018457205,0.9912889280771499,0.0006061189339484676
00824-Dd4bFSTQ8gi,belief,393,screwdriver,0_4_44,0_4,3,0.00047896752443237563,0.984312042593956,0.9450264370806449,0.9922340612895805,0.0005189376489013689
00824-Dd4bFSTQ8gi,belief,393,screwdriver,0_0_77,0_0,4,0.0004454398762395879,0.9836660391754575,0.9287587514560726,0.9908879182433422,0.0004920553555032652
00824-Dd4bFSTQ8gi,belief,393,screwdriver,0_6_158,0_6,5,0.00044236934601500513,0.95469726641687,0.935107809836967,0.7431914433639781,0.0006667406911029176
00824-Dd4bFSTQ8gi,belief,394,sculpture,0_5_246,0_5,1,0.5845568985500528,0.9502091927933555,0.9428430941596782,0.9773854773715106,0.6675783692480114
00824-Dd4bFSTQ8gi,belief,394,sculpture,0_6_7,0_6,2,0.5729476115819746,0.9780570176670222,0.922056257328215,0.9244714638992167,0.6872263613268333
00824-Dd4bFSTQ8gi,belief,394,sculpture,0_5_162,0_5,3,0.5538177297520567,0.9652193525708596,0.9242908178746434,0.9936587704203462,0.6247336878771368
00824-Dd4bFSTQ8gi,belief,394,sculpture,0_5_228,0_5,4,0.5435006082755603,0.9588123140688157,0.920825380042875,0.9874340482117496,0.6234204613725115
00824-Dd4bFSTQ8gi,belief,394,sculpture,0_5_412,0_5,5,0.5266423143181267,0.9267178218866888,0.9232047324457098,0.9939624190816476,0.6192988150521652
00824-Dd4bFSTQ8gi,belief,395,security camera,0_4_7,0_4,1,0.03487679050249407,0.9548851611138032,0.9557685739561002,0.9927725423818324,0.03849309791090166
00824-Dd4bFSTQ8gi,belief,395,security camera,0_3_48,0_3,2,0.03463869411939931,0.9350999885963068,0.9528884058033308,0.9981931434202318,0.03894456290742753
00824-Dd4bFSTQ8gi,belief,395,security camera,0_5_420,0_5,3,0.0185560581411438,0.9891396276971214,0.9344080657696802,0.9986228693688781,0.020104350038307336
00824-Dd4bFSTQ8gi,belief,395,security camera,0_2_200,0_2,4,0.016048000641815097,0.9661810888184442,0.9500365693955204,0.9988173081479677,0.017503948145857352
00824-Dd4bFSTQ8gi,belief,395,security camera,0_2_60,0_2,5,0.013564622954243492,0.9718013563187294,0.9572965303557819,0.9987060044412006,0.014599772209603979
00824-Dd4bFSTQ8gi,belief,396,self-closing mechanism,0_4_27,0_4,1,0.006887995210841345,0.9385714464717441,0.9242739391230563,0.9884691868546905,0.008032701989047132
00824-Dd4bFSTQ8gi,belief,396,self-closing mechanism,0_1_3,0_1,2,0.006739621489834891,0.7059159971335355,0.9536042752733953,0.9892423519292102,0.010120724241632842
00824-Dd4bFSTQ8gi,belief,396,self-closing mechanism,0_2_85,0_2,3,0.005779619574551155,0.9831545421598006,0.9558507469819035,0.9907241469877843,0.006207755897710893
00824-Dd4bFSTQ8gi,belief,396,self-closing mechanism,0_5_164,0_5,4,0.004889816281260822,0.8294892445145737,0.8934307131046062,0.9942898782409825,0.006636023063674449
00824-Dd4bFSTQ8gi,belief,396,self-closing mechanism,0_5_93,0_5,5,0.00379105201573663,0.9428461868524994,0.9148092258789347,0.9916036696780194,0.004432515195670506
00824-Dd4bFSTQ8gi,belief,397,sensor,0_1_52,0_1,1,0.11246953626546397,0.9670426288967379,0.9487705709054759,0.8860270082170919,0.13835062323404815
00824-Dd4bFSTQ8gi,belief,397,sensor,0_0_55,0_0,2,0.11038010003799721,0.9636302219226234,0.9245795564371652,0.9987798673544314,0.124041298861598
00824-Dd4bFSTQ8gi,belief,397,sensor,0_4_7,0_4,3,0.09729710866040937,0.9548851611138032,0.9557685739561002,0.9927725423818324,0.10738565894831831
00824-Dd4bFSTQ8gi,belief,397,sensor,0_5_19,0_5,4,0.08865469007561777,0.9446524497437864,0.9510823955705882,0.9710361014518593,0.10161928648834091
00824-Dd4bFSTQ8gi,belief,397,sensor,0_6_149,0_6,5,0.0729749484105864,0.9181212293145322,0.9277969756954261,0.9897149494109828,0.08655869184777354
00824-Dd4bFSTQ8gi,belief,398,separator,0_1_52,0_1,1,0.13062830087744143,0.9670426288967379,0.9487705709054759,0.8860270082170919,0.16068801773790461
00824-Dd4bFSTQ8gi,belief,398,separator,0_5_2,0_5,2,0.12891300563702474,0.9446704996128876,0.920601713839274,0.9745107978813246,0.15211006300347815
00824-Dd4bFSTQ8gi,belief,398,separator,0_4_46,0_4,3,0.11425260724125222,0.9677013634987499,0.9440477238891964,0.9777391656931589,0.1279109736408593
00824-Dd4bFSTQ8gi,belief,398,separator,0_2_85,0_2,4,0.11372704724754852,0.9831545421598006,0.9558507469819035,0.9907241469877843,0.12215159478468648
00824-Dd4bFSTQ8gi,belief,398,separator,0_4_19,0_4,5,0.10797322345421527,0.8997959636237179,0.9968185372011825,0.9517453362107378,0.1264838753200481
00824-Dd4bFSTQ8gi,belief,399,set of valves,0_2_6,0_2,1,0.00016657707894195486,0.9572748878262058,0.9918923651744805,0.9723959521942782,0.00018041427031302495
00824-Dd4bFSTQ8gi,belief,399,set of valves,0_4_123,0_4,2,2.7926441049818635e-05,0.9502052993920387,0.9024362671938762,0.9891863458528853,3.2923309982884227e-05
00824-Dd4bFSTQ8gi,belief,399,set of valves,0_2_26,0_2,3,2.6447556590314947e-05,0.9621798116673055,0.9588000005604795,0.9498128775436335,3.0183057819266473e-05
00824-Dd4bFSTQ8gi,belief,399,set of valves,0_2_168,0_2,4,2.3055026269044915e-05,0.9805093748240153,0.9075325009829689,0.990365114076751,2.616112103430295e-05
00824-Dd4bFSTQ8gi,belief,399,set of valves,0_6_2,0_6,5,1.8014001232509043e-05,0.9230388447760689,0.92111433688238,0.96168527426753,2.2031481494736778e-05
00824-Dd4bFSTQ8gi,belief,400,sewing machine,0_5_277,0_5,1,0.0022595002232843504,0.9136341170421443,0.9096081134217623,0.9366862662323752,0.0029026294802479025
00824-Dd4bFSTQ8gi,belief,400,sewing machine,0_1_52,0_1,2,0.0014872188482996486,0.9670426288967379,0.9487705709054759,0.8860270082170919,0.0018294523244234424
00824-Dd4bFSTQ8gi,belief,400,sewing machine,0_5_381,0_5,3,0.0008168553851670538,0.8738880676251871,1.0,0.740147299803735,0.0012629065277087164
00824-Dd4bFSTQ8gi,belief,400,sewing machine,0_5_409,0_5,4,0.0006250937358061003,0.9553930417384459,0.9550950135905424,0.8620343121781208,0.000794679376653278
00824-Dd4bFSTQ8gi,belief,400,sewing machine,0_2_179,0_2,5,0.0005417963950250943,0.9558793028473577,0.9642507474404654,0.987007008573947,0.0005955563123779545
00824-Dd4bFSTQ8gi,belief,401,sewing tools,0_5_277,0_5,1,0.00022699869023851875,0.9136341170421443,0.9096081134217623,0.9366862662323752,0.0002916101018597097
00824-Dd4bFSTQ8gi,belief,401,sewing tools,0_5_381,0_5,2,6.365043470412997e-05,0.8738880676251871,1.0,0.740147299803735,9.840732024176328e-05
00824-Dd4bFSTQ8gi,belief,401,sewing tools,0_2_26,0_2,3,5.974926661859275e-05,0.9621798116673055,0.9588000005604795,0.9498128775436335,6.818836223487508e-05
00824-Dd4bFSTQ8gi,belief,401,sewing tools,0_5_341,0_5,4,5.493245058612469e-05,0.9528206065803968,0.9224242573964267,0.9534262359800177,6.555412409785064e-05
00824-Dd4bFSTQ8gi,belief,401,sewing tools,0_2_118,0_2,5,5.1062369294663825e-05,0.9795660838865262,0.9548193678583632,0.9155692133060522,5.962862869026024e-05
00824-Dd4bFSTQ8gi,belief,402,shampoo,0_1_35,0_1,1,0.012510076256391896,0.9436002045715728,0.9186584180695694,0.9937285419533587,0.01452279168074929
00824-Dd4bFSTQ8gi,belief,402,shampoo,0_4_19,0_4,2,0.011939562363054818,0.8997959636237179,0.9968185372011825,0.9517453362107378,0.013986450241942904
00824-Dd4bFSTQ8gi,belief,402,shampoo,0_2_36,0_2,3,0.00824892363374445,0.9645862616036877,0.9360672919744994,0.9972322626966572,0.009161209612683073
00824-Dd4bFSTQ8gi,belief,402,shampoo,0_4_27,0_4,4,0.008079650833451224,0.9385714464717441,0.9242739391230563,0.9884691868546905,0.009422397277297536
00824-Dd4bFSTQ8gi,belief,402,shampoo,0_5_23,0_5,5,0.007678373646004675,0.8775336300609289,0.9155703927595544,0.9661093980736647,0.009892075577870436
00824-Dd4bFSTQ8gi,belief,403,sheet music,0_2_118,0_2,1,0.006068769442870065,0.9795660838865262,0.9548193678583632,0.9155692133060522,0.007086870521566522
00824-Dd4bFSTQ8gi,belief,403,sheet music,0_5_177,0_5,2,0.0013487771414539358,0.9626096776780202,0.9291400845210275,0.980541615429202,0.0015379518771193334
00824-Dd4bFSTQ8gi,belief,403,sheet music,0_2_115,0_2,3,0.0012214960151130073,0.9527169490513011,0.9282139519033398,0.9795580761703093,0.0014100998988931708
00824-Dd4bFSTQ8gi,belief,403,sheet music,0_2_26,0_2,4,0.0011432913281767296,0.9621798116673055,0.9588000005604795,0.9498128775436335,0.0013047718848727588
00824-Dd4bFSTQ8gi,belief,403,sheet music,0_0_44,0_0,5,0.0010702047456212327,0.9746067896723822,0.9193050916540129,0.9818892958002545,0.0012165087829645264
00824-Dd4bFSTQ8gi,belief,404,sheets / clothes,0_1_75,0_1,1,0.0636028400576436,0.9640655255926591,0.9392900853257735,0.9818768577640451,0.07153411249510368
00824-Dd4bFSTQ8gi,belief,404,sheets / clothes,0_1_30,0_1,2,0.03699030042117891,0.9070670520817792,0.9787859369762042,0.999621437852044,0.04167975755998832
00824-Dd4bFSTQ8gi,belief,404,sheets / clothes,0_1_40,0_1,3,0.03309635384118728,0.9868741405351709,0.9178677673324358,0.994910600537195,0.036724357350138494
00824-Dd4bFSTQ8gi,belief,404,sheets / clothes,0_0_1,0_0,4,0.0257894006179893,0.967441533474212,0.9826338374798602,0.9970343468188226,0.027209131878463712
00824-Dd4bFSTQ8gi,belief,404,sheets / clothes,0_0_52,0_0,5,0.02521427774180101,0.9919275494631966,0.9298860075247082,0.9968568096349694,0.027422313238884645
00824-Dd4bFSTQ8gi,belief,405,shelf,0_1_34,0_1,1,0.8004041255815091,0.9893106774184774,0.9586758748858893,0.9996328960140677,0.8442368100846308
00824-Dd4bFSTQ8gi,belief,405,shelf,0_1_64,0_1,2,0.7744788577736856,0.9586422654389372,0.9307341632123025,0.9996388053207839,0.8683288526354279
00824-Dd4bFSTQ8gi,belief,405,shelf,0_1_36,0_1,3,0.7648293298856185,0.9805625916180608,0.9096430856192323,0.9997496686662906,0.8576832358943797
00824-Dd4bFSTQ8gi,belief,405,shelf,0_1_91,0_1,4,0.659030489031626,0.9809919990090465,0.9550332621794047,0.9966711521015063,0.7057805015824372
00824-Dd4bFSTQ8gi,belief,405,shelf,0_1_89,0_1,5,0.6574706944410235,0.9445745755164398,0.9624868941181972,0.9994311721690107,0.7235897936390588
00824-Dd4bFSTQ8gi,belief,406,ship toy,0_1_52,0_1,1,0.02151699171314865,0.9670426288967379,0.9487705709054759,0.8860270082170919,0.026468404800830313
00824-Dd4bFSTQ8gi,belief,406,ship toy,0_6_79,0_6,2,0.0037914116498758365,0.9764038686326914,0.9405713974718488,0.9689450493932146,0.0042606958460294315
00824-Dd4bFSTQ8gi,belief,406,ship toy,0_2_26,0_2,3,0.003582650681745675,0.9621798116673055,0.9588000005604795,0.9498128775436335,0.004088670811766526
00824-Dd4bFSTQ8gi,belief,406,ship toy,0_0_30,0_0,4,0.0031833474662123634,0.971570948116727,0.9364986114502116,0.9774138395879133,0.0035795126622722574
00824-Dd4bFSTQ8gi,belief,406,ship toy,0_0_26,0_0,5,0.0010365087872968332,0.9508786796631992,0.9376608623291074,0.9837077502529517,0.0011817782596674174
00824-Dd4bFSTQ8gi,belief,407,shisha,0_2_6,0_2,1,0.033723623144929334,0.9572748878262058,0.9918923651744805,0.9723959521942782,0.036524970305932436
00824-Dd4bFSTQ8gi,belief,407,shisha,0_5_277,0_5,2,0.005941224887376859,0.9136341170421443,0.9096081134217623,0.9366862662323752,0.007632295995888622
00824-Dd4bFSTQ8gi,belief,407,shisha,0_5_381,0_5,3,0.0013633918510130806,0.8738880676251871,1.0,0.740147299803735,0.0021078840878513143
00824-Dd4bFSTQ8gi,belief,407,shisha,0_5_308,0_5,4,0.0010142589544601523,0.8731722489992778,0.9068384887821965,0.9439973818038041,0.0013569010911488842
00824-Dd4bFSTQ8gi,belief,407,shisha,0_3_47,0_3,5,0.0007491040618228825,0.9306412878968231,0.9396563935419477,0.9737951084664206,0.0008796768723378879
00824-Dd4bFSTQ8gi,belief,408,shoe,0_3_29,0_3,1,0.3737192711613514,0.9802004204215117,0.9173320674665175,0.9370955823154603,0.4435270814473546
00824-Dd4bFSTQ8gi,belief,408,shoe,0_0_8,0_0,2,0.36614400816200815,0.9848732120460935,0.9499832243710505,0.8873896658146057,0.4410027558136741
00824-Dd4bFSTQ8gi,belief,408,shoe,0_5_299,0_5,3,0.20038092978438177,0.9530364304530098,0.9700309846309396,0.9938571548477667,0.21809078214911137
00824-Dd4bFSTQ8gi,belief,408,shoe,0_6_68,0_6,4,0.13524626257793684,0.9486475287198018,0.9414739267705342,0.9603944193808228,0.15767486503277953
00824-Dd4bFSTQ8gi,belief,408,shoe,0_5_260,0_5,5,0.09311855948377715,0.8919481019533816,0.9424942998312142,0.9588323948945878,0.11552480188487031
00824-Dd4bFSTQ8gi,belief,409,shoe rack,0_0_30,0_0,1,0.004630357041116788,0.971570948116727,0.9364986114502116,0.9774138395879133,0.005206601489607341
00824-Dd4bFSTQ8gi,belief,409,shoe rack,0_5_188,0_5,2,0.0024233740296138845,0.9447020675174197,0.9374367955390734,0.9986469452944462,0.0027401327888995144
00824-Dd4bFSTQ8gi,belief,409,shoe rack,0_2_169,0_2,3,0.002135250480648449,0.9477227049863213,0.9335921561621523,0.9983475490964684,0.00241728909409221
00824-Dd4bFSTQ8gi,belief,409,shoe rack,0_0_26,0_0,4,0.002081976497904026,0.9508786796631992,0.9376608623291074,0.9837077502529517,0.0023737710596532266
00824-Dd4bFSTQ8gi,belief,409,shoe rack,0_5_173,0_5,5,0.00206441524101567,0.7824228611257341,0.9281239138084845,0.9963801591658398,0.0028531492582709386
00824-Dd4bFSTQ8gi,belief,410,shoehorn,0_0_47,0_0,1,0.07316416925753193,0.9624765808173422,0.8942528018457205,0.9912889280771499,0.08575268157877441
00824-Dd4bFSTQ8gi,belief,410,shoehorn,0_6_158,0_6,2,0.038147702053322956,0.95469726641687,0.935107809836967,0.7431914433639781,0.05749635561356911
00824-Dd4bFSTQ8gi,belief,410,shoehorn,0_0_71,0_0,3,0.014428658826069892,0.9764317497729309,0.933230032659411,0.9600888112394653,0.016492403695890015
00824-Dd4bFSTQ8gi,belief,410,shoehorn,0_0_48,0_0,4,0.009788476626646107,0.9834389573740926,0.9080382273517742,0.9876267081686854,0.011098664971283098
00824-Dd4bFSTQ8gi,belief,410,shoehorn,0_1_55,0_1,5,0.005327200771422245,0.9745056038523426,0.9320924381733031,0.880783763975125,0.00665865385216867
00824-Dd4bFSTQ8gi,belief,411,shovel,0_2_145,0_2,1,0.036376686576605866,0.9523772162455373,0.947680668623009,0.9742405445728378,0.04137003799824041
00824-Dd4bFSTQ8gi,belief,411,shovel,0_2_168,0_2,2,0.030329511817199013,0.9805093748240153,0.9075325009829689,0.990365114076751,0.0344156636518955
00824-Dd4bFSTQ8gi,belief,411,shovel,0_1_52,0_1,3,0.030081959368635187,0.9670426288967379,0.9487705709054759,0.8860270082170919,0.037004312144834316
00824-Dd4bFSTQ8gi,belief,411,shovel,0_5_213,0_5,4,0.019887856979945603,0.9816886380314825,0.9497975263789378,0.9071035721257079,0.023513989084315283
00824-Dd4bFSTQ8gi,belief,411,shovel,0_2_121,0_2,5,0.016947599809279512,0.9803334756295867,0.9596440184592478,0.9852285314398698,0.018284674209396112
00824-Dd4bFSTQ8gi,belief,412,shower,0_4_49,0_4,1,0.43113595066801336,0.9773024847642546,0.9648760894953392,0.9951934266011956,0.4594160805380494
00824-Dd4bFSTQ8gi,belief,412,shower,0_2_95,0_2,2,0.24407256629424798,0.9727564324427442,0.9520904603891356,0.9960164246728062,0.2645879993207368
00824-Dd4bFSTQ8gi,belief,412,shower,0_2_103,0_2,3,0.18071715879886216,0.9561949172777673,0.9423188673413869,0.9924656931932572,0.2020875548229599
00824-Dd4bFSTQ8gi,belief,412,shower,0_2_93,0_2,4,0.1562722665914419,0.9640541310378016,0.9237285025338733,0.9982912815747471,0.17578380810826302
00824-Dd4bFSTQ8gi,belief,412,shower,0_4_102,0_4,5,0.14234864411194756,0.9793698223022669,0.9410808717219558,0.9971505440458512,0.15488841670150322
00824-Dd4bFSTQ8gi,belief,413,shower seat,0_4_102,0_4,1,0.022564436448869147,0.9793698223022669,0.9410808717219558,0.9971505440458512,0.024552182123901898
00824-Dd4bFSTQ8gi,belief,413,shower seat,0_4_120,0_4,2,0.022327485077315728,0.9559786604214757,0.9529424329546861,0.9971428800812246,0.024579189132965636
00824-Dd4bFSTQ8gi,belief,413,shower seat,0_2_105,0_2,3,0.01605401569808698,0.8442992644921856,0.9214020086319012,0.998606666245291,0.020665392429574405
00824-Dd4bFSTQ8gi,belief,413,shower seat,0_2_95,0_2,4,0.01593004686466452,0.9727564324427442,0.9520904603891356,0.9960164246728062,0.017269041306042485
00824-Dd4bFSTQ8gi,belief,413,shower seat,0_2_93,0_2,5,0.012992296355670367,0.9640541310378016,0.9237285025338733,0.9982912815747471,0.014614463457176968
00824-Dd4bFSTQ8gi,belief,414,shredder,0_6_79,0_6,1,0.1927813160351234,0.9764038686326914,0.9405713974718488,0.9689450493932146,0.21664293626618902
00824-Dd4bFSTQ8gi,belief,414,shredder,0_2_118,0_2,2,0.05125166957491341,0.9795660838865262,0.9548193678583632,0.9155692133060522,0.05984968612018142
00824-Dd4bFSTQ8gi,belief,414,shredder,0_5_381,0_5,3,0.023954783135821316,0.8738880676251871,1.0,0.740147299803735,0.03703550535556364
00824-Dd4bFSTQ8gi,belief,414,shredder,0_1_52,0_1,4,0.021451582022386194,0.9670426288967379,0.9487705709054759,0.8860270082170919,0.026387943266240423
00824-Dd4bFSTQ8gi,belief,414,shredder,0_5_423,0_5,5,0.020459184094917024,0.9704151882065667,0.9359775368968624,0.9654242556344028,0.023331738116335318
00824-Dd4bFSTQ8gi,belief,415,side table,0_5_158,0_5,1,0.4219430953440241,0.9586310129528466,0.8963342963040666,0.999049569673051,0.49152471321670976
00824-Dd4bFSTQ8gi,belief,415,side table,0_2_169,0_2,2,0.19706968060063196,0.9477227049863213,0.9335921561621523,0.9983475490964684,0.2231000034934889
00824-Dd4bFSTQ8gi,belief,415,side table,0_2_177,0_2,3,0.1568874352867792,0.9801911154940978,0.9498673145061571,0.9987396797559609,0.16871828548504425
00824-Dd4bFSTQ8gi,belief,415,side table,0_5_396,0_5,4,0.15521972535384,0.9580598811308542,0.967888179144557,0.9961923212031977,0.16802963368683435
00824-Dd4bFSTQ8gi,belief,415,side table,0_5_395,0_5,5,0.08770592357941857,0.9504626026129667,0.966903158638335,0.9972332824445167,0.09570048728802039
00824-Dd4bFSTQ8gi,belief,416,sideboard,0_5_62,0_5,1,0.014272418897050086,0.9877969162194423,0.9504105454821048,0.9982966034624458,0.01522856838309451
00824-Dd4bFSTQ8gi,belief,416,sideboard,0_5_71,0_5,2,0.012688063095062008,0.9697594858674828,0.9187593463357399,0.9969286487155646,0.014284513263249253
00824-Dd4bFSTQ8gi,belief,416,sideboard,0_5_127,0_5,3,0.012468060744987613,0.9712925213078658,0.9027066908876451,0.9988746751874485,0.014236105598499879
00824-Dd4bFSTQ8gi,belief,416,sideboard,0_5_70,0_5,4,0.008856874130840056,0.8857353876802494,0.9365876202115592,0.9990448701253544,0.010686686499601706
00824-Dd4bFSTQ8gi,belief,416,sideboard,0_5_178,0_5,5,0.007273914490320669,0.9644810934529061,0.8923786449736311,0.9952167394719563,0.008491953972757845
00824-Dd4bFSTQ8gi,belief,417,sign,0_5_16,0_5,1,0.2868782437580839,0.9256008538277343,0.9116673200609422,0.9992698965734864,0.3402159539933642
00824-Dd4bFSTQ8gi,belief,417,sign,0_6_2,0_6,2,0.10918316242540427,0.9230388447760689,0.92111433688238,0.96168527426753,0.1335331774137496
00824-Dd4bFSTQ8gi,belief,417,sign,0_2_114,0_2,3,0.009493991437458197,0.975630308427508,0.9513947294934744,0.9918297227012116,0.010312541094600012
00824-Dd4bFSTQ8gi,belief,417,sign,0_0_45,0_0,4,0.008931735485871355,0.9408471284137021,0.9296761736142354,0.9863083992051843,0.010353146441440359
00824-Dd4bFSTQ8gi,belief,417,sign,0_2_26,0_2,5,0.008466624395862715,0.9621798116673055,0.9588000005604795,0.9498128775436335,0.009662465899323111
00824-Dd4bFSTQ8gi,belief,418,silicone gun,0_2_159,0_2,1,0.0016453305442133534,0.9870273823715147,0.9569317912040664,0.960670050619474,0.0018132960872811845
00824-Dd4bFSTQ8gi,belief,418,silicone gun,0_4_46,0_4,2,0.0009433277327801005,0.9677013634987499,0.9440477238891964,0.9777391656931589,0.0010560981641980472
00824-Dd4bFSTQ8gi,belief,418,silicone gun,0_2_85,0_2,3,0.0008525938470376097,0.9831545421598006,0.9558507469819035,0.9907241469877843,0.000915751359415515
00824-Dd4bFSTQ8gi,belief,418,silicone gun,0_2_26,0_2,4,0.0008342690242377065,0.9621798116673055,0.9588000005604795,0.9498128775436335,0.0009521027059494366
00824-Dd4bFSTQ8gi,belief,418,silicone gun,0_4_19,0_4,5,0.0007872595274266808,0.8997959636237179,0.9968185372011825,0.9517453362107378,0.0009222252770269484
00824-Dd4bFSTQ8gi,belief,419,silicone tube,0_6_158,0_6,1,0.045697957393907924,0.95469726641687,0.935107809836967,0.7431914433639781,0.0688761279896016
00824-Dd4bFSTQ8gi,belief,419,silicone tube,0_5_341,0_5,2,0.036198302679640894,0.9528206065803968,0.9224242573964267,0.9534262359800177,0.04319756356531668
00824-Dd4bFSTQ8gi,belief,419,silicone tube,0_1_12,0_1,3,0.03527609552309394,0.9475848957496408,0.9255982886040143,0.9801206883559259,0.041035552117378436
00824-Dd4bFSTQ8gi,belief,419,silicone tube,0_4_46,0_4,4,0.029576852332089648,0.9677013634987499,0.9440477238891964,0.9777391656931589,0.0331126271021633
00824-Dd4bFSTQ8gi,belief,419,silicone tube,0_1_5,0_1,5,0.028665657532155806,0.9771667424800556,0.9365522750560813,0.9850200777784011,0.031799194898287905
00824-Dd4bFSTQ8gi,belief,420,sink,0_4_86,0_4,1,0.8352616244266298,0.9785747509705742,0.9314411376198287,0.99997014877552,0.9164020922036454
00824-Dd4bFSTQ8gi,belief,420,sink,0_2_131,0_2,2,0.7884669284344105,0.9620556405021085,0.9010083583719094,0.9998099226911581,0.9097813489803921
00824-Dd4bFSTQ8gi,belief,420,sink,0_2_82,0_2,3,0.7688201314364909,0.9815767820408876,0.9300855586370383,0.9989792382143137,0.8429874440597431
00824-Dd4bFSTQ8gi,belief,420,sink,0_2_133,0_2,4,0.748844231148773,0.9845735762889187,0.9501939885730822,0.9996838147870353,0.8006973166030876
00824-Dd4bFSTQ8gi,belief,420,sink,0_5_66,0_5,5,0.6831540037136492,0.9580955974610982,0.9091985048417863,0.9996390347218895,0.7845269265352139
00824-Dd4bFSTQ8gi,belief,421,skateboard,0_3_29,0_3,1,0.020665257132637165,0.9802004204215117,0.9173320674665175,0.9370955823154603,0.024525364065158112
00824-Dd4bFSTQ8gi,belief,421,skateboard,0_1_52,0_1,2,0.014903417130447062,0.9670426288967379,0.9487705709054759,0.8860270082170919,0.018332938116216696
00824-Dd4bFSTQ8gi,belief,421,skateboard,0_5_423,0_5,3,0.003412176817393638,0.9704151882065667,0.9359775368968624,0.9654242556344028,0.003891260547865057
00824-Dd4bFSTQ8gi,belief,421,skateboard,0_5_429,0_5,4,0.003131034368482791,0.981436476077767,0.9456069053530338,0.9937900419489633,0.003394848235077688
00824-Dd4bFSTQ8gi,belief,421,skateboard,0_3_3,0_3,5,0.0029307827203484188,0.9352000604038737,0.9641408302363261,0.9968644707889505,0.003260637382938594
00824-Dd4bFSTQ8gi,belief,422,skates,0_5_423,0_5,1,0.0025168583728118607,0.9704151882065667,0.9359775368968624,0.9654242556344028,0.002870235692582751
00824-Dd4bFSTQ8gi,belief,422,skates,0_3_29,0_3,2,0.0023132723504995806,0.9802004204215117,0.9173320674665175,0.9370955823154603,0.002745373368147695
00824-Dd4bFSTQ8gi,belief,422,skates,0_5_213,0_5,3,0.000680410123046438,0.9816886380314825,0.9497975263789378,0.9071035721257079,0.0008044685871536935
00824-Dd4bFSTQ8gi,belief,422,skates,0_5_277,0_5,4,0.0005490000327185128,0.9136341170421443,0.9096081134217623,0.9366862662323752,0.0007052637849751946
00824-Dd4bFSTQ8gi,belief,422,skates,0_5_2,0_5,5,0.00039099999528680534,0.9446704996128876,0.920601713839274,0.9745107978813246,0.0004613579027464236
00824-Dd4bFSTQ8gi,belief,423,ski,0_1_52,0_1,1,0.12390478986825511,0.9670426288967379,0.9487705709054759,0.8860270082170919,0.15241731644999018
00824-Dd4bFSTQ8gi,belief,423,ski,0_1_55,0_1,2,0.04095840860936844,0.9745056038523426,0.9320924381733031,0.880783763975125,0.05119534197556764
00824-Dd4bFSTQ8gi,belief,423,ski,0_2_150,0_2,3,0.03727181810236275,0.9760204264991155,0.932923988734002,0.9830901668578967,0.04163725195513156
00824-Dd4bFSTQ8gi,belief,423,ski,0_6_82,0_6,4,0.026139536959914018,0.9961997243616044,0.9312769545320819,0.9935687311708992,0.02835794146021136
00824-Dd4bFSTQ8gi,belief,423,ski,0_0_47,0_0,5,0.0231079640967635,0.9624765808173422,0.8942528018457205,0.9912889280771499,0.02708388419129789
00824-Dd4bFSTQ8gi,belief,424,sky,0_5_19,0_5,1,0.18689438728795196,0.9446524497437864,0.9510823955705882,0.9710361014518593,0.21422526285612295
00824-Dd4bFSTQ8gi,belief,424,sky,0_3_36,0_3,2,0.1822259176658168,0.9042678352764018,0.9332616448355393,0.9891987712409812,0.2182860976048157
00824-Dd4bFSTQ8gi,belief,424,sky,0_3_43,0_3,3,0.17920029003512108,0.9143621884286404,0.9021755831213756,0.9899515747964079,0.2194398157766662
00824-Dd4bFSTQ8gi,belief,424,sky,0_5_337,0_5,4,0.17249841958124457,0.975354276358437,0.923181366702601,0.991935831123999,0.19313105794637195
00824-Dd4bFSTQ8gi,belief,424,sky,0_3_5,0_3,5,0.16711976603529832,0.9365737316785036,0.9578883224092122,0.9902321937148507,0.18811954757635543
00824-Dd4bFSTQ8gi,belief,425,sled,0_1_52,0_1,1,0.14585363661585926,0.9670426288967379,0.9487705709054759,0.8860270082170919,0.1794169532194725
00824-Dd4bFSTQ8gi,belief,425,sled,0_6_68,0_6,2,0.007244745636182927,0.9486475287198018,0.9414739267705342,0.9603944193808228,0.00844618009110376
00824-Dd4bFSTQ8gi,belief,425,sled,0_6_79,0_6,3,0.0064147030247122296,0.9764038686326914,0.9405713974718488,0.9689450493932146,0.007208686646251901
00824-Dd4bFSTQ8gi,belief,425,sled,0_1_75,0_1,4,0.0036180276748737842,0.9640655255926591,0.9392900853257735,0.9818768577640451,0.00406919562821812
00824-Dd4bFSTQ8gi,belief,425,sled,0_2_118,0_2,5,0.0030616302480205577,0.9795660838865262,0.9548193678583632,0.9155692133060522,0.0035752515162896163
00824-Dd4bFSTQ8gi,belief,426,sleeping bag,0_1_75,0_1,1,0.09234341991617649,0.9640655255926591,0.9392900853257735,0.9818768577640451,0.10385864188579598
00824-Dd4bFSTQ8gi,belief,426,sleeping bag,0_1_43,0_1,2,0.018001712108337193,0.9830851772084559,0.9512219161502886,0.9984183297153921,0.01928094299696201
00824-Dd4bFSTQ8gi,belief,426,sleeping bag,0_1_69,0_1,3,0.007707893759200192,0.9823178559541702,0.942460043045791,0.998610291175469,0.00833728595716682
00824-Dd4bFSTQ8gi,belief,426,sleeping bag,0_0_16,0_0,4,0.007435965927857287,0.9662416562297051,0.9015891692466742,0.9668962628845564,0.008828015090769727
00824-Dd4bFSTQ8gi,belief,426,sleeping bag,0_1_52,0_1,5,0.0065064629789845325,0.9670426288967379,0.9487705709054759,0.8860270082170919,0.008003706942181
00824-Dd4bFSTQ8gi,belief,427,smoke detector,0_0_42,0_0,1,0.7816492021275295,0.8896240645376022,0.9425180797177463,0.9821947290936854,0.9491133406049992
00824-Dd4bFSTQ8gi,belief,427,smoke detector,0_0_76,0_0,2,0.7504114001892164,0.9366153136327043,0.9160733129423054,0.9974695427523327,0.8768156523126811
00824-Dd4bFSTQ8gi,belief,427,smoke detector,0_0_43,0_0,3,0.5442761438302695,0.8955877274099261,0.9399183973457703,0.9954940145244093,0.6495047957249799
00824-Dd4bFSTQ8gi,belief,427,smoke detector,0_1_52,0_1,4,0.1514390993637786,0.9670426288967379,0.9487705709054759,0.8860270082170919,0.18628772265521784
00824-Dd4bFSTQ8gi,belief,427,smoke detector,0_2_204,0_2,5,0.14021829035232347,0.9547795909312037,0.9251967571365296,0.992837684393706,0.1598781762627074
00824-Dd4bFSTQ8gi,belief,428,snack,0_5_277,0_5,1,0.019269359931056985,0.9136341170421443,0.9096081134217623,0.9366862662323752,0.024754063586722146
00824-Dd4bFSTQ8gi,belief,428,snack,0_4_116,0_4,2,0.009415453863032738,0.9767318007018831,0.9430731085706365,0.9744615593847696,0.010489525880133953
00824-Dd4bFSTQ8gi,belief,428,snack,0_2_26,0_2,3,0.005930720836961925,0.9621798116673055,0.9588000005604795,0.9498128775436335,0.006768386687090119
00824-Dd4bFSTQ8gi,belief,428,snack,0_5_23,0_5,4,0.005382945606889175,0.8775336300609289,0.9155703927595544,0.9661093980736647,0.006934867620387348
00824-Dd4bFSTQ8gi,belief,428,snack,0_2_118,0_2,5,0.004485317314084514,0.9795660838865262,0.9548193678583632,0.9155692133060522,0.005237777337282517
00824-Dd4bFSTQ8gi,belief,429,soap,0_5_23,0_5,1,0.22388986209700637,0.8775336300609289,0.9155703927595544,0.9661093980736647,0.2884380910708846
00824-Dd4bFSTQ8gi,belief,429,soap,0_6_2,0_6,2,0.14467770996023332,0.9230388447760689,0.92111433688238,0.96168527426753,0.17694371442239631
00824-Dd4bFSTQ8gi,belief,429,soap,0_2_36,0_2,3,0.1442292908640241,0.9645862616036877,0.9360672919744994,0.9972322626966572,0.16018026406363686
00824-Dd4bFSTQ8gi,belief,429,soap,0_5_94,0_5,4,0.12342895938307379,0.9754105049749243,0.9360900290504934,0.9916418897687158,0.1363192397453282
00824-Dd4bFSTQ8gi,belief,429,soap,0_1_35,0_1,5,0.09174927287688998,0.9436002045715728,0.9186584180695694,0.9937285419533587,0.10651058790872596
00824-Dd4bFSTQ8gi,belief,430,socks,0_1_9,0_1,1,0.024497126035856732,0.9570596029988906,0.9115689408263052,0.977862634324559,0.02871499735353324
00824-Dd4bFSTQ8gi,belief,430,socks,0_3_29,0_3,2,0.02414192017352724,0.9802004204215117,0.9173320674665175,0.9370955823154603,0.028651440322638857
00824-Dd4bFSTQ8gi,belief,430,socks,0_0_8,0_0,3,0.012278912179060388,0.9848732120460935,0.9499832243710505,0.8873896658146057,0.014789356069330297
00824-Dd4bFSTQ8gi,belief,430,socks,0_1_11,0_1,4,0.004225749691041657,0.9582889779703784,0.9467363707193159,0.9546083358999461,0.0048792491062026365
00824-Dd4bFSTQ8gi,belief,430,socks,0_5_2,0_5,5,0.003263445688846563,0.9446704996128876,0.920601713839274,0.9745107978813246,0.0038506815265527358
00824-Dd4bFSTQ8gi,belief,431,sofa,0_5_193,0_5,1,0.880333967860085,0.9555898625983579,0.9424564193435427,0.9995809699770265,0.9779050059666212
00824-Dd4bFSTQ8gi,belief,431,sofa,0_6_47,0_6,2,0.8700422344481044,0.9651747352009472,0.9338067093580553,0.9943343261120599,0.9708339780251825
00824-Dd4bFSTQ8gi,belief,431,sofa,0_6_66,0_6,3,0.8667685897528594,0.9468306954462963,0.9326902048571496,0.9997071507142288,0.9817945602851778
00824-Dd4bFSTQ8gi,belief,431,sofa,0_5_249,0_5,4,0.8490497060012467,0.9411069118521014,0.9220209750056633,0.9995347079612973,0.9789386439198249
00824-Dd4bFSTQ8gi,belief,431,sofa,0_6_55,0_6,5,0.8154352790546043,0.9138551573781708,0.9487965247068872,0.9935839302413906,0.9465302229382653
00824-Dd4bFSTQ8gi,belief,432,solarium,0_5_65,0_5,1,0.004687503898358638,0.9786055164108167,0.9310643677958266,0.996046649990946,0.0051650507948306085
00824-Dd4bFSTQ8gi,belief,432,solarium,0_5_238,0_5,2,0.002423462748307413,0.929428730545917,0.9601837682597145,0.9983967563134082,0.0027199613558146693
00824-Dd4bFSTQ8gi,belief,432,solarium,0_5_280,0_5,3,0.0020767434010141974,0.9402331158779577,0.9308165588888347,0.998399563826708,0.0023767243330634017
00824-Dd4bFSTQ8gi,belief,432,solarium,0_5_315,0_5,4,0.0019293135708467375,0.9400781379319915,0.9483385574793061,0.9984962628401653,0.002167349819491109
00824-Dd4bFSTQ8gi,belief,432,solarium,0_5_349,0_5,5,0.001598368530061584,0.9778791238440332,0.9560132204848475,0.9574829326936317,0.001785651924159258
00824-Dd4bFSTQ8gi,belief,433,speaker,0_1_35,0_1,1,0.08236816853374045,0.9436002045715728,0.9186584180695694,0.9937285419533587,0.09562018074263672
00824-Dd4bFSTQ8gi,belief,433,speaker,0_5_221,0_5,2,0.07196810842035901,0.9546420804071826,0.947378067978975,0.9985432168536884,0.07969100826662989
00824-Dd4bFSTQ8gi,belief,433,speaker,0_5_276,0_5,3,0.0669849083219028,0.8641480261396657,0.9889181356195544,0.9982993136156959,0.07851772561231693
00824-Dd4bFSTQ8gi,belief,433,speaker,0_5_125,0_5,4,0.060049913240067955,0.8721973859944828,0.9260615837344047,0.9977790475216071,0.07451150836988908
00824-Dd4bFSTQ8gi,belief,433,speaker,0_0_55,0_0,5,0.04970927221697733,0.9636302219226234,0.9245795564371652,0.9987798673544314,0.05586154287897938
00824-Dd4bFSTQ8gi,belief,434,speaker stand,0_5_277,0_5,1,0.002552233019145275,0.9136341170421443,0.9096081134217623,0.9366862662323752,0.0032786838104688644
00824-Dd4bFSTQ8gi,belief,434,speaker stand,0_6_143,0_6,2,0.0015245805543484875,0.8521712787381153,0.9954768358042596,0.9982405650093445,0.0018003506943888908
00824-Dd4bFSTQ8gi,belief,434,speaker stand,0_6_154,0_6,3,0.0013172890436277827,0.7284496228966875,0.911743489511952,0.997915162875683,0.0019875371930939086
00824-Dd4bFSTQ8gi,belief,434,speaker stand,0_5_106,0_5,4,0.0009970903034099453,0.9398846501553498,0.924557703481315,0.9969546355783374,0.0011509342582821933
00824-Dd4bFSTQ8gi,belief,434,speaker stand,0_2_174,0_2,5,0.0009968187431243676,0.9830539070309687,0.8802982169221036,0.9984696322191826,0.001153650288482972
00824-Dd4bFSTQ8gi,belief,435,spices,0_5_277,0_5,1,0.0023573712898709866,0.9136341170421443,0.9096081134217623,0.9366862662323752,0.0030283579224096562
00824-Dd4bFSTQ8gi,belief,435,spices,0_6_4,0_6,2,0.0018872890310681167,0.958239028850893,0.9269886212419773,0.9444489641783121,0.0022496329392012924
00824-Dd4bFSTQ8gi,belief,435,spices,0_5_28,0_5,3,0.0016976228947616688,0.8739358467557441,0.91572712619522,0.9854440541086565,0.0021526013954996917
00824-Dd4bFSTQ8gi,belief,435,spices,0_5_308,0_5,4,0.001696584177308711,0.8731722489992778,0.9068384887821965,0.9439973818038041,0.0022697329033111
00824-Dd4bFSTQ8gi,belief,435,spices,0_5_97,0_5,5,0.0010843527244096313,0.9430149920106756,0.8675893104575202,0.9938756734499978,0.0013335390098756221
00824-Dd4bFSTQ8gi,belief,436,sponge,0_5_94,0_5,1,0.05501328730262773,0.9754105049749243,0.9360900290504934,0.9916418897687158,0.06075858970592554
00824-Dd4bFSTQ8gi,belief,436,sponge,0_1_52,0_1,2,0.03314001771702949,0.9670426288967379,0.9487705709054759,0.8860270082170919,0.04076607993044892
00824-Dd4bFSTQ8gi,belief,436,sponge,0_5_23,0_5,3,0.02479671141682753,0.8775336300609289,0.9155703927595544,0.9661093980736647,0.03194568989821615
00824-Dd4bFSTQ8gi,belief,436,sponge,0_6_4,0_6,4,0.0039664922853292085,0.958239028850893,0.9269886212419773,0.9444489641783121,0.004728026047560036
00824-Dd4bFSTQ8gi,belief,436,sponge,0_5_150,0_5,5,0.003075438777277647,0.9183554571556157,0.9095149190957261,0.9938490504467685,0.00370481068421034
00824-Dd4bFSTQ8gi,belief,437,spray can,0_5_141,0_5,1,0.05076525393555191,0.8877581810347396,0.916958852186766,0.9974033923687733,0.0625246387620748
00824-Dd4bFSTQ8gi,belief,437,spray can,0_1_52,0_1,2,0.04987306176787568,0.9670426288967379,0.9487705709054759,0.8860270082170919,0.06134967216268815
00824-Dd4bFSTQ8gi,belief,437,spray can,0_2_121,0_2,3,0.013626332543563572,0.9803334756295867,0.9596440184592478,0.9852285314398698,0.01470137683399452
00824-Dd4bFSTQ8gi,belief,437,spray can,0_5_338,0_5,4,0.011482184830940012,0.926016742666849,0.9495938060987561,0.9939243779633701,0.013137552928570018
00824-Dd4bFSTQ8gi,belief,437,spray can,0_5_23,0_5,5,0.009754678006031723,0.8775336300609289,0.9155703927595544,0.9661093980736647,0.01256698573449411
00824-Dd4bFSTQ8gi,belief,438,sprinkler,0_3_47,0_3,1,0.0011799887591386565,0.9306412878968231,0.9396563935419477,0.9737951084664206,0.0013856670574006107
00824-Dd4bFSTQ8gi,belief,438,sprinkler,0_4_116,0_4,2,0.0011430995835680186,0.9767318007018831,0.9430731085706365,0.9744615593847696,0.001273499168477141
00824-Dd4bFSTQ8gi,belief,438,sprinkler,0_2_121,0_2,3,0.0007976923123008744,0.9803334756295867,0.9596440184592478,0.9852285314398698,0.0008606259419564037
00824-Dd4bFSTQ8gi,belief,438,sprinkler,0_1_52,0_1,4,0.00046706463792498703,0.9670426288967379,0.9487705709054759,0.8860270082170919,0.0005745438799977471
00824-Dd4bFSTQ8gi,belief,438,sprinkler,0_0_43,0_0,5,0.0004290433811892015,0.8955877274099261,0.9399183973457703,0.9954940145244093,0.0005119932901989324
00824-Dd4bFSTQ8gi,belief,439,square,0_4_46,0_4,1,0.08081026266965137,0.9677013634987499,0.9440477238891964,0.9777391656931589,0.09047075272796551
00824-Dd4bFSTQ8gi,belief,439,square,0_4_116,0_4,2,0.07314942435707487,0.9767318007018831,0.9430731085706365,0.9744615593847696,0.08149397693116496
00824-Dd4bFSTQ8gi,belief,439,square,0_5_409,0_5,3,0.06716999880140076,0.9553930417384459,0.9550950135905424,0.8620343121781208,0.08539297343695708
00824-Dd4bFSTQ8gi,belief,439,square,0_4_47,0_4,4,0.060397621954233906,0.9707628209574694,0.9346966573795107,0.9753718921212599,0.0682442049682369
00824-Dd4bFSTQ8gi,belief,439,square,0_2_74,0_2,5,0.050411630419389515,0.9737366153265942,0.9535296793708725,0.9704137004208829,0.055949744541886066
00824-Dd4bFSTQ8gi,belief,440,stack,0_2_118,0_2,1,0.22093150200276038,0.9795660838865262,0.9548193678583632,0.9155692133060522,0.25799512793623525
00824-Dd4bFSTQ8gi,belief,440,stack,0_5_2,0_5,2,0.13122624682614964,0.9446704996128876,0.920601713839274,0.9745107978813246,0.1548395569073808
00824-Dd4bFSTQ8gi,belief,440,stack,0_2_127,0_2,3,0.11151553776455597,0.8287659775127064,0.9692424887395859,0.9823823251567811,0.1413157229770617
00824-Dd4bFSTQ8gi,belief,440,stack,0_5_105,0_5,4,0.042988306721209124,0.9797102374335129,0.935921677435793,0.9850633638053959,0.047593650725666084
00824-Dd4bFSTQ8gi,belief,440,stack,0_5_341,0_5,5,0.02653836354237822,0.9528206065803968,0.9224242573964267,0.9534262359800177,0.03166979005029798
00824-Dd4bFSTQ8gi,belief,441,stack of books / papers,0_5_177,0_5,1,0.029272351847947613,0.9626096776780202,0.9291400845210275,0.980541615429202,0.03337798891202973
00824-Dd4bFSTQ8gi,belief,441,stack of books / papers,0_2_118,0_2,2,0.028398199181179314,0.9795660838865262,0.9548193678583632,0.9155692133060522,0.03316230127659888
00824-Dd4bFSTQ8gi,belief,441,stack of books / papers,0_2_127,0_2,3,0.009298517739646977,0.8287659775127064,0.9692424887395859,0.9823823251567811,0.011783351300942166
00824-Dd4bFSTQ8gi,belief,441,stack of books / papers,0_5_105,0_5,4,0.005444625931394317,0.9797102374335129,0.935921677435793,0.9850633638053959,0.006027909556689723
00824-Dd4bFSTQ8gi,belief,441,stack of books / papers,0_2_164,0_2,5,0.0028826214818227698,0.976943165470623,0.9507542637434221,0.9978985865584589,0.0031100232128061286
00824-Dd4bFSTQ8gi,belief,442,stack of stuff,0_5_177,0_5,1,0.19202184045576032,0.9626096776780202,0.9291400845210275,0.980541615429202,0.21895414809484423
00824-Dd4bFSTQ8gi,belief,442,stack of stuff,0_5_2,0_5,2,0.1470496784034512,0.9446704996128876,0.920601713839274,0.9745107978813246,0.1735103121369314
00824-Dd4bFSTQ8gi,belief,442,stack of stuff,0_5_308,0_5,3,0.11544694687602605,0.8731722489992778,0.9068384887821965,0.9439973818038041,0.15444782370126112
00824-Dd4bFSTQ8gi,belief,442,stack of stuff,0_1_52,0_1,4,0.09783784869046659,0.9670426288967379,0.9487705709054759,0.8860270082170919,0.12035194410560608
00824-Dd4bFSTQ8gi,belief,442,stack of stuff,0_2_127,0_2,5,0.08840602344980403,0.8287659775127064,0.9692424887395859,0.9823823251567811,0.1120306763503493
00824-Dd4bFSTQ8gi,belief,443,stack of yarns,0_2_127,0_2,1,0.0035653254288450786,0.8287659775127064,0.9692424887395859,0.9823823251567811,0.0045180837641611935
00824-Dd4bFSTQ8gi,belief,443,stack of yarns,0_2_179,0_2,2,0.0014283701679990344,0.9558793028473577,0.9642507474404654,0.987007008573947,0.001570100646248825
00824-Dd4bFSTQ8gi,belief,443,stack of yarns,0_5_308,0_5,3,0.0009959607531989643,0.8731722489992778,0.9068384887821965,0.9439973818038041,0.0013324212981451506
00824-Dd4bFSTQ8gi,belief,443,stack of yarns,0_5_277,0_5,4,0.0009853695532975534,0.9136341170421443,0.9096081134217623,0.9366862662323752,0.0012658386508954303
00824-Dd4bFSTQ8gi,belief,443,stack of yarns,0_2_173,0_2,5,0.000834594865853675,0.9557157587789034,0.8874425082402169,0.9880977260169275,0.000995879595712563
00824-Dd4bFSTQ8gi,belief,444,stage,0_2_115,0_2,1,0.0009464838384563079,0.9527169490513011,0.9282139519033398,0.9795580761703093,0.0010926247391709954
00824-Dd4bFSTQ8gi,belief,444,stage,0_6_149,0_6,2,0.0004801524374463277,0.9181212293145322,0.9277969756954261,0.9897149494109828,0.000569529239527969
00824-Dd4bFSTQ8gi,belief,444,stage,0_5_46,0_5,3,0.0004369905630231596,0.9237367656397816,0.9000449980104781,0.9985727066020494,0.000526356408308888
00824-Dd4bFSTQ8gi,belief,444,stage,0_2_116,0_2,4,0.000409429024950853,0.9366441074545535,0.9341917714722368,0.9932127886428618,0.0004711136431528408
00824-Dd4bFSTQ8gi,belief,444,stage,0_5_409,0_5,5,0.00039001688300638803,0.9553930417384459,0.9550950135905424,0.8620343121781208,0.0004958270347599702
00824-Dd4bFSTQ8gi,belief,445,stained glass,0_5_120,0_5,1,0.0029812179819571545,0.933692526517895,0.9270745698364868,0.9990237048065874,0.0034474612069137025
00824-Dd4bFSTQ8gi,belief,445,stained glass,0_6_67,0_6,2,0.002663240157319376,0.9127521901384239,0.9672053827073046,0.9991495913989049,0.0030193136265237105
00824-Dd4bFSTQ8gi,belief,445,stained glass,0_6_41,0_6,3,0.0024608456666612736,0.9460899157325425,0.9599196861795047,0.999283875304004,0.0027116159898647393
00824-Dd4bFSTQ8gi,belief,445,stained glass,0_6_61,0_6,4,0.002257679285529094,0.9782575964679321,0.9491653443515033,0.9992683557526855,0.002433240360971951
00824-Dd4bFSTQ8gi,belief,445,stained glass,0_5_65,0_5,5,0.0017181568851372423,0.9786055164108167,0.9310643677958266,0.996046649990946,0.0018931968437037921
00824-Dd4bFSTQ8gi,belief,446,stand,0_5_277,0_5,1,0.0051788767582868775,0.9136341170421443,0.9096081134217623,0.9366862662323752,0.0066529581180229036
00824-Dd4bFSTQ8gi,belief,446,stand,0_1_9,0_1,2,0.003995118139557933,0.9570596029988906,0.9115689408263052,0.977862634324559,0.00468299043065468
00824-Dd4bFSTQ8gi,belief,446,stand,0_2_115,0_2,3,0.0038526483937136335,0.9527169490513011,0.9282139519033398,0.9795580761703093,0.0044475127574967405
00824-Dd4bFSTQ8gi,belief,446,stand,0_2_26,0_2,4,0.0037917852870579362,0.9621798116673055,0.9588000005604795,0.9498128775436335,0.00432734397095209
00824-Dd4bFSTQ8gi,belief,446,stand,0_2_118,0_2,5,0.002658207470973227,0.9795660838865262,0.9548193678583632,0.9155692133060522,0.0031041502471939268
00824-Dd4bFSTQ8gi,belief,447,star,0_2_83,0_2,1,0.8942667827324567,0.983951028289131,0.9331311775328683,0.9886519735993243,0.9851616048196841
00824-Dd4bFSTQ8gi,belief,447,star,0_2_132,0_2,2,0.2132497084672418,0.9838398620749064,0.9533530201915124,0.9972469349170617,0.22798568262540808
00824-Dd4bFSTQ8gi,belief,447,star,0_2_111,0_2,3,0.1493739651452653,0.9664104439236875,0.9074477078342029,0.9981154079389671,0.17065182103200752
00824-Dd4bFSTQ8gi,belief,447,star,0_2_39,0_2,4,0.08295265874247951,0.9291093295647038,0.9443383630321825,0.8914203178897508,0.10606041636906992
00824-Dd4bFSTQ8gi,belief,447,star,0_5_337,0_5,5,0.05095843505176597,0.975354276358437,0.923181366702601,0.991935831123999,0.05705360371840248
00824-Dd4bFSTQ8gi,belief,448,stationery,0_2_114,0_2,1,0.006139779876463962,0.975630308427508,0.9513947294934744,0.9918297227012116,0.006669137285927912
00824-Dd4bFSTQ8gi,belief,448,stationery,0_2_121,0_2,2,0.005372372571535022,0.9803334756295867,0.9596440184592478,0.9852285314398698,0.005796223849245446
00824-Dd4bFSTQ8gi,belief,448,stationery,0_4_102,0_4,3,0.005365551511748722,0.9793698223022669,0.9410808717219558,0.9971505440458512,0.005838213518433958
00824-Dd4bFSTQ8gi,belief,448,stationery,0_4_120,0_4,4,0.005334723437326814,0.9559786604214757,0.9529424329546861,0.9971428800812246,0.005872724844919449
00824-Dd4bFSTQ8gi,belief,448,stationery,0_5_122,0_5,5,0.004770615324727508,0.9087714928090919,0.932634892428493,0.9976727805020232,0.005641829022901185
00824-Dd4bFSTQ8gi,belief,449,steel plate,0_2_118,0_2,1,0.033502872949820614,0.9795660838865262,0.9548193678583632,0.9155692133060522,0.03912333874782786
00824-Dd4bFSTQ8gi,belief,449,steel plate,0_6_149,0_6,2,0.011739905980470054,0.9181212293145322,0.9277969756954261,0.9897149494109828,0.013925202089460105
00824-Dd4bFSTQ8gi,belief,449,steel plate,0_0_44,0_0,3,0.008726924426017574,0.9746067896723822,0.9193050916540129,0.9818892958002545,0.009919952472604146
00824-Dd4bFSTQ8gi,belief,449,steel plate,0_0_39,0_0,4,0.007937477874501808,0.9676551548430958,0.9220987959845639,0.9873662298930815,0.009009614085233765
00824-Dd4bFSTQ8gi,belief,449,steel plate,0_1_48,0_1,5,0.007447115941533369,0.978773989790373,0.9180523665561109,0.9927181911084741,0.008348573227617841
00824-Dd4bFSTQ8gi,belief,450,step stool,0_5_405,0_5,1,0.26836509574498973,0.967878363680214,0.929996550012782,0.9978266568262607,0.2987918923201491
00824-Dd4bFSTQ8gi,belief,450,step stool,0_5_127,0_5,2,0.1469402514147523,0.9712925213078658,0.9027066908876451,0.9988746751874485,0.16777724929287818
00824-Dd4bFSTQ8gi,belief,450,step stool,0_5_70,0_5,3,0.10919531299823916,0.8857353876802494,0.9365876202115592,0.9990448701253544,0.1317548448808523
00824-Dd4bFSTQ8gi,belief,450,step stool,0_5_188,0_5,4,0.10589042825873013,0.9447020675174197,0.9374367955390734,0.9986469452944462,0.11973134603104922
00824-Dd4bFSTQ8gi,belief,450,step stool,0_5_121,0_5,5,0.08304467000343123,0.8748509762049825,0.895262801669855,0.9981154257284807,0.10622980284320342
00824-Dd4bFSTQ8gi,belief,451,stick,0_5_223,0_5,1,0.5796920311857369,0.9479626790217713,0.9415794957811312,0.9554470157029792,0.6797394720243183
00824-Dd4bFSTQ8gi,belief,451,stick,0_1_5,0_1,2,0.46973616752165887,0.9771667424800556,0.9365522750560813,0.9850200777784011,0.5210845739380007
00824-Dd4bFSTQ8gi,belief,451,stick,0_2_168,0_2,3,0.4486619177987067,0.9805093748240153,0.9075325009829689,0.990365114076751,0.5091080182707893
00824-Dd4bFSTQ8gi,belief,451,stick,0_5_378,0_5,4,0.44469068953363583,0.9511613198689052,0.9632165774043154,0.9975818054991474,0.48655438158906034
00824-Dd4bFSTQ8gi,belief,451,stick,0_3_29,0_3,5,0.41487025070863076,0.9802004204215117,0.9173320674665175,0.9370955823154603,0.4923647391913262
00824-Dd4bFSTQ8gi,belief,452,stone,0_5_82,0_5,1,0.5514074201782104,0.9506651403175461,0.9226796057768354,0.897642959373028,0.70031025596471
00824-Dd4bFSTQ8gi,belief,452,stone,0_5_146,0_5,2,0.4528224647599489,0.9807383061363968,0.9220360178388901,0.9794910865605717,0.5112419128839346
00824-Dd4bFSTQ8gi,belief,452,stone,0_6_79,0_6,3,0.43392726027528067,0.9764038686326914,0.9405713974718488,0.9689450493932146,0.48763686090228875
00824-Dd4bFSTQ8gi,belief,452,stone,0_6_68,0_6,4,0.43390957178347594,0.9486475287198018,0.9414739267705342,0.9603944193808228,0.5058670891401901
00824-Dd4bFSTQ8gi,belief,452,stone,0_3_29,0_3,5,0.3532510636915312,0.9802004204215117,0.9173320674665175,0.9370955823154603,0.41923557436681974
00824-Dd4bFSTQ8gi,belief,453,stonework,0_6_127,0_6,1,0.0024509849164079957,0.9778865472984916,0.923753008810368,0.9988416311091586,0.0027164371784559613
00824-Dd4bFSTQ8gi,belief,453,stonework,0_6_139,0_6,2,0.0023392478647631305,0.940496376937344,0.8959734223108025,0.9988795987545621,0.0027791426846324923
00824-Dd4bFSTQ8gi,belief,453,stonework,0_6_106,0_6,3,0.0022347030394954293,0.9647176402265376,0.9514341147540406,0.9985464777600634,0.0024382183547042146
00824-Dd4bFSTQ8gi,belief,453,stonework,0_5_42,0_5,4,0.001639055045171025,0.8942212516704654,0.9372383875599186,0.996141369596184,0.0019632585938388525
00824-Dd4bFSTQ8gi,belief,453,stonework,0_6_13,0_6,5,0.0013310540968595307,0.93869310175931,0.9989302882116098,0.9981627582264285,0.0014221176828649246
00824-Dd4bFSTQ8gi,belief,454,stool,0_5_405,0_5,1,0.859739158312258,0.967878363680214,0.929996550012782,0.9978266568262607,0.9572149809599362
00824-Dd4bFSTQ8gi,belief,454,stool,0_5_229,0_5,2,0.8332465400724631,0.9900322610455874,0.9178923327539369,0.9999346197537834,0.9169820308912662
00824-Dd4bFSTQ8gi,belief,454,stool,0_5_215,0_5,3,0.3358874299690435,0.9127126041367143,0.8857156474751419,0.9993803000525309,0.4157522439353331
00824-Dd4bFSTQ8gi,belief,454,stool,0_3_3,0_3,4,0.3134942618016913,0.9352000604038737,0.9641408302363261,0.9968644707889505,0.3487775133483156
00824-Dd4bFSTQ8gi,belief,454,stool,0_5_205,0_5,5,0.19593236851860718,0.9657861795316071,0.9214373729398908,0.9996128645376877,0.2202558958375616
00824-Dd4bFSTQ8gi,belief,455,storage,0_5_76,0_5,1,0.2272945655332914,0.9378013384930881,0.928929546572546,0.9993122163476438,0.26109240011350665
00824-Dd4bFSTQ8gi,belief,455,storage,0_5_3,0_5,2,0.2106045742770799,0.8656329714562281,0.9612480926454048,0.9960502619233256,0.25410737190340016
00824-Dd4bFSTQ8gi,belief,455,storage,0_5_144,0_5,3,0.19389188673855653,0.9314839523991686,0.9401989937115548,0.9960419085311506,0.22227307905846616
00824-Dd4bFSTQ8gi,belief,455,storage,0_5_138,0_5,4,0.17483490855167574,0.9708760336623669,0.9574528351954763,0.9975009653708563,0.18855309086402386
00824-Dd4bFSTQ8gi,belief,455,storage,0_5_122,0_5,5,0.11906027386634867,0.9087714928090919,0.932634892428493,0.9976727805020232,0.14080315910025656
00824-Dd4bFSTQ8gi,belief,456,strings,0_5_341,0_5,1,0.013431615225969144,0.9528206065803968,0.9224242573964267,0.9534262359800177,0.01602873642014735
00824-Dd4bFSTQ8gi,belief,456,strings,0_5_277,0_5,2,0.010728337427873628,0.9136341170421443,0.9096081134217623,0.9366862662323752,0.013781980710286496
00824-Dd4bFSTQ8gi,belief,456,strings,0_2_26,0_2,3,0.007508645795907327,0.9621798116673055,0.9588000005604795,0.9498128775436335,0.00856918065108729
00824-Dd4bFSTQ8gi,belief,456,strings,0_5_409,0_5,4,0.006911060225675856,0.9553930417384459,0.9550950135905424,0.8620343121781208,0.008786005550145132
00824-Dd4bFSTQ8gi,belief,456,strings,0_0_23,0_0,5,0.004897135708939047,0.9417520742024389,0.9204321848491706,0.9935645294882547,0.005686141709510209
00824-Dd4bFSTQ8gi,belief,457,stroke,0_2_118,0_2,1,0.006891362980949731,0.9795660838865262,0.9548193678583632,0.9155692133060522,0.008047462936738407
00824-Dd4bFSTQ8gi,belief,457,stroke,0_5_409,0_5,2,0.006239874747698956,0.9553930417384459,0.9550950135905424,0.8620343121781208,0.00793272991050112
00824-Dd4bFSTQ8gi,belief,457,stroke,0_2_39,0_2,3,0.0041152903889211615,0.9291093295647038,0.9443383630321825,0.8914203178897508,0.005261668748720852
00824-Dd4bFSTQ8gi,belief,457,stroke,0_5_277,0_5,4,0.0038491656808061813,0.9136341170421443,0.9096081134217623,0.9366862662323752,0.004944766840175905
00824-Dd4bFSTQ8gi,belief,457,stroke,0_1_52,0_1,5,0.00379626125874461,0.9670426288967379,0.9487705709054759,0.8860270082170919,0.00466984330643023
00824-Dd4bFSTQ8gi,belief,458,sunbed,0_4_116,0_4,1,0.005397413992718152,0.9767318007018831,0.9430731085706365,0.9744615593847696,0.006013126354397318
00824-Dd4bFSTQ8gi,belief,458,sunbed,0_0_45,0_0,2,0.0035609740725482814,0.9408471284137021,0.9296761736142354,0.9863083992051843,0.004127673295473545
00824-Dd4bFSTQ8gi,belief,458,sunbed,0_0_30,0_0,3,0.00355463758254963,0.971570948116727,0.9364986114502116,0.9774138395879133,0.00399700955411709
00824-Dd4bFSTQ8gi,belief,458,sunbed,0_5_187,0_5,4,0.0031094451698183063,0.9499611720516762,0.9299258689642542,0.9962731524229187,0.003533054136707172
00824-Dd4bFSTQ8gi,belief,458,sunbed,0_0_26,0_0,5,0.00281613910129318,0.9508786796631992,0.9376608623291074,0.9837077502529517,0.0032108285109545714
00824-Dd4bFSTQ8gi,belief,459,support,0_2_26,0_2,1,0.027975996539176144,0.9621798116673055,0.9588000005604795,0.9498128775436335,0.031927377419915255
00824-Dd4bFSTQ8gi,belief,459,support,0_2_118,0_2,2,0.017924671466102316,0.9795660838865262,0.9548193678583632,0.9155692133060522,0.020931727101797703
00824-Dd4bFSTQ8gi,belief,459,support,0_5_341,0_5,3,0.010304784405277276,0.9528206065803968,0.9224242573964267,0.9534262359800177,0.012297305299461218
00824-Dd4bFSTQ8gi,belief,459,support,0_5_277,0_5,4,0.009897123979374674,0.9136341170421443,0.9096081134217623,0.9366862662323752,0.012714176142210579
00824-Dd4bFSTQ8gi,belief,459,support,0_1_9,0_1,5,0.009491232361048279,0.9570596029988906,0.9115689408263052,0.977862634324559,0.011125415762255104
00824-Dd4bFSTQ8gi,belief,460,surface,0_6_149,0_6,1,0.1775608815217948,0.9181212293145322,0.9277969756954261,0.9897149494109828,0.21061251789298197
00824-Dd4bFSTQ8gi,belief,460,surface,0_5_409,0_5,2,0.11069151817063966,0.9553930417384459,0.9550950135905424,0.8620343121781208,0.1407217215946231
00824-Dd4bFSTQ8gi,belief,460,surface,0_4_46,0_4,3,0.09691865230756518,0.9677013634987499,0.9440477238891964,0.9777391656931589,0.10850482522857045
00824-Dd4bFSTQ8gi,belief,460,surface,0_2_115,0_2,4,0.07123592399348715,0.9527169490513011,0.9282139519033398,0.9795580761703093,0.08223503636357313
00824-Dd4bFSTQ8gi,belief,460,surface,0_2_118,0_2,5,0.07044674457862933,0.9795660838865262,0.9548193678583632,0.9155692133060522,0.08226494056075208
00824-Dd4bFSTQ8gi,belief,461,surfboard,0_1_52,0_1,1,0.06362726315288597,0.9670426288967379,0.9487705709054759,0.8860270082170919,0.07826894112109592
00824-Dd4bFSTQ8gi,belief,461,surfboard,0_1_55,0_1,2,0.011332599741125264,0.9745056038523426,0.9320924381733031,0.880783763975125,0.014165011261849493
00824-Dd4bFSTQ8gi,belief,461,surfboard,0_0_71,0_0,3,0.007610204636243538,0.9764317497729309,0.933230032659411,0.9600888112394653,0.008698699482899138
00824-Dd4bFSTQ8gi,belief,461,surfboard,0_2_33,0_2,4,0.005167042467806132,0.9750206854803439,0.9171883975975388,0.9800490382050843,0.005895516272093824
00824-Dd4bFSTQ8gi,belief,461,surfboard,0_0_47,0_0,5,0.004515490385365935,0.9624765808173422,0.8942528018457205,0.9912889280771499,0.005292418585733347
00824-Dd4bFSTQ8gi,belief,462,swing,0_5_409,0_5,1,0.004091823145099301,0.9553930417384459,0.9550950135905424,0.8620343121781208,0.005201919776287151
00824-Dd4bFSTQ8gi,belief,462,swing,0_3_30,0_3,2,0.0016567515087937033,0.9271998826544082,0.9205946023528102,0.9898808012458685,0.0019607972149781393
00824-Dd4bFSTQ8gi,belief,462,swing,0_2_11,0_2,3,0.001106949349939316,0.9354768991470337,0.9125493552874656,0.9951086559085959,0.0013030702078220759
00824-Dd4bFSTQ8gi,belief,462,swing,0_5_277,0_5,4,0.0006966095167168808,0.9136341170421443,0.9096081134217623,0.9366862662323752,0.0008948878599819464
00824-Dd4bFSTQ8gi,belief,462,swing,0_3_47,0_3,5,0.0006271837919789577,0.9306412878968231,0.9396563935419477,0.9737951084664206,0.0007365052529103947
00824-Dd4bFSTQ8gi,belief,463,switch,0_5_35,0_5,1,0.4106604901187262,0.9182689519654138,0.9309323787154575,0.9987277662479934,0.4810029731735162
00824-Dd4bFSTQ8gi,belief,463,switch,0_1_52,0_1,2,0.1307677472324536,0.9670426288967379,0.9487705709054759,0.8860270082170919,0.16085955298882015
00824-Dd4bFSTQ8gi,belief,463,switch,0_5_48,0_5,3,0.04937419498095755,0.9510652546904916,0.9684956991944718,0.9955929567592906,0.05384063828526211
00824-Dd4bFSTQ8gi,belief,463,switch,0_2_95,0_2,4,0.04871424923174524,0.9727564324427442,0.9520904603891356,0.9960164246728062,0.05280890817979231
00824-Dd4bFSTQ8gi,belief,463,switch,0_4_7,0_4,5,0.03733768492648807,0.9548851611138032,0.9557685739561002,0.9927725423818324,0.04120915775030744
00824-Dd4bFSTQ8gi,belief,464,table,0_5_158,0_5,1,0.0695103370344469,0.9586310129528466,0.8963342963040666,0.999049569673051,0.08097311901406196
00824-Dd4bFSTQ8gi,belief,464,table,0_5_396,0_5,2,0.03585021160763362,0.9580598811308542,0.967888179144557,0.9961923212031977,0.03880884282132347
00824-Dd4bFSTQ8gi,belief,464,table,0_5_395,0_5,3,0.03100779979809206,0.9504626026129667,0.966903158638335,0.9972332824445167,0.03383422041864396
00824-Dd4bFSTQ8gi,belief,464,table,0_3_25,0_3,4,0.029253494637264132,0.9766183296444408,0.9190602760692431,0.999408946838448,0.03261111554635647
00824-Dd4bFSTQ8gi,belief,464,table,0_3_65,0_3,5,0.019644094742316646,0.9452122729775068,0.9859460278229825,0.9990871096332221,0.021098237201784484
00824-Dd4bFSTQ8gi,belief,465,table cloth,0_5_260,0_5,1,0.007697510302068607,0.8919481019533816,0.9424942998312142,0.9588323948945878,0.009549689745878718
00824-Dd4bFSTQ8gi,belief,465,table cloth,0_5_293,0_5,2,0.007244616915350921,0.9593782144020322,0.9538460228728288,0.8306947788685295,0.009530283485628411
00824-Dd4bFSTQ8gi,belief,465,table cloth,0_5_253,0_5,3,0.003644226744136249,0.9237905423349034,0.9341174533573229,0.9860858001078209,0.004282680615830579
00824-Dd4bFSTQ8gi,belief,465,table cloth,0_5_268,0_5,4,0.002406600129760308,0.9389488874305459,0.9226598394759893,0.9730122783518091,0.002854973266562538
00824-Dd4bFSTQ8gi,belief,465,table cloth,0_5_262,0_5,5,0.0023878660120082696,0.8438171854489063,0.9835012969871113,0.923819080919137,0.0031145816661475754
00824-Dd4bFSTQ8gi,belief,466,table pad,0_5_275,0_5,1,0.012796982281642486,0.9595433360533345,0.8834786133797479,0.9967940829335131,0.01514403075037048
00824-Dd4bFSTQ8gi,belief,466,table pad,0_5_259,0_5,2,0.008097188695755753,0.9344666425277574,0.9516817957312639,0.9927683671892568,0.009171297141324202
00824-Dd4bFSTQ8gi,belief,466,table pad,0_5_291,0_5,3,0.004988896431610269,0.9493337788269649,0.9166002371692772,0.994754829028515,0.005763542934977767
00824-Dd4bFSTQ8gi,belief,466,table pad,0_5_395,0_5,4,0.004911763430407985,0.9504626026129667,0.966903158638335,0.9972332824445167,0.005359480118898474
00824-Dd4bFSTQ8gi,belief,466,table pad,0_5_256,0_5,5,0.004085499737219376,0.919039091022457,0.9225271968616156,0.9961377302398229,0.004837407060976106
00824-Dd4bFSTQ8gi,belief,467,table stand,0_5_158,0_5,1,0.10056930516336886,0.9586310129528466,0.8963342963040666,0.999049569673051,0.11715394664421483
00824-Dd4bFSTQ8gi,belief,467,table stand,0_5_396,0_5,2,0.06594900227866188,0.9580598811308542,0.967888179144557,0.9961923212031977,0.07139161385342328
00824-Dd4bFSTQ8gi,belief,467,table stand,0_5_395,0_5,3,0.05880005955124929,0.9504626026129667,0.966903158638335,0.9972332824445167,0.0641597981295265
00824-Dd4bFSTQ8gi,belief,467,table stand,0_2_169,0_2,4,0.036584187857945295,0.9477227049863213,0.9335921561621523,0.9983475490964684,0.041416479765116525
00824-Dd4bFSTQ8gi,belief,467,table stand,0_3_3,0_3,5,0.013307932701027926,0.9352000604038737,0.9641408302363261,0.9968644707889505,0.014805718128924972
00824-Dd4bFSTQ8gi,belief,468,table tennis table,0_6_149,0_6,1,0.0007488460668914499,0.9181212293145322,0.9277969756954261,0.9897149494109828,0.0008882381879981019
00824-Dd4bFSTQ8gi,belief,468,table tennis table,0_5_429,0_5,2,0.00045590751887923463,0.981436476077767,0.9456069053530338,0.9937900419489633,0.0004943212541534017
00824-Dd4bFSTQ8gi,belief,468,table tennis table,0_5_259,0_5,3,0.0004299541823556472,0.9344666425277574,0.9516817957312639,0.9927683671892568,0.0004869884736174706
00824-Dd4bFSTQ8gi,belief,468,table tennis table,0_1_10,0_1,4,0.0003106835892231316,0.8857080828260492,0.9401285760874906,0.9966983959687645,0.00037434901330737517
00824-Dd4bFSTQ8gi,belief,468,table tennis table,0_5_277,0_5,5,0.0003007250039283119,0.9136341170421443,0.9096081134217623,0.9366862662323752,0.0003863213877364303
00824-Dd4bFSTQ8gi,belief,469,tablet,0_2_114,0_2,1,0.041318218269056614,0.975630308427508,0.9513947294934744,0.9918297227012116,0.044880578064790934
00824-Dd4bFSTQ8gi,belief,469,tablet,0_5_291,0_5,2,0.03666670967460668,0.9493337788269649,0.9166002371692772,0.994754829028515,0.0423601007539355
00824-Dd4bFSTQ8gi,belief,469,tablet,0_1_35,0_1,3,0.02639047924977257,0.9436002045715728,0.9186584180695694,0.9937285419533587,0.03063637859951168
00824-Dd4bFSTQ8gi,belief,469,tablet,0_6_149,0_6,4,0.01695012895183402,0.9181212293145322,0.9277969756954261,0.9897149494109828,0.020105269283191205
00824-Dd4bFSTQ8gi,belief,469,tablet,0_2_115,0_2,5,0.014992026147935973,0.9527169490513011,0.9282139519033398,0.9795580761703093,0.017306855113606315
00824-Dd4bFSTQ8gi,belief,470,tambourine,0_5_166,0_5,1,0.005872632983704141,0.9545936532297189,0.9167961833242718,0.9476931268745955,0.007080660798950986
00824-Dd4bFSTQ8gi,belief,470,tambourine,0_1_54,0_1,2,0.003971104989224701,0.9543598111186709,0.8922708780310395,0.9071457299680523,0.0051407377267277355
00824-Dd4bFSTQ8gi,belief,470,tambourine,0_5_250,0_5,3,0.0018722207843668561,0.9710265826892314,0.9199946345075227,0.9636858468584617,0.0021747291094851473
00824-Dd4bFSTQ8gi,belief,470,tambourine,0_5_252,0_5,4,0.0017465099361563782,0.9419732367896524,0.9360671590114006,0.9861183064121916,0.00200861391496648
00824-Dd4bFSTQ8gi,belief,470,tambourine,0_0_50,0_0,5,0.00037021800884578094,0.8786311199939136,0.9166036627157372,0.9565914934396701,0.0004805547301926356
00824-Dd4bFSTQ8gi,belief,471,tea set,0_5_277,0_5,1,4.371434065506799e-05,0.9136341170421443,0.9096081134217623,0.9366862662323752,5.615690256961374e-05
00824-Dd4bFSTQ8gi,belief,471,tea set,0_5_381,0_5,2,4.346200163389668e-05,0.8738880676251871,1.0,0.740147299803735,6.719481387701185e-05
00824-Dd4bFSTQ8gi,belief,471,tea set,0_2_6,0_2,3,3.0404795289496373e-05,0.9572748878262058,0.9918923651744805,0.9723959521942782,3.293045472410306e-05
00824-Dd4bFSTQ8gi,belief,471,tea set,0_5_260,0_5,4,2.712476129909688e-05,0.8919481019533816,0.9424942998312142,0.9588323948945878,3.365153727274409e-05
00824-Dd4bFSTQ8gi,belief,471,tea set,0_5_293,0_5,5,2.1326903706552874e-05,0.9593782144020322,0.9538460228728288,0.8306947788685295,2.805551219188281e-05
00824-Dd4bFSTQ8gi,belief,472,telescope,0_0_30,0_0,1,0.0027458051271453767,0.971570948116727,0.9364986114502116,0.9774138395879133,0.0030875185084471347
00824-Dd4bFSTQ8gi,belief,472,telescope,0_5_277,0_5,2,0.002217435413750632,0.9136341170421443,0.9096081134217623,0.9366862662323752,0.002848591620470175
00824-Dd4bFSTQ8gi,belief,472,telescope,0_5_409,0_5,3,0.0021394634012794345,0.9553930417384459,0.9550950135905424,0.8620343121781208,0.002719891985333587
00824-Dd4bFSTQ8gi,belief,472,telescope,0_5_423,0_5,4,0.002082309836212752,0.9704151882065667,0.9359775368968624,0.9654242556344028,0.0023746747451016594
00824-Dd4bFSTQ8gi,belief,472,telescope,0_0_26,0_0,5,0.0016970968215282085,0.9508786796631992,0.9376608623291074,0.9837077502529517,0.001934949469616368
00824-Dd4bFSTQ8gi,belief,473,tennis racket,0_5_381,0_5,1,0.0004347538625317817,0.8738880676251871,1.0,0.740147299803735,0.0006721550728660239
00824-Dd4bFSTQ8gi,belief,473,tennis racket,0_4_116,0_4,2,0.00022893416696471078,0.9767318007018831,0.9430731085706365,0.9744615593847696,0.00025504993218136186
00824-Dd4bFSTQ8gi,belief,473,tennis racket,0_1_52,0_1,3,0.00022715499441355852,0.9670426288967379,0.9487705709054759,0.8860270082170919,0.0002794270883598624
00824-Dd4bFSTQ8gi,belief,473,tennis racket,0_3_35,0_3,4,0.00021546777679372643,0.8552236933541555,0.9230438950589228,0.9962066637995133,0.00027398753787559303
00824-Dd4bFSTQ8gi,belief,473,tennis racket,0_2_26,0_2,5,0.00020220483670872576,0.9621798116673055,0.9588000005604795,0.9498128775436335,0.00023076461739946792
00824-Dd4bFSTQ8gi,belief,474,tent,0_0_8,0_0,1,0.0018026579436971864,0.9848732120460935,0.9499832243710505,0.8873896658146057,0.0021712143398182164
00824-Dd4bFSTQ8gi,belief,474,tent,0_5_381,0_5,2,0.0014810395372237579,0.8738880676251871,1.0,0.740147299803735,0.0022897743386634645
00824-Dd4bFSTQ8gi,belief,474,tent,0_1_75,0_1,3,0.0014729606253415502,0.9640655255926591,0.9392900853257735,0.9818768577640451,0.0016566387755412506
00824-Dd4bFSTQ8gi,belief,474,tent,0_2_74,0_2,4,0.001378206488391994,0.9737366153265942,0.9535296793708725,0.9704137004208829,0.0015296133116504693
00824-Dd4bFSTQ8gi,belief,474,tent,0_1_59,0_1,5,0.0012360978503705468,0.9694465387169094,0.9288275258291203,0.9750258704654579,0.0014079193263881343
00824-Dd4bFSTQ8gi,belief,475,thermometer,0_0_77,0_0,1,0.0022403185842170986,0.9836660391754575,0.9287587514560726,0.9908879182433422,0.002474768910910418
00824-Dd4bFSTQ8gi,belief,475,thermometer,0_0_44,0_0,2,0.0018322895010590094,0.9746067896723822,0.9193050916540129,0.9818892958002545,0.002082775543737742
00824-Dd4bFSTQ8gi,belief,475,thermometer,0_5_341,0_5,3,0.0013187377264695644,0.9528206065803968,0.9224242573964267,0.9534262359800177,0.0015737272896275847
00824-Dd4bFSTQ8gi,belief,475,thermometer,0_0_39,0_0,4,0.0011495205425529347,0.9676551548430958,0.9220987959845639,0.9873662298930815,0.0013047893342443512
00824-Dd4bFSTQ8gi,belief,475,thermometer,0_0_35,0_0,5,0.0011070377994583287,0.9895250132929861,0.947856581998354,0.9909226235198423,0.001191113917498207
00824-Dd4bFSTQ8gi,belief,476,thermostat,0_4_7,0_4,1,0.026962946957721553,0.9548851611138032,0.9557685739561002,0.9927725423818324,0.029758683131574377
00824-Dd4bFSTQ8gi,belief,476,thermostat,0_5_420,0_5,2,0.021426427045586918,0.9891396276971214,0.9344080657696802,0.9986228693688781,0.023214218565074097
00824-Dd4bFSTQ8gi,belief,476,thermostat,0_4_102,0_4,3,0.013968504100546774,0.9793698223022669,0.9410808717219558,0.9971505440458512,0.015199017154814993
00824-Dd4bFSTQ8gi,belief,476,thermostat,0_4_120,0_4,4,0.013807216521730593,0.9559786604214757,0.9529424329546861,0.9971428800812246,0.015199660199626219
00824-Dd4bFSTQ8gi,belief,476,thermostat,0_6_140,0_6,5,0.013499833479508136,0.9517893725302357,0.9430200408366269,0.9963834061387321,0.015095244499915117
00824-Dd4bFSTQ8gi,belief,477,three,0_5_35,0_5,1,0.10080970360462992,0.9182689519654138,0.9309323787154575,0.9987277662479934,0.11807750763787632
00824-Dd4bFSTQ8gi,belief,477,three,0_5_331,0_5,2,0.056562916388794196,0.9682000233170887,0.9994526096225707,0.9945539428189817,0.05877276936853377
00824-Dd4bFSTQ8gi,belief,477,three,0_1_9,0_1,3,0.05000546741988332,0.9570596029988906,0.9115689408263052,0.977862634324559,0.05861531930408442
00824-Dd4bFSTQ8gi,belief,477,three,0_5_179,0_5,4,0.048485381828541396,0.9555759297648088,0.9168595951984808,0.9968166603241051,0.055517192541124236
00824-Dd4bFSTQ8gi,belief,477,three,0_5_406,0_5,5,0.04468806997102715,0.9654052562223604,0.9154515528777771,0.992271242886875,0.05095844516472681
00824-Dd4bFSTQ8gi,belief,478,tile,0_4_92,0_4,1,0.9604065196082873,0.9831782594796606,0.9768662809473568,0.9999991939677813,0.9999725164590108
00824-Dd4bFSTQ8gi,belief,478,tile,0_2_18,0_2,2,0.9516061322447092,0.9703891836720628,0.9809591045208201,0.9999966573688815,0.9996819123041456
00824-Dd4bFSTQ8gi,belief,478,tile,0_4_76,0_4,3,0.9488245559565083,0.994092198331352,0.9545151452923988,0.9999989133817758,0.9999468084834446
00824-Dd4bFSTQ8gi,belief,478,tile,0_4_38,0_4,4,0.9479852625070695,0.9857204053111827,0.965687796386052,0.9999228398042163,0.995966216435054
00824-Dd4bFSTQ8gi,belief,478,tile,0_2_135,0_2,5,0.94038044548649,0.9874894539876846,0.9572458030665991,0.9998879872116208,0.9949386494922655
00824-Dd4bFSTQ8gi,belief,479,tire,0_2_124,0_2,1,0.042731571090626114,0.9749969641367594,0.9619556482333077,0.9907587157082992,0.04598568357833395
00824-Dd4bFSTQ8gi,belief,479,tire,0_5_292,0_5,2,0.042697532348564875,0.9728397386153946,0.9715163362707585,0.9651859685911803,0.04680587477597678
00824-Dd4bFSTQ8gi,belief,479,tire,0_1_9,0_1,3,0.03380785670371875,0.9570596029988906,0.9115689408263052,0.977862634324559,0.039628832964118094
00824-Dd4bFSTQ8gi,belief,479,tire,0_0_49,0_0,4,0.030351478912592687,0.9376424465962007,0.9309685759458385,0.11093294993742432,0.31343465603175985
00824-Dd4bFSTQ8gi,belief,479,tire,0_5_333,0_5,5,0.029254549387103142,0.9777596620081529,0.9481358425798929,0.9968859274102936,0.03165521494578514
00824-Dd4bFSTQ8gi,belief,480,tissue,0_2_33,0_2,1,0.6909062892835671,0.9750206854803439,0.9171883975975388,0.9800490382050843,0.7883134881011901
00824-Dd4bFSTQ8gi,belief,480,tissue,0_4_45,0_4,2,0.6660074457546995,0.9787206952413471,0.9346838917148355,0.9815517808555548,0.7417240129718258
00824-Dd4bFSTQ8gi,belief,480,tissue,0_3_28,0_3,3,0.6432103738271303,0.8720814809203148,1.0,0.9242489768238213,0.7980075450966482
00824-Dd4bFSTQ8gi,belief,480,tissue,0_3_16,0_3,4,0.6188644206154833,0.9529667658110459,0.9611374249099476,0.9894158241535201,0.6828941933748418
00824-Dd4bFSTQ8gi,belief,480,tissue,0_4_131,0_4,5,0.5793904293203715,0.9667803023399119,0.9324636666302148,0.9877135532542851,0.6506996783119084
00824-Dd4bFSTQ8gi,belief,481,title,0_5_409,0_5,1,0.43440188506850924,0.9553930417384459,0.9550950135905424,0.8620343121781208,0.5522535253022175
00824-Dd4bFSTQ8gi,belief,481,title,0_1_52,0_1,2,0.42720094802945013,0.9670426288967379,0.9487705709054759,0.8860270082170919,0.5255069005223556
00824-Dd4bFSTQ8gi,belief,481,title,0_6_4,0_6,3,0.4142462960884567,0.958239028850893,0.9269886212419773,0.9444489641783121,0.49377816396003266
00824-Dd4bFSTQ8gi,belief,481,title,0_2_118,0_2,4,0.4098553015240356,0.9795660838865262,0.9548193678583632,0.9155692133060522,0.47861291845432113
00824-Dd4bFSTQ8gi,belief,481,title,0_5_60,0_5,5,0.40498157607902124,0.9521490124834533,0.9607124781646277,0.9901034115137874,0.44715321372601796
00824-Dd4bFSTQ8gi,belief,482,toaster,0_1_52,0_1,1,0.09841903479750502,0.9670426288967379,0.9487705709054759,0.8860270082170919,0.12106687067855779
00824-Dd4bFSTQ8gi,belief,482,toaster,0_6_79,0_6,2,0.022838380339312826,0.9764038686326914,0.9405713974718488,0.9689450493932146,0.025665214233578957
00824-Dd4bFSTQ8gi,belief,482,toaster,0_1_35,0_1,3,0.011305704964677653,0.9436002045715728,0.9186584180695694,0.9937285419533587,0.013124652051751897
00824-Dd4bFSTQ8gi,belief,482,toaster,0_5_292,0_5,4,0.005416074523494038,0.9728397386153946,0.9715163362707585,0.9651859685911803,0.005937207421134272
00824-Dd4bFSTQ8gi,belief,482,toaster,0_5_177,0_5,5,0.005261704001705426,0.9626096776780202,0.9291400845210275,0.980541615429202,0.005999692089640547
00824-Dd4bFSTQ8gi,belief,483,toaster oven,0_5_37,0_5,1,0.02587157883345394,0.9582685712990763,0.9156376320451391,0.9999701973964444,0.02948662032490464
00824-Dd4bFSTQ8gi,belief,483,toaster oven,0_5_33,0_5,2,0.013299495419469006,0.9610097148090454,0.912859020685837,0.9988905690777921,0.015176993982619503
00824-Dd4bFSTQ8gi,belief,483,toaster oven,0_5_88,0_5,3,0.00877261729210653,0.9907191464108377,0.9262690533644594,0.9999054340264518,0.009560542673450073
00824-Dd4bFSTQ8gi,belief,483,toaster oven,0_5_73,0_5,4,0.008497605521321115,0.967008410841353,0.9374813620047873,0.9999299094492763,0.009374197807567607
00824-Dd4bFSTQ8gi,belief,483,toaster oven,0_5_89,0_5,5,0.0037499709801529107,0.9546120117681776,0.9285511369546245,0.9998632490793011,0.004231112572392412
00824-Dd4bFSTQ8gi,belief,484,toilet,0_2_16,0_2,1,0.9126479971640147,0.9798519128319236,0.9522284291156885,0.9998498556715526,0.9782884557664818
00824-Dd4bFSTQ8gi,belief,484,toilet,0_2_104,0_2,2,0.8845848409146537,0.9487209685146809,0.9594895635434088,0.9994742601208347,0.9722750112138457
00824-Dd4bFSTQ8gi,belief,484,toilet,0_2_80,0_2,3,0.8023796035823741,0.9754756388122549,0.9325942305439305,0.9978422706491813,0.8839115941056939
00824-Dd4bFSTQ8gi,belief,484,toilet,0_2_24,0_2,4,0.7429538865095209,0.9692693685917627,0.8707631210097175,0.998229112109213,0.881834553565575
00824-Dd4bFSTQ8gi,belief,484,toilet,0_2_4,0_2,5,0.6005821448608807,0.9914682768474512,0.9240828969087691,0.9976140795061246,0.6570827884406465
00824-Dd4bFSTQ8gi,belief,485,toilet brush,0_2_4,0_2,1,0.10112650058873598,0.9914682768474512,0.9240828969087691,0.9976140795061246,0.11064012402080901
00824-Dd4bFSTQ8gi,belief,485,toilet brush,0_2_32,0_2,2,0.09422796157102727,0.9322114680064533,0.9263398097090721,0.9944505735418133,0.10972657513676541
00824-Dd4bFSTQ8gi,belief,485,toilet brush,0_2_16,0_2,3,0.09074043988533076,0.9798519128319236,0.9522284291156885,0.9998498556715526,0.09726677216937817
00824-Dd4bFSTQ8gi,belief,485,toilet brush,0_2_104,0_2,4,0.07060678161392302,0.9487209685146809,0.9594895635434088,0.9994742601208347,0.07760613364622869
00824-Dd4bFSTQ8gi,belief,485,toilet brush,0_2_24,0_2,5,0.06601675294818518,0.9692693685917627,0.8707631210097175,0.998229112109213,0.07835729097187474
00824-Dd4bFSTQ8gi,belief,486,toilet cleaner,0_2_16,0_2,1,0.16134407187079214,0.9798519128319236,0.9522284291156885,0.9998498556715526,0.17294843511193003
00824-Dd4bFSTQ8gi,belief,486,toilet cleaner,0_2_104,0_2,2,0.10333872198920753,0.9487209685146809,0.9594895635434088,0.9994742601208347,0.11358283844994706
00824-Dd4bFSTQ8gi,belief,486,toilet cleaner,0_2_24,0_2,3,0.06612209195152326,0.9692693685917627,0.8707631210097175,0.998229112109213,0.07848232103722388
00824-Dd4bFSTQ8gi,belief,486,toilet cleaner,0_2_32,0_2,4,0.03097530902075415,0.9322114680064533,0.9263398097090721,0.9944505735418133,0.036070127337821535
00824-Dd4bFSTQ8gi,belief,486,toilet cleaner,0_2_80,0_2,5,0.024601696962905772,0.9754756388122549,0.9325942305439305,0.9978422706491813,0.02710154281477169
00824-Dd4bFSTQ8gi,belief,487,toilet paper,0_2_4,0_2,1,0.832050088449281,0.9914682768474512,0.9240828969087691,0.9976140795061246,0.9103264173249507
00824-Dd4bFSTQ8gi,belief,487,toilet paper,0_2_24,0_2,2,0.7139294453457999,0.9692693685917627,0.8707631210097175,0.998229112109213,0.8473845620104502
00824-Dd4bFSTQ8gi,belief,487,toilet paper,0_2_104,0_2,3,0.7108313082161536,0.9487209685146809,0.9594895635434088,0.9994742601208347,0.7812970403747787
00824-Dd4bFSTQ8gi,belief,487,toilet paper,0_2_21,0_2,4,0.5844508608231991,0.9812818688473531,0.9347912720620914,0.9989823889918071,0.6377959354014134
00824-Dd4bFSTQ8gi,belief,487,toilet paper,0_2_80,0_2,5,0.49373296543271444,0.9754756388122549,0.9325942305439305,0.9978422706491813,0.5439025251759887
00824-Dd4bFSTQ8gi,belief,488,toiletry,0_2_36,0_2,1,0.037515360274312404,0.9645862616036877,0.9360672919744994,0.9972322626966572,0.041664354578621485
00824-Dd4bFSTQ8gi,belief,488,toiletry,0_2_22,0_2,2,0.006506832986800358,0.9448610670864581,0.9545233019774648,0.9986730991411155,0.007224234234426678
00824-Dd4bFSTQ8gi,belief,488,toiletry,0_2_16,0_2,3,0.005731416889335384,0.9798519128319236,0.9522284291156885,0.9998498556715526,0.006143638067957321
00824-Dd4bFSTQ8gi,belief,488,toiletry,0_1_35,0_1,4,0.0046962520331702414,0.9436002045715728,0.9186584180695694,0.9937285419533587,0.005451820481364313
00824-Dd4bFSTQ8gi,belief,488,toiletry,0_2_32,0_2,5,0.0036069562984465983,0.9322114680064533,0.9263398097090721,0.9944505735418133,0.004200228410949962
00824-Dd4bFSTQ8gi,belief,489,tool,0_2_118,0_2,1,0.1711009199461602,0.9795660838865262,0.9548193678583632,0.9155692133060522,0.1998049319873162
00824-Dd4bFSTQ8gi,belief,489,tool,0_6_68,0_6,2,0.16537603515388624,0.9486475287198018,0.9414739267705342,0.9603944193808228,0.1928012170208319
00824-Dd4bFSTQ8gi,belief,489,tool,0_5_242,0_5,3,0.14638284561521678,0.9882159634287973,0.9313978511327858,0.9381612032468682,0.16952182513668373
00824-Dd4bFSTQ8gi,belief,489,tool,0_2_39,0_2,4,0.11700439532450256,0.9291093295647038,0.9443383630321825,0.8914203178897508,0.149597795577023
00824-Dd4bFSTQ8gi,belief,489,tool,0_2_159,0_2,5,0.1138412058334209,0.9870273823715147,0.9569317912040664,0.960670050619474,0.12546282194488098
00824-Dd4bFSTQ8gi,belief,490,tool rack,0_5_68,0_5,1,0.0006062672854322456,0.926739274960704,0.9265356432310157,0.9956847793011084,0.0007091246236726086
00824-Dd4bFSTQ8gi,belief,490,tool rack,0_5_277,0_5,2,0.00037590359056941035,0.9136341170421443,0.9096081134217623,0.9366862662323752,0.00048289831196909584
00824-Dd4bFSTQ8gi,belief,490,tool rack,0_2_118,0_2,3,0.00032652651124962537,0.9795660838865262,0.9548193678583632,0.9155692133060522,0.0003813048310483451
00824-Dd4bFSTQ8gi,belief,490,tool rack,0_1_91,0_1,4,0.0003128021372775897,0.9809919990090465,0.9550332621794047,0.9966711521015063,0.00033499155656399566
00824-Dd4bFSTQ8gi,belief,490,tool rack,0_5_100,0_5,5,0.00028348341803321705,0.9345834459381543,0.891640544487207,0.9968647987682344,0.00034125852351719947
00824-Dd4bFSTQ8gi,belief,491,toothbrush,0_4_27,0_4,1,0.011737808402881819,0.9385714464717441,0.9242739391230563,0.9884691868546905,0.013688499195888113
00824-Dd4bFSTQ8gi,belief,491,toothbrush,0_4_121,0_4,2,0.005844985984547498,0.9544563668966294,0.9000147757925203,0.9818416918362156,0.006930048687480355
00824-Dd4bFSTQ8gi,belief,491,toothbrush,0_6_158,0_6,3,0.005589975087712359,0.95469726641687,0.935107809836967,0.7431914433639781,0.00842523083211785
00824-Dd4bFSTQ8gi,belief,491,toothbrush,0_4_49,0_4,4,0.004544207140152767,0.9773024847642546,0.9648760894953392,0.9951934266011956,0.004842281953632708
00824-Dd4bFSTQ8gi,belief,491,toothbrush,0_0_26,0_0,5,0.002555776951739575,0.9508786796631992,0.9376608623291074,0.9837077502529517,0.0029139759113879344
00824-Dd4bFSTQ8gi,belief,492,toothpaste,0_4_49,0_4,1,0.04816088272369,0.9773024847642546,0.9648760894953392,0.9951934266011956,0.05131996981900463
00824-Dd4bFSTQ8gi,belief,492,toothpaste,0_2_25,0_2,2,0.04106741523187507,0.9888477352713899,0.9584313884043929,0.9816686380421284,0.044140983081997015
00824-Dd4bFSTQ8gi,belief,492,toothpaste,0_4_112,0_4,3,0.03326692276857751,0.9944596473748486,0.9676864939215917,0.9953106498637316,0.03473218727163581
00824-Dd4bFSTQ8gi,belief,492,toothpaste,0_4_27,0_4,4,0.033178123708981905,0.9385714464717441,0.9242739391230563,0.9884691868546905,0.038691952034246184
00824-Dd4bFSTQ8gi,belief,492,toothpaste,0_4_121,0_4,5,0.03250012857964772,0.9544563668966294,0.9000147757925203,0.9818416918362156,0.038533449695477236
00824-Dd4bFSTQ8gi,belief,493,towel,0_2_66,0_2,1,0.8917998638617356,0.9423397305136176,0.9478572306927713,0.9995652317361471,0.998862780407075
00824-Dd4bFSTQ8gi,belief,493,towel,0_1_11,0_1,2,0.16627662882660554,0.9582889779703784,0.9467363707193159,0.9546083358999461,0.1919908068157757
00824-Dd4bFSTQ8gi,belief,493,towel,0_4_45,0_4,3,0.11289171625825382,0.9787206952413471,0.9346838917148355,0.9815517808555548,0.1257260671004411
00824-Dd4bFSTQ8gi,belief,493,towel,0_0_8,0_0,4,0.09991242053082719,0.9848732120460935,0.9499832243710505,0.8873896658146057,0.12033968004909558
00824-Dd4bFSTQ8gi,belief,493,towel,0_2_32,0_2,5,0.09059708692578819,0.9322114680064533,0.9263398097090721,0.9944505735418133,0.10549849428973686
00824-Dd4bFSTQ8gi,belief,494,towel bar,0_2_66,0_2,1,0.8892241168207515,0.9423397305136176,0.9478572306927713,0.9995652317361471,0.9959778081669564
00824-Dd4bFSTQ8gi,belief,494,towel bar,0_4_121,0_4,2,0.3049264997733499,0.9544563668966294,0.9000147757925203,0.9818416918362156,0.3615330293552238
00824-Dd4bFSTQ8gi,belief,494,towel bar,0_2_103,0_2,3,0.25966243442926445,0.9561949172777673,0.9423188673413869,0.9924656931932572,0.29036836790684206
00824-Dd4bFSTQ8gi,belief,494,towel bar,0_4_123,0_4,4,0.23113932082512084,0.9502052993920387,0.9024362671938762,0.9891863458528853,0.27249700365268
00824-Dd4bFSTQ8gi,belief,494,towel bar,0_4_102,0_4,5,0.12272963366367051,0.9793698223022669,0.9410808717219558,0.9971505440458512,0.1335411289592041
00824-Dd4bFSTQ8gi,belief,495,toy,0_2_26,0_2,1,0.010065586310984042,0.9621798116673055,0.9588000005604795,0.9498128775436335,0.011487268117634097
00824-Dd4bFSTQ8gi,belief,495,toy,0_1_52,0_1,2,0.008711543574330287,0.9670426288967379,0.9487705709054759,0.8860270082170919,0.010716212788451392
00824-Dd4bFSTQ8gi,belief,495,toy,0_3_29,0_3,3,0.0069527830580404125,0.9802004204215117,0.9173320674665175,0.9370955823154603,0.008251508058672962
00824-Dd4bFSTQ8gi,belief,495,toy,0_4_116,0_4,4,0.004713112586228519,0.9767318007018831,0.9430731085706365,0.9744615593847696,0.0052507629656957325
00824-Dd4bFSTQ8gi,belief,495,toy,0_5_277,0_5,5,0.002873644003604841,0.9136341170421443,0.9096081134217623,0.9366862662323752,0.003691579099946528
00824-Dd4bFSTQ8gi,belief,496,traffic cone,0_2_30,0_2,1,0.001228506431164389,0.9706078015830275,0.9472652918790121,0.9855811605074362,0.001355718861822315
00824-Dd4bFSTQ8gi,belief,496,traffic cone,0_3_63,0_3,2,0.00016895065051378912,0.9626293598944916,0.9597247878677808,0.8459323762310529,0.00021618144030134432
00824-Dd4bFSTQ8gi,belief,496,traffic cone,0_5_381,0_5,3,0.0001479435041311233,0.8738880676251871,1.0,0.740147299803735,0.00022872936934985986
00824-Dd4bFSTQ8gi,belief,496,traffic cone,0_4_19,0_4,4,0.00010111619119155949,0.8997959636237179,0.9968185372011825,0.9517453362107378,0.00011845129107342633
00824-Dd4bFSTQ8gi,belief,496,traffic cone,0_5_277,0_5,5,6.251312473871782e-05,0.9136341170421443,0.9096081134217623,0.9366862662323752,8.030644870008567e-05
00824-Dd4bFSTQ8gi,belief,497,trampoline,0_1_52,0_1,1,0.023477165752888978,0.9670426288967379,0.9487705709054759,0.8860270082170919,0.02887964707185007
00824-Dd4bFSTQ8gi,belief,497,trampoline,0_4_116,0_4,2,0.0013034997038226261,0.9767318007018831,0.9430731085706365,0.9744615593847696,0.0014521970025978383
00824-Dd4bFSTQ8gi,belief,497,trampoline,0_5_308,0_5,3,0.0011429939744607035,0.8731722489992778,0.9068384887821965,0.9439973818038041,0.0015291260326588132
00824-Dd4bFSTQ8gi,belief,497,trampoline,0_5_381,0_5,4,0.0010427012956737928,0.8738880676251871,1.0,0.740147299803735,0.0016120776047616626
00824-Dd4bFSTQ8gi,belief,497,trampoline,0_1_59,0_1,5,0.0009229734069592927,0.9694465387169094,0.9288275258291203,0.9750258704654579,0.0010512696037864187
00824-Dd4bFSTQ8gi,belief,498,trash bag,0_5_292,0_5,1,0.23469341301812585,0.9728397386153946,0.9715163362707585,0.9651859685911803,0.257275535522657
00824-Dd4bFSTQ8gi,belief,498,trash bag,0_5_308,0_5,2,0.07361608664440038,0.8731722489992778,0.9068384887821965,0.9439973818038041,0.0984854487649703
00824-Dd4bFSTQ8gi,belief,498,trash bag,0_2_32,0_2,3,0.06715551965098088,0.9322114680064533,0.9263398097090721,0.9944505735418133,0.07820125841603245
00824-Dd4bFSTQ8gi,belief,498,trash bag,0_1_35,0_1,4,0.053263227639492886,0.9436002045715728,0.9186584180695694,0.9937285419533587,0.06183261743568152
00824-Dd4bFSTQ8gi,belief,498,trash bag,0_1_9,0_1,5,0.05197858314709244,0.9570596029988906,0.9115689408263052,0.977862634324559,0.06092816256586516
00824-Dd4bFSTQ8gi,belief,499,tray,0_2_172,0_2,1,0.0331405246519402,0.9597954059832474,0.9595718461650053,0.9921985866843136,0.0362664136939788
00824-Dd4bFSTQ8gi,belief,499,tray,0_2_118,0_2,2,0.020508753989047397,0.9795660838865262,0.9548193678583632,0.9155692133060522,0.023949317146954214
00824-Dd4bFSTQ8gi,belief,499,tray,0_5_260,0_5,3,0.013659313732242231,0.8919481019533816,0.9424942998312142,0.9588323948945878,0.01694602581427911
00824-Dd4bFSTQ8gi,belief,499,tray,0_2_169,0_2,4,0.010297766015180612,0.9477227049863213,0.9335921561621523,0.9983475490964684,0.01165796598928754
00824-Dd4bFSTQ8gi,belief,499,tray,0_5_94,0_5,5,0.007448130649417414,0.9754105049749243,0.9360900290504934,0.9916418897687158,0.008225974785230945
00824-Dd4bFSTQ8gi,belief,500,treadmill,0_1_52,0_1,1,0.0009888305049182162,0.9670426288967379,0.9487705709054759,0.8860270082170919,0.0012163766400296126
00824-Dd4bFSTQ8gi,belief,500,treadmill,0_5_292,0_5,2,0.0005871025109318052,0.9728397386153946,0.9715163362707585,0.9651859685911803,0.0006435933201713295
00824-Dd4bFSTQ8gi,belief,500,treadmill,0_0_30,0_0,3,0.0005502975451900502,0.971570948116727,0.9364986114502116,0.9774138395879133,0.000618781660479195
00824-Dd4bFSTQ8gi,belief,500,treadmill,0_6_149,0_6,4,0.0005313047009742102,0.9181212293145322,0.9277969756954261,0.9897149494109828,0.0006302031161453832
00824-Dd4bFSTQ8gi,belief,500,treadmill,0_2_169,0_2,5,0.00047536202619079346,0.9477227049863213,0.9335921561621523,0.9983475490964684,0.0005381511218803787
00824-Dd4bFSTQ8gi,belief,501,tree,0_5_223,0_5,1,0.061967415758411415,0.9479626790217713,0.9415794957811312,0.9554470157029792,0.07266220027930305
00824-Dd4bFSTQ8gi,belief,501,tree,0_6_27,0_6,2,0.049521586586067375,0.9610387004724463,0.9467731481198789,0.745830077604488,0.07297394882801952
00824-Dd4bFSTQ8gi,belief,501,tree,0_6_1,0_6,3,0.024882254763081837,0.9847008419310647,0.9140771914844115,0.9792199486746695,0.02823074235339561
00824-Dd4bFSTQ8gi,belief,501,tree,0_5_272,0_5,4,0.019784300317819418,0.9016995359372659,0.9369344139588562,0.9847715292665611,0.02378012725830364
00824-Dd4bFSTQ8gi,belief,501,tree,0_1_26,0_1,5,0.012724198381024262,0.822130153600645,0.9852265509096012,0.9970716147899084,0.01575532602228261
00824-Dd4bFSTQ8gi,belief,502,tree branch,0_5_223,0_5,1,0.0013622083626083305,0.9479626790217713,0.9415794957811312,0.9554470157029792,0.0015973081280632935
00824-Dd4bFSTQ8gi,belief,502,tree branch,0_4_121,0_4,2,0.0002441675607269681,0.9544563668966294,0.9000147757925203,0.9818416918362156,0.0002894948060123026
00824-Dd4bFSTQ8gi,belief,502,tree branch,0_0_44,0_0,3,0.00017292837012808284,0.9746067896723822,0.9193050916540129,0.9818892958002545,0.0001965688172709777
00824-Dd4bFSTQ8gi,belief,502,tree branch,0_6_158,0_6,4,0.0001709783309628457,0.95469726641687,0.935107809836967,0.7431914433639781,0.00025769916377959044
00824-Dd4bFSTQ8gi,belief,502,tree branch,0_5_301,0_5,5,0.00014297033888821848,0.9691365588658651,0.9377424802727714,0.9877022447357643,0.00015927636612606298
00824-Dd4bFSTQ8gi,belief,503,trimmer,0_1_52,0_1,1,0.020682249251434474,0.9670426288967379,0.9487705709054759,0.8860270082170919,0.02544157439276769
00824-Dd4bFSTQ8gi,belief,503,trimmer,0_6_158,0_6,2,0.012813802703421593,0.95469726641687,0.935107809836967,0.7431914433639781,0.01931301015112822
00824-Dd4bFSTQ8gi,belief,503,trimmer,0_5_341,0_5,3,0.010041048110621231,0.9528206065803968,0.9224242573964267,0.9534262359800177,0.011982573267583566
00824-Dd4bFSTQ8gi,belief,503,trimmer,0_2_168,0_2,4,0.0074117628488164075,0.9805093748240153,0.9075325009829689,0.990365114076751,0.008410314640403515
00824-Dd4bFSTQ8gi,belief,503,trimmer,0_5_381,0_5,5,0.005947657828540745,0.8738880676251871,1.0,0.740147299803735,0.009195429243213994
00824-Dd4bFSTQ8gi,belief,504,tripod,0_3_29,0_3,1,0.17856029698386244,0.9802004204215117,0.9173320674665175,0.9370955823154603,0.2119139511792336
00824-Dd4bFSTQ8gi,belief,504,tripod,0_5_223,0_5,2,0.14169414429316027,0.9479626790217713,0.9415794957811312,0.9554470157029792,0.16614874390072543
00824-Dd4bFSTQ8gi,belief,504,tripod,0_5_308,0_5,3,0.08970665492493755,0.8731722489992778,0.9068384887821965,0.9439973818038041,0.12001181494695534
00824-Dd4bFSTQ8gi,belief,504,tripod,0_5_241,0_5,4,0.0801997635139158,0.9436638364583131,0.9209175787034058,0.9959684517937087,0.09265938867847409
00824-Dd4bFSTQ8gi,belief,504,tripod,0_2_200,0_2,5,0.06693544751334908,0.9661810888184442,0.9500365693955204,0.9988173081479677,0.07300813531503585
00824-Dd4bFSTQ8gi,belief,505,trolley,0_1_52,0_1,1,0.010349370011609585,0.9670426288967379,0.9487705709054759,0.8860270082170919,0.012730929980953695
00824-Dd4bFSTQ8gi,belief,505,trolley,0_3_35,0_3,2,0.0025397131925639525,0.8552236933541555,0.9230438950589228,0.9962066637995133,0.0032294841247047183
00824-Dd4bFSTQ8gi,belief,505,trolley,0_2_26,0_2,3,0.0014644376232072216,0.9621798116673055,0.9588000005604795,0.9498128775436335,0.0016712774695473815
00824-Dd4bFSTQ8gi,belief,505,trolley,0_5_429,0_5,4,0.0011056686632633184,0.981436476077767,0.9456069053530338,0.9937900419489633,0.001198829801372975
00824-Dd4bFSTQ8gi,belief,505,trolley,0_0_30,0_0,5,0.0009733081521712868,0.971570948116727,0.9364986114502116,0.9774138395879133,0.0010944356190985519
00824-Dd4bFSTQ8gi,belief,506,trombone,0_5_409,0_5,1,0.018724715589027427,0.9553930417384459,0.9550950135905424,0.8620343121781208,0.023804662340935617
00824-Dd4bFSTQ8gi,belief,506,trombone,0_5_381,0_5,2,0.006618278529654881,0.8738880676251871,1.0,0.740147299803735,0.010232248338041205
00824-Dd4bFSTQ8gi,belief,506,trombone,0_5_423,0_5,3,0.006470373775235663,0.9704151882065667,0.9359775368968624,0.9654242556344028,0.00737884100061003
00824-Dd4bFSTQ8gi,belief,506,trombone,0_0_30,0_0,4,0.005355150128971092,0.971570948116727,0.9364986114502116,0.9774138395879133,0.00602159453169231
00824-Dd4bFSTQ8gi,belief,506,trombone,0_2_26,0_2,5,0.0048839580101551995,0.9621798116673055,0.9588000005604795,0.9498128775436335,0.005573777165538474
00824-Dd4bFSTQ8gi,belief,507,trophy,0_2_6,0_2,1,0.18891648384070647,0.9572748878262058,0.9918923651744805,0.9723959521942782,0.20460936041566682
00824-Dd4bFSTQ8gi,belief,507,trophy,0_6_79,0_6,2,0.17168865031163244,0.9764038686326914,0.9405713974718488,0.9689450493932146,0.19293951349680746
00824-Dd4bFSTQ8gi,belief,507,trophy,0_2_172,0_2,3,0.12195370904804961,0.9597954059832474,0.9595718461650053,0.9921985866843136,0.13345665798301598
00824-Dd4bFSTQ8gi,belief,507,trophy,0_5_177,0_5,4,0.12120986517784042,0.9626096776780202,0.9291400845210275,0.980541615429202,0.13821033434381313
00824-Dd4bFSTQ8gi,belief,507,trophy,0_5_219,0_5,5,0.09386044796685801,0.9720533223663234,0.9157279284876639,0.9882475566722696,0.1066989939625553
00824-Dd4bFSTQ8gi,belief,508,trough,0_2_118,0_2,1,0.06607745932957845,0.9795660838865262,0.9548193678583632,0.9155692133060522,0.07716266091027153
00824-Dd4bFSTQ8gi,belief,508,trough,0_4_46,0_4,2,0.043067926638959864,0.9677013634987499,0.9440477238891964,0.9777391656931589,0.04821649642926853
00824-Dd4bFSTQ8gi,belief,508,trough,0_6_80,0_6,3,0.035527822751517245,0.9633367362008676,0.9404348059224408,0.991810530023276,0.03953967199690732
00824-Dd4bFSTQ8gi,belief,508,trough,0_4_47,0_4,4,0.02960583787231725,0.9707628209574694,0.9346966573795107,0.9753718921212599,0.03345209302355945
00824-Dd4bFSTQ8gi,belief,508,trough,0_2_85,0_2,5,0.027706416420489738,0.9831545421598006,0.9558507469819035,0.9907241469877843,0.029758821964002053
00824-Dd4bFSTQ8gi,belief,509,trumpet,0_5_409,0_5,1,0.006843430447564623,0.9553930417384459,0.9550950135905424,0.8620343121781208,0.008700028060955727
00824-Dd4bFSTQ8gi,belief,509,trumpet,0_5_423,0_5,2,0.004275938910089169,0.9704151882065667,0.9359775368968624,0.9654242556344028,0.004876298409008151
00824-Dd4bFSTQ8gi,belief,509,trumpet,0_5_277,0_5,3,0.0036599050465880743,0.9136341170421443,0.9096081134217623,0.9366862662323752,0.004701636305967165
00824-Dd4bFSTQ8gi,belief,509,trumpet,0_5_381,0_5,4,0.0031386252285901164,0.8738880676251871,1.0,0.740147299803735,0.004852499427921494
00824-Dd4bFSTQ8gi,belief,509,trumpet,0_2_26,0_2,5,0.002789353785679015,0.9621798116673055,0.9588000005604795,0.9498128775436335,0.0031833272122525763
00824-Dd4bFSTQ8gi,belief,510,tv,0_5_411,0_5,1,0.24971755397205456,0.9644731516071066,0.9124457899888485,0.9981805046723643,0.28427768792087205
00824-Dd4bFSTQ8gi,belief,510,tv,0_5_52,0_5,2,0.2368780620087581,0.9794476795140256,0.9539231511390984,0.9986155798321091,0.25388197799487505
00824-Dd4bFSTQ8gi,belief,510,tv,0_5_46,0_5,3,0.1572588191184572,0.9237367656397816,0.9000449980104781,0.9985727066020494,0.18941870651266524
00824-Dd4bFSTQ8gi,belief,510,tv,0_6_117,0_6,4,0.11540637394461019,0.9603616737378309,0.9285715456203731,0.9984498753222277,0.12961442496879674
00824-Dd4bFSTQ8gi,belief,510,tv,0_5_248,0_5,5,0.10393147197003166,0.8924675123501571,0.9394518567453067,0.9984682903581592,0.1241497519722807
00824-Dd4bFSTQ8gi,belief,511,tv stand,0_5_411,0_5,1,0.034989998401955734,0.9644731516071066,0.9124457899888485,0.9981805046723643,0.0398325055161165
00824-Dd4bFSTQ8gi,belief,511,tv stand,0_2_169,0_2,2,0.027832046089349815,0.9477227049863213,0.9335921561621523,0.9983475490964684,0.03150829473534437
00824-Dd4bFSTQ8gi,belief,511,tv stand,0_5_52,0_5,3,0.02688055694633129,0.9794476795140256,0.9539231511390984,0.9986155798321091,0.0288101350934142
00824-Dd4bFSTQ8gi,belief,511,tv stand,0_1_18,0_1,4,0.010630362190360204,0.9409580512635619,0.9272582361726601,0.9940162514807617,0.012256983873897015
00824-Dd4bFSTQ8gi,belief,511,tv stand,0_5_248,0_5,5,0.009850337879663586,0.8924675123501571,0.9394518567453067,0.9984682903581592,0.011766570620264283
00824-Dd4bFSTQ8gi,belief,512,typewriter,0_5_177,0_5,1,0.005408451686510696,0.9626096776780202,0.9291400845210275,0.980541615429202,0.0061670220883280205
00824-Dd4bFSTQ8gi,belief,512,typewriter,0_1_52,0_1,2,0.004833191953624627,0.9670426288967379,0.9487705709054759,0.8860270082170919,0.005945388779904519
00824-Dd4bFSTQ8gi,belief,512,typewriter,0_5_277,0_5,3,0.0028233415818387786,0.9136341170421443,0.9096081134217623,0.9366862662323752,0.003626958928263694
00824-Dd4bFSTQ8gi,belief,512,typewriter,0_2_118,0_2,4,0.0021699736985638144,0.9795660838865262,0.9548193678583632,0.9155692133060522,0.002534010029824729
00824-Dd4bFSTQ8gi,belief,512,typewriter,0_6_79,0_6,5,0.001558555205071846,0.9764038686326914,0.9405713974718488,0.9689450493932146,0.001751466287833618
00824-Dd4bFSTQ8gi,belief,513,ukulele,0_1_52,0_1,1,0.001543598494572065,0.9670426288967379,0.9487705709054759,0.8860270082170919,0.0018988058530188933
00824-Dd4bFSTQ8gi,belief,513,ukulele,0_0_47,0_0,2,0.0013719909090956675,0.9624765808173422,0.8942528018457205,0.9912889280771499,0.0016080535151370185
00824-Dd4bFSTQ8gi,belief,513,ukulele,0_2_26,0_2,3,0.0008511343135893574,0.9621798116673055,0.9588000005604795,0.9498128775436335,0.0009713500795924881
00824-Dd4bFSTQ8gi,belief,513,ukulele,0_5_277,0_5,4,0.0008039939192569918,0.9136341170421443,0.9096081134217623,0.9366862662323752,0.0010328374513648847
00824-Dd4bFSTQ8gi,belief,513,ukulele,0_1_54,0_1,5,0.0007434708510250096,0.9543598111186709,0.8922708780310395,0.9071457299680523,0.000962449661481458
00824-Dd4bFSTQ8gi,belief,514,umbrella,0_3_63,0_3,1,0.1376419296912289,0.9626293598944916,0.9597247878677808,0.8459323762310529,0.17612024881832394
00824-Dd4bFSTQ8gi,belief,514,umbrella,0_2_168,0_2,2,0.015502386673201604,0.9805093748240153,0.9075325009829689,0.990365114076751,0.017590949988320836
00824-Dd4bFSTQ8gi,belief,514,umbrella,0_5_423,0_5,3,0.011045006779144684,0.9704151882065667,0.9359775368968624,0.9654242556344028,0.01259577138895661
00824-Dd4bFSTQ8gi,belief,514,umbrella,0_2_45,0_2,4,0.008293035730502977,0.9211113929748536,0.9241524032495996,0.9943887080872573,0.00979719159699237
00824-Dd4bFSTQ8gi,belief,514,umbrella,0_2_204,0_2,5,0.006560324843917537,0.9547795909312037,0.9251967571365296,0.992837684393706,0.0074801423487694555
00824-Dd4bFSTQ8gi,belief,515,umbrella stand,0_5_71,0_5,1,0.006584180267420786,0.9697594858674828,0.9187593463357399,0.9969286487155646,0.0074126215839988765
00824-Dd4bFSTQ8gi,belief,515,umbrella stand,0_5_62,0_5,2,0.003925625279297409,0.9877969162194423,0.9504105454821048,0.9982966034624458,0.004188613958390833
00824-Dd4bFSTQ8gi,belief,515,umbrella stand,0_5_181,0_5,3,0.0035173851728017356,0.9017558828264015,0.926760468287906,0.9984436980703074,0.004215410411117234
00824-Dd4bFSTQ8gi,belief,515,umbrella stand,0_5_5,0_5,4,0.0034048246269893657,0.9625626938017611,0.9204997316665764,0.9986120347041921,0.0038480903469814537
00824-Dd4bFSTQ8gi,belief,515,umbrella stand,0_5_175,0_5,5,0.003117776454074785,0.9865259618196474,0.9240563669372206,0.9981843540940173,0.003426314561825381
00824-Dd4bFSTQ8gi,belief,516,unknown,0_5_171,0_5,1,0.5642798961843835,0.9731999333354012,0.9275741156946907,0.9573294678383242,0.6529538080064206
00824-Dd4bFSTQ8gi,belief,516,unknown,0_5_335,0_5,2,0.5346450876030494,0.9225074675891832,0.9477284055984949,0.9759475125646586,0.6265927005393274
00824-Dd4bFSTQ8gi,belief,516,unknown,0_1_29,0_1,3,0.4006104841181737,0.9756274529318523,0.9604242971664061,0.8487639121585747,0.5037189090098781
00824-Dd4bFSTQ8gi,belief,516,unknown,0_3_29,0_3,4,0.37915388743185474,0.9802004204215117,0.9173320674665175,0.9370955823154603,0.4499768411446595
00824-Dd4bFSTQ8gi,belief,516,unknown,0_6_1,0_6,5,0.3648220366758104,0.9847008419310647,0.9140771914844115,0.9792199486746695,0.4139173487411164
00824-Dd4bFSTQ8gi,belief,517,vacuum cleaner,0_1_52,0_1,1,0.025069794582944064,0.9670426288967379,0.9487705709054759,0.8860270082170919,0.030838765945591654
00824-Dd4bFSTQ8gi,belief,517,vacuum cleaner,0_5_308,0_5,2,0.002633457170452317,0.8731722489992778,0.9068384887821965,0.9439973818038041,0.0035231051127199977
00824-Dd4bFSTQ8gi,belief,517,vacuum cleaner,0_5_277,0_5,3,0.0023120375748921936,0.9136341170421443,0.9096081134217623,0.9366862662323752,0.0029701207174779704
00824-Dd4bFSTQ8gi,belief,517,vacuum cleaner,0_0_30,0_0,4,0.0016054722083132075,0.971570948116727,0.9364986114502116,0.9774138395879133,0.0018052720161965366
00824-Dd4bFSTQ8gi,belief,517,vacuum cleaner,0_1_46,0_1,5,0.001103459150097428,0.710536269527493,0.9882124411840797,0.9960026133309936,0.0015778263829276803
00824-Dd4bFSTQ8gi,belief,518,vanity,0_2_152,0_2,1,0.44565324505280557,0.921340560623179,0.9628195028756651,0.9998331689754213,0.5024634356381105
00824-Dd4bFSTQ8gi,belief,518,vanity,0_2_139,0_2,2,0.3443066858311216,0.9809691106329633,0.9286809157957854,0.9995447895822246,0.37811276837574015
00824-Dd4bFSTQ8gi,belief,518,vanity,0_2_146,0_2,3,0.2580503273951884,0.8943879720753134,0.9521856660792815,0.9996228757647236,0.3031242202166437
00824-Dd4bFSTQ8gi,belief,518,vanity,0_2_91,0_2,4,0.2032945904316311,0.9488393066347474,0.9457790548606504,0.999163492912337,0.2267289127644077
00824-Dd4bFSTQ8gi,belief,518,vanity,0_2_133,0_2,5,0.18639585973313683,0.9845735762889187,0.9501939885730822,0.9996838147870353,0.19930268339691237
00824-Dd4bFSTQ8gi,belief,519,vase,0_5_296,0_5,1,0.9414665057909525,0.9757250026026103,0.9731247839378279,0.9991919637539729,0.9923388040366806
00824-Dd4bFSTQ8gi,belief,519,vase,0_5_261,0_5,2,0.7991934534665561,0.9017280759130206,0.8954387875547427,0.9978138531166759,0.9919525402724108
00824-Dd4bFSTQ8gi,belief,519,vase,0_5_306,0_5,3,0.7720585164788828,0.9527003305316307,0.909541780119648,0.9902707782510743,0.8997405315794306
00824-Dd4bFSTQ8gi,belief,519,vase,0_2_6,0_2,4,0.2996499344592042,0.9572748878262058,0.9918923651744805,0.9723959521942782,0.3245411950922798
00824-Dd4bFSTQ8gi,belief,519,vase,0_5_74,0_5,5,0.26858676027741923,0.9563099237625852,0.8908950815526796,0.8907808352333911,0.3539064779617218
00824-Dd4bFSTQ8gi,belief,520,vegetables,0_6_4,0_6,1,0.0003943462645190293,0.958239028850893,0.9269886212419773,0.9444489641783121,0.00047005749067005273
00824-Dd4bFSTQ8gi,belief,520,vegetables,0_5_23,0_5,2,0.00016811258761971528,0.8775336300609289,0.9155703927595544,0.9661093980736647,0.00021658003361048952
00824-Dd4bFSTQ8gi,belief,520,vegetables,0_5_381,0_5,3,4.3633213962048403e-05,0.8738880676251871,1.0,0.740147299803735,6.745951821853101e-05
00824-Dd4bFSTQ8gi,belief,520,vegetables,0_5_277,0_5,4,3.9075470378878176e-05,0.9136341170421443,0.9096081134217623,0.9366862662323752,5.01976548209492e-05
00824-Dd4bFSTQ8gi,belief,520,vegetables,0_3_47,0_3,5,2.4843189165518216e-05,0.9306412878968231,0.9396563935419477,0.9737951084664206,2.9173488781841238e-05
00824-Dd4bFSTQ8gi,belief,521,vessel,0_1_52,0_1,1,0.1524555333517976,0.9670426288967379,0.9487705709054759,0.8860270082170919,0.18753805479304028
00824-Dd4bFSTQ8gi,belief,521,vessel,0_5_293,0_5,2,0.057372315949025796,0.9593782144020322,0.9538460228728288,0.8306947788685295,0.07547320191115597
00824-Dd4bFSTQ8gi,belief,521,vessel,0_5_305,0_5,3,0.05050271630197907,0.8800817169235661,0.9145566573947903,0.900988414543927,0.06964050574403056
00824-Dd4bFSTQ8gi,belief,521,vessel,0_2_30,0_2,4,0.04662026695932852,0.9706078015830275,0.9472652918790121,0.9855811605074362,0.05144781798174884
00824-Dd4bFSTQ8gi,belief,521,vessel,0_5_250,0_5,5,0.03573889680055723,0.9710265826892314,0.9199946345075227,0.9636858468584617,0.04151349021549369
00824-Dd4bFSTQ8gi,belief,522,vinyl records,0_5_277,0_5,1,0.0034907953009395308,0.9136341170421443,0.9096081134217623,0.9366862662323752,0.004484392276487415
00824-Dd4bFSTQ8gi,belief,522,vinyl records,0_2_118,0_2,2,0.00030334502883067754,0.9795660838865262,0.9548193678583632,0.9155692133060522,0.00035423440664887076
00824-Dd4bFSTQ8gi,belief,522,vinyl records,0_2_26,0_2,3,0.0001366185021506277,0.9621798116673055,0.9588000005604795,0.9498128775436335,0.00015591474908135822
00824-Dd4bFSTQ8gi,belief,522,vinyl records,0_0_44,0_0,4,9.054475117108794e-05,0.9746067896723822,0.9193050916540129,0.9818892958002545,0.00010292281500492419
00824-Dd4bFSTQ8gi,belief,522,vinyl records,0_5_308,0_5,5,8.619817218189594e-05,0.8731722489992778,0.9068384887821965,0.9439973818038041,0.00011531807865665647
00824-Dd4bFSTQ8gi,belief,523,violin,0_5_409,0_5,1,0.10875580452202169,0.9553930417384459,0.9550950135905424,0.8620343121781208,0.13826085592352616
00824-Dd4bFSTQ8gi,belief,523,violin,0_5_277,0_5,2,0.06472327040697548,0.9136341170421443,0.9096081134217623,0.9366862662323752,0.08314567566993385
00824-Dd4bFSTQ8gi,belief,523,violin,0_5_423,0_5,3,0.015611277754499386,0.9704151882065667,0.9359775368968624,0.9654242556344028,0.01780316568537276
00824-Dd4bFSTQ8gi,belief,523,violin,0_2_26,0_2,4,0.011012071380771404,0.9621798116673055,0.9588000005604795,0.9498128775436335,0.012567436468495133
00824-Dd4bFSTQ8gi,belief,523,violin,0_1_52,0_1,5,0.01070383247558786,0.9670426288967379,0.9487705709054759,0.8860270082170919,0.013166960077927873
00824-Dd4bFSTQ8gi,belief,524,violin case,0_5_277,0_5,1,0.011578338837184631,0.9136341170421443,0.9096081134217623,0.9366862662323752,0.014873920920556566
00824-Dd4bFSTQ8gi,belief,524,violin case,0_1_52,0_1,2,0.004714273900976229,0.9670426288967379,0.9487705709054759,0.8860270082170919,0.005799105730787536
00824-Dd4bFSTQ8gi,belief,524,violin case,0_5_409,0_5,3,0.0036424968098009696,0.9553930417384459,0.9550950135905424,0.8620343121781208,0.004630692852075034
00824-Dd4bFSTQ8gi,belief,524,violin case,0_5_292,0_5,4,0.0023813625099325967,0.9728397386153946,0.9715163362707585,0.9651859685911803,0.002610496422279946
00824-Dd4bFSTQ8gi,belief,524,violin case,0_5_308,0_5,5,0.0021546645893733263,0.8731722489992778,0.9068384887821965,0.9439973818038041,0.002882564378183553
00824-Dd4bFSTQ8gi,belief,525,waffle iron,0_1_52,0_1,1,0.01210915273419139,0.9670426288967379,0.9487705709054759,0.8860270082170919,0.014895667602446531
00824-Dd4bFSTQ8gi,belief,525,waffle iron,0_6_79,0_6,2,0.00021264859829633203,0.9764038686326914,0.9405713974718488,0.9689450493932146,0.0002389693030180024
00824-Dd4bFSTQ8gi,belief,525,waffle iron,0_5_28,0_5,3,0.0001496061922165571,0.8739358467557441,0.91572712619522,0.9854440541086565,0.00018970202342020594
00824-Dd4bFSTQ8gi,belief,525,waffle iron,0_5_277,0_5,4,0.00013862603754180464,0.9136341170421443,0.9096081134217623,0.9366862662323752,0.00017808363953773171
00824-Dd4bFSTQ8gi,belief,525,waffle iron,0_3_35,0_3,5,0.00012006568188906549,0.8552236933541555,0.9230438950589228,0.9962066637995133,0.00015267480387859577
00824-Dd4bFSTQ8gi,belief,526,wardrobe,0_4_32,0_4,1,0.02702322634025379,0.9732974602824092,0.9116819039552837,0.9988360708421128,0.030489763560145374
00824-Dd4bFSTQ8gi,belief,526,wardrobe,0_5_407,0_5,2,0.024215080151301086,0.9508972239607033,0.8812271875344988,0.9985032224459152,0.02894109594888443
00824-Dd4bFSTQ8gi,belief,526,wardrobe,0_1_81,0_1,3,0.023749899811174698,0.9556043365950226,0.9425392468235532,0.9996021129681336,0.02637892307708625
00824-Dd4bFSTQ8gi,belief,526,wardrobe,0_5_18,0_5,4,0.01556130888413911,0.9660357592710255,0.9019724366621011,0.9987844825130742,0.017880837980123913
00824-Dd4bFSTQ8gi,belief,526,wardrobe,0_5_366,0_5,5,0.01193238180926944,0.9368917539836915,0.9500061962006863,0.9978035094459802,0.013435884438444685
00824-Dd4bFSTQ8gi,belief,527,washing machine,0_5_89,0_5,1,0.0031285194897920387,0.9546120117681776,0.9285511369546245,0.9998632490793011,0.0035299254891017913
00824-Dd4bFSTQ8gi,belief,527,washing machine,0_4_7,0_4,2,0.002104460842873579,0.9548851611138032,0.9557685739561002,0.9927725423818324,0.0023226683449728094
00824-Dd4bFSTQ8gi,belief,527,washing machine,0_1_35,0_1,3,0.001925769120423482,0.9436002045715728,0.9186584180695694,0.9937285419533587,0.0022356013814736177
00824-Dd4bFSTQ8gi,belief,527,washing machine,0_5_125,0_5,4,0.001913915068272625,0.8721973859944828,0.9260615837344047,0.9977790475216071,0.002374836047784624
00824-Dd4bFSTQ8gi,belief,527,washing machine,0_2_95,0_2,5,0.0011275013859826355,0.9727564324427442,0.9520904603891356,0.9960164246728062,0.0012222731152375886
00824-Dd4bFSTQ8gi,belief,528,washing powder,0_2_32,0_2,1,0.018601048041870828,0.9322114680064533,0.9263398097090721,0.9944505735418133,0.021660548117136472
00824-Dd4bFSTQ8gi,belief,528,washing powder,0_4_7,0_4,2,0.012581166174975511,0.9548851611138032,0.9557685739561002,0.9927725423818324,0.013885683127064818
00824-Dd4bFSTQ8gi,belief,528,washing powder,0_2_121,0_2,3,0.011186035188671218,0.9803334756295867,0.9596440184592478,0.9852285314398698,0.01206855315333229
00824-Dd4bFSTQ8gi,belief,528,washing powder,0_4_19,0_4,4,0.011177756676092717,0.8997959636237179,0.9968185372011825,0.9517453362107378,0.013094042546356446
00824-Dd4bFSTQ8gi,belief,528,washing powder,0_4_46,0_4,5,0.010970182882873542,0.9677013634987499,0.9440477238891964,0.9777391656931589,0.01228161708908468
00824-Dd4bFSTQ8gi,belief,529,washing stuff,0_2_26,0_2,1,0.0009709632169181011,0.9621798116673055,0.9588000005604795,0.9498128775436335,0.0011081038362293198
00824-Dd4bFSTQ8gi,belief,529,washing stuff,0_2_121,0_2,2,0.0008821418588752722,0.9803334756295867,0.9596440184592478,0.9852285314398698,0.0009517381031840137
00824-Dd4bFSTQ8gi,belief,529,washing stuff,0_1_35,0_1,3,0.0006278901221413074,0.9436002045715728,0.9186584180695694,0.9937285419533587,0.0007289098208013975
00824-Dd4bFSTQ8gi,belief,529,washing stuff,0_2_95,0_2,4,0.0005185327595649717,0.9727564324427442,0.9520904603891356,0.9960164246728062,0.0005621178468298418
00824-Dd4bFSTQ8gi,belief,529,washing stuff,0_2_36,0_2,5,0.0004846982798648227,0.9645862616036877,0.9360672919744994,0.9972322626966572,0.0005383032669357996
00824-Dd4bFSTQ8gi,belief,530,watch,0_2_172,0_2,1,0.040388826620346784,0.9597954059832474,0.9595718461650053,0.9921985866843136,0.0441983918544309
00824-Dd4bFSTQ8gi,belief,530,watch,0_5_164,0_5,2,0.012035215101177311,0.8294892445145737,0.8934307131046062,0.9942898782409825,0.016333121817636572
00824-Dd4bFSTQ8gi,belief,530,watch,0_3_35,0_3,3,0.011616992705626241,0.8552236933541555,0.9230438950589228,0.9962066637995133,0.014772098530446857
00824-Dd4bFSTQ8gi,belief,530,watch,0_1_52,0_1,4,0.008211020560459888,0.9670426288967379,0.9487705709054759,0.8860270082170919,0.010100511210839236
00824-Dd4bFSTQ8gi,belief,530,watch,0_5_221,0_5,5,0.005671300939200483,0.9546420804071826,0.947378067978975,0.9985432168536884,0.006279888410968978
00824-Dd4bFSTQ8gi,belief,531,water dispenser,0_5_2,0_5,1,0.00530879300913098,0.9446704996128876,0.920601713839274,0.9745107978813246,0.006264075801358958
00824-Dd4bFSTQ8gi,belief,531,water dispenser,0_5_67,0_5,2,0.004672370893080235,0.981415754117179,0.9366916001931784,0.9975065562697287,0.0050953251152462565
00824-Dd4bFSTQ8gi,belief,531,water dispenser,0_5_134,0_5,3,0.0034243627608154105,0.9023070710365759,0.9449069595784122,0.9989257880047733,0.00402071353714321
00824-Dd4bFSTQ8gi,belief,531,water dispenser,0_5_71,0_5,4,0.003282656477449806,0.9697594858674828,0.9187593463357399,0.9969286487155646,0.003695690164803177
00824-Dd4bFSTQ8gi,belief,531,water dispenser,0_5_141,0_5,5,0.003147620290677907,0.8877581810347396,0.916958852186766,0.9974033923687733,0.003876742582331247
00824-Dd4bFSTQ8gi,belief,532,water heater,0_4_102,0_4,1,0.09618396112026131,0.9793698223022669,0.9410808717219558,0.9971505440458512,0.10465699580728093
00824-Dd4bFSTQ8gi,belief,532,water heater,0_4_120,0_4,2,0.09497175568507554,0.9559786604214757,0.9529424329546861,0.9971428800812246,0.10454956020303903
00824-Dd4bFSTQ8gi,belief,532,water heater,0_1_52,0_1,3,0.08363767513408203,0.9670426288967379,0.9487705709054759,0.8860270082170919,0.10288407745662866
00824-Dd4bFSTQ8gi,belief,532,water heater,0_5_67,0_5,4,0.08148402220432152,0.981415754117179,0.9366916001931784,0.9975065562697287,0.08886015137279758
00824-Dd4bFSTQ8gi,belief,532,water heater,0_5_68,0_5,5,0.0810311269474355,0.926739274960704,0.9265356432310157,0.9956847793011084,0.09477860472283266
00824-Dd4bFSTQ8gi,belief,533,water meter,0_1_52,0_1,1,0.0028627181232323017,0.9670426288967379,0.9487705709054759,0.8860270082170919,0.0035214765672881274
00824-Dd4bFSTQ8gi,belief,533,water meter,0_2_6,0_2,2,0.0009452302887035251,0.9572748878262058,0.9918923651744805,0.9723959521942782,0.001023748488671962
00824-Dd4bFSTQ8gi,belief,533,water meter,0_2_95,0_2,3,0.0009059382909709394,0.9727564324427442,0.9520904603891356,0.9960164246728062,0.0009820866128275611
00824-Dd4bFSTQ8gi,belief,533,water meter,0_5_67,0_5,4,0.0008670239361381962,0.981415754117179,0.9366916001931784,0.9975065562697287,0.0009455090228105218
00824-Dd4bFSTQ8gi,belief,533,water meter,0_4_102,0_4,5,0.0007245210738255089,0.9793698223022669,0.9410808717219558,0.9971505440458512,0.0007883455630490772
00824-Dd4bFSTQ8gi,belief,534,water pump,0_2_6,0_2,1,0.0027968498532067727,0.9572748878262058,0.9918923651744805,0.9723959521942782,0.003029178015645357
00824-Dd4bFSTQ8gi,belief,534,water pump,0_6_79,0_6,2,0.0026631130325584216,0.9764038686326914,0.9405713974718488,0.9689450493932146,0.002992741406937466
00824-Dd4bFSTQ8gi,belief,534,water pump,0_1_52,0_1,3,0.001306048451333823,0.9670426288967379,0.9487705709054759,0.8860270082170919,0.0016065916444200998
00824-Dd4bFSTQ8gi,belief,534,water pump,0_3_47,0_3,4,0.0006065987265627107,0.9306412878968231,0.9396563935419477,0.9737951084664206,0.0007123321014283827
00824-Dd4bFSTQ8gi,belief,534,water pump,0_5_277,0_5,5,0.0004812582675273344,0.9136341170421443,0.9096081134217623,0.9366862662323752,0.0006182404500528681
00824-Dd4bFSTQ8gi,belief,535,water tank,0_1_52,0_1,1,0.0033907619431675614,0.9670426288967379,0.9487705709054759,0.8860270082170919,0.004171031940313736
00824-Dd4bFSTQ8gi,belief,535,water tank,0_1_35,0_1,2,0.0027715502533963007,0.9436002045715728,0.9186584180695694,0.9937285419533587,0.0032174581623542644
00824-Dd4bFSTQ8gi,belief,535,water tank,0_6_102,0_6,3,0.001527721320294641,0.9725344562484016,0.9510726343845708,0.9931152580960521,0.00166312848669177
00824-Dd4bFSTQ8gi,belief,535,water tank,0_4_19,0_4,4,0.0010196560820961336,0.8997959636237179,0.9968185372011825,0.9517453362107378,0.0011944632996148741
00824-Dd4bFSTQ8gi,belief,535,water tank,0_4_46,0_4,5,0.0007583060892556226,0.9677013634987499,0.9440477238891964,0.9777391656931589,0.0008489580460047272
00824-Dd4bFSTQ8gi,belief,536,watering can,0_5_23,0_5,1,0.0026106703410127994,0.8775336300609289,0.9155703927595544,0.9661093980736647,0.003363335715713837
00824-Dd4bFSTQ8gi,belief,536,watering can,0_5_409,0_5,2,0.0020196882332250772,0.9553930417384459,0.9550950135905424,0.8620343121781208,0.0025676222529146028
00824-Dd4bFSTQ8gi,belief,536,watering can,0_2_6,0_2,3,0.0017003423518513166,0.9572748878262058,0.9918923651744805,0.9723959521942782,0.0018415860491735668
00824-Dd4bFSTQ8gi,belief,536,watering can,0_4_19,0_4,4,0.0016327082158720805,0.8997959636237179,0.9968185372011825,0.9517453362107378,0.001912615515252733
00824-Dd4bFSTQ8gi,belief,536,watering can,0_2_121,0_2,5,0.0015584200324293867,0.9803334756295867,0.9596440184592478,0.9852285314398698,0.0016813709843895156
00824-Dd4bFSTQ8gi,belief,537,weight,0_6_79,0_6,1,0.02827301212976631,0.9764038686326914,0.9405713974718488,0.9689450493932146,0.031772520754896144
00824-Dd4bFSTQ8gi,belief,537,weight,0_2_118,0_2,2,0.019498378759683927,0.9795660838865262,0.9548193678583632,0.9155692133060522,0.022769440650392058
00824-Dd4bFSTQ8gi,belief,537,weight,0_1_52,0_1,3,0.010529868429939835,0.9670426288967379,0.9487705709054759,0.8860270082170919,0.012952964049003982
00824-Dd4bFSTQ8gi,belief,537,weight,0_6_68,0_6,4,0.009846695336564912,0.9486475287198018,0.9414739267705342,0.9603944193808228,0.011479624860739397
00824-Dd4bFSTQ8gi,belief,537,weight,0_2_74,0_2,5,0.008723102752129857,0.9737366153265942,0.9535296793708725,0.9704137004208829,0.009681404202443154
00824-Dd4bFSTQ8gi,belief,538,weight bench,0_5_62,0_5,1,0.0012767498510229262,0.9877969162194423,0.9504105454821048,0.9982966034624458,0.0013622829146660612
00824-Dd4bFSTQ8gi,belief,538,weight bench,0_5_175,0_5,2,0.0010959353401998693,0.9865259618196474,0.9240563669372206,0.9981843540940173,0.001204390138375134
00824-Dd4bFSTQ8gi,belief,538,weight bench,0_5_127,0_5,3,0.0008651773552608708,0.9712925213078658,0.9027066908876451,0.9988746751874485,0.000987864628095926
00824-Dd4bFSTQ8gi,belief,538,weight bench,0_5_125,0_5,4,0.0008576375176170582,0.8721973859944828,0.9260615837344047,0.9977790475216071,0.001064179140722136
00824-Dd4bFSTQ8gi,belief,538,weight bench,0_3_3,0_3,5,0.0008478199854014033,0.9352000604038737,0.9641408302363261,0.9968644707889505,0.0009432406978548126
00824-Dd4bFSTQ8gi,belief,539,weights,0_5_277,0_5,1,0.0010086102768640862,0.9136341170421443,0.9096081134217623,0.9366862662323752,0.0012956944608977206
00824-Dd4bFSTQ8gi,belief,539,weights,0_5_292,0_5,2,0.0005664071921203937,0.9728397386153946,0.9715163362707585,0.9651859685911803,0.0006209067046351415
00824-Dd4bFSTQ8gi,belief,539,weights,0_6_79,0_6,3,0.0004288914252325416,0.9764038686326914,0.9405713974718488,0.9689450493932146,0.0004819777124295582
00824-Dd4bFSTQ8gi,belief,539,weights,0_1_52,0_1,4,0.0003379742168786209,0.9670426288967379,0.9487705709054759,0.8860270082170919,0.00041574763349099745
00824-Dd4bFSTQ8gi,belief,539,weights,0_5_2,0_5,5,0.00032209996171028195,0.9446704996128876,0.920601713839274,0.9745107978813246,0.0003800597560119045
00824-Dd4bFSTQ8gi,belief,540,wheel,0_0_49,0_0,1,0.0008694196664752005,0.9376424465962007,0.9309685759458385,0.11093294993742432,0.00897835175984918
00824-Dd4bFSTQ8gi,belief,540,wheel,0_3_48,0_3,2,0.0006326835352325022,0.9350999885963068,0.9528884058033308,0.9981931434202318,0.0007113311966502944
00824-Dd4bFSTQ8gi,belief,540,wheel,0_5_277,0_5,3,0.0006260833841792112,0.9136341170421443,0.9096081134217623,0.9366862662323752,0.0008042876337362734
00824-Dd4bFSTQ8gi,belief,540,wheel,0_1_52,0_1,4,0.0003143406494796654,0.9670426288967379,0.9487705709054759,0.8860270082170919,0.00038667559418631143
00824-Dd4bFSTQ8gi,belief,540,wheel,0_3_35,0_3,5,0.00022086582775292268,0.8552236933541555,0.9230438950589228,0.9962066637995133,0.000280851667230086
00824-Dd4bFSTQ8gi,belief,541,wheelbarrow,0_1_52,0_1,1,0.01603983619613836,0.9670426288967379,0.9487705709054759,0.8860270082170919,0.019730865868157865
00824-Dd4bFSTQ8gi,belief,541,wheelbarrow,0_6_68,0_6,2,0.0008350316027407272,0.9486475287198018,0.9414739267705342,0.9603944193808228,0.0009735093062876876
00824-Dd4bFSTQ8gi,belief,541,wheelbarrow,0_3_61,0_3,3,0.0008067073189938783,0.940122461815675,0.9401845536515845,0.9962542178115388,0.0009161113907032293
00824-Dd4bFSTQ8gi,belief,541,wheelbarrow,0_2_121,0_2,4,0.0007021287391298494,0.9803334756295867,0.9596440184592478,0.9852285314398698,0.0007575229172578128
00824-Dd4bFSTQ8gi,belief,541,wheelbarrow,0_5_250,0_5,5,0.0005521566393303055,0.9710265826892314,0.9199946345075227,0.9636858468584617,0.0006413726022987124
00824-Dd4bFSTQ8gi,belief,542,window shade,0_1_71,0_1,1,0.8017714468612851,0.9640848540058431,0.9539412638012614,0.997502347724089,0.8739765180532133
00824-Dd4bFSTQ8gi,belief,542,window shade,0_1_39,0_1,2,0.7648280365943826,0.9906559773010021,0.926038238877503,0.9976435628861369,0.8356734611919606
00824-Dd4bFSTQ8gi,belief,542,window shade,0_1_72,0_1,3,0.7410233287512314,0.9614927385882392,0.968328737010521,0.9972814403766748,0.7980779547805844
00824-Dd4bFSTQ8gi,belief,542,window shade,0_2_183,0_2,4,0.674860566646446,0.931689755032811,0.973927451766655,0.9986380263017408,0.7447457367429252
00824-Dd4bFSTQ8gi,belief,542,window shade,0_1_101,0_1,5,0.6443716335709797,0.9864855000018535,0.9176280602844711,0.9955911370964402,0.7149867611382618
00824-Dd4bFSTQ8gi,belief,543,wine,0_5_71,0_5,1,0.020856881996674147,0.9697594858674828,0.9187593463357399,0.9969286487155646,0.023481157468980916
00824-Dd4bFSTQ8gi,belief,543,wine,0_5_23,0_5,2,0.01682625110307584,0.8775336300609289,0.9155703927595544,0.9661093980736647,0.021677318046440724
00824-Dd4bFSTQ8gi,belief,543,wine,0_5_264,0_5,3,0.01524194424311161,0.8729495747396665,0.9176435336684243,0.9952753551909703,0.019117625591753704
00824-Dd4bFSTQ8gi,belief,543,wine,0_5_277,0_5,4,0.015053835805591536,0.9136341170421443,0.9096081134217623,0.9366862662323752,0.019338660447931484
00824-Dd4bFSTQ8gi,belief,543,wine,0_5_62,0_5,5,0.010082205886967727,0.9877969162194423,0.9504105454821048,0.9982966034624458,0.01075764121762571
00824-Dd4bFSTQ8gi,belief,544,wine storage,0_5_62,0_5,1,0.010479952707010886,0.9877969162194423,0.9504105454821048,0.9982966034624458,0.011182034215888785
00824-Dd4bFSTQ8gi,belief,544,wine storage,0_5_5,0_5,2,0.006895151588185048,0.9625626938017611,0.9204997316665764,0.9986120347041921,0.007792814366163123
00824-Dd4bFSTQ8gi,belief,544,wine storage,0_5_182,0_5,3,0.00453508450553974,0.9104094126147172,0.9358932540145208,0.9983476247044989,0.005331391054617398
00824-Dd4bFSTQ8gi,belief,544,wine storage,0_5_71,0_5,4,0.004024256358331579,0.9697594858674828,0.9187593463357399,0.9969286487155646,0.004530600367811431
00824-Dd4bFSTQ8gi,belief,544,wine storage,0_5_125,0_5,5,0.0036681653079272784,0.8721973859944828,0.9260615837344047,0.9977790475216071,0.004551555785785693
00824-Dd4bFSTQ8gi,belief,545,wood,0_1_88,0_1,1,0.8922171336072298,0.9508373052935465,0.9605801463334473,0.9840572718663181,0.9926824985774185
00824-Dd4bFSTQ8gi,belief,545,wood,0_1_73,0_1,2,0.8317817225082154,0.9764922605420352,0.9486181899287447,0.9971112762754928,0.9005451501748963
00824-Dd4bFSTQ8gi,belief,545,wood,0_6_151,0_6,3,0.812605654864554,0.9832653262665586,0.935213051177923,0.9968882572999478,0.8864455750875363
00824-Dd4bFSTQ8gi,belief,545,wood,0_6_142,0_6,4,0.8103896954189379,0.9746051739300068,0.9310473761312555,0.9983447006133652,0.894567054986569
00824-Dd4bFSTQ8gi,belief,545,wood,0_2_150,0_2,5,0.7899825676349884,0.9760204264991155,0.932923988734002,0.9830901668578967,0.8825086857433075
00824-Dd4bFSTQ8gi,belief,546,wrench,0_2_159,0_2,1,0.010740349625474984,0.9870273823715147,0.9569317912040664,0.960670050619474,0.011836791105836485
00824-Dd4bFSTQ8gi,belief,546,wrench,0_2_168,0_2,2,0.004580900270794426,0.9805093748240153,0.9075325009829689,0.990365114076751,0.005198063321716125
00824-Dd4bFSTQ8gi,belief,546,wrench,0_2_118,0_2,3,0.004345235136448861,0.9795660838865262,0.9548193678583632,0.9155692133060522,0.005074194873880602
00824-Dd4bFSTQ8gi,belief,546,wrench,0_3_29,0_3,4,0.0035139150480552024,0.9802004204215117,0.9173320674665175,0.9370955823154603,0.004170286645574087
00824-Dd4bFSTQ8gi,belief,546,wrench,0_4_27,0_4,5,0.002902476894512535,0.9385714464717441,0.9242739391230563,0.9884691868546905,0.003384835675701111
