scene_id,predicted_room_id,class_id,class_label,gt_class_present_in_room,gt_class_present_in_scene,num_gt_instances_in_room,belief
00824-Dd4bFSTQ8gi,0_0,0,acoustic panel,0,0,0,0.0
00824-Dd4bFSTQ8gi,0_0,1,air conditioner,0,1,0,0.0
00824-Dd4bFSTQ8gi,0_0,2,air freshener,0,0,0,0.0
00824-Dd4bFSTQ8gi,0_0,3,air hockey,0,0,0,0.0
00824-Dd4bFSTQ8gi,0_0,4,air purifier,0,0,0,0.0
00824-Dd4bFSTQ8gi,0_0,5,aisle frame,0,0,0,0.0
00824-Dd4bFSTQ8gi,0_0,6,alarm,0,0,0,0.0
00824-Dd4bFSTQ8gi,0_0,7,album,0,0,0,0.0
00824-Dd4bFSTQ8gi,0_0,8,amplifier,0,0,0,0.0
00824-Dd4bFSTQ8gi,0_0,9,appliance,0,0,0,0.0
00824-Dd4bFSTQ8gi,0_0,10,apron,0,0,0,0.0
00824-Dd4bFSTQ8gi,0_0,11,aquarium,0,0,0,0.0
00824-Dd4bFSTQ8gi,0_0,12,arcade game,0,0,0,0.0
00824-Dd4bFSTQ8gi,0_0,13,artwork,0,1,0,0.0
00824-Dd4bFSTQ8gi,0_0,14,ashtray,0,0,0,0.0
00824-Dd4bFSTQ8gi,0_0,15,audio player,0,0,0,0.0
00824-Dd4bFSTQ8gi,0_0,16,axe,0,0,0,0.0
00824-Dd4bFSTQ8gi,0_0,17,baby changing table,0,0,0,0.0
00824-Dd4bFSTQ8gi,0_0,18,backrest,0,0,0,0.0
00824-Dd4bFSTQ8gi,0_0,19,backsplash,0,0,0,0.0
00824-Dd4bFSTQ8gi,0_0,20,bag,0,0,0,0.0
00824-Dd4bFSTQ8gi,0_0,21,ball,0,0,0,0.0
00824-Dd4bFSTQ8gi,0_0,22,ball pool,0,0,0,0.0
00824-Dd4bFSTQ8gi,0_0,23,bar,0,0,0,0.0
00824-Dd4bFSTQ8gi,0_0,24,barbecue,0,0,0,0.0
00824-Dd4bFSTQ8gi,0_0,25,barrel,0,0,0,0.0
00824-Dd4bFSTQ8gi,0_0,26,base,0,0,0,0.0
00824-Dd4bFSTQ8gi,0_0,27,baseball bat,0,0,0,0.0
00824-Dd4bFSTQ8gi,0_0,28,basket,0,0,0,0.0
00824-Dd4bFSTQ8gi,0_0,29,basketball hoop,0,0,0,0.0
00824-Dd4bFSTQ8gi,0_0,30,basketballs,0,0,0,0.0
00824-Dd4bFSTQ8gi,0_0,31,bathroom accessory,0,0,0,0.0
00824-Dd4bFSTQ8gi,0_0,32,bathtub,0,1,0,0.0
00824-Dd4bFSTQ8gi,0_0,33,bed,1,1,1,0.0
00824-Dd4bFSTQ8gi,0_0,34,bed ladder,0,0,0,0.0
00824-Dd4bFSTQ8gi,0_0,35,beer crate,0,0,0,0.0
00824-Dd4bFSTQ8gi,0_0,36,bell,0,0,0,0.0
00824-Dd4bFSTQ8gi,0_0,37,belt,0,0,0,0.0
00824-Dd4bFSTQ8gi,0_0,38,bench,0,1,0,0.0
00824-Dd4bFSTQ8gi,0_0,39,beverage dispenser,0,0,0,0.0
00824-Dd4bFSTQ8gi,0_0,40,bicycle,0,0,0,0.0
00824-Dd4bFSTQ8gi,0_0,41,bicycle helmet,0,0,0,0.0
00824-Dd4bFSTQ8gi,0_0,42,bin,0,1,0,0.0
00824-Dd4bFSTQ8gi,0_0,43,birdhouse,0,0,0,0.0
00824-Dd4bFSTQ8gi,0_0,44,blanket,0,1,0,0.9999999986710821
00824-Dd4bFSTQ8gi,0_0,45,board,0,0,0,0.0
00824-Dd4bFSTQ8gi,0_0,46,board game,0,0,0,0.0
00824-Dd4bFSTQ8gi,0_0,47,board with keys,0,0,0,0.0
00824-Dd4bFSTQ8gi,0_0,48,book,0,1,0,0.0
00824-Dd4bFSTQ8gi,0_0,49,bottle,0,0,0,0.0
00824-Dd4bFSTQ8gi,0_0,50,bottle dispenser,0,0,0,0.0
00824-Dd4bFSTQ8gi,0_0,51,bottle opener,0,0,0,0.0
00824-Dd4bFSTQ8gi,0_0,52,bowl,0,1,0,0.0
00824-Dd4bFSTQ8gi,0_0,53,box,0,0,0,0.0
00824-Dd4bFSTQ8gi,0_0,54,boxing ring,0,0,0,0.0
00824-Dd4bFSTQ8gi,0_0,55,bread,0,0,0,0.0
00824-Dd4bFSTQ8gi,0_0,56,bread box,0,0,0,0.0
00824-Dd4bFSTQ8gi,0_0,57,bricks,0,0,0,0.0
00824-Dd4bFSTQ8gi,0_0,58,bridge,0,0,0,0.0
00824-Dd4bFSTQ8gi,0_0,59,broom,0,0,0,0.0
00824-Dd4bFSTQ8gi,0_0,60,brush,0,0,0,0.0
00824-Dd4bFSTQ8gi,0_0,61,bucket,0,0,0,0.0
00824-Dd4bFSTQ8gi,0_0,62,buffet,0,0,0,0.0
00824-Dd4bFSTQ8gi,0_0,63,button,0,0,0,0.0
00824-Dd4bFSTQ8gi,0_0,64,cabinet,0,1,0,0.0
00824-Dd4bFSTQ8gi,0_0,65,cable,0,0,0,0.0
00824-Dd4bFSTQ8gi,0_0,66,cage,0,0,0,0.0
00824-Dd4bFSTQ8gi,0_0,67,cake,0,0,0,0.0
00824-Dd4bFSTQ8gi,0_0,68,calculator,0,0,0,0.0
00824-Dd4bFSTQ8gi,0_0,69,calendar,0,0,0,0.0
00824-Dd4bFSTQ8gi,0_0,70,camera,0,0,0,0.0
00824-Dd4bFSTQ8gi,0_0,71,can,0,0,0,0.0
00824-Dd4bFSTQ8gi,0_0,72,canal,0,0,0,0.0
00824-Dd4bFSTQ8gi,0_0,73,candelabra,0,0,0,0.0
00824-Dd4bFSTQ8gi,0_0,74,candle,0,0,0,0.0
00824-Dd4bFSTQ8gi,0_0,75,candle holder,0,0,0,0.0
00824-Dd4bFSTQ8gi,0_0,76,candle stand,0,0,0,0.0
00824-Dd4bFSTQ8gi,0_0,77,candlestick,0,0,0,0.0
00824-Dd4bFSTQ8gi,0_0,78,canoe,0,0,0,0.0
00824-Dd4bFSTQ8gi,0_0,79,canopy,0,0,0,0.0
00824-Dd4bFSTQ8gi,0_0,80,car,0,0,0,0.0
00824-Dd4bFSTQ8gi,0_0,81,card,0,0,0,0.0
00824-Dd4bFSTQ8gi,0_0,82,cardboard,0,0,0,0.9999689652476791
00824-Dd4bFSTQ8gi,0_0,83,cart,0,0,0,0.0
00824-Dd4bFSTQ8gi,0_0,84,cash register,0,0,0,0.0
00824-Dd4bFSTQ8gi,0_0,85,casket,0,0,0,0.0
00824-Dd4bFSTQ8gi,0_0,86,cassette,0,0,0,0.0
00824-Dd4bFSTQ8gi,0_0,87,cat,0,0,0,0.0
00824-Dd4bFSTQ8gi,0_0,88,cat food,0,0,0,0.0
00824-Dd4bFSTQ8gi,0_0,89,cat litter box,0,0,0,0.0
00824-Dd4bFSTQ8gi,0_0,90,cat tree,0,0,0,0.0
00824-Dd4bFSTQ8gi,0_0,91,cd,0,0,0,0.0
00824-Dd4bFSTQ8gi,0_0,92,ceiling arch,0,0,0,0.0
00824-Dd4bFSTQ8gi,0_0,93,ceiling chassis,0,0,0,0.0
00824-Dd4bFSTQ8gi,0_0,94,ceiling ladder,0,0,0,0.0
00824-Dd4bFSTQ8gi,0_0,95,ceramics,0,0,0,0.0
00824-Dd4bFSTQ8gi,0_0,96,chain,0,0,0,0.0
00824-Dd4bFSTQ8gi,0_0,97,chair,0,1,0,0.0
00824-Dd4bFSTQ8gi,0_0,98,chair stand,0,0,0,0.0
00824-Dd4bFSTQ8gi,0_0,99,chassis,0,0,0,0.0
00824-Dd4bFSTQ8gi,0_0,100,chest,0,0,0,0.0
00824-Dd4bFSTQ8gi,0_0,101,child car seat,0,0,0,0.0
00824-Dd4bFSTQ8gi,0_0,102,christmas tree,0,0,0,0.0
00824-Dd4bFSTQ8gi,0_0,103,clarinet,0,0,0,0.0
00824-Dd4bFSTQ8gi,0_0,104,cleaner,0,0,0,0.0
00824-Dd4bFSTQ8gi,0_0,105,clock,0,0,0,0.0
00824-Dd4bFSTQ8gi,0_0,106,closet door,0,0,0,0.991217515154337
00824-Dd4bFSTQ8gi,0_0,107,cloth,0,0,0,0.0
00824-Dd4bFSTQ8gi,0_0,108,cloth holder,0,0,0,0.0
00824-Dd4bFSTQ8gi,0_0,109,clothes,0,0,0,0.0
00824-Dd4bFSTQ8gi,0_0,110,clothes container,0,0,0,0.0
00824-Dd4bFSTQ8gi,0_0,111,clothes dryer,0,0,0,0.0
00824-Dd4bFSTQ8gi,0_0,112,clothes rack,0,0,0,0.0
00824-Dd4bFSTQ8gi,0_0,113,clutter,0,0,0,0.0
00824-Dd4bFSTQ8gi,0_0,114,coaster,0,0,0,0.0
00824-Dd4bFSTQ8gi,0_0,115,coffee maker,0,0,0,0.0
00824-Dd4bFSTQ8gi,0_0,116,coffee table,0,0,0,0.0
00824-Dd4bFSTQ8gi,0_0,117,compressor,0,0,0,0.0
00824-Dd4bFSTQ8gi,0_0,118,computer,0,0,0,0.0
00824-Dd4bFSTQ8gi,0_0,119,computer equipment,0,0,0,0.0
00824-Dd4bFSTQ8gi,0_0,120,cone,0,0,0,0.0
00824-Dd4bFSTQ8gi,0_0,121,construction stuff,0,0,0,0.0
00824-Dd4bFSTQ8gi,0_0,122,container,0,0,0,0.0
00824-Dd4bFSTQ8gi,0_0,123,controller,0,0,0,0.0
00824-Dd4bFSTQ8gi,0_0,124,cosmetics,0,0,0,0.0
00824-Dd4bFSTQ8gi,0_0,125,counter door,0,0,0,0.0
00824-Dd4bFSTQ8gi,0_0,126,countertop,0,1,0,0.0
00824-Dd4bFSTQ8gi,0_0,127,countertop item,0,1,0,0.0
00824-Dd4bFSTQ8gi,0_0,128,cover,0,0,0,0.0
00824-Dd4bFSTQ8gi,0_0,129,cross,0,0,0,0.0
00824-Dd4bFSTQ8gi,0_0,130,crutches,0,0,0,0.0
00824-Dd4bFSTQ8gi,0_0,131,cup,0,0,0,0.0
00824-Dd4bFSTQ8gi,0_0,132,curb,0,0,0,0.0
00824-Dd4bFSTQ8gi,0_0,133,curtain,0,1,0,0.0
00824-Dd4bFSTQ8gi,0_0,134,cushion,0,0,0,0.0
00824-Dd4bFSTQ8gi,0_0,135,cutlery,0,0,0,0.0
00824-Dd4bFSTQ8gi,0_0,136,cyp,0,0,0,0.0
00824-Dd4bFSTQ8gi,0_0,137,dartboard,0,0,0,0.0
00824-Dd4bFSTQ8gi,0_0,138,decoder,0,0,0,0.0
00824-Dd4bFSTQ8gi,0_0,139,decoration,1,1,1,0.0
00824-Dd4bFSTQ8gi,0_0,140,dehumidifier,0,0,0,0.0
00824-Dd4bFSTQ8gi,0_0,141,den,0,0,0,0.0
00824-Dd4bFSTQ8gi,0_0,142,desk,0,1,0,0.0
00824-Dd4bFSTQ8gi,0_0,143,desk door,0,0,0,0.0
00824-Dd4bFSTQ8gi,0_0,144,dinnerware,0,1,0,0.0
00824-Dd4bFSTQ8gi,0_0,145,diploma,0,0,0,0.0
00824-Dd4bFSTQ8gi,0_0,146,dirt ground,0,0,0,0.0
00824-Dd4bFSTQ8gi,0_0,147,dish rack,0,0,0,0.0
00824-Dd4bFSTQ8gi,0_0,148,dishwasher,0,1,0,0.0
00824-Dd4bFSTQ8gi,0_0,149,dispenser,0,0,0,0.0
00824-Dd4bFSTQ8gi,0_0,150,display case,0,0,0,0.0
00824-Dd4bFSTQ8gi,0_0,151,document,0,0,0,0.0
00824-Dd4bFSTQ8gi,0_0,152,document holder,0,0,0,0.0
00824-Dd4bFSTQ8gi,0_0,153,dog leash,0,0,0,0.0
00824-Dd4bFSTQ8gi,0_0,154,dog toy,0,0,0,0.0
00824-Dd4bFSTQ8gi,0_0,155,doily,0,0,0,0.0
00824-Dd4bFSTQ8gi,0_0,156,doll,0,0,0,0.0
00824-Dd4bFSTQ8gi,0_0,157,door screen,0,0,0,0.0
00824-Dd4bFSTQ8gi,0_0,158,drawer,0,0,0,0.0
00824-Dd4bFSTQ8gi,0_0,159,drawer cart,0,0,0,0.0
00824-Dd4bFSTQ8gi,0_0,160,dressing table,0,0,0,0.0
00824-Dd4bFSTQ8gi,0_0,161,drill,0,0,0,0.0
00824-Dd4bFSTQ8gi,0_0,162,drum,0,0,0,0.0
00824-Dd4bFSTQ8gi,0_0,163,dustpan,0,0,0,0.0
00824-Dd4bFSTQ8gi,0_0,164,dvd,0,0,0,0.0
00824-Dd4bFSTQ8gi,0_0,165,easel,0,0,0,0.0
00824-Dd4bFSTQ8gi,0_0,166,electric hub,0,0,0,0.0
00824-Dd4bFSTQ8gi,0_0,167,electric wire casing,0,0,0,0.0
00824-Dd4bFSTQ8gi,0_0,168,electrical box,0,0,0,0.0
00824-Dd4bFSTQ8gi,0_0,169,electrical device,0,0,0,0.0
00824-Dd4bFSTQ8gi,0_0,170,electrical installation,0,0,0,0.0
00824-Dd4bFSTQ8gi,0_0,171,elevator,0,0,0,0.0
00824-Dd4bFSTQ8gi,0_0,172,exercise ball,0,0,0,0.0
00824-Dd4bFSTQ8gi,0_0,173,exercise bike,0,0,0,0.0
00824-Dd4bFSTQ8gi,0_0,174,exercise equipment,0,0,0,0.0
00824-Dd4bFSTQ8gi,0_0,175,exercise ladder,0,0,0,0.0
00824-Dd4bFSTQ8gi,0_0,176,exercise mat,0,0,0,0.0
00824-Dd4bFSTQ8gi,0_0,177,exhibition panel,0,0,0,0.0
00824-Dd4bFSTQ8gi,0_0,178,extractor hood,0,1,0,0.0
00824-Dd4bFSTQ8gi,0_0,179,eyeglasses,0,0,0,0.0
00824-Dd4bFSTQ8gi,0_0,180,fan,1,1,1,0.2791755580066806
00824-Dd4bFSTQ8gi,0_0,181,faucet,0,0,0,0.0
00824-Dd4bFSTQ8gi,0_0,182,fire extinguisher,0,0,0,0.0
00824-Dd4bFSTQ8gi,0_0,183,fireplace,0,1,0,0.0
00824-Dd4bFSTQ8gi,0_0,184,fireplace tool set,0,0,0,0.0
00824-Dd4bFSTQ8gi,0_0,185,firewood,0,0,0,0.0
00824-Dd4bFSTQ8gi,0_0,186,fishing rod,0,0,0,0.0
00824-Dd4bFSTQ8gi,0_0,187,flag,0,0,0,0.0
00824-Dd4bFSTQ8gi,0_0,188,flashlight,0,0,0,0.0
00824-Dd4bFSTQ8gi,0_0,189,floor stand,0,0,0,0.0
00824-Dd4bFSTQ8gi,0_0,190,flower stand,0,0,0,0.0
00824-Dd4bFSTQ8gi,0_0,191,flowerbed,0,0,0,0.0
00824-Dd4bFSTQ8gi,0_0,192,flush,0,0,0,0.0
00824-Dd4bFSTQ8gi,0_0,193,flush button,0,0,0,0.0
00824-Dd4bFSTQ8gi,0_0,194,flush push,0,0,0,0.0
00824-Dd4bFSTQ8gi,0_0,195,foam,0,0,0,0.0
00824-Dd4bFSTQ8gi,0_0,196,folding stand,0,0,0,0.0
00824-Dd4bFSTQ8gi,0_0,197,food,0,0,0,0.0
00824-Dd4bFSTQ8gi,0_0,198,food processor,0,0,0,0.0
00824-Dd4bFSTQ8gi,0_0,199,food stand,0,0,0,0.0
00824-Dd4bFSTQ8gi,0_0,200,foosball table,0,0,0,0.0
00824-Dd4bFSTQ8gi,0_0,201,foot spa,0,0,0,0.0
00824-Dd4bFSTQ8gi,0_0,202,football,0,0,0,0.0
00824-Dd4bFSTQ8gi,0_0,203,footstool,0,0,0,0.0
00824-Dd4bFSTQ8gi,0_0,204,frame,0,0,0,0.0
00824-Dd4bFSTQ8gi,0_0,205,fruit,0,0,0,0.0
00824-Dd4bFSTQ8gi,0_0,206,fume cupboard,0,0,0,0.0
00824-Dd4bFSTQ8gi,0_0,207,fur,0,0,0,0.0
00824-Dd4bFSTQ8gi,0_0,208,furnace,0,0,0,0.0
00824-Dd4bFSTQ8gi,0_0,209,furniture,0,0,0,0.0
00824-Dd4bFSTQ8gi,0_0,210,game,0,0,0,0.0
00824-Dd4bFSTQ8gi,0_0,211,game console,0,0,0,0.0
00824-Dd4bFSTQ8gi,0_0,212,gap,0,0,0,0.0
00824-Dd4bFSTQ8gi,0_0,213,garage door motor,0,0,0,0.0
00824-Dd4bFSTQ8gi,0_0,214,garage door opener,0,0,0,0.0
00824-Dd4bFSTQ8gi,0_0,215,garage door opener railing,0,0,0,0.0
00824-Dd4bFSTQ8gi,0_0,216,gas box,0,0,0,0.0
00824-Dd4bFSTQ8gi,0_0,217,gas container,0,0,0,0.0
00824-Dd4bFSTQ8gi,0_0,218,gas meter,0,0,0,0.0
00824-Dd4bFSTQ8gi,0_0,219,gauge,0,0,0,0.0
00824-Dd4bFSTQ8gi,0_0,220,gift,0,0,0,0.0
00824-Dd4bFSTQ8gi,0_0,221,glass,0,0,0,0.0
00824-Dd4bFSTQ8gi,0_0,222,glasses,0,0,0,0.0
00824-Dd4bFSTQ8gi,0_0,223,globe,0,0,0,0.0
00824-Dd4bFSTQ8gi,0_0,224,globe stand,0,0,0,0.0
00824-Dd4bFSTQ8gi,0_0,225,gloves,0,0,0,0.0
00824-Dd4bFSTQ8gi,0_0,226,glue,0,0,0,0.0
00824-Dd4bFSTQ8gi,0_0,227,goalpost,0,0,0,0.0
00824-Dd4bFSTQ8gi,0_0,228,golf sticks,0,0,0,0.0
00824-Dd4bFSTQ8gi,0_0,229,grab bar,0,0,0,0.0
00824-Dd4bFSTQ8gi,0_0,230,grass,0,0,0,0.0
00824-Dd4bFSTQ8gi,0_0,231,grate,0,0,0,0.0
00824-Dd4bFSTQ8gi,0_0,232,gravel,0,0,0,0.0
00824-Dd4bFSTQ8gi,0_0,233,groceries,0,0,0,0.0
00824-Dd4bFSTQ8gi,0_0,234,guitar,0,0,0,0.0
00824-Dd4bFSTQ8gi,0_0,235,gun,0,0,0,0.0
00824-Dd4bFSTQ8gi,0_0,236,gym rope,0,0,0,0.0
00824-Dd4bFSTQ8gi,0_0,237,hair brush,0,0,0,0.0
00824-Dd4bFSTQ8gi,0_0,238,hair dryer,0,0,0,0.0
00824-Dd4bFSTQ8gi,0_0,239,hammer,0,0,0,0.0
00824-Dd4bFSTQ8gi,0_0,240,hammock,0,0,0,0.0
00824-Dd4bFSTQ8gi,0_0,241,hand dryer,0,0,0,0.0
00824-Dd4bFSTQ8gi,0_0,242,handcart,0,0,0,0.0
00824-Dd4bFSTQ8gi,0_0,243,handkerchiefs,0,0,0,0.0
00824-Dd4bFSTQ8gi,0_0,244,handle,0,0,0,0.2767497057428693
00824-Dd4bFSTQ8gi,0_0,245,hanger,0,0,0,0.0
00824-Dd4bFSTQ8gi,0_0,246,hat,0,0,0,0.0
00824-Dd4bFSTQ8gi,0_0,247,hatch,0,0,0,0.0
00824-Dd4bFSTQ8gi,0_0,248,headboard,0,0,0,0.007577648094791889
00824-Dd4bFSTQ8gi,0_0,249,headphones,0,0,0,0.0
00824-Dd4bFSTQ8gi,0_0,250,heater,0,0,0,0.9884194471934761
00824-Dd4bFSTQ8gi,0_0,251,heater piping,0,0,0,0.0
00824-Dd4bFSTQ8gi,0_0,252,holder,0,0,0,0.0
00824-Dd4bFSTQ8gi,0_0,253,holy cross,0,0,0,0.0
00824-Dd4bFSTQ8gi,0_0,254,hook,0,0,0,0.0
00824-Dd4bFSTQ8gi,0_0,255,hose,0,0,0,0.0
00824-Dd4bFSTQ8gi,0_0,256,hourglass,0,0,0,0.0
00824-Dd4bFSTQ8gi,0_0,257,hoverboard,0,0,0,0.0
00824-Dd4bFSTQ8gi,0_0,258,ice maker,0,0,0,0.0
00824-Dd4bFSTQ8gi,0_0,259,information,0,0,0,0.0
00824-Dd4bFSTQ8gi,0_0,260,installation,0,0,0,0.0
00824-Dd4bFSTQ8gi,0_0,261,instrument,0,0,0,0.0
00824-Dd4bFSTQ8gi,0_0,262,iron,0,0,0,0.0
00824-Dd4bFSTQ8gi,0_0,263,ironing board,0,0,0,0.0
00824-Dd4bFSTQ8gi,0_0,264,jewelry,0,0,0,0.0
00824-Dd4bFSTQ8gi,0_0,265,jug,0,0,0,0.0
00824-Dd4bFSTQ8gi,0_0,266,keg,0,0,0,0.0
00824-Dd4bFSTQ8gi,0_0,267,kettle,0,0,0,0.0
00824-Dd4bFSTQ8gi,0_0,268,keys,0,0,0,0.0
00824-Dd4bFSTQ8gi,0_0,269,kitchen appliance,0,0,0,0.0
00824-Dd4bFSTQ8gi,0_0,270,kitchen handle,0,0,0,0.0
00824-Dd4bFSTQ8gi,0_0,271,kitchen island,0,0,0,0.0
00824-Dd4bFSTQ8gi,0_0,272,kitchen utensil,0,0,0,0.0
00824-Dd4bFSTQ8gi,0_0,273,knife,0,0,0,0.5227062248116172
00824-Dd4bFSTQ8gi,0_0,274,knob,0,0,0,0.0
00824-Dd4bFSTQ8gi,0_0,275,lace doily,0,0,0,0.0
00824-Dd4bFSTQ8gi,0_0,276,ladder,0,0,0,0.0
00824-Dd4bFSTQ8gi,0_0,277,landing,0,0,0,0.0
00824-Dd4bFSTQ8gi,0_0,278,laundry,0,0,0,0.0
00824-Dd4bFSTQ8gi,0_0,279,lawn mower,0,0,0,0.0
00824-Dd4bFSTQ8gi,0_0,280,level,0,0,0,0.0
00824-Dd4bFSTQ8gi,0_0,281,lid,0,0,0,0.0
00824-Dd4bFSTQ8gi,0_0,282,light,0,1,0,0.0
00824-Dd4bFSTQ8gi,0_0,283,lighter,0,0,0,0.0
00824-Dd4bFSTQ8gi,0_0,284,liquid,0,0,0,0.0
00824-Dd4bFSTQ8gi,0_0,285,locker,0,0,0,0.0
00824-Dd4bFSTQ8gi,0_0,286,machine,0,0,0,0.0
00824-Dd4bFSTQ8gi,0_0,287,mailbox,0,0,0,0.0
00824-Dd4bFSTQ8gi,0_0,288,mannequin,0,0,0,0.0
00824-Dd4bFSTQ8gi,0_0,289,map,0,0,0,0.0
00824-Dd4bFSTQ8gi,0_0,290,mascot,0,0,0,0.0
00824-Dd4bFSTQ8gi,0_0,291,massage bed,0,0,0,0.0
00824-Dd4bFSTQ8gi,0_0,292,material,0,0,0,0.0
00824-Dd4bFSTQ8gi,0_0,293,measuring tape,0,0,0,0.0
00824-Dd4bFSTQ8gi,0_0,294,medical lamp,0,0,0,0.0
00824-Dd4bFSTQ8gi,0_0,295,medical object,0,0,0,0.0
00824-Dd4bFSTQ8gi,0_0,296,menu,0,0,0,0.0
00824-Dd4bFSTQ8gi,0_0,297,meshwork,0,0,0,0.0
00824-Dd4bFSTQ8gi,0_0,298,meter,0,0,0,0.0
00824-Dd4bFSTQ8gi,0_0,299,microphone,0,0,0,0.0
00824-Dd4bFSTQ8gi,0_0,300,microphone accessory,0,0,0,0.0
00824-Dd4bFSTQ8gi,0_0,301,microwave,0,1,0,0.0
00824-Dd4bFSTQ8gi,0_0,302,mirror,0,1,0,0.0
00824-Dd4bFSTQ8gi,0_0,303,model,0,0,0,0.0
00824-Dd4bFSTQ8gi,0_0,304,modem,0,0,0,0.0
00824-Dd4bFSTQ8gi,0_0,305,mop,0,0,0,0.0
00824-Dd4bFSTQ8gi,0_0,306,mortar,0,0,0,0.0
00824-Dd4bFSTQ8gi,0_0,307,motorcycle,0,0,0,0.0
00824-Dd4bFSTQ8gi,0_0,308,music equipment,0,0,0,0.0
00824-Dd4bFSTQ8gi,0_0,309,napkin,0,0,0,0.0
00824-Dd4bFSTQ8gi,0_0,310,nightstand,0,0,0,0.0
00824-Dd4bFSTQ8gi,0_0,311,oar,0,0,0,0.0
00824-Dd4bFSTQ8gi,0_0,312,object,0,0,0,0.0
00824-Dd4bFSTQ8gi,0_0,313,objects,0,0,0,0.0
00824-Dd4bFSTQ8gi,0_0,314,outlet,0,0,0,0.0
00824-Dd4bFSTQ8gi,0_0,315,oven,0,1,0,0.0
00824-Dd4bFSTQ8gi,0_0,316,overhang,0,0,0,0.8809750066009371
00824-Dd4bFSTQ8gi,0_0,317,pad,0,0,0,0.0
00824-Dd4bFSTQ8gi,0_0,318,painting stuff,0,0,0,0.0
00824-Dd4bFSTQ8gi,0_0,319,pan,0,0,0,0.0
00824-Dd4bFSTQ8gi,0_0,320,panel,0,0,0,0.0
00824-Dd4bFSTQ8gi,0_0,321,pantry,0,0,0,0.0
00824-Dd4bFSTQ8gi,0_0,322,paper holder,0,0,0,0.0
00824-Dd4bFSTQ8gi,0_0,323,paper storage,0,0,0,0.0
00824-Dd4bFSTQ8gi,0_0,324,paper towel,0,0,0,0.0
00824-Dd4bFSTQ8gi,0_0,325,parapet,0,0,0,0.0
00824-Dd4bFSTQ8gi,0_0,326,partial,0,0,0,0.579786448144557
00824-Dd4bFSTQ8gi,0_0,327,pavement,0,0,0,0.0
00824-Dd4bFSTQ8gi,0_0,328,pedestal,0,0,0,0.0
00824-Dd4bFSTQ8gi,0_0,329,pen,0,0,0,0.0
00824-Dd4bFSTQ8gi,0_0,330,pendant,0,0,0,0.0
00824-Dd4bFSTQ8gi,0_0,331,pet bed,0,0,0,0.0
00824-Dd4bFSTQ8gi,0_0,332,pet bowl,0,0,0,0.0
00824-Dd4bFSTQ8gi,0_0,333,phone,0,0,0,0.0
00824-Dd4bFSTQ8gi,0_0,334,photo mount,0,0,0,0.0
00824-Dd4bFSTQ8gi,0_0,335,photo stand,0,0,0,0.0
00824-Dd4bFSTQ8gi,0_0,336,piano,0,0,0,0.0
00824-Dd4bFSTQ8gi,0_0,337,pillow,1,1,4,0.9847262753106696
00824-Dd4bFSTQ8gi,0_0,338,pitchfork,0,0,0,0.0
00824-Dd4bFSTQ8gi,0_0,339,place mat,0,0,0,0.0
00824-Dd4bFSTQ8gi,0_0,340,plane,0,0,0,0.0
00824-Dd4bFSTQ8gi,0_0,341,plank,0,0,0,0.32842769993045073
00824-Dd4bFSTQ8gi,0_0,342,plant,0,1,0,0.0
00824-Dd4bFSTQ8gi,0_0,343,plant ornament,0,0,0,0.0
00824-Dd4bFSTQ8gi,0_0,344,platform,0,0,0,0.0
00824-Dd4bFSTQ8gi,0_0,345,playpen,0,0,0,0.0
00824-Dd4bFSTQ8gi,0_0,346,plenum box,0,0,0,0.0
00824-Dd4bFSTQ8gi,0_0,347,pliers,0,0,0,0.0
00824-Dd4bFSTQ8gi,0_0,348,plumbing,0,0,0,0.0
00824-Dd4bFSTQ8gi,0_0,349,plunger,0,0,0,0.0
00824-Dd4bFSTQ8gi,0_0,350,podium,0,1,0,0.0
00824-Dd4bFSTQ8gi,0_0,351,pole,0,0,0,0.0
00824-Dd4bFSTQ8gi,0_0,352,pool,0,0,0,0.0
00824-Dd4bFSTQ8gi,0_0,353,pool table,0,0,0,0.0
00824-Dd4bFSTQ8gi,0_0,354,porcelain,0,0,0,0.0
00824-Dd4bFSTQ8gi,0_0,355,poster,0,0,0,0.0
00824-Dd4bFSTQ8gi,0_0,356,pot,0,0,0,0.0
00824-Dd4bFSTQ8gi,0_0,357,pot lid,0,0,0,0.0
00824-Dd4bFSTQ8gi,0_0,358,pouches,0,0,0,0.0
00824-Dd4bFSTQ8gi,0_0,359,press,0,0,0,0.0
00824-Dd4bFSTQ8gi,0_0,360,pressure washer,0,0,0,0.0
00824-Dd4bFSTQ8gi,0_0,361,printer,0,0,0,0.0
00824-Dd4bFSTQ8gi,0_0,362,product,0,0,0,0.0
00824-Dd4bFSTQ8gi,0_0,363,products,0,0,0,0.0
00824-Dd4bFSTQ8gi,0_0,364,prop,0,0,0,0.0
00824-Dd4bFSTQ8gi,0_0,365,pump,0,0,0,0.0
00824-Dd4bFSTQ8gi,0_0,366,punchbag,0,0,0,0.0
00824-Dd4bFSTQ8gi,0_0,367,puppet,0,0,0,0.0
00824-Dd4bFSTQ8gi,0_0,368,rag,0,0,0,0.0
00824-Dd4bFSTQ8gi,0_0,369,rail,0,0,0,0.0
00824-Dd4bFSTQ8gi,0_0,370,rake,0,0,0,0.0
00824-Dd4bFSTQ8gi,0_0,371,receipt printer,0,0,0,0.0
00824-Dd4bFSTQ8gi,0_0,372,records,0,0,0,0.0
00824-Dd4bFSTQ8gi,0_0,373,recuperator,0,0,0,0.0
00824-Dd4bFSTQ8gi,0_0,374,refrigerator,0,1,0,0.0
00824-Dd4bFSTQ8gi,0_0,375,remote control,0,0,0,0.0
00824-Dd4bFSTQ8gi,0_0,376,rice cooker,0,0,0,0.0
00824-Dd4bFSTQ8gi,0_0,377,riser,0,0,0,0.0
00824-Dd4bFSTQ8gi,0_0,378,rocking horse,0,0,0,0.0
00824-Dd4bFSTQ8gi,0_0,379,rod,0,0,0,0.0
00824-Dd4bFSTQ8gi,0_0,380,roll,0,0,0,0.06648353271442586
00824-Dd4bFSTQ8gi,0_0,381,rope,0,0,0,0.0
00824-Dd4bFSTQ8gi,0_0,382,router,0,0,0,0.0
00824-Dd4bFSTQ8gi,0_0,383,rug,0,1,0,0.0
00824-Dd4bFSTQ8gi,0_0,384,safe,0,0,0,0.0
00824-Dd4bFSTQ8gi,0_0,385,saturator,0,0,0,0.0
00824-Dd4bFSTQ8gi,0_0,386,sauna,0,0,0,0.0
00824-Dd4bFSTQ8gi,0_0,387,saw,0,0,0,0.0
00824-Dd4bFSTQ8gi,0_0,388,saxophone,0,0,0,0.0
00824-Dd4bFSTQ8gi,0_0,389,scale,0,0,0,0.0
00824-Dd4bFSTQ8gi,0_0,390,scanner,0,0,0,0.0
00824-Dd4bFSTQ8gi,0_0,391,screen,0,0,0,0.0
00824-Dd4bFSTQ8gi,0_0,392,screen frame,0,0,0,0.0
00824-Dd4bFSTQ8gi,0_0,393,screwdriver,0,0,0,0.0
00824-Dd4bFSTQ8gi,0_0,394,sculpture,0,0,0,0.0
00824-Dd4bFSTQ8gi,0_0,395,security camera,0,0,0,0.0
00824-Dd4bFSTQ8gi,0_0,396,self-closing mechanism,0,0,0,0.0
00824-Dd4bFSTQ8gi,0_0,397,sensor,0,0,0,0.0
00824-Dd4bFSTQ8gi,0_0,398,separator,0,0,0,0.0
00824-Dd4bFSTQ8gi,0_0,399,set of valves,0,0,0,0.0
00824-Dd4bFSTQ8gi,0_0,400,sewing machine,0,0,0,0.0
00824-Dd4bFSTQ8gi,0_0,401,sewing tools,0,0,0,0.0
00824-Dd4bFSTQ8gi,0_0,402,shampoo,0,0,0,0.0
00824-Dd4bFSTQ8gi,0_0,403,sheet music,0,0,0,0.0
00824-Dd4bFSTQ8gi,0_0,404,sheets / clothes,0,0,0,0.0
00824-Dd4bFSTQ8gi,0_0,405,shelf,1,1,1,1.4911240753257005e-06
00824-Dd4bFSTQ8gi,0_0,406,ship toy,0,0,0,0.0
00824-Dd4bFSTQ8gi,0_0,407,shisha,0,0,0,0.0
00824-Dd4bFSTQ8gi,0_0,408,shoe,0,0,0,0.0
00824-Dd4bFSTQ8gi,0_0,409,shoe rack,0,0,0,0.0
00824-Dd4bFSTQ8gi,0_0,410,shoehorn,0,0,0,0.0
00824-Dd4bFSTQ8gi,0_0,411,shovel,0,0,0,0.0
00824-Dd4bFSTQ8gi,0_0,412,shower,0,0,0,0.0
00824-Dd4bFSTQ8gi,0_0,413,shower seat,0,0,0,0.0
00824-Dd4bFSTQ8gi,0_0,414,shredder,0,0,0,0.0
00824-Dd4bFSTQ8gi,0_0,415,side table,0,0,0,0.0
00824-Dd4bFSTQ8gi,0_0,416,sideboard,0,0,0,0.0
00824-Dd4bFSTQ8gi,0_0,417,sign,0,0,0,0.0
00824-Dd4bFSTQ8gi,0_0,418,silicone gun,0,0,0,0.0
00824-Dd4bFSTQ8gi,0_0,419,silicone tube,0,0,0,0.0
00824-Dd4bFSTQ8gi,0_0,420,sink,0,1,0,0.0
00824-Dd4bFSTQ8gi,0_0,421,skateboard,0,0,0,0.0
00824-Dd4bFSTQ8gi,0_0,422,skates,0,0,0,0.0
00824-Dd4bFSTQ8gi,0_0,423,ski,0,0,0,0.0
00824-Dd4bFSTQ8gi,0_0,424,sky,0,0,0,0.0
00824-Dd4bFSTQ8gi,0_0,425,sled,0,0,0,0.0
00824-Dd4bFSTQ8gi,0_0,426,sleeping bag,0,0,0,0.0
00824-Dd4bFSTQ8gi,0_0,427,smoke detector,1,1,1,0.9206771626762698
00824-Dd4bFSTQ8gi,0_0,428,snack,0,0,0,0.0
00824-Dd4bFSTQ8gi,0_0,429,soap,0,0,0,0.0
00824-Dd4bFSTQ8gi,0_0,430,socks,0,0,0,0.0
00824-Dd4bFSTQ8gi,0_0,431,sofa,0,1,0,0.0
00824-Dd4bFSTQ8gi,0_0,432,solarium,0,0,0,0.0
00824-Dd4bFSTQ8gi,0_0,433,speaker,0,0,0,0.0
00824-Dd4bFSTQ8gi,0_0,434,speaker stand,0,0,0,0.0
00824-Dd4bFSTQ8gi,0_0,435,spices,0,0,0,0.0
00824-Dd4bFSTQ8gi,0_0,436,sponge,0,0,0,0.0
00824-Dd4bFSTQ8gi,0_0,437,spray can,0,0,0,0.0
00824-Dd4bFSTQ8gi,0_0,438,sprinkler,0,0,0,0.0
00824-Dd4bFSTQ8gi,0_0,439,square,0,0,0,0.0
00824-Dd4bFSTQ8gi,0_0,440,stack,0,0,0,0.0
00824-Dd4bFSTQ8gi,0_0,441,stack of books / papers,0,0,0,0.0
00824-Dd4bFSTQ8gi,0_0,442,stack of stuff,0,0,0,0.0
00824-Dd4bFSTQ8gi,0_0,443,stack of yarns,0,0,0,0.0
00824-Dd4bFSTQ8gi,0_0,444,stage,0,0,0,0.0
00824-Dd4bFSTQ8gi,0_0,445,stained glass,0,0,0,0.0
00824-Dd4bFSTQ8gi,0_0,446,stand,0,0,0,0.0
00824-Dd4bFSTQ8gi,0_0,447,star,0,0,0,0.0
00824-Dd4bFSTQ8gi,0_0,448,stationery,0,0,0,0.0
00824-Dd4bFSTQ8gi,0_0,449,steel plate,0,0,0,0.0
00824-Dd4bFSTQ8gi,0_0,450,step stool,0,0,0,0.0
00824-Dd4bFSTQ8gi,0_0,451,stick,0,0,0,0.0
00824-Dd4bFSTQ8gi,0_0,452,stone,0,0,0,0.0
00824-Dd4bFSTQ8gi,0_0,453,stonework,0,0,0,0.0
00824-Dd4bFSTQ8gi,0_0,454,stool,0,1,0,0.0
00824-Dd4bFSTQ8gi,0_0,455,storage,0,0,0,0.0
00824-Dd4bFSTQ8gi,0_0,456,strings,0,0,0,0.0
00824-Dd4bFSTQ8gi,0_0,457,stroke,0,0,0,0.0
00824-Dd4bFSTQ8gi,0_0,458,sunbed,0,0,0,0.0
00824-Dd4bFSTQ8gi,0_0,459,support,0,0,0,0.0
00824-Dd4bFSTQ8gi,0_0,460,surface,0,0,0,0.0
00824-Dd4bFSTQ8gi,0_0,461,surfboard,0,0,0,0.0
00824-Dd4bFSTQ8gi,0_0,462,swing,0,0,0,0.0
00824-Dd4bFSTQ8gi,0_0,463,switch,0,0,0,0.0
00824-Dd4bFSTQ8gi,0_0,464,table,0,1,0,0.0
00824-Dd4bFSTQ8gi,0_0,465,table cloth,0,0,0,0.0
00824-Dd4bFSTQ8gi,0_0,466,table pad,0,0,0,0.0
00824-Dd4bFSTQ8gi,0_0,467,table stand,0,0,0,0.0
00824-Dd4bFSTQ8gi,0_0,468,table tennis table,0,0,0,0.0
00824-Dd4bFSTQ8gi,0_0,469,tablet,0,0,0,0.0
00824-Dd4bFSTQ8gi,0_0,470,tambourine,0,0,0,0.0
00824-Dd4bFSTQ8gi,0_0,471,tea set,0,0,0,0.0
00824-Dd4bFSTQ8gi,0_0,472,telescope,0,0,0,0.0
00824-Dd4bFSTQ8gi,0_0,473,tennis racket,0,0,0,0.0
00824-Dd4bFSTQ8gi,0_0,474,tent,0,0,0,0.0
00824-Dd4bFSTQ8gi,0_0,475,thermometer,0,0,0,0.0
00824-Dd4bFSTQ8gi,0_0,476,thermostat,0,0,0,0.0
00824-Dd4bFSTQ8gi,0_0,477,three,0,0,0,0.0
00824-Dd4bFSTQ8gi,0_0,478,tile,0,0,0,0.0
00824-Dd4bFSTQ8gi,0_0,479,tire,0,0,0,0.0
00824-Dd4bFSTQ8gi,0_0,480,tissue,0,1,0,0.0
00824-Dd4bFSTQ8gi,0_0,481,title,0,0,0,0.0
00824-Dd4bFSTQ8gi,0_0,482,toaster,0,0,0,0.0
00824-Dd4bFSTQ8gi,0_0,483,toaster oven,0,0,0,0.0
00824-Dd4bFSTQ8gi,0_0,484,toilet,0,1,0,0.0
00824-Dd4bFSTQ8gi,0_0,485,toilet brush,0,1,0,0.0
00824-Dd4bFSTQ8gi,0_0,486,toilet cleaner,0,0,0,0.0
00824-Dd4bFSTQ8gi,0_0,487,toilet paper,0,1,0,0.0
00824-Dd4bFSTQ8gi,0_0,488,toiletry,0,0,0,0.0
00824-Dd4bFSTQ8gi,0_0,489,tool,0,0,0,0.0
00824-Dd4bFSTQ8gi,0_0,490,tool rack,0,0,0,0.0
00824-Dd4bFSTQ8gi,0_0,491,toothbrush,0,0,0,0.0
00824-Dd4bFSTQ8gi,0_0,492,toothpaste,0,0,0,0.0
00824-Dd4bFSTQ8gi,0_0,493,towel,0,1,0,0.0
00824-Dd4bFSTQ8gi,0_0,494,towel bar,0,1,0,0.0
00824-Dd4bFSTQ8gi,0_0,495,toy,0,0,0,0.0
00824-Dd4bFSTQ8gi,0_0,496,traffic cone,0,0,0,0.0
00824-Dd4bFSTQ8gi,0_0,497,trampoline,0,0,0,0.0
00824-Dd4bFSTQ8gi,0_0,498,trash bag,0,0,0,0.0
00824-Dd4bFSTQ8gi,0_0,499,tray,0,1,0,0.0
00824-Dd4bFSTQ8gi,0_0,500,treadmill,0,0,0,0.0
00824-Dd4bFSTQ8gi,0_0,501,tree,0,0,0,0.0
00824-Dd4bFSTQ8gi,0_0,502,tree branch,0,0,0,0.0
00824-Dd4bFSTQ8gi,0_0,503,trimmer,0,0,0,0.0
00824-Dd4bFSTQ8gi,0_0,504,tripod,0,0,0,0.0
00824-Dd4bFSTQ8gi,0_0,505,trolley,0,0,0,0.0
00824-Dd4bFSTQ8gi,0_0,506,trombone,0,0,0,0.0
00824-Dd4bFSTQ8gi,0_0,507,trophy,0,0,0,0.0
00824-Dd4bFSTQ8gi,0_0,508,trough,0,0,0,0.0
00824-Dd4bFSTQ8gi,0_0,509,trumpet,0,0,0,0.0
00824-Dd4bFSTQ8gi,0_0,510,tv,0,0,0,0.0
00824-Dd4bFSTQ8gi,0_0,511,tv stand,0,0,0,0.0
00824-Dd4bFSTQ8gi,0_0,512,typewriter,0,0,0,0.0
00824-Dd4bFSTQ8gi,0_0,513,ukulele,0,0,0,0.0
00824-Dd4bFSTQ8gi,0_0,514,umbrella,0,0,0,0.0
00824-Dd4bFSTQ8gi,0_0,515,umbrella stand,0,0,0,0.0
00824-Dd4bFSTQ8gi,0_0,516,unknown,0,0,0,0.0
00824-Dd4bFSTQ8gi,0_0,517,vacuum cleaner,0,0,0,0.0
00824-Dd4bFSTQ8gi,0_0,518,vanity,0,0,0,0.0
00824-Dd4bFSTQ8gi,0_0,519,vase,0,1,0,0.0
00824-Dd4bFSTQ8gi,0_0,520,vegetables,0,0,0,0.0
00824-Dd4bFSTQ8gi,0_0,521,vessel,0,0,0,0.0
00824-Dd4bFSTQ8gi,0_0,522,vinyl records,0,0,0,0.0
00824-Dd4bFSTQ8gi,0_0,523,violin,0,0,0,0.0
00824-Dd4bFSTQ8gi,0_0,524,violin case,0,0,0,0.0
00824-Dd4bFSTQ8gi,0_0,525,waffle iron,0,0,0,0.0
00824-Dd4bFSTQ8gi,0_0,526,wardrobe,0,1,0,0.0
00824-Dd4bFSTQ8gi,0_0,527,washing machine,0,0,0,0.0
00824-Dd4bFSTQ8gi,0_0,528,washing powder,0,0,0,0.0
00824-Dd4bFSTQ8gi,0_0,529,washing stuff,0,0,0,0.0
00824-Dd4bFSTQ8gi,0_0,530,watch,0,0,0,0.0
00824-Dd4bFSTQ8gi,0_0,531,water dispenser,0,0,0,0.0
00824-Dd4bFSTQ8gi,0_0,532,water heater,0,0,0,0.0
00824-Dd4bFSTQ8gi,0_0,533,water meter,0,0,0,0.0
00824-Dd4bFSTQ8gi,0_0,534,water pump,0,0,0,0.0
00824-Dd4bFSTQ8gi,0_0,535,water tank,0,0,0,0.0
00824-Dd4bFSTQ8gi,0_0,536,watering can,0,0,0,0.0
00824-Dd4bFSTQ8gi,0_0,537,weight,0,0,0,0.0
00824-Dd4bFSTQ8gi,0_0,538,weight bench,0,0,0,0.0
00824-Dd4bFSTQ8gi,0_0,539,weights,0,0,0,0.0
00824-Dd4bFSTQ8gi,0_0,540,wheel,0,0,0,0.0
00824-Dd4bFSTQ8gi,0_0,541,wheelbarrow,0,0,0,0.0
00824-Dd4bFSTQ8gi,0_0,542,window shade,0,0,0,0.0011472599638567837
00824-Dd4bFSTQ8gi,0_0,543,wine,0,0,0,0.0
00824-Dd4bFSTQ8gi,0_0,544,wine storage,0,0,0,0.0
00824-Dd4bFSTQ8gi,0_0,545,wood,0,0,0,0.9542154906535204
00824-Dd4bFSTQ8gi,0_0,546,wrench,0,0,0,0.0
00824-Dd4bFSTQ8gi,0_1,0,acoustic panel,0,0,0,0.0
00824-Dd4bFSTQ8gi,0_1,1,air conditioner,0,1,0,0.0
00824-Dd4bFSTQ8gi,0_1,2,air freshener,0,0,0,0.0
00824-Dd4bFSTQ8gi,0_1,3,air hockey,0,0,0,0.0
00824-Dd4bFSTQ8gi,0_1,4,air purifier,0,0,0,0.0
00824-Dd4bFSTQ8gi,0_1,5,aisle frame,0,0,0,0.0
00824-Dd4bFSTQ8gi,0_1,6,alarm,0,0,0,0.0
00824-Dd4bFSTQ8gi,0_1,7,album,0,0,0,0.0
00824-Dd4bFSTQ8gi,0_1,8,amplifier,0,0,0,0.0
00824-Dd4bFSTQ8gi,0_1,9,appliance,0,0,0,0.0
00824-Dd4bFSTQ8gi,0_1,10,apron,0,0,0,0.0
00824-Dd4bFSTQ8gi,0_1,11,aquarium,0,0,0,0.0
00824-Dd4bFSTQ8gi,0_1,12,arcade game,0,0,0,0.0
00824-Dd4bFSTQ8gi,0_1,13,artwork,1,1,1,0.7932667077024603
00824-Dd4bFSTQ8gi,0_1,14,ashtray,0,0,0,0.0
00824-Dd4bFSTQ8gi,0_1,15,audio player,0,0,0,0.0
00824-Dd4bFSTQ8gi,0_1,16,axe,0,0,0,0.0
00824-Dd4bFSTQ8gi,0_1,17,baby changing table,0,0,0,0.0
00824-Dd4bFSTQ8gi,0_1,18,backrest,0,0,0,0.0
00824-Dd4bFSTQ8gi,0_1,19,backsplash,0,0,0,0.0
00824-Dd4bFSTQ8gi,0_1,20,bag,0,0,0,0.0
00824-Dd4bFSTQ8gi,0_1,21,ball,0,0,0,0.0
00824-Dd4bFSTQ8gi,0_1,22,ball pool,0,0,0,0.0
00824-Dd4bFSTQ8gi,0_1,23,bar,0,0,0,0.0
00824-Dd4bFSTQ8gi,0_1,24,barbecue,0,0,0,0.0
00824-Dd4bFSTQ8gi,0_1,25,barrel,0,0,0,0.0
00824-Dd4bFSTQ8gi,0_1,26,base,0,0,0,0.0
00824-Dd4bFSTQ8gi,0_1,27,baseball bat,0,0,0,0.0
00824-Dd4bFSTQ8gi,0_1,28,basket,0,0,0,0.0
00824-Dd4bFSTQ8gi,0_1,29,basketball hoop,0,0,0,0.0
00824-Dd4bFSTQ8gi,0_1,30,basketballs,0,0,0,0.0
00824-Dd4bFSTQ8gi,0_1,31,bathroom accessory,0,0,0,0.0
00824-Dd4bFSTQ8gi,0_1,32,bathtub,0,1,0,0.0
00824-Dd4bFSTQ8gi,0_1,33,bed,1,1,1,0.9106765828236693
00824-Dd4bFSTQ8gi,0_1,34,bed ladder,0,0,0,0.0
00824-Dd4bFSTQ8gi,0_1,35,beer crate,0,0,0,0.0
00824-Dd4bFSTQ8gi,0_1,36,bell,0,0,0,0.0
00824-Dd4bFSTQ8gi,0_1,37,belt,0,0,0,0.0
00824-Dd4bFSTQ8gi,0_1,38,bench,0,1,0,0.0
00824-Dd4bFSTQ8gi,0_1,39,beverage dispenser,0,0,0,0.0
00824-Dd4bFSTQ8gi,0_1,40,bicycle,0,0,0,0.0
00824-Dd4bFSTQ8gi,0_1,41,bicycle helmet,0,0,0,0.0
00824-Dd4bFSTQ8gi,0_1,42,bin,0,1,0,0.0
00824-Dd4bFSTQ8gi,0_1,43,birdhouse,0,0,0,0.0
00824-Dd4bFSTQ8gi,0_1,44,blanket,0,1,0,0.9984882238240119
00824-Dd4bFSTQ8gi,0_1,45,board,0,0,0,0.0
00824-Dd4bFSTQ8gi,0_1,46,board game,0,0,0,0.0
00824-Dd4bFSTQ8gi,0_1,47,board with keys,0,0,0,0.0
00824-Dd4bFSTQ8gi,0_1,48,book,1,1,1,0.0
00824-Dd4bFSTQ8gi,0_1,49,bottle,0,0,0,0.0
00824-Dd4bFSTQ8gi,0_1,50,bottle dispenser,0,0,0,0.0
00824-Dd4bFSTQ8gi,0_1,51,bottle opener,0,0,0,0.0
00824-Dd4bFSTQ8gi,0_1,52,bowl,0,1,0,0.0
00824-Dd4bFSTQ8gi,0_1,53,box,0,0,0,0.0
00824-Dd4bFSTQ8gi,0_1,54,boxing ring,0,0,0,0.0
00824-Dd4bFSTQ8gi,0_1,55,bread,0,0,0,0.0
00824-Dd4bFSTQ8gi,0_1,56,bread box,0,0,0,0.0
00824-Dd4bFSTQ8gi,0_1,57,bricks,0,0,0,0.0
00824-Dd4bFSTQ8gi,0_1,58,bridge,0,0,0,0.0
00824-Dd4bFSTQ8gi,0_1,59,broom,0,0,0,0.0
00824-Dd4bFSTQ8gi,0_1,60,brush,0,0,0,0.0
00824-Dd4bFSTQ8gi,0_1,61,bucket,0,0,0,0.0
00824-Dd4bFSTQ8gi,0_1,62,buffet,0,0,0,0.0
00824-Dd4bFSTQ8gi,0_1,63,button,0,0,0,0.0
00824-Dd4bFSTQ8gi,0_1,64,cabinet,0,1,0,0.0
00824-Dd4bFSTQ8gi,0_1,65,cable,0,0,0,0.0
00824-Dd4bFSTQ8gi,0_1,66,cage,0,0,0,0.0
00824-Dd4bFSTQ8gi,0_1,67,cake,0,0,0,0.0
00824-Dd4bFSTQ8gi,0_1,68,calculator,0,0,0,0.0
00824-Dd4bFSTQ8gi,0_1,69,calendar,0,0,0,0.0
00824-Dd4bFSTQ8gi,0_1,70,camera,0,0,0,0.0
00824-Dd4bFSTQ8gi,0_1,71,can,0,0,0,0.0
00824-Dd4bFSTQ8gi,0_1,72,canal,0,0,0,0.0
00824-Dd4bFSTQ8gi,0_1,73,candelabra,0,0,0,0.0
00824-Dd4bFSTQ8gi,0_1,74,candle,0,0,0,0.0
00824-Dd4bFSTQ8gi,0_1,75,candle holder,0,0,0,0.0
00824-Dd4bFSTQ8gi,0_1,76,candle stand,0,0,0,0.0
00824-Dd4bFSTQ8gi,0_1,77,candlestick,0,0,0,0.0
00824-Dd4bFSTQ8gi,0_1,78,canoe,0,0,0,0.0
00824-Dd4bFSTQ8gi,0_1,79,canopy,0,0,0,0.0
00824-Dd4bFSTQ8gi,0_1,80,car,0,0,0,0.0
00824-Dd4bFSTQ8gi,0_1,81,card,0,0,0,0.0
00824-Dd4bFSTQ8gi,0_1,82,cardboard,0,0,0,0.999999859719307
00824-Dd4bFSTQ8gi,0_1,83,cart,0,0,0,0.0
00824-Dd4bFSTQ8gi,0_1,84,cash register,0,0,0,0.0
00824-Dd4bFSTQ8gi,0_1,85,casket,0,0,0,0.0
00824-Dd4bFSTQ8gi,0_1,86,cassette,0,0,0,0.0
00824-Dd4bFSTQ8gi,0_1,87,cat,0,0,0,0.09093362431593977
00824-Dd4bFSTQ8gi,0_1,88,cat food,0,0,0,0.0
00824-Dd4bFSTQ8gi,0_1,89,cat litter box,0,0,0,0.0
00824-Dd4bFSTQ8gi,0_1,90,cat tree,0,0,0,0.0
00824-Dd4bFSTQ8gi,0_1,91,cd,0,0,0,0.0
00824-Dd4bFSTQ8gi,0_1,92,ceiling arch,0,0,0,0.0
00824-Dd4bFSTQ8gi,0_1,93,ceiling chassis,0,0,0,0.0
00824-Dd4bFSTQ8gi,0_1,94,ceiling ladder,0,0,0,0.0
00824-Dd4bFSTQ8gi,0_1,95,ceramics,0,0,0,0.0
00824-Dd4bFSTQ8gi,0_1,96,chain,0,0,0,0.0
00824-Dd4bFSTQ8gi,0_1,97,chair,0,1,0,0.40579380189983705
00824-Dd4bFSTQ8gi,0_1,98,chair stand,0,0,0,0.0
00824-Dd4bFSTQ8gi,0_1,99,chassis,0,0,0,0.0
00824-Dd4bFSTQ8gi,0_1,100,chest,0,0,0,0.0
00824-Dd4bFSTQ8gi,0_1,101,child car seat,0,0,0,0.0
00824-Dd4bFSTQ8gi,0_1,102,christmas tree,0,0,0,0.0
00824-Dd4bFSTQ8gi,0_1,103,clarinet,0,0,0,0.0
00824-Dd4bFSTQ8gi,0_1,104,cleaner,0,0,0,0.0
00824-Dd4bFSTQ8gi,0_1,105,clock,0,0,0,0.0
00824-Dd4bFSTQ8gi,0_1,106,closet door,0,0,0,0.9924680808351143
00824-Dd4bFSTQ8gi,0_1,107,cloth,0,0,0,0.0
00824-Dd4bFSTQ8gi,0_1,108,cloth holder,0,0,0,0.0
00824-Dd4bFSTQ8gi,0_1,109,clothes,0,0,0,0.0
00824-Dd4bFSTQ8gi,0_1,110,clothes container,0,0,0,0.0
00824-Dd4bFSTQ8gi,0_1,111,clothes dryer,0,0,0,0.0
00824-Dd4bFSTQ8gi,0_1,112,clothes rack,0,0,0,0.0
00824-Dd4bFSTQ8gi,0_1,113,clutter,0,0,0,0.0
00824-Dd4bFSTQ8gi,0_1,114,coaster,0,0,0,0.0
00824-Dd4bFSTQ8gi,0_1,115,coffee maker,0,0,0,0.0
00824-Dd4bFSTQ8gi,0_1,116,coffee table,0,0,0,0.0
00824-Dd4bFSTQ8gi,0_1,117,compressor,0,0,0,0.0
00824-Dd4bFSTQ8gi,0_1,118,computer,0,0,0,0.0
00824-Dd4bFSTQ8gi,0_1,119,computer equipment,0,0,0,0.0
00824-Dd4bFSTQ8gi,0_1,120,cone,0,0,0,0.0
00824-Dd4bFSTQ8gi,0_1,121,construction stuff,0,0,0,0.0
00824-Dd4bFSTQ8gi,0_1,122,container,0,0,0,0.0
00824-Dd4bFSTQ8gi,0_1,123,controller,0,0,0,0.0
00824-Dd4bFSTQ8gi,0_1,124,cosmetics,0,0,0,0.0
00824-Dd4bFSTQ8gi,0_1,125,counter door,0,0,0,0.0
00824-Dd4bFSTQ8gi,0_1,126,countertop,0,1,0,0.0
00824-Dd4bFSTQ8gi,0_1,127,countertop item,0,1,0,0.0
00824-Dd4bFSTQ8gi,0_1,128,cover,0,0,0,0.0
00824-Dd4bFSTQ8gi,0_1,129,cross,0,0,0,0.0
00824-Dd4bFSTQ8gi,0_1,130,crutches,0,0,0,0.0
00824-Dd4bFSTQ8gi,0_1,131,cup,0,0,0,0.0
00824-Dd4bFSTQ8gi,0_1,132,curb,0,0,0,0.0
00824-Dd4bFSTQ8gi,0_1,133,curtain,0,1,0,0.0
00824-Dd4bFSTQ8gi,0_1,134,cushion,0,0,0,0.0
00824-Dd4bFSTQ8gi,0_1,135,cutlery,0,0,0,0.0
00824-Dd4bFSTQ8gi,0_1,136,cyp,0,0,0,0.0
00824-Dd4bFSTQ8gi,0_1,137,dartboard,0,0,0,0.0
00824-Dd4bFSTQ8gi,0_1,138,decoder,0,0,0,0.0
00824-Dd4bFSTQ8gi,0_1,139,decoration,1,1,1,0.0
00824-Dd4bFSTQ8gi,0_1,140,dehumidifier,0,0,0,0.0
00824-Dd4bFSTQ8gi,0_1,141,den,0,0,0,0.0
00824-Dd4bFSTQ8gi,0_1,142,desk,0,1,0,0.0
00824-Dd4bFSTQ8gi,0_1,143,desk door,0,0,0,0.0
00824-Dd4bFSTQ8gi,0_1,144,dinnerware,0,1,0,0.0
00824-Dd4bFSTQ8gi,0_1,145,diploma,0,0,0,0.0
00824-Dd4bFSTQ8gi,0_1,146,dirt ground,0,0,0,0.0
00824-Dd4bFSTQ8gi,0_1,147,dish rack,0,0,0,0.0
00824-Dd4bFSTQ8gi,0_1,148,dishwasher,0,1,0,0.0
00824-Dd4bFSTQ8gi,0_1,149,dispenser,0,0,0,0.0
00824-Dd4bFSTQ8gi,0_1,150,display case,0,0,0,0.0
00824-Dd4bFSTQ8gi,0_1,151,document,0,0,0,0.0
00824-Dd4bFSTQ8gi,0_1,152,document holder,0,0,0,0.0
00824-Dd4bFSTQ8gi,0_1,153,dog leash,0,0,0,0.0
00824-Dd4bFSTQ8gi,0_1,154,dog toy,0,0,0,0.0
00824-Dd4bFSTQ8gi,0_1,155,doily,0,0,0,0.0
00824-Dd4bFSTQ8gi,0_1,156,doll,0,0,0,0.0
00824-Dd4bFSTQ8gi,0_1,157,door screen,0,0,0,1.9363289558427255e-06
00824-Dd4bFSTQ8gi,0_1,158,drawer,0,0,0,0.0
00824-Dd4bFSTQ8gi,0_1,159,drawer cart,0,0,0,0.0
00824-Dd4bFSTQ8gi,0_1,160,dressing table,0,0,0,0.0
00824-Dd4bFSTQ8gi,0_1,161,drill,0,0,0,0.0
00824-Dd4bFSTQ8gi,0_1,162,drum,0,0,0,0.0
00824-Dd4bFSTQ8gi,0_1,163,dustpan,0,0,0,0.0
00824-Dd4bFSTQ8gi,0_1,164,dvd,0,0,0,0.0
00824-Dd4bFSTQ8gi,0_1,165,easel,0,0,0,0.0
00824-Dd4bFSTQ8gi,0_1,166,electric hub,0,0,0,0.0
00824-Dd4bFSTQ8gi,0_1,167,electric wire casing,0,0,0,0.0
00824-Dd4bFSTQ8gi,0_1,168,electrical box,0,0,0,0.0
00824-Dd4bFSTQ8gi,0_1,169,electrical device,0,0,0,0.0
00824-Dd4bFSTQ8gi,0_1,170,electrical installation,0,0,0,0.0
00824-Dd4bFSTQ8gi,0_1,171,elevator,0,0,0,0.0
00824-Dd4bFSTQ8gi,0_1,172,exercise ball,0,0,0,0.0
00824-Dd4bFSTQ8gi,0_1,173,exercise bike,0,0,0,0.0
00824-Dd4bFSTQ8gi,0_1,174,exercise equipment,0,0,0,0.0
00824-Dd4bFSTQ8gi,0_1,175,exercise ladder,0,0,0,0.0
00824-Dd4bFSTQ8gi,0_1,176,exercise mat,0,0,0,0.0
00824-Dd4bFSTQ8gi,0_1,177,exhibition panel,0,0,0,0.0
00824-Dd4bFSTQ8gi,0_1,178,extractor hood,0,1,0,0.0
00824-Dd4bFSTQ8gi,0_1,179,eyeglasses,0,0,0,0.0
00824-Dd4bFSTQ8gi,0_1,180,fan,1,1,1,0.7857087062291583
00824-Dd4bFSTQ8gi,0_1,181,faucet,0,0,0,0.0
00824-Dd4bFSTQ8gi,0_1,182,fire extinguisher,0,0,0,0.0
00824-Dd4bFSTQ8gi,0_1,183,fireplace,0,1,0,0.0
00824-Dd4bFSTQ8gi,0_1,184,fireplace tool set,0,0,0,0.0
00824-Dd4bFSTQ8gi,0_1,185,firewood,0,0,0,0.0
00824-Dd4bFSTQ8gi,0_1,186,fishing rod,0,0,0,0.0
00824-Dd4bFSTQ8gi,0_1,187,flag,0,0,0,0.0
00824-Dd4bFSTQ8gi,0_1,188,flashlight,0,0,0,0.0
00824-Dd4bFSTQ8gi,0_1,189,floor stand,0,0,0,0.0
00824-Dd4bFSTQ8gi,0_1,190,flower stand,0,0,0,0.0
00824-Dd4bFSTQ8gi,0_1,191,flowerbed,0,0,0,0.0
00824-Dd4bFSTQ8gi,0_1,192,flush,0,0,0,0.0
00824-Dd4bFSTQ8gi,0_1,193,flush button,0,0,0,0.0
00824-Dd4bFSTQ8gi,0_1,194,flush push,0,0,0,0.0
00824-Dd4bFSTQ8gi,0_1,195,foam,0,0,0,0.0
00824-Dd4bFSTQ8gi,0_1,196,folding stand,0,0,0,0.0
00824-Dd4bFSTQ8gi,0_1,197,food,0,0,0,0.0
00824-Dd4bFSTQ8gi,0_1,198,food processor,0,0,0,0.0
00824-Dd4bFSTQ8gi,0_1,199,food stand,0,0,0,0.0
00824-Dd4bFSTQ8gi,0_1,200,foosball table,0,0,0,0.0
00824-Dd4bFSTQ8gi,0_1,201,foot spa,0,0,0,0.0
00824-Dd4bFSTQ8gi,0_1,202,football,0,0,0,0.0
00824-Dd4bFSTQ8gi,0_1,203,footstool,0,0,0,0.0
00824-Dd4bFSTQ8gi,0_1,204,frame,0,0,0,0.0
00824-Dd4bFSTQ8gi,0_1,205,fruit,0,0,0,0.0
00824-Dd4bFSTQ8gi,0_1,206,fume cupboard,0,0,0,0.0
00824-Dd4bFSTQ8gi,0_1,207,fur,0,0,0,0.0
00824-Dd4bFSTQ8gi,0_1,208,furnace,0,0,0,0.0
00824-Dd4bFSTQ8gi,0_1,209,furniture,0,0,0,0.0
00824-Dd4bFSTQ8gi,0_1,210,game,0,0,0,0.0
00824-Dd4bFSTQ8gi,0_1,211,game console,0,0,0,0.0
00824-Dd4bFSTQ8gi,0_1,212,gap,0,0,0,0.0
00824-Dd4bFSTQ8gi,0_1,213,garage door motor,0,0,0,0.0
00824-Dd4bFSTQ8gi,0_1,214,garage door opener,0,0,0,0.0
00824-Dd4bFSTQ8gi,0_1,215,garage door opener railing,0,0,0,0.0
00824-Dd4bFSTQ8gi,0_1,216,gas box,0,0,0,0.0
00824-Dd4bFSTQ8gi,0_1,217,gas container,0,0,0,0.0
00824-Dd4bFSTQ8gi,0_1,218,gas meter,0,0,0,0.0
00824-Dd4bFSTQ8gi,0_1,219,gauge,0,0,0,0.0
00824-Dd4bFSTQ8gi,0_1,220,gift,0,0,0,0.0
00824-Dd4bFSTQ8gi,0_1,221,glass,0,0,0,0.0
00824-Dd4bFSTQ8gi,0_1,222,glasses,0,0,0,0.0
00824-Dd4bFSTQ8gi,0_1,223,globe,0,0,0,0.0
00824-Dd4bFSTQ8gi,0_1,224,globe stand,0,0,0,0.0
00824-Dd4bFSTQ8gi,0_1,225,gloves,0,0,0,0.0
00824-Dd4bFSTQ8gi,0_1,226,glue,0,0,0,0.0
00824-Dd4bFSTQ8gi,0_1,227,goalpost,0,0,0,0.0
00824-Dd4bFSTQ8gi,0_1,228,golf sticks,0,0,0,0.0
00824-Dd4bFSTQ8gi,0_1,229,grab bar,0,0,0,0.0
00824-Dd4bFSTQ8gi,0_1,230,grass,0,0,0,0.0
00824-Dd4bFSTQ8gi,0_1,231,grate,0,0,0,0.0
00824-Dd4bFSTQ8gi,0_1,232,gravel,0,0,0,0.0
00824-Dd4bFSTQ8gi,0_1,233,groceries,0,0,0,0.0
00824-Dd4bFSTQ8gi,0_1,234,guitar,0,0,0,0.0
00824-Dd4bFSTQ8gi,0_1,235,gun,0,0,0,0.0
00824-Dd4bFSTQ8gi,0_1,236,gym rope,0,0,0,0.0
00824-Dd4bFSTQ8gi,0_1,237,hair brush,0,0,0,0.0
00824-Dd4bFSTQ8gi,0_1,238,hair dryer,0,0,0,0.0
00824-Dd4bFSTQ8gi,0_1,239,hammer,0,0,0,0.0
00824-Dd4bFSTQ8gi,0_1,240,hammock,0,0,0,0.0
00824-Dd4bFSTQ8gi,0_1,241,hand dryer,0,0,0,0.0
00824-Dd4bFSTQ8gi,0_1,242,handcart,0,0,0,0.0
00824-Dd4bFSTQ8gi,0_1,243,handkerchiefs,0,0,0,0.0
00824-Dd4bFSTQ8gi,0_1,244,handle,0,0,0,0.3209851941152132
00824-Dd4bFSTQ8gi,0_1,245,hanger,0,0,0,0.0
00824-Dd4bFSTQ8gi,0_1,246,hat,0,0,0,0.0
00824-Dd4bFSTQ8gi,0_1,247,hatch,0,0,0,0.0
00824-Dd4bFSTQ8gi,0_1,248,headboard,0,0,0,0.0
00824-Dd4bFSTQ8gi,0_1,249,headphones,0,0,0,0.0
00824-Dd4bFSTQ8gi,0_1,250,heater,0,0,0,0.0
00824-Dd4bFSTQ8gi,0_1,251,heater piping,0,0,0,0.0
00824-Dd4bFSTQ8gi,0_1,252,holder,0,0,0,0.0
00824-Dd4bFSTQ8gi,0_1,253,holy cross,0,0,0,0.0
00824-Dd4bFSTQ8gi,0_1,254,hook,0,0,0,0.0
00824-Dd4bFSTQ8gi,0_1,255,hose,0,0,0,0.0
00824-Dd4bFSTQ8gi,0_1,256,hourglass,0,0,0,0.0
00824-Dd4bFSTQ8gi,0_1,257,hoverboard,0,0,0,0.0
00824-Dd4bFSTQ8gi,0_1,258,ice maker,0,0,0,0.0
00824-Dd4bFSTQ8gi,0_1,259,information,0,0,0,0.0
00824-Dd4bFSTQ8gi,0_1,260,installation,0,0,0,0.0
00824-Dd4bFSTQ8gi,0_1,261,instrument,0,0,0,0.0
00824-Dd4bFSTQ8gi,0_1,262,iron,0,0,0,0.0
00824-Dd4bFSTQ8gi,0_1,263,ironing board,0,0,0,0.0
00824-Dd4bFSTQ8gi,0_1,264,jewelry,0,0,0,0.0
00824-Dd4bFSTQ8gi,0_1,265,jug,0,0,0,0.0
00824-Dd4bFSTQ8gi,0_1,266,keg,0,0,0,0.0
00824-Dd4bFSTQ8gi,0_1,267,kettle,0,0,0,0.0
00824-Dd4bFSTQ8gi,0_1,268,keys,0,0,0,0.0
00824-Dd4bFSTQ8gi,0_1,269,kitchen appliance,0,0,0,0.0
00824-Dd4bFSTQ8gi,0_1,270,kitchen handle,0,0,0,0.0
00824-Dd4bFSTQ8gi,0_1,271,kitchen island,0,0,0,0.0
00824-Dd4bFSTQ8gi,0_1,272,kitchen utensil,0,0,0,0.0
00824-Dd4bFSTQ8gi,0_1,273,knife,0,0,0,0.0
00824-Dd4bFSTQ8gi,0_1,274,knob,0,0,0,0.0
00824-Dd4bFSTQ8gi,0_1,275,lace doily,0,0,0,0.0
00824-Dd4bFSTQ8gi,0_1,276,ladder,0,0,0,0.0
00824-Dd4bFSTQ8gi,0_1,277,landing,0,0,0,0.0
00824-Dd4bFSTQ8gi,0_1,278,laundry,0,0,0,0.0
00824-Dd4bFSTQ8gi,0_1,279,lawn mower,0,0,0,0.0
00824-Dd4bFSTQ8gi,0_1,280,level,0,0,0,0.0
00824-Dd4bFSTQ8gi,0_1,281,lid,0,0,0,0.0
00824-Dd4bFSTQ8gi,0_1,282,light,1,1,1,0.0
00824-Dd4bFSTQ8gi,0_1,283,lighter,0,0,0,0.0
00824-Dd4bFSTQ8gi,0_1,284,liquid,0,0,0,0.0
00824-Dd4bFSTQ8gi,0_1,285,locker,0,0,0,0.0
00824-Dd4bFSTQ8gi,0_1,286,machine,0,0,0,0.0
00824-Dd4bFSTQ8gi,0_1,287,mailbox,0,0,0,0.0
00824-Dd4bFSTQ8gi,0_1,288,mannequin,0,0,0,0.0
00824-Dd4bFSTQ8gi,0_1,289,map,0,0,0,0.0
00824-Dd4bFSTQ8gi,0_1,290,mascot,0,0,0,0.0
00824-Dd4bFSTQ8gi,0_1,291,massage bed,0,0,0,0.0
00824-Dd4bFSTQ8gi,0_1,292,material,0,0,0,0.0
00824-Dd4bFSTQ8gi,0_1,293,measuring tape,0,0,0,0.0
00824-Dd4bFSTQ8gi,0_1,294,medical lamp,0,0,0,0.0
00824-Dd4bFSTQ8gi,0_1,295,medical object,0,0,0,0.0
00824-Dd4bFSTQ8gi,0_1,296,menu,0,0,0,0.0
00824-Dd4bFSTQ8gi,0_1,297,meshwork,0,0,0,0.0
00824-Dd4bFSTQ8gi,0_1,298,meter,0,0,0,0.0
00824-Dd4bFSTQ8gi,0_1,299,microphone,0,0,0,0.0
00824-Dd4bFSTQ8gi,0_1,300,microphone accessory,0,0,0,0.0
00824-Dd4bFSTQ8gi,0_1,301,microwave,0,1,0,0.0
00824-Dd4bFSTQ8gi,0_1,302,mirror,1,1,1,0.8389631340189365
00824-Dd4bFSTQ8gi,0_1,303,model,0,0,0,0.0
00824-Dd4bFSTQ8gi,0_1,304,modem,0,0,0,0.0
00824-Dd4bFSTQ8gi,0_1,305,mop,0,0,0,0.0
00824-Dd4bFSTQ8gi,0_1,306,mortar,0,0,0,0.0
00824-Dd4bFSTQ8gi,0_1,307,motorcycle,0,0,0,0.0
00824-Dd4bFSTQ8gi,0_1,308,music equipment,0,0,0,0.0
00824-Dd4bFSTQ8gi,0_1,309,napkin,0,0,0,0.0
00824-Dd4bFSTQ8gi,0_1,310,nightstand,0,0,0,0.0
00824-Dd4bFSTQ8gi,0_1,311,oar,0,0,0,0.4642235132545628
00824-Dd4bFSTQ8gi,0_1,312,object,0,0,0,0.0
00824-Dd4bFSTQ8gi,0_1,313,objects,0,0,0,0.0
00824-Dd4bFSTQ8gi,0_1,314,outlet,0,0,0,0.0
00824-Dd4bFSTQ8gi,0_1,315,oven,0,1,0,0.0
00824-Dd4bFSTQ8gi,0_1,316,overhang,0,0,0,0.6600802721183749
00824-Dd4bFSTQ8gi,0_1,317,pad,0,0,0,0.0
00824-Dd4bFSTQ8gi,0_1,318,painting stuff,0,0,0,0.0
00824-Dd4bFSTQ8gi,0_1,319,pan,0,0,0,0.0
00824-Dd4bFSTQ8gi,0_1,320,panel,0,0,0,0.0
00824-Dd4bFSTQ8gi,0_1,321,pantry,0,0,0,0.0
00824-Dd4bFSTQ8gi,0_1,322,paper holder,0,0,0,0.7694392408748993
00824-Dd4bFSTQ8gi,0_1,323,paper storage,0,0,0,0.0
00824-Dd4bFSTQ8gi,0_1,324,paper towel,0,0,0,0.0
00824-Dd4bFSTQ8gi,0_1,325,parapet,0,0,0,0.0
00824-Dd4bFSTQ8gi,0_1,326,partial,0,0,0,0.9999923956063109
00824-Dd4bFSTQ8gi,0_1,327,pavement,0,0,0,0.0
00824-Dd4bFSTQ8gi,0_1,328,pedestal,0,0,0,0.0
00824-Dd4bFSTQ8gi,0_1,329,pen,0,0,0,0.0
00824-Dd4bFSTQ8gi,0_1,330,pendant,0,0,0,0.0
00824-Dd4bFSTQ8gi,0_1,331,pet bed,0,0,0,0.0
00824-Dd4bFSTQ8gi,0_1,332,pet bowl,0,0,0,0.0
00824-Dd4bFSTQ8gi,0_1,333,phone,0,0,0,0.0
00824-Dd4bFSTQ8gi,0_1,334,photo mount,0,0,0,0.0
00824-Dd4bFSTQ8gi,0_1,335,photo stand,0,0,0,0.0
00824-Dd4bFSTQ8gi,0_1,336,piano,0,0,0,0.0
00824-Dd4bFSTQ8gi,0_1,337,pillow,1,1,4,0.5799659498278169
00824-Dd4bFSTQ8gi,0_1,338,pitchfork,0,0,0,0.0
00824-Dd4bFSTQ8gi,0_1,339,place mat,0,0,0,0.0
00824-Dd4bFSTQ8gi,0_1,340,plane,0,0,0,0.0
00824-Dd4bFSTQ8gi,0_1,341,plank,0,0,0,0.0
00824-Dd4bFSTQ8gi,0_1,342,plant,0,1,0,0.0
00824-Dd4bFSTQ8gi,0_1,343,plant ornament,0,0,0,0.0
00824-Dd4bFSTQ8gi,0_1,344,platform,0,0,0,0.0
00824-Dd4bFSTQ8gi,0_1,345,playpen,0,0,0,0.0
00824-Dd4bFSTQ8gi,0_1,346,plenum box,0,0,0,0.0
00824-Dd4bFSTQ8gi,0_1,347,pliers,0,0,0,0.0
00824-Dd4bFSTQ8gi,0_1,348,plumbing,0,0,0,0.0
00824-Dd4bFSTQ8gi,0_1,349,plunger,0,0,0,0.0
00824-Dd4bFSTQ8gi,0_1,350,podium,0,1,0,0.0
00824-Dd4bFSTQ8gi,0_1,351,pole,0,0,0,0.0
00824-Dd4bFSTQ8gi,0_1,352,pool,0,0,0,0.0
00824-Dd4bFSTQ8gi,0_1,353,pool table,0,0,0,0.0
00824-Dd4bFSTQ8gi,0_1,354,porcelain,0,0,0,0.0
00824-Dd4bFSTQ8gi,0_1,355,poster,0,0,0,0.0
00824-Dd4bFSTQ8gi,0_1,356,pot,0,0,0,0.0
00824-Dd4bFSTQ8gi,0_1,357,pot lid,0,0,0,0.0
00824-Dd4bFSTQ8gi,0_1,358,pouches,0,0,0,0.0
00824-Dd4bFSTQ8gi,0_1,359,press,0,0,0,0.0
00824-Dd4bFSTQ8gi,0_1,360,pressure washer,0,0,0,0.0
00824-Dd4bFSTQ8gi,0_1,361,printer,0,0,0,0.0
00824-Dd4bFSTQ8gi,0_1,362,product,0,0,0,0.0
00824-Dd4bFSTQ8gi,0_1,363,products,0,0,0,0.0
00824-Dd4bFSTQ8gi,0_1,364,prop,0,0,0,0.35825460424978417
00824-Dd4bFSTQ8gi,0_1,365,pump,0,0,0,0.0
00824-Dd4bFSTQ8gi,0_1,366,punchbag,0,0,0,0.0
00824-Dd4bFSTQ8gi,0_1,367,puppet,0,0,0,0.0
00824-Dd4bFSTQ8gi,0_1,368,rag,0,0,0,0.0
00824-Dd4bFSTQ8gi,0_1,369,rail,0,0,0,0.0
00824-Dd4bFSTQ8gi,0_1,370,rake,0,0,0,0.0
00824-Dd4bFSTQ8gi,0_1,371,receipt printer,0,0,0,0.0
00824-Dd4bFSTQ8gi,0_1,372,records,0,0,0,0.0
00824-Dd4bFSTQ8gi,0_1,373,recuperator,0,0,0,0.0
00824-Dd4bFSTQ8gi,0_1,374,refrigerator,0,1,0,0.0
00824-Dd4bFSTQ8gi,0_1,375,remote control,0,0,0,0.0
00824-Dd4bFSTQ8gi,0_1,376,rice cooker,0,0,0,0.0
00824-Dd4bFSTQ8gi,0_1,377,riser,0,0,0,0.0
00824-Dd4bFSTQ8gi,0_1,378,rocking horse,0,0,0,0.0
00824-Dd4bFSTQ8gi,0_1,379,rod,0,0,0,0.0
00824-Dd4bFSTQ8gi,0_1,380,roll,0,0,0,0.0
00824-Dd4bFSTQ8gi,0_1,381,rope,0,0,0,0.0
00824-Dd4bFSTQ8gi,0_1,382,router,0,0,0,0.0
00824-Dd4bFSTQ8gi,0_1,383,rug,1,1,1,0.0
00824-Dd4bFSTQ8gi,0_1,384,safe,0,0,0,0.0
00824-Dd4bFSTQ8gi,0_1,385,saturator,0,0,0,0.0
00824-Dd4bFSTQ8gi,0_1,386,sauna,0,0,0,0.0
00824-Dd4bFSTQ8gi,0_1,387,saw,0,0,0,0.0
00824-Dd4bFSTQ8gi,0_1,388,saxophone,0,0,0,0.0
00824-Dd4bFSTQ8gi,0_1,389,scale,0,0,0,0.0
00824-Dd4bFSTQ8gi,0_1,390,scanner,0,0,0,0.0
00824-Dd4bFSTQ8gi,0_1,391,screen,0,0,0,0.0
00824-Dd4bFSTQ8gi,0_1,392,screen frame,0,0,0,0.0
00824-Dd4bFSTQ8gi,0_1,393,screwdriver,0,0,0,0.0
00824-Dd4bFSTQ8gi,0_1,394,sculpture,0,0,0,0.0
00824-Dd4bFSTQ8gi,0_1,395,security camera,0,0,0,0.0
00824-Dd4bFSTQ8gi,0_1,396,self-closing mechanism,0,0,0,0.0
00824-Dd4bFSTQ8gi,0_1,397,sensor,0,0,0,0.0
00824-Dd4bFSTQ8gi,0_1,398,separator,0,0,0,0.0
00824-Dd4bFSTQ8gi,0_1,399,set of valves,0,0,0,0.0
00824-Dd4bFSTQ8gi,0_1,400,sewing machine,0,0,0,0.0
00824-Dd4bFSTQ8gi,0_1,401,sewing tools,0,0,0,0.0
00824-Dd4bFSTQ8gi,0_1,402,shampoo,0,0,0,0.0
00824-Dd4bFSTQ8gi,0_1,403,sheet music,0,0,0,0.0
00824-Dd4bFSTQ8gi,0_1,404,sheets / clothes,0,0,0,0.0
00824-Dd4bFSTQ8gi,0_1,405,shelf,1,1,1,0.9999740280452011
00824-Dd4bFSTQ8gi,0_1,406,ship toy,0,0,0,0.0
00824-Dd4bFSTQ8gi,0_1,407,shisha,0,0,0,0.0
00824-Dd4bFSTQ8gi,0_1,408,shoe,0,0,0,0.0
00824-Dd4bFSTQ8gi,0_1,409,shoe rack,0,0,0,0.0
00824-Dd4bFSTQ8gi,0_1,410,shoehorn,0,0,0,0.0
00824-Dd4bFSTQ8gi,0_1,411,shovel,0,0,0,0.0
00824-Dd4bFSTQ8gi,0_1,412,shower,0,0,0,0.0
00824-Dd4bFSTQ8gi,0_1,413,shower seat,0,0,0,0.0
00824-Dd4bFSTQ8gi,0_1,414,shredder,0,0,0,0.0
00824-Dd4bFSTQ8gi,0_1,415,side table,0,0,0,0.0
00824-Dd4bFSTQ8gi,0_1,416,sideboard,0,0,0,0.0
00824-Dd4bFSTQ8gi,0_1,417,sign,0,0,0,0.0
00824-Dd4bFSTQ8gi,0_1,418,silicone gun,0,0,0,0.0
00824-Dd4bFSTQ8gi,0_1,419,silicone tube,0,0,0,0.0
00824-Dd4bFSTQ8gi,0_1,420,sink,0,1,0,0.0
00824-Dd4bFSTQ8gi,0_1,421,skateboard,0,0,0,0.0
00824-Dd4bFSTQ8gi,0_1,422,skates,0,0,0,0.0
00824-Dd4bFSTQ8gi,0_1,423,ski,0,0,0,0.0
00824-Dd4bFSTQ8gi,0_1,424,sky,0,0,0,0.0
00824-Dd4bFSTQ8gi,0_1,425,sled,0,0,0,0.0
00824-Dd4bFSTQ8gi,0_1,426,sleeping bag,0,0,0,0.0
00824-Dd4bFSTQ8gi,0_1,427,smoke detector,0,1,0,0.0
00824-Dd4bFSTQ8gi,0_1,428,snack,0,0,0,0.0
00824-Dd4bFSTQ8gi,0_1,429,soap,0,0,0,0.0
00824-Dd4bFSTQ8gi,0_1,430,socks,0,0,0,0.0
00824-Dd4bFSTQ8gi,0_1,431,sofa,0,1,0,0.0
00824-Dd4bFSTQ8gi,0_1,432,solarium,0,0,0,0.0
00824-Dd4bFSTQ8gi,0_1,433,speaker,0,0,0,0.0
00824-Dd4bFSTQ8gi,0_1,434,speaker stand,0,0,0,0.0
00824-Dd4bFSTQ8gi,0_1,435,spices,0,0,0,0.0
00824-Dd4bFSTQ8gi,0_1,436,sponge,0,0,0,0.0
00824-Dd4bFSTQ8gi,0_1,437,spray can,0,0,0,0.0
00824-Dd4bFSTQ8gi,0_1,438,sprinkler,0,0,0,0.0
00824-Dd4bFSTQ8gi,0_1,439,square,0,0,0,0.0
00824-Dd4bFSTQ8gi,0_1,440,stack,0,0,0,0.0
00824-Dd4bFSTQ8gi,0_1,441,stack of books / papers,0,0,0,0.0
00824-Dd4bFSTQ8gi,0_1,442,stack of stuff,0,0,0,0.0
00824-Dd4bFSTQ8gi,0_1,443,stack of yarns,0,0,0,0.0
00824-Dd4bFSTQ8gi,0_1,444,stage,0,0,0,0.0
00824-Dd4bFSTQ8gi,0_1,445,stained glass,0,0,0,0.0
00824-Dd4bFSTQ8gi,0_1,446,stand,0,0,0,0.0
00824-Dd4bFSTQ8gi,0_1,447,star,0,0,0,0.0
00824-Dd4bFSTQ8gi,0_1,448,stationery,0,0,0,0.0
00824-Dd4bFSTQ8gi,0_1,449,steel plate,0,0,0,0.0
00824-Dd4bFSTQ8gi,0_1,450,step stool,0,0,0,0.0
00824-Dd4bFSTQ8gi,0_1,451,stick,0,0,0,0.00019013286526226025
00824-Dd4bFSTQ8gi,0_1,452,stone,0,0,0,0.0
00824-Dd4bFSTQ8gi,0_1,453,stonework,0,0,0,0.0
00824-Dd4bFSTQ8gi,0_1,454,stool,0,1,0,0.0
00824-Dd4bFSTQ8gi,0_1,455,storage,0,0,0,0.0
00824-Dd4bFSTQ8gi,0_1,456,strings,0,0,0,0.0
00824-Dd4bFSTQ8gi,0_1,457,stroke,0,0,0,0.0
00824-Dd4bFSTQ8gi,0_1,458,sunbed,0,0,0,0.0
00824-Dd4bFSTQ8gi,0_1,459,support,0,0,0,0.0
00824-Dd4bFSTQ8gi,0_1,460,surface,0,0,0,0.0
00824-Dd4bFSTQ8gi,0_1,461,surfboard,0,0,0,0.0
00824-Dd4bFSTQ8gi,0_1,462,swing,0,0,0,0.0
00824-Dd4bFSTQ8gi,0_1,463,switch,0,0,0,0.0
00824-Dd4bFSTQ8gi,0_1,464,table,1,1,1,0.0
00824-Dd4bFSTQ8gi,0_1,465,table cloth,0,0,0,0.0
00824-Dd4bFSTQ8gi,0_1,466,table pad,0,0,0,0.0
00824-Dd4bFSTQ8gi,0_1,467,table stand,0,0,0,0.0
00824-Dd4bFSTQ8gi,0_1,468,table tennis table,0,0,0,0.0
00824-Dd4bFSTQ8gi,0_1,469,tablet,0,0,0,0.0
00824-Dd4bFSTQ8gi,0_1,470,tambourine,0,0,0,0.0
00824-Dd4bFSTQ8gi,0_1,471,tea set,0,0,0,0.0
00824-Dd4bFSTQ8gi,0_1,472,telescope,0,0,0,0.0
00824-Dd4bFSTQ8gi,0_1,473,tennis racket,0,0,0,0.0
00824-Dd4bFSTQ8gi,0_1,474,tent,0,0,0,0.0
00824-Dd4bFSTQ8gi,0_1,475,thermometer,0,0,0,0.0
00824-Dd4bFSTQ8gi,0_1,476,thermostat,0,0,0,0.0
00824-Dd4bFSTQ8gi,0_1,477,three,0,0,0,0.0
00824-Dd4bFSTQ8gi,0_1,478,tile,0,0,0,0.0
00824-Dd4bFSTQ8gi,0_1,479,tire,0,0,0,0.0
00824-Dd4bFSTQ8gi,0_1,480,tissue,0,1,0,0.0
00824-Dd4bFSTQ8gi,0_1,481,title,0,0,0,2.873994945362668e-07
00824-Dd4bFSTQ8gi,0_1,482,toaster,0,0,0,0.0
00824-Dd4bFSTQ8gi,0_1,483,toaster oven,0,0,0,0.0
00824-Dd4bFSTQ8gi,0_1,484,toilet,0,1,0,0.0
00824-Dd4bFSTQ8gi,0_1,485,toilet brush,0,1,0,0.0
00824-Dd4bFSTQ8gi,0_1,486,toilet cleaner,0,0,0,0.0
00824-Dd4bFSTQ8gi,0_1,487,toilet paper,0,1,0,0.0
00824-Dd4bFSTQ8gi,0_1,488,toiletry,0,0,0,0.0
00824-Dd4bFSTQ8gi,0_1,489,tool,0,0,0,0.0
00824-Dd4bFSTQ8gi,0_1,490,tool rack,0,0,0,0.0
00824-Dd4bFSTQ8gi,0_1,491,toothbrush,0,0,0,0.0
00824-Dd4bFSTQ8gi,0_1,492,toothpaste,0,0,0,0.0
00824-Dd4bFSTQ8gi,0_1,493,towel,0,1,0,0.0
00824-Dd4bFSTQ8gi,0_1,494,towel bar,0,1,0,0.0
00824-Dd4bFSTQ8gi,0_1,495,toy,0,0,0,0.0
00824-Dd4bFSTQ8gi,0_1,496,traffic cone,0,0,0,0.0
00824-Dd4bFSTQ8gi,0_1,497,trampoline,0,0,0,0.0
00824-Dd4bFSTQ8gi,0_1,498,trash bag,0,0,0,0.0
00824-Dd4bFSTQ8gi,0_1,499,tray,0,1,0,0.0
00824-Dd4bFSTQ8gi,0_1,500,treadmill,0,0,0,0.0
00824-Dd4bFSTQ8gi,0_1,501,tree,0,0,0,0.0
00824-Dd4bFSTQ8gi,0_1,502,tree branch,0,0,0,0.0
00824-Dd4bFSTQ8gi,0_1,503,trimmer,0,0,0,0.0
00824-Dd4bFSTQ8gi,0_1,504,tripod,0,0,0,0.0
00824-Dd4bFSTQ8gi,0_1,505,trolley,0,0,0,0.0
00824-Dd4bFSTQ8gi,0_1,506,trombone,0,0,0,0.0
00824-Dd4bFSTQ8gi,0_1,507,trophy,0,0,0,0.0
00824-Dd4bFSTQ8gi,0_1,508,trough,0,0,0,0.0
00824-Dd4bFSTQ8gi,0_1,509,trumpet,0,0,0,0.0
00824-Dd4bFSTQ8gi,0_1,510,tv,0,0,0,0.0
00824-Dd4bFSTQ8gi,0_1,511,tv stand,0,0,0,0.0
00824-Dd4bFSTQ8gi,0_1,512,typewriter,0,0,0,0.0
00824-Dd4bFSTQ8gi,0_1,513,ukulele,0,0,0,0.0
00824-Dd4bFSTQ8gi,0_1,514,umbrella,0,0,0,0.0
00824-Dd4bFSTQ8gi,0_1,515,umbrella stand,0,0,0,0.0
00824-Dd4bFSTQ8gi,0_1,516,unknown,0,0,0,0.034306333270965106
00824-Dd4bFSTQ8gi,0_1,517,vacuum cleaner,0,0,0,0.0
00824-Dd4bFSTQ8gi,0_1,518,vanity,0,0,0,0.0
00824-Dd4bFSTQ8gi,0_1,519,vase,0,1,0,0.0
00824-Dd4bFSTQ8gi,0_1,520,vegetables,0,0,0,0.0
00824-Dd4bFSTQ8gi,0_1,521,vessel,0,0,0,0.0
00824-Dd4bFSTQ8gi,0_1,522,vinyl records,0,0,0,0.0
00824-Dd4bFSTQ8gi,0_1,523,violin,0,0,0,0.0
00824-Dd4bFSTQ8gi,0_1,524,violin case,0,0,0,0.0
00824-Dd4bFSTQ8gi,0_1,525,waffle iron,0,0,0,0.0
00824-Dd4bFSTQ8gi,0_1,526,wardrobe,0,1,0,0.0
00824-Dd4bFSTQ8gi,0_1,527,washing machine,0,0,0,0.0
00824-Dd4bFSTQ8gi,0_1,528,washing powder,0,0,0,0.0
00824-Dd4bFSTQ8gi,0_1,529,washing stuff,0,0,0,0.0
00824-Dd4bFSTQ8gi,0_1,530,watch,0,0,0,0.0
00824-Dd4bFSTQ8gi,0_1,531,water dispenser,0,0,0,0.0
00824-Dd4bFSTQ8gi,0_1,532,water heater,0,0,0,0.0
00824-Dd4bFSTQ8gi,0_1,533,water meter,0,0,0,0.0
00824-Dd4bFSTQ8gi,0_1,534,water pump,0,0,0,0.0
00824-Dd4bFSTQ8gi,0_1,535,water tank,0,0,0,0.0
00824-Dd4bFSTQ8gi,0_1,536,watering can,0,0,0,0.0
00824-Dd4bFSTQ8gi,0_1,537,weight,0,0,0,0.0
00824-Dd4bFSTQ8gi,0_1,538,weight bench,0,0,0,0.0
00824-Dd4bFSTQ8gi,0_1,539,weights,0,0,0,0.0
00824-Dd4bFSTQ8gi,0_1,540,wheel,0,0,0,0.0
00824-Dd4bFSTQ8gi,0_1,541,wheelbarrow,0,0,0,0.0
00824-Dd4bFSTQ8gi,0_1,542,window shade,0,0,0,0.9957065221020499
00824-Dd4bFSTQ8gi,0_1,543,wine,0,0,0,0.0
00824-Dd4bFSTQ8gi,0_1,544,wine storage,0,0,0,0.0
00824-Dd4bFSTQ8gi,0_1,545,wood,0,0,0,0.8752566801547923
00824-Dd4bFSTQ8gi,0_1,546,wrench,0,0,0,0.0
00824-Dd4bFSTQ8gi,0_2,0,acoustic panel,0,0,0,0.0
00824-Dd4bFSTQ8gi,0_2,1,air conditioner,0,1,0,0.0
00824-Dd4bFSTQ8gi,0_2,2,air freshener,0,0,0,0.0
00824-Dd4bFSTQ8gi,0_2,3,air hockey,0,0,0,0.0
00824-Dd4bFSTQ8gi,0_2,4,air purifier,0,0,0,0.0
00824-Dd4bFSTQ8gi,0_2,5,aisle frame,0,0,0,0.0
00824-Dd4bFSTQ8gi,0_2,6,alarm,0,0,0,0.0
00824-Dd4bFSTQ8gi,0_2,7,album,0,0,0,0.0
00824-Dd4bFSTQ8gi,0_2,8,amplifier,0,0,0,0.0
00824-Dd4bFSTQ8gi,0_2,9,appliance,0,0,0,0.0
00824-Dd4bFSTQ8gi,0_2,10,apron,0,0,0,0.0
00824-Dd4bFSTQ8gi,0_2,11,aquarium,0,0,0,0.0
00824-Dd4bFSTQ8gi,0_2,12,arcade game,0,0,0,0.0
00824-Dd4bFSTQ8gi,0_2,13,artwork,1,1,1,0.9953673613854379
00824-Dd4bFSTQ8gi,0_2,14,ashtray,0,0,0,0.0
00824-Dd4bFSTQ8gi,0_2,15,audio player,0,0,0,0.0
00824-Dd4bFSTQ8gi,0_2,16,axe,0,0,0,0.0
00824-Dd4bFSTQ8gi,0_2,17,baby changing table,0,0,0,0.0
00824-Dd4bFSTQ8gi,0_2,18,backrest,0,0,0,0.0
00824-Dd4bFSTQ8gi,0_2,19,backsplash,0,0,0,0.0
00824-Dd4bFSTQ8gi,0_2,20,bag,0,0,0,0.0
00824-Dd4bFSTQ8gi,0_2,21,ball,0,0,0,0.0
00824-Dd4bFSTQ8gi,0_2,22,ball pool,0,0,0,0.0
00824-Dd4bFSTQ8gi,0_2,23,bar,0,0,0,0.0
00824-Dd4bFSTQ8gi,0_2,24,barbecue,0,0,0,0.0
00824-Dd4bFSTQ8gi,0_2,25,barrel,0,0,0,0.0
00824-Dd4bFSTQ8gi,0_2,26,base,0,0,0,0.0
00824-Dd4bFSTQ8gi,0_2,27,baseball bat,0,0,0,0.0
00824-Dd4bFSTQ8gi,0_2,28,basket,0,0,0,0.0
00824-Dd4bFSTQ8gi,0_2,29,basketball hoop,0,0,0,0.0
00824-Dd4bFSTQ8gi,0_2,30,basketballs,0,0,0,0.0
00824-Dd4bFSTQ8gi,0_2,31,bathroom accessory,0,0,0,0.0
00824-Dd4bFSTQ8gi,0_2,32,bathtub,0,1,0,0.0
00824-Dd4bFSTQ8gi,0_2,33,bed,1,1,1,0.0
00824-Dd4bFSTQ8gi,0_2,34,bed ladder,0,0,0,0.0
00824-Dd4bFSTQ8gi,0_2,35,beer crate,0,0,0,0.0
00824-Dd4bFSTQ8gi,0_2,36,bell,0,0,0,0.0
00824-Dd4bFSTQ8gi,0_2,37,belt,0,0,0,0.0
00824-Dd4bFSTQ8gi,0_2,38,bench,0,1,0,0.0
00824-Dd4bFSTQ8gi,0_2,39,beverage dispenser,0,0,0,0.0
00824-Dd4bFSTQ8gi,0_2,40,bicycle,0,0,0,0.0
00824-Dd4bFSTQ8gi,0_2,41,bicycle helmet,0,0,0,0.0
00824-Dd4bFSTQ8gi,0_2,42,bin,1,1,1,0.0
00824-Dd4bFSTQ8gi,0_2,43,birdhouse,0,0,0,0.0
00824-Dd4bFSTQ8gi,0_2,44,blanket,0,1,0,0.9999847406665824
00824-Dd4bFSTQ8gi,0_2,45,board,0,0,0,0.0
00824-Dd4bFSTQ8gi,0_2,46,board game,0,0,0,0.0
00824-Dd4bFSTQ8gi,0_2,47,board with keys,0,0,0,0.0
00824-Dd4bFSTQ8gi,0_2,48,book,1,1,1,0.0018512506956618324
00824-Dd4bFSTQ8gi,0_2,49,bottle,0,0,0,0.0
00824-Dd4bFSTQ8gi,0_2,50,bottle dispenser,0,0,0,0.0
00824-Dd4bFSTQ8gi,0_2,51,bottle opener,0,0,0,0.0
00824-Dd4bFSTQ8gi,0_2,52,bowl,0,1,0,0.0
00824-Dd4bFSTQ8gi,0_2,53,box,0,0,0,0.0
00824-Dd4bFSTQ8gi,0_2,54,boxing ring,0,0,0,0.0
00824-Dd4bFSTQ8gi,0_2,55,bread,0,0,0,0.0
00824-Dd4bFSTQ8gi,0_2,56,bread box,0,0,0,0.0
00824-Dd4bFSTQ8gi,0_2,57,bricks,0,0,0,0.0
00824-Dd4bFSTQ8gi,0_2,58,bridge,0,0,0,0.0
00824-Dd4bFSTQ8gi,0_2,59,broom,0,0,0,0.0
00824-Dd4bFSTQ8gi,0_2,60,brush,0,0,0,0.0
00824-Dd4bFSTQ8gi,0_2,61,bucket,0,0,0,0.0
00824-Dd4bFSTQ8gi,0_2,62,buffet,0,0,0,0.0
00824-Dd4bFSTQ8gi,0_2,63,button,0,0,0,0.0
00824-Dd4bFSTQ8gi,0_2,64,cabinet,1,1,2,0.0
00824-Dd4bFSTQ8gi,0_2,65,cable,0,0,0,0.0
00824-Dd4bFSTQ8gi,0_2,66,cage,0,0,0,0.0
00824-Dd4bFSTQ8gi,0_2,67,cake,0,0,0,0.0
00824-Dd4bFSTQ8gi,0_2,68,calculator,0,0,0,0.0
00824-Dd4bFSTQ8gi,0_2,69,calendar,0,0,0,0.0
00824-Dd4bFSTQ8gi,0_2,70,camera,0,0,0,0.0
00824-Dd4bFSTQ8gi,0_2,71,can,0,0,0,0.0
00824-Dd4bFSTQ8gi,0_2,72,canal,0,0,0,0.0
00824-Dd4bFSTQ8gi,0_2,73,candelabra,0,0,0,0.0
00824-Dd4bFSTQ8gi,0_2,74,candle,0,0,0,0.0
00824-Dd4bFSTQ8gi,0_2,75,candle holder,0,0,0,0.0
00824-Dd4bFSTQ8gi,0_2,76,candle stand,0,0,0,0.0
00824-Dd4bFSTQ8gi,0_2,77,candlestick,0,0,0,0.0
00824-Dd4bFSTQ8gi,0_2,78,canoe,0,0,0,0.0
00824-Dd4bFSTQ8gi,0_2,79,canopy,0,0,0,0.0
00824-Dd4bFSTQ8gi,0_2,80,car,0,0,0,0.0
00824-Dd4bFSTQ8gi,0_2,81,card,0,0,0,0.0
00824-Dd4bFSTQ8gi,0_2,82,cardboard,0,0,0,0.9999226929664681
00824-Dd4bFSTQ8gi,0_2,83,cart,0,0,0,0.0
00824-Dd4bFSTQ8gi,0_2,84,cash register,0,0,0,0.0
00824-Dd4bFSTQ8gi,0_2,85,casket,0,0,0,0.0
00824-Dd4bFSTQ8gi,0_2,86,cassette,0,0,0,0.0
00824-Dd4bFSTQ8gi,0_2,87,cat,0,0,0,0.2690048213176258
00824-Dd4bFSTQ8gi,0_2,88,cat food,0,0,0,0.0
00824-Dd4bFSTQ8gi,0_2,89,cat litter box,0,0,0,0.0
00824-Dd4bFSTQ8gi,0_2,90,cat tree,0,0,0,0.0
00824-Dd4bFSTQ8gi,0_2,91,cd,0,0,0,0.0
00824-Dd4bFSTQ8gi,0_2,92,ceiling arch,0,0,0,0.0
00824-Dd4bFSTQ8gi,0_2,93,ceiling chassis,0,0,0,0.10394437996764738
00824-Dd4bFSTQ8gi,0_2,94,ceiling ladder,0,0,0,0.0
00824-Dd4bFSTQ8gi,0_2,95,ceramics,0,0,0,0.0
00824-Dd4bFSTQ8gi,0_2,96,chain,0,0,0,0.0
00824-Dd4bFSTQ8gi,0_2,97,chair,0,1,0,0.0
00824-Dd4bFSTQ8gi,0_2,98,chair stand,0,0,0,0.0
00824-Dd4bFSTQ8gi,0_2,99,chassis,0,0,0,0.0
00824-Dd4bFSTQ8gi,0_2,100,chest,0,0,0,0.9903351829800751
00824-Dd4bFSTQ8gi,0_2,101,child car seat,0,0,0,0.0
00824-Dd4bFSTQ8gi,0_2,102,christmas tree,0,0,0,0.0
00824-Dd4bFSTQ8gi,0_2,103,clarinet,0,0,0,0.0
00824-Dd4bFSTQ8gi,0_2,104,cleaner,0,0,0,0.0
00824-Dd4bFSTQ8gi,0_2,105,clock,0,0,0,0.0
00824-Dd4bFSTQ8gi,0_2,106,closet door,0,0,0,1.0
00824-Dd4bFSTQ8gi,0_2,107,cloth,0,0,0,0.0
00824-Dd4bFSTQ8gi,0_2,108,cloth holder,0,0,0,0.0
00824-Dd4bFSTQ8gi,0_2,109,clothes,0,0,0,0.0
00824-Dd4bFSTQ8gi,0_2,110,clothes container,0,0,0,0.0
00824-Dd4bFSTQ8gi,0_2,111,clothes dryer,0,0,0,0.0
00824-Dd4bFSTQ8gi,0_2,112,clothes rack,0,0,0,0.0
00824-Dd4bFSTQ8gi,0_2,113,clutter,0,0,0,0.0
00824-Dd4bFSTQ8gi,0_2,114,coaster,0,0,0,0.0
00824-Dd4bFSTQ8gi,0_2,115,coffee maker,0,0,0,0.0
00824-Dd4bFSTQ8gi,0_2,116,coffee table,0,0,0,0.0
00824-Dd4bFSTQ8gi,0_2,117,compressor,0,0,0,0.0
00824-Dd4bFSTQ8gi,0_2,118,computer,0,0,0,0.0
00824-Dd4bFSTQ8gi,0_2,119,computer equipment,0,0,0,0.0
00824-Dd4bFSTQ8gi,0_2,120,cone,0,0,0,0.6710647895473447
00824-Dd4bFSTQ8gi,0_2,121,construction stuff,0,0,0,0.0
00824-Dd4bFSTQ8gi,0_2,122,container,0,0,0,0.0
00824-Dd4bFSTQ8gi,0_2,123,controller,0,0,0,0.0
00824-Dd4bFSTQ8gi,0_2,124,cosmetics,0,0,0,0.0
00824-Dd4bFSTQ8gi,0_2,125,counter door,0,0,0,0.0
00824-Dd4bFSTQ8gi,0_2,126,countertop,0,1,0,0.0
00824-Dd4bFSTQ8gi,0_2,127,countertop item,0,1,0,0.0
00824-Dd4bFSTQ8gi,0_2,128,cover,0,0,0,0.0
00824-Dd4bFSTQ8gi,0_2,129,cross,0,0,0,0.0
00824-Dd4bFSTQ8gi,0_2,130,crutches,0,0,0,0.0
00824-Dd4bFSTQ8gi,0_2,131,cup,0,0,0,0.0
00824-Dd4bFSTQ8gi,0_2,132,curb,0,0,0,0.0
00824-Dd4bFSTQ8gi,0_2,133,curtain,0,1,0,0.0
00824-Dd4bFSTQ8gi,0_2,134,cushion,0,0,0,0.0
00824-Dd4bFSTQ8gi,0_2,135,cutlery,0,0,0,0.0
00824-Dd4bFSTQ8gi,0_2,136,cyp,0,0,0,0.0
00824-Dd4bFSTQ8gi,0_2,137,dartboard,0,0,0,0.0
00824-Dd4bFSTQ8gi,0_2,138,decoder,0,0,0,0.0
00824-Dd4bFSTQ8gi,0_2,139,decoration,1,1,2,0.997017151631311
00824-Dd4bFSTQ8gi,0_2,140,dehumidifier,0,0,0,0.0
00824-Dd4bFSTQ8gi,0_2,141,den,0,0,0,0.0
00824-Dd4bFSTQ8gi,0_2,142,desk,0,1,0,0.0
00824-Dd4bFSTQ8gi,0_2,143,desk door,0,0,0,0.0
00824-Dd4bFSTQ8gi,0_2,144,dinnerware,0,1,0,0.0
00824-Dd4bFSTQ8gi,0_2,145,diploma,0,0,0,0.0
00824-Dd4bFSTQ8gi,0_2,146,dirt ground,0,0,0,0.0
00824-Dd4bFSTQ8gi,0_2,147,dish rack,0,0,0,0.0
00824-Dd4bFSTQ8gi,0_2,148,dishwasher,0,1,0,0.0
00824-Dd4bFSTQ8gi,0_2,149,dispenser,0,0,0,0.0
00824-Dd4bFSTQ8gi,0_2,150,display case,0,0,0,0.0
00824-Dd4bFSTQ8gi,0_2,151,document,0,0,0,0.0
00824-Dd4bFSTQ8gi,0_2,152,document holder,0,0,0,0.0
00824-Dd4bFSTQ8gi,0_2,153,dog leash,0,0,0,0.0
00824-Dd4bFSTQ8gi,0_2,154,dog toy,0,0,0,0.0
00824-Dd4bFSTQ8gi,0_2,155,doily,0,0,0,0.0
00824-Dd4bFSTQ8gi,0_2,156,doll,0,0,0,0.0
00824-Dd4bFSTQ8gi,0_2,157,door screen,0,0,0,0.0
00824-Dd4bFSTQ8gi,0_2,158,drawer,0,0,0,0.876605056614478
00824-Dd4bFSTQ8gi,0_2,159,drawer cart,0,0,0,0.0
00824-Dd4bFSTQ8gi,0_2,160,dressing table,0,0,0,0.0
00824-Dd4bFSTQ8gi,0_2,161,drill,0,0,0,0.0
00824-Dd4bFSTQ8gi,0_2,162,drum,0,0,0,0.0
00824-Dd4bFSTQ8gi,0_2,163,dustpan,0,0,0,0.0
00824-Dd4bFSTQ8gi,0_2,164,dvd,0,0,0,0.0
00824-Dd4bFSTQ8gi,0_2,165,easel,0,0,0,0.0
00824-Dd4bFSTQ8gi,0_2,166,electric hub,0,0,0,0.0
00824-Dd4bFSTQ8gi,0_2,167,electric wire casing,0,0,0,0.0
00824-Dd4bFSTQ8gi,0_2,168,electrical box,0,0,0,0.0
00824-Dd4bFSTQ8gi,0_2,169,electrical device,0,0,0,0.0
00824-Dd4bFSTQ8gi,0_2,170,electrical installation,0,0,0,0.0
00824-Dd4bFSTQ8gi,0_2,171,elevator,0,0,0,0.0
00824-Dd4bFSTQ8gi,0_2,172,exercise ball,0,0,0,0.0
00824-Dd4bFSTQ8gi,0_2,173,exercise bike,0,0,0,0.0
00824-Dd4bFSTQ8gi,0_2,174,exercise equipment,0,0,0,0.0
00824-Dd4bFSTQ8gi,0_2,175,exercise ladder,0,0,0,0.0
00824-Dd4bFSTQ8gi,0_2,176,exercise mat,0,0,0,0.0
00824-Dd4bFSTQ8gi,0_2,177,exhibition panel,0,0,0,0.0
00824-Dd4bFSTQ8gi,0_2,178,extractor hood,0,1,0,0.0
00824-Dd4bFSTQ8gi,0_2,179,eyeglasses,0,0,0,0.0
00824-Dd4bFSTQ8gi,0_2,180,fan,1,1,1,0.0
00824-Dd4bFSTQ8gi,0_2,181,faucet,0,0,0,0.0
00824-Dd4bFSTQ8gi,0_2,182,fire extinguisher,0,0,0,0.0
00824-Dd4bFSTQ8gi,0_2,183,fireplace,0,1,0,0.0
00824-Dd4bFSTQ8gi,0_2,184,fireplace tool set,0,0,0,0.0
00824-Dd4bFSTQ8gi,0_2,185,firewood,0,0,0,0.0
00824-Dd4bFSTQ8gi,0_2,186,fishing rod,0,0,0,0.0
00824-Dd4bFSTQ8gi,0_2,187,flag,0,0,0,0.0
00824-Dd4bFSTQ8gi,0_2,188,flashlight,0,0,0,0.0
00824-Dd4bFSTQ8gi,0_2,189,floor stand,0,0,0,0.0
00824-Dd4bFSTQ8gi,0_2,190,flower stand,0,0,0,0.0
00824-Dd4bFSTQ8gi,0_2,191,flowerbed,0,0,0,0.0
00824-Dd4bFSTQ8gi,0_2,192,flush,0,0,0,0.0
00824-Dd4bFSTQ8gi,0_2,193,flush button,0,0,0,0.0
00824-Dd4bFSTQ8gi,0_2,194,flush push,0,0,0,0.0
00824-Dd4bFSTQ8gi,0_2,195,foam,0,0,0,0.13692560041843105
00824-Dd4bFSTQ8gi,0_2,196,folding stand,0,0,0,0.0
00824-Dd4bFSTQ8gi,0_2,197,food,0,0,0,0.0
00824-Dd4bFSTQ8gi,0_2,198,food processor,0,0,0,0.0
00824-Dd4bFSTQ8gi,0_2,199,food stand,0,0,0,0.0
00824-Dd4bFSTQ8gi,0_2,200,foosball table,0,0,0,0.0
00824-Dd4bFSTQ8gi,0_2,201,foot spa,0,0,0,0.0
00824-Dd4bFSTQ8gi,0_2,202,football,0,0,0,0.0
00824-Dd4bFSTQ8gi,0_2,203,footstool,0,0,0,0.0
00824-Dd4bFSTQ8gi,0_2,204,frame,0,0,0,0.0
00824-Dd4bFSTQ8gi,0_2,205,fruit,0,0,0,0.0
00824-Dd4bFSTQ8gi,0_2,206,fume cupboard,0,0,0,0.0
00824-Dd4bFSTQ8gi,0_2,207,fur,0,0,0,0.0
00824-Dd4bFSTQ8gi,0_2,208,furnace,0,0,0,0.0
00824-Dd4bFSTQ8gi,0_2,209,furniture,0,0,0,0.0
00824-Dd4bFSTQ8gi,0_2,210,game,0,0,0,0.0
00824-Dd4bFSTQ8gi,0_2,211,game console,0,0,0,0.0
00824-Dd4bFSTQ8gi,0_2,212,gap,0,0,0,0.0
00824-Dd4bFSTQ8gi,0_2,213,garage door motor,0,0,0,0.0
00824-Dd4bFSTQ8gi,0_2,214,garage door opener,0,0,0,0.0
00824-Dd4bFSTQ8gi,0_2,215,garage door opener railing,0,0,0,0.0
00824-Dd4bFSTQ8gi,0_2,216,gas box,0,0,0,0.0
00824-Dd4bFSTQ8gi,0_2,217,gas container,0,0,0,0.0
00824-Dd4bFSTQ8gi,0_2,218,gas meter,0,0,0,0.0
00824-Dd4bFSTQ8gi,0_2,219,gauge,0,0,0,0.0
00824-Dd4bFSTQ8gi,0_2,220,gift,0,0,0,0.0
00824-Dd4bFSTQ8gi,0_2,221,glass,0,0,0,0.9425374123196741
00824-Dd4bFSTQ8gi,0_2,222,glasses,0,0,0,0.0
00824-Dd4bFSTQ8gi,0_2,223,globe,0,0,0,0.0
00824-Dd4bFSTQ8gi,0_2,224,globe stand,0,0,0,0.0
00824-Dd4bFSTQ8gi,0_2,225,gloves,0,0,0,0.0
00824-Dd4bFSTQ8gi,0_2,226,glue,0,0,0,0.0
00824-Dd4bFSTQ8gi,0_2,227,goalpost,0,0,0,0.0
00824-Dd4bFSTQ8gi,0_2,228,golf sticks,0,0,0,0.0
00824-Dd4bFSTQ8gi,0_2,229,grab bar,0,0,0,0.0
00824-Dd4bFSTQ8gi,0_2,230,grass,0,0,0,0.0
00824-Dd4bFSTQ8gi,0_2,231,grate,0,0,0,0.0
00824-Dd4bFSTQ8gi,0_2,232,gravel,0,0,0,0.0
00824-Dd4bFSTQ8gi,0_2,233,groceries,0,0,0,0.0
00824-Dd4bFSTQ8gi,0_2,234,guitar,0,0,0,0.0
00824-Dd4bFSTQ8gi,0_2,235,gun,0,0,0,0.0
00824-Dd4bFSTQ8gi,0_2,236,gym rope,0,0,0,0.0
00824-Dd4bFSTQ8gi,0_2,237,hair brush,0,0,0,0.0
00824-Dd4bFSTQ8gi,0_2,238,hair dryer,0,0,0,0.0
00824-Dd4bFSTQ8gi,0_2,239,hammer,0,0,0,0.0
00824-Dd4bFSTQ8gi,0_2,240,hammock,0,0,0,0.0
00824-Dd4bFSTQ8gi,0_2,241,hand dryer,0,0,0,0.0
00824-Dd4bFSTQ8gi,0_2,242,handcart,0,0,0,0.0
00824-Dd4bFSTQ8gi,0_2,243,handkerchiefs,0,0,0,0.0
00824-Dd4bFSTQ8gi,0_2,244,handle,0,0,0,0.9988201376020379
00824-Dd4bFSTQ8gi,0_2,245,hanger,0,0,0,0.0
00824-Dd4bFSTQ8gi,0_2,246,hat,0,0,0,0.0
00824-Dd4bFSTQ8gi,0_2,247,hatch,0,0,0,0.0
00824-Dd4bFSTQ8gi,0_2,248,headboard,0,0,0,0.9997579513340459
00824-Dd4bFSTQ8gi,0_2,249,headphones,0,0,0,0.0
00824-Dd4bFSTQ8gi,0_2,250,heater,0,0,0,0.9886761158838273
00824-Dd4bFSTQ8gi,0_2,251,heater piping,0,0,0,0.0
00824-Dd4bFSTQ8gi,0_2,252,holder,0,0,0,0.0
00824-Dd4bFSTQ8gi,0_2,253,holy cross,0,0,0,0.0
00824-Dd4bFSTQ8gi,0_2,254,hook,0,0,0,0.0
00824-Dd4bFSTQ8gi,0_2,255,hose,0,0,0,0.0
00824-Dd4bFSTQ8gi,0_2,256,hourglass,0,0,0,0.0
00824-Dd4bFSTQ8gi,0_2,257,hoverboard,0,0,0,0.0
00824-Dd4bFSTQ8gi,0_2,258,ice maker,0,0,0,0.0
00824-Dd4bFSTQ8gi,0_2,259,information,0,0,0,0.0
00824-Dd4bFSTQ8gi,0_2,260,installation,0,0,0,0.0
00824-Dd4bFSTQ8gi,0_2,261,instrument,0,0,0,0.0
00824-Dd4bFSTQ8gi,0_2,262,iron,0,0,0,0.0
00824-Dd4bFSTQ8gi,0_2,263,ironing board,0,0,0,0.0
00824-Dd4bFSTQ8gi,0_2,264,jewelry,0,0,0,0.0
00824-Dd4bFSTQ8gi,0_2,265,jug,0,0,0,0.0
00824-Dd4bFSTQ8gi,0_2,266,keg,0,0,0,0.0
00824-Dd4bFSTQ8gi,0_2,267,kettle,0,0,0,0.0
00824-Dd4bFSTQ8gi,0_2,268,keys,0,0,0,0.0
00824-Dd4bFSTQ8gi,0_2,269,kitchen appliance,0,0,0,0.0
00824-Dd4bFSTQ8gi,0_2,270,kitchen handle,0,0,0,0.0
00824-Dd4bFSTQ8gi,0_2,271,kitchen island,0,0,0,0.0
00824-Dd4bFSTQ8gi,0_2,272,kitchen utensil,0,0,0,0.0
00824-Dd4bFSTQ8gi,0_2,273,knife,0,0,0,0.48582843961326594
00824-Dd4bFSTQ8gi,0_2,274,knob,0,0,0,0.0
00824-Dd4bFSTQ8gi,0_2,275,lace doily,0,0,0,0.0
00824-Dd4bFSTQ8gi,0_2,276,ladder,0,0,0,0.0
00824-Dd4bFSTQ8gi,0_2,277,landing,0,0,0,0.0
00824-Dd4bFSTQ8gi,0_2,278,laundry,0,0,0,0.0
00824-Dd4bFSTQ8gi,0_2,279,lawn mower,0,0,0,0.0
00824-Dd4bFSTQ8gi,0_2,280,level,0,0,0,0.0
00824-Dd4bFSTQ8gi,0_2,281,lid,0,0,0,0.0
00824-Dd4bFSTQ8gi,0_2,282,light,1,1,1,0.0
00824-Dd4bFSTQ8gi,0_2,283,lighter,0,0,0,0.0
00824-Dd4bFSTQ8gi,0_2,284,liquid,0,0,0,0.0
00824-Dd4bFSTQ8gi,0_2,285,locker,0,0,0,0.0
00824-Dd4bFSTQ8gi,0_2,286,machine,0,0,0,0.0
00824-Dd4bFSTQ8gi,0_2,287,mailbox,0,0,0,0.0
00824-Dd4bFSTQ8gi,0_2,288,mannequin,0,0,0,0.0
00824-Dd4bFSTQ8gi,0_2,289,map,0,0,0,0.0
00824-Dd4bFSTQ8gi,0_2,290,mascot,0,0,0,0.0
00824-Dd4bFSTQ8gi,0_2,291,massage bed,0,0,0,0.0
00824-Dd4bFSTQ8gi,0_2,292,material,0,0,0,0.0
00824-Dd4bFSTQ8gi,0_2,293,measuring tape,0,0,0,0.0
00824-Dd4bFSTQ8gi,0_2,294,medical lamp,0,0,0,0.0
00824-Dd4bFSTQ8gi,0_2,295,medical object,0,0,0,0.0
00824-Dd4bFSTQ8gi,0_2,296,menu,0,0,0,0.0
00824-Dd4bFSTQ8gi,0_2,297,meshwork,0,0,0,0.0
00824-Dd4bFSTQ8gi,0_2,298,meter,0,0,0,0.0
00824-Dd4bFSTQ8gi,0_2,299,microphone,0,0,0,0.0
00824-Dd4bFSTQ8gi,0_2,300,microphone accessory,0,0,0,0.0
00824-Dd4bFSTQ8gi,0_2,301,microwave,0,1,0,0.0
00824-Dd4bFSTQ8gi,0_2,302,mirror,1,1,1,0.55138473401382
00824-Dd4bFSTQ8gi,0_2,303,model,0,0,0,0.0
00824-Dd4bFSTQ8gi,0_2,304,modem,0,0,0,0.0
00824-Dd4bFSTQ8gi,0_2,305,mop,0,0,0,0.0
00824-Dd4bFSTQ8gi,0_2,306,mortar,0,0,0,0.0
00824-Dd4bFSTQ8gi,0_2,307,motorcycle,0,0,0,0.0
00824-Dd4bFSTQ8gi,0_2,308,music equipment,0,0,0,0.0
00824-Dd4bFSTQ8gi,0_2,309,napkin,0,0,0,0.0
00824-Dd4bFSTQ8gi,0_2,310,nightstand,0,0,0,0.5260490945845397
00824-Dd4bFSTQ8gi,0_2,311,oar,0,0,0,0.0
00824-Dd4bFSTQ8gi,0_2,312,object,0,0,0,0.0
00824-Dd4bFSTQ8gi,0_2,313,objects,0,0,0,0.0
00824-Dd4bFSTQ8gi,0_2,314,outlet,0,0,0,0.0
00824-Dd4bFSTQ8gi,0_2,315,oven,0,1,0,0.0
00824-Dd4bFSTQ8gi,0_2,316,overhang,0,0,0,0.9912387568327796
00824-Dd4bFSTQ8gi,0_2,317,pad,0,0,0,0.0
00824-Dd4bFSTQ8gi,0_2,318,painting stuff,0,0,0,0.0
00824-Dd4bFSTQ8gi,0_2,319,pan,0,0,0,0.4464854992798748
00824-Dd4bFSTQ8gi,0_2,320,panel,0,0,0,0.0
00824-Dd4bFSTQ8gi,0_2,321,pantry,0,0,0,0.0
00824-Dd4bFSTQ8gi,0_2,322,paper holder,0,0,0,0.0
00824-Dd4bFSTQ8gi,0_2,323,paper storage,0,0,0,0.0
00824-Dd4bFSTQ8gi,0_2,324,paper towel,0,0,0,0.0
00824-Dd4bFSTQ8gi,0_2,325,parapet,0,0,0,0.0
00824-Dd4bFSTQ8gi,0_2,326,partial,0,0,0,0.8655964030909958
00824-Dd4bFSTQ8gi,0_2,327,pavement,0,0,0,0.0
00824-Dd4bFSTQ8gi,0_2,328,pedestal,0,0,0,0.0
00824-Dd4bFSTQ8gi,0_2,329,pen,0,0,0,0.0
00824-Dd4bFSTQ8gi,0_2,330,pendant,0,0,0,0.0
00824-Dd4bFSTQ8gi,0_2,331,pet bed,0,0,0,0.0
00824-Dd4bFSTQ8gi,0_2,332,pet bowl,0,0,0,0.0
00824-Dd4bFSTQ8gi,0_2,333,phone,0,0,0,0.0
00824-Dd4bFSTQ8gi,0_2,334,photo mount,0,0,0,0.0
00824-Dd4bFSTQ8gi,0_2,335,photo stand,0,0,0,0.0
00824-Dd4bFSTQ8gi,0_2,336,piano,0,0,0,0.0
00824-Dd4bFSTQ8gi,0_2,337,pillow,1,1,5,0.9916565031976328
00824-Dd4bFSTQ8gi,0_2,338,pitchfork,0,0,0,0.0
00824-Dd4bFSTQ8gi,0_2,339,place mat,0,0,0,0.0
00824-Dd4bFSTQ8gi,0_2,340,plane,0,0,0,0.0
00824-Dd4bFSTQ8gi,0_2,341,plank,0,0,0,0.6401974744549765
00824-Dd4bFSTQ8gi,0_2,342,plant,0,1,0,0.17800811399442207
00824-Dd4bFSTQ8gi,0_2,343,plant ornament,0,0,0,0.0
00824-Dd4bFSTQ8gi,0_2,344,platform,0,0,0,0.0
00824-Dd4bFSTQ8gi,0_2,345,playpen,0,0,0,0.0
00824-Dd4bFSTQ8gi,0_2,346,plenum box,0,0,0,0.0
00824-Dd4bFSTQ8gi,0_2,347,pliers,0,0,0,0.0
00824-Dd4bFSTQ8gi,0_2,348,plumbing,0,0,0,0.0
00824-Dd4bFSTQ8gi,0_2,349,plunger,0,0,0,0.0
00824-Dd4bFSTQ8gi,0_2,350,podium,0,1,0,0.0
00824-Dd4bFSTQ8gi,0_2,351,pole,0,0,0,0.0
00824-Dd4bFSTQ8gi,0_2,352,pool,0,0,0,0.0
00824-Dd4bFSTQ8gi,0_2,353,pool table,0,0,0,0.0
00824-Dd4bFSTQ8gi,0_2,354,porcelain,0,0,0,0.0
00824-Dd4bFSTQ8gi,0_2,355,poster,0,0,0,0.0
00824-Dd4bFSTQ8gi,0_2,356,pot,0,0,0,0.0
00824-Dd4bFSTQ8gi,0_2,357,pot lid,0,0,0,0.0
00824-Dd4bFSTQ8gi,0_2,358,pouches,0,0,0,0.0
00824-Dd4bFSTQ8gi,0_2,359,press,0,0,0,0.0
00824-Dd4bFSTQ8gi,0_2,360,pressure washer,0,0,0,0.0
00824-Dd4bFSTQ8gi,0_2,361,printer,0,0,0,0.0
00824-Dd4bFSTQ8gi,0_2,362,product,0,0,0,0.0
00824-Dd4bFSTQ8gi,0_2,363,products,0,0,0,0.0
00824-Dd4bFSTQ8gi,0_2,364,prop,0,0,0,0.005844553074532355
00824-Dd4bFSTQ8gi,0_2,365,pump,0,0,0,0.0
00824-Dd4bFSTQ8gi,0_2,366,punchbag,0,0,0,0.0
00824-Dd4bFSTQ8gi,0_2,367,puppet,0,0,0,0.0
00824-Dd4bFSTQ8gi,0_2,368,rag,0,0,0,0.0
00824-Dd4bFSTQ8gi,0_2,369,rail,0,0,0,0.0
00824-Dd4bFSTQ8gi,0_2,370,rake,0,0,0,0.0
00824-Dd4bFSTQ8gi,0_2,371,receipt printer,0,0,0,0.0
00824-Dd4bFSTQ8gi,0_2,372,records,0,0,0,0.0
00824-Dd4bFSTQ8gi,0_2,373,recuperator,0,0,0,0.0
00824-Dd4bFSTQ8gi,0_2,374,refrigerator,0,1,0,0.0
00824-Dd4bFSTQ8gi,0_2,375,remote control,0,0,0,0.0
00824-Dd4bFSTQ8gi,0_2,376,rice cooker,0,0,0,0.0
00824-Dd4bFSTQ8gi,0_2,377,riser,0,0,0,0.0
00824-Dd4bFSTQ8gi,0_2,378,rocking horse,0,0,0,0.0
00824-Dd4bFSTQ8gi,0_2,379,rod,0,0,0,0.0
00824-Dd4bFSTQ8gi,0_2,380,roll,0,0,0,0.0
00824-Dd4bFSTQ8gi,0_2,381,rope,0,0,0,0.0
00824-Dd4bFSTQ8gi,0_2,382,router,0,0,0,0.0
00824-Dd4bFSTQ8gi,0_2,383,rug,0,1,0,0.0
00824-Dd4bFSTQ8gi,0_2,384,safe,0,0,0,0.0
00824-Dd4bFSTQ8gi,0_2,385,saturator,0,0,0,0.0
00824-Dd4bFSTQ8gi,0_2,386,sauna,0,0,0,0.0
00824-Dd4bFSTQ8gi,0_2,387,saw,0,0,0,0.0
00824-Dd4bFSTQ8gi,0_2,388,saxophone,0,0,0,0.0
00824-Dd4bFSTQ8gi,0_2,389,scale,0,0,0,0.0
00824-Dd4bFSTQ8gi,0_2,390,scanner,0,0,0,0.0
00824-Dd4bFSTQ8gi,0_2,391,screen,0,0,0,0.0
00824-Dd4bFSTQ8gi,0_2,392,screen frame,0,0,0,0.0
00824-Dd4bFSTQ8gi,0_2,393,screwdriver,0,0,0,0.0
00824-Dd4bFSTQ8gi,0_2,394,sculpture,0,0,0,0.0
00824-Dd4bFSTQ8gi,0_2,395,security camera,0,0,0,0.0
00824-Dd4bFSTQ8gi,0_2,396,self-closing mechanism,0,0,0,0.0
00824-Dd4bFSTQ8gi,0_2,397,sensor,0,0,0,0.0
00824-Dd4bFSTQ8gi,0_2,398,separator,0,0,0,0.0
00824-Dd4bFSTQ8gi,0_2,399,set of valves,0,0,0,0.0
00824-Dd4bFSTQ8gi,0_2,400,sewing machine,0,0,0,0.0
00824-Dd4bFSTQ8gi,0_2,401,sewing tools,0,0,0,0.0
00824-Dd4bFSTQ8gi,0_2,402,shampoo,0,0,0,0.0
00824-Dd4bFSTQ8gi,0_2,403,sheet music,0,0,0,0.0
00824-Dd4bFSTQ8gi,0_2,404,sheets / clothes,0,0,0,0.0
00824-Dd4bFSTQ8gi,0_2,405,shelf,0,1,0,0.0
00824-Dd4bFSTQ8gi,0_2,406,ship toy,0,0,0,0.0
00824-Dd4bFSTQ8gi,0_2,407,shisha,0,0,0,0.0
00824-Dd4bFSTQ8gi,0_2,408,shoe,0,0,0,0.0
00824-Dd4bFSTQ8gi,0_2,409,shoe rack,0,0,0,0.0
00824-Dd4bFSTQ8gi,0_2,410,shoehorn,0,0,0,0.0
00824-Dd4bFSTQ8gi,0_2,411,shovel,0,0,0,0.0
00824-Dd4bFSTQ8gi,0_2,412,shower,0,0,0,0.0
00824-Dd4bFSTQ8gi,0_2,413,shower seat,0,0,0,0.0
00824-Dd4bFSTQ8gi,0_2,414,shredder,0,0,0,0.0
00824-Dd4bFSTQ8gi,0_2,415,side table,0,0,0,0.0
00824-Dd4bFSTQ8gi,0_2,416,sideboard,0,0,0,0.0
00824-Dd4bFSTQ8gi,0_2,417,sign,0,0,0,0.0
00824-Dd4bFSTQ8gi,0_2,418,silicone gun,0,0,0,0.0
00824-Dd4bFSTQ8gi,0_2,419,silicone tube,0,0,0,0.0
00824-Dd4bFSTQ8gi,0_2,420,sink,1,1,2,0.89337103863399
00824-Dd4bFSTQ8gi,0_2,421,skateboard,0,0,0,0.0
00824-Dd4bFSTQ8gi,0_2,422,skates,0,0,0,0.0
00824-Dd4bFSTQ8gi,0_2,423,ski,0,0,0,0.0
00824-Dd4bFSTQ8gi,0_2,424,sky,0,0,0,0.0
00824-Dd4bFSTQ8gi,0_2,425,sled,0,0,0,0.0
00824-Dd4bFSTQ8gi,0_2,426,sleeping bag,0,0,0,0.0
00824-Dd4bFSTQ8gi,0_2,427,smoke detector,1,1,1,0.0
00824-Dd4bFSTQ8gi,0_2,428,snack,0,0,0,0.0
00824-Dd4bFSTQ8gi,0_2,429,soap,0,0,0,0.0
00824-Dd4bFSTQ8gi,0_2,430,socks,0,0,0,0.0
00824-Dd4bFSTQ8gi,0_2,431,sofa,0,1,0,0.0
00824-Dd4bFSTQ8gi,0_2,432,solarium,0,0,0,0.0
00824-Dd4bFSTQ8gi,0_2,433,speaker,0,0,0,0.0
00824-Dd4bFSTQ8gi,0_2,434,speaker stand,0,0,0,0.0
00824-Dd4bFSTQ8gi,0_2,435,spices,0,0,0,0.0
00824-Dd4bFSTQ8gi,0_2,436,sponge,0,0,0,0.0
00824-Dd4bFSTQ8gi,0_2,437,spray can,0,0,0,0.0
00824-Dd4bFSTQ8gi,0_2,438,sprinkler,0,0,0,0.0
00824-Dd4bFSTQ8gi,0_2,439,square,0,0,0,0.0
00824-Dd4bFSTQ8gi,0_2,440,stack,0,0,0,0.0
00824-Dd4bFSTQ8gi,0_2,441,stack of books / papers,0,0,0,0.0
00824-Dd4bFSTQ8gi,0_2,442,stack of stuff,0,0,0,0.0
00824-Dd4bFSTQ8gi,0_2,443,stack of yarns,0,0,0,0.0
00824-Dd4bFSTQ8gi,0_2,444,stage,0,0,0,0.0
00824-Dd4bFSTQ8gi,0_2,445,stained glass,0,0,0,0.0
00824-Dd4bFSTQ8gi,0_2,446,stand,0,0,0,0.0
00824-Dd4bFSTQ8gi,0_2,447,star,0,0,0,0.8942669097047746
00824-Dd4bFSTQ8gi,0_2,448,stationery,0,0,0,0.0
00824-Dd4bFSTQ8gi,0_2,449,steel plate,0,0,0,0.0
00824-Dd4bFSTQ8gi,0_2,450,step stool,0,0,0,0.0
00824-Dd4bFSTQ8gi,0_2,451,stick,0,0,0,0.0007420279835260724
00824-Dd4bFSTQ8gi,0_2,452,stone,0,0,0,0.0
00824-Dd4bFSTQ8gi,0_2,453,stonework,0,0,0,0.0
00824-Dd4bFSTQ8gi,0_2,454,stool,0,1,0,0.0
00824-Dd4bFSTQ8gi,0_2,455,storage,0,0,0,0.0
00824-Dd4bFSTQ8gi,0_2,456,strings,0,0,0,0.0
00824-Dd4bFSTQ8gi,0_2,457,stroke,0,0,0,0.0
00824-Dd4bFSTQ8gi,0_2,458,sunbed,0,0,0,0.0
00824-Dd4bFSTQ8gi,0_2,459,support,0,0,0,0.0
00824-Dd4bFSTQ8gi,0_2,460,surface,0,0,0,0.0
00824-Dd4bFSTQ8gi,0_2,461,surfboard,0,0,0,0.0
00824-Dd4bFSTQ8gi,0_2,462,swing,0,0,0,0.0
00824-Dd4bFSTQ8gi,0_2,463,switch,0,0,0,0.0
00824-Dd4bFSTQ8gi,0_2,464,table,1,1,1,0.0
00824-Dd4bFSTQ8gi,0_2,465,table cloth,0,0,0,0.0
00824-Dd4bFSTQ8gi,0_2,466,table pad,0,0,0,0.0
00824-Dd4bFSTQ8gi,0_2,467,table stand,0,0,0,0.0
00824-Dd4bFSTQ8gi,0_2,468,table tennis table,0,0,0,0.0
00824-Dd4bFSTQ8gi,0_2,469,tablet,0,0,0,0.0
00824-Dd4bFSTQ8gi,0_2,470,tambourine,0,0,0,0.0
00824-Dd4bFSTQ8gi,0_2,471,tea set,0,0,0,0.0
00824-Dd4bFSTQ8gi,0_2,472,telescope,0,0,0,0.0
00824-Dd4bFSTQ8gi,0_2,473,tennis racket,0,0,0,0.0
00824-Dd4bFSTQ8gi,0_2,474,tent,0,0,0,0.0
00824-Dd4bFSTQ8gi,0_2,475,thermometer,0,0,0,0.0
00824-Dd4bFSTQ8gi,0_2,476,thermostat,0,0,0,0.0
00824-Dd4bFSTQ8gi,0_2,477,three,0,0,0,0.0
00824-Dd4bFSTQ8gi,0_2,478,tile,0,0,0,0.999999999963906
00824-Dd4bFSTQ8gi,0_2,479,tire,0,0,0,0.0
00824-Dd4bFSTQ8gi,0_2,480,tissue,1,1,1,0.822695816544361
00824-Dd4bFSTQ8gi,0_2,481,title,0,0,0,0.0
00824-Dd4bFSTQ8gi,0_2,482,toaster,0,0,0,0.0
00824-Dd4bFSTQ8gi,0_2,483,toaster oven,0,0,0,0.0
00824-Dd4bFSTQ8gi,0_2,484,toilet,1,1,2,0.9998674340820676
00824-Dd4bFSTQ8gi,0_2,485,toilet brush,1,1,1,0.0
00824-Dd4bFSTQ8gi,0_2,486,toilet cleaner,0,0,0,0.0
00824-Dd4bFSTQ8gi,0_2,487,toilet paper,1,1,1,0.059811371988504725
00824-Dd4bFSTQ8gi,0_2,488,toiletry,0,0,0,0.0
00824-Dd4bFSTQ8gi,0_2,489,tool,0,0,0,0.0
00824-Dd4bFSTQ8gi,0_2,490,tool rack,0,0,0,0.0
00824-Dd4bFSTQ8gi,0_2,491,toothbrush,0,0,0,0.0
00824-Dd4bFSTQ8gi,0_2,492,toothpaste,0,0,0,0.0
00824-Dd4bFSTQ8gi,0_2,493,towel,1,1,1,0.8917998605936012
00824-Dd4bFSTQ8gi,0_2,494,towel bar,1,1,1,0.0
00824-Dd4bFSTQ8gi,0_2,495,toy,0,0,0,0.0
00824-Dd4bFSTQ8gi,0_2,496,traffic cone,0,0,0,0.0
00824-Dd4bFSTQ8gi,0_2,497,trampoline,0,0,0,0.0
00824-Dd4bFSTQ8gi,0_2,498,trash bag,0,0,0,0.0
00824-Dd4bFSTQ8gi,0_2,499,tray,0,1,0,0.0
00824-Dd4bFSTQ8gi,0_2,500,treadmill,0,0,0,0.0
00824-Dd4bFSTQ8gi,0_2,501,tree,0,0,0,0.0
00824-Dd4bFSTQ8gi,0_2,502,tree branch,0,0,0,0.0
00824-Dd4bFSTQ8gi,0_2,503,trimmer,0,0,0,0.0
00824-Dd4bFSTQ8gi,0_2,504,tripod,0,0,0,0.0
00824-Dd4bFSTQ8gi,0_2,505,trolley,0,0,0,0.0
00824-Dd4bFSTQ8gi,0_2,506,trombone,0,0,0,0.0
00824-Dd4bFSTQ8gi,0_2,507,trophy,0,0,0,0.0
00824-Dd4bFSTQ8gi,0_2,508,trough,0,0,0,0.0
00824-Dd4bFSTQ8gi,0_2,509,trumpet,0,0,0,0.0
00824-Dd4bFSTQ8gi,0_2,510,tv,0,0,0,0.0
00824-Dd4bFSTQ8gi,0_2,511,tv stand,0,0,0,0.0
00824-Dd4bFSTQ8gi,0_2,512,typewriter,0,0,0,0.0
00824-Dd4bFSTQ8gi,0_2,513,ukulele,0,0,0,0.0
00824-Dd4bFSTQ8gi,0_2,514,umbrella,0,0,0,0.0
00824-Dd4bFSTQ8gi,0_2,515,umbrella stand,0,0,0,0.0
00824-Dd4bFSTQ8gi,0_2,516,unknown,0,0,0,0.0
00824-Dd4bFSTQ8gi,0_2,517,vacuum cleaner,0,0,0,0.0
00824-Dd4bFSTQ8gi,0_2,518,vanity,0,0,0,0.44565272269315925
00824-Dd4bFSTQ8gi,0_2,519,vase,0,1,0,0.0
00824-Dd4bFSTQ8gi,0_2,520,vegetables,0,0,0,0.0
00824-Dd4bFSTQ8gi,0_2,521,vessel,0,0,0,0.0
00824-Dd4bFSTQ8gi,0_2,522,vinyl records,0,0,0,0.0
00824-Dd4bFSTQ8gi,0_2,523,violin,0,0,0,0.0
00824-Dd4bFSTQ8gi,0_2,524,violin case,0,0,0,0.0
00824-Dd4bFSTQ8gi,0_2,525,waffle iron,0,0,0,0.0
00824-Dd4bFSTQ8gi,0_2,526,wardrobe,1,1,1,0.0
00824-Dd4bFSTQ8gi,0_2,527,washing machine,0,0,0,0.0
00824-Dd4bFSTQ8gi,0_2,528,washing powder,0,0,0,0.0
00824-Dd4bFSTQ8gi,0_2,529,washing stuff,0,0,0,0.0
00824-Dd4bFSTQ8gi,0_2,530,watch,0,0,0,0.0
00824-Dd4bFSTQ8gi,0_2,531,water dispenser,0,0,0,0.0
00824-Dd4bFSTQ8gi,0_2,532,water heater,0,0,0,0.0
00824-Dd4bFSTQ8gi,0_2,533,water meter,0,0,0,0.0
00824-Dd4bFSTQ8gi,0_2,534,water pump,0,0,0,0.0
00824-Dd4bFSTQ8gi,0_2,535,water tank,0,0,0,0.0
00824-Dd4bFSTQ8gi,0_2,536,watering can,0,0,0,0.0
00824-Dd4bFSTQ8gi,0_2,537,weight,0,0,0,0.0
00824-Dd4bFSTQ8gi,0_2,538,weight bench,0,0,0,0.0
00824-Dd4bFSTQ8gi,0_2,539,weights,0,0,0,0.0
00824-Dd4bFSTQ8gi,0_2,540,wheel,0,0,0,0.0
00824-Dd4bFSTQ8gi,0_2,541,wheelbarrow,0,0,0,0.0
00824-Dd4bFSTQ8gi,0_2,542,window shade,0,0,0,0.9259905858142401
00824-Dd4bFSTQ8gi,0_2,543,wine,0,0,0,0.0
00824-Dd4bFSTQ8gi,0_2,544,wine storage,0,0,0,0.0
00824-Dd4bFSTQ8gi,0_2,545,wood,0,0,0,0.9999999223759488
00824-Dd4bFSTQ8gi,0_2,546,wrench,0,0,0,0.0
00824-Dd4bFSTQ8gi,0_3,0,acoustic panel,0,0,0,0.0
00824-Dd4bFSTQ8gi,0_3,1,air conditioner,0,1,0,0.0
00824-Dd4bFSTQ8gi,0_3,2,air freshener,0,0,0,0.0
00824-Dd4bFSTQ8gi,0_3,3,air hockey,0,0,0,0.0
00824-Dd4bFSTQ8gi,0_3,4,air purifier,0,0,0,0.0
00824-Dd4bFSTQ8gi,0_3,5,aisle frame,0,0,0,0.0
00824-Dd4bFSTQ8gi,0_3,6,alarm,0,0,0,0.0
00824-Dd4bFSTQ8gi,0_3,7,album,0,0,0,0.0
00824-Dd4bFSTQ8gi,0_3,8,amplifier,0,0,0,0.0
00824-Dd4bFSTQ8gi,0_3,9,appliance,0,0,0,0.0
00824-Dd4bFSTQ8gi,0_3,10,apron,0,0,0,0.0
00824-Dd4bFSTQ8gi,0_3,11,aquarium,0,0,0,0.0
00824-Dd4bFSTQ8gi,0_3,12,arcade game,0,0,0,0.0
00824-Dd4bFSTQ8gi,0_3,13,artwork,0,1,0,5.64676368064454e-06
00824-Dd4bFSTQ8gi,0_3,14,ashtray,0,0,0,0.0
00824-Dd4bFSTQ8gi,0_3,15,audio player,0,0,0,0.0
00824-Dd4bFSTQ8gi,0_3,16,axe,0,0,0,0.0
00824-Dd4bFSTQ8gi,0_3,17,baby changing table,0,0,0,0.0
00824-Dd4bFSTQ8gi,0_3,18,backrest,0,0,0,0.0
00824-Dd4bFSTQ8gi,0_3,19,backsplash,0,0,0,0.0
00824-Dd4bFSTQ8gi,0_3,20,bag,0,0,0,0.0
00824-Dd4bFSTQ8gi,0_3,21,ball,0,0,0,0.0
00824-Dd4bFSTQ8gi,0_3,22,ball pool,0,0,0,0.0
00824-Dd4bFSTQ8gi,0_3,23,bar,0,0,0,0.0
00824-Dd4bFSTQ8gi,0_3,24,barbecue,0,0,0,0.0
00824-Dd4bFSTQ8gi,0_3,25,barrel,0,0,0,0.0
00824-Dd4bFSTQ8gi,0_3,26,base,0,0,0,0.0
00824-Dd4bFSTQ8gi,0_3,27,baseball bat,0,0,0,0.0
00824-Dd4bFSTQ8gi,0_3,28,basket,0,0,0,0.0
00824-Dd4bFSTQ8gi,0_3,29,basketball hoop,0,0,0,0.0
00824-Dd4bFSTQ8gi,0_3,30,basketballs,0,0,0,0.0
00824-Dd4bFSTQ8gi,0_3,31,bathroom accessory,0,0,0,0.0
00824-Dd4bFSTQ8gi,0_3,32,bathtub,0,1,0,0.0
00824-Dd4bFSTQ8gi,0_3,33,bed,0,1,0,0.0
00824-Dd4bFSTQ8gi,0_3,34,bed ladder,0,0,0,0.0
00824-Dd4bFSTQ8gi,0_3,35,beer crate,0,0,0,0.0
00824-Dd4bFSTQ8gi,0_3,36,bell,0,0,0,0.0
00824-Dd4bFSTQ8gi,0_3,37,belt,0,0,0,0.0
00824-Dd4bFSTQ8gi,0_3,38,bench,0,1,0,0.0
00824-Dd4bFSTQ8gi,0_3,39,beverage dispenser,0,0,0,0.0
00824-Dd4bFSTQ8gi,0_3,40,bicycle,0,0,0,0.0
00824-Dd4bFSTQ8gi,0_3,41,bicycle helmet,0,0,0,0.0
00824-Dd4bFSTQ8gi,0_3,42,bin,0,1,0,0.0
00824-Dd4bFSTQ8gi,0_3,43,birdhouse,0,0,0,0.0
00824-Dd4bFSTQ8gi,0_3,44,blanket,0,1,0,0.0
00824-Dd4bFSTQ8gi,0_3,45,board,0,0,0,0.0
00824-Dd4bFSTQ8gi,0_3,46,board game,0,0,0,0.0
00824-Dd4bFSTQ8gi,0_3,47,board with keys,0,0,0,0.0
00824-Dd4bFSTQ8gi,0_3,48,book,1,1,1,0.0
00824-Dd4bFSTQ8gi,0_3,49,bottle,0,0,0,0.0
00824-Dd4bFSTQ8gi,0_3,50,bottle dispenser,0,0,0,0.0
00824-Dd4bFSTQ8gi,0_3,51,bottle opener,0,0,0,0.0
00824-Dd4bFSTQ8gi,0_3,52,bowl,0,1,0,0.0
00824-Dd4bFSTQ8gi,0_3,53,box,0,0,0,0.0
00824-Dd4bFSTQ8gi,0_3,54,boxing ring,0,0,0,0.0
00824-Dd4bFSTQ8gi,0_3,55,bread,0,0,0,0.0
00824-Dd4bFSTQ8gi,0_3,56,bread box,0,0,0,0.0
00824-Dd4bFSTQ8gi,0_3,57,bricks,0,0,0,0.0
00824-Dd4bFSTQ8gi,0_3,58,bridge,0,0,0,0.0
00824-Dd4bFSTQ8gi,0_3,59,broom,0,0,0,0.0
00824-Dd4bFSTQ8gi,0_3,60,brush,0,0,0,0.0
00824-Dd4bFSTQ8gi,0_3,61,bucket,0,0,0,0.0
00824-Dd4bFSTQ8gi,0_3,62,buffet,0,0,0,0.0
00824-Dd4bFSTQ8gi,0_3,63,button,0,0,0,0.0
00824-Dd4bFSTQ8gi,0_3,64,cabinet,0,1,0,0.0
00824-Dd4bFSTQ8gi,0_3,65,cable,0,0,0,0.0
00824-Dd4bFSTQ8gi,0_3,66,cage,0,0,0,0.0
00824-Dd4bFSTQ8gi,0_3,67,cake,0,0,0,0.0
00824-Dd4bFSTQ8gi,0_3,68,calculator,0,0,0,0.0
00824-Dd4bFSTQ8gi,0_3,69,calendar,0,0,0,0.0
00824-Dd4bFSTQ8gi,0_3,70,camera,0,0,0,0.0
00824-Dd4bFSTQ8gi,0_3,71,can,0,0,0,0.0
00824-Dd4bFSTQ8gi,0_3,72,canal,0,0,0,0.0
00824-Dd4bFSTQ8gi,0_3,73,candelabra,0,0,0,0.0
00824-Dd4bFSTQ8gi,0_3,74,candle,0,0,0,0.0
00824-Dd4bFSTQ8gi,0_3,75,candle holder,0,0,0,0.0
00824-Dd4bFSTQ8gi,0_3,76,candle stand,0,0,0,0.0
00824-Dd4bFSTQ8gi,0_3,77,candlestick,0,0,0,0.0
00824-Dd4bFSTQ8gi,0_3,78,canoe,0,0,0,0.0
00824-Dd4bFSTQ8gi,0_3,79,canopy,0,0,0,0.0
00824-Dd4bFSTQ8gi,0_3,80,car,0,0,0,0.0
00824-Dd4bFSTQ8gi,0_3,81,card,0,0,0,0.0
00824-Dd4bFSTQ8gi,0_3,82,cardboard,0,0,0,0.9989126665451867
00824-Dd4bFSTQ8gi,0_3,83,cart,0,0,0,0.0
00824-Dd4bFSTQ8gi,0_3,84,cash register,0,0,0,0.0
00824-Dd4bFSTQ8gi,0_3,85,casket,0,0,0,0.0
00824-Dd4bFSTQ8gi,0_3,86,cassette,0,0,0,0.0
00824-Dd4bFSTQ8gi,0_3,87,cat,0,0,0,0.9463273384458627
00824-Dd4bFSTQ8gi,0_3,88,cat food,0,0,0,0.0
00824-Dd4bFSTQ8gi,0_3,89,cat litter box,0,0,0,0.0
00824-Dd4bFSTQ8gi,0_3,90,cat tree,0,0,0,0.0
00824-Dd4bFSTQ8gi,0_3,91,cd,0,0,0,0.0
00824-Dd4bFSTQ8gi,0_3,92,ceiling arch,0,0,0,0.0
00824-Dd4bFSTQ8gi,0_3,93,ceiling chassis,0,0,0,0.020951581738056668
00824-Dd4bFSTQ8gi,0_3,94,ceiling ladder,0,0,0,0.0
00824-Dd4bFSTQ8gi,0_3,95,ceramics,0,0,0,0.0
00824-Dd4bFSTQ8gi,0_3,96,chain,0,0,0,0.0
00824-Dd4bFSTQ8gi,0_3,97,chair,1,1,3,0.8383986365232017
00824-Dd4bFSTQ8gi,0_3,98,chair stand,0,0,0,0.0
00824-Dd4bFSTQ8gi,0_3,99,chassis,0,0,0,0.0
00824-Dd4bFSTQ8gi,0_3,100,chest,0,0,0,0.0
00824-Dd4bFSTQ8gi,0_3,101,child car seat,0,0,0,0.0
00824-Dd4bFSTQ8gi,0_3,102,christmas tree,0,0,0,0.0
00824-Dd4bFSTQ8gi,0_3,103,clarinet,0,0,0,0.0
00824-Dd4bFSTQ8gi,0_3,104,cleaner,0,0,0,0.0
00824-Dd4bFSTQ8gi,0_3,105,clock,0,0,0,0.0
00824-Dd4bFSTQ8gi,0_3,106,closet door,0,0,0,0.9659792784163814
00824-Dd4bFSTQ8gi,0_3,107,cloth,0,0,0,0.0
00824-Dd4bFSTQ8gi,0_3,108,cloth holder,0,0,0,0.0
00824-Dd4bFSTQ8gi,0_3,109,clothes,0,0,0,0.0
00824-Dd4bFSTQ8gi,0_3,110,clothes container,0,0,0,0.0
00824-Dd4bFSTQ8gi,0_3,111,clothes dryer,0,0,0,0.0
00824-Dd4bFSTQ8gi,0_3,112,clothes rack,0,0,0,0.0
00824-Dd4bFSTQ8gi,0_3,113,clutter,0,0,0,0.0
00824-Dd4bFSTQ8gi,0_3,114,coaster,0,0,0,0.0
00824-Dd4bFSTQ8gi,0_3,115,coffee maker,0,0,0,0.0
00824-Dd4bFSTQ8gi,0_3,116,coffee table,0,0,0,0.0
00824-Dd4bFSTQ8gi,0_3,117,compressor,0,0,0,0.0
00824-Dd4bFSTQ8gi,0_3,118,computer,0,0,0,0.0
00824-Dd4bFSTQ8gi,0_3,119,computer equipment,0,0,0,0.0
00824-Dd4bFSTQ8gi,0_3,120,cone,0,0,0,0.0
00824-Dd4bFSTQ8gi,0_3,121,construction stuff,0,0,0,0.0
00824-Dd4bFSTQ8gi,0_3,122,container,0,0,0,0.0
00824-Dd4bFSTQ8gi,0_3,123,controller,0,0,0,0.0
00824-Dd4bFSTQ8gi,0_3,124,cosmetics,0,0,0,0.0
00824-Dd4bFSTQ8gi,0_3,125,counter door,0,0,0,0.0
00824-Dd4bFSTQ8gi,0_3,126,countertop,0,1,0,0.0
00824-Dd4bFSTQ8gi,0_3,127,countertop item,0,1,0,0.0
00824-Dd4bFSTQ8gi,0_3,128,cover,0,0,0,0.0
00824-Dd4bFSTQ8gi,0_3,129,cross,0,0,0,0.0
00824-Dd4bFSTQ8gi,0_3,130,crutches,0,0,0,0.0
00824-Dd4bFSTQ8gi,0_3,131,cup,0,0,0,0.0
00824-Dd4bFSTQ8gi,0_3,132,curb,0,0,0,0.0
00824-Dd4bFSTQ8gi,0_3,133,curtain,0,1,0,0.0
00824-Dd4bFSTQ8gi,0_3,134,cushion,0,0,0,0.0
00824-Dd4bFSTQ8gi,0_3,135,cutlery,0,0,0,0.0
00824-Dd4bFSTQ8gi,0_3,136,cyp,0,0,0,0.0
00824-Dd4bFSTQ8gi,0_3,137,dartboard,0,0,0,0.0
00824-Dd4bFSTQ8gi,0_3,138,decoder,0,0,0,0.0
00824-Dd4bFSTQ8gi,0_3,139,decoration,1,1,2,0.0
00824-Dd4bFSTQ8gi,0_3,140,dehumidifier,0,0,0,0.0
00824-Dd4bFSTQ8gi,0_3,141,den,0,0,0,0.0
00824-Dd4bFSTQ8gi,0_3,142,desk,1,1,1,0.0
00824-Dd4bFSTQ8gi,0_3,143,desk door,0,0,0,0.0
00824-Dd4bFSTQ8gi,0_3,144,dinnerware,0,1,0,0.0
00824-Dd4bFSTQ8gi,0_3,145,diploma,0,0,0,0.0
00824-Dd4bFSTQ8gi,0_3,146,dirt ground,0,0,0,0.0
00824-Dd4bFSTQ8gi,0_3,147,dish rack,0,0,0,0.0
00824-Dd4bFSTQ8gi,0_3,148,dishwasher,0,1,0,0.0
00824-Dd4bFSTQ8gi,0_3,149,dispenser,0,0,0,0.0
00824-Dd4bFSTQ8gi,0_3,150,display case,0,0,0,0.0
00824-Dd4bFSTQ8gi,0_3,151,document,0,0,0,0.0
00824-Dd4bFSTQ8gi,0_3,152,document holder,0,0,0,0.0
00824-Dd4bFSTQ8gi,0_3,153,dog leash,0,0,0,0.0
00824-Dd4bFSTQ8gi,0_3,154,dog toy,0,0,0,0.0
00824-Dd4bFSTQ8gi,0_3,155,doily,0,0,0,0.0
00824-Dd4bFSTQ8gi,0_3,156,doll,0,0,0,0.0
00824-Dd4bFSTQ8gi,0_3,157,door screen,0,0,0,0.9479900902870327
00824-Dd4bFSTQ8gi,0_3,158,drawer,0,0,0,0.0
00824-Dd4bFSTQ8gi,0_3,159,drawer cart,0,0,0,0.0
00824-Dd4bFSTQ8gi,0_3,160,dressing table,0,0,0,0.0
00824-Dd4bFSTQ8gi,0_3,161,drill,0,0,0,0.0
00824-Dd4bFSTQ8gi,0_3,162,drum,0,0,0,0.0
00824-Dd4bFSTQ8gi,0_3,163,dustpan,0,0,0,0.0
00824-Dd4bFSTQ8gi,0_3,164,dvd,0,0,0,0.0
00824-Dd4bFSTQ8gi,0_3,165,easel,0,0,0,0.0
00824-Dd4bFSTQ8gi,0_3,166,electric hub,0,0,0,0.0
00824-Dd4bFSTQ8gi,0_3,167,electric wire casing,0,0,0,0.0
00824-Dd4bFSTQ8gi,0_3,168,electrical box,0,0,0,0.0
00824-Dd4bFSTQ8gi,0_3,169,electrical device,0,0,0,0.0
00824-Dd4bFSTQ8gi,0_3,170,electrical installation,0,0,0,0.0
00824-Dd4bFSTQ8gi,0_3,171,elevator,0,0,0,0.0
00824-Dd4bFSTQ8gi,0_3,172,exercise ball,0,0,0,0.0
00824-Dd4bFSTQ8gi,0_3,173,exercise bike,0,0,0,0.0
00824-Dd4bFSTQ8gi,0_3,174,exercise equipment,0,0,0,0.0
00824-Dd4bFSTQ8gi,0_3,175,exercise ladder,0,0,0,0.0
00824-Dd4bFSTQ8gi,0_3,176,exercise mat,0,0,0,0.0
00824-Dd4bFSTQ8gi,0_3,177,exhibition panel,0,0,0,0.0
00824-Dd4bFSTQ8gi,0_3,178,extractor hood,0,1,0,0.0
00824-Dd4bFSTQ8gi,0_3,179,eyeglasses,0,0,0,0.0
00824-Dd4bFSTQ8gi,0_3,180,fan,0,1,0,0.04420545671825826
00824-Dd4bFSTQ8gi,0_3,181,faucet,0,0,0,0.0
00824-Dd4bFSTQ8gi,0_3,182,fire extinguisher,0,0,0,0.0
00824-Dd4bFSTQ8gi,0_3,183,fireplace,0,1,0,0.0
00824-Dd4bFSTQ8gi,0_3,184,fireplace tool set,0,0,0,0.0
00824-Dd4bFSTQ8gi,0_3,185,firewood,0,0,0,0.0
00824-Dd4bFSTQ8gi,0_3,186,fishing rod,0,0,0,0.0
00824-Dd4bFSTQ8gi,0_3,187,flag,0,0,0,0.0
00824-Dd4bFSTQ8gi,0_3,188,flashlight,0,0,0,0.0
00824-Dd4bFSTQ8gi,0_3,189,floor stand,0,0,0,0.0
00824-Dd4bFSTQ8gi,0_3,190,flower stand,0,0,0,0.0
00824-Dd4bFSTQ8gi,0_3,191,flowerbed,0,0,0,0.0
00824-Dd4bFSTQ8gi,0_3,192,flush,0,0,0,0.0
00824-Dd4bFSTQ8gi,0_3,193,flush button,0,0,0,0.0
00824-Dd4bFSTQ8gi,0_3,194,flush push,0,0,0,0.0
00824-Dd4bFSTQ8gi,0_3,195,foam,0,0,0,0.0
00824-Dd4bFSTQ8gi,0_3,196,folding stand,0,0,0,0.0
00824-Dd4bFSTQ8gi,0_3,197,food,0,0,0,0.0
00824-Dd4bFSTQ8gi,0_3,198,food processor,0,0,0,0.0
00824-Dd4bFSTQ8gi,0_3,199,food stand,0,0,0,0.0
00824-Dd4bFSTQ8gi,0_3,200,foosball table,0,0,0,0.0
00824-Dd4bFSTQ8gi,0_3,201,foot spa,0,0,0,0.0
00824-Dd4bFSTQ8gi,0_3,202,football,0,0,0,0.0
00824-Dd4bFSTQ8gi,0_3,203,footstool,0,0,0,0.0
00824-Dd4bFSTQ8gi,0_3,204,frame,0,0,0,0.0
00824-Dd4bFSTQ8gi,0_3,205,fruit,0,0,0,0.0
00824-Dd4bFSTQ8gi,0_3,206,fume cupboard,0,0,0,0.0
00824-Dd4bFSTQ8gi,0_3,207,fur,0,0,0,0.0
00824-Dd4bFSTQ8gi,0_3,208,furnace,0,0,0,0.0
00824-Dd4bFSTQ8gi,0_3,209,furniture,0,0,0,0.0
00824-Dd4bFSTQ8gi,0_3,210,game,0,0,0,0.0
00824-Dd4bFSTQ8gi,0_3,211,game console,0,0,0,0.0
00824-Dd4bFSTQ8gi,0_3,212,gap,0,0,0,0.0
00824-Dd4bFSTQ8gi,0_3,213,garage door motor,0,0,0,0.0
00824-Dd4bFSTQ8gi,0_3,214,garage door opener,0,0,0,0.0
00824-Dd4bFSTQ8gi,0_3,215,garage door opener railing,0,0,0,0.0
00824-Dd4bFSTQ8gi,0_3,216,gas box,0,0,0,0.0
00824-Dd4bFSTQ8gi,0_3,217,gas container,0,0,0,0.0
00824-Dd4bFSTQ8gi,0_3,218,gas meter,0,0,0,0.0
00824-Dd4bFSTQ8gi,0_3,219,gauge,0,0,0,0.0
00824-Dd4bFSTQ8gi,0_3,220,gift,0,0,0,0.0
00824-Dd4bFSTQ8gi,0_3,221,glass,0,0,0,0.9990897568936584
00824-Dd4bFSTQ8gi,0_3,222,glasses,0,0,0,0.0
00824-Dd4bFSTQ8gi,0_3,223,globe,0,0,0,0.0
00824-Dd4bFSTQ8gi,0_3,224,globe stand,0,0,0,0.0
00824-Dd4bFSTQ8gi,0_3,225,gloves,0,0,0,0.0
00824-Dd4bFSTQ8gi,0_3,226,glue,0,0,0,0.0
00824-Dd4bFSTQ8gi,0_3,227,goalpost,0,0,0,0.0
00824-Dd4bFSTQ8gi,0_3,228,golf sticks,0,0,0,0.0
00824-Dd4bFSTQ8gi,0_3,229,grab bar,0,0,0,0.0
00824-Dd4bFSTQ8gi,0_3,230,grass,0,0,0,0.0
00824-Dd4bFSTQ8gi,0_3,231,grate,0,0,0,0.0
00824-Dd4bFSTQ8gi,0_3,232,gravel,0,0,0,0.0
00824-Dd4bFSTQ8gi,0_3,233,groceries,0,0,0,0.0
00824-Dd4bFSTQ8gi,0_3,234,guitar,0,0,0,0.0
00824-Dd4bFSTQ8gi,0_3,235,gun,0,0,0,0.0
00824-Dd4bFSTQ8gi,0_3,236,gym rope,0,0,0,0.0
00824-Dd4bFSTQ8gi,0_3,237,hair brush,0,0,0,0.0
00824-Dd4bFSTQ8gi,0_3,238,hair dryer,0,0,0,0.0
00824-Dd4bFSTQ8gi,0_3,239,hammer,0,0,0,0.0
00824-Dd4bFSTQ8gi,0_3,240,hammock,0,0,0,0.0
00824-Dd4bFSTQ8gi,0_3,241,hand dryer,0,0,0,0.0
00824-Dd4bFSTQ8gi,0_3,242,handcart,0,0,0,0.0
00824-Dd4bFSTQ8gi,0_3,243,handkerchiefs,0,0,0,0.0
00824-Dd4bFSTQ8gi,0_3,244,handle,0,0,0,0.13042547715493225
00824-Dd4bFSTQ8gi,0_3,245,hanger,0,0,0,0.0
00824-Dd4bFSTQ8gi,0_3,246,hat,0,0,0,0.0
00824-Dd4bFSTQ8gi,0_3,247,hatch,0,0,0,0.0
00824-Dd4bFSTQ8gi,0_3,248,headboard,0,0,0,0.0
00824-Dd4bFSTQ8gi,0_3,249,headphones,0,0,0,0.0
00824-Dd4bFSTQ8gi,0_3,250,heater,0,0,0,0.0
00824-Dd4bFSTQ8gi,0_3,251,heater piping,0,0,0,0.0
00824-Dd4bFSTQ8gi,0_3,252,holder,0,0,0,0.0
00824-Dd4bFSTQ8gi,0_3,253,holy cross,0,0,0,0.0
00824-Dd4bFSTQ8gi,0_3,254,hook,0,0,0,0.0
00824-Dd4bFSTQ8gi,0_3,255,hose,0,0,0,0.0
00824-Dd4bFSTQ8gi,0_3,256,hourglass,0,0,0,0.0
00824-Dd4bFSTQ8gi,0_3,257,hoverboard,0,0,0,0.0
00824-Dd4bFSTQ8gi,0_3,258,ice maker,0,0,0,0.0
00824-Dd4bFSTQ8gi,0_3,259,information,0,0,0,0.0
00824-Dd4bFSTQ8gi,0_3,260,installation,0,0,0,0.0
00824-Dd4bFSTQ8gi,0_3,261,instrument,0,0,0,0.0
00824-Dd4bFSTQ8gi,0_3,262,iron,0,0,0,0.0
00824-Dd4bFSTQ8gi,0_3,263,ironing board,0,0,0,0.0
00824-Dd4bFSTQ8gi,0_3,264,jewelry,0,0,0,0.0
00824-Dd4bFSTQ8gi,0_3,265,jug,0,0,0,0.0
00824-Dd4bFSTQ8gi,0_3,266,keg,0,0,0,0.0
00824-Dd4bFSTQ8gi,0_3,267,kettle,0,0,0,0.0
00824-Dd4bFSTQ8gi,0_3,268,keys,0,0,0,0.0
00824-Dd4bFSTQ8gi,0_3,269,kitchen appliance,0,0,0,0.0
00824-Dd4bFSTQ8gi,0_3,270,kitchen handle,0,0,0,0.0
00824-Dd4bFSTQ8gi,0_3,271,kitchen island,0,0,0,0.0
00824-Dd4bFSTQ8gi,0_3,272,kitchen utensil,0,0,0,0.0
00824-Dd4bFSTQ8gi,0_3,273,knife,0,0,0,0.0
00824-Dd4bFSTQ8gi,0_3,274,knob,0,0,0,0.0
00824-Dd4bFSTQ8gi,0_3,275,lace doily,0,0,0,0.0
00824-Dd4bFSTQ8gi,0_3,276,ladder,0,0,0,0.0
00824-Dd4bFSTQ8gi,0_3,277,landing,0,0,0,0.0
00824-Dd4bFSTQ8gi,0_3,278,laundry,0,0,0,0.0
00824-Dd4bFSTQ8gi,0_3,279,lawn mower,0,0,0,0.0
00824-Dd4bFSTQ8gi,0_3,280,level,0,0,0,0.0
00824-Dd4bFSTQ8gi,0_3,281,lid,0,0,0,0.0
00824-Dd4bFSTQ8gi,0_3,282,light,1,1,1,0.0
00824-Dd4bFSTQ8gi,0_3,283,lighter,0,0,0,0.0
00824-Dd4bFSTQ8gi,0_3,284,liquid,0,0,0,0.0
00824-Dd4bFSTQ8gi,0_3,285,locker,0,0,0,0.0
00824-Dd4bFSTQ8gi,0_3,286,machine,0,0,0,0.0
00824-Dd4bFSTQ8gi,0_3,287,mailbox,0,0,0,0.0
00824-Dd4bFSTQ8gi,0_3,288,mannequin,0,0,0,0.0
00824-Dd4bFSTQ8gi,0_3,289,map,0,0,0,0.0
00824-Dd4bFSTQ8gi,0_3,290,mascot,0,0,0,0.0
00824-Dd4bFSTQ8gi,0_3,291,massage bed,0,0,0,0.0
00824-Dd4bFSTQ8gi,0_3,292,material,0,0,0,0.0
00824-Dd4bFSTQ8gi,0_3,293,measuring tape,0,0,0,0.0
00824-Dd4bFSTQ8gi,0_3,294,medical lamp,0,0,0,0.0
00824-Dd4bFSTQ8gi,0_3,295,medical object,0,0,0,0.0
00824-Dd4bFSTQ8gi,0_3,296,menu,0,0,0,0.0
00824-Dd4bFSTQ8gi,0_3,297,meshwork,0,0,0,0.0
00824-Dd4bFSTQ8gi,0_3,298,meter,0,0,0,0.0
00824-Dd4bFSTQ8gi,0_3,299,microphone,0,0,0,0.0
00824-Dd4bFSTQ8gi,0_3,300,microphone accessory,0,0,0,0.0
00824-Dd4bFSTQ8gi,0_3,301,microwave,0,1,0,0.0
00824-Dd4bFSTQ8gi,0_3,302,mirror,1,1,1,0.0
00824-Dd4bFSTQ8gi,0_3,303,model,0,0,0,0.0
00824-Dd4bFSTQ8gi,0_3,304,modem,0,0,0,0.0
00824-Dd4bFSTQ8gi,0_3,305,mop,0,0,0,0.0
00824-Dd4bFSTQ8gi,0_3,306,mortar,0,0,0,0.0
00824-Dd4bFSTQ8gi,0_3,307,motorcycle,0,0,0,0.0
00824-Dd4bFSTQ8gi,0_3,308,music equipment,0,0,0,0.0
00824-Dd4bFSTQ8gi,0_3,309,napkin,0,0,0,0.0
00824-Dd4bFSTQ8gi,0_3,310,nightstand,0,0,0,0.0
00824-Dd4bFSTQ8gi,0_3,311,oar,0,0,0,0.0
00824-Dd4bFSTQ8gi,0_3,312,object,0,0,0,0.0
00824-Dd4bFSTQ8gi,0_3,313,objects,0,0,0,0.0
00824-Dd4bFSTQ8gi,0_3,314,outlet,0,0,0,0.0
00824-Dd4bFSTQ8gi,0_3,315,oven,0,1,0,0.0
00824-Dd4bFSTQ8gi,0_3,316,overhang,0,0,0,0.9187675229365573
00824-Dd4bFSTQ8gi,0_3,317,pad,0,0,0,0.0
00824-Dd4bFSTQ8gi,0_3,318,painting stuff,0,0,0,0.0
00824-Dd4bFSTQ8gi,0_3,319,pan,0,0,0,0.0
00824-Dd4bFSTQ8gi,0_3,320,panel,0,0,0,0.0
00824-Dd4bFSTQ8gi,0_3,321,pantry,0,0,0,0.0
00824-Dd4bFSTQ8gi,0_3,322,paper holder,0,0,0,0.0
00824-Dd4bFSTQ8gi,0_3,323,paper storage,0,0,0,0.0
00824-Dd4bFSTQ8gi,0_3,324,paper towel,0,0,0,0.0
00824-Dd4bFSTQ8gi,0_3,325,parapet,0,0,0,0.0
00824-Dd4bFSTQ8gi,0_3,326,partial,0,0,0,0.9996618439700025
00824-Dd4bFSTQ8gi,0_3,327,pavement,0,0,0,0.0
00824-Dd4bFSTQ8gi,0_3,328,pedestal,0,0,0,0.0
00824-Dd4bFSTQ8gi,0_3,329,pen,0,0,0,0.0
00824-Dd4bFSTQ8gi,0_3,330,pendant,0,0,0,0.0
00824-Dd4bFSTQ8gi,0_3,331,pet bed,0,0,0,0.0
00824-Dd4bFSTQ8gi,0_3,332,pet bowl,0,0,0,0.0
00824-Dd4bFSTQ8gi,0_3,333,phone,0,0,0,0.0
00824-Dd4bFSTQ8gi,0_3,334,photo mount,0,0,0,0.0
00824-Dd4bFSTQ8gi,0_3,335,photo stand,0,0,0,0.0
00824-Dd4bFSTQ8gi,0_3,336,piano,0,0,0,0.0
00824-Dd4bFSTQ8gi,0_3,337,pillow,0,1,0,0.0
00824-Dd4bFSTQ8gi,0_3,338,pitchfork,0,0,0,0.0
00824-Dd4bFSTQ8gi,0_3,339,place mat,0,0,0,0.0
00824-Dd4bFSTQ8gi,0_3,340,plane,0,0,0,0.0
00824-Dd4bFSTQ8gi,0_3,341,plank,0,0,0,0.0
00824-Dd4bFSTQ8gi,0_3,342,plant,1,1,2,0.0
00824-Dd4bFSTQ8gi,0_3,343,plant ornament,0,0,0,0.0
00824-Dd4bFSTQ8gi,0_3,344,platform,0,0,0,0.0
00824-Dd4bFSTQ8gi,0_3,345,playpen,0,0,0,0.0
00824-Dd4bFSTQ8gi,0_3,346,plenum box,0,0,0,0.0
00824-Dd4bFSTQ8gi,0_3,347,pliers,0,0,0,0.0
00824-Dd4bFSTQ8gi,0_3,348,plumbing,0,0,0,0.0
00824-Dd4bFSTQ8gi,0_3,349,plunger,0,0,0,0.0
00824-Dd4bFSTQ8gi,0_3,350,podium,0,1,0,0.0
00824-Dd4bFSTQ8gi,0_3,351,pole,0,0,0,0.0
00824-Dd4bFSTQ8gi,0_3,352,pool,0,0,0,0.0
00824-Dd4bFSTQ8gi,0_3,353,pool table,0,0,0,0.0
00824-Dd4bFSTQ8gi,0_3,354,porcelain,0,0,0,0.0
00824-Dd4bFSTQ8gi,0_3,355,poster,0,0,0,0.0
00824-Dd4bFSTQ8gi,0_3,356,pot,0,0,0,0.0
00824-Dd4bFSTQ8gi,0_3,357,pot lid,0,0,0,0.0
00824-Dd4bFSTQ8gi,0_3,358,pouches,0,0,0,0.0
00824-Dd4bFSTQ8gi,0_3,359,press,0,0,0,0.0
00824-Dd4bFSTQ8gi,0_3,360,pressure washer,0,0,0,0.0
00824-Dd4bFSTQ8gi,0_3,361,printer,0,0,0,0.0
00824-Dd4bFSTQ8gi,0_3,362,product,0,0,0,0.0
00824-Dd4bFSTQ8gi,0_3,363,products,0,0,0,0.0
00824-Dd4bFSTQ8gi,0_3,364,prop,0,0,0,0.9358401360769432
00824-Dd4bFSTQ8gi,0_3,365,pump,0,0,0,0.0
00824-Dd4bFSTQ8gi,0_3,366,punchbag,0,0,0,0.0
00824-Dd4bFSTQ8gi,0_3,367,puppet,0,0,0,0.0
00824-Dd4bFSTQ8gi,0_3,368,rag,0,0,0,0.0
00824-Dd4bFSTQ8gi,0_3,369,rail,0,0,0,0.0
00824-Dd4bFSTQ8gi,0_3,370,rake,0,0,0,0.0
00824-Dd4bFSTQ8gi,0_3,371,receipt printer,0,0,0,0.0
00824-Dd4bFSTQ8gi,0_3,372,records,0,0,0,0.0
00824-Dd4bFSTQ8gi,0_3,373,recuperator,0,0,0,0.0
00824-Dd4bFSTQ8gi,0_3,374,refrigerator,0,1,0,0.0
00824-Dd4bFSTQ8gi,0_3,375,remote control,0,0,0,0.0
00824-Dd4bFSTQ8gi,0_3,376,rice cooker,0,0,0,0.0
00824-Dd4bFSTQ8gi,0_3,377,riser,0,0,0,0.0
00824-Dd4bFSTQ8gi,0_3,378,rocking horse,0,0,0,0.0
00824-Dd4bFSTQ8gi,0_3,379,rod,0,0,0,0.0
00824-Dd4bFSTQ8gi,0_3,380,roll,0,0,0,0.0
00824-Dd4bFSTQ8gi,0_3,381,rope,0,0,0,0.0
00824-Dd4bFSTQ8gi,0_3,382,router,0,0,0,0.0
00824-Dd4bFSTQ8gi,0_3,383,rug,1,1,1,0.0
00824-Dd4bFSTQ8gi,0_3,384,safe,0,0,0,0.0
00824-Dd4bFSTQ8gi,0_3,385,saturator,0,0,0,0.0
00824-Dd4bFSTQ8gi,0_3,386,sauna,0,0,0,0.0
00824-Dd4bFSTQ8gi,0_3,387,saw,0,0,0,0.0
00824-Dd4bFSTQ8gi,0_3,388,saxophone,0,0,0,0.0
00824-Dd4bFSTQ8gi,0_3,389,scale,0,0,0,0.0
00824-Dd4bFSTQ8gi,0_3,390,scanner,0,0,0,0.0
00824-Dd4bFSTQ8gi,0_3,391,screen,0,0,0,0.0
00824-Dd4bFSTQ8gi,0_3,392,screen frame,0,0,0,0.0
00824-Dd4bFSTQ8gi,0_3,393,screwdriver,0,0,0,0.0
00824-Dd4bFSTQ8gi,0_3,394,sculpture,0,0,0,0.0
00824-Dd4bFSTQ8gi,0_3,395,security camera,0,0,0,0.0
00824-Dd4bFSTQ8gi,0_3,396,self-closing mechanism,0,0,0,0.0
00824-Dd4bFSTQ8gi,0_3,397,sensor,0,0,0,0.0
00824-Dd4bFSTQ8gi,0_3,398,separator,0,0,0,0.0
00824-Dd4bFSTQ8gi,0_3,399,set of valves,0,0,0,0.0
00824-Dd4bFSTQ8gi,0_3,400,sewing machine,0,0,0,0.0
00824-Dd4bFSTQ8gi,0_3,401,sewing tools,0,0,0,0.0
00824-Dd4bFSTQ8gi,0_3,402,shampoo,0,0,0,0.0
00824-Dd4bFSTQ8gi,0_3,403,sheet music,0,0,0,0.0
00824-Dd4bFSTQ8gi,0_3,404,sheets / clothes,0,0,0,0.0
00824-Dd4bFSTQ8gi,0_3,405,shelf,0,1,0,0.0
00824-Dd4bFSTQ8gi,0_3,406,ship toy,0,0,0,0.0
00824-Dd4bFSTQ8gi,0_3,407,shisha,0,0,0,0.0
00824-Dd4bFSTQ8gi,0_3,408,shoe,0,0,0,0.0
00824-Dd4bFSTQ8gi,0_3,409,shoe rack,0,0,0,0.0
00824-Dd4bFSTQ8gi,0_3,410,shoehorn,0,0,0,0.0
00824-Dd4bFSTQ8gi,0_3,411,shovel,0,0,0,0.0
00824-Dd4bFSTQ8gi,0_3,412,shower,0,0,0,0.0
00824-Dd4bFSTQ8gi,0_3,413,shower seat,0,0,0,0.0
00824-Dd4bFSTQ8gi,0_3,414,shredder,0,0,0,0.0
00824-Dd4bFSTQ8gi,0_3,415,side table,0,0,0,0.0
00824-Dd4bFSTQ8gi,0_3,416,sideboard,0,0,0,0.0
00824-Dd4bFSTQ8gi,0_3,417,sign,0,0,0,0.0
00824-Dd4bFSTQ8gi,0_3,418,silicone gun,0,0,0,0.0
00824-Dd4bFSTQ8gi,0_3,419,silicone tube,0,0,0,0.0
00824-Dd4bFSTQ8gi,0_3,420,sink,0,1,0,0.0
00824-Dd4bFSTQ8gi,0_3,421,skateboard,0,0,0,0.0
00824-Dd4bFSTQ8gi,0_3,422,skates,0,0,0,0.0
00824-Dd4bFSTQ8gi,0_3,423,ski,0,0,0,0.0
00824-Dd4bFSTQ8gi,0_3,424,sky,0,0,0,0.0
00824-Dd4bFSTQ8gi,0_3,425,sled,0,0,0,0.0
00824-Dd4bFSTQ8gi,0_3,426,sleeping bag,0,0,0,0.0
00824-Dd4bFSTQ8gi,0_3,427,smoke detector,0,1,0,0.0
00824-Dd4bFSTQ8gi,0_3,428,snack,0,0,0,0.0
00824-Dd4bFSTQ8gi,0_3,429,soap,0,0,0,0.0
00824-Dd4bFSTQ8gi,0_3,430,socks,0,0,0,0.0
00824-Dd4bFSTQ8gi,0_3,431,sofa,0,1,0,0.0
00824-Dd4bFSTQ8gi,0_3,432,solarium,0,0,0,0.0
00824-Dd4bFSTQ8gi,0_3,433,speaker,0,0,0,0.0
00824-Dd4bFSTQ8gi,0_3,434,speaker stand,0,0,0,0.0
00824-Dd4bFSTQ8gi,0_3,435,spices,0,0,0,0.0
00824-Dd4bFSTQ8gi,0_3,436,sponge,0,0,0,0.0
00824-Dd4bFSTQ8gi,0_3,437,spray can,0,0,0,0.0
00824-Dd4bFSTQ8gi,0_3,438,sprinkler,0,0,0,0.0
00824-Dd4bFSTQ8gi,0_3,439,square,0,0,0,0.0
00824-Dd4bFSTQ8gi,0_3,440,stack,0,0,0,0.0
00824-Dd4bFSTQ8gi,0_3,441,stack of books / papers,0,0,0,0.0
00824-Dd4bFSTQ8gi,0_3,442,stack of stuff,0,0,0,0.0
00824-Dd4bFSTQ8gi,0_3,443,stack of yarns,0,0,0,0.0
00824-Dd4bFSTQ8gi,0_3,444,stage,0,0,0,0.0
00824-Dd4bFSTQ8gi,0_3,445,stained glass,0,0,0,0.0
00824-Dd4bFSTQ8gi,0_3,446,stand,0,0,0,0.0
00824-Dd4bFSTQ8gi,0_3,447,star,0,0,0,0.0
00824-Dd4bFSTQ8gi,0_3,448,stationery,0,0,0,0.0
00824-Dd4bFSTQ8gi,0_3,449,steel plate,0,0,0,0.0
00824-Dd4bFSTQ8gi,0_3,450,step stool,0,0,0,0.0
00824-Dd4bFSTQ8gi,0_3,451,stick,0,0,0,0.0
00824-Dd4bFSTQ8gi,0_3,452,stone,0,0,0,0.0
00824-Dd4bFSTQ8gi,0_3,453,stonework,0,0,0,0.0
00824-Dd4bFSTQ8gi,0_3,454,stool,0,1,0,0.0
00824-Dd4bFSTQ8gi,0_3,455,storage,0,0,0,0.0
00824-Dd4bFSTQ8gi,0_3,456,strings,0,0,0,0.0
00824-Dd4bFSTQ8gi,0_3,457,stroke,0,0,0,0.0
00824-Dd4bFSTQ8gi,0_3,458,sunbed,0,0,0,0.0
00824-Dd4bFSTQ8gi,0_3,459,support,0,0,0,0.0
00824-Dd4bFSTQ8gi,0_3,460,surface,0,0,0,0.0
00824-Dd4bFSTQ8gi,0_3,461,surfboard,0,0,0,0.0
00824-Dd4bFSTQ8gi,0_3,462,swing,0,0,0,0.0
00824-Dd4bFSTQ8gi,0_3,463,switch,0,0,0,0.0
00824-Dd4bFSTQ8gi,0_3,464,table,0,1,0,0.0
00824-Dd4bFSTQ8gi,0_3,465,table cloth,0,0,0,0.0
00824-Dd4bFSTQ8gi,0_3,466,table pad,0,0,0,0.0
00824-Dd4bFSTQ8gi,0_3,467,table stand,0,0,0,0.0
00824-Dd4bFSTQ8gi,0_3,468,table tennis table,0,0,0,0.0
00824-Dd4bFSTQ8gi,0_3,469,tablet,0,0,0,0.0
00824-Dd4bFSTQ8gi,0_3,470,tambourine,0,0,0,0.0
00824-Dd4bFSTQ8gi,0_3,471,tea set,0,0,0,0.0
00824-Dd4bFSTQ8gi,0_3,472,telescope,0,0,0,0.0
00824-Dd4bFSTQ8gi,0_3,473,tennis racket,0,0,0,0.0
00824-Dd4bFSTQ8gi,0_3,474,tent,0,0,0,0.0
00824-Dd4bFSTQ8gi,0_3,475,thermometer,0,0,0,0.0
00824-Dd4bFSTQ8gi,0_3,476,thermostat,0,0,0,0.0
00824-Dd4bFSTQ8gi,0_3,477,three,0,0,0,0.0
00824-Dd4bFSTQ8gi,0_3,478,tile,0,0,0,0.005037500658338634
00824-Dd4bFSTQ8gi,0_3,479,tire,0,0,0,0.0
00824-Dd4bFSTQ8gi,0_3,480,tissue,0,1,0,0.6393505746688377
00824-Dd4bFSTQ8gi,0_3,481,title,0,0,0,0.0
00824-Dd4bFSTQ8gi,0_3,482,toaster,0,0,0,0.0
00824-Dd4bFSTQ8gi,0_3,483,toaster oven,0,0,0,0.0
00824-Dd4bFSTQ8gi,0_3,484,toilet,0,1,0,0.0
00824-Dd4bFSTQ8gi,0_3,485,toilet brush,0,1,0,0.0
00824-Dd4bFSTQ8gi,0_3,486,toilet cleaner,0,0,0,0.0
00824-Dd4bFSTQ8gi,0_3,487,toilet paper,0,1,0,0.0
00824-Dd4bFSTQ8gi,0_3,488,toiletry,0,0,0,0.0
00824-Dd4bFSTQ8gi,0_3,489,tool,0,0,0,0.0
00824-Dd4bFSTQ8gi,0_3,490,tool rack,0,0,0,0.0
00824-Dd4bFSTQ8gi,0_3,491,toothbrush,0,0,0,0.0
00824-Dd4bFSTQ8gi,0_3,492,toothpaste,0,0,0,0.0
00824-Dd4bFSTQ8gi,0_3,493,towel,0,1,0,0.0
00824-Dd4bFSTQ8gi,0_3,494,towel bar,0,1,0,0.0
00824-Dd4bFSTQ8gi,0_3,495,toy,0,0,0,0.0
00824-Dd4bFSTQ8gi,0_3,496,traffic cone,0,0,0,0.0
00824-Dd4bFSTQ8gi,0_3,497,trampoline,0,0,0,0.0
00824-Dd4bFSTQ8gi,0_3,498,trash bag,0,0,0,0.0
00824-Dd4bFSTQ8gi,0_3,499,tray,0,1,0,0.0
00824-Dd4bFSTQ8gi,0_3,500,treadmill,0,0,0,0.0
00824-Dd4bFSTQ8gi,0_3,501,tree,0,0,0,0.0
00824-Dd4bFSTQ8gi,0_3,502,tree branch,0,0,0,0.0
00824-Dd4bFSTQ8gi,0_3,503,trimmer,0,0,0,0.0
00824-Dd4bFSTQ8gi,0_3,504,tripod,0,0,0,0.0
00824-Dd4bFSTQ8gi,0_3,505,trolley,0,0,0,0.0
00824-Dd4bFSTQ8gi,0_3,506,trombone,0,0,0,0.0
00824-Dd4bFSTQ8gi,0_3,507,trophy,0,0,0,0.0
00824-Dd4bFSTQ8gi,0_3,508,trough,0,0,0,0.0
00824-Dd4bFSTQ8gi,0_3,509,trumpet,0,0,0,0.0
00824-Dd4bFSTQ8gi,0_3,510,tv,0,0,0,0.0
00824-Dd4bFSTQ8gi,0_3,511,tv stand,0,0,0,0.0
00824-Dd4bFSTQ8gi,0_3,512,typewriter,0,0,0,0.0
00824-Dd4bFSTQ8gi,0_3,513,ukulele,0,0,0,0.0
00824-Dd4bFSTQ8gi,0_3,514,umbrella,0,0,0,0.0
00824-Dd4bFSTQ8gi,0_3,515,umbrella stand,0,0,0,0.0
00824-Dd4bFSTQ8gi,0_3,516,unknown,0,0,0,0.0
00824-Dd4bFSTQ8gi,0_3,517,vacuum cleaner,0,0,0,0.0
00824-Dd4bFSTQ8gi,0_3,518,vanity,0,0,0,0.0
00824-Dd4bFSTQ8gi,0_3,519,vase,0,1,0,0.0
00824-Dd4bFSTQ8gi,0_3,520,vegetables,0,0,0,0.0
00824-Dd4bFSTQ8gi,0_3,521,vessel,0,0,0,0.0
00824-Dd4bFSTQ8gi,0_3,522,vinyl records,0,0,0,0.0
00824-Dd4bFSTQ8gi,0_3,523,violin,0,0,0,0.0
00824-Dd4bFSTQ8gi,0_3,524,violin case,0,0,0,0.0
00824-Dd4bFSTQ8gi,0_3,525,waffle iron,0,0,0,0.0
00824-Dd4bFSTQ8gi,0_3,526,wardrobe,0,1,0,0.0
00824-Dd4bFSTQ8gi,0_3,527,washing machine,0,0,0,0.0
00824-Dd4bFSTQ8gi,0_3,528,washing powder,0,0,0,0.0
00824-Dd4bFSTQ8gi,0_3,529,washing stuff,0,0,0,0.0
00824-Dd4bFSTQ8gi,0_3,530,watch,0,0,0,0.0
00824-Dd4bFSTQ8gi,0_3,531,water dispenser,0,0,0,0.0
00824-Dd4bFSTQ8gi,0_3,532,water heater,0,0,0,0.0
00824-Dd4bFSTQ8gi,0_3,533,water meter,0,0,0,0.0
00824-Dd4bFSTQ8gi,0_3,534,water pump,0,0,0,0.0
00824-Dd4bFSTQ8gi,0_3,535,water tank,0,0,0,0.0
00824-Dd4bFSTQ8gi,0_3,536,watering can,0,0,0,0.0
00824-Dd4bFSTQ8gi,0_3,537,weight,0,0,0,0.0
00824-Dd4bFSTQ8gi,0_3,538,weight bench,0,0,0,0.0
00824-Dd4bFSTQ8gi,0_3,539,weights,0,0,0,0.0
00824-Dd4bFSTQ8gi,0_3,540,wheel,0,0,0,0.0
00824-Dd4bFSTQ8gi,0_3,541,wheelbarrow,0,0,0,0.0
00824-Dd4bFSTQ8gi,0_3,542,window shade,0,0,0,0.0
00824-Dd4bFSTQ8gi,0_3,543,wine,0,0,0,0.0
00824-Dd4bFSTQ8gi,0_3,544,wine storage,0,0,0,0.0
00824-Dd4bFSTQ8gi,0_3,545,wood,0,0,0,0.0
00824-Dd4bFSTQ8gi,0_3,546,wrench,0,0,0,0.0
00824-Dd4bFSTQ8gi,0_4,0,acoustic panel,0,0,0,0.0
00824-Dd4bFSTQ8gi,0_4,1,air conditioner,1,1,1,0.0
00824-Dd4bFSTQ8gi,0_4,2,air freshener,0,0,0,0.0
00824-Dd4bFSTQ8gi,0_4,3,air hockey,0,0,0,0.0
00824-Dd4bFSTQ8gi,0_4,4,air purifier,0,0,0,0.0
00824-Dd4bFSTQ8gi,0_4,5,aisle frame,0,0,0,0.0
00824-Dd4bFSTQ8gi,0_4,6,alarm,0,0,0,0.0
00824-Dd4bFSTQ8gi,0_4,7,album,0,0,0,0.0
00824-Dd4bFSTQ8gi,0_4,8,amplifier,0,0,0,0.0
00824-Dd4bFSTQ8gi,0_4,9,appliance,0,0,0,0.0
00824-Dd4bFSTQ8gi,0_4,10,apron,0,0,0,0.0
00824-Dd4bFSTQ8gi,0_4,11,aquarium,0,0,0,0.0
00824-Dd4bFSTQ8gi,0_4,12,arcade game,0,0,0,0.0
00824-Dd4bFSTQ8gi,0_4,13,artwork,0,1,0,0.7075506867342093
00824-Dd4bFSTQ8gi,0_4,14,ashtray,0,0,0,0.0
00824-Dd4bFSTQ8gi,0_4,15,audio player,0,0,0,0.0
00824-Dd4bFSTQ8gi,0_4,16,axe,0,0,0,0.0
00824-Dd4bFSTQ8gi,0_4,17,baby changing table,0,0,0,0.0
00824-Dd4bFSTQ8gi,0_4,18,backrest,0,0,0,0.0
00824-Dd4bFSTQ8gi,0_4,19,backsplash,0,0,0,0.0
00824-Dd4bFSTQ8gi,0_4,20,bag,0,0,0,0.0
00824-Dd4bFSTQ8gi,0_4,21,ball,0,0,0,0.0
00824-Dd4bFSTQ8gi,0_4,22,ball pool,0,0,0,0.0
00824-Dd4bFSTQ8gi,0_4,23,bar,0,0,0,0.0
00824-Dd4bFSTQ8gi,0_4,24,barbecue,0,0,0,0.0
00824-Dd4bFSTQ8gi,0_4,25,barrel,0,0,0,0.0
00824-Dd4bFSTQ8gi,0_4,26,base,0,0,0,0.0
00824-Dd4bFSTQ8gi,0_4,27,baseball bat,0,0,0,0.0
00824-Dd4bFSTQ8gi,0_4,28,basket,0,0,0,0.0
00824-Dd4bFSTQ8gi,0_4,29,basketball hoop,0,0,0,0.0
00824-Dd4bFSTQ8gi,0_4,30,basketballs,0,0,0,0.0
00824-Dd4bFSTQ8gi,0_4,31,bathroom accessory,0,0,0,0.0
00824-Dd4bFSTQ8gi,0_4,32,bathtub,1,1,1,0.0
00824-Dd4bFSTQ8gi,0_4,33,bed,0,1,0,0.0
00824-Dd4bFSTQ8gi,0_4,34,bed ladder,0,0,0,0.0
00824-Dd4bFSTQ8gi,0_4,35,beer crate,0,0,0,0.0
00824-Dd4bFSTQ8gi,0_4,36,bell,0,0,0,0.0
00824-Dd4bFSTQ8gi,0_4,37,belt,0,0,0,0.0
00824-Dd4bFSTQ8gi,0_4,38,bench,0,1,0,0.0
00824-Dd4bFSTQ8gi,0_4,39,beverage dispenser,0,0,0,0.0
00824-Dd4bFSTQ8gi,0_4,40,bicycle,0,0,0,0.0
00824-Dd4bFSTQ8gi,0_4,41,bicycle helmet,0,0,0,0.0
00824-Dd4bFSTQ8gi,0_4,42,bin,0,1,0,0.0
00824-Dd4bFSTQ8gi,0_4,43,birdhouse,0,0,0,0.0
00824-Dd4bFSTQ8gi,0_4,44,blanket,0,1,0,0.0
00824-Dd4bFSTQ8gi,0_4,45,board,0,0,0,0.0
00824-Dd4bFSTQ8gi,0_4,46,board game,0,0,0,0.0
00824-Dd4bFSTQ8gi,0_4,47,board with keys,0,0,0,0.0
00824-Dd4bFSTQ8gi,0_4,48,book,0,1,0,0.0
00824-Dd4bFSTQ8gi,0_4,49,bottle,0,0,0,0.0
00824-Dd4bFSTQ8gi,0_4,50,bottle dispenser,0,0,0,0.0
00824-Dd4bFSTQ8gi,0_4,51,bottle opener,0,0,0,0.0
00824-Dd4bFSTQ8gi,0_4,52,bowl,0,1,0,0.0
00824-Dd4bFSTQ8gi,0_4,53,box,0,0,0,0.0
00824-Dd4bFSTQ8gi,0_4,54,boxing ring,0,0,0,0.0
00824-Dd4bFSTQ8gi,0_4,55,bread,0,0,0,0.0
00824-Dd4bFSTQ8gi,0_4,56,bread box,0,0,0,0.0
00824-Dd4bFSTQ8gi,0_4,57,bricks,0,0,0,0.0
00824-Dd4bFSTQ8gi,0_4,58,bridge,0,0,0,0.0
00824-Dd4bFSTQ8gi,0_4,59,broom,0,0,0,0.0
00824-Dd4bFSTQ8gi,0_4,60,brush,0,0,0,0.0
00824-Dd4bFSTQ8gi,0_4,61,bucket,0,0,0,0.0
00824-Dd4bFSTQ8gi,0_4,62,buffet,0,0,0,0.0
00824-Dd4bFSTQ8gi,0_4,63,button,0,0,0,0.0
00824-Dd4bFSTQ8gi,0_4,64,cabinet,1,1,1,0.0
00824-Dd4bFSTQ8gi,0_4,65,cable,0,0,0,0.0
00824-Dd4bFSTQ8gi,0_4,66,cage,0,0,0,0.0
00824-Dd4bFSTQ8gi,0_4,67,cake,0,0,0,0.0
00824-Dd4bFSTQ8gi,0_4,68,calculator,0,0,0,0.0
00824-Dd4bFSTQ8gi,0_4,69,calendar,0,0,0,0.0
00824-Dd4bFSTQ8gi,0_4,70,camera,0,0,0,0.0
00824-Dd4bFSTQ8gi,0_4,71,can,0,0,0,0.0
00824-Dd4bFSTQ8gi,0_4,72,canal,0,0,0,0.0
00824-Dd4bFSTQ8gi,0_4,73,candelabra,0,0,0,0.0
00824-Dd4bFSTQ8gi,0_4,74,candle,0,0,0,0.0
00824-Dd4bFSTQ8gi,0_4,75,candle holder,0,0,0,0.0
00824-Dd4bFSTQ8gi,0_4,76,candle stand,0,0,0,0.0
00824-Dd4bFSTQ8gi,0_4,77,candlestick,0,0,0,0.0
00824-Dd4bFSTQ8gi,0_4,78,canoe,0,0,0,0.0
00824-Dd4bFSTQ8gi,0_4,79,canopy,0,0,0,0.0
00824-Dd4bFSTQ8gi,0_4,80,car,0,0,0,0.0
00824-Dd4bFSTQ8gi,0_4,81,card,0,0,0,0.0
00824-Dd4bFSTQ8gi,0_4,82,cardboard,0,0,0,0.9400002572464641
00824-Dd4bFSTQ8gi,0_4,83,cart,0,0,0,0.0
00824-Dd4bFSTQ8gi,0_4,84,cash register,0,0,0,0.0
00824-Dd4bFSTQ8gi,0_4,85,casket,0,0,0,0.0
00824-Dd4bFSTQ8gi,0_4,86,cassette,0,0,0,0.0
00824-Dd4bFSTQ8gi,0_4,87,cat,0,0,0,0.7845646217328854
00824-Dd4bFSTQ8gi,0_4,88,cat food,0,0,0,0.0
00824-Dd4bFSTQ8gi,0_4,89,cat litter box,0,0,0,0.0
00824-Dd4bFSTQ8gi,0_4,90,cat tree,0,0,0,0.0
00824-Dd4bFSTQ8gi,0_4,91,cd,0,0,0,0.0
00824-Dd4bFSTQ8gi,0_4,92,ceiling arch,0,0,0,0.0
00824-Dd4bFSTQ8gi,0_4,93,ceiling chassis,0,0,0,0.5773856312517266
00824-Dd4bFSTQ8gi,0_4,94,ceiling ladder,0,0,0,0.0
00824-Dd4bFSTQ8gi,0_4,95,ceramics,0,0,0,0.0
00824-Dd4bFSTQ8gi,0_4,96,chain,0,0,0,0.0
00824-Dd4bFSTQ8gi,0_4,97,chair,0,1,0,0.0
00824-Dd4bFSTQ8gi,0_4,98,chair stand,0,0,0,0.0
00824-Dd4bFSTQ8gi,0_4,99,chassis,0,0,0,0.0
00824-Dd4bFSTQ8gi,0_4,100,chest,0,0,0,0.0
00824-Dd4bFSTQ8gi,0_4,101,child car seat,0,0,0,0.0
00824-Dd4bFSTQ8gi,0_4,102,christmas tree,0,0,0,0.0
00824-Dd4bFSTQ8gi,0_4,103,clarinet,0,0,0,0.0
00824-Dd4bFSTQ8gi,0_4,104,cleaner,0,0,0,0.0
00824-Dd4bFSTQ8gi,0_4,105,clock,0,0,0,0.0
00824-Dd4bFSTQ8gi,0_4,106,closet door,0,0,0,0.999999999952949
00824-Dd4bFSTQ8gi,0_4,107,cloth,0,0,0,0.0
00824-Dd4bFSTQ8gi,0_4,108,cloth holder,0,0,0,0.0
00824-Dd4bFSTQ8gi,0_4,109,clothes,0,0,0,0.0
00824-Dd4bFSTQ8gi,0_4,110,clothes container,0,0,0,0.0
00824-Dd4bFSTQ8gi,0_4,111,clothes dryer,0,0,0,0.0
00824-Dd4bFSTQ8gi,0_4,112,clothes rack,0,0,0,0.0
00824-Dd4bFSTQ8gi,0_4,113,clutter,0,0,0,0.0
00824-Dd4bFSTQ8gi,0_4,114,coaster,0,0,0,0.0
00824-Dd4bFSTQ8gi,0_4,115,coffee maker,0,0,0,0.0
00824-Dd4bFSTQ8gi,0_4,116,coffee table,0,0,0,0.0
00824-Dd4bFSTQ8gi,0_4,117,compressor,0,0,0,0.0
00824-Dd4bFSTQ8gi,0_4,118,computer,0,0,0,0.0
00824-Dd4bFSTQ8gi,0_4,119,computer equipment,0,0,0,0.0
00824-Dd4bFSTQ8gi,0_4,120,cone,0,0,0,0.0
00824-Dd4bFSTQ8gi,0_4,121,construction stuff,0,0,0,0.0
00824-Dd4bFSTQ8gi,0_4,122,container,0,0,0,0.0
00824-Dd4bFSTQ8gi,0_4,123,controller,0,0,0,0.0
00824-Dd4bFSTQ8gi,0_4,124,cosmetics,0,0,0,0.0
00824-Dd4bFSTQ8gi,0_4,125,counter door,0,0,0,0.0
00824-Dd4bFSTQ8gi,0_4,126,countertop,0,1,0,0.0
00824-Dd4bFSTQ8gi,0_4,127,countertop item,0,1,0,0.0
00824-Dd4bFSTQ8gi,0_4,128,cover,0,0,0,0.0
00824-Dd4bFSTQ8gi,0_4,129,cross,0,0,0,0.0
00824-Dd4bFSTQ8gi,0_4,130,crutches,0,0,0,0.0
00824-Dd4bFSTQ8gi,0_4,131,cup,0,0,0,0.0
00824-Dd4bFSTQ8gi,0_4,132,curb,0,0,0,0.0
00824-Dd4bFSTQ8gi,0_4,133,curtain,0,1,0,0.0
00824-Dd4bFSTQ8gi,0_4,134,cushion,0,0,0,0.0
00824-Dd4bFSTQ8gi,0_4,135,cutlery,0,0,0,0.0
00824-Dd4bFSTQ8gi,0_4,136,cyp,0,0,0,0.0
00824-Dd4bFSTQ8gi,0_4,137,dartboard,0,0,0,0.0
00824-Dd4bFSTQ8gi,0_4,138,decoder,0,0,0,0.0
00824-Dd4bFSTQ8gi,0_4,139,decoration,0,1,0,0.0
00824-Dd4bFSTQ8gi,0_4,140,dehumidifier,0,0,0,0.0
00824-Dd4bFSTQ8gi,0_4,141,den,0,0,0,0.0
00824-Dd4bFSTQ8gi,0_4,142,desk,0,1,0,0.0
00824-Dd4bFSTQ8gi,0_4,143,desk door,0,0,0,0.0
00824-Dd4bFSTQ8gi,0_4,144,dinnerware,0,1,0,0.0
00824-Dd4bFSTQ8gi,0_4,145,diploma,0,0,0,0.0
00824-Dd4bFSTQ8gi,0_4,146,dirt ground,0,0,0,0.0
00824-Dd4bFSTQ8gi,0_4,147,dish rack,0,0,0,0.0
00824-Dd4bFSTQ8gi,0_4,148,dishwasher,0,1,0,0.0
00824-Dd4bFSTQ8gi,0_4,149,dispenser,0,0,0,0.0
00824-Dd4bFSTQ8gi,0_4,150,display case,0,0,0,0.0
00824-Dd4bFSTQ8gi,0_4,151,document,0,0,0,0.0
00824-Dd4bFSTQ8gi,0_4,152,document holder,0,0,0,0.0
00824-Dd4bFSTQ8gi,0_4,153,dog leash,0,0,0,0.0
00824-Dd4bFSTQ8gi,0_4,154,dog toy,0,0,0,0.0
00824-Dd4bFSTQ8gi,0_4,155,doily,0,0,0,0.0
00824-Dd4bFSTQ8gi,0_4,156,doll,0,0,0,0.0
00824-Dd4bFSTQ8gi,0_4,157,door screen,0,0,0,0.6689219351767325
00824-Dd4bFSTQ8gi,0_4,158,drawer,0,0,0,0.0
00824-Dd4bFSTQ8gi,0_4,159,drawer cart,0,0,0,0.0
00824-Dd4bFSTQ8gi,0_4,160,dressing table,0,0,0,0.0
00824-Dd4bFSTQ8gi,0_4,161,drill,0,0,0,0.0
00824-Dd4bFSTQ8gi,0_4,162,drum,0,0,0,0.0
00824-Dd4bFSTQ8gi,0_4,163,dustpan,0,0,0,0.0
00824-Dd4bFSTQ8gi,0_4,164,dvd,0,0,0,0.0
00824-Dd4bFSTQ8gi,0_4,165,easel,0,0,0,0.0
00824-Dd4bFSTQ8gi,0_4,166,electric hub,0,0,0,0.0
00824-Dd4bFSTQ8gi,0_4,167,electric wire casing,0,0,0,0.0
00824-Dd4bFSTQ8gi,0_4,168,electrical box,0,0,0,0.0
00824-Dd4bFSTQ8gi,0_4,169,electrical device,0,0,0,0.0
00824-Dd4bFSTQ8gi,0_4,170,electrical installation,0,0,0,0.0
00824-Dd4bFSTQ8gi,0_4,171,elevator,0,0,0,0.0
00824-Dd4bFSTQ8gi,0_4,172,exercise ball,0,0,0,0.0
00824-Dd4bFSTQ8gi,0_4,173,exercise bike,0,0,0,0.0
00824-Dd4bFSTQ8gi,0_4,174,exercise equipment,0,0,0,0.0
00824-Dd4bFSTQ8gi,0_4,175,exercise ladder,0,0,0,0.0
00824-Dd4bFSTQ8gi,0_4,176,exercise mat,0,0,0,0.0
00824-Dd4bFSTQ8gi,0_4,177,exhibition panel,0,0,0,0.0
00824-Dd4bFSTQ8gi,0_4,178,extractor hood,0,1,0,0.0
00824-Dd4bFSTQ8gi,0_4,179,eyeglasses,0,0,0,0.0
00824-Dd4bFSTQ8gi,0_4,180,fan,0,1,0,0.0
00824-Dd4bFSTQ8gi,0_4,181,faucet,0,0,0,0.0
00824-Dd4bFSTQ8gi,0_4,182,fire extinguisher,0,0,0,0.0
00824-Dd4bFSTQ8gi,0_4,183,fireplace,0,1,0,0.0
00824-Dd4bFSTQ8gi,0_4,184,fireplace tool set,0,0,0,0.0
00824-Dd4bFSTQ8gi,0_4,185,firewood,0,0,0,0.0
00824-Dd4bFSTQ8gi,0_4,186,fishing rod,0,0,0,0.0
00824-Dd4bFSTQ8gi,0_4,187,flag,0,0,0,0.0
00824-Dd4bFSTQ8gi,0_4,188,flashlight,0,0,0,0.0
00824-Dd4bFSTQ8gi,0_4,189,floor stand,0,0,0,0.0
00824-Dd4bFSTQ8gi,0_4,190,flower stand,0,0,0,0.0
00824-Dd4bFSTQ8gi,0_4,191,flowerbed,0,0,0,0.0
00824-Dd4bFSTQ8gi,0_4,192,flush,0,0,0,0.0
00824-Dd4bFSTQ8gi,0_4,193,flush button,0,0,0,0.0
00824-Dd4bFSTQ8gi,0_4,194,flush push,0,0,0,0.0
00824-Dd4bFSTQ8gi,0_4,195,foam,0,0,0,0.9331715584539678
00824-Dd4bFSTQ8gi,0_4,196,folding stand,0,0,0,0.0
00824-Dd4bFSTQ8gi,0_4,197,food,0,0,0,0.0
00824-Dd4bFSTQ8gi,0_4,198,food processor,0,0,0,0.0
00824-Dd4bFSTQ8gi,0_4,199,food stand,0,0,0,0.0
00824-Dd4bFSTQ8gi,0_4,200,foosball table,0,0,0,0.0
00824-Dd4bFSTQ8gi,0_4,201,foot spa,0,0,0,0.0
00824-Dd4bFSTQ8gi,0_4,202,football,0,0,0,0.0
00824-Dd4bFSTQ8gi,0_4,203,footstool,0,0,0,0.0
00824-Dd4bFSTQ8gi,0_4,204,frame,0,0,0,0.0
00824-Dd4bFSTQ8gi,0_4,205,fruit,0,0,0,0.0
00824-Dd4bFSTQ8gi,0_4,206,fume cupboard,0,0,0,0.0
00824-Dd4bFSTQ8gi,0_4,207,fur,0,0,0,0.0
00824-Dd4bFSTQ8gi,0_4,208,furnace,0,0,0,0.0
00824-Dd4bFSTQ8gi,0_4,209,furniture,0,0,0,0.0
00824-Dd4bFSTQ8gi,0_4,210,game,0,0,0,0.0
00824-Dd4bFSTQ8gi,0_4,211,game console,0,0,0,0.0
00824-Dd4bFSTQ8gi,0_4,212,gap,0,0,0,0.0
00824-Dd4bFSTQ8gi,0_4,213,garage door motor,0,0,0,0.0
00824-Dd4bFSTQ8gi,0_4,214,garage door opener,0,0,0,0.0
00824-Dd4bFSTQ8gi,0_4,215,garage door opener railing,0,0,0,0.0
00824-Dd4bFSTQ8gi,0_4,216,gas box,0,0,0,0.0
00824-Dd4bFSTQ8gi,0_4,217,gas container,0,0,0,0.0
00824-Dd4bFSTQ8gi,0_4,218,gas meter,0,0,0,0.0
00824-Dd4bFSTQ8gi,0_4,219,gauge,0,0,0,0.0
00824-Dd4bFSTQ8gi,0_4,220,gift,0,0,0,0.0
00824-Dd4bFSTQ8gi,0_4,221,glass,0,0,0,0.0
00824-Dd4bFSTQ8gi,0_4,222,glasses,0,0,0,0.0
00824-Dd4bFSTQ8gi,0_4,223,globe,0,0,0,0.0
00824-Dd4bFSTQ8gi,0_4,224,globe stand,0,0,0,0.0
00824-Dd4bFSTQ8gi,0_4,225,gloves,0,0,0,0.0
00824-Dd4bFSTQ8gi,0_4,226,glue,0,0,0,0.0
00824-Dd4bFSTQ8gi,0_4,227,goalpost,0,0,0,0.0
00824-Dd4bFSTQ8gi,0_4,228,golf sticks,0,0,0,0.0
00824-Dd4bFSTQ8gi,0_4,229,grab bar,0,0,0,0.0
00824-Dd4bFSTQ8gi,0_4,230,grass,0,0,0,0.0
00824-Dd4bFSTQ8gi,0_4,231,grate,0,0,0,0.0
00824-Dd4bFSTQ8gi,0_4,232,gravel,0,0,0,0.0
00824-Dd4bFSTQ8gi,0_4,233,groceries,0,0,0,0.0
00824-Dd4bFSTQ8gi,0_4,234,guitar,0,0,0,0.0
00824-Dd4bFSTQ8gi,0_4,235,gun,0,0,0,0.0
00824-Dd4bFSTQ8gi,0_4,236,gym rope,0,0,0,0.0
00824-Dd4bFSTQ8gi,0_4,237,hair brush,0,0,0,0.0
00824-Dd4bFSTQ8gi,0_4,238,hair dryer,0,0,0,0.0
00824-Dd4bFSTQ8gi,0_4,239,hammer,0,0,0,0.0
00824-Dd4bFSTQ8gi,0_4,240,hammock,0,0,0,0.0
00824-Dd4bFSTQ8gi,0_4,241,hand dryer,0,0,0,0.0
00824-Dd4bFSTQ8gi,0_4,242,handcart,0,0,0,0.0
00824-Dd4bFSTQ8gi,0_4,243,handkerchiefs,0,0,0,0.0
00824-Dd4bFSTQ8gi,0_4,244,handle,0,0,0,0.9997962971861082
00824-Dd4bFSTQ8gi,0_4,245,hanger,0,0,0,0.0
00824-Dd4bFSTQ8gi,0_4,246,hat,0,0,0,0.0
00824-Dd4bFSTQ8gi,0_4,247,hatch,0,0,0,0.0
00824-Dd4bFSTQ8gi,0_4,248,headboard,0,0,0,0.0
00824-Dd4bFSTQ8gi,0_4,249,headphones,0,0,0,0.0
00824-Dd4bFSTQ8gi,0_4,250,heater,0,0,0,0.0
00824-Dd4bFSTQ8gi,0_4,251,heater piping,0,0,0,0.0
00824-Dd4bFSTQ8gi,0_4,252,holder,0,0,0,0.0
00824-Dd4bFSTQ8gi,0_4,253,holy cross,0,0,0,0.0
00824-Dd4bFSTQ8gi,0_4,254,hook,0,0,0,0.0
00824-Dd4bFSTQ8gi,0_4,255,hose,0,0,0,0.0
00824-Dd4bFSTQ8gi,0_4,256,hourglass,0,0,0,0.0
00824-Dd4bFSTQ8gi,0_4,257,hoverboard,0,0,0,0.0
00824-Dd4bFSTQ8gi,0_4,258,ice maker,0,0,0,0.0
00824-Dd4bFSTQ8gi,0_4,259,information,0,0,0,0.0
00824-Dd4bFSTQ8gi,0_4,260,installation,0,0,0,0.0
00824-Dd4bFSTQ8gi,0_4,261,instrument,0,0,0,0.0
00824-Dd4bFSTQ8gi,0_4,262,iron,0,0,0,0.0
00824-Dd4bFSTQ8gi,0_4,263,ironing board,0,0,0,0.0
00824-Dd4bFSTQ8gi,0_4,264,jewelry,0,0,0,0.0
00824-Dd4bFSTQ8gi,0_4,265,jug,0,0,0,0.0
00824-Dd4bFSTQ8gi,0_4,266,keg,0,0,0,0.0
00824-Dd4bFSTQ8gi,0_4,267,kettle,0,0,0,0.0
00824-Dd4bFSTQ8gi,0_4,268,keys,0,0,0,0.0
00824-Dd4bFSTQ8gi,0_4,269,kitchen appliance,0,0,0,0.0
00824-Dd4bFSTQ8gi,0_4,270,kitchen handle,0,0,0,0.0
00824-Dd4bFSTQ8gi,0_4,271,kitchen island,0,0,0,0.0
00824-Dd4bFSTQ8gi,0_4,272,kitchen utensil,0,0,0,0.0
00824-Dd4bFSTQ8gi,0_4,273,knife,0,0,0,0.0
00824-Dd4bFSTQ8gi,0_4,274,knob,0,0,0,0.0
00824-Dd4bFSTQ8gi,0_4,275,lace doily,0,0,0,0.0
00824-Dd4bFSTQ8gi,0_4,276,ladder,0,0,0,0.0
00824-Dd4bFSTQ8gi,0_4,277,landing,0,0,0,0.0
00824-Dd4bFSTQ8gi,0_4,278,laundry,0,0,0,0.0
00824-Dd4bFSTQ8gi,0_4,279,lawn mower,0,0,0,0.0
00824-Dd4bFSTQ8gi,0_4,280,level,0,0,0,0.0
00824-Dd4bFSTQ8gi,0_4,281,lid,0,0,0,0.0
00824-Dd4bFSTQ8gi,0_4,282,light,1,1,1,0.0
00824-Dd4bFSTQ8gi,0_4,283,lighter,0,0,0,0.0
00824-Dd4bFSTQ8gi,0_4,284,liquid,0,0,0,0.0
00824-Dd4bFSTQ8gi,0_4,285,locker,0,0,0,0.0
00824-Dd4bFSTQ8gi,0_4,286,machine,0,0,0,0.0
00824-Dd4bFSTQ8gi,0_4,287,mailbox,0,0,0,0.0
00824-Dd4bFSTQ8gi,0_4,288,mannequin,0,0,0,0.0
00824-Dd4bFSTQ8gi,0_4,289,map,0,0,0,0.0
00824-Dd4bFSTQ8gi,0_4,290,mascot,0,0,0,0.0
00824-Dd4bFSTQ8gi,0_4,291,massage bed,0,0,0,0.0
00824-Dd4bFSTQ8gi,0_4,292,material,0,0,0,0.0
00824-Dd4bFSTQ8gi,0_4,293,measuring tape,0,0,0,0.0
00824-Dd4bFSTQ8gi,0_4,294,medical lamp,0,0,0,0.0
00824-Dd4bFSTQ8gi,0_4,295,medical object,0,0,0,0.0
00824-Dd4bFSTQ8gi,0_4,296,menu,0,0,0,0.0
00824-Dd4bFSTQ8gi,0_4,297,meshwork,0,0,0,0.0
00824-Dd4bFSTQ8gi,0_4,298,meter,0,0,0,0.0
00824-Dd4bFSTQ8gi,0_4,299,microphone,0,0,0,0.0
00824-Dd4bFSTQ8gi,0_4,300,microphone accessory,0,0,0,0.0
00824-Dd4bFSTQ8gi,0_4,301,microwave,0,1,0,0.0
00824-Dd4bFSTQ8gi,0_4,302,mirror,1,1,1,0.705549205836811
00824-Dd4bFSTQ8gi,0_4,303,model,0,0,0,0.7185760110042013
00824-Dd4bFSTQ8gi,0_4,304,modem,0,0,0,0.0
00824-Dd4bFSTQ8gi,0_4,305,mop,0,0,0,0.0
00824-Dd4bFSTQ8gi,0_4,306,mortar,0,0,0,0.0
00824-Dd4bFSTQ8gi,0_4,307,motorcycle,0,0,0,0.0
00824-Dd4bFSTQ8gi,0_4,308,music equipment,0,0,0,0.0
00824-Dd4bFSTQ8gi,0_4,309,napkin,0,0,0,0.0
00824-Dd4bFSTQ8gi,0_4,310,nightstand,0,0,0,0.0
00824-Dd4bFSTQ8gi,0_4,311,oar,0,0,0,0.0
00824-Dd4bFSTQ8gi,0_4,312,object,0,0,0,0.0
00824-Dd4bFSTQ8gi,0_4,313,objects,0,0,0,0.0
00824-Dd4bFSTQ8gi,0_4,314,outlet,0,0,0,0.0
00824-Dd4bFSTQ8gi,0_4,315,oven,0,1,0,0.0
00824-Dd4bFSTQ8gi,0_4,316,overhang,0,0,0,0.9895601210985661
00824-Dd4bFSTQ8gi,0_4,317,pad,0,0,0,0.0
00824-Dd4bFSTQ8gi,0_4,318,painting stuff,0,0,0,0.0
00824-Dd4bFSTQ8gi,0_4,319,pan,0,0,0,0.0
00824-Dd4bFSTQ8gi,0_4,320,panel,0,0,0,0.0
00824-Dd4bFSTQ8gi,0_4,321,pantry,0,0,0,0.0
00824-Dd4bFSTQ8gi,0_4,322,paper holder,0,0,0,0.0
00824-Dd4bFSTQ8gi,0_4,323,paper storage,0,0,0,0.0
00824-Dd4bFSTQ8gi,0_4,324,paper towel,0,0,0,0.0
00824-Dd4bFSTQ8gi,0_4,325,parapet,0,0,0,0.0
00824-Dd4bFSTQ8gi,0_4,326,partial,0,0,0,0.985964976089987
00824-Dd4bFSTQ8gi,0_4,327,pavement,0,0,0,0.0
00824-Dd4bFSTQ8gi,0_4,328,pedestal,0,0,0,0.0
00824-Dd4bFSTQ8gi,0_4,329,pen,0,0,0,0.0
00824-Dd4bFSTQ8gi,0_4,330,pendant,0,0,0,0.0
00824-Dd4bFSTQ8gi,0_4,331,pet bed,0,0,0,0.0
00824-Dd4bFSTQ8gi,0_4,332,pet bowl,0,0,0,0.0
00824-Dd4bFSTQ8gi,0_4,333,phone,0,0,0,0.0
00824-Dd4bFSTQ8gi,0_4,334,photo mount,0,0,0,0.0
00824-Dd4bFSTQ8gi,0_4,335,photo stand,0,0,0,0.0
00824-Dd4bFSTQ8gi,0_4,336,piano,0,0,0,0.0
00824-Dd4bFSTQ8gi,0_4,337,pillow,0,1,0,0.0
00824-Dd4bFSTQ8gi,0_4,338,pitchfork,0,0,0,0.0
00824-Dd4bFSTQ8gi,0_4,339,place mat,0,0,0,0.0
00824-Dd4bFSTQ8gi,0_4,340,plane,0,0,0,0.0
00824-Dd4bFSTQ8gi,0_4,341,plank,0,0,0,0.0
00824-Dd4bFSTQ8gi,0_4,342,plant,0,1,0,0.0
00824-Dd4bFSTQ8gi,0_4,343,plant ornament,0,0,0,0.0
00824-Dd4bFSTQ8gi,0_4,344,platform,0,0,0,0.0
00824-Dd4bFSTQ8gi,0_4,345,playpen,0,0,0,0.0
00824-Dd4bFSTQ8gi,0_4,346,plenum box,0,0,0,0.0
00824-Dd4bFSTQ8gi,0_4,347,pliers,0,0,0,0.0
00824-Dd4bFSTQ8gi,0_4,348,plumbing,0,0,0,0.0
00824-Dd4bFSTQ8gi,0_4,349,plunger,0,0,0,0.0
00824-Dd4bFSTQ8gi,0_4,350,podium,0,1,0,0.0
00824-Dd4bFSTQ8gi,0_4,351,pole,0,0,0,0.0
00824-Dd4bFSTQ8gi,0_4,352,pool,0,0,0,0.0
00824-Dd4bFSTQ8gi,0_4,353,pool table,0,0,0,0.0
00824-Dd4bFSTQ8gi,0_4,354,porcelain,0,0,0,0.0
00824-Dd4bFSTQ8gi,0_4,355,poster,0,0,0,0.0
00824-Dd4bFSTQ8gi,0_4,356,pot,0,0,0,0.0
00824-Dd4bFSTQ8gi,0_4,357,pot lid,0,0,0,0.0
00824-Dd4bFSTQ8gi,0_4,358,pouches,0,0,0,0.0
00824-Dd4bFSTQ8gi,0_4,359,press,0,0,0,0.0
00824-Dd4bFSTQ8gi,0_4,360,pressure washer,0,0,0,0.0
00824-Dd4bFSTQ8gi,0_4,361,printer,0,0,0,0.0
00824-Dd4bFSTQ8gi,0_4,362,product,0,0,0,0.0
00824-Dd4bFSTQ8gi,0_4,363,products,0,0,0,0.0
00824-Dd4bFSTQ8gi,0_4,364,prop,0,0,0,0.0
00824-Dd4bFSTQ8gi,0_4,365,pump,0,0,0,0.0
00824-Dd4bFSTQ8gi,0_4,366,punchbag,0,0,0,0.0
00824-Dd4bFSTQ8gi,0_4,367,puppet,0,0,0,0.0
00824-Dd4bFSTQ8gi,0_4,368,rag,0,0,0,0.0
00824-Dd4bFSTQ8gi,0_4,369,rail,0,0,0,0.6170868913007483
00824-Dd4bFSTQ8gi,0_4,370,rake,0,0,0,0.0
00824-Dd4bFSTQ8gi,0_4,371,receipt printer,0,0,0,0.0
00824-Dd4bFSTQ8gi,0_4,372,records,0,0,0,0.0
00824-Dd4bFSTQ8gi,0_4,373,recuperator,0,0,0,0.0
00824-Dd4bFSTQ8gi,0_4,374,refrigerator,0,1,0,0.0
00824-Dd4bFSTQ8gi,0_4,375,remote control,0,0,0,0.0
00824-Dd4bFSTQ8gi,0_4,376,rice cooker,0,0,0,0.0
00824-Dd4bFSTQ8gi,0_4,377,riser,0,0,0,0.0
00824-Dd4bFSTQ8gi,0_4,378,rocking horse,0,0,0,0.0
00824-Dd4bFSTQ8gi,0_4,379,rod,0,0,0,0.0
00824-Dd4bFSTQ8gi,0_4,380,roll,0,0,0,0.0
00824-Dd4bFSTQ8gi,0_4,381,rope,0,0,0,0.0
00824-Dd4bFSTQ8gi,0_4,382,router,0,0,0,0.0
00824-Dd4bFSTQ8gi,0_4,383,rug,0,1,0,0.0
00824-Dd4bFSTQ8gi,0_4,384,safe,0,0,0,0.0
00824-Dd4bFSTQ8gi,0_4,385,saturator,0,0,0,0.0
00824-Dd4bFSTQ8gi,0_4,386,sauna,0,0,0,0.0
00824-Dd4bFSTQ8gi,0_4,387,saw,0,0,0,0.0
00824-Dd4bFSTQ8gi,0_4,388,saxophone,0,0,0,0.0
00824-Dd4bFSTQ8gi,0_4,389,scale,0,0,0,0.0
00824-Dd4bFSTQ8gi,0_4,390,scanner,0,0,0,0.0
00824-Dd4bFSTQ8gi,0_4,391,screen,0,0,0,0.0
00824-Dd4bFSTQ8gi,0_4,392,screen frame,0,0,0,0.0
00824-Dd4bFSTQ8gi,0_4,393,screwdriver,0,0,0,0.0
00824-Dd4bFSTQ8gi,0_4,394,sculpture,0,0,0,0.0
00824-Dd4bFSTQ8gi,0_4,395,security camera,0,0,0,0.0
00824-Dd4bFSTQ8gi,0_4,396,self-closing mechanism,0,0,0,0.0
00824-Dd4bFSTQ8gi,0_4,397,sensor,0,0,0,0.0
00824-Dd4bFSTQ8gi,0_4,398,separator,0,0,0,0.0
00824-Dd4bFSTQ8gi,0_4,399,set of valves,0,0,0,0.0
00824-Dd4bFSTQ8gi,0_4,400,sewing machine,0,0,0,0.0
00824-Dd4bFSTQ8gi,0_4,401,sewing tools,0,0,0,0.0
00824-Dd4bFSTQ8gi,0_4,402,shampoo,0,0,0,0.0
00824-Dd4bFSTQ8gi,0_4,403,sheet music,0,0,0,0.0
00824-Dd4bFSTQ8gi,0_4,404,sheets / clothes,0,0,0,0.0
00824-Dd4bFSTQ8gi,0_4,405,shelf,0,1,0,0.0
00824-Dd4bFSTQ8gi,0_4,406,ship toy,0,0,0,0.0
00824-Dd4bFSTQ8gi,0_4,407,shisha,0,0,0,0.0
00824-Dd4bFSTQ8gi,0_4,408,shoe,0,0,0,0.0
00824-Dd4bFSTQ8gi,0_4,409,shoe rack,0,0,0,0.0
00824-Dd4bFSTQ8gi,0_4,410,shoehorn,0,0,0,0.0
00824-Dd4bFSTQ8gi,0_4,411,shovel,0,0,0,0.0
00824-Dd4bFSTQ8gi,0_4,412,shower,0,0,0,0.0
00824-Dd4bFSTQ8gi,0_4,413,shower seat,0,0,0,0.0
00824-Dd4bFSTQ8gi,0_4,414,shredder,0,0,0,0.0
00824-Dd4bFSTQ8gi,0_4,415,side table,0,0,0,0.0
00824-Dd4bFSTQ8gi,0_4,416,sideboard,0,0,0,0.0
00824-Dd4bFSTQ8gi,0_4,417,sign,0,0,0,0.0
00824-Dd4bFSTQ8gi,0_4,418,silicone gun,0,0,0,0.0
00824-Dd4bFSTQ8gi,0_4,419,silicone tube,0,0,0,0.0
00824-Dd4bFSTQ8gi,0_4,420,sink,0,1,0,0.9230841325467984
00824-Dd4bFSTQ8gi,0_4,421,skateboard,0,0,0,0.0
00824-Dd4bFSTQ8gi,0_4,422,skates,0,0,0,0.0
00824-Dd4bFSTQ8gi,0_4,423,ski,0,0,0,0.0
00824-Dd4bFSTQ8gi,0_4,424,sky,0,0,0,0.0
00824-Dd4bFSTQ8gi,0_4,425,sled,0,0,0,0.0
00824-Dd4bFSTQ8gi,0_4,426,sleeping bag,0,0,0,0.0
00824-Dd4bFSTQ8gi,0_4,427,smoke detector,1,1,1,0.0
00824-Dd4bFSTQ8gi,0_4,428,snack,0,0,0,0.0
00824-Dd4bFSTQ8gi,0_4,429,soap,0,0,0,0.0
00824-Dd4bFSTQ8gi,0_4,430,socks,0,0,0,0.0
00824-Dd4bFSTQ8gi,0_4,431,sofa,0,1,0,0.0
00824-Dd4bFSTQ8gi,0_4,432,solarium,0,0,0,0.0
00824-Dd4bFSTQ8gi,0_4,433,speaker,0,0,0,0.0
00824-Dd4bFSTQ8gi,0_4,434,speaker stand,0,0,0,0.0
00824-Dd4bFSTQ8gi,0_4,435,spices,0,0,0,0.0
00824-Dd4bFSTQ8gi,0_4,436,sponge,0,0,0,0.0
00824-Dd4bFSTQ8gi,0_4,437,spray can,0,0,0,0.0
00824-Dd4bFSTQ8gi,0_4,438,sprinkler,0,0,0,0.0
00824-Dd4bFSTQ8gi,0_4,439,square,0,0,0,0.0
00824-Dd4bFSTQ8gi,0_4,440,stack,0,0,0,0.0
00824-Dd4bFSTQ8gi,0_4,441,stack of books / papers,0,0,0,0.0
00824-Dd4bFSTQ8gi,0_4,442,stack of stuff,0,0,0,0.0
00824-Dd4bFSTQ8gi,0_4,443,stack of yarns,0,0,0,0.0
00824-Dd4bFSTQ8gi,0_4,444,stage,0,0,0,0.0
00824-Dd4bFSTQ8gi,0_4,445,stained glass,0,0,0,0.0
00824-Dd4bFSTQ8gi,0_4,446,stand,0,0,0,0.0
00824-Dd4bFSTQ8gi,0_4,447,star,0,0,0,0.0
00824-Dd4bFSTQ8gi,0_4,448,stationery,0,0,0,0.0
00824-Dd4bFSTQ8gi,0_4,449,steel plate,0,0,0,0.0
00824-Dd4bFSTQ8gi,0_4,450,step stool,0,0,0,0.0
00824-Dd4bFSTQ8gi,0_4,451,stick,0,0,0,0.0
00824-Dd4bFSTQ8gi,0_4,452,stone,0,0,0,0.0
00824-Dd4bFSTQ8gi,0_4,453,stonework,0,0,0,0.0
00824-Dd4bFSTQ8gi,0_4,454,stool,0,1,0,0.0
00824-Dd4bFSTQ8gi,0_4,455,storage,0,0,0,0.0
00824-Dd4bFSTQ8gi,0_4,456,strings,0,0,0,0.0
00824-Dd4bFSTQ8gi,0_4,457,stroke,0,0,0,0.0
00824-Dd4bFSTQ8gi,0_4,458,sunbed,0,0,0,0.0
00824-Dd4bFSTQ8gi,0_4,459,support,0,0,0,0.0
00824-Dd4bFSTQ8gi,0_4,460,surface,0,0,0,0.0
00824-Dd4bFSTQ8gi,0_4,461,surfboard,0,0,0,0.0
00824-Dd4bFSTQ8gi,0_4,462,swing,0,0,0,0.0
00824-Dd4bFSTQ8gi,0_4,463,switch,0,0,0,0.0
00824-Dd4bFSTQ8gi,0_4,464,table,0,1,0,0.0
00824-Dd4bFSTQ8gi,0_4,465,table cloth,0,0,0,0.0
00824-Dd4bFSTQ8gi,0_4,466,table pad,0,0,0,0.0
00824-Dd4bFSTQ8gi,0_4,467,table stand,0,0,0,0.0
00824-Dd4bFSTQ8gi,0_4,468,table tennis table,0,0,0,0.0
00824-Dd4bFSTQ8gi,0_4,469,tablet,0,0,0,0.0
00824-Dd4bFSTQ8gi,0_4,470,tambourine,0,0,0,0.0
00824-Dd4bFSTQ8gi,0_4,471,tea set,0,0,0,0.0
00824-Dd4bFSTQ8gi,0_4,472,telescope,0,0,0,0.0
00824-Dd4bFSTQ8gi,0_4,473,tennis racket,0,0,0,0.0
00824-Dd4bFSTQ8gi,0_4,474,tent,0,0,0,0.0
00824-Dd4bFSTQ8gi,0_4,475,thermometer,0,0,0,0.0
00824-Dd4bFSTQ8gi,0_4,476,thermostat,0,0,0,0.0
00824-Dd4bFSTQ8gi,0_4,477,three,0,0,0,0.0
00824-Dd4bFSTQ8gi,0_4,478,tile,0,0,0,1.0
00824-Dd4bFSTQ8gi,0_4,479,tire,0,0,0,0.0
00824-Dd4bFSTQ8gi,0_4,480,tissue,0,1,0,0.7835684672748766
00824-Dd4bFSTQ8gi,0_4,481,title,0,0,0,0.0
00824-Dd4bFSTQ8gi,0_4,482,toaster,0,0,0,0.0
00824-Dd4bFSTQ8gi,0_4,483,toaster oven,0,0,0,0.0
00824-Dd4bFSTQ8gi,0_4,484,toilet,0,1,0,0.0
00824-Dd4bFSTQ8gi,0_4,485,toilet brush,0,1,0,0.0
00824-Dd4bFSTQ8gi,0_4,486,toilet cleaner,0,0,0,0.0
00824-Dd4bFSTQ8gi,0_4,487,toilet paper,0,1,0,0.0
00824-Dd4bFSTQ8gi,0_4,488,toiletry,0,0,0,0.0
00824-Dd4bFSTQ8gi,0_4,489,tool,0,0,0,0.0
00824-Dd4bFSTQ8gi,0_4,490,tool rack,0,0,0,0.0
00824-Dd4bFSTQ8gi,0_4,491,toothbrush,0,0,0,0.0
00824-Dd4bFSTQ8gi,0_4,492,toothpaste,0,0,0,0.0
00824-Dd4bFSTQ8gi,0_4,493,towel,0,1,0,0.0
00824-Dd4bFSTQ8gi,0_4,494,towel bar,0,1,0,0.0
00824-Dd4bFSTQ8gi,0_4,495,toy,0,0,0,0.0
00824-Dd4bFSTQ8gi,0_4,496,traffic cone,0,0,0,0.0
00824-Dd4bFSTQ8gi,0_4,497,trampoline,0,0,0,0.0
00824-Dd4bFSTQ8gi,0_4,498,trash bag,0,0,0,0.0
00824-Dd4bFSTQ8gi,0_4,499,tray,0,1,0,0.0
00824-Dd4bFSTQ8gi,0_4,500,treadmill,0,0,0,0.0
00824-Dd4bFSTQ8gi,0_4,501,tree,0,0,0,0.0
00824-Dd4bFSTQ8gi,0_4,502,tree branch,0,0,0,0.0
00824-Dd4bFSTQ8gi,0_4,503,trimmer,0,0,0,0.0
00824-Dd4bFSTQ8gi,0_4,504,tripod,0,0,0,0.0
00824-Dd4bFSTQ8gi,0_4,505,trolley,0,0,0,0.0
00824-Dd4bFSTQ8gi,0_4,506,trombone,0,0,0,0.0
00824-Dd4bFSTQ8gi,0_4,507,trophy,0,0,0,0.0
00824-Dd4bFSTQ8gi,0_4,508,trough,0,0,0,0.0
00824-Dd4bFSTQ8gi,0_4,509,trumpet,0,0,0,0.0
00824-Dd4bFSTQ8gi,0_4,510,tv,0,0,0,0.0
00824-Dd4bFSTQ8gi,0_4,511,tv stand,0,0,0,0.0
00824-Dd4bFSTQ8gi,0_4,512,typewriter,0,0,0,0.0
00824-Dd4bFSTQ8gi,0_4,513,ukulele,0,0,0,0.0
00824-Dd4bFSTQ8gi,0_4,514,umbrella,0,0,0,0.0
00824-Dd4bFSTQ8gi,0_4,515,umbrella stand,0,0,0,0.0
00824-Dd4bFSTQ8gi,0_4,516,unknown,0,0,0,0.0
00824-Dd4bFSTQ8gi,0_4,517,vacuum cleaner,0,0,0,0.0
00824-Dd4bFSTQ8gi,0_4,518,vanity,0,0,0,0.0
00824-Dd4bFSTQ8gi,0_4,519,vase,0,1,0,0.0
00824-Dd4bFSTQ8gi,0_4,520,vegetables,0,0,0,0.0
00824-Dd4bFSTQ8gi,0_4,521,vessel,0,0,0,0.0
00824-Dd4bFSTQ8gi,0_4,522,vinyl records,0,0,0,0.0
00824-Dd4bFSTQ8gi,0_4,523,violin,0,0,0,0.0
00824-Dd4bFSTQ8gi,0_4,524,violin case,0,0,0,0.0
00824-Dd4bFSTQ8gi,0_4,525,waffle iron,0,0,0,0.0
00824-Dd4bFSTQ8gi,0_4,526,wardrobe,0,1,0,0.0
00824-Dd4bFSTQ8gi,0_4,527,washing machine,0,0,0,0.0
00824-Dd4bFSTQ8gi,0_4,528,washing powder,0,0,0,0.0
00824-Dd4bFSTQ8gi,0_4,529,washing stuff,0,0,0,0.0
00824-Dd4bFSTQ8gi,0_4,530,watch,0,0,0,0.0
00824-Dd4bFSTQ8gi,0_4,531,water dispenser,0,0,0,0.0
00824-Dd4bFSTQ8gi,0_4,532,water heater,0,0,0,0.0
00824-Dd4bFSTQ8gi,0_4,533,water meter,0,0,0,0.0
00824-Dd4bFSTQ8gi,0_4,534,water pump,0,0,0,0.0
00824-Dd4bFSTQ8gi,0_4,535,water tank,0,0,0,0.0
00824-Dd4bFSTQ8gi,0_4,536,watering can,0,0,0,0.0
00824-Dd4bFSTQ8gi,0_4,537,weight,0,0,0,0.0
00824-Dd4bFSTQ8gi,0_4,538,weight bench,0,0,0,0.0
00824-Dd4bFSTQ8gi,0_4,539,weights,0,0,0,0.0
00824-Dd4bFSTQ8gi,0_4,540,wheel,0,0,0,0.0
00824-Dd4bFSTQ8gi,0_4,541,wheelbarrow,0,0,0,0.0
00824-Dd4bFSTQ8gi,0_4,542,window shade,0,0,0,0.0
00824-Dd4bFSTQ8gi,0_4,543,wine,0,0,0,0.0
00824-Dd4bFSTQ8gi,0_4,544,wine storage,0,0,0,0.0
00824-Dd4bFSTQ8gi,0_4,545,wood,0,0,0,0.0
00824-Dd4bFSTQ8gi,0_4,546,wrench,0,0,0,0.0
00824-Dd4bFSTQ8gi,0_5,0,acoustic panel,0,0,0,0.0
00824-Dd4bFSTQ8gi,0_5,1,air conditioner,0,1,0,0.0
00824-Dd4bFSTQ8gi,0_5,2,air freshener,0,0,0,0.0
00824-Dd4bFSTQ8gi,0_5,3,air hockey,0,0,0,0.0
00824-Dd4bFSTQ8gi,0_5,4,air purifier,0,0,0,0.0
00824-Dd4bFSTQ8gi,0_5,5,aisle frame,0,0,0,0.0
00824-Dd4bFSTQ8gi,0_5,6,alarm,0,0,0,0.0
00824-Dd4bFSTQ8gi,0_5,7,album,0,0,0,0.0
00824-Dd4bFSTQ8gi,0_5,8,amplifier,0,0,0,0.0
00824-Dd4bFSTQ8gi,0_5,9,appliance,0,0,0,0.9479887500323328
00824-Dd4bFSTQ8gi,0_5,10,apron,0,0,0,0.0
00824-Dd4bFSTQ8gi,0_5,11,aquarium,0,0,0,0.0
00824-Dd4bFSTQ8gi,0_5,12,arcade game,0,0,0,0.0
00824-Dd4bFSTQ8gi,0_5,13,artwork,1,1,3,0.999986600647195
00824-Dd4bFSTQ8gi,0_5,14,ashtray,0,0,0,0.0
00824-Dd4bFSTQ8gi,0_5,15,audio player,0,0,0,0.0
00824-Dd4bFSTQ8gi,0_5,16,axe,0,0,0,0.0
00824-Dd4bFSTQ8gi,0_5,17,baby changing table,0,0,0,0.0
00824-Dd4bFSTQ8gi,0_5,18,backrest,0,0,0,0.8382424190278797
00824-Dd4bFSTQ8gi,0_5,19,backsplash,0,0,0,0.0
00824-Dd4bFSTQ8gi,0_5,20,bag,0,0,0,0.0
00824-Dd4bFSTQ8gi,0_5,21,ball,0,0,0,0.0
00824-Dd4bFSTQ8gi,0_5,22,ball pool,0,0,0,0.0
00824-Dd4bFSTQ8gi,0_5,23,bar,0,0,0,0.0
00824-Dd4bFSTQ8gi,0_5,24,barbecue,0,0,0,0.0
00824-Dd4bFSTQ8gi,0_5,25,barrel,0,0,0,0.0
00824-Dd4bFSTQ8gi,0_5,26,base,0,0,0,0.0
00824-Dd4bFSTQ8gi,0_5,27,baseball bat,0,0,0,0.0
00824-Dd4bFSTQ8gi,0_5,28,basket,0,0,0,0.0
00824-Dd4bFSTQ8gi,0_5,29,basketball hoop,0,0,0,0.0
00824-Dd4bFSTQ8gi,0_5,30,basketballs,0,0,0,0.0
00824-Dd4bFSTQ8gi,0_5,31,bathroom accessory,0,0,0,0.0
00824-Dd4bFSTQ8gi,0_5,32,bathtub,0,1,0,0.0
00824-Dd4bFSTQ8gi,0_5,33,bed,0,1,0,0.0
00824-Dd4bFSTQ8gi,0_5,34,bed ladder,0,0,0,0.0
00824-Dd4bFSTQ8gi,0_5,35,beer crate,0,0,0,0.0
00824-Dd4bFSTQ8gi,0_5,36,bell,0,0,0,0.0
00824-Dd4bFSTQ8gi,0_5,37,belt,0,0,0,0.0
00824-Dd4bFSTQ8gi,0_5,38,bench,1,1,1,0.0
00824-Dd4bFSTQ8gi,0_5,39,beverage dispenser,0,0,0,0.0
00824-Dd4bFSTQ8gi,0_5,40,bicycle,0,0,0,0.0
00824-Dd4bFSTQ8gi,0_5,41,bicycle helmet,0,0,0,0.0
00824-Dd4bFSTQ8gi,0_5,42,bin,0,1,0,0.0
00824-Dd4bFSTQ8gi,0_5,43,birdhouse,0,0,0,0.0
00824-Dd4bFSTQ8gi,0_5,44,blanket,0,1,0,0.0
00824-Dd4bFSTQ8gi,0_5,45,board,0,0,0,0.0
00824-Dd4bFSTQ8gi,0_5,46,board game,0,0,0,0.0
00824-Dd4bFSTQ8gi,0_5,47,board with keys,0,0,0,0.0
00824-Dd4bFSTQ8gi,0_5,48,book,0,1,0,0.39043093446081567
00824-Dd4bFSTQ8gi,0_5,49,bottle,0,0,0,0.0
00824-Dd4bFSTQ8gi,0_5,50,bottle dispenser,0,0,0,0.0
00824-Dd4bFSTQ8gi,0_5,51,bottle opener,0,0,0,0.0
00824-Dd4bFSTQ8gi,0_5,52,bowl,0,1,0,0.0
00824-Dd4bFSTQ8gi,0_5,53,box,0,0,0,0.45142409056656185
00824-Dd4bFSTQ8gi,0_5,54,boxing ring,0,0,0,0.0
00824-Dd4bFSTQ8gi,0_5,55,bread,0,0,0,0.0
00824-Dd4bFSTQ8gi,0_5,56,bread box,0,0,0,0.0
00824-Dd4bFSTQ8gi,0_5,57,bricks,0,0,0,0.0
00824-Dd4bFSTQ8gi,0_5,58,bridge,0,0,0,0.0
00824-Dd4bFSTQ8gi,0_5,59,broom,0,0,0,0.0
00824-Dd4bFSTQ8gi,0_5,60,brush,0,0,0,0.0
00824-Dd4bFSTQ8gi,0_5,61,bucket,0,0,0,0.0
00824-Dd4bFSTQ8gi,0_5,62,buffet,0,0,0,0.0
00824-Dd4bFSTQ8gi,0_5,63,button,0,0,0,0.0
00824-Dd4bFSTQ8gi,0_5,64,cabinet,1,1,7,0.990865585890358
00824-Dd4bFSTQ8gi,0_5,65,cable,0,0,0,0.0
00824-Dd4bFSTQ8gi,0_5,66,cage,0,0,0,0.0
00824-Dd4bFSTQ8gi,0_5,67,cake,0,0,0,0.0
00824-Dd4bFSTQ8gi,0_5,68,calculator,0,0,0,0.0
00824-Dd4bFSTQ8gi,0_5,69,calendar,0,0,0,0.0
00824-Dd4bFSTQ8gi,0_5,70,camera,0,0,0,0.0
00824-Dd4bFSTQ8gi,0_5,71,can,0,0,0,0.0
00824-Dd4bFSTQ8gi,0_5,72,canal,0,0,0,0.0
00824-Dd4bFSTQ8gi,0_5,73,candelabra,0,0,0,0.0
00824-Dd4bFSTQ8gi,0_5,74,candle,0,0,0,0.0
00824-Dd4bFSTQ8gi,0_5,75,candle holder,0,0,0,0.0
00824-Dd4bFSTQ8gi,0_5,76,candle stand,0,0,0,0.0
00824-Dd4bFSTQ8gi,0_5,77,candlestick,0,0,0,0.0
00824-Dd4bFSTQ8gi,0_5,78,canoe,0,0,0,0.0
00824-Dd4bFSTQ8gi,0_5,79,canopy,0,0,0,0.0
00824-Dd4bFSTQ8gi,0_5,80,car,0,0,0,0.0
00824-Dd4bFSTQ8gi,0_5,81,card,0,0,0,0.0
00824-Dd4bFSTQ8gi,0_5,82,cardboard,0,0,0,0.9999528655435745
00824-Dd4bFSTQ8gi,0_5,83,cart,0,0,0,0.0
00824-Dd4bFSTQ8gi,0_5,84,cash register,0,0,0,0.0
00824-Dd4bFSTQ8gi,0_5,85,casket,0,0,0,0.0
00824-Dd4bFSTQ8gi,0_5,86,cassette,0,0,0,0.0
00824-Dd4bFSTQ8gi,0_5,87,cat,0,0,0,0.9999953591335777
00824-Dd4bFSTQ8gi,0_5,88,cat food,0,0,0,0.0
00824-Dd4bFSTQ8gi,0_5,89,cat litter box,0,0,0,0.0
00824-Dd4bFSTQ8gi,0_5,90,cat tree,0,0,0,0.0
00824-Dd4bFSTQ8gi,0_5,91,cd,0,0,0,0.0
00824-Dd4bFSTQ8gi,0_5,92,ceiling arch,0,0,0,0.9992328286602025
00824-Dd4bFSTQ8gi,0_5,93,ceiling chassis,0,0,0,0.8303663541387448
00824-Dd4bFSTQ8gi,0_5,94,ceiling ladder,0,0,0,0.0
00824-Dd4bFSTQ8gi,0_5,95,ceramics,0,0,0,0.0
00824-Dd4bFSTQ8gi,0_5,96,chain,0,0,0,0.0
00824-Dd4bFSTQ8gi,0_5,97,chair,1,1,6,0.9448805522276863
00824-Dd4bFSTQ8gi,0_5,98,chair stand,0,0,0,0.0
00824-Dd4bFSTQ8gi,0_5,99,chassis,0,0,0,0.0
00824-Dd4bFSTQ8gi,0_5,100,chest,0,0,0,0.0
00824-Dd4bFSTQ8gi,0_5,101,child car seat,0,0,0,0.0
00824-Dd4bFSTQ8gi,0_5,102,christmas tree,0,0,0,0.0
00824-Dd4bFSTQ8gi,0_5,103,clarinet,0,0,0,0.0
00824-Dd4bFSTQ8gi,0_5,104,cleaner,0,0,0,0.0
00824-Dd4bFSTQ8gi,0_5,105,clock,0,0,0,0.0
00824-Dd4bFSTQ8gi,0_5,106,closet door,0,0,0,1.0
00824-Dd4bFSTQ8gi,0_5,107,cloth,0,0,0,0.0
00824-Dd4bFSTQ8gi,0_5,108,cloth holder,0,0,0,0.0
00824-Dd4bFSTQ8gi,0_5,109,clothes,0,0,0,0.0
00824-Dd4bFSTQ8gi,0_5,110,clothes container,0,0,0,0.0
00824-Dd4bFSTQ8gi,0_5,111,clothes dryer,0,0,0,0.0
00824-Dd4bFSTQ8gi,0_5,112,clothes rack,0,0,0,0.0
00824-Dd4bFSTQ8gi,0_5,113,clutter,0,0,0,0.0
00824-Dd4bFSTQ8gi,0_5,114,coaster,0,0,0,0.0
00824-Dd4bFSTQ8gi,0_5,115,coffee maker,0,0,0,0.0
00824-Dd4bFSTQ8gi,0_5,116,coffee table,0,0,0,0.0
00824-Dd4bFSTQ8gi,0_5,117,compressor,0,0,0,0.0
00824-Dd4bFSTQ8gi,0_5,118,computer,0,0,0,0.0
00824-Dd4bFSTQ8gi,0_5,119,computer equipment,0,0,0,0.0
00824-Dd4bFSTQ8gi,0_5,120,cone,0,0,0,0.0
00824-Dd4bFSTQ8gi,0_5,121,construction stuff,0,0,0,0.0
00824-Dd4bFSTQ8gi,0_5,122,container,0,0,0,0.0
00824-Dd4bFSTQ8gi,0_5,123,controller,0,0,0,0.0
00824-Dd4bFSTQ8gi,0_5,124,cosmetics,0,0,0,0.0
00824-Dd4bFSTQ8gi,0_5,125,counter door,0,0,0,0.0
00824-Dd4bFSTQ8gi,0_5,126,countertop,0,1,0,0.7566585595822323
00824-Dd4bFSTQ8gi,0_5,127,countertop item,0,1,0,0.9999999999999998
00824-Dd4bFSTQ8gi,0_5,128,cover,0,0,0,0.0
00824-Dd4bFSTQ8gi,0_5,129,cross,0,0,0,0.0
00824-Dd4bFSTQ8gi,0_5,130,crutches,0,0,0,0.0
00824-Dd4bFSTQ8gi,0_5,131,cup,0,0,0,0.0
00824-Dd4bFSTQ8gi,0_5,132,curb,0,0,0,0.0
00824-Dd4bFSTQ8gi,0_5,133,curtain,0,1,0,0.0
00824-Dd4bFSTQ8gi,0_5,134,cushion,0,0,0,0.9970346208349998
00824-Dd4bFSTQ8gi,0_5,135,cutlery,0,0,0,0.0
00824-Dd4bFSTQ8gi,0_5,136,cyp,0,0,0,0.0
00824-Dd4bFSTQ8gi,0_5,137,dartboard,0,0,0,0.0
00824-Dd4bFSTQ8gi,0_5,138,decoder,0,0,0,0.0
00824-Dd4bFSTQ8gi,0_5,139,decoration,1,1,7,0.034896245120339175
00824-Dd4bFSTQ8gi,0_5,140,dehumidifier,0,0,0,0.0
00824-Dd4bFSTQ8gi,0_5,141,den,0,0,0,0.0
00824-Dd4bFSTQ8gi,0_5,142,desk,0,1,0,0.0
00824-Dd4bFSTQ8gi,0_5,143,desk door,0,0,0,0.0
00824-Dd4bFSTQ8gi,0_5,144,dinnerware,1,1,6,0.0
00824-Dd4bFSTQ8gi,0_5,145,diploma,0,0,0,0.0
00824-Dd4bFSTQ8gi,0_5,146,dirt ground,0,0,0,0.0
00824-Dd4bFSTQ8gi,0_5,147,dish rack,0,0,0,0.0
00824-Dd4bFSTQ8gi,0_5,148,dishwasher,1,1,1,0.0
00824-Dd4bFSTQ8gi,0_5,149,dispenser,0,0,0,0.0
00824-Dd4bFSTQ8gi,0_5,150,display case,0,0,0,0.0
00824-Dd4bFSTQ8gi,0_5,151,document,0,0,0,0.0
00824-Dd4bFSTQ8gi,0_5,152,document holder,0,0,0,0.0
00824-Dd4bFSTQ8gi,0_5,153,dog leash,0,0,0,0.0
00824-Dd4bFSTQ8gi,0_5,154,dog toy,0,0,0,0.0
00824-Dd4bFSTQ8gi,0_5,155,doily,0,0,0,0.0
00824-Dd4bFSTQ8gi,0_5,156,doll,0,0,0,0.0
00824-Dd4bFSTQ8gi,0_5,157,door screen,0,0,0,0.8958403764432836
00824-Dd4bFSTQ8gi,0_5,158,drawer,0,0,0,0.0
00824-Dd4bFSTQ8gi,0_5,159,drawer cart,0,0,0,0.0
00824-Dd4bFSTQ8gi,0_5,160,dressing table,0,0,0,0.0
00824-Dd4bFSTQ8gi,0_5,161,drill,0,0,0,0.0
00824-Dd4bFSTQ8gi,0_5,162,drum,0,0,0,0.0
00824-Dd4bFSTQ8gi,0_5,163,dustpan,0,0,0,0.0
00824-Dd4bFSTQ8gi,0_5,164,dvd,0,0,0,0.0
00824-Dd4bFSTQ8gi,0_5,165,easel,0,0,0,0.0
00824-Dd4bFSTQ8gi,0_5,166,electric hub,0,0,0,0.0
00824-Dd4bFSTQ8gi,0_5,167,electric wire casing,0,0,0,0.0
00824-Dd4bFSTQ8gi,0_5,168,electrical box,0,0,0,0.0
00824-Dd4bFSTQ8gi,0_5,169,electrical device,0,0,0,0.0
00824-Dd4bFSTQ8gi,0_5,170,electrical installation,0,0,0,0.0
00824-Dd4bFSTQ8gi,0_5,171,elevator,0,0,0,0.0
00824-Dd4bFSTQ8gi,0_5,172,exercise ball,0,0,0,0.0
00824-Dd4bFSTQ8gi,0_5,173,exercise bike,0,0,0,0.0
00824-Dd4bFSTQ8gi,0_5,174,exercise equipment,0,0,0,0.0
00824-Dd4bFSTQ8gi,0_5,175,exercise ladder,0,0,0,0.0
00824-Dd4bFSTQ8gi,0_5,176,exercise mat,0,0,0,0.0
00824-Dd4bFSTQ8gi,0_5,177,exhibition panel,0,0,0,0.0
00824-Dd4bFSTQ8gi,0_5,178,extractor hood,1,1,1,0.0
00824-Dd4bFSTQ8gi,0_5,179,eyeglasses,0,0,0,0.0
00824-Dd4bFSTQ8gi,0_5,180,fan,1,1,1,0.004291039139910913
00824-Dd4bFSTQ8gi,0_5,181,faucet,0,0,0,0.0
00824-Dd4bFSTQ8gi,0_5,182,fire extinguisher,0,0,0,0.0
00824-Dd4bFSTQ8gi,0_5,183,fireplace,0,1,0,0.0
00824-Dd4bFSTQ8gi,0_5,184,fireplace tool set,0,0,0,0.0
00824-Dd4bFSTQ8gi,0_5,185,firewood,0,0,0,0.0
00824-Dd4bFSTQ8gi,0_5,186,fishing rod,0,0,0,0.0
00824-Dd4bFSTQ8gi,0_5,187,flag,0,0,0,0.0
00824-Dd4bFSTQ8gi,0_5,188,flashlight,0,0,0,0.0
00824-Dd4bFSTQ8gi,0_5,189,floor stand,0,0,0,0.0
00824-Dd4bFSTQ8gi,0_5,190,flower stand,0,0,0,0.0
00824-Dd4bFSTQ8gi,0_5,191,flowerbed,0,0,0,0.0
00824-Dd4bFSTQ8gi,0_5,192,flush,0,0,0,0.0
00824-Dd4bFSTQ8gi,0_5,193,flush button,0,0,0,0.0
00824-Dd4bFSTQ8gi,0_5,194,flush push,0,0,0,0.0
00824-Dd4bFSTQ8gi,0_5,195,foam,0,0,0,0.0
00824-Dd4bFSTQ8gi,0_5,196,folding stand,0,0,0,0.0
00824-Dd4bFSTQ8gi,0_5,197,food,0,0,0,0.0
00824-Dd4bFSTQ8gi,0_5,198,food processor,0,0,0,0.0
00824-Dd4bFSTQ8gi,0_5,199,food stand,0,0,0,0.0
00824-Dd4bFSTQ8gi,0_5,200,foosball table,0,0,0,0.0
00824-Dd4bFSTQ8gi,0_5,201,foot spa,0,0,0,0.0
00824-Dd4bFSTQ8gi,0_5,202,football,0,0,0,0.0
00824-Dd4bFSTQ8gi,0_5,203,footstool,0,0,0,0.0
00824-Dd4bFSTQ8gi,0_5,204,frame,0,0,0,0.0
00824-Dd4bFSTQ8gi,0_5,205,fruit,0,0,0,0.0
00824-Dd4bFSTQ8gi,0_5,206,fume cupboard,0,0,0,0.0
00824-Dd4bFSTQ8gi,0_5,207,fur,0,0,0,0.0
00824-Dd4bFSTQ8gi,0_5,208,furnace,0,0,0,0.0
00824-Dd4bFSTQ8gi,0_5,209,furniture,0,0,0,0.0
00824-Dd4bFSTQ8gi,0_5,210,game,0,0,0,0.0
00824-Dd4bFSTQ8gi,0_5,211,game console,0,0,0,0.0
00824-Dd4bFSTQ8gi,0_5,212,gap,0,0,0,0.0
00824-Dd4bFSTQ8gi,0_5,213,garage door motor,0,0,0,0.0
00824-Dd4bFSTQ8gi,0_5,214,garage door opener,0,0,0,0.0
00824-Dd4bFSTQ8gi,0_5,215,garage door opener railing,0,0,0,0.0
00824-Dd4bFSTQ8gi,0_5,216,gas box,0,0,0,0.0
00824-Dd4bFSTQ8gi,0_5,217,gas container,0,0,0,0.0
00824-Dd4bFSTQ8gi,0_5,218,gas meter,0,0,0,0.0
00824-Dd4bFSTQ8gi,0_5,219,gauge,0,0,0,0.0
00824-Dd4bFSTQ8gi,0_5,220,gift,0,0,0,0.0
00824-Dd4bFSTQ8gi,0_5,221,glass,0,0,0,0.9999465865826954
00824-Dd4bFSTQ8gi,0_5,222,glasses,0,0,0,0.0
00824-Dd4bFSTQ8gi,0_5,223,globe,0,0,0,0.0
00824-Dd4bFSTQ8gi,0_5,224,globe stand,0,0,0,0.0
00824-Dd4bFSTQ8gi,0_5,225,gloves,0,0,0,0.0
00824-Dd4bFSTQ8gi,0_5,226,glue,0,0,0,0.0
00824-Dd4bFSTQ8gi,0_5,227,goalpost,0,0,0,0.0
00824-Dd4bFSTQ8gi,0_5,228,golf sticks,0,0,0,0.0
00824-Dd4bFSTQ8gi,0_5,229,grab bar,0,0,0,0.0
00824-Dd4bFSTQ8gi,0_5,230,grass,0,0,0,0.0
00824-Dd4bFSTQ8gi,0_5,231,grate,0,0,0,0.0
00824-Dd4bFSTQ8gi,0_5,232,gravel,0,0,0,0.0
00824-Dd4bFSTQ8gi,0_5,233,groceries,0,0,0,0.0
00824-Dd4bFSTQ8gi,0_5,234,guitar,0,0,0,0.0
00824-Dd4bFSTQ8gi,0_5,235,gun,0,0,0,0.0
00824-Dd4bFSTQ8gi,0_5,236,gym rope,0,0,0,0.0
00824-Dd4bFSTQ8gi,0_5,237,hair brush,0,0,0,0.0
00824-Dd4bFSTQ8gi,0_5,238,hair dryer,0,0,0,0.0
00824-Dd4bFSTQ8gi,0_5,239,hammer,0,0,0,0.0
00824-Dd4bFSTQ8gi,0_5,240,hammock,0,0,0,0.0
00824-Dd4bFSTQ8gi,0_5,241,hand dryer,0,0,0,0.0
00824-Dd4bFSTQ8gi,0_5,242,handcart,0,0,0,0.0
00824-Dd4bFSTQ8gi,0_5,243,handkerchiefs,0,0,0,0.0
00824-Dd4bFSTQ8gi,0_5,244,handle,0,0,0,0.9923325513193479
00824-Dd4bFSTQ8gi,0_5,245,hanger,0,0,0,0.0
00824-Dd4bFSTQ8gi,0_5,246,hat,0,0,0,0.0
00824-Dd4bFSTQ8gi,0_5,247,hatch,0,0,0,0.0
00824-Dd4bFSTQ8gi,0_5,248,headboard,0,0,0,0.0
00824-Dd4bFSTQ8gi,0_5,249,headphones,0,0,0,0.0
00824-Dd4bFSTQ8gi,0_5,250,heater,0,0,0,0.0007630969362409923
00824-Dd4bFSTQ8gi,0_5,251,heater piping,0,0,0,0.0
00824-Dd4bFSTQ8gi,0_5,252,holder,0,0,0,0.0
00824-Dd4bFSTQ8gi,0_5,253,holy cross,0,0,0,0.0
00824-Dd4bFSTQ8gi,0_5,254,hook,0,0,0,0.0
00824-Dd4bFSTQ8gi,0_5,255,hose,0,0,0,0.0
00824-Dd4bFSTQ8gi,0_5,256,hourglass,0,0,0,0.0
00824-Dd4bFSTQ8gi,0_5,257,hoverboard,0,0,0,0.0
00824-Dd4bFSTQ8gi,0_5,258,ice maker,0,0,0,0.0
00824-Dd4bFSTQ8gi,0_5,259,information,0,0,0,0.0
00824-Dd4bFSTQ8gi,0_5,260,installation,0,0,0,0.0
00824-Dd4bFSTQ8gi,0_5,261,instrument,0,0,0,0.0
00824-Dd4bFSTQ8gi,0_5,262,iron,0,0,0,0.0
00824-Dd4bFSTQ8gi,0_5,263,ironing board,0,0,0,0.0
00824-Dd4bFSTQ8gi,0_5,264,jewelry,0,0,0,0.0
00824-Dd4bFSTQ8gi,0_5,265,jug,0,0,0,0.0
00824-Dd4bFSTQ8gi,0_5,266,keg,0,0,0,0.0
00824-Dd4bFSTQ8gi,0_5,267,kettle,0,0,0,0.0
00824-Dd4bFSTQ8gi,0_5,268,keys,0,0,0,0.0
00824-Dd4bFSTQ8gi,0_5,269,kitchen appliance,0,0,0,0.0
00824-Dd4bFSTQ8gi,0_5,270,kitchen handle,0,0,0,0.05473370174731862
00824-Dd4bFSTQ8gi,0_5,271,kitchen island,0,0,0,0.0
00824-Dd4bFSTQ8gi,0_5,272,kitchen utensil,0,0,0,0.0
00824-Dd4bFSTQ8gi,0_5,273,knife,0,0,0,0.6655106528275146
00824-Dd4bFSTQ8gi,0_5,274,knob,0,0,0,0.0
00824-Dd4bFSTQ8gi,0_5,275,lace doily,0,0,0,0.0
00824-Dd4bFSTQ8gi,0_5,276,ladder,0,0,0,0.0
00824-Dd4bFSTQ8gi,0_5,277,landing,0,0,0,0.0
00824-Dd4bFSTQ8gi,0_5,278,laundry,0,0,0,0.0
00824-Dd4bFSTQ8gi,0_5,279,lawn mower,0,0,0,0.0
00824-Dd4bFSTQ8gi,0_5,280,level,0,0,0,0.0
00824-Dd4bFSTQ8gi,0_5,281,lid,0,0,0,0.0
00824-Dd4bFSTQ8gi,0_5,282,light,1,1,13,0.0
00824-Dd4bFSTQ8gi,0_5,283,lighter,0,0,0,0.0
00824-Dd4bFSTQ8gi,0_5,284,liquid,0,0,0,0.0
00824-Dd4bFSTQ8gi,0_5,285,locker,0,0,0,0.0
00824-Dd4bFSTQ8gi,0_5,286,machine,0,0,0,0.0
00824-Dd4bFSTQ8gi,0_5,287,mailbox,0,0,0,0.0
00824-Dd4bFSTQ8gi,0_5,288,mannequin,0,0,0,0.0
00824-Dd4bFSTQ8gi,0_5,289,map,0,0,0,0.0
00824-Dd4bFSTQ8gi,0_5,290,mascot,0,0,0,0.0
00824-Dd4bFSTQ8gi,0_5,291,massage bed,0,0,0,0.0
00824-Dd4bFSTQ8gi,0_5,292,material,0,0,0,0.0
00824-Dd4bFSTQ8gi,0_5,293,measuring tape,0,0,0,0.0
00824-Dd4bFSTQ8gi,0_5,294,medical lamp,0,0,0,0.0
00824-Dd4bFSTQ8gi,0_5,295,medical object,0,0,0,0.0
00824-Dd4bFSTQ8gi,0_5,296,menu,0,0,0,0.0
00824-Dd4bFSTQ8gi,0_5,297,meshwork,0,0,0,0.0
00824-Dd4bFSTQ8gi,0_5,298,meter,0,0,0,0.0
00824-Dd4bFSTQ8gi,0_5,299,microphone,0,0,0,0.0
00824-Dd4bFSTQ8gi,0_5,300,microphone accessory,0,0,0,0.0
00824-Dd4bFSTQ8gi,0_5,301,microwave,1,1,1,0.9913600035593917
00824-Dd4bFSTQ8gi,0_5,302,mirror,0,1,0,0.0
00824-Dd4bFSTQ8gi,0_5,303,model,0,0,0,0.9999967833582531
00824-Dd4bFSTQ8gi,0_5,304,modem,0,0,0,0.0
00824-Dd4bFSTQ8gi,0_5,305,mop,0,0,0,0.0
00824-Dd4bFSTQ8gi,0_5,306,mortar,0,0,0,0.0
00824-Dd4bFSTQ8gi,0_5,307,motorcycle,0,0,0,0.0
00824-Dd4bFSTQ8gi,0_5,308,music equipment,0,0,0,0.0
00824-Dd4bFSTQ8gi,0_5,309,napkin,0,0,0,0.0
00824-Dd4bFSTQ8gi,0_5,310,nightstand,0,0,0,0.0
00824-Dd4bFSTQ8gi,0_5,311,oar,0,0,0,0.0
00824-Dd4bFSTQ8gi,0_5,312,object,0,0,0,0.0
00824-Dd4bFSTQ8gi,0_5,313,objects,0,0,0,0.0
00824-Dd4bFSTQ8gi,0_5,314,outlet,0,0,0,0.0
00824-Dd4bFSTQ8gi,0_5,315,oven,1,1,2,0.8639809147649754
00824-Dd4bFSTQ8gi,0_5,316,overhang,0,0,0,0.9999330227676732
00824-Dd4bFSTQ8gi,0_5,317,pad,0,0,0,0.0
00824-Dd4bFSTQ8gi,0_5,318,painting stuff,0,0,0,0.5313025271453561
00824-Dd4bFSTQ8gi,0_5,319,pan,0,0,0,0.0
00824-Dd4bFSTQ8gi,0_5,320,panel,0,0,0,0.848171282853615
00824-Dd4bFSTQ8gi,0_5,321,pantry,0,0,0,0.0
00824-Dd4bFSTQ8gi,0_5,322,paper holder,0,0,0,0.0
00824-Dd4bFSTQ8gi,0_5,323,paper storage,0,0,0,0.0
00824-Dd4bFSTQ8gi,0_5,324,paper towel,0,0,0,0.5759200861056867
00824-Dd4bFSTQ8gi,0_5,325,parapet,0,0,0,0.0
00824-Dd4bFSTQ8gi,0_5,326,partial,0,0,0,1.0
00824-Dd4bFSTQ8gi,0_5,327,pavement,0,0,0,0.0
00824-Dd4bFSTQ8gi,0_5,328,pedestal,0,0,0,0.0
00824-Dd4bFSTQ8gi,0_5,329,pen,0,0,0,0.0
00824-Dd4bFSTQ8gi,0_5,330,pendant,0,0,0,0.0
00824-Dd4bFSTQ8gi,0_5,331,pet bed,0,0,0,0.0
00824-Dd4bFSTQ8gi,0_5,332,pet bowl,0,0,0,0.0
00824-Dd4bFSTQ8gi,0_5,333,phone,0,0,0,0.0
00824-Dd4bFSTQ8gi,0_5,334,photo mount,0,0,0,0.0
00824-Dd4bFSTQ8gi,0_5,335,photo stand,0,0,0,0.0
00824-Dd4bFSTQ8gi,0_5,336,piano,0,0,0,0.0
00824-Dd4bFSTQ8gi,0_5,337,pillow,1,1,11,0.03984085069062182
00824-Dd4bFSTQ8gi,0_5,338,pitchfork,0,0,0,0.0
00824-Dd4bFSTQ8gi,0_5,339,place mat,0,0,0,0.0
00824-Dd4bFSTQ8gi,0_5,340,plane,0,0,0,0.0
00824-Dd4bFSTQ8gi,0_5,341,plank,0,0,0,0.0002657634234587425
00824-Dd4bFSTQ8gi,0_5,342,plant,1,1,3,0.9955083595642701
00824-Dd4bFSTQ8gi,0_5,343,plant ornament,0,0,0,0.0
00824-Dd4bFSTQ8gi,0_5,344,platform,0,0,0,0.0
00824-Dd4bFSTQ8gi,0_5,345,playpen,0,0,0,0.0
00824-Dd4bFSTQ8gi,0_5,346,plenum box,0,0,0,0.7040069800664118
00824-Dd4bFSTQ8gi,0_5,347,pliers,0,0,0,0.0
00824-Dd4bFSTQ8gi,0_5,348,plumbing,0,0,0,0.0
00824-Dd4bFSTQ8gi,0_5,349,plunger,0,0,0,0.0
00824-Dd4bFSTQ8gi,0_5,350,podium,1,1,1,0.0
00824-Dd4bFSTQ8gi,0_5,351,pole,0,0,0,0.0
00824-Dd4bFSTQ8gi,0_5,352,pool,0,0,0,0.0
00824-Dd4bFSTQ8gi,0_5,353,pool table,0,0,0,0.0
00824-Dd4bFSTQ8gi,0_5,354,porcelain,0,0,0,0.0
00824-Dd4bFSTQ8gi,0_5,355,poster,0,0,0,0.0
00824-Dd4bFSTQ8gi,0_5,356,pot,0,0,0,0.0
00824-Dd4bFSTQ8gi,0_5,357,pot lid,0,0,0,0.0
00824-Dd4bFSTQ8gi,0_5,358,pouches,0,0,0,0.0
00824-Dd4bFSTQ8gi,0_5,359,press,0,0,0,0.0
00824-Dd4bFSTQ8gi,0_5,360,pressure washer,0,0,0,0.0
00824-Dd4bFSTQ8gi,0_5,361,printer,0,0,0,0.0
00824-Dd4bFSTQ8gi,0_5,362,product,0,0,0,0.0
00824-Dd4bFSTQ8gi,0_5,363,products,0,0,0,0.0
00824-Dd4bFSTQ8gi,0_5,364,prop,0,0,0,0.3882935849475998
00824-Dd4bFSTQ8gi,0_5,365,pump,0,0,0,0.0
00824-Dd4bFSTQ8gi,0_5,366,punchbag,0,0,0,0.0
00824-Dd4bFSTQ8gi,0_5,367,puppet,0,0,0,0.0
00824-Dd4bFSTQ8gi,0_5,368,rag,0,0,0,0.0
00824-Dd4bFSTQ8gi,0_5,369,rail,0,0,0,0.0
00824-Dd4bFSTQ8gi,0_5,370,rake,0,0,0,0.0
00824-Dd4bFSTQ8gi,0_5,371,receipt printer,0,0,0,0.0
00824-Dd4bFSTQ8gi,0_5,372,records,0,0,0,0.0
00824-Dd4bFSTQ8gi,0_5,373,recuperator,0,0,0,0.0
00824-Dd4bFSTQ8gi,0_5,374,refrigerator,0,1,0,0.9969178735709044
00824-Dd4bFSTQ8gi,0_5,375,remote control,0,0,0,0.0
00824-Dd4bFSTQ8gi,0_5,376,rice cooker,0,0,0,0.0
00824-Dd4bFSTQ8gi,0_5,377,riser,0,0,0,0.0
00824-Dd4bFSTQ8gi,0_5,378,rocking horse,0,0,0,0.0
00824-Dd4bFSTQ8gi,0_5,379,rod,0,0,0,0.4901859747951691
00824-Dd4bFSTQ8gi,0_5,380,roll,0,0,0,0.0
00824-Dd4bFSTQ8gi,0_5,381,rope,0,0,0,0.0
00824-Dd4bFSTQ8gi,0_5,382,router,0,0,0,0.0
00824-Dd4bFSTQ8gi,0_5,383,rug,1,1,1,0.986675133875191
00824-Dd4bFSTQ8gi,0_5,384,safe,0,0,0,0.0
00824-Dd4bFSTQ8gi,0_5,385,saturator,0,0,0,0.0
00824-Dd4bFSTQ8gi,0_5,386,sauna,0,0,0,0.0
00824-Dd4bFSTQ8gi,0_5,387,saw,0,0,0,0.0
00824-Dd4bFSTQ8gi,0_5,388,saxophone,0,0,0,0.0
00824-Dd4bFSTQ8gi,0_5,389,scale,0,0,0,0.0
00824-Dd4bFSTQ8gi,0_5,390,scanner,0,0,0,0.0
00824-Dd4bFSTQ8gi,0_5,391,screen,0,0,0,0.4427303943627108
00824-Dd4bFSTQ8gi,0_5,392,screen frame,0,0,0,0.0
00824-Dd4bFSTQ8gi,0_5,393,screwdriver,0,0,0,0.0
00824-Dd4bFSTQ8gi,0_5,394,sculpture,0,0,0,0.988608055631134
00824-Dd4bFSTQ8gi,0_5,395,security camera,0,0,0,0.0
00824-Dd4bFSTQ8gi,0_5,396,self-closing mechanism,0,0,0,0.0
00824-Dd4bFSTQ8gi,0_5,397,sensor,0,0,0,0.0
00824-Dd4bFSTQ8gi,0_5,398,separator,0,0,0,0.0
00824-Dd4bFSTQ8gi,0_5,399,set of valves,0,0,0,0.0
00824-Dd4bFSTQ8gi,0_5,400,sewing machine,0,0,0,0.0
00824-Dd4bFSTQ8gi,0_5,401,sewing tools,0,0,0,0.0
00824-Dd4bFSTQ8gi,0_5,402,shampoo,0,0,0,0.0
00824-Dd4bFSTQ8gi,0_5,403,sheet music,0,0,0,0.0
00824-Dd4bFSTQ8gi,0_5,404,sheets / clothes,0,0,0,0.0
00824-Dd4bFSTQ8gi,0_5,405,shelf,1,1,1,0.0
00824-Dd4bFSTQ8gi,0_5,406,ship toy,0,0,0,0.0
00824-Dd4bFSTQ8gi,0_5,407,shisha,0,0,0,0.0
00824-Dd4bFSTQ8gi,0_5,408,shoe,0,0,0,0.0
00824-Dd4bFSTQ8gi,0_5,409,shoe rack,0,0,0,0.0
00824-Dd4bFSTQ8gi,0_5,410,shoehorn,0,0,0,0.0
00824-Dd4bFSTQ8gi,0_5,411,shovel,0,0,0,0.0
00824-Dd4bFSTQ8gi,0_5,412,shower,0,0,0,0.0
00824-Dd4bFSTQ8gi,0_5,413,shower seat,0,0,0,0.0
00824-Dd4bFSTQ8gi,0_5,414,shredder,0,0,0,0.0
00824-Dd4bFSTQ8gi,0_5,415,side table,0,0,0,0.0
00824-Dd4bFSTQ8gi,0_5,416,sideboard,0,0,0,0.0
00824-Dd4bFSTQ8gi,0_5,417,sign,0,0,0,0.0
00824-Dd4bFSTQ8gi,0_5,418,silicone gun,0,0,0,0.0
00824-Dd4bFSTQ8gi,0_5,419,silicone tube,0,0,0,0.0
00824-Dd4bFSTQ8gi,0_5,420,sink,0,1,0,0.09028301927367166
00824-Dd4bFSTQ8gi,0_5,421,skateboard,0,0,0,0.0
00824-Dd4bFSTQ8gi,0_5,422,skates,0,0,0,0.0
00824-Dd4bFSTQ8gi,0_5,423,ski,0,0,0,0.0
00824-Dd4bFSTQ8gi,0_5,424,sky,0,0,0,0.0
00824-Dd4bFSTQ8gi,0_5,425,sled,0,0,0,0.0
00824-Dd4bFSTQ8gi,0_5,426,sleeping bag,0,0,0,0.0
00824-Dd4bFSTQ8gi,0_5,427,smoke detector,1,1,2,0.0
00824-Dd4bFSTQ8gi,0_5,428,snack,0,0,0,0.0
00824-Dd4bFSTQ8gi,0_5,429,soap,0,0,0,0.0
00824-Dd4bFSTQ8gi,0_5,430,socks,0,0,0,0.0
00824-Dd4bFSTQ8gi,0_5,431,sofa,1,1,1,0.9988347861212821
00824-Dd4bFSTQ8gi,0_5,432,solarium,0,0,0,0.0
00824-Dd4bFSTQ8gi,0_5,433,speaker,0,0,0,0.0
00824-Dd4bFSTQ8gi,0_5,434,speaker stand,0,0,0,0.0
00824-Dd4bFSTQ8gi,0_5,435,spices,0,0,0,0.0
00824-Dd4bFSTQ8gi,0_5,436,sponge,0,0,0,0.0
00824-Dd4bFSTQ8gi,0_5,437,spray can,0,0,0,0.0
00824-Dd4bFSTQ8gi,0_5,438,sprinkler,0,0,0,0.0
00824-Dd4bFSTQ8gi,0_5,439,square,0,0,0,0.0
00824-Dd4bFSTQ8gi,0_5,440,stack,0,0,0,0.0
00824-Dd4bFSTQ8gi,0_5,441,stack of books / papers,0,0,0,0.0
00824-Dd4bFSTQ8gi,0_5,442,stack of stuff,0,0,0,0.0
00824-Dd4bFSTQ8gi,0_5,443,stack of yarns,0,0,0,0.0
00824-Dd4bFSTQ8gi,0_5,444,stage,0,0,0,0.0
00824-Dd4bFSTQ8gi,0_5,445,stained glass,0,0,0,0.0
00824-Dd4bFSTQ8gi,0_5,446,stand,0,0,0,0.0
00824-Dd4bFSTQ8gi,0_5,447,star,0,0,0,0.0
00824-Dd4bFSTQ8gi,0_5,448,stationery,0,0,0,0.0
00824-Dd4bFSTQ8gi,0_5,449,steel plate,0,0,0,0.0
00824-Dd4bFSTQ8gi,0_5,450,step stool,0,0,0,0.0
00824-Dd4bFSTQ8gi,0_5,451,stick,0,0,0,0.00011524834774734316
00824-Dd4bFSTQ8gi,0_5,452,stone,0,0,0,0.7728874257705048
00824-Dd4bFSTQ8gi,0_5,453,stonework,0,0,0,0.0
00824-Dd4bFSTQ8gi,0_5,454,stool,1,1,2,0.051379723123266
00824-Dd4bFSTQ8gi,0_5,455,storage,0,0,0,0.0
00824-Dd4bFSTQ8gi,0_5,456,strings,0,0,0,0.0
00824-Dd4bFSTQ8gi,0_5,457,stroke,0,0,0,0.0
00824-Dd4bFSTQ8gi,0_5,458,sunbed,0,0,0,0.0
00824-Dd4bFSTQ8gi,0_5,459,support,0,0,0,0.0
00824-Dd4bFSTQ8gi,0_5,460,surface,0,0,0,0.0
00824-Dd4bFSTQ8gi,0_5,461,surfboard,0,0,0,0.0
00824-Dd4bFSTQ8gi,0_5,462,swing,0,0,0,0.0
00824-Dd4bFSTQ8gi,0_5,463,switch,0,0,0,0.0
00824-Dd4bFSTQ8gi,0_5,464,table,1,1,6,0.0
00824-Dd4bFSTQ8gi,0_5,465,table cloth,0,0,0,0.0
00824-Dd4bFSTQ8gi,0_5,466,table pad,0,0,0,0.0
00824-Dd4bFSTQ8gi,0_5,467,table stand,0,0,0,0.0
00824-Dd4bFSTQ8gi,0_5,468,table tennis table,0,0,0,0.0
00824-Dd4bFSTQ8gi,0_5,469,tablet,0,0,0,0.0
00824-Dd4bFSTQ8gi,0_5,470,tambourine,0,0,0,0.0
00824-Dd4bFSTQ8gi,0_5,471,tea set,0,0,0,0.0
00824-Dd4bFSTQ8gi,0_5,472,telescope,0,0,0,0.0
00824-Dd4bFSTQ8gi,0_5,473,tennis racket,0,0,0,0.0
00824-Dd4bFSTQ8gi,0_5,474,tent,0,0,0,0.0
00824-Dd4bFSTQ8gi,0_5,475,thermometer,0,0,0,0.0
00824-Dd4bFSTQ8gi,0_5,476,thermostat,0,0,0,0.0
00824-Dd4bFSTQ8gi,0_5,477,three,0,0,0,0.0
00824-Dd4bFSTQ8gi,0_5,478,tile,0,0,0,0.000794201027832897
00824-Dd4bFSTQ8gi,0_5,479,tire,0,0,0,0.0
00824-Dd4bFSTQ8gi,0_5,480,tissue,0,1,0,0.0
00824-Dd4bFSTQ8gi,0_5,481,title,0,0,0,8.568046427903653e-08
00824-Dd4bFSTQ8gi,0_5,482,toaster,0,0,0,0.0
00824-Dd4bFSTQ8gi,0_5,483,toaster oven,0,0,0,0.0
00824-Dd4bFSTQ8gi,0_5,484,toilet,0,1,0,0.0
00824-Dd4bFSTQ8gi,0_5,485,toilet brush,0,1,0,0.0
00824-Dd4bFSTQ8gi,0_5,486,toilet cleaner,0,0,0,0.0
00824-Dd4bFSTQ8gi,0_5,487,toilet paper,0,1,0,0.0
00824-Dd4bFSTQ8gi,0_5,488,toiletry,0,0,0,0.0
00824-Dd4bFSTQ8gi,0_5,489,tool,0,0,0,0.0
00824-Dd4bFSTQ8gi,0_5,490,tool rack,0,0,0,0.0
00824-Dd4bFSTQ8gi,0_5,491,toothbrush,0,0,0,0.0
00824-Dd4bFSTQ8gi,0_5,492,toothpaste,0,0,0,0.0
00824-Dd4bFSTQ8gi,0_5,493,towel,1,1,1,0.0
00824-Dd4bFSTQ8gi,0_5,494,towel bar,0,1,0,0.0
00824-Dd4bFSTQ8gi,0_5,495,toy,0,0,0,0.0
00824-Dd4bFSTQ8gi,0_5,496,traffic cone,0,0,0,0.0
00824-Dd4bFSTQ8gi,0_5,497,trampoline,0,0,0,0.0
00824-Dd4bFSTQ8gi,0_5,498,trash bag,0,0,0,0.0
00824-Dd4bFSTQ8gi,0_5,499,tray,1,1,1,0.0
00824-Dd4bFSTQ8gi,0_5,500,treadmill,0,0,0,0.0
00824-Dd4bFSTQ8gi,0_5,501,tree,0,0,0,0.0
00824-Dd4bFSTQ8gi,0_5,502,tree branch,0,0,0,0.0
00824-Dd4bFSTQ8gi,0_5,503,trimmer,0,0,0,0.0
00824-Dd4bFSTQ8gi,0_5,504,tripod,0,0,0,0.0
00824-Dd4bFSTQ8gi,0_5,505,trolley,0,0,0,0.0
00824-Dd4bFSTQ8gi,0_5,506,trombone,0,0,0,0.0
00824-Dd4bFSTQ8gi,0_5,507,trophy,0,0,0,0.0
00824-Dd4bFSTQ8gi,0_5,508,trough,0,0,0,0.0
00824-Dd4bFSTQ8gi,0_5,509,trumpet,0,0,0,0.0
00824-Dd4bFSTQ8gi,0_5,510,tv,0,0,0,0.0
00824-Dd4bFSTQ8gi,0_5,511,tv stand,0,0,0,0.0
00824-Dd4bFSTQ8gi,0_5,512,typewriter,0,0,0,0.0
00824-Dd4bFSTQ8gi,0_5,513,ukulele,0,0,0,0.0
00824-Dd4bFSTQ8gi,0_5,514,umbrella,0,0,0,0.0
00824-Dd4bFSTQ8gi,0_5,515,umbrella stand,0,0,0,0.0
00824-Dd4bFSTQ8gi,0_5,516,unknown,0,0,0,0.7972511914432824
00824-Dd4bFSTQ8gi,0_5,517,vacuum cleaner,0,0,0,0.0
00824-Dd4bFSTQ8gi,0_5,518,vanity,0,0,0,0.0
00824-Dd4bFSTQ8gi,0_5,519,vase,1,1,4,0.9973207921762647
00824-Dd4bFSTQ8gi,0_5,520,vegetables,0,0,0,0.0
00824-Dd4bFSTQ8gi,0_5,521,vessel,0,0,0,0.0
00824-Dd4bFSTQ8gi,0_5,522,vinyl records,0,0,0,0.0
00824-Dd4bFSTQ8gi,0_5,523,violin,0,0,0,0.0
00824-Dd4bFSTQ8gi,0_5,524,violin case,0,0,0,0.0
00824-Dd4bFSTQ8gi,0_5,525,waffle iron,0,0,0,0.0
00824-Dd4bFSTQ8gi,0_5,526,wardrobe,0,1,0,0.0
00824-Dd4bFSTQ8gi,0_5,527,washing machine,0,0,0,0.0
00824-Dd4bFSTQ8gi,0_5,528,washing powder,0,0,0,0.0
00824-Dd4bFSTQ8gi,0_5,529,washing stuff,0,0,0,0.0
00824-Dd4bFSTQ8gi,0_5,530,watch,0,0,0,0.0
00824-Dd4bFSTQ8gi,0_5,531,water dispenser,0,0,0,0.0
00824-Dd4bFSTQ8gi,0_5,532,water heater,0,0,0,0.0
00824-Dd4bFSTQ8gi,0_5,533,water meter,0,0,0,0.0
00824-Dd4bFSTQ8gi,0_5,534,water pump,0,0,0,0.0
00824-Dd4bFSTQ8gi,0_5,535,water tank,0,0,0,0.0
00824-Dd4bFSTQ8gi,0_5,536,watering can,0,0,0,0.0
00824-Dd4bFSTQ8gi,0_5,537,weight,0,0,0,0.0
00824-Dd4bFSTQ8gi,0_5,538,weight bench,0,0,0,0.0
00824-Dd4bFSTQ8gi,0_5,539,weights,0,0,0,0.0
00824-Dd4bFSTQ8gi,0_5,540,wheel,0,0,0,0.0
00824-Dd4bFSTQ8gi,0_5,541,wheelbarrow,0,0,0,0.0
00824-Dd4bFSTQ8gi,0_5,542,window shade,0,0,0,0.02768413771350875
00824-Dd4bFSTQ8gi,0_5,543,wine,0,0,0,0.0
00824-Dd4bFSTQ8gi,0_5,544,wine storage,0,0,0,0.0
00824-Dd4bFSTQ8gi,0_5,545,wood,0,0,0,0.9999999999999757
00824-Dd4bFSTQ8gi,0_5,546,wrench,0,0,0,0.0
00824-Dd4bFSTQ8gi,0_6,0,acoustic panel,0,0,0,0.0
00824-Dd4bFSTQ8gi,0_6,1,air conditioner,0,1,0,0.0
00824-Dd4bFSTQ8gi,0_6,2,air freshener,0,0,0,0.0
00824-Dd4bFSTQ8gi,0_6,3,air hockey,0,0,0,0.0
00824-Dd4bFSTQ8gi,0_6,4,air purifier,0,0,0,0.0
00824-Dd4bFSTQ8gi,0_6,5,aisle frame,0,0,0,0.0
00824-Dd4bFSTQ8gi,0_6,6,alarm,0,0,0,0.0
00824-Dd4bFSTQ8gi,0_6,7,album,0,0,0,0.0
00824-Dd4bFSTQ8gi,0_6,8,amplifier,0,0,0,0.0
00824-Dd4bFSTQ8gi,0_6,9,appliance,0,0,0,0.0
00824-Dd4bFSTQ8gi,0_6,10,apron,0,0,0,0.0
00824-Dd4bFSTQ8gi,0_6,11,aquarium,0,0,0,0.0
00824-Dd4bFSTQ8gi,0_6,12,arcade game,0,0,0,0.0
00824-Dd4bFSTQ8gi,0_6,13,artwork,1,1,1,0.9814833656200479
00824-Dd4bFSTQ8gi,0_6,14,ashtray,0,0,0,0.0
00824-Dd4bFSTQ8gi,0_6,15,audio player,0,0,0,0.0
00824-Dd4bFSTQ8gi,0_6,16,axe,0,0,0,0.0
00824-Dd4bFSTQ8gi,0_6,17,baby changing table,0,0,0,0.0
00824-Dd4bFSTQ8gi,0_6,18,backrest,0,0,0,0.0
00824-Dd4bFSTQ8gi,0_6,19,backsplash,0,0,0,0.0
00824-Dd4bFSTQ8gi,0_6,20,bag,0,0,0,0.0
00824-Dd4bFSTQ8gi,0_6,21,ball,0,0,0,0.0
00824-Dd4bFSTQ8gi,0_6,22,ball pool,0,0,0,0.0
00824-Dd4bFSTQ8gi,0_6,23,bar,0,0,0,0.0
00824-Dd4bFSTQ8gi,0_6,24,barbecue,0,0,0,0.0
00824-Dd4bFSTQ8gi,0_6,25,barrel,0,0,0,0.0
00824-Dd4bFSTQ8gi,0_6,26,base,0,0,0,0.0
00824-Dd4bFSTQ8gi,0_6,27,baseball bat,0,0,0,0.0
00824-Dd4bFSTQ8gi,0_6,28,basket,0,0,0,0.0
00824-Dd4bFSTQ8gi,0_6,29,basketball hoop,0,0,0,0.0
00824-Dd4bFSTQ8gi,0_6,30,basketballs,0,0,0,0.0
00824-Dd4bFSTQ8gi,0_6,31,bathroom accessory,0,0,0,0.0
00824-Dd4bFSTQ8gi,0_6,32,bathtub,0,1,0,0.0
00824-Dd4bFSTQ8gi,0_6,33,bed,0,1,0,0.0
00824-Dd4bFSTQ8gi,0_6,34,bed ladder,0,0,0,0.0
00824-Dd4bFSTQ8gi,0_6,35,beer crate,0,0,0,0.0
00824-Dd4bFSTQ8gi,0_6,36,bell,0,0,0,0.0
00824-Dd4bFSTQ8gi,0_6,37,belt,0,0,0,0.0
00824-Dd4bFSTQ8gi,0_6,38,bench,0,1,0,0.0
00824-Dd4bFSTQ8gi,0_6,39,beverage dispenser,0,0,0,0.0
00824-Dd4bFSTQ8gi,0_6,40,bicycle,0,0,0,0.0
00824-Dd4bFSTQ8gi,0_6,41,bicycle helmet,0,0,0,0.0
00824-Dd4bFSTQ8gi,0_6,42,bin,0,1,0,0.0
00824-Dd4bFSTQ8gi,0_6,43,birdhouse,0,0,0,0.0
00824-Dd4bFSTQ8gi,0_6,44,blanket,1,1,1,0.0008095660539045868
00824-Dd4bFSTQ8gi,0_6,45,board,0,0,0,0.0
00824-Dd4bFSTQ8gi,0_6,46,board game,0,0,0,0.0
00824-Dd4bFSTQ8gi,0_6,47,board with keys,0,0,0,0.0
00824-Dd4bFSTQ8gi,0_6,48,book,1,1,2,0.0
00824-Dd4bFSTQ8gi,0_6,49,bottle,0,0,0,0.0
00824-Dd4bFSTQ8gi,0_6,50,bottle dispenser,0,0,0,0.0
00824-Dd4bFSTQ8gi,0_6,51,bottle opener,0,0,0,0.0
00824-Dd4bFSTQ8gi,0_6,52,bowl,0,1,0,0.0
00824-Dd4bFSTQ8gi,0_6,53,box,0,0,0,0.0
00824-Dd4bFSTQ8gi,0_6,54,boxing ring,0,0,0,0.0
00824-Dd4bFSTQ8gi,0_6,55,bread,0,0,0,0.0
00824-Dd4bFSTQ8gi,0_6,56,bread box,0,0,0,0.0
00824-Dd4bFSTQ8gi,0_6,57,bricks,0,0,0,0.0
00824-Dd4bFSTQ8gi,0_6,58,bridge,0,0,0,0.0
00824-Dd4bFSTQ8gi,0_6,59,broom,0,0,0,0.0
00824-Dd4bFSTQ8gi,0_6,60,brush,0,0,0,0.0
00824-Dd4bFSTQ8gi,0_6,61,bucket,0,0,0,0.0
00824-Dd4bFSTQ8gi,0_6,62,buffet,0,0,0,0.0
00824-Dd4bFSTQ8gi,0_6,63,button,0,0,0,0.0
00824-Dd4bFSTQ8gi,0_6,64,cabinet,0,1,0,0.0
00824-Dd4bFSTQ8gi,0_6,65,cable,0,0,0,0.0
00824-Dd4bFSTQ8gi,0_6,66,cage,0,0,0,0.0
00824-Dd4bFSTQ8gi,0_6,67,cake,0,0,0,0.0
00824-Dd4bFSTQ8gi,0_6,68,calculator,0,0,0,0.0
00824-Dd4bFSTQ8gi,0_6,69,calendar,0,0,0,0.0
00824-Dd4bFSTQ8gi,0_6,70,camera,0,0,0,0.0
00824-Dd4bFSTQ8gi,0_6,71,can,0,0,0,0.0
00824-Dd4bFSTQ8gi,0_6,72,canal,0,0,0,0.0
00824-Dd4bFSTQ8gi,0_6,73,candelabra,0,0,0,0.0
00824-Dd4bFSTQ8gi,0_6,74,candle,0,0,0,0.0
00824-Dd4bFSTQ8gi,0_6,75,candle holder,0,0,0,0.0
00824-Dd4bFSTQ8gi,0_6,76,candle stand,0,0,0,0.0
00824-Dd4bFSTQ8gi,0_6,77,candlestick,0,0,0,0.0
00824-Dd4bFSTQ8gi,0_6,78,canoe,0,0,0,0.0
00824-Dd4bFSTQ8gi,0_6,79,canopy,0,0,0,0.0
00824-Dd4bFSTQ8gi,0_6,80,car,0,0,0,0.0
00824-Dd4bFSTQ8gi,0_6,81,card,0,0,0,0.0
00824-Dd4bFSTQ8gi,0_6,82,cardboard,0,0,0,0.610157932764275
00824-Dd4bFSTQ8gi,0_6,83,cart,0,0,0,0.0
00824-Dd4bFSTQ8gi,0_6,84,cash register,0,0,0,0.0
00824-Dd4bFSTQ8gi,0_6,85,casket,0,0,0,0.0
00824-Dd4bFSTQ8gi,0_6,86,cassette,0,0,0,0.0
00824-Dd4bFSTQ8gi,0_6,87,cat,0,0,0,0.5050670664652972
00824-Dd4bFSTQ8gi,0_6,88,cat food,0,0,0,0.0
00824-Dd4bFSTQ8gi,0_6,89,cat litter box,0,0,0,0.0
00824-Dd4bFSTQ8gi,0_6,90,cat tree,0,0,0,0.0
00824-Dd4bFSTQ8gi,0_6,91,cd,0,0,0,0.0
00824-Dd4bFSTQ8gi,0_6,92,ceiling arch,0,0,0,0.0
00824-Dd4bFSTQ8gi,0_6,93,ceiling chassis,0,0,0,1.0
00824-Dd4bFSTQ8gi,0_6,94,ceiling ladder,0,0,0,0.0
00824-Dd4bFSTQ8gi,0_6,95,ceramics,0,0,0,0.0
00824-Dd4bFSTQ8gi,0_6,96,chain,0,0,0,0.0
00824-Dd4bFSTQ8gi,0_6,97,chair,1,1,2,0.9999999387941515
00824-Dd4bFSTQ8gi,0_6,98,chair stand,0,0,0,0.0
00824-Dd4bFSTQ8gi,0_6,99,chassis,0,0,0,0.0
00824-Dd4bFSTQ8gi,0_6,100,chest,0,0,0,0.0
00824-Dd4bFSTQ8gi,0_6,101,child car seat,0,0,0,0.0
00824-Dd4bFSTQ8gi,0_6,102,christmas tree,0,0,0,0.0
00824-Dd4bFSTQ8gi,0_6,103,clarinet,0,0,0,0.0
00824-Dd4bFSTQ8gi,0_6,104,cleaner,0,0,0,0.0
00824-Dd4bFSTQ8gi,0_6,105,clock,0,0,0,0.0
00824-Dd4bFSTQ8gi,0_6,106,closet door,0,0,0,0.9999999999254938
00824-Dd4bFSTQ8gi,0_6,107,cloth,0,0,0,0.0
00824-Dd4bFSTQ8gi,0_6,108,cloth holder,0,0,0,0.0
00824-Dd4bFSTQ8gi,0_6,109,clothes,0,0,0,0.0
00824-Dd4bFSTQ8gi,0_6,110,clothes container,0,0,0,0.0
00824-Dd4bFSTQ8gi,0_6,111,clothes dryer,0,0,0,0.0
00824-Dd4bFSTQ8gi,0_6,112,clothes rack,0,0,0,0.0
00824-Dd4bFSTQ8gi,0_6,113,clutter,0,0,0,0.0
00824-Dd4bFSTQ8gi,0_6,114,coaster,0,0,0,0.0
00824-Dd4bFSTQ8gi,0_6,115,coffee maker,0,0,0,0.0
00824-Dd4bFSTQ8gi,0_6,116,coffee table,0,0,0,0.0
00824-Dd4bFSTQ8gi,0_6,117,compressor,0,0,0,0.0
00824-Dd4bFSTQ8gi,0_6,118,computer,0,0,0,0.0
00824-Dd4bFSTQ8gi,0_6,119,computer equipment,0,0,0,0.0
00824-Dd4bFSTQ8gi,0_6,120,cone,0,0,0,0.0
00824-Dd4bFSTQ8gi,0_6,121,construction stuff,0,0,0,0.0
00824-Dd4bFSTQ8gi,0_6,122,container,0,0,0,0.0
00824-Dd4bFSTQ8gi,0_6,123,controller,0,0,0,0.0
00824-Dd4bFSTQ8gi,0_6,124,cosmetics,0,0,0,0.0
00824-Dd4bFSTQ8gi,0_6,125,counter door,0,0,0,0.0
00824-Dd4bFSTQ8gi,0_6,126,countertop,0,1,0,0.0
00824-Dd4bFSTQ8gi,0_6,127,countertop item,0,1,0,0.0
00824-Dd4bFSTQ8gi,0_6,128,cover,0,0,0,0.0
00824-Dd4bFSTQ8gi,0_6,129,cross,0,0,0,0.0
00824-Dd4bFSTQ8gi,0_6,130,crutches,0,0,0,0.0
00824-Dd4bFSTQ8gi,0_6,131,cup,0,0,0,0.0
00824-Dd4bFSTQ8gi,0_6,132,curb,0,0,0,0.0
00824-Dd4bFSTQ8gi,0_6,133,curtain,0,1,0,0.0
00824-Dd4bFSTQ8gi,0_6,134,cushion,0,0,0,0.8185709430073138
00824-Dd4bFSTQ8gi,0_6,135,cutlery,0,0,0,0.0
00824-Dd4bFSTQ8gi,0_6,136,cyp,0,0,0,0.0
00824-Dd4bFSTQ8gi,0_6,137,dartboard,0,0,0,0.0
00824-Dd4bFSTQ8gi,0_6,138,decoder,0,0,0,0.0
00824-Dd4bFSTQ8gi,0_6,139,decoration,1,1,4,0.0
00824-Dd4bFSTQ8gi,0_6,140,dehumidifier,0,0,0,0.0
00824-Dd4bFSTQ8gi,0_6,141,den,0,0,0,0.0
00824-Dd4bFSTQ8gi,0_6,142,desk,0,1,0,0.0
00824-Dd4bFSTQ8gi,0_6,143,desk door,0,0,0,0.0
00824-Dd4bFSTQ8gi,0_6,144,dinnerware,0,1,0,0.0
00824-Dd4bFSTQ8gi,0_6,145,diploma,0,0,0,0.0
00824-Dd4bFSTQ8gi,0_6,146,dirt ground,0,0,0,0.0
00824-Dd4bFSTQ8gi,0_6,147,dish rack,0,0,0,0.0
00824-Dd4bFSTQ8gi,0_6,148,dishwasher,0,1,0,0.0
00824-Dd4bFSTQ8gi,0_6,149,dispenser,0,0,0,0.0
00824-Dd4bFSTQ8gi,0_6,150,display case,0,0,0,0.0
00824-Dd4bFSTQ8gi,0_6,151,document,0,0,0,0.0
00824-Dd4bFSTQ8gi,0_6,152,document holder,0,0,0,0.0
00824-Dd4bFSTQ8gi,0_6,153,dog leash,0,0,0,0.0
00824-Dd4bFSTQ8gi,0_6,154,dog toy,0,0,0,0.0
00824-Dd4bFSTQ8gi,0_6,155,doily,0,0,0,0.0
00824-Dd4bFSTQ8gi,0_6,156,doll,0,0,0,0.0
00824-Dd4bFSTQ8gi,0_6,157,door screen,0,0,0,0.0
00824-Dd4bFSTQ8gi,0_6,158,drawer,0,0,0,0.0
00824-Dd4bFSTQ8gi,0_6,159,drawer cart,0,0,0,0.0
00824-Dd4bFSTQ8gi,0_6,160,dressing table,0,0,0,0.0
00824-Dd4bFSTQ8gi,0_6,161,drill,0,0,0,0.0
00824-Dd4bFSTQ8gi,0_6,162,drum,0,0,0,0.0
00824-Dd4bFSTQ8gi,0_6,163,dustpan,0,0,0,0.0
00824-Dd4bFSTQ8gi,0_6,164,dvd,0,0,0,0.0
00824-Dd4bFSTQ8gi,0_6,165,easel,0,0,0,0.0
00824-Dd4bFSTQ8gi,0_6,166,electric hub,0,0,0,0.0
00824-Dd4bFSTQ8gi,0_6,167,electric wire casing,0,0,0,0.0
00824-Dd4bFSTQ8gi,0_6,168,electrical box,0,0,0,0.0
00824-Dd4bFSTQ8gi,0_6,169,electrical device,0,0,0,0.0
00824-Dd4bFSTQ8gi,0_6,170,electrical installation,0,0,0,0.0
00824-Dd4bFSTQ8gi,0_6,171,elevator,0,0,0,0.0
00824-Dd4bFSTQ8gi,0_6,172,exercise ball,0,0,0,0.0
00824-Dd4bFSTQ8gi,0_6,173,exercise bike,0,0,0,0.0
00824-Dd4bFSTQ8gi,0_6,174,exercise equipment,0,0,0,0.0
00824-Dd4bFSTQ8gi,0_6,175,exercise ladder,0,0,0,0.0
00824-Dd4bFSTQ8gi,0_6,176,exercise mat,0,0,0,0.0
00824-Dd4bFSTQ8gi,0_6,177,exhibition panel,0,0,0,0.0
00824-Dd4bFSTQ8gi,0_6,178,extractor hood,0,1,0,0.0
00824-Dd4bFSTQ8gi,0_6,179,eyeglasses,0,0,0,0.0
00824-Dd4bFSTQ8gi,0_6,180,fan,1,1,1,0.0
00824-Dd4bFSTQ8gi,0_6,181,faucet,0,0,0,0.0
00824-Dd4bFSTQ8gi,0_6,182,fire extinguisher,0,0,0,0.0
00824-Dd4bFSTQ8gi,0_6,183,fireplace,1,1,1,0.0
00824-Dd4bFSTQ8gi,0_6,184,fireplace tool set,0,0,0,0.0
00824-Dd4bFSTQ8gi,0_6,185,firewood,0,0,0,0.0
00824-Dd4bFSTQ8gi,0_6,186,fishing rod,0,0,0,0.0
00824-Dd4bFSTQ8gi,0_6,187,flag,0,0,0,0.0
00824-Dd4bFSTQ8gi,0_6,188,flashlight,0,0,0,0.0
00824-Dd4bFSTQ8gi,0_6,189,floor stand,0,0,0,0.0
00824-Dd4bFSTQ8gi,0_6,190,flower stand,0,0,0,0.0
00824-Dd4bFSTQ8gi,0_6,191,flowerbed,0,0,0,0.0
00824-Dd4bFSTQ8gi,0_6,192,flush,0,0,0,0.0
00824-Dd4bFSTQ8gi,0_6,193,flush button,0,0,0,0.0
00824-Dd4bFSTQ8gi,0_6,194,flush push,0,0,0,0.0
00824-Dd4bFSTQ8gi,0_6,195,foam,0,0,0,0.10089276914040402
00824-Dd4bFSTQ8gi,0_6,196,folding stand,0,0,0,0.0
00824-Dd4bFSTQ8gi,0_6,197,food,0,0,0,0.0
00824-Dd4bFSTQ8gi,0_6,198,food processor,0,0,0,0.0
00824-Dd4bFSTQ8gi,0_6,199,food stand,0,0,0,0.0
00824-Dd4bFSTQ8gi,0_6,200,foosball table,0,0,0,0.0
00824-Dd4bFSTQ8gi,0_6,201,foot spa,0,0,0,0.0
00824-Dd4bFSTQ8gi,0_6,202,football,0,0,0,0.0
00824-Dd4bFSTQ8gi,0_6,203,footstool,0,0,0,0.0
00824-Dd4bFSTQ8gi,0_6,204,frame,0,0,0,0.0
00824-Dd4bFSTQ8gi,0_6,205,fruit,0,0,0,0.0
00824-Dd4bFSTQ8gi,0_6,206,fume cupboard,0,0,0,0.0
00824-Dd4bFSTQ8gi,0_6,207,fur,0,0,0,0.9754850635162718
00824-Dd4bFSTQ8gi,0_6,208,furnace,0,0,0,0.0
00824-Dd4bFSTQ8gi,0_6,209,furniture,0,0,0,0.0
00824-Dd4bFSTQ8gi,0_6,210,game,0,0,0,0.0
00824-Dd4bFSTQ8gi,0_6,211,game console,0,0,0,0.0
00824-Dd4bFSTQ8gi,0_6,212,gap,0,0,0,0.0
00824-Dd4bFSTQ8gi,0_6,213,garage door motor,0,0,0,0.0
00824-Dd4bFSTQ8gi,0_6,214,garage door opener,0,0,0,0.0
00824-Dd4bFSTQ8gi,0_6,215,garage door opener railing,0,0,0,0.0
00824-Dd4bFSTQ8gi,0_6,216,gas box,0,0,0,0.0
00824-Dd4bFSTQ8gi,0_6,217,gas container,0,0,0,0.0
00824-Dd4bFSTQ8gi,0_6,218,gas meter,0,0,0,0.0
00824-Dd4bFSTQ8gi,0_6,219,gauge,0,0,0,0.0
00824-Dd4bFSTQ8gi,0_6,220,gift,0,0,0,0.0
00824-Dd4bFSTQ8gi,0_6,221,glass,0,0,0,0.9997525582738341
00824-Dd4bFSTQ8gi,0_6,222,glasses,0,0,0,0.0
00824-Dd4bFSTQ8gi,0_6,223,globe,0,0,0,0.0
00824-Dd4bFSTQ8gi,0_6,224,globe stand,0,0,0,0.0
00824-Dd4bFSTQ8gi,0_6,225,gloves,0,0,0,0.0
00824-Dd4bFSTQ8gi,0_6,226,glue,0,0,0,0.0
00824-Dd4bFSTQ8gi,0_6,227,goalpost,0,0,0,0.0
00824-Dd4bFSTQ8gi,0_6,228,golf sticks,0,0,0,0.0
00824-Dd4bFSTQ8gi,0_6,229,grab bar,0,0,0,0.0
00824-Dd4bFSTQ8gi,0_6,230,grass,0,0,0,0.0
00824-Dd4bFSTQ8gi,0_6,231,grate,0,0,0,0.0
00824-Dd4bFSTQ8gi,0_6,232,gravel,0,0,0,0.0
00824-Dd4bFSTQ8gi,0_6,233,groceries,0,0,0,0.0
00824-Dd4bFSTQ8gi,0_6,234,guitar,0,0,0,0.0
00824-Dd4bFSTQ8gi,0_6,235,gun,0,0,0,0.0
00824-Dd4bFSTQ8gi,0_6,236,gym rope,0,0,0,0.0
00824-Dd4bFSTQ8gi,0_6,237,hair brush,0,0,0,0.0
00824-Dd4bFSTQ8gi,0_6,238,hair dryer,0,0,0,0.0
00824-Dd4bFSTQ8gi,0_6,239,hammer,0,0,0,0.0
00824-Dd4bFSTQ8gi,0_6,240,hammock,0,0,0,0.0
00824-Dd4bFSTQ8gi,0_6,241,hand dryer,0,0,0,0.0
00824-Dd4bFSTQ8gi,0_6,242,handcart,0,0,0,0.0
00824-Dd4bFSTQ8gi,0_6,243,handkerchiefs,0,0,0,0.0
00824-Dd4bFSTQ8gi,0_6,244,handle,0,0,0,0.4142398590231209
00824-Dd4bFSTQ8gi,0_6,245,hanger,0,0,0,0.0
00824-Dd4bFSTQ8gi,0_6,246,hat,0,0,0,0.0
00824-Dd4bFSTQ8gi,0_6,247,hatch,0,0,0,0.0
00824-Dd4bFSTQ8gi,0_6,248,headboard,0,0,0,0.0
00824-Dd4bFSTQ8gi,0_6,249,headphones,0,0,0,0.0
00824-Dd4bFSTQ8gi,0_6,250,heater,0,0,0,0.41863673021408
00824-Dd4bFSTQ8gi,0_6,251,heater piping,0,0,0,0.0
00824-Dd4bFSTQ8gi,0_6,252,holder,0,0,0,0.0
00824-Dd4bFSTQ8gi,0_6,253,holy cross,0,0,0,0.0
00824-Dd4bFSTQ8gi,0_6,254,hook,0,0,0,0.0
00824-Dd4bFSTQ8gi,0_6,255,hose,0,0,0,0.0
00824-Dd4bFSTQ8gi,0_6,256,hourglass,0,0,0,0.0
00824-Dd4bFSTQ8gi,0_6,257,hoverboard,0,0,0,0.0
00824-Dd4bFSTQ8gi,0_6,258,ice maker,0,0,0,0.0
00824-Dd4bFSTQ8gi,0_6,259,information,0,0,0,0.0
00824-Dd4bFSTQ8gi,0_6,260,installation,0,0,0,0.0
00824-Dd4bFSTQ8gi,0_6,261,instrument,0,0,0,0.0
00824-Dd4bFSTQ8gi,0_6,262,iron,0,0,0,0.0
00824-Dd4bFSTQ8gi,0_6,263,ironing board,0,0,0,0.0
00824-Dd4bFSTQ8gi,0_6,264,jewelry,0,0,0,0.0
00824-Dd4bFSTQ8gi,0_6,265,jug,0,0,0,0.0
00824-Dd4bFSTQ8gi,0_6,266,keg,0,0,0,0.0
00824-Dd4bFSTQ8gi,0_6,267,kettle,0,0,0,0.0
00824-Dd4bFSTQ8gi,0_6,268,keys,0,0,0,0.0
00824-Dd4bFSTQ8gi,0_6,269,kitchen appliance,0,0,0,0.0
00824-Dd4bFSTQ8gi,0_6,270,kitchen handle,0,0,0,0.0
00824-Dd4bFSTQ8gi,0_6,271,kitchen island,0,0,0,0.0
00824-Dd4bFSTQ8gi,0_6,272,kitchen utensil,0,0,0,0.0
00824-Dd4bFSTQ8gi,0_6,273,knife,0,0,0,0.0
00824-Dd4bFSTQ8gi,0_6,274,knob,0,0,0,0.0
00824-Dd4bFSTQ8gi,0_6,275,lace doily,0,0,0,0.0
00824-Dd4bFSTQ8gi,0_6,276,ladder,0,0,0,0.0
00824-Dd4bFSTQ8gi,0_6,277,landing,0,0,0,0.0
00824-Dd4bFSTQ8gi,0_6,278,laundry,0,0,0,0.0
00824-Dd4bFSTQ8gi,0_6,279,lawn mower,0,0,0,0.0
00824-Dd4bFSTQ8gi,0_6,280,level,0,0,0,0.0
00824-Dd4bFSTQ8gi,0_6,281,lid,0,0,0,0.0
00824-Dd4bFSTQ8gi,0_6,282,light,1,1,8,0.0
00824-Dd4bFSTQ8gi,0_6,283,lighter,0,0,0,0.0
00824-Dd4bFSTQ8gi,0_6,284,liquid,0,0,0,0.0
00824-Dd4bFSTQ8gi,0_6,285,locker,0,0,0,0.0
00824-Dd4bFSTQ8gi,0_6,286,machine,0,0,0,0.0
00824-Dd4bFSTQ8gi,0_6,287,mailbox,0,0,0,0.0
00824-Dd4bFSTQ8gi,0_6,288,mannequin,0,0,0,0.0
00824-Dd4bFSTQ8gi,0_6,289,map,0,0,0,0.0
00824-Dd4bFSTQ8gi,0_6,290,mascot,0,0,0,0.0
00824-Dd4bFSTQ8gi,0_6,291,massage bed,0,0,0,0.0
00824-Dd4bFSTQ8gi,0_6,292,material,0,0,0,0.0
00824-Dd4bFSTQ8gi,0_6,293,measuring tape,0,0,0,0.0
00824-Dd4bFSTQ8gi,0_6,294,medical lamp,0,0,0,0.0
00824-Dd4bFSTQ8gi,0_6,295,medical object,0,0,0,0.0
00824-Dd4bFSTQ8gi,0_6,296,menu,0,0,0,0.0
00824-Dd4bFSTQ8gi,0_6,297,meshwork,0,0,0,0.0
00824-Dd4bFSTQ8gi,0_6,298,meter,0,0,0,0.0
00824-Dd4bFSTQ8gi,0_6,299,microphone,0,0,0,0.0
00824-Dd4bFSTQ8gi,0_6,300,microphone accessory,0,0,0,0.0
00824-Dd4bFSTQ8gi,0_6,301,microwave,0,1,0,0.0
00824-Dd4bFSTQ8gi,0_6,302,mirror,0,1,0,0.9657436243192238
00824-Dd4bFSTQ8gi,0_6,303,model,0,0,0,0.016355135798507336
00824-Dd4bFSTQ8gi,0_6,304,modem,0,0,0,0.0
00824-Dd4bFSTQ8gi,0_6,305,mop,0,0,0,0.0
00824-Dd4bFSTQ8gi,0_6,306,mortar,0,0,0,0.0
00824-Dd4bFSTQ8gi,0_6,307,motorcycle,0,0,0,0.0
00824-Dd4bFSTQ8gi,0_6,308,music equipment,0,0,0,0.0
00824-Dd4bFSTQ8gi,0_6,309,napkin,0,0,0,0.0
00824-Dd4bFSTQ8gi,0_6,310,nightstand,0,0,0,0.0
00824-Dd4bFSTQ8gi,0_6,311,oar,0,0,0,0.0
00824-Dd4bFSTQ8gi,0_6,312,object,0,0,0,0.0
00824-Dd4bFSTQ8gi,0_6,313,objects,0,0,0,0.0
00824-Dd4bFSTQ8gi,0_6,314,outlet,0,0,0,0.0
00824-Dd4bFSTQ8gi,0_6,315,oven,0,1,0,0.0
00824-Dd4bFSTQ8gi,0_6,316,overhang,0,0,0,0.3740209039175467
00824-Dd4bFSTQ8gi,0_6,317,pad,0,0,0,0.0
00824-Dd4bFSTQ8gi,0_6,318,painting stuff,0,0,0,0.0
00824-Dd4bFSTQ8gi,0_6,319,pan,0,0,0,0.0
00824-Dd4bFSTQ8gi,0_6,320,panel,0,0,0,0.0
00824-Dd4bFSTQ8gi,0_6,321,pantry,0,0,0,0.0
00824-Dd4bFSTQ8gi,0_6,322,paper holder,0,0,0,0.0
00824-Dd4bFSTQ8gi,0_6,323,paper storage,0,0,0,0.0
00824-Dd4bFSTQ8gi,0_6,324,paper towel,0,0,0,0.0
00824-Dd4bFSTQ8gi,0_6,325,parapet,0,0,0,0.0
00824-Dd4bFSTQ8gi,0_6,326,partial,0,0,0,0.9871420008089073
00824-Dd4bFSTQ8gi,0_6,327,pavement,0,0,0,0.0
00824-Dd4bFSTQ8gi,0_6,328,pedestal,0,0,0,0.0
00824-Dd4bFSTQ8gi,0_6,329,pen,0,0,0,0.0
00824-Dd4bFSTQ8gi,0_6,330,pendant,0,0,0,0.0
00824-Dd4bFSTQ8gi,0_6,331,pet bed,0,0,0,0.0
00824-Dd4bFSTQ8gi,0_6,332,pet bowl,0,0,0,0.0
00824-Dd4bFSTQ8gi,0_6,333,phone,0,0,0,0.0
00824-Dd4bFSTQ8gi,0_6,334,photo mount,0,0,0,0.0
00824-Dd4bFSTQ8gi,0_6,335,photo stand,0,0,0,0.0
00824-Dd4bFSTQ8gi,0_6,336,piano,0,0,0,0.0
00824-Dd4bFSTQ8gi,0_6,337,pillow,1,1,9,0.0
00824-Dd4bFSTQ8gi,0_6,338,pitchfork,0,0,0,0.0
00824-Dd4bFSTQ8gi,0_6,339,place mat,0,0,0,0.0
00824-Dd4bFSTQ8gi,0_6,340,plane,0,0,0,0.0
00824-Dd4bFSTQ8gi,0_6,341,plank,0,0,0,0.0
00824-Dd4bFSTQ8gi,0_6,342,plant,1,1,1,0.9964090309988953
00824-Dd4bFSTQ8gi,0_6,343,plant ornament,0,0,0,0.0
00824-Dd4bFSTQ8gi,0_6,344,platform,0,0,0,0.0
00824-Dd4bFSTQ8gi,0_6,345,playpen,0,0,0,0.0
00824-Dd4bFSTQ8gi,0_6,346,plenum box,0,0,0,0.0
00824-Dd4bFSTQ8gi,0_6,347,pliers,0,0,0,0.0
00824-Dd4bFSTQ8gi,0_6,348,plumbing,0,0,0,0.0
00824-Dd4bFSTQ8gi,0_6,349,plunger,0,0,0,0.0
00824-Dd4bFSTQ8gi,0_6,350,podium,1,1,2,0.0
00824-Dd4bFSTQ8gi,0_6,351,pole,0,0,0,0.0
00824-Dd4bFSTQ8gi,0_6,352,pool,0,0,0,0.0
00824-Dd4bFSTQ8gi,0_6,353,pool table,0,0,0,0.0
00824-Dd4bFSTQ8gi,0_6,354,porcelain,0,0,0,0.0
00824-Dd4bFSTQ8gi,0_6,355,poster,0,0,0,0.0
00824-Dd4bFSTQ8gi,0_6,356,pot,0,0,0,0.0
00824-Dd4bFSTQ8gi,0_6,357,pot lid,0,0,0,0.0
00824-Dd4bFSTQ8gi,0_6,358,pouches,0,0,0,0.0
00824-Dd4bFSTQ8gi,0_6,359,press,0,0,0,0.0
00824-Dd4bFSTQ8gi,0_6,360,pressure washer,0,0,0,0.0
00824-Dd4bFSTQ8gi,0_6,361,printer,0,0,0,0.0
00824-Dd4bFSTQ8gi,0_6,362,product,0,0,0,0.0
00824-Dd4bFSTQ8gi,0_6,363,products,0,0,0,0.0
00824-Dd4bFSTQ8gi,0_6,364,prop,0,0,0,0.6303322199835835
00824-Dd4bFSTQ8gi,0_6,365,pump,0,0,0,0.0
00824-Dd4bFSTQ8gi,0_6,366,punchbag,0,0,0,0.0
00824-Dd4bFSTQ8gi,0_6,367,puppet,0,0,0,0.0
00824-Dd4bFSTQ8gi,0_6,368,rag,0,0,0,0.0
00824-Dd4bFSTQ8gi,0_6,369,rail,0,0,0,0.0
00824-Dd4bFSTQ8gi,0_6,370,rake,0,0,0,0.0
00824-Dd4bFSTQ8gi,0_6,371,receipt printer,0,0,0,0.0
00824-Dd4bFSTQ8gi,0_6,372,records,0,0,0,0.0
00824-Dd4bFSTQ8gi,0_6,373,recuperator,0,0,0,0.0
00824-Dd4bFSTQ8gi,0_6,374,refrigerator,0,1,0,0.0
00824-Dd4bFSTQ8gi,0_6,375,remote control,0,0,0,0.0
00824-Dd4bFSTQ8gi,0_6,376,rice cooker,0,0,0,0.0
00824-Dd4bFSTQ8gi,0_6,377,riser,0,0,0,0.0
00824-Dd4bFSTQ8gi,0_6,378,rocking horse,0,0,0,0.0
00824-Dd4bFSTQ8gi,0_6,379,rod,0,0,0,0.0
00824-Dd4bFSTQ8gi,0_6,380,roll,0,0,0,0.0
00824-Dd4bFSTQ8gi,0_6,381,rope,0,0,0,0.0
00824-Dd4bFSTQ8gi,0_6,382,router,0,0,0,0.0
00824-Dd4bFSTQ8gi,0_6,383,rug,1,1,1,0.9999999987617078
00824-Dd4bFSTQ8gi,0_6,384,safe,0,0,0,0.0
00824-Dd4bFSTQ8gi,0_6,385,saturator,0,0,0,0.0
00824-Dd4bFSTQ8gi,0_6,386,sauna,0,0,0,0.0
00824-Dd4bFSTQ8gi,0_6,387,saw,0,0,0,0.0
00824-Dd4bFSTQ8gi,0_6,388,saxophone,0,0,0,0.0
00824-Dd4bFSTQ8gi,0_6,389,scale,0,0,0,0.0
00824-Dd4bFSTQ8gi,0_6,390,scanner,0,0,0,0.0
00824-Dd4bFSTQ8gi,0_6,391,screen,0,0,0,0.9800413378373484
00824-Dd4bFSTQ8gi,0_6,392,screen frame,0,0,0,0.0
00824-Dd4bFSTQ8gi,0_6,393,screwdriver,0,0,0,0.0
00824-Dd4bFSTQ8gi,0_6,394,sculpture,0,0,0,0.005318359811531281
00824-Dd4bFSTQ8gi,0_6,395,security camera,0,0,0,0.0
00824-Dd4bFSTQ8gi,0_6,396,self-closing mechanism,0,0,0,0.0
00824-Dd4bFSTQ8gi,0_6,397,sensor,0,0,0,0.0
00824-Dd4bFSTQ8gi,0_6,398,separator,0,0,0,0.0
00824-Dd4bFSTQ8gi,0_6,399,set of valves,0,0,0,0.0
00824-Dd4bFSTQ8gi,0_6,400,sewing machine,0,0,0,0.0
00824-Dd4bFSTQ8gi,0_6,401,sewing tools,0,0,0,0.0
00824-Dd4bFSTQ8gi,0_6,402,shampoo,0,0,0,0.0
00824-Dd4bFSTQ8gi,0_6,403,sheet music,0,0,0,0.0
00824-Dd4bFSTQ8gi,0_6,404,sheets / clothes,0,0,0,0.0
00824-Dd4bFSTQ8gi,0_6,405,shelf,1,1,3,0.0
00824-Dd4bFSTQ8gi,0_6,406,ship toy,0,0,0,0.0
00824-Dd4bFSTQ8gi,0_6,407,shisha,0,0,0,0.0
00824-Dd4bFSTQ8gi,0_6,408,shoe,0,0,0,0.0
00824-Dd4bFSTQ8gi,0_6,409,shoe rack,0,0,0,0.0
00824-Dd4bFSTQ8gi,0_6,410,shoehorn,0,0,0,0.0
00824-Dd4bFSTQ8gi,0_6,411,shovel,0,0,0,0.0
00824-Dd4bFSTQ8gi,0_6,412,shower,0,0,0,0.0
00824-Dd4bFSTQ8gi,0_6,413,shower seat,0,0,0,0.0
00824-Dd4bFSTQ8gi,0_6,414,shredder,0,0,0,0.0
00824-Dd4bFSTQ8gi,0_6,415,side table,0,0,0,0.0
00824-Dd4bFSTQ8gi,0_6,416,sideboard,0,0,0,0.0
00824-Dd4bFSTQ8gi,0_6,417,sign,0,0,0,0.0
00824-Dd4bFSTQ8gi,0_6,418,silicone gun,0,0,0,0.0
00824-Dd4bFSTQ8gi,0_6,419,silicone tube,0,0,0,0.0
00824-Dd4bFSTQ8gi,0_6,420,sink,0,1,0,0.0
00824-Dd4bFSTQ8gi,0_6,421,skateboard,0,0,0,0.0
00824-Dd4bFSTQ8gi,0_6,422,skates,0,0,0,0.0
00824-Dd4bFSTQ8gi,0_6,423,ski,0,0,0,0.0
00824-Dd4bFSTQ8gi,0_6,424,sky,0,0,0,0.0
00824-Dd4bFSTQ8gi,0_6,425,sled,0,0,0,0.0
00824-Dd4bFSTQ8gi,0_6,426,sleeping bag,0,0,0,0.0
00824-Dd4bFSTQ8gi,0_6,427,smoke detector,0,1,0,0.0
00824-Dd4bFSTQ8gi,0_6,428,snack,0,0,0,0.0
00824-Dd4bFSTQ8gi,0_6,429,soap,0,0,0,0.0
00824-Dd4bFSTQ8gi,0_6,430,socks,0,0,0,0.0
00824-Dd4bFSTQ8gi,0_6,431,sofa,1,1,2,0.9999580132835714
00824-Dd4bFSTQ8gi,0_6,432,solarium,0,0,0,0.0
00824-Dd4bFSTQ8gi,0_6,433,speaker,0,0,0,0.0
00824-Dd4bFSTQ8gi,0_6,434,speaker stand,0,0,0,0.0
00824-Dd4bFSTQ8gi,0_6,435,spices,0,0,0,0.0
00824-Dd4bFSTQ8gi,0_6,436,sponge,0,0,0,0.0
00824-Dd4bFSTQ8gi,0_6,437,spray can,0,0,0,0.0
00824-Dd4bFSTQ8gi,0_6,438,sprinkler,0,0,0,0.0
00824-Dd4bFSTQ8gi,0_6,439,square,0,0,0,0.0
00824-Dd4bFSTQ8gi,0_6,440,stack,0,0,0,0.0
00824-Dd4bFSTQ8gi,0_6,441,stack of books / papers,0,0,0,0.0
00824-Dd4bFSTQ8gi,0_6,442,stack of stuff,0,0,0,0.0
00824-Dd4bFSTQ8gi,0_6,443,stack of yarns,0,0,0,0.0
00824-Dd4bFSTQ8gi,0_6,444,stage,0,0,0,0.0
00824-Dd4bFSTQ8gi,0_6,445,stained glass,0,0,0,0.0
00824-Dd4bFSTQ8gi,0_6,446,stand,0,0,0,0.0
00824-Dd4bFSTQ8gi,0_6,447,star,0,0,0,0.0
00824-Dd4bFSTQ8gi,0_6,448,stationery,0,0,0,0.0
00824-Dd4bFSTQ8gi,0_6,449,steel plate,0,0,0,0.0
00824-Dd4bFSTQ8gi,0_6,450,step stool,0,0,0,0.0
00824-Dd4bFSTQ8gi,0_6,451,stick,0,0,0,0.0
00824-Dd4bFSTQ8gi,0_6,452,stone,0,0,0,0.35560399837468426
00824-Dd4bFSTQ8gi,0_6,453,stonework,0,0,0,0.0
00824-Dd4bFSTQ8gi,0_6,454,stool,0,1,0,0.0
00824-Dd4bFSTQ8gi,0_6,455,storage,0,0,0,0.0
00824-Dd4bFSTQ8gi,0_6,456,strings,0,0,0,0.0
00824-Dd4bFSTQ8gi,0_6,457,stroke,0,0,0,0.0
00824-Dd4bFSTQ8gi,0_6,458,sunbed,0,0,0,0.0
00824-Dd4bFSTQ8gi,0_6,459,support,0,0,0,0.0
00824-Dd4bFSTQ8gi,0_6,460,surface,0,0,0,0.0
00824-Dd4bFSTQ8gi,0_6,461,surfboard,0,0,0,0.0
00824-Dd4bFSTQ8gi,0_6,462,swing,0,0,0,0.0
00824-Dd4bFSTQ8gi,0_6,463,switch,0,0,0,0.0
00824-Dd4bFSTQ8gi,0_6,464,table,1,1,1,0.0
00824-Dd4bFSTQ8gi,0_6,465,table cloth,0,0,0,0.0
00824-Dd4bFSTQ8gi,0_6,466,table pad,0,0,0,0.0
00824-Dd4bFSTQ8gi,0_6,467,table stand,0,0,0,0.0
00824-Dd4bFSTQ8gi,0_6,468,table tennis table,0,0,0,0.0
00824-Dd4bFSTQ8gi,0_6,469,tablet,0,0,0,0.0
00824-Dd4bFSTQ8gi,0_6,470,tambourine,0,0,0,0.0
00824-Dd4bFSTQ8gi,0_6,471,tea set,0,0,0,0.0
00824-Dd4bFSTQ8gi,0_6,472,telescope,0,0,0,0.0
00824-Dd4bFSTQ8gi,0_6,473,tennis racket,0,0,0,0.0
00824-Dd4bFSTQ8gi,0_6,474,tent,0,0,0,0.0
00824-Dd4bFSTQ8gi,0_6,475,thermometer,0,0,0,0.0
00824-Dd4bFSTQ8gi,0_6,476,thermostat,0,0,0,0.0
00824-Dd4bFSTQ8gi,0_6,477,three,0,0,0,0.0
00824-Dd4bFSTQ8gi,0_6,478,tile,0,0,0,0.811200095796446
00824-Dd4bFSTQ8gi,0_6,479,tire,0,0,0,0.0
00824-Dd4bFSTQ8gi,0_6,480,tissue,0,1,0,0.0
00824-Dd4bFSTQ8gi,0_6,481,title,0,0,0,0.0
00824-Dd4bFSTQ8gi,0_6,482,toaster,0,0,0,0.0
00824-Dd4bFSTQ8gi,0_6,483,toaster oven,0,0,0,0.0
00824-Dd4bFSTQ8gi,0_6,484,toilet,0,1,0,0.0
00824-Dd4bFSTQ8gi,0_6,485,toilet brush,0,1,0,0.0
00824-Dd4bFSTQ8gi,0_6,486,toilet cleaner,0,0,0,0.0
00824-Dd4bFSTQ8gi,0_6,487,toilet paper,0,1,0,0.0
00824-Dd4bFSTQ8gi,0_6,488,toiletry,0,0,0,0.0
00824-Dd4bFSTQ8gi,0_6,489,tool,0,0,0,0.0
00824-Dd4bFSTQ8gi,0_6,490,tool rack,0,0,0,0.0
00824-Dd4bFSTQ8gi,0_6,491,toothbrush,0,0,0,0.0
00824-Dd4bFSTQ8gi,0_6,492,toothpaste,0,0,0,0.0
00824-Dd4bFSTQ8gi,0_6,493,towel,0,1,0,0.0
00824-Dd4bFSTQ8gi,0_6,494,towel bar,0,1,0,0.0
00824-Dd4bFSTQ8gi,0_6,495,toy,0,0,0,0.0
00824-Dd4bFSTQ8gi,0_6,496,traffic cone,0,0,0,0.0
00824-Dd4bFSTQ8gi,0_6,497,trampoline,0,0,0,0.0
00824-Dd4bFSTQ8gi,0_6,498,trash bag,0,0,0,0.0
00824-Dd4bFSTQ8gi,0_6,499,tray,0,1,0,0.0
00824-Dd4bFSTQ8gi,0_6,500,treadmill,0,0,0,0.0
00824-Dd4bFSTQ8gi,0_6,501,tree,0,0,0,0.0
00824-Dd4bFSTQ8gi,0_6,502,tree branch,0,0,0,0.0
00824-Dd4bFSTQ8gi,0_6,503,trimmer,0,0,0,0.0
00824-Dd4bFSTQ8gi,0_6,504,tripod,0,0,0,0.0
00824-Dd4bFSTQ8gi,0_6,505,trolley,0,0,0,0.0
00824-Dd4bFSTQ8gi,0_6,506,trombone,0,0,0,0.0
00824-Dd4bFSTQ8gi,0_6,507,trophy,0,0,0,0.0
00824-Dd4bFSTQ8gi,0_6,508,trough,0,0,0,0.0
00824-Dd4bFSTQ8gi,0_6,509,trumpet,0,0,0,0.0
00824-Dd4bFSTQ8gi,0_6,510,tv,0,0,0,0.0
00824-Dd4bFSTQ8gi,0_6,511,tv stand,0,0,0,0.0
00824-Dd4bFSTQ8gi,0_6,512,typewriter,0,0,0,0.0
00824-Dd4bFSTQ8gi,0_6,513,ukulele,0,0,0,0.0
00824-Dd4bFSTQ8gi,0_6,514,umbrella,0,0,0,0.0
00824-Dd4bFSTQ8gi,0_6,515,umbrella stand,0,0,0,0.0
00824-Dd4bFSTQ8gi,0_6,516,unknown,0,0,0,0.0018929872031940853
00824-Dd4bFSTQ8gi,0_6,517,vacuum cleaner,0,0,0,0.0
00824-Dd4bFSTQ8gi,0_6,518,vanity,0,0,0,0.0
00824-Dd4bFSTQ8gi,0_6,519,vase,1,1,3,0.0
00824-Dd4bFSTQ8gi,0_6,520,vegetables,0,0,0,0.0
00824-Dd4bFSTQ8gi,0_6,521,vessel,0,0,0,0.0
00824-Dd4bFSTQ8gi,0_6,522,vinyl records,0,0,0,0.0
00824-Dd4bFSTQ8gi,0_6,523,violin,0,0,0,0.0
00824-Dd4bFSTQ8gi,0_6,524,violin case,0,0,0,0.0
00824-Dd4bFSTQ8gi,0_6,525,waffle iron,0,0,0,0.0
00824-Dd4bFSTQ8gi,0_6,526,wardrobe,0,1,0,0.0
00824-Dd4bFSTQ8gi,0_6,527,washing machine,0,0,0,0.0
00824-Dd4bFSTQ8gi,0_6,528,washing powder,0,0,0,0.0
00824-Dd4bFSTQ8gi,0_6,529,washing stuff,0,0,0,0.0
00824-Dd4bFSTQ8gi,0_6,530,watch,0,0,0,0.0
00824-Dd4bFSTQ8gi,0_6,531,water dispenser,0,0,0,0.0
00824-Dd4bFSTQ8gi,0_6,532,water heater,0,0,0,0.0
00824-Dd4bFSTQ8gi,0_6,533,water meter,0,0,0,0.0
00824-Dd4bFSTQ8gi,0_6,534,water pump,0,0,0,0.0
00824-Dd4bFSTQ8gi,0_6,535,water tank,0,0,0,0.0
00824-Dd4bFSTQ8gi,0_6,536,watering can,0,0,0,0.0
00824-Dd4bFSTQ8gi,0_6,537,weight,0,0,0,0.0
00824-Dd4bFSTQ8gi,0_6,538,weight bench,0,0,0,0.0
00824-Dd4bFSTQ8gi,0_6,539,weights,0,0,0,0.0
00824-Dd4bFSTQ8gi,0_6,540,wheel,0,0,0,0.0
00824-Dd4bFSTQ8gi,0_6,541,wheelbarrow,0,0,0,0.0
00824-Dd4bFSTQ8gi,0_6,542,window shade,0,0,0,0.0
00824-Dd4bFSTQ8gi,0_6,543,wine,0,0,0,0.0
00824-Dd4bFSTQ8gi,0_6,544,wine storage,0,0,0,0.0
00824-Dd4bFSTQ8gi,0_6,545,wood,0,0,0,0.9999722244901998
00824-Dd4bFSTQ8gi,0_6,546,wrench,0,0,0,0.0
