scene_id,object_id,predicted_class_id,class_label,predicted_room_id,object_x,object_y,object_z,p_obj,p_det,p_view,p_mem,p_sem_bar,p_sem,p_coh
00843-DYehNKdT76V,0_0_0,478,tile,0_0,2.288029913941683,0.23696466369938154,-1.5024351317741764,0.8338474027208217,0.9785505551959849,0.9177842966343759,0.9986668908659572,0.9296983030528049,0.9296983030528049,0.9982765509187237
00843-DYehNKdT76V,0_0_1,478,tile,0_0,0.9608886350791949,0.0009558801542867242,-1.4941033839254567,0.8281517219508744,0.9450834652957938,0.8974048368888743,0.9990789140741683,0.9773532130869624,0.9773532130869624,0.999139913233045
00843-DYehNKdT76V,0_0_10,221,glass,0_0,2.559531493911386,2.135092789590111,-0.07274474512478363,0.47753920448296117,0.9691797300334094,0.9009583595900308,0.9989012385015131,0.5474915722120923,0.5474915722120923,0.972544884388481
00843-DYehNKdT76V,0_0_100,478,tile,0_0,2.2972228053399375,0.0021713225167166936,-1.4279173920993646,0.7307959617690046,0.9020743765330717,0.9222115493206458,0.997880059377818,0.8803287613874661,0.8803287613874661,0.9955072599001541
00843-DYehNKdT76V,0_0_101,180,fan,0_0,1.8252356866384642,2.761533789476119,-2.4945922674312926,0.542023968326331,0.9752812408203979,0.925048427674542,0.9902461044195359,0.6067097982808706,0.6067097982808706,
00843-DYehNKdT76V,0_0_102,9,appliance,0_0,4.58512194398966,1.6759187861873468,-2.513081669413975,0.5725863004324407,0.9615525275664146,0.9240204314611016,0.9962270382349404,0.6468864292643207,0.6468864292643207,0.9994817841476457
00843-DYehNKdT76V,0_0_103,93,ceiling chassis,0_0,2.69075567199439,2.8803983010459127,-1.8965814062843793,0.7363912636108089,0.961364073251921,0.9369432783299652,0.9958606814383448,0.8209351541035581,0.8209351541035581,0.9709258905925869
00843-DYehNKdT76V,0_0_104,326,partial,0_0,1.071488317468144,2.2863472158292453,0.1433067672081984,0.44055856927827297,0.9596495913921131,0.9077737739764782,0.991779755118318,0.509915366538917,0.509915366538917,0.6012377296127417
00843-DYehNKdT76V,0_0_105,316,overhang,0_0,1.1372271973838703,2.5100160562125025,-3.0994444470350877,0.481214972064419,0.9292734792156677,0.9194204673874167,0.9907131275962457,0.5685039716468729,0.7092350896158218,0.5685039716468729
00843-DYehNKdT76V,0_0_106,221,glass,0_0,1.4777318968743298,1.3470982184799707,-3.082474928764761,0.44178568534957674,0.8734825157789274,0.9299932645869673,0.998496975436384,0.5446667534479108,0.8159668059860486,0.5446667534479108
00843-DYehNKdT76V,0_0_107,82,cardboard,0_0,2.4491181970938314,2.27580308556995,-3.106847961396682,0.19514572156698756,0.9687179246741116,0.8974824344781945,0.994185907515819,0.2257709904637517,0.6410082464689018,0.2257709904637517
00843-DYehNKdT76V,0_0_108,326,partial,0_0,0.7396861700444827,1.0570738576296184,-1.2209140247472947,0.43227360984071167,0.9687822799887688,0.9130841392268274,0.9948936048137064,0.49118500279483157,0.7573135147652849,0.49118500279483157
00843-DYehNKdT76V,0_0_109,478,tile,0_0,1.1316589953083598,0.000925248599679693,-1.4774547089843348,0.8284082571693618,0.9258784038490719,0.9118008812908556,0.9992891056843234,0.9819724521533285,0.9819724521533285,0.9990496596809811
00843-DYehNKdT76V,0_0_11,326,partial,0_0,4.925487476113897,1.8899425331890638,-1.1907085302783995,0.39545205168503267,0.9661050826311112,0.9498642552377704,0.9980755351302776,0.4317620937028166,0.7015787746536215,0.4317620937028166
00843-DYehNKdT76V,0_0_110,545,wood,0_0,2.3457213332212876,0.2134400812279284,-2.5029144724842745,0.4301158892483985,0.9607855880547868,0.9293668413559264,0.9953724696247738,0.4839340811693191,0.7636107555359566,0.4839340811693191
00843-DYehNKdT76V,0_0_111,319,pan,0_0,2.289657698179374,0.8911241431241382,-2.6946440921084704,0.8314191472086042,0.9611228643534644,0.9266320629572544,0.9976666567474776,0.935725213287941,0.935725213287941,0.9972043428869916
00843-DYehNKdT76V,0_0_112,545,wood,0_0,3.696828451635523,1.2201684097284091,-2.742706344743736,0.5712917060321429,0.9507995618377905,0.9088136331726229,0.9991223221391052,0.6617218128443657,0.6617218128443657,0.691401259390359
00843-DYehNKdT76V,0_0_113,127,countertop item,0_0,1.673199718626516,0.8946763118185809,-2.793739708606405,0.5950314281514615,0.9575288348013477,0.9140482478079526,0.9967117200037656,0.6821020553569811,0.6821020553569811,0.7826184137017208
00843-DYehNKdT76V,0_0_114,127,countertop item,0_0,3.635461569525069,0.9253165867638102,-2.6868283775067607,0.6854483217960989,0.9584440130564059,0.9548702208275397,0.996476768896513,0.7516167343153374,0.7516167343153374,0.7822222878988787
00843-DYehNKdT76V,0_0_115,82,cardboard,0_0,3.5042578254499492,-0.0005289211356978793,-2.3602585214913705,0.0018825485952042565,0.910020208155782,0.9115826609332924,0.9954302182250092,0.0022797555559432117,0.5290169939586202,0.0022797555559432117
00843-DYehNKdT76V,0_0_116,221,glass,0_0,1.9191248809743198,1.0035552320280758,-3.081797137006827,0.5328884912287211,0.979255128203036,0.9209799915230824,0.9990085367339913,0.5914541614276353,0.7491131563719677,0.5914541614276353
00843-DYehNKdT76V,0_0_117,127,countertop item,0_0,3.233777924926461,0.8613914726759159,-1.1791842998318531,0.38552353154418173,0.9786760296314895,0.9322209905959253,0.9938631985420928,0.42517375926855994,0.7916226616665336,0.42517375926855994
00843-DYehNKdT76V,0_0_118,221,glass,0_0,3.077464384979312,0.9699203532247013,-0.07645525078098107,0.5802742862163165,0.9661784459045268,0.9004780818002602,0.9987090544702797,0.667826806663338,0.667826806663338,0.9813476204281771
00843-DYehNKdT76V,0_0_119,545,wood,0_0,3.6627715837228143,1.7164439289417248,-2.616297987776611,0.6975063957731572,0.9741927124643497,0.9396267761850248,0.9976024338678307,0.7638189582631467,0.7638189582631467,0.8138779938919094
00843-DYehNKdT76V,0_0_12,326,partial,0_0,4.932518348367946,1.5015427454675592,-0.70123154427939,0.4721743735055286,0.9559099172413436,0.9367585745665632,0.9965038161321711,0.529150002135749,0.6818439290030845,0.529150002135749
00843-DYehNKdT76V,0_0_120,545,wood,0_0,2.61702671516483,1.7169660273132035,-2.7534754394270475,0.78371478883507,0.9745599276201748,0.9211806398319207,0.9950473298665025,0.8773259019588777,0.8773259019588777,0.9811281971214597
00843-DYehNKdT76V,0_0_121,449,steel plate,0_0,2.8166787618745337,0.9344521464235783,-1.2142886728097395,0.46862126045473723,0.9736952036619186,0.9105131048155903,0.9933019903354067,0.5321467946272539,0.5321467946272539,0.6168971396995818
00843-DYehNKdT76V,0_0_122,478,tile,0_0,3.4735713879224375,0.0012682062306586827,-1.594358534901303,0.7066186231112644,0.9783084308893797,0.9459833061615965,0.9970296221123598,0.7658042090042743,0.7658042090042743,0.9892422966523517
00843-DYehNKdT76V,0_0_123,127,countertop item,0_0,4.04459111534278,0.3951194833929918,-1.5726211998924324,0.5673325004033622,0.9660400190361402,0.9710295474738031,0.9979791327449484,0.6060223481612181,0.8182866226600464,0.6060223481612181
00843-DYehNKdT76V,0_0_124,82,cardboard,0_0,4.927748855121705,0.6285431495468518,-1.3159460233400884,0.371437793165241,0.9883392753662962,0.9237802086659712,0.994280926238473,0.4091685778026542,0.5802457147778544,0.4091685778026542
00843-DYehNKdT76V,0_0_125,82,cardboard,0_0,5.180772566102083,-0.003101370128625491,-1.710422823258413,0.047495664854413484,0.9868352995629897,0.9533142805269518,0.9980085082951823,0.05058700325978779,0.5475754454594015,0.05058700325978779
00843-DYehNKdT76V,0_0_126,478,tile,0_0,3.978529449056455,4.713552905105352e-05,-1.6717910611277058,0.6458941972794895,0.9573645656206168,0.9073722778988582,0.9975613010121641,0.7453477318461165,0.7453477318461165,0.9973408430752673
00843-DYehNKdT76V,0_0_127,9,appliance,0_0,4.61959565305977,1.170741776476965,-2.4964935759234255,0.5785900222154067,0.8582799462621125,0.9113985351399978,0.997811547004709,0.7412848477013644,0.7412848477013644,0.9993079438516407
00843-DYehNKdT76V,0_0_128,221,glass,0_0,3.3176320569067137,1.175159882870278,-3.090250075750819,0.4596263194112327,0.8647045161989,0.9183245876455937,0.9986867217610517,0.579577709512913,0.579577709512913,0.6998574910743622
00843-DYehNKdT76V,0_0_129,326,partial,0_0,3.5113950315205575,0.9374190015244988,-0.0902540893751003,0.021502300985104694,0.9611437383505568,0.9265380541188772,0.9974175543928139,0.02420785599828885,0.6222899043916198,0.02420785599828885
00843-DYehNKdT76V,0_0_13,326,partial,0_0,5.772893346570807,0.892520321410875,-0.026078555566912118,0.04310366996881538,0.9854814735044656,0.9272242679806945,0.7817140141438867,0.06034386137209757,0.5496998862747705,0.06034386137209757
00843-DYehNKdT76V,0_0_130,545,wood,0_0,3.653013135434011,1.1593256886457268,-2.578171182154368,0.4156654873787696,0.9196422236629,0.9267554208555555,0.9989271925768615,0.48823183401659553,0.5601300273920817,0.48823183401659553
00843-DYehNKdT76V,0_0_131,221,glass,0_0,4.58080616264256,1.0385143361098463,-0.08226284122770218,0.5629430369998881,0.9783961077125705,0.8965568289448185,0.9958562746813155,0.6444292560561892,0.6444292560561892,0.9445176715499666
00843-DYehNKdT76V,0_0_132,221,glass,0_0,3.758158599207517,1.0818422379104622,-0.08116220235014428,0.5017228483711096,0.975944837826385,0.9097421520681642,0.9963511063257898,0.5671629891644195,0.5671629891644195,0.9750801099161159
00843-DYehNKdT76V,0_0_133,221,glass,0_0,5.378936163079804,0.7451392065298463,0.19800788665897615,0.671848749514244,0.9653690316655338,0.9272288355340608,0.9970460246840173,0.7527937676485846,0.7955823092511177,0.7527937676485846
00843-DYehNKdT76V,0_0_134,221,glass,0_0,5.50663046763195,0.5205079173588184,0.19952945273443623,0.5078095853176694,0.9733297915015431,0.9254347846182059,0.9958033251367878,0.5661369310640207,0.5661369310640207,0.5775123076648986
00843-DYehNKdT76V,0_0_135,9,appliance,0_0,4.8227673120704075,1.486970392109477,-2.516019501293516,0.6172390959822591,0.9495595099866796,0.9119729705539621,0.996555473117176,0.7152334107522077,0.7152334107522077,0.999538359383954
00843-DYehNKdT76V,0_0_136,82,cardboard,0_0,6.267889392635145,1.861706168608125,-2.8478336690853436,0.05209224884616108,0.9628983053068321,0.9204779140208728,0.9976846507770551,0.05890959282624309,0.7530607368870538,0.05890959282624309
00843-DYehNKdT76V,0_0_137,9,appliance,0_0,4.611056132298174,1.2415037408735197,-2.514161877002345,0.6822020523521487,0.9661058448890989,0.9250988689991797,0.9974792288961557,0.7652376003364222,0.7652376003364222,0.9996843947799866
00843-DYehNKdT76V,0_0_138,408,shoe,0_0,5.2213077927937475,0.03605849772688134,-2.6000690352314666,0.48070587025312767,0.9629630498312137,0.9064093631906223,0.927548297970935,0.5937571968530896,0.5937571968530896,
00843-DYehNKdT76V,0_0_139,479,tire,0_0,6.107053725618301,0.2543127659253637,-2.757091032502996,0.4729737713979093,0.9773783838738362,0.9126945040022725,0.9537391599400015,0.555928933726847,0.555928933726847,
00843-DYehNKdT76V,0_0_14,545,wood,0_0,3.2214047451177823,0.9099757316937656,-2.550887798600477,0.4141495310808091,0.9906713262066656,0.9297347107604244,0.9980842080543472,0.4505068009492749,0.7373139515148325,0.4505068009492749
00843-DYehNKdT76V,0_0_140,244,handle,0_0,5.593888062453967,0.6889357923200392,0.19932907825869156,0.43868617206630384,0.9430305257753909,0.9170705513182288,0.9928112674640213,0.5109268769127806,0.5241527979516577,0.5109268769127806
00843-DYehNKdT76V,0_0_141,82,cardboard,0_0,3.9664941648713614,1.3803694728798517,-2.5081960232269886,0.15330447942109918,0.9609680771827698,0.9177163333027831,0.9994210014919996,0.17393578888978797,0.9424183063736419,0.17393578888978797
00843-DYehNKdT76V,0_0_142,9,appliance,0_0,4.546311388756273,1.5033310673321012,-2.5274320243004387,0.7405368122657884,0.9700545578210277,0.9258395550042824,0.9976914336914685,0.8264536784981278,0.8264536784981278,0.9998199144043793
00843-DYehNKdT76V,0_0_143,326,partial,0_0,4.929110001302345,1.7575387845805317,-1.4939361807207874,0.17097543373756008,0.9792078178439686,0.9388134810130878,0.9980486943166387,0.18634931208727876,0.5100719355262673,0.18634931208727876
00843-DYehNKdT76V,0_0_144,9,appliance,0_0,4.5615239119171065,1.3073018146241613,-2.5204357955890115,0.70951185676741,0.9737235929650766,0.8996712706440089,0.9974611825807562,0.8119777122959159,0.8119777122959159,0.9997737843059414
00843-DYehNKdT76V,0_0_145,106,closet door,0_0,6.26416743470134,1.4632878435767274,-2.375685801991012,0.4488706566683203,0.9695527904292081,0.9045437754563475,0.9985646200638593,0.5125591505409042,0.5125591505409042,
00843-DYehNKdT76V,0_0_146,82,cardboard,0_0,6.28826856944123,1.4486211356535486,-1.4359503685467574,0.3067973187132278,0.9478406686747948,0.9336861313689552,0.9973475417706218,0.3475912147477476,0.8770666095664461,0.3475912147477476
00843-DYehNKdT76V,0_0_147,478,tile,0_0,5.25189393139594,-0.0007441697869654815,-1.7726186488917635,0.5407317147790143,0.9737844952705371,0.9065593293320178,0.998565853359862,0.6134032101858039,0.6134032101858039,0.9892535236765659
00843-DYehNKdT76V,0_0_148,82,cardboard,0_0,5.6957644524034725,0.9327375052585718,-1.432827598650858,0.556330467849848,0.9458332162243442,0.9149152116601857,0.9978180138578924,0.6442969787862632,0.7227862164561091,0.6442969787862632
00843-DYehNKdT76V,0_0_149,478,tile,0_0,5.408258824980894,0.00048262078818328764,-2.6461468686540184,0.45227149740627204,0.8725829251293323,0.912784780585036,0.9982560787236425,0.5688295572497598,0.5688295572497598,0.8112770150227073
00843-DYehNKdT76V,0_0_15,221,glass,0_0,2.081073536681583,1.2291603280496173,-3.0258737305018575,0.5658843316973152,0.9200841642916203,0.9017659689373942,0.9987036649770697,0.6829196794865113,0.6895866698804808,0.6829196794865113
00843-DYehNKdT76V,0_0_150,390,scanner,0_0,6.174914896074329,0.2232522839751445,-3.139249472939923,0.43891705941725356,0.965007754848284,0.8903604479595748,0.9904448074336956,0.5157693363372691,0.5157693363372691,
00843-DYehNKdT76V,0_0_151,82,cardboard,0_0,5.932859600284563,-0.002563469764277183,-2.686054608553879,0.33590255618866105,0.9495894142323071,0.8813264123768105,0.995827359279927,0.40304784618608913,0.6654840319302848,0.40304784618608913
00843-DYehNKdT76V,0_0_152,351,pole,0_0,6.164820285014509,1.4207790932022724,-3.130599176093969,0.06921613642297199,0.8480570541400659,0.93991104127981,0.9918850618998187,0.08754557141299753,0.663551971087829,0.08754557141299753
00843-DYehNKdT76V,0_0_153,326,partial,0_0,6.123352253566493,0.0009246485230855874,-0.42976978139652805,0.05395001440296997,0.9830852895358775,0.9271896583153115,0.9562506922346435,0.06189563544097597,0.5001610364190131,0.06189563544097597
00843-DYehNKdT76V,0_0_154,82,cardboard,0_0,5.788099735571404,0.7862695763417787,-1.688182904705223,0.6930845829183985,0.9840763237948781,0.9170565567403103,0.9963283304427593,0.7708304379935152,0.8693534069426417,0.7708304379935152
00843-DYehNKdT76V,0_0_155,273,knife,0_0,5.33137912177501,1.2663775330452722,-3.1182802046428515,0.5116675094850157,0.9676033834380937,0.9657301005555934,0.9574340025812343,0.5719075726256637,0.8132888093542744,0.5719075726256637
00843-DYehNKdT76V,0_0_156,369,rail,0_0,4.992708322321692,2.0583320901419286,-2.3603555985503184,0.5185144568546336,0.9569240344607313,0.9175586987178823,0.9923734233400666,0.5950787268760533,0.5950787268760533,0.8816657048680288
00843-DYehNKdT76V,0_0_157,82,cardboard,0_0,5.263934414719876,2.8740527941559977,-2.428009422996688,0.20950624860488046,0.9818644576863016,0.9300326745457566,0.9683084633219762,0.23693733897962277,0.5458420912810434,0.23693733897962277
00843-DYehNKdT76V,0_0_158,273,knife,0_0,5.3319559554326315,2.1508878170428574,-3.1192463804238812,0.15687762137157293,0.9555943471751649,0.9051300085729693,0.9291288625887723,0.19520930211772652,0.6885352238931797,0.19520930211772652
00843-DYehNKdT76V,0_0_159,516,unknown,0_0,5.385652900274887,2.845721186568911,-3.09691442326869,0.5001862782679813,0.9392470211308666,0.9158579686130592,0.9558547845225701,0.6083197270363426,0.6083197270363426,0.8583375504370132
00843-DYehNKdT76V,0_0_16,545,wood,0_0,2.211827162996283,1.7871666317319987,-2.751061341742753,0.7738618868185325,0.96343778441753,0.9019276609910434,0.995971006216119,0.8941726480872206,0.8941726480872206,0.9799206646278691
00843-DYehNKdT76V,0_0_160,451,stick,0_0,4.991501587932646,2.776360579038106,-2.0483027712448356,0.11993001280120899,0.9745274220518669,0.9280922282626729,0.9629520743589044,0.13770128939306606,0.6786934500317255,0.13770128939306606
00843-DYehNKdT76V,0_0_161,351,pole,0_0,3.921690814557589,2.8820795788167435,-1.8879460610931835,0.008989383833397457,0.9699601673506667,0.9245809197350929,0.9932998096916501,0.010091384309809876,0.6134992674183386,0.010091384309809876
00843-DYehNKdT76V,0_0_162,369,rail,0_0,5.045309214318164,1.890084748118011,-2.372718814447051,0.7246307376400768,0.9713920957016597,0.9408961021118001,0.9926710481005263,0.7986843266432025,0.7986843266432025,0.9854022518508601
00843-DYehNKdT76V,0_0_163,82,cardboard,0_0,6.2635604863860666,2.7748214472411936,-2.875205840570512,0.6578967801761579,0.9702028550834446,0.9244185149747567,0.9908068278138961,0.7403508623665211,0.8315616004401267,0.7403508623665211
00843-DYehNKdT76V,0_0_164,351,pole,0_0,4.99429644084487,2.1021397803926907,-1.6599679115561226,0.2778674663441309,0.9686250269143534,0.9197393001882896,0.9828785988060454,0.31733457438119683,0.593497370238386,0.31733457438119683
00843-DYehNKdT76V,0_0_165,93,ceiling chassis,0_0,2.586595264341215,2.822396099820607,-0.18773339544671042,0.1055305522559973,0.9778529135117274,0.9397726843894176,0.9855603312975398,0.11651950858431265,0.590383849547673,0.11651950858431265
00843-DYehNKdT76V,0_0_166,316,overhang,0_0,1.443797119648701,2.6816819398558334,0.14967935949874667,0.5079749239474302,0.9630351455878218,0.9107665260749203,0.9605425067403487,0.6029433205892778,0.8139832392156572,0.6029433205892778
00843-DYehNKdT76V,0_0_167,316,overhang,0_0,1.6249754629270339,2.517078505787955,-3.1028412306356565,0.5957186041125827,0.9836356286134162,0.9246364699677153,0.9907981867865551,0.661074933340261,0.7076917080711738,0.661074933340261
00843-DYehNKdT76V,0_0_168,221,glass,0_0,5.215793147267676,2.685707168611118,-0.345562695111471,0.057999266271411845,0.9152685216028362,0.954841622216136,0.9596517583160269,0.06915585706910482,0.660928460230498,0.06915585706910482
00843-DYehNKdT76V,0_0_169,516,unknown,0_0,5.187746312353336,2.856856791065114,-1.797389173107342,0.4697849563161718,0.9726494334985593,0.9150804559837692,0.8619427470636499,0.6123575372968322,0.6123575372968322,0.8264177339836132
00843-DYehNKdT76V,0_0_17,127,countertop item,0_0,1.5930749591664313,0.8914439054464887,-2.7232908554958613,0.7917806457105551,0.9635192503885737,0.9246961186519229,0.9985023703870164,0.8900130011471773,0.8900130011471773,0.9467607353843861
00843-DYehNKdT76V,0_0_170,316,overhang,0_0,5.569206104743206,2.869727240827968,-0.3212312758785737,0.5033078179225651,0.9805463112404545,0.9313701763126347,0.9393274312654315,0.5867137060204634,0.5867137060204634,0.8460544168071452
00843-DYehNKdT76V,0_0_171,221,glass,0_0,5.057547087386205,2.460063044906144,0.19272944770927083,0.7967546265843659,0.9828991620124558,0.9389303937968341,0.9970515337233399,0.8658937912799551,0.8963944195481428,0.8658937912799551
00843-DYehNKdT76V,0_0_172,221,glass,0_0,4.027143264080411,2.686962892572468,0.17463773406991756,0.6674415311466404,0.9789668690021077,0.9270713026367894,0.9982221678660689,0.7367241131474301,0.7367241131474301,0.9630078236497639
00843-DYehNKdT76V,0_0_173,221,glass,0_0,3.780076364703591,2.2977466114362954,-0.07298498243937604,0.7132779316369238,0.9571020441472972,0.9038208481979324,0.997993375446602,0.8262101581696336,0.8262101581696336,0.9285425544020169
00843-DYehNKdT76V,0_0_174,326,partial,0_0,4.9162269838206205,2.0186838014318336,-0.21147458562960253,0.39398030325747,0.9433788541274707,0.9015524221502262,0.9857725444073056,0.46991647376792683,0.5405039872873904,0.46991647376792683
00843-DYehNKdT76V,0_0_175,316,overhang,0_0,6.079613592418957,2.731251245819163,-1.3100456293803378,0.6404647488569077,0.9674952008605544,0.9117305745288442,0.9906522677068381,0.7329235134011449,0.893246514928505,0.7329235134011449
00843-DYehNKdT76V,0_0_176,326,partial,0_0,5.623795338106703,2.452231808820855,0.20034037926456055,0.27845787769413305,0.9635030742254037,0.9300585517903395,0.9829744337675643,0.3161213961250969,0.7466920023541604,0.3161213961250969
00843-DYehNKdT76V,0_0_177,221,glass,0_0,4.933368203839156,2.5125561581642764,0.1915277605352061,0.7353606460148864,0.9588198949581733,0.9399746462711125,0.9970112841853922,0.818365163865719,0.818365163865719,0.8895336480541044
00843-DYehNKdT76V,0_0_178,221,glass,0_0,4.316950771563086,1.7657122141104342,-0.07627825980183003,0.4819193624952782,0.9495383835357512,0.9118573779712233,0.9965994913386436,0.5584885491018412,0.5584885491018412,0.9689136680553107
00843-DYehNKdT76V,0_0_179,82,cardboard,0_0,6.281627319520146,1.1832184580347422,-1.66022173227418,0.07105773978994845,0.9656711096136809,0.9128817485551559,0.998856670005347,0.08069831235881537,0.8874691771713172,0.08069831235881537
00843-DYehNKdT76V,0_0_18,221,glass,0_0,1.5629309307721966,-0.0018439011871945873,0.05814197594056001,0.2693480186118211,0.8420366767788172,0.9133123421749831,0.9955083953651883,0.3518183788397196,0.526444144143019,0.3518183788397196
00843-DYehNKdT76V,0_0_180,221,glass,0_0,5.056675493181392,0.6856248276767883,0.19453404309725653,0.7757461555288158,0.9840564921973232,0.9382537723584795,0.9978290179496623,0.8420214447170286,0.8420214447170286,0.959397591776287
00843-DYehNKdT76V,0_0_181,273,knife,0_0,4.999963090698865,0.6971828379232876,-2.367026184812959,0.4526904667502443,0.973827267955859,0.922961787752855,0.9927332460714849,0.5073447031198706,0.5912426791562941,0.5073447031198706
00843-DYehNKdT76V,0_0_182,478,tile,0_0,5.642503196854455,-0.0028523312991475492,-2.0279735427721546,0.7328885477155267,0.9641575355313088,0.9195979896766575,0.9989720265966787,0.8274439693943357,0.8274439693943357,0.9936339488914119
00843-DYehNKdT76V,0_0_183,545,wood,0_0,4.11655967633696,0.10262312381991637,-1.0716262534503833,0.042580966945790236,0.9572065593843048,0.9246306630131718,0.9987368858586583,0.048171533504467436,0.9056105354756625,0.048171533504467436
00843-DYehNKdT76V,0_0_184,478,tile,0_0,3.881309634802847,-0.0017169574267154445,-2.2629288572252575,0.480710779029371,0.9663010388612747,0.9202510226498856,0.9962891508772143,0.5425998935273606,0.5425998935273606,0.9958008622909912
00843-DYehNKdT76V,0_0_185,341,plank,0_0,4.1292170261583125,0.24047951464609055,-2.5092094365896864,0.45117639366959067,0.9465790789754006,0.9302555493196589,0.9966818556335543,0.5140799256740015,0.5140799256740015,0.6168306239110285
00843-DYehNKdT76V,0_0_186,82,cardboard,0_0,5.98610974259256,0.7543487007434148,-1.6824080003907955,0.6804946559739057,0.9735537447253744,0.9446280882247137,0.9956947248446751,0.7431521285830328,0.9148056314175352,0.7431521285830328
00843-DYehNKdT76V,0_0_187,326,partial,0_0,4.229607989288876,-0.001954037707395922,-1.204038061820816,0.4266820285695801,0.9642428987985799,0.9192431069056872,0.9887856705970283,0.486838993694526,0.5628972255390974,0.486838993694526
00843-DYehNKdT76V,0_0_188,478,tile,0_0,6.203557533007308,0.0013449948080963194,-2.444086682785031,0.44672409367357613,0.9689449330815824,0.9202739039590804,0.9983267346740945,0.501822895483645,0.501822895483645,0.8631605022988574
00843-DYehNKdT76V,0_0_189,478,tile,0_0,4.782018321578886,-0.0037364326215818333,-2.0821530285892615,0.6620333004298571,0.9860856578404772,0.9321009056833236,0.9982176698563827,0.7215675759234461,0.7215675759234461,0.9776717070322184
00843-DYehNKdT76V,0_0_19,478,tile,0_0,1.1570226864650999,0.0009785146092791514,-2.3024944200591397,0.8406034289912082,0.9436861224849818,0.9330891793593135,0.9983494538073291,0.9562200614585277,0.9562200614585277,0.9984938495200792
00843-DYehNKdT76V,0_0_190,478,tile,0_0,4.736798842774333,-0.0035182215294002725,-2.122140171886397,0.6778802107765597,0.9850367782751137,0.9051316933314715,0.9982521631275089,0.7616377787620152,0.7616377787620152,0.9669004751886492
00843-DYehNKdT76V,0_0_191,82,cardboard,0_0,6.119442715855632,0.7216148780572621,-1.6614123290364615,0.648519839205564,0.9647123986766453,0.9109239708011736,0.9952863138516103,0.7414728329403741,0.8812574266268587,0.7414728329403741
00843-DYehNKdT76V,0_0_192,82,cardboard,0_0,6.2761767264166695,1.2119159481924258,-2.4478612043821246,0.08869010412925546,0.9724075709423138,0.9305572267717004,0.9987157477889036,0.09813904989250352,0.8891261538194184,0.09813904989250352
00843-DYehNKdT76V,0_0_193,82,cardboard,0_0,6.098174251677467,-0.0017820853707570445,-3.0243223059058537,0.25289721486976613,0.9766583233488786,0.9187466191821816,0.9970144442757974,0.28268592588054176,0.542523028324358,0.28268592588054176
00843-DYehNKdT76V,0_0_194,478,tile,0_0,4.18472014235031,-0.0007822951875588482,-1.9797528689976591,0.7085345996052054,0.991257671142524,0.9416456361462153,0.9980511469950385,0.7605612687740578,0.7605612687740578,0.9983412346069303
00843-DYehNKdT76V,0_0_195,82,cardboard,0_0,5.956639258636947,0.1484379760092788,-1.6859681340397152,0.6046797071685326,0.9645006602849384,0.9160387031609623,0.9931430619984839,0.6891237671619229,0.8259555595572211,0.6891237671619229
00843-DYehNKdT76V,0_0_196,82,cardboard,0_0,6.274670909650779,0.6925196474491514,-2.5272722826714205,0.104462478666375,0.9421254284057309,0.9163230554489918,0.9985653673037824,0.12117875528356907,0.9216128363167275,0.12117875528356907
00843-DYehNKdT76V,0_0_197,478,tile,0_0,5.7324492267533,-0.00037546356073269,-2.1579162673691736,0.6383821278987233,0.9528182698080645,0.9115157582849404,0.9988507564712119,0.735878069077208,0.735878069077208,0.993715283607586
00843-DYehNKdT76V,0_0_198,478,tile,0_0,5.039825111799155,-0.0018825628244372099,-2.295113408008457,0.5497798651650806,0.9625870101983562,0.9067582594575216,0.9985094859226796,0.6308195125632889,0.6308195125632889,0.9907139997057088
00843-DYehNKdT76V,0_0_199,82,cardboard,0_0,6.2701008709530335,0.07841385167080743,-1.9172281817642574,0.23958510367465446,0.9624622746267538,0.9292709710979811,0.9926336696307733,0.2698638572709415,0.5193785401957518,0.2698638572709415
00843-DYehNKdT76V,0_0_2,316,overhang,0_0,1.4843414772910188,1.9707648217262517,-2.706841758435718,0.4204855955818865,0.9768800176158728,0.9150850506009431,0.9884512571447586,0.4758753160531223,0.6418241526444969,0.4758753160531223
00843-DYehNKdT76V,0_0_20,244,handle,0_0,2.7395096085165536,1.3239478135324416,0.16126177214251938,0.11892406050632735,0.9644929054041022,0.914877621336939,0.9893571075290852,0.1362243076077455,0.5941067809056008,0.1362243076077455
00843-DYehNKdT76V,0_0_200,221,glass,0_0,4.8025501802791535,0.8542679441396962,0.19194183187063424,0.5706757971270154,0.9592574105984039,0.9125568330194496,0.9966393266160307,0.6541183758159062,0.6541183758159062,0.9279961109085677
00843-DYehNKdT76V,0_0_201,326,partial,0_0,5.342175777008979,0.13755446423151127,-0.10633909615281999,0.4839482492452819,0.969952027996381,0.9388626018467493,0.9872661430203259,0.5382851316094078,0.5382851316094078,0.5491040711977162
00843-DYehNKdT76V,0_0_202,82,cardboard,0_0,3.5848858940882136,0.0025513883168529587,-0.2994440966874106,0.384807037792081,0.9608258534922394,0.9184960464885341,0.9902594498179773,0.4403236773014637,0.5290007934001918,0.4403236773014637
00843-DYehNKdT76V,0_0_203,478,tile,0_0,4.806934289368751,-0.000295700131167347,-1.4715055436293754,0.5385104219560224,0.9568905252614223,0.9168871907757643,0.9982611391733062,0.6148536957363463,0.6148536957363463,0.9782098924480734
00843-DYehNKdT76V,0_0_204,478,tile,0_0,3.6282948250361406,0.0003233911875393933,-1.896275346039452,0.5390588638584649,0.941412101408142,0.8982728538352189,0.996177610824774,0.6398988990238358,0.6398988990238358,0.993215786988041
00843-DYehNKdT76V,0_0_205,82,cardboard,0_0,5.815524353021044,0.5757228810073958,-1.7405538064554507,0.607003669320621,0.9367758433459665,0.9134917348335425,0.9936248243861882,0.7138855277947732,0.8675515211352993,0.7138855277947732
00843-DYehNKdT76V,0_0_206,498,trash bag,0_0,4.437873073599047,1.0433250112852697,-2.8377810864990423,0.7264943650398336,0.9814853265220894,0.9195804511596174,0.9274013946803599,0.8679425185220967,0.8679425185220967,
00843-DYehNKdT76V,0_0_207,480,tissue,0_0,5.182235813357921,-0.0006513304773487923,-0.47421644566231097,0.5427446148084041,0.9412421554085727,0.9134085471890513,0.9576293931022538,0.6592218815684343,0.6592218815684343,0.8188965835089658
00843-DYehNKdT76V,0_0_208,326,partial,0_0,0.9432075165471108,1.8567804928983433,-2.570876024829445,0.4322156191094439,0.9414300123903899,0.9411282610861351,0.9946045804310445,0.49047078968007696,0.7201950512140427,0.49047078968007696
00843-DYehNKdT76V,0_0_209,326,partial,0_0,3.6585975339532815,1.4942172628332375,-0.08156191086369409,0.02025851011844223,0.9374392525987136,0.9333725400775901,0.9945241263367847,0.023280592297191947,0.5528848634177008,0.023280592297191947
00843-DYehNKdT76V,0_0_21,93,ceiling chassis,0_0,3.1606372222009367,2.850656339861003,-1.600816099994024,0.7321541899994692,0.9511904218156352,0.9277544118755712,0.9978399967903886,0.8314595912750464,0.8314595912750464,0.9515807978110788
00843-DYehNKdT76V,0_0_210,326,partial,0_0,3.602019212984955,1.7840392552375515,-0.1889294636625053,0.03944711628446565,0.969081583645913,0.9309202287690139,0.997719635042842,0.043826211800922076,0.5226889677997237,0.043826211800922076
00843-DYehNKdT76V,0_0_211,221,glass,0_0,3.196470306707535,1.5397829426216672,0.17112325370946335,0.4660731132580501,0.966217769015526,0.8936218519347315,0.9955621649931647,0.5421966956819855,0.5421966956819855,0.8957096598005467
00843-DYehNKdT76V,0_0_212,127,countertop item,0_0,3.118381140158357,0.9761830800084801,-0.9796241275065158,0.28395083648131836,0.9651572773124201,0.9223353803413484,0.9965232324819965,0.32008753826197306,0.8067011220531612,0.32008753826197306
00843-DYehNKdT76V,0_0_213,545,wood,0_0,3.930651874072431,0.5821034510489485,-2.5084910548200376,0.11173780873268836,0.9379002844186052,0.9165590151954882,0.9977569573108812,0.1302741608729533,0.7021091029651069,0.1302741608729533
00843-DYehNKdT76V,0_0_214,244,handle,0_0,4.900021644291974,1.21770826679358,-0.21421271085820026,0.2596976834811259,0.9735652870602078,0.9315442905256663,0.9849581035088024,0.2907245648977194,0.5246225816644942,0.2907245648977194
00843-DYehNKdT76V,0_0_215,221,glass,0_0,4.809706243351314,0.8817189508541166,-0.08190016091953749,0.5989207224203993,0.9706047614415486,0.9289170433485487,0.9960838403764602,0.6668898331336055,0.6668898331336055,0.9708510508378801
00843-DYehNKdT76V,0_0_216,127,countertop item,0_0,2.50838417627608,0.6619914938886032,-1.3711874523233618,0.30256261447270416,0.9370253599035429,0.9183297121669561,0.9961723880482038,0.35296430167666987,0.5690254187592131,0.35296430167666987
00843-DYehNKdT76V,0_0_217,478,tile,0_0,2.6418722669633814,0.0022269627156435625,-1.5584038146190098,0.7111350555610122,0.9365996736562077,0.912416553092651,0.9967593839719554,0.8348618136853726,0.8348618136853726,0.9836959655857533
00843-DYehNKdT76V,0_0_218,221,glass,0_0,5.322503940436255,0.4054491184915965,0.19769706544093998,0.47007105543126,0.9772750556247273,0.9250419878355762,0.9951876792403248,0.5224927396195238,0.7770011697213492,0.5224927396195238
00843-DYehNKdT76V,0_0_219,221,glass,0_0,5.123506938934042,0.6391078547331034,0.19540956418883496,0.7783849032491741,0.9845574787942877,0.9192964071714941,0.9981536883335093,0.8615894055357952,0.8615894055357952,0.9523153807934429
00843-DYehNKdT76V,0_0_22,82,cardboard,0_0,6.206879208609498,1.2859605366702371,-2.249732528475272,0.06909286349272811,0.9929127024044861,0.943625782536107,0.9984852709951701,0.0738551294955637,0.814228944072645,0.0738551294955637
00843-DYehNKdT76V,0_0_220,326,partial,0_0,4.930144601575076,1.4586230352974487,-1.2270469387609333,0.36635568539701086,0.9887918762120306,0.9245026130969902,0.997528802819375,0.4017579307461673,0.5184700528836608,0.4017579307461673
00843-DYehNKdT76V,0_0_221,221,glass,0_0,4.249651907647503,1.5289127708446368,-0.07671098892442581,0.5206318307866201,0.9883838172202017,0.9321600641926271,0.996207980708353,0.5672370389447131,0.5672370389447131,0.9866126858827926
00843-DYehNKdT76V,0_0_222,326,partial,0_0,4.924268318730538,1.0530823049097928,-0.7325192478755427,0.5154387773311491,0.9613841996044378,0.9459487069875483,0.994002917049429,0.5701969122116256,0.6922428169810466,0.5701969122116256
00843-DYehNKdT76V,0_0_223,478,tile,0_0,4.603506050098148,8.41459723381818e-05,-0.6942628268208981,0.481754106933867,0.9833904026802124,0.9440619448187317,0.9928461578600885,0.5226572861738761,0.7073646970394196,0.5226572861738761
00843-DYehNKdT76V,0_0_224,326,partial,0_0,3.6959127610325555,1.1814953405018631,-0.07463654417728437,0.02919852076303165,0.9318692978336053,0.9108529307001518,0.9960752296172849,0.03453547602089268,0.5730044330473948,0.03453547602089268
00843-DYehNKdT76V,0_0_225,545,wood,0_0,4.045133879560977,1.0146972061368185,-0.9684894213504652,0.0013611622398646366,0.9854639044528379,0.9371659324957673,0.9968109789972238,0.001478563107265626,0.6868697451344511,0.001478563107265626
00843-DYehNKdT76V,0_0_226,545,wood,0_0,4.119131062824442,0.8032712998253567,-0.981832765147284,0.03197915388668696,0.9507047825142866,0.9180214261230657,0.9985620069966921,0.036693862954453906,0.9203974474401113,0.036693862954453906
00843-DYehNKdT76V,0_0_227,326,partial,0_0,4.926435263458269,0.8738660263300163,-0.8098211599527063,0.5122301886624129,0.9798887235588497,0.8966138219315654,0.9946265343024848,0.5861691258026728,0.5861691258026728,0.6785712607369395
00843-DYehNKdT76V,0_0_228,221,glass,0_0,4.721153219787712,0.9478894450784769,-0.08140463289910463,0.5786019217040567,0.9793091924077799,0.9226179910088359,0.9956734677971292,0.6431631997210987,0.6431631997210987,0.9370078716959551
00843-DYehNKdT76V,0_0_229,221,glass,0_0,4.171520196416346,1.372546358434798,-0.0788581568596016,0.498129563141373,0.9699903438877155,0.9247717191957326,0.9952828490338727,0.557948155206152,0.557948155206152,0.9843384287759611
00843-DYehNKdT76V,0_0_23,319,pan,0_0,2.3486949118966254,0.8925216955194363,-2.7686960048965608,0.842386162140992,0.9922768245475743,0.9327734893667579,0.9975337526532961,0.9123775324388115,0.9123775324388115,0.9966899393290681
00843-DYehNKdT76V,0_0_230,478,tile,0_0,4.1941798159941115,0.0019722259455465492,-1.090925036836445,0.46218988091984864,0.8487711300452551,0.9452822310618983,0.9941521600246844,0.579449348624817,0.579449348624817,0.6692115699289073
00843-DYehNKdT76V,0_0_231,82,cardboard,0_0,4.353285505032609,0.8139948790438281,-2.5168966701573448,0.00045666363069759826,0.971191279139498,0.9381100518592359,0.9964876655644955,0.0005029976248682237,0.545118762375748,0.0005029976248682237
00843-DYehNKdT76V,0_0_232,545,wood,0_0,4.379154961257745,0.483076723826705,-2.509273250650745,0.01904643750202752,0.975671877281894,0.9225053594495319,0.9961271426030536,0.021243511051002126,0.6678212735929968,0.021243511051002126
00843-DYehNKdT76V,0_0_233,451,stick,0_0,4.00233040946026,0.08730231435391574,-2.5396873268258506,0.3885567000971246,0.9783218701680502,0.9288989100122884,0.9932537211417027,0.43047108594311845,0.6454103215377593,0.43047108594311845
00843-DYehNKdT76V,0_0_234,9,appliance,0_0,4.341523853549262,1.340799439601217,-2.5124052775026975,0.5334983624864129,0.9817754198402555,0.9263067327617236,0.9968672331720936,0.588476052455513,0.588476052455513,0.9994329717277322
00843-DYehNKdT76V,0_0_235,316,overhang,0_0,1.661362331806275,2.61270305142983,-2.804448830804437,0.3841658749233571,0.8817506247799004,0.9542024704522192,0.9761451586198607,0.4677545997896022,0.7970501930240598,0.4677545997896022
00843-DYehNKdT76V,0_0_236,127,countertop item,0_0,2.88526497920625,0.7543389673180099,-1.5458329870524523,0.38025008519211356,0.9626843109351246,0.9342692401780194,0.9971659878488995,0.4239805351864824,0.7512445550200372,0.4239805351864824
00843-DYehNKdT76V,0_0_237,93,ceiling chassis,0_0,0.8626750060612512,2.877680732859176,-1.2901257289500991,0.5472534736757423,0.9184833681560288,0.9171191490126147,0.9955641111581809,0.6525626854663967,0.6525626854663967,0.953226639715663
00843-DYehNKdT76V,0_0_238,127,countertop item,0_0,2.9201654218274076,0.9938367192363756,-0.9260170294492416,0.34453521279950516,0.9689564463412348,0.925283635853358,0.9946061979524056,0.38636992706585116,0.7292380647513921,0.38636992706585116
00843-DYehNKdT76V,0_0_239,127,countertop item,0_0,2.948101576147516,0.8777408002473159,-1.1597788696358764,0.3544112490265133,0.9830738773851685,0.9682546637919494,0.9935900480087986,0.37473521893419387,0.612511767107338,0.37473521893419387
00843-DYehNKdT76V,0_0_24,478,tile,0_0,2.7690629111873144,0.0003977781247367138,-1.7701922596876383,0.705917613938063,0.9637855399413254,0.9196009614768279,0.996442173569918,0.7993226053847764,0.7993226053847764,0.9904378430475084
00843-DYehNKdT76V,0_0_240,326,partial,0_0,0.9570182772432801,1.2073631714445159,-2.7648430310344883,0.5926643695817414,0.9797429959740236,0.9234507856508819,0.9974377382428508,0.6567454917903268,0.6567454917903268,0.6820746507060299
00843-DYehNKdT76V,0_0_241,449,steel plate,0_0,2.87961009634376,0.871510547410456,-1.3450562707826168,0.47748090263100096,0.9674444794883864,0.9261454136944531,0.9925045040570648,0.5369307648457868,0.5607733818439898,0.5369307648457868
00843-DYehNKdT76V,0_0_242,545,wood,0_0,2.8680319443479303,0.7522483007470928,-2.5035653384415375,0.40106783033565985,0.9436704143774286,0.9398332938419887,0.9979317645295537,0.4531539987105146,0.7577083993840364,0.4531539987105146
00843-DYehNKdT76V,0_0_243,478,tile,0_0,3.178303266084345,0.0007586574301944129,-1.9980943113350804,0.6599511678581217,0.9743899504343668,0.9332224202975621,0.9963072615473414,0.7284513390013972,0.7284513390013972,0.9910215279674788
00843-DYehNKdT76V,0_0_244,326,partial,0_0,1.4885380405881194,1.0194800396492063,0.1484915182200192,0.5531406717493754,0.9770587347744123,0.9377787659799165,0.9871906370539993,0.6115239894872841,0.6115239894872841,0.6236497733156156
00843-DYehNKdT76V,0_0_245,478,tile,0_0,2.6814195641417644,0.00023715545279944905,-1.9795434341431308,0.6374942613406034,0.8985402906311112,0.9429729039472705,0.9965714007345282,0.7549724268544136,0.7549724268544136,0.9919708552683126
00843-DYehNKdT76V,0_0_246,478,tile,0_0,3.1454604330821443,0.0005064277156620844,-2.385924782129337,0.5923898942344434,0.9601919910233232,0.9311755831691824,0.9958402064992212,0.6653165482298412,0.6653165482298412,0.9930046772348449
00843-DYehNKdT76V,0_0_247,478,tile,0_0,3.1940690753774366,0.0009118176773712906,-1.650438437461018,0.7280269861347965,0.9872038164069878,0.9415637637005846,0.9971506343378486,0.7854709833708853,0.7854709833708853,0.9875480757048432
00843-DYehNKdT76V,0_0_248,545,wood,0_0,2.882234749131844,1.7864968486131867,-2.7535641797452497,0.7830995092494516,0.9836889357376499,0.9503837767149896,0.9947736823971638,0.8420460906652619,0.8420460906652619,0.9833346019630409
00843-DYehNKdT76V,0_0_249,326,partial,0_0,1.7868225842672603,0.1071008215633249,-1.2825642014736576,0.0011438588659680754,0.9871110901108423,0.9355290027828591,0.9932174865073262,0.001247110106107461,0.5116075223068153,0.001247110106107461
00843-DYehNKdT76V,0_0_25,283,lighter,0_0,2.9272674688925244,1.0489645112029515,-3.0218679251772396,0.4595794683596302,0.976284574870167,0.9384715163509781,0.9897532177130224,0.5067994940642522,0.5067994940642522,
00843-DYehNKdT76V,0_0_250,478,tile,0_0,1.5329741398294812,0.0003432116637314036,-2.380676153071037,0.7540185695159903,0.9060090236247533,0.9233363295525128,0.9978759309834706,0.9032605593633692,0.9032605593633692,0.9983950008228244
00843-DYehNKdT76V,0_0_251,545,wood,0_0,1.6542113173122281,0.5404440542944021,-2.49623801175185,0.4763451484591698,0.9350141549345524,0.9192371037271481,0.9984103503047053,0.5550945206207322,0.790306356340361,0.5550945206207322
00843-DYehNKdT76V,0_0_252,545,wood,0_0,1.4404861248532377,1.7838369872700697,-2.7466999581049865,0.8634426716193843,0.9877216141848336,0.9526957987565458,0.997252115582323,0.9201099644876959,0.9201099644876959,0.9738796471994792
00843-DYehNKdT76V,0_0_253,319,pan,0_0,2.049649696233657,0.8954557978104389,-2.8230136852762686,0.7648515157397183,0.9361897383157484,0.9309437362137015,0.997105522654926,0.8801337994782578,0.8801337994782578,0.9942338337634344
00843-DYehNKdT76V,0_0_254,545,wood,0_0,1.996362629545854,1.7016829587214044,-2.751399774763432,0.8043990641472499,0.9701988818970594,0.9002868150028355,0.9974160143562195,0.9233228005348271,0.9233228005348271,0.968753532044571
00843-DYehNKdT76V,0_0_26,449,steel plate,0_0,1.6909600649952057,0.4930320315653062,-1.2572227489617125,0.6259824128417041,0.9953981889080495,0.9312337118048559,0.995436956756371,0.6784109288209913,0.8476778956509229,0.6784109288209913
00843-DYehNKdT76V,0_0_27,93,ceiling chassis,0_0,4.037736095230285,2.8122297610466873,-0.19625841300781688,0.21648352824229375,0.9860908246721244,0.9476004345588758,0.9877269435943473,0.23455558998487355,0.639913800363705,0.23455558998487355
00843-DYehNKdT76V,0_0_28,221,glass,0_0,5.320505890895293,1.996872279477898,0.19609068780282707,0.7484721546335963,0.9709765352546657,0.920107737164461,0.9980589352527038,0.839405950087438,0.839405950087438,0.9344823892465157
00843-DYehNKdT76V,0_0_29,221,glass,0_0,2.2885067661625795,1.1721922583057571,-3.086071723971565,0.6109925500244227,0.9674004466411367,0.925397420931794,0.9986294226321363,0.6834346425531516,0.6834346425531516,0.7187451694306543
00843-DYehNKdT76V,0_0_3,221,glass,0_0,2.223422760761691,2.0293040156016136,0.1549121934507767,0.09806772830507808,0.9806833255149339,0.9324991083408929,0.9925248039766091,0.10804571055643683,0.6934787213191638,0.10804571055643683
00843-DYehNKdT76V,0_0_30,326,partial,0_0,1.4548637553577626,1.1398775090292985,0.1479813717039186,0.53822952329107,0.9827088636868843,0.9296935084763168,0.995761679064325,0.5916262507607383,0.5916262507607383,0.6215315565653289
00843-DYehNKdT76V,0_0_31,221,glass,0_0,2.791958322927003,1.5788583156435825,-0.0704550108733638,0.8484548536634903,0.9858497273630369,0.9475291490973261,0.9993248924840122,0.9089055034111566,0.9089055034111566,0.9906981548242175
00843-DYehNKdT76V,0_0_32,221,glass,0_0,2.011352465779266,0.9165464774133363,0.15282778672101927,0.1925356426965255,0.9849823595303205,0.9439290957974675,0.993684685961801,0.2083985613540051,0.7062642988294011,0.2083985613540051
00843-DYehNKdT76V,0_0_33,478,tile,0_0,1.422999401274146,9.034437651854414e-06,-0.861098466242907,0.8531750725212639,0.9759538627491532,0.9273373913292082,0.997393541783865,0.9451582892424152,0.9451582892424152,0.9987005421759467
00843-DYehNKdT76V,0_0_34,319,pan,0_0,2.1433795086130045,0.8883174745466619,-2.722683538072466,0.8523358895616999,0.9922119317364974,0.9335263806688824,0.9970236322006149,0.922941730354151,0.922941730354151,0.996841910723133
00843-DYehNKdT76V,0_0_35,326,partial,0_0,3.532238464330747,1.55432772944995,0.1720483086394417,0.024774628274927536,0.9771858469441308,0.9282990972828365,0.9990165217159374,0.02733816623046669,0.7892695407276615,0.02733816623046669
00843-DYehNKdT76V,0_0_36,478,tile,0_0,4.567748732998135,-0.0025221968498368697,-2.1188955096812143,0.681979833456101,0.9862155849950158,0.9363045197018434,0.9984700123180741,0.7396862154510122,0.7396862154510122,0.9909359409820314
00843-DYehNKdT76V,0_0_37,127,countertop item,0_0,3.280557294367699,0.8931350895927844,-2.8325431671220103,0.7467609296881134,0.8795511667490901,0.9073970108593561,0.998976729666404,0.9366293499087314,0.9366293499087314,0.9427856133870799
00843-DYehNKdT76V,0_0_38,449,steel plate,0_0,2.6630210959240848,0.933665318690804,-1.0614473593433673,0.5082456058850716,0.9835867205510179,0.9469637531236113,0.994845672026121,0.5484940302255441,0.5484940302255441,0.7045958852420787
00843-DYehNKdT76V,0_0_39,326,partial,0_0,4.927910212170963,0.9905010785655569,-1.1825234062277241,0.33920883558145654,0.9168872486323573,0.9139423960543583,0.9972416233679274,0.4059121043546282,0.5262272221627885,0.4059121043546282
00843-DYehNKdT76V,0_0_4,326,partial,0_0,3.7264833183632726,1.5879475646253516,0.1747359831738154,0.10439572852246722,0.9684914591108522,0.9439581290988889,0.9983196270908249,0.1143838193661325,0.6454050276673273,0.1143838193661325
00843-DYehNKdT76V,0_0_40,326,partial,0_0,2.689609338071555,1.045158977191082,-0.0747923024185103,0.3509912781722556,0.9843071398431341,0.9409709434257543,0.9926983082788351,0.3817439779472569,0.675495578648114,0.3817439779472569
00843-DYehNKdT76V,0_0_41,341,plank,0_0,3.2689424694610802,-0.00014387480930272623,0.05691398159599459,0.028259199542592213,0.9760948769172696,0.924129839133015,0.9723465558544925,0.03221912554452029,0.7431702562941634,0.03221912554452029
00843-DYehNKdT76V,0_0_42,480,tissue,0_0,5.65801204086397,0.13720159645868107,-0.26467530180229976,0.5691199076008728,0.9984211591833562,0.9472759973916312,0.9633651561187391,0.6246295610752103,0.6246295610752103,0.7124847249675822
00843-DYehNKdT76V,0_0_43,449,steel plate,0_0,1.9993835798274842,0.9312477781937261,-1.1040216391899071,0.635642578080291,0.9857599330295045,0.9287597811804505,0.9969911819069656,0.6963813005986481,0.6963813005986481,0.7244934946587633
00843-DYehNKdT76V,0_0_44,221,glass,0_0,1.7686139056320853,2.0430688802074624,0.1507583659962069,0.06604981750936569,0.9668265300656891,0.9186453812440629,0.9907399435711801,0.07506119847276445,0.715090229674563,0.07506119847276445
00843-DYehNKdT76V,0_0_45,478,tile,0_0,4.470483875920074,0.001619480208773086,-0.5535336365295012,0.32279009491655963,0.9512256472716966,0.9201615349112411,0.992220823408068,0.3716757584357747,0.5474039516564518,0.3716757584357747
00843-DYehNKdT76V,0_0_46,221,glass,0_0,6.5117085431603225,2.8618240702993556,0.17764805235571496,0.01086205479253996,0.9467771729707979,0.8997496343489001,0.9503588435882186,0.013416984298686289,0.500955435569339,0.013416984298686289
00843-DYehNKdT76V,0_0_47,221,glass,0_0,2.2401416193842354,1.3098209578312567,0.15582097918654308,0.20373393402216275,0.9664825593150611,0.9497035968826836,0.9952289780180582,0.22302741681741906,0.6210556213735164,0.22302741681741906
00843-DYehNKdT76V,0_0_48,93,ceiling chassis,0_0,4.686243357056806,2.815495567007689,-0.26353342487221376,0.38785140163410403,0.9926242035510976,0.941190037783662,0.9921680603653388,0.418425304467495,0.6935292219431771,0.418425304467495
00843-DYehNKdT76V,0_0_49,326,partial,0_0,3.0631941410911914,0.4099779471868508,0.16777028160362858,0.15547930977163368,0.9939236778474116,0.9388074117849743,0.9924219524165889,0.16789845325052316,0.7187729197328694,0.16789845325052316
00843-DYehNKdT76V,0_0_5,387,saw,0_0,2.846799945590778,0.19689054434329728,0.1651185611252421,0.0019848950734259164,0.9851979070142453,0.9319932288413748,0.9878633393884827,0.002188287842423486,0.6272676516430871,0.002188287842423486
00843-DYehNKdT76V,0_0_50,221,glass,0_0,3.8832964457039325,1.562849213844055,0.17667409970053136,0.592821184138803,0.9723473352460908,0.9366856136694368,0.9984267885867681,0.651916857259428,0.651916857259428,0.9455612678935239
00843-DYehNKdT76V,0_0_51,326,partial,0_0,2.6714914586870933,0.9703434270692446,-0.07663340332641828,0.15095427465629385,0.9796273782601449,0.9328170896784551,0.9958949636962565,0.16587253099477534,0.5380857707440806,0.16587253099477534
00843-DYehNKdT76V,0_0_52,221,glass,0_0,2.9088217564028986,2.317648695807465,-0.07169657207074862,0.5210455938553004,0.955066759504524,0.9610879139208148,0.9967315556201422,0.5695091079951122,0.5695091079951122,0.9104689361639334
00843-DYehNKdT76V,0_0_53,326,partial,0_0,3.964290009771735,0.15692896231579198,0.1797586342881926,0.24203873823744076,0.967496850254471,0.9164199265533824,0.9860053448648886,0.27686083694246133,0.6613950327203566,0.27686083694246133
00843-DYehNKdT76V,0_0_54,221,glass,0_0,3.719842743415454,2.645491779229323,0.17440742301044865,0.5337190012453098,0.9743560913967723,0.9448308753357217,0.9976092394162748,0.5811395336585414,0.5811395336585414,0.9102033818868002
00843-DYehNKdT76V,0_0_55,449,steel plate,0_0,2.4139628344248574,0.932623605633515,-1.1257548501744092,0.513029678846087,0.9754703774079657,0.9260228756153275,0.9958300739664886,0.5703237421756493,0.5703237421756493,0.7056933360513276
00843-DYehNKdT76V,0_0_56,451,stick,0_0,3.9559467881832466,1.2301819899972148,-1.197208175927582,0.0061302783731419655,0.9208643711446711,0.9314319749373114,0.9511159199857006,0.007514497290930373,0.503397123256844,0.007514497290930373
00843-DYehNKdT76V,0_0_57,265,jug,0_0,3.5343811001571295,1.0407591136378003,-3.006985458066367,0.6330970503997868,0.9566480149300038,0.9073182929576673,0.9990876571174966,0.7300537814096579,0.7300537814096579,
00843-DYehNKdT76V,0_0_58,127,countertop item,0_0,4.004914306526098,0.9903036450218177,-1.3691739771397327,0.506177557764633,0.9193920477192993,0.9037929150313426,0.9974349191612328,0.6107291400445182,0.865785227984477,0.6107291400445182
00843-DYehNKdT76V,0_0_59,127,countertop item,0_0,3.6729291432023956,0.9379110619525702,-1.389471159083764,0.35602759673114015,0.9632543153160582,0.9235070258765652,0.9961148066881432,0.4017844272086552,0.6705334273515328,0.4017844272086552
00843-DYehNKdT76V,0_0_6,221,glass,0_0,3.942752325336798,1.280683455856514,-0.09208456495491851,0.6170813458870261,0.9907888628616452,0.9277947677192204,0.9981817590653874,0.6725115595505325,0.6725115595505325,0.9800142269104288
00843-DYehNKdT76V,0_0_60,221,glass,0_0,4.5231648265203015,2.8896884715471125,0.131355212258276,0.46390354380677495,0.9613508421749005,0.9254621967236547,0.9885632253349043,0.5274516376053694,0.5274516376053694,0.6276307460865082
00843-DYehNKdT76V,0_0_61,221,glass,0_0,2.61711294665319,1.7427091591734225,-0.07141117801614548,0.7950259877336847,0.9538636169101279,0.9220404758049205,0.9993971931804692,0.9044965811678516,0.9044965811678516,0.9917568838187509
00843-DYehNKdT76V,0_0_62,482,toaster,0_0,1.6025554043067782,1.0206237108558749,-2.9519683432274246,0.7844383583036838,0.9647414782133299,0.910456060832364,0.999472128097123,0.8935486276332664,0.8935486276332664,
00843-DYehNKdT76V,0_0_63,326,partial,0_0,1.2793317194712854,1.0018761378832093,-3.047648436335428,0.3815749471263427,0.9822504664022416,0.9292111171508732,0.9953290798923438,0.4200263333780729,0.5277322347650326,0.4200263333780729
00843-DYehNKdT76V,0_0_64,316,overhang,0_0,3.049700025621424,2.753346768624961,-2.504549187883964,0.35633595116852923,0.8892478972558037,0.9157475698592006,0.9915631256799509,0.4413068325561099,0.7635036228871621,0.4413068325561099
00843-DYehNKdT76V,0_0_65,82,cardboard,0_0,4.945941195258485,1.1899533248589262,-1.5696095322624661,0.3836420843318033,0.9619986714037806,0.926521756942971,0.9971077117053896,0.43167219179848365,0.5226472530406027,0.43167219179848365
00843-DYehNKdT76V,0_0_66,545,wood,0_0,4.544845466508432,0.35079825359553796,-2.5191488519052845,0.012761482668064195,0.9563707713598628,0.9343907198117494,0.9953606313206206,0.014347157447624324,0.5554670699643796,0.014347157447624324
00843-DYehNKdT76V,0_0_67,545,wood,0_0,4.106367615143532,2.2412081732881783,-2.509082660452151,0.5739945626158204,0.9799099647132437,0.9315521229175605,0.9974725279036786,0.6303960760064233,0.6303960760064233,0.6429263986002502
00843-DYehNKdT76V,0_0_68,82,cardboard,0_0,3.6368818147519204,2.4325352071479167,-2.5944562550842276,0.14291948074601993,0.8454182390710047,0.9186436951149433,0.9942649689990374,0.1850847257287155,0.6394491698188195,0.1850847257287155
00843-DYehNKdT76V,0_0_69,61,bucket,0_0,1.036130887209523,1.023084932614619,-2.9411623638686684,0.5109884228185576,0.9899780835122496,0.93172948299191,0.9937335088752389,0.5574753999455302,0.5574753999455302,
00843-DYehNKdT76V,0_0_7,326,partial,0_0,0.7932761224536741,1.5130477189241927,-0.763331456312074,0.1891479546378501,0.9800278470707111,0.930713870243388,0.9956772988907856,0.20827082703034241,0.8072319548191639,0.20827082703034241
00843-DYehNKdT76V,0_0_70,221,glass,0_0,1.6828946700776872,1.300521660969375,-3.083122495259108,0.5689560047266586,0.9489050117716733,0.917103131104856,0.9987851776286963,0.654584443769116,0.8274614997102383,0.654584443769116
00843-DYehNKdT76V,0_0_71,478,tile,0_0,1.7304105385830753,9.717150920294009e-05,-1.8702583224544995,0.7290088009328486,0.9764505941032924,0.9332747604809899,0.9973499787746408,0.8020942327820502,0.8020942327820502,0.99612957715
00843-DYehNKdT76V,0_0_72,221,glass,0_0,2.471143944908354,1.09527788848859,-3.085966279144174,0.5684338826867986,0.9762911758249014,0.9197302681388351,0.9988060468322373,0.6338098013072613,0.6338098013072613,0.6476139792052873
00843-DYehNKdT76V,0_0_73,478,tile,0_0,1.4288416750440673,0.0005458183202563557,-2.1118695526550595,0.7652604484788909,0.9608381740943212,0.9263412837985736,0.9977389948273127,0.8617296834251837,0.8617296834251837,0.9975040755120252
00843-DYehNKdT76V,0_0_74,221,glass,0_0,1.5167147291884548,0.10357220954761792,0.14360860202726058,0.29777230168585433,0.9828047064418244,0.9408242570887293,0.991816920454847,0.32469608413836537,0.671261347885837,0.32469608413836537
00843-DYehNKdT76V,0_0_75,478,tile,0_0,1.6756157564047527,0.0022183295113287287,-0.9177932470698202,0.7234145193140777,0.9385844304180947,0.8825744696214155,0.9956530111275024,0.8771108906126965,0.8771108906126965,0.997924867800546
00843-DYehNKdT76V,0_0_76,221,glass,0_0,2.512364251636625,1.0702858135820552,-0.07335805848263745,0.7360898353125884,0.9746705178541082,0.9257309560661791,0.9991686690684535,0.8164872305754098,0.8164872305754098,0.9869623928160274
00843-DYehNKdT76V,0_0_77,221,glass,0_0,1.9456655093752038,1.3186016684165915,0.15231108910224064,0.136045314336031,0.9700230892790227,0.920947780438207,0.9945935380758383,0.1531161067282939,0.5186010033816714,0.1531161067282939
00843-DYehNKdT76V,0_0_78,221,glass,0_0,2.519361480515809,0.02752779873264938,-0.17531705574574752,0.19425029607587077,0.963765688809232,0.9422223562364715,0.9909263109117502,0.2158715769678808,0.5019542444280833,0.2158715769678808
00843-DYehNKdT76V,0_0_79,326,partial,0_0,2.310260325145327,1.3709432910598545,-0.15108324741531562,0.3948910323804626,0.927584017582549,0.9030036051938282,0.9911723049847899,0.4756476676419245,0.5877182912904906,0.4756476676419245
00843-DYehNKdT76V,0_0_8,221,glass,0_0,2.539210764477942,1.2844748462266915,-0.07403164546123131,0.6760327443429214,0.9682850701556069,0.9329652391275485,0.9987961916321997,0.749242071180387,0.749242071180387,0.9807243483022787
00843-DYehNKdT76V,0_0_80,326,partial,0_0,2.230550022981605,0.5046237756540592,0.15607029481096454,0.4252296604913821,0.9645957426666235,0.9227160508985726,0.9968654869697878,0.4792626372622308,0.5706168850282274,0.4792626372622308
00843-DYehNKdT76V,0_0_81,478,tile,0_0,2.0108015267167145,0.07045588276850168,0.10207072954061369,0.6987621507783134,0.9496313803143874,0.9318243676489382,0.9958453227089976,0.792954675893518,0.792954675893518,0.9589633766700391
00843-DYehNKdT76V,0_0_82,449,steel plate,0_0,1.8662643541084594,0.9307240303830193,-0.9919087434420653,0.5771874871959006,0.9584594696220615,0.9087602698089363,0.9970899936629742,0.664598665951335,0.664598665951335,0.7662742426227291
00843-DYehNKdT76V,0_0_83,326,partial,0_0,2.444549596996085,0.5690449476783104,0.15915031600330934,0.2479935716760223,0.8042794155170216,0.9027840976627658,0.9961543814857534,0.34286481502370336,0.5853219975302372,0.34286481502370336
00843-DYehNKdT76V,0_0_84,326,partial,0_0,2.204527752952465,1.4026978521494182,-0.12742428205444561,0.17076754017440343,0.9827230978315395,0.9400884968024223,0.9954779842816323,0.18568369107947488,0.5941209724940785,0.18568369107947488
00843-DYehNKdT76V,0_0_85,478,tile,0_0,2.7414184114027593,0.004082631619374025,-1.3208818508602376,0.4966606166332398,0.9632289766516704,0.9298325685383872,0.9955792815631042,0.5569927989947532,0.5569927989947532,0.9084544377343174
00843-DYehNKdT76V,0_0_86,9,appliance,0_0,4.686972384363044,1.2054240239951963,-2.5092786131591933,0.7281309955827661,0.9155708958482027,0.9355162482765199,0.9983119421727547,0.8515299719213401,0.8515299719213401,0.9998034033593632
00843-DYehNKdT76V,0_0_87,82,cardboard,0_0,3.234016375679578,0.0028215060482401073,-0.5940581730857932,0.08392127745895868,0.9803528623150239,0.9314943924587604,0.9929769243356181,0.09254868748704911,0.5548970354635546,0.09254868748704911
00843-DYehNKdT76V,0_0_88,545,wood,0_0,1.7777908158480589,1.630143891400851,-2.751354675907472,0.8070224290537685,0.9597701005397292,0.9138833765706965,0.9975901535803434,0.9223068986135663,0.9223068986135663,0.9599964271524697
00843-DYehNKdT76V,0_0_89,326,partial,0_0,4.929708447239307,0.5913753981647587,-0.7186823787715443,0.2939178644302606,0.9698803104144151,0.9184053221838591,0.9911092794996007,0.33292921479498483,0.6593445080441677,0.33292921479498483
00843-DYehNKdT76V,0_0_9,87,cat,0_0,2.708040044160851,2.595843863159574,0.16208259057975477,0.49625997615024264,0.9793394401351101,0.8961672422804065,0.9761343014830198,0.5792651035470168,0.5792651035470168,0.9623843784513855
00843-DYehNKdT76V,0_0_90,326,partial,0_0,4.924311768241698,1.0813653249572395,-0.8723682389632323,0.5138808575506217,0.9694747059943054,0.9206662506547048,0.9964178344432455,0.5778062591703911,0.5778062591703911,0.6634071705859333
00843-DYehNKdT76V,0_0_91,326,partial,0_0,2.7791895685644405,0.28777509079264746,-1.139764140538737,0.1498426678079358,0.9601431514431924,0.912467074827464,0.9896163463228886,0.17282853371290127,0.5973199365807296,0.17282853371290127
00843-DYehNKdT76V,0_0_92,221,glass,0_0,1.7992812110311447,1.0532732987726854,-3.0788670847965727,0.616400094715833,0.9558040111092232,0.9211098056463779,0.9986929586170346,0.7010523583044904,0.7871880560336297,0.7010523583044904
00843-DYehNKdT76V,0_0_93,545,wood,0_0,4.5728173705435315,2.0072035290036894,-2.496811045692305,0.44530817160353514,0.9718246060662123,0.9285479752560839,0.9972673140861151,0.4948309339169274,0.7168846315245994,0.4948309339169274
00843-DYehNKdT76V,0_0_94,326,partial,0_0,1.7708294237348774,0.6776593562211578,-0.9745736708383638,0.014230560176307354,0.9318989158386276,0.9132616372825544,0.8983020552717491,0.01861382306506911,0.7241498830215887,0.01861382306506911
00843-DYehNKdT76V,0_0_95,127,countertop item,0_0,3.9179974870673546,0.9924285810143326,-1.0369958696406365,0.4453242722291694,0.9505550794487503,0.9423406091762935,0.9977488792904838,0.49827594823356647,0.9213777593056275,0.49827594823356647
00843-DYehNKdT76V,0_0_96,319,pan,0_0,2.562410613384557,-0.020564666650351105,-0.9855135060884478,0.18197193351765814,0.9637162017306503,0.9270797046271217,0.9624881514546729,0.21161321418625512,0.5576839532345039,0.21161321418625512
00843-DYehNKdT76V,0_0_97,478,tile,0_0,1.2368274721273704,0.0008343358349456395,-2.271956532553656,0.8404534477606138,0.9749239122583754,0.9166385088092815,0.9982435889490263,0.9421245317629482,0.9421245317629482,0.9979679339772067
00843-DYehNKdT76V,0_0_98,326,partial,0_0,0.7406654450805658,0.21814449789032614,-1.4824977065952214,0.26449141661406217,0.8795716463989814,0.9398019983911142,0.9965480244583107,0.32107446298772485,0.8475358837350517,0.32107446298772485
00843-DYehNKdT76V,0_0_99,82,cardboard,0_0,3.0967598277164674,0.5737108142980711,-0.8367393023858086,0.001229908479320102,0.977519936169032,0.9340419493955097,0.9978942757274584,0.0013498834080607105,0.7377293770074043,0.0013498834080607105
00843-DYehNKdT76V,0_1_0,13,artwork,0_1,0.5605727525831252,1.5779288300736845,-4.806858268170223,0.5737889418728772,0.9797725398176531,0.9318365133747777,0.9934331292803784,0.6326282014467584,0.6326282014467584,0.9995366620064507
00843-DYehNKdT76V,0_1_1,93,ceiling chassis,0_1,-2.111143043113045,2.5958037394350573,-5.441106043958932,0.7203900984939476,0.9753291526039364,0.9185793331770967,0.996804859280227,0.8066584971180398,0.8213533593482568,0.8066584971180398
00843-DYehNKdT76V,0_1_10,93,ceiling chassis,0_1,0.39170605933713126,2.574256206291251,-5.443475278421442,0.05156346183850907,0.9695867342530579,0.9313685021151439,0.9982601639396413,0.05719922110871717,0.6535638398514292,0.05719922110871717
00843-DYehNKdT76V,0_1_100,326,partial,0_1,-7.546278092800404,1.2266968447878273,-6.282701598487231,0.8456585124426855,0.9592622548042296,0.9255823957140916,0.999358389145498,0.9530623652030527,0.9872859366651268,0.9530623652030527
00843-DYehNKdT76V,0_1_101,364,prop,0_1,-2.5484652442140154,0.46414770991203824,-1.0154430852450824,0.04716676388218285,0.9911864845547772,0.9272741102104046,0.9921419800550088,0.05172479144905553,0.5798648098383583,0.05172479144905553
00843-DYehNKdT76V,0_1_102,316,overhang,0_1,-2.216777182226161,2.8870899354994353,-4.552593347971615,0.28511537282927535,0.948175410938684,0.9060447509943192,0.9925642853748028,0.33436718786749164,0.6444766965776753,0.33436718786749164
00843-DYehNKdT76V,0_1_103,480,tissue,0_1,-0.9287659165127233,0.47784591636922635,-4.046559910495319,0.6838023823006298,0.9779813712261715,0.9412826395790822,0.9723560330100327,0.7639319344609868,0.7639319344609868,0.9750856188721058
00843-DYehNKdT76V,0_1_104,545,wood,0_1,-5.468679237286521,0.9485913388722147,-1.6855198512552292,5.156669301012483e-05,0.9327527859304771,0.9775551768963899,0.988197982500837,5.722917471331544e-05,0.7358082279914356,5.722917471331544e-05
00843-DYehNKdT76V,0_1_105,545,wood,0_1,-5.776808434052901,1.5893998785184313,-2.6151226994448713,1.3393799245603284e-05,0.9099836842361461,0.9224567744073464,0.9908640709673565,1.6103121654441822e-05,0.5252952106562053,1.6103121654441822e-05
00843-DYehNKdT76V,0_1_106,326,partial,0_1,-1.8808307555784054,2.460559054387719,-6.236924343567172,0.6855924729428681,0.9740859533377019,0.9172653219692332,0.9957262392816721,0.770608568098236,0.770608568098236,0.8844479335889781
00843-DYehNKdT76V,0_1_107,326,partial,0_1,-2.4227270973376687,0.7979731634117916,-1.9394303175957015,0.010675665327150084,0.8971892860920533,0.9668950677506654,0.9563205807632223,0.01286850289954004,0.7288721734567171,0.01286850289954004
00843-DYehNKdT76V,0_1_108,82,cardboard,0_1,-6.027494769510267,1.4909047789817342,-2.218434639396228,0.15179909690251475,0.9527909275115471,0.9336435137230255,0.9942633545745142,0.171628361866368,0.604560608663163,0.171628361866368
00843-DYehNKdT76V,0_1_109,326,partial,0_1,-0.4383969138550007,0.4819283660124236,-4.115019907433703,0.0016323545480573048,0.9295754133227316,0.8987265488833587,0.971491670014562,0.002011236828334743,0.586263128021355,0.002011236828334743
00843-DYehNKdT76V,0_1_11,326,partial,0_1,-1.8497901018430192,2.5404482306799854,-6.184588537698071,0.6528329119502713,0.9470222306163805,0.9089900200632137,0.9961056461070128,0.7613377252350881,0.7613377252350881,0.8755241276132403
00843-DYehNKdT76V,0_1_110,53,box,0_1,-1.942435832285863,0.45524150474792563,-2.148404623618718,0.02481009245654081,0.9531541316005956,0.9102028156973474,0.9968635835887695,0.02868741012209036,0.5724001681271059,0.02868741012209036
00843-DYehNKdT76V,0_1_111,364,prop,0_1,-3.787940703090846,0.5147773399708818,-4.758511453696147,1.3642663815057431e-05,0.9763311403079987,0.941961591476373,0.9798860009684548,1.5138864011972309e-05,0.5619438240601152,1.5138864011972309e-05
00843-DYehNKdT76V,0_1_112,82,cardboard,0_1,-0.9233758193925572,0.4786914556942964,-4.333251451217131,0.0004898314761210135,0.8436417860143325,1.0,0.944624005006673,0.0006146524666860545,0.6126160481396389,0.0006146524666860545
00843-DYehNKdT76V,0_1_113,516,unknown,0_1,-0.9835834494780481,0.6401984354228099,-4.477520319068856,0.2225511673808797,0.9578367170896616,0.9383389882484423,0.9418183733783366,0.2629126456084294,0.5579637312132296,0.2629126456084294
00843-DYehNKdT76V,0_1_114,478,tile,0_1,-3.9904300819658833,0.001531674449607345,-3.495009629632163,0.6886396423216913,0.9444768831229935,0.8826265701147034,0.9970430087376513,0.8285329745030926,0.8285329745030926,0.9986677523822725
00843-DYehNKdT76V,0_1_115,478,tile,0_1,-4.74644775058796,0.0010532726943092321,-3.8343842208758425,0.48490469024920624,0.9388265190631235,0.929420527880586,0.996372964929942,0.557746483387676,0.557746483387676,0.9948595332258309
00843-DYehNKdT76V,0_1_116,326,partial,0_1,-1.1263388249972583,0.011040282575131802,-3.314811346656884,0.2759721525632449,0.8741063878967844,0.9689120006900622,0.9849414350432855,0.3308310201014305,0.8152739585367276,0.3308310201014305
00843-DYehNKdT76V,0_1_117,326,partial,0_1,-4.165848359138735,1.3768349847911334,-6.575882261723859,0.01674796814931047,0.9467448858420053,0.9428923062461105,0.9920857953533385,0.018911145453923663,0.8517290572325199,0.018911145453923663
00843-DYehNKdT76V,0_1_118,431,sofa,0_1,-2.963074736061522,0.4331935803228436,-3.5182284234848815,0.757460563737384,0.983628034512672,0.9397215684593172,0.9903980033093531,0.8274088801100627,0.8274088801100627,0.9515038332721928
00843-DYehNKdT76V,0_1_119,326,partial,0_1,-0.1603640572004008,1.3370886683311114,-6.280616207369595,0.6677879163102172,0.9808176060780298,0.9328262538286614,0.9962737377233498,0.7326066565366648,0.7326066565366648,0.8649304526556448
00843-DYehNKdT76V,0_1_12,97,chair,0_1,-0.8128461348232884,0.5849733617941825,-4.98942372799048,0.0002725161141973455,0.8534476121254355,0.9783152054248441,0.9995751487920441,0.00032652847968609594,0.9540719653090498,0.00032652847968609594
00843-DYehNKdT76V,0_1_120,326,partial,0_1,0.19574690246425352,-0.00018150299286539515,-5.514968436213291,0.3762831266907445,0.9281881510472971,0.9398404558368081,0.9915804949291869,0.43500736831226866,0.6211292342741668,0.43500736831226866
00843-DYehNKdT76V,0_1_121,326,partial,0_1,-5.034372493397078,1.2801851191411617,-6.600147171019431,0.0007897953650169533,0.9515834784381637,0.909913213503905,0.9964522936449022,0.0009154006250608575,0.8194308381992824,0.0009154006250608575
00843-DYehNKdT76V,0_1_122,478,tile,0_1,-1.8188522669830665,0.0028478803732213103,-5.010609812482345,0.5165552220500844,0.9733364639911286,0.9251143756959499,0.9971809712054073,0.5752867223832417,0.5752867223832417,0.9924946018014437
00843-DYehNKdT76V,0_1_123,134,cushion,0_1,-2.789888222234756,0.5722016351580509,-4.012734025488927,0.2528598524418413,0.9632089511192938,0.926642182811606,0.9993958727954864,0.28347172881317095,0.9557823103788133,0.28347172881317095
00843-DYehNKdT76V,0_1_124,326,partial,0_1,-1.018526852034756,0.37643140740596837,-3.1711333536210087,0.003666635414333971,0.9608011469981835,0.907066288935392,0.8885370060988494,0.004734996573268966,0.7525150603375755,0.004734996573268966
00843-DYehNKdT76V,0_1_125,478,tile,0_1,-4.073958077699416,0.005111035079788338,-4.348031446593558,0.5381162018059725,0.9538440743728507,0.9089806150188527,0.9949338463722749,0.6238064419126209,0.6238064419126209,0.8745899139074365
00843-DYehNKdT76V,0_1_126,326,partial,0_1,0.4076717589081466,0.06893762712811936,-6.08282837369823,0.2534021293223414,0.9834281901150124,0.9280183761962648,0.985629659182394,0.2817067589149045,0.5858934205150084,0.2817067589149045
00843-DYehNKdT76V,0_1_127,326,partial,0_1,-1.702848682624778,0.0020044273546873342,-5.079392959917472,0.005635835811826731,0.9033565103440058,0.9280032714758772,0.9954184525093186,0.006753734116186058,0.5418110284976583,0.006753734116186058
00843-DYehNKdT76V,0_1_128,326,partial,0_1,-0.9270231183095772,0.46698824322258337,-4.60805992398403,0.06042107062341527,0.9519296470004605,0.9141135570616024,0.9535277492001387,0.07281989988387064,0.7398071546987557,0.07281989988387064
00843-DYehNKdT76V,0_1_129,451,stick,0_1,0.5862847692992657,0.06828332920284803,-3.1754945103657097,0.6550997715728638,0.9012365297192619,0.9416651671421776,0.9947074425341856,0.7760269220231708,0.7760269220231708,0.9217054419509049
00843-DYehNKdT76V,0_1_13,326,partial,0_1,-2.0871906857089475,1.7851637812809587,-6.237229986677705,0.6221458631002237,0.9553957821043222,0.9073199594437868,0.9957382266397437,0.7207808726004373,0.7207808726004373,0.8133005934767025
00843-DYehNKdT76V,0_1_130,326,partial,0_1,0.5898464354485816,1.05093348347294,-3.0937182920759505,0.7015640367432013,0.9522261617839131,0.9262891378541589,0.997408788167966,0.7974573170890187,0.8921356426586843,0.7974573170890187
00843-DYehNKdT76V,0_1_131,478,tile,0_1,-0.09272273467903856,0.0006657824769208008,-3.1020098480770626,0.7730953714045222,0.9758257283371089,0.9141131970420359,0.9945551543528706,0.8714288971362742,0.8714288971362742,0.9882049849106854
00843-DYehNKdT76V,0_1_132,431,sofa,0_1,-2.0094634462331014,0.23528727395060056,-4.117345754152637,0.5462428292281308,0.9029102913279472,0.8993662983571189,0.9929864618007732,0.6774249826906448,0.6774249826906448,0.9811128170809219
00843-DYehNKdT76V,0_1_133,13,artwork,0_1,0.56301656013314,1.6606438681955598,-3.788931311004335,0.8110257102220478,0.972592287604105,0.9315818836832752,0.9906691708728634,0.9035540108585376,0.9035540108585376,0.999999988632487
00843-DYehNKdT76V,0_1_134,82,cardboard,0_1,0.3350752712852675,0.0021064926417550477,-4.121368912238534,0.31562555431252703,0.8634555297518016,0.9350259124644789,0.9933368875802009,0.3935609253613042,0.5552392938476766,0.3935609253613042
00843-DYehNKdT76V,0_1_135,326,partial,0_1,-1.7716089453373183,0.0038807052766933014,-4.492468580644409,0.0022753717941748027,0.9527040159418468,0.9281778719878955,0.996218584612247,0.0025829055441933483,0.5135170378551143,0.0025829055441933483
00843-DYehNKdT76V,0_1_136,250,heater,0_1,-2.990477821045302,2.736160737942795,-5.117634524053595,0.2736093167067374,0.9691275710090417,0.8952565504758121,0.9984924772510175,0.31583308891349515,0.6036233118911546,0.31583308891349515
00843-DYehNKdT76V,0_1_137,13,artwork,0_1,0.5673488198815887,1.808663697628131,-4.276286041849334,0.5759018462498089,0.9890062803855367,0.9246946079575571,0.9985958192509793,0.6306107249991352,0.6306107249991352,0.9484583470029517
00843-DYehNKdT76V,0_1_138,478,tile,0_1,-1.6526542882816502,0.002824318321940595,-4.824615122871269,0.5185263727430242,0.9756650259352995,0.9242839289970989,0.9966644564092821,0.5769201931542974,0.5769201931542974,0.9753192544223755
00843-DYehNKdT76V,0_1_139,326,partial,0_1,-3.030726660876758,0.0010799689287736916,-5.47600549729187,0.008205896474390706,0.9735941097871302,0.9438077711132262,0.9956266311387809,0.008969496036190372,0.5058475218440596,0.008969496036190372
00843-DYehNKdT76V,0_1_14,82,cardboard,0_1,-0.09918258677162285,0.6878079870596433,-3.640397524809856,0.03173049819441894,0.9129708127199238,0.9364551295075089,0.996271006635366,0.03725250938405638,0.7674573356566431,0.03725250938405638
00843-DYehNKdT76V,0_1_140,478,tile,0_1,-3.843877143271742,0.0005088503697491112,-5.914194653416703,0.47806382697164274,0.9619218422692146,0.9229508221421836,0.9971436582690589,0.5400199507326571,0.5400199507326571,0.9771508909655249
00843-DYehNKdT76V,0_1_141,351,pole,0_1,-0.05934070779723641,1.5927170779823947,-6.236414174760734,0.07306849782140788,0.9752821159139168,0.9521380403453266,0.9951669055994605,0.0790686050218344,0.6825262027294461,0.0790686050218344
00843-DYehNKdT76V,0_1_142,326,partial,0_1,-4.108558286583803,0.010073817523484584,-6.141333743501399,0.7290720676769286,0.9918595813169071,0.960601407242074,0.9946385399480289,0.769328400605295,0.9246609995863294,0.769328400605295
00843-DYehNKdT76V,0_1_143,87,cat,0_1,-1.2311465350446946,0.09887268999894536,-6.154423266633047,0.27100691524725806,0.9773583125645015,0.9060920125138274,0.9959973803743988,0.3072529516464681,0.5148173269616109,0.3072529516464681
00843-DYehNKdT76V,0_1_144,478,tile,0_1,-1.852427756651539,0.0022986334808619037,-6.002550912157164,0.5841887069430289,0.9704031834309116,0.922100742931864,0.9973130002764183,0.6546227475130949,0.6546227475130949,0.9826095708688567
00843-DYehNKdT76V,0_1_145,326,partial,0_1,-1.444637675956829,1.3769913918038776,-6.23890809642752,0.6685395363149341,0.9786911521658882,0.9161729221998349,0.9968043280688648,0.7479870290912534,0.7479870290912534,0.8023506162181246
00843-DYehNKdT76V,0_1_146,326,partial,0_1,-0.41062429128684486,0.4706600394313063,-6.27153669715793,0.4958324157516914,0.9886541274476064,0.9273319063420153,0.995112935757146,0.5434792379175478,0.5434792379175478,0.8272984357461018
00843-DYehNKdT76V,0_1_147,326,partial,0_1,-1.426015526873324,2.1892327846041626,-6.222852079975845,0.6157563874727773,0.9575388015468924,0.93380606419269,0.9950506350729952,0.6920710344802166,0.6920710344802166,0.8296417748093047
00843-DYehNKdT76V,0_1_148,326,partial,0_1,-1.565988563341095,1.909582309939174,-6.239559874415435,0.6013626782600391,0.9300120303821838,0.9149441342867005,0.9971594142954378,0.7087429205671334,0.7087429205671334,0.8160015133548819
00843-DYehNKdT76V,0_1_149,326,partial,0_1,-1.1680236847752106,1.4807911028099634,-6.152254086674088,0.6483943455449287,0.8558424251286274,0.9129558572557013,0.9979235523527972,0.8315691240288747,0.8429645592089127,0.8315691240288747
00843-DYehNKdT76V,0_1_15,326,partial,0_1,-0.3881101387242656,0.013071904900290365,-5.405790381289116,0.08435916401698555,0.9661022813911258,0.8961063474684416,0.9941923140236882,0.09801198946981854,0.7418000752115723,0.09801198946981854
00843-DYehNKdT76V,0_1_150,326,partial,0_1,-1.5401842394090772,2.1518021205333953,-6.239622269755652,0.6968327023775632,0.9708909442533621,0.9271686930487499,0.996367112241864,0.7769264926025572,0.8373954623963411,0.7769264926025572
00843-DYehNKdT76V,0_1_151,93,ceiling chassis,0_1,-0.46821861315309704,2.53860996106139,-6.197575941516285,0.3805762521931311,0.9529369092013038,0.9055066172643729,0.9838511362864869,0.44828738382133,0.5540898443992989,0.44828738382133
00843-DYehNKdT76V,0_1_152,326,partial,0_1,-0.48893158923515945,2.32971944945256,-6.270477029199838,0.32453908379744,0.9724390207863391,0.9235954126876421,0.9902945131198926,0.36488708203300757,0.7079533517761379,0.36488708203300757
00843-DYehNKdT76V,0_1_153,326,partial,0_1,-0.7356495080321174,2.897500522994389,-4.440192917343543,0.02556578084568882,0.9132890460594459,0.9038743173891874,0.9821381455634217,0.03153335552744352,0.5500311268345977,0.03153335552744352
00843-DYehNKdT76V,0_1_154,326,partial,0_1,0.5926440327931798,2.2035277447969706,-3.2363254117762774,0.6055574569060604,0.9419278394749871,0.8838343220469446,0.9959038143068173,0.7303809968464208,0.7877477319328909,0.7303809968464208
00843-DYehNKdT76V,0_1_155,13,artwork,0_1,0.5679087169307054,1.3594053473612973,-3.989830305157166,0.787801606779554,0.9709307423742529,0.9321686911249105,0.9910408604153347,0.8782993009820226,0.8782993009820226,0.9999999659911023
00843-DYehNKdT76V,0_1_156,320,panel,0_1,0.5169539748502826,2.3096986228131,-0.8272839236625329,0.47722054800584623,0.9458406268761901,0.8865747907319168,0.9927404770196455,0.5732579189313324,0.5732579189313324,0.9999978286759306
00843-DYehNKdT76V,0_1_157,346,plenum box,0_1,-0.3269617569150564,2.5861250814000782,-4.980444273343379,0.4410858529400215,0.95055421977326,0.8787156741767155,0.9977182402643825,0.5292854425455851,0.5292854425455851,0.8642163632593731
00843-DYehNKdT76V,0_1_158,326,partial,0_1,0.5197083155453708,1.8577876948576235,-0.8463918019592953,9.86652504510503e-06,0.9551395116308237,0.9103661552500385,0.9922968034857067,1.1435093385677407e-05,0.5188125631742234,1.1435093385677407e-05
00843-DYehNKdT76V,0_1_159,326,partial,0_1,-1.9423284488745267,2.8028490048833063,0.6286076838670352,0.36454224466053853,0.975028496061335,0.933741821909809,0.9875903639508105,0.4054402863786151,0.525579791809711,0.4054402863786151
00843-DYehNKdT76V,0_1_16,451,stick,0_1,0.5833175647972408,0.06392088014273314,-4.9675936833619945,0.8704114164718735,0.9043631063172363,0.9891881732263639,0.9925260553631903,0.9803043053586569,0.9888440851787077,0.9803043053586569
00843-DYehNKdT76V,0_1_160,320,panel,0_1,0.5234065775409603,1.625687634889669,-0.8557621823962839,0.5008211158982099,0.9642698976489291,0.94104647935935,0.9929094676742963,0.5558572777599916,0.5558572777599916,0.9999881048874936
00843-DYehNKdT76V,0_1_161,326,partial,0_1,-2.3475944030081783,1.0494165893914051,-1.1392171769206692,0.337068768600714,0.9615955383558336,0.9313365294369307,0.9305251856431621,0.40447464744687184,0.7896302409778791,0.40447464744687184
00843-DYehNKdT76V,0_1_162,431,sofa,0_1,-2.1587288837683194,0.7172271937642686,-3.717755093627247,0.4885752628210328,0.9598017957726097,0.8882433274728493,0.9850836856706903,0.5817613108946447,0.5817613108946447,0.9902194164663197
00843-DYehNKdT76V,0_1_163,431,sofa,0_1,-2.2772391712616136,0.7914449990821825,-2.6903762543581347,0.5146536894312961,0.928517887802244,0.9369396889138649,0.9951102677180611,0.594486466268836,0.594486466268836,0.9728641682646298
00843-DYehNKdT76V,0_1_164,320,panel,0_1,0.5185445780001723,2.0809472964556144,-0.8215482671835621,0.48305745855553583,0.9347075448487623,0.9096069563675033,0.9930721694035461,0.572121751813115,0.572121751813115,0.9999955332694173
00843-DYehNKdT76V,0_1_165,195,foam,0_1,-2.164140318453531,0.7234806644857799,-2.0001213359721826,0.0020339873757102256,0.9608681852902902,0.9341213479190522,0.9943745955563364,0.0022789307131400056,0.5672049917269766,0.0022789307131400056
00843-DYehNKdT76V,0_1_166,82,cardboard,0_1,-1.547706837096484,0.0014103072006913953,-2.971371623378508,0.017492599014430496,0.9207345025515207,0.9996100307160578,0.9953367440851807,0.01909498320830873,0.6042443524987118,0.01909498320830873
00843-DYehNKdT76V,0_1_167,326,partial,0_1,-1.2338402553359842,0.6337660657907906,-3.6285093086054316,0.09541070644373661,0.957531048942449,0.9305526708561471,0.9912857466307812,0.10802006258022695,0.834754147901408,0.10802006258022695
00843-DYehNKdT76V,0_1_168,221,glass,0_1,-4.909881797114067,2.332608755967042,0.7523147990501567,0.7111165959679451,0.9455986680307891,0.9249616963383951,0.9985189189472277,0.8142427796392305,0.8142427796392305,0.9913455817749113
00843-DYehNKdT76V,0_1_169,431,sofa,0_1,-2.912884929487265,0.4299214995914371,-3.219829159730138,0.6981999303287721,0.9715179616223688,0.9392209990729518,0.9958542365511452,0.768361149465261,0.768361149465261,0.9537475548172979
00843-DYehNKdT76V,0_1_17,230,grass,0_1,-1.849079277930319,0.5914733819023431,-6.238577762127572,0.7163541797318979,0.9649690509389177,0.9281994525613585,0.9979784708656001,0.8014047905820658,0.8014047905820658,0.9950734499777485
00843-DYehNKdT76V,0_1_170,326,partial,0_1,-1.0330539888390606,0.6984828385505458,-3.241524492600601,0.031381208844562185,0.9427834590485101,0.9243059753484681,0.956424463111313,0.03765227989179838,0.5065294103744556,0.03765227989179838
00843-DYehNKdT76V,0_1_171,326,partial,0_1,-5.777499314968571,0.7632434433469572,-2.503212771966728,0.0032734460303236366,0.9623341344003914,0.934616339547051,0.4720951705885266,0.007709325226960545,0.5966438161102786,0.007709325226960545
00843-DYehNKdT76V,0_1_172,82,cardboard,0_1,-2.2488677195467273,3.8130780642364535e-05,-4.519039166674722,0.012537686618757832,0.9441205303669707,0.9255251461262628,0.9944339762648258,0.014428653087878766,0.6875206580601787,0.014428653087878766
00843-DYehNKdT76V,0_1_173,326,partial,0_1,-4.736613513286735,0.005213989911682086,-6.36374378523358,0.5072146395186697,0.9765669228403479,0.9189996907360614,0.975696854669459,0.5792412731577347,0.6402024834408394,0.5792412731577347
00843-DYehNKdT76V,0_1_174,326,partial,0_1,-3.3124807442855624,0.8009061734209716,-6.161589071496623,0.08769478528113012,0.9133140756756909,0.9355117905687456,0.9981665315911664,0.10282562283933155,0.6901078854523968,0.10282562283933155
00843-DYehNKdT76V,0_1_175,326,partial,0_1,-2.3340097440086423,0.0014400276209281962,-4.731692048805907,0.00041886699448274685,0.9802514357726998,0.947277304990007,0.9957810202965202,0.0004529994519726572,0.543893932155041,0.0004529994519726572
00843-DYehNKdT76V,0_1_176,326,partial,0_1,-5.892331402256491,1.2426889388769615,-6.2670398495571265,0.5049199174688935,0.9751341980572916,0.9289688631637798,0.9907276203194428,0.5626038329100765,0.5626038329100765,0.7076136809637726
00843-DYehNKdT76V,0_1_177,478,tile,0_1,-2.36634326467159,0.0030501477737841023,-5.565356516038868,0.48276979866456493,0.8805196643984899,0.9140207496445931,0.9968140037965376,0.6017704370985443,0.6017704370985443,0.9911878290954497
00843-DYehNKdT76V,0_1_178,326,partial,0_1,-6.041292324782398,0.8584195051816983,-4.445724011571519,0.19695947230031902,0.9709725033243497,0.9101806289412562,0.9956650247679014,0.22383556926215073,0.6700495116847474,0.22383556926215073
00843-DYehNKdT76V,0_1_179,351,pole,0_1,-2.338682620353748,0.07167092491865999,-4.976064565010022,0.47357559559781764,0.9336853854792687,0.9184756351640337,0.9767662439743225,0.5653670196493035,0.5653670196493035,0.5976163364230592
00843-DYehNKdT76V,0_1_18,326,partial,0_1,0.5633440907403384,1.4074101072437026,-4.787082898796809,0.2527187151290069,0.9768792832184215,0.920995929967958,0.9986615517759485,0.2812680901948894,0.782478756454281,0.2812680901948894
00843-DYehNKdT76V,0_1_180,478,tile,0_1,-3.6458876343587785,0.0014009850269256837,-3.376904581865333,0.7912497370561183,0.9727362183447534,0.9167678515988309,0.9969017802519144,0.8900343030833409,0.8900343030833409,0.9998516082413821
00843-DYehNKdT76V,0_1_181,478,tile,0_1,-3.2747668793554086,0.000777946758522263,-6.003452471843689,0.6188955615149281,0.9761004529937477,0.955741207774207,0.9966470495574715,0.6656426745001207,0.6656426745001207,0.9911674586341148
00843-DYehNKdT76V,0_1_182,478,tile,0_1,-3.9223533490992506,0.00218710869217251,-1.6094997423465103,0.752825431743182,0.9609345634286061,0.8936710985900247,0.9971171705458356,0.879177488332336,0.879177488332336,0.9999406039037568
00843-DYehNKdT76V,0_1_183,82,cardboard,0_1,-1.9792898875932385,0.007052044728366675,-3.7547050441927694,0.02221796807870579,0.9816075195894153,0.9155030139444156,0.9966011840266755,0.02480763050033263,0.6705220356979742,0.02480763050033263
00843-DYehNKdT76V,0_1_184,326,partial,0_1,-5.976418771613562,1.5396130771658534,-6.494898142994953,0.6004247584411038,0.9587874044321658,0.9504573775737732,0.9942988206511972,0.6626538133950457,0.6626538133950457,0.8354603983608716
00843-DYehNKdT76V,0_1_185,326,partial,0_1,-3.2710123963417255,1.5393431390635697,-6.160754606627863,0.3982239085865721,0.9805454213664724,0.9266148744297862,0.9980800259416348,0.43913189590537477,0.7022962116138854,0.43913189590537477
00843-DYehNKdT76V,0_1_186,326,partial,0_1,-4.737856396367735,1.713106871186663,-6.590885857795028,0.0003304125559737001,0.9647582650917285,0.8776003249922708,0.9961374303802388,0.000391761722063502,0.7528246616060169,0.000391761722063502
00843-DYehNKdT76V,0_1_187,326,partial,0_1,-3.2691978663505235,0.37262268559933276,-6.160921078863917,0.5855144998259744,0.9493360115238716,0.9251729395136116,0.99663132953181,0.668898531086549,0.668898531086549,0.8893036600007609
00843-DYehNKdT76V,0_1_188,478,tile,0_1,-4.399594128948415,0.0033191601846842664,-6.103434251221447,0.5992508536837977,0.9903463439620982,0.9414662827732878,0.9969655857704592,0.6446687530509357,0.6446687530509357,0.9889569999744555
00843-DYehNKdT76V,0_1_189,93,ceiling chassis,0_1,-8.217072990059426,2.529349175078452,-5.607425882686582,0.47611287581804973,0.9843334196406595,0.9500514091276422,0.9927954186554552,0.5128151244705144,0.5128151244705144,0.7218179817880761
00843-DYehNKdT76V,0_1_19,326,partial,0_1,-1.9911989829132692,1.2683991171511886,-6.237689870564395,0.7249566401291577,0.9597678623993446,0.9177509103795154,0.9957325344298278,0.8265674655472678,0.8265674655472678,0.8404954841545969
00843-DYehNKdT76V,0_1_190,326,partial,0_1,-6.037819142502646,2.302852611840365,-4.929435695162833,0.036146604204395735,0.9876150294955772,0.9458830526767588,0.9957770092761712,0.0388579847991718,0.5105759899976734,0.0388579847991718
00843-DYehNKdT76V,0_1_191,412,shower,0_1,-9.479522985317008,1.3887134651756388,-5.459034969151873,0.4926325101201166,0.9853528293784448,0.9304260529372688,0.99849501578199,0.538150238118265,0.538150238118265,0.9997053545222601
00843-DYehNKdT76V,0_1_192,326,partial,0_1,-7.639701806383621,1.25358477131969,-5.094466543207846,0.7157771194399066,0.9663076162894415,0.9191644957297007,0.9980187705710846,0.8074775541076749,0.9458170643996944,0.8074775541076749
00843-DYehNKdT76V,0_1_193,326,partial,0_1,-3.889864477541873,0.8219760392460964,-5.290650484229508,0.12490832268437772,0.9614860762998054,0.9190904092257915,0.9192089119205971,0.15377152329641686,0.6273411096110209,0.15377152329641686
00843-DYehNKdT76V,0_1_194,326,partial,0_1,-6.0356225282138665,1.0534821957774907,-4.9252358439120645,0.09537348330888977,0.8967618791276223,0.9274300408664824,0.9965189420163341,0.1150757432850668,0.5134514424720634,0.1150757432850668
00843-DYehNKdT76V,0_1_195,326,partial,0_1,-2.9055086874711558,1.2670328426414386,-6.1525458359638545,0.5388372358009414,0.9598070110381527,0.9259533799661275,0.9966588036255588,0.6083283452076435,0.6083283452076435,0.815570814608179
00843-DYehNKdT76V,0_1_196,326,partial,0_1,-4.288805635058864,0.5247384197444968,-4.726844424881008,0.000194071045905524,0.9615494154194681,0.9192533585123623,0.956324672593097,0.00022958766574702685,0.52647504601702,0.00022958766574702685
00843-DYehNKdT76V,0_1_197,480,tissue,0_1,-7.087348914154565,-0.06015017247664634,-6.7097362407039665,0.3267927116744733,0.9845521586272165,0.942423683826586,0.6139240785376213,0.5736840488373925,0.5736840488373925,0.8935621718571783
00843-DYehNKdT76V,0_1_198,478,tile,0_1,-3.8526010368536543,0.003163302930014395,-3.041654165949216,0.49748231042654767,0.974707574894031,0.9206388959424637,0.9967606341324853,0.5561899079595594,0.5561899079595594,0.9984257066314884
00843-DYehNKdT76V,0_1_199,412,shower,0_1,-9.561578068277342,2.3399880507660176,-5.254744859359475,0.6491121355151125,0.9690170968710962,0.9215530032413813,0.9989191008390739,0.7276753318829414,0.7276753318829414,0.9998460421516128
00843-DYehNKdT76V,0_1_2,250,heater,0_1,-1.1048998693494227,2.7186736294412146,-4.97602767742807,0.08234150975535862,0.9181237688729937,0.9196687404889972,0.997509841185681,0.09776175307001968,0.6675445211332613,0.09776175307001968
00843-DYehNKdT76V,0_1_20,326,partial,0_1,-1.2047793115618837,0.7107170533361535,-4.211960088980791,0.08384255137417303,0.9528826381269451,0.9333876548078756,0.9860944058546325,0.09559705734446511,0.8138934642567137,0.09559705734446511
00843-DYehNKdT76V,0_1_200,326,partial,0_1,-5.854064989760775,0.6333092521414169,-3.8047306293447165,0.21091051622093637,0.9617477477656743,0.9370240020335303,0.9921649321970843,0.2358861641614968,0.7828384261904074,0.2358861641614968
00843-DYehNKdT76V,0_1_201,326,partial,0_1,-6.033421694117506,2.3024029692428942,-4.5749853372214115,0.04055283772368524,0.9706259968253805,0.933402225843091,0.9952540496771848,0.044974520844785086,0.5089903298524173,0.044974520844785086
00843-DYehNKdT76V,0_1_202,244,handle,0_1,-7.63713417099946,1.3583419418318143,-6.102353726635216,0.21963611416366682,0.9466150466261859,0.9544981802637863,0.976732539181334,0.2488740339120859,0.6282522160756123,0.2488740339120859
00843-DYehNKdT76V,0_1_203,326,partial,0_1,-2.6720673670872697,1.055087531402608,-4.727591692615907,0.2648521029670162,0.8076528700569617,0.9123548348488317,0.9465244035251551,0.3797371543278726,0.798274986945072,0.3797371543278726
00843-DYehNKdT76V,0_1_204,431,sofa,0_1,-2.89626611208611,0.40802218391834716,-2.467537835836596,0.4963078532568706,0.954133516439685,0.8851233738709474,0.9973689049545137,0.5892266236749245,0.5892266236749245,0.9102562624986278
00843-DYehNKdT76V,0_1_205,431,sofa,0_1,-2.909209444616958,0.40000973790729744,-3.635149391756342,0.7146238151368561,0.9593624877874807,0.8928539835477296,0.9973754097398897,0.8364801799926631,0.8364801799926631,0.9683169806591299
00843-DYehNKdT76V,0_1_206,326,partial,0_1,-5.793287155678995,0.650117351506684,-3.2365110610862295,0.12659467866193383,0.9653686121773639,0.9228848843300625,0.9934858271124503,0.14302536600625065,0.7461162983768976,0.14302536600625065
00843-DYehNKdT76V,0_1_207,326,partial,0_1,-2.618057901790234,1.0257023701799175,-4.980147511501226,0.40335392984862795,0.9493685047673927,0.9070617814448807,0.997294315962248,0.46966831253137725,0.9057978868982799,0.46966831253137725
00843-DYehNKdT76V,0_1_208,364,prop,0_1,-2.88636986833503,0.5567931971820617,-4.819858361953564,0.2436614373888248,0.8962178002609001,0.9301942472067293,0.9761515895842995,0.29942104469505393,0.5564198882072081,0.29942104469505393
00843-DYehNKdT76V,0_1_209,478,tile,0_1,-1.0375647096224951,0.002319461222020598,-5.560422203440876,0.6587420387123668,0.9873340758801559,0.9413276996537043,0.996719396344076,0.7111111776361901,0.7111111776361901,0.9826581577002919
00843-DYehNKdT76V,0_1_21,326,partial,0_1,-0.25694663226239545,0.0018928152365896428,-5.962612616698403,0.07634401415827975,0.9573394300050798,0.9099574949300568,0.9958340543746064,0.08800370663682293,0.5836605209917772,0.08800370663682293
00843-DYehNKdT76V,0_1_210,82,cardboard,0_1,0.2646459132835792,0.0005736290007657384,-5.236840941182412,0.5007386539291085,0.9709846733309885,0.9322536022891788,0.9934466068868163,0.556826815616141,0.5606942582013109,0.556826815616141
00843-DYehNKdT76V,0_1_211,326,partial,0_1,-2.454920163272421,1.3041967389721825,-5.184223021141792,0.4774974849369203,0.9601917573817791,0.9185501664635174,0.9975336856506004,0.5427285454680315,0.9595289962415628,0.5427285454680315
00843-DYehNKdT76V,0_1_212,326,partial,0_1,-2.547726741136263,0.8405167806770657,-5.106355819420693,0.41224539649680814,0.9598953800118836,0.9448521536818222,0.9981104001767684,0.4553962761243119,0.9231570826262501,0.4553962761243119
00843-DYehNKdT76V,0_1_213,326,partial,0_1,0.62115370788031,0.3983338974931852,0.17876120486827657,0.17176163093833308,0.9029953453212732,0.9831465365926095,0.9809201812638757,0.19723715077449694,0.8150651837512226,0.19723715077449694
00843-DYehNKdT76V,0_1_214,326,partial,0_1,-0.1447258678411494,0.7018842693508559,-6.265639076136982,0.6472662451989979,0.9460167860591946,0.9121725974898341,0.996258186006452,0.7528963509831763,0.7528963509831763,0.8371107755875418
00843-DYehNKdT76V,0_1_215,481,title,0_1,-2.649881688828779,0.006810336630652101,-5.087838307849457,0.0001750517172533757,0.9699034009554935,0.9397168753112208,0.9937884416497724,0.0001932622031470785,0.6071848995402805,0.0001932622031470785
00843-DYehNKdT76V,0_1_216,326,partial,0_1,-1.214504595482247,0.0027402831790265384,-4.8103848581607895,0.21508913079788392,0.96933261798848,0.9396556835788339,0.9914682380304631,0.2381760489566903,0.7054746737092427,0.2381760489566903
00843-DYehNKdT76V,0_1_217,326,partial,0_1,0.21528228231576915,0.7018869441489244,0.1412048340541429,0.5038682333750629,0.9484961454613147,0.9238943034815918,0.9938266633437322,0.5785600939533109,0.830851958710819,0.5785600939533109
00843-DYehNKdT76V,0_1_218,478,tile,0_1,-1.6490127678672892,0.002554574825829616,-5.493904179370911,0.5522807003310016,0.973782404648677,0.9084192831576918,0.9969788997052917,0.6262181236027302,0.6262181236027302,0.988127543307373
00843-DYehNKdT76V,0_1_219,326,partial,0_1,-1.2224970887166238,0.6182352452851988,-4.233030330328305,0.13493589477765303,0.9474263736071834,0.9223904832714959,0.9917058796064144,0.15569846165253728,0.8596262023829099,0.15569846165253728
00843-DYehNKdT76V,0_1_22,197,food,0_1,-0.7333678110922689,0.845392463737779,-3.9129006136312903,0.324479906747021,0.8418675887102173,0.9163745015099163,0.7140467709146733,0.5890394241573764,0.5890394241573764,
00843-DYehNKdT76V,0_1_220,326,partial,0_1,-3.1062710388736963,0.003447252167439418,-4.920711410054384,0.003945768206684,0.980065353006694,0.9038331826014989,0.9963799382015677,0.00447057388170984,0.5525333711895432,0.00447057388170984
00843-DYehNKdT76V,0_1_221,478,tile,0_1,-3.6894542050377157,0.0030429361237259,-2.8424090244242,0.5597560635271897,0.9646530530991824,0.9087550027480631,0.9969865474042163,0.6404593209924564,0.6404593209924564,0.998273975650893
00843-DYehNKdT76V,0_1_222,326,partial,0_1,-0.8862423777684736,0.0014704759577103806,-4.974626326006708,0.07551449725959512,0.9182627183502676,0.9316448175449531,0.9922078506714731,0.08896319091783628,0.5672471619619849,0.08896319091783628
00843-DYehNKdT76V,0_1_223,326,partial,0_1,-3.2569142170408103,0.003821121953943884,-4.968425974557994,0.47155884990084296,0.9417414639677321,0.9365569549357925,0.8731500620167224,0.6123237786356552,0.6123237786356552,0.6264517738024101
00843-DYehNKdT76V,0_1_224,326,partial,0_1,-3.443706610246904,0.008386726924872056,-5.048864509710297,0.15052023418347674,0.9541977071078657,0.9101997645775042,0.9915428884448023,0.1747866641544723,0.7270594389495949,0.1747866641544723
00843-DYehNKdT76V,0_1_225,221,glass,0_1,-5.017241999025216,1.171555846353808,0.7548770170694619,0.7400969643357971,0.9526975130384722,0.9208044249176195,0.9986971746269696,0.8447581151073741,0.8447581151073741,0.9943611396295062
00843-DYehNKdT76V,0_1_226,478,tile,0_1,-4.167542209036041,0.0005727945912274713,-5.336926703317423,0.5894135370341966,0.9496684835971557,0.917021687473731,0.996409958144694,0.6792512003744645,0.6792512003744645,0.994747337864843
00843-DYehNKdT76V,0_1_227,326,partial,0_1,-5.809694399372453,2.0287570105340524,-3.98937390931843,0.05392265252747625,0.9683525595592246,0.8989378547561154,0.9925177005801558,0.06241224617773579,0.5561312030646446,0.06241224617773579
00843-DYehNKdT76V,0_1_228,412,shower,0_1,-9.556802428371883,0.7638729655998587,-5.970097757993021,0.49091729957250896,0.944267466060723,0.9126823844757601,0.99891481542567,0.5702498597129775,0.5702498597129775,0.9999083433983889
00843-DYehNKdT76V,0_1_229,478,tile,0_1,-5.572001558940714,0.0004293033143137655,-5.376450598706693,0.6543307475944831,0.9638301078164787,0.8929654260807021,0.997045667884413,0.7625128118088427,0.7625128118088427,0.9948385543906598
00843-DYehNKdT76V,0_1_23,82,cardboard,0_1,-2.2259561645210706,0.5432806100449861,-3.253757986834551,0.0034495282262978506,0.9567474193952871,0.9306551534234824,0.9965111493232808,0.003887688454413784,0.5540894480108871,0.003887688454413784
00843-DYehNKdT76V,0_1_230,341,plank,0_1,-4.118326286664474,0.3745897646794938,-3.1903125612790673,0.26954654006131323,0.966884124160759,0.8746091939308842,0.9986739684526543,0.31916963295234924,0.595408773203037,0.31916963295234924
00843-DYehNKdT76V,0_1_231,93,ceiling chassis,0_1,-5.3864484388820335,2.301314018691117,-4.416575991892607,0.45534412966304977,0.9863730616754847,0.9096853432796994,0.9935916326126775,0.5107394636199827,0.5107394636199827,0.8339640017639616
00843-DYehNKdT76V,0_1_232,326,partial,0_1,-5.621378006857944,0.49694378453898064,-4.3934804475450635,0.1280954986672727,0.9164013905321434,0.9264002305999466,0.9934049848281948,0.1518878867785609,0.818128605976402,0.1518878867785609
00843-DYehNKdT76V,0_1_233,412,shower,0_1,-9.562026657868811,1.6623852442277482,-5.711433403526383,0.5859243304634031,0.9623457018755102,0.8998182027089192,0.9990588926248081,0.6772742394345209,0.6772742394345209,0.9999116236970097
00843-DYehNKdT76V,0_1_234,326,partial,0_1,-4.4155074379149974,1.612911430814635,-6.582820423727917,0.0009747942168858132,0.9842831522494822,0.9225357286297615,0.9922540366176288,0.0010818992590864419,0.8675061792263434,0.0010818992590864419
00843-DYehNKdT76V,0_1_235,82,cardboard,0_1,-5.959607064302014,0.002640286308180931,-3.9346164210317145,0.0030574313047902956,0.9418194978096298,0.9083885808274794,0.996477591949906,0.0035863265196687476,0.7165520416644071,0.0035863265196687476
00843-DYehNKdT76V,0_1_236,93,ceiling chassis,0_1,-5.877547286334034,2.559872077709268,-4.955645388862575,0.6634207521797574,0.966193313009682,0.9647599322679583,0.9959439214414065,0.7146129486604996,0.7146129486604996,0.8534569953688558
00843-DYehNKdT76V,0_1_237,326,partial,0_1,-9.378020985592048,2.2328695711037434,-5.984960146161813,0.03348595531180559,0.9614276016320006,0.9638402472104337,0.994838260460427,0.03632357373595185,0.8076612757292729,0.03632357373595185
00843-DYehNKdT76V,0_1_238,478,tile,0_1,-7.468243940768885,0.006658276457630189,-4.948867084609234,0.4970819237872164,0.983191749536752,0.9357749392186769,0.99605499429105,0.5424191543401286,0.5424191543401286,0.7058928802442788
00843-DYehNKdT76V,0_1_239,484,toilet,0_1,-9.026174298512085,0.4432655542264824,-5.184061831826112,0.4562562540594396,0.9821405967846857,0.9446609859272728,0.9967754411094826,0.4933576410023298,0.8609239981145005,0.4933576410023298
00843-DYehNKdT76V,0_1_24,326,partial,0_1,-2.3845272650794183,1.2083183047750292,-4.954639259865621,0.1795372595662073,0.9749322439835595,0.9280148508742007,0.9927093474332486,0.19989554733745626,0.64129921133114,0.19989554733745626
00843-DYehNKdT76V,0_1_240,326,partial,0_1,-7.657522109772532,0.08515682237413898,-4.847396771395337,0.6713119153019569,0.9802948639881103,0.9301674298774854,0.9964608656082736,0.7388329452037553,0.8323234868116463,0.7388329452037553
00843-DYehNKdT76V,0_1_241,326,partial,0_1,-6.600358987447427,1.3277458716180723,-5.164608637746532,0.3293169148455939,0.9701494158612679,0.9544545843023666,0.998211225594469,0.3562851275043999,0.7688702790903874,0.3562851275043999
00843-DYehNKdT76V,0_1_242,412,shower,0_1,-9.558660750725755,2.010667968416758,-5.309538379795865,0.6522095942440401,0.9873064480400519,0.9386910257246778,0.9987379493711176,0.7046297763358143,0.7046297763358143,0.9997722039018003
00843-DYehNKdT76V,0_1_243,326,partial,0_1,-7.66655309900366,1.7288984261326905,-4.920245584298801,0.4137300231904333,0.9861384718984042,0.9100430939151654,0.9883614691705458,0.4664459975545934,0.5626432340417151,0.4664459975545934
00843-DYehNKdT76V,0_1_244,273,knife,0_1,-7.664115851246426,1.5517340833972972,-6.1149469459416474,0.54176999499352,0.9508389659000165,0.8983469613723603,0.9742976540564902,0.6509868526896645,0.6549124208558196,0.6509868526896645
00843-DYehNKdT76V,0_1_245,326,partial,0_1,-7.585746948110007,1.5681477538357689,-6.129084164019997,0.030119827219500274,0.9696652947547207,0.9573264602267528,0.9382533228471892,0.034582027367710357,0.7456795844853937,0.034582027367710357
00843-DYehNKdT76V,0_1_246,326,partial,0_1,-9.561007538517392,0.1460394374203765,-5.622240725707441,0.0015547784941455215,0.9649726602570706,0.8907468337184974,0.9979507038878244,0.0018125506012597146,0.7051473007661279,0.0018125506012597146
00843-DYehNKdT76V,0_1_247,273,knife,0_1,-7.744708298571509,1.512800337689469,-6.031036351376927,0.49891581768387494,0.955657577595357,0.9368354535255127,0.9756232517421843,0.5711885662306,0.5711885662306,0.686560340083655
00843-DYehNKdT76V,0_1_248,244,handle,0_1,-9.076925652029063,0.7793936554683268,-4.8656328546550816,0.4990213720374976,0.9700828031076192,0.9465003982594311,0.981360621358993,0.5538101510201964,0.8474160943529375,0.5538101510201964
00843-DYehNKdT76V,0_1_249,326,partial,0_1,-7.554913791204572,1.548520959235712,-6.1884193461025285,0.5368192992809551,0.9150996360336329,0.9037343683028556,0.9942407173233677,0.6528710252774171,0.9268529936290747,0.6528710252774171
00843-DYehNKdT76V,0_1_25,82,cardboard,0_1,-0.9777916055377174,0.6499234888619347,-2.95631799901919,0.06691420334714189,0.9396831789016724,0.9137686883625148,0.9938286591388897,0.07841318067080372,0.6153624467243058,0.07841318067080372
00843-DYehNKdT76V,0_1_250,195,foam,0_1,-8.302137596171058,0.824468027952673,-5.108949012202439,0.5491614467684239,0.9779019176923903,0.9278324438406433,0.9921406601876565,0.6100450952545816,0.6100450952545816,0.6859089036507374
00843-DYehNKdT76V,0_1_251,478,tile,0_1,-9.285469652850063,0.0020781476317469267,-5.597747374027271,0.7989928659349781,0.9745996189117432,0.9623927114134361,0.9967632639327112,0.8546185507386783,0.8546185507386783,0.9700424109566222
00843-DYehNKdT76V,0_1_252,478,tile,0_1,-8.929650578719851,1.3979452894356241,-4.879110107039564,0.004442345789948041,0.9779009608995347,0.926637865924359,0.9981358661840328,0.004911541108317408,0.9372951879574574,0.004911541108317408
00843-DYehNKdT76V,0_1_253,412,shower,0_1,-9.55469811176973,1.7582336620568646,-5.972942146189636,0.48090216767117994,0.9589199088388256,0.9088284340094219,0.9987127341667691,0.5525249649669928,0.5525249649669928,0.9998602872744172
00843-DYehNKdT76V,0_1_254,412,shower,0_1,-9.56521213423752,0.8282412978332385,-5.3049589710910325,0.5257211771041397,0.9664002748059669,0.9546426408686643,0.9988259209595566,0.570515953781028,0.570515953781028,0.9999056845277373
00843-DYehNKdT76V,0_1_255,326,partial,0_1,-9.545607634887627,1.6499481407744894,-6.082264660703448,0.0006077171740038881,0.9285056041008323,0.9377210040944004,0.999052692996015,0.0006986424040642755,0.5771683986486706,0.0006986424040642755
00843-DYehNKdT76V,0_1_256,478,tile,0_1,-9.303940031543352,1.4533198345420368,-4.880402930542924,0.0017250228971081784,0.8957207553526935,0.9745520233776439,0.9976281967989221,0.0019808358315733404,0.8586335000506922,0.0019808358315733404
00843-DYehNKdT76V,0_1_257,478,tile,0_1,-9.190114948176697,2.184998900475644,-4.881604857780695,0.009924773343265312,0.9302431344985962,0.9485593041678332,0.9982628235286126,0.011267167166899556,0.9551826863672667,0.011267167166899556
00843-DYehNKdT76V,0_1_258,82,cardboard,0_1,-9.172084921547826,2.3042457242712966,-6.1217386928016655,0.3901834184262289,0.9669277862259568,0.9270110646006022,0.9939647703610104,0.4379442808022723,0.9747238821139954,0.4379442808022723
00843-DYehNKdT76V,0_1_259,412,shower,0_1,-9.53480390075373,1.9726569304945458,-5.87504790378092,0.7501766362732568,0.9758759748311302,0.9223237261173852,0.9991045857276711,0.834208431470435,0.834208431470435,0.9985848919869517
00843-DYehNKdT76V,0_1_26,82,cardboard,0_1,-0.37355471584878996,0.468350806088085,-3.6815018058554316,0.008968591277293516,0.9393641008162005,0.9346976271929668,0.998703440899257,0.010227808481836338,0.7328596385275103,0.010227808481836338
00843-DYehNKdT76V,0_1_260,82,cardboard,0_1,-9.439632792078786,1.979440742053712,-6.046250553820571,0.2699494210096279,0.9567977711558342,0.9946219614696737,0.9940718816232866,0.2853556076970859,0.6690962881999711,0.2853556076970859
00843-DYehNKdT76V,0_1_261,451,stick,0_1,-8.994161130467655,2.145017664859477,-6.1408305951305735,0.5043862119327341,0.9826375854512056,0.944731294710281,0.9801410105230262,0.5543358567168275,0.5668648703153101,0.5543358567168275
00843-DYehNKdT76V,0_1_262,82,cardboard,0_1,-9.220542359098019,2.110552052111624,-6.120134318731121,0.2925167719692213,0.9228155715598001,0.9365254077322936,0.9703034551154631,0.34882589401095726,0.8605085486692473,0.34882589401095726
00843-DYehNKdT76V,0_1_263,82,cardboard,0_1,-8.988433106792224,2.562539610466153,-5.249542776489304,0.564275650518998,0.9768812225980925,0.951405074773761,0.99463940191315,0.610405481875083,0.8885552581964308,0.610405481875083
00843-DYehNKdT76V,0_1_264,82,cardboard,0_1,-8.336331575729103,2.5617816040298735,-5.894095389779558,0.4830843097606542,0.9746570343612343,0.9308668320115249,0.9913091304113162,0.5371238640625926,0.7939357677390833,0.5371238640625926
00843-DYehNKdT76V,0_1_265,82,cardboard,0_1,-8.95971700583652,2.562452085855189,-5.859530414241299,0.567799818897478,0.9231044799512161,0.9373557347457102,0.9924447152846304,0.6612011903916541,0.8712989305620249,0.6612011903916541
00843-DYehNKdT76V,0_1_266,326,partial,0_1,-9.402253146974415,2.348543282495773,-5.793512345322535,0.0015075399409392946,0.9726864585032066,0.9199626929512332,0.9954728082916241,0.001692373981849076,0.520068433466883,0.001692373981849076
00843-DYehNKdT76V,0_1_267,481,title,0_1,-8.108628599367522,2.554876479124608,-6.0091375549162835,0.017113088958322364,0.9253985411765329,0.9223017588322574,0.9688103055855429,0.02069606647531005,0.6278360862833372,0.02069606647531005
00843-DYehNKdT76V,0_1_268,480,tissue,0_1,-7.390023268063196,2.518717626734352,-6.370059793691049,0.44148846922273816,0.980607509078563,0.9392408377327404,0.9245027843132642,0.5184882990543612,0.5184882990543612,0.5766445993642542
00843-DYehNKdT76V,0_1_269,326,partial,0_1,-7.258750894300474,2.5728716682857815,-5.633166358494397,0.12742745318887255,0.9845555018127125,0.9482951981227734,0.9741311597880281,0.14010763842981344,0.5521894634046843,0.14010763842981344
00843-DYehNKdT76V,0_1_27,326,partial,0_1,-0.45536374433749455,0.6462534405448062,-2.9406227388053274,0.0708007172695229,0.9630001681491787,0.9229374121670254,0.9759634780107957,0.08162167024187546,0.7410174758949221,0.08162167024187546
00843-DYehNKdT76V,0_1_270,82,cardboard,0_1,-8.112057251397069,2.232830297928379,-4.8793046897769345,0.7887501406073206,0.9896882942744665,0.9545813524281148,0.9893976261957407,0.8438343607366972,0.8553743777658059,0.8438343607366972
00843-DYehNKdT76V,0_1_271,82,cardboard,0_1,-7.984998222258247,2.564917837766576,-5.155872598225198,0.43816838605960756,0.9774102857276236,0.9321490170363652,0.9800373743082545,0.490722703079698,0.7366626185852547,0.490722703079698
00843-DYehNKdT76V,0_1_272,93,ceiling chassis,0_1,-5.738607478589398,2.5597456246742705,-6.059814636878253,0.6152083216911777,0.9748194380885078,0.9494148892823062,0.9950103713579312,0.6680583167842536,0.6680583167842536,0.899366507053547
00843-DYehNKdT76V,0_1_273,82,cardboard,0_1,-7.823971236628362,2.0722960029163384,-5.106364097098705,0.48115525576083273,0.958145122975111,0.946977693059931,0.9934304943539773,0.5337977081356622,0.5337977081356622,0.6236596133497181
00843-DYehNKdT76V,0_1_274,326,partial,0_1,-6.487669644397076,1.252802570387291,-5.159214457806587,0.4585192566216859,0.9888546679407259,0.9529480440485645,0.9982967478970348,0.4874120169272433,0.7486829290272574,0.4874120169272433
00843-DYehNKdT76V,0_1_275,82,cardboard,0_1,-8.013786940541046,2.553280199316488,-4.978068780916432,0.3597634527027689,0.9926266086941765,0.9491893318464012,0.9916660643021539,0.3850461893609867,0.9024351321845342,0.3850461893609867
00843-DYehNKdT76V,0_1_276,326,partial,0_1,-7.822077889957388,1.666061612674575,-4.27328859563851,0.295118823654445,0.9288285735963822,0.8990901317872773,0.98883685269228,0.3573826537286301,0.7514885518773912,0.3573826537286301
00843-DYehNKdT76V,0_1_277,326,partial,0_1,-7.145739152211069,2.542400042796159,-6.162486760926172,0.5787332161070785,0.9662897635951904,0.9010290775397106,0.9760646319548782,0.6810102483716804,0.8696017445930403,0.6810102483716804
00843-DYehNKdT76V,0_1_278,326,partial,0_1,-7.572138681634488,1.8599429400463472,-6.200106815328371,0.2714575089838645,0.9750236187347028,0.8859745788298536,0.9758054376619023,0.32203437237390337,0.6036801447887747,0.32203437237390337
00843-DYehNKdT76V,0_1_279,478,tile,0_1,-6.672414397675021,0.0008752839627065759,-5.310945259542823,0.5588877306831832,0.9555992593778705,0.8710180794138846,0.9957176726996557,0.6743500377731362,0.6743500377731362,0.9836253359775395
00843-DYehNKdT76V,0_1_28,82,cardboard,0_1,-0.3201097949091197,0.4733191695787028,-4.404739254220066,0.004480702573955932,0.9269594548713593,0.9385762180419126,0.9919435257931042,0.005191930678155565,0.8999789290515418,0.005191930678155565
00843-DYehNKdT76V,0_1_280,82,cardboard,0_1,-7.796738622327518,0.9473025975845795,-5.167435269505049,0.38128656686869966,0.985029766247386,0.8800135464604927,0.9961831543606824,0.44154360531518416,0.6093720891478692,0.44154360531518416
00843-DYehNKdT76V,0_1_281,480,tissue,0_1,-7.340377967262679,0.0047839290844062556,-6.405695905957376,0.3491860194068273,0.9367108723355665,0.9482081240185176,0.9882853612147633,0.3978004331916727,0.5464579790198406,0.3978004331916727
00843-DYehNKdT76V,0_1_282,326,partial,0_1,-7.86914085071204,0.8687010145578606,-4.857074403245897,0.4699169178564532,0.9214817996535982,0.9073939634938382,0.9908472674642633,0.5671941162603547,0.5671941162603547,0.6260201506353292
00843-DYehNKdT76V,0_1_283,273,knife,0_1,-7.718714428789775,0.6723500593561462,-6.030398964261029,0.4057082935783818,0.9661995427269074,0.8981824482588247,0.9874831368934254,0.47342676402118455,0.5724627388596857,0.47342676402118455
00843-DYehNKdT76V,0_1_284,326,partial,0_1,-8.012740058981812,1.5028473136050258,-4.834887342419976,0.35897867062037325,0.9676323511933406,0.9336658652912635,0.9652614069881598,0.4116440488011145,0.6963642668479625,0.4116440488011145
00843-DYehNKdT76V,0_1_285,82,cardboard,0_1,-8.172294223732562,1.1050374199483224,-4.874452764466702,0.5156728540369175,0.9750691259867464,0.9212757737574153,0.9954335158362001,0.5766827415714603,0.5766827415714603,0.6898856070236866
00843-DYehNKdT76V,0_1_286,82,cardboard,0_1,-7.807244891872183,1.2428965156917988,-5.119408520447936,0.4591295306388844,0.9723404955727442,0.9241312844745265,0.9945301554175138,0.5137658400145608,0.5137658400145608,0.6575599359547879
00843-DYehNKdT76V,0_1_287,326,partial,0_1,-9.328610508942516,0.4978363829099909,-4.860730951347632,0.19067267814987943,0.9723087137848635,0.8996826532640724,0.9693083864753251,0.22487075161725384,0.6656670596957583,0.22487075161725384
00843-DYehNKdT76V,0_1_288,82,cardboard,0_1,-9.083767343493191,0.18608413215524824,-6.128645726054563,0.0829193736648842,0.9317620823687585,0.9218295926624155,0.9745432024092838,0.09906020846296053,0.5420174759779087,0.09906020846296053
00843-DYehNKdT76V,0_1_289,478,tile,0_1,-8.661796654194472,0.0021824761156294613,-5.320487739190767,0.766027751336779,0.9796525689422108,0.9454946148845751,0.9961554938548038,0.8302066878716123,0.8302066878716123,0.9760940026048911
00843-DYehNKdT76V,0_1_29,82,cardboard,0_1,-0.8960613021771006,0.47738394028544895,-3.6561325747763687,0.00277327976884905,0.9154395448256981,0.9421579816818602,0.9850143477735738,0.00326435758515807,0.623569291592403,0.00326435758515807
00843-DYehNKdT76V,0_1_290,341,plank,0_1,-8.690250583381719,0.1716851619611512,-4.878730313093903,0.436290954374163,0.9528303212659255,0.9047109897953924,0.9925985527393018,0.5098907534799939,0.5519460740018612,0.5098907534799939
00843-DYehNKdT76V,0_1_291,420,sink,0_1,-8.160583121274659,0.8989598376451993,-4.96473393114657,0.03978415847257675,0.9787870970307564,0.8756217464505254,0.9958191876573609,0.0466149166001464,0.8419371053088043,0.0466149166001464
00843-DYehNKdT76V,0_1_292,273,knife,0_1,-8.741692383691477,0.40960004630161134,-4.802193279896997,0.3026535239860817,0.9849543831680181,0.9395454496160889,0.923930123457731,0.35397508719383913,0.5256678149101442,0.35397508719383913
00843-DYehNKdT76V,0_1_293,326,partial,0_1,-7.4089843914026075,0.009826516458410189,-6.297395338328242,0.4128499920234368,0.9140399772283577,0.9567119974425748,0.9798195934036971,0.48183656019995763,0.6553579131581334,0.48183656019995763
00843-DYehNKdT76V,0_1_294,480,tissue,0_1,-9.470685212917399,0.46364785276898285,-5.392289710788403,0.28671543153627316,0.9764411295939871,0.925099979383103,0.971114425526957,0.32684807154242584,0.8234074123543117,0.32684807154242584
00843-DYehNKdT76V,0_1_295,82,cardboard,0_1,-7.893453744772318,0.016578240406471125,-5.132120157618189,0.30153075429154125,0.9212952357495874,0.9519641408926496,0.9762431366935208,0.3521714988228932,0.6725482266619449,0.3521714988228932
00843-DYehNKdT76V,0_1_296,87,cat,0_1,-7.954429904534138,0.008695372983546426,-5.997454611973873,0.38191051399087433,0.9397172374568477,0.9242147097009772,0.9872125350782339,0.44543145650206517,0.8228252773352303,0.44543145650206517
00843-DYehNKdT76V,0_1_297,326,partial,0_1,-9.146380838032396,0.5448086024942242,-4.829545014513033,0.012318345889440875,0.9718696665094824,0.927873635939986,0.9761165829469012,0.013994385758465691,0.5167885914357816,0.013994385758465691
00843-DYehNKdT76V,0_1_298,326,partial,0_1,-6.730331651407819,1.3862111398428598,-1.5495103831075578,0.5319495444008115,0.8992614928595345,0.945310565375621,0.9961107344772073,0.6282063358275566,0.6282063358275566,0.7639186690938843
00843-DYehNKdT76V,0_1_299,273,knife,0_1,-8.307538272750612,1.2296048733066482,-4.734661090745749,0.1907473266902381,0.888853459909398,0.9337228844360329,0.9796880556413233,0.2345970121795637,0.619861775124436,0.2345970121795637
00843-DYehNKdT76V,0_1_3,326,partial,0_1,-2.322637090628177,1.1524272755300855,-6.166805079433524,0.6701708579873017,0.9591880473905553,0.9349891589783674,0.9978559629232306,0.7488715784045455,0.8533394968197677,0.7488715784045455
00843-DYehNKdT76V,0_1_30,230,grass,0_1,-4.996869214757142,0.9373005546099812,-6.598346749090619,0.4583965621651157,0.9054528245034836,0.8968907213656309,0.9981816426388707,0.565491933622776,0.565491933622776,0.999663710970394
00843-DYehNKdT76V,0_1_300,478,tile,0_1,-7.972089077807017,1.4340706593115284,-3.178574949946841,0.02966353284066994,0.9664321718440539,0.9271254262978028,0.9834225561281135,0.0336645518330725,0.6877969072364474,0.0336645518330725
00843-DYehNKdT76V,0_1_301,478,tile,0_1,-8.086909704373872,1.2986110601940533,-3.1740428850258127,0.6445848955040684,0.975236968979949,0.9394749282919361,0.9929558814064313,0.7085244169338262,0.7085244169338262,0.8571835429272826
00843-DYehNKdT76V,0_1_302,326,partial,0_1,-7.736967897421846,1.1590588143998142,-5.301585434490546,0.42981431780887497,0.9962212255759857,0.9470972928396924,0.9955911830045358,0.4575614744259467,0.5578535319131402,0.4575614744259467
00843-DYehNKdT76V,0_1_303,478,tile,0_1,-8.082296880828752,1.9143633087614629,-3.1734975469066637,0.5666293146200126,0.9388533911688142,0.9665522766354007,0.9923184282638601,0.6292523627632606,0.6292523627632606,0.6941597016519062
00843-DYehNKdT76V,0_1_304,316,overhang,0_1,-6.982422156637016,2.8872060961245842,-2.166718751464471,0.575378896562476,0.9425153273080278,0.9378749434439181,0.967014324651643,0.6731125172644343,0.8668820156215986,0.6731125172644343
00843-DYehNKdT76V,0_1_305,326,partial,0_1,-2.5770129723555155,1.6244739068771787,-5.000322387529179,0.40465836539365624,0.9809179830503842,0.9167083789120796,0.9972050516713705,0.45127383694140505,0.885897443347667,0.45127383694140505
00843-DYehNKdT76V,0_1_306,316,overhang,0_1,-4.24631746330257,2.527978868170676,-6.16834607803308,0.4176898648594604,0.9311821671705397,0.9419324478687034,0.984975419775096,0.4834751273451514,0.5165880810887954,0.4834751273451514
00843-DYehNKdT76V,0_1_307,326,partial,0_1,-3.387875646993606,0.223464596854232,-6.237899833348672,0.5409425550955393,0.781427824587533,0.9535814174972348,0.991999871128323,0.7318008030190574,0.8909945811876061,0.7318008030190574
00843-DYehNKdT76V,0_1_308,326,partial,0_1,-3.2125595973331995,1.4026182416568644,-6.493046001043191,0.683111168415771,0.916750342472952,0.9541460488677299,0.9976071048360177,0.7828272145571472,0.9183656800927077,0.7828272145571472
00843-DYehNKdT76V,0_1_309,326,partial,0_1,-6.331415071443628,0.04267903672297016,-5.169329040083367,0.6309790057461916,0.9605650264566925,0.927349821073199,0.9952712507523417,0.7117100318101888,0.851091998671621,0.7117100318101888
00843-DYehNKdT76V,0_1_31,326,partial,0_1,-1.9502955888990865,1.0430757385502536,-6.2325367598216115,0.7013195349552661,0.9541131571058536,0.9081275593703155,0.9970263406905767,0.8118252661466181,0.8118252661466181,0.883666064940948
00843-DYehNKdT76V,0_1_310,326,partial,0_1,-6.8438865652031176,1.9020074297696803,-5.085661186835194,0.5162912025534306,0.8902912704511591,0.9496605395035408,0.9965509664913426,0.6127660602470653,0.8080472299375534,0.6127660602470653
00843-DYehNKdT76V,0_1_311,326,partial,0_1,-6.043767614024889,1.4204207532952573,-6.136844909263206,0.6851838649884504,0.9708676166606671,0.8913575383691708,0.9905675930182327,0.7993022851922106,0.8990500405203234,0.7993022851922106
00843-DYehNKdT76V,0_1_312,326,partial,0_1,-5.91045298195439,1.4186411998202793,-6.135472017308814,0.640466048445645,0.8979042986621277,0.9685839605133413,0.9954187571167448,0.7398147208256923,0.7398147208256923,0.7417236653679843
00843-DYehNKdT76V,0_1_313,326,partial,0_1,-4.872043727117528,0.005296693731240531,-4.999663440938759,0.17050917595681261,0.9841995764280618,0.9482572228587756,0.995041803010639,0.18361032356215798,0.7741024952225822,0.18361032356215798
00843-DYehNKdT76V,0_1_314,13,artwork,0_1,0.5661687725147994,1.5963392662510263,-3.58455573628564,0.8020275784853275,0.9507406623192666,0.9616394406799293,0.9914910519363,0.8847614000700287,0.8847614000700287,0.9999999860683677
00843-DYehNKdT76V,0_1_315,326,partial,0_1,-6.190469409558955,1.5005169570900125,-5.171286661040483,0.7311816430839606,0.9625352670749028,0.9173407516561425,0.9972796654799456,0.8303495943778931,0.8303495943778931,0.8721979956125068
00843-DYehNKdT76V,0_1_316,230,grass,0_1,-3.6576576814132142,1.0380099031645451,-6.563527297241334,0.8330657671365621,0.9678857525189718,0.8997953526815679,0.9993450097481751,0.9571852500100428,0.9571852500100428,0.9999731416378024
00843-DYehNKdT76V,0_1_317,326,partial,0_1,-3.285240989595009,0.006898367951172767,-6.409852269689441,0.33802142540690744,0.9943236387692965,0.9469790524116385,0.9648471296948368,0.37206394187019964,0.600393640112409,0.37206394187019964
00843-DYehNKdT76V,0_1_318,451,stick,0_1,-3.054109215910048,0.16369251924848993,-2.9281999689617417,0.0010138996437296772,0.7457542810175154,0.9647215215179017,0.9886193514771886,0.0014255030177455468,0.5673425951838575,0.0014255030177455468
00843-DYehNKdT76V,0_1_319,326,partial,0_1,-3.733886460697519,1.8623187234905685,-6.564496970314801,0.11992116161626357,0.9034680818888919,0.9310612201253905,0.9933041087451547,0.14352334327712835,0.7473286580627189,0.14352334327712835
00843-DYehNKdT76V,0_1_32,326,partial,0_1,-2.5863399158473364,1.0545042136415361,-4.698742621183116,0.35252564724690155,0.9519735498216451,0.9189764084002812,0.9524318186699501,0.42308495157328185,0.7945818744405284,0.42308495157328185
00843-DYehNKdT76V,0_1_320,87,cat,0_1,-6.076713881205636,0.6705991684453473,-4.0492313156541835,0.313599412512003,0.875539102836659,0.919038387096194,0.880281086393772,0.44273583063771094,0.5579429915901296,0.44273583063771094
00843-DYehNKdT76V,0_1_321,364,prop,0_1,-2.9673039520910596,0.5549480993604279,-4.616006685649732,0.07633292777474669,0.9578993779326241,0.9173308618677394,0.9725186659632962,0.0893239826508139,0.5537939583092916,0.0893239826508139
00843-DYehNKdT76V,0_1_322,478,tile,0_1,-3.8778700688246466,0.0008203300166145458,-4.341733514022513,0.37632023421842675,0.7577406664689382,0.9346498378394676,0.9928169659010273,0.5352033827500806,0.5584574090366627,0.5352033827500806
00843-DYehNKdT76V,0_1_323,82,cardboard,0_1,-4.535039438749098,0.00033258450979184494,-4.267439102457574,0.006616621958961693,0.8649614689104697,0.9399484113882965,0.9970814850325944,0.008162155986647424,0.508624637640188,0.008162155986647424
00843-DYehNKdT76V,0_1_324,478,tile,0_1,-5.302475041110844,0.00030672095718496407,-3.7666317269503735,0.4986826851870239,0.957044943524342,0.9355755756681603,0.9964212675023674,0.558946308514931,0.558946308514931,0.9984276767807472
00843-DYehNKdT76V,0_1_325,82,cardboard,0_1,-5.291062424441066,0.00010865222933599063,-4.1333298988687295,0.002250987770612391,0.9757982064377178,0.9668866849173239,0.9974058370480594,0.0023920245628753756,0.7004655174947257,0.0023920245628753756
00843-DYehNKdT76V,0_1_326,478,tile,0_1,-3.3925045649551944,0.0019829584153052272,-4.042313780321346,0.7692346535716612,0.9035344294300586,0.9709480067840044,0.9967713189736458,0.8796757641343688,0.8796757641343688,0.9998594510537027
00843-DYehNKdT76V,0_1_327,481,title,0_1,-6.08272749453327,1.3224291739543703,-3.6814431478093748,0.008277213750503007,0.9844450230399767,0.9450272682456224,0.7178876701732567,0.012393439997994655,0.6390521416420054,0.012393439997994655
00843-DYehNKdT76V,0_1_328,326,partial,0_1,-6.040212286580561,0.8374710547863373,-4.365791585457743,0.5109407040504107,0.9639486173788706,0.9341833523712506,0.9950192484842356,0.5702338727615702,0.6179640127825303,0.5702338727615702
00843-DYehNKdT76V,0_1_329,82,cardboard,0_1,-5.553911950700113,-3.162991898039368e-05,-4.03823682180733,0.0012949425695509018,0.9648623019456863,0.9318041030879649,0.9966970078716203,0.0014450983213372282,0.5260320714963036,0.0014450983213372282
00843-DYehNKdT76V,0_1_33,326,partial,0_1,-0.2938262933696604,0.4814302900749574,-3.433858985972872,0.08039472282212576,0.8580327303676515,0.9093811749252865,0.9879939228828043,0.10428538639880691,0.7393260621622828,0.10428538639880691
00843-DYehNKdT76V,0_1_330,326,partial,0_1,-5.595756839926136,0.09255172852442886,-1.162191857758552,0.2103626845766657,0.9453543635620925,0.9403069380170024,0.9929924496149979,0.2383188993755396,0.659401272660593,0.2383188993755396
00843-DYehNKdT76V,0_1_331,478,tile,0_1,-4.445754139385683,0.0016200720665155556,-2.5671869681643846,0.8188775663715361,0.9344043733441227,0.9369236361382983,0.9978924576993277,0.9373378962435248,0.9373378962435248,0.9996851709588197
00843-DYehNKdT76V,0_1_332,134,cushion,0_1,-2.4901540233573773,0.5569702326253649,-2.772796873613447,0.6525269048475131,0.9728513024085096,0.9384970303279212,0.9884579993784934,0.7230375215923827,0.7230375215923827,0.9959493379749261
00843-DYehNKdT76V,0_1_333,478,tile,0_1,-4.740512088418387,0.0014966952043557128,-2.4422357051028425,0.8717887398686331,0.9228448609238891,0.9999999999999997,0.9981033862943611,0.9464703822209984,0.9464703822209984,0.9999077783005005
00843-DYehNKdT76V,0_1_334,478,tile,0_1,-4.316951818261499,0.002285253680108353,-1.841786917982556,0.7997842518810797,0.9821223883527271,0.9140088682249504,0.9972160522711088,0.8934444736119533,0.8934444736119533,0.9998978505926573
00843-DYehNKdT76V,0_1_335,364,prop,0_1,-2.373710191848031,0.7542667614358839,-1.9739232605344714,0.0031011176014794305,0.9789150158564249,0.9543426146192142,0.9906983908091884,0.0033506377033387528,0.6808498287644811,0.0033506377033387528
00843-DYehNKdT76V,0_1_336,545,wood,0_1,-3.944241154995463,0.42816355832872255,-2.7367740731079255,0.0005893121460806015,0.9304695126545623,0.9188200326474765,0.9743860335675766,0.0007074271750449562,0.7089424537526876,0.0007074271750449562
00843-DYehNKdT76V,0_1_337,478,tile,0_1,-3.870045297329781,0.001186768788107741,-4.083841361248476,0.713349167055831,0.9435776938044611,0.9331140655942003,0.9959257206942379,0.813509836121599,0.813509836121599,0.9985267889140066
00843-DYehNKdT76V,0_1_338,320,panel,0_1,0.5159407914653981,2.5393540344423267,-0.836442745306682,0.5131972389140095,0.9090179512898127,0.9252080694707244,0.9943072831290704,0.6136939174900067,0.6136939174900067,0.9999994517866392
00843-DYehNKdT76V,0_1_339,320,panel,0_1,0.5252026962849781,1.4085213216109012,-0.9094804881949067,0.5722454268970246,0.9585412187155642,0.9078432496947318,0.992643440437165,0.6624717938917789,0.6624717938917789,0.9999929264035022
00843-DYehNKdT76V,0_1_34,480,tissue,0_1,-1.2110931034695098,0.7279886865503458,-3.5798164264134806,0.4940526779432103,0.9434516504581467,0.9251758567675916,0.9947883637110041,0.5689821232130796,0.5689821232130796,0.7329455779074187
00843-DYehNKdT76V,0_1_340,326,partial,0_1,-0.7599546518836451,0.46391319369383344,-4.96302062838057,0.001059504956120688,0.7043139007356432,0.9281516128715035,0.9944313427455408,0.0016298326170356094,0.5144527404147435,0.0016298326170356094
00843-DYehNKdT76V,0_1_341,346,plenum box,0_1,0.32616545181076223,2.6761312607706795,-4.531392713083258,0.550732373960807,0.985224698670436,0.9394678438642843,0.9972417107197832,0.5966545560039669,0.5966545560039669,0.9422600072376367
00843-DYehNKdT76V,0_1_342,157,door screen,0_1,-0.48981474696705646,2.3419481981333035,0.7040214086838248,0.4904559617348747,0.9546106727032884,0.928778995754004,0.9943175272880346,0.5563348323196893,0.7038668271487892,0.5563348323196893
00843-DYehNKdT76V,0_1_343,326,partial,0_1,-0.5617842319609521,0.00302341649171154,-5.198644689420408,0.07659251445091457,0.9764833709707966,0.9317540350686015,0.9916789426010556,0.08488854731754651,0.5528079876644655,0.08488854731754651
00843-DYehNKdT76V,0_1_344,364,prop,0_1,-4.996565418827075,1.0658140101892195,-1.8925319171419865,0.5484994139216687,0.9698674645201831,0.9449703305715751,0.9913258112773307,0.6037111404290716,0.6037111404290716,0.9509452280560924
00843-DYehNKdT76V,0_1_345,221,glass,0_1,-4.46778436004169,1.5171627795889884,0.7268913406355624,0.7284375692704763,0.9552447521183507,0.9520759388864086,0.9990647519916185,0.8017010445610815,0.8017010445610815,0.9970019019890146
00843-DYehNKdT76V,0_1_346,93,ceiling chassis,0_1,-2.2089930764966863,2.8789012278938184,-0.0030351265446383175,0.3854909405036144,0.7694950596452111,0.9162196130008007,0.9963834142392959,0.5487597710824093,0.5487597710824093,0.6905058024235187
00843-DYehNKdT76V,0_1_347,364,prop,0_1,-4.992583766532647,1.605560012637655,-2.980609387829794,0.4976157379963963,0.9723025125052117,0.9667225597052589,0.9912026878725284,0.5341071288770478,0.5341071288770478,0.589044756662284
00843-DYehNKdT76V,0_1_348,478,tile,0_1,-6.221170478022346,0.0033630868302179165,-5.902601985334352,0.6987105797063013,0.9350787083595504,0.9154922510481309,0.9980676378270266,0.817776270523272,0.817776270523272,0.99557261953258
00843-DYehNKdT76V,0_1_349,326,partial,0_1,-6.377572616770294,0.07833731611096506,-6.126960431545883,0.610542293094173,0.9811163404679767,0.9317519442439361,0.9915828323028537,0.6735439474586986,0.7765049581035661,0.6735439474586986
00843-DYehNKdT76V,0_1_35,209,furniture,0_1,-0.7401889364417691,0.6109489945002812,-3.1575853363085096,0.5374175692393033,0.8917396237148324,0.9758068521387169,0.9985837020112036,0.6184797128965115,0.6184797128965115,
00843-DYehNKdT76V,0_1_350,326,partial,0_1,-3.902251193839517,1.859077471141639,-6.568221944758719,0.5024250289667376,0.9858702870662684,0.9252570954960844,0.9920061174830461,0.5552322886874892,0.785849959321069,0.5552322886874892
00843-DYehNKdT76V,0_1_351,326,partial,0_1,-5.702358766871081,1.1656012834564555,-6.616984961709852,0.009804488098649077,0.9881761621747559,0.9338667724462691,0.9975307306307926,0.010650729221494574,0.5921011150516895,0.010650729221494574
00843-DYehNKdT76V,0_1_352,478,tile,0_1,-5.631470842447153,0.0003095748350598269,-4.864462747757695,0.4704897823386708,0.9822409611178181,0.9285744494148354,0.9971543210106693,0.5173125925595953,0.5173125925595953,0.9933208019035978
00843-DYehNKdT76V,0_1_353,478,tile,0_1,-4.152827324631275,0.00030148701775724497,-5.720140156506248,0.5225147568475705,0.986615364385078,0.9404540487357649,0.996928644838342,0.564870676995092,0.564870676995092,0.9835836350092023
00843-DYehNKdT76V,0_1_354,82,cardboard,0_1,-4.692402253424829,0.0034468573110893502,-4.418888069161798,0.005346690202845251,0.871085586665439,0.9176581296537226,0.9974658915515164,0.0067057170289538046,0.5069050232809087,0.0067057170289538046
00843-DYehNKdT76V,0_1_355,478,tile,0_1,-4.703950617462309,0.00034888242032873244,-4.142080793817993,0.4484784101731267,0.8983337666307175,0.8866733615886147,0.9971969735388748,0.5646238301100018,0.5646238301100018,0.9953205986791106
00843-DYehNKdT76V,0_1_356,82,cardboard,0_1,-5.064223866620987,0.0004734099753408414,-3.8481919905044513,0.00124204256231162,0.9899787748379707,0.9323344432583514,0.9968584799346144,0.0013499116916306075,0.5393748071344726,0.0013499116916306075
00843-DYehNKdT76V,0_1_357,326,partial,0_1,-6.035692431329966,0.06701133394818401,-1.6325859086715477,0.35339793216986803,0.9787812978502303,0.9064661688773912,0.993865390817502,0.400773663079873,0.7395803654382465,0.400773663079873
00843-DYehNKdT76V,0_1_358,326,partial,0_1,-6.567677166521761,0.3497655323965489,-6.133887480321386,0.7111102733269035,0.9382438604286736,0.9366322560738789,0.9930299234266461,0.814872714743657,0.890482080777647,0.814872714743657
00843-DYehNKdT76V,0_1_359,478,tile,0_1,-4.920586078659721,0.0009195917422128501,-2.9084809379148147,0.8773972805132623,0.9915766744759795,0.9456194875042327,0.9978072668552385,0.9377928253308243,0.9377928253308243,0.9998907199693259
00843-DYehNKdT76V,0_1_36,326,partial,0_1,-1.1354907193753374,0.535501867006871,-3.591316583276293,0.03078890209397484,0.9237987476652483,0.9448208796528217,0.9797905624961971,0.03600261939334936,0.5807689582223557,0.03600261939334936
00843-DYehNKdT76V,0_1_360,82,cardboard,0_1,-5.7545978567872895,0.0005713025127378844,-4.773547810932639,0.0021589431771284594,0.9422570902843453,0.9198635986623496,0.9972202779050351,0.0024977977136155225,0.7409695929275936,0.0024977977136155225
00843-DYehNKdT76V,0_1_361,478,tile,0_1,-5.154515375771798,0.0008093302249332701,-2.9243683659145683,0.7928069929832969,0.9766552583841736,0.9373875018554431,0.9970398025442214,0.8685494002239238,0.8685494002239238,0.9998357683386937
00843-DYehNKdT76V,0_1_362,478,tile,0_1,-5.6766705776720805,-0.0036264934953101013,-1.8699044115235666,0.7472307405370959,0.9886106055208794,0.9432346806292462,0.9973908976453959,0.8034230810349329,0.8034230810349329,0.9995397586933636
00843-DYehNKdT76V,0_1_363,364,prop,0_1,-6.0384117354163775,0.31500126506904275,-1.6702934021844178,0.6283301727954342,0.9871687644388494,0.9393048948818548,0.9900587431547201,0.6844298801387153,0.6844298801387153,0.9705255698633015
00843-DYehNKdT76V,0_1_364,326,partial,0_1,-5.695565563600333,0.575416043679241,-4.6460324875695305,0.10583385424312608,0.9100939312278687,0.9002791383128035,0.9940812957634332,0.12993893567924084,0.7971936718990676,0.12993893567924084
00843-DYehNKdT76V,0_1_365,478,tile,0_1,-4.3032456429670995,0.0014328493967446037,-2.99248238691381,0.7500733904774418,0.9559240232701214,0.8835272388383172,0.9979321413542755,0.889937339400851,0.889937339400851,0.9998437426851622
00843-DYehNKdT76V,0_1_366,364,prop,0_1,-6.037107656466259,1.416037156935482,-3.2612359373802255,0.4795130275521668,0.9897615268294254,0.9280187434003149,0.9938145192603179,0.5253004311346536,0.5253004311346536,0.649491462865709
00843-DYehNKdT76V,0_1_367,82,cardboard,0_1,-5.94573454392823,0.0008007267232490703,-4.080249571596408,0.003253803050008716,0.9804320289118057,0.9564761910758453,0.9961679984128484,0.003483108648137054,0.6902835239240943,0.003483108648137054
00843-DYehNKdT76V,0_1_368,221,glass,0_1,-4.39732204890209,1.0676581526792859,0.7447678479318701,0.7960493579004985,0.9684487157430313,0.9472704136090457,0.9987528778332564,0.8688230854862121,0.8688230854862121,0.9948985933187462
00843-DYehNKdT76V,0_1_369,364,prop,0_1,-4.99226409565522,1.4518703913444448,-2.9567877439183605,0.48718198031254123,0.9622113445963726,0.928014609985172,0.9910141386471146,0.5505364516555241,0.5505364516555241,0.8667739071899709
00843-DYehNKdT76V,0_1_37,326,partial,0_1,-3.2819217206176856,0.9037101122293189,-6.1609184815827565,0.16815534076742117,0.9599654152862896,0.9005563381516318,0.9979394474361892,0.19491263880974707,0.7039881915179128,0.19491263880974707
00843-DYehNKdT76V,0_1_370,221,glass,0_1,-5.575080737473573,0.9713833970084135,0.7520938565101585,0.7522076560253242,0.9710921921246906,0.9222493159672807,0.9979793545794493,0.8416032197282521,0.8416032197282521,0.9915238584171604
00843-DYehNKdT76V,0_1_371,478,tile,0_1,-5.581532470852783,0.0006011676757586514,-2.8691108592480496,0.5538107183649905,0.8319868607069153,0.9550658440439006,0.9970768255866125,0.69900929865243,0.69900929865243,0.9995267833347964
00843-DYehNKdT76V,0_1_372,478,tile,0_1,-2.872196275068976,0.0013427134779369963,-0.34994162928387285,0.8009035962662763,0.9749952632361563,0.9445635683124493,0.997645147095712,0.8717068379633486,0.8717068379633486,0.999786089828924
00843-DYehNKdT76V,0_1_373,478,tile,0_1,-5.545291903549542,0.0004963373109151276,-2.5375666692731995,0.6778316604431479,0.9721938828912675,0.9535713326294089,0.9971793233053313,0.7332338649540264,0.7332338649540264,0.999610851541185
00843-DYehNKdT76V,0_1_374,478,tile,0_1,-4.0984747746551395,0.001187455974822134,-3.783370736775574,0.6153616541466814,0.9543395744520102,0.9089662868099493,0.9969240516897763,0.7115700280245564,0.7115700280245564,0.9995540322487738
00843-DYehNKdT76V,0_1_375,478,tile,0_1,-4.343427065044239,0.0018766505241970713,-1.3039383790730006,0.7528324049245587,0.9421127511463483,0.9063917280340164,0.9974177301325974,0.8838985172674332,0.8838985172674332,0.9999191681762026
00843-DYehNKdT76V,0_1_376,478,tile,0_1,-3.555393998894899,0.0012358268304441926,-4.205147217134895,0.7525250818215614,0.9473761094642853,0.984419908506095,0.9936580493265305,0.8120470778208733,0.8120470778208733,0.9988946075785871
00843-DYehNKdT76V,0_1_377,478,tile,0_1,-4.349402497347799,0.0012444131432987103,-3.579388296045991,0.6618111557948141,0.9674341063345632,0.991783152417326,0.9970342074247907,0.6918085163412281,0.6918085163412281,0.999304973741415
00843-DYehNKdT76V,0_1_378,478,tile,0_1,-4.491402638314011,0.0016202506780780715,-1.995575281136182,0.817184965881225,0.9246217041113557,0.9957688659853985,0.9975450549957003,0.8897443134802118,0.8897443134802118,0.999917562708162
00843-DYehNKdT76V,0_1_379,326,partial,0_1,-1.3917826710692525,0.24451889307199987,-6.194156641346089,0.7155543310257148,0.9735479568340141,0.9544414560886572,0.9976756991238185,0.7718742916773891,0.7718742916773891,0.8707229699588701
00843-DYehNKdT76V,0_1_38,13,artwork,0_1,0.5830493207200782,1.3463939242202247,-4.201859788282307,0.11298447535902972,0.9780961770131376,0.9146311561775149,0.9988822086519644,0.12643780356957895,0.6538245464599755,0.12643780356957895
00843-DYehNKdT76V,0_1_380,478,tile,0_1,-3.893347223254661,0.003829440176120971,-4.388825703165852,0.4352403763838497,0.9683122256036544,0.9124609087960511,0.992932835807428,0.4961118738736052,0.5636412660843704,0.4961118738736052
00843-DYehNKdT76V,0_1_381,478,tile,0_1,-3.192414718624267,0.005174570885334335,-2.0302380399289226,0.7563070077345247,0.9829354942427586,0.9483859949118147,0.9978053656725859,0.8130965896720029,0.8130965896720029,0.9998761559289044
00843-DYehNKdT76V,0_1_382,134,cushion,0_1,-2.433287741069808,0.599647151372775,-3.9322484607320036,0.19220052833658413,0.9639742546884332,0.932343829870939,0.9911410531215105,0.21576330004949204,0.5595878469195793,0.21576330004949204
00843-DYehNKdT76V,0_1_383,478,tile,0_1,-3.223569522249388,0.003024111320245161,-3.203914364660985,0.7316072465266179,0.9589742845296859,0.8918015176401313,0.9975547809094346,0.8575630803157406,0.8575630803157406,0.9999371150560105
00843-DYehNKdT76V,0_1_384,326,partial,0_1,-4.9549554220979095,0.5215470350747711,-4.794276693738763,0.0006258207346875673,0.9702054811489197,0.9051673286559261,0.9748315988705079,0.0007310174700475486,0.5444227506702773,0.0007310174700475486
00843-DYehNKdT76V,0_1_385,326,partial,0_1,-4.190869960874082,0.0007208984075001018,-4.813439066887461,0.2632621316468113,0.9743159151930584,0.8921338630572593,0.9435206235655098,0.32100158363793435,0.676131833746176,0.32100158363793435
00843-DYehNKdT76V,0_1_386,230,grass,0_1,-5.125313213747844,0.7893027398974016,-6.602919693531003,0.6942799214080103,0.9587883348815157,0.9406644966030004,0.9983226545032955,0.7710919776573298,0.7710919776573298,0.9997607020030561
00843-DYehNKdT76V,0_1_387,326,partial,0_1,-1.3948071464853502,1.7040519660954643,-6.2079691748176105,0.6264551338234456,0.9632418776551882,0.8842061107331429,0.9946501189010517,0.7394873789832759,0.7394873789832759,0.8411192733322379
00843-DYehNKdT76V,0_1_388,326,partial,0_1,-4.4069787903807836,1.340508516166091,-6.5826363394742105,0.0016871903737361786,0.9973282967268653,0.9403231956622514,0.990568752176771,0.0018162021038381677,0.9111224080829929,0.0018162021038381677
00843-DYehNKdT76V,0_1_389,481,title,0_1,-4.126333269301786,0.5204098437203648,-4.8369017355486,0.0004747064264248314,0.9412041423576218,0.8917210667427415,0.9826210643037733,0.0005756071560338441,0.5041775151591132,0.0005756071560338441
00843-DYehNKdT76V,0_1_39,82,cardboard,0_1,-1.085169626074115,0.4755720007465378,-3.620876317638787,0.0013816268023010563,0.9765074743756225,0.9034603193399424,0.9872561287027435,0.0015862668797694303,0.7748852445829771,0.0015862668797694303
00843-DYehNKdT76V,0_1_390,478,tile,0_1,-3.2478190394855813,0.0016488562799371344,-2.5173756394492166,0.6904662577852871,0.8987854601021874,0.9401737406144934,0.9976017137125388,0.8190701867241533,0.8190701867241533,0.9998958279028919
00843-DYehNKdT76V,0_1_391,326,partial,0_1,-1.7111893002051353,1.2512902825779468,-6.239224966357753,0.02879531295288616,0.6704365543454711,0.9033509582573638,0.9946719924994545,0.04779998039101108,0.8848304610603963,0.04779998039101108
00843-DYehNKdT76V,0_1_392,87,cat,0_1,-2.519140165641446,0.08908662377574127,-6.124758375250223,0.25283740816169614,0.930351112949644,0.9063148478220342,0.9966296345423464,0.3008718501302321,0.8726462295428552,0.3008718501302321
00843-DYehNKdT76V,0_1_393,478,tile,0_1,-3.135617707530466,0.00743147808326757,-2.5174547817779866,0.7728305203973849,0.9777253628113214,0.9410299153800568,0.9977743001483155,0.8418440372312326,0.8418440372312326,0.9999256391146627
00843-DYehNKdT76V,0_1_394,478,tile,0_1,-3.2453135810056897,0.0036945664602707905,-3.665592625889331,0.7863596150342625,0.9807642110471302,0.9332613462637417,0.9969677593909543,0.8617319573294793,0.8617319573294793,0.999926865185262
00843-DYehNKdT76V,0_1_395,221,glass,0_1,-1.8009235555880285,1.69096863834465,0.6609482165433378,0.4963709679430732,0.9813293591927565,0.9273222795243254,0.9954313746447171,0.5479608882589646,0.5479608882589646,0.7177492753181424
00843-DYehNKdT76V,0_1_396,221,glass,0_1,-5.837605236780089,1.3011232726211865,0.6715703120548389,0.5830934032563349,0.9857612051399147,0.9212164939840131,0.997684560490141,0.6435932033472592,0.6435932033472592,0.9303732741910632
00843-DYehNKdT76V,0_1_397,326,partial,0_1,-5.653734245658592,0.5423395280210727,-2.5894317739101815,0.2482529952222035,0.9882068367663513,0.9310983899414647,0.9946796349725117,0.2712488095935481,0.7942007070664858,0.2712488095935481
00843-DYehNKdT76V,0_1_398,326,partial,0_1,-5.611912139640304,0.48301450898905346,-2.852121510633519,0.2433088628157262,0.9535926188517243,0.920885544733707,0.9950060909085748,0.27846053485503575,0.815605361469497,0.27846053485503575
00843-DYehNKdT76V,0_1_399,326,partial,0_1,-2.584647508777626,0.17373941916697336,0.17836643058109491,0.1277254391818181,0.9660771744979387,0.9391703183764335,0.9628960349652188,0.14619813298173406,0.7276958232794452,0.14619813298173406
00843-DYehNKdT76V,0_1_4,326,partial,0_1,0.24472786711040134,1.3002371733221705,-6.167224036957531,0.4886666641991767,0.977018013202385,0.9262680881266632,0.9980518003067135,0.541028767820873,0.799922358031859,0.541028767820873
00843-DYehNKdT76V,0_1_40,326,partial,0_1,-1.752155547017849,1.5692183731688916,-6.23875948479098,0.34591986072978886,0.9203872724695312,0.9461503274858085,0.9966796941967324,0.3985558046851814,0.8883867047013219,0.3985558046851814
00843-DYehNKdT76V,0_1_400,364,prop,0_1,-5.004972844841046,1.368138984435102,-3.000170029759728,0.5374175154252746,0.9915531854112336,0.9431087124825808,0.993243736277643,0.5785997089918359,0.5785997089918359,0.9509700639462475
00843-DYehNKdT76V,0_1_401,221,glass,0_1,-5.638069156923143,1.6989112004145224,0.7529499514656293,0.6742086797686492,0.9812071520661549,0.9366725586328526,0.998826618067613,0.7344389983948003,0.7344389983948003,0.9960722248042346
00843-DYehNKdT76V,0_1_402,221,glass,0_1,-4.6004004366277425,1.0333383002542562,0.746692833601945,0.8097911901797048,0.9893277841463983,0.9421317206808799,0.9986535879811193,0.8699741507992719,0.8699741507992719,0.9944261530827218
00843-DYehNKdT76V,0_1_403,478,tile,0_1,-4.125435886261343,0.0024906349422525753,-0.8803251105210688,0.8051445863544245,0.9780398933460065,0.9313659738767006,0.9975082834245577,0.8860952922125719,0.8860952922125719,0.9999416751163861
00843-DYehNKdT76V,0_1_404,478,tile,0_1,-4.893255028349753,0.001328211292576162,-1.2113508074198156,0.8444057804330534,0.9924929807969028,0.9357074732530399,0.9975995582271517,0.9114385792860089,0.9114385792860089,0.9998923862180921
00843-DYehNKdT76V,0_1_405,478,tile,0_1,-3.960250884797269,0.0031833304739972714,0.0025344824026273037,0.7980831935967885,0.9683218729474895,0.9339978039147139,0.998086431082574,0.8841265180812474,0.8841265180812474,0.9997582248845509
00843-DYehNKdT76V,0_1_406,221,glass,0_1,-5.797445303728437,0.40305475860412615,0.7720576245563177,0.5081665386599072,0.9496688839646095,0.9389112649875819,0.9978676475447896,0.5711318290917125,0.5711318290917125,0.9070891178203067
00843-DYehNKdT76V,0_1_407,82,cardboard,0_1,-6.022678196162694,1.2719918117564302,-1.208400348800594,0.33869417038184607,0.9962397972298491,0.9398409389091207,0.9954438277359804,0.36338978761776375,0.6781817083841458,0.36338978761776375
00843-DYehNKdT76V,0_1_408,478,tile,0_1,-4.805138987637715,0.003603276623102356,0.11524466724759208,0.8135620551477947,0.9810252228013653,0.9171556050236521,0.9983771169574651,0.905676018936072,0.905676018936072,0.9997132393989417
00843-DYehNKdT76V,0_1_409,478,tile,0_1,-5.098345173839228,0.004669045322022763,0.473774184886539,0.8077233985847647,0.9623438044259414,0.9087990303885911,0.9984374873741685,0.9250041380646132,0.9250041380646132,0.9995654114844478
00843-DYehNKdT76V,0_1_41,326,partial,0_1,-2.860873591858376,0.6832916686419986,-4.658645550592456,0.018112644319493564,0.9564920398416932,0.8987550674612226,0.9600550722549631,0.021946385334726762,0.5715475489092452,0.021946385334726762
00843-DYehNKdT76V,0_1_410,221,glass,0_1,-4.283115583659689,1.522692056273565,0.7281493208937239,0.7284917093432146,0.9870348195172964,0.9310983310634267,0.9989629851430208,0.793500482961457,0.793500482961457,0.9961757575704946
00843-DYehNKdT76V,0_1_411,221,glass,0_1,-5.675659886344084,0.4054542783847844,0.7717139720262054,0.5732467880227524,0.9841904293664907,0.9342069484827479,0.9975173077285006,0.6250272606370507,0.6250272606370507,0.9482920371342534
00843-DYehNKdT76V,0_1_412,221,glass,0_1,-3.6047100189865118,0.9017010403963909,0.6618286420934563,0.5917997690057732,0.9695539047228224,0.9111616429974181,0.9971172191599303,0.6718327742951499,0.6731931615806483,0.6718327742951499
00843-DYehNKdT76V,0_1_413,221,glass,0_1,-3.9583180789659647,1.1301530277947118,0.7490941303406549,0.683325952036724,0.9698969530178244,0.9171065302865032,0.9985348147897075,0.7693417884934288,0.7693417884934288,0.9884358978701813
00843-DYehNKdT76V,0_1_414,221,glass,0_1,-4.828801812915903,1.4585234390878252,0.749782550757003,0.6686415158623267,0.9116583489904216,0.9140439988909278,0.9989184391150656,0.8032747085618596,0.8032747085618596,0.9965244228683532
00843-DYehNKdT76V,0_1_415,221,glass,0_1,-4.930248485419133,1.7201666776467177,0.7509696627554499,0.7468857357001498,0.9845262388380068,0.9337458730655863,0.9989145927490795,0.8133356658878595,0.8133356658878595,0.9959628830715205
00843-DYehNKdT76V,0_1_416,221,glass,0_1,-4.19784235647031,0.2866086398479886,0.8299186319775327,0.6503808641161339,0.9870646792753707,0.9366480361492067,0.9978763588076057,0.7049673161512331,0.7049673161512331,0.9663996174864319
00843-DYehNKdT76V,0_1_417,478,tile,0_1,-4.6882054125694435,0.0045965857889142476,0.45858187580288906,0.835000379843176,0.9854229747174229,0.935670852958238,0.9980355704840298,0.9073918382081508,0.9073918382081508,0.999649253608777
00843-DYehNKdT76V,0_1_418,221,glass,0_1,-4.255556132195418,0.7047670558888992,0.7504243694707072,0.7067822018810074,0.9882002627217723,0.9395940841271705,0.9983699446738951,0.7624456088364627,0.7624456088364627,0.9866606713023925
00843-DYehNKdT76V,0_1_419,478,tile,0_1,-2.6943974769787684,0.00013897275965121396,-0.06038681423299252,0.7931885852905542,0.9910450099407958,0.935660275512946,0.9974051404812487,0.8576168060322316,0.8576168060322316,0.9996505569810418
00843-DYehNKdT76V,0_1_42,326,partial,0_1,0.08507803917825421,0.001276017143931869,-3.707725798631241,0.3377438315246434,0.9384594476296647,0.9049551422525082,0.9917530338668782,0.40099718625791286,0.6161270852051488,0.40099718625791286
00843-DYehNKdT76V,0_1_420,244,handle,0_1,-3.0955130829609034,0.32709044956172656,-1.577754453396558,0.013391000961023044,0.9825936513287681,0.9419819677385479,0.9792284799116551,0.014774488767801616,0.5073414058073819,0.014774488767801616
00843-DYehNKdT76V,0_1_421,480,tissue,0_1,-3.0711496958364846,0.355130927304594,-1.4114702776414523,0.5113046898796936,0.9915508807321378,0.9451217905513355,0.9945568613361638,0.5485893566251417,0.5485893566251417,0.7308514736246554
00843-DYehNKdT76V,0_1_422,221,glass,0_1,-4.112224460672903,1.5284914288977505,0.7461543014878187,0.7553836645469678,0.9751313714203851,0.9328923422190194,0.9990256083896997,0.8311823477944869,0.8311823477944869,0.9952203482143271
00843-DYehNKdT76V,0_1_423,221,glass,0_1,-4.067193446308041,0.6738158494636556,0.7518039959181964,0.6753300408720478,0.9917007479247412,0.9334066282640537,0.9981311673858284,0.7309319244234904,0.7309319244234904,0.9796219586651975
00843-DYehNKdT76V,0_1_424,478,tile,0_1,-3.143265678811325,0.003802107580528376,-1.1369142948515638,0.8062413578088578,0.9930778390696365,0.9417714038422867,0.9975243374519798,0.8641970554907914,0.8641970554907914,0.9999436248938878
00843-DYehNKdT76V,0_1_425,478,tile,0_1,-4.26882923886302,0.0029923871532335647,0.09421397710674445,0.7914740661064801,0.9528520402233873,0.917252689754415,0.9982546174005841,0.9071537479811138,0.9071537479811138,0.9998166746397149
00843-DYehNKdT76V,0_1_426,478,tile,0_1,0.35565491743866745,0.0009707205176985352,-1.946314161005445,0.7712121688733463,0.9235672164364022,0.8980147762255776,0.9986828233124971,0.9310956593256373,0.9310956593256373,0.9992147560660406
00843-DYehNKdT76V,0_1_427,326,partial,0_1,0.5367108955188478,0.232265110919559,-0.9654525233282701,0.00011447655809517003,0.979121590211704,0.9286009717101544,0.9899974716140356,0.00012717938393407634,0.6612051065070801,0.00012717938393407634
00843-DYehNKdT76V,0_1_428,273,knife,0_1,-1.9446437137405,0.4882974813886704,-0.9384373136829278,0.015331977922998527,0.9504784226384762,0.9173926681949583,0.9634444529325344,0.01825046682009075,0.5110623184863418,0.01825046682009075
00843-DYehNKdT76V,0_1_429,320,panel,0_1,0.5153720853247971,2.758690719220531,-0.8355430398620826,0.5679024612734793,0.9939725392920908,0.949394733205156,0.9939954447027457,0.6054358764373102,0.6054358764373102,0.999999384347374
00843-DYehNKdT76V,0_1_43,87,cat,0_1,-0.30804726668452376,-0.002901809896184,-6.313849994165127,0.6169293000746353,0.9578573671547751,0.9386031909532351,0.9900292851211923,0.6931137036070417,0.6931137036070417,0.8747469177141898
00843-DYehNKdT76V,0_1_430,478,tile,0_1,-1.6254079514189836,0.000373300647649679,0.11226336207924753,0.8001313531489056,0.9570365891179271,0.8941450420496504,0.9982717269731833,0.9366471212935618,0.9366471212935618,0.9994559933741339
00843-DYehNKdT76V,0_1_431,478,tile,0_1,-1.8455536391081202,6.194224131773497e-05,-0.3327832548149436,0.8060809291308734,0.943989206654412,0.9206609313295415,0.9978060349095751,0.9295350649265073,0.9295350649265073,0.9992174784665697
00843-DYehNKdT76V,0_1_432,93,ceiling chassis,0_1,0.017364455586438256,2.8900094631455113,-0.25623559110304345,0.6295101482734085,0.9589506243517852,0.9050680758232502,0.9969361820870132,0.7275416903752232,0.7275416903752232,0.8898189123717447
00843-DYehNKdT76V,0_1_433,187,flag,0_1,1.818895915172279,2.874030759760902,1.3061395883174043,2.1506601644567396e-06,0.9770064520457434,0.903057041840335,0.8952963327566862,2.7226534749226397e-06,0.5155605864960352,2.7226534749226397e-06
00843-DYehNKdT76V,0_1_434,93,ceiling chassis,0_1,1.1057556256193142,2.881032359812941,-1.5609410057965654,0.4984506720623946,0.9419150228962052,0.915643226413628,0.9956970798504267,0.5804394765657875,0.5804394765657875,0.8971646318785228
00843-DYehNKdT76V,0_1_435,316,overhang,0_1,0.7391938724147148,2.8113341131470344,0.6219531447842783,0.6631785983681141,0.9844767890757684,0.943811053902861,0.9786193668497795,0.7293334889043191,0.7293334889043191,0.8142717141277792
00843-DYehNKdT76V,0_1_436,384,safe,0_1,-1.6717650663175128,0.6998481372199489,0.661264147836659,0.5248138719004652,0.9543120782564608,0.9124860729183955,0.9978399164389256,0.6039872455630695,0.6039872455630695,0.9376789330476076
00843-DYehNKdT76V,0_1_437,326,partial,0_1,0.7448340525579261,2.0803830454891807,-2.3664954723386464,0.5053513131845206,0.9365946414869558,0.9212210645261654,0.9921499608818489,0.5903377426869506,0.5903377426869506,0.670443465045174
00843-DYehNKdT76V,0_1_438,320,panel,0_1,0.525202878302363,0.9510535956869508,-0.8958689552226671,0.5197158016373998,0.9830626154244656,0.9492579773117595,0.9908523367719705,0.5620714772624535,0.5620714772624535,0.9999943229701078
00843-DYehNKdT76V,0_1_439,326,partial,0_1,0.5286038591429744,0.5486755584490577,-0.840582820518578,7.802531811185014e-06,0.9870778436694082,0.948019001542812,0.990459161420997,8.41841882793703e-06,0.5857856275243813,8.41841882793703e-06
00843-DYehNKdT76V,0_1_44,364,prop,0_1,-4.990094997199199,0.9653668436277024,-2.1509635635623248,0.5054789469800974,0.8301645143578449,0.9476841566527809,0.9916181986953182,0.6479340418487671,0.6479340418487671,0.9868349404285317
00843-DYehNKdT76V,0_1_440,326,partial,0_1,0.4214448478520484,0.814682453275839,-0.8081528458489677,3.6817263859921586e-05,0.9700531617744066,0.9187801812437852,0.9848361199155515,4.1945018227895646e-05,0.5755425459892686,4.1945018227895646e-05
00843-DYehNKdT76V,0_1_441,384,safe,0_1,0.06494009940457146,1.4565217707178963,0.6104487297276666,0.5137725940963438,0.9566998724278207,0.9235022643409547,0.994821919480427,0.5845368673448468,0.5845368673448468,0.7280208042578706
00843-DYehNKdT76V,0_1_442,38,bench,0_1,-0.7035101864940639,0.5288263405739293,-2.6421617678123455,0.5568106901389253,0.9719297564814138,0.9171112632911522,0.9984427750168912,0.6256442826399423,0.6256442826399423,
00843-DYehNKdT76V,0_1_443,93,ceiling chassis,0_1,-0.31221836275160764,2.8880639664166465,-4.186594500180867,0.7876240842024854,0.9715122760220576,0.9169752358082879,0.9965349004610643,0.8871980421623581,0.8871980421623581,0.9590688345248807
00843-DYehNKdT76V,0_1_444,221,glass,0_1,-1.638875358576994,0.15701027162957099,-6.240085810486934,0.029634225106648142,0.9879464825494255,0.9428676954110992,0.9982780044209234,0.03186822669479902,0.6277587046045028,0.03186822669479902
00843-DYehNKdT76V,0_1_445,326,partial,0_1,-0.9355667048724189,0.531799098441196,-4.603429134098395,0.03610284934014513,0.9930919171076771,0.9291705261612009,0.9572407295700266,0.04087289856972233,0.6646417397327554,0.04087289856972233
00843-DYehNKdT76V,0_1_446,478,tile,0_1,-0.004753196293751664,0.0019390780503486331,-3.373362771699001,0.882770750737588,0.9831312894436256,0.9393687408472227,0.9983787625603525,0.9574254738388881,0.9574254738388881,0.9984415940759678
00843-DYehNKdT76V,0_1_447,326,partial,0_1,0.7946242971445537,1.425715374581627,-2.395890975112253,0.45478049623492967,0.9903551804446554,0.9445970045220295,0.9945721174631295,0.4887964125148598,0.6568552536978473,0.4887964125148598
00843-DYehNKdT76V,0_1_448,326,partial,0_1,0.5933524778944937,2.230575134876269,-3.729631826343333,0.21643538825726516,0.99389679639664,0.9337214509440013,0.9977170015612548,0.23375573336888988,0.6235017695348563,0.23375573336888988
00843-DYehNKdT76V,0_1_449,326,partial,0_1,0.8312705749601286,1.4908559610503767,0.09550912895369933,0.4492710361923956,0.9961775251621907,0.9333283281248334,0.9764047655401747,0.4948884793004597,0.504422226876449,0.4948884793004597
00843-DYehNKdT76V,0_1_45,82,cardboard,0_1,-0.751009965992165,0.46995034929839574,-2.910533024191747,0.28626479946059996,0.9673655955373442,0.9154781313747429,0.9994872606468825,0.3234089789105988,0.9789927449350034,0.3234089789105988
00843-DYehNKdT76V,0_1_450,478,tile,0_1,0.699909418872654,0.0013270214629290736,-2.027208717211497,0.8105293135256387,0.9139447953363861,0.9264181746071279,0.9983252379307805,0.9588918894451056,0.9588918894451056,0.9986382590937867
00843-DYehNKdT76V,0_1_451,326,partial,0_1,0.7901743821465154,0.07704896797109262,-2.404285839662728,0.2945161069071877,0.974022436009298,0.9314403069843352,0.9961330294797616,0.3258875147101374,0.627533304724991,0.3258875147101374
00843-DYehNKdT76V,0_1_452,326,partial,0_1,-0.6057730968818661,0.0029943755548151475,-3.6545682599254055,0.3114540808458658,0.9782128563528049,0.9363186659281952,0.9857334346999445,0.34496695125204047,0.5800687137361014,0.34496695125204047
00843-DYehNKdT76V,0_1_453,93,ceiling chassis,0_1,-1.2740758048439744,2.8905474658239756,0.341696921333651,0.4876118652138479,0.9660876609221226,0.9033515995320669,0.9943850749134779,0.5618835460247971,0.5618835460247971,0.7013079447725129
00843-DYehNKdT76V,0_1_454,221,glass,0_1,-3.685797501900125,1.1424182132098164,0.6616061881990704,0.6016172585263495,0.955378919839859,0.9362619557223599,0.9969991176415358,0.6746095444907249,0.6746095444907249,0.7359606940517317
00843-DYehNKdT76V,0_1_455,326,partial,0_1,0.7440539333942193,1.5556011331389874,-0.4835076089667898,0.15540899867317334,0.9543563081090995,0.9233619770915619,0.9967411312729555,0.17693398000817476,0.74537557082526,0.17693398000817476
00843-DYehNKdT76V,0_1_456,326,partial,0_1,0.755262846118327,1.7993818723685997,-0.9138068001446635,0.32089235961636103,0.9661588773584774,0.9172812379354035,0.9957044900408843,0.3636451938123497,0.7896713338609314,0.3636451938123497
00843-DYehNKdT76V,0_1_457,326,partial,0_1,0.7423425927715497,1.7900420099941587,-0.7257476239274725,0.25463488567336656,0.94778052784437,0.8924538602525657,0.9960073856824485,0.3022468544776984,0.519117280331492,0.3022468544776984
00843-DYehNKdT76V,0_1_458,478,tile,0_1,0.5703313299400484,0.0014669412533967372,-2.224965617415208,0.8550552968439044,0.9604778837951848,0.917905665578256,0.9987017443223069,0.9711201682738747,0.9711201682738747,0.9991971016546222
00843-DYehNKdT76V,0_1_459,93,ceiling chassis,0_1,-2.1019474434963197,2.5623881277132035,-5.488781472994903,0.4110329527092362,0.9363561870030883,0.9051240554074695,0.9968620941948132,0.4865106671255198,0.6607720256289866,0.4865106671255198
00843-DYehNKdT76V,0_1_46,326,partial,0_1,-5.792692698973284,0.7819169638683738,-3.6511625354730683,0.16940794475789245,0.9343635708155731,0.9160188473512197,0.9941839227770479,0.19908875497080836,0.8008051597268894,0.19908875497080836
00843-DYehNKdT76V,0_1_460,230,grass,0_1,-4.570127964202296,0.7426281762264789,-6.587870246953607,0.6458594307162695,0.9406012058926503,0.8758930421507541,0.9986653354496439,0.7849851163428812,0.7849851163428812,0.9998769994098694
00843-DYehNKdT76V,0_1_461,93,ceiling chassis,0_1,-0.5692202503866531,2.8843371842038557,-2.012339841619306,0.7776622435175289,0.9739088386094925,0.9139159504207639,0.9983447641813744,0.8751568672536544,0.8751568672536544,0.8951980171329723
00843-DYehNKdT76V,0_1_462,364,prop,0_1,-0.44718641283484206,0.011835315126408105,-3.742519322621142,0.00014453856589032653,0.9418686537947638,0.8993247118650758,0.9753604323971826,0.00017494910986588249,0.5534027041425235,0.00017494910986588249
00843-DYehNKdT76V,0_1_463,478,tile,0_1,-1.0030189583736437,0.001753896847540321,-2.4170593151873434,0.7940773452630729,0.9620087899239452,0.9095764727198637,0.9981595634758761,0.9091689081916956,0.9091689081916956,0.9962282006134414
00843-DYehNKdT76V,0_1_464,545,wood,0_1,-5.5422299319477695,2.339869775272289,-3.7221774279834143,0.00014587158772267465,0.973093248881956,0.9953901265582192,0.9813790665395639,0.00015345679795974193,0.5152866985025556,0.00015345679795974193
00843-DYehNKdT76V,0_1_465,326,partial,0_1,0.6607046771394537,1.5358556204741023,-2.393169495080309,0.47996419957802755,0.9561196333615395,0.9237957466283733,0.9938828604436127,0.5467457915320071,0.6961971398878952,0.5467457915320071
00843-DYehNKdT76V,0_1_466,481,title,0_1,-1.770001604781719,0.10246292522956675,-1.8244934299669842,0.5141088465631902,0.9503941876819575,0.892817000484917,0.9959408764333356,0.6083524994331881,0.664038407107923,0.6083524994331881
00843-DYehNKdT76V,0_1_467,545,wood,0_1,-6.010347986683714,1.118098287567737,-1.8563163489720154,0.0004367756951717965,0.9770641933007673,0.9239519136338816,0.9897750748487422,0.0004888205817006824,0.5944704403243263,0.0004888205817006824
00843-DYehNKdT76V,0_1_468,478,tile,0_1,-0.7040959414426792,-7.530068663665059e-05,0.011328414748668563,0.8107172505658466,0.9818552593390146,0.9002264376555527,0.996832578909489,0.9201273860054198,0.9201273860054198,0.9951460053442527
00843-DYehNKdT76V,0_1_469,478,tile,0_1,0.2860110519419605,0.0002960718729184522,0.46473855488188526,0.7521538396099978,0.933320234316694,0.9100242980386841,0.9959827187132078,0.8891421612501647,0.8891421612501647,0.9405886283104133
00843-DYehNKdT76V,0_1_47,82,cardboard,0_1,-1.3542342556696574,0.0013445727672742758,-2.9539906351983665,0.21826759452509525,0.9555656875413474,0.9310879891509114,0.9976707414349721,0.24589559863429128,0.7662012185553206,0.24589559863429128
00843-DYehNKdT76V,0_1_470,480,tissue,0_1,-2.281726300247561,0.6187063250808973,-1.3559450994653286,0.5604561542729208,0.9699943322523077,0.9130069872143323,0.9899227033469619,0.6392887470391647,0.6392887470391647,0.6675241571444345
00843-DYehNKdT76V,0_1_471,157,door screen,0_1,-1.5646026731823999,2.465931913774664,0.6607498208411868,0.20668926049442166,0.9939923349997591,0.9228239798167677,0.9980069662780983,0.22577842128498585,0.6948391655282004,0.22577842128498585
00843-DYehNKdT76V,0_1_472,384,safe,0_1,-1.1987751483556832,0.22537746724327892,0.7014511545293544,0.5168677799943433,0.9788572068321677,0.9203619037563346,0.9964285547419685,0.5757783347252561,0.5757783347252561,0.829776218942163
00843-DYehNKdT76V,0_1_473,157,door screen,0_1,-1.1548969610247406,2.2219977435282985,0.7037545395612841,0.5018916892274479,0.9628667152879408,0.9102321780701836,0.9976321044008687,0.5740123404689161,0.8129400960773625,0.5740123404689161
00843-DYehNKdT76V,0_1_474,384,safe,0_1,-1.298181807102413,1.2835028679760407,0.628793818610403,0.48432881171051284,0.9677328230200165,0.927390492510168,0.997601619390345,0.540959869839413,0.540959869839413,0.906475337920243
00843-DYehNKdT76V,0_1_475,221,glass,0_1,-2.272747967899188,1.1328210853650944,0.6620188351901632,0.6787348297328595,0.985216281015394,0.9218752148120207,0.9960266408152705,0.7502836149846647,0.7502836149846647,0.926645593566431
00843-DYehNKdT76V,0_1_476,478,tile,0_1,-2.5457883856370436,0.0023005843354077767,0.5664293660274425,0.7750643996974766,0.9838867294159752,0.9210177866772311,0.9980084084744788,0.8570190363807213,0.8570190363807213,0.9990364581258906
00843-DYehNKdT76V,0_1_477,326,partial,0_1,-2.672202937058625,1.1467734921979214,0.6611974504100842,0.5017666204955625,0.9742997259135192,0.9291225323489516,0.9903665722763264,0.559680558229171,0.559680558229171,0.5901057217648055
00843-DYehNKdT76V,0_1_478,221,glass,0_1,-1.9280678703636176,1.2199381574702466,0.661358815724702,0.6317938124623337,0.9696272322711524,0.9337211998631144,0.9967354771468087,0.7001215216619217,0.7001215216619217,0.9216508601991993
00843-DYehNKdT76V,0_1_479,221,glass,0_1,-1.8773254623066153,0.4179085950521836,0.662050956203714,0.576927871024307,0.9841461062573634,0.9275791382209806,0.9969267429318526,0.6339393680799489,0.6809054075446264,0.6339393680799489
00843-DYehNKdT76V,0_1_48,326,partial,0_1,-2.595126808184523,0.6212172313390875,-2.00724032683432,0.0008263612830438366,0.9809737855362363,0.9136362654386947,0.9277446979085441,0.00099382690172468,0.6051037683991383,0.00099382690172468
00843-DYehNKdT76V,0_1_480,221,glass,0_1,-1.9412010992284048,1.9155397853290228,0.6615139806095511,0.46253164768772614,0.9677861678262807,0.9306861721388305,0.9958628483128433,0.5156550209900826,0.5156550209900826,0.7156454895717271
00843-DYehNKdT76V,0_1_481,326,partial,0_1,-2.355964629312594,1.1999137289109276,0.2032485794392952,0.13544693955740972,0.9988493906127083,0.8963619770154514,0.9752649883256799,0.15511833277237738,0.7024730272504315,0.15511833277237738
00843-DYehNKdT76V,0_1_482,384,safe,0_1,-1.5919304554549178,1.3210716779757397,0.657353556982068,0.6989985725214016,0.9823556439008921,0.9193259706752698,0.9983757752452666,0.7752539372714252,0.7752539372714252,0.9690851880569061
00843-DYehNKdT76V,0_1_483,478,tile,0_1,-3.3809529924921713,0.0034761942376655896,-0.04763076140708804,0.7969862766802547,0.9878173485288726,0.9440017095391116,0.9979254544176147,0.8564525621010712,0.8564525621010712,0.9998222540225578
00843-DYehNKdT76V,0_1_484,221,glass,0_1,-2.3779861523926904,2.039313584775541,0.6618379581636281,0.6398011994151533,0.9757927132467938,0.9389030974878898,0.9972762837105251,0.7002469344215195,0.7002469344215195,0.9607613370106073
00843-DYehNKdT76V,0_1_485,326,partial,0_1,-5.916994015967945,0.4387322926496293,0.7051131138052852,0.49232736573730723,0.9729718647845156,0.9283969077701508,0.9963378595324934,0.5470328107530555,0.8213219535679619,0.5470328107530555
00843-DYehNKdT76V,0_1_486,480,tissue,0_1,-2.4350660110950035,0.6481959146882728,-1.6595867356242615,0.6304616223167203,0.9882582837167909,0.9428457543104647,0.9193118105773478,0.7360116734208374,0.7360116734208374,0.936065700186601
00843-DYehNKdT76V,0_1_487,276,ladder,0_1,-5.519384346895875,2.169158470183229,-3.4390356150399723,0.46489453946460924,0.9705244808134614,0.9155564614982923,0.9719357069841142,0.5383011169154204,0.5383011169154204,0.9999195738553825
00843-DYehNKdT76V,0_1_488,276,ladder,0_1,-5.194658582555338,1.592815153089241,-2.6098877959440148,0.6677656272304539,0.9835072395284021,0.9189578532621974,0.9917984117453776,0.7449506393222869,0.7449506393222869,0.9998311181253928
00843-DYehNKdT76V,0_1_489,545,wood,0_1,-5.565496834752138,2.5238143667107957,-4.000427306320897,0.0002915335020741152,0.9616348679576601,0.9451823774001212,0.980463839378146,0.00032713805769129443,0.5576806817098269,0.00032713805769129443
00843-DYehNKdT76V,0_1_49,326,partial,0_1,-6.037303979343998,0.13089125194677098,-3.1399736566755023,0.39970667126908815,0.9713503895517414,0.9371962705758853,0.9929130856504135,0.4422050441112855,0.721302703268154,0.4422050441112855
00843-DYehNKdT76V,0_1_490,326,partial,0_1,-5.525379890156142,0.018199742059649984,0.7055631895126564,0.5210822585277741,0.9921653883324729,0.9359817723857283,0.9965730872469885,0.5630483216580356,0.8368013883903895,0.5630483216580356
00843-DYehNKdT76V,0_1_491,478,tile,0_1,-2.7642060864603186,0.0005061548917485427,-0.22097989155627729,0.7784295615747707,0.9822248995304108,0.9258105830768015,0.997306639927275,0.8583363983336216,0.8583363983336216,0.999467949951498
00843-DYehNKdT76V,0_1_492,326,partial,0_1,-6.039821010602749,1.348075793406346,-4.726777568191472,0.01318732302738463,0.9899465245662042,0.9293760140266856,0.9967360816186094,0.014380476263371978,0.5517044232001344,0.014380476263371978
00843-DYehNKdT76V,0_1_493,478,tile,0_1,-3.9666984301514656,0.002755092223160374,-2.958390001385033,0.5288509251279896,0.9832347474750465,0.9192524725646563,0.9969243186415471,0.5869201954030379,0.5869201954030379,0.99891420683613
00843-DYehNKdT76V,0_1_494,478,tile,0_1,-4.409206354033146,0.0032245726236143375,0.22414638835527811,0.814383417789505,0.9750884481611454,0.9213219650207399,0.9982048817422773,0.9081420722485338,0.9081420722485338,0.9997912701212669
00843-DYehNKdT76V,0_1_495,545,wood,0_1,-5.40404787276373,1.2176064575372492,-2.0542336443503824,2.7407442701367322e-05,0.7957799280421776,0.9133534935379402,0.9920583047653904,3.801013768656856e-05,0.558971645740969,3.801013768656856e-05
00843-DYehNKdT76V,0_1_496,221,glass,0_1,-3.761324146920982,0.7280415196225302,0.6618612578228633,0.627845855107061,0.9703226354276693,0.9359475979720614,0.9977733393908599,0.6928726832669547,0.6928726832669547,0.8444892629084036
00843-DYehNKdT76V,0_1_497,221,glass,0_1,-4.620173725137683,1.9102731521498955,0.7508182632831747,0.6958138545423522,0.9678057815958321,0.8972317280202251,0.9989148610941795,0.8021798756391467,0.8021798756391467,0.9916612290838573
00843-DYehNKdT76V,0_1_498,316,overhang,0_1,-4.984001489822151,0.5978914677450402,-1.1614035799205207,0.0022934544397671297,0.9719268624465186,0.91451608503729,0.9900658959596405,0.0026061600442721347,0.5601870992143942,0.0026061600442721347
00843-DYehNKdT76V,0_1_499,82,cardboard,0_1,-6.023258418274813,1.036830722156951,-1.5875806305239732,0.21025956383149616,0.9845086303245053,0.9039098978841471,0.9953232260848021,0.23738154442599418,0.7059839676361467,0.23738154442599418
00843-DYehNKdT76V,0_1_5,93,ceiling chassis,0_1,-2.5374395594008714,1.2663494734654597,-6.1166853774939876,0.4108223508128212,0.9717953122368314,0.9270481485968426,0.9969395349366752,0.45741263182996117,0.6718613064846748,0.45741263182996117
00843-DYehNKdT76V,0_1_50,481,title,0_1,-2.0213685005267026,0.367950653401476,-1.5547245506468235,0.423347589965104,0.8995654442986935,0.9391863317821885,0.9979349621854272,0.5021232438477957,0.5021232438477957,0.5463878572618857
00843-DYehNKdT76V,0_1_500,326,partial,0_1,-5.879786651792279,1.7416013984340732,0.6312714925522314,0.2983121076442582,0.9848839632923356,0.9310557510976243,0.9962496975392761,0.32654416284942,0.696010463807586,0.32654416284942
00843-DYehNKdT76V,0_1_501,326,partial,0_1,-6.020591639730671,1.8939601462163582,0.2620436935937819,0.08992623342821128,0.9846321083492823,0.9307145212400043,0.9923462322398262,0.09888551836799099,0.5662492380766165,0.09888551836799099
00843-DYehNKdT76V,0_1_502,326,partial,0_1,-6.02002246342153,1.0315880148868954,0.12195109702670169,0.046989346360542285,0.7182677249368439,0.8878871352495528,0.9912809252898724,0.07432904262342171,0.5182885002857951,0.07432904262342171
00843-DYehNKdT76V,0_1_503,326,partial,0_1,-6.019127662253677,0.5107629967563742,-0.07944499331280641,0.0322379682999526,0.9329603348006386,0.9240752575475673,0.9942244165132869,0.03761081267029584,0.5157204418699209,0.03761081267029584
00843-DYehNKdT76V,0_1_504,82,cardboard,0_1,-6.023050477496756,1.1666067360859715,-1.1403733836560352,0.3432026471941774,0.9007080321870863,0.9999999999999987,0.9952134361025414,0.3828691399125646,0.6466688737169705,0.3828691399125646
00843-DYehNKdT76V,0_1_505,82,cardboard,0_1,-6.0168310470774795,1.2689263075528836,-0.32379015928244664,0.3452447317495069,0.9871552600551311,0.9251310381361688,0.994290597626992,0.3802112927737409,0.5484008675539399,0.3802112927737409
00843-DYehNKdT76V,0_1_506,326,partial,0_1,-4.753009329894984,1.3367608449259878,-6.59085789432703,0.004513611380814486,0.9736380906902787,0.9227030734659971,0.992781331156795,0.005060705195007866,0.7931201819918829,0.005060705195007866
00843-DYehNKdT76V,0_1_507,82,cardboard,0_1,-5.522675199552011,1.7929197103034382,-2.8838043266206714,3.7790030937532938e-06,0.9547678197729613,0.9213834076652461,0.9890245934546201,4.343421696515844e-06,0.5321298047683187,4.343421696515844e-06
00843-DYehNKdT76V,0_1_508,545,wood,0_1,-5.660885221727273,1.2470724800033803,-2.0608574502887618,0.00031062518533172753,0.9438375973241525,0.9345064878887328,0.9907939715556036,0.00035544606901921746,0.6664453328786325,0.00035544606901921746
00843-DYehNKdT76V,0_1_509,276,ladder,0_1,-5.474041861229532,1.987027815843543,-3.1645557822746095,0.5678977560020985,0.9912501490937016,0.938586374446736,0.9775860886164809,0.6243924297476164,0.6243924297476164,0.9998236353594646
00843-DYehNKdT76V,0_1_51,134,cushion,0_1,-2.5717985926097113,0.63850603166889,-3.1023588518708647,0.8014987066552283,0.9323722916787028,0.8993007950618863,0.9986318654797743,0.9572008376156744,0.9572008376156744,0.9939861632190599
00843-DYehNKdT76V,0_1_510,545,wood,0_1,-5.787947583739829,0.48137205501760016,-0.9331942558525672,0.004401181523042869,0.9559182443108541,0.9163101030535734,0.9819016518440616,0.0051172668522265164,0.8991415765082754,0.0051172668522265164
00843-DYehNKdT76V,0_1_511,82,cardboard,0_1,-5.419971226295981,1.3842115779018935,-2.332701302167071,3.1991966801677154e-05,0.9692782109005635,0.9182203186156781,0.98998807584883,3.630911203332344e-05,0.6581774034726056,3.630911203332344e-05
00843-DYehNKdT76V,0_1_512,250,heater,0_1,-3.840195482750804,2.7230068685758084,-5.121053897851444,0.17904365067842543,0.9662180727077704,0.9182542870213677,0.9963539364059875,0.2025383009275169,0.8609183938954577,0.2025383009275169
00843-DYehNKdT76V,0_1_513,545,wood,0_1,-5.065412518563768,1.3868865699006483,-2.315488819019784,2.1334295182245098e-05,0.9465718027204275,0.9029807838960024,0.9932296306020593,2.513023564775227e-05,0.5237280967432252,2.513023564775227e-05
00843-DYehNKdT76V,0_1_514,545,wood,0_1,-5.189585456611543,1.1227424987882688,-1.9448410241693026,0.00046042399960970545,0.9875482474277201,0.9210161183698697,0.9899251386218486,0.0005113638779311284,0.5011354163052459,0.0005113638779311284
00843-DYehNKdT76V,0_1_515,478,tile,0_1,-2.6628124282601147,0.00401187959169171,-5.7226742133349795,0.4911211226104094,0.9650556159336211,0.9236450948425713,0.9967399325138983,0.5527761346969451,0.5527761346969451,0.9819681851198746
00843-DYehNKdT76V,0_1_516,326,partial,0_1,-3.927548005225216,1.37466297491539,-6.569379539213881,0.0730131490746044,0.9735881656182067,0.9173118662345132,0.9877738303404666,0.08276586653697424,0.8099614520598457,0.08276586653697424
00843-DYehNKdT76V,0_1_517,326,partial,0_1,-3.089479051531456,1.7641681841810766,-6.156724933013252,0.47568411750987416,0.9561217257707533,0.9110278973384622,0.9979772869828321,0.5472088732858207,0.5472088732858207,0.7956486603874493
00843-DYehNKdT76V,0_1_518,326,partial,0_1,-2.8949209581231865,1.880154199330359,-6.151891709396577,0.5084472543010511,0.9437686562680759,0.9004069605411392,0.9958117795279983,0.600847493395315,0.600847493395315,0.810015269444267
00843-DYehNKdT76V,0_1_519,82,cardboard,0_1,-5.539064927658779,2.573185419107826,-4.101628396320504,5.598258211674641e-06,0.9705764941019952,0.9235485753596915,0.9843828619716408,6.3445287523708625e-06,0.5901935135160756,6.3445287523708625e-06
00843-DYehNKdT76V,0_1_52,326,partial,0_1,-2.8879472215120625,0.622674049836701,-6.1519978329836364,0.581780145173578,0.9617566931736657,0.945711041576506,0.9966091210314804,0.6418157363301502,0.6418157363301502,0.8347896155792868
00843-DYehNKdT76V,0_1_520,545,wood,0_1,-5.517028280964595,2.422327800764307,-3.9092941412863538,0.0876582435909847,0.9603006394714193,0.9130874074247965,0.9601763687468117,0.10411712798368566,0.8702213782512297,0.10411712798368566
00843-DYehNKdT76V,0_1_521,545,wood,0_1,-5.548959165078421,2.686479604529113,-4.278407324841932,0.0006109550996315016,0.9758394437709025,0.9267584601320434,0.9795191986395445,0.0006896860056413121,0.6242680912943687,0.0006896860056413121
00843-DYehNKdT76V,0_1_522,326,partial,0_1,-3.26885931172149,2.285772424686402,-6.1663683892075385,0.6069048585546389,0.9808409929657593,0.9444156572470084,0.99688275236503,0.6572260142311883,0.6572260142311883,0.8902661864001993
00843-DYehNKdT76V,0_1_523,326,partial,0_1,-2.5569721545883892,1.8968164926973383,-6.142505726600908,0.6882716157672264,0.9755673240152575,0.8973310945796256,0.9977031656066025,0.7880405159786118,0.8482084829134497,0.7880405159786118
00843-DYehNKdT76V,0_1_524,326,partial,0_1,-5.706703989610676,0.5827988912233202,-3.7042106925954026,0.1900809116482838,0.9331298670510388,0.9580224496628428,0.9933368640198028,0.21405440855847283,0.8118877284956938,0.21405440855847283
00843-DYehNKdT76V,0_1_525,82,cardboard,0_1,-4.992530261065904,2.4544230283136885,-4.315160681122394,0.12914333916945847,0.9425317603309403,0.9342262801813018,0.9940771451424268,0.14753798539472446,0.5988645439701638,0.14753798539472446
00843-DYehNKdT76V,0_1_526,326,partial,0_1,-5.001895897242363,2.8010695546278823,-4.40719164767273,0.13681887342994858,0.9379656118563898,0.9206550286727315,0.9887981888706213,0.16023393635820907,0.5185521758754229,0.16023393635820907
00843-DYehNKdT76V,0_1_527,545,wood,0_1,-5.820695547538448,2.6009970389416845,-4.066620592138119,0.24819756808558088,0.9777761251898976,0.956828832511852,0.9827176962884526,0.26995729191534834,0.7183870953425903,0.26995729191534834
00843-DYehNKdT76V,0_1_528,82,cardboard,0_1,-6.024230166613066,2.4028426642125553,-3.4337554778718826,0.252785077751882,0.9154795439949134,0.9602838217918643,0.995220902860801,0.28892404569406344,0.558001678417788,0.28892404569406344
00843-DYehNKdT76V,0_1_529,478,tile,0_1,-8.949132849329112,1.0130611995106593,-3.239598416507075,0.8122796475343026,0.982737623365993,0.9515139722297155,0.9962977297684691,0.871893977909566,0.871893977909566,0.9927457754115075
00843-DYehNKdT76V,0_1_53,326,partial,0_1,-0.34817765285016894,0.40849445327172046,-4.021748530447597,0.028682543202035136,0.9487151085428531,0.9269034005105448,0.9650419908730198,0.03379879004086823,0.5544324762338967,0.03379879004086823
00843-DYehNKdT76V,0_1_530,326,partial,0_1,-8.144212527750353,1.526698641727087,-3.1710564889823436,0.5059590200432522,0.8898394445319416,0.9117344824905731,0.989780742756269,0.6300808920013298,0.6300808920013298,0.655693298561364
00843-DYehNKdT76V,0_1_531,326,partial,0_1,-9.59004669555198,1.0001570745201755,-3.003328119916868,0.41860373348732366,0.9689409512612556,0.9738406549538013,0.9956117427450801,0.4455822424602446,0.7438705757573852,0.4455822424602446
00843-DYehNKdT76V,0_1_532,93,ceiling chassis,0_1,-7.73393247243315,1.1774232001803215,-3.2581075270284274,0.0004334525645235439,0.9816175516962742,0.9456351134277537,0.9686277826564825,0.0004820795956023637,0.7008995912193744,0.0004820795956023637
00843-DYehNKdT76V,0_1_533,316,overhang,0_1,-7.113537412337384,0.013336715403939126,-2.2467582762505,0.289456941190798,0.9959330852660868,0.9254386556005898,0.9315590758116061,0.3371287350256989,0.5665812067823742,0.3371287350256989
00843-DYehNKdT76V,0_1_534,82,cardboard,0_1,-6.734098271564847,1.1523051569475853,-4.012327943711311,0.6870902627317915,0.9639575499763507,0.9697725597324254,0.9971263814229034,0.7371159124351859,0.8597098794896726,0.7371159124351859
00843-DYehNKdT76V,0_1_535,478,tile,0_1,-5.529582428459679,0.0005642727227616437,-5.437808639161973,0.6985262492457298,0.9874385974048125,0.9349108989610299,0.996865046294202,0.7590424076221213,0.7590424076221213,0.9937745785769708
00843-DYehNKdT76V,0_1_536,316,overhang,0_1,-7.055806382958134,0.012014141137716594,-4.5432978458483495,0.22649482364217205,0.9772795251656716,0.8951808175717453,0.9615656035048864,0.2692463310701741,0.8003458502882789,0.2692463310701741
00843-DYehNKdT76V,0_1_537,273,knife,0_1,-6.730841924108345,2.102066148574968,-4.739626944381363,0.5359117831946272,0.9634957363870408,0.8672976653774502,0.9720940109550654,0.6597312620797285,0.6597312620797285,0.6724276254254632
00843-DYehNKdT76V,0_1_538,273,knife,0_1,-6.7209425221096675,1.8305617778734073,-4.730363692252345,0.398989536949028,0.9488056830885157,0.899464232918175,0.9606450546592958,0.4866731424044949,0.642914987600805,0.4866731424044949
00843-DYehNKdT76V,0_1_539,82,cardboard,0_1,-6.732388952782257,1.7874336334593148,-3.8126619166012974,0.5222221673043905,0.975603458233726,0.8918117537170638,0.997407078233931,0.6017780378562638,0.9161208786725777,0.6017780378562638
00843-DYehNKdT76V,0_1_54,326,partial,0_1,-5.839909636968763,0.7396092703501292,-4.6437071558259415,0.0357899667974363,0.8787351826826731,0.9538382149067297,0.9446861547979564,0.045200268217010675,0.5799547240540998,0.045200268217010675
00843-DYehNKdT76V,0_1_540,319,pan,0_1,-6.88761912582964,1.1785274251238131,-4.797280439330302,0.4709480969574854,0.9827531129271098,0.9459855066032241,0.9815486973495555,0.5160981288274596,0.5160981288274596,0.5973629528816258
00843-DYehNKdT76V,0_1_55,326,partial,0_1,-0.8063050761841366,0.025054476460251617,-3.2859060718561137,0.2638731793331489,0.9235845656399059,0.90677269850581,0.9432747777383697,0.33402727104069996,0.6832736671916583,0.33402727104069996
00843-DYehNKdT76V,0_1_56,203,footstool,0_1,-4.6521981713570515,0.5936302148893462,-4.943202945413673,0.48127149281092113,0.8385964654611819,0.9403718582972378,0.9916891060149298,0.6154063086148445,0.6154063086148445,
00843-DYehNKdT76V,0_1_57,87,cat,0_1,-0.9660158139364183,0.4585703523712659,-3.145450101797273,0.3228478436642471,0.9347628008035859,0.9110587127484576,0.9813677867742088,0.386294304397146,0.519279080667016,0.386294304397146
00843-DYehNKdT76V,0_1_58,273,knife,0_1,-0.359145287081904,0.6418796543053338,-3.898419866765609,0.48044812434882556,0.9236431027165296,0.9216937994543477,0.9668020754794563,0.5837381411887975,0.7744253039053994,0.5837381411887975
00843-DYehNKdT76V,0_1_59,326,partial,0_1,-0.9529749875609321,0.708084342472011,-4.609356522123376,0.2960366439093519,0.8798353380627102,0.9195788450958852,0.9880243568530337,0.3703287661186304,0.8159944688322942,0.3703287661186304
00843-DYehNKdT76V,0_1_6,326,partial,0_1,-3.18733846726117,2.342750388209567,-6.15899295686228,0.5562805921361488,0.9557076324081394,0.9214072818929089,0.9974369055038137,0.6333325083596114,0.6333325083596114,0.8789094957396671
00843-DYehNKdT76V,0_1_60,326,partial,0_1,-1.1013858487587873,0.5403538179860988,-4.369328617691898,0.004568949715549607,0.9011764946656349,0.9205624417018885,0.8804587910182403,0.006255243737430327,0.589631666343147,0.006255243737430327
00843-DYehNKdT76V,0_1_61,326,partial,0_1,-0.7320381601579278,0.6986586592154331,-2.6692085873939564,0.220874125767551,0.908798817432288,0.9326976326046695,0.9935651742008674,0.26226470937981805,0.7821366843476595,0.26226470937981805
00843-DYehNKdT76V,0_1_62,478,tile,0_1,-4.711715699863911,0.0018830374985080941,-3.099512567611075,0.742483066503916,0.9177752031107169,0.9161034155616461,0.9978941861216422,0.8849551053595696,0.8849551053595696,0.999298570751709
00843-DYehNKdT76V,0_1_63,545,wood,0_1,-3.8949670553918465,0.3702725776997218,-2.871358355824227,0.013154989362334864,0.9858522040282981,0.9259267088183989,0.9984743510336652,0.014433284248348688,0.50026085768718,0.014433284248348688
00843-DYehNKdT76V,0_1_64,326,partial,0_1,-3.0860161601246676,1.1341239941256962,0.6611964677808055,0.515311160739012,0.9680586582742932,0.946297432061243,0.9923887172260537,0.5668372670202477,0.5668372670202477,0.6309626130586634
00843-DYehNKdT76V,0_1_65,364,prop,0_1,-5.625993979267261,1.3262700014228648,-3.304520211694394,0.4746473366817624,0.9623896303793289,0.9309199356576536,0.9951566362358744,0.5323733893352719,0.5323733893352719,0.8036601535580504
00843-DYehNKdT76V,0_1_66,221,glass,0_1,-2.124618799166924,1.202587520120248,0.6618773215247288,0.6275466868362479,0.9680851273991437,0.9143921586876169,0.996225940927915,0.7116101820212014,0.7116101820212014,0.9006628599977751
00843-DYehNKdT76V,0_1_67,478,tile,0_1,-1.7853498420715679,0.007912385754340263,0.3431160383333472,0.8227755660796803,0.9582238527620398,0.9229875721955834,0.9989061118819871,0.9313091819979218,0.9313091819979218,0.9990362116501054
00843-DYehNKdT76V,0_1_68,545,wood,0_1,-3.952910602286162,0.4457208998374746,-2.922165946664497,0.0010142572099404103,0.9807724898576965,0.9417949559429695,0.9885360938827233,0.001110787379537042,0.575132036411021,0.001110787379537042
00843-DYehNKdT76V,0_1_69,326,partial,0_1,-0.8263684171431402,0.6466947168691448,-3.4737912310939723,0.07378164946701726,0.9603566802907114,0.8756023213243957,0.9739156687768643,0.09009227237200017,0.6813072741911281,0.09009227237200017
00843-DYehNKdT76V,0_1_7,326,partial,0_1,-0.6204382760210465,1.5570795824590495,-6.258835022120709,0.6544078504707105,0.9544564759279355,0.9279719892094842,0.9962798070445761,0.7416110231177817,0.7416110231177817,0.8042086016117279
00843-DYehNKdT76V,0_1_70,326,partial,0_1,-5.996012773692951,0.08113249690833531,0.20623329553900022,0.2461995100645351,0.8953596540787317,0.9152170607830787,0.9889944893634914,0.3037887484084936,0.7059084387507278,0.3037887484084936
00843-DYehNKdT76V,0_1_71,326,partial,0_1,-2.7420385575714863,0.6308615052762641,-1.1381210325599953,0.023101574681520465,0.9533097465097092,0.9087490251508015,0.9466321621748158,0.028169707465946527,0.697228212102954,0.028169707465946527
00843-DYehNKdT76V,0_1_72,337,pillow,0_1,-2.6908857340388215,0.5779904313189145,-1.4805778450076033,0.0008750009761939567,0.9538971398803061,0.904123432474097,0.9996092986742131,0.0010149601203604645,0.9662361740465408,0.0010149601203604645
00843-DYehNKdT76V,0_1_73,478,tile,0_1,-1.2962116889273922,0.0005237755708952826,0.40673902714823174,0.8413843208153547,0.9372844334127618,0.9438852847836695,0.9985916552945739,0.9523922712427015,0.9523922712427015,0.9992218525247515
00843-DYehNKdT76V,0_1_74,481,title,0_1,-1.8430567095538641,0.6014099538249748,-1.128426156107692,0.48872430208003437,0.9847229278101648,0.9416392344380325,0.9878273829481142,0.533561246878498,0.533561246878498,0.6137357992894529
00843-DYehNKdT76V,0_1_75,364,prop,0_1,-6.0351390896703005,1.1845339106275816,-3.1569584185279536,0.4218983620947583,0.9114102952446729,0.8882629243339968,0.9944914202620087,0.5240241876094359,0.5240241876094359,0.6445433757476076
00843-DYehNKdT76V,0_1_76,478,tile,0_1,-0.5248606281485956,0.00023738172603757432,-2.2553947168157955,0.863328913694181,0.9635513223308997,0.92450565110003,0.9991544701462857,0.9699720685883576,0.9699720685883576,0.9996199957591727
00843-DYehNKdT76V,0_1_77,326,partial,0_1,0.5286932808131737,1.2256788789519149,-0.790166186910643,6.035392287226347e-06,0.9432994465033214,0.9429995869943666,0.99139416125578,6.84381189969657e-06,0.5410076991858256,6.84381189969657e-06
00843-DYehNKdT76V,0_1_78,478,tile,0_1,-1.8700868221394613,0.008000115219397164,-2.4775775048909408,0.5799971656113152,0.9843808667181116,0.9309841925148283,0.998504639577175,0.6338263837531897,0.6338263837531897,0.993801139510712
00843-DYehNKdT76V,0_1_79,480,tissue,0_1,0.705878920391757,-0.007939386749383895,1.2126905820264071,0.43680446803488165,0.9546214177331472,0.9238615509053325,0.942163503027099,0.52568154221583,0.52568154221583,0.741410381552001
00843-DYehNKdT76V,0_1_8,326,partial,0_1,-0.3829096981333602,1.2231245293516717,-6.272789752668081,0.08626589134567064,0.9619445113290996,0.918577165241985,0.9982275706021206,0.09780113326621734,0.919929438311761,0.09780113326621734
00843-DYehNKdT76V,0_1_80,478,tile,0_1,0.29023634408466875,0.000972358995081997,-0.11260371748588613,0.8187691226864623,0.9724444354092473,0.9296542588816068,0.996720114513618,0.9086611807809165,0.9086611807809165,0.9769341491179862
00843-DYehNKdT76V,0_1_81,384,safe,0_1,-0.698733746024433,1.3754480118126478,0.661743685686974,0.483599985460324,0.9438604790924113,0.945442772420894,0.9964567899181509,0.5438570470147229,0.5438570470147229,0.7122075819911599
00843-DYehNKdT76V,0_1_82,480,tissue,0_1,-2.9610975213906596,0.6307656013519358,-1.4117905162661655,0.457228255672634,0.9796434473527805,0.9126963278879008,0.9923816244749786,0.515299837881109,0.515299837881109,0.6074808865391536
00843-DYehNKdT76V,0_1_83,326,partial,0_1,-2.3792462146107396,0.07005698111833446,0.17561291773562185,0.23272938118598888,0.9638762368141569,0.9240665640527483,0.9806058768771001,0.2664601042132645,0.8341128486976802,0.2664601042132645
00843-DYehNKdT76V,0_1_84,478,tile,0_1,-0.055269755612492526,0.0001976989863489274,-0.4867008544024258,0.752396826862292,0.940117680598561,0.9152377261371256,0.9951112615792483,0.8787375404889288,0.8787375404889288,0.9658949473810472
00843-DYehNKdT76V,0_1_85,478,tile,0_1,0.34162360613606024,0.0003216830459602625,-2.0492722193374093,0.7086210364717263,0.8144622692277916,0.916200659268118,0.9985909338078328,0.9509656985213781,0.9509656985213781,0.9992215789822475
00843-DYehNKdT76V,0_1_86,478,tile,0_1,-1.3395223790741457,-0.00010628197597838182,-1.264491547115541,0.8402844910299981,0.9449860644469006,0.9159963395135986,0.9993445611863522,0.9713862516654019,0.9713862516654019,0.9996707159868077
00843-DYehNKdT76V,0_1_87,478,tile,0_1,-0.8194595953138685,-0.0001059279627728172,-1.6255185598763076,0.8703821163538229,0.9590922025289134,0.9261404917129337,0.9993282641803993,0.9805382858616984,0.9805382858616984,0.9997637987077546
00843-DYehNKdT76V,0_1_88,320,panel,0_1,0.4656975007990119,0.8899194224439655,-1.4695260446186094,0.3782011919943899,0.8068283026811307,0.89866319097309,0.9914132177713244,0.5261264197629436,0.5261264197629436,0.9999923383857421
00843-DYehNKdT76V,0_1_89,478,tile,0_1,-0.26284951088972053,-4.16390921431221e-06,-1.9069838952130755,0.8311481087839597,0.9547708311925484,0.9133473839715167,0.9988456546990202,0.9542120675179171,0.9542120675179171,0.9991440246878602
00843-DYehNKdT76V,0_1_9,82,cardboard,0_1,0.3062988171840536,0.001958162231897481,-4.970194039187162,0.24785943949370348,0.9715461914620014,0.9383082665042961,0.9921200126195536,0.27405154638790763,0.6035733914677992,0.27405154638790763
00843-DYehNKdT76V,0_1_90,221,glass,0_1,-4.497759590122835,1.941147629342758,0.7511774586001864,0.7322085697663399,0.9847167170838683,0.9318498388084309,0.9988358680474393,0.7988834659945997,0.7988834659945997,0.9914046889790129
00843-DYehNKdT76V,0_1_91,316,overhang,0_1,0.6777891206947536,2.703478357724725,0.7859437017734806,0.22868187137265963,0.9552804307784204,0.9236750326177239,0.9600003410639425,0.26996674136721666,0.5799131204902919,0.26996674136721666
00843-DYehNKdT76V,0_1_92,320,panel,0_1,0.5259847449029801,1.173729127470251,-0.8595540433446358,0.48649745455719656,0.9503838912074343,0.8948083310581137,0.9909397330819035,0.5773035717823706,0.5773035717823706,0.9999935989823213
00843-DYehNKdT76V,0_1_93,326,partial,0_1,-2.1382210802674217,0.6199353797545093,-1.5843819796594485,0.030313850360373106,0.9564988203404785,0.9252911075589493,0.9956697556395158,0.03440035782504572,0.6037549242923446,0.03440035782504572
00843-DYehNKdT76V,0_1_94,405,shelf,0_1,-1.721507620636426,0.3592239343164192,-0.959739702345488,2.5649135667685346e-05,0.9754185072358882,0.9304325087145628,0.998468580443847,2.8304954697063092e-05,0.7640262607316806,2.8304954697063092e-05
00843-DYehNKdT76V,0_1_95,326,partial,0_1,-6.015021635500873,1.0533429258100906,-0.16391701218213942,0.1086019926585113,0.9595736022501051,0.9322355471834196,0.9932035628370645,0.12223499918501106,0.5911335878251961,0.12223499918501106
00843-DYehNKdT76V,0_1_96,326,partial,0_1,-1.9861508556630534,2.6436326852872525,0.6600227649093369,0.36830685112894684,0.9956613037636672,0.9256467558680121,0.9969571950731563,0.4008449102172501,0.7231539869125176,0.4008449102172501
00843-DYehNKdT76V,0_1_97,478,tile,0_1,-2.69117019898228,0.0026534776721944464,-0.1549834197027015,0.7732401052339276,0.9069485551518696,0.9075469053228051,0.9986634239170168,0.9406834291553974,0.9406834291553974,0.9995674961926743
00843-DYehNKdT76V,0_1_98,326,partial,0_1,-2.03926427644757,0.5901821188584625,-1.4128174258591542,0.09506286911596812,0.9678219609865636,0.9235530004357522,0.994864906138871,0.10690290579544175,0.6424600273472402,0.10690290579544175
00843-DYehNKdT76V,0_1_99,326,partial,0_1,-6.356260512795557,1.4055383654093248,-6.135247238480168,0.715814141357941,0.9802871477430614,0.9134960224080981,0.9900062851551679,0.807425298426266,0.8832529902657844,0.807425298426266
00843-DYehNKdT76V,1_0_0,273,knife,1_0,-2.7011671692745853,4.440778481656838,0.6534915449822055,0.29816990626642553,0.9731814399200166,0.9424823283184968,0.9704518152954759,0.33498302380239803,0.8216791566978894,0.33498302380239803
00843-DYehNKdT76V,1_0_1,93,ceiling chassis,1_0,-1.318530216258113,5.99365851110986,-0.48531258564976465,0.6717922876869582,0.9743841881695249,0.9268055340951193,0.9903242009044967,0.7511709348375034,0.7511709348375034,0.843652637349015
00843-DYehNKdT76V,1_0_10,82,cardboard,1_0,-2.287638967025641,5.8176560225945675,-4.261064205491972,0.02699122939512381,0.9817071878877073,0.9272700586050641,0.996017449966157,0.029769223829181065,0.5711466154787548,0.029769223829181065
00843-DYehNKdT76V,1_0_11,545,wood,1_0,-2.2750497945046964,3.3297767679708,-4.185353386673963,0.8029859716195353,0.9415851226060563,0.9271794462549723,0.983716167905378,0.9350067912643698,0.9350067912643698,0.9998950267216087
00843-DYehNKdT76V,1_0_12,545,wood,1_0,-2.0150805326423527,3.3230112500476725,-1.3885378206071657,0.8488928746063356,0.9719942368957313,0.9319660616817896,0.977237674655625,0.9589344017834024,0.9589344017834024,0.9999909689681785
00843-DYehNKdT76V,1_0_13,33,bed,1_0,-0.27027515838371174,3.8876195164068843,-1.13330504392591,0.782747575781809,0.9580844380167934,0.9139507746019797,0.9995370765626249,0.8943267717246334,0.8943267717246334,0.999956669367687
00843-DYehNKdT76V,1_0_14,133,curtain,1_0,-0.5821407756519154,4.697764141839707,0.5531155439521136,0.7947140339441775,0.9790760615615928,0.906956721702783,0.967007785838521,0.9255031804435632,0.9255031804435632,0.9950533815195003
00843-DYehNKdT76V,1_0_15,53,box,1_0,-1.1870008425168088,3.8207733795712326,-2.17081568180555,0.6614347895371909,0.7694692632099529,0.9643407924072195,0.9993338156889656,0.8919790122336361,0.8919790122336361,0.9988758794735999
00843-DYehNKdT76V,1_0_16,133,curtain,1_0,-2.1504638850758973,5.536434636288541,0.5534836641905913,0.8003097610545807,0.9682063377260242,0.9209474839922096,0.9931390222973172,0.9037436950973542,0.9037436950973542,0.9788006812818755
00843-DYehNKdT76V,1_0_17,133,curtain,1_0,-0.4267951604237431,3.847569130904524,0.5643864136624615,0.7639575832073193,0.8756838885607657,0.9149481664688093,0.9823444487473668,0.9706476342448535,0.9706476342448535,0.9977901597891269
00843-DYehNKdT76V,1_0_18,337,pillow,1_0,-0.15485002367332698,4.070567668196454,-1.7182342961570165,0.26680281001833683,0.9733058395827315,0.9354326086439443,0.9996794761528706,0.2931350765682711,0.9610692439887717,0.2931350765682711
00843-DYehNKdT76V,1_0_19,351,pole,1_0,0.7167440299523716,4.4658678820606665,0.14491381744676032,0.4854525051185846,0.9687852365300934,0.9318541660861481,0.9204222198451989,0.5842304506629937,0.5842304506629937,0.926973146284341
00843-DYehNKdT76V,1_0_2,97,chair,1_0,-1.865207069281765,3.7901532354011924,0.1994473034858833,0.0034383372556023263,0.9744487553834915,0.9188136322037853,0.999579695244673,0.0038418872222058358,0.8647593863419542,0.0038418872222058358
00843-DYehNKdT76V,1_0_20,326,partial,1_0,-1.3798159605554252,4.219504399179003,-2.4530707833469396,0.3550315575206244,0.9699320246562771,0.9325341613110616,0.9968790372396567,0.39374807636513415,0.5528018759554647,0.39374807636513415
00843-DYehNKdT76V,1_0_21,53,box,1_0,-1.1963569401662812,3.877920539505639,-2.2132312289460354,0.6477890879738809,0.8119159453882966,0.9120526619158227,0.9991672787808114,0.8755167092559215,0.8755167092559215,0.9991077294577501
00843-DYehNKdT76V,1_0_22,133,curtain,1_0,-0.6741581578167617,3.754146992601732,0.569051500886429,0.8939721405141049,0.9978475291342955,0.9293567834858206,0.9869416972202768,0.9767554146792861,0.9767554146792861,0.9936873166072425
00843-DYehNKdT76V,1_0_23,545,wood,1_0,-1.166061054469585,3.323112037001314,0.1340557374052127,0.9175506764139792,0.970441257041928,0.9990870025719141,0.9612420522975019,0.9845204393968706,0.9845204393968706,0.9999106843228378
00843-DYehNKdT76V,1_0_24,545,wood,1_0,-0.5165684232304545,3.3235053341230785,0.14121178339034968,0.7522388144367389,0.9670764356851578,0.8867896855682424,0.9177129417033125,0.9558009286545748,0.9558009286545748,0.9847464032703585
00843-DYehNKdT76V,1_0_25,545,wood,1_0,-0.32374389880984833,3.323877774121488,0.1351139713560807,0.798785471604658,0.9673850544021658,0.9268115662027547,0.9288789999869729,0.9591360051452273,0.9591360051452273,0.9803585741473301
00843-DYehNKdT76V,1_0_26,133,curtain,1_0,-0.17790230150641065,3.738871350269299,0.5496922135073372,0.8722825410193876,0.9913482537349477,0.9340498845733692,0.9629130275488581,0.9783039354174717,0.9783039354174717,0.9970418902417684
00843-DYehNKdT76V,1_0_27,545,wood,1_0,1.0244871706196539,3.941289792767496,-1.0107998245008492,0.8176625190198225,0.9954733287708627,0.9419737079903894,0.9775341947993829,0.8920182144357758,0.9396936013134402,0.8920182144357758
00843-DYehNKdT76V,1_0_28,542,window shade,1_0,1.2482727484717462,5.00817723960387,-0.8255912142896864,0.44126139014057986,0.9665178679193218,0.9370577572299486,0.8824084539226724,0.552141030162832,0.552141030162832,0.64365724956336
00843-DYehNKdT76V,1_0_29,542,window shade,1_0,1.039080724912823,4.42049200405914,-0.8666215573551954,0.41554103526831393,0.953532313458504,0.9359291153099546,0.7947149285463072,0.5859009111951227,0.5859009111951227,0.6086096322385864
00843-DYehNKdT76V,1_0_3,326,partial,1_0,-2.191608239449425,4.373969411911438,0.5455134290716627,0.4037152238859555,0.9743591247593588,0.9283599383108826,0.9981036101277716,0.44716113793991946,0.8195766711482795,0.44716113793991946
00843-DYehNKdT76V,1_0_30,133,curtain,1_0,-0.3422312008224901,3.745783700472214,0.55907311336266,0.8419437610597327,0.9569915844398201,0.9248278535345129,0.9723296197269414,0.9783641882252073,0.9783641882252073,0.9971819801523928
00843-DYehNKdT76V,1_0_31,0,acoustic panel,1_0,0.2507723927116569,4.432376673414657,-2.2257890456243006,0.8530363617065806,0.9696683581227467,0.8864361141637016,0.9992149519331708,0.9932028439804929,0.9932028439804929,0.9999657956013567
00843-DYehNKdT76V,1_0_32,133,curtain,1_0,0.12549972828659156,3.5546297768315216,0.5368646897291793,0.8536410857706586,0.983649266938515,0.9416136261500199,0.9460557787492019,0.9741942445498405,0.9741942445498405,0.9941803987233808
00843-DYehNKdT76V,1_0_33,326,partial,1_0,-1.187625013483615,4.0237928033435715,-2.3916526907495372,0.1710417192793758,0.9445923223827325,0.9144069231223328,0.9972429777139906,0.1985716066326099,0.6451196305287734,0.1985716066326099
00843-DYehNKdT76V,1_0_34,545,wood,1_0,-1.6842572042927433,3.3211367436679233,-2.070743998804614,0.86222332519632,0.9933560067442253,0.9355011244237464,0.9730972685393418,0.9534859057509404,0.9534859057509404,0.9999957689876783
00843-DYehNKdT76V,1_0_35,545,wood,1_0,-1.4797833557803177,3.3239459074040067,-0.06712285408564782,0.8775932259347652,0.9792248513828767,0.9350200388279764,0.9745646816816018,0.9835110610520839,0.9835110610520839,0.9999830862636155
00843-DYehNKdT76V,1_0_36,545,wood,1_0,-1.4670427284342213,3.3234598214081403,-0.631229155632367,0.8770638177879934,0.9922827290679725,0.9291215112226014,0.9707491764894077,0.9799777533272737,0.9799777533272737,0.9999772254876502
00843-DYehNKdT76V,1_0_37,545,wood,1_0,-1.0837861923741143,3.3233499230611554,-0.8778950381416194,0.8879291530713882,0.9863001882812866,0.9375646765859942,0.9700083194912835,0.9899026878960441,0.9899026878960441,0.9999510818323103
00843-DYehNKdT76V,1_0_38,545,wood,1_0,-1.324602048992584,3.3238610186817064,-0.4003326305888712,0.7944761452296731,0.9318122919140753,0.8930475042086681,0.972199535077038,0.9820248020004746,0.9820248020004746,0.9999742692183584
00843-DYehNKdT76V,1_0_39,0,acoustic panel,1_0,-0.09552565710172754,5.054701791198825,-2.5033291296486193,0.8948302360207274,0.9903385810228803,0.9082186155831089,0.9994314494366294,0.9954364544785764,0.9954364544785764,0.9999594784798408
00843-DYehNKdT76V,1_0_4,545,wood,1_0,-1.4234149272453491,3.3217601656502893,-1.6994114834781946,0.8416379163758251,0.9404953827961027,0.9557627221384202,0.9615383508488927,0.973759990414557,0.973759990414557,0.9999660921817541
00843-DYehNKdT76V,1_0_40,93,ceiling chassis,1_0,1.0798866207929498,6.060156361011087,-0.13781736245995524,0.4813922609144771,0.997955247759819,0.9303702032087731,0.8666684737403839,0.5982452322415296,0.5982452322415296,0.9469096649938746
00843-DYehNKdT76V,1_0_41,93,ceiling chassis,1_0,0.20412329149305838,6.069512935834331,-1.095692934218078,0.7047188773783635,0.9892656579464179,0.9498801216735517,0.980986459699714,0.764488857718024,0.764488857718024,0.9192957868905853
00843-DYehNKdT76V,1_0_42,133,curtain,1_0,-2.0158328817122064,5.469698446939747,0.5372247798871356,0.8081537613255096,0.9387763377294004,0.9552510447366984,0.9933853154492884,0.9071865587962635,0.9071865587962635,0.9908278680792763
00843-DYehNKdT76V,1_0_43,133,curtain,1_0,-1.27829752896529,5.755227574952645,0.5597844975337439,0.6754674352826986,0.9027366017367233,0.9234180857590617,0.950847197384397,0.8521857304773077,0.8521857304773077,0.9808484952789436
00843-DYehNKdT76V,1_0_44,93,ceiling chassis,1_0,-1.516750876688532,6.077782682441866,-2.97517599430858,0.18946003370026762,0.8112900507763298,0.9255715423682207,0.9944902927175553,0.2537061053709543,0.5782768854014516,0.2537061053709543
00843-DYehNKdT76V,1_0_45,118,computer,1_0,-1.2668048766644289,4.838585083079108,-2.4836729130073345,0.4805365450668673,0.9369813383206772,0.9705055843518378,0.9977215173508981,0.5296489347658134,0.5296489347658134,
00843-DYehNKdT76V,1_0_46,326,partial,1_0,-1.3853543811116003,4.2714632870750195,-2.8855363812508923,0.008685364768728991,0.9766478869198547,0.9697274512303701,0.9973388158669725,0.009195124972851113,0.5271842355451236,0.009195124972851113
00843-DYehNKdT76V,1_0_47,351,pole,1_0,0.6195066074702431,3.9170161774027323,0.1889535689829613,0.44084061623243137,0.9302735868538922,0.9546924362462721,0.8755231831439365,0.566943497304649,0.566943497304649,0.8946994379048423
00843-DYehNKdT76V,1_0_48,326,partial,1_0,0.942960743267417,4.522586306595171,-2.277151755955004,0.5419376591160001,0.9812915258937414,0.946765474941883,0.9922180436923738,0.5878976845473428,0.5878976845473428,0.7339974745654634
00843-DYehNKdT76V,1_0_49,326,partial,1_0,1.0279254224902943,4.442207689783599,-1.0539918514383158,0.5446226610848331,0.9251528958671468,0.9543218463319678,0.9870580496563442,0.6249490825659065,0.6249490825659065,0.7087836908047576
00843-DYehNKdT76V,1_0_5,545,wood,1_0,-1.3472731013267094,3.3227149974126604,-1.8268902967320875,0.8195702528337843,0.9234975305285669,0.936320216090788,0.9742964580370204,0.9728254515944179,0.9728254515944179,0.9999870198748374
00843-DYehNKdT76V,1_0_50,133,curtain,1_0,-0.8719315088270074,3.758939708934438,0.5679036245614731,0.917089650288174,0.9882330632331419,0.9675437053894544,0.9879764926699566,0.9708121636293198,0.9708121636293198,0.992720764890657
00843-DYehNKdT76V,1_0_51,133,curtain,1_0,-1.0827277676165195,3.761521277528226,0.5639851993721442,0.8116682294631513,0.9083138105606939,0.9289638585569051,0.9932257798207363,0.9684915324858523,0.9684915324858523,0.9960066978566393
00843-DYehNKdT76V,1_0_52,133,curtain,1_0,-0.9643921793695326,4.443357692006887,0.5822077353121436,0.8415886285839702,0.9324177479932333,0.9774684568855028,0.9833814075750373,0.9389978173406552,0.9389978173406552,0.9965380416576792
00843-DYehNKdT76V,1_0_53,545,wood,1_0,0.3879159376992937,3.3181988161827354,0.07840401838167509,0.8736196750240517,0.9472421239678902,0.9772769473338099,0.9812804130569273,0.9617243647296817,0.9617243647296817,0.9949637883051713
00843-DYehNKdT76V,1_0_54,33,bed,1_0,0.4886949654111284,3.7689330101442318,-0.35494606149690605,0.4791666184469792,0.8523885310397428,0.9543111517504067,0.9929314606607573,0.5932526503262199,0.5932526503262199,0.8577247194433397
00843-DYehNKdT76V,1_0_55,326,partial,1_0,1.0464898641594904,4.389763475180072,-0.6581601730730247,0.006746160270735047,0.9671517548377282,0.9733602082365177,0.8921241249202492,0.00803272980175805,0.6556771357213009,0.00803272980175805
00843-DYehNKdT76V,1_0_56,133,curtain,1_0,1.0706431232875209,3.591847866976062,-0.3419471324628802,0.02963102023404606,0.8636252464154621,0.9916982751901242,0.9053069986840594,0.038216053808086625,0.7628404954396784,0.038216053808086625
00843-DYehNKdT76V,1_0_57,133,curtain,1_0,0.3477681203445104,4.845071482744586,0.544045725394934,0.7655986178486022,0.918631683077131,0.9781638988950148,0.9244327264752419,0.9216643275537136,0.9216643275537136,0.9921951717743321
00843-DYehNKdT76V,1_0_58,542,window shade,1_0,1.2731659906295585,4.921951480605191,-0.7971061349646068,0.4498422838065171,0.9463994909861498,0.9748639907542221,0.8995686316004716,0.5420101825300052,0.5420101825300052,0.7361333165558641
00843-DYehNKdT76V,1_0_59,545,wood,1_0,1.0459297741813955,3.6815039923574346,-0.7407629402144302,0.8436468456574677,0.9747063029896129,0.9242234018308169,0.9930498515115601,0.9430590799535887,0.9430590799535887,0.9875145227613887
00843-DYehNKdT76V,1_0_6,545,wood,1_0,-2.1405107720896863,3.323734370138525,-4.425215278360448,0.7451643386251298,0.925435842694463,0.8759652919321907,0.9670602057189822,0.950528921401748,0.950528921401748,0.9999915420716393
00843-DYehNKdT76V,1_0_60,326,partial,1_0,0.9446625547644077,4.15110814305832,-2.022579503924428,0.48599216199776024,0.9772412829792712,0.9570026725374263,0.9890292445386574,0.5254182769578862,0.5254182769578862,0.5904723604023148
00843-DYehNKdT76V,1_0_61,33,bed,1_0,-0.034349245582508736,3.8963216467768387,-1.1971648297651554,0.7222623819488859,0.8421448638419742,0.997653871304122,0.9993598052063112,0.8602138318013542,0.8602138318013542,0.9999679555636318
00843-DYehNKdT76V,1_0_62,82,cardboard,1_0,-0.7598564080061606,3.7809587416469013,-0.3175912385663282,0.012593452806655829,0.9671428855764113,0.9242771718254321,0.9651013269669897,0.014597518624626634,0.6847396943523941,0.014597518624626634
00843-DYehNKdT76V,1_0_63,391,screen,1_0,-1.9311948668313617,4.826854042764736,0.08977651177007678,0.6736811976346914,0.8444632068276404,0.950246710426947,0.997697741736206,0.8414694052737269,0.8414694052737269,0.999413331943559
00843-DYehNKdT76V,1_0_64,545,wood,1_0,-1.8975142596421872,3.3238937190001554,-0.3878301386597572,0.8980233583479038,0.9799336679279802,0.9608913272655513,0.9833395624404729,0.9698692008407105,0.9698692008407105,0.9999892744210899
00843-DYehNKdT76V,1_0_65,326,partial,1_0,-1.2787314695989467,4.077239778137118,-2.401622230315465,0.31248361094644705,0.966756631227959,0.9995144043451561,0.9980120430497111,0.32403001850337365,0.556963659235892,0.32403001850337365
00843-DYehNKdT76V,1_0_66,133,curtain,1_0,-0.8671488675746104,4.499720974914749,0.5284664700206279,0.8479421404366199,0.9523816485041978,0.9781361924842364,0.9857289850335365,0.9234180191711052,0.9234180191711052,0.9929768096551082
00843-DYehNKdT76V,1_0_67,33,bed,1_0,-0.7810171916441044,3.899450065781337,-1.1717422377027882,0.7740424652236604,0.9578035984715424,0.9343648120560688,0.9991452751753127,0.8656517462000998,0.8656517462000998,0.9999555876884352
00843-DYehNKdT76V,1_0_68,133,curtain,1_0,-0.22731118549955906,4.676944766243519,0.5533884287884636,0.7477496986837869,0.9601576096337365,0.9398685950810652,0.9093863995921303,0.9111673001071882,0.9111673001071882,0.9918976031204383
00843-DYehNKdT76V,1_0_69,545,wood,1_0,-2.0019462689026404,3.3249250814710334,-0.437451497958199,0.835319333267192,0.8815255541550485,0.999999498648779,0.986454705952792,0.9605958267170859,0.9605958267170859,0.9999865324916444
00843-DYehNKdT76V,1_0_7,82,cardboard,1_0,-2.2974805578152853,4.324162261711301,-4.387664510231542,0.02441163543769661,0.9588863335245457,0.9136495002164187,0.9943609363417265,0.028022447943912426,0.6933750816839425,0.028022447943912426
00843-DYehNKdT76V,1_0_70,133,curtain,1_0,-0.3562997761344149,4.939264023130544,0.5364709039422455,0.7673308039914718,0.969423251219064,0.9563218969453914,0.912912549662218,0.906642188086317,0.906642188086317,0.9886566309487838
00843-DYehNKdT76V,1_0_71,133,curtain,1_0,-0.20247310594032955,5.065554289457559,0.5462762577971837,0.7716005326381936,0.9929284651622626,0.9612184461260391,0.9042933539431394,0.8940115344973383,0.8940115344973383,0.9909171219120996
00843-DYehNKdT76V,1_0_72,93,ceiling chassis,1_0,-1.933831222967188,6.073513041812824,-0.8590663036109588,0.4803321679973463,0.9762748789960057,0.9508419371689807,0.9936451416701271,0.5207507647820915,0.7335368992718133,0.5207507647820915
00843-DYehNKdT76V,1_0_73,53,box,1_0,-1.3098375784488818,3.8662105881662114,-2.2574255938271124,0.8220552656758731,0.9728693763415018,0.9372383338611876,0.9993840857517369,0.9021193738285621,0.9021193738285621,0.9986674219932341
00843-DYehNKdT76V,1_0_74,326,partial,1_0,-1.3611533282533612,3.8937933000877947,-2.456905780841682,0.12299616949177711,0.928468564133143,0.9022381303854363,0.9972776449887532,0.1472268841338754,0.5774549636134021,0.1472268841338754
00843-DYehNKdT76V,1_0_75,94,ceiling ladder,1_0,-1.8366628115546977,6.081706881736929,-4.688037882450283,0.4475409329575634,0.8990516957114725,0.9495722420331363,0.9956064738257688,0.5265412203787778,0.5265412203787778,
00843-DYehNKdT76V,1_0_8,545,wood,1_0,-1.9045278078557573,3.3246071858522916,-1.129211876158255,0.826476743681833,0.9299993784373586,0.9581179358649589,0.9759008486424594,0.950436952855314,0.950436952855314,0.9999868686730703
00843-DYehNKdT76V,1_0_9,93,ceiling chassis,1_0,-1.7468259779240543,6.076722534900773,-3.2599771052665516,0.12355598945073124,0.9891239075597389,0.9454605507087763,0.9967386089091446,0.13255264863496757,0.8267242937215489,0.13255264863496757
00843-DYehNKdT76V,1_1_0,316,overhang,1_1,-5.768541032248798,3.41441081608734,0.6583393081663055,0.4434414229281975,0.9772415238662819,0.9484882210408009,0.9782987840388347,0.4890248080503967,0.5012059613187266,0.4890248080503967
00843-DYehNKdT76V,1_1_1,316,overhang,1_1,-5.577112312859081,6.07598496209487,-0.9823413290876298,0.4482532909977725,0.9610866588610051,0.9414878080402866,0.9701090933561346,0.5106527348361484,0.9003274429556811,0.5106527348361484
00843-DYehNKdT76V,1_1_10,545,wood,1_1,-7.266444049173249,3.3219984453639384,-1.952057112494576,0.8084535120873025,0.9889803634222601,0.9445968165715712,0.9902707289259632,0.8739105127666369,0.8739105127666369,0.9999523173434183
00843-DYehNKdT76V,1_1_11,44,blanket,1_1,-8.291960426884202,3.821296985128486,-1.9069138651410573,0.7648992300256943,0.9580310743933246,0.9282636689029595,0.9997781571774658,0.8602994209146347,0.8602994209146347,0.9999925150739337
00843-DYehNKdT76V,1_1_12,0,acoustic panel,1_1,-6.726470904087809,5.318408115473476,-2.8141587331819813,0.539080659197219,0.9576892348730387,0.9428534621900238,0.9955288938539801,0.599695894390107,0.599695894390107,0.825710647055588
00843-DYehNKdT76V,1_1_13,82,cardboard,1_1,-6.72542408609317,4.640045880543644,-3.961089003893201,0.6252064412882009,0.9867519258816823,0.9313728956007852,0.9974338597841987,0.6820367226485489,0.9170530963355483,0.6820367226485489
00843-DYehNKdT76V,1_1_14,326,partial,1_1,-9.484140044113536,4.418753319973291,-0.9889767225866979,0.0927633908718026,0.9906852750280234,0.9455412063283077,0.9949248271363605,0.09953370703446562,0.5353626505721404,0.09953370703446562
00843-DYehNKdT76V,1_1_15,82,cardboard,1_1,-6.727170987195976,4.971552392136913,-3.466782527497385,0.0662106681941496,0.959250347288395,0.8788762753784704,0.9967453242319709,0.07879235069886696,0.8801218661580892,0.07879235069886696
00843-DYehNKdT76V,1_1_16,326,partial,1_1,-9.3994374599569,3.7789082550388406,-0.5675531438082918,0.4630214729853179,0.9912880582584278,0.9306191644566442,0.9878501940990846,0.5080871092474106,0.6946762229102018,0.5080871092474106
00843-DYehNKdT76V,1_1_17,0,acoustic panel,1_1,-6.725764766362358,4.952858820252703,-2.0820780014556273,0.6180641973363229,0.9975857644270426,0.9349266191618453,0.9967011627755186,0.6648763018670735,0.6648763018670735,0.8649047889349946
00843-DYehNKdT76V,1_1_18,82,cardboard,1_1,-6.726732425426466,4.557192749649887,-3.480093653874194,0.1698153280078797,0.9965318170516863,0.9392129555200263,0.9971002143701766,0.18196289374025207,0.8961820171812205,0.18196289374025207
00843-DYehNKdT76V,1_1_19,133,curtain,1_1,-9.349823953528595,4.558782907282752,-0.42147120745258715,0.7959465389992564,0.9883734013662618,0.9423808715546325,0.9635182407751258,0.8869036580911998,0.9263624708043542,0.8869036580911998
00843-DYehNKdT76V,1_1_2,391,screen,1_1,-4.778341505215034,5.931207623684172,0.6322467911191284,0.4960013215934066,0.9426312263434132,0.9377716524380177,0.9974189379604929,0.5625566992213138,0.8252726355729193,0.5625566992213138
00843-DYehNKdT76V,1_1_20,545,wood,1_1,-7.388666924491755,3.352056207257866,-2.175707680010719,0.5683649807857432,0.994704955810374,0.9282523793918817,0.9873660907610525,0.6234315122740421,0.6234315122740421,0.9881591563828687
00843-DYehNKdT76V,1_1_21,82,cardboard,1_1,-6.726441733267662,4.2165584203676,-1.7941361686187,0.030153609786334558,0.9945178510175718,0.9372790076918993,0.9965488144918994,0.032460803110631604,0.6579282772016218,0.032460803110631604
00843-DYehNKdT76V,1_1_22,439,square,1_1,-9.531485359211564,4.7902335841936905,-1.85125669212625,0.5635587492783635,0.9621831649995369,0.9360663699235908,0.9656546612439252,0.647967105077756,0.647967105077756,
00843-DYehNKdT76V,1_1_23,133,curtain,1_1,-7.576181989756622,3.439038078360688,-0.4137900617377138,0.9089972732322554,0.9979310076412055,0.9408737620085575,0.9883676984146165,0.97951741588316,0.9947225956221608,0.97951741588316
00843-DYehNKdT76V,1_1_24,82,cardboard,1_1,-9.225426136974683,3.595899878847229,-3.04068940349295,0.01268407944193857,0.9860453036270609,0.9336702061368993,0.997064150709667,0.013818009356363124,0.5643135504912152,0.013818009356363124
00843-DYehNKdT76V,1_1_25,82,cardboard,1_1,-6.728669988217571,3.7599923127626993,-2.5259473904463423,0.30808005137910166,0.9950870166954873,0.9350280720287234,0.994300028639971,0.33301240872901156,0.8370014797291986,0.33301240872901156
00843-DYehNKdT76V,1_1_26,163,dustpan,1_1,-7.835852104294493,3.3074281802264065,-3.0346142895130486,7.08494281147627e-07,0.9923737631575595,0.9410649995741034,0.997292190047813,7.607098435886845e-07,0.8794680672974368,7.607098435886845e-07
00843-DYehNKdT76V,1_1_27,44,blanket,1_1,-7.413237173882552,3.5984165962326884,-1.1789556298620347,0.8908916340223607,0.9680410401796808,0.9460255537752491,0.9994321110941804,0.9733632486064439,0.9733632486064439,0.9999907513387173
00843-DYehNKdT76V,1_1_28,53,box,1_1,-9.084355362433541,3.4191738188428795,-3.040092920026132,0.5075396199762237,0.9129862756956192,0.9039442777997924,0.9996884497161163,0.6151759757466326,0.6151759757466326,0.9787543116449382
00843-DYehNKdT76V,1_1_29,545,wood,1_1,-7.607945394144654,3.3215678863435496,-2.9109150921494606,0.613750113743036,0.9972825924906101,0.9297834493233864,0.9970410526272301,0.6638630476392162,0.6638630476392162,0.9959619334121247
00843-DYehNKdT76V,1_1_3,319,pan,1_1,-5.080119586921476,6.069072236945175,0.39994029650526086,0.000982402616944633,0.9482779715530216,0.9575854652740334,0.9084999183286149,0.0011908345063437104,0.56335856085525,0.0011908345063437104
00843-DYehNKdT76V,1_1_30,44,blanket,1_1,-7.916389829045511,3.82996334637484,-2.523806052289755,0.7982503047234668,0.9423296642414785,0.9199215659412063,0.9996283473302726,0.921185019301129,0.921185019301129,0.9999834341910686
00843-DYehNKdT76V,1_1_31,44,blanket,1_1,-8.234553501617828,3.826813179012005,-2.234803388467331,0.8224051291705221,0.9642228963594411,0.9319470613620862,0.9997353516435856,0.9154446218103122,0.9154446218103122,0.9999895174382778
00843-DYehNKdT76V,1_1_32,326,partial,1_1,-9.557714761940652,4.017846309252861,-0.5237214399169287,0.16887567735692002,0.9668147702780956,0.8865443174794835,0.9948454474532364,0.1980467682981238,0.6850806430659122,0.1980467682981238
00843-DYehNKdT76V,1_1_33,545,wood,1_1,-6.726999098286872,3.407352515962245,-2.0919351456210427,0.5494754427885267,0.9662612825453282,0.949910719700739,0.9860018192563029,0.6071460930748185,0.6071460930748185,0.9216766775126917
00843-DYehNKdT76V,1_1_34,82,cardboard,1_1,-6.727593246669245,3.8830460429251485,-0.9932673030376653,0.39878112665764986,0.9763357106491614,0.928847867225506,0.9976528969922003,0.44076932788638856,0.9494968254051127,0.44076932788638856
00843-DYehNKdT76V,1_1_35,545,wood,1_1,-7.573937063580643,3.312454297869141,-0.7176096098375001,0.5000453859137346,0.9977593916890137,0.9237254441415146,0.9971965384393073,0.5440764536878997,0.5440764536878997,0.9998148885127438
00843-DYehNKdT76V,1_1_36,545,wood,1_1,-6.816817253461109,3.3231364612128527,-0.7021407682899228,0.7278096646738587,0.9794019785794345,0.8987726313006195,0.9953858242113485,0.8306451826057989,0.8306451826057989,0.9998504262324907
00843-DYehNKdT76V,1_1_37,82,cardboard,1_1,-7.903416096157017,3.319919042996874,-0.8996103440578812,0.0010128281230269434,0.9903969668037615,0.946740650188368,0.9972117177302187,0.001083198506065372,0.6483521517995795,0.001083198506065372
00843-DYehNKdT76V,1_1_38,326,partial,1_1,-9.215763163755597,3.6621398149337,-0.6726710199014838,0.41121689756380186,0.9886944035595713,0.9199849074702573,0.9907109764107437,0.4563322883693898,0.7541652400302364,0.4563322883693898
00843-DYehNKdT76V,1_1_39,326,partial,1_1,-9.420085135496475,3.6766628355148288,-0.49360937246565545,0.2720285025073596,0.9890936813490285,0.9279079739105651,0.9414873534746949,0.3148165721005155,0.6435848750465543,0.3148165721005155
00843-DYehNKdT76V,1_1_4,133,curtain,1_1,-7.834708185178426,4.462401295219427,-0.42832753215888997,0.812298787560592,0.9537141411700845,0.9475908600085035,0.9580302915753209,0.938204428730678,0.938204428730678,0.9861793454806912
00843-DYehNKdT76V,1_1_40,44,blanket,1_1,-8.02614364735125,3.7418100589000094,-1.1103496330683627,0.9009378225843374,0.9843586776593719,0.9352563711878438,0.9993334276744049,0.9792652763696085,0.9792652763696085,0.999950998696614
00843-DYehNKdT76V,1_1_41,82,cardboard,1_1,-8.433312443982464,3.322135737199991,-0.8300279221291974,0.00026239774047441517,0.9874175786972046,0.924268447342506,0.9968086954912584,0.0002884358851377682,0.5233915575416126,0.0002884358851377682
00843-DYehNKdT76V,1_1_42,82,cardboard,1_1,-6.749970733391245,3.870846253204296,-0.3513722527288071,0.4617149243409536,0.9771371930318428,0.9385776611425107,0.9711227155799821,0.5184108019644835,0.5184108019644835,0.5297880763168848
00843-DYehNKdT76V,1_1_43,133,curtain,1_1,-7.449099398613846,4.02196515427857,-0.41535051597268374,0.8735050930208422,0.985035294275015,0.9179177555488434,0.9807857005898704,0.9849989186642708,0.9849989186642708,0.9869070280492698
00843-DYehNKdT76V,1_1_44,326,partial,1_1,-9.549545859383702,3.8129269098391148,-1.120855606721881,0.13733632947496432,0.8411572927150172,0.8822237731068292,0.9704062293464167,0.19071106406470428,0.7224478422917234,0.19071106406470428
00843-DYehNKdT76V,1_1_45,133,curtain,1_1,-8.100500769168631,3.924573062844767,-0.4449292206439584,0.8626445407074818,0.9852432864052909,0.9182492240256186,0.982013866197017,0.9709798196642132,0.9788103846178726,0.9709798196642132
00843-DYehNKdT76V,1_1_46,133,curtain,1_1,-7.599691380340969,4.835137464762345,-0.4327967022435998,0.8174150973842311,0.9104854911432364,0.9415257560757355,0.9812210487388764,0.9717858347607539,0.9717858347607539,0.975888983487665
00843-DYehNKdT76V,1_1_47,133,curtain,1_1,-8.923591099035777,5.059061008214739,-0.43375491226774093,0.7863562944382441,0.9559201940172145,0.949977602613034,0.9450934392431599,0.9162407784850455,0.9162407784850455,0.963653504355308
00843-DYehNKdT76V,1_1_48,82,cardboard,1_1,-9.56040156891739,5.559743627539661,-1.5377983202501349,0.28319163430659455,0.8103092652948007,0.9608679360569266,0.9943571368327767,0.3657830009042932,0.568838337109948,0.3657830009042932
00843-DYehNKdT76V,1_1_49,133,curtain,1_1,-8.094462454589578,5.6687542249029415,-0.43015790718288327,0.6354554818506936,0.946680613461998,0.9370582488321344,0.8353868707707085,0.8574867411130273,0.8574867411130273,0.9806865304949709
00843-DYehNKdT76V,1_1_5,545,wood,1_1,-7.628876852869838,3.3315790816832735,-3.0537643636601697,0.5612811077707727,0.9733532385693655,0.9380613888232112,0.9964209855329567,0.6169299014124138,0.6169299014124138,0.9622571248093005
00843-DYehNKdT76V,1_1_50,93,ceiling chassis,1_1,-7.793722364112898,6.061912976373625,-1.7267001612442763,0.7853049292448419,0.9591489560426671,0.9515427439818352,0.9940596664647914,0.8655885646387458,0.8655885646387458,0.9489181899468824
00843-DYehNKdT76V,1_1_51,0,acoustic panel,1_1,-6.725372781486903,5.90074782209588,-1.599036213541167,0.26716681347223525,0.9940095367364756,0.9412363234649352,0.9946645290799352,0.2870890643821923,0.5633623317415857,0.2870890643821923
00843-DYehNKdT76V,1_1_52,133,curtain,1_1,-7.507947887438704,5.812323816223639,-0.42934799542043767,0.6575699194188316,0.9786394125293493,0.9322074291300414,0.8490971841008379,0.8488858136788868,0.8488858136788868,0.9756136623736023
00843-DYehNKdT76V,1_1_53,133,curtain,1_1,-7.908198840879735,5.770759990025384,-0.43171434064319714,0.5668630571403263,0.9913460239881939,0.9393134168016272,0.7752655307263661,0.785220961772643,0.785220961772643,0.9791262270783626
00843-DYehNKdT76V,1_1_54,82,cardboard,1_1,-9.562149091465194,5.299659669986365,-2.3600798692581266,0.1742412452485991,0.9653359834765375,0.9290120495009806,0.9929137343254256,0.19567692102936968,0.6286403748681774,0.19567692102936968
00843-DYehNKdT76V,1_1_55,545,wood,1_1,-7.152628763235696,3.320832725173969,-4.273670267251317,0.7903997060368392,0.9488070898030275,0.9506308310118283,0.9871801648769758,0.8876883758866183,0.8876883758866183,0.9999832421333402
00843-DYehNKdT76V,1_1_56,82,cardboard,1_1,-9.109276873712817,3.45021201421626,-0.8391804127956882,0.10273892611826052,0.9670510478317738,0.9432970645824059,0.9942002087089924,0.1132826211287961,0.5483965672784548,0.1132826211287961
00843-DYehNKdT76V,1_1_57,326,partial,1_1,-9.562897501434794,3.641724827774325,-1.0421560055759258,0.5096518885875233,0.9780073761940002,0.8944596422172135,0.9930720236147973,0.5866647715832218,0.6928209511708523,0.5866647715832218
00843-DYehNKdT76V,1_1_58,545,wood,1_1,-9.126841649761303,3.525656385289908,-0.915990452296869,0.015234488106964924,0.9100467182695866,0.9506012580489853,0.9939321030574233,0.017717770640697374,0.5123052864928838,0.017717770640697374
00843-DYehNKdT76V,1_1_59,44,blanket,1_1,-7.33671365162077,3.408136263953692,-2.612067932331546,0.7305550700585421,0.941011554976975,0.9277978184702054,0.9993679505189873,0.8372964274294731,0.8372964274294731,0.9998078156135698
00843-DYehNKdT76V,1_1_6,82,cardboard,1_1,-6.728894776894855,4.522921716188604,-3.7063647594215485,0.12967680492646547,0.9769482514419389,0.9496677006935883,0.9963488476372958,0.1402838419377078,0.8712423059739461,0.1402838419377078
00843-DYehNKdT76V,1_1_60,82,cardboard,1_1,-6.729804138848778,3.8093728944428884,-2.2679186265917344,0.42949135736818,0.9747382451046807,0.9207988513707532,0.9955614492392596,0.48065513054692255,0.8931382431387704,0.48065513054692255
00843-DYehNKdT76V,1_1_61,93,ceiling chassis,1_1,-7.562076358199053,6.071495823033582,-3.706156277411635,0.5875805865825209,0.8798723783155884,0.9156487287957675,0.992614028427993,0.7347480611828461,0.7347480611828461,0.9169215787819306
00843-DYehNKdT76V,1_1_62,0,acoustic panel,1_1,-6.724809042077408,4.688297944758702,-2.75769296157928,0.5299926317963876,0.9594349703024087,0.9439052939633981,0.9970888317702914,0.5869377112946871,0.5869377112946871,0.7951100849744666
00843-DYehNKdT76V,1_1_63,82,cardboard,1_1,-6.726611893733877,4.600323946094828,-3.155088159746907,0.02366692556218507,0.9682800835399401,0.9259436923718101,0.9969868594096747,0.02647688164317484,0.6729564585910703,0.02647688164317484
00843-DYehNKdT76V,1_1_7,82,cardboard,1_1,-6.731848218857069,4.399045855932538,-4.66977772975508,0.7873739632665618,0.9898731509844462,0.9384332735261642,0.9946681052437448,0.8521575863352532,0.8653262568046077,0.8521575863352532
00843-DYehNKdT76V,1_1_8,82,cardboard,1_1,-6.711128573259739,4.575345227549567,-2.91536083682299,0.10315444534982643,0.9904506184321978,0.9383689951421774,0.9968360919624405,0.11134166645854723,0.863358786875106,0.11134166645854723
00843-DYehNKdT76V,1_1_9,93,ceiling chassis,1_1,-8.173252131436195,6.067483667335355,-1.8868000415734196,0.7823943073246786,0.9615289549835306,0.9596768089101112,0.993813951908756,0.8531653827535126,0.8531653827535126,0.9297875723105602
00843-DYehNKdT76V,1_2_0,82,cardboard,1_2,-1.0404022588568234,5.619173350084022,-3.5921923163020453,0.6476108603223929,0.9392470192205201,0.9051489812877523,0.998762638889038,0.7626968322130051,0.9615556338839375,0.7626968322130051
00843-DYehNKdT76V,1_2_1,87,cat,1_2,-0.161623274042776,4.63837240335163,-4.311063403423448,0.671349394444187,0.948912636988766,0.9338004616584925,0.9961859073684367,0.76055021465015,0.9656373401730843,0.76055021465015
00843-DYehNKdT76V,1_2_10,82,cardboard,1_2,-0.9938282750357035,5.722371364478022,-4.148241355158099,0.22008230181597352,0.9665164697445561,0.9472824248759844,0.9889716429605275,0.24305946729301542,0.7003365695475955,0.24305946729301542
00843-DYehNKdT76V,1_2_11,545,wood,1_2,-1.462844917301794,3.321145937797709,-3.868706130642526,0.7750506043925474,0.9149050179050292,0.9281207603227388,0.9596533295042968,0.9511197243335623,0.9511197243335623,0.9999935981847
00843-DYehNKdT76V,1_2_12,545,wood,1_2,-0.9890367149525878,3.393502024468733,-3.351116609502572,0.6434824511270147,0.9796389621365201,0.9308885067688486,0.9881792131530197,0.7140642255326379,0.7140642255326379,0.8746361486414005
00843-DYehNKdT76V,1_2_13,326,partial,1_2,-1.3848949296120256,4.478435664102774,-4.2174282476731175,0.6231841144618685,0.9673009330828983,0.9077013988784026,0.992407588889301,0.7151904162276126,0.7648761941262144,0.7151904162276126
00843-DYehNKdT76V,1_2_14,158,drawer,1_2,-0.38379715359754096,3.7391857530341768,-3.326957954693066,0.9119403763035858,0.9769144095480441,0.9371285332805099,0.9999735294982343,0.9961443222124237,0.9961443222124237,0.9999977885787538
00843-DYehNKdT76V,1_2_15,82,cardboard,1_2,0.24939215760731961,4.386058869207215,-3.31460605720376,0.04179317273570854,0.9828480780124664,0.9780048444875349,0.9946795413084436,0.04371140416129676,0.6327159007828296,0.04371140416129676
00843-DYehNKdT76V,1_2_16,480,tissue,1_2,-0.20249755850896647,4.451082813401117,-3.0125243381783338,0.5037895764106034,0.7905348977274763,0.96010779013705,0.9323114375067642,0.7119461167381894,0.7119461167381894,0.8910130539082861
00843-DYehNKdT76V,1_2_17,82,cardboard,1_2,1.2379200162456288,3.8514362781517564,-3.0025518634835557,0.03639052973000548,0.9670602914316829,0.9358555652906017,0.9996357956724551,0.04022390218829406,0.5811626797467473,0.04022390218829406
00843-DYehNKdT76V,1_2_18,316,overhang,1_2,-0.500679682488829,4.946163356732368,-3.141243109300537,0.006361666377187123,0.9538840835541486,0.9090115523497106,0.9796183035245014,0.007489433931215785,0.6249795656712319,0.007489433931215785
00843-DYehNKdT76V,1_2_19,545,wood,1_2,1.0929585768913106,3.3373909422500754,-3.6081654581436036,0.739721818356744,0.8412048146128654,0.9729373170368336,0.9756451904576362,0.9263815773273467,0.9263815773273467,0.9999988266441863
00843-DYehNKdT76V,1_2_2,326,partial,1_2,-1.0624654792357133,5.14651690151374,-4.258000942298443,0.4259086869389871,0.9725398528681561,0.9340285966072112,0.9912960095171747,0.472983031303812,0.5714784304461912,0.472983031303812
00843-DYehNKdT76V,1_2_20,87,cat,1_2,-0.4072891578516068,3.9514845954451774,-4.28220120141971,0.005273094393363154,0.9663945370116589,0.9346743753387454,0.9934027884076081,0.005876589683156054,0.5100903568714396,0.005876589683156054
00843-DYehNKdT76V,1_2_21,53,box,1_2,-0.5648656828867833,4.024813856353908,-3.1297995537123824,0.4458720686645188,0.9611740614687216,0.9432227487922564,0.9947304795584492,0.49441146471095226,0.7713361573071777,0.49441146471095226
00843-DYehNKdT76V,1_2_22,545,wood,1_2,-0.28248975535856313,3.3196859844202744,-3.4668534658456553,0.7703299136159762,0.9728856385857969,0.890069470984997,0.9387955742788742,0.9475890456799868,0.9475890456799868,0.9999938591516866
00843-DYehNKdT76V,1_2_23,480,tissue,1_2,1.5215584703877694,4.4604869459762275,-3.6502313502185912,0.7107400408537061,0.9676782924571339,0.9108727568784092,0.9829345638910031,0.8203467544235588,0.8203467544235588,0.8390595496245252
00843-DYehNKdT76V,1_2_24,158,drawer,1_2,-0.2433778123881238,3.768805629662668,-3.176619929037917,0.8639420332568543,0.9692849597997135,0.8951511843821119,0.9999703853928443,0.9957483634239597,0.9957483634239597,0.9999978248195299
00843-DYehNKdT76V,1_2_25,545,wood,1_2,0.462901169658764,3.3218569971384366,-3.210693235102519,0.8679938987926138,0.988715476290598,0.93701053503485,0.9589881524761068,0.97698438984996,0.97698438984996,0.9999979414521926
00843-DYehNKdT76V,1_2_26,480,tissue,1_2,0.7786369059811022,4.52972968796969,-3.055232519386625,0.6922185462857647,0.906484720931537,0.9458393899143658,0.9693000080759461,0.8329273634540719,0.8329273634540719,0.9802402949588541
00843-DYehNKdT76V,1_2_27,82,cardboard,1_2,1.2036078287843843,4.567124955405813,-3.952481128653976,0.46858825340125654,0.9674167350531127,0.9296426970478491,0.9941848102430182,0.524076415743117,0.524076415743117,0.8087230826210227
00843-DYehNKdT76V,1_2_28,158,drawer,1_2,-0.3611993595854299,3.9702424433489374,-3.258017249290416,0.9468907852509806,0.9901242183473549,0.9627820139291559,0.9999541479516311,0.9933496704410941,0.9933496704410941,0.9999960693711738
00843-DYehNKdT76V,1_2_29,82,cardboard,1_2,-0.44137302195632755,5.20028505383947,-4.2837964631051735,0.15934865314514698,0.9839120010247528,0.9285620870634634,0.9550469228594676,0.18262342440464516,0.5921106256528157,0.18262342440464516
00843-DYehNKdT76V,1_2_3,326,partial,1_2,-1.0550111261453132,5.40322802163863,-4.469107226060179,0.11811776375518222,0.9562082034631241,0.8957761716994137,0.9867274929257087,0.13975456932152117,0.5145039006704981,0.13975456932152117
00843-DYehNKdT76V,1_2_30,326,partial,1_2,0.3636083108676795,5.547724783427631,-3.3407583840604422,0.13694109520789546,0.9624300740038356,0.9421918755261836,0.8845438782023599,0.17072844128815207,0.7235648990666305,0.17072844128815207
00843-DYehNKdT76V,1_2_31,405,shelf,1_2,1.4053084530511724,3.7829665135528523,-3.3901132369496128,0.4403357852763865,0.9271704082045894,0.9359909427424636,0.999559143750408,0.5076264891023854,0.5076264891023854,0.7100740642954375
00843-DYehNKdT76V,1_2_32,93,ceiling chassis,1_2,1.6903258741014808,5.368886578730065,-3.5382921078829512,0.00028717075595532314,0.8740630681386236,0.9406879058359745,0.9767290659430526,0.0003575837452649389,0.5772647997021908,0.0003575837452649389
00843-DYehNKdT76V,1_2_33,108,cloth holder,1_2,1.1092581608292935,4.9819764012704715,-2.9928869574732944,0.5154028711668729,0.976415196027367,0.951046343889537,0.9950827511022778,0.5577652140273714,0.5577652140273714,0.9996233449840177
00843-DYehNKdT76V,1_2_34,93,ceiling chassis,1_2,1.4916857709897782,5.582906030198869,-3.837586014654472,0.09058168655760983,0.933191122530269,0.9560009706227346,0.9838769867285772,0.10319785450719714,0.5193573181877043,0.10319785450719714
00843-DYehNKdT76V,1_2_35,82,cardboard,1_2,0.9017390205185636,4.810630722508112,-2.858013613295657,0.004667519974881183,0.9605170886231283,0.9185541082990387,0.9911884749713264,0.005337281410985654,0.5326121116544633,0.005337281410985654
00843-DYehNKdT76V,1_2_36,87,cat,1_2,-0.07306216963546659,5.435798612513571,-3.051621010057904,0.33179878551886616,0.7530531658976591,0.932540767366627,0.9682557216736531,0.4879679010129797,0.6166733008827642,0.4879679010129797
00843-DYehNKdT76V,1_2_37,493,towel,1_2,1.429231094988375,4.750438330432378,-3.0177810277484047,0.4414289393275807,0.9585235855633154,0.8799579040818737,0.8838913897802444,0.5921029130441291,0.5921029130441291,
00843-DYehNKdT76V,1_2_38,545,wood,1_2,1.1086945673930433,3.3220989376457606,-3.1569076053695566,0.8504693121830256,0.9772488002937862,0.9426721904273352,0.9731823910972608,0.948633733369288,0.948633733369288,0.9999957627477435
00843-DYehNKdT76V,1_2_39,195,foam,1_2,0.88844974046632,5.721585566817298,-3.7920599812151794,0.018700800753793923,0.8464411585419266,0.9365808972280663,0.942452895625915,0.025029863516474724,0.6955252304170982,0.025029863516474724
00843-DYehNKdT76V,1_2_4,195,foam,1_2,-0.060788453108815546,5.722901627187358,-3.7121767570215525,0.2957166653053257,0.9570253675269453,0.9555170950992808,0.9955779339646957,0.32481690720213413,0.7453157202213931,0.32481690720213413
00843-DYehNKdT76V,1_2_40,82,cardboard,1_2,-0.7485326591292667,4.696056268516343,-4.301968000632557,0.6602905131997963,0.9312052022044858,0.9125519421015387,0.9971962504030148,0.7792044668394253,0.7792044668394253,0.8488245419576285
00843-DYehNKdT76V,1_2_41,316,overhang,1_2,0.05243232467261778,5.286654731639893,-2.8598836706839537,0.39470659175786094,0.9645901119085067,0.9372154297693613,0.9590297172630452,0.45526061317970096,0.7663011873663204,0.45526061317970096
00843-DYehNKdT76V,1_2_42,405,shelf,1_2,0.3887572146581816,4.719779567251801,-2.857849574873005,0.34568879911928635,0.9515214294299017,0.9407577066958683,0.9969702989169378,0.38735282646217145,0.6146818733847952,0.38735282646217145
00843-DYehNKdT76V,1_2_43,341,plank,1_2,0.691802903970741,4.28373502707515,-3.119042115653475,0.01276069568619575,0.9106713583072026,0.9321414403488182,0.9805656234895646,0.015330424988363026,0.5407597640865783,0.015330424988363026
00843-DYehNKdT76V,1_2_44,545,wood,1_2,1.075151992376495,3.3224208014201104,-3.288835929679186,0.8279362872967836,0.9205581201025378,0.9675365515495774,0.9747412733967844,0.9536499005491288,0.9536499005491288,0.9999975262554163
00843-DYehNKdT76V,1_2_45,545,wood,1_2,0.954163037564703,3.3978331339637466,-2.8780290581945085,0.6297894692081423,0.8632579485770145,0.9825498862365116,0.9878587225447609,0.7516321704638512,0.7516321704638512,0.8145930752636968
00843-DYehNKdT76V,1_2_46,480,tissue,1_2,1.0747001677485537,4.4374368709305045,-3.107019649780342,0.17362140783965302,0.9395761483748044,0.9431871549215678,0.9573791252478236,0.2046394964933827,0.8601955652537411,0.2046394964933827
00843-DYehNKdT76V,1_2_47,545,wood,1_2,0.3630763437990117,3.3213470248425265,-4.187324098544736,0.7914459663337594,0.8735476151885262,0.9409354491784634,0.9859993406249322,0.9765584280034815,0.9765584280034815,0.9999566971840599
00843-DYehNKdT76V,1_2_48,436,sponge,1_2,1.4259656638799327,4.533984448070526,-3.132341145324647,0.8079525226148696,0.9321999317100952,0.9268432387892962,0.9957314446540672,0.9391355187879149,0.9391355187879149,
00843-DYehNKdT76V,1_2_49,480,tissue,1_2,1.1069587728504395,4.5336900977395445,-3.0516815897080836,0.004791968285609806,0.8816701426650538,0.9772579120061978,0.9817251061758882,0.005665114714721417,0.9389697014934593,0.005665114714721417
00843-DYehNKdT76V,1_2_5,326,partial,1_2,-1.2891479112558135,4.6275224531153665,-3.38552269563707,0.5471756300993724,0.9951151984553586,0.9337593771700695,0.9927795802777969,0.593151421171358,0.8636372733837936,0.593151421171358
00843-DYehNKdT76V,1_2_50,87,cat,1_2,-0.007272907142340087,4.59766800990832,-4.285320053559364,0.12869022022867094,0.9172766043080224,0.9319825065836522,0.9907274360595295,0.15194390255197984,0.7001082653174558,0.15194390255197984
00843-DYehNKdT76V,1_2_51,480,tissue,1_2,0.8383455171861687,4.482689611684974,-3.0974560116400123,0.6595812291292036,0.8435972140314054,0.9497394857415373,0.9636386069530631,0.8543079845502307,0.8543079845502307,0.873137049668101
00843-DYehNKdT76V,1_2_52,480,tissue,1_2,0.8383486698368353,4.553117746186697,-2.892942715311969,0.46816153144427247,0.7979494457121018,0.9811310044081782,0.9477438679528899,0.6309607799057793,0.6309607799057793,0.9303205265819422
00843-DYehNKdT76V,1_2_53,273,knife,1_2,0.8015257801869964,4.448546846542704,-3.1272074162044246,0.12220255310226745,0.9302806167868135,0.9581161640166612,0.5606048415292368,0.2445633057731624,0.5995565613371615,0.2445633057731624
00843-DYehNKdT76V,1_2_54,82,cardboard,1_2,1.699485048860974,4.240623214075352,-3.1929750152976033,0.2293447851856927,0.8935179098824225,0.9303797386183585,0.9981916004136037,0.27638308021378527,0.7861804117587141,0.27638308021378527
00843-DYehNKdT76V,1_2_55,545,wood,1_2,1.4277120795302087,3.3237512976311385,-3.4054179842081895,0.7721945510140866,0.8741300282954857,0.9623591376974934,0.9811325654396365,0.9355905531123474,0.9355905531123474,0.9999970068195624
00843-DYehNKdT76V,1_2_56,405,shelf,1_2,1.200253263881045,4.167065293317042,-2.86259154608863,0.12244190517541682,0.8787937864858085,0.9378225345550988,0.997157382208876,0.14899055164070538,0.576917506569442,0.14899055164070538
00843-DYehNKdT76V,1_2_57,244,handle,1_2,1.6669145267950982,4.357460272066021,-4.173634898095981,0.09033997149591792,0.9707025985585319,0.9778001675186392,0.9875685183115567,0.0963776677541229,0.706997498475975,0.0963776677541229
00843-DYehNKdT76V,1_2_58,82,cardboard,1_2,1.62702816718241,4.218460533946782,-3.0533207507640485,0.19663432031805403,0.8712849564431759,0.9472986509784915,0.9973184458233268,0.23887919966950255,0.7321645336425485,0.23887919966950255
00843-DYehNKdT76V,1_2_59,451,stick,1_2,1.2643513464619776,5.387021314236049,-3.1280636384025784,0.2349383323070892,0.9084493176932975,0.9559975913560569,0.9747058535757641,0.27753822489542934,0.7945082418508831,0.27753822489542934
00843-DYehNKdT76V,1_2_6,244,handle,1_2,-0.012379033975533017,5.414043047953974,-3.021450272434411,0.1591658346358797,0.9717031697083041,0.9029959305060997,0.9700015447237029,0.187007064298678,0.6440017067252704,0.187007064298678
00843-DYehNKdT76V,1_2_60,108,cloth holder,1_2,1.6915497276020155,5.332760405914558,-2.973719832969421,0.4534633414676415,0.956044105804844,0.8827508951188139,0.9923859109993982,0.5414339684784637,0.5414339684784637,0.9758764959557724
00843-DYehNKdT76V,1_2_61,108,cloth holder,1_2,1.6932972084499407,5.018673038511298,-3.346958052510894,0.5033009349249712,0.975279491146601,0.9285463251383674,0.9950620313128739,0.5585279547761962,0.5585279547761962,0.9996243211094524
00843-DYehNKdT76V,1_2_62,93,ceiling chassis,1_2,1.2629568435606782,5.29367045461916,-2.8583395926638744,0.15515046591094822,0.9041560348123312,0.9713335453551726,0.9916071173804174,0.17815650156081422,0.7241833075056607,0.17815650156081422
00843-DYehNKdT76V,1_2_63,316,overhang,1_2,1.0403970539559113,5.717106247656334,-3.250462984283337,0.5350217664288951,0.9728235379784201,0.9164935759902211,0.9521224157946105,0.6302533543976031,0.7588906752963304,0.6302533543976031
00843-DYehNKdT76V,1_2_64,87,cat,1_2,1.1972938707508503,5.470855898134304,-3.5750060425869186,0.36564762886987984,0.7319434993702267,0.9507857821350567,0.9745847231271911,0.5391168741452742,0.5391168741452742,0.6122509837198793
00843-DYehNKdT76V,1_2_65,405,shelf,1_2,-0.8263208827955266,4.641794726259174,-3.239024875669013,0.5052812254545215,0.8454376570880413,0.91282391183783,0.9960951553526647,0.6573001594037792,0.7877951865517798,0.6573001594037792
00843-DYehNKdT76V,1_2_66,316,overhang,1_2,-0.43391292400115294,5.326153815832207,-2.9152970352715,0.29603696629535997,0.8736410230682009,0.9535146856389696,0.9834359022781146,0.3613595036209891,0.7691719365844759,0.3613595036209891
00843-DYehNKdT76V,1_2_67,187,flag,1_2,0.8221354529371059,5.361288736936375,-3.0418468284459337,0.026228824909642397,0.9759155185773507,0.954035090500391,0.5797752688490779,0.04858951623410206,0.5738833212249923,0.04858951623410206
00843-DYehNKdT76V,1_2_68,82,cardboard,1_2,-0.5287218047608501,5.72122109712001,-3.4209358692191705,0.5383816108775039,0.9683094247207545,0.9539760218446367,0.9963182802250952,0.5849793034769061,0.8073853173285565,0.5849793034769061
00843-DYehNKdT76V,1_2_69,405,shelf,1_2,-0.8227041048847059,5.2100682758506975,-3.1920513854878516,0.6805079065636414,0.9393734037876129,0.9013051252873849,0.9895321019046903,0.8122564840031024,0.8122564840031024,0.8375042755901315
00843-DYehNKdT76V,1_2_7,326,partial,1_2,-1.0217663093502158,4.9111721359700695,-3.335379442663473,0.3325426416264477,0.9529477548093522,0.8944161878633677,0.988907076798517,0.39453280081923425,0.5768020852808977,0.39453280081923425
00843-DYehNKdT76V,1_2_70,326,partial,1_2,-1.0426064706513012,5.5025053531635,-4.3592523797019815,0.17106393443886103,0.9921973288658203,0.9567058481596832,0.9883380198610181,0.18233769982791767,0.5725004832017406,0.18233769982791767
00843-DYehNKdT76V,1_2_71,326,partial,1_2,-1.2268018445237907,5.549619758257329,-4.172885177995848,0.4208839080173045,0.9231054723494481,0.8919468730067914,0.9847747900074907,0.5190809445994914,0.6848040315085779,0.5190809445994914
00843-DYehNKdT76V,1_2_72,82,cardboard,1_2,-0.8678178213692631,5.723047446605114,-3.6551246720031725,0.6676901985236622,0.9581485787190505,0.9132607979188818,0.998766286360793,0.7639825715296273,0.9618134434112636,0.7639825715296273
00843-DYehNKdT76V,1_2_73,326,partial,1_2,-1.0686047503620137,5.080071597679573,-4.21254172619437,0.3756913112311349,0.7731617741335135,0.965304787394895,0.9909434213905383,0.5079809877556217,0.713544218360129,0.5079809877556217
00843-DYehNKdT76V,1_2_74,244,handle,1_2,-0.5394437026199834,4.341279618290012,-3.181269738872849,0.049705818885809765,0.9382287178736006,0.9298370487279506,0.9918456998711597,0.057444380461486456,0.6616821787719097,0.057444380461486456
00843-DYehNKdT76V,1_2_75,451,stick,1_2,0.17503716234665306,3.409805291907597,-2.8745675272791242,0.563073729252845,0.9724593266510259,0.9323951293456538,0.9908861632271527,0.6267149566805601,0.6267149566805601,0.9069885439227865
00843-DYehNKdT76V,1_2_76,53,box,1_2,-0.6040821724079668,4.078264694422494,-3.1008316164238074,0.07049501616120098,0.942806341534569,0.9408458021327656,0.9921317006662198,0.08010288194454587,0.702645767404492,0.08010288194454587
00843-DYehNKdT76V,1_2_77,480,tissue,1_2,0.08212463383112852,4.365162061577318,-2.8749876752439874,0.14703892814281633,0.9046247520577104,0.9425694513864845,0.9827509224583227,0.1754716828893162,0.5489256506673855,0.1754716828893162
00843-DYehNKdT76V,1_2_78,87,cat,1_2,-0.48023749825213874,3.3992741484645963,-4.269405377477806,0.744988653901809,0.9142822769843229,0.9065892905610848,0.9675695872612967,0.9289162573738137,0.9289162573738137,0.9348138886571236
00843-DYehNKdT76V,1_2_79,87,cat,1_2,-0.7420612111713735,3.8661276712820016,-4.294641019539255,0.3675732124996901,0.9541493281309372,0.9145991202722765,0.9716635982878299,0.4334917063458316,0.6888793403986991,0.4334917063458316
00843-DYehNKdT76V,1_2_8,326,partial,1_2,-1.175219533439888,4.535383622798873,-3.064202569999663,0.006623870848883843,0.9581775420882139,0.9282105552716371,0.9971090713383908,0.007469244885790148,0.5051241145626628,0.007469244885790148
00843-DYehNKdT76V,1_2_80,87,cat,1_2,-0.8178889268216059,4.437565340121219,-3.040199210564762,0.14060506657917832,0.9223813414573669,0.9999999999999999,0.7388555937006641,0.2063150434063729,0.5692288350121996,0.2063150434063729
00843-DYehNKdT76V,1_2_81,158,drawer,1_2,-0.05422241845805854,3.6467077460509914,-3.165773619428012,0.847024992135013,0.9480490093323636,0.929535509292132,0.9999246622185626,0.9612407442658282,0.9612407442658282,0.9999985157438737
00843-DYehNKdT76V,1_2_82,326,partial,1_2,-0.9847755718306525,3.9472544256269613,-3.3305736936922563,0.17313716524617603,0.991689298513519,0.9625863852944776,0.9947277881642506,0.18233528104107083,0.5979753452310865,0.18233528104107083
00843-DYehNKdT76V,1_2_83,82,cardboard,1_2,-0.8958775949539383,4.188106024300697,-4.276655555211276,0.4857193820027341,0.9237904445228616,0.9612265337351045,0.9918971860219752,0.5514670382455715,0.5514670382455715,0.7627282730444288
00843-DYehNKdT76V,1_2_84,545,wood,1_2,-1.361112986162239,3.320673987265863,-3.7331285033023374,0.7632473498266731,0.9680582616997363,0.8949749499332649,0.950179404482302,0.9271442663532906,0.9271442663532906,0.9999944180133856
00843-DYehNKdT76V,1_2_85,545,wood,1_2,0.09215809324517654,3.3231062871147876,-2.9843090762266065,0.8104182299391007,0.9468063900762794,0.9543212811441548,0.9586278420611766,0.9356283537048827,0.9356283537048827,0.9999946831889762
00843-DYehNKdT76V,1_2_86,326,partial,1_2,-1.116157336218617,4.53499177705836,-4.148904354504795,0.3980293263187941,0.8680004042883713,0.9109595536638514,0.9909434255258082,0.5079806723667307,0.7135441625001884,0.5079806723667307
00843-DYehNKdT76V,1_2_87,326,partial,1_2,-0.8159013723485825,4.142219002017391,-3.2835415820364875,0.055053012616408104,0.8579782694578171,0.9331938525918573,0.9942709134531504,0.06915573432602079,0.5562565721256301,0.06915573432602079
00843-DYehNKdT76V,1_2_88,82,cardboard,1_2,-1.048940772921555,5.1943669568145285,-4.4022264425178195,0.5165267411810325,0.9730493814853408,0.9344943026768535,0.9949107299556413,0.5709487898403452,0.7758016177292755,0.5709487898403452
00843-DYehNKdT76V,1_2_89,326,partial,1_2,-1.352690034971174,4.674268238104677,-4.161000644406346,0.3279866548470501,0.9963743505869957,0.960483502023201,0.9855295117489661,0.34775556702152677,0.7002564426406258,0.34775556702152677
00843-DYehNKdT76V,1_2_9,326,partial,1_2,-1.034378263079417,5.198832335781653,-4.2032810956179825,0.5408528861262372,0.9846424181739006,0.9713630266249604,0.9937465878061266,0.569040780316899,0.7409537870555788,0.569040780316899
00843-DYehNKdT76V,1_2_90,326,partial,1_2,1.272980582637449,5.16791694251996,-2.430579287258009,0.16325286161851715,0.9898656041237208,0.9416449483708842,0.9775138348828551,0.17917378798582168,0.7300789664343145,0.17917378798582168
00843-DYehNKdT76V,1_2_91,250,heater,1_2,0.3874134725510844,5.932059609228546,-2.5077585041252446,0.4594082278185975,0.9967225002894404,0.9282351944163945,0.9974203156577294,0.4978382554438842,0.5063260160929666,0.4978382554438842
00843-DYehNKdT76V,1_2_92,0,acoustic panel,1_2,1.0309974085211018,4.491741188477784,-2.512404776662759,0.8312005720210065,0.9818444412093504,0.9201603475280067,0.9976606564277354,0.9221823114465895,0.9221823114465895,0.9996554920106379
00843-DYehNKdT76V,1_2_93,250,heater,1_2,-0.5279065858406524,5.914314987362034,-2.502953918690338,0.4385764633250283,0.988826739616119,0.9444068124131855,0.9993898754206286,0.4699277185705018,0.7389728236776104,0.4699277185705018
00843-DYehNKdT76V,1_2_94,0,acoustic panel,1_2,-1.3890702165404236,5.572338570642372,-2.9490098119581822,0.5798279873595582,0.9432180945078532,0.9666663232227206,0.9961351389682832,0.6383990050822016,0.6383990050822016,0.9935689534386627
00843-DYehNKdT76V,1_2_95,0,acoustic panel,1_2,-0.8881902418623026,5.3192179029871705,-2.719802232727989,0.937137336141358,0.9798338133806758,0.9589820517642818,0.999668515357013,0.9976640544725476,0.9976640544725476,0.999956750133143
00843-DYehNKdT76V,1_2_96,326,partial,1_2,0.3024433148545386,4.221317103354703,-2.4127019101774225,0.44727225155465733,0.8608591939219169,0.9354238882329036,0.9911126440235799,0.5604132057055655,0.7846269641366745,0.5604132057055655
00843-DYehNKdT76V,1_3_0,326,partial,1_3,-9.517660565219431,4.76587236936709,-5.517285597320298,0.01780323237517115,0.9457057496749716,0.9485454408620417,0.9755770621923706,0.020343379904024777,0.5015742354662496,0.020343379904024777
00843-DYehNKdT76V,1_3_1,82,cardboard,1_3,-9.550111948157337,5.407406350038804,-5.390172690872126,0.6906594592123664,0.9632551021020781,0.9303892187383455,0.9938279764110483,0.775437427543812,0.775437427543812,0.8136785379523442
00843-DYehNKdT76V,1_3_10,326,partial,1_3,-7.7508606325503955,5.020185571020995,-5.970545117650732,0.09231132638235943,0.830226831138134,1.0,0.988230031696447,0.11251234561377949,0.6542651893486279,0.11251234561377949
00843-DYehNKdT76V,1_3_100,250,heater,1_3,-8.116704313270228,5.887924478534754,-3.40478139954104,0.5617805052019132,0.9729776792072676,0.9252712682718263,0.9970007787074296,0.6258917295427023,0.6258917295427023,0.8395985426789827
00843-DYehNKdT76V,1_3_101,82,cardboard,1_3,-8.600637044951494,5.155637906848521,-3.406117565673481,0.04820638616937312,0.809591431836575,0.8896239353361539,0.9985245636027801,0.06703065453814316,0.812253125221934,0.06703065453814316
00843-DYehNKdT76V,1_3_102,87,cat,1_3,-7.104841964712678,5.679023197413965,-6.309699361840895,0.6134143314752512,0.9935047898156092,0.9460210638234123,0.9724061042390233,0.6711745345786101,0.6711745345786101,0.682043825697961
00843-DYehNKdT76V,1_3_103,451,stick,1_3,-7.791050077186516,3.414769938383633,-3.992881793168209,0.5456020206761986,0.9612927858435583,0.9894639375374708,0.991618217624883,0.5784633119859981,0.5784633119859981,0.9280983241401736
00843-DYehNKdT76V,1_3_104,250,heater,1_3,-9.079901466822584,5.896167190938822,-3.4071155285554826,0.6006608170066355,0.9606392178504474,0.9369749997860197,0.9983145206028505,0.6684571893686786,0.809356348934492,0.6684571893686786
00843-DYehNKdT76V,1_3_105,82,cardboard,1_3,-8.442535626455209,4.777448575535858,-3.4961775063193263,0.22643689316755275,0.9457373537477993,0.9279563959504729,0.9975749061490387,0.258644685596363,0.6467477982007053,0.258644685596363
00843-DYehNKdT76V,1_3_106,545,wood,1_3,-7.619057386939473,3.3983463642958975,-4.439705225742553,0.023092956104938077,0.9762775477461528,0.9127683862754299,0.9899238595210077,0.02617844504682455,0.5278763513944643,0.02617844504682455
00843-DYehNKdT76V,1_3_107,82,cardboard,1_3,-7.2493643555165646,4.734647696680461,-4.187568049611638,0.45333821047042866,0.9647460833811329,0.9742256314349211,0.9964999405900696,0.48403021543664565,0.5102939229214517,0.48403021543664565
00843-DYehNKdT76V,1_3_108,326,partial,1_3,-7.620357965023414,4.582288185186148,-5.218675638669959,0.681687105136319,0.9840024174748776,0.9330500249098188,0.9949075287693985,0.7462790798731718,0.8689773356771251,0.7462790798731718
00843-DYehNKdT76V,1_3_109,326,partial,1_3,-7.628177174565705,4.632763576276775,-4.958553308108702,0.2544133044892381,0.9448053911762752,0.9482003667686422,0.9937020612443233,0.2857861293839957,0.6353135584680141,0.2857861293839957
00843-DYehNKdT76V,1_3_11,87,cat,1_3,-9.553119182609029,4.402458666763548,-5.316118483625764,0.45982662989388506,0.9339616149663925,0.954779716459494,0.9751058091412136,0.528822790507883,0.528822790507883,0.7615404237720774
00843-DYehNKdT76V,1_3_110,250,heater,1_3,-7.769297826900312,4.520366572077783,-6.001156543196328,0.00035608675708479306,0.9626770556784,0.9336481703550205,0.9940737945026418,0.00039854129332298556,0.5021222529962855,0.00039854129332298556
00843-DYehNKdT76V,1_3_111,423,ski,1_3,-7.560738664850423,4.426462020011551,-6.3807148023122515,0.6856394388124832,0.8997447112880687,0.9201567873647067,0.9923299509420659,0.8345619010354386,0.8345619010354386,
00843-DYehNKdT76V,1_3_112,82,cardboard,1_3,-6.733672236925849,4.721756085591731,-5.087923986304172,0.7958010471736364,0.9739695561653483,0.9328291156399576,0.9954764658687802,0.8798852429046148,0.9289022556631038,0.8798852429046148
00843-DYehNKdT76V,1_3_113,82,cardboard,1_3,-6.733162981795539,4.504912482562631,-5.120572918293984,0.814576189197828,0.943437481248701,0.9880649997916084,0.9949991366722766,0.8782342409717532,0.9250568006457851,0.8782342409717532
00843-DYehNKdT76V,1_3_12,326,partial,1_3,-9.550625925836123,4.47108771725283,-4.175619458120042,0.058488667917502325,0.9774948580175816,0.9764677662603926,0.992628544415737,0.06173231698196449,0.6069556761308045,0.06173231698196449
00843-DYehNKdT76V,1_3_13,478,tile,1_3,-9.20172415043105,4.276876692732591,-6.091453340356999,0.1615822038130904,0.9201955912159938,0.9811701808363396,0.9986784816591926,0.17920220360570016,0.5698388372639709,0.17920220360570016
00843-DYehNKdT76V,1_3_14,478,tile,1_3,-8.997277767240735,3.323138390401153,-5.2071967584653285,0.8769704183812621,0.9899359196853545,0.9558815341665023,0.998302859941253,0.9283494278583191,0.9292011389637103,0.9283494278583191
00843-DYehNKdT76V,1_3_15,326,partial,1_3,-7.583621052447653,4.537975902388665,-6.109594454527602,0.25892576219452507,0.9568999118908168,0.939836788872689,0.9914635379482847,0.29038859838506725,0.676348990239924,0.29038859838506725
00843-DYehNKdT76V,1_3_16,250,heater,1_3,-8.164864881444702,4.053807906825092,-5.991275175003468,0.0008151584791558428,0.7935957518791912,0.965167295165643,0.9933024580534131,0.0010714171862255455,0.5073719692169643,0.0010714171862255455
00843-DYehNKdT76V,1_3_17,516,unknown,1_3,-7.611570612358489,4.633235434458624,-6.074634507319084,0.20023374348613035,0.8690947190574977,0.9810366913392876,0.9658898118088941,0.2431405082092913,0.5091760205123105,0.2431405082092913
00843-DYehNKdT76V,1_3_18,478,tile,1_3,-8.417715040839806,3.3233332075825057,-5.676848663794355,0.7791639495517231,0.8843857496976852,0.972138487956142,0.9980757073819412,0.9080201610630324,0.9080201610630324,0.9643088043009131
00843-DYehNKdT76V,1_3_19,478,tile,1_3,-9.075507076007595,3.9365335459120065,-3.532485588025377,0.14176628527113852,0.8575449064350317,0.9711608648233909,0.9989345953596257,0.17040716869977357,0.5305867037103267,0.17040716869977357
00843-DYehNKdT76V,1_3_2,53,box,1_3,-9.080194561033204,4.023392508355219,-5.598206396272143,0.0386205903590931,0.9207104488443723,0.9145588443477575,0.9943719711681703,0.04612488625518846,0.620827834257714,0.04612488625518846
00843-DYehNKdT76V,1_3_20,221,glass,1_3,-9.547028076456591,4.347882111721048,-4.7686054394561115,0.001392449584815667,0.9756434864803123,0.9541488149682187,0.9904755037166606,0.0015101791715678263,0.6149477013683975,0.0015101791715678263
00843-DYehNKdT76V,1_3_21,326,partial,1_3,-9.409965529202562,4.324206102596626,-3.5385605447246156,0.33182870946171295,0.9909765124320986,0.9418236889988005,0.9899718375070609,0.35913534321519286,0.7285857577685134,0.35913534321519286
00843-DYehNKdT76V,1_3_22,250,heater,1_3,-8.427172080849331,4.351467316177783,-5.952528106415878,0.004131923900878731,0.9318441044953133,0.9723028490499783,0.9910145657287024,0.004601796997839662,0.5778087005716499,0.004601796997839662
00843-DYehNKdT76V,1_3_23,82,cardboard,1_3,-9.023881069889592,4.259718604839982,-6.105981493258617,0.3249569312546853,0.9212800732680729,0.9864706032194903,0.9955870465886457,0.3591457585008542,0.7264080369292583,0.3591457585008542
00843-DYehNKdT76V,1_3_24,478,tile,1_3,-8.644811638326495,3.424293231952198,-3.7442336789764274,0.5387655112813429,0.8387184098983805,0.9704301582710778,0.9980973391493221,0.6632029180855924,0.8459319335069293,0.6632029180855924
00843-DYehNKdT76V,1_3_25,484,toilet,1_3,-9.243199208560602,3.3937246696851853,-5.0236828678156265,0.8072269562553689,0.9525012159631366,0.8819764034161617,0.9982597818780492,0.9625639153528707,0.9642807054727606,0.9625639153528707
00843-DYehNKdT76V,1_3_26,244,handle,1_3,-9.428886192679105,4.45789253574446,-5.668121610284638,0.33777561574100745,0.9036156361452257,0.9458904509131587,0.9783937814836982,0.4039150469495803,0.5408727578177026,0.4039150469495803
00843-DYehNKdT76V,1_3_27,244,handle,1_3,-8.874620826556969,4.526884277539053,-6.103020565139457,0.19245780476929988,0.9270990637815444,0.9299981296819402,0.9841336102521379,0.22681576957829258,0.5403646383798739,0.22681576957829258
00843-DYehNKdT76V,1_3_28,484,toilet,1_3,-9.514595174475946,3.5427649772361045,-3.838156764700602,0.8913616343754127,0.9481172178029303,0.9778242494406564,0.9992370975809158,0.9621937940239194,0.9621937940239194,0.99981654182472
00843-DYehNKdT76V,1_3_29,221,glass,1_3,-8.197639722228251,4.504656889992536,-3.533063304511682,0.12472019863964667,0.980280265212059,0.935268972135278,0.9958177116281494,0.13660612152750218,0.5445642046704143,0.13660612152750218
00843-DYehNKdT76V,1_3_3,478,tile,1_3,-8.36455010297006,3.323116828315334,-5.485092921228641,0.7916439409726332,0.9736331885118503,0.9178317215568677,0.9976905880435587,0.8879235691125082,0.8879235691125082,0.9318790852524417
00843-DYehNKdT76V,1_3_30,478,tile,1_3,-9.553780893416103,4.297246092455551,-5.110094498478302,0.0002458129863273258,0.984589392488653,0.9404029730465794,0.9976534282973556,0.0002661068031624546,0.6281986325278394,0.0002661068031624546
00843-DYehNKdT76V,1_3_31,326,partial,1_3,-7.6821236276931115,4.4989571878368775,-5.281558961932955,0.5032021447832533,0.9638942027943476,0.9646550528232136,0.9898707049488127,0.5467170275112618,0.7077224014820654,0.5467170275112618
00843-DYehNKdT76V,1_3_32,478,tile,1_3,-8.200377774246418,3.703409921270043,-3.52864687364391,0.015524396197522843,0.9980625213833885,0.9220056879927345,0.9960392626100064,0.016937406543346443,0.6162280408208742,0.016937406543346443
00843-DYehNKdT76V,1_3_33,281,lid,1_3,-9.55061944469152,3.865540817605846,-4.770886800015203,0.4469579042158369,0.8445491488228882,0.9699769634310842,0.9918222223796742,0.5501060719614556,0.5501060719614556,
00843-DYehNKdT76V,1_3_34,326,partial,1_3,-9.095986618800866,5.036265844811604,-3.5388895176832813,0.20587262830342035,0.9464904014889458,0.9437432982255185,0.990731601426993,0.2326336305301912,0.5774702701398137,0.2326336305301912
00843-DYehNKdT76V,1_3_35,273,knife,1_3,-9.554957448026355,4.149407236331108,-5.239981967639418,0.37247156561885447,0.9242827614148457,0.9375174649750506,0.976509603021157,0.44018210790949913,0.7934716505171727,0.44018210790949913
00843-DYehNKdT76V,1_3_36,452,stone,1_3,-7.796301991155902,4.953412856402684,-3.5250065524917646,0.08346922982381787,0.9859456788137477,0.9241327409304635,0.9538394108799035,0.09604257569483506,0.7849024142183506,0.09604257569483506
00843-DYehNKdT76V,1_3_37,478,tile,1_3,-8.634424310670184,4.039906538022859,-3.527754646560319,0.02565762441739276,0.9968780821731843,0.9227195281024458,0.9959000918918204,0.02800843943565124,0.6293138317289473,0.02800843943565124
00843-DYehNKdT76V,1_3_38,221,glass,1_3,-8.454505736623721,4.252817232916586,-3.53455733451424,0.049349103140785985,0.9347990454927003,0.9348270029548498,0.9980205667048216,0.05658355951190693,0.6553809054181157,0.05658355951190693
00843-DYehNKdT76V,1_3_39,478,tile,1_3,-8.771535667479592,3.3208363505696044,-4.18731350144762,0.806521180498338,0.968879646133809,0.9193417388849496,0.9989209883397092,0.9064374253099712,0.9501645668386776,0.9064374253099712
00843-DYehNKdT76V,1_3_4,316,overhang,1_3,-7.217941415620496,5.771035432917281,-5.454823231424643,0.4998324747000779,0.9392768501812686,0.9436879948193926,0.99283726262774,0.5679686333087796,0.618717045342436,0.5679686333087796
00843-DYehNKdT76V,1_3_40,82,cardboard,1_3,-9.068059416358246,5.528392540472419,-3.5370672745190035,0.09551541313988265,0.9852132399876913,0.9117462835944191,0.9840212788428917,0.10805994130986527,0.6573965360898288,0.10805994130986527
00843-DYehNKdT76V,1_3_41,163,dustpan,1_3,-9.556444644582099,5.603459222253979,-3.7512738839734103,5.764206883245826e-06,0.9966604680587084,0.9056167389469361,0.9906336886465524,6.4466604007098364e-06,0.5243132224541414,6.4466604007098364e-06
00843-DYehNKdT76V,1_3_42,326,partial,1_3,-9.276509351820051,4.88622189137914,-3.5375071007285976,0.44767157578957734,0.9950763185818989,0.9267238422872651,0.9965355574132686,0.48714695670682095,0.5962501816462991,0.48714695670682095
00843-DYehNKdT76V,1_3_43,82,cardboard,1_3,-9.549599628229652,4.9591335160620735,-5.151972412742674,0.5867596813264568,0.8974461691439615,0.9130862340026891,0.9941153417582577,0.720283198738389,0.7440192526336536,0.720283198738389
00843-DYehNKdT76V,1_3_44,412,shower,1_3,-9.549478640555876,4.75176089111421,-3.9130121841365573,0.28146965277544295,0.9950254746282501,0.9437023076347608,0.9995832152986832,0.2998771713832575,0.6912176788017417,0.2998771713832575
00843-DYehNKdT76V,1_3_45,82,cardboard,1_3,-9.041822928960398,5.712928055003615,-4.40710422488039,0.362032771480771,0.9822751784002259,0.9440407443427763,0.9957948660404985,0.39206140657500255,0.8264776307553534,0.39206140657500255
00843-DYehNKdT76V,1_3_46,93,ceiling chassis,1_3,-8.300140604476232,5.318843835237363,-3.5316039928192393,0.37135241123036766,0.997665286064148,0.9390750463007027,0.9989882373284186,0.39677172177181613,0.9443493858242784,0.39677172177181613
00843-DYehNKdT76V,1_3_47,478,tile,1_3,-9.551020238136175,4.607296645002745,-4.957923200103282,0.0005799651284348171,0.9869508245056853,0.9311979620130848,0.9986025132814876,0.0006319339612609054,0.611402224979812,0.0006319339612609054
00843-DYehNKdT76V,1_3_48,326,partial,1_3,-8.870330908207151,5.333553457166743,-6.119427680753059,0.40547096190571574,0.9409105854754146,0.92548151872021,0.9869543073076266,0.47178769059908526,0.5172027125398188,0.47178769059908526
00843-DYehNKdT76V,1_3_49,244,handle,1_3,-9.543144721192284,5.008408147752907,-6.023213401068752,0.20808167893686913,0.9856283459827369,0.9131098227243819,0.9717633141957774,0.23792339265429863,0.5051295651183128,0.23792339265429863
00843-DYehNKdT76V,1_3_5,87,cat,1_3,-9.427125026387412,3.4747209784010953,-5.606822400793347,0.5940771958668487,0.9941880900961954,0.9482786310057183,0.9917169146333522,0.6354050192457441,0.6354050192457441,0.7090825247958664
00843-DYehNKdT76V,1_3_50,87,cat,1_3,-9.4554543598353,4.499538879331641,-5.429019153767125,0.4467100491966556,0.980957429950183,0.9405407460941836,0.9633131036565776,0.5026092520298017,0.5026092520298017,0.5599982399278374
00843-DYehNKdT76V,1_3_51,478,tile,1_3,-9.116800947888157,5.049460200089929,-6.1037679017476485,0.028889190478848244,0.9620122301122357,0.9578338092168426,0.9954534182516785,0.03149514951158892,0.7454978997322651,0.03149514951158892
00843-DYehNKdT76V,1_3_52,244,handle,1_3,-9.397716376866285,4.285992103122339,-5.799460184779563,0.48691388841005623,0.9748788397992171,0.9318979332745038,0.9819365536129354,0.5458203735972028,0.5806135266616627,0.5458203735972028
00843-DYehNKdT76V,1_3_53,273,knife,1_3,-9.463960547092048,4.335590690309979,-5.405771010352125,0.17296402799276575,0.9775218795349699,0.8767534721332256,0.9700885239289002,0.20803693291305175,0.6432706777753993,0.20803693291305175
00843-DYehNKdT76V,1_3_54,489,tool,1_3,-9.353637348703645,4.121416367257783,-5.610748772077296,0.4454089979069733,0.941113903792432,0.9244435352694754,0.9559429780825363,0.5355554206315204,0.5355554206315204,0.9999955514432648
00843-DYehNKdT76V,1_3_55,244,handle,1_3,-9.51027129292501,4.696022630725949,-5.998992693940672,0.16931348917052244,0.9977757996009067,0.9262433346099457,0.9541212234435985,0.19201269415243047,0.5550366999008465,0.19201269415243047
00843-DYehNKdT76V,1_3_56,412,shower,1_3,-9.550708695628968,4.976628681668423,-4.597715021825372,0.6221633219119183,0.9970532448710075,0.9225529619926022,0.9968183653358547,0.6785450945710868,0.6785450945710868,0.9550302091248414
00843-DYehNKdT76V,1_3_57,489,tool,1_3,-9.361016617591266,4.201541006453923,-5.81395300128395,0.5372082685121968,0.9890211925806407,0.9441794864337028,0.9512918709778422,0.6047400683696871,0.6047400683696871,0.9994322552588433
00843-DYehNKdT76V,1_3_58,326,partial,1_3,-9.228681875528748,4.28566491683147,-3.5370937734341505,0.4693815594957381,0.9626518714454245,0.9376107491857182,0.9948719879842234,0.522717432050673,0.7642895435703531,0.522717432050673
00843-DYehNKdT76V,1_3_59,478,tile,1_3,-8.654046424050973,3.3229789607015943,-5.063709038894297,0.8892358895562529,0.9906686908910846,0.939908634581486,0.9990986607837959,0.9558605295167965,0.9681815606351908,0.9558605295167965
00843-DYehNKdT76V,1_3_6,545,wood,1_3,-7.102749770316746,3.3221155611443143,-5.915238048165718,0.6310162184512556,0.7012475905850214,0.9952446809241371,0.9925183039706622,0.910963024758443,0.910963024758443,0.9998160458400334
00843-DYehNKdT76V,1_3_60,484,toilet,1_3,-9.463164265217554,3.3247683064554203,-3.7007243468644524,0.7550235215324571,0.9890368903572464,0.9397223029121469,0.998409763728636,0.8136537625152229,0.8136537625152229,0.998232775031847
00843-DYehNKdT76V,1_3_61,478,tile,1_3,-8.453828299530308,4.003030930763181,-3.533643250305319,0.12056731542605671,0.9911350386209048,0.931405905331713,0.996285729005309,0.13109129833756278,0.635954703777112,0.13109129833756278
00843-DYehNKdT76V,1_3_62,221,glass,1_3,-8.458038255738142,3.8851070339037417,-3.5277717645112565,0.11742948604549465,0.9823193771175682,0.9433166826759305,0.998053027742123,0.12697356624823344,0.8225838487640521,0.12697356624823344
00843-DYehNKdT76V,1_3_63,412,shower,1_3,-9.552167194352869,4.1462411642895916,-4.71459057631997,0.8133224325826067,0.9801141810122895,0.9595833239468223,0.9990821780887931,0.8655699567632681,0.8655699567632681,0.9972840621615597
00843-DYehNKdT76V,1_3_64,478,tile,1_3,-8.911013994467961,3.321828212346634,-4.452937813359785,0.8376494359994546,0.9629831065896524,0.9489886296076033,0.9986393244569399,0.9178547490256348,0.9510336538286476,0.9178547490256348
00843-DYehNKdT76V,1_3_65,326,partial,1_3,-9.091503175713584,4.229750156874137,-3.5329871227652876,0.42505166810743894,0.939506922807043,0.959257780237575,0.9964804823604508,0.4733012083544322,0.7437103073677842,0.4733012083544322
00843-DYehNKdT76V,1_3_66,221,glass,1_3,-9.468110546551427,4.853393166166197,-3.5403623967292153,0.1320957460980289,0.9784962636810524,0.942604495854356,0.9981707977918955,0.14348129690629408,0.6734306031383127,0.14348129690629408
00843-DYehNKdT76V,1_3_67,412,shower,1_3,-9.548674995011048,4.859814345716567,-4.327789165865966,0.5220816472520964,0.9701999829865751,0.9346677356615771,0.9959035060304382,0.5780995768283176,0.5780995768283176,0.7587999251868499
00843-DYehNKdT76V,1_3_68,412,shower,1_3,-9.550403083072037,4.531814398401714,-4.517995614884301,0.6690895397163177,0.9804156934905904,0.9200220607357428,0.9989927775511565,0.7425289595899163,0.7425289595899163,0.9942929297831392
00843-DYehNKdT76V,1_3_69,93,ceiling chassis,1_3,-8.590337362195365,5.06114333409469,-3.5293120632806523,0.2561386501461156,0.9609077514954014,0.9501648798024318,0.9981625850545711,0.28105619277847965,0.7130882104498095,0.28105619277847965
00843-DYehNKdT76V,1_3_7,326,partial,1_3,-7.627857259583307,4.434419866442979,-5.218717800354685,0.6376466115764399,0.8480870232920443,0.984448213497433,0.9951239464749235,0.7674844514517113,0.9155539574517065,0.7674844514517113
00843-DYehNKdT76V,1_3_70,82,cardboard,1_3,-8.470946303072381,5.726462016093145,-3.6651139426621273,0.3582915268136517,0.9599535893916062,0.9158211851620597,0.9933139931875528,0.41028823305600914,0.5221165883695433,0.41028823305600914
00843-DYehNKdT76V,1_3_71,452,stone,1_3,-9.549784390929826,4.950660665972084,-4.948765831614426,0.0004556080877969436,0.9946596315339372,0.9440319426383765,0.9978104605866674,0.00048627527762690507,0.5176940672973306,0.00048627527762690507
00843-DYehNKdT76V,1_3_72,326,partial,1_3,-9.547210384010596,4.950526000500998,-4.236153142787829,0.15603760910104347,0.9818492656106597,0.9486162284194453,0.9963512734397716,0.16814402423436653,0.5763009088815234,0.16814402423436653
00843-DYehNKdT76V,1_3_73,82,cardboard,1_3,-9.519828778541148,5.283585850168058,-4.344557272637358,0.02701998550607239,0.991524585483728,0.9502318480229848,0.996435596183846,0.028780796491402524,0.5290310252974312,0.028780796491402524
00843-DYehNKdT76V,1_3_74,478,tile,1_3,-9.32567275760744,5.2556772245085135,-3.54022636149753,0.023157359995311187,0.9934633978362297,0.9542872714333688,0.9970417253970836,0.024498794307076136,0.6615082744180318,0.024498794307076136
00843-DYehNKdT76V,1_3_75,516,unknown,1_3,-9.542202687020406,4.881553103775808,-5.566827612990692,0.6545303592696086,0.9921967685222626,0.951817460848409,0.9078572203348356,0.7634151382639291,0.7634151382639291,0.9403480406866441
00843-DYehNKdT76V,1_3_76,82,cardboard,1_3,-9.37880094100336,5.45896390032064,-6.1012251681752305,0.010779550390478341,0.9844064164707843,0.9494789027194289,0.9858562686499828,0.011698422161242408,0.5147131520274042,0.011698422161242408
00843-DYehNKdT76V,1_3_77,82,cardboard,1_3,-9.326149851379515,5.725775222403453,-5.357192294702467,0.4499064075672039,0.948877650761494,0.9243527691032215,0.9951477337536471,0.5154501328009733,0.9006592206571569,0.5154501328009733
00843-DYehNKdT76V,1_3_78,316,overhang,1_3,-8.283161222434813,5.328418013600214,-6.0898136871914685,0.08044547554379552,0.9914629704982698,0.9538801574170834,0.8623652928701938,0.09863704216118294,0.5345864294722539,0.09863704216118294
00843-DYehNKdT76V,1_3_79,195,foam,1_3,-8.7122514270488,5.174979968525011,-6.173477287642129,0.10627952856011694,0.9908618496200822,0.9329001394085477,0.9311464963191372,0.12347622413210012,0.7809828608574835,0.12347622413210012
00843-DYehNKdT76V,1_3_8,326,partial,1_3,-7.628994365256377,4.621090812672267,-4.258761269572103,0.10432933415723825,0.9246225357055664,0.9398572064616568,0.9952402279371747,0.12062912111562855,0.6010759728222167,0.12062912111562855
00843-DYehNKdT76V,1_3_80,82,cardboard,1_3,-9.020105590319663,5.726759909349668,-5.740549438795139,0.4430533893331276,0.8652336347315993,0.9397374671733527,0.9942730532969479,0.5480377286837322,0.797047051269944,0.5480377286837322
00843-DYehNKdT76V,1_3_81,70,camera,1_3,-9.151189564477452,5.564199711829905,-6.1026279724780075,0.49406041253999455,0.9834038334840547,0.9578503178370077,0.9809958302355481,0.5346669639196484,0.5346669639196484,
00843-DYehNKdT76V,1_3_82,516,unknown,1_3,-8.055633531403977,5.027441938970968,-5.955848245945527,0.4938581796108235,0.9789335861107409,0.9211849408091151,0.9665561380022881,0.5665980943913433,0.6039898887575219,0.5665980943913433
00843-DYehNKdT76V,1_3_83,316,overhang,1_3,-8.731146838753002,4.446282477499443,-6.118407486958563,0.18294372957253774,0.9896177388621294,0.9425867569886984,0.9793326350815497,0.20026197564005638,0.6736678237424452,0.20026197564005638
00843-DYehNKdT76V,1_3_84,478,tile,1_3,-9.101589933511962,4.465395978596841,-6.102963599327852,0.27405502333936876,0.9582970343806994,0.9428305792981582,0.9991116387534715,0.3035917355381647,0.7322863215663705,0.3035917355381647
00843-DYehNKdT76V,1_3_85,516,unknown,1_3,-8.569545753344467,4.55372548413671,-6.129866648041397,0.3687620113507593,0.989795633269982,0.9321050890090511,0.9641188856602314,0.414576969314353,0.5111182093975359,0.414576969314353
00843-DYehNKdT76V,1_3_86,480,tissue,1_3,-8.702526395216722,3.8471792662027724,-6.129977154524805,0.04336164216865462,0.9965697625245686,0.9290866004238209,0.9470150891494442,0.04945212062469267,0.5105384337426513,0.04945212062469267
00843-DYehNKdT76V,1_3_87,516,unknown,1_3,-7.114757232840088,3.315096500031844,-6.294693311755418,0.21226621316161928,0.9870715958513182,0.9405775202396902,0.9925715632624262,0.2303434110318677,0.6481861601349815,0.2303434110318677
00843-DYehNKdT76V,1_3_88,489,tool,1_3,-9.337127497332894,4.194920005931202,-5.415183535809183,0.4751180108915817,0.99829835006895,0.955907843376087,0.9769068369357317,0.5096499273193262,0.5096499273193262,0.9999623019587641
00843-DYehNKdT76V,1_3_89,545,wood,1_3,-7.4574914381638315,3.3217094945897876,-5.841960084028253,0.7395603964828255,0.8929998858273029,0.9354403773498275,0.9921442635633018,0.8923419408432713,0.8923419408432713,0.9998754636804755
00843-DYehNKdT76V,1_3_9,484,toilet,1_3,-9.239834537557854,3.7479339892775285,-4.827681537012547,0.8932269748283944,0.9649494321982877,0.9317344486598438,0.999921406820054,0.9935717989718155,0.9935717989718155,0.9998864902776631
00843-DYehNKdT76V,1_3_90,273,knife,1_3,-9.292242070457263,4.088353597309006,-5.315347946872243,0.24038085132333137,0.9919541122582689,0.9028651395659981,0.9685122018860778,0.2771279347736388,0.5991054885007873,0.2771279347736388
00843-DYehNKdT76V,1_3_91,341,plank,1_3,-6.732553699167165,3.447381798754262,-5.073482827453995,0.35959987934690146,0.9726125909222497,0.8975980255930485,0.9901615800084342,0.415998428849298,0.6313328176886983,0.415998428849298
00843-DYehNKdT76V,1_3_92,516,unknown,1_3,-9.093852081371459,3.9992172581065444,-5.309610371978782,0.5232234870210921,0.9539646483921005,0.9109889261068271,0.9737320247632445,0.6183044872699021,0.6183044872699021,0.6264097796057747
00843-DYehNKdT76V,1_3_93,545,wood,1_3,-7.479003347555662,3.320862960110771,-4.561821167502875,0.8053198725638769,0.9863875306561869,0.9358138508243823,0.9904357130088403,0.8808563350534289,0.8808563350534289,0.9999797854626464
00843-DYehNKdT76V,1_3_94,478,tile,1_3,-8.454654481734895,3.3229972845461515,-5.784629565012955,0.1804288570631247,0.9586008882003999,0.9355598298433725,0.995440145822883,0.2021070453431263,0.5826598886604617,0.2021070453431263
00843-DYehNKdT76V,1_3_95,157,door screen,1_3,-7.512256888615673,4.643363792490852,-6.08443623189321,0.46405345722284397,0.9547901405932043,0.9392747447098937,0.9974955536208358,0.5187480452205123,0.6771252076775378,0.5187480452205123
00843-DYehNKdT76V,1_3_96,82,cardboard,1_3,-6.7355901588306395,4.613268197430868,-5.054293544596281,0.7734961966920896,0.9455099308602359,0.9609185659619068,0.9963594837158283,0.8544554899382761,0.926091805145126,0.8544554899382761
00843-DYehNKdT76V,1_3_97,82,cardboard,1_3,-8.898904456199629,4.279236149556151,-2.9270733010098633,0.08623299689891586,0.9925789778277345,0.9007083732028778,0.9978141514988643,0.09666617797658318,0.7427055128860093,0.09666617797658318
00843-DYehNKdT76V,1_3_98,82,cardboard,1_3,-7.630753235954459,3.902862552395649,-3.445460346521175,0.5662488378166534,0.9941029186498599,0.9397766607008421,0.996619681696383,0.6081656123479147,0.6081656123479147,0.8575624875732332
00843-DYehNKdT76V,1_3_99,82,cardboard,1_3,-8.463393773504304,4.406809817347096,-3.404873851052209,0.0836336756300866,0.9909460990313899,0.922529819442967,0.9982632532267373,0.09164434129202693,0.7734301565548244,0.09164434129202693
00843-DYehNKdT76V,1_4_0,93,ceiling chassis,1_4,0.41047407130913777,5.657925267057403,-5.29587331873887,0.8879245077027359,0.9804246213609729,0.9423301362899352,0.9994280541230464,0.9616282598742594,0.9616282598742594,0.9681620693982264
00843-DYehNKdT76V,1_4_1,221,glass,1_4,1.3533668662686227,4.512681125677121,-5.655305468622178,0.01578322890564184,0.9806125017657669,0.9455969561560593,0.9990904794068838,0.017036781102336196,0.5251448499802108,0.017036781102336196
00843-DYehNKdT76V,1_4_10,326,partial,1_4,1.6559754026881672,4.8878259239154875,-4.879711074068255,0.20902912050243402,0.9621513343950406,0.9450857397796187,0.9941867111520175,0.23121938552198115,0.7856447628845972,0.23121938552198115
00843-DYehNKdT76V,1_4_11,82,cardboard,1_4,0.5570437519365188,3.8778180410229313,-4.479057416155512,0.581093199613648,0.977715650064174,0.9283464368762466,0.9980235334666733,0.6414788901909333,0.7933269163658815,0.6414788901909333
00843-DYehNKdT76V,1_4_12,326,partial,1_4,1.6607131656478407,5.426502153780321,-4.557687109501078,0.06493846779027745,0.9522456883316854,0.9150609068452498,0.9862340788858767,0.07556540516121857,0.7245563003325475,0.07556540516121857
00843-DYehNKdT76V,1_4_13,326,partial,1_4,1.6538827151633573,5.2670634128518925,-5.219507117316849,0.018981677757686385,0.9290849016938865,0.9089086498394339,0.998957479001478,0.022501525100842894,0.5584602211382059,0.022501525100842894
00843-DYehNKdT76V,1_4_14,326,partial,1_4,0.9659310923147305,4.658173749918315,-4.474712956180211,0.1188186710800346,0.949338799479063,0.8906069158372609,0.9921838525056514,0.14163977946734677,0.6060339871651901,0.14163977946734677
00843-DYehNKdT76V,1_4_15,412,shower,1_4,1.3500570586147622,4.4803983256176885,-4.458081787079759,0.8648047367751215,0.9810024948416652,0.9252642221847037,0.9986151403912804,0.9540783309025082,0.9540783309025082,0.9864293400242315
00843-DYehNKdT76V,1_4_16,326,partial,1_4,1.6533274955258295,5.460207504075449,-5.219466101957984,0.34214594427246525,0.9847393536751756,0.9156918248674546,0.9982141804504238,0.3801167699031546,0.7320354673039283,0.3801167699031546
00843-DYehNKdT76V,1_4_17,221,glass,1_4,1.6521377849689614,4.709608307091751,-5.891641367791652,0.0089522049856807,0.9548053732018279,0.9199216671562717,0.9991256633484241,0.010201034146780091,0.6378921126786057,0.010201034146780091
00843-DYehNKdT76V,1_4_18,326,partial,1_4,1.6567476775146888,4.647554510939554,-5.586978197110152,0.027854427895153303,0.9575281531012879,0.9216208302179869,0.9990265596312918,0.031594637339969506,0.6093252995521979,0.031594637339969506
00843-DYehNKdT76V,1_4_19,93,ceiling chassis,1_4,0.9666884265947917,5.61813214332413,-5.331794259029442,0.8390565285213876,0.9624428408741458,0.9198721638333927,0.9996067656774116,0.9481119287267352,0.9481119287267352,0.966776914814206
00843-DYehNKdT76V,1_4_2,326,partial,1_4,-1.3964920233967857,4.586603067135889,-5.254833897730089,0.5393168802263054,0.9653526531180561,0.9379237257131411,0.9936861772829497,0.5994338288885049,0.7431232551968469,0.5994338288885049
00843-DYehNKdT76V,1_4_20,316,overhang,1_4,-0.058699509751228944,5.4418478511635335,-4.488291279573555,0.26964127179393466,0.9733657034380094,0.9328301001767707,0.9618474341427048,0.3087461743615588,0.7986274478705343,0.3087461743615588
00843-DYehNKdT76V,1_4_21,516,unknown,1_4,0.2998559680691543,4.675426195169291,-4.468242415548177,0.18586248688032106,0.9592674046385613,0.9515605394444202,0.9845095373753713,0.20682151002086246,0.5182053193173609,0.20682151002086246
00843-DYehNKdT76V,1_4_22,93,ceiling chassis,1_4,0.49257178069974744,5.615192961899135,-5.852195836526412,0.7981118913118291,0.9672815098911934,0.9463730716398826,0.9995104484395971,0.872290580630844,0.872290580630844,0.9267369966965362
00843-DYehNKdT76V,1_4_23,93,ceiling chassis,1_4,0.9676721158844932,5.616331176416086,-4.824376982699316,0.7576708288489344,0.9647255172857562,0.9201078301804401,0.9995527077656352,0.8539498651300754,0.8539498651300754,0.9507464217340681
00843-DYehNKdT76V,1_4_24,93,ceiling chassis,1_4,1.3946636979430376,5.616981962683761,-5.872819227496542,0.8434155638450441,0.9629307002565455,0.9235672927272752,0.9988569999216177,0.9494557215259644,0.9494557215259644,0.9687768584596719
00843-DYehNKdT76V,1_4_25,221,glass,1_4,1.6534930714608638,4.778631281209909,-5.798764308106186,0.02676723516279475,0.9946105154394098,0.9196705756147865,0.9989737104371917,0.029293017904408403,0.5861374677284158,0.029293017904408403
00843-DYehNKdT76V,1_4_26,93,ceiling chassis,1_4,0.5241798140410082,5.61743059734371,-4.805776427486395,0.6687342098275461,0.9826145055703448,0.9299077744469921,0.9993868382189177,0.7323132050746552,0.7323132050746552,0.91463046475552
00843-DYehNKdT76V,1_4_27,82,cardboard,1_4,-1.2930954513288164,4.571925762984978,-4.891495828304965,0.7017627812968079,0.9527233628815036,0.935636796010163,0.9986672708371584,0.7883070415444665,0.7883070415444665,0.8430839442410664
00843-DYehNKdT76V,1_4_28,82,cardboard,1_4,-0.8652729999067622,4.8396388847425245,-4.423655858269096,0.329225624388007,0.9636449083361937,0.9218209817387051,0.9900026337039006,0.3743636388805583,0.7206246847828924,0.3743636388805583
00843-DYehNKdT76V,1_4_29,82,cardboard,1_4,-0.706815214136264,5.192903133980118,-4.499165585392601,0.46869852302921655,0.965306996220343,0.9243238483256415,0.9970017942215028,0.5268755349600999,0.5289081061113098,0.5268755349600999
00843-DYehNKdT76V,1_4_3,387,saw,1_4,-1.380645632733365,4.600009492823525,-6.050731092906619,0.03946076037122003,0.9789836633324431,0.9403167962578587,0.9332465522256648,0.04593242948311431,0.5819060209852126,0.04593242948311431
00843-DYehNKdT76V,1_4_30,412,shower,1_4,0.9027116197012964,4.969273462854827,-4.472732630250671,0.7638907296187198,0.9933236221735476,0.9354817280391513,0.9990638932511194,0.8228333833368879,0.8228333833368879,0.993696598827685
00843-DYehNKdT76V,1_4_31,93,ceiling chassis,1_4,-0.5941896975412861,5.723732447423034,-4.507645981891456,0.613190264938693,0.9684155830702325,0.9324349903618685,0.993068272240003,0.6838105753403926,0.6838105753403926,0.9089855664795022
00843-DYehNKdT76V,1_4_32,82,cardboard,1_4,-1.160795961118702,4.8738853694317,-4.462328909837244,0.36757659869318615,0.8908747988888929,0.9135352685198892,0.9966434243642215,0.4531751181287469,0.6907310359218,0.4531751181287469
00843-DYehNKdT76V,1_4_33,82,cardboard,1_4,-1.283291877295633,4.362391150323551,-4.842288897167977,0.6602634004446857,0.9676254745395411,0.9214974178844879,0.998057999078731,0.7419250394269077,0.7856597927005416,0.7419250394269077
00843-DYehNKdT76V,1_4_34,326,partial,1_4,-0.04813498608234613,4.973293759369111,-4.496137603292106,0.20684059782528258,0.963273711789924,0.9510881189298562,0.9869472767957492,0.2287554061326963,0.841844190378642,0.2287554061326963
00843-DYehNKdT76V,1_4_35,195,foam,1_4,-0.8643931280914718,4.190990661678705,-4.6852945812644835,0.05470656659802033,0.8566938194614488,0.8945923729570436,0.963970412981535,0.07404997732848105,0.827792052570006,0.07404997732848105
00843-DYehNKdT76V,1_4_36,244,handle,1_4,0.30289309161682715,4.247775916392524,-4.468085433891784,0.5004630906493035,0.9812424194111476,0.9324439268650434,0.9814712599410965,0.557308192730617,0.566274543445948,0.557308192730617
00843-DYehNKdT76V,1_4_37,82,cardboard,1_4,-1.3021502002577496,4.537667400441826,-4.665560293646875,0.5897722288610118,0.9580020877376413,0.9262587403832268,0.9988912539181065,0.6653763088863133,0.8274006394924514,0.6653763088863133
00843-DYehNKdT76V,1_4_38,519,vase,1_4,-0.5228986132963986,4.3383200368164605,-4.572355517964398,0.6545782779104522,0.9886873629553731,0.9416003183444412,0.8993706204953626,0.7818029644589382,0.7818029644589382,
00843-DYehNKdT76V,1_4_39,379,rod,1_4,0.5432844969127708,4.698869896394089,-4.468861201147745,0.000999043078567534,0.9456210992893489,0.9202724341958586,0.9748331021011885,0.00117766123621222,0.5492380396815728,0.00117766123621222
00843-DYehNKdT76V,1_4_4,195,foam,1_4,1.235723729833414,3.452385619011614,-4.52519316724862,0.43531104319285563,0.9604974377566509,0.9333039611037679,0.997775576049243,0.4866844788137605,0.6528877220258957,0.4866844788137605
00843-DYehNKdT76V,1_4_40,480,tissue,1_4,-0.6567615861091295,4.190567078096817,-4.551343437307568,0.3134571278940625,0.9682038516842577,0.9183961562008978,0.9167541580285928,0.38452837988090877,0.8063079082841252,0.38452837988090877
00843-DYehNKdT76V,1_4_41,52,bowl,1_4,-0.22899083876849263,4.1845445126950604,-4.686749812359414,0.4109794649387237,0.9789326109430696,0.9476321947591272,0.657821561105043,0.6734717994861683,0.6734717994861683,
00843-DYehNKdT76V,1_4_42,195,foam,1_4,0.10298194273301328,3.932916786907502,-4.516968127734035,0.007311271571760807,0.9636802616709521,0.9125898018389874,0.8504239357261778,0.009775722515067002,0.8300641026686475,0.009775722515067002
00843-DYehNKdT76V,1_4_43,93,ceiling chassis,1_4,0.2557585827422499,5.2812432379421095,-4.46485388438547,0.5433345211509698,0.9776320972117486,0.9398294567655543,0.9933459760733616,0.5953087386937305,0.5953087386937305,0.9194207727788448
00843-DYehNKdT76V,1_4_44,420,sink,1_4,-0.6086820557535392,3.906964491125625,-4.953760705954776,0.5303302642114093,0.9833617308224974,0.9255068566229432,0.9973416922857284,0.58426449234453,0.58426449234453,0.9997251114522147
00843-DYehNKdT76V,1_4_45,420,sink,1_4,-0.872328979938918,4.56188814251202,-4.410574601069771,0.10315323191456785,0.983557012561032,0.9355504911075436,0.9961280365912052,0.11253844383613953,0.7019829472255719,0.11253844383613953
00843-DYehNKdT76V,1_4_46,319,pan,1_4,-0.7692474961969561,4.324045676399294,-4.466439277219633,0.016484057162154984,0.9832984981831018,0.9263289348857762,0.9925758104909527,0.018232651001737866,0.8024698419099732,0.018232651001737866
00843-DYehNKdT76V,1_4_47,326,partial,1_4,-0.34864635803403865,4.077297429182279,-4.786481783321357,0.013152591949168934,0.9842915937718417,0.9206074345181525,0.7981678496961124,0.01818523268661353,0.5026455282902871,0.01818523268661353
00843-DYehNKdT76V,1_4_48,412,shower,1_4,-0.24063911148063966,4.575833527304058,-4.436441561230364,0.0002533596284237292,0.9806030835892515,0.9241325066878794,0.9962301687697346,0.0002806404205943091,0.5148899703584312,0.0002806404205943091
00843-DYehNKdT76V,1_4_49,326,partial,1_4,-1.1585616196487563,3.4020722210523475,-5.040721348801267,0.008933522662125512,0.9814338362959883,0.9309150502804346,0.8210477265133794,0.011909218464125623,0.6272924799838626,0.011909218464125623
00843-DYehNKdT76V,1_4_5,412,shower,1_4,1.6584035508065587,4.97236292749213,-4.7166665102714225,0.89937079679479,0.9818741854452272,0.9462876545608798,0.9992616330526098,0.9686804891506461,0.9686804891506461,0.9961923261868919
00843-DYehNKdT76V,1_4_50,516,unknown,1_4,1.0744757112674983,4.56252339808455,-4.475841725751813,0.29246026056300717,0.9748867203713406,0.9376323197142449,0.9903643014541396,0.3230614676473654,0.5174990462753848,0.3230614676473654
00843-DYehNKdT76V,1_4_51,478,tile,1_4,0.2022030028893542,3.3248439104499954,-5.236047001128646,0.8198127450058422,0.9820638306193286,0.9297593945979715,0.9982808699372219,0.8993973948559141,0.8993973948559141,0.9416144457644676
00843-DYehNKdT76V,1_4_52,244,handle,1_4,-0.23797934951920185,4.399321838823944,-4.465623819123315,0.08458869666339905,0.9532633240056497,0.9239660081377165,0.9872553789832017,0.0972778461770273,0.812697671534409,0.0972778461770273
00843-DYehNKdT76V,1_4_53,478,tile,1_4,0.07121563340454944,3.3247136950305127,-5.418557960361395,0.6987097936416992,0.9708363680875153,0.924282698061219,0.9974261871941544,0.7806658902006501,0.7806658902006501,0.8086590648112542
00843-DYehNKdT76V,1_4_54,244,handle,1_4,-0.6597971216146687,4.586882836916373,-4.509168870103475,0.32691836204199476,0.9658132151890828,0.9094788808882326,0.9949866695848134,0.3740557109310656,0.5620601249955418,0.3740557109310656
00843-DYehNKdT76V,1_4_55,87,cat,1_4,0.15410199856128706,3.3210471959422025,-4.762436662367508,0.4600585076551017,0.9575076813744413,0.9389280997205508,0.9652703459172801,0.5301386876241196,0.5928295868592985,0.5301386876241196
00843-DYehNKdT76V,1_4_56,326,partial,1_4,-0.5272842755267547,4.152696376979218,-4.5539413425442845,0.033717056789490656,0.9567796472621811,0.924531114648204,0.9630461617117145,0.039579389645441033,0.5442802919941251,0.039579389645441033
00843-DYehNKdT76V,1_4_57,420,sink,1_4,-1.1707743680055513,4.397454337372471,-4.462663890711998,0.006390119730912224,0.9668996380040957,0.9557832249732348,0.9948929777892062,0.006950112404178706,0.6559317158299766,0.006950112404178706
00843-DYehNKdT76V,1_4_58,545,wood,1_4,-1.307019094282608,3.3268319759909444,-5.586741058266969,0.8640681640613022,0.979297198916811,0.9365630321033017,0.9961283408451087,0.9457605272718906,0.9457605272718906,0.999412079366358
00843-DYehNKdT76V,1_4_59,478,tile,1_4,-0.7800651486795576,3.3264649613482473,-5.1264398585236295,0.9348577005373615,0.9958686795499591,0.9599636268279714,0.9995792101318173,0.9782986251176314,0.9782986251176314,0.9784842488570444
00843-DYehNKdT76V,1_4_6,326,partial,1_4,1.6629160859736059,3.660460518578325,-5.38874217730408,0.009370444317515875,0.9666411922582983,0.9184609574384055,0.9989425840150374,0.010565587701036631,0.5256795621738068,0.010565587701036631
00843-DYehNKdT76V,1_4_60,326,partial,1_4,-1.3300848878952218,3.8546979022075814,-6.00538664305822,0.7256203568070925,0.973953262370459,0.9321738154611167,0.9945139467725024,0.8036437360205088,0.8036437360205088,0.837485245024572
00843-DYehNKdT76V,1_4_61,480,tissue,1_4,-0.9032676161885097,4.0935035286278385,-4.870899981354591,0.00523112780154283,0.9671241775784318,0.933829513606992,0.9886927173109921,0.005858469307871489,0.7043533769876912,0.005858469307871489
00843-DYehNKdT76V,1_4_62,420,sink,1_4,-0.2797237308914467,3.8698840666750733,-4.9652417140257565,0.5398577138477156,0.9760945489009222,0.9358768505907694,0.9966583061405601,0.5929559459962691,0.5929559459962691,0.9995962393588057
00843-DYehNKdT76V,1_4_63,326,partial,1_4,-1.4354071179468908,4.157605791819551,-6.130397242773448,0.08866825447354607,0.9735288401675414,0.8720791997452002,0.9712938048228785,0.10752582675005187,0.6886272682528182,0.10752582675005187
00843-DYehNKdT76V,1_4_64,273,knife,1_4,-1.8525964123825687,3.8739892768539885,-6.025436267756523,0.6965868876116862,0.9757548926282583,0.9399838966093372,0.9587987621597535,0.7921121581700414,0.8203677011913223,0.7921121581700414
00843-DYehNKdT76V,1_4_65,82,cardboard,1_4,-1.277027223116902,3.6820714449833107,-5.166156910320249,0.48705456381590334,0.9732257412897187,0.9215554527339727,0.9955894498217421,0.5454591997224915,0.5454591997224915,0.6175535839265568
00843-DYehNKdT76V,1_4_66,420,sink,1_4,-0.910742010357057,3.9189586788464568,-4.960996663358161,0.5310370821382268,0.9603024207786833,0.9883284112228381,0.997735964639386,0.560789557278149,0.560789557278149,0.9996676723182147
00843-DYehNKdT76V,1_4_67,420,sink,1_4,-0.7767237587950204,3.990223129958881,-4.831102329743697,0.5145740916508256,0.9640939603983577,0.9320994790079531,0.9977670680678082,0.5739011869513895,0.5739011869513895,0.9997260134375644
00843-DYehNKdT76V,1_4_68,516,unknown,1_4,-1.329271837039606,5.60460052344742,-6.009552064138229,0.4473211328569537,0.9516724270953218,0.9449560247909208,0.9261182445295001,0.5370984403564117,0.5370984403564117,0.7614778064435195
00843-DYehNKdT76V,1_4_69,318,painting stuff,1_4,-0.4203983614434742,5.521772829158691,-4.495473454969319,0.6131287356062431,0.9560002726693116,0.9494992903207446,0.975985381475487,0.6920790412654025,0.6920790412654025,
00843-DYehNKdT76V,1_4_7,326,partial,1_4,-1.3774912560964296,4.3051135840782395,-4.673033294249543,0.04501174871577837,0.9774848758776532,0.9412313979235487,0.9902214160633135,0.04940684460008481,0.8066072562110006,0.04940684460008481
00843-DYehNKdT76V,1_4_70,326,partial,1_4,-1.5768523782074106,5.722339993960034,-5.3207509162569755,0.1316045709632303,0.9543508365306826,0.9478709203718907,0.9883186982064647,0.14720301437400837,0.5478245731157554,0.14720301437400837
00843-DYehNKdT76V,1_4_71,516,unknown,1_4,-1.3135252842053349,5.602337211736242,-5.240083965306974,0.4247948648111419,0.9454681957633491,0.9198250174012315,0.9161436882544284,0.5331673207480822,0.5331673207480822,0.7491010440691626
00843-DYehNKdT76V,1_4_72,82,cardboard,1_4,-0.8116003546973116,5.722975309489958,-4.815485018504838,0.10234803441072915,0.9700634046335194,0.9384282521154629,0.9933290111507176,0.11318403996456591,0.8220120722160286,0.11318403996456591
00843-DYehNKdT76V,1_4_73,316,overhang,1_4,-0.5533732355428751,5.374743438865872,-4.46489808630795,0.2413925355796941,0.9518928444251082,0.9417351801325089,0.9873598455389486,0.27272912475935107,0.5098328151456089,0.27272912475935107
00843-DYehNKdT76V,1_4_74,82,cardboard,1_4,-1.2249223219708285,5.085949072805364,-4.4607447802822655,0.5627279432162521,0.9777849211901011,0.9281324031344808,0.9974535466589277,0.6216594384253616,0.8222696285792248,0.6216594384253616
00843-DYehNKdT76V,1_4_75,82,cardboard,1_4,-1.315778001531044,3.829267087588867,-5.281075951345463,0.7192602845169345,0.9886932131730958,0.9423461083873315,0.9981232328497808,0.7734458642126582,0.7734458642126582,0.7835228408309838
00843-DYehNKdT76V,1_4_76,545,wood,1_4,-1.5488247644996893,3.3205331027109297,-5.770888796935399,0.8979686167167731,0.9896732871917027,0.9514516414736192,0.9943115883938045,0.9590916054926614,0.9590916054926614,0.999877745575165
00843-DYehNKdT76V,1_4_77,82,cardboard,1_4,0.6989270232993299,4.2646056003609765,-4.2832041398563385,0.4196286730842894,0.8406792395086173,0.9612428118307887,0.9941711027991992,0.5223247347120369,0.5223247347120369,0.8082431156651122
00843-DYehNKdT76V,1_4_78,87,cat,1_4,-0.07988053202214146,4.907998180740652,-4.45429117587366,0.6698232696014054,0.9880272729892259,0.9633543246697205,0.9808917787181001,0.717437630361633,0.717437630361633,0.8570475394933831
00843-DYehNKdT76V,1_4_79,82,cardboard,1_4,0.015761838811603944,5.437257525741157,-4.3198286824507575,0.07115792196736556,0.9613865960481256,0.9259299381384483,0.9830361470780896,0.08131629452331192,0.8442314499040526,0.08131629452331192
00843-DYehNKdT76V,1_4_8,326,partial,1_4,1.6606393304380762,3.5561593225112493,-4.680183592034261,0.14195479628352134,0.9743140197935558,0.9235141748461707,0.9956632109589073,0.15845103949897088,0.5873557293251475,0.15845103949897088
00843-DYehNKdT76V,1_4_80,82,cardboard,1_4,1.484974776983651,3.8919315055485595,-4.2874288019364,0.4992698184952011,0.905685342992797,0.940508689454018,0.9966782909098518,0.5880850816752328,0.8894051112595065,0.5880850816752328
00843-DYehNKdT76V,1_4_81,82,cardboard,1_4,-0.6188222934902894,5.153605425563506,-4.288561876078612,0.0789821896270139,0.8997947153719988,0.9878838801397438,0.9479516238781979,0.0937332461413539,0.5536198441755168,0.0937332461413539
00843-DYehNKdT76V,1_4_82,326,partial,1_4,-1.4478692337677157,3.4989819966460955,-6.2141218402071505,0.22883138927138383,0.9633230383579547,0.952077609186492,0.9881520086599308,0.25249195272269437,0.6765841268356825,0.25249195272269437
00843-DYehNKdT76V,1_4_83,0,acoustic panel,1_4,-1.3859912420121878,4.580047311283159,-4.94099624646955,0.6169633095695045,0.9952728713097723,0.9643384785354931,0.9878163106591081,0.6507459623699678,0.6507459623699678,0.9839243557381051
00843-DYehNKdT76V,1_4_84,478,tile,1_4,-0.016140919012815686,3.3254398863269206,-5.629850627517764,0.6214831133646658,0.9927574031882815,0.9368142244236743,0.9970008259592327,0.6702505883268622,0.7344892084395629,0.6702505883268622
00843-DYehNKdT76V,1_4_9,93,ceiling chassis,1_4,0.595712601835071,5.422828306200324,-4.468110842967739,0.5254796999291906,0.9721355578360723,0.9140844923562181,0.9933459751222343,0.5953087104029464,0.5953087104029464,0.9194207780857178
00843-DYehNKdT76V,1_5_0,82,cardboard,1_5,-4.9420502284421035,4.071484356359305,-6.083726739961951,0.4941070487323646,0.942349636928143,0.9215147190463544,0.9930675025152864,0.572964791149819,0.6832939695325414,0.572964791149819
00843-DYehNKdT76V,1_5_1,326,partial,1_5,-2.2474248042471276,4.602668154672911,-5.981019942285028,0.6181881673795439,0.9534189663526733,0.9110326609690571,0.9962519381864554,0.714387381322703,0.8166554354950695,0.714387381322703
00843-DYehNKdT76V,1_5_10,516,unknown,1_5,-5.804993947427386,5.693008973798426,-6.305258711088702,0.6328326615003806,0.928054757403589,0.9104117758509587,0.9528538039236715,0.786051762324769,0.786051762324769,0.9013088714270534
00843-DYehNKdT76V,1_5_11,326,partial,1_5,-6.014288914639931,4.5923591097421275,-5.100681206856237,0.17328656670271547,0.9455315467245256,0.905720867041238,0.9973652842410705,0.20288047494270905,0.5471597178113713,0.20288047494270905
00843-DYehNKdT76V,1_5_12,545,wood,1_5,-3.265348549802838,3.3229148742799555,-5.522928698196576,0.854131434398419,0.9534949702090795,0.9499707663398105,0.9896710987753558,0.9528075071761345,0.9528075071761345,0.9999564378739849
00843-DYehNKdT76V,1_5_13,545,wood,1_5,-5.1274833923459004,3.3234384888319553,-5.388002833348132,0.8578534378406767,0.9737368333572176,0.9250604706065622,0.9862289474094422,0.9656586362432206,0.9656586362432206,0.9999661668888311
00843-DYehNKdT76V,1_5_14,545,wood,1_5,-5.475329101486138,3.32338733970961,-5.370098611142769,0.8636087257576657,0.979869830561182,0.9306248347146076,0.985828664288172,0.9606662995290974,0.9606662995290974,0.999959969039461
00843-DYehNKdT76V,1_5_15,545,wood,1_5,-4.075793659023949,3.3235737551105737,-5.361749073852782,0.8441939330211973,0.9733582235654178,0.9068906839935427,0.9851034549162099,0.9708066473492586,0.9708066473492586,0.999948458463962
00843-DYehNKdT76V,1_5_16,545,wood,1_5,-4.772136990137257,3.3235046886248223,-5.385108725903063,0.8554428759356774,0.965840083354568,0.9257162851830477,0.9857018059410716,0.9706492708570096,0.9706492708570096,0.9999500505352452
00843-DYehNKdT76V,1_5_17,82,cardboard,1_5,-5.020818378953397,4.1116604364700695,-6.117193534065768,0.3838488587237886,0.974432716281895,0.9352873151916643,0.9918084693550776,0.4246543136520085,0.609492614744143,0.4246543136520085
00843-DYehNKdT76V,1_5_18,326,partial,1_5,-6.011834998345352,3.805588603262248,-5.1389183785951555,0.16911275137499104,0.9649892376009748,0.9321660433815984,0.9972474894121252,0.18852009737072986,0.6342955920864023,0.18852009737072986
00843-DYehNKdT76V,1_5_19,326,partial,1_5,-2.8869993115907198,4.686741186554602,-6.398742591466917,0.3715166792917163,0.9605904235236343,0.9390649822283671,0.983095675787747,0.41893691639262526,0.8254023205893029,0.41893691639262526
00843-DYehNKdT76V,1_5_2,516,unknown,1_5,-5.677687892450332,4.9788154777970535,-6.150377061582983,0.42957529922004417,0.9772781643307129,0.9378769255774422,0.7474623370007657,0.6270265645136603,0.6270265645136603,0.8146579422281689
00843-DYehNKdT76V,1_5_20,326,partial,1_5,-2.6837734530511095,3.4431348722438457,-6.085103353340914,0.6093427161124273,0.9897814583305683,0.9428847216037154,0.996331429802517,0.6553297455077193,0.886548862184945,0.6553297455077193
00843-DYehNKdT76V,1_5_21,82,cardboard,1_5,-5.646093438327438,4.536842158533045,-6.122007829327486,0.4666691921984785,0.9699756148687371,0.9296947823736778,0.9587319662052091,0.5397724488638795,0.5397724488638795,0.5542556714678291
00843-DYehNKdT76V,1_5_22,326,partial,1_5,-3.0408785345373994,5.181226364230635,-6.294795181909186,0.6530045189483747,0.9700081582711909,0.9059100519920785,0.9835685402191472,0.7555289184223609,0.8836335036674668,0.7555289184223609
00843-DYehNKdT76V,1_5_23,545,wood,1_5,-3.7332862628448518,3.3230990346025133,-5.651590704328549,0.8794683467116123,0.9860726430606226,0.9371610690287482,0.989129755462752,0.9621522442645312,0.9621522442645312,0.9999484656284612
00843-DYehNKdT76V,1_5_24,326,partial,1_5,-2.6450001429119347,4.425850814820457,-5.2603249740795315,0.7699219049991102,0.9841081531457713,0.9345359588695448,0.9938085875565612,0.8423742527128605,0.8423742527128605,0.8819208468679741
00843-DYehNKdT76V,1_5_25,326,partial,1_5,-2.553163931224797,4.353825621747316,-5.2541628723659555,0.28048107329058264,0.9284724680763303,0.9039307446588754,0.9865637926938665,0.3387460189016978,0.6038225892343916,0.3387460189016978
00843-DYehNKdT76V,1_5_26,326,partial,1_5,-1.8339955549137115,3.995920752363663,-5.984960005996006,0.6132392841558638,0.9783061435524406,0.933679408731201,0.9907280369836761,0.6776461148757448,0.7861065316262998,0.6776461148757448
00843-DYehNKdT76V,1_5_27,379,rod,1_5,-2.557272060050073,5.15775294601252,-5.253171022864681,6.14434505310677e-06,0.9749126099050045,0.9334731719251633,0.9850848974416033,6.85384703102918e-06,0.5527444588628745,6.85384703102918e-06
00843-DYehNKdT76V,1_5_28,82,cardboard,1_5,-2.33041048771499,4.54743541735125,-5.117053580008218,0.4002692191332006,0.8582080076521126,0.9161095507691842,0.9951853387567517,0.5115737495404853,0.5115737495404853,0.8532362991407356
00843-DYehNKdT76V,1_5_29,326,partial,1_5,-1.8862020728927655,5.751839608208524,-5.495518137286773,0.18623516644376417,0.7812990454994903,0.9868719169125999,0.9890006173379638,0.2442232714255957,0.61311274146845,0.2442232714255957
00843-DYehNKdT76V,1_5_3,326,partial,1_5,-2.644955671291083,3.9133364773490036,-5.051172435806386,0.4976969976982531,0.976049695749516,0.9129385648186534,0.9932357076559482,0.5623403060713053,0.6751094584826693,0.5623403060713053
00843-DYehNKdT76V,1_5_30,326,partial,1_5,-4.443702263254518,3.31030449327755,-4.989139592800049,0.25328213930295634,0.9304447853802249,0.9372128648764905,0.9959211548831529,0.29164246515025477,0.7378269366051748,0.29164246515025477
00843-DYehNKdT76V,1_5_31,451,stick,1_5,-2.2844059655884825,3.395785388161747,-2.949554573487445,0.5087100441774175,0.9970967396192821,0.9501264713140496,0.9775937653192881,0.5492792273875888,0.5492792273875888,0.7889209959564601
00843-DYehNKdT76V,1_5_32,82,cardboard,1_5,-2.299085402581836,4.562136877850154,-3.43396531135549,0.003279953893538949,0.9908277208173859,0.9504450282692996,0.9971843067211925,0.0034927471901143895,0.6152882397357315,0.0034927471901143895
00843-DYehNKdT76V,1_5_33,82,cardboard,1_5,-5.655422130377631,6.076877881916367,-4.125296513744557,0.6237997342492227,0.9701818020551095,0.9442846455265758,0.9962580308754105,0.6834666029919579,0.6834666029919579,0.7694561616707444
00843-DYehNKdT76V,1_5_34,157,door screen,1_5,-1.8219460241296512,4.673839709187133,-5.980343996324261,0.46755636062839984,0.9636074929538823,0.9338425113125306,0.9880871280557044,0.5258536817526985,0.7204669353085239,0.5258536817526985
00843-DYehNKdT76V,1_5_35,326,partial,1_5,-2.6374693390370885,4.473425109990055,-5.288652878848555,0.7252760958673642,0.9801207573966723,0.9193553439616782,0.9920307492245978,0.8113630733473547,0.8113630733473547,0.8200986241661168
00843-DYehNKdT76V,1_5_36,391,screen,1_5,-2.0665430979182435,4.97404463366222,-0.13644384654321454,0.7453238826165347,0.9744598477200573,0.9309061585545243,0.9979851749296621,0.8232866922462908,0.8232866922462908,0.9993749558796025
00843-DYehNKdT76V,1_5_37,82,cardboard,1_5,-2.104762464072389,4.658175035690259,-1.573467320200661,0.001256655571261854,0.9554016360640092,0.9585157078996902,0.9979016930589174,0.0013751285108776147,0.5106506528985231,0.0013751285108776147
00843-DYehNKdT76V,1_5_38,82,cardboard,1_5,-2.2976408708949085,5.482070145804582,-2.892141669584559,0.004243527629375927,0.9663516922651001,0.9033846180241429,0.9963185954313569,0.004878888521992327,0.562823483863978,0.004878888521992327
00843-DYehNKdT76V,1_5_39,545,wood,1_5,-2.086795340902393,3.3199530496529768,-2.6632614785684723,0.6605897893023298,0.8130328539879091,0.9054565756589055,0.9658213303413614,0.9290933282080671,0.9290933282080671,0.999994507072009
00843-DYehNKdT76V,1_5_4,326,partial,1_5,-2.4812378125783527,5.294097754918773,-5.969859025640389,0.6036388945447138,0.9728739808712686,0.9234124434240062,0.9970257505775828,0.6739358028050798,0.757731020852365,0.6739358028050798
00843-DYehNKdT76V,1_5_40,82,cardboard,1_5,-2.30268683441658,4.038262910122982,-3.3825357145844657,0.017366042096794293,0.9611468811490257,0.9361692101726822,0.9967736987301538,0.01936244356682095,0.672173142692819,0.01936244356682095
00843-DYehNKdT76V,1_5_41,326,partial,1_5,-2.2687618005338437,3.4519548446250066,0.40130937588552773,0.15764113200560237,0.9088103167825575,0.9561332446915338,0.995019215979326,0.18232507861663413,0.6683756938232703,0.18232507861663413
00843-DYehNKdT76V,1_5_42,510,tv,1_5,-2.298580829495147,3.9304720221222555,-0.3420823655897321,0.4787456353626536,0.9882390149429545,0.9385418767353852,0.9990467822052411,0.516658229791106,0.516658229791106,0.9993289011325261
00843-DYehNKdT76V,1_5_43,391,screen,1_5,-2.1978254708751157,4.875183664955138,-0.3502086583201418,0.7782943280192307,0.9832658456130461,0.9200007991139758,0.9976957673145932,0.8623559758055758,0.8623559758055758,0.9994408289731836
00843-DYehNKdT76V,1_5_44,82,cardboard,1_5,-1.9136284997619935,5.8958056760583135,-5.0906320216417855,0.13862636186982258,0.9380447961396179,0.9851352846917336,0.9891027970638175,0.15166485095978213,0.5076685219752054,0.15166485095978213
00843-DYehNKdT76V,1_5_45,326,partial,1_5,-2.0661684896465045,4.936317866337673,-5.969171712354688,0.4417960029883383,0.9574983806320341,0.9546734939966637,0.9927474881318924,0.4868442809273213,0.7619659907596606,0.4868442809273213
00843-DYehNKdT76V,1_5_46,510,tv,1_5,-2.294949997967056,4.631535734074831,-0.24694205419002518,0.4820703666659058,0.9197420893293762,0.9646341256254705,0.998880172605989,0.5439617473925528,0.5439617473925528,0.9989431245254414
00843-DYehNKdT76V,1_5_47,510,tv,1_5,-2.2970621408319563,4.540510153232382,-0.1298635774607532,0.47432527373984507,0.9770897726217906,0.9682366274477943,0.9988515690416854,0.5019487012231745,0.5019487012231745,0.9987582571912225
00843-DYehNKdT76V,1_5_48,82,cardboard,1_5,-2.293156785861357,5.177368451909843,-0.6168614739113919,0.0018280321616573096,0.9486530518431341,0.9421632237687294,0.9979949629213076,0.002049377324887132,0.5567840012127584,0.002049377324887132
00843-DYehNKdT76V,1_5_49,82,cardboard,1_5,-2.307048422481072,4.335221877019098,-2.349997632328584,0.0011699235612571731,0.9467171758845233,0.9505806498792373,0.9976194672749031,0.0013031168071766855,0.6568243008458177,0.0013031168071766855
00843-DYehNKdT76V,1_5_5,326,partial,1_5,-2.908497299032483,4.962917468573279,-6.135601756870403,0.5689761694804368,0.9572145685213757,0.9077849564147158,0.9879446140315835,0.6627796997220761,0.6627796997220761,0.7976084126348779
00843-DYehNKdT76V,1_5_50,545,wood,1_5,-2.1579621401838205,3.324932197670663,-0.5931177835957018,0.7796300687086278,0.8600807972401606,0.9584897018507352,0.9886077273988482,0.9566165217063474,0.9566165217063474,0.9999852933569022
00843-DYehNKdT76V,1_5_51,391,screen,1_5,-2.0486773061840546,4.828239123562577,-0.11158539924506551,0.7410426443252157,0.908065600294635,0.9532549342331831,0.9956213604471748,0.8598500273288543,0.8598500273288543,0.9979101582822351
00843-DYehNKdT76V,1_5_52,326,partial,1_5,-2.393842829949294,5.502925403213899,-5.979445346887799,0.6154579347880066,0.9441085877743635,0.9336576055250068,0.9959658009296031,0.7010425231573193,0.7961450696157867,0.7010425231573193
00843-DYehNKdT76V,1_5_53,82,cardboard,1_5,-2.3018592719853563,3.9782762826373967,-3.4904497594595125,0.020568126751992107,0.9913769940896467,0.9604847092230578,0.9967411135406458,0.021671205770056462,0.6749179701894912,0.021671205770056462
00843-DYehNKdT76V,1_5_54,545,wood,1_5,-2.0035300497498585,3.320113282945253,-5.67552299989517,0.8227715590805942,0.9270606003747173,0.925796309859787,0.9927590825042286,0.9656324068779184,0.9656324068779184,0.9999256899413556
00843-DYehNKdT76V,1_5_55,326,partial,1_5,-2.339077341449496,4.7813386768891375,-5.9686125815110005,0.38170412858196295,0.9632358333179017,0.9373057768646925,0.9939069673560782,0.4253703339964918,0.7663313249867828,0.4253703339964918
00843-DYehNKdT76V,1_5_56,326,partial,1_5,-1.8240567311778313,4.5505753448340815,-5.986379454868225,0.20198413412365152,0.8952352776595041,0.9852225372981855,0.9885961164856099,0.23164708059127617,0.6963967197402089,0.23164708059127617
00843-DYehNKdT76V,1_5_57,316,overhang,1_5,-6.498173256765806,5.723912711000549,-5.575745330922975,0.5095958679009805,0.9626118391752243,0.9663426893269955,0.992576473410886,0.5519243521346792,0.6256509955049345,0.5519243521346792
00843-DYehNKdT76V,1_5_58,516,unknown,1_5,-5.879622138686509,4.633792345667207,-6.285628881237051,0.6648078572757271,0.9762915252017325,0.9644434330060133,0.9232870139629648,0.7647212117295388,0.7647212117295388,0.9331014858706462
00843-DYehNKdT76V,1_5_59,82,cardboard,1_5,-6.4654500393447005,4.4702003602027185,-5.2031122657134645,0.31942360595235025,0.8771154108295194,0.9528896478701221,0.9964691286786568,0.38353394641154176,0.6928980593763164,0.38353394641154176
00843-DYehNKdT76V,1_5_6,516,unknown,1_5,-4.70637219087871,3.281165635546995,-4.752296718589019,0.4265656902017887,0.9588170032024875,0.9146328304411353,0.9575547673228872,0.5079720128016442,0.5079720128016442,0.6235211048752518
00843-DYehNKdT76V,1_5_60,545,wood,1_5,-6.476331468717984,3.322115236680412,-5.543962367997531,0.8954446384043551,0.9743164307449969,0.9899638365275089,0.9870336968591666,0.9405619472430097,0.9405619472430097,0.9999608710190276
00843-DYehNKdT76V,1_5_61,326,partial,1_5,-6.040414643301413,4.514861551327162,-5.257552724022702,0.44189059516994816,0.9782101362943649,0.9535215261221368,0.9902074797548791,0.47843825243153026,0.6555268189058262,0.47843825243153026
00843-DYehNKdT76V,1_5_62,326,partial,1_5,-6.655027308743366,3.416373683057147,-5.211792532999214,0.11394586935423766,0.9268858283758163,0.8904872291270499,0.9721784008147654,0.1420033796843456,0.5489610424976884,0.1420033796843456
00843-DYehNKdT76V,1_5_63,82,cardboard,1_5,-5.857619405878463,4.39132320556233,-6.1146744577138366,0.4500403069977691,0.9412435754062901,0.9365984401623949,0.9876561104412408,0.516880564400376,0.516880564400376,0.5268385192068262
00843-DYehNKdT76V,1_5_64,326,partial,1_5,-6.761175153997194,4.071776917196162,-6.347088481351405,0.4332999409991849,0.9806646739756167,0.9267498992797293,0.9911845443470387,0.4810065937048816,0.6848492803498357,0.4810065937048816
00843-DYehNKdT76V,1_5_65,326,partial,1_5,-6.093878299913922,4.364344098139215,-5.2577463745817195,0.41498632477777586,0.9513933247990077,0.872244587179284,0.9907999004400132,0.5047187608375833,0.6769125672214961,0.5047187608375833
00843-DYehNKdT76V,1_5_66,316,overhang,1_5,-3.8552852350837363,5.723452988457286,-5.630800882805093,0.5334613386697008,0.9960813770299286,0.9368279367358547,0.9863147428710741,0.579605865803433,0.579605865803433,0.5926795626613173
00843-DYehNKdT76V,1_5_67,326,partial,1_5,-6.761536062976474,4.40955335355688,-6.165614701035204,0.3868264803245133,0.9736787564541971,0.9355942428013377,0.9920213139626817,0.42804749269089504,0.7906878730790478,0.42804749269089504
00843-DYehNKdT76V,1_5_68,326,partial,1_5,-6.75998378788919,4.68662385117746,-5.888552787476851,0.5789423684153779,0.9436122889797747,0.9041563144254932,0.9923261785436481,0.683823114953057,0.7020561604834533,0.683823114953057
00843-DYehNKdT76V,1_5_69,545,wood,1_5,-5.269498676775414,3.325305465613387,-5.150876477112397,0.8904119742807786,0.9910076310924313,0.9368365673220247,0.9943419403137939,0.9645270259848623,0.9645270259848623,0.9998383547610084
00843-DYehNKdT76V,1_5_7,326,partial,1_5,-6.007814130570917,4.444540143854759,-5.225732733952407,0.7229154139028648,0.9688034125022607,0.9391194721731643,0.9950011780190993,0.7985596910087229,0.7985596910087229,0.8452355195231279
00843-DYehNKdT76V,1_5_70,326,partial,1_5,-4.595097907166116,3.308547205611343,-4.900990863046438,0.15009005850031418,0.9636509674522016,0.9385418730922628,0.9890108813679119,0.16779439200487273,0.6276525484261573,0.16779439200487273
00843-DYehNKdT76V,1_5_71,316,overhang,1_5,-4.784573032313761,5.703718273524099,-6.4807340041682515,0.21275331187230304,0.940894269115395,0.9226244977482635,0.9814794656788319,0.2497061888840895,0.7547397268769596,0.2497061888840895
00843-DYehNKdT76V,1_5_72,545,wood,1_5,-4.7779514923999065,3.325575605812358,-6.027158290918935,0.742672078013755,0.8579647826243989,0.9366483610972703,0.9923238033793069,0.9313172520413701,0.9313172520413701,0.9998036129195024
00843-DYehNKdT76V,1_5_73,326,partial,1_5,-6.739969602419541,4.341463036998376,-5.870960934809301,0.5204566440199784,0.8607429293557114,0.9186086726634769,0.994347433659155,0.6619762291207894,0.6619762291207894,0.7460401423438605
00843-DYehNKdT76V,1_5_74,326,partial,1_5,-4.550584061568507,4.030066924995761,-6.118563655786185,0.4431844707012169,0.9630709690960492,0.927425266635047,0.9895724226805213,0.5014177861537347,0.5014177861537347,0.5528903973010382
00843-DYehNKdT76V,1_5_75,326,partial,1_5,-6.740091074460112,5.280832901700809,-6.255542763578774,0.46852869058500723,0.9337957270191566,0.9761201942764175,0.9934070501866955,0.5174325823456184,0.5174325823456184,0.535721455527508
00843-DYehNKdT76V,1_5_8,82,cardboard,1_5,-5.992459785983246,3.8721929562320097,-6.098808251320997,0.30957612302729626,0.9507349199118574,0.8977298355409976,0.9941200023825358,0.3648577203749638,0.5741088654621882,0.3648577203749638
00843-DYehNKdT76V,1_5_9,316,overhang,1_5,-4.520058797764153,5.687644765682782,-6.290672422740486,0.5059880688005468,0.9567239932254913,0.9072588002771258,0.9853391908502094,0.59161157776649,0.8152548604552872,0.59161157776649
