scene_id,method,class_id,class_label,object_id,predicted_room_id,rank,score
00843-DYehNKdT76V,hovsg,0,acoustic panel,1_2_95,1_2,1,0.31367597254634605
00843-DYehNKdT76V,hovsg,0,acoustic panel,1_0_39,1_0,2,0.3116428294706546
00843-DYehNKdT76V,hovsg,0,acoustic panel,1_0_31,1_0,3,0.30941582238081966
00843-DYehNKdT76V,hovsg,0,acoustic panel,1_2_92,1_2,4,0.30346667732515065
00843-DYehNKdT76V,hovsg,0,acoustic panel,1_4_23,1_4,5,0.29362545869509815
00843-DYehNKdT76V,hovsg,1,air conditioner,0_1_2,0_1,1,0.2881788830371095
00843-DYehNKdT76V,hovsg,1,air conditioner,1_2_93,1_2,2,0.28719886730419475
00843-DYehNKdT76V,hovsg,1,air conditioner,0_1_512,0_1,3,0.28563074954201284
00843-DYehNKdT76V,hovsg,1,air conditioner,1_2_91,1_2,4,0.2768275139324068
00843-DYehNKdT76V,hovsg,1,air conditioner,1_3_100,1_3,5,0.2767692756615667
00843-DYehNKdT76V,hovsg,2,air freshener,1_2_76,1_2,1,0.2605159795574011
00843-DYehNKdT76V,hovsg,2,air freshener,1_2_77,1_2,2,0.25361478777722235
00843-DYehNKdT76V,hovsg,2,air freshener,1_2_32,1_2,3,0.24790812651982821
00843-DYehNKdT76V,hovsg,2,air freshener,1_2_21,1_2,4,0.24496988906643558
00843-DYehNKdT76V,hovsg,2,air freshener,1_2_93,1_2,5,0.2373283819491627
00843-DYehNKdT76V,hovsg,3,air hockey,1_2_76,1_2,1,0.23498382697591805
00843-DYehNKdT76V,hovsg,3,air hockey,1_1_24,1_1,2,0.2266351527217611
00843-DYehNKdT76V,hovsg,3,air hockey,0_1_462,0_1,3,0.22565074539694574
00843-DYehNKdT76V,hovsg,3,air hockey,1_2_21,1_2,4,0.22352384252827132
00843-DYehNKdT76V,hovsg,4,air purifier,1_2_93,1_2,1,0.27777467287336316
00843-DYehNKdT76V,hovsg,4,air purifier,1_0_45,1_0,2,0.2680539956021532
00843-DYehNKdT76V,hovsg,4,air purifier,1_3_100,1_3,3,0.26776865062511257
00843-DYehNKdT76V,hovsg,4,air purifier,0_1_2,0_1,4,0.2662244996004898
00843-DYehNKdT76V,hovsg,4,air purifier,1_2_91,1_2,5,0.26462037540340905
00843-DYehNKdT76V,hovsg,5,aisle frame,1_3_102,1_3,1,0.2665737890731155
00843-DYehNKdT76V,hovsg,5,aisle frame,1_4_69,1_4,2,0.2619824441603481
00843-DYehNKdT76V,hovsg,5,aisle frame,1_2_32,1_2,3,0.26053486216825705
00843-DYehNKdT76V,hovsg,5,aisle frame,0_1_308,0_1,4,0.2505314232614644
00843-DYehNKdT76V,hovsg,5,aisle frame,1_3_5,1_3,5,0.25051270346556065
00843-DYehNKdT76V,hovsg,6,alarm,1_2_76,1_2,1,0.24882714578668458
00843-DYehNKdT76V,hovsg,6,alarm,1_2_21,1_2,2,0.24099750954353943
00843-DYehNKdT76V,hovsg,6,alarm,0_0_20,0_0,3,0.23079238919100092
00843-DYehNKdT76V,hovsg,6,alarm,1_0_15,1_0,4,0.22919147132019313
00843-DYehNKdT76V,hovsg,6,alarm,1_0_21,1_0,5,0.228123219768322
00843-DYehNKdT76V,hovsg,7,album,0_0_63,0_0,1,0.2649540337526052
00843-DYehNKdT76V,hovsg,7,album,0_0_89,0_0,2,0.2625367567278506
00843-DYehNKdT76V,hovsg,7,album,1_2_76,1_2,3,0.2616025849380349
00843-DYehNKdT76V,hovsg,7,album,0_1_421,0_1,4,0.2610835129166871
00843-DYehNKdT76V,hovsg,7,album,0_0_222,0_0,5,0.26104082646719795
00843-DYehNKdT76V,hovsg,8,amplifier,0_0_62,0_0,1,0.2612482344421788
00843-DYehNKdT76V,hovsg,8,amplifier,0_1_50,0_1,2,0.2566833038179998
00843-DYehNKdT76V,hovsg,8,amplifier,0_1_94,0_1,3,0.25657485998206064
00843-DYehNKdT76V,hovsg,8,amplifier,0_1_466,0_1,4,0.2550226962170761
00843-DYehNKdT76V,hovsg,8,amplifier,0_0_111,0_0,5,0.25229390490394604
00843-DYehNKdT76V,hovsg,9,appliance,0_0_62,0_0,1,0.2989481236166747
00843-DYehNKdT76V,hovsg,9,appliance,0_0_86,0_0,2,0.2963786023632059
00843-DYehNKdT76V,hovsg,9,appliance,0_0_142,0_0,3,0.2932862523084377
00843-DYehNKdT76V,hovsg,9,appliance,0_0_127,0_0,4,0.29320608776424817
00843-DYehNKdT76V,hovsg,9,appliance,0_0_144,0_0,5,0.2920300711108123
00843-DYehNKdT76V,hovsg,10,apron,0_0_206,0_0,1,0.23646559307480772
00843-DYehNKdT76V,hovsg,10,apron,0_1_540,0_1,2,0.2355583663497654
00843-DYehNKdT76V,hovsg,10,apron,0_0_37,0_0,3,0.23024329060096255
00843-DYehNKdT76V,hovsg,10,apron,0_1_462,0_1,4,0.22254608117337404
00843-DYehNKdT76V,hovsg,10,apron,0_0_138,0_0,5,0.22118628602094592
00843-DYehNKdT76V,hovsg,11,aquarium,1_2_76,1_2,1,0.249990192676059
00843-DYehNKdT76V,hovsg,11,aquarium,1_5_2,1_5,2,0.23989882678424554
00843-DYehNKdT76V,hovsg,11,aquarium,0_0_40,0_0,3,0.23860265094574967
00843-DYehNKdT76V,hovsg,11,aquarium,1_2_21,1_2,4,0.23396582593991555
00843-DYehNKdT76V,hovsg,11,aquarium,0_0_13,0_0,5,0.23177197570754227
00843-DYehNKdT76V,hovsg,12,arcade game,1_1_22,1_1,1,0.18535634726817635
00843-DYehNKdT76V,hovsg,13,artwork,0_1_137,0_1,1,0.28158797054953655
00843-DYehNKdT76V,hovsg,13,artwork,0_1_38,0_1,2,0.27309000873499634
00843-DYehNKdT76V,hovsg,13,artwork,0_1_0,0_1,3,0.27222660504110757
00843-DYehNKdT76V,hovsg,13,artwork,0_1_155,0_1,4,0.26883051926827883
00843-DYehNKdT76V,hovsg,13,artwork,0_1_133,0_1,5,0.2665399278915257
00843-DYehNKdT76V,hovsg,14,ashtray,0_0_34,0_0,1,0.2682792891205866
00843-DYehNKdT76V,hovsg,14,ashtray,0_1_208,0_1,2,0.26812178733878106
00843-DYehNKdT76V,hovsg,14,ashtray,0_0_111,0_0,3,0.268015402543173
00843-DYehNKdT76V,hovsg,14,ashtray,0_0_23,0_0,4,0.2674177342245489
00843-DYehNKdT76V,hovsg,14,ashtray,0_1_68,0_1,5,0.2673467679043678
00843-DYehNKdT76V,hovsg,15,audio player,1_0_45,1_0,1,0.25261488291702444
00843-DYehNKdT76V,hovsg,15,audio player,1_2_1,1_2,2,0.2235220050142644
00843-DYehNKdT76V,hovsg,15,audio player,0_0_9,0_0,3,0.22332288545825701
00843-DYehNKdT76V,hovsg,15,audio player,1_2_76,1_2,4,0.22286626405311336
00843-DYehNKdT76V,hovsg,15,audio player,1_3_5,1_3,5,0.22121929902193194
00843-DYehNKdT76V,hovsg,16,axe,1_2_3,1_2,1,0.28250094786381663
00843-DYehNKdT76V,hovsg,16,axe,1_3_53,1_3,2,0.27844539321258716
00843-DYehNKdT76V,hovsg,16,axe,0_0_160,0_0,3,0.2757019780819285
00843-DYehNKdT76V,hovsg,16,axe,0_1_58,0_1,4,0.27139440007055904
00843-DYehNKdT76V,hovsg,16,axe,0_0_169,0_0,5,0.26901811243646234
00843-DYehNKdT76V,hovsg,17,baby changing table,1_2_28,1_2,1,0.2804213263109879
00843-DYehNKdT76V,hovsg,17,baby changing table,1_2_24,1_2,2,0.2802405432720897
00843-DYehNKdT76V,hovsg,17,baby changing table,1_2_14,1_2,3,0.2799958699408582
00843-DYehNKdT76V,hovsg,17,baby changing table,1_2_81,1_2,4,0.270405237181632
00843-DYehNKdT76V,hovsg,17,baby changing table,1_2_21,1_2,5,0.25094791802282224
00843-DYehNKdT76V,hovsg,18,backrest,1_0_2,1_0,1,0.3016422583758358
00843-DYehNKdT76V,hovsg,18,backrest,0_1_442,0_1,2,0.293864562661034
00843-DYehNKdT76V,hovsg,18,backrest,0_1_167,0_1,3,0.2853651020006319
00843-DYehNKdT76V,hovsg,18,backrest,0_1_389,0_1,4,0.28042760342150086
00843-DYehNKdT76V,hovsg,18,backrest,0_1_12,0_1,5,0.27599475962019127
00843-DYehNKdT76V,hovsg,19,backsplash,0_0_29,0_0,1,0.2661562626360123
00843-DYehNKdT76V,hovsg,19,backsplash,0_0_72,0_0,2,0.26598362554431987
00843-DYehNKdT76V,hovsg,19,backsplash,0_0_15,0_0,3,0.26431002231085693
00843-DYehNKdT76V,hovsg,19,backsplash,0_0_128,0_0,4,0.2637754087373899
00843-DYehNKdT76V,hovsg,19,backsplash,0_0_116,0_0,5,0.26336120463378687
00843-DYehNKdT76V,hovsg,20,bag,0_0_25,0_0,1,0.26744950642427856
00843-DYehNKdT76V,hovsg,20,bag,1_3_53,1_3,2,0.26426758554365776
00843-DYehNKdT76V,hovsg,20,bag,0_1_421,0_1,3,0.26298810701275155
00843-DYehNKdT76V,hovsg,20,bag,1_3_50,1_3,4,0.2606453219672738
00843-DYehNKdT76V,hovsg,20,bag,1_2_77,1_2,5,0.2601099534459776
00843-DYehNKdT76V,hovsg,21,ball,0_0_96,0_0,1,0.24063888789284377
00843-DYehNKdT76V,hovsg,21,ball,0_0_139,0_0,2,0.22749763100905757
00843-DYehNKdT76V,hovsg,21,ball,0_1_171,0_1,3,0.22642751998854868
00843-DYehNKdT76V,hovsg,21,ball,0_0_195,0_0,4,0.22029986169772947
00843-DYehNKdT76V,hovsg,21,ball,0_1_320,0_1,5,0.21702531374266404
00843-DYehNKdT76V,hovsg,22,ball pool,0_0_9,0_0,1,0.20008449289259073
00843-DYehNKdT76V,hovsg,22,ball pool,1_2_1,1_2,2,0.19714460791079227
00843-DYehNKdT76V,hovsg,22,ball pool,1_3_11,1_3,3,0.19546519232307136
00843-DYehNKdT76V,hovsg,22,ball pool,1_2_32,1_2,4,0.195294119175654
00843-DYehNKdT76V,hovsg,22,ball pool,1_2_54,1_2,5,0.1948247376480482
00843-DYehNKdT76V,hovsg,23,bar,1_4_10,1_4,1,0.26317682600317294
00843-DYehNKdT76V,hovsg,23,bar,0_0_236,0_0,2,0.2531555719747289
00843-DYehNKdT76V,hovsg,23,bar,0_0_123,0_0,3,0.24880997507201574
00843-DYehNKdT76V,hovsg,23,bar,0_0_249,0_0,4,0.2485475076572068
00843-DYehNKdT76V,hovsg,23,bar,0_0_58,0_0,5,0.24836773596789802
00843-DYehNKdT76V,hovsg,24,barbecue,0_1_22,0_1,1,0.21460605156130863
00843-DYehNKdT76V,hovsg,25,barrel,0_0_69,0_0,1,0.3059695503065928
00843-DYehNKdT76V,hovsg,25,barrel,0_0_139,0_0,2,0.2809325670299199
00843-DYehNKdT76V,hovsg,25,barrel,1_3_53,1_3,3,0.27934015519819966
00843-DYehNKdT76V,hovsg,25,barrel,1_3_26,1_3,4,0.277286005657662
00843-DYehNKdT76V,hovsg,25,barrel,1_3_50,1_3,5,0.2761397187912429
00843-DYehNKdT76V,hovsg,26,base,1_2_58,1_2,1,0.2817826308902096
00843-DYehNKdT76V,hovsg,26,base,1_2_54,1_2,2,0.2793458125647542
00843-DYehNKdT76V,hovsg,26,base,1_3_90,1_3,3,0.278447329633091
00843-DYehNKdT76V,hovsg,26,base,1_4_12,1_4,4,0.27521335025194377
00843-DYehNKdT76V,hovsg,26,base,1_2_1,1_2,5,0.27496957799938193
00843-DYehNKdT76V,hovsg,27,baseball bat,0_0_162,0_0,1,0.25931879780753414
00843-DYehNKdT76V,hovsg,27,baseball bat,1_3_34,1_3,2,0.2555633848377989
00843-DYehNKdT76V,hovsg,27,baseball bat,0_0_158,0_0,3,0.2511004567505693
00843-DYehNKdT76V,hovsg,27,baseball bat,1_2_59,1_2,4,0.24457726633255703
00843-DYehNKdT76V,hovsg,27,baseball bat,0_0_164,0_0,5,0.2432289969364567
00843-DYehNKdT76V,hovsg,28,basket,0_0_139,0_0,1,0.25323477691486207
00843-DYehNKdT76V,hovsg,28,basket,1_2_77,1_2,2,0.2518983853139239
00843-DYehNKdT76V,hovsg,28,basket,0_1_208,0_1,3,0.24841215170944564
00843-DYehNKdT76V,hovsg,28,basket,1_2_76,1_2,4,0.24684636208326358
00843-DYehNKdT76V,hovsg,28,basket,0_0_69,0_0,5,0.24299339188603808
00843-DYehNKdT76V,hovsg,29,basketball hoop,1_3_20,1_3,1,0.22630222659594823
00843-DYehNKdT76V,hovsg,30,basketballs,1_4_12,1_4,1,0.19961826702741942
00843-DYehNKdT76V,hovsg,30,basketballs,1_3_111,1_3,2,0.19301165076278776
00843-DYehNKdT76V,hovsg,30,basketballs,1_3_50,1_3,3,0.18987679955205092
00843-DYehNKdT76V,hovsg,30,basketballs,1_2_78,1_2,4,0.18968354730566367
00843-DYehNKdT76V,hovsg,30,basketballs,0_1_296,0_1,5,0.1862976149520571
00843-DYehNKdT76V,hovsg,31,bathroom accessory,1_3_9,1_3,1,0.27945018910701025
00843-DYehNKdT76V,hovsg,31,bathroom accessory,1_4_8,1_4,2,0.2783859284220913
00843-DYehNKdT76V,hovsg,31,bathroom accessory,1_3_44,1_3,3,0.2777383745568207
00843-DYehNKdT76V,hovsg,31,bathroom accessory,1_3_28,1_3,4,0.27438666083689395
00843-DYehNKdT76V,hovsg,31,bathroom accessory,1_3_60,1_3,5,0.2705507440895593
00843-DYehNKdT76V,hovsg,32,bathtub,1_4_8,1_4,1,0.28091727597759897
00843-DYehNKdT76V,hovsg,32,bathtub,1_4_48,1_4,2,0.2739766893264233
00843-DYehNKdT76V,hovsg,32,bathtub,1_2_1,1_2,3,0.2729627396007377
00843-DYehNKdT76V,hovsg,32,bathtub,0_1_291,0_1,4,0.26131425343683146
00843-DYehNKdT76V,hovsg,32,bathtub,0_1_250,0_1,5,0.25730526611966065
00843-DYehNKdT76V,hovsg,33,bed,1_0_67,1_0,1,0.2969726612958586
00843-DYehNKdT76V,hovsg,33,bed,1_0_13,1_0,2,0.2964400666989312
00843-DYehNKdT76V,hovsg,33,bed,1_1_11,1_1,3,0.2963855893391311
00843-DYehNKdT76V,hovsg,33,bed,1_1_31,1_1,4,0.29361349131678394
00843-DYehNKdT76V,hovsg,33,bed,1_1_59,1_1,5,0.293534604894724
00843-DYehNKdT76V,hovsg,34,bed ladder,1_0_20,1_0,1,0.2603719385711507
00843-DYehNKdT76V,hovsg,34,bed ladder,1_0_65,1_0,2,0.2553560543731369
00843-DYehNKdT76V,hovsg,34,bed ladder,1_1_57,1_1,3,0.25327693773759846
00843-DYehNKdT76V,hovsg,34,bed ladder,1_1_58,1_1,4,0.2473197312079263
00843-DYehNKdT76V,hovsg,34,bed ladder,1_4_69,1_4,5,0.2464035336355962
00843-DYehNKdT76V,hovsg,35,beer crate,1_2_76,1_2,1,0.23425884747221168
00843-DYehNKdT76V,hovsg,35,beer crate,1_1_28,1_1,2,0.23396054844211261
00843-DYehNKdT76V,hovsg,35,beer crate,1_0_73,1_0,3,0.23216863353245576
00843-DYehNKdT76V,hovsg,36,bell,0_0_57,0_0,1,0.2600784330299404
00843-DYehNKdT76V,hovsg,36,bell,1_2_77,1_2,2,0.2496053803020072
00843-DYehNKdT76V,hovsg,36,bell,1_3_85,1_3,3,0.2492398858055055
00843-DYehNKdT76V,hovsg,36,bell,0_1_32,0_1,4,0.24508525424395614
00843-DYehNKdT76V,hovsg,36,bell,0_1_203,0_1,5,0.24440902264536063
00843-DYehNKdT76V,hovsg,37,belt,1_3_53,1_3,1,0.2675558846728422
00843-DYehNKdT76V,hovsg,37,belt,1_3_50,1_3,2,0.2626985964446098
00843-DYehNKdT76V,hovsg,37,belt,1_2_32,1_2,3,0.2597458503808405
00843-DYehNKdT76V,hovsg,37,belt,0_1_245,0_1,4,0.25936565218873275
00843-DYehNKdT76V,hovsg,37,belt,1_3_26,1_3,5,0.2584997426153243
00843-DYehNKdT76V,hovsg,38,bench,0_1_442,0_1,1,0.2959744791818616
00843-DYehNKdT76V,hovsg,38,bench,0_1_63,0_1,2,0.27269718336681076
00843-DYehNKdT76V,hovsg,38,bench,0_1_230,0_1,3,0.2719597073066761
00843-DYehNKdT76V,hovsg,38,bench,0_1_68,0_1,4,0.2642639928102821
00843-DYehNKdT76V,hovsg,38,bench,0_1_35,0_1,5,0.2610860644552181
00843-DYehNKdT76V,hovsg,39,beverage dispenser,0_0_57,0_0,1,0.27004782951736217
00843-DYehNKdT76V,hovsg,39,beverage dispenser,0_0_69,0_0,2,0.24095676629992552
00843-DYehNKdT76V,hovsg,40,bicycle,1_3_111,1_3,1,0.22113602660119402
00843-DYehNKdT76V,hovsg,40,bicycle,1_4_52,1_4,2,0.21963712795771034
00843-DYehNKdT76V,hovsg,40,bicycle,1_4_39,1_4,3,0.21419600041480485
00843-DYehNKdT76V,hovsg,40,bicycle,1_3_50,1_3,4,0.21249671408161075
00843-DYehNKdT76V,hovsg,40,bicycle,1_4_12,1_4,5,0.21101482900326474
00843-DYehNKdT76V,hovsg,41,bicycle helmet,0_1_208,0_1,1,0.2534597295754623
00843-DYehNKdT76V,hovsg,41,bicycle helmet,0_0_139,0_0,2,0.23140413357847045
00843-DYehNKdT76V,hovsg,41,bicycle helmet,1_4_35,1_4,3,0.2228010791218883
00843-DYehNKdT76V,hovsg,42,bin,0_0_69,0_0,1,0.27909874753520725
00843-DYehNKdT76V,hovsg,42,bin,1_2_21,1_2,2,0.2681188329746103
00843-DYehNKdT76V,hovsg,42,bin,1_2_76,1_2,3,0.26169610382309527
00843-DYehNKdT76V,hovsg,42,bin,1_1_28,1_1,4,0.26161171014570983
00843-DYehNKdT76V,hovsg,42,bin,0_0_25,0_0,5,0.26099732016607163
00843-DYehNKdT76V,hovsg,43,birdhouse,1_2_76,1_2,1,0.2506296832017798
00843-DYehNKdT76V,hovsg,43,birdhouse,1_2_21,1_2,2,0.2414375289017789
00843-DYehNKdT76V,hovsg,44,blanket,1_1_27,1_1,1,0.2925928848373023
00843-DYehNKdT76V,hovsg,44,blanket,1_1_31,1_1,2,0.2900779109937623
00843-DYehNKdT76V,hovsg,44,blanket,1_1_30,1_1,3,0.2892086974428061
00843-DYehNKdT76V,hovsg,44,blanket,1_1_11,1_1,4,0.2878639639959433
00843-DYehNKdT76V,hovsg,44,blanket,1_1_40,1_1,5,0.2861055984529294
00843-DYehNKdT76V,hovsg,45,board,1_3_111,1_3,1,0.2658418164766243
00843-DYehNKdT76V,hovsg,45,board,0_1_63,0_1,2,0.2602532436383561
00843-DYehNKdT76V,hovsg,45,board,1_4_69,1_4,3,0.2600487268809788
00843-DYehNKdT76V,hovsg,45,board,0_1_336,0_1,4,0.2585099624628007
00843-DYehNKdT76V,hovsg,45,board,0_1_230,0_1,5,0.2576822419508751
00843-DYehNKdT76V,hovsg,46,board game,0_1_63,0_1,1,0.22734168270942492
00843-DYehNKdT76V,hovsg,47,board with keys,0_0_111,0_0,1,0.20707198496240037
00843-DYehNKdT76V,hovsg,47,board with keys,0_0_23,0_0,2,0.20669514732740546
00843-DYehNKdT76V,hovsg,47,board with keys,0_0_253,0_0,3,0.20624871031513003
00843-DYehNKdT76V,hovsg,47,board with keys,0_0_34,0_0,4,0.2047326179742099
00843-DYehNKdT76V,hovsg,47,board with keys,0_1_63,0_1,5,0.19900261624344917
00843-DYehNKdT76V,hovsg,48,book,1_2_77,1_2,1,0.26238624156982937
00843-DYehNKdT76V,hovsg,48,book,0_1_421,0_1,2,0.2612063076037841
00843-DYehNKdT76V,hovsg,48,book,1_1_56,1_1,3,0.2532161364551189
00843-DYehNKdT76V,hovsg,48,book,1_1_58,1_1,4,0.25176646887988735
00843-DYehNKdT76V,hovsg,48,book,1_0_0,1_0,5,0.25035410856952905
00843-DYehNKdT76V,hovsg,49,bottle,1_3_53,1_3,1,0.28018580689723044
00843-DYehNKdT76V,hovsg,49,bottle,0_0_57,0_0,2,0.2792563562337138
00843-DYehNKdT76V,hovsg,49,bottle,0_0_25,0_0,3,0.2764576642253833
00843-DYehNKdT76V,hovsg,49,bottle,1_3_52,1_3,4,0.2691459983600763
00843-DYehNKdT76V,hovsg,49,bottle,1_3_26,1_3,5,0.2679740037762274
00843-DYehNKdT76V,hovsg,50,bottle dispenser,0_0_57,0_0,1,0.25693699252510205
00843-DYehNKdT76V,hovsg,50,bottle dispenser,0_0_25,0_0,2,0.2563037879656608
00843-DYehNKdT76V,hovsg,51,bottle opener,1_3_53,1_3,1,0.25509288694461774
00843-DYehNKdT76V,hovsg,51,bottle opener,0_0_162,0_0,2,0.25321006059295437
00843-DYehNKdT76V,hovsg,51,bottle opener,1_3_52,1_3,3,0.25107221653175765
00843-DYehNKdT76V,hovsg,51,bottle opener,0_0_156,0_0,4,0.2493451998475295
00843-DYehNKdT76V,hovsg,51,bottle opener,0_1_299,0_1,5,0.2444316965845719
00843-DYehNKdT76V,hovsg,52,bowl,1_4_41,1_4,1,0.28752490393808217
00843-DYehNKdT76V,hovsg,52,bowl,1_4_35,1_4,2,0.27436939322323206
00843-DYehNKdT76V,hovsg,52,bowl,0_1_208,0_1,3,0.27075917856038195
00843-DYehNKdT76V,hovsg,52,bowl,0_1_68,0_1,4,0.2659798794883957
00843-DYehNKdT76V,hovsg,52,bowl,0_0_96,0_0,5,0.26578613106633237
00843-DYehNKdT76V,hovsg,53,box,1_0_73,1_0,1,0.28571959216259324
00843-DYehNKdT76V,hovsg,53,box,1_0_15,1_0,2,0.2823223536547968
00843-DYehNKdT76V,hovsg,53,box,1_0_21,1_0,3,0.2802040673773969
00843-DYehNKdT76V,hovsg,53,box,1_1_28,1_1,4,0.2759759921980266
00843-DYehNKdT76V,hovsg,53,box,1_2_76,1_2,5,0.2750794540877337
00843-DYehNKdT76V,hovsg,54,boxing ring,1_2_34,1_2,1,0.21830767092637174
00843-DYehNKdT76V,hovsg,54,boxing ring,1_3_20,1_3,2,0.21742596259053865
00843-DYehNKdT76V,hovsg,55,bread,0_1_68,0_1,1,0.2695778004800003
00843-DYehNKdT76V,hovsg,55,bread,1_2_1,1_2,2,0.2666874347418883
00843-DYehNKdT76V,hovsg,55,bread,0_1_336,0_1,3,0.2637941079769114
00843-DYehNKdT76V,hovsg,55,bread,0_1_321,0_1,4,0.2600796744741375
00843-DYehNKdT76V,hovsg,55,bread,0_1_63,0_1,5,0.2566656123785466
00843-DYehNKdT76V,hovsg,56,bread box,0_0_62,0_0,1,0.2778883083796034
00843-DYehNKdT76V,hovsg,56,bread box,1_0_73,1_0,2,0.25574923940924943
00843-DYehNKdT76V,hovsg,56,bread box,1_1_28,1_1,3,0.25202640369302126
00843-DYehNKdT76V,hovsg,56,bread box,1_0_21,1_0,4,0.2518419897110311
00843-DYehNKdT76V,hovsg,56,bread box,1_0_15,1_0,5,0.2512451230721957
00843-DYehNKdT76V,hovsg,57,bricks,1_3_41,1_3,1,0.2547416337841686
00843-DYehNKdT76V,hovsg,57,bricks,1_2_46,1_2,2,0.254696918237565
00843-DYehNKdT76V,hovsg,57,bricks,1_2_48,1_2,3,0.24873143237721695
00843-DYehNKdT76V,hovsg,57,bricks,0_1_299,0_1,4,0.24085071395912488
00843-DYehNKdT76V,hovsg,57,bricks,1_3_100,1_3,5,0.24043870906188092
00843-DYehNKdT76V,hovsg,58,bridge,0_1_488,0_1,1,0.2072521884055401
00843-DYehNKdT76V,hovsg,58,bridge,1_2_18,1_2,2,0.20602010968893672
00843-DYehNKdT76V,hovsg,59,broom,1_1_26,1_1,1,0.2710088776784606
00843-DYehNKdT76V,hovsg,59,broom,1_2_77,1_2,2,0.25391667678257923
00843-DYehNKdT76V,hovsg,59,broom,0_1_203,0_1,3,0.25307636300008995
00843-DYehNKdT76V,hovsg,59,broom,0_1_392,0_1,4,0.2527704708112429
00843-DYehNKdT76V,hovsg,59,broom,0_1_32,0_1,5,0.2505472364915965
00843-DYehNKdT76V,hovsg,60,brush,1_5_30,1_5,1,0.265895533099199
00843-DYehNKdT76V,hovsg,60,brush,1_5_70,1_5,2,0.2602835824992629
00843-DYehNKdT76V,hovsg,60,brush,1_2_3,1_2,3,0.26003611091372064
00843-DYehNKdT76V,hovsg,60,brush,0_0_56,0_0,4,0.2572830441942576
00843-DYehNKdT76V,hovsg,60,brush,1_2_76,1_2,5,0.25564755459209587
00843-DYehNKdT76V,hovsg,61,bucket,0_0_69,0_0,1,0.30582518693544847
00843-DYehNKdT76V,hovsg,61,bucket,0_0_139,0_0,2,0.2671236652171062
00843-DYehNKdT76V,hovsg,61,bucket,0_0_57,0_0,3,0.262775937011841
00843-DYehNKdT76V,hovsg,61,bucket,1_3_50,1_3,4,0.25795893479000753
00843-DYehNKdT76V,hovsg,61,bucket,1_3_53,1_3,5,0.2559070975736377
00843-DYehNKdT76V,hovsg,62,buffet,0_1_22,0_1,1,0.2323503235441675
00843-DYehNKdT76V,hovsg,62,buffet,0_0_56,0_0,2,0.22728832703036078
00843-DYehNKdT76V,hovsg,62,buffet,0_1_103,0_1,3,0.22061714187500436
00843-DYehNKdT76V,hovsg,62,buffet,0_0_58,0_0,4,0.2159884333905344
00843-DYehNKdT76V,hovsg,62,buffet,0_0_95,0_0,5,0.2151099692305485
00843-DYehNKdT76V,hovsg,63,button,1_0_45,1_0,1,0.274417199537195
00843-DYehNKdT76V,hovsg,63,button,1_3_104,1_3,2,0.24860941209392223
00843-DYehNKdT76V,hovsg,63,button,0_1_171,0_1,3,0.24268170236593378
00843-DYehNKdT76V,hovsg,63,button,0_0_135,0_0,4,0.24230259920587463
00843-DYehNKdT76V,hovsg,63,button,0_0_234,0_0,5,0.241242192152679
00843-DYehNKdT76V,hovsg,64,cabinet,0_1_471,0_1,1,0.27821501178825214
00843-DYehNKdT76V,hovsg,64,cabinet,0_1_473,0_1,2,0.27496176954414375
00843-DYehNKdT76V,hovsg,64,cabinet,1_2_14,1_2,3,0.2739121674809638
00843-DYehNKdT76V,hovsg,64,cabinet,1_2_24,1_2,4,0.2737824376202722
00843-DYehNKdT76V,hovsg,64,cabinet,1_2_81,1_2,5,0.27273625197219065
00843-DYehNKdT76V,hovsg,65,cable,1_4_10,1_4,1,0.2640017193514248
00843-DYehNKdT76V,hovsg,65,cable,0_0_152,0_0,2,0.25699503142655794
00843-DYehNKdT76V,hovsg,65,cable,0_0_20,0_0,3,0.2524385975415222
00843-DYehNKdT76V,hovsg,65,cable,0_0_139,0_0,4,0.2508601500372332
00843-DYehNKdT76V,hovsg,65,cable,1_3_34,1_3,5,0.2496585201255373
00843-DYehNKdT76V,hovsg,66,cage,0_0_63,0_0,1,0.23806149777853308
00843-DYehNKdT76V,hovsg,66,cage,1_4_12,1_4,2,0.22989409721059656
00843-DYehNKdT76V,hovsg,66,cage,1_4_10,1_4,3,0.22683211766351313
00843-DYehNKdT76V,hovsg,66,cage,1_3_42,1_3,4,0.21772237994765414
00843-DYehNKdT76V,hovsg,66,cage,1_4_14,1_4,5,0.2172398661900574
00843-DYehNKdT76V,hovsg,67,cake,1_2_51,1_2,1,0.27148189769292175
00843-DYehNKdT76V,hovsg,67,cake,1_2_54,1_2,2,0.26991702429681574
00843-DYehNKdT76V,hovsg,67,cake,1_2_58,1_2,3,0.26877296200424466
00843-DYehNKdT76V,hovsg,67,cake,1_2_26,1_2,4,0.2680610575322352
00843-DYehNKdT76V,hovsg,67,cake,1_3_53,1_3,5,0.2623016544850295
00843-DYehNKdT76V,hovsg,68,calculator,1_0_45,1_0,1,0.25462888948558715
00843-DYehNKdT76V,hovsg,68,calculator,1_2_76,1_2,2,0.21348093151208397
00843-DYehNKdT76V,hovsg,68,calculator,1_0_21,1_0,3,0.20733942228070287
00843-DYehNKdT76V,hovsg,68,calculator,0_0_111,0_0,4,0.20437282631528225
00843-DYehNKdT76V,hovsg,68,calculator,0_0_34,0_0,5,0.2038797048888573
00843-DYehNKdT76V,hovsg,69,calendar,1_0_45,1_0,1,0.23890961073977332
00843-DYehNKdT76V,hovsg,69,calendar,1_2_77,1_2,2,0.23427534764837527
00843-DYehNKdT76V,hovsg,69,calendar,0_0_44,0_0,3,0.22116237681695966
00843-DYehNKdT76V,hovsg,69,calendar,1_2_76,1_2,4,0.2211388341280436
00843-DYehNKdT76V,hovsg,69,calendar,1_4_12,1_4,5,0.21912335965275584
00843-DYehNKdT76V,hovsg,70,camera,1_3_53,1_3,1,0.2576229017284253
00843-DYehNKdT76V,hovsg,70,camera,1_3_85,1_3,2,0.2564013829254091
00843-DYehNKdT76V,hovsg,70,camera,1_3_5,1_3,3,0.25628825576535313
00843-DYehNKdT76V,hovsg,70,camera,1_2_76,1_2,4,0.2559618976913384
00843-DYehNKdT76V,hovsg,70,camera,0_1_18,0_1,5,0.2558595769792204
00843-DYehNKdT76V,hovsg,71,can,0_0_69,0_0,1,0.2898388859476499
00843-DYehNKdT76V,hovsg,71,can,0_0_57,0_0,2,0.2867980136096836
00843-DYehNKdT76V,hovsg,71,can,1_3_53,1_3,3,0.2740946661664832
00843-DYehNKdT76V,hovsg,71,can,1_3_52,1_3,4,0.2684606043381503
00843-DYehNKdT76V,hovsg,71,can,1_3_26,1_3,5,0.26829987792683774
00843-DYehNKdT76V,hovsg,72,canal,1_4_56,1_4,1,0.23842065688497466
00843-DYehNKdT76V,hovsg,73,candelabra,1_2_32,1_2,1,0.2359366742010672
00843-DYehNKdT76V,hovsg,73,candelabra,1_4_10,1_4,2,0.21876418106910778
00843-DYehNKdT76V,hovsg,73,candelabra,1_3_90,1_3,3,0.21505283319336438
00843-DYehNKdT76V,hovsg,73,candelabra,0_0_9,0_0,4,0.21247430201366374
00843-DYehNKdT76V,hovsg,73,candelabra,1_4_12,1_4,5,0.21064774987717905
00843-DYehNKdT76V,hovsg,74,candle,0_0_69,0_0,1,0.24465438694765052
00843-DYehNKdT76V,hovsg,74,candle,1_0_47,1_0,2,0.24204226528651385
00843-DYehNKdT76V,hovsg,74,candle,1_0_19,1_0,3,0.23296613246754364
00843-DYehNKdT76V,hovsg,74,candle,0_1_171,0_1,4,0.2279562748949037
00843-DYehNKdT76V,hovsg,75,candle holder,0_1_94,0_1,1,0.23483205836183535
00843-DYehNKdT76V,hovsg,75,candle holder,0_1_208,0_1,2,0.23360426859636077
00843-DYehNKdT76V,hovsg,75,candle holder,1_0_47,1_0,3,0.2274939284998204
00843-DYehNKdT76V,hovsg,76,candle stand,1_0_47,1_0,1,0.23949450531742822
00843-DYehNKdT76V,hovsg,76,candle stand,0_1_208,0_1,2,0.2354520679230356
00843-DYehNKdT76V,hovsg,76,candle stand,0_0_69,0_0,3,0.23408608060516775
00843-DYehNKdT76V,hovsg,76,candle stand,0_1_94,0_1,4,0.23189878725870622
00843-DYehNKdT76V,hovsg,76,candle stand,1_0_19,1_0,5,0.22675613585329557
00843-DYehNKdT76V,hovsg,77,candlestick,1_0_47,1_0,1,0.23399306588372
00843-DYehNKdT76V,hovsg,77,candlestick,0_1_203,0_1,2,0.2318731661157295
00843-DYehNKdT76V,hovsg,77,candlestick,0_1_32,0_1,3,0.23156876268468077
00843-DYehNKdT76V,hovsg,77,candlestick,0_0_56,0_0,4,0.22065981495358386
00843-DYehNKdT76V,hovsg,78,canoe,1_4_47,1_4,1,0.2641111424963748
00843-DYehNKdT76V,hovsg,78,canoe,1_2_77,1_2,2,0.2606755820132539
00843-DYehNKdT76V,hovsg,78,canoe,1_4_41,1_4,3,0.2565819733206803
00843-DYehNKdT76V,hovsg,78,canoe,0_0_66,0_0,4,0.25070137040823287
00843-DYehNKdT76V,hovsg,78,canoe,0_0_232,0_0,5,0.2506607610756621
00843-DYehNKdT76V,hovsg,79,canopy,1_3_70,1_3,1,0.2657701150708956
00843-DYehNKdT76V,hovsg,79,canopy,1_3_40,1_3,2,0.25693369522909393
00843-DYehNKdT76V,hovsg,79,canopy,0_1_153,0_1,3,0.2567646500317271
00843-DYehNKdT76V,hovsg,79,canopy,1_0_41,1_0,4,0.25536815119106676
00843-DYehNKdT76V,hovsg,79,canopy,1_5_71,1_5,5,0.2546727573807952
00843-DYehNKdT76V,hovsg,80,car,1_2_80,1_2,1,0.24037483760909592
00843-DYehNKdT76V,hovsg,80,car,0_1_462,0_1,2,0.2259647373634175
00843-DYehNKdT76V,hovsg,80,car,0_1_26,0_1,3,0.22324667207084678
00843-DYehNKdT76V,hovsg,80,car,0_0_138,0_0,4,0.20598514376695926
00843-DYehNKdT76V,hovsg,80,car,1_4_35,1_4,5,0.19870315651735077
00843-DYehNKdT76V,hovsg,81,card,1_2_77,1_2,1,0.2531512431836476
00843-DYehNKdT76V,hovsg,81,card,1_2_21,1_2,2,0.2526775179540677
00843-DYehNKdT76V,hovsg,81,card,1_4_36,1_4,3,0.25080629717496156
00843-DYehNKdT76V,hovsg,81,card,1_2_76,1_2,4,0.24572081064517223
00843-DYehNKdT76V,hovsg,81,card,1_1_26,1_1,5,0.24464267696976363
00843-DYehNKdT76V,hovsg,82,cardboard,0_1_45,0_1,1,0.3174499957407457
00843-DYehNKdT76V,hovsg,82,cardboard,0_0_141,0_0,2,0.30848485086023236
00843-DYehNKdT76V,hovsg,82,cardboard,1_2_54,1_2,3,0.3082441435591069
00843-DYehNKdT76V,hovsg,82,cardboard,1_2_58,1_2,4,0.30611250078688484
00843-DYehNKdT76V,hovsg,82,cardboard,0_1_26,0_1,5,0.3049062992626391
00843-DYehNKdT76V,hovsg,83,cart,1_2_76,1_2,1,0.2588664333378867
00843-DYehNKdT76V,hovsg,83,cart,1_2_26,1_2,2,0.25878447647758296
00843-DYehNKdT76V,hovsg,83,cart,1_2_77,1_2,3,0.2575535375468859
00843-DYehNKdT76V,hovsg,83,cart,1_2_80,1_2,4,0.25716386356189797
00843-DYehNKdT76V,hovsg,83,cart,1_3_26,1_3,5,0.25528715934018714
00843-DYehNKdT76V,hovsg,84,cash register,1_0_21,1_0,1,0.26294245659026383
00843-DYehNKdT76V,hovsg,84,cash register,1_0_73,1_0,2,0.2546450384179929
00843-DYehNKdT76V,hovsg,84,cash register,1_0_15,1_0,3,0.25227432428731605
00843-DYehNKdT76V,hovsg,84,cash register,1_2_76,1_2,4,0.24729311167809997
00843-DYehNKdT76V,hovsg,84,cash register,1_2_21,1_2,5,0.23888643442795102
00843-DYehNKdT76V,hovsg,85,casket,1_0_73,1_0,1,0.2742059764629045
00843-DYehNKdT76V,hovsg,85,casket,1_0_15,1_0,2,0.27313588827272767
00843-DYehNKdT76V,hovsg,85,casket,1_0_21,1_0,3,0.27235838941301377
00843-DYehNKdT76V,hovsg,85,casket,1_1_28,1_1,4,0.2679112213732745
00843-DYehNKdT76V,hovsg,85,casket,0_0_183,0_0,5,0.26152425808195023
00843-DYehNKdT76V,hovsg,86,cassette,1_0_45,1_0,1,0.2827452901939485
00843-DYehNKdT76V,hovsg,86,cassette,1_2_76,1_2,2,0.2759382506126761
00843-DYehNKdT76V,hovsg,86,cassette,0_0_111,0_0,3,0.27473701049996346
00843-DYehNKdT76V,hovsg,86,cassette,0_0_23,0_0,4,0.274300807850849
00843-DYehNKdT76V,hovsg,86,cassette,0_0_34,0_0,5,0.27341117628147904
00843-DYehNKdT76V,hovsg,87,cat,1_2_1,1_2,1,0.2946354581520903
00843-DYehNKdT76V,hovsg,87,cat,0_1_392,0_1,2,0.27897956854600525
00843-DYehNKdT76V,hovsg,87,cat,0_0_12,0_0,3,0.27060662428102283
00843-DYehNKdT76V,hovsg,87,cat,0_1_296,0_1,4,0.2700165592286413
00843-DYehNKdT76V,hovsg,87,cat,1_3_11,1_3,5,0.2699156649903949
00843-DYehNKdT76V,hovsg,88,cat food,1_2_76,1_2,1,0.2566165915571268
00843-DYehNKdT76V,hovsg,88,cat food,1_2_21,1_2,2,0.24103698299222198
00843-DYehNKdT76V,hovsg,88,cat food,0_0_139,0_0,3,0.230851454079119
00843-DYehNKdT76V,hovsg,88,cat food,1_2_78,1_2,4,0.22441033486538492
00843-DYehNKdT76V,hovsg,88,cat food,1_2_67,1_2,5,0.2228009141297302
00843-DYehNKdT76V,hovsg,89,cat litter box,1_2_1,1_2,1,0.2757121556321528
00843-DYehNKdT76V,hovsg,89,cat litter box,1_2_76,1_2,2,0.2722666476993546
00843-DYehNKdT76V,hovsg,89,cat litter box,1_2_21,1_2,3,0.26253683590186755
00843-DYehNKdT76V,hovsg,89,cat litter box,1_2_31,1_2,4,0.2598924348540127
00843-DYehNKdT76V,hovsg,89,cat litter box,1_2_17,1_2,5,0.2588412885526908
00843-DYehNKdT76V,hovsg,90,cat tree,1_2_3,1_2,1,0.2562151671558718
00843-DYehNKdT76V,hovsg,90,cat tree,0_1_391,0_1,2,0.25390151950525963
00843-DYehNKdT76V,hovsg,90,cat tree,1_2_78,1_2,3,0.2514507844547302
00843-DYehNKdT76V,hovsg,90,cat tree,0_1_17,0_1,4,0.24862035437327995
00843-DYehNKdT76V,hovsg,90,cat tree,1_2_76,1_2,5,0.24238301900853323
00843-DYehNKdT76V,hovsg,91,cd,1_2_76,1_2,1,0.25370997415715896
00843-DYehNKdT76V,hovsg,91,cd,0_1_79,0_1,2,0.24428661199829058
00843-DYehNKdT76V,hovsg,91,cd,1_2_21,1_2,3,0.24003464269593536
00843-DYehNKdT76V,hovsg,91,cd,1_1_3,1_1,4,0.23190292082294797
00843-DYehNKdT76V,hovsg,91,cd,0_0_139,0_0,5,0.22945574227769577
00843-DYehNKdT76V,hovsg,92,ceiling arch,1_3_46,1_3,1,0.2882424107615055
00843-DYehNKdT76V,hovsg,92,ceiling arch,0_1_153,0_1,2,0.284461537346859
00843-DYehNKdT76V,hovsg,92,ceiling arch,0_0_237,0_0,3,0.2807610438275813
00843-DYehNKdT76V,hovsg,92,ceiling arch,1_0_1,1_0,4,0.2784178763323477
00843-DYehNKdT76V,hovsg,92,ceiling arch,0_1_272,0_1,5,0.2777742510081838
00843-DYehNKdT76V,hovsg,93,ceiling chassis,1_4_19,1_4,1,0.30937141780863836
00843-DYehNKdT76V,hovsg,93,ceiling chassis,1_4_23,1_4,2,0.309269965482477
00843-DYehNKdT76V,hovsg,93,ceiling chassis,1_3_46,1_3,3,0.3091827248946002
00843-DYehNKdT76V,hovsg,93,ceiling chassis,1_2_32,1_2,4,0.307690023503985
00843-DYehNKdT76V,hovsg,93,ceiling chassis,1_4_0,1_4,5,0.3072440128465865
00843-DYehNKdT76V,hovsg,94,ceiling ladder,1_2_62,1_2,1,0.2975622668658424
00843-DYehNKdT76V,hovsg,94,ceiling ladder,1_4_23,1_4,2,0.2774445815085767
00843-DYehNKdT76V,hovsg,94,ceiling ladder,0_0_103,0_0,3,0.27679496859509445
00843-DYehNKdT76V,hovsg,94,ceiling ladder,0_0_237,0_0,4,0.2757729575248519
00843-DYehNKdT76V,hovsg,94,ceiling ladder,1_3_100,1_3,5,0.2746110060896554
00843-DYehNKdT76V,hovsg,95,ceramics,0_1_321,0_1,1,0.2792801444146715
00843-DYehNKdT76V,hovsg,95,ceramics,0_1_208,0_1,2,0.2742854395739501
00843-DYehNKdT76V,hovsg,95,ceramics,0_1_41,0_1,3,0.2671829941049074
00843-DYehNKdT76V,hovsg,95,ceramics,1_2_1,1_2,4,0.2671689735762618
00843-DYehNKdT76V,hovsg,95,ceramics,1_4_46,1_4,5,0.2648617591807938
00843-DYehNKdT76V,hovsg,96,chain,1_3_41,1_3,1,0.22061432234915204
00843-DYehNKdT76V,hovsg,96,chain,0_0_56,0_0,2,0.22060288036068698
00843-DYehNKdT76V,hovsg,96,chain,0_1_320,0_1,3,0.21801463177885017
00843-DYehNKdT76V,hovsg,96,chain,0_1_262,0_1,4,0.2139224391653584
00843-DYehNKdT76V,hovsg,96,chain,0_0_139,0_0,5,0.2139115738243659
00843-DYehNKdT76V,hovsg,97,chair,1_0_2,1_0,1,0.3140434201566118
00843-DYehNKdT76V,hovsg,97,chair,0_1_12,0_1,2,0.2995294355914344
00843-DYehNKdT76V,hovsg,97,chair,0_1_442,0_1,3,0.2883446203414154
00843-DYehNKdT76V,hovsg,97,chair,0_1_340,0_1,4,0.28002915518953403
00843-DYehNKdT76V,hovsg,97,chair,0_1_35,0_1,5,0.2794227405063232
00843-DYehNKdT76V,hovsg,98,chair stand,0_1_12,0_1,1,0.2845338101488011
00843-DYehNKdT76V,hovsg,98,chair stand,1_0_2,1_0,2,0.27904506132940926
00843-DYehNKdT76V,hovsg,98,chair stand,0_1_442,0_1,3,0.2723396743038158
00843-DYehNKdT76V,hovsg,98,chair stand,0_1_35,0_1,4,0.25737378283780366
00843-DYehNKdT76V,hovsg,98,chair stand,0_1_340,0_1,5,0.2558588976827958
00843-DYehNKdT76V,hovsg,99,chassis,0_1_445,0_1,1,0.26715492791493217
00843-DYehNKdT76V,hovsg,99,chassis,0_1_452,0_1,2,0.2604657374218918
00843-DYehNKdT76V,hovsg,99,chassis,0_1_466,0_1,3,0.2601119615645172
00843-DYehNKdT76V,hovsg,99,chassis,0_1_69,0_1,4,0.2580821391601504
00843-DYehNKdT76V,hovsg,99,chassis,0_1_462,0_1,5,0.2580172757748127
00843-DYehNKdT76V,hovsg,100,chest,1_1_28,1_1,1,0.30134658613882526
00843-DYehNKdT76V,hovsg,100,chest,0_0_183,0_0,2,0.2933866860248202
00843-DYehNKdT76V,hovsg,100,chest,0_0_226,0_0,3,0.29218649889612613
00843-DYehNKdT76V,hovsg,100,chest,1_0_73,1_0,4,0.288444090984617
00843-DYehNKdT76V,hovsg,100,chest,1_0_15,1_0,5,0.2855776081334648
00843-DYehNKdT76V,hovsg,101,child car seat,0_0_138,0_0,1,0.20740502266807903
00843-DYehNKdT76V,hovsg,102,christmas tree,0_1_319,0_1,1,0.18971002596175904
00843-DYehNKdT76V,hovsg,102,christmas tree,1_3_90,1_3,2,0.18153686900459245
00843-DYehNKdT76V,hovsg,102,christmas tree,0_1_391,0_1,3,0.18129526003767665
00843-DYehNKdT76V,hovsg,102,christmas tree,0_1_40,0_1,4,0.1811010925715294
00843-DYehNKdT76V,hovsg,102,christmas tree,0_1_350,0_1,5,0.1810034803100336
00843-DYehNKdT76V,hovsg,103,clarinet,0_1_124,0_1,1,0.2633128172372424
00843-DYehNKdT76V,hovsg,103,clarinet,0_1_53,0_1,2,0.25395578635069876
00843-DYehNKdT76V,hovsg,103,clarinet,1_4_52,1_4,3,0.2513265992650828
00843-DYehNKdT76V,hovsg,103,clarinet,0_0_162,0_0,4,0.24979049935014114
00843-DYehNKdT76V,hovsg,103,clarinet,1_3_52,1_3,5,0.24935615924833088
00843-DYehNKdT76V,hovsg,104,cleaner,1_2_76,1_2,1,0.24902355979194973
00843-DYehNKdT76V,hovsg,104,cleaner,1_2_21,1_2,2,0.24201062223665964
00843-DYehNKdT76V,hovsg,104,cleaner,0_0_40,0_0,3,0.23975909381816865
00843-DYehNKdT76V,hovsg,104,cleaner,0_0_139,0_0,4,0.2353089446060788
00843-DYehNKdT76V,hovsg,104,cleaner,0_0_151,0_0,5,0.23276022541759708
00843-DYehNKdT76V,hovsg,105,clock,1_2_76,1_2,1,0.23599431194014553
00843-DYehNKdT76V,hovsg,106,closet door,0_0_145,0_0,1,0.2998738930142759
00843-DYehNKdT76V,hovsg,106,closet door,0_1_473,0_1,2,0.28860969162712463
00843-DYehNKdT76V,hovsg,106,closet door,1_4_18,1_4,3,0.28665455795981243
00843-DYehNKdT76V,hovsg,106,closet door,0_0_22,0_0,4,0.28631547212758546
00843-DYehNKdT76V,hovsg,106,closet door,1_3_95,1_3,5,0.2854499695952357
00843-DYehNKdT76V,hovsg,107,cloth,1_2_35,1_2,1,0.27892305477425533
00843-DYehNKdT76V,hovsg,107,cloth,1_2_61,1_2,2,0.2725364070220464
00843-DYehNKdT76V,hovsg,107,cloth,1_2_33,1_2,3,0.27249057191143544
00843-DYehNKdT76V,hovsg,107,cloth,1_1_44,1_1,4,0.26940135391088804
00843-DYehNKdT76V,hovsg,107,cloth,1_2_26,1_2,5,0.268050764626799
00843-DYehNKdT76V,hovsg,108,cloth holder,1_2_60,1_2,1,0.29783495076026445
00843-DYehNKdT76V,hovsg,108,cloth holder,1_2_32,1_2,2,0.29603825355849
00843-DYehNKdT76V,hovsg,108,cloth holder,1_2_56,1_2,3,0.2954813465637545
00843-DYehNKdT76V,hovsg,108,cloth holder,1_2_61,1_2,4,0.2949183845078267
00843-DYehNKdT76V,hovsg,108,cloth holder,1_2_33,1_2,5,0.29488285334563746
00843-DYehNKdT76V,hovsg,109,clothes,1_2_32,1_2,1,0.2437424747852341
00843-DYehNKdT76V,hovsg,109,clothes,0_0_206,0_0,2,0.22134902805725143
00843-DYehNKdT76V,hovsg,109,clothes,0_0_138,0_0,3,0.20629044338534225
00843-DYehNKdT76V,hovsg,110,clothes container,1_1_28,1_1,1,0.279925269896428
00843-DYehNKdT76V,hovsg,110,clothes container,1_2_76,1_2,2,0.2718546182531002
00843-DYehNKdT76V,hovsg,110,clothes container,0_0_69,0_0,3,0.2716816647658398
00843-DYehNKdT76V,hovsg,110,clothes container,1_2_21,1_2,4,0.27060077677885275
00843-DYehNKdT76V,hovsg,110,clothes container,1_2_81,1_2,5,0.2674449218421132
00843-DYehNKdT76V,hovsg,111,clothes dryer,1_2_32,1_2,1,0.2594110095380169
00843-DYehNKdT76V,hovsg,111,clothes dryer,1_2_76,1_2,2,0.2423620101907537
00843-DYehNKdT76V,hovsg,111,clothes dryer,0_0_139,0_0,3,0.2412653308125425
00843-DYehNKdT76V,hovsg,111,clothes dryer,0_0_146,0_0,4,0.23989090718810102
00843-DYehNKdT76V,hovsg,111,clothes dryer,0_0_154,0_0,5,0.23975882914773194
00843-DYehNKdT76V,hovsg,112,clothes rack,1_2_32,1_2,1,0.28324709049711255
00843-DYehNKdT76V,hovsg,112,clothes rack,1_2_60,1_2,2,0.2553801009121137
00843-DYehNKdT76V,hovsg,112,clothes rack,1_2_61,1_2,3,0.2512809821479777
00843-DYehNKdT76V,hovsg,112,clothes rack,1_2_33,1_2,4,0.25127753916976536
00843-DYehNKdT76V,hovsg,112,clothes rack,1_1_23,1_1,5,0.21524552293825516
00843-DYehNKdT76V,hovsg,113,clutter,1_2_76,1_2,1,0.2764148409683286
00843-DYehNKdT76V,hovsg,113,clutter,1_2_21,1_2,2,0.26340966641902247
00843-DYehNKdT76V,hovsg,113,clutter,0_1_43,0_1,3,0.2598688134161734
00843-DYehNKdT76V,hovsg,113,clutter,0_0_150,0_0,4,0.25478076287393514
00843-DYehNKdT76V,hovsg,113,clutter,0_0_9,0_0,5,0.2502201694900142
00843-DYehNKdT76V,hovsg,114,coaster,0_1_68,0_1,1,0.24575415056913016
00843-DYehNKdT76V,hovsg,114,coaster,0_1_63,0_1,2,0.23905653866567333
00843-DYehNKdT76V,hovsg,114,coaster,0_1_230,0_1,3,0.23808920975729028
00843-DYehNKdT76V,hovsg,114,coaster,1_2_76,1_2,4,0.2323587608293096
00843-DYehNKdT76V,hovsg,114,coaster,1_4_35,1_4,5,0.1982955437900379
00843-DYehNKdT76V,hovsg,115,coffee maker,0_0_57,0_0,1,0.28846191825243506
00843-DYehNKdT76V,hovsg,115,coffee maker,0_0_86,0_0,2,0.24680070163266182
00843-DYehNKdT76V,hovsg,115,coffee maker,0_0_142,0_0,3,0.2450786702786031
00843-DYehNKdT76V,hovsg,115,coffee maker,0_0_144,0_0,4,0.24202045042889092
00843-DYehNKdT76V,hovsg,115,coffee maker,0_0_127,0_0,5,0.2412120708593849
00843-DYehNKdT76V,hovsg,116,coffee table,0_1_63,0_1,1,0.30052785665577314
00843-DYehNKdT76V,hovsg,116,coffee table,0_1_230,0_1,2,0.30025637121556087
00843-DYehNKdT76V,hovsg,116,coffee table,0_1_68,0_1,3,0.28395846170877176
00843-DYehNKdT76V,hovsg,116,coffee table,0_1_94,0_1,4,0.26394109878822747
00843-DYehNKdT76V,hovsg,116,coffee table,0_1_336,0_1,5,0.26219579965323303
00843-DYehNKdT76V,hovsg,117,compressor,0_0_25,0_0,1,0.2591864941642613
00843-DYehNKdT76V,hovsg,117,compressor,1_2_32,1_2,2,0.256091093708363
00843-DYehNKdT76V,hovsg,117,compressor,1_3_52,1_3,3,0.24890129249077175
00843-DYehNKdT76V,hovsg,117,compressor,0_1_462,0_1,4,0.2466584195445241
00843-DYehNKdT76V,hovsg,117,compressor,0_0_139,0_0,5,0.2440100914385491
00843-DYehNKdT76V,hovsg,118,computer,1_0_45,1_0,1,0.28011726123992675
00843-DYehNKdT76V,hovsg,118,computer,1_2_76,1_2,2,0.264648539298925
00843-DYehNKdT76V,hovsg,118,computer,0_0_111,0_0,3,0.2638406674965978
00843-DYehNKdT76V,hovsg,118,computer,0_0_23,0_0,4,0.26333402808646067
00843-DYehNKdT76V,hovsg,118,computer,0_0_62,0_0,5,0.2627677035763788
00843-DYehNKdT76V,hovsg,119,computer equipment,1_0_45,1_0,1,0.22516275091733995
00843-DYehNKdT76V,hovsg,119,computer equipment,1_2_32,1_2,2,0.22401441410779416
00843-DYehNKdT76V,hovsg,119,computer equipment,1_2_76,1_2,3,0.22381333497821895
00843-DYehNKdT76V,hovsg,119,computer equipment,0_0_111,0_0,4,0.21807869911764222
00843-DYehNKdT76V,hovsg,119,computer equipment,0_0_23,0_0,5,0.21646546532191646
00843-DYehNKdT76V,hovsg,120,cone,0_1_32,0_1,1,0.283073390172462
00843-DYehNKdT76V,hovsg,120,cone,0_0_69,0_0,2,0.2805776475499372
00843-DYehNKdT76V,hovsg,120,cone,0_1_203,0_1,3,0.28017181741834096
00843-DYehNKdT76V,hovsg,120,cone,1_1_26,1_1,4,0.27001081154198464
00843-DYehNKdT76V,hovsg,120,cone,1_2_65,1_2,5,0.26962499151763236
00843-DYehNKdT76V,hovsg,121,construction stuff,1_2_76,1_2,1,0.24883811781121212
00843-DYehNKdT76V,hovsg,121,construction stuff,1_2_34,1_2,2,0.2477250087821019
00843-DYehNKdT76V,hovsg,121,construction stuff,1_2_64,1_2,3,0.2452650658210936
00843-DYehNKdT76V,hovsg,121,construction stuff,1_2_21,1_2,4,0.23017141059357343
00843-DYehNKdT76V,hovsg,121,construction stuff,1_3_73,1_3,5,0.22007074317952774
00843-DYehNKdT76V,hovsg,122,container,0_0_69,0_0,1,0.28246686690516426
00843-DYehNKdT76V,hovsg,122,container,1_2_76,1_2,2,0.2778118282240916
00843-DYehNKdT76V,hovsg,122,container,0_0_25,0_0,3,0.2743289562141174
00843-DYehNKdT76V,hovsg,122,container,1_2_21,1_2,4,0.2740737827724906
00843-DYehNKdT76V,hovsg,122,container,1_1_28,1_1,5,0.26487843997030314
00843-DYehNKdT76V,hovsg,123,controller,0_0_111,0_0,1,0.2564421014744085
00843-DYehNKdT76V,hovsg,123,controller,0_0_23,0_0,2,0.2544595941551548
00843-DYehNKdT76V,hovsg,123,controller,0_0_34,0_0,3,0.2538234737416006
00843-DYehNKdT76V,hovsg,123,controller,0_0_253,0_0,4,0.2507336009902144
00843-DYehNKdT76V,hovsg,123,controller,1_3_23,1_3,5,0.24328888397006762
00843-DYehNKdT76V,hovsg,124,cosmetics,1_2_76,1_2,1,0.2570460071358068
00843-DYehNKdT76V,hovsg,124,cosmetics,1_2_21,1_2,2,0.23021900837885476
00843-DYehNKdT76V,hovsg,125,counter door,0_1_473,0_1,1,0.2775658950096585
00843-DYehNKdT76V,hovsg,125,counter door,0_1_412,0_1,2,0.27190332451064636
00843-DYehNKdT76V,hovsg,125,counter door,0_1_90,0_1,3,0.27166012527314876
00843-DYehNKdT76V,hovsg,125,counter door,0_1_497,0_1,4,0.2708157052973063
00843-DYehNKdT76V,hovsg,125,counter door,0_1_496,0_1,5,0.268679070353512
00843-DYehNKdT76V,hovsg,126,countertop,0_0_37,0_0,1,0.3042579850843701
00843-DYehNKdT76V,hovsg,126,countertop,0_0_17,0_0,2,0.3017594379512238
00843-DYehNKdT76V,hovsg,126,countertop,0_0_113,0_0,3,0.2918935538594234
00843-DYehNKdT76V,hovsg,126,countertop,0_0_23,0_0,4,0.2918895060940336
00843-DYehNKdT76V,hovsg,126,countertop,0_0_253,0_0,5,0.29164294249306955
00843-DYehNKdT76V,hovsg,127,countertop item,0_0_37,0_0,1,0.3091865211094375
00843-DYehNKdT76V,hovsg,127,countertop item,0_0_23,0_0,2,0.3024154656095891
00843-DYehNKdT76V,hovsg,127,countertop item,0_0_17,0_0,3,0.301503289326558
00843-DYehNKdT76V,hovsg,127,countertop item,0_0_253,0_0,4,0.30101230899492154
00843-DYehNKdT76V,hovsg,127,countertop item,0_0_34,0_0,5,0.30090179308804127
00843-DYehNKdT76V,hovsg,128,cover,1_4_12,1_4,1,0.2710186471891609
00843-DYehNKdT76V,hovsg,128,cover,0_1_473,0_1,2,0.25297124083981515
00843-DYehNKdT76V,hovsg,128,cover,1_3_47,1_3,3,0.25163417896960444
00843-DYehNKdT76V,hovsg,128,cover,1_3_71,1_3,4,0.24916895456533728
00843-DYehNKdT76V,hovsg,128,cover,0_0_90,0_0,5,0.2489228142485933
00843-DYehNKdT76V,hovsg,129,cross,0_0_20,0_0,1,0.23405698297056166
00843-DYehNKdT76V,hovsg,129,cross,1_3_23,1_3,2,0.23402927543001117
00843-DYehNKdT76V,hovsg,129,cross,0_0_56,0_0,3,0.22987611223273685
00843-DYehNKdT76V,hovsg,129,cross,0_1_537,0_1,4,0.2292893969848434
00843-DYehNKdT76V,hovsg,129,cross,1_1_22,1_1,5,0.22641511237572975
00843-DYehNKdT76V,hovsg,130,crutches,1_4_63,1_4,1,0.2619527000936473
00843-DYehNKdT76V,hovsg,130,crutches,0_1_53,0_1,2,0.2547775868575769
00843-DYehNKdT76V,hovsg,130,crutches,1_2_32,1_2,3,0.2522975415936064
00843-DYehNKdT76V,hovsg,130,crutches,1_3_44,1_3,4,0.250746489853674
00843-DYehNKdT76V,hovsg,130,crutches,0_1_245,0_1,5,0.249811829931552
00843-DYehNKdT76V,hovsg,131,cup,0_0_57,0_0,1,0.27713722192105184
00843-DYehNKdT76V,hovsg,131,cup,1_3_53,1_3,2,0.25583632290671443
00843-DYehNKdT76V,hovsg,131,cup,0_0_69,0_0,3,0.25406763415819505
00843-DYehNKdT76V,hovsg,131,cup,0_1_32,0_1,4,0.25383845222847196
00843-DYehNKdT76V,hovsg,131,cup,0_1_203,0_1,5,0.25370090256276956
00843-DYehNKdT76V,hovsg,132,curb,1_4_69,1_4,1,0.27046179842677603
00843-DYehNKdT76V,hovsg,132,curb,1_2_77,1_2,2,0.2678090164521965
00843-DYehNKdT76V,hovsg,132,curb,1_3_111,1_3,3,0.25631243894236116
00843-DYehNKdT76V,hovsg,132,curb,1_3_53,1_3,4,0.2561976867551433
00843-DYehNKdT76V,hovsg,132,curb,0_1_173,0_1,5,0.2560129744811538
00843-DYehNKdT76V,hovsg,133,curtain,1_1_46,1_1,1,0.32166837119439173
00843-DYehNKdT76V,hovsg,133,curtain,1_1_23,1_1,2,0.32025298950901293
00843-DYehNKdT76V,hovsg,133,curtain,1_1_43,1_1,3,0.3192192088130712
00843-DYehNKdT76V,hovsg,133,curtain,1_0_30,1_0,4,0.31804913162978443
00843-DYehNKdT76V,hovsg,133,curtain,1_0_22,1_0,5,0.31768978948792337
00843-DYehNKdT76V,hovsg,134,cushion,0_1_51,0_1,1,0.31574195246026604
00843-DYehNKdT76V,hovsg,134,cushion,1_0_18,1_0,2,0.30098086758101195
00843-DYehNKdT76V,hovsg,134,cushion,0_1_123,0_1,3,0.29907018217741493
00843-DYehNKdT76V,hovsg,134,cushion,0_1_72,0_1,4,0.29661954499329346
00843-DYehNKdT76V,hovsg,134,cushion,0_1_332,0_1,5,0.295677758092113
00843-DYehNKdT76V,hovsg,135,cutlery,1_4_52,1_4,1,0.24247011366938545
00843-DYehNKdT76V,hovsg,135,cutlery,0_1_103,0_1,2,0.23080325110000086
00843-DYehNKdT76V,hovsg,135,cutlery,0_1_60,0_1,3,0.2280742776239514
00843-DYehNKdT76V,hovsg,135,cutlery,0_1_540,0_1,4,0.22091727969630126
00843-DYehNKdT76V,hovsg,135,cutlery,0_0_56,0_0,5,0.22085180366953402
00843-DYehNKdT76V,hovsg,136,cyp,1_5_2,1_5,1,0.22967229981184134
00843-DYehNKdT76V,hovsg,136,cyp,0_0_139,0_0,2,0.22132573633586686
00843-DYehNKdT76V,hovsg,136,cyp,0_1_22,0_1,3,0.2075097943537591
00843-DYehNKdT76V,hovsg,136,cyp,1_4_35,1_4,4,0.20368504579221924
00843-DYehNKdT76V,hovsg,136,cyp,1_1_22,1_1,5,0.19802157397573283
00843-DYehNKdT76V,hovsg,137,dartboard,0_0_96,0_0,1,0.2178339208976678
00843-DYehNKdT76V,hovsg,137,dartboard,1_1_22,1_1,2,0.18440215428121065
00843-DYehNKdT76V,hovsg,138,decoder,1_2_76,1_2,1,0.23605171078752313
00843-DYehNKdT76V,hovsg,138,decoder,0_1_94,0_1,2,0.23090920805276452
00843-DYehNKdT76V,hovsg,138,decoder,1_2_21,1_2,3,0.23070037857167952
00843-DYehNKdT76V,hovsg,138,decoder,1_0_21,1_0,4,0.22841310082687413
00843-DYehNKdT76V,hovsg,138,decoder,1_3_41,1_3,5,0.22735930183383118
00843-DYehNKdT76V,hovsg,139,decoration,1_2_77,1_2,1,0.26816453479246893
00843-DYehNKdT76V,hovsg,139,decoration,1_2_41,1_2,2,0.26093028754438585
00843-DYehNKdT76V,hovsg,139,decoration,1_2_66,1_2,3,0.26032529539038907
00843-DYehNKdT76V,hovsg,139,decoration,1_2_62,1_2,4,0.257677193552195
00843-DYehNKdT76V,hovsg,139,decoration,0_1_208,0_1,5,0.25698283897784696
00843-DYehNKdT76V,hovsg,140,dehumidifier,1_3_100,1_3,1,0.2795335796911378
00843-DYehNKdT76V,hovsg,140,dehumidifier,1_2_93,1_2,2,0.275045005976423
00843-DYehNKdT76V,hovsg,140,dehumidifier,1_3_104,1_3,3,0.2732574736346456
00843-DYehNKdT76V,hovsg,140,dehumidifier,1_1_28,1_1,4,0.27256770361489524
00843-DYehNKdT76V,hovsg,140,dehumidifier,1_0_45,1_0,5,0.26667126139974734
00843-DYehNKdT76V,hovsg,141,den,0_1_332,0_1,1,0.2407411497002312
00843-DYehNKdT76V,hovsg,141,den,0_1_51,0_1,2,0.23978904695407133
00843-DYehNKdT76V,hovsg,141,den,0_1_48,0_1,3,0.23397828703910822
00843-DYehNKdT76V,hovsg,141,den,1_3_81,1_3,4,0.227073999899785
00843-DYehNKdT76V,hovsg,141,den,0_0_151,0_0,5,0.22673626501566954
00843-DYehNKdT76V,hovsg,142,desk,1_0_73,1_0,1,0.264020498991165
00843-DYehNKdT76V,hovsg,142,desk,0_0_183,0_0,2,0.2639324590127701
00843-DYehNKdT76V,hovsg,142,desk,1_0_21,1_0,3,0.2629937035326332
00843-DYehNKdT76V,hovsg,142,desk,1_0_15,1_0,4,0.2616113136249232
00843-DYehNKdT76V,hovsg,142,desk,0_0_249,0_0,5,0.26157193050571453
00843-DYehNKdT76V,hovsg,143,desk door,0_0_183,0_0,1,0.2834168489853009
00843-DYehNKdT76V,hovsg,143,desk door,0_0_226,0_0,2,0.2799172081831908
00843-DYehNKdT76V,hovsg,143,desk door,0_0_130,0_0,3,0.2764372136743034
00843-DYehNKdT76V,hovsg,143,desk door,0_1_473,0_1,4,0.27613381096301093
00843-DYehNKdT76V,hovsg,143,desk door,0_0_112,0_0,5,0.2749004336784675
00843-DYehNKdT76V,hovsg,144,dinnerware,0_1_103,0_1,1,0.2165300321262084
00843-DYehNKdT76V,hovsg,144,dinnerware,0_1_22,0_1,2,0.2048842467663662
00843-DYehNKdT76V,hovsg,145,diploma,1_1_22,1_1,1,0.2002537216274393
00843-DYehNKdT76V,hovsg,146,dirt ground,1_4_69,1_4,1,0.24237936835065244
00843-DYehNKdT76V,hovsg,146,dirt ground,1_3_36,1_3,2,0.23630985765886658
00843-DYehNKdT76V,hovsg,146,dirt ground,0_1_238,0_1,3,0.2271546084004953
00843-DYehNKdT76V,hovsg,146,dirt ground,0_0_139,0_0,4,0.224357139523746
00843-DYehNKdT76V,hovsg,146,dirt ground,0_1_262,0_1,5,0.2202725592108279
00843-DYehNKdT76V,hovsg,147,dish rack,0_0_63,0_0,1,0.26337260723483097
00843-DYehNKdT76V,hovsg,147,dish rack,0_0_62,0_0,2,0.26026315812609885
00843-DYehNKdT76V,hovsg,147,dish rack,0_0_34,0_0,3,0.24955827671061448
00843-DYehNKdT76V,hovsg,147,dish rack,0_0_23,0_0,4,0.24914774330128628
00843-DYehNKdT76V,hovsg,147,dish rack,0_0_111,0_0,5,0.2491356818102412
00843-DYehNKdT76V,hovsg,148,dishwasher,0_0_62,0_0,1,0.2575608969884196
00843-DYehNKdT76V,hovsg,148,dishwasher,0_0_34,0_0,2,0.2542697138895886
00843-DYehNKdT76V,hovsg,148,dishwasher,0_0_23,0_0,3,0.2540552677492077
00843-DYehNKdT76V,hovsg,148,dishwasher,0_0_111,0_0,4,0.2536472962166703
00843-DYehNKdT76V,hovsg,148,dishwasher,0_0_253,0_0,5,0.25256541658242126
00843-DYehNKdT76V,hovsg,149,dispenser,0_0_25,0_0,1,0.2847801087837192
00843-DYehNKdT76V,hovsg,149,dispenser,1_2_76,1_2,2,0.27386615453492713
00843-DYehNKdT76V,hovsg,149,dispenser,0_0_57,0_0,3,0.2710846798307198
00843-DYehNKdT76V,hovsg,149,dispenser,1_3_52,1_3,4,0.26478270087349876
00843-DYehNKdT76V,hovsg,149,dispenser,1_2_21,1_2,5,0.26399751270797917
00843-DYehNKdT76V,hovsg,150,display case,0_0_102,0_0,1,0.25734880317943853
00843-DYehNKdT76V,hovsg,150,display case,0_0_142,0_0,2,0.2552503072276898
00843-DYehNKdT76V,hovsg,150,display case,0_0_234,0_0,3,0.25322215536887044
00843-DYehNKdT76V,hovsg,150,display case,0_1_471,0_1,4,0.2522268495211023
00843-DYehNKdT76V,hovsg,150,display case,0_0_144,0_0,5,0.2519518880078543
00843-DYehNKdT76V,hovsg,151,document,1_2_77,1_2,1,0.25734774698127166
00843-DYehNKdT76V,hovsg,151,document,0_1_539,0_1,2,0.2533087869803358
00843-DYehNKdT76V,hovsg,151,document,1_1_28,1_1,3,0.24437541296302306
00843-DYehNKdT76V,hovsg,151,document,0_1_534,0_1,4,0.24170587968158827
00843-DYehNKdT76V,hovsg,151,document,0_1_14,0_1,5,0.24110498606961422
00843-DYehNKdT76V,hovsg,152,document holder,1_1_28,1_1,1,0.29191774895400385
00843-DYehNKdT76V,hovsg,152,document holder,1_0_45,1_0,2,0.26910231792708417
00843-DYehNKdT76V,hovsg,152,document holder,1_2_77,1_2,3,0.2682927797122651
00843-DYehNKdT76V,hovsg,152,document holder,1_0_21,1_0,4,0.26797471725050126
00843-DYehNKdT76V,hovsg,152,document holder,1_0_73,1_0,5,0.2678356769346112
00843-DYehNKdT76V,hovsg,153,dog leash,1_2_78,1_2,1,0.2389748375818105
00843-DYehNKdT76V,hovsg,153,dog leash,0_0_139,0_0,2,0.2207900677761272
00843-DYehNKdT76V,hovsg,154,dog toy,0_0_139,0_0,1,0.2350201784169837
00843-DYehNKdT76V,hovsg,154,dog toy,1_2_78,1_2,2,0.226605910270683
00843-DYehNKdT76V,hovsg,154,dog toy,0_0_138,0_0,3,0.2158721312538312
00843-DYehNKdT76V,hovsg,155,doily,0_1_208,0_1,1,0.22384681170159537
00843-DYehNKdT76V,hovsg,155,doily,0_1_321,0_1,2,0.21921808589459832
00843-DYehNKdT76V,hovsg,155,doily,1_4_40,1_4,3,0.2173601327424027
00843-DYehNKdT76V,hovsg,155,doily,0_1_41,0_1,4,0.21592893166407856
00843-DYehNKdT76V,hovsg,155,doily,0_0_111,0_0,5,0.21432929191030442
00843-DYehNKdT76V,hovsg,156,doll,1_2_76,1_2,1,0.24112398283741643
00843-DYehNKdT76V,hovsg,156,doll,0_0_139,0_0,2,0.2405578354599555
00843-DYehNKdT76V,hovsg,156,doll,0_0_138,0_0,3,0.23807642733999584
00843-DYehNKdT76V,hovsg,156,doll,0_1_54,0_1,4,0.23501420307974707
00843-DYehNKdT76V,hovsg,156,doll,0_0_151,0_0,5,0.2344439592885376
00843-DYehNKdT76V,hovsg,157,door screen,0_1_473,0_1,1,0.30003659385228787
00843-DYehNKdT76V,hovsg,157,door screen,0_1_471,0_1,2,0.29994509821698234
00843-DYehNKdT76V,hovsg,157,door screen,1_3_95,1_3,3,0.2992090271636564
00843-DYehNKdT76V,hovsg,157,door screen,0_1_497,0_1,4,0.29258203902280955
00843-DYehNKdT76V,hovsg,157,door screen,0_1_90,0_1,5,0.29257786080390386
00843-DYehNKdT76V,hovsg,158,drawer,1_2_14,1_2,1,0.3298343311149033
00843-DYehNKdT76V,hovsg,158,drawer,1_2_24,1_2,2,0.328785882851757
00843-DYehNKdT76V,hovsg,158,drawer,1_2_28,1_2,3,0.3245561237484538
00843-DYehNKdT76V,hovsg,158,drawer,1_2_81,1_2,4,0.3188444454929177
00843-DYehNKdT76V,hovsg,158,drawer,1_1_28,1_1,5,0.3067072033858112
00843-DYehNKdT76V,hovsg,159,drawer cart,1_2_14,1_2,1,0.279579021461282
00843-DYehNKdT76V,hovsg,159,drawer cart,1_2_24,1_2,2,0.27848467514996805
00843-DYehNKdT76V,hovsg,159,drawer cart,1_2_81,1_2,3,0.277889803088069
00843-DYehNKdT76V,hovsg,159,drawer cart,1_2_28,1_2,4,0.2734790969310033
00843-DYehNKdT76V,hovsg,159,drawer cart,1_1_28,1_1,5,0.2535210813149137
00843-DYehNKdT76V,hovsg,160,dressing table,1_2_28,1_2,1,0.2598973638571994
00843-DYehNKdT76V,hovsg,160,dressing table,1_2_24,1_2,2,0.2571181463862215
00843-DYehNKdT76V,hovsg,160,dressing table,1_2_14,1_2,3,0.25578545364307437
00843-DYehNKdT76V,hovsg,160,dressing table,1_2_81,1_2,4,0.25347194907743564
00843-DYehNKdT76V,hovsg,160,dressing table,1_0_33,1_0,5,0.25006643899968767
00843-DYehNKdT76V,hovsg,161,drill,1_3_52,1_3,1,0.25193270992873484
00843-DYehNKdT76V,hovsg,161,drill,0_1_299,0_1,2,0.23984965841472483
00843-DYehNKdT76V,hovsg,161,drill,0_0_20,0_0,3,0.23466729567576478
00843-DYehNKdT76V,hovsg,161,drill,0_1_462,0_1,4,0.23302274077299015
00843-DYehNKdT76V,hovsg,161,drill,1_3_57,1_3,5,0.23278504965333552
00843-DYehNKdT76V,hovsg,162,drum,0_0_69,0_0,1,0.2607380600842736
00843-DYehNKdT76V,hovsg,162,drum,0_1_208,0_1,2,0.2551239457439699
00843-DYehNKdT76V,hovsg,162,drum,0_1_321,0_1,3,0.25121882216381675
00843-DYehNKdT76V,hovsg,162,drum,0_0_96,0_0,4,0.25095538507871773
00843-DYehNKdT76V,hovsg,162,drum,0_1_41,0_1,5,0.25001273747152297
00843-DYehNKdT76V,hovsg,163,dustpan,1_1_26,1_1,1,0.32826482379506366
00843-DYehNKdT76V,hovsg,163,dustpan,1_2_77,1_2,2,0.3070213562353026
00843-DYehNKdT76V,hovsg,163,dustpan,0_0_34,0_0,3,0.3017515711672284
00843-DYehNKdT76V,hovsg,163,dustpan,0_0_23,0_0,4,0.30067804742376747
00843-DYehNKdT76V,hovsg,163,dustpan,0_0_253,0_0,5,0.3000670173081859
00843-DYehNKdT76V,hovsg,164,dvd,1_4_36,1_4,1,0.24644025524027424
00843-DYehNKdT76V,hovsg,164,dvd,1_2_76,1_2,2,0.2407945181614375
00843-DYehNKdT76V,hovsg,164,dvd,1_2_21,1_2,3,0.23362487990263947
00843-DYehNKdT76V,hovsg,164,dvd,0_0_139,0_0,4,0.22220495679053076
00843-DYehNKdT76V,hovsg,164,dvd,0_1_540,0_1,5,0.22159694691223997
00843-DYehNKdT76V,hovsg,165,easel,1_4_69,1_4,1,0.26609198462762107
00843-DYehNKdT76V,hovsg,165,easel,0_1_137,0_1,2,0.2575648445467451
00843-DYehNKdT76V,hovsg,165,easel,1_5_70,1_5,3,0.256495213517097
00843-DYehNKdT76V,hovsg,165,easel,0_1_0,0_1,4,0.2546845038033949
00843-DYehNKdT76V,hovsg,165,easel,0_1_155,0_1,5,0.2546812442279612
00843-DYehNKdT76V,hovsg,166,electric hub,0_0_20,0_0,1,0.23736360737952117
00843-DYehNKdT76V,hovsg,166,electric hub,1_1_22,1_1,2,0.1840569825048589
00843-DYehNKdT76V,hovsg,167,electric wire casing,0_0_20,0_0,1,0.26133099688425765
00843-DYehNKdT76V,hovsg,167,electric wire casing,1_2_59,1_2,2,0.2583964830296924
00843-DYehNKdT76V,hovsg,167,electric wire casing,0_0_145,0_0,3,0.24975835647052658
00843-DYehNKdT76V,hovsg,167,electric wire casing,0_0_161,0_0,4,0.2470799464260917
00843-DYehNKdT76V,hovsg,167,electric wire casing,1_2_82,1_2,5,0.24505849268431049
00843-DYehNKdT76V,hovsg,168,electrical box,1_2_76,1_2,1,0.2902369610847122
00843-DYehNKdT76V,hovsg,168,electrical box,0_0_145,0_0,2,0.2817625308970576
00843-DYehNKdT76V,hovsg,168,electrical box,0_1_457,0_1,3,0.27652765588229916
00843-DYehNKdT76V,hovsg,168,electrical box,1_2_21,1_2,4,0.2746573901926605
00843-DYehNKdT76V,hovsg,168,electrical box,1_0_73,1_0,5,0.2712128905507671
00843-DYehNKdT76V,hovsg,169,electrical device,1_0_45,1_0,1,0.27509884791874084
00843-DYehNKdT76V,hovsg,169,electrical device,0_0_62,0_0,2,0.2655699450181093
00843-DYehNKdT76V,hovsg,169,electrical device,0_0_20,0_0,3,0.257438061831719
00843-DYehNKdT76V,hovsg,169,electrical device,0_1_457,0_1,4,0.2552101898549397
00843-DYehNKdT76V,hovsg,169,electrical device,1_2_76,1_2,5,0.2512438901916934
00843-DYehNKdT76V,hovsg,170,electrical installation,0_1_457,0_1,1,0.27149474104578475
00843-DYehNKdT76V,hovsg,170,electrical installation,0_0_20,0_0,2,0.26918465856065343
00843-DYehNKdT76V,hovsg,170,electrical installation,0_0_145,0_0,3,0.2584482928661618
00843-DYehNKdT76V,hovsg,170,electrical installation,0_0_136,0_0,4,0.2548876917273458
00843-DYehNKdT76V,hovsg,170,electrical installation,0_1_456,0_1,5,0.25173299378870045
00843-DYehNKdT76V,hovsg,171,elevator,1_4_18,1_4,1,0.2826737076920016
00843-DYehNKdT76V,hovsg,171,elevator,1_4_6,1_4,2,0.28092722156189587
00843-DYehNKdT76V,hovsg,171,elevator,1_4_25,1_4,3,0.28071645951068425
00843-DYehNKdT76V,hovsg,171,elevator,1_3_42,1_3,4,0.2788953827677723
00843-DYehNKdT76V,hovsg,171,elevator,1_4_17,1_4,5,0.27733425454918176
00843-DYehNKdT76V,hovsg,172,exercise ball,0_0_139,0_0,1,0.25008230544280285
00843-DYehNKdT76V,hovsg,172,exercise ball,0_0_96,0_0,2,0.2373823912790557
00843-DYehNKdT76V,hovsg,172,exercise ball,1_4_35,1_4,3,0.2023362798150773
00843-DYehNKdT76V,hovsg,173,exercise bike,1_3_50,1_3,1,0.23207774573094275
00843-DYehNKdT76V,hovsg,173,exercise bike,1_4_52,1_4,2,0.22318028471404514
00843-DYehNKdT76V,hovsg,173,exercise bike,1_3_11,1_3,3,0.22212061282076076
00843-DYehNKdT76V,hovsg,173,exercise bike,1_3_53,1_3,4,0.22200460312658737
00843-DYehNKdT76V,hovsg,173,exercise bike,0_0_150,0_0,5,0.22098232844301224
00843-DYehNKdT76V,hovsg,174,exercise equipment,1_2_32,1_2,1,0.22592447520131329
00843-DYehNKdT76V,hovsg,174,exercise equipment,1_4_52,1_4,2,0.20413878050127793
00843-DYehNKdT76V,hovsg,174,exercise equipment,1_3_50,1_3,3,0.20345416535184932
00843-DYehNKdT76V,hovsg,174,exercise equipment,1_2_76,1_2,4,0.20098276824298658
00843-DYehNKdT76V,hovsg,174,exercise equipment,0_0_150,0_0,5,0.20005755181486798
00843-DYehNKdT76V,hovsg,175,exercise ladder,0_1_513,0_1,1,0.24236564519237028
00843-DYehNKdT76V,hovsg,175,exercise ladder,0_1_488,0_1,2,0.2381218750750992
00843-DYehNKdT76V,hovsg,175,exercise ladder,0_1_467,0_1,3,0.23750303974414883
00843-DYehNKdT76V,hovsg,175,exercise ladder,0_1_105,0_1,4,0.2366368264164484
00843-DYehNKdT76V,hovsg,175,exercise ladder,0_1_511,0_1,5,0.23569228627474748
00843-DYehNKdT76V,hovsg,176,exercise mat,1_4_36,1_4,1,0.22645385372604124
00843-DYehNKdT76V,hovsg,176,exercise mat,0_1_173,0_1,2,0.22599185918389839
00843-DYehNKdT76V,hovsg,176,exercise mat,0_1_420,0_1,3,0.22283306477238327
00843-DYehNKdT76V,hovsg,176,exercise mat,1_1_58,1_1,4,0.2217834071744864
00843-DYehNKdT76V,hovsg,176,exercise mat,0_1_68,0_1,5,0.2199112501647407
00843-DYehNKdT76V,hovsg,177,exhibition panel,0_1_137,0_1,1,0.25502243346948605
00843-DYehNKdT76V,hovsg,177,exhibition panel,0_1_0,0_1,2,0.24146447246682337
00843-DYehNKdT76V,hovsg,177,exhibition panel,1_1_62,1_1,3,0.23095208034388792
00843-DYehNKdT76V,hovsg,177,exhibition panel,1_1_17,1_1,4,0.2261200442700071
00843-DYehNKdT76V,hovsg,177,exhibition panel,0_1_155,0_1,5,0.22335352403309136
00843-DYehNKdT76V,hovsg,178,extractor hood,0_0_23,0_0,1,0.2980860354829037
00843-DYehNKdT76V,hovsg,178,extractor hood,0_0_111,0_0,2,0.29768800535175827
00843-DYehNKdT76V,hovsg,178,extractor hood,0_0_34,0_0,3,0.296997653537726
00843-DYehNKdT76V,hovsg,178,extractor hood,0_0_253,0_0,4,0.2956863713218488
00843-DYehNKdT76V,hovsg,178,extractor hood,0_0_128,0_0,5,0.2928903182392789
00843-DYehNKdT76V,hovsg,179,eyeglasses,1_3_11,1_3,1,0.23162332064319285
00843-DYehNKdT76V,hovsg,179,eyeglasses,1_3_50,1_3,2,0.2259085606693625
00843-DYehNKdT76V,hovsg,179,eyeglasses,1_3_53,1_3,3,0.2222434344906294
00843-DYehNKdT76V,hovsg,179,eyeglasses,1_3_42,1_3,4,0.2199181654185684
00843-DYehNKdT76V,hovsg,179,eyeglasses,1_3_92,1_3,5,0.21866294492786167
00843-DYehNKdT76V,hovsg,180,fan,1_2_91,1_2,1,0.2735817136916149
00843-DYehNKdT76V,hovsg,180,fan,1_2_93,1_2,2,0.27019583089673005
00843-DYehNKdT76V,hovsg,180,fan,1_3_100,1_3,3,0.26750742914896025
00843-DYehNKdT76V,hovsg,180,fan,0_1_2,0_1,4,0.2614525287198367
00843-DYehNKdT76V,hovsg,180,fan,0_0_101,0_0,5,0.2607333858970229
00843-DYehNKdT76V,hovsg,181,faucet,1_4_52,1_4,1,0.2877270170193679
00843-DYehNKdT76V,hovsg,181,faucet,0_1_248,0_1,2,0.26032390495522956
00843-DYehNKdT76V,hovsg,181,faucet,1_4_48,1_4,3,0.2581152072506461
00843-DYehNKdT76V,hovsg,181,faucet,1_4_45,1_4,4,0.2567264078370365
00843-DYehNKdT76V,hovsg,181,faucet,1_3_52,1_3,5,0.2562928007784193
00843-DYehNKdT76V,hovsg,182,fire extinguisher,0_0_69,0_0,1,0.30252575771258294
00843-DYehNKdT76V,hovsg,182,fire extinguisher,0_0_57,0_0,2,0.2408185355614578
00843-DYehNKdT76V,hovsg,182,fire extinguisher,1_2_76,1_2,3,0.23340554963512183
00843-DYehNKdT76V,hovsg,182,fire extinguisher,0_1_286,0_1,4,0.23262219577590185
00843-DYehNKdT76V,hovsg,182,fire extinguisher,0_1_273,0_1,5,0.232419617428169
00843-DYehNKdT76V,hovsg,183,fireplace,0_1_178,0_1,1,0.24147346152633284
00843-DYehNKdT76V,hovsg,183,fireplace,0_1_364,0_1,2,0.23849947247472425
00843-DYehNKdT76V,hovsg,183,fireplace,0_1_232,0_1,3,0.23634324204258245
00843-DYehNKdT76V,hovsg,183,fireplace,0_1_398,0_1,4,0.23616508085990207
00843-DYehNKdT76V,hovsg,183,fireplace,0_1_46,0_1,5,0.23517349948321006
00843-DYehNKdT76V,hovsg,184,fireplace tool set,0_0_63,0_0,1,0.23112545615968683
00843-DYehNKdT76V,hovsg,184,fireplace tool set,0_1_466,0_1,2,0.22904816715720205
00843-DYehNKdT76V,hovsg,184,fireplace tool set,1_2_32,1_2,3,0.2225336591109831
00843-DYehNKdT76V,hovsg,184,fireplace tool set,0_1_98,0_1,4,0.22040600029739138
00843-DYehNKdT76V,hovsg,184,fireplace tool set,1_3_50,1_3,5,0.22019958041633314
00843-DYehNKdT76V,hovsg,185,firewood,0_1_63,0_1,1,0.25834824992104444
00843-DYehNKdT76V,hovsg,185,firewood,0_1_68,0_1,2,0.25753956637432135
00843-DYehNKdT76V,hovsg,185,firewood,0_1_230,0_1,3,0.25658553207706725
00843-DYehNKdT76V,hovsg,185,firewood,0_1_336,0_1,4,0.2515459337609447
00843-DYehNKdT76V,hovsg,185,firewood,0_0_183,0_0,5,0.2411704247561726
00843-DYehNKdT76V,hovsg,186,fishing rod,0_0_160,0_0,1,0.25253079945471907
00843-DYehNKdT76V,hovsg,186,fishing rod,0_0_162,0_0,2,0.24642101504756822
00843-DYehNKdT76V,hovsg,186,fishing rod,0_1_261,0_1,3,0.24173966797196883
00843-DYehNKdT76V,hovsg,186,fishing rod,0_0_56,0_0,4,0.23045519906923967
00843-DYehNKdT76V,hovsg,186,fishing rod,0_1_537,0_1,5,0.22564510645888128
00843-DYehNKdT76V,hovsg,187,flag,1_4_81,1_4,1,0.2710482075194424
00843-DYehNKdT76V,hovsg,187,flag,0_0_176,0_0,2,0.2706536593420078
00843-DYehNKdT76V,hovsg,187,flag,1_2_36,1_2,3,0.2656132559152019
00843-DYehNKdT76V,hovsg,187,flag,0_1_268,0_1,4,0.26556277105804416
00843-DYehNKdT76V,hovsg,187,flag,0_1_421,0_1,5,0.26489072418813364
00843-DYehNKdT76V,hovsg,188,flashlight,1_3_34,1_3,1,0.271260674431548
00843-DYehNKdT76V,hovsg,188,flashlight,0_0_150,0_0,2,0.2675533222484965
00843-DYehNKdT76V,hovsg,188,flashlight,1_3_76,1_3,3,0.26720407755188325
00843-DYehNKdT76V,hovsg,188,flashlight,1_4_10,1_4,4,0.2618241479397465
00843-DYehNKdT76V,hovsg,188,flashlight,1_3_53,1_3,5,0.2595543942069073
00843-DYehNKdT76V,hovsg,189,floor stand,1_1_33,1_1,1,0.2808620503353618
00843-DYehNKdT76V,hovsg,189,floor stand,1_5_62,1_5,2,0.2784147352776897
00843-DYehNKdT76V,hovsg,189,floor stand,0_1_490,0_1,3,0.2756582952674016
00843-DYehNKdT76V,hovsg,189,floor stand,1_1_5,1_1,4,0.2741418541117575
00843-DYehNKdT76V,hovsg,189,floor stand,0_0_89,0_0,5,0.27323068264602407
00843-DYehNKdT76V,hovsg,190,flower stand,1_4_38,1_4,1,0.25154767486126894
00843-DYehNKdT76V,hovsg,191,flowerbed,1_4_38,1_4,1,0.23906682840786248
00843-DYehNKdT76V,hovsg,192,flush,1_3_9,1_3,1,0.27295146124552716
00843-DYehNKdT76V,hovsg,192,flush,1_3_25,1_3,2,0.2696512847616515
00843-DYehNKdT76V,hovsg,192,flush,0_1_239,0_1,3,0.2571896792057309
00843-DYehNKdT76V,hovsg,192,flush,1_3_60,1_3,4,0.2561746553296327
00843-DYehNKdT76V,hovsg,192,flush,1_4_4,1_4,5,0.2536899231198783
00843-DYehNKdT76V,hovsg,193,flush button,1_0_45,1_0,1,0.26334466049379035
00843-DYehNKdT76V,hovsg,193,flush button,1_3_104,1_3,2,0.2480268690984722
00843-DYehNKdT76V,hovsg,193,flush button,0_0_20,0_0,3,0.24468551667106292
00843-DYehNKdT76V,hovsg,193,flush button,1_3_9,1_3,4,0.23319710581490047
00843-DYehNKdT76V,hovsg,193,flush button,1_3_20,1_3,5,0.22831060437683198
00843-DYehNKdT76V,hovsg,194,flush push,1_3_25,1_3,1,0.27200867995603834
00843-DYehNKdT76V,hovsg,194,flush push,1_3_9,1_3,2,0.2668057392032577
00843-DYehNKdT76V,hovsg,194,flush push,1_3_52,1_3,3,0.25640717016253345
00843-DYehNKdT76V,hovsg,194,flush push,0_1_239,0_1,4,0.2533067743992825
00843-DYehNKdT76V,hovsg,194,flush push,1_2_77,1_2,5,0.25298009088142304
00843-DYehNKdT76V,hovsg,195,foam,1_4_35,1_4,1,0.27627280689175815
00843-DYehNKdT76V,hovsg,195,foam,1_4_4,1_4,2,0.27170757351582064
00843-DYehNKdT76V,hovsg,195,foam,1_2_23,1_2,3,0.26725270729358264
00843-DYehNKdT76V,hovsg,195,foam,1_2_4,1_2,4,0.265061039831165
00843-DYehNKdT76V,hovsg,195,foam,0_0_42,0_0,5,0.2643673149779795
00843-DYehNKdT76V,hovsg,196,folding stand,1_2_74,1_2,1,0.25789871660365915
00843-DYehNKdT76V,hovsg,196,folding stand,0_1_442,0_1,2,0.2578301307403882
00843-DYehNKdT76V,hovsg,196,folding stand,1_3_31,1_3,3,0.2573920686576
00843-DYehNKdT76V,hovsg,196,folding stand,1_2_69,1_2,4,0.25630837575280246
00843-DYehNKdT76V,hovsg,196,folding stand,1_5_65,1_5,5,0.25546243460568696
00843-DYehNKdT76V,hovsg,197,food,0_1_22,0_1,1,0.26207449907157676
00843-DYehNKdT76V,hovsg,197,food,0_1_60,0_1,2,0.2468434902790382
00843-DYehNKdT76V,hovsg,197,food,0_0_13,0_0,3,0.24110949598671533
00843-DYehNKdT76V,hovsg,197,food,0_1_103,0_1,4,0.23796946943434508
00843-DYehNKdT76V,hovsg,197,food,0_1_20,0_1,5,0.2375462438528629
00843-DYehNKdT76V,hovsg,198,food processor,1_2_76,1_2,1,0.23888487987312063
00843-DYehNKdT76V,hovsg,198,food processor,0_1_540,0_1,2,0.23771007022625085
00843-DYehNKdT76V,hovsg,198,food processor,0_0_69,0_0,3,0.23590428533557434
00843-DYehNKdT76V,hovsg,198,food processor,0_1_41,0_1,4,0.23410186754086132
00843-DYehNKdT76V,hovsg,198,food processor,0_0_57,0_0,5,0.23375506566550175
00843-DYehNKdT76V,hovsg,199,food stand,0_1_22,0_1,1,0.22273386801505313
00843-DYehNKdT76V,hovsg,200,foosball table,0_1_68,0_1,1,0.2246945003578804
00843-DYehNKdT76V,hovsg,200,foosball table,0_1_63,0_1,2,0.21976192365005787
00843-DYehNKdT76V,hovsg,200,foosball table,1_2_32,1_2,3,0.2181878133710078
00843-DYehNKdT76V,hovsg,200,foosball table,0_1_230,0_1,4,0.21769955730544377
00843-DYehNKdT76V,hovsg,200,foosball table,0_1_466,0_1,5,0.21073977680372524
00843-DYehNKdT76V,hovsg,201,foot spa,0_0_139,0_0,1,0.23186786183941185
00843-DYehNKdT76V,hovsg,202,football,0_0_96,0_0,1,0.22772717883984678
00843-DYehNKdT76V,hovsg,202,football,0_0_139,0_0,2,0.22585841371557794
00843-DYehNKdT76V,hovsg,202,football,1_2_16,1_2,3,0.22304759100727134
00843-DYehNKdT76V,hovsg,202,football,0_1_320,0_1,4,0.22273246292079776
00843-DYehNKdT76V,hovsg,202,football,0_1_22,0_1,5,0.22143573894489849
00843-DYehNKdT76V,hovsg,203,footstool,0_1_56,0_1,1,0.28840765369285
00843-DYehNKdT76V,hovsg,203,footstool,1_0_2,1_0,2,0.2852481732297506
00843-DYehNKdT76V,hovsg,203,footstool,0_1_111,0_1,3,0.2794176570936764
00843-DYehNKdT76V,hovsg,203,footstool,0_1_230,0_1,4,0.27896101711144394
00843-DYehNKdT76V,hovsg,203,footstool,0_1_63,0_1,5,0.27834012206127867
00843-DYehNKdT76V,hovsg,204,frame,0_1_13,0_1,1,0.2711887093532457
00843-DYehNKdT76V,hovsg,204,frame,0_0_12,0_0,2,0.26968009758489914
00843-DYehNKdT76V,hovsg,204,frame,0_1_143,0_1,3,0.26926955207532705
00843-DYehNKdT76V,hovsg,204,frame,1_4_69,1_4,4,0.2691779203137454
00843-DYehNKdT76V,hovsg,204,frame,0_0_3,0_0,5,0.2680916438235788
00843-DYehNKdT76V,hovsg,205,fruit,1_4_41,1_4,1,0.2651722170997423
00843-DYehNKdT76V,hovsg,205,fruit,1_4_56,1_4,2,0.23924984436972302
00843-DYehNKdT76V,hovsg,205,fruit,0_1_336,0_1,3,0.23860545377154824
00843-DYehNKdT76V,hovsg,205,fruit,0_1_22,0_1,4,0.23824807256319452
00843-DYehNKdT76V,hovsg,205,fruit,0_0_56,0_0,5,0.23574448169070333
00843-DYehNKdT76V,hovsg,206,fume cupboard,0_0_29,0_0,1,0.2861930257380777
00843-DYehNKdT76V,hovsg,206,fume cupboard,0_0_72,0_0,2,0.28284670705104265
00843-DYehNKdT76V,hovsg,206,fume cupboard,0_0_70,0_0,3,0.2808488659851466
00843-DYehNKdT76V,hovsg,206,fume cupboard,0_0_116,0_0,4,0.2807955338293572
00843-DYehNKdT76V,hovsg,206,fume cupboard,0_0_15,0_0,5,0.2797115329341465
00843-DYehNKdT76V,hovsg,207,fur,0_1_51,0_1,1,0.27071256488942796
00843-DYehNKdT76V,hovsg,207,fur,0_1_332,0_1,2,0.26999900494755846
00843-DYehNKdT76V,hovsg,207,fur,1_3_53,1_3,3,0.2608663214250379
00843-DYehNKdT76V,hovsg,207,fur,0_1_107,0_1,4,0.2602508885464689
00843-DYehNKdT76V,hovsg,207,fur,0_1_420,0_1,5,0.25627605703782935
00843-DYehNKdT76V,hovsg,208,furnace,1_3_104,1_3,1,0.25853814843323436
00843-DYehNKdT76V,hovsg,208,furnace,0_0_111,0_0,2,0.2567982787059303
00843-DYehNKdT76V,hovsg,208,furnace,0_0_62,0_0,3,0.25566962771776347
00843-DYehNKdT76V,hovsg,208,furnace,0_0_23,0_0,4,0.25564631181739045
00843-DYehNKdT76V,hovsg,208,furnace,0_1_466,0_1,5,0.2555963057901432
00843-DYehNKdT76V,hovsg,209,furniture,0_1_35,0_1,1,0.2789682921999474
00843-DYehNKdT76V,hovsg,209,furniture,0_1_56,0_1,2,0.27101856659557744
00843-DYehNKdT76V,hovsg,209,furniture,0_1_442,0_1,3,0.2694704068235997
00843-DYehNKdT76V,hovsg,209,furniture,0_1_12,0_1,4,0.2691531565421036
00843-DYehNKdT76V,hovsg,209,furniture,1_0_2,1_0,5,0.26866552654223563
00843-DYehNKdT76V,hovsg,210,game,0_1_68,0_1,1,0.24474965808341936
00843-DYehNKdT76V,hovsg,210,game,0_0_40,0_0,2,0.24442776133670183
00843-DYehNKdT76V,hovsg,210,game,1_2_76,1_2,3,0.24270175398397936
00843-DYehNKdT76V,hovsg,210,game,1_1_44,1_1,4,0.24076074529864924
00843-DYehNKdT76V,hovsg,210,game,0_0_51,0_0,5,0.24071440595950172
00843-DYehNKdT76V,hovsg,211,game console,0_1_94,0_1,1,0.2732886090231661
00843-DYehNKdT76V,hovsg,211,game console,1_0_45,1_0,2,0.2730185273638179
00843-DYehNKdT76V,hovsg,211,game console,0_1_50,0_1,3,0.2659010884728644
00843-DYehNKdT76V,hovsg,211,game console,0_0_111,0_0,4,0.257115423196503
00843-DYehNKdT76V,hovsg,211,game console,1_0_73,1_0,5,0.2570429200788147
00843-DYehNKdT76V,hovsg,212,gap,1_4_69,1_4,1,0.26339037546299393
00843-DYehNKdT76V,hovsg,212,gap,1_2_77,1_2,2,0.2555837085479763
00843-DYehNKdT76V,hovsg,212,gap,1_3_53,1_3,3,0.25520647192005746
00843-DYehNKdT76V,hovsg,212,gap,1_2_3,1_2,4,0.25489403196109284
00843-DYehNKdT76V,hovsg,212,gap,0_0_227,0_0,5,0.2539825232846695
00843-DYehNKdT76V,hovsg,213,garage door motor,0_1_473,0_1,1,0.2440179054974548
00843-DYehNKdT76V,hovsg,213,garage door motor,0_1_342,0_1,2,0.23955939686215483
00843-DYehNKdT76V,hovsg,213,garage door motor,0_0_136,0_0,3,0.2292759729660077
00843-DYehNKdT76V,hovsg,213,garage door motor,0_1_534,0_1,4,0.2261035598520346
00843-DYehNKdT76V,hovsg,213,garage door motor,0_1_338,0_1,5,0.22127222534396884
00843-DYehNKdT76V,hovsg,214,garage door opener,0_1_473,0_1,1,0.2576767583615776
00843-DYehNKdT76V,hovsg,214,garage door opener,0_1_342,0_1,2,0.25426476890325617
00843-DYehNKdT76V,hovsg,214,garage door opener,0_0_145,0_0,3,0.24988510232077632
00843-DYehNKdT76V,hovsg,214,garage door opener,0_1_471,0_1,4,0.2498814324739822
00843-DYehNKdT76V,hovsg,214,garage door opener,0_0_136,0_0,5,0.24638001184294464
00843-DYehNKdT76V,hovsg,215,garage door opener railing,0_0_219,0_0,1,0.23343262179989174
00843-DYehNKdT76V,hovsg,215,garage door opener railing,0_0_136,0_0,2,0.2314577365140908
00843-DYehNKdT76V,hovsg,215,garage door opener railing,0_0_192,0_0,3,0.22748286239561336
00843-DYehNKdT76V,hovsg,215,garage door opener railing,0_0_180,0_0,4,0.22547965388657065
00843-DYehNKdT76V,hovsg,215,garage door opener railing,0_1_88,0_1,5,0.22285049076801428
00843-DYehNKdT76V,hovsg,216,gas box,0_0_25,0_0,1,0.26876260748825953
00843-DYehNKdT76V,hovsg,216,gas box,1_2_76,1_2,2,0.26495854981840805
00843-DYehNKdT76V,hovsg,216,gas box,0_0_62,0_0,3,0.2587955234603866
00843-DYehNKdT76V,hovsg,216,gas box,1_3_20,1_3,4,0.25321752681025467
00843-DYehNKdT76V,hovsg,216,gas box,1_3_104,1_3,5,0.25254670116233646
00843-DYehNKdT76V,hovsg,217,gas container,0_0_69,0_0,1,0.30939984169512946
00843-DYehNKdT76V,hovsg,217,gas container,0_0_25,0_0,2,0.28467519591592205
00843-DYehNKdT76V,hovsg,217,gas container,0_0_57,0_0,3,0.2672929497090578
00843-DYehNKdT76V,hovsg,217,gas container,1_2_76,1_2,4,0.2546501859675558
00843-DYehNKdT76V,hovsg,217,gas container,0_0_240,0_0,5,0.2540696185170537
00843-DYehNKdT76V,hovsg,218,gas meter,1_0_45,1_0,1,0.26968708193195884
00843-DYehNKdT76V,hovsg,218,gas meter,1_2_76,1_2,2,0.2529535730341332
00843-DYehNKdT76V,hovsg,218,gas meter,0_0_62,0_0,3,0.24913328247622674
00843-DYehNKdT76V,hovsg,218,gas meter,1_4_37,1_4,4,0.24892914956727502
00843-DYehNKdT76V,hovsg,218,gas meter,0_0_20,0_0,5,0.24328354123589052
00843-DYehNKdT76V,hovsg,219,gauge,0_0_20,0_0,1,0.23353157716338235
00843-DYehNKdT76V,hovsg,219,gauge,1_4_37,1_4,2,0.21381989552057717
00843-DYehNKdT76V,hovsg,220,gift,0_0_69,0_0,1,0.23453453395537352
00843-DYehNKdT76V,hovsg,220,gift,1_4_38,1_4,2,0.22634416827908505
00843-DYehNKdT76V,hovsg,220,gift,0_0_96,0_0,3,0.21321222447075297
00843-DYehNKdT76V,hovsg,220,gift,1_4_35,1_4,4,0.19688923675633857
00843-DYehNKdT76V,hovsg,220,gift,1_1_22,1_1,5,0.18617619702739685
00843-DYehNKdT76V,hovsg,221,glass,1_3_42,1_3,1,0.2935444252972877
00843-DYehNKdT76V,hovsg,221,glass,1_3_66,1_3,2,0.292285791736008
00843-DYehNKdT76V,hovsg,221,glass,0_0_3,0_0,3,0.2922842908157795
00843-DYehNKdT76V,hovsg,221,glass,0_0_47,0_0,4,0.2918537886107825
00843-DYehNKdT76V,hovsg,221,glass,0_0_61,0_0,5,0.29149823477137005
00843-DYehNKdT76V,hovsg,222,glasses,1_3_11,1_3,1,0.2412687950427025
00843-DYehNKdT76V,hovsg,222,glasses,1_3_42,1_3,2,0.2409969207139463
00843-DYehNKdT76V,hovsg,222,glasses,1_3_53,1_3,3,0.23943982826143018
00843-DYehNKdT76V,hovsg,222,glasses,1_3_50,1_3,4,0.2389966171034308
00843-DYehNKdT76V,hovsg,222,glasses,1_4_12,1_4,5,0.2318609706274482
00843-DYehNKdT76V,hovsg,223,globe,0_0_139,0_0,1,0.2213934847513146
00843-DYehNKdT76V,hovsg,223,globe,0_0_96,0_0,2,0.21382501286273708
00843-DYehNKdT76V,hovsg,224,globe stand,1_2_32,1_2,1,0.20821703932068944
00843-DYehNKdT76V,hovsg,224,globe stand,1_2_76,1_2,2,0.20460738881291124
00843-DYehNKdT76V,hovsg,224,globe stand,0_0_139,0_0,3,0.20095340344994395
00843-DYehNKdT76V,hovsg,224,globe stand,1_2_21,1_2,4,0.19571248269979608
00843-DYehNKdT76V,hovsg,224,globe stand,1_3_111,1_3,5,0.19405448923839408
00843-DYehNKdT76V,hovsg,225,gloves,0_0_206,0_0,1,0.2683969323333898
00843-DYehNKdT76V,hovsg,225,gloves,0_0_138,0_0,2,0.25037492074105455
00843-DYehNKdT76V,hovsg,225,gloves,0_1_540,0_1,3,0.21620869551669208
00843-DYehNKdT76V,hovsg,225,gloves,0_0_139,0_0,4,0.21453768760475203
00843-DYehNKdT76V,hovsg,226,glue,1_2_77,1_2,1,0.27598768587270767
00843-DYehNKdT76V,hovsg,226,glue,1_3_90,1_3,2,0.2730114240259184
00843-DYehNKdT76V,hovsg,226,glue,0_1_83,0_1,3,0.27067451881631105
00843-DYehNKdT76V,hovsg,226,glue,1_1_26,1_1,4,0.26978175201128074
00843-DYehNKdT76V,hovsg,226,glue,1_2_3,1_2,5,0.26812582397190116
00843-DYehNKdT76V,hovsg,227,goalpost,1_2_32,1_2,1,0.24695329555234208
00843-DYehNKdT76V,hovsg,227,goalpost,1_3_20,1_3,2,0.223236889951131
00843-DYehNKdT76V,hovsg,228,golf sticks,1_4_39,1_4,1,0.23481041354723267
00843-DYehNKdT76V,hovsg,228,golf sticks,1_2_32,1_2,2,0.22926577562051165
00843-DYehNKdT76V,hovsg,228,golf sticks,0_1_17,0_1,3,0.22025223484863132
00843-DYehNKdT76V,hovsg,228,golf sticks,0_1_43,0_1,4,0.21999995537088213
00843-DYehNKdT76V,hovsg,228,golf sticks,0_1_460,0_1,5,0.21976483854362824
00843-DYehNKdT76V,hovsg,229,grab bar,1_4_52,1_4,1,0.28554658515088593
00843-DYehNKdT76V,hovsg,229,grab bar,0_0_20,0_0,2,0.27872994199704254
00843-DYehNKdT76V,hovsg,229,grab bar,1_4_48,1_4,3,0.27690307043034595
00843-DYehNKdT76V,hovsg,229,grab bar,1_3_44,1_3,4,0.27616300912022923
00843-DYehNKdT76V,hovsg,229,grab bar,1_4_30,1_4,5,0.2741098327371885
00843-DYehNKdT76V,hovsg,230,grass,0_1_17,0_1,1,0.30472071280330487
00843-DYehNKdT76V,hovsg,230,grass,0_1_386,0_1,2,0.3022801419079112
00843-DYehNKdT76V,hovsg,230,grass,0_1_460,0_1,3,0.30011298737302616
00843-DYehNKdT76V,hovsg,230,grass,0_1_316,0_1,4,0.29742101978329694
00843-DYehNKdT76V,hovsg,230,grass,0_1_30,0_1,5,0.2922524390574689
00843-DYehNKdT76V,hovsg,231,grate,1_3_104,1_3,1,0.29506549954681094
00843-DYehNKdT76V,hovsg,231,grate,1_2_91,1_2,2,0.2896045359863001
00843-DYehNKdT76V,hovsg,231,grate,1_3_100,1_3,3,0.28737073808308056
00843-DYehNKdT76V,hovsg,231,grate,0_1_512,0_1,4,0.2835436420264582
00843-DYehNKdT76V,hovsg,231,grate,1_2_93,1_2,5,0.27770510506403423
00843-DYehNKdT76V,hovsg,232,gravel,0_1_109,0_1,1,0.22159065660452779
00843-DYehNKdT76V,hovsg,232,gravel,1_3_36,1_3,2,0.21991164632042998
00843-DYehNKdT76V,hovsg,233,groceries,1_2_76,1_2,1,0.250924990889981
00843-DYehNKdT76V,hovsg,233,groceries,1_2_21,1_2,2,0.2393882604487689
00843-DYehNKdT76V,hovsg,233,groceries,0_0_138,0_0,3,0.21955319753777375
00843-DYehNKdT76V,hovsg,233,groceries,0_0_139,0_0,4,0.21449807970720997
00843-DYehNKdT76V,hovsg,234,guitar,1_2_3,1_2,1,0.2716297634920456
00843-DYehNKdT76V,hovsg,234,guitar,1_3_53,1_3,2,0.2648604616983373
00843-DYehNKdT76V,hovsg,234,guitar,1_3_50,1_3,3,0.2604906929438643
00843-DYehNKdT76V,hovsg,234,guitar,1_3_26,1_3,4,0.26005627951522764
00843-DYehNKdT76V,hovsg,234,guitar,1_4_36,1_4,5,0.2590497414020524
00843-DYehNKdT76V,hovsg,235,gun,1_3_53,1_3,1,0.2578199230548221
00843-DYehNKdT76V,hovsg,235,gun,1_3_26,1_3,2,0.25715316461085147
00843-DYehNKdT76V,hovsg,235,gun,1_3_52,1_3,3,0.25402203855260697
00843-DYehNKdT76V,hovsg,235,gun,0_1_124,0_1,4,0.24749113555666685
00843-DYehNKdT76V,hovsg,235,gun,0_1_466,0_1,5,0.24591687080106436
00843-DYehNKdT76V,hovsg,236,gym rope,0_0_139,0_0,1,0.21622181265219115
00843-DYehNKdT76V,hovsg,237,hair brush,1_4_52,1_4,1,0.25088615767900285
00843-DYehNKdT76V,hovsg,237,hair brush,1_3_41,1_3,2,0.24942571425676985
00843-DYehNKdT76V,hovsg,237,hair brush,0_1_124,0_1,3,0.23984409686755892
00843-DYehNKdT76V,hovsg,237,hair brush,1_2_48,1_2,4,0.2385197600509288
00843-DYehNKdT76V,hovsg,237,hair brush,0_0_139,0_0,5,0.23758971804739176
00843-DYehNKdT76V,hovsg,238,hair dryer,0_0_25,0_0,1,0.2676173350691376
00843-DYehNKdT76V,hovsg,238,hair dryer,0_0_139,0_0,2,0.26128280931877246
00843-DYehNKdT76V,hovsg,238,hair dryer,1_2_76,1_2,3,0.25850497737761263
00843-DYehNKdT76V,hovsg,238,hair dryer,1_3_44,1_3,4,0.25672190248871607
00843-DYehNKdT76V,hovsg,238,hair dryer,0_0_57,0_0,5,0.25572256761821305
00843-DYehNKdT76V,hovsg,239,hammer,0_1_58,0_1,1,0.28290010151537004
00843-DYehNKdT76V,hovsg,239,hammer,1_3_53,1_3,2,0.2787559729508794
00843-DYehNKdT76V,hovsg,239,hammer,1_3_90,1_3,3,0.2719990733800166
00843-DYehNKdT76V,hovsg,239,hammer,1_3_50,1_3,4,0.271661169393564
00843-DYehNKdT76V,hovsg,239,hammer,1_3_52,1_3,5,0.2714803648983515
00843-DYehNKdT76V,hovsg,240,hammock,1_2_32,1_2,1,0.24425364941188554
00843-DYehNKdT76V,hovsg,240,hammock,0_0_160,0_0,2,0.24188228769274697
00843-DYehNKdT76V,hovsg,240,hammock,1_1_44,1_1,3,0.24176651650184117
00843-DYehNKdT76V,hovsg,240,hammock,1_2_67,1_2,4,0.23498230713200025
00843-DYehNKdT76V,hovsg,240,hammock,1_3_41,1_3,5,0.22794278948488947
00843-DYehNKdT76V,hovsg,241,hand dryer,0_0_57,0_0,1,0.2685329315983217
00843-DYehNKdT76V,hovsg,241,hand dryer,1_4_45,1_4,2,0.26670105354094964
00843-DYehNKdT76V,hovsg,241,hand dryer,0_0_25,0_0,3,0.262518723444761
00843-DYehNKdT76V,hovsg,241,hand dryer,1_2_76,1_2,4,0.26084426678305167
00843-DYehNKdT76V,hovsg,241,hand dryer,0_0_62,0_0,5,0.2585644628925821
00843-DYehNKdT76V,hovsg,242,handcart,1_2_32,1_2,1,0.2312830210372152
00843-DYehNKdT76V,hovsg,242,handcart,1_2_76,1_2,2,0.2276022678947907
00843-DYehNKdT76V,hovsg,242,handcart,1_3_50,1_3,3,0.22632487611788815
00843-DYehNKdT76V,hovsg,242,handcart,1_4_52,1_4,4,0.2258592807631078
00843-DYehNKdT76V,hovsg,242,handcart,1_2_77,1_2,5,0.22555840157843943
00843-DYehNKdT76V,hovsg,243,handkerchiefs,1_2_49,1_2,1,0.25618178318588153
00843-DYehNKdT76V,hovsg,243,handkerchiefs,0_0_206,0_0,2,0.25015482347226464
00843-DYehNKdT76V,hovsg,243,handkerchiefs,1_2_46,1_2,3,0.24506606488179525
00843-DYehNKdT76V,hovsg,243,handkerchiefs,1_2_76,1_2,4,0.2447172648641284
00843-DYehNKdT76V,hovsg,243,handkerchiefs,1_2_23,1_2,5,0.23984819390075615
00843-DYehNKdT76V,hovsg,244,handle,0_1_248,0_1,1,0.2862712730220189
00843-DYehNKdT76V,hovsg,244,handle,1_2_74,1_2,2,0.28496644423227196
00843-DYehNKdT76V,hovsg,244,handle,0_1_444,0_1,3,0.28349823693307286
00843-DYehNKdT76V,hovsg,244,handle,1_2_3,1_2,4,0.28230308489391753
00843-DYehNKdT76V,hovsg,244,handle,1_3_55,1_3,5,0.28204687103999904
00843-DYehNKdT76V,hovsg,245,hanger,1_2_32,1_2,1,0.30014388054810803
00843-DYehNKdT76V,hovsg,245,hanger,1_2_60,1_2,2,0.2863899503287197
00843-DYehNKdT76V,hovsg,245,hanger,1_2_62,1_2,3,0.2712888377959754
00843-DYehNKdT76V,hovsg,245,hanger,1_2_35,1_2,4,0.27051582595935336
00843-DYehNKdT76V,hovsg,245,hanger,1_2_41,1_2,5,0.26900574349581136
00843-DYehNKdT76V,hovsg,246,hat,0_1_208,0_1,1,0.28533838536476036
00843-DYehNKdT76V,hovsg,246,hat,0_1_41,0_1,2,0.27925625092950646
00843-DYehNKdT76V,hovsg,246,hat,0_1_321,0_1,3,0.27745441626835854
00843-DYehNKdT76V,hovsg,246,hat,0_0_139,0_0,4,0.2578185750553484
00843-DYehNKdT76V,hovsg,246,hat,1_3_53,1_3,5,0.25546368817378984
00843-DYehNKdT76V,hovsg,247,hatch,1_2_76,1_2,1,0.2557882674357087
00843-DYehNKdT76V,hovsg,247,hatch,0_0_231,0_0,2,0.2544031261195736
00843-DYehNKdT76V,hovsg,247,hatch,0_0_23,0_0,3,0.2528830228103737
00843-DYehNKdT76V,hovsg,247,hatch,0_0_111,0_0,4,0.2528657895241144
00843-DYehNKdT76V,hovsg,247,hatch,0_0_34,0_0,5,0.2522918956260798
00843-DYehNKdT76V,hovsg,248,headboard,1_0_54,1_0,1,0.2714981450867857
00843-DYehNKdT76V,hovsg,248,headboard,1_0_65,1_0,2,0.27121458194910497
00843-DYehNKdT76V,hovsg,248,headboard,1_0_13,1_0,3,0.2702398331417706
00843-DYehNKdT76V,hovsg,248,headboard,1_0_67,1_0,4,0.2699122842860556
00843-DYehNKdT76V,hovsg,248,headboard,1_2_92,1_2,5,0.2696784475521611
00843-DYehNKdT76V,hovsg,249,headphones,0_0_139,0_0,1,0.21648738534144546
00843-DYehNKdT76V,hovsg,250,heater,1_3_104,1_3,1,0.2783170084096218
00843-DYehNKdT76V,hovsg,250,heater,0_0_62,0_0,2,0.2753011139601198
00843-DYehNKdT76V,hovsg,250,heater,1_2_93,1_2,3,0.2737734821621415
00843-DYehNKdT76V,hovsg,250,heater,0_0_63,0_0,4,0.27358878716782614
00843-DYehNKdT76V,hovsg,250,heater,0_1_512,0_1,5,0.27292809073872215
00843-DYehNKdT76V,hovsg,251,heater piping,1_4_10,1_4,1,0.2674913686424863
00843-DYehNKdT76V,hovsg,251,heater piping,1_2_32,1_2,2,0.2673266359396784
00843-DYehNKdT76V,hovsg,251,heater piping,0_1_2,0_1,3,0.2642855529804895
00843-DYehNKdT76V,hovsg,251,heater piping,0_1_512,0_1,4,0.26405945114413987
00843-DYehNKdT76V,hovsg,251,heater piping,1_3_100,1_3,5,0.2578913296441172
00843-DYehNKdT76V,hovsg,252,holder,0_0_20,0_0,1,0.24120076778185573
00843-DYehNKdT76V,hovsg,252,holder,1_0_21,1_0,2,0.22823646879434842
00843-DYehNKdT76V,hovsg,252,holder,0_0_57,0_0,3,0.2277351065319587
00843-DYehNKdT76V,hovsg,252,holder,1_2_21,1_2,4,0.22469628846086026
00843-DYehNKdT76V,hovsg,252,holder,0_0_56,0_0,5,0.2227615840132628
00843-DYehNKdT76V,hovsg,253,holy cross,1_1_22,1_1,1,0.189505120292855
00843-DYehNKdT76V,hovsg,254,hook,1_4_52,1_4,1,0.26787183512243723
00843-DYehNKdT76V,hovsg,254,hook,1_2_77,1_2,2,0.25859141132519853
00843-DYehNKdT76V,hovsg,254,hook,0_0_20,0_0,3,0.25153695156428324
00843-DYehNKdT76V,hovsg,254,hook,1_2_79,1_2,4,0.2394317476213471
00843-DYehNKdT76V,hovsg,254,hook,1_4_47,1_4,5,0.23805453215712608
00843-DYehNKdT76V,hovsg,255,hose,1_4_52,1_4,1,0.2563754085163604
00843-DYehNKdT76V,hovsg,255,hose,1_3_85,1_3,2,0.24127676163538153
00843-DYehNKdT76V,hovsg,255,hose,1_0_19,1_0,3,0.23853911656929622
00843-DYehNKdT76V,hovsg,255,hose,1_0_47,1_0,4,0.23584743743123018
00843-DYehNKdT76V,hovsg,255,hose,0_0_139,0_0,5,0.23305826588578293
00843-DYehNKdT76V,hovsg,256,hourglass,0_1_32,0_1,1,0.24204458587438615
00843-DYehNKdT76V,hovsg,256,hourglass,0_1_203,0_1,2,0.24033099891862894
00843-DYehNKdT76V,hovsg,256,hourglass,0_1_161,0_1,3,0.23539130623033888
00843-DYehNKdT76V,hovsg,256,hourglass,0_0_96,0_0,4,0.23483092866160488
00843-DYehNKdT76V,hovsg,256,hourglass,0_1_171,0_1,5,0.2316414541815488
00843-DYehNKdT76V,hovsg,257,hoverboard,0_1_68,0_1,1,0.2759111752679067
00843-DYehNKdT76V,hovsg,257,hoverboard,0_1_63,0_1,2,0.2734171794879901
00843-DYehNKdT76V,hovsg,257,hoverboard,0_1_230,0_1,3,0.2713291460219859
00843-DYehNKdT76V,hovsg,257,hoverboard,0_1_462,0_1,4,0.26481582976977686
00843-DYehNKdT76V,hovsg,257,hoverboard,0_1_336,0_1,5,0.2641128711122675
00843-DYehNKdT76V,hovsg,258,ice maker,1_2_76,1_2,1,0.26393650697827525
00843-DYehNKdT76V,hovsg,258,ice maker,1_2_21,1_2,2,0.261504334529867
00843-DYehNKdT76V,hovsg,258,ice maker,0_0_62,0_0,3,0.2613161531862238
00843-DYehNKdT76V,hovsg,258,ice maker,0_0_86,0_0,4,0.25789977534689723
00843-DYehNKdT76V,hovsg,258,ice maker,0_0_127,0_0,5,0.25703113699053826
00843-DYehNKdT76V,hovsg,259,information,1_2_77,1_2,1,0.2748680994003363
00843-DYehNKdT76V,hovsg,259,information,1_2_35,1_2,2,0.2650146666907207
00843-DYehNKdT76V,hovsg,259,information,1_2_52,1_2,3,0.2636583147672906
00843-DYehNKdT76V,hovsg,259,information,0_0_201,0_0,4,0.2628280421785791
00843-DYehNKdT76V,hovsg,259,information,0_0_12,0_0,5,0.2622309193706883
00843-DYehNKdT76V,hovsg,260,installation,1_5_46,1_5,1,0.2813496804002882
00843-DYehNKdT76V,hovsg,260,installation,1_5_47,1_5,2,0.28106140035195215
00843-DYehNKdT76V,hovsg,260,installation,0_0_9,0_0,3,0.27877431619341664
00843-DYehNKdT76V,hovsg,260,installation,1_5_42,1_5,4,0.2780471193587341
00843-DYehNKdT76V,hovsg,260,installation,0_1_38,0_1,5,0.2765704830466392
00843-DYehNKdT76V,hovsg,261,instrument,0_0_63,0_0,1,0.27447960604588895
00843-DYehNKdT76V,hovsg,261,instrument,1_2_32,1_2,2,0.267958321272242
00843-DYehNKdT76V,hovsg,261,instrument,0_0_181,0_0,3,0.26743231636729015
00843-DYehNKdT76V,hovsg,261,instrument,0_1_58,0_1,4,0.2654970867072626
00843-DYehNKdT76V,hovsg,261,instrument,0_0_34,0_0,5,0.26506957382481
00843-DYehNKdT76V,hovsg,262,iron,0_1_58,0_1,1,0.28658092112279643
00843-DYehNKdT76V,hovsg,262,iron,1_3_90,1_3,2,0.27457687403249886
00843-DYehNKdT76V,hovsg,262,iron,0_0_57,0_0,3,0.27236429260829464
00843-DYehNKdT76V,hovsg,262,iron,0_0_181,0_0,4,0.2712018634551569
00843-DYehNKdT76V,hovsg,262,iron,0_1_244,0_1,5,0.26947317070395516
00843-DYehNKdT76V,hovsg,263,ironing board,1_2_74,1_2,1,0.271583552847493
00843-DYehNKdT76V,hovsg,263,ironing board,1_1_26,1_1,2,0.26915374732304687
00843-DYehNKdT76V,hovsg,263,ironing board,1_2_32,1_2,3,0.2645173311265002
00843-DYehNKdT76V,hovsg,263,ironing board,1_2_56,1_2,4,0.2612307768890782
00843-DYehNKdT76V,hovsg,263,ironing board,1_2_76,1_2,5,0.2611349558632236
00843-DYehNKdT76V,hovsg,264,jewelry,0_0_96,0_0,1,0.2128235802229656
00843-DYehNKdT76V,hovsg,265,jug,0_0_57,0_0,1,0.30498672995457077
00843-DYehNKdT76V,hovsg,265,jug,0_0_25,0_0,2,0.25675058042483195
00843-DYehNKdT76V,hovsg,265,jug,0_0_69,0_0,3,0.2548908379245295
00843-DYehNKdT76V,hovsg,265,jug,0_1_41,0_1,4,0.24328984500256462
00843-DYehNKdT76V,hovsg,265,jug,0_1_208,0_1,5,0.24152609590183294
00843-DYehNKdT76V,hovsg,266,keg,0_0_57,0_0,1,0.2859802049080301
00843-DYehNKdT76V,hovsg,266,keg,0_0_69,0_0,2,0.27064174668657565
00843-DYehNKdT76V,hovsg,266,keg,1_3_50,1_3,3,0.26536407371631965
00843-DYehNKdT76V,hovsg,266,keg,1_3_53,1_3,4,0.2648519395256409
00843-DYehNKdT76V,hovsg,266,keg,0_0_139,0_0,5,0.2642053265766041
00843-DYehNKdT76V,hovsg,267,kettle,0_0_57,0_0,1,0.31542602252894986
00843-DYehNKdT76V,hovsg,267,kettle,0_0_25,0_0,2,0.2578237516228834
00843-DYehNKdT76V,hovsg,267,kettle,0_0_69,0_0,3,0.25593774492981847
00843-DYehNKdT76V,hovsg,267,kettle,0_0_240,0_0,4,0.244353202990233
00843-DYehNKdT76V,hovsg,267,kettle,0_1_208,0_1,5,0.23696325839337057
00843-DYehNKdT76V,hovsg,268,keys,0_0_20,0_0,1,0.2308953037276653
00843-DYehNKdT76V,hovsg,268,keys,0_0_138,0_0,2,0.208678256025017
00843-DYehNKdT76V,hovsg,268,keys,1_1_22,1_1,3,0.20385113589734605
00843-DYehNKdT76V,hovsg,269,kitchen appliance,0_0_86,0_0,1,0.275207523614294
00843-DYehNKdT76V,hovsg,269,kitchen appliance,0_0_142,0_0,2,0.27165504944097146
00843-DYehNKdT76V,hovsg,269,kitchen appliance,0_0_111,0_0,3,0.27129113667373084
00843-DYehNKdT76V,hovsg,269,kitchen appliance,0_0_144,0_0,4,0.27025181842139806
00843-DYehNKdT76V,hovsg,269,kitchen appliance,0_0_137,0_0,5,0.2696169126200614
00843-DYehNKdT76V,hovsg,270,kitchen handle,0_0_127,0_0,1,0.29231794553205726
00843-DYehNKdT76V,hovsg,270,kitchen handle,0_0_137,0_0,2,0.28561547654498315
00843-DYehNKdT76V,hovsg,270,kitchen handle,0_0_86,0_0,3,0.28546245055875386
00843-DYehNKdT76V,hovsg,270,kitchen handle,0_0_144,0_0,4,0.28374217109720723
00843-DYehNKdT76V,hovsg,270,kitchen handle,0_0_234,0_0,5,0.28187366835881933
00843-DYehNKdT76V,hovsg,271,kitchen island,0_0_17,0_0,1,0.24013127045362292
00843-DYehNKdT76V,hovsg,271,kitchen island,0_0_95,0_0,2,0.22577692068022165
00843-DYehNKdT76V,hovsg,271,kitchen island,0_0_236,0_0,3,0.2247602998339159
00843-DYehNKdT76V,hovsg,271,kitchen island,0_0_58,0_0,4,0.22363368867262545
00843-DYehNKdT76V,hovsg,271,kitchen island,0_0_212,0_0,5,0.22128937973500018
00843-DYehNKdT76V,hovsg,272,kitchen utensil,0_0_57,0_0,1,0.2618693107880733
00843-DYehNKdT76V,hovsg,272,kitchen utensil,0_0_111,0_0,2,0.2566199229190068
00843-DYehNKdT76V,hovsg,272,kitchen utensil,0_0_34,0_0,3,0.25650813937497885
00843-DYehNKdT76V,hovsg,272,kitchen utensil,0_0_23,0_0,4,0.2561595172583357
00843-DYehNKdT76V,hovsg,272,kitchen utensil,0_0_253,0_0,5,0.25254102087386726
00843-DYehNKdT76V,hovsg,273,knife,0_1_58,0_1,1,0.2974441308536561
00843-DYehNKdT76V,hovsg,273,knife,1_3_53,1_3,2,0.29513176265301083
00843-DYehNKdT76V,hovsg,273,knife,1_4_64,1_4,3,0.2936696132309174
00843-DYehNKdT76V,hovsg,273,knife,1_3_35,1_3,4,0.29288535313557773
00843-DYehNKdT76V,hovsg,273,knife,0_0_181,0_0,5,0.29175765719612606
00843-DYehNKdT76V,hovsg,274,knob,0_1_171,0_1,1,0.2695896033381223
00843-DYehNKdT76V,hovsg,274,knob,1_3_53,1_3,2,0.2577960431669631
00843-DYehNKdT76V,hovsg,274,knob,1_3_52,1_3,3,0.2570148779080761
00843-DYehNKdT76V,hovsg,274,knob,0_1_68,0_1,4,0.2565112836799042
00843-DYehNKdT76V,hovsg,274,knob,0_0_96,0_0,5,0.25560014044655854
00843-DYehNKdT76V,hovsg,275,lace doily,0_1_208,0_1,1,0.22437343297481488
00843-DYehNKdT76V,hovsg,275,lace doily,0_1_321,0_1,2,0.22152941142504118
00843-DYehNKdT76V,hovsg,275,lace doily,0_1_41,0_1,3,0.21818940136043496
00843-DYehNKdT76V,hovsg,275,lace doily,1_2_23,1_2,4,0.20990166659441437
00843-DYehNKdT76V,hovsg,275,lace doily,0_0_111,0_0,5,0.20958095354379613
00843-DYehNKdT76V,hovsg,276,ladder,0_1_508,0_1,1,0.2738501580753297
00843-DYehNKdT76V,hovsg,276,ladder,0_1_467,0_1,2,0.2728598274408491
00843-DYehNKdT76V,hovsg,276,ladder,0_0_181,0_0,3,0.27220856643490454
00843-DYehNKdT76V,hovsg,276,ladder,0_0_152,0_0,4,0.2721427583994368
00843-DYehNKdT76V,hovsg,276,ladder,0_1_513,0_1,5,0.27192859880343256
00843-DYehNKdT76V,hovsg,277,landing,1_2_77,1_2,1,0.2518533042446898
00843-DYehNKdT76V,hovsg,277,landing,1_5_62,1_5,2,0.24913878797608605
00843-DYehNKdT76V,hovsg,277,landing,1_3_80,1_3,3,0.24908053987292839
00843-DYehNKdT76V,hovsg,277,landing,0_1_43,0_1,4,0.24903085908080666
00843-DYehNKdT76V,hovsg,277,landing,1_3_77,1_3,5,0.24770803260086477
00843-DYehNKdT76V,hovsg,278,laundry,1_2_35,1_2,1,0.2699939514484098
00843-DYehNKdT76V,hovsg,278,laundry,1_2_33,1_2,2,0.2690406846608079
00843-DYehNKdT76V,hovsg,278,laundry,1_2_61,1_2,3,0.26901179399703906
00843-DYehNKdT76V,hovsg,278,laundry,1_2_60,1_2,4,0.256875334606382
00843-DYehNKdT76V,hovsg,278,laundry,1_2_76,1_2,5,0.2515275975566892
00843-DYehNKdT76V,hovsg,279,lawn mower,0_1_17,0_1,1,0.260612727728679
00843-DYehNKdT76V,hovsg,279,lawn mower,0_1_460,0_1,2,0.25839637147571504
00843-DYehNKdT76V,hovsg,279,lawn mower,0_1_386,0_1,3,0.25633779778358406
00843-DYehNKdT76V,hovsg,279,lawn mower,0_1_316,0_1,4,0.25174086991249967
00843-DYehNKdT76V,hovsg,280,level,0_1_531,0_1,1,0.2628465354925512
00843-DYehNKdT76V,hovsg,280,level,1_5_71,1_5,2,0.2604347212813002
00843-DYehNKdT76V,hovsg,280,level,0_0_159,0_0,3,0.260248482896246
00843-DYehNKdT76V,hovsg,280,level,0_1_91,0_1,4,0.25825763986713335
00843-DYehNKdT76V,hovsg,280,level,1_4_81,1_4,5,0.25758958670636267
00843-DYehNKdT76V,hovsg,281,lid,0_0_111,0_0,1,0.28223487687617216
00843-DYehNKdT76V,hovsg,281,lid,0_0_23,0_0,2,0.281887848694592
00843-DYehNKdT76V,hovsg,281,lid,0_0_34,0_0,3,0.28147606763583727
00843-DYehNKdT76V,hovsg,281,lid,0_0_253,0_0,4,0.2772792279950649
00843-DYehNKdT76V,hovsg,281,lid,0_0_57,0_0,5,0.2734424431111392
00843-DYehNKdT76V,hovsg,282,light,0_1_153,0_1,1,0.26078493502592215
00843-DYehNKdT76V,hovsg,282,light,1_4_10,1_4,2,0.26016938176763116
00843-DYehNKdT76V,hovsg,282,light,1_2_4,1_2,3,0.2539320612411381
00843-DYehNKdT76V,hovsg,282,light,1_5_44,1_5,4,0.253374388885657
00843-DYehNKdT76V,hovsg,282,light,1_3_34,1_3,5,0.24894762696936218
00843-DYehNKdT76V,hovsg,283,lighter,0_0_25,0_0,1,0.28833820989645104
00843-DYehNKdT76V,hovsg,283,lighter,0_0_63,0_0,2,0.28390871222527464
00843-DYehNKdT76V,hovsg,283,lighter,0_0_57,0_0,3,0.2835333443419451
00843-DYehNKdT76V,hovsg,283,lighter,1_3_34,1_3,4,0.2820325674030011
00843-DYehNKdT76V,hovsg,283,lighter,0_0_181,0_0,5,0.28106568368007484
00843-DYehNKdT76V,hovsg,284,liquid,0_0_57,0_0,1,0.23656434037550023
00843-DYehNKdT76V,hovsg,284,liquid,0_0_96,0_0,2,0.21208910948520288
00843-DYehNKdT76V,hovsg,284,liquid,1_4_35,1_4,3,0.20529283453886443
00843-DYehNKdT76V,hovsg,285,locker,0_1_471,0_1,1,0.28774111534473823
00843-DYehNKdT76V,hovsg,285,locker,0_1_473,0_1,2,0.28554935767219863
00843-DYehNKdT76V,hovsg,285,locker,0_0_25,0_0,3,0.27863516962336854
00843-DYehNKdT76V,hovsg,285,locker,0_1_342,0_1,4,0.2749237714137845
00843-DYehNKdT76V,hovsg,285,locker,0_0_145,0_0,5,0.2743313255635024
00843-DYehNKdT76V,hovsg,286,machine,0_0_86,0_0,1,0.24684021003822026
00843-DYehNKdT76V,hovsg,286,machine,0_0_142,0_0,2,0.2463759027721322
00843-DYehNKdT76V,hovsg,286,machine,0_0_135,0_0,3,0.24570260462405125
00843-DYehNKdT76V,hovsg,286,machine,0_0_137,0_0,4,0.24548522467602252
00843-DYehNKdT76V,hovsg,286,machine,0_0_144,0_0,5,0.24531176146468148
00843-DYehNKdT76V,hovsg,287,mailbox,1_2_76,1_2,1,0.27429990085760575
00843-DYehNKdT76V,hovsg,287,mailbox,1_2_77,1_2,2,0.27118520173007366
00843-DYehNKdT76V,hovsg,287,mailbox,1_2_21,1_2,3,0.2710263870107338
00843-DYehNKdT76V,hovsg,287,mailbox,1_0_73,1_0,4,0.2631877453969176
00843-DYehNKdT76V,hovsg,287,mailbox,1_0_21,1_0,5,0.26084429690090033
00843-DYehNKdT76V,hovsg,288,mannequin,1_2_32,1_2,1,0.24388613467662584
00843-DYehNKdT76V,hovsg,288,mannequin,0_0_206,0_0,2,0.22154364489226075
00843-DYehNKdT76V,hovsg,288,mannequin,0_0_138,0_0,3,0.21552660997699707
00843-DYehNKdT76V,hovsg,289,map,1_2_29,1_2,1,0.26609135833233777
00843-DYehNKdT76V,hovsg,289,map,1_4_81,1_4,2,0.26015704495430153
00843-DYehNKdT76V,hovsg,289,map,0_1_224,0_1,3,0.25471323294392273
00843-DYehNKdT76V,hovsg,289,map,1_1_22,1_1,4,0.2511766050914885
00843-DYehNKdT76V,hovsg,289,map,0_1_197,0_1,5,0.2462993906039992
00843-DYehNKdT76V,hovsg,290,mascot,1_2_80,1_2,1,0.2204459838007024
00843-DYehNKdT76V,hovsg,290,mascot,1_2_77,1_2,2,0.21779790545649869
00843-DYehNKdT76V,hovsg,290,mascot,1_2_1,1_2,3,0.2170724902565373
00843-DYehNKdT76V,hovsg,290,mascot,1_5_2,1_5,4,0.2160934690950153
00843-DYehNKdT76V,hovsg,290,mascot,1_3_53,1_3,5,0.21378618124532095
00843-DYehNKdT76V,hovsg,291,massage bed,1_0_65,1_0,1,0.26219967515131165
00843-DYehNKdT76V,hovsg,291,massage bed,1_0_33,1_0,2,0.25092801252927643
00843-DYehNKdT76V,hovsg,291,massage bed,1_0_13,1_0,3,0.24742880285443508
00843-DYehNKdT76V,hovsg,291,massage bed,1_0_61,1_0,4,0.24622574588959767
00843-DYehNKdT76V,hovsg,291,massage bed,1_0_67,1_0,5,0.24573319749015982
00843-DYehNKdT76V,hovsg,292,material,0_1_421,0_1,1,0.2854414387354076
00843-DYehNKdT76V,hovsg,292,material,1_3_90,1_3,2,0.2808410317505599
00843-DYehNKdT76V,hovsg,292,material,0_1_82,0_1,3,0.28070512196054076
00843-DYehNKdT76V,hovsg,292,material,1_2_23,1_2,4,0.2797565405125261
00843-DYehNKdT76V,hovsg,292,material,1_3_92,1_3,5,0.2788893566984988
00843-DYehNKdT76V,hovsg,293,measuring tape,1_2_76,1_2,1,0.23354675967879118
00843-DYehNKdT76V,hovsg,294,medical lamp,1_2_76,1_2,1,0.23240385909886152
00843-DYehNKdT76V,hovsg,294,medical lamp,1_0_75,1_0,2,0.22600817881000865
00843-DYehNKdT76V,hovsg,294,medical lamp,1_0_72,1_0,3,0.2239949979876667
00843-DYehNKdT76V,hovsg,294,medical lamp,1_0_9,1_0,4,0.2156280091068296
00843-DYehNKdT76V,hovsg,294,medical lamp,1_2_39,1_2,5,0.21182804181566875
00843-DYehNKdT76V,hovsg,295,medical object,1_2_76,1_2,1,0.23873531721567548
00843-DYehNKdT76V,hovsg,295,medical object,1_2_21,1_2,2,0.23035398911072863
00843-DYehNKdT76V,hovsg,295,medical object,0_0_139,0_0,3,0.21814116531655398
00843-DYehNKdT76V,hovsg,295,medical object,1_4_35,1_4,4,0.20168711147850726
00843-DYehNKdT76V,hovsg,296,menu,0_1_22,0_1,1,0.22759228450667646
00843-DYehNKdT76V,hovsg,296,menu,0_0_13,0_0,2,0.22628560124741148
00843-DYehNKdT76V,hovsg,296,menu,0_1_103,0_1,3,0.219977373851707
00843-DYehNKdT76V,hovsg,296,menu,1_1_22,1_1,4,0.20500045704587105
00843-DYehNKdT76V,hovsg,297,meshwork,0_1_71,0_1,1,0.2826943609157108
00843-DYehNKdT76V,hovsg,297,meshwork,0_1_41,0_1,2,0.281095705492572
00843-DYehNKdT76V,hovsg,297,meshwork,0_1_321,0_1,3,0.2756856211730764
00843-DYehNKdT76V,hovsg,297,meshwork,0_1_48,0_1,4,0.27412712241812076
00843-DYehNKdT76V,hovsg,297,meshwork,0_1_101,0_1,5,0.2735727954549238
00843-DYehNKdT76V,hovsg,298,meter,1_0_45,1_0,1,0.28518909479160415
00843-DYehNKdT76V,hovsg,298,meter,0_0_25,0_0,2,0.25565585568565863
00843-DYehNKdT76V,hovsg,298,meter,1_4_37,1_4,3,0.25509147099165547
00843-DYehNKdT76V,hovsg,298,meter,1_2_76,1_2,4,0.25330241631085615
00843-DYehNKdT76V,hovsg,298,meter,0_0_135,0_0,5,0.2532928962796219
00843-DYehNKdT76V,hovsg,299,microphone,1_3_41,1_3,1,0.23595833266015495
00843-DYehNKdT76V,hovsg,299,microphone,0_0_139,0_0,2,0.2240044546567448
00843-DYehNKdT76V,hovsg,299,microphone,0_1_320,0_1,3,0.2195212774453753
00843-DYehNKdT76V,hovsg,299,microphone,0_0_96,0_0,4,0.21348298121594228
00843-DYehNKdT76V,hovsg,299,microphone,1_3_46,1_3,5,0.1982358552323325
00843-DYehNKdT76V,hovsg,300,microphone accessory,1_3_41,1_3,1,0.24130634469145482
00843-DYehNKdT76V,hovsg,300,microphone accessory,1_3_46,1_3,2,0.1953119443955379
00843-DYehNKdT76V,hovsg,301,microwave,0_0_142,0_0,1,0.28903068157496015
00843-DYehNKdT76V,hovsg,301,microwave,0_0_86,0_0,2,0.28744835009688835
00843-DYehNKdT76V,hovsg,301,microwave,0_0_144,0_0,3,0.2836670637143797
00843-DYehNKdT76V,hovsg,301,microwave,0_0_62,0_0,4,0.28349172186990446
00843-DYehNKdT76V,hovsg,301,microwave,0_0_135,0_0,5,0.28197403545916255
00843-DYehNKdT76V,hovsg,302,mirror,1_4_10,1_4,1,0.2720505875636092
00843-DYehNKdT76V,hovsg,302,mirror,0_1_148,0_1,2,0.27070606450492557
00843-DYehNKdT76V,hovsg,302,mirror,0_1_13,0_1,3,0.26513527973940154
00843-DYehNKdT76V,hovsg,302,mirror,0_1_522,0_1,4,0.26462006201719085
00843-DYehNKdT76V,hovsg,302,mirror,0_1_150,0_1,5,0.26429086199067237
00843-DYehNKdT76V,hovsg,303,model,0_1_421,0_1,1,0.26135288455861305
00843-DYehNKdT76V,hovsg,303,model,0_1_212,0_1,2,0.26071907249117504
00843-DYehNKdT76V,hovsg,303,model,0_1_397,0_1,3,0.2605952156915623
00843-DYehNKdT76V,hovsg,303,model,0_0_12,0_0,4,0.26049638871586767
00843-DYehNKdT76V,hovsg,303,model,0_1_398,0_1,5,0.259577809071769
00843-DYehNKdT76V,hovsg,304,modem,1_2_76,1_2,1,0.267985938471174
00843-DYehNKdT76V,hovsg,304,modem,1_0_45,1_0,2,0.2648825054705276
00843-DYehNKdT76V,hovsg,304,modem,1_3_41,1_3,3,0.25994147124704353
00843-DYehNKdT76V,hovsg,304,modem,0_0_62,0_0,4,0.2589871603312148
00843-DYehNKdT76V,hovsg,304,modem,1_2_77,1_2,5,0.2573756341813298
00843-DYehNKdT76V,hovsg,305,mop,1_1_26,1_1,1,0.27551265447393586
00843-DYehNKdT76V,hovsg,305,mop,0_0_63,0_0,2,0.2666406907176384
00843-DYehNKdT76V,hovsg,305,mop,1_2_77,1_2,3,0.2647814440855284
00843-DYehNKdT76V,hovsg,305,mop,0_0_139,0_0,4,0.2629577220635756
00843-DYehNKdT76V,hovsg,305,mop,0_1_420,0_1,5,0.2619799265271839
00843-DYehNKdT76V,hovsg,306,mortar,0_1_58,0_1,1,0.2780033845679154
00843-DYehNKdT76V,hovsg,306,mortar,1_3_53,1_3,2,0.2766928492685594
00843-DYehNKdT76V,hovsg,306,mortar,0_1_124,0_1,3,0.2731682878138362
00843-DYehNKdT76V,hovsg,306,mortar,1_4_49,1_4,4,0.2731447200308663
00843-DYehNKdT76V,hovsg,306,mortar,0_1_299,0_1,5,0.2721910534896166
00843-DYehNKdT76V,hovsg,307,motorcycle,0_1_462,0_1,1,0.23294838091590592
00843-DYehNKdT76V,hovsg,308,music equipment,1_2_32,1_2,1,0.2028369997276541
00843-DYehNKdT76V,hovsg,308,music equipment,1_3_50,1_3,2,0.19881434065621015
00843-DYehNKdT76V,hovsg,308,music equipment,1_3_11,1_3,3,0.19658769244111748
00843-DYehNKdT76V,hovsg,308,music equipment,0_0_150,0_0,4,0.19618393032813697
00843-DYehNKdT76V,hovsg,308,music equipment,1_3_42,1_3,5,0.19478362771461966
00843-DYehNKdT76V,hovsg,309,napkin,0_1_103,0_1,1,0.27029487372420313
00843-DYehNKdT76V,hovsg,309,napkin,0_1_421,0_1,2,0.26564194638102756
00843-DYehNKdT76V,hovsg,309,napkin,1_2_77,1_2,3,0.26277654158948033
00843-DYehNKdT76V,hovsg,309,napkin,1_2_23,1_2,4,0.26277035196686677
00843-DYehNKdT76V,hovsg,309,napkin,0_1_26,0_1,5,0.25948362988904017
00843-DYehNKdT76V,hovsg,310,nightstand,1_0_15,1_0,1,0.2868571332786845
00843-DYehNKdT76V,hovsg,310,nightstand,1_0_73,1_0,2,0.2845844888327484
00843-DYehNKdT76V,hovsg,310,nightstand,1_0_21,1_0,3,0.2833380400820297
00843-DYehNKdT76V,hovsg,310,nightstand,1_1_28,1_1,4,0.25699167154249497
00843-DYehNKdT76V,hovsg,310,nightstand,1_1_57,1_1,5,0.2537854973480803
00843-DYehNKdT76V,hovsg,311,oar,0_0_185,0_0,1,0.27146558843457574
00843-DYehNKdT76V,hovsg,311,oar,0_0_233,0_0,2,0.269914231964125
00843-DYehNKdT76V,hovsg,311,oar,0_0_162,0_0,3,0.2689022297949455
00843-DYehNKdT76V,hovsg,311,oar,0_0_232,0_0,4,0.2685751858533788
00843-DYehNKdT76V,hovsg,311,oar,0_0_181,0_0,5,0.2670204652362005
00843-DYehNKdT76V,hovsg,312,object,1_3_42,1_3,1,0.27299577533914976
00843-DYehNKdT76V,hovsg,312,object,0_1_421,0_1,2,0.27279606444577364
00843-DYehNKdT76V,hovsg,312,object,1_4_12,1_4,3,0.27108989396212935
00843-DYehNKdT76V,hovsg,312,object,0_0_111,0_0,4,0.2700225567958282
00843-DYehNKdT76V,hovsg,312,object,0_0_34,0_0,5,0.26971697975302733
00843-DYehNKdT76V,hovsg,313,objects,1_2_76,1_2,1,0.25497135504923796
00843-DYehNKdT76V,hovsg,313,objects,0_1_219,0_1,2,0.2534593108444328
00843-DYehNKdT76V,hovsg,313,objects,0_1_336,0_1,3,0.2513646648502175
00843-DYehNKdT76V,hovsg,313,objects,0_1_321,0_1,4,0.2510479867878348
00843-DYehNKdT76V,hovsg,313,objects,0_1_41,0_1,5,0.2483711678175855
00843-DYehNKdT76V,hovsg,314,outlet,0_1_457,0_1,1,0.27063542074556696
00843-DYehNKdT76V,hovsg,314,outlet,0_0_20,0_0,2,0.2694079852718131
00843-DYehNKdT76V,hovsg,314,outlet,1_5_48,1_5,3,0.26753162325890417
00843-DYehNKdT76V,hovsg,314,outlet,0_0_90,0_0,4,0.26734524787511377
00843-DYehNKdT76V,hovsg,314,outlet,0_0_227,0_0,5,0.26139957567122013
00843-DYehNKdT76V,hovsg,315,oven,0_0_111,0_0,1,0.2902517875161385
00843-DYehNKdT76V,hovsg,315,oven,0_0_86,0_0,2,0.28999792339831687
00843-DYehNKdT76V,hovsg,315,oven,0_0_23,0_0,3,0.2883670887776604
00843-DYehNKdT76V,hovsg,315,oven,0_0_34,0_0,4,0.28652996192073293
00843-DYehNKdT76V,hovsg,315,oven,0_0_127,0_0,5,0.2849275911609283
00843-DYehNKdT76V,hovsg,316,overhang,1_2_77,1_2,1,0.30211892891483905
00843-DYehNKdT76V,hovsg,316,overhang,0_0_185,0_0,2,0.30024007583746093
00843-DYehNKdT76V,hovsg,316,overhang,0_0_166,0_0,3,0.2997595328586233
00843-DYehNKdT76V,hovsg,316,overhang,0_0_3,0_0,4,0.2995526271957324
00843-DYehNKdT76V,hovsg,316,overhang,1_2_66,1_2,5,0.298574661543911
00843-DYehNKdT76V,hovsg,317,pad,0_1_421,0_1,1,0.26973061009566285
00843-DYehNKdT76V,hovsg,317,pad,1_4_36,1_4,2,0.25943517201205146
00843-DYehNKdT76V,hovsg,317,pad,0_1_420,0_1,3,0.2588388002522921
00843-DYehNKdT76V,hovsg,317,pad,0_1_33,0_1,4,0.2580553856788783
00843-DYehNKdT76V,hovsg,317,pad,0_0_151,0_0,5,0.2573056843692459
00843-DYehNKdT76V,hovsg,318,painting stuff,1_4_69,1_4,1,0.30085293167899013
00843-DYehNKdT76V,hovsg,318,painting stuff,0_1_0,0_1,2,0.29830583184537535
00843-DYehNKdT76V,hovsg,318,painting stuff,0_1_137,0_1,3,0.29663015589758224
00843-DYehNKdT76V,hovsg,318,painting stuff,1_2_76,1_2,4,0.29476569348259574
00843-DYehNKdT76V,hovsg,318,painting stuff,1_5_70,1_5,5,0.29139720347977016
00843-DYehNKdT76V,hovsg,319,pan,0_0_111,0_0,1,0.3064180305279329
00843-DYehNKdT76V,hovsg,319,pan,0_0_23,0_0,2,0.30509412813651093
00843-DYehNKdT76V,hovsg,319,pan,0_0_34,0_0,3,0.30488375862733796
00843-DYehNKdT76V,hovsg,319,pan,0_0_253,0_0,4,0.300741223626376
00843-DYehNKdT76V,hovsg,319,pan,1_4_46,1_4,5,0.27635240549679885
00843-DYehNKdT76V,hovsg,320,panel,1_0_45,1_0,1,0.27123218196285825
00843-DYehNKdT76V,hovsg,320,panel,0_0_3,0_0,2,0.2681679545506469
00843-DYehNKdT76V,hovsg,320,panel,0_1_154,0_1,3,0.26790009671644494
00843-DYehNKdT76V,hovsg,320,panel,1_0_3,1_0,4,0.26309138178346886
00843-DYehNKdT76V,hovsg,320,panel,0_1_158,0_1,5,0.26278292232347533
00843-DYehNKdT76V,hovsg,321,pantry,1_2_17,1_2,1,0.26002675328857694
00843-DYehNKdT76V,hovsg,321,pantry,1_2_31,1_2,2,0.25772418126046226
00843-DYehNKdT76V,hovsg,321,pantry,1_2_76,1_2,3,0.25457872107125884
00843-DYehNKdT76V,hovsg,321,pantry,0_0_145,0_0,4,0.2475991417011315
00843-DYehNKdT76V,hovsg,321,pantry,0_0_240,0_0,5,0.24614574536390246
00843-DYehNKdT76V,hovsg,322,paper holder,1_2_77,1_2,1,0.27916114107353496
00843-DYehNKdT76V,hovsg,322,paper holder,1_1_28,1_1,2,0.27383303765179157
00843-DYehNKdT76V,hovsg,322,paper holder,1_2_31,1_2,3,0.26900501998682164
00843-DYehNKdT76V,hovsg,322,paper holder,1_2_17,1_2,4,0.26894510979523123
00843-DYehNKdT76V,hovsg,322,paper holder,0_0_62,0_0,5,0.26887743573984085
00843-DYehNKdT76V,hovsg,323,paper storage,1_1_28,1_1,1,0.2759021408424771
00843-DYehNKdT76V,hovsg,323,paper storage,1_2_76,1_2,2,0.26382612986906123
00843-DYehNKdT76V,hovsg,323,paper storage,1_2_21,1_2,3,0.2629135322163132
00843-DYehNKdT76V,hovsg,323,paper storage,1_2_54,1_2,4,0.2618598341328359
00843-DYehNKdT76V,hovsg,323,paper storage,1_2_17,1_2,5,0.2614327921566658
00843-DYehNKdT76V,hovsg,324,paper towel,1_2_77,1_2,1,0.2843636069935121
00843-DYehNKdT76V,hovsg,324,paper towel,0_0_42,0_0,2,0.28174341607554465
00843-DYehNKdT76V,hovsg,324,paper towel,0_0_207,0_0,3,0.28170716878966057
00843-DYehNKdT76V,hovsg,324,paper towel,0_0_153,0_0,4,0.28064249513279915
00843-DYehNKdT76V,hovsg,324,paper towel,0_1_421,0_1,5,0.2805370493774938
00843-DYehNKdT76V,hovsg,325,parapet,1_2_56,1_2,1,0.2867586219367218
00843-DYehNKdT76V,hovsg,325,parapet,0_1_341,0_1,2,0.2809805764380196
00843-DYehNKdT76V,hovsg,325,parapet,0_1_248,0_1,3,0.2809155387779351
00843-DYehNKdT76V,hovsg,325,parapet,1_2_58,1_2,4,0.27763848345164593
00843-DYehNKdT76V,hovsg,325,parapet,0_1_10,0_1,5,0.2742245240023763
00843-DYehNKdT76V,hovsg,326,partial,0_1_207,0_1,1,0.29013992227562035
00843-DYehNKdT76V,hovsg,326,partial,0_1_212,0_1,2,0.2897921284740652
00843-DYehNKdT76V,hovsg,326,partial,0_1_100,0_1,3,0.2883661862466203
00843-DYehNKdT76V,hovsg,326,partial,1_4_10,1_4,4,0.2866672012880952
00843-DYehNKdT76V,hovsg,326,partial,0_1_305,0_1,5,0.28513808125901385
00843-DYehNKdT76V,hovsg,327,pavement,1_3_111,1_3,1,0.29411730853735296
00843-DYehNKdT76V,hovsg,327,pavement,1_4_39,1_4,2,0.2701761956809502
00843-DYehNKdT76V,hovsg,327,pavement,0_1_142,0_1,3,0.25576474414600414
00843-DYehNKdT76V,hovsg,327,pavement,0_0_223,0_0,4,0.2457382188612956
00843-DYehNKdT76V,hovsg,327,pavement,0_0_45,0_0,5,0.24511322266131863
00843-DYehNKdT76V,hovsg,328,pedestal,1_3_53,1_3,1,0.2873035034008885
00843-DYehNKdT76V,hovsg,328,pedestal,1_3_11,1_3,2,0.2768782121708968
00843-DYehNKdT76V,hovsg,328,pedestal,1_3_50,1_3,3,0.2736533464202877
00843-DYehNKdT76V,hovsg,328,pedestal,0_1_207,0_1,4,0.27270814942937904
00843-DYehNKdT76V,hovsg,328,pedestal,1_3_92,1_3,5,0.2721260252319599
00843-DYehNKdT76V,hovsg,329,pen,1_3_34,1_3,1,0.24838588392414565
00843-DYehNKdT76V,hovsg,329,pen,0_1_283,0_1,2,0.23605966349158564
00843-DYehNKdT76V,hovsg,329,pen,1_3_35,1_3,3,0.23342045200558065
00843-DYehNKdT76V,hovsg,329,pen,1_2_76,1_2,4,0.22905966520077967
00843-DYehNKdT76V,hovsg,329,pen,1_2_21,1_2,5,0.22805036708055576
00843-DYehNKdT76V,hovsg,330,pendant,0_1_171,0_1,1,0.24330171858827426
00843-DYehNKdT76V,hovsg,330,pendant,0_1_101,0_1,2,0.24064657082195479
00843-DYehNKdT76V,hovsg,330,pendant,0_0_139,0_0,3,0.23486999199613656
00843-DYehNKdT76V,hovsg,330,pendant,1_3_81,1_3,4,0.23434145251426391
00843-DYehNKdT76V,hovsg,330,pendant,0_0_96,0_0,5,0.23250833826669765
00843-DYehNKdT76V,hovsg,331,pet bed,0_1_204,0_1,1,0.2621874831037399
00843-DYehNKdT76V,hovsg,331,pet bed,1_1_11,1_1,2,0.257916743624348
00843-DYehNKdT76V,hovsg,331,pet bed,1_1_59,1_1,3,0.25620252857452713
00843-DYehNKdT76V,hovsg,331,pet bed,1_1_31,1_1,4,0.25553976169601333
00843-DYehNKdT76V,hovsg,331,pet bed,1_1_30,1_1,5,0.2538969765759701
00843-DYehNKdT76V,hovsg,332,pet bowl,0_1_68,0_1,1,0.25722762504584895
00843-DYehNKdT76V,hovsg,332,pet bowl,1_4_41,1_4,2,0.2503417767285184
00843-DYehNKdT76V,hovsg,332,pet bowl,0_1_208,0_1,3,0.24883041398896227
00843-DYehNKdT76V,hovsg,332,pet bowl,1_2_76,1_2,4,0.24432031910186908
00843-DYehNKdT76V,hovsg,332,pet bowl,0_0_139,0_0,5,0.242557813618134
00843-DYehNKdT76V,hovsg,333,phone,0_1_43,0_1,1,0.25920121328265033
00843-DYehNKdT76V,hovsg,333,phone,1_2_76,1_2,2,0.25066413558611683
00843-DYehNKdT76V,hovsg,333,phone,1_0_21,1_0,3,0.24459476243718434
00843-DYehNKdT76V,hovsg,333,phone,1_2_21,1_2,4,0.24305081084634914
00843-DYehNKdT76V,hovsg,333,phone,1_0_73,1_0,5,0.2413611161135523
00843-DYehNKdT76V,hovsg,334,photo mount,1_1_54,1_1,1,0.27147669650108286
00843-DYehNKdT76V,hovsg,334,photo mount,1_1_22,1_1,2,0.26819448955054415
00843-DYehNKdT76V,hovsg,334,photo mount,1_1_48,1_1,3,0.2614129586508336
00843-DYehNKdT76V,hovsg,334,photo mount,1_5_46,1_5,4,0.2557188516359633
00843-DYehNKdT76V,hovsg,334,photo mount,1_5_42,1_5,5,0.25545620576378425
00843-DYehNKdT76V,hovsg,335,photo stand,1_5_42,1_5,1,0.24583320718823665
00843-DYehNKdT76V,hovsg,335,photo stand,1_1_54,1_1,2,0.24225130483211543
00843-DYehNKdT76V,hovsg,335,photo stand,0_0_136,0_0,3,0.2351740848994941
00843-DYehNKdT76V,hovsg,335,photo stand,0_1_160,0_1,4,0.23251426461016442
00843-DYehNKdT76V,hovsg,335,photo stand,1_0_29,1_0,5,0.2285555137134554
00843-DYehNKdT76V,hovsg,336,piano,0_1_442,0_1,1,0.2553813556741284
00843-DYehNKdT76V,hovsg,336,piano,1_3_35,1_3,2,0.24734148604906347
00843-DYehNKdT76V,hovsg,336,piano,0_1_508,0_1,3,0.24717029197704649
00843-DYehNKdT76V,hovsg,336,piano,0_1_124,0_1,4,0.24285998973803802
00843-DYehNKdT76V,hovsg,336,piano,0_0_249,0_0,5,0.24193591922834104
00843-DYehNKdT76V,hovsg,337,pillow,1_0_18,1_0,1,0.3083130781727972
00843-DYehNKdT76V,hovsg,337,pillow,0_1_72,0_1,2,0.3030746498884189
00843-DYehNKdT76V,hovsg,337,pillow,0_1_51,0_1,3,0.303005242644386
00843-DYehNKdT76V,hovsg,337,pillow,0_1_123,0_1,4,0.29890962822807615
00843-DYehNKdT76V,hovsg,337,pillow,0_1_332,0_1,5,0.2898696318287278
00843-DYehNKdT76V,hovsg,338,pitchfork,0_0_160,0_0,1,0.24194596518644787
00843-DYehNKdT76V,hovsg,338,pitchfork,0_1_320,0_1,2,0.21671438557300135
00843-DYehNKdT76V,hovsg,338,pitchfork,1_1_22,1_1,3,0.19619454545355203
00843-DYehNKdT76V,hovsg,339,place mat,0_0_111,0_0,1,0.25759503880225376
00843-DYehNKdT76V,hovsg,339,place mat,0_0_23,0_0,2,0.2566783552852156
00843-DYehNKdT76V,hovsg,339,place mat,0_0_34,0_0,3,0.255807410991319
00843-DYehNKdT76V,hovsg,339,place mat,0_0_253,0_0,4,0.2527168935741442
00843-DYehNKdT76V,hovsg,339,place mat,0_1_68,0_1,5,0.2478444959524318
00843-DYehNKdT76V,hovsg,340,plane,0_1_328,0_1,1,0.26122084346935237
00843-DYehNKdT76V,hovsg,340,plane,1_2_32,1_2,2,0.251461696847788
00843-DYehNKdT76V,hovsg,340,plane,1_2_63,1_2,3,0.2506110936345599
00843-DYehNKdT76V,hovsg,340,plane,0_0_165,0_0,4,0.24964402865631768
00843-DYehNKdT76V,hovsg,340,plane,0_0_170,0_0,5,0.24867255281285836
00843-DYehNKdT76V,hovsg,341,plank,0_1_230,0_1,1,0.33043179793875455
00843-DYehNKdT76V,hovsg,341,plank,0_1_63,0_1,2,0.32917979112654017
00843-DYehNKdT76V,hovsg,341,plank,0_1_68,0_1,3,0.31555348339180966
00843-DYehNKdT76V,hovsg,341,plank,0_0_185,0_0,4,0.3138624674557216
00843-DYehNKdT76V,hovsg,341,plank,0_0_14,0_0,5,0.31282487089654154
00843-DYehNKdT76V,hovsg,342,plant,0_1_17,0_1,1,0.26716457897418283
00843-DYehNKdT76V,hovsg,342,plant,0_1_386,0_1,2,0.2585565832730031
00843-DYehNKdT76V,hovsg,342,plant,1_5_2,1_5,3,0.25852213152422787
00843-DYehNKdT76V,hovsg,342,plant,0_0_56,0_0,4,0.25815925573544174
00843-DYehNKdT76V,hovsg,342,plant,0_1_197,0_1,5,0.25777831475452945
00843-DYehNKdT76V,hovsg,343,plant ornament,0_0_56,0_0,1,0.21900760892928675
00843-DYehNKdT76V,hovsg,343,plant ornament,0_1_22,0_1,2,0.20755007500106942
00843-DYehNKdT76V,hovsg,344,platform,0_0_111,0_0,1,0.2601712680602194
00843-DYehNKdT76V,hovsg,344,platform,0_0_23,0_0,2,0.25936463145211863
00843-DYehNKdT76V,hovsg,344,platform,0_0_34,0_0,3,0.25911627786695907
00843-DYehNKdT76V,hovsg,344,platform,0_0_253,0_0,4,0.25813708369445804
00843-DYehNKdT76V,hovsg,344,platform,1_2_32,1_2,5,0.25489592750677725
00843-DYehNKdT76V,hovsg,345,playpen,1_2_76,1_2,1,0.22344389647811003
00843-DYehNKdT76V,hovsg,345,playpen,0_0_63,0_0,2,0.21996500970006932
00843-DYehNKdT76V,hovsg,345,playpen,1_2_32,1_2,3,0.2197254255742419
00843-DYehNKdT76V,hovsg,345,playpen,1_0_33,1_0,4,0.2160541221232491
00843-DYehNKdT76V,hovsg,345,playpen,1_4_12,1_4,5,0.2159322662611461
00843-DYehNKdT76V,hovsg,346,plenum box,0_1_136,0_1,1,0.2969413248187094
00843-DYehNKdT76V,hovsg,346,plenum box,1_3_104,1_3,2,0.29661452863009746
00843-DYehNKdT76V,hovsg,346,plenum box,0_1_10,0_1,3,0.2922887365155351
00843-DYehNKdT76V,hovsg,346,plenum box,0_1_341,0_1,4,0.2919057204178167
00843-DYehNKdT76V,hovsg,346,plenum box,0_1_157,0_1,5,0.2910622633809563
00843-DYehNKdT76V,hovsg,347,pliers,0_1_58,0_1,1,0.26395817665556504
00843-DYehNKdT76V,hovsg,347,pliers,1_2_41,1_2,2,0.25630555846072883
00843-DYehNKdT76V,hovsg,347,pliers,0_0_20,0_0,3,0.25240374407064803
00843-DYehNKdT76V,hovsg,347,pliers,1_2_77,1_2,4,0.25063503189733094
00843-DYehNKdT76V,hovsg,347,pliers,1_3_52,1_3,5,0.24815774619022354
00843-DYehNKdT76V,hovsg,348,plumbing,1_3_44,1_3,1,0.27688017545467714
00843-DYehNKdT76V,hovsg,348,plumbing,1_4_10,1_4,2,0.27559540468063787
00843-DYehNKdT76V,hovsg,348,plumbing,1_4_54,1_4,3,0.27464491445214073
00843-DYehNKdT76V,hovsg,348,plumbing,1_3_25,1_3,4,0.2722402938939218
00843-DYehNKdT76V,hovsg,348,plumbing,1_4_52,1_4,5,0.27001523091863644
00843-DYehNKdT76V,hovsg,349,plunger,1_3_25,1_3,1,0.27852645348158805
00843-DYehNKdT76V,hovsg,349,plunger,0_0_69,0_0,2,0.25864928941845405
00843-DYehNKdT76V,hovsg,349,plunger,1_3_9,1_3,3,0.2507914631064426
00843-DYehNKdT76V,hovsg,349,plunger,1_4_8,1_4,4,0.2476234612740887
00843-DYehNKdT76V,hovsg,349,plunger,0_0_139,0_0,5,0.24694607424561255
00843-DYehNKdT76V,hovsg,350,podium,1_2_32,1_2,1,0.2708701873162936
00843-DYehNKdT76V,hovsg,350,podium,1_3_53,1_3,2,0.2627416297341231
00843-DYehNKdT76V,hovsg,350,podium,1_2_76,1_2,3,0.26086156204988603
00843-DYehNKdT76V,hovsg,350,podium,0_0_25,0_0,4,0.26077073848148485
00843-DYehNKdT76V,hovsg,350,podium,0_1_508,0_1,5,0.2602357716997976
00843-DYehNKdT76V,hovsg,351,pole,0_1_207,0_1,1,0.27683541563232295
00843-DYehNKdT76V,hovsg,351,pole,0_1_141,0_1,2,0.27623298425381293
00843-DYehNKdT76V,hovsg,351,pole,0_1_305,0_1,3,0.2750683932729761
00843-DYehNKdT76V,hovsg,351,pole,1_4_39,1_4,4,0.27352538935026416
00843-DYehNKdT76V,hovsg,351,pole,0_1_212,0_1,5,0.27344900363897884
00843-DYehNKdT76V,hovsg,352,pool,0_0_77,0_0,1,0.27222329019525326
00843-DYehNKdT76V,hovsg,352,pool,0_0_244,0_0,2,0.27156027610279515
00843-DYehNKdT76V,hovsg,352,pool,0_0_32,0_0,3,0.2684501629651005
00843-DYehNKdT76V,hovsg,352,pool,0_0_30,0_0,4,0.2627482253229797
00843-DYehNKdT76V,hovsg,352,pool,0_0_104,0_0,5,0.25706194892297163
00843-DYehNKdT76V,hovsg,353,pool table,0_1_462,0_1,1,0.23119813918681856
00843-DYehNKdT76V,hovsg,353,pool table,0_1_63,0_1,2,0.22749780828519228
00843-DYehNKdT76V,hovsg,353,pool table,0_0_58,0_0,3,0.22054821366555227
00843-DYehNKdT76V,hovsg,353,pool table,0_0_123,0_0,4,0.2186040099403554
00843-DYehNKdT76V,hovsg,353,pool table,0_0_95,0_0,5,0.2155587744028373
00843-DYehNKdT76V,hovsg,354,porcelain,1_4_41,1_4,1,0.2666245497023916
00843-DYehNKdT76V,hovsg,354,porcelain,1_4_10,1_4,2,0.26325467703890376
00843-DYehNKdT76V,hovsg,354,porcelain,1_4_40,1_4,3,0.26140894718956803
00843-DYehNKdT76V,hovsg,354,porcelain,0_1_297,0_1,4,0.2594841303779002
00843-DYehNKdT76V,hovsg,354,porcelain,1_4_46,1_4,5,0.2574488000830689
00843-DYehNKdT76V,hovsg,355,poster,1_2_50,1_2,1,0.26008031992161024
00843-DYehNKdT76V,hovsg,355,poster,1_1_54,1_1,2,0.25389280750563026
00843-DYehNKdT76V,hovsg,355,poster,0_0_136,0_0,3,0.2451627960593813
00843-DYehNKdT76V,hovsg,355,poster,1_3_48,1_3,4,0.24486974098178743
00843-DYehNKdT76V,hovsg,355,poster,0_0_145,0_0,5,0.2447593148345189
00843-DYehNKdT76V,hovsg,356,pot,0_0_57,0_0,1,0.2905103094126568
00843-DYehNKdT76V,hovsg,356,pot,0_0_69,0_0,2,0.2709571427772091
00843-DYehNKdT76V,hovsg,356,pot,0_1_208,0_1,3,0.26220162522602775
00843-DYehNKdT76V,hovsg,356,pot,0_1_54,0_1,4,0.26111786728735825
00843-DYehNKdT76V,hovsg,356,pot,0_0_111,0_0,5,0.26084422408188696
00843-DYehNKdT76V,hovsg,357,pot lid,0_0_111,0_0,1,0.2769676218475893
00843-DYehNKdT76V,hovsg,357,pot lid,0_0_23,0_0,2,0.27553284276196505
00843-DYehNKdT76V,hovsg,357,pot lid,0_0_34,0_0,3,0.2752242833838396
00843-DYehNKdT76V,hovsg,357,pot lid,0_0_253,0_0,4,0.2676186917986285
00843-DYehNKdT76V,hovsg,357,pot lid,0_0_57,0_0,5,0.2655058783580519
00843-DYehNKdT76V,hovsg,358,pouches,1_2_49,1_2,1,0.27064472179457705
00843-DYehNKdT76V,hovsg,358,pouches,1_2_76,1_2,2,0.26514813935311976
00843-DYehNKdT76V,hovsg,358,pouches,0_1_167,0_1,3,0.2591763993345846
00843-DYehNKdT76V,hovsg,358,pouches,0_0_25,0_0,4,0.2559085985365734
00843-DYehNKdT76V,hovsg,358,pouches,1_2_77,1_2,5,0.25561112657296564
00843-DYehNKdT76V,hovsg,359,press,1_2_32,1_2,1,0.24835691474658583
00843-DYehNKdT76V,hovsg,359,press,0_0_40,0_0,2,0.24316348703651103
00843-DYehNKdT76V,hovsg,359,press,0_0_51,0_0,3,0.24025372294558905
00843-DYehNKdT76V,hovsg,359,press,1_2_76,1_2,4,0.23561563610901481
00843-DYehNKdT76V,hovsg,359,press,0_0_35,0_0,5,0.23192130776730038
00843-DYehNKdT76V,hovsg,360,pressure washer,0_0_40,0_0,1,0.2404839872630478
00843-DYehNKdT76V,hovsg,360,pressure washer,1_2_76,1_2,2,0.2311368269276754
00843-DYehNKdT76V,hovsg,360,pressure washer,1_3_36,1_3,3,0.22603661948190829
00843-DYehNKdT76V,hovsg,360,pressure washer,0_1_462,0_1,4,0.22284690656424744
00843-DYehNKdT76V,hovsg,360,pressure washer,0_0_139,0_0,5,0.21362892176624754
00843-DYehNKdT76V,hovsg,361,printer,1_1_28,1_1,1,0.29698306452886325
00843-DYehNKdT76V,hovsg,361,printer,1_0_73,1_0,2,0.28333593635580345
00843-DYehNKdT76V,hovsg,361,printer,1_0_21,1_0,3,0.28302010248621684
00843-DYehNKdT76V,hovsg,361,printer,1_0_15,1_0,4,0.2816193847645809
00843-DYehNKdT76V,hovsg,361,printer,1_1_24,1_1,5,0.2783016924649334
00843-DYehNKdT76V,hovsg,362,product,1_2_76,1_2,1,0.24122933138390149
00843-DYehNKdT76V,hovsg,362,product,1_2_21,1_2,2,0.23552986360041905
00843-DYehNKdT76V,hovsg,362,product,0_1_94,0_1,3,0.23050034902396896
00843-DYehNKdT76V,hovsg,362,product,1_2_28,1_2,4,0.21633353342567158
00843-DYehNKdT76V,hovsg,362,product,1_2_18,1_2,5,0.21485879949277784
00843-DYehNKdT76V,hovsg,363,products,1_2_76,1_2,1,0.2424734701786962
00843-DYehNKdT76V,hovsg,363,products,1_2_21,1_2,2,0.22672105040366258
00843-DYehNKdT76V,hovsg,364,prop,0_1_321,0_1,1,0.2986128195549125
00843-DYehNKdT76V,hovsg,364,prop,0_1_208,0_1,2,0.2952677485042669
00843-DYehNKdT76V,hovsg,364,prop,0_1_335,0_1,3,0.29401674818934675
00843-DYehNKdT76V,hovsg,364,prop,0_1_101,0_1,4,0.2913874794990946
00843-DYehNKdT76V,hovsg,364,prop,0_1_336,0_1,5,0.29038108449605937
00843-DYehNKdT76V,hovsg,365,pump,1_3_53,1_3,1,0.25943278831526656
00843-DYehNKdT76V,hovsg,365,pump,1_3_50,1_3,2,0.25657521140492046
00843-DYehNKdT76V,hovsg,365,pump,0_0_25,0_0,3,0.25462299430487917
00843-DYehNKdT76V,hovsg,365,pump,1_3_52,1_3,4,0.25395297927140087
00843-DYehNKdT76V,hovsg,365,pump,1_2_76,1_2,5,0.2523722336027887
00843-DYehNKdT76V,hovsg,366,punchbag,0_0_69,0_0,1,0.28223975191401335
00843-DYehNKdT76V,hovsg,366,punchbag,1_3_10,1_3,2,0.26131736326923105
00843-DYehNKdT76V,hovsg,366,punchbag,0_0_25,0_0,3,0.25929593256513317
00843-DYehNKdT76V,hovsg,366,punchbag,1_3_53,1_3,4,0.2583949532525607
00843-DYehNKdT76V,hovsg,366,punchbag,0_0_139,0_0,5,0.253689229917743
00843-DYehNKdT76V,hovsg,367,puppet,0_0_150,0_0,1,0.25509564075170676
00843-DYehNKdT76V,hovsg,367,puppet,1_2_32,1_2,2,0.25350796829535877
00843-DYehNKdT76V,hovsg,367,puppet,1_5_2,1_5,3,0.2501050523922798
00843-DYehNKdT76V,hovsg,367,puppet,0_0_138,0_0,4,0.24485228095333003
00843-DYehNKdT76V,hovsg,367,puppet,0_0_159,0_0,5,0.2434556092963356
00843-DYehNKdT76V,hovsg,368,rag,1_2_23,1_2,1,0.2659162454903768
00843-DYehNKdT76V,hovsg,368,rag,1_2_35,1_2,2,0.2610072709423791
00843-DYehNKdT76V,hovsg,368,rag,1_2_26,1_2,3,0.25328943116127933
00843-DYehNKdT76V,hovsg,368,rag,1_2_51,1_2,4,0.2529907711945495
00843-DYehNKdT76V,hovsg,368,rag,1_2_49,1_2,5,0.25126456833110367
00843-DYehNKdT76V,hovsg,369,rail,0_0_162,0_0,1,0.29182589415065113
00843-DYehNKdT76V,hovsg,369,rail,0_0_156,0_0,2,0.28592219546860703
00843-DYehNKdT76V,hovsg,369,rail,0_0_181,0_0,3,0.2844276124169055
00843-DYehNKdT76V,hovsg,369,rail,0_0_41,0_0,4,0.2786070706683074
00843-DYehNKdT76V,hovsg,369,rail,0_1_142,0_1,5,0.276735235186881
00843-DYehNKdT76V,hovsg,370,rake,1_1_26,1_1,1,0.25668363010125606
00843-DYehNKdT76V,hovsg,370,rake,1_2_77,1_2,2,0.25068492039444745
00843-DYehNKdT76V,hovsg,370,rake,0_0_160,0_0,3,0.2481481526627657
00843-DYehNKdT76V,hovsg,370,rake,1_2_62,1_2,4,0.2473971500553545
00843-DYehNKdT76V,hovsg,370,rake,0_1_203,0_1,5,0.23690134325674908
00843-DYehNKdT76V,hovsg,371,receipt printer,1_0_21,1_0,1,0.27842424212497263
00843-DYehNKdT76V,hovsg,371,receipt printer,1_1_28,1_1,2,0.2765828229744001
00843-DYehNKdT76V,hovsg,371,receipt printer,1_0_73,1_0,3,0.27377200626624154
00843-DYehNKdT76V,hovsg,371,receipt printer,1_0_15,1_0,4,0.2723307111736598
00843-DYehNKdT76V,hovsg,371,receipt printer,1_2_76,1_2,5,0.2642307198777912
00843-DYehNKdT76V,hovsg,372,records,1_3_92,1_3,1,0.22889272883094186
00843-DYehNKdT76V,hovsg,372,records,0_1_421,0_1,2,0.21746150398040331
00843-DYehNKdT76V,hovsg,372,records,1_2_77,1_2,3,0.21690938366821816
00843-DYehNKdT76V,hovsg,372,records,0_0_89,0_0,4,0.2160651794395035
00843-DYehNKdT76V,hovsg,372,records,0_1_539,0_1,5,0.21544159165883953
00843-DYehNKdT76V,hovsg,373,recuperator,1_2_80,1_2,1,0.25193529037623086
00843-DYehNKdT76V,hovsg,373,recuperator,0_1_74,0_1,2,0.2508816018463168
00843-DYehNKdT76V,hovsg,373,recuperator,0_0_62,0_0,3,0.24582037234770515
00843-DYehNKdT76V,hovsg,373,recuperator,0_1_101,0_1,4,0.24451893164757357
00843-DYehNKdT76V,hovsg,373,recuperator,0_1_71,0_1,5,0.24413991826178566
00843-DYehNKdT76V,hovsg,374,refrigerator,0_0_142,0_0,1,0.27612052075280036
00843-DYehNKdT76V,hovsg,374,refrigerator,0_0_127,0_0,2,0.2749541926086586
00843-DYehNKdT76V,hovsg,374,refrigerator,0_0_86,0_0,3,0.2748417618072796
00843-DYehNKdT76V,hovsg,374,refrigerator,0_0_144,0_0,4,0.27292558556211866
00843-DYehNKdT76V,hovsg,374,refrigerator,0_0_102,0_0,5,0.2723759816692547
00843-DYehNKdT76V,hovsg,375,remote control,1_2_21,1_2,1,0.22372044389282492
00843-DYehNKdT76V,hovsg,376,rice cooker,0_0_62,0_0,1,0.2583448222686189
00843-DYehNKdT76V,hovsg,376,rice cooker,0_0_57,0_0,2,0.25676680256756246
00843-DYehNKdT76V,hovsg,376,rice cooker,0_0_139,0_0,3,0.25593303185346006
00843-DYehNKdT76V,hovsg,376,rice cooker,0_1_41,0_1,4,0.2514797804744001
00843-DYehNKdT76V,hovsg,376,rice cooker,0_0_69,0_0,5,0.24899210276335582
00843-DYehNKdT76V,hovsg,377,riser,1_2_56,1_2,1,0.2763509206691685
00843-DYehNKdT76V,hovsg,377,riser,1_2_74,1_2,2,0.2714879815858222
00843-DYehNKdT76V,hovsg,377,riser,1_2_58,1_2,3,0.2704142893893386
00843-DYehNKdT76V,hovsg,377,riser,0_0_181,0_0,4,0.26903374651258594
00843-DYehNKdT76V,hovsg,377,riser,0_0_89,0_0,5,0.2689820733194351
00843-DYehNKdT76V,hovsg,378,rocking horse,1_2_78,1_2,1,0.23661408441131587
00843-DYehNKdT76V,hovsg,378,rocking horse,0_1_320,0_1,2,0.22352392220674433
00843-DYehNKdT76V,hovsg,379,rod,1_4_39,1_4,1,0.27023061871818455
00843-DYehNKdT76V,hovsg,379,rod,0_0_181,0_0,2,0.26825765479828945
00843-DYehNKdT76V,hovsg,379,rod,1_4_10,1_4,3,0.2673730129955166
00843-DYehNKdT76V,hovsg,379,rod,1_2_36,1_2,4,0.26621578969091064
00843-DYehNKdT76V,hovsg,379,rod,0_0_134,0_0,5,0.2659479545215433
00843-DYehNKdT76V,hovsg,380,roll,0_1_171,0_1,1,0.27395800400783765
00843-DYehNKdT76V,hovsg,380,roll,0_1_162,0_1,2,0.2667313632852608
00843-DYehNKdT76V,hovsg,380,roll,0_1_421,0_1,3,0.26533825004675715
00843-DYehNKdT76V,hovsg,380,roll,0_1_22,0_1,4,0.2649353908073294
00843-DYehNKdT76V,hovsg,380,roll,1_2_77,1_2,5,0.26415344737334623
00843-DYehNKdT76V,hovsg,381,rope,0_0_139,0_0,1,0.24488564506645993
00843-DYehNKdT76V,hovsg,381,rope,1_3_46,1_3,2,0.22070186040564482
00843-DYehNKdT76V,hovsg,381,rope,0_1_258,0_1,3,0.21115337131807277
00843-DYehNKdT76V,hovsg,381,rope,1_2_59,1_2,4,0.20935385980241566
00843-DYehNKdT76V,hovsg,382,router,1_2_76,1_2,1,0.26377380252365523
00843-DYehNKdT76V,hovsg,382,router,0_1_63,0_1,2,0.2531518553281232
00843-DYehNKdT76V,hovsg,382,router,0_1_230,0_1,3,0.2511722782297932
00843-DYehNKdT76V,hovsg,382,router,1_2_21,1_2,4,0.2507675906538542
00843-DYehNKdT76V,hovsg,382,router,0_1_94,0_1,5,0.24910393446371337
00843-DYehNKdT76V,hovsg,383,rug,1_1_20,1_1,1,0.2663314053337835
00843-DYehNKdT76V,hovsg,383,rug,1_1_29,1_1,2,0.25773328985498795
00843-DYehNKdT76V,hovsg,383,rug,1_1_58,1_1,3,0.25101397960386257
00843-DYehNKdT76V,hovsg,383,rug,1_1_5,1_1,4,0.2502767546245062
00843-DYehNKdT76V,hovsg,383,rug,1_1_26,1_1,5,0.2501990948637318
00843-DYehNKdT76V,hovsg,384,safe,0_1_436,0_1,1,0.26592464639102514
00843-DYehNKdT76V,hovsg,384,safe,0_1_472,0_1,2,0.2652303308023517
00843-DYehNKdT76V,hovsg,384,safe,0_1_482,0_1,3,0.2649040725041242
00843-DYehNKdT76V,hovsg,384,safe,1_0_21,1_0,4,0.2639403164320242
00843-DYehNKdT76V,hovsg,384,safe,1_0_15,1_0,5,0.26304425625363437
00843-DYehNKdT76V,hovsg,385,saturator,1_3_11,1_3,1,0.22744922613746638
00843-DYehNKdT76V,hovsg,385,saturator,1_3_42,1_3,2,0.22730577276680858
00843-DYehNKdT76V,hovsg,385,saturator,1_4_10,1_4,3,0.22730345076860856
00843-DYehNKdT76V,hovsg,385,saturator,1_4_12,1_4,4,0.22632071207928406
00843-DYehNKdT76V,hovsg,385,saturator,1_3_53,1_3,5,0.22427972693167048
00843-DYehNKdT76V,hovsg,386,sauna,1_4_8,1_4,1,0.23631887831324763
00843-DYehNKdT76V,hovsg,386,sauna,1_2_76,1_2,2,0.23311338959818845
00843-DYehNKdT76V,hovsg,386,sauna,1_2_47,1_2,3,0.22972469418013755
00843-DYehNKdT76V,hovsg,386,sauna,1_4_6,1_4,4,0.2278013674537128
00843-DYehNKdT76V,hovsg,386,sauna,0_0_139,0_0,5,0.22307739565375867
00843-DYehNKdT76V,hovsg,387,saw,0_0_5,0_0,1,0.2711361058956087
00843-DYehNKdT76V,hovsg,387,saw,0_0_181,0_0,2,0.270173674229374
00843-DYehNKdT76V,hovsg,387,saw,1_3_2,1_3,3,0.27011896131333585
00843-DYehNKdT76V,hovsg,387,saw,0_1_299,0_1,4,0.2697797067234732
00843-DYehNKdT76V,hovsg,387,saw,0_0_41,0_0,5,0.2691049402692529
00843-DYehNKdT76V,hovsg,388,saxophone,1_4_52,1_4,1,0.2557771806059514
00843-DYehNKdT76V,hovsg,388,saxophone,0_1_124,0_1,2,0.2443513449481285
00843-DYehNKdT76V,hovsg,388,saxophone,0_0_56,0_0,3,0.22779032287611817
00843-DYehNKdT76V,hovsg,388,saxophone,0_1_462,0_1,4,0.22743215663803662
00843-DYehNKdT76V,hovsg,388,saxophone,0_1_320,0_1,5,0.21760374718520395
00843-DYehNKdT76V,hovsg,389,scale,0_0_227,0_0,1,0.2597975184057482
00843-DYehNKdT76V,hovsg,389,scale,0_0_222,0_0,2,0.25874740902455773
00843-DYehNKdT76V,hovsg,389,scale,0_0_90,0_0,3,0.25502065471170565
00843-DYehNKdT76V,hovsg,389,scale,0_1_531,0_1,4,0.2535462002683878
00843-DYehNKdT76V,hovsg,389,scale,0_1_79,0_1,5,0.2535288039915326
00843-DYehNKdT76V,hovsg,390,scanner,0_0_148,0_0,1,0.2921255233030282
00843-DYehNKdT76V,hovsg,390,scanner,0_0_111,0_0,2,0.2911760356551032
00843-DYehNKdT76V,hovsg,390,scanner,0_0_23,0_0,3,0.2907085342732041
00843-DYehNKdT76V,hovsg,390,scanner,0_0_34,0_0,4,0.2904455428732639
00843-DYehNKdT76V,hovsg,390,scanner,0_0_253,0_0,5,0.2887694213600397
00843-DYehNKdT76V,hovsg,391,screen,1_0_63,1_0,1,0.2844667934433683
00843-DYehNKdT76V,hovsg,391,screen,1_5_43,1_5,2,0.2843782665372474
00843-DYehNKdT76V,hovsg,391,screen,1_5_36,1_5,3,0.2835713090720674
00843-DYehNKdT76V,hovsg,391,screen,1_5_51,1_5,4,0.2820156074980093
00843-DYehNKdT76V,hovsg,391,screen,1_1_2,1_1,5,0.2761102857137676
00843-DYehNKdT76V,hovsg,392,screen frame,1_0_63,1_0,1,0.302056675771686
00843-DYehNKdT76V,hovsg,392,screen frame,1_5_36,1_5,2,0.30029224925055786
00843-DYehNKdT76V,hovsg,392,screen frame,1_5_43,1_5,3,0.30014521201676947
00843-DYehNKdT76V,hovsg,392,screen frame,1_5_51,1_5,4,0.29780301468343373
00843-DYehNKdT76V,hovsg,392,screen frame,1_1_2,1_1,5,0.2934500804609626
00843-DYehNKdT76V,hovsg,393,screwdriver,0_0_20,0_0,1,0.23411195222867381
00843-DYehNKdT76V,hovsg,393,screwdriver,0_0_96,0_0,2,0.21955799981616447
00843-DYehNKdT76V,hovsg,393,screwdriver,1_2_59,1_2,3,0.21673598984115197
00843-DYehNKdT76V,hovsg,393,screwdriver,0_0_99,0_0,4,0.2130106305120094
00843-DYehNKdT76V,hovsg,394,sculpture,0_0_56,0_0,1,0.27367364697319985
00843-DYehNKdT76V,hovsg,394,sculpture,0_1_71,0_1,2,0.2716293066924368
00843-DYehNKdT76V,hovsg,394,sculpture,1_3_90,1_3,3,0.2713232488268426
00843-DYehNKdT76V,hovsg,394,sculpture,0_1_54,0_1,4,0.2699828739789837
00843-DYehNKdT76V,hovsg,394,sculpture,0_1_321,0_1,5,0.2699817261485391
00843-DYehNKdT76V,hovsg,395,security camera,1_2_76,1_2,1,0.271555628651377
00843-DYehNKdT76V,hovsg,395,security camera,1_3_81,1_3,2,0.2671083893726701
00843-DYehNKdT76V,hovsg,395,security camera,0_1_282,0_1,3,0.2654602065526105
00843-DYehNKdT76V,hovsg,395,security camera,1_2_21,1_2,4,0.2627939446123512
00843-DYehNKdT76V,hovsg,395,security camera,0_0_150,0_0,5,0.2604078331328909
00843-DYehNKdT76V,hovsg,396,self-closing mechanism,0_0_156,0_0,1,0.27788302642749496
00843-DYehNKdT76V,hovsg,396,self-closing mechanism,0_0_162,0_0,2,0.27434694447310753
00843-DYehNKdT76V,hovsg,396,self-closing mechanism,0_0_214,0_0,3,0.2681644010516182
00843-DYehNKdT76V,hovsg,396,self-closing mechanism,0_1_202,0_1,4,0.2649443248478713
00843-DYehNKdT76V,hovsg,396,self-closing mechanism,1_2_32,1_2,5,0.26173056612746254
00843-DYehNKdT76V,hovsg,397,sensor,1_0_45,1_0,1,0.28166359050755657
00843-DYehNKdT76V,hovsg,397,sensor,1_2_76,1_2,2,0.27795854565052774
00843-DYehNKdT76V,hovsg,397,sensor,1_4_10,1_4,3,0.27355944718813496
00843-DYehNKdT76V,hovsg,397,sensor,1_3_23,1_3,4,0.26956839425826096
00843-DYehNKdT76V,hovsg,397,sensor,1_4_12,1_4,5,0.2682717192182875
00843-DYehNKdT76V,hovsg,398,separator,0_0_25,0_0,1,0.28241962348614225
00843-DYehNKdT76V,hovsg,398,separator,0_1_207,0_1,2,0.2797984974867489
00843-DYehNKdT76V,hovsg,398,separator,0_1_154,0_1,3,0.2791462875618843
00843-DYehNKdT76V,hovsg,398,separator,0_0_63,0_0,4,0.2777792196857951
00843-DYehNKdT76V,hovsg,398,separator,0_1_130,0_1,5,0.27622594948959633
00843-DYehNKdT76V,hovsg,399,set of valves,1_2_32,1_2,1,0.2227259221091274
00843-DYehNKdT76V,hovsg,399,set of valves,1_3_44,1_3,2,0.21508881998770255
00843-DYehNKdT76V,hovsg,399,set of valves,1_4_10,1_4,3,0.21285933391711367
00843-DYehNKdT76V,hovsg,399,set of valves,1_4_52,1_4,4,0.20379211873634592
00843-DYehNKdT76V,hovsg,399,set of valves,0_0_63,0_0,5,0.20104253729116384
00843-DYehNKdT76V,hovsg,400,sewing machine,1_2_32,1_2,1,0.24938224403567746
00843-DYehNKdT76V,hovsg,400,sewing machine,1_2_76,1_2,2,0.24657285503777585
00843-DYehNKdT76V,hovsg,400,sewing machine,0_1_445,0_1,3,0.23742218128024276
00843-DYehNKdT76V,hovsg,400,sewing machine,1_2_21,1_2,4,0.2357479474056999
00843-DYehNKdT76V,hovsg,400,sewing machine,1_0_21,1_0,5,0.23404432431540687
00843-DYehNKdT76V,hovsg,401,sewing tools,1_2_32,1_2,1,0.22729573167985048
00843-DYehNKdT76V,hovsg,401,sewing tools,1_2_76,1_2,2,0.21862930749606552
00843-DYehNKdT76V,hovsg,401,sewing tools,1_3_90,1_3,3,0.21491358032186542
00843-DYehNKdT76V,hovsg,401,sewing tools,1_3_92,1_3,4,0.21431264834674316
00843-DYehNKdT76V,hovsg,401,sewing tools,1_2_77,1_2,5,0.2096403343710808
00843-DYehNKdT76V,hovsg,402,shampoo,1_3_53,1_3,1,0.26696873824031775
00843-DYehNKdT76V,hovsg,402,shampoo,1_2_76,1_2,2,0.2592103846373015
00843-DYehNKdT76V,hovsg,402,shampoo,1_3_26,1_3,3,0.258412355581448
00843-DYehNKdT76V,hovsg,402,shampoo,1_3_50,1_3,4,0.25804072002782885
00843-DYehNKdT76V,hovsg,402,shampoo,1_3_44,1_3,5,0.25536097599755225
00843-DYehNKdT76V,hovsg,403,sheet music,1_1_22,1_1,1,0.18434237598847913
00843-DYehNKdT76V,hovsg,404,sheets / clothes,1_0_54,1_0,1,0.27350612633153454
00843-DYehNKdT76V,hovsg,404,sheets / clothes,1_0_61,1_0,2,0.26670278786704926
00843-DYehNKdT76V,hovsg,404,sheets / clothes,1_1_31,1_1,3,0.26588281013990556
00843-DYehNKdT76V,hovsg,404,sheets / clothes,1_1_30,1_1,4,0.26547782885057947
00843-DYehNKdT76V,hovsg,404,sheets / clothes,1_0_67,1_0,5,0.26497115360760803
00843-DYehNKdT76V,hovsg,405,shelf,1_2_65,1_2,1,0.30849524193554606
00843-DYehNKdT76V,hovsg,405,shelf,1_2_17,1_2,2,0.3026126961389518
00843-DYehNKdT76V,hovsg,405,shelf,1_2_56,1_2,3,0.3024939056780208
00843-DYehNKdT76V,hovsg,405,shelf,1_2_31,1_2,4,0.30110793689394905
00843-DYehNKdT76V,hovsg,405,shelf,1_2_42,1_2,5,0.29711887964315287
00843-DYehNKdT76V,hovsg,406,ship toy,1_2_76,1_2,1,0.2614800973302403
00843-DYehNKdT76V,hovsg,406,ship toy,1_2_77,1_2,2,0.2605852154287547
00843-DYehNKdT76V,hovsg,406,ship toy,1_2_80,1_2,3,0.2541128305131676
00843-DYehNKdT76V,hovsg,406,ship toy,1_2_21,1_2,4,0.2517137742679875
00843-DYehNKdT76V,hovsg,406,ship toy,1_2_32,1_2,5,0.24567251405382676
00843-DYehNKdT76V,hovsg,407,shisha,1_4_52,1_4,1,0.24878913857506663
00843-DYehNKdT76V,hovsg,407,shisha,0_0_139,0_0,2,0.2283345071560673
00843-DYehNKdT76V,hovsg,407,shisha,0_0_96,0_0,3,0.22242432916625215
00843-DYehNKdT76V,hovsg,407,shisha,0_1_22,0_1,4,0.22068775775462768
00843-DYehNKdT76V,hovsg,407,shisha,0_0_56,0_0,5,0.22057119989853147
00843-DYehNKdT76V,hovsg,408,shoe,1_3_53,1_3,1,0.27089763448854953
00843-DYehNKdT76V,hovsg,408,shoe,1_2_77,1_2,2,0.26670483614113305
00843-DYehNKdT76V,hovsg,408,shoe,1_3_11,1_3,3,0.26559223254614095
00843-DYehNKdT76V,hovsg,408,shoe,1_4_47,1_4,4,0.26035745889215023
00843-DYehNKdT76V,hovsg,408,shoe,0_1_208,0_1,5,0.2593297376420398
00843-DYehNKdT76V,hovsg,409,shoe rack,0_1_94,0_1,1,0.2437707528757948
00843-DYehNKdT76V,hovsg,409,shoe rack,0_1_50,0_1,2,0.24058920977806364
00843-DYehNKdT76V,hovsg,409,shoe rack,0_1_160,0_1,3,0.23131811935764526
00843-DYehNKdT76V,hovsg,409,shoe rack,1_2_76,1_2,4,0.22984436172713546
00843-DYehNKdT76V,hovsg,409,shoe rack,1_2_78,1_2,5,0.22795670659568928
00843-DYehNKdT76V,hovsg,410,shoehorn,1_1_26,1_1,1,0.2617873046232139
00843-DYehNKdT76V,hovsg,410,shoehorn,1_2_77,1_2,2,0.2555953228861508
00843-DYehNKdT76V,hovsg,410,shoehorn,0_0_233,0_0,3,0.24684719212208966
00843-DYehNKdT76V,hovsg,410,shoehorn,1_2_53,1_2,4,0.24377886666690143
00843-DYehNKdT76V,hovsg,410,shoehorn,1_2_75,1_2,5,0.2411775145164996
00843-DYehNKdT76V,hovsg,411,shovel,1_3_36,1_3,1,0.26830827412964325
00843-DYehNKdT76V,hovsg,411,shovel,1_4_49,1_4,2,0.26665828831726074
00843-DYehNKdT76V,hovsg,411,shovel,0_0_169,0_0,3,0.2635777415674374
00843-DYehNKdT76V,hovsg,411,shovel,1_3_53,1_3,4,0.2631841688893604
00843-DYehNKdT76V,hovsg,411,shovel,1_2_77,1_2,5,0.26123209624890076
00843-DYehNKdT76V,hovsg,412,shower,1_3_44,1_3,1,0.3327161951127017
00843-DYehNKdT76V,hovsg,412,shower,1_4_5,1_4,2,0.32160759092351315
00843-DYehNKdT76V,hovsg,412,shower,1_4_30,1_4,3,0.30649128155201355
00843-DYehNKdT76V,hovsg,412,shower,1_3_66,1_3,4,0.3039585690008309
00843-DYehNKdT76V,hovsg,412,shower,1_4_48,1_4,5,0.29754072342108556
00843-DYehNKdT76V,hovsg,413,shower seat,1_3_28,1_3,1,0.2710315239540195
00843-DYehNKdT76V,hovsg,413,shower seat,1_3_60,1_3,2,0.2682407824550474
00843-DYehNKdT76V,hovsg,413,shower seat,1_4_8,1_4,3,0.2645748304851684
00843-DYehNKdT76V,hovsg,413,shower seat,0_1_239,0_1,4,0.26244840532850533
00843-DYehNKdT76V,hovsg,413,shower seat,1_4_48,1_4,5,0.261544839472835
00843-DYehNKdT76V,hovsg,414,shredder,0_0_25,0_0,1,0.28028339044177614
00843-DYehNKdT76V,hovsg,414,shredder,0_1_58,0_1,2,0.2788226900566194
00843-DYehNKdT76V,hovsg,414,shredder,0_0_94,0_0,3,0.27785987720648964
00843-DYehNKdT76V,hovsg,414,shredder,1_3_90,1_3,4,0.27267831523540376
00843-DYehNKdT76V,hovsg,414,shredder,0_1_428,0_1,5,0.27088942715713876
00843-DYehNKdT76V,hovsg,415,side table,1_0_73,1_0,1,0.26991378689380713
00843-DYehNKdT76V,hovsg,415,side table,1_0_15,1_0,2,0.26827169831184744
00843-DYehNKdT76V,hovsg,415,side table,1_0_21,1_0,3,0.2650319579500947
00843-DYehNKdT76V,hovsg,415,side table,0_1_63,0_1,4,0.26087841632488606
00843-DYehNKdT76V,hovsg,415,side table,0_1_230,0_1,5,0.2601220285276893
00843-DYehNKdT76V,hovsg,416,sideboard,0_0_183,0_0,1,0.24408157939313235
00843-DYehNKdT76V,hovsg,416,sideboard,0_0_242,0_0,2,0.24316181436538908
00843-DYehNKdT76V,hovsg,416,sideboard,0_0_251,0_0,3,0.24276495878686216
00843-DYehNKdT76V,hovsg,416,sideboard,0_0_14,0_0,4,0.23988068167148385
00843-DYehNKdT76V,hovsg,416,sideboard,0_1_94,0_1,5,0.23955042772396187
00843-DYehNKdT76V,hovsg,417,sign,1_2_77,1_2,1,0.2637771904355529
00843-DYehNKdT76V,hovsg,417,sign,1_4_69,1_4,2,0.25019771655521134
00843-DYehNKdT76V,hovsg,417,sign,1_5_51,1_5,3,0.24353118078554672
00843-DYehNKdT76V,hovsg,417,sign,1_0_63,1_0,4,0.24178579198135275
00843-DYehNKdT76V,hovsg,417,sign,1_5_43,1_5,5,0.24140732298894677
00843-DYehNKdT76V,hovsg,418,silicone gun,1_4_36,1_4,1,0.2508508190676309
00843-DYehNKdT76V,hovsg,418,silicone gun,0_1_170,0_1,2,0.2441123695105436
00843-DYehNKdT76V,hovsg,418,silicone gun,1_2_32,1_2,3,0.24367646796661804
00843-DYehNKdT76V,hovsg,418,silicone gun,1_4_46,1_4,4,0.24019900453780596
00843-DYehNKdT76V,hovsg,418,silicone gun,0_1_165,0_1,5,0.23688915805673658
00843-DYehNKdT76V,hovsg,419,silicone tube,0_0_244,0_0,1,0.25190811361571946
00843-DYehNKdT76V,hovsg,419,silicone tube,1_2_53,1_2,2,0.2506783249860995
00843-DYehNKdT76V,hovsg,419,silicone tube,1_3_79,1_3,3,0.24555267108317477
00843-DYehNKdT76V,hovsg,419,silicone tube,1_3_86,1_3,4,0.2424621529676716
00843-DYehNKdT76V,hovsg,419,silicone tube,0_1_179,0_1,5,0.23758147651990175
00843-DYehNKdT76V,hovsg,420,sink,0_1_291,0_1,1,0.29083291364310987
00843-DYehNKdT76V,hovsg,420,sink,1_4_45,1_4,2,0.285460869042235
00843-DYehNKdT76V,hovsg,420,sink,1_3_52,1_3,3,0.2844234680074026
00843-DYehNKdT76V,hovsg,420,sink,0_0_23,0_0,4,0.28387404652970616
00843-DYehNKdT76V,hovsg,420,sink,1_4_48,1_4,5,0.28385856133841225
00843-DYehNKdT76V,hovsg,421,skateboard,1_3_111,1_3,1,0.27790256414710834
00843-DYehNKdT76V,hovsg,421,skateboard,0_1_63,0_1,2,0.27507540451722634
00843-DYehNKdT76V,hovsg,421,skateboard,0_1_68,0_1,3,0.2749030499839201
00843-DYehNKdT76V,hovsg,421,skateboard,0_1_230,0_1,4,0.27347929746379657
00843-DYehNKdT76V,hovsg,421,skateboard,0_1_336,0_1,5,0.2608708425332861
00843-DYehNKdT76V,hovsg,422,skates,1_3_111,1_3,1,0.2612193756234495
00843-DYehNKdT76V,hovsg,422,skates,0_1_462,0_1,2,0.23348969384943952
00843-DYehNKdT76V,hovsg,422,skates,0_1_540,0_1,3,0.22981907221051556
00843-DYehNKdT76V,hovsg,422,skates,0_0_206,0_0,4,0.22115123771384618
00843-DYehNKdT76V,hovsg,422,skates,0_0_138,0_0,5,0.21479465761311023
00843-DYehNKdT76V,hovsg,423,ski,1_3_111,1_3,1,0.2875870446574423
00843-DYehNKdT76V,hovsg,423,ski,0_0_162,0_0,2,0.2694836931591551
00843-DYehNKdT76V,hovsg,423,ski,0_1_278,0_1,3,0.26501147887290755
00843-DYehNKdT76V,hovsg,423,ski,0_0_152,0_0,4,0.26463894077571964
00843-DYehNKdT76V,hovsg,423,ski,0_0_156,0_0,5,0.2642313390457302
00843-DYehNKdT76V,hovsg,424,sky,0_1_153,0_1,1,0.2616123439033035
00843-DYehNKdT76V,hovsg,424,sky,1_5_71,1_5,2,0.26013061293375034
00843-DYehNKdT76V,hovsg,424,sky,0_0_176,0_0,3,0.2542422839831219
00843-DYehNKdT76V,hovsg,424,sky,1_5_10,1_5,4,0.25271092535934175
00843-DYehNKdT76V,hovsg,424,sky,0_0_159,0_0,5,0.2508365598294875
00843-DYehNKdT76V,hovsg,425,sled,1_2_80,1_2,1,0.25885221880650766
00843-DYehNKdT76V,hovsg,425,sled,1_2_26,1_2,2,0.25607068284346546
00843-DYehNKdT76V,hovsg,425,sled,1_2_77,1_2,3,0.254396972732017
00843-DYehNKdT76V,hovsg,425,sled,0_1_68,0_1,4,0.2519644421541223
00843-DYehNKdT76V,hovsg,425,sled,0_1_462,0_1,5,0.2509622284789884
00843-DYehNKdT76V,hovsg,426,sleeping bag,0_0_139,0_0,1,0.26975487443270757
00843-DYehNKdT76V,hovsg,426,sleeping bag,0_0_138,0_0,2,0.26390179376522005
00843-DYehNKdT76V,hovsg,426,sleeping bag,1_2_37,1_2,3,0.26147581353017757
00843-DYehNKdT76V,hovsg,426,sleeping bag,1_2_26,1_2,4,0.2604625531568273
00843-DYehNKdT76V,hovsg,426,sleeping bag,1_2_46,1_2,5,0.2522324914298051
00843-DYehNKdT76V,hovsg,427,smoke detector,1_2_76,1_2,1,0.28116349584933653
00843-DYehNKdT76V,hovsg,427,smoke detector,1_3_100,1_3,2,0.2667314358831925
00843-DYehNKdT76V,hovsg,427,smoke detector,1_2_21,1_2,3,0.26334588104183065
00843-DYehNKdT76V,hovsg,427,smoke detector,0_1_437,0_1,4,0.2631019936469831
00843-DYehNKdT76V,hovsg,427,smoke detector,0_1_153,0_1,5,0.26279080513047015
00843-DYehNKdT76V,hovsg,428,snack,0_1_22,0_1,1,0.2678256640130255
00843-DYehNKdT76V,hovsg,428,snack,1_2_77,1_2,2,0.26366699793378084
00843-DYehNKdT76V,hovsg,428,snack,1_4_41,1_4,3,0.2519100535959778
00843-DYehNKdT76V,hovsg,428,snack,0_1_68,0_1,4,0.24760940978437013
00843-DYehNKdT76V,hovsg,428,snack,1_2_76,1_2,5,0.24651368289586173
00843-DYehNKdT76V,hovsg,429,soap,1_2_1,1_2,1,0.28240808390982
00843-DYehNKdT76V,hovsg,429,soap,1_2_76,1_2,2,0.27731776838745803
00843-DYehNKdT76V,hovsg,429,soap,1_4_48,1_4,3,0.2756762959040213
00843-DYehNKdT76V,hovsg,429,soap,1_4_41,1_4,4,0.274818600091001
00843-DYehNKdT76V,hovsg,429,soap,0_1_171,0_1,5,0.27109504998010064
00843-DYehNKdT76V,hovsg,430,socks,1_3_53,1_3,1,0.2605288220702448
00843-DYehNKdT76V,hovsg,430,socks,1_2_32,1_2,2,0.24696421260217838
00843-DYehNKdT76V,hovsg,430,socks,0_0_206,0_0,3,0.242999740208806
00843-DYehNKdT76V,hovsg,430,socks,1_2_49,1_2,4,0.24041785454898473
00843-DYehNKdT76V,hovsg,430,socks,0_0_138,0_0,5,0.23131430548693815
00843-DYehNKdT76V,hovsg,431,sofa,0_1_205,0_1,1,0.29653905862253227
00843-DYehNKdT76V,hovsg,431,sofa,0_1_169,0_1,2,0.29556706964155693
00843-DYehNKdT76V,hovsg,431,sofa,0_1_204,0_1,3,0.2955084833292302
00843-DYehNKdT76V,hovsg,431,sofa,0_1_118,0_1,4,0.29034572752038446
00843-DYehNKdT76V,hovsg,431,sofa,0_1_163,0_1,5,0.2865294858105404
00843-DYehNKdT76V,hovsg,432,solarium,1_1_3,1_1,1,0.23349221990620836
00843-DYehNKdT76V,hovsg,432,solarium,1_0_28,1_0,2,0.2105957259624378
00843-DYehNKdT76V,hovsg,432,solarium,1_0_58,1_0,3,0.20997419784132604
00843-DYehNKdT76V,hovsg,432,solarium,1_0_66,1_0,4,0.20899121712117869
00843-DYehNKdT76V,hovsg,432,solarium,1_0_30,1_0,5,0.20695996186952995
00843-DYehNKdT76V,hovsg,433,speaker,1_0_45,1_0,1,0.26272834052794186
00843-DYehNKdT76V,hovsg,433,speaker,0_0_62,0_0,2,0.25714134714172476
00843-DYehNKdT76V,hovsg,433,speaker,1_1_28,1_1,3,0.2518217383095014
00843-DYehNKdT76V,hovsg,433,speaker,0_1_392,0_1,4,0.24903550318634338
00843-DYehNKdT76V,hovsg,433,speaker,0_0_111,0_0,5,0.24811423130739366
00843-DYehNKdT76V,hovsg,434,speaker stand,1_3_50,1_3,1,0.23409383090966424
00843-DYehNKdT76V,hovsg,434,speaker stand,1_0_74,1_0,2,0.23182235507694043
00843-DYehNKdT76V,hovsg,434,speaker stand,1_0_20,1_0,3,0.22965160502307308
00843-DYehNKdT76V,hovsg,434,speaker stand,1_3_11,1_3,4,0.22922575973598547
00843-DYehNKdT76V,hovsg,434,speaker stand,0_0_227,0_0,5,0.22860246463589945
00843-DYehNKdT76V,hovsg,435,spices,1_2_76,1_2,1,0.22931946362296873
00843-DYehNKdT76V,hovsg,435,spices,0_1_22,0_1,2,0.22155951315573372
00843-DYehNKdT76V,hovsg,435,spices,0_0_56,0_0,3,0.2200459838303242
00843-DYehNKdT76V,hovsg,435,spices,1_2_67,1_2,4,0.21932019980169315
00843-DYehNKdT76V,hovsg,436,sponge,1_2_48,1_2,1,0.3155472721534044
00843-DYehNKdT76V,hovsg,436,sponge,1_2_49,1_2,2,0.2725108810707708
00843-DYehNKdT76V,hovsg,436,sponge,1_2_46,1_2,3,0.27012640845373564
00843-DYehNKdT76V,hovsg,436,sponge,1_2_51,1_2,4,0.26062809445931745
00843-DYehNKdT76V,hovsg,436,sponge,0_1_197,0_1,5,0.2584457137817061
00843-DYehNKdT76V,hovsg,437,spray can,0_0_57,0_0,1,0.29798670780539305
00843-DYehNKdT76V,hovsg,437,spray can,0_0_25,0_0,2,0.28896310137925435
00843-DYehNKdT76V,hovsg,437,spray can,0_0_69,0_0,3,0.28883437651368393
00843-DYehNKdT76V,hovsg,437,spray can,1_3_52,1_3,4,0.28009423639320374
00843-DYehNKdT76V,hovsg,437,spray can,1_3_53,1_3,5,0.2794289872107515
00843-DYehNKdT76V,hovsg,438,sprinkler,1_3_46,1_3,1,0.20840675693051441
00843-DYehNKdT76V,hovsg,439,square,1_1_22,1_1,1,0.25738202347577005
00843-DYehNKdT76V,hovsg,439,square,1_1_54,1_1,2,0.24521048200939188
00843-DYehNKdT76V,hovsg,439,square,1_3_102,1_3,3,0.24064966738536492
00843-DYehNKdT76V,hovsg,439,square,1_3_20,1_3,4,0.2379302029335177
00843-DYehNKdT76V,hovsg,439,square,1_2_76,1_2,5,0.23730245495210442
00843-DYehNKdT76V,hovsg,440,stack,1_3_42,1_3,1,0.27703302576289845
00843-DYehNKdT76V,hovsg,440,stack,1_4_69,1_4,2,0.26807192984643846
00843-DYehNKdT76V,hovsg,440,stack,1_2_26,1_2,3,0.26726836833786627
00843-DYehNKdT76V,hovsg,440,stack,1_3_11,1_3,4,0.2659724641131518
00843-DYehNKdT76V,hovsg,440,stack,1_3_44,1_3,5,0.26559535983612875
00843-DYehNKdT76V,hovsg,441,stack of books / papers,1_4_69,1_4,1,0.2619344227643615
00843-DYehNKdT76V,hovsg,441,stack of books / papers,0_1_14,0_1,2,0.24882547528027224
00843-DYehNKdT76V,hovsg,441,stack of books / papers,1_4_79,1_4,3,0.24595473199657597
00843-DYehNKdT76V,hovsg,441,stack of books / papers,1_0_55,1_0,4,0.2453313158214743
00843-DYehNKdT76V,hovsg,441,stack of books / papers,1_2_76,1_2,5,0.24513745226736885
00843-DYehNKdT76V,hovsg,442,stack of stuff,1_2_76,1_2,1,0.3012725236878955
00843-DYehNKdT76V,hovsg,442,stack of stuff,0_1_421,0_1,2,0.2885901983648673
00843-DYehNKdT76V,hovsg,442,stack of stuff,1_2_58,1_2,3,0.2881407496770938
00843-DYehNKdT76V,hovsg,442,stack of stuff,1_2_21,1_2,4,0.2878525568414567
00843-DYehNKdT76V,hovsg,442,stack of stuff,1_4_69,1_4,5,0.2870737496782099
00843-DYehNKdT76V,hovsg,443,stack of yarns,1_2_48,1_2,1,0.27878643794432356
00843-DYehNKdT76V,hovsg,443,stack of yarns,1_2_46,1_2,2,0.271062573818164
00843-DYehNKdT76V,hovsg,443,stack of yarns,1_2_49,1_2,3,0.2702684720125284
00843-DYehNKdT76V,hovsg,443,stack of yarns,1_2_37,1_2,4,0.2574752589427663
00843-DYehNKdT76V,hovsg,443,stack of yarns,1_2_26,1_2,5,0.25118213100238385
00843-DYehNKdT76V,hovsg,444,stage,1_1_2,1_1,1,0.23798017333983168
00843-DYehNKdT76V,hovsg,444,stage,1_3_42,1_3,2,0.23382048251560972
00843-DYehNKdT76V,hovsg,444,stage,1_2_1,1_2,3,0.2332967481945347
00843-DYehNKdT76V,hovsg,444,stage,1_4_10,1_4,4,0.231221105445985
00843-DYehNKdT76V,hovsg,444,stage,1_5_8,1_5,5,0.22944180874188635
00843-DYehNKdT76V,hovsg,445,stained glass,0_0_40,0_0,1,0.23940304756681113
00843-DYehNKdT76V,hovsg,445,stained glass,0_0_31,0_0,2,0.22930163794197195
00843-DYehNKdT76V,hovsg,445,stained glass,0_0_76,0_0,3,0.2207546471135379
00843-DYehNKdT76V,hovsg,446,stand,0_1_94,0_1,1,0.23046185914278017
00843-DYehNKdT76V,hovsg,446,stand,1_2_81,1_2,2,0.22887028162249684
00843-DYehNKdT76V,hovsg,446,stand,1_2_28,1_2,3,0.2226605988729611
00843-DYehNKdT76V,hovsg,446,stand,1_2_24,1_2,4,0.21940930182880503
00843-DYehNKdT76V,hovsg,446,stand,1_2_14,1_2,5,0.21797770970215768
00843-DYehNKdT76V,hovsg,447,star,0_1_124,0_1,1,0.23916878480912135
00843-DYehNKdT76V,hovsg,447,star,0_1_268,0_1,2,0.2358055826103997
00843-DYehNKdT76V,hovsg,447,star,1_4_71,1_4,3,0.23460538277302723
00843-DYehNKdT76V,hovsg,447,star,1_3_35,1_3,4,0.23404537330164715
00843-DYehNKdT76V,hovsg,447,star,0_1_320,0_1,5,0.2303204044128677
00843-DYehNKdT76V,hovsg,448,stationery,1_2_77,1_2,1,0.25440757709953465
00843-DYehNKdT76V,hovsg,448,stationery,1_2_76,1_2,2,0.24841849811194083
00843-DYehNKdT76V,hovsg,448,stationery,1_1_28,1_1,3,0.24129702516610424
00843-DYehNKdT76V,hovsg,448,stationery,1_2_21,1_2,4,0.23950602426274314
00843-DYehNKdT76V,hovsg,448,stationery,1_1_24,1_1,5,0.2263835160554002
00843-DYehNKdT76V,hovsg,449,steel plate,0_0_43,0_0,1,0.28814815385031944
00843-DYehNKdT76V,hovsg,449,steel plate,0_0_82,0_0,2,0.2851257427654589
00843-DYehNKdT76V,hovsg,449,steel plate,0_0_26,0_0,3,0.283222966854349
00843-DYehNKdT76V,hovsg,449,steel plate,0_0_29,0_0,4,0.2788094821824486
00843-DYehNKdT76V,hovsg,449,steel plate,0_0_55,0_0,5,0.2784126088810266
00843-DYehNKdT76V,hovsg,450,step stool,1_2_54,1_2,1,0.262918904990454
00843-DYehNKdT76V,hovsg,450,step stool,0_1_520,0_1,2,0.26061860259038777
00843-DYehNKdT76V,hovsg,450,step stool,0_1_508,0_1,3,0.2598483603254614
00843-DYehNKdT76V,hovsg,450,step stool,1_2_76,1_2,4,0.2592366175126576
00843-DYehNKdT76V,hovsg,450,step stool,0_1_68,0_1,5,0.2576864319861415
00843-DYehNKdT76V,hovsg,451,stick,0_0_160,0_0,1,0.27689328597397667
00843-DYehNKdT76V,hovsg,451,stick,0_0_233,0_0,2,0.27135670522462
00843-DYehNKdT76V,hovsg,451,stick,1_2_3,1_2,3,0.2712564172475641
00843-DYehNKdT76V,hovsg,451,stick,0_1_16,0_1,4,0.26987422030743297
00843-DYehNKdT76V,hovsg,451,stick,0_0_56,0_0,5,0.26853675659962095
00843-DYehNKdT76V,hovsg,452,stone,1_3_71,1_3,1,0.2698391182669716
00843-DYehNKdT76V,hovsg,452,stone,1_3_47,1_3,2,0.2644365337474644
00843-DYehNKdT76V,hovsg,452,stone,1_3_43,1_3,3,0.2612353169279533
00843-DYehNKdT76V,hovsg,452,stone,0_1_444,0_1,4,0.2602272746016966
00843-DYehNKdT76V,hovsg,452,stone,0_1_421,0_1,5,0.259468604621369
00843-DYehNKdT76V,hovsg,453,stonework,0_0_126,0_0,1,0.20736779738935765
00843-DYehNKdT76V,hovsg,453,stonework,0_0_194,0_0,2,0.20642699110406965
00843-DYehNKdT76V,hovsg,454,stool,0_1_442,0_1,1,0.26491332514340354
00843-DYehNKdT76V,hovsg,454,stool,0_1_208,0_1,2,0.26275324032562386
00843-DYehNKdT76V,hovsg,454,stool,0_1_321,0_1,3,0.2622285869534512
00843-DYehNKdT76V,hovsg,454,stool,0_1_68,0_1,4,0.25974835000501983
00843-DYehNKdT76V,hovsg,454,stool,1_0_2,1_0,5,0.25911311174567747
00843-DYehNKdT76V,hovsg,455,storage,1_1_28,1_1,1,0.2782410930999828
00843-DYehNKdT76V,hovsg,455,storage,0_1_471,0_1,2,0.26779449100317154
00843-DYehNKdT76V,hovsg,455,storage,0_1_473,0_1,3,0.26767855067496216
00843-DYehNKdT76V,hovsg,455,storage,1_2_21,1_2,4,0.2657126534048538
00843-DYehNKdT76V,hovsg,455,storage,1_2_76,1_2,5,0.26470378053793236
00843-DYehNKdT76V,hovsg,456,strings,1_3_70,1_3,1,0.24738673416028278
00843-DYehNKdT76V,hovsg,456,strings,1_2_32,1_2,2,0.243649266674066
00843-DYehNKdT76V,hovsg,456,strings,0_0_160,0_0,3,0.23912966653671855
00843-DYehNKdT76V,hovsg,456,strings,1_0_58,1_0,4,0.22754832878818632
00843-DYehNKdT76V,hovsg,456,strings,0_0_103,0_0,5,0.22458701260131578
00843-DYehNKdT76V,hovsg,457,stroke,1_3_53,1_3,1,0.2614530186162847
00843-DYehNKdT76V,hovsg,457,stroke,1_3_44,1_3,2,0.25230750098364063
00843-DYehNKdT76V,hovsg,457,stroke,0_0_20,0_0,3,0.24377456578301115
00843-DYehNKdT76V,hovsg,457,stroke,0_0_160,0_0,4,0.24376421617782826
00843-DYehNKdT76V,hovsg,457,stroke,1_3_85,1_3,5,0.2427372467881595
00843-DYehNKdT76V,hovsg,458,sunbed,1_4_69,1_4,1,0.2640828382687553
00843-DYehNKdT76V,hovsg,458,sunbed,0_1_160,0_1,2,0.26186721248619466
00843-DYehNKdT76V,hovsg,458,sunbed,0_1_158,0_1,3,0.26002614048700073
00843-DYehNKdT76V,hovsg,458,sunbed,0_0_77,0_0,4,0.25764180054171043
00843-DYehNKdT76V,hovsg,458,sunbed,0_1_339,0_1,5,0.257162897451816
00843-DYehNKdT76V,hovsg,459,support,1_2_77,1_2,1,0.25939811615912967
00843-DYehNKdT76V,hovsg,459,support,1_2_32,1_2,2,0.25464083807963533
00843-DYehNKdT76V,hovsg,459,support,0_1_124,0_1,3,0.24424271275682713
00843-DYehNKdT76V,hovsg,459,support,1_2_64,1_2,4,0.24180751726380956
00843-DYehNKdT76V,hovsg,459,support,1_2_76,1_2,5,0.24035894878482222
00843-DYehNKdT76V,hovsg,460,surface,1_1_26,1_1,1,0.28079180776994317
00843-DYehNKdT76V,hovsg,460,surface,0_0_3,0_0,2,0.2779464506987451
00843-DYehNKdT76V,hovsg,460,surface,0_1_79,0_1,3,0.277861612517343
00843-DYehNKdT76V,hovsg,460,surface,0_1_101,0_1,4,0.276726426674971
00843-DYehNKdT76V,hovsg,460,surface,0_1_421,0_1,5,0.27599113410069653
00843-DYehNKdT76V,hovsg,461,surfboard,0_1_292,0_1,1,0.28005348653244816
00843-DYehNKdT76V,hovsg,461,surfboard,1_2_77,1_2,2,0.2675038752887748
00843-DYehNKdT76V,hovsg,461,surfboard,0_1_68,0_1,3,0.2661950357613258
00843-DYehNKdT76V,hovsg,461,surfboard,0_1_63,0_1,4,0.259398268571988
00843-DYehNKdT76V,hovsg,461,surfboard,0_1_230,0_1,5,0.2582630824477843
00843-DYehNKdT76V,hovsg,462,swing,0_0_175,0_0,1,0.2265961029939931
00843-DYehNKdT76V,hovsg,462,swing,1_3_46,1_3,2,0.19615103500046788
00843-DYehNKdT76V,hovsg,463,switch,0_0_20,0_0,1,0.2785596901340485
00843-DYehNKdT76V,hovsg,463,switch,1_0_45,1_0,2,0.2766883567152059
00843-DYehNKdT76V,hovsg,463,switch,0_0_90,0_0,3,0.266877640848303
00843-DYehNKdT76V,hovsg,463,switch,0_1_457,0_1,4,0.2611353348838223
00843-DYehNKdT76V,hovsg,463,switch,0_0_227,0_0,5,0.25757763272128387
00843-DYehNKdT76V,hovsg,464,table,0_1_63,0_1,1,0.2832235735721147
00843-DYehNKdT76V,hovsg,464,table,0_1_230,0_1,2,0.2827387725984285
00843-DYehNKdT76V,hovsg,464,table,0_1_68,0_1,3,0.27280073920878534
00843-DYehNKdT76V,hovsg,464,table,0_1_336,0_1,4,0.26072773836191787
00843-DYehNKdT76V,hovsg,464,table,0_1_35,0_1,5,0.2584754210583281
00843-DYehNKdT76V,hovsg,465,table cloth,0_1_68,0_1,1,0.24179547946471136
00843-DYehNKdT76V,hovsg,465,table cloth,0_1_230,0_1,2,0.2405554190497869
00843-DYehNKdT76V,hovsg,465,table cloth,0_1_63,0_1,3,0.2398184103568885
00843-DYehNKdT76V,hovsg,465,table cloth,1_0_62,1_0,4,0.23874043314497936
00843-DYehNKdT76V,hovsg,465,table cloth,1_0_54,1_0,5,0.23701561544454552
00843-DYehNKdT76V,hovsg,466,table pad,0_1_230,0_1,1,0.2520772907730547
00843-DYehNKdT76V,hovsg,466,table pad,0_1_63,0_1,2,0.2501482304777371
00843-DYehNKdT76V,hovsg,466,table pad,1_4_69,1_4,3,0.24106340679934798
00843-DYehNKdT76V,hovsg,466,table pad,0_0_43,0_0,4,0.23063690506293671
00843-DYehNKdT76V,hovsg,466,table pad,0_0_82,0_0,5,0.22952017083583112
00843-DYehNKdT76V,hovsg,467,table stand,0_1_63,0_1,1,0.27313474436190804
00843-DYehNKdT76V,hovsg,467,table stand,0_1_230,0_1,2,0.27226342850663193
00843-DYehNKdT76V,hovsg,467,table stand,0_1_68,0_1,3,0.26568180087138776
00843-DYehNKdT76V,hovsg,467,table stand,0_1_442,0_1,4,0.255810985199844
00843-DYehNKdT76V,hovsg,467,table stand,0_1_94,0_1,5,0.2544515426440304
00843-DYehNKdT76V,hovsg,468,table tennis table,0_1_68,0_1,1,0.24744249040096525
00843-DYehNKdT76V,hovsg,468,table tennis table,0_1_63,0_1,2,0.23971363683884112
00843-DYehNKdT76V,hovsg,468,table tennis table,0_1_230,0_1,3,0.23870419367134962
00843-DYehNKdT76V,hovsg,468,table tennis table,0_0_43,0_0,4,0.23658252530556564
00843-DYehNKdT76V,hovsg,468,table tennis table,0_0_82,0_0,5,0.23553888955599286
00843-DYehNKdT76V,hovsg,469,tablet,1_4_36,1_4,1,0.2749824155300023
00843-DYehNKdT76V,hovsg,469,tablet,0_0_23,0_0,2,0.2715455379315708
00843-DYehNKdT76V,hovsg,469,tablet,0_0_111,0_0,3,0.27140707574472706
00843-DYehNKdT76V,hovsg,469,tablet,0_0_34,0_0,4,0.27049527662690154
00843-DYehNKdT76V,hovsg,469,tablet,0_0_253,0_0,5,0.2683081478826207
00843-DYehNKdT76V,hovsg,470,tambourine,0_1_208,0_1,1,0.2622164145109266
00843-DYehNKdT76V,hovsg,470,tambourine,0_1_321,0_1,2,0.2520094271676372
00843-DYehNKdT76V,hovsg,470,tambourine,0_1_336,0_1,3,0.23900589666282518
00843-DYehNKdT76V,hovsg,470,tambourine,0_0_96,0_0,4,0.23781735239340013
00843-DYehNKdT76V,hovsg,470,tambourine,0_0_139,0_0,5,0.22331954493022418
00843-DYehNKdT76V,hovsg,471,tea set,0_0_57,0_0,1,0.20662180215482168
00843-DYehNKdT76V,hovsg,471,tea set,0_1_68,0_1,2,0.20545924063057042
00843-DYehNKdT76V,hovsg,471,tea set,0_1_208,0_1,3,0.19754952083724533
00843-DYehNKdT76V,hovsg,471,tea set,1_4_46,1_4,4,0.19568108188781452
00843-DYehNKdT76V,hovsg,471,tea set,0_1_336,0_1,5,0.19471537917659637
00843-DYehNKdT76V,hovsg,472,telescope,0_0_159,0_0,1,0.24822525474363644
00843-DYehNKdT76V,hovsg,472,telescope,0_1_124,0_1,2,0.24443170170642967
00843-DYehNKdT76V,hovsg,472,telescope,1_3_85,1_3,3,0.24373042788969998
00843-DYehNKdT76V,hovsg,472,telescope,1_2_76,1_2,4,0.23726763705907458
00843-DYehNKdT76V,hovsg,472,telescope,1_3_81,1_3,5,0.23501682450539138
00843-DYehNKdT76V,hovsg,473,tennis racket,1_4_39,1_4,1,0.23663278676893895
00843-DYehNKdT76V,hovsg,473,tennis racket,1_4_52,1_4,2,0.22426845945965138
00843-DYehNKdT76V,hovsg,473,tennis racket,1_2_90,1_2,3,0.21924417555140557
00843-DYehNKdT76V,hovsg,473,tennis racket,1_2_76,1_2,4,0.21586536182345545
00843-DYehNKdT76V,hovsg,473,tennis racket,1_4_14,1_4,5,0.2155591257437771
00843-DYehNKdT76V,hovsg,474,tent,1_2_76,1_2,1,0.23601295066008085
00843-DYehNKdT76V,hovsg,474,tent,1_3_36,1_3,2,0.21437529883657575
00843-DYehNKdT76V,hovsg,474,tent,1_2_18,1_2,3,0.20156936963784827
00843-DYehNKdT76V,hovsg,474,tent,1_3_46,1_3,4,0.19996383212551647
00843-DYehNKdT76V,hovsg,475,thermometer,1_0_45,1_0,1,0.26175168130357507
00843-DYehNKdT76V,hovsg,475,thermometer,1_2_76,1_2,2,0.23538984949124855
00843-DYehNKdT76V,hovsg,475,thermometer,1_2_21,1_2,3,0.2243908577590901
00843-DYehNKdT76V,hovsg,475,thermometer,1_4_37,1_4,4,0.20976975056464214
00843-DYehNKdT76V,hovsg,476,thermostat,1_0_45,1_0,1,0.2920612165252991
00843-DYehNKdT76V,hovsg,476,thermostat,1_2_76,1_2,2,0.258816477548355
00843-DYehNKdT76V,hovsg,476,thermostat,1_3_100,1_3,3,0.25247812787977836
00843-DYehNKdT76V,hovsg,476,thermostat,1_3_104,1_3,4,0.24871781944537658
00843-DYehNKdT76V,hovsg,476,thermostat,0_0_20,0_0,5,0.24856589488507252
00843-DYehNKdT76V,hovsg,477,three,0_1_43,0_1,1,0.24711030242851934
00843-DYehNKdT76V,hovsg,477,three,0_0_40,0_0,2,0.24686708426053816
00843-DYehNKdT76V,hovsg,477,three,0_1_317,0_1,3,0.24682072575674346
00843-DYehNKdT76V,hovsg,477,three,0_0_51,0_0,4,0.2457292870512104
00843-DYehNKdT76V,hovsg,477,three,0_1_0,0_1,5,0.24488486017500238
00843-DYehNKdT76V,hovsg,478,tile,1_3_44,1_3,1,0.30553856983033045
00843-DYehNKdT76V,hovsg,478,tile,1_3_84,1_3,2,0.2909559908251653
00843-DYehNKdT76V,hovsg,478,tile,1_3_47,1_3,3,0.2875114777487152
00843-DYehNKdT76V,hovsg,478,tile,0_0_190,0_0,4,0.2864794839872348
00843-DYehNKdT76V,hovsg,478,tile,1_3_13,1_3,5,0.28585457423743443
00843-DYehNKdT76V,hovsg,479,tire,0_0_139,0_0,1,0.25192729977595807
00843-DYehNKdT76V,hovsg,479,tire,1_3_52,1_3,2,0.248082036309684
00843-DYehNKdT76V,hovsg,479,tire,1_4_47,1_4,3,0.24197036593412702
00843-DYehNKdT76V,hovsg,479,tire,1_4_36,1_4,4,0.23945087821284125
00843-DYehNKdT76V,hovsg,479,tire,1_3_41,1_3,5,0.23728508994867403
00843-DYehNKdT76V,hovsg,480,tissue,1_2_23,1_2,1,0.28981018532208325
00843-DYehNKdT76V,hovsg,480,tissue,0_1_421,0_1,2,0.289088437744344
00843-DYehNKdT76V,hovsg,480,tissue,1_2_49,1_2,3,0.28898470614287086
00843-DYehNKdT76V,hovsg,480,tissue,1_2_58,1_2,4,0.28813923323088375
00843-DYehNKdT76V,hovsg,480,tissue,1_2_54,1_2,5,0.2876533717964813
00843-DYehNKdT76V,hovsg,481,title,0_0_63,0_0,1,0.2856332990147469
00843-DYehNKdT76V,hovsg,481,title,0_1_207,0_1,2,0.28437049016941746
00843-DYehNKdT76V,hovsg,481,title,0_1_68,0_1,3,0.28349592208003516
00843-DYehNKdT76V,hovsg,481,title,0_1_212,0_1,4,0.2820685162380775
00843-DYehNKdT76V,hovsg,481,title,0_1_336,0_1,5,0.2816944145103868
00843-DYehNKdT76V,hovsg,482,toaster,0_0_62,0_0,1,0.33410827742721294
00843-DYehNKdT76V,hovsg,482,toaster,0_0_111,0_0,2,0.27489698863417494
00843-DYehNKdT76V,hovsg,482,toaster,0_0_23,0_0,3,0.27463726944273026
00843-DYehNKdT76V,hovsg,482,toaster,0_0_34,0_0,4,0.2735837955077542
00843-DYehNKdT76V,hovsg,482,toaster,0_0_253,0_0,5,0.2709228466841722
00843-DYehNKdT76V,hovsg,483,toaster oven,0_0_62,0_0,1,0.2882077505279323
00843-DYehNKdT76V,hovsg,483,toaster oven,0_0_86,0_0,2,0.26503730206429255
00843-DYehNKdT76V,hovsg,483,toaster oven,0_0_142,0_0,3,0.2607354677271909
00843-DYehNKdT76V,hovsg,483,toaster oven,0_0_127,0_0,4,0.2593837114766106
00843-DYehNKdT76V,hovsg,483,toaster oven,0_0_111,0_0,5,0.2592783735799851
00843-DYehNKdT76V,hovsg,484,toilet,1_3_9,1_3,1,0.3298391188758625
00843-DYehNKdT76V,hovsg,484,toilet,1_3_28,1_3,2,0.31593430367493597
00843-DYehNKdT76V,hovsg,484,toilet,1_3_25,1_3,3,0.31040038375891127
00843-DYehNKdT76V,hovsg,484,toilet,1_3_60,1_3,4,0.30886512863364357
00843-DYehNKdT76V,hovsg,484,toilet,0_1_239,0_1,5,0.3003220824597837
00843-DYehNKdT76V,hovsg,485,toilet brush,1_3_25,1_3,1,0.2964786211674222
00843-DYehNKdT76V,hovsg,485,toilet brush,1_3_9,1_3,2,0.27644324651577984
00843-DYehNKdT76V,hovsg,485,toilet brush,1_3_28,1_3,3,0.26520417401397134
00843-DYehNKdT76V,hovsg,485,toilet brush,1_3_60,1_3,4,0.26113132214562707
00843-DYehNKdT76V,hovsg,485,toilet brush,1_4_4,1_4,5,0.2594024033311466
00843-DYehNKdT76V,hovsg,486,toilet cleaner,1_3_9,1_3,1,0.28459782167416264
00843-DYehNKdT76V,hovsg,486,toilet cleaner,1_3_25,1_3,2,0.2771634736524682
00843-DYehNKdT76V,hovsg,486,toilet cleaner,1_3_28,1_3,3,0.2632115497084412
00843-DYehNKdT76V,hovsg,486,toilet cleaner,0_1_239,0_1,4,0.25887469970045784
00843-DYehNKdT76V,hovsg,486,toilet cleaner,1_3_60,1_3,5,0.2575708479731514
00843-DYehNKdT76V,hovsg,487,toilet paper,1_4_4,1_4,1,0.300390332480585
00843-DYehNKdT76V,hovsg,487,toilet paper,1_3_25,1_3,2,0.2934548174477994
00843-DYehNKdT76V,hovsg,487,toilet paper,1_3_9,1_3,3,0.2928966297508579
00843-DYehNKdT76V,hovsg,487,toilet paper,0_1_239,0_1,4,0.2866875984965366
00843-DYehNKdT76V,hovsg,487,toilet paper,1_2_23,1_2,5,0.27751135255731035
00843-DYehNKdT76V,hovsg,488,toiletry,1_2_76,1_2,1,0.27970675139544443
00843-DYehNKdT76V,hovsg,488,toiletry,1_2_21,1_2,2,0.25556014915206826
00843-DYehNKdT76V,hovsg,488,toiletry,1_4_8,1_4,3,0.25417510238427016
00843-DYehNKdT76V,hovsg,488,toiletry,1_3_44,1_3,4,0.2538299946871334
00843-DYehNKdT76V,hovsg,488,toiletry,1_4_48,1_4,5,0.25371145240479476
00843-DYehNKdT76V,hovsg,489,tool,1_3_90,1_3,1,0.2803102040146394
00843-DYehNKdT76V,hovsg,489,tool,1_2_77,1_2,2,0.2775766751946155
00843-DYehNKdT76V,hovsg,489,tool,1_3_57,1_3,3,0.27516816021164164
00843-DYehNKdT76V,hovsg,489,tool,0_1_58,0_1,4,0.2745118127108862
00843-DYehNKdT76V,hovsg,489,tool,1_3_88,1_3,5,0.2744881281843612
00843-DYehNKdT76V,hovsg,490,tool rack,1_2_32,1_2,1,0.2719460555416949
00843-DYehNKdT76V,hovsg,490,tool rack,0_0_20,0_0,2,0.23767548901712365
00843-DYehNKdT76V,hovsg,491,toothbrush,1_2_53,1_2,1,0.2773290465723222
00843-DYehNKdT76V,hovsg,491,toothbrush,1_4_52,1_4,2,0.2702669452523899
00843-DYehNKdT76V,hovsg,491,toothbrush,1_2_76,1_2,3,0.25028737798713674
00843-DYehNKdT76V,hovsg,491,toothbrush,0_0_20,0_0,4,0.24183139088808098
00843-DYehNKdT76V,hovsg,491,toothbrush,1_4_41,1_4,5,0.24129211722387484
00843-DYehNKdT76V,hovsg,492,toothpaste,1_2_76,1_2,1,0.2746800404296493
00843-DYehNKdT76V,hovsg,492,toothpaste,1_2_77,1_2,2,0.2721940987844266
00843-DYehNKdT76V,hovsg,492,toothpaste,1_2_21,1_2,3,0.27212133995112864
00843-DYehNKdT76V,hovsg,492,toothpaste,1_2_53,1_2,4,0.2668102100800254
00843-DYehNKdT76V,hovsg,492,toothpaste,1_4_52,1_4,5,0.25559668099541816
00843-DYehNKdT76V,hovsg,493,towel,1_2_48,1_2,1,0.28420882673747005
00843-DYehNKdT76V,hovsg,493,towel,1_2_37,1_2,2,0.2832255035835178
00843-DYehNKdT76V,hovsg,493,towel,1_2_49,1_2,3,0.28160905572592027
00843-DYehNKdT76V,hovsg,493,towel,1_2_23,1_2,4,0.2750930416448949
00843-DYehNKdT76V,hovsg,493,towel,1_2_61,1_2,5,0.27426337111894505
00843-DYehNKdT76V,hovsg,494,towel bar,1_4_10,1_4,1,0.2662231685598916
00843-DYehNKdT76V,hovsg,494,towel bar,1_4_52,1_4,2,0.26523812439669325
00843-DYehNKdT76V,hovsg,494,towel bar,1_2_56,1_2,3,0.2628558896831815
00843-DYehNKdT76V,hovsg,494,towel bar,0_0_20,0_0,4,0.2616736482801115
00843-DYehNKdT76V,hovsg,494,towel bar,1_4_5,1_4,5,0.25958278603545715
00843-DYehNKdT76V,hovsg,495,toy,1_2_77,1_2,1,0.2512900494499005
00843-DYehNKdT76V,hovsg,495,toy,1_2_76,1_2,2,0.2384221927269726
00843-DYehNKdT76V,hovsg,495,toy,1_2_21,1_2,3,0.23393740357879123
00843-DYehNKdT76V,hovsg,495,toy,0_0_139,0_0,4,0.23215209666995515
00843-DYehNKdT76V,hovsg,495,toy,0_0_151,0_0,5,0.23142615332630972
00843-DYehNKdT76V,hovsg,496,traffic cone,0_0_69,0_0,1,0.26747259749595054
00843-DYehNKdT76V,hovsg,497,trampoline,1_2_32,1_2,1,0.24317855147140083
00843-DYehNKdT76V,hovsg,497,trampoline,1_3_41,1_3,2,0.22633038125973776
00843-DYehNKdT76V,hovsg,497,trampoline,1_3_20,1_3,3,0.22481316263100048
00843-DYehNKdT76V,hovsg,497,trampoline,0_1_462,0_1,4,0.22422565610009093
00843-DYehNKdT76V,hovsg,498,trash bag,0_0_206,0_0,1,0.2960866600490555
00843-DYehNKdT76V,hovsg,498,trash bag,0_0_139,0_0,2,0.290817272522442
00843-DYehNKdT76V,hovsg,498,trash bag,1_3_53,1_3,3,0.28479471032252546
00843-DYehNKdT76V,hovsg,498,trash bag,0_0_69,0_0,4,0.2818108807940907
00843-DYehNKdT76V,hovsg,498,trash bag,1_3_50,1_3,5,0.2809961755514863
00843-DYehNKdT76V,hovsg,499,tray,0_0_111,0_0,1,0.28136878054684206
00843-DYehNKdT76V,hovsg,499,tray,0_0_23,0_0,2,0.2802969723906177
00843-DYehNKdT76V,hovsg,499,tray,0_0_34,0_0,3,0.27928573040154836
00843-DYehNKdT76V,hovsg,499,tray,0_0_253,0_0,4,0.274968640010821
00843-DYehNKdT76V,hovsg,499,tray,0_1_63,0_1,5,0.27039804288550495
00843-DYehNKdT76V,hovsg,500,treadmill,1_3_111,1_3,1,0.25208344860169163
00843-DYehNKdT76V,hovsg,500,treadmill,0_1_462,0_1,2,0.2490021454851804
00843-DYehNKdT76V,hovsg,500,treadmill,0_0_234,0_0,3,0.2408265998107701
00843-DYehNKdT76V,hovsg,500,treadmill,1_3_16,1_3,4,0.23592878111892485
00843-DYehNKdT76V,hovsg,500,treadmill,0_0_43,0_0,5,0.23554537429668027
00843-DYehNKdT76V,hovsg,501,tree,0_1_319,0_1,1,0.2744907068270326
00843-DYehNKdT76V,hovsg,501,tree,0_1_234,0_1,2,0.26314849675097124
00843-DYehNKdT76V,hovsg,501,tree,0_1_121,0_1,3,0.2611446296414426
00843-DYehNKdT76V,hovsg,501,tree,0_1_391,0_1,4,0.26090060902941087
00843-DYehNKdT76V,hovsg,501,tree,0_1_388,0_1,5,0.2565681165338733
00843-DYehNKdT76V,hovsg,502,tree branch,0_0_56,0_0,1,0.2248429209504096
00843-DYehNKdT76V,hovsg,503,trimmer,1_3_52,1_3,1,0.253619649947236
00843-DYehNKdT76V,hovsg,503,trimmer,1_2_32,1_2,2,0.2431186747706015
00843-DYehNKdT76V,hovsg,503,trimmer,1_2_80,1_2,3,0.24173534757997553
00843-DYehNKdT76V,hovsg,503,trimmer,1_2_76,1_2,4,0.2336061637145369
00843-DYehNKdT76V,hovsg,503,trimmer,0_0_139,0_0,5,0.22477080140281364
00843-DYehNKdT76V,hovsg,504,tripod,0_0_150,0_0,1,0.27265700536591503
00843-DYehNKdT76V,hovsg,504,tripod,1_3_50,1_3,2,0.27170960670131733
00843-DYehNKdT76V,hovsg,504,tripod,1_4_12,1_4,3,0.26899581632620145
00843-DYehNKdT76V,hovsg,504,tripod,1_2_32,1_2,4,0.2666524483347025
00843-DYehNKdT76V,hovsg,504,tripod,1_3_26,1_3,5,0.2655112493961379
00843-DYehNKdT76V,hovsg,505,trolley,1_2_76,1_2,1,0.23970160754883027
00843-DYehNKdT76V,hovsg,505,trolley,1_2_21,1_2,2,0.2324923738090417
00843-DYehNKdT76V,hovsg,505,trolley,0_0_138,0_0,3,0.21171099189665604
00843-DYehNKdT76V,hovsg,505,trolley,1_2_81,1_2,4,0.210093312480283
00843-DYehNKdT76V,hovsg,506,trombone,1_2_36,1_2,1,0.26440907219724236
00843-DYehNKdT76V,hovsg,506,trombone,0_1_124,0_1,2,0.2640897975140438
00843-DYehNKdT76V,hovsg,506,trombone,1_4_52,1_4,3,0.25993473437895154
00843-DYehNKdT76V,hovsg,506,trombone,1_2_70,1_2,4,0.2598911130447811
00843-DYehNKdT76V,hovsg,506,trombone,1_2_32,1_2,5,0.2520290685208913
00843-DYehNKdT76V,hovsg,507,trophy,0_1_203,0_1,1,0.2783665003203303
00843-DYehNKdT76V,hovsg,507,trophy,0_1_32,0_1,2,0.27682262245119127
00843-DYehNKdT76V,hovsg,507,trophy,0_0_63,0_0,3,0.27469464570863156
00843-DYehNKdT76V,hovsg,507,trophy,0_1_41,0_1,4,0.2704340050469675
00843-DYehNKdT76V,hovsg,507,trophy,0_1_68,0_1,5,0.2675732252848261
00843-DYehNKdT76V,hovsg,508,trough,1_2_77,1_2,1,0.2747949844775266
00843-DYehNKdT76V,hovsg,508,trough,1_3_55,1_3,2,0.269975068481475
00843-DYehNKdT76V,hovsg,508,trough,1_2_74,1_2,3,0.2671369138266327
00843-DYehNKdT76V,hovsg,508,trough,1_4_47,1_4,4,0.26490692604747734
00843-DYehNKdT76V,hovsg,508,trough,0_0_63,0_0,5,0.2646152475102547
00843-DYehNKdT76V,hovsg,509,trumpet,1_4_52,1_4,1,0.2508190271406465
00843-DYehNKdT76V,hovsg,509,trumpet,1_2_67,1_2,2,0.23266912591157565
00843-DYehNKdT76V,hovsg,509,trumpet,0_0_56,0_0,3,0.22617990245126157
00843-DYehNKdT76V,hovsg,509,trumpet,0_0_96,0_0,4,0.22178077751375042
00843-DYehNKdT76V,hovsg,509,trumpet,0_1_320,0_1,5,0.220044888839356
00843-DYehNKdT76V,hovsg,510,tv,1_5_36,1_5,1,0.2731874373234226
00843-DYehNKdT76V,hovsg,510,tv,1_0_63,1_0,2,0.27296935474567563
00843-DYehNKdT76V,hovsg,510,tv,1_5_43,1_5,3,0.2714529031967773
00843-DYehNKdT76V,hovsg,510,tv,1_5_51,1_5,4,0.26924675429294664
00843-DYehNKdT76V,hovsg,510,tv,1_0_3,1_0,5,0.26652008456097226
00843-DYehNKdT76V,hovsg,511,tv stand,0_1_94,0_1,1,0.27920778535361684
00843-DYehNKdT76V,hovsg,511,tv stand,0_1_50,0_1,2,0.2701465207286645
00843-DYehNKdT76V,hovsg,511,tv stand,0_1_466,0_1,3,0.2574344346370026
00843-DYehNKdT76V,hovsg,511,tv stand,1_5_42,1_5,4,0.2516315569925482
00843-DYehNKdT76V,hovsg,511,tv stand,1_5_46,1_5,5,0.2500298893440347
00843-DYehNKdT76V,hovsg,512,typewriter,1_0_21,1_0,1,0.2512755179008156
00843-DYehNKdT76V,hovsg,512,typewriter,1_0_73,1_0,2,0.2497494035974915
00843-DYehNKdT76V,hovsg,512,typewriter,1_0_15,1_0,3,0.24692716411026172
00843-DYehNKdT76V,hovsg,512,typewriter,1_2_76,1_2,4,0.2407420647744784
00843-DYehNKdT76V,hovsg,512,typewriter,0_1_445,0_1,5,0.23926780323747301
00843-DYehNKdT76V,hovsg,513,ukulele,0_0_138,0_0,1,0.2089669117066468
00843-DYehNKdT76V,hovsg,514,umbrella,1_3_70,1_3,1,0.26760180136620004
00843-DYehNKdT76V,hovsg,514,umbrella,1_3_40,1_3,2,0.26000833664989337
00843-DYehNKdT76V,hovsg,514,umbrella,1_2_32,1_2,3,0.2580461110123474
00843-DYehNKdT76V,hovsg,514,umbrella,1_3_69,1_3,4,0.25738983574369656
00843-DYehNKdT76V,hovsg,514,umbrella,1_3_35,1_3,5,0.2521275653305281
00843-DYehNKdT76V,hovsg,515,umbrella stand,1_3_44,1_3,1,0.25166030146076296
00843-DYehNKdT76V,hovsg,515,umbrella stand,0_0_69,0_0,2,0.2431049467387716
00843-DYehNKdT76V,hovsg,515,umbrella stand,0_0_193,0_0,3,0.23239695867375867
00843-DYehNKdT76V,hovsg,515,umbrella stand,0_0_151,0_0,4,0.2276969685699726
00843-DYehNKdT76V,hovsg,515,umbrella stand,0_0_149,0_0,5,0.2263846972860049
00843-DYehNKdT76V,hovsg,516,unknown,1_4_50,1_4,1,0.2745258117879845
00843-DYehNKdT76V,hovsg,516,unknown,1_4_12,1_4,2,0.272535287239149
00843-DYehNKdT76V,hovsg,516,unknown,1_3_75,1_3,3,0.27150306387363043
00843-DYehNKdT76V,hovsg,516,unknown,1_5_4,1_5,4,0.2702557395550761
00843-DYehNKdT76V,hovsg,516,unknown,1_3_0,1_3,5,0.26959332047006035
00843-DYehNKdT76V,hovsg,517,vacuum cleaner,0_0_25,0_0,1,0.2647380443433709
00843-DYehNKdT76V,hovsg,517,vacuum cleaner,1_2_76,1_2,2,0.2560021711390085
00843-DYehNKdT76V,hovsg,517,vacuum cleaner,0_1_462,0_1,3,0.25011292773223115
00843-DYehNKdT76V,hovsg,517,vacuum cleaner,0_0_139,0_0,4,0.2494109627703962
00843-DYehNKdT76V,hovsg,517,vacuum cleaner,1_2_21,1_2,5,0.24174711779035504
00843-DYehNKdT76V,hovsg,518,vanity,1_4_10,1_4,1,0.26636981396587955
00843-DYehNKdT76V,hovsg,518,vanity,1_4_5,1_4,2,0.26262665765029203
00843-DYehNKdT76V,hovsg,518,vanity,0_1_282,0_1,3,0.2556132331723595
00843-DYehNKdT76V,hovsg,518,vanity,1_4_48,1_4,4,0.254054276527345
00843-DYehNKdT76V,hovsg,518,vanity,1_3_52,1_3,5,0.24936673052867458
00843-DYehNKdT76V,hovsg,519,vase,1_4_56,1_4,1,0.28849089434149644
00843-DYehNKdT76V,hovsg,519,vase,0_0_57,0_0,2,0.28556938930858555
00843-DYehNKdT76V,hovsg,519,vase,1_4_38,1_4,3,0.2853706380169368
00843-DYehNKdT76V,hovsg,519,vase,0_1_203,0_1,4,0.2843529257648305
00843-DYehNKdT76V,hovsg,519,vase,1_4_40,1_4,5,0.2838669094456282
00843-DYehNKdT76V,hovsg,520,vegetables,0_1_22,0_1,1,0.21125534341717592
00843-DYehNKdT76V,hovsg,521,vessel,1_4_47,1_4,1,0.26701919794781176
00843-DYehNKdT76V,hovsg,521,vessel,0_0_57,0_0,2,0.25916754161856287
00843-DYehNKdT76V,hovsg,521,vessel,0_1_321,0_1,3,0.2580960311708173
00843-DYehNKdT76V,hovsg,521,vessel,1_4_8,1_4,4,0.2578139845714325
00843-DYehNKdT76V,hovsg,521,vessel,1_4_41,1_4,5,0.2550573449602487
00843-DYehNKdT76V,hovsg,522,vinyl records,1_3_92,1_3,1,0.2256712776384452
00843-DYehNKdT76V,hovsg,522,vinyl records,1_3_50,1_3,2,0.21842022197475128
00843-DYehNKdT76V,hovsg,522,vinyl records,1_2_13,1_2,3,0.21789531947101948
00843-DYehNKdT76V,hovsg,522,vinyl records,0_0_23,0_0,4,0.21696146650105785
00843-DYehNKdT76V,hovsg,522,vinyl records,0_1_466,0_1,5,0.2169003558452522
00843-DYehNKdT76V,hovsg,523,violin,0_0_162,0_0,1,0.2558959422799173
00843-DYehNKdT76V,hovsg,523,violin,0_1_124,0_1,2,0.25519857546691294
00843-DYehNKdT76V,hovsg,523,violin,0_0_156,0_0,3,0.2502140638215723
00843-DYehNKdT76V,hovsg,523,violin,0_0_160,0_0,4,0.24516228478165897
00843-DYehNKdT76V,hovsg,523,violin,0_0_56,0_0,5,0.23864851673986137
00843-DYehNKdT76V,hovsg,524,violin case,0_0_25,0_0,1,0.2602343344649539
00843-DYehNKdT76V,hovsg,524,violin case,0_0_162,0_0,2,0.25867695875669694
00843-DYehNKdT76V,hovsg,524,violin case,0_1_466,0_1,3,0.24808999742205323
00843-DYehNKdT76V,hovsg,524,violin case,0_0_138,0_0,4,0.24692784277385194
00843-DYehNKdT76V,hovsg,524,violin case,0_1_462,0_1,5,0.2418913612876114
00843-DYehNKdT76V,hovsg,525,waffle iron,0_0_62,0_0,1,0.23853053888022638
00843-DYehNKdT76V,hovsg,525,waffle iron,1_3_41,1_3,2,0.23847433870400248
00843-DYehNKdT76V,hovsg,526,wardrobe,1_2_32,1_2,1,0.2628189004040926
00843-DYehNKdT76V,hovsg,526,wardrobe,0_1_471,0_1,2,0.259880364583439
00843-DYehNKdT76V,hovsg,526,wardrobe,0_1_473,0_1,3,0.25475859701644277
00843-DYehNKdT76V,hovsg,526,wardrobe,1_3_10,1_3,4,0.2514985023809787
00843-DYehNKdT76V,hovsg,526,wardrobe,0_1_342,0_1,5,0.2433166442518093
00843-DYehNKdT76V,hovsg,527,washing machine,0_0_154,0_0,1,0.2602587337806541
00843-DYehNKdT76V,hovsg,527,washing machine,1_2_76,1_2,2,0.25273061778377437
00843-DYehNKdT76V,hovsg,527,washing machine,0_0_195,0_0,3,0.250761902247189
00843-DYehNKdT76V,hovsg,527,washing machine,0_0_186,0_0,4,0.24939986319502486
00843-DYehNKdT76V,hovsg,527,washing machine,1_2_21,1_2,5,0.2484446996415669
00843-DYehNKdT76V,hovsg,528,washing powder,1_2_76,1_2,1,0.2744733180011495
00843-DYehNKdT76V,hovsg,528,washing powder,1_2_21,1_2,2,0.2674606475673782
00843-DYehNKdT76V,hovsg,528,washing powder,1_2_35,1_2,3,0.2673484157241576
00843-DYehNKdT76V,hovsg,528,washing powder,1_2_23,1_2,4,0.266665946830924
00843-DYehNKdT76V,hovsg,528,washing powder,1_2_49,1_2,5,0.2615521358175895
00843-DYehNKdT76V,hovsg,529,washing stuff,1_2_76,1_2,1,0.2694005189944261
00843-DYehNKdT76V,hovsg,529,washing stuff,1_2_35,1_2,2,0.26313223258740853
00843-DYehNKdT76V,hovsg,529,washing stuff,1_2_21,1_2,3,0.25551923686593636
00843-DYehNKdT76V,hovsg,529,washing stuff,1_2_33,1_2,4,0.2544251261885444
00843-DYehNKdT76V,hovsg,529,washing stuff,1_2_61,1_2,5,0.25442153784857985
00843-DYehNKdT76V,hovsg,530,watch,1_3_111,1_3,1,0.21088697697010386
00843-DYehNKdT76V,hovsg,530,watch,0_0_3,0_0,2,0.20482263523587035
00843-DYehNKdT76V,hovsg,530,watch,0_1_310,0_1,3,0.20464923698201995
00843-DYehNKdT76V,hovsg,530,watch,1_3_53,1_3,4,0.20393335745307567
00843-DYehNKdT76V,hovsg,530,watch,0_1_397,0_1,5,0.20374500660714662
00843-DYehNKdT76V,hovsg,531,water dispenser,0_0_25,0_0,1,0.2759287948206718
00843-DYehNKdT76V,hovsg,531,water dispenser,0_0_57,0_0,2,0.27500345515176183
00843-DYehNKdT76V,hovsg,531,water dispenser,1_2_76,1_2,3,0.2612614337087764
00843-DYehNKdT76V,hovsg,531,water dispenser,0_0_142,0_0,4,0.25271273579385883
00843-DYehNKdT76V,hovsg,531,water dispenser,0_0_128,0_0,5,0.25261942430636963
00843-DYehNKdT76V,hovsg,532,water heater,0_0_57,0_0,1,0.2926172529301624
00843-DYehNKdT76V,hovsg,532,water heater,0_0_25,0_0,2,0.27778118457138534
00843-DYehNKdT76V,hovsg,532,water heater,0_0_62,0_0,3,0.2773172309443937
00843-DYehNKdT76V,hovsg,532,water heater,1_3_44,1_3,4,0.27708638583017525
00843-DYehNKdT76V,hovsg,532,water heater,1_4_54,1_4,5,0.2745206333516662
00843-DYehNKdT76V,hovsg,533,water meter,1_2_76,1_2,1,0.258884998125281
00843-DYehNKdT76V,hovsg,533,water meter,1_3_25,1_3,2,0.24488436942065464
00843-DYehNKdT76V,hovsg,533,water meter,1_2_21,1_2,3,0.24373311299042674
00843-DYehNKdT76V,hovsg,533,water meter,0_0_139,0_0,4,0.24099293047446943
00843-DYehNKdT76V,hovsg,533,water meter,1_4_37,1_4,5,0.23481519435978285
00843-DYehNKdT76V,hovsg,534,water pump,1_2_76,1_2,1,0.24941176327124062
00843-DYehNKdT76V,hovsg,534,water pump,1_3_25,1_3,2,0.22892607441111879
00843-DYehNKdT76V,hovsg,534,water pump,1_2_21,1_2,3,0.2232206963716845
00843-DYehNKdT76V,hovsg,534,water pump,0_0_139,0_0,4,0.21898325968933255
00843-DYehNKdT76V,hovsg,535,water tank,0_0_57,0_0,1,0.24699814828126065
00843-DYehNKdT76V,hovsg,535,water tank,0_0_69,0_0,2,0.2469005482428841
00843-DYehNKdT76V,hovsg,535,water tank,1_4_8,1_4,3,0.24530156596008207
00843-DYehNKdT76V,hovsg,535,water tank,1_2_76,1_2,4,0.24485700524346804
00843-DYehNKdT76V,hovsg,535,water tank,1_0_19,1_0,5,0.23302751333890642
00843-DYehNKdT76V,hovsg,536,watering can,0_0_57,0_0,1,0.2902229035634164
00843-DYehNKdT76V,hovsg,536,watering can,0_0_25,0_0,2,0.25826597785384375
00843-DYehNKdT76V,hovsg,536,watering can,0_0_69,0_0,3,0.2539144436419
00843-DYehNKdT76V,hovsg,536,watering can,1_4_56,1_4,4,0.2426379140504401
00843-DYehNKdT76V,hovsg,536,watering can,1_4_46,1_4,5,0.24180519738173356
00843-DYehNKdT76V,hovsg,537,weight,0_1_321,0_1,1,0.24981787585486231
00843-DYehNKdT76V,hovsg,537,weight,0_1_41,0_1,2,0.2487990584811755
00843-DYehNKdT76V,hovsg,537,weight,1_2_76,1_2,3,0.24553789750259575
00843-DYehNKdT76V,hovsg,537,weight,1_2_32,1_2,4,0.24525613997345935
00843-DYehNKdT76V,hovsg,537,weight,0_1_171,0_1,5,0.24463890994473209
00843-DYehNKdT76V,hovsg,538,weight bench,0_1_442,0_1,1,0.26619821456484083
00843-DYehNKdT76V,hovsg,538,weight bench,0_0_82,0_0,2,0.22128546480426523
00843-DYehNKdT76V,hovsg,538,weight bench,0_0_43,0_0,3,0.22021452439814138
00843-DYehNKdT76V,hovsg,538,weight bench,0_0_238,0_0,4,0.22008043876887845
00843-DYehNKdT76V,hovsg,538,weight bench,0_0_212,0_0,5,0.21897105021095006
00843-DYehNKdT76V,hovsg,539,weights,0_1_41,0_1,1,0.23356649543572638
00843-DYehNKdT76V,hovsg,539,weights,0_0_139,0_0,2,0.214155704236588
00843-DYehNKdT76V,hovsg,540,wheel,0_0_96,0_0,1,0.2495071544275103
00843-DYehNKdT76V,hovsg,540,wheel,0_0_139,0_0,2,0.21461532556531016
00843-DYehNKdT76V,hovsg,540,wheel,1_4_35,1_4,3,0.20276139021746853
00843-DYehNKdT76V,hovsg,541,wheelbarrow,1_2_76,1_2,1,0.2415253333713771
00843-DYehNKdT76V,hovsg,541,wheelbarrow,0_1_445,0_1,2,0.2375060894742754
00843-DYehNKdT76V,hovsg,541,wheelbarrow,1_4_11,1_4,3,0.23750412663429443
00843-DYehNKdT76V,hovsg,541,wheelbarrow,0_1_462,0_1,4,0.23459535167098816
00843-DYehNKdT76V,hovsg,541,wheelbarrow,1_2_21,1_2,5,0.23023097715600782
00843-DYehNKdT76V,hovsg,542,window shade,1_0_28,1_0,1,0.2972362308283705
00843-DYehNKdT76V,hovsg,542,window shade,1_1_52,1_1,2,0.29707280741073205
00843-DYehNKdT76V,hovsg,542,window shade,1_1_53,1_1,3,0.2962521622560924
00843-DYehNKdT76V,hovsg,542,window shade,1_0_43,1_0,4,0.2955770762140302
00843-DYehNKdT76V,hovsg,542,window shade,1_1_49,1_1,5,0.295255164979177
00843-DYehNKdT76V,hovsg,543,wine,0_0_56,0_0,1,0.2228513132093522
00843-DYehNKdT76V,hovsg,543,wine,0_0_138,0_0,2,0.2214579977323524
00843-DYehNKdT76V,hovsg,543,wine,0_1_540,0_1,3,0.21671168808419064
00843-DYehNKdT76V,hovsg,544,wine storage,0_0_127,0_0,1,0.22273500344886446
00843-DYehNKdT76V,hovsg,544,wine storage,0_0_231,0_0,2,0.22236228450402662
00843-DYehNKdT76V,hovsg,544,wine storage,1_4_10,1_4,3,0.22184408507066206
00843-DYehNKdT76V,hovsg,544,wine storage,0_0_86,0_0,4,0.22180842956500618
00843-DYehNKdT76V,hovsg,544,wine storage,0_0_137,0_0,5,0.22178485117517885
00843-DYehNKdT76V,hovsg,545,wood,0_1_63,0_1,1,0.2893339455439973
00843-DYehNKdT76V,hovsg,545,wood,0_1_230,0_1,2,0.2872839097127142
00843-DYehNKdT76V,hovsg,545,wood,0_0_14,0_0,3,0.2833433390802721
00843-DYehNKdT76V,hovsg,545,wood,0_0_242,0_0,4,0.2832152612063671
00843-DYehNKdT76V,hovsg,545,wood,0_0_251,0_0,5,0.2829374246247401
00843-DYehNKdT76V,hovsg,546,wrench,0_1_58,0_1,1,0.2746558736579202
00843-DYehNKdT76V,hovsg,546,wrench,0_0_20,0_0,2,0.26570110429614
00843-DYehNKdT76V,hovsg,546,wrench,1_2_74,1_2,3,0.2591394628257136
00843-DYehNKdT76V,hovsg,546,wrench,1_4_52,1_4,4,0.2588558124373687
00843-DYehNKdT76V,hovsg,546,wrench,1_2_32,1_2,5,0.258499409704001
