scene_id,method,class_id,class_label,object_id,predicted_room_id,rank,score,p_det,p_view,p_mem,p_sem_q
00843-DYehNKdT76V,belief,0,acoustic panel,1_2_95,1_2,1,0.9371373386682805,0.9798338133806758,0.9589820517642818,0.999668515357013,0.997664057162676
00843-DYehNKdT76V,belief,0,acoustic panel,1_0_39,1_0,2,0.8948302365768352,0.9903385810228803,0.9082186155831089,0.9994314494366294,0.9954364550972077
00843-DYehNKdT76V,belief,0,acoustic panel,1_0_31,1_0,3,0.8530363605610647,0.9696683581227467,0.8864361141637016,0.9992149519331708,0.9932028426467518
00843-DYehNKdT76V,belief,0,acoustic panel,1_2_92,1_2,4,0.8312006282180718,0.9818444412093504,0.9201603475280067,0.9976606564277354,0.9221823737948859
00843-DYehNKdT76V,belief,0,acoustic panel,1_1_17,1_1,5,0.6180633092471143,0.9975857644270426,0.9349266191618453,0.9967011627755186,0.6648753465141
00843-DYehNKdT76V,belief,1,air conditioner,0_1_2,0_1,1,0.280016336290567,0.9181237688729937,0.9196687404889972,0.997509841185681,0.3324555015488831
00843-DYehNKdT76V,belief,1,air conditioner,0_0_101,0_0,2,0.2722803151401032,0.9752812408203979,0.925048427674542,0.9902461044195359,0.30477459434975857
00843-DYehNKdT76V,belief,1,air conditioner,1_2_93,1_2,3,0.13763765188692204,0.988826739616119,0.9444068124131855,0.9993898754206286,0.14747655916201813
00843-DYehNKdT76V,belief,1,air conditioner,0_1_512,0_1,4,0.1229479607783635,0.9662180727077704,0.9182542870213677,0.9963539364059875,0.13908156465865312
00843-DYehNKdT76V,belief,1,air conditioner,1_3_100,1_3,5,0.10309825560271416,0.9729776792072676,0.9252712682718263,0.9970007787074296,0.11486398142068993
00843-DYehNKdT76V,belief,2,air freshener,0_0_25,0_0,1,0.005732765044689148,0.976284574870167,0.9384715163509781,0.9897532177130224,0.006321784640658024
00843-DYehNKdT76V,belief,2,air freshener,1_2_76,1_2,2,0.003941590569653319,0.942806341534569,0.9408458021327656,0.9921317006662198,0.004478795541413721
00843-DYehNKdT76V,belief,2,air freshener,0_0_138,0_0,3,0.0031158616926785167,0.9629630498312137,0.9064093631906223,0.927548297970935,0.003848643045387652
00843-DYehNKdT76V,belief,2,air freshener,0_0_101,0_0,4,0.002645918546990882,0.9752812408203979,0.925048427674542,0.9902461044195359,0.0029616858325828914
00843-DYehNKdT76V,belief,2,air freshener,1_2_77,1_2,5,0.0022312131728823717,0.9046247520577104,0.9425694513864845,0.9827509224583227,0.002662660393921052
00843-DYehNKdT76V,belief,3,air hockey,0_1_462,0_1,1,0.001431897074937707,0.9418686537947638,0.8993247118650758,0.9753604323971826,0.0017331645511827955
00843-DYehNKdT76V,belief,3,air hockey,1_0_48,1_0,2,0.0012606975260541508,0.9812915258937414,0.946765474941883,0.9922180436923738,0.0013676133112630862
00843-DYehNKdT76V,belief,3,air hockey,1_0_60,1_0,3,0.0006878926627359441,0.9772412829792712,0.9570026725374263,0.9890292445386574,0.0007436979561583089
00843-DYehNKdT76V,belief,3,air hockey,1_1_3,1_1,4,0.0006814044678656382,0.9482779715530216,0.9575854652740334,0.9084999183286149,0.0008259749507130107
00843-DYehNKdT76V,belief,3,air hockey,1_5_62,1_5,5,0.0006734768468109468,0.9268858283758163,0.8904872291270499,0.9721784008147654,0.0008393107089208761
00843-DYehNKdT76V,belief,4,air purifier,0_0_101,0_0,1,0.05961338258118377,0.9752812408203979,0.925048427674542,0.9902461044195359,0.06672771949984146
00843-DYehNKdT76V,belief,4,air purifier,1_2_93,1_2,2,0.042450371779165566,0.988826739616119,0.9444068124131855,0.9993898754206286,0.04548489951196722
00843-DYehNKdT76V,belief,4,air purifier,1_3_101,1_3,3,0.037455252233989884,0.809591431836575,0.8896239353361539,0.9985245636027801,0.052081275379457476
00843-DYehNKdT76V,belief,4,air purifier,1_3_100,1_3,4,0.03268342448340515,0.9729776792072676,0.9252712682718263,0.9970007787074296,0.03641330535303005
00843-DYehNKdT76V,belief,4,air purifier,1_3_99,1_3,5,0.029267130874153082,0.9909460990313899,0.922529819442967,0.9982632532267373,0.03207041792988486
00843-DYehNKdT76V,belief,5,aisle frame,1_3_102,1_3,1,0.04979625667935656,0.9935047898156092,0.9460210638234123,0.9724061042390233,0.054485162288505466
00843-DYehNKdT76V,belief,5,aisle frame,0_1_338,0_1,2,0.038831416279922974,0.9090179512898127,0.9252080694707244,0.9943072831290704,0.046435565454209654
00843-DYehNKdT76V,belief,5,aisle frame,0_1_429,0_1,3,0.03856673017038661,0.9939725392920908,0.949394733205156,0.9939954447027457,0.04111565572311368
00843-DYehNKdT76V,belief,5,aisle frame,0_1_156,0_1,4,0.03473868578710241,0.9458406268761901,0.8865747907319168,0.9927404770196455,0.04172960867661512
00843-DYehNKdT76V,belief,5,aisle frame,0_1_160,0_1,5,0.03322973904563801,0.9642698976489291,0.94104647935935,0.9929094676742963,0.03688141673790249
00843-DYehNKdT76V,belief,6,alarm,1_0_45,1_0,1,0.030242225272688876,0.9369813383206772,0.9705055843518378,0.9977215173508981,0.03333307854535503
00843-DYehNKdT76V,belief,6,alarm,0_0_9,0_0,2,0.020491175085391406,0.9793394401351101,0.8961672422804065,0.9761343014830198,0.023918557264520794
00843-DYehNKdT76V,belief,6,alarm,0_1_437,0_1,3,0.010884861266880642,0.9365946414869558,0.9212210645261654,0.9921499608818489,0.012715400676924104
00843-DYehNKdT76V,belief,6,alarm,1_3_81,1_3,4,0.006499360944499852,0.9834038334840547,0.9578503178370077,0.9809958302355481,0.007033539817020598
00843-DYehNKdT76V,belief,6,alarm,0_1_282,0_1,5,0.0058007737442526235,0.9214817996535982,0.9073939634938382,0.9908472674642633,0.007001588179684757
00843-DYehNKdT76V,belief,7,album,1_4_21,1_4,1,0.3306446479625982,0.9592674046385613,0.9515605394444202,0.9845095373753713,0.36793021830152606
00843-DYehNKdT76V,belief,7,album,1_1_16,1_1,2,0.2782438265290308,0.9912880582584278,0.9306191644566442,0.9878501940990846,0.305325151716141
00843-DYehNKdT76V,belief,7,album,1_3_92,1_3,3,0.2710583517012146,0.9539646483921005,0.9109889261068271,0.9737320247632445,0.32031550441864654
00843-DYehNKdT76V,belief,7,album,1_1_39,1_1,4,0.2451691306926326,0.9890936813490285,0.9279079739105651,0.9414873534746949,0.2837324199416556
00843-DYehNKdT76V,belief,7,album,0_1_74,0_1,5,0.22636690525039954,0.9847229278101648,0.9416392344380325,0.9878273829481142,0.24713444308658664
00843-DYehNKdT76V,belief,8,amplifier,0_1_50,0_1,1,0.03696387151617074,0.8995654442986935,0.9391863317821885,0.9979349621854272,0.04384203314444923
00843-DYehNKdT76V,belief,8,amplifier,0_1_94,0_1,2,0.021658351848199517,0.9754185072358882,0.9304325087145628,0.998468580443847,0.023900948391360064
00843-DYehNKdT76V,belief,8,amplifier,1_0_65,1_0,3,0.012406465923213393,0.966756631227959,0.9995144043451561,0.9980120430497111,0.01286489032331767
00843-DYehNKdT76V,belief,8,amplifier,0_1_466,0_1,4,0.011532552519127468,0.9503941876819575,0.892817000484917,0.9959408764333356,0.013646637665849564
00843-DYehNKdT76V,belief,8,amplifier,1_3_26,1_3,5,0.00908248615841365,0.9036156361452257,0.9458904509131587,0.9783937814836982,0.0108609166918297
00843-DYehNKdT76V,belief,9,appliance,0_0_142,0_0,1,0.7405370417334352,0.9700545578210277,0.9258395550042824,0.9976914336914685,0.8264539345885444
00843-DYehNKdT76V,belief,9,appliance,0_0_86,0_0,2,0.7281311984146882,0.9155708958482027,0.9355162482765199,0.9983119421727547,0.8515302091279169
00843-DYehNKdT76V,belief,9,appliance,0_0_144,0_0,3,0.7095121063669438,0.9737235929650766,0.8996712706440089,0.9974611825807562,0.8119779979419647
00843-DYehNKdT76V,belief,9,appliance,0_0_137,0_0,4,0.6822024067747805,0.9661058448890989,0.9250988689991797,0.9974792288961557,0.765237997898293
00843-DYehNKdT76V,belief,9,appliance,0_0_135,0_0,5,0.6172393152399148,0.9495595099866796,0.9119729705539621,0.996555473117176,0.715233664819719
00843-DYehNKdT76V,belief,10,apron,0_1_540,0_1,1,0.01435496403817364,0.9827531129271098,0.9459855066032241,0.9815486973495555,0.015731181689339523
00843-DYehNKdT76V,belief,10,apron,1_3_50,1_3,2,0.005745458329653135,0.980957429950183,0.9405407460941836,0.9633131036565776,0.006464418069010335
00843-DYehNKdT76V,belief,10,apron,0_0_138,0_0,3,0.0029027198759881113,0.9629630498312137,0.9064093631906223,0.927548297970935,0.003585375015097883
00843-DYehNKdT76V,belief,10,apron,1_3_92,1_3,4,0.002881743719793584,0.9539646483921005,0.9109889261068271,0.9737320247632445,0.0034054187499392677
00843-DYehNKdT76V,belief,10,apron,0_1_462,0_1,5,0.0026494470340661263,0.9418686537947638,0.8993247118650758,0.9753604323971826,0.0032068839025176255
00843-DYehNKdT76V,belief,11,aquarium,0_0_9,0_0,1,0.005138010111711311,0.9793394401351101,0.8961672422804065,0.9761343014830198,0.005997400762549117
00843-DYehNKdT76V,belief,11,aquarium,1_5_2,1_5,2,0.004344553918521972,0.9772781643307129,0.9378769255774422,0.7474623370007657,0.00634149757404879
00843-DYehNKdT76V,belief,11,aquarium,0_0_13,0_0,3,0.002884666879589754,0.9854814735044656,0.9272242679806945,0.7817140141438867,0.004038448197394395
00843-DYehNKdT76V,belief,11,aquarium,1_5_6,1_5,4,0.0021625754751436474,0.9588170032024875,0.9146328304411353,0.9575547673228872,0.002575284046929624
00843-DYehNKdT76V,belief,11,aquarium,1_5_10,1_5,5,0.0016000757645906003,0.928054757403589,0.9104117758509587,0.9528538039236715,0.001987480184141597
00843-DYehNKdT76V,belief,12,arcade game,0_0_9,0_0,1,0.0009461680675726117,0.9793394401351101,0.8961672422804065,0.9761343014830198,0.0011044254422593167
00843-DYehNKdT76V,belief,12,arcade game,1_3_5,1_3,2,0.0006735946468080336,0.9941880900961954,0.9482786310057183,0.9917169146333522,0.0007204542145307631
00843-DYehNKdT76V,belief,12,arcade game,1_1_0,1_1,3,0.00044233840089130536,0.9772415238662819,0.9484882210408009,0.9782987840388347,0.00048780840130087686
00843-DYehNKdT76V,belief,12,arcade game,0_1_342,0_1,4,0.00031637179436207685,0.9546106727032884,0.928778995754004,0.9943175272880346,0.0003588673864713873
00843-DYehNKdT76V,belief,12,arcade game,1_3_110,1_3,5,0.00031383104551775356,0.9626770556784,0.9336481703550205,0.9940737945026418,0.00035124763355287293
00843-DYehNKdT76V,belief,13,artwork,0_1_133,0_1,1,0.8110253389919181,0.972592287604105,0.9315818836832752,0.9906691708728634,0.9035535972755051
00843-DYehNKdT76V,belief,13,artwork,0_1_314,0_1,2,0.8020270610447257,0.9507406623192666,0.9616394406799293,0.9914910519363,0.8847608292524114
00843-DYehNKdT76V,belief,13,artwork,0_1_155,0_1,3,0.787801039595545,0.9709307423742529,0.9321686911249105,0.9910408604153347,0.8782986686434816
00843-DYehNKdT76V,belief,13,artwork,0_1_38,0_1,4,0.5842540036482431,0.9780961770131376,0.9146311561775149,0.9988822086519644,0.6538225071477732
00843-DYehNKdT76V,belief,13,artwork,0_1_137,0_1,5,0.5759003893402629,0.9890062803855367,0.9246946079575571,0.9985958192509793,0.6306091296877274
00843-DYehNKdT76V,belief,14,ashtray,1_3_33,1_3,1,0.03133755730643016,0.8445491488228882,0.9699769634310842,0.9918222223796742,0.03856958427651515
00843-DYehNKdT76V,belief,14,ashtray,0_1_128,0_1,2,0.018132249808926915,0.9519296470004605,0.9141135570616024,0.9535277492001387,0.021853115182035417
00843-DYehNKdT76V,belief,14,ashtray,0_1_22,0_1,3,0.0179487308314831,0.8418675887102173,0.9163745015099163,0.7140467709146733,0.032582942282387166
00843-DYehNKdT76V,belief,14,ashtray,0_0_139,0_0,4,0.016139109139560945,0.9773783838738362,0.9126945040022725,0.9537391599400015,0.018969757474583265
00843-DYehNKdT76V,belief,14,ashtray,0_1_445,0_1,5,0.014190931255333326,0.9930919171076771,0.9291705261612009,0.9572407295700266,0.01606589242706043
00843-DYehNKdT76V,belief,15,audio player,1_0_45,1_0,1,0.003915121790323054,0.9369813383206772,0.9705055843518378,0.9977215173508981,0.0043152599048101115
00843-DYehNKdT76V,belief,15,audio player,0_0_9,0_0,2,0.0004265774441799027,0.9793394401351101,0.8961672422804065,0.9761343014830198,0.0004979273752652645
00843-DYehNKdT76V,belief,15,audio player,1_3_50,1_3,3,0.00020327705099528698,0.980957429950183,0.9405407460941836,0.9633131036565776,0.00022871418885539137
00843-DYehNKdT76V,belief,15,audio player,1_3_5,1_3,4,0.0001630497762787625,0.9941880900961954,0.9482786310057183,0.9917169146333522,0.00017439256540263153
00843-DYehNKdT76V,belief,15,audio player,0_1_50,0_1,5,0.00015361202009916012,0.8995654442986935,0.9391863317821885,0.9979349621854272,0.00018219583069449145
00843-DYehNKdT76V,belief,16,axe,1_0_0,1_0,1,0.20660531122876535,0.9731814399200166,0.9424823283184968,0.9704518152954759,0.23211353806848095
00843-DYehNKdT76V,belief,16,axe,0_1_537,0_1,2,0.16450077668710514,0.9634957363870408,0.8672976653774502,0.9720940109550654,0.202507779116075
00843-DYehNKdT76V,belief,16,axe,1_3_53,1_3,3,0.15127048151621145,0.9775218795349699,0.8767534721332256,0.9700885239289002,0.18194446197928132
00843-DYehNKdT76V,belief,16,axe,0_0_169,0_0,4,0.13656739616387809,0.9726494334985593,0.9150804559837692,0.8619427470636499,0.17801352143270927
00843-DYehNKdT76V,belief,16,axe,0_1_538,0_1,5,0.12450817458168612,0.9488056830885157,0.899464232918175,0.9606450546592958,0.1518706105480099
00843-DYehNKdT76V,belief,17,baby changing table,1_2_28,1_2,1,0.005356194055561615,0.9901242183473549,0.9627820139291559,0.9999541479516311,0.005618993956626602
00843-DYehNKdT76V,belief,17,baby changing table,1_2_81,1_2,2,0.0031801860201081354,0.9480490093323636,0.929535509292132,0.9999246622185626,0.0036090131994420097
00843-DYehNKdT76V,belief,17,baby changing table,1_2_24,1_2,3,0.003047642066714335,0.9692849597997135,0.8951511843821119,0.9999703853928443,0.0035126020999265194
00843-DYehNKdT76V,belief,17,baby changing table,1_2_14,1_2,4,0.0028023036070946804,0.9769144095480441,0.9371285332805099,0.9999735294982343,0.0030610540994332153
00843-DYehNKdT76V,belief,17,baby changing table,0_1_440,0_1,5,0.0017445917696290762,0.9700531617744066,0.9187801812437852,0.9848361199155515,0.001987571207239738
00843-DYehNKdT76V,belief,18,backrest,0_1_389,0_1,1,0.3152023158808993,0.9412041423576218,0.8917210667427415,0.9826210643037733,0.3821998155489796
00843-DYehNKdT76V,belief,18,backrest,0_1_111,0_1,2,0.2978573207565788,0.9763311403079987,0.941961591476373,0.9798860009684548,0.33052353521512623
00843-DYehNKdT76V,belief,18,backrest,0_1_442,0_1,3,0.22425084751546995,0.9719297564814138,0.9171112632911522,0.9984427750168912,0.25197300107548204
00843-DYehNKdT76V,belief,18,backrest,0_1_56,0_1,4,0.1384581128079374,0.8385964654611819,0.9403718582972378,0.9916891060149298,0.1770476692962707
00843-DYehNKdT76V,belief,18,backrest,1_0_2,1_0,5,0.12103586101976777,0.9744487553834915,0.9188136322037853,0.999579695244673,0.13524156977994517
00843-DYehNKdT76V,belief,19,backsplash,0_0_72,0_0,1,0.016348676235132368,0.9762911758249014,0.9197302681388351,0.9988060468322373,0.018228947203584138
00843-DYehNKdT76V,belief,19,backsplash,0_0_29,0_0,2,0.014931545336092422,0.9674004466411367,0.925397420931794,0.9986294226321363,0.016701898164111162
00843-DYehNKdT76V,belief,19,backsplash,0_0_106,0_0,3,0.0112834468123618,0.8734825157789274,0.9299932645869673,0.998496975436384,0.01391108527685384
00843-DYehNKdT76V,belief,19,backsplash,0_0_15,0_0,4,0.011177415736364257,0.9200841642916203,0.9017659689373942,0.9987036649770697,0.013489112075731256
00843-DYehNKdT76V,belief,19,backsplash,0_0_128,0_0,5,0.011091808862290954,0.8647045161989,0.9183245876455937,0.9986867217610517,0.013986503607966614
00843-DYehNKdT76V,belief,20,bag,0_0_138,0_0,1,0.3133210196692221,0.9629630498312137,0.9064093631906223,0.927548297970935,0.3870071531599704
00843-DYehNKdT76V,belief,20,bag,0_0_25,0_0,2,0.1544757809706172,0.976284574870167,0.9384715163509781,0.9897532177130224,0.17034757431728195
00843-DYehNKdT76V,belief,20,bag,0_0_139,0_0,3,0.12908308376135227,0.9773783838738362,0.9126945040022725,0.9537391599400015,0.1517230456681071
00843-DYehNKdT76V,belief,20,bag,1_3_50,1_3,4,0.11801479292150889,0.980957429950183,0.9405407460941836,0.9633131036565776,0.1327826112383227
00843-DYehNKdT76V,belief,20,bag,1_4_36,1_4,5,0.06804819179788853,0.9812424194111476,0.9324439268650434,0.9814712599410965,0.07577744592566275
00843-DYehNKdT76V,belief,21,ball,0_0_96,0_0,1,0.06568585135899893,0.9637162017306503,0.9270797046271217,0.9624881514546729,0.07638537363394851
00843-DYehNKdT76V,belief,21,ball,0_1_320,0_1,2,0.013126301995807551,0.875539102836659,0.919038387096194,0.880281086393772,0.01853155326651916
00843-DYehNKdT76V,belief,21,ball,1_3_78,1_3,3,0.012332067444191021,0.9914629704982698,0.9538801574170834,0.8623652928701938,0.015120783962113549
00843-DYehNKdT76V,belief,21,ball,0_0_139,0_0,4,0.009002228207950274,0.9773783838738362,0.9126945040022725,0.9537391599400015,0.010581134581776225
00843-DYehNKdT76V,belief,21,ball,0_1_269,0_1,5,0.008757881540726037,0.9845555018127125,0.9482951981227734,0.9741311597880281,0.009629370042422942
00843-DYehNKdT76V,belief,22,ball pool,0_0_9,0_0,1,2.6444295460355935e-05,0.9793394401351101,0.8961672422804065,0.9761343014830198,3.086740475607766e-05
00843-DYehNKdT76V,belief,22,ball pool,1_2_34,1_2,2,2.240894334135243e-05,0.933191122530269,0.9560009706227346,0.9838769867285772,2.5530048760243945e-05
00843-DYehNKdT76V,belief,22,ball pool,1_1_3,1_1,3,1.4665909360620885e-05,0.9482779715530216,0.9575854652740334,0.9084999183286149,1.77775085614627e-05
00843-DYehNKdT76V,belief,22,ball pool,1_2_64,1_2,4,1.2894446919634439e-05,0.7319434993702267,0.9507857821350567,0.9745847231271911,1.9011784483960907e-05
00843-DYehNKdT76V,belief,22,ball pool,0_0_96,0_0,5,1.1228899355047869e-05,0.9637162017306503,0.9270797046271217,0.9624881514546729,1.3057966898313289e-05
00843-DYehNKdT76V,belief,23,bar,0_0_249,0_0,1,0.10297825636790191,0.9871110901108423,0.9355290027828591,0.9932174865073262,0.11227366246538298
00843-DYehNKdT76V,belief,23,bar,0_0_236,0_0,2,0.07291300501254916,0.9626843109351246,0.9342692401780194,0.9971659878488995,0.08129832468454742
00843-DYehNKdT76V,belief,23,bar,0_0_123,0_0,3,0.051857499198614036,0.9660400190361402,0.9710295474738031,0.9979791327449484,0.055393976921415095
00843-DYehNKdT76V,belief,23,bar,0_0_239,0_0,4,0.044736604782127556,0.9830738773851685,0.9682546637919494,0.9935900480087986,0.047302057802767264
00843-DYehNKdT76V,belief,23,bar,0_0_216,0_0,5,0.04167088454333179,0.9370253599035429,0.9183297121669561,0.9961723880482038,0.04861253162000674
00843-DYehNKdT76V,belief,24,barbecue,1_3_50,1_3,1,0.0008171166357443871,0.980957429950183,0.9405407460941836,0.9633131036565776,0.0009193667835571699
00843-DYehNKdT76V,belief,24,barbecue,0_1_540,0_1,2,0.0006842113210606037,0.9827531129271098,0.9459855066032241,0.9815486973495555,0.000749807005916874
00843-DYehNKdT76V,belief,24,barbecue,0_1_22,0_1,3,0.00047127231081496904,0.8418675887102173,0.9163745015099163,0.7140467709146733,0.0008555166739498396
00843-DYehNKdT76V,belief,24,barbecue,0_1_466,0_1,4,0.0003460603078512614,0.9503941876819575,0.892817000484917,0.9959408764333356,0.0004094982116011053
00843-DYehNKdT76V,belief,24,barbecue,1_3_11,1_3,5,0.00026886925667443407,0.9339616149663925,0.954779716459494,0.9751058091412136,0.00030921260612758883
00843-DYehNKdT76V,belief,25,barrel,0_0_69,0_0,1,0.2912001565241647,0.9899780835122496,0.93172948299191,0.9937335088752389,0.31769197984384184
00843-DYehNKdT76V,belief,25,barrel,0_0_139,0_0,2,0.2423128999297317,0.9773783838738362,0.9126945040022725,0.9537391599400015,0.2848123093338858
00843-DYehNKdT76V,belief,25,barrel,1_3_50,1_3,3,0.1172050140070378,0.980957429950183,0.9405407460941836,0.9633131036565776,0.13187150038410358
00843-DYehNKdT76V,belief,25,barrel,1_3_26,1_3,4,0.11368499825547221,0.9036156361452257,0.9458904509131587,0.9783937814836982,0.135945519060295
00843-DYehNKdT76V,belief,25,barrel,1_3_52,1_3,5,0.08803092382946094,0.9748788397992171,0.9318979332745038,0.9819365536129354,0.09868084044511498
00843-DYehNKdT76V,belief,26,base,1_3_90,1_3,1,0.2610597021113311,0.9919541122582689,0.9028651395659981,0.9685122018860778,0.30096796687612254
00843-DYehNKdT76V,belief,26,base,0_1_196,0_1,2,0.19355121655188587,0.9615494154194681,0.9192533585123623,0.956324672593097,0.2289727032865954
00843-DYehNKdT76V,belief,26,base,1_3_92,1_3,3,0.1696437216480894,0.9539646483921005,0.9109889261068271,0.9737320247632445,0.20047164726753086
00843-DYehNKdT76V,belief,26,base,1_3_75,1_3,4,0.16584378936210212,0.9921967685222626,0.951817460848409,0.9078572203348356,0.19343282949833648
00843-DYehNKdT76V,belief,26,base,0_1_420,0_1,5,0.13023094780990302,0.9825936513287681,0.9419819677385479,0.9792284799116551,0.14368572455770878
00843-DYehNKdT76V,belief,27,baseball bat,1_2_59,1_2,1,0.018632042573903978,0.9084493176932975,0.9559975913560569,0.9747058535757641,0.022010473860766995
00843-DYehNKdT76V,belief,27,baseball bat,1_3_34,1_3,2,0.01444769694207276,0.9464904014889458,0.9437432982255185,0.990731601426993,0.016325726349016002
00843-DYehNKdT76V,belief,27,baseball bat,0_0_158,0_0,3,0.008997714354954186,0.9555943471751649,0.9051300085729693,0.9291288625887723,0.011196227508607116
00843-DYehNKdT76V,belief,27,baseball bat,0_0_162,0_0,4,0.007533487189438265,0.9713920957016597,0.9408961021118001,0.9926710481005263,0.00830337140095245
00843-DYehNKdT76V,belief,27,baseball bat,1_4_39,1_4,5,0.006044465644495295,0.9456210992893489,0.9202724341958586,0.9748331021011885,0.0071251510929290045
00843-DYehNKdT76V,belief,28,basket,0_0_139,0_0,1,0.05505617059519164,0.9773783838738362,0.9126945040022725,0.9537391599400015,0.06471250641152058
00843-DYehNKdT76V,belief,28,basket,1_3_41,1_3,2,0.018095410727949637,0.9966604680587084,0.9056167389469361,0.9906336886465524,0.020237817645567306
00843-DYehNKdT76V,belief,28,basket,1_1_3,1_1,3,0.010918221513992098,0.9482779715530216,0.9575854652740334,0.9084999183286149,0.01323469085129567
00843-DYehNKdT76V,belief,28,basket,0_1_22,0_1,4,0.010426361633665405,0.8418675887102173,0.9163745015099163,0.7140467709146733,0.01892732932008345
00843-DYehNKdT76V,belief,28,basket,1_3_50,1_3,5,0.007907038425984685,0.980957429950183,0.9405407460941836,0.9633131036565776,0.008896488172142104
00843-DYehNKdT76V,belief,29,basketball hoop,1_3_20,1_3,1,0.0007073284497000047,0.9756434864803123,0.9541488149682187,0.9904755037166606,0.0007671320411472675
00843-DYehNKdT76V,belief,29,basketball hoop,1_3_102,1_3,2,0.0005087267486580314,0.9935047898156092,0.9460210638234123,0.9724061042390233,0.0005566293795860226
00843-DYehNKdT76V,belief,29,basketball hoop,1_1_0,1_1,3,0.00023676701877487486,0.9772415238662819,0.9484882210408009,0.9782987840388347,0.0002611053905259452
00843-DYehNKdT76V,belief,29,basketball hoop,0_0_150,0_0,4,0.00020064457160742633,0.965007754848284,0.8903604479595748,0.9904448074336956,0.00023577647602723815
00843-DYehNKdT76V,belief,29,basketball hoop,1_3_41,1_3,5,0.0001897229937096732,0.9966604680587084,0.9056167389469361,0.9906336886465524,0.00021218525556521235
00843-DYehNKdT76V,belief,30,basketballs,1_1_3,1_1,1,4.1260516827388064e-05,0.9482779715530216,0.9575854652740334,0.9084999183286149,5.001457278324634e-05
00843-DYehNKdT76V,belief,30,basketballs,1_2_78,1_2,2,1.265203734252201e-05,0.9142822769843229,0.9065892905610848,0.9675695872612967,1.5775653917433088e-05
00843-DYehNKdT76V,belief,30,basketballs,1_3_81,1_3,3,1.0772569361633323e-05,0.9834038334840547,0.9578503178370077,0.9809958302355481,1.1657960864719271e-05
00843-DYehNKdT76V,belief,30,basketballs,1_3_50,1_3,4,9.63746056803666e-06,0.980957429950183,0.9405407460941836,0.9633131036565776,1.0843447234461451e-05
00843-DYehNKdT76V,belief,30,basketballs,1_1_0,1_1,5,9.024409423642108e-06,0.9772415238662819,0.9484882210408009,0.9782987840388347,9.952070009660232e-06
00843-DYehNKdT76V,belief,31,bathroom accessory,1_4_8,1_4,1,0.10004914590551948,0.9743140197935558,0.9235141748461707,0.9956632109589073,0.11167562903652332
00843-DYehNKdT76V,belief,31,bathroom accessory,1_4_48,1_4,2,0.020029092371406258,0.9806030835892515,0.9241325066878794,0.9962301687697346,0.022185748148607836
00843-DYehNKdT76V,belief,31,bathroom accessory,1_4_62,1_4,3,0.015383308210090017,0.9760945489009222,0.9358768505907694,0.9966583061405601,0.01689634849755828
00843-DYehNKdT76V,belief,31,bathroom accessory,0_1_282,0_1,4,0.012599026632949786,0.9214817996535982,0.9073939634938382,0.9908472674642633,0.015207143018842243
00843-DYehNKdT76V,belief,31,bathroom accessory,1_4_52,1_4,5,0.011957404026769812,0.9532633240056497,0.9239660081377165,0.9872553789832017,0.013751134081440283
00843-DYehNKdT76V,belief,32,bathtub,1_4_8,1_4,1,0.13994382205239508,0.9743140197935558,0.9235141748461707,0.9956632109589073,0.15620637453751943
00843-DYehNKdT76V,belief,32,bathtub,1_4_48,1_4,2,0.06414275903379983,0.9806030835892515,0.9241325066878794,0.9962301687697346,0.07104940508998259
00843-DYehNKdT76V,belief,32,bathtub,1_3_33,1_3,3,0.034198850722895344,0.8445491488228882,0.9699769634310842,0.9918222223796742,0.04209120201101379
00843-DYehNKdT76V,belief,32,bathtub,0_1_250,0_1,4,0.019679385663142458,0.9779019176923903,0.9278324438406433,0.9921406601876565,0.021861171741150855
00843-DYehNKdT76V,belief,32,bathtub,0_1_291,0_1,5,0.01644659171656723,0.9787870970307564,0.8756217464505254,0.9958191876573609,0.019270396325032153
00843-DYehNKdT76V,belief,33,bed,1_0_13,1_0,1,0.7827487115619198,0.9580844380167934,0.9139507746019797,0.9995370765626249,0.8943280694080646
00843-DYehNKdT76V,belief,33,bed,1_0_67,1_0,2,0.7740439514925184,0.9578035984715424,0.9343648120560688,0.9991452751753127,0.8656534083714793
00843-DYehNKdT76V,belief,33,bed,1_0_61,1_0,3,0.7222637201354324,0.8421448638419742,0.997653871304122,0.9993598052063112,0.8602154255802988
00843-DYehNKdT76V,belief,33,bed,1_0_54,1_0,4,0.47916854957970834,0.8523885310397428,0.9543111517504067,0.9929314606607573,0.5932550412473849
00843-DYehNKdT76V,belief,33,bed,1_1_57,1_1,5,0.2668544192836473,0.9780073761940002,0.8944596422172135,0.9930720236147973,0.30717846914861174
00843-DYehNKdT76V,belief,34,bed ladder,0_1_488,0_1,1,0.03674440402121862,0.9835072395284021,0.9189578532621974,0.9917984117453776,0.0409915787080136
00843-DYehNKdT76V,belief,34,bed ladder,0_1_509,0_1,2,0.03466273065290061,0.9912501490937016,0.938586374446736,0.9775860886164809,0.038110991609503424
00843-DYehNKdT76V,belief,34,bed ladder,0_1_487,0_1,3,0.02760860203757161,0.9705244808134614,0.9155564614982923,0.9719357069841142,0.03196798424523014
00843-DYehNKdT76V,belief,34,bed ladder,0_1_464,0_1,4,0.019744925741449874,0.973093248881956,0.9953901265582192,0.9813790665395639,0.020771646675953687
00843-DYehNKdT76V,belief,34,bed ladder,0_1_507,0_1,5,0.016850949371853618,0.9547678197729613,0.9213834076652461,0.9890245934546201,0.019367747867045586
00843-DYehNKdT76V,belief,35,beer crate,1_3_50,1_3,1,0.0012401938976129858,0.980957429950183,0.9405407460941836,0.9633131036565776,0.0013953859519662986
00843-DYehNKdT76V,belief,35,beer crate,0_1_50,0_1,2,0.0009028697408503772,0.8995654442986935,0.9391863317821885,0.9979349621854272,0.0010708738960464599
00843-DYehNKdT76V,belief,35,beer crate,0_1_94,0_1,3,0.0006434403555887552,0.9754185072358882,0.9304325087145628,0.998468580443847,0.0007100648673377085
00843-DYehNKdT76V,belief,35,beer crate,1_3_26,1_3,4,0.000520296320890528,0.9036156361452257,0.9458904509131587,0.9783937814836982,0.0006221749086865114
00843-DYehNKdT76V,belief,35,beer crate,1_3_52,1_3,5,0.0004959357372144599,0.9748788397992171,0.9318979332745038,0.9819365536129354,0.0005559336790546353
00843-DYehNKdT76V,belief,36,bell,1_5_44,1_5,1,0.05226533884478665,0.9380447961396179,0.9851352846917336,0.9891027970638175,0.057181150246882875
00843-DYehNKdT76V,belief,36,bell,1_3_85,1_3,2,0.05134106779919838,0.989795633269982,0.9321050890090511,0.9641188856602314,0.057719677283430006
00843-DYehNKdT76V,belief,36,bell,0_1_320,0_1,3,0.050927326364834276,0.875539102836659,0.919038387096194,0.880281086393772,0.07189857901736248
00843-DYehNKdT76V,belief,36,bell,1_3_78,1_3,4,0.049302056271630375,0.9914629704982698,0.9538801574170834,0.8623652928701938,0.06045099454288558
00843-DYehNKdT76V,belief,36,bell,1_1_3,1_1,5,0.04288613151282668,0.9482779715530216,0.9575854652740334,0.9084999183286149,0.051985086733484
00843-DYehNKdT76V,belief,37,belt,1_3_83,1_3,1,0.06928650908249945,0.9896177388621294,0.9425867569886984,0.9793326350815497,0.07584547022456099
00843-DYehNKdT76V,belief,37,belt,1_3_50,1_3,2,0.0659886891842326,0.980957429950183,0.9405407460941836,0.9633131036565776,0.07424620460846916
00843-DYehNKdT76V,belief,37,belt,0_0_138,0_0,3,0.06579345732458487,0.9629630498312137,0.9064093631906223,0.927548297970935,0.08126661480490774
00843-DYehNKdT76V,belief,37,belt,1_2_80,1_2,4,0.0643259299013727,0.9223813414573669,0.9999999999999999,0.7388555937006641,0.09438782927700219
00843-DYehNKdT76V,belief,37,belt,0_1_245,0_1,5,0.04430181468343575,0.9696652947547207,0.9573264602267528,0.9382533228471892,0.05086505167034707
00843-DYehNKdT76V,belief,38,bench,0_1_442,0_1,1,0.5568108677423241,0.9719297564814138,0.9171112632911522,0.9984427750168912,0.6256444821988824
00843-DYehNKdT76V,belief,38,bench,0_1_35,0_1,2,0.07562436923046378,0.8917396237148324,0.9758068521387169,0.9985837020112036,0.0870312785565262
00843-DYehNKdT76V,belief,38,bench,0_1_445,0_1,3,0.048643224642427894,0.9930919171076771,0.9291705261612009,0.9572407295700266,0.05507015715525185
00843-DYehNKdT76V,belief,38,bench,0_0_249,0_0,4,0.04483808162788382,0.9871110901108423,0.9355290027828591,0.9932174865073262,0.04888542319360388
00843-DYehNKdT76V,belief,38,bench,0_1_420,0_1,5,0.02856290756219184,0.9825936513287681,0.9419819677385479,0.9792284799116551,0.03151387698213705
00843-DYehNKdT76V,belief,39,beverage dispenser,0_0_25,0_0,1,0.00515928838088445,0.976284574870167,0.9384715163509781,0.9897532177130224,0.005689385451653247
00843-DYehNKdT76V,belief,39,beverage dispenser,0_0_57,0_0,2,0.0023620763749550313,0.9566480149300038,0.9073182929576673,0.9990876571174966,0.0027238206029002823
00843-DYehNKdT76V,belief,39,beverage dispenser,1_3_50,1_3,3,0.001519943701706427,0.980957429950183,0.9405407460941836,0.9633131036565776,0.0017101423359870875
00843-DYehNKdT76V,belief,39,beverage dispenser,1_3_52,1_3,4,0.0008971807133995166,0.9748788397992171,0.9318979332745038,0.9819365536129354,0.0010057209782431322
00843-DYehNKdT76V,belief,39,beverage dispenser,0_0_128,0_0,5,0.0004069391560906445,0.8647045161989,0.9183245876455937,0.9986867217610517,0.0005131404665865391
00843-DYehNKdT76V,belief,40,bicycle,1_4_52,1_4,1,0.00011230217143308108,0.9532633240056497,0.9239660081377165,0.9872553789832017,0.00012914861901094137
00843-DYehNKdT76V,belief,40,bicycle,1_3_50,1_3,2,0.00011088318696472643,0.980957429950183,0.9405407460941836,0.9633131036565776,0.00012475858952187426
00843-DYehNKdT76V,belief,40,bicycle,0_0_150,0_0,3,9.419269420539095e-05,0.965007754848284,0.8903604479595748,0.9904448074336956,0.00011068538425604905
00843-DYehNKdT76V,belief,40,bicycle,0_0_9,0_0,4,7.592895264992694e-05,0.9793394401351101,0.8961672422804065,0.9761343014830198,8.862893389101485e-05
00843-DYehNKdT76V,belief,40,bicycle,1_4_39,1_4,5,6.717011888510042e-05,0.9456210992893489,0.9202724341958586,0.9748331021011885,7.917941372074861e-05
00843-DYehNKdT76V,belief,41,bicycle helmet,0_1_208,0_1,1,0.005113446396291431,0.8962178002609001,0.9301942472067293,0.9761515895842995,0.006283610071324153
00843-DYehNKdT76V,belief,41,bicycle helmet,0_0_139,0_0,2,0.0022089837237066843,0.9773783838738362,0.9126945040022725,0.9537391599400015,0.002596418745400319
00843-DYehNKdT76V,belief,41,bicycle helmet,0_1_41,0_1,3,0.0009386820401041615,0.9564920398416932,0.8987550674612226,0.9600550722549631,0.0011373644507965124
00843-DYehNKdT76V,belief,41,bicycle helmet,1_2_80,1_2,4,0.0005344631416348454,0.9223813414573669,0.9999999999999999,0.7388555937006641,0.0007842376448319872
00843-DYehNKdT76V,belief,41,bicycle helmet,1_3_50,1_3,5,0.0004787333482291492,0.980957429950183,0.9405407460941836,0.9633131036565776,0.0005386397966821847
00843-DYehNKdT76V,belief,42,bin,0_0_69,0_0,1,0.26392306279646655,0.9899780835122496,0.93172948299191,0.9937335088752389,0.2879333629042958
00843-DYehNKdT76V,belief,42,bin,0_0_25,0_0,2,0.17600704586985388,0.976284574870167,0.9384715163509781,0.9897532177130224,0.19409109401028454
00843-DYehNKdT76V,belief,42,bin,1_3_110,1_3,3,0.17154154263096888,0.9626770556784,0.9336481703550205,0.9940737945026418,0.19199362767227732
00843-DYehNKdT76V,belief,42,bin,1_2_21,1_2,4,0.15037142646154825,0.9611740614687216,0.9432227487922564,0.9947304795584492,0.16674145440464436
00843-DYehNKdT76V,belief,42,bin,1_3_52,1_3,5,0.13284727060068116,0.9748788397992171,0.9318979332745038,0.9819365536129354,0.14891903598684644
00843-DYehNKdT76V,belief,43,birdhouse,1_2_76,1_2,1,0.0007819558831627708,0.942806341534569,0.9408458021327656,0.9921317006662198,0.0008885297600556423
00843-DYehNKdT76V,belief,43,birdhouse,0_0_9,0_0,2,0.00043338473657731264,0.9793394401351101,0.8961672422804065,0.9761343014830198,0.0005058732647686861
00843-DYehNKdT76V,belief,43,birdhouse,1_3_81,1_3,3,0.0003836074797044022,0.9834038334840547,0.9578503178370077,0.9809958302355481,0.00041513596577385706
00843-DYehNKdT76V,belief,43,birdhouse,1_2_21,1_2,4,0.00034108123201263146,0.9611740614687216,0.9432227487922564,0.9947304795584492,0.0003782126833149186
00843-DYehNKdT76V,belief,43,birdhouse,1_1_54,1_1,5,0.00024371757294368413,0.9653359834765375,0.9290120495009806,0.9929137343254256,0.0002737004330193419
00843-DYehNKdT76V,belief,44,blanket,1_1_40,1_1,1,0.9009376961028511,0.9843586776593719,0.9352563711878438,0.9993334276744049,0.979265138891833
00843-DYehNKdT76V,belief,44,blanket,1_1_27,1_1,2,0.8908915903216923,0.9680410401796808,0.9460255537752491,0.9994321110941804,0.9733632008603175
00843-DYehNKdT76V,belief,44,blanket,1_1_31,1_1,3,0.8224049821195846,0.9642228963594411,0.9319470613620862,0.9997353516435856,0.9154444581233588
00843-DYehNKdT76V,belief,44,blanket,1_1_30,1_1,4,0.7982501372354314,0.9423296642414785,0.9199215659412063,0.9996283473302726,0.9211848260190617
00843-DYehNKdT76V,belief,44,blanket,1_1_11,1_1,5,0.7648989508896166,0.9580310743933246,0.9282636689029595,0.9997781571774658,0.8602991069639905
00843-DYehNKdT76V,belief,45,board,1_4_69,1_4,1,0.04121096587682755,0.9560002726693116,0.9494992903207446,0.975985381475487,0.04651754859516589
00843-DYehNKdT76V,belief,45,board,1_3_111,1_3,2,0.039734046577816144,0.8997447112880687,0.9201567873647067,0.9923299509420659,0.04836437283311241
00843-DYehNKdT76V,belief,45,board,1_4_73,1_4,3,0.02429871728739249,0.9518928444251082,0.9417351801325089,0.9873598455389486,0.027453077132857818
00843-DYehNKdT76V,belief,45,board,0_0_231,0_0,4,0.02355593908176177,0.971191279139498,0.9381100518592359,0.9964876655644955,0.025945971198903822
00843-DYehNKdT76V,belief,45,board,0_0_249,0_0,5,0.015413350787255977,0.9871110901108423,0.9355290027828591,0.9932174865073262,0.01680464794010942
00843-DYehNKdT76V,belief,46,board game,1_3_92,1_3,1,5.076983777443218e-05,0.9539646483921005,0.9109889261068271,0.9737320247632445,5.999581305613475e-05
00843-DYehNKdT76V,belief,46,board game,0_1_68,0_1,2,3.966660102032537e-05,0.9807724898576965,0.9417949559429695,0.9885360938827233,4.344180092650981e-05
00843-DYehNKdT76V,belief,46,board game,1_3_90,1_3,3,3.710716839129958e-05,0.9919541122582689,0.9028651395659981,0.9685122018860778,4.277975090347968e-05
00843-DYehNKdT76V,belief,46,board game,1_2_76,1_2,4,3.379033936988595e-05,0.942806341534569,0.9408458021327656,0.9921317006662198,3.839567267028772e-05
00843-DYehNKdT76V,belief,46,board game,0_1_336,0_1,5,2.5861177649707636e-05,0.9304695126545623,0.9188200326474765,0.9743860335675766,3.10444981827444e-05
00843-DYehNKdT76V,belief,47,board with keys,0_1_88,0_1,1,1.565706661080744e-05,0.8068283026811307,0.89866319097309,0.9914132177713244,2.1780990050544942e-05
00843-DYehNKdT76V,belief,47,board with keys,0_1_438,0_1,2,1.5547072937602527e-05,0.9830626154244656,0.9492579773117595,0.9908523367719705,1.6814124615056767e-05
00843-DYehNKdT76V,belief,47,board with keys,0_1_160,0_1,3,1.4115771751477834e-05,0.9642698976489291,0.94104647935935,0.9929094676742963,1.5666980105632367e-05
00843-DYehNKdT76V,belief,47,board with keys,0_1_92,0_1,4,1.254999248300672e-05,0.9503838912074343,0.8948083310581137,0.9909397330819035,1.4892483852512905e-05
00843-DYehNKdT76V,belief,47,board with keys,0_1_455,0_1,5,1.1784120839417914e-05,0.9543563081090995,0.9233619770915619,0.9967411312729555,1.341628489222998e-05
00843-DYehNKdT76V,belief,48,book,1_1_39,1_1,1,0.22280371325514287,0.9890936813490285,0.9279079739105651,0.9414873534746949,0.2578490879144276
00843-DYehNKdT76V,belief,48,book,1_3_90,1_3,2,0.19769370638256037,0.9919541122582689,0.9028651395659981,0.9685122018860778,0.22791519484991318
00843-DYehNKdT76V,belief,48,book,1_3_92,1_3,3,0.19369715005659702,0.9539646483921005,0.9109889261068271,0.9737320247632445,0.22889610275954142
00843-DYehNKdT76V,belief,48,book,1_2_77,1_2,4,0.17478833451766684,0.9046247520577104,0.9425694513864845,0.9827509224583227,0.20858696125318685
00843-DYehNKdT76V,belief,48,book,1_1_56,1_1,5,0.16591874948756322,0.9670510478317738,0.9432970645824059,0.9942002087089924,0.18294634318766312
00843-DYehNKdT76V,belief,49,bottle,0_0_25,0_0,1,0.21886716539831882,0.976284574870167,0.9384715163509781,0.9897532177130224,0.24135492624824237
00843-DYehNKdT76V,belief,49,bottle,1_3_52,1_3,2,0.1457554851531772,0.9748788397992171,0.9318979332745038,0.9819365536129354,0.16338887687087314
00843-DYehNKdT76V,belief,49,bottle,1_3_50,1_3,3,0.13495579704066196,0.980957429950183,0.9405407460941836,0.9633131036565776,0.15184353324863745
00843-DYehNKdT76V,belief,49,bottle,1_3_53,1_3,4,0.13026016532149892,0.9775218795349699,0.8767534721332256,0.9700885239289002,0.1566737638381382
00843-DYehNKdT76V,belief,49,bottle,1_3_26,1_3,5,0.1290600532128133,0.9036156361452257,0.9458904509131587,0.9783937814836982,0.15433114477019985
00843-DYehNKdT76V,belief,50,bottle dispenser,0_0_25,0_0,1,0.010272541942315493,0.976284574870167,0.9384715163509781,0.9897532177130224,0.011328006182916354
00843-DYehNKdT76V,belief,50,bottle dispenser,1_3_52,1_3,2,0.002458450416988162,0.9748788397992171,0.9318979332745038,0.9819365536129354,0.002755871945761003
00843-DYehNKdT76V,belief,50,bottle dispenser,1_3_50,1_3,3,0.0015101903222858634,0.980957429950183,0.9405407460941836,0.9633131036565776,0.0016991684643579443
00843-DYehNKdT76V,belief,50,bottle dispenser,1_3_26,1_3,4,0.0010450219224529195,0.9036156361452257,0.9458904509131587,0.9783937814836982,0.0012496463900892145
00843-DYehNKdT76V,belief,50,bottle dispenser,0_0_128,0_0,5,0.0008168283109806536,0.8647045161989,0.9183245876455937,0.9986867217610517,0.001030000810549534
00843-DYehNKdT76V,belief,51,bottle opener,1_3_50,1_3,1,0.011092730283551675,0.980957429950183,0.9405407460941836,0.9633131036565776,0.012480822584606362
00843-DYehNKdT76V,belief,51,bottle opener,1_3_52,1_3,2,0.007689035375267728,0.9748788397992171,0.9318979332745038,0.9819365536129354,0.008619249236933581
00843-DYehNKdT76V,belief,51,bottle opener,1_3_78,1_3,3,0.007288367606493462,0.9914629704982698,0.9538801574170834,0.8623652928701938,0.008936525243069956
00843-DYehNKdT76V,belief,51,bottle opener,0_1_320,0_1,4,0.005857132156194237,0.875539102836659,0.919038387096194,0.880281086393772,0.00826902783253221
00843-DYehNKdT76V,belief,51,bottle opener,1_3_26,1_3,5,0.005411171868873438,0.9036156361452257,0.9458904509131587,0.9783937814836982,0.006470726830512635
00843-DYehNKdT76V,belief,52,bowl,1_4_41,1_4,1,0.41097934085190435,0.9789326109430696,0.9476321947591272,0.657821561105043,0.6734715961451727
00843-DYehNKdT76V,belief,52,bowl,0_0_96,0_0,2,0.2582265951702117,0.9637162017306503,0.9270797046271217,0.9624881514546729,0.30028894421259117
00843-DYehNKdT76V,belief,52,bowl,0_1_22,0_1,3,0.14589518091195094,0.8418675887102173,0.9163745015099163,0.7140467709146733,0.26484849004444816
00843-DYehNKdT76V,belief,52,bowl,1_4_47,1_4,4,0.1333336966611105,0.9842915937718417,0.9206074345181525,0.7981678496961124,0.18435182267643058
00843-DYehNKdT76V,belief,52,bowl,0_1_208,0_1,5,0.07332657138147006,0.8962178002609001,0.9301942472067293,0.9761515895842995,0.0901066612847338
00843-DYehNKdT76V,belief,53,box,1_0_73,1_0,1,0.8220553890646879,0.9728693763415018,0.9372383338611876,0.9993840857517369,0.902119509234836
00843-DYehNKdT76V,belief,53,box,1_2_21,1_2,2,0.6956116545955968,0.9611740614687216,0.9432227487922564,0.9947304795584492,0.7713386892539073
00843-DYehNKdT76V,belief,53,box,1_0_15,1_0,3,0.661434994867112,0.7694692632099529,0.9643407924072195,0.9993338156889656,0.8919792891316508
00843-DYehNKdT76V,belief,53,box,1_0_21,1_0,4,0.6477894025004223,0.8119159453882966,0.9120526619158227,0.9991672787808114,0.8755171343529902
00843-DYehNKdT76V,belief,53,box,1_2_76,1_2,5,0.6183681084310547,0.942806341534569,0.9408458021327656,0.9921317006662198,0.7026463753786174
00843-DYehNKdT76V,belief,54,boxing ring,1_2_34,1_2,1,0.0013351966383586661,0.933191122530269,0.9560009706227346,0.9838769867285772,0.0015211620986566913
00843-DYehNKdT76V,belief,54,boxing ring,1_2_64,1_2,2,0.0010476225240229262,0.7319434993702267,0.9507857821350567,0.9745847231271911,0.0015446318691605958
00843-DYehNKdT76V,belief,54,boxing ring,1_3_102,1_3,3,0.0010283777325333296,0.9935047898156092,0.9460210638234123,0.9724061042390233,0.0011252116401390462
00843-DYehNKdT76V,belief,54,boxing ring,1_5_6,1_5,4,0.0007326140523196394,0.9588170032024875,0.9146328304411353,0.9575547673228872,0.000872427021937771
00843-DYehNKdT76V,belief,54,boxing ring,1_0_48,1_0,5,0.0004058885681728162,0.9812915258937414,0.946765474941883,0.9922180436923738,0.0004403106988399174
00843-DYehNKdT76V,belief,55,bread,0_1_22,0_1,1,0.07389150219660158,0.8418675887102173,0.9163745015099163,0.7140467709146733,0.1341377601477917
00843-DYehNKdT76V,belief,55,bread,0_1_103,0_1,2,0.06563800412041859,0.9779813712261715,0.9412826395790822,0.9723560330100327,0.07332961797115314
00843-DYehNKdT76V,belief,55,bread,1_2_67,1_2,3,0.025667444490774967,0.9759155185773507,0.954035090500391,0.5797752688490779,0.047549545779076524
00843-DYehNKdT76V,belief,55,bread,0_0_13,0_0,4,0.025105793342139204,0.9854814735044656,0.9272242679806945,0.7817140141438867,0.035147367130702226
00843-DYehNKdT76V,belief,55,bread,0_1_171,0_1,5,0.022463705546374592,0.9623341344003914,0.934616339547051,0.4720951705885266,0.05290449582960051
00843-DYehNKdT76V,belief,56,bread box,0_0_231,0_0,1,0.004318890020388111,0.971191279139498,0.9381100518592359,0.9964876655644955,0.004757093134401254
00843-DYehNKdT76V,belief,56,bread box,1_3_33,1_3,2,0.002301373627626027,0.8445491488228882,0.9699769634310842,0.9918222223796742,0.0028324806306539445
00843-DYehNKdT76V,belief,56,bread box,0_0_62,0_0,3,0.001950988346107853,0.9647414782133299,0.910456060832364,0.999472128097123,0.0022223581250705154
00843-DYehNKdT76V,belief,56,bread box,1_1_3,1_1,4,0.001430144319210865,0.9482779715530216,0.9575854652740334,0.9084999183286149,0.0017335715265747453
00843-DYehNKdT76V,belief,56,bread box,0_0_234,0_0,5,0.0013867989365287793,0.9817754198402555,0.9263067327617236,0.9968672331720936,0.0015297103442163686
00843-DYehNKdT76V,belief,57,bricks,1_3_41,1_3,1,0.02491576734984401,0.9966604680587084,0.9056167389469361,0.9906336886465524,0.02786567067785245
00843-DYehNKdT76V,belief,57,bricks,1_1_3,1_1,2,0.016627571787614828,0.9482779715530216,0.9575854652740334,0.9084999183286149,0.020155367972228087
00843-DYehNKdT76V,belief,57,bricks,1_5_44,1_5,3,0.00828648670337675,0.9380447961396179,0.9851352846917336,0.9891027970638175,0.009065871410720735
00843-DYehNKdT76V,belief,57,bricks,1_3_92,1_3,4,0.004467115343803345,0.9539646483921005,0.9109889261068271,0.9737320247632445,0.00527888661487877
00843-DYehNKdT76V,belief,57,bricks,1_2_46,1_2,5,0.004007071546125694,0.9395761483748044,0.9431871549215678,0.9573791252478236,0.004722949282668145
00843-DYehNKdT76V,belief,58,bridge,1_5_6,1_5,1,0.02586977820353344,0.9588170032024875,0.9146328304411353,0.9575547673228872,0.030806798593118263
00843-DYehNKdT76V,belief,58,bridge,0_1_347,0_1,2,0.011430892613998761,0.9723025125052117,0.9667225597052589,0.9912026878725284,0.012269148196854145
00843-DYehNKdT76V,belief,58,bridge,0_1_467,0_1,3,0.010557211126070925,0.9770641933007673,0.9239519136338816,0.9897750748487422,0.011815176853540577
00843-DYehNKdT76V,belief,58,bridge,0_1_369,0_1,4,0.008918632434313564,0.9622113445963726,0.928014609985172,0.9910141386471146,0.010078435681994914
00843-DYehNKdT76V,belief,58,bridge,0_1_533,0_1,5,0.007944415295114896,0.9959330852660868,0.9254386556005898,0.9315590758116061,0.009252812069189527
00843-DYehNKdT76V,belief,59,broom,1_2_30,1_2,1,0.02662866912119169,0.9624300740038356,0.9421918755261836,0.8845438782023599,0.03319873530832463
00843-DYehNKdT76V,belief,59,broom,0_0_13,0_0,2,0.02249418477954435,0.9854814735044656,0.9272242679806945,0.7817140141438867,0.031491192490041155
00843-DYehNKdT76V,belief,59,broom,1_3_36,1_3,3,0.020820735238595334,0.9859456788137477,0.9241327409304635,0.9538394108799035,0.02395705632357837
00843-DYehNKdT76V,belief,59,broom,1_1_3,1_1,4,0.014158797014530813,0.9482779715530216,0.9575854652740334,0.9084999183286149,0.017162804498280216
00843-DYehNKdT76V,belief,59,broom,1_3_106,1_3,5,0.013587439350580221,0.9762775477461528,0.9127683862754299,0.9899238595210077,0.015402880114173218
00843-DYehNKdT76V,belief,60,brush,0_0_13,0_0,1,0.1654988887952954,0.9854814735044656,0.9272242679806945,0.7817140141438867,0.23169354279867055
00843-DYehNKdT76V,belief,60,brush,0_1_433,0_1,2,0.13469681647767748,0.9770064520457434,0.903057041840335,0.8952963327566862,0.17052101559550809
00843-DYehNKdT76V,belief,60,brush,1_5_30,1_5,3,0.12981199671410892,0.9304447853802249,0.9372128648764905,0.9959211548831529,0.14947240587894703
00843-DYehNKdT76V,belief,60,brush,1_3_41,1_3,4,0.09512841224881674,0.9966604680587084,0.9056167389469361,0.9906336886465524,0.10639114463593305
00843-DYehNKdT76V,belief,60,brush,0_1_60,0_1,5,0.0950877296929426,0.9011764946656349,0.9205624417018885,0.8804587910182403,0.1301824188705692
00843-DYehNKdT76V,belief,61,bucket,0_0_69,0_0,1,0.5109908673389831,0.9899780835122496,0.93172948299191,0.9937335088752389,0.5574780668552703
00843-DYehNKdT76V,belief,61,bucket,0_0_139,0_0,2,0.12822018094128085,0.9773783838738362,0.9126945040022725,0.9537391599400015,0.15070879778866472
00843-DYehNKdT76V,belief,61,bucket,1_3_50,1_3,3,0.035219159787447454,0.980957429950183,0.9405407460941836,0.9633131036565776,0.03962632045041435
00843-DYehNKdT76V,belief,61,bucket,1_4_49,1_4,4,0.01867363251971025,0.9814338362959883,0.9309150502804346,0.8210477265133794,0.02489369284737653
00843-DYehNKdT76V,belief,61,bucket,1_4_8,1_4,5,0.01675461651847118,0.9743140197935558,0.9235141748461707,0.9956632109589073,0.01870163230311764
00843-DYehNKdT76V,belief,62,buffet,1_5_6,1_5,1,0.006533159115979358,0.9588170032024875,0.9146328304411353,0.9575547673228872,0.007779955262054804
00843-DYehNKdT76V,belief,62,buffet,0_1_22,0_1,2,0.006162205791036433,0.8418675887102173,0.9163745015099163,0.7140467709146733,0.011186462012642562
00843-DYehNKdT76V,belief,62,buffet,1_3_50,1_3,3,0.004484488338548919,0.980957429950183,0.9405407460941836,0.9633131036565776,0.005045656200544045
00843-DYehNKdT76V,belief,62,buffet,0_1_452,0_1,4,0.003172080267402601,0.9782128563528049,0.9363186659281952,0.9857334346999445,0.0035134002932334916
00843-DYehNKdT76V,belief,62,buffet,0_0_13,0_0,5,0.0023900509460202204,0.9854814735044656,0.9272242679806945,0.7817140141438867,0.0033460005392403616
00843-DYehNKdT76V,belief,63,button,1_0_45,1_0,1,0.11853731321838307,0.9369813383206772,0.9705055843518378,0.9977215173508981,0.130652210161002
00843-DYehNKdT76V,belief,63,button,1_1_3,1_1,2,0.03512829051333136,0.9482779715530216,0.9575854652740334,0.9084999183286149,0.04258129993814848
00843-DYehNKdT76V,belief,63,button,0_1_320,0_1,3,0.01958850972905168,0.875539102836659,0.919038387096194,0.880281086393772,0.027654819428319675
00843-DYehNKdT76V,belief,63,button,1_3_50,1_3,4,0.017827113961443566,0.980957429950183,0.9405407460941836,0.9633131036565776,0.020057915487069523
00843-DYehNKdT76V,belief,63,button,1_3_92,1_3,5,0.01521695012627872,0.9539646483921005,0.9109889261068271,0.9737320247632445,0.017982198389464025
00843-DYehNKdT76V,belief,64,cabinet,0_1_471,0_1,1,0.09216665650655799,0.9939923349997591,0.9228239798167677,0.9980069662780983,0.10067887490326499
00843-DYehNKdT76V,belief,64,cabinet,0_1_342,0_1,2,0.09064891989450054,0.9546106727032884,0.928778995754004,0.9943175272880346,0.10282503544473055
00843-DYehNKdT76V,belief,64,cabinet,0_1_473,0_1,3,0.06314865608177596,0.9628667152879408,0.9102321780701836,0.9976321044008687,0.07222296892535296
00843-DYehNKdT76V,belief,64,cabinet,0_0_231,0_0,4,0.038200677942431885,0.971191279139498,0.9381100518592359,0.9964876655644955,0.04207659419701679
00843-DYehNKdT76V,belief,64,cabinet,0_0_102,0_0,5,0.03286653391373494,0.9615525275664146,0.9240204314611016,0.9962270382349404,0.037131371724565494
00843-DYehNKdT76V,belief,65,cable,0_0_150,0_0,1,0.03200159020971829,0.965007754848284,0.8903604479595748,0.9904448074336956,0.037604915530323156
00843-DYehNKdT76V,belief,65,cable,0_0_152,0_0,2,0.03191742027616284,0.8480570541400659,0.93991104127981,0.9918850618998187,0.04036961524448942
00843-DYehNKdT76V,belief,65,cable,0_0_139,0_0,3,0.02809403232030538,0.9773783838738362,0.9126945040022725,0.9537391599400015,0.03302146202685603
00843-DYehNKdT76V,belief,65,cable,1_3_17,1_3,4,0.026305719395881087,0.8690947190574977,0.9810366913392876,0.9658898118088941,0.0319425980425151
00843-DYehNKdT76V,belief,65,cable,1_4_39,1_4,5,0.02014795317316387,0.9456210992893489,0.9202724341958586,0.9748331021011885,0.02375019050737574
00843-DYehNKdT76V,belief,66,cage,0_0_63,0_0,1,0.0004335900535192748,0.9822504664022416,0.9292111171508732,0.9953290798923438,0.00047728301278805437
00843-DYehNKdT76V,belief,66,cage,1_3_20,1_3,2,0.00026087508361825586,0.9756434864803123,0.9541488149682187,0.9904755037166606,0.0002829316924342784
00843-DYehNKdT76V,belief,66,cage,1_1_0,1_1,3,0.00020055942323934296,0.9772415238662819,0.9484882210408009,0.9782987840388347,0.00022117584957370782
00843-DYehNKdT76V,belief,66,cage,1_2_34,1_2,4,0.00018544255263159708,0.933191122530269,0.9560009706227346,0.9838769867285772,0.00021127089032226757
00843-DYehNKdT76V,belief,66,cage,0_0_9,0_0,5,0.00016864025783943552,0.9793394401351101,0.8961672422804065,0.9761343014830198,0.00019684725973142224
00843-DYehNKdT76V,belief,67,cake,0_1_103,0_1,1,0.1218747965623108,0.9779813712261715,0.9412826395790822,0.9723560330100327,0.13615636843299656
00843-DYehNKdT76V,belief,67,cake,1_3_90,1_3,2,0.11916059263433908,0.9919541122582689,0.9028651395659981,0.9685122018860778,0.13737670351595127
00843-DYehNKdT76V,belief,67,cake,1_2_51,1_2,3,0.09606609184049612,0.8435972140314054,0.9497394857415373,0.9636386069530631,0.12442747864766046
00843-DYehNKdT76V,belief,67,cake,1_3_33,1_3,4,0.09237676469266252,0.8445491488228882,0.9699769634310842,0.9918222223796742,0.113695313778473
00843-DYehNKdT76V,belief,67,cake,1_2_80,1_2,5,0.08990393006449549,0.9223813414573669,0.9999999999999999,0.7388555937006641,0.1319193801826106
00843-DYehNKdT76V,belief,68,calculator,1_0_45,1_0,1,0.007026414540277433,0.9369813383206772,0.9705055843518378,0.9977215173508981,0.007744536840508371
00843-DYehNKdT76V,belief,68,calculator,1_1_3,1_1,2,0.00011628985691235935,0.9482779715530216,0.9575854652740334,0.9084999183286149,0.00014096254627222237
00843-DYehNKdT76V,belief,68,calculator,1_2_80,1_2,3,5.736566287540513e-05,0.9223813414573669,0.9999999999999999,0.7388555937006641,8.417477061190926e-05
00843-DYehNKdT76V,belief,68,calculator,1_2_76,1_2,4,3.551527504773791e-05,0.942806341534569,0.9408458021327656,0.9921317006662198,4.0355702279316415e-05
00843-DYehNKdT76V,belief,68,calculator,1_3_92,1_3,5,2.669947463947511e-05,0.9539646483921005,0.9109889261068271,0.9737320247632445,3.1551345432379115e-05
00843-DYehNKdT76V,belief,69,calendar,1_0_45,1_0,1,0.002047955321326509,0.9369813383206772,0.9705055843518378,0.9977215173508981,0.0022572629813984854
00843-DYehNKdT76V,belief,69,calendar,1_1_3,1_1,2,0.0008868115212406721,0.9482779715530216,0.9575854652740334,0.9084999183286149,0.001074962283183808
00843-DYehNKdT76V,belief,69,calendar,1_2_77,1_2,3,0.000634568125051311,0.9046247520577104,0.9425694513864845,0.9827509224583227,0.0007572738608548649
00843-DYehNKdT76V,belief,69,calendar,1_3_78,1_3,4,0.00024329208372644197,0.9914629704982698,0.9538801574170834,0.8623652928701938,0.0002983090268009231
00843-DYehNKdT76V,belief,69,calendar,1_3_92,1_3,5,0.00023029183963069405,0.9539646483921005,0.9109889261068271,0.9737320247632445,0.0002721408372471604
00843-DYehNKdT76V,belief,70,camera,1_3_81,1_3,1,0.4940588622123529,0.9834038334840547,0.9578503178370077,0.9809958302355481,0.5346652861714375
00843-DYehNKdT76V,belief,70,camera,1_5_44,1_5,2,0.36467633549118567,0.9380447961396179,0.9851352846917336,0.9891027970638175,0.39897593303911305
00843-DYehNKdT76V,belief,70,camera,1_3_76,1_3,3,0.251924943255267,0.9844064164707843,0.9494789027194289,0.9858562686499828,0.27339956050025693
00843-DYehNKdT76V,belief,70,camera,1_3_85,1_3,4,0.23184708563407413,0.989795633269982,0.9321050890090511,0.9641188856602314,0.260651745971506
00843-DYehNKdT76V,belief,70,camera,0_0_150,0_0,5,0.21237942812540725,0.965007754848284,0.8903604479595748,0.9904448074336956,0.24956604977114302
00843-DYehNKdT76V,belief,71,can,0_0_69,0_0,1,0.40562074075795757,0.9899780835122496,0.93172948299191,0.9937335088752389,0.4425219331447297
00843-DYehNKdT76V,belief,71,can,1_3_52,1_3,2,0.2844061988989276,0.9748788397992171,0.9318979332745038,0.9819365536129354,0.3188134522990677
00843-DYehNKdT76V,belief,71,can,0_0_150,0_0,3,0.28148367925106804,0.965007754848284,0.8903604479595748,0.9904448074336956,0.33077012461044736
00843-DYehNKdT76V,belief,71,can,1_3_26,1_3,4,0.2748597896161295,0.9036156361452257,0.9458904509131587,0.9783937814836982,0.3286797496728607
00843-DYehNKdT76V,belief,71,can,1_2_70,1_2,5,0.2348307350650051,0.9921973288658203,0.9567058481596832,0.9883380198610181,0.2503069756995193
00843-DYehNKdT76V,belief,72,canal,1_1_0,1_1,1,0.004570248227025198,0.9772415238662819,0.9484882210408009,0.9782987840388347,0.005040045080149292
00843-DYehNKdT76V,belief,72,canal,1_4_56,1_4,2,0.0021921522918848485,0.9567796472621811,0.924531114648204,0.9630461617117145,0.0025732984425171023
00843-DYehNKdT76V,belief,72,canal,1_5_58,1_5,3,0.002176438999104962,0.9762915252017325,0.9644434330060133,0.9232870139629648,0.0025035339917179695
00843-DYehNKdT76V,belief,72,canal,1_3_102,1_3,4,0.0011826530925755593,0.9935047898156092,0.9460210638234123,0.9724061042390233,0.001294013847163237
00843-DYehNKdT76V,belief,72,canal,1_5_6,1_5,5,0.0011048866511855716,0.9588170032024875,0.9146328304411353,0.9575547673228872,0.0013157445828681173
00843-DYehNKdT76V,belief,73,candelabra,1_2_32,1_2,1,0.0003053592812416492,0.8740630681386236,0.9406879058359745,0.9767290659430526,0.000380232015876945
00843-DYehNKdT76V,belief,73,candelabra,0_0_9,0_0,2,0.00012465902137745582,0.9793394401351101,0.8961672422804065,0.9761343014830198,0.00014550966105801764
00843-DYehNKdT76V,belief,73,candelabra,1_0_47,1_0,3,0.0001101849166161941,0.9302735868538922,0.9546924362462721,0.8755231831439365,0.0001417034176897845
00843-DYehNKdT76V,belief,73,candelabra,1_3_90,1_3,4,5.9675508614248585e-05,0.9919541122582689,0.9028651395659981,0.9685122018860778,6.879811918374733e-05
00843-DYehNKdT76V,belief,73,candelabra,1_3_50,1_3,5,5.636636973097559e-05,0.980957429950183,0.9405407460941836,0.9633131036565776,6.34197931769586e-05
00843-DYehNKdT76V,belief,74,candle,1_0_47,1_0,1,0.00952995093573501,0.9302735868538922,0.9546924362462721,0.8755231831439365,0.012256002540833576
00843-DYehNKdT76V,belief,74,candle,1_3_78,1_3,2,0.00384011508496612,0.9914629704982698,0.9538801574170834,0.8623652928701938,0.0047085008942906485
00843-DYehNKdT76V,belief,74,candle,1_3_90,1_3,3,0.0035939521114738237,0.9919541122582689,0.9028651395659981,0.9685122018860778,0.004143360508314453
00843-DYehNKdT76V,belief,74,candle,1_0_19,1_0,4,0.002799820041790851,0.9687852365300934,0.9318541660861481,0.9204222198451989,0.0033695162915910334
00843-DYehNKdT76V,belief,74,candle,1_3_85,1_3,5,0.002575421872707595,0.989795633269982,0.9321050890090511,0.9641188856602314,0.002895392046436758
00843-DYehNKdT76V,belief,75,candle holder,1_0_47,1_0,1,0.0027720432213160532,0.9302735868538922,0.9546924362462721,0.8755231831439365,0.003564988843369081
00843-DYehNKdT76V,belief,75,candle holder,0_1_94,0_1,2,0.002089406213689025,0.9754185072358882,0.9304325087145628,0.998468580443847,0.002305752091940454
00843-DYehNKdT76V,belief,75,candle holder,1_3_90,1_3,3,0.001905818436641905,0.9919541122582689,0.9028651395659981,0.9685122018860778,0.0021971613982250393
00843-DYehNKdT76V,belief,75,candle holder,0_1_50,0_1,4,0.0015048528373564954,0.8995654442986935,0.9391863317821885,0.9979349621854272,0.0017848727762198617
00843-DYehNKdT76V,belief,75,candle holder,1_3_50,1_3,5,0.0009093693884353335,0.980957429950183,0.9405407460941836,0.9633131036565776,0.0010231636135391044
00843-DYehNKdT76V,belief,76,candle stand,1_0_47,1_0,1,0.010284527999711296,0.9302735868538922,0.9546924362462721,0.8755231831439365,0.013226427097655794
00843-DYehNKdT76V,belief,76,candle stand,1_0_19,1_0,2,0.002006545634820644,0.9687852365300934,0.9318541660861481,0.9204222198451989,0.002414829562411602
00843-DYehNKdT76V,belief,76,candle stand,0_1_50,0_1,3,0.0016439088394222191,0.8995654442986935,0.9391863317821885,0.9979349621854272,0.001949804034809293
00843-DYehNKdT76V,belief,76,candle stand,0_1_94,0_1,4,0.0015462542452718935,0.9754185072358882,0.9304325087145628,0.998468580443847,0.0017063598917956078
00843-DYehNKdT76V,belief,76,candle stand,1_3_50,1_3,5,0.0014923727597869413,0.980957429950183,0.9405407460941836,0.9633131036565776,0.00167912129555867
00843-DYehNKdT76V,belief,77,candlestick,1_0_47,1_0,1,0.004617262223873001,0.9302735868538922,0.9546924362462721,0.8755231831439365,0.005938034511309673
00843-DYehNKdT76V,belief,77,candlestick,1_0_19,1_0,2,0.0012511749586612134,0.9687852365300934,0.9318541660861481,0.9204222198451989,0.0015057590644801252
00843-DYehNKdT76V,belief,77,candlestick,1_1_3,1_1,3,0.0008146530369464789,0.9482779715530216,0.9575854652740334,0.9084999183286149,0.0009874942618849308
00843-DYehNKdT76V,belief,77,candlestick,1_3_78,1_3,4,0.0006761331655314918,0.9914629704982698,0.9538801574170834,0.8623652928701938,0.0008290307827044418
00843-DYehNKdT76V,belief,77,candlestick,0_1_179,0_1,5,0.0006281376251371991,0.9336853854792687,0.9184756351640337,0.9767662439743225,0.0007498872415609041
00843-DYehNKdT76V,belief,78,canoe,1_4_47,1_4,1,0.08230958330219575,0.9842915937718417,0.9206074345181525,0.7981678496961124,0.11380410267979217
00843-DYehNKdT76V,belief,78,canoe,1_5_6,1_5,2,0.016381724762123955,0.9588170032024875,0.9146328304411353,0.9575547673228872,0.019508033326923552
00843-DYehNKdT76V,belief,78,canoe,0_1_462,0_1,3,0.015730316511980997,0.9418686537947638,0.8993247118650758,0.9753604323971826,0.019039934807211556
00843-DYehNKdT76V,belief,78,canoe,0_0_181,0_0,4,0.013191870726604672,0.973827267955859,0.922961787752855,0.9927332460714849,0.014784551981911922
00843-DYehNKdT76V,belief,78,canoe,1_2_77,1_2,5,0.012372010697096173,0.9046247520577104,0.9425694513864845,0.9827509224583227,0.014764372708399328
00843-DYehNKdT76V,belief,79,canopy,1_0_40,1_0,1,0.10023898576308954,0.997955247759819,0.9303702032087731,0.8666684737403839,0.12457095841876974
00843-DYehNKdT76V,belief,79,canopy,1_2_30,1_2,2,0.08371643092892503,0.9624300740038356,0.9421918755261836,0.8845438782023599,0.1043717062508096
00843-DYehNKdT76V,belief,79,canopy,1_0_41,1_0,3,0.08322567537488218,0.9892656579464179,0.9498801216735517,0.980986459699714,0.09028437231147768
00843-DYehNKdT76V,belief,79,canopy,1_3_40,1_3,4,0.07994182269746344,0.9852132399876913,0.9117462835944191,0.9840212788428917,0.09044099151034847
00843-DYehNKdT76V,belief,79,canopy,0_1_223,0_1,5,0.05624486814863532,0.9417414639677321,0.9365569549357925,0.8731500620167224,0.07303451138893582
00843-DYehNKdT76V,belief,80,car,1_2_80,1_2,1,0.1867875606800144,0.9223813414573669,0.9999999999999999,0.7388555937006641,0.2740803345643769
00843-DYehNKdT76V,belief,80,car,1_2_52,1_2,2,0.090038337362261,0.7979494457121018,0.9811310044081782,0.9477438679528899,0.12134841448474352
00843-DYehNKdT76V,belief,80,car,0_1_462,0_1,3,0.08377372086931698,0.9418686537947638,0.8993247118650758,0.9753604323971826,0.10139949712356178
00843-DYehNKdT76V,belief,80,car,1_5_6,1_5,4,0.08021745925349447,0.9588170032024875,0.9146328304411353,0.9575547673228872,0.09552625814691132
00843-DYehNKdT76V,belief,80,car,1_4_39,1_4,5,0.07531400803598706,0.9456210992893489,0.9202724341958586,0.9748331021011885,0.08877934266351255
00843-DYehNKdT76V,belief,81,card,1_4_36,1_4,1,0.20215492712507155,0.9812424194111476,0.9324439268650434,0.9814712599410965,0.22511669530213338
00843-DYehNKdT76V,belief,81,card,1_1_54,1_1,2,0.07355257979634217,0.9653359834765375,0.9290120495009806,0.9929137343254256,0.08260123673806775
00843-DYehNKdT76V,belief,81,card,1_5_3,1_5,3,0.05394319127673372,0.976049695749516,0.9129385648186534,0.9932357076559482,0.06094959550351308
00843-DYehNKdT76V,belief,81,card,0_0_227,0_0,4,0.05262131970973149,0.9798887235588497,0.8966138219315654,0.9946265343024848,0.060217054081450797
00843-DYehNKdT76V,belief,81,card,1_0_55,1_0,5,0.04540667433181819,0.9671517548377282,0.9733602082365177,0.8921241249202492,0.05406624382853225
00843-DYehNKdT76V,belief,82,cardboard,0_1_258,0_1,1,0.8684232833152525,0.9669277862259568,0.9270110646006022,0.9939647703610104,0.9747236614447589
00843-DYehNKdT76V,belief,82,cardboard,0_1_45,0_1,2,0.8665534181600809,0.9673655955373442,0.9154781313747429,0.9994872606468825,0.9789927251506633
00843-DYehNKdT76V,belief,82,cardboard,1_1_34,1_1,3,0.8590464726237234,0.9763357106491614,0.928847867225506,0.9976528969922003,0.9494966312349876
00843-DYehNKdT76V,belief,82,cardboard,1_3_113,1_3,4,0.8580048398862961,0.943437481248701,0.9880649997916084,0.9949991366722766,0.9250567832699436
00843-DYehNKdT76V,belief,82,cardboard,0_1_275,0_1,5,0.8431792920473149,0.9926266086941765,0.9491893318464012,0.9916660643021539,0.9024345605754033
00843-DYehNKdT76V,belief,83,cart,1_2_80,1_2,1,0.11661255537378847,0.9223813414573669,0.9999999999999999,0.7388555937006641,0.1711099394140469
00843-DYehNKdT76V,belief,83,cart,1_5_6,1_5,2,0.06212344792354983,0.9588170032024875,0.9146328304411353,0.9575547673228872,0.07397916337100524
00843-DYehNKdT76V,belief,83,cart,1_3_50,1_3,3,0.04742513938342062,0.980957429950183,0.9405407460941836,0.9633131036565776,0.05335969915110785
00843-DYehNKdT76V,belief,83,cart,0_1_445,0_1,4,0.042534779791569284,0.9930919171076771,0.9291705261612009,0.9572407295700266,0.04815464075222207
00843-DYehNKdT76V,belief,83,cart,1_3_26,1_3,5,0.03747352740245233,0.9036156361452257,0.9458904509131587,0.9783937814836982,0.04481117308282453
00843-DYehNKdT76V,belief,84,cash register,0_1_540,0_1,1,0.009433821794499421,0.9827531129271098,0.9459855066032241,0.9815486973495555,0.010338247053735065
00843-DYehNKdT76V,belief,84,cash register,0_0_13,0_0,2,0.00490401868404288,0.9854814735044656,0.9272242679806945,0.7817140141438867,0.006865480917289811
00843-DYehNKdT76V,belief,84,cash register,1_0_21,1_0,3,0.0023758230493302825,0.8119159453882966,0.9120526619158227,0.9991672787808114,0.0032110339870496355
00843-DYehNKdT76V,belief,84,cash register,1_0_45,1_0,4,0.0022399215606167026,0.9369813383206772,0.9705055843518378,0.9977215173508981,0.0024688487914577436
00843-DYehNKdT76V,belief,84,cash register,0_1_445,0_1,5,0.0014377580168668657,0.9930919171076771,0.9291705261612009,0.9572407295700266,0.0016277202122620133
00843-DYehNKdT76V,belief,85,casket,1_3_33,1_3,1,0.02793652630062326,0.8445491488228882,0.9699769634310842,0.9918222223796742,0.03438366925056658
00843-DYehNKdT76V,belief,85,casket,1_1_24,1_1,2,0.016939809132254534,0.9860453036270609,0.9336702061368993,0.997064150709667,0.018454192293258287
00843-DYehNKdT76V,belief,85,casket,0_1_50,0_1,3,0.013020937214042136,0.8995654442986935,0.9391863317821885,0.9979349621854272,0.015443846585715171
00843-DYehNKdT76V,belief,85,casket,1_0_48,1_0,4,0.012544202122735307,0.9812915258937414,0.946765474941883,0.9922180436923738,0.013608036382781465
00843-DYehNKdT76V,belief,85,casket,0_1_462,0_1,5,0.01077257355842039,0.9418686537947638,0.8993247118650758,0.9753604323971826,0.013039095437271964
00843-DYehNKdT76V,belief,86,cassette,1_3_17,1_3,1,0.11777492508282669,0.8690947190574977,0.9810366913392876,0.9658898118088941,0.14301213491987286
00843-DYehNKdT76V,belief,86,cassette,1_0_45,1_0,2,0.10869308412451824,0.9369813383206772,0.9705055843518378,0.9977215173508981,0.11980186900239023
00843-DYehNKdT76V,belief,86,cassette,1_2_70,1_2,3,0.043441409232022596,0.9921973288658203,0.9567058481596832,0.9883380198610181,0.046304363702573834
00843-DYehNKdT76V,belief,86,cassette,1_3_26,1_3,4,0.036617776381907025,0.9036156361452257,0.9458904509131587,0.9783937814836982,0.04378785849902184
00843-DYehNKdT76V,belief,86,cassette,0_1_50,0_1,5,0.03497993014718411,0.8995654442986935,0.9391863317821885,0.9979349621854272,0.04148892402227018
00843-DYehNKdT76V,belief,87,cat,1_2_1,1_2,1,0.8523828456467397,0.948912636988766,0.9338004616584925,0.9961859073684367,0.9656372100513287
00843-DYehNKdT76V,belief,87,cat,1_2_78,1_2,2,0.7449888556638898,0.9142822769843229,0.9065892905610848,0.9675695872612967,0.9289165089482182
00843-DYehNKdT76V,belief,87,cat,0_1_392,0_1,3,0.7333276694508911,0.930351112949644,0.9063148478220342,0.9966296345423464,0.8726463946279552
00843-DYehNKdT76V,belief,87,cat,0_1_296,0_1,4,0.7054849828846084,0.9397172374568477,0.9242147097009772,0.9872125350782339,0.8228241746550461
00843-DYehNKdT76V,belief,87,cat,1_4_78,1_4,5,0.6698221731740766,0.9880272729892259,0.9633543246697205,0.9808917787181001,0.7174364559948107
00843-DYehNKdT76V,belief,88,cat food,1_2_76,1_2,1,0.002547774614997165,0.942806341534569,0.9408458021327656,0.9921317006662198,0.0028950144325061156
00843-DYehNKdT76V,belief,88,cat food,0_0_139,0_0,2,0.0012345413798762394,0.9773783838738362,0.9126945040022725,0.9537391599400015,0.0014510683561327433
00843-DYehNKdT76V,belief,88,cat food,1_2_67,1_2,3,0.0007667418743084743,0.9759155185773507,0.954035090500391,0.5797752688490779,0.0014204073906254689
00843-DYehNKdT76V,belief,88,cat food,0_1_22,0_1,4,0.0007086345229584057,0.8418675887102173,0.9163745015099163,0.7140467709146733,0.0012864083804945458
00843-DYehNKdT76V,belief,88,cat food,1_2_77,1_2,5,0.0005797950635242082,0.9046247520577104,0.9425694513864845,0.9827509224583227,0.0006919093930601482
00843-DYehNKdT76V,belief,89,cat litter box,1_2_76,1_2,1,0.00802314899580514,0.942806341534569,0.9408458021327656,0.9921317006662198,0.009116635357099152
00843-DYehNKdT76V,belief,89,cat litter box,0_0_139,0_0,2,0.0035243922644260053,0.9773783838738362,0.9126945040022725,0.9537391599400015,0.00414253760373774
00843-DYehNKdT76V,belief,89,cat litter box,1_2_21,1_2,3,0.0033161432422490118,0.9611740614687216,0.9432227487922564,0.9947304795584492,0.003677151705201959
00843-DYehNKdT76V,belief,89,cat litter box,1_1_56,1_1,4,0.002935751715934458,0.9670510478317738,0.9432970645824059,0.9942002087089924,0.003237036456674684
00843-DYehNKdT76V,belief,89,cat litter box,1_2_31,1_2,5,0.0027633314775414243,0.9271704082045894,0.9359909427424636,0.999559143750408,0.003185614939948611
00843-DYehNKdT76V,belief,90,cat tree,1_2_78,1_2,1,0.00606215609802988,0.9142822769843229,0.9065892905610848,0.9675695872612967,0.00755882029169798
00843-DYehNKdT76V,belief,90,cat tree,0_0_9,0_0,2,0.0023036376636614733,0.9793394401351101,0.8961672422804065,0.9761343014830198,0.0026889472734179885
00843-DYehNKdT76V,belief,90,cat tree,1_2_3,1_2,3,0.0014760893007850062,0.9562082034631241,0.8957761716994137,0.9867274929257087,0.001746479258944345
00843-DYehNKdT76V,belief,90,cat tree,1_2_20,1_2,4,0.0010590162550020608,0.9663945370116589,0.9346743753387454,0.9934027884076081,0.0011802185840391174
00843-DYehNKdT76V,belief,90,cat tree,0_1_513,0_1,5,0.001001951506924889,0.9465718027204275,0.9029807838960024,0.9932296306020593,0.0011802254192863019
00843-DYehNKdT76V,belief,91,cd,1_1_3,1_1,1,0.07985298511979043,0.9482779715530216,0.9575854652740334,0.9084999183286149,0.09679502932406842
00843-DYehNKdT76V,belief,91,cd,1_0_45,1_0,2,0.058569023381288506,0.9369813383206772,0.9705055843518378,0.9977215173508981,0.06455496707301805
00843-DYehNKdT76V,belief,91,cd,0_1_79,0_1,3,0.027562865250343283,0.9546214177331472,0.9238615509053325,0.942163503027099,0.033171111041681245
00843-DYehNKdT76V,belief,91,cd,1_0_48,1_0,4,0.01716781281800864,0.9812915258937414,0.946765474941883,0.9922180436923738,0.018623760933892054
00843-DYehNKdT76V,belief,91,cd,1_4_36,1_4,5,0.014545403976965878,0.9812424194111476,0.9324439268650434,0.9814712599410965,0.016197543743780306
00843-DYehNKdT76V,belief,92,ceiling arch,1_0_72,1_0,1,0.2457799214670402,0.9762748789960057,0.9508419371689807,0.9936451416701271,0.2664616084441604
00843-DYehNKdT76V,belief,92,ceiling arch,1_0_75,1_0,2,0.2372400423011643,0.8990516957114725,0.9495722420331363,0.9956064738257688,0.2791178464290611
00843-DYehNKdT76V,belief,92,ceiling arch,1_0_1,1_0,3,0.2225332405596905,0.9743841881695249,0.9268055340951193,0.9903242009044967,0.24882765909562687
00843-DYehNKdT76V,belief,92,ceiling arch,1_0_40,1_0,4,0.2223873000249327,0.997955247759819,0.9303702032087731,0.8666684737403839,0.27636950726679527
00843-DYehNKdT76V,belief,92,ceiling arch,1_0_41,1_0,5,0.21709695996499645,0.9892656579464179,0.9498801216735517,0.980986459699714,0.23550980719448986
00843-DYehNKdT76V,belief,93,ceiling chassis,1_4_0,1_4,1,0.8879245673602525,0.9804246213609729,0.9423301362899352,0.9994280541230464,0.9616283244837542
00843-DYehNKdT76V,belief,93,ceiling chassis,1_3_46,1_3,2,0.8838495215103801,0.997665286064148,0.9390750463007027,0.9989882373284186,0.9443495877001906
00843-DYehNKdT76V,belief,93,ceiling chassis,1_4_24,1_4,3,0.8434159064817645,0.9629307002565455,0.9235672927272752,0.9988569999216177,0.9494561072413914
00843-DYehNKdT76V,belief,93,ceiling chassis,1_4_19,1_4,4,0.8390568250183246,0.9624428408741458,0.9198721638333927,0.9996067656774116,0.948112263760518
00843-DYehNKdT76V,belief,93,ceiling chassis,1_4_22,1_4,5,0.7981124479929849,0.9672815098911934,0.9463730716398826,0.9995104484395971,0.8722911890514601
00843-DYehNKdT76V,belief,94,ceiling ladder,1_0_75,1_0,1,0.4475398080058574,0.8990516957114725,0.9495722420331363,0.9956064738257688,0.5265398968496869
00843-DYehNKdT76V,belief,94,ceiling ladder,1_2_62,1_2,2,0.24019819582471455,0.9041560348123312,0.9713335453551726,0.9916071173804174,0.27581528678046224
00843-DYehNKdT76V,belief,94,ceiling ladder,0_1_488,0_1,3,0.19987664761073026,0.9835072395284021,0.9189578532621974,0.9917984117453776,0.2229797856483895
00843-DYehNKdT76V,belief,94,ceiling ladder,0_1_509,0_1,4,0.17211486759211164,0.9912501490937016,0.938586374446736,0.9775860886164809,0.18923691674374352
00843-DYehNKdT76V,belief,94,ceiling ladder,1_2_34,1_2,5,0.15428849419390997,0.933191122530269,0.9560009706227346,0.9838769867285772,0.17577771159991737
00843-DYehNKdT76V,belief,95,ceramics,0_1_321,0_1,1,0.06204774892569372,0.9578993779326241,0.9173308618677394,0.9725186659632962,0.07260761784109511
00843-DYehNKdT76V,belief,95,ceramics,0_1_54,0_1,2,0.05474277809125388,0.8787351826826731,0.9538382149067297,0.9446861547979564,0.06913636625240502
00843-DYehNKdT76V,belief,95,ceramics,0_1_208,0_1,3,0.05015043550140369,0.8962178002609001,0.9301942472067293,0.9761515895842995,0.06162688667792824
00843-DYehNKdT76V,belief,95,ceramics,1_4_46,1_4,4,0.049458852660471835,0.9832984981831018,0.9263289348857762,0.9925758104909527,0.05470534290399587
00843-DYehNKdT76V,belief,95,ceramics,0_1_41,0_1,5,0.0443322289304679,0.9564920398416932,0.8987550674612226,0.9600550722549631,0.05371563432117203
00843-DYehNKdT76V,belief,96,chain,1_5_58,1_5,1,0.012852304753433817,0.9762915252017325,0.9644434330060133,0.9232870139629648,0.014783865679383673
00843-DYehNKdT76V,belief,96,chain,1_3_17,1_3,2,0.011861133577441445,0.8690947190574977,0.9810366913392876,0.9658898118088941,0.014402777452728208
00843-DYehNKdT76V,belief,96,chain,1_2_6,1_2,3,0.00953730334087137,0.9717031697083041,0.9029959305060997,0.9700015447237029,0.011205564957972938
00843-DYehNKdT76V,belief,96,chain,0_0_169,0_0,4,0.006419554323147471,0.9726494334985593,0.9150804559837692,0.8619427470636499,0.008367791311776613
00843-DYehNKdT76V,belief,96,chain,1_4_39,1_4,5,0.0043363662080562245,0.9456210992893489,0.9202724341958586,0.9748331021011885,0.005111661848026285
00843-DYehNKdT76V,belief,97,chair,0_1_12,0_1,1,0.7962548936428475,0.8534476121254355,0.9783152054248441,0.9995751487920441,0.9540716541831038
00843-DYehNKdT76V,belief,97,chair,1_0_2,1_0,2,0.7739246249957978,0.9744487553834915,0.9188136322037853,0.999579695244673,0.8647584302200548
00843-DYehNKdT76V,belief,97,chair,0_1_35,0_1,3,0.3939888752862814,0.8917396237148324,0.9758068521387169,0.9985837020112036,0.4534167478305397
00843-DYehNKdT76V,belief,97,chair,0_1_340,0_1,4,0.3156412043305297,0.7043139007356432,0.9281516128715035,0.9944313427455408,0.485549715578394
00843-DYehNKdT76V,belief,97,chair,0_1_442,0_1,5,0.20442709553954022,0.9719297564814138,0.9171112632911522,0.9984427750168912,0.22969861356126564
00843-DYehNKdT76V,belief,98,chair stand,0_1_12,0_1,1,0.5491241403013032,0.8534476121254355,0.9783152054248441,0.9995751487920441,0.6579598832884926
00843-DYehNKdT76V,belief,98,chair stand,1_0_2,1_0,2,0.08067229930970009,0.9744487553834915,0.9188136322037853,0.999579695244673,0.09014062695534135
00843-DYehNKdT76V,belief,98,chair stand,0_1_442,0_1,3,0.03204672031048288,0.9719297564814138,0.9171112632911522,0.9984427750168912,0.03600837357237603
00843-DYehNKdT76V,belief,98,chair stand,0_1_340,0_1,4,0.030518413181607255,0.7043139007356432,0.9281516128715035,0.9944313427455408,0.04694636389967687
00843-DYehNKdT76V,belief,98,chair stand,0_1_35,0_1,5,0.02827828236404996,0.8917396237148324,0.9758068521387169,0.9985837020112036,0.03254367731683944
00843-DYehNKdT76V,belief,99,chassis,0_1_445,0_1,1,0.1873496869776376,0.9930919171076771,0.9291705261612009,0.9572407295700266,0.21210305814813638
00843-DYehNKdT76V,belief,99,chassis,0_1_462,0_1,2,0.11192880307782521,0.9418686537947638,0.8993247118650758,0.9753604323971826,0.13547833649932262
00843-DYehNKdT76V,belief,99,chassis,0_1_452,0_1,3,0.03899985754742369,0.9782128563528049,0.9363186659281952,0.9857334346999445,0.043196293722851095
00843-DYehNKdT76V,belief,99,chassis,0_1_128,0_1,4,0.036025010859533954,0.9519296470004605,0.9141135570616024,0.9535277492001387,0.043417596825733505
00843-DYehNKdT76V,belief,99,chassis,0_1_532,0_1,5,0.034156232605053356,0.9816175516962742,0.9456351134277537,0.9686277826564825,0.03798806178397869
00843-DYehNKdT76V,belief,100,chest,1_1_28,1_1,1,0.3174922586247675,0.9129862756956192,0.9039442777997924,0.9996884497161163,0.3848243611023771
00843-DYehNKdT76V,belief,100,chest,0_1_50,0_1,2,0.21086410414844933,0.8995654442986935,0.9391863317821885,0.9979349621854272,0.2501012654750352
00843-DYehNKdT76V,belief,100,chest,1_1_56,1_1,3,0.20127464079722124,0.9670510478317738,0.9432970645824059,0.9942002087089924,0.2219306716328775
00843-DYehNKdT76V,belief,100,chest,1_1_58,1_1,4,0.12659063198416312,0.9100467182695866,0.9506012580489853,0.9939321030574233,0.14722541164549646
00843-DYehNKdT76V,belief,100,chest,1_3_26,1_3,5,0.11765488819835447,0.9036156361452257,0.9458904509131587,0.9783937814836982,0.14069274830935202
00843-DYehNKdT76V,belief,101,child car seat,0_1_445,0_1,1,0.0026204760275310547,0.9930919171076771,0.9291705261612009,0.9572407295700266,0.0029667035382320082
00843-DYehNKdT76V,belief,101,child car seat,0_0_138,0_0,2,0.0004448919072043436,0.9629630498312137,0.9064093631906223,0.927548297970935,0.0005495205864350627
00843-DYehNKdT76V,belief,101,child car seat,0_1_128,0_1,3,0.0003006813566275365,0.9519296470004605,0.9141135570616024,0.9535277492001387,0.00036238328882041206
00843-DYehNKdT76V,belief,101,child car seat,1_4_36,1_4,4,0.00014439917532686514,0.9812424194111476,0.9324439268650434,0.9814712599410965,0.0001608007562132069
00843-DYehNKdT76V,belief,101,child car seat,1_2_80,1_2,5,8.456230386458887e-05,0.9223813414573669,0.9999999999999999,0.7388555937006641,0.00012408141340014222
00843-DYehNKdT76V,belief,102,christmas tree,0_1_223,0_1,1,8.406410465394003e-06,0.9417414639677321,0.9365569549357925,0.8731500620167224,1.0915806207464355e-05
00843-DYehNKdT76V,belief,102,christmas tree,1_1_3,1_1,2,5.907653916344709e-06,0.9482779715530216,0.9575854652740334,0.9084999183286149,7.16105394446066e-06
00843-DYehNKdT76V,belief,102,christmas tree,0_0_9,0_0,3,5.27401641246185e-06,0.9793394401351101,0.8961672422804065,0.9761343014830198,6.15615566456333e-06
00843-DYehNKdT76V,belief,102,christmas tree,1_1_0,1_1,4,3.0876149365603676e-06,0.9772415238662819,0.9484882210408009,0.9782987840388347,3.40500508886708e-06
00843-DYehNKdT76V,belief,102,christmas tree,1_3_90,1_3,5,2.1479613197429377e-06,0.9919541122582689,0.9028651395659981,0.9685122018860778,2.4763207270339e-06
00843-DYehNKdT76V,belief,103,clarinet,1_3_17,1_3,1,0.013095560535041174,0.8690947190574977,0.9810366913392876,0.9658898118088941,0.015901721599666345
00843-DYehNKdT76V,belief,103,clarinet,0_1_53,0_1,2,0.01288044031051638,0.9487151085428531,0.9269034005105448,0.9650419908730198,0.01517798804041161
00843-DYehNKdT76V,belief,103,clarinet,0_1_124,0_1,3,0.011534807482546133,0.9608011469981835,0.907066288935392,0.8885370060988494,0.01489574711727759
00843-DYehNKdT76V,belief,103,clarinet,0_1_320,0_1,4,0.010475748556296164,0.875539102836659,0.919038387096194,0.880281086393772,0.014789534206943273
00843-DYehNKdT76V,belief,103,clarinet,1_3_50,1_3,5,0.008345651116479003,0.980957429950183,0.9405407460941836,0.9633131036565776,0.009389986799935628
00843-DYehNKdT76V,belief,104,cleaner,1_3_50,1_3,1,0.008876694320179656,0.980957429950183,0.9405407460941836,0.9633131036565776,0.009987482262344612
00843-DYehNKdT76V,belief,104,cleaner,0_0_150,0_0,2,0.006741638401266627,0.965007754848284,0.8903604479595748,0.9904448074336956,0.007922067027113715
00843-DYehNKdT76V,belief,104,cleaner,0_0_25,0_0,3,0.00564023091719239,0.976284574870167,0.9384715163509781,0.9897532177130224,0.006219742986868702
00843-DYehNKdT76V,belief,104,cleaner,0_0_138,0_0,4,0.004716242864700211,0.9629630498312137,0.9064093631906223,0.927548297970935,0.005825398265987916
00843-DYehNKdT76V,belief,104,cleaner,0_1_420,0_1,5,0.004147586308849099,0.9825936513287681,0.9419819677385479,0.9792284799116551,0.004576093117455593
00843-DYehNKdT76V,belief,105,clock,1_0_45,1_0,1,0.0018163444305164297,0.9369813383206772,0.9705055843518378,0.9977215173508981,0.002001980708162327
00843-DYehNKdT76V,belief,105,clock,0_0_9,0_0,2,0.0007475171845943149,0.9793394401351101,0.8961672422804065,0.9761343014830198,0.0008725479388773162
00843-DYehNKdT76V,belief,105,clock,1_2_76,1_2,3,0.0005828939565434683,0.942806341534569,0.9408458021327656,0.9921317006662198,0.0006623374009933022
00843-DYehNKdT76V,belief,105,clock,0_1_320,0_1,4,0.0004631190891401241,0.875539102836659,0.919038387096194,0.880281086393772,0.0006538258888057868
00843-DYehNKdT76V,belief,105,clock,1_5_6,1_5,5,0.0002798238470210919,0.9588170032024875,0.9146328304411353,0.9575547673228872,0.00033322577522341805
00843-DYehNKdT76V,belief,106,closet door,0_0_145,0_0,1,0.4488712997253057,0.9695527904292081,0.9045437754563475,0.9985646200638593,0.5125598848387186
00843-DYehNKdT76V,belief,106,closet door,1_4_13,1_4,2,0.3140925003410798,0.9290849016938865,0.9089086498394339,0.998957479001478,0.3723359110102581
00843-DYehNKdT76V,belief,106,closet door,1_4_6,1_4,3,0.30575789086507793,0.9666411922582983,0.9184609574384055,0.9989425840150374,0.34475545681225317
00843-DYehNKdT76V,belief,106,closet door,1_4_18,1_4,4,0.2738247552580125,0.9575281531012879,0.9216208302179869,0.9990265596312918,0.3105931261502651
00843-DYehNKdT76V,belief,106,closet door,1_4_1,1_4,5,0.27026098932396236,0.9806125017657669,0.9455969561560593,0.9990904794068838,0.2917259417030501
00843-DYehNKdT76V,belief,107,cloth,1_2_35,1_2,1,0.24612774120444486,0.9605170886231283,0.9185541082990387,0.9911884749713264,0.28144561242971694
00843-DYehNKdT76V,belief,107,cloth,1_2_33,1_2,2,0.21613109660026852,0.976415196027367,0.951046343889537,0.9950827511022778,0.23389549049327754
00843-DYehNKdT76V,belief,107,cloth,1_2_61,1_2,3,0.21098164392863294,0.975279491146601,0.9285463251383674,0.9950620313128739,0.23413257934111675
00843-DYehNKdT76V,belief,107,cloth,0_1_420,0_1,4,0.17214829855666594,0.9825936513287681,0.9419819677385479,0.9792284799116551,0.18993375557396044
00843-DYehNKdT76V,belief,107,cloth,1_1_44,1_1,5,0.1147127316019061,0.8411572927150172,0.8822237731068292,0.9704062293464167,0.15929497452861804
00843-DYehNKdT76V,belief,108,cloth holder,1_2_33,1_2,1,0.5154050429038539,0.976415196027367,0.951046343889537,0.9950827511022778,0.5577675642652334
00843-DYehNKdT76V,belief,108,cloth holder,1_2_61,1_2,2,0.503303057207515,0.975279491146601,0.9285463251383674,0.9950620313128739,0.5585303099359952
00843-DYehNKdT76V,belief,108,cloth holder,1_2_60,1_2,3,0.45346461252867465,0.956044105804844,0.8827508951188139,0.9923859109993982,0.541435486121802
00843-DYehNKdT76V,belief,108,cloth holder,1_2_35,1_2,4,0.2863248853278795,0.9605170886231283,0.9185541082990387,0.9911884749713264,0.32741080834945807
00843-DYehNKdT76V,belief,108,cloth holder,1_2_32,1_2,5,0.21057723331688077,0.8740630681386236,0.9406879058359745,0.9767290659430526,0.2622098322877062
00843-DYehNKdT76V,belief,109,clothes,1_2_35,1_2,1,0.0046023021145062985,0.9605170886231283,0.9185541082990387,0.9911884749713264,0.0052627051744154
00843-DYehNKdT76V,belief,109,clothes,1_2_33,1_2,2,0.0014321684546587284,0.976415196027367,0.951046343889537,0.9950827511022778,0.0015498822170459778
00843-DYehNKdT76V,belief,109,clothes,1_2_61,1_2,3,0.001397595765145138,0.975279491146601,0.9285463251383674,0.9950620313128739,0.0015509534160248544
00843-DYehNKdT76V,belief,109,clothes,0_0_150,0_0,4,0.001384359928000178,0.965007754848284,0.8903604479595748,0.9904448074336956,0.0016267547273385705
00843-DYehNKdT76V,belief,109,clothes,1_2_32,1_2,5,0.0011125914923740992,0.8740630681386236,0.9406879058359745,0.9767290659430526,0.0013853939669780761
00843-DYehNKdT76V,belief,110,clothes container,1_1_28,1_1,1,0.04108085006116146,0.9129862756956192,0.9039442777997924,0.9996884497161163,0.04979306250428293
00843-DYehNKdT76V,belief,110,clothes container,1_2_76,1_2,2,0.020858973479660866,0.942806341534569,0.9408458021327656,0.9921317006662198,0.023701872573586233
00843-DYehNKdT76V,belief,110,clothes container,1_2_21,1_2,3,0.020803813877214528,0.9611740614687216,0.9432227487922564,0.9947304795584492,0.023068599298931982
00843-DYehNKdT76V,belief,110,clothes container,0_0_25,0_0,4,0.020069192540645008,0.976284574870167,0.9384715163509781,0.9897532177130224,0.022131225013554995
00843-DYehNKdT76V,belief,110,clothes container,1_2_35,1_2,5,0.017828142138303547,0.9605170886231283,0.9185541082990387,0.9911884749713264,0.020386374807019398
00843-DYehNKdT76V,belief,111,clothes dryer,0_0_150,0_0,1,0.004173330706011065,0.965007754848284,0.8903604479595748,0.9904448074336956,0.004904060943571201
00843-DYehNKdT76V,belief,111,clothes dryer,1_2_32,1_2,2,0.004122493887783547,0.8740630681386236,0.9406879058359745,0.9767290659430526,0.005133311013238408
00843-DYehNKdT76V,belief,111,clothes dryer,0_0_139,0_0,3,0.003921063061153211,0.9773783838738362,0.9126945040022725,0.9537391599400015,0.004608780736868291
00843-DYehNKdT76V,belief,111,clothes dryer,1_2_35,1_2,4,0.002967200151226646,0.9605170886231283,0.9185541082990387,0.9911884749713264,0.0033929757762244917
00843-DYehNKdT76V,belief,111,clothes dryer,0_0_154,0_0,5,0.002463251640017167,0.9840763237948781,0.9170565567403103,0.9963283304427593,0.0027395636656171733
00843-DYehNKdT76V,belief,112,clothes rack,1_2_32,1_2,1,0.042333265290673404,0.8740630681386236,0.9406879058359745,0.9767290659430526,0.052713193241335124
00843-DYehNKdT76V,belief,112,clothes rack,1_2_33,1_2,2,0.006812032609675568,0.976415196027367,0.951046343889537,0.9950827511022778,0.007371931820820127
00843-DYehNKdT76V,belief,112,clothes rack,1_2_61,1_2,3,0.006640464391559538,0.975279491146601,0.9285463251383674,0.9950620313128739,0.00736912001948656
00843-DYehNKdT76V,belief,112,clothes rack,1_2_60,1_2,4,0.00649902323330933,0.956044105804844,0.8827508951188139,0.9923859109993982,0.007759815664604287
00843-DYehNKdT76V,belief,112,clothes rack,1_2_35,1_2,5,0.004724746210849418,0.9605170886231283,0.9185541082990387,0.9911884749713264,0.005402719272440487
00843-DYehNKdT76V,belief,113,clutter,1_2_76,1_2,1,0.027414068849682647,0.942806341534569,0.9408458021327656,0.9921317006662198,0.031150371193111176
00843-DYehNKdT76V,belief,113,clutter,0_0_150,0_0,2,0.019488786883934316,0.965007754848284,0.8903604479595748,0.9904448074336956,0.022901180214983802
00843-DYehNKdT76V,belief,113,clutter,0_1_43,0_1,3,0.012343447655085105,0.9578573671547751,0.9386031909532351,0.9900292851211923,0.013867736089792897
00843-DYehNKdT76V,belief,113,clutter,0_0_9,0_0,4,0.009463656563268513,0.9793394401351101,0.8961672422804065,0.9761343014830198,0.011046560799808435
00843-DYehNKdT76V,belief,113,clutter,0_1_109,0_1,5,0.009004490469017667,0.9295754133227316,0.8987265488833587,0.971491670014562,0.01109450325802734
00843-DYehNKdT76V,belief,114,coaster,0_1_452,0_1,1,0.003276165134716563,0.9782128563528049,0.9363186659281952,0.9857334346999445,0.003628684829725213
00843-DYehNKdT76V,belief,114,coaster,0_1_428,0_1,2,0.0029230375497785108,0.9504784226384762,0.9173926681949583,0.9634444529325344,0.0034794466887465266
00843-DYehNKdT76V,belief,114,coaster,0_1_462,0_1,3,0.002328233483426791,0.9418686537947638,0.8993247118650758,0.9753604323971826,0.0028180878437283614
00843-DYehNKdT76V,belief,114,coaster,1_4_36,1_4,4,0.002161434067783036,0.9812424194111476,0.9324439268650434,0.9814712599410965,0.0024069405647072087
00843-DYehNKdT76V,belief,114,coaster,0_1_68,0_1,5,0.0016741854045976986,0.9807724898576965,0.9417949559429695,0.9885360938827233,0.001833523094739942
00843-DYehNKdT76V,belief,115,coffee maker,0_0_57,0_0,1,0.018066188209649395,0.9566480149300038,0.9073182929576673,0.9990876571174966,0.020832965514188347
00843-DYehNKdT76V,belief,115,coffee maker,0_0_25,0_0,2,0.003325859322725773,0.976284574870167,0.9384715163509781,0.9897532177130224,0.003667578597674268
00843-DYehNKdT76V,belief,115,coffee maker,0_0_102,0_0,3,0.00161564128309524,0.9615525275664146,0.9240204314611016,0.9962270382349404,0.0018252906501678005
00843-DYehNKdT76V,belief,115,coffee maker,1_3_50,1_3,4,0.001590748617571729,0.980957429950183,0.9405407460941836,0.9633131036565776,0.001789807447320694
00843-DYehNKdT76V,belief,115,coffee maker,0_0_142,0_0,5,0.0014532474847950697,0.9700545578210277,0.9258395550042824,0.9976914336914685,0.0016218528365960123
00843-DYehNKdT76V,belief,116,coffee table,0_1_94,0_1,1,0.045417693327943875,0.9754185072358882,0.9304325087145628,0.998468580443847,0.050120431688159404
00843-DYehNKdT76V,belief,116,coffee table,0_1_63,0_1,2,0.04411733433877077,0.9858522040282981,0.9259267088183989,0.9984743510336652,0.04840429811475692
00843-DYehNKdT76V,belief,116,coffee table,0_1_50,0_1,3,0.03596315768660907,0.8995654442986935,0.9391863317821885,0.9979349621854272,0.04265510853173495
00843-DYehNKdT76V,belief,116,coffee table,0_1_230,0_1,4,0.03496026587357564,0.966884124160759,0.8746091939308842,0.9986739684526543,0.04139639568086287
00843-DYehNKdT76V,belief,116,coffee table,0_1_68,0_1,5,0.02416765954988004,0.9807724898576965,0.9417949559429695,0.9885360938827233,0.02646777460180128
00843-DYehNKdT76V,belief,117,compressor,0_1_462,0_1,1,0.03246867874065547,0.9418686537947638,0.8993247118650758,0.9753604323971826,0.039300005567435514
00843-DYehNKdT76V,belief,117,compressor,0_0_25,0_0,2,0.015271919853130813,0.976284574870167,0.9384715163509781,0.9897532177130224,0.016841050977716772
00843-DYehNKdT76V,belief,117,compressor,1_3_50,1_3,3,0.009993832419766842,0.980957429950183,0.9405407460941836,0.9633131036565776,0.011244413790205375
00843-DYehNKdT76V,belief,117,compressor,0_0_139,0_0,4,0.007079910256803143,0.9773783838738362,0.9126945040022725,0.9537391599400015,0.008321660096105144
00843-DYehNKdT76V,belief,117,compressor,1_3_52,1_3,5,0.006933367806357104,0.9748788397992171,0.9318979332745038,0.9819365536129354,0.0077721615596341945
00843-DYehNKdT76V,belief,118,computer,1_0_45,1_0,1,0.4805345999129419,0.9369813383206772,0.9705055843518378,0.9977215173508981,0.5296467908108632
00843-DYehNKdT76V,belief,118,computer,0_1_540,0_1,2,0.15819868478728677,0.9827531129271098,0.9459855066032241,0.9815486973495555,0.17336527258343368
00843-DYehNKdT76V,belief,118,computer,1_4_36,1_4,3,0.1560961358063129,0.9812424194111476,0.9324439268650434,0.9814712599410965,0.17382631599381917
00843-DYehNKdT76V,belief,118,computer,0_1_342,0_1,4,0.09778067902527088,0.9546106727032884,0.928778995754004,0.9943175272880346,0.1109147444700361
00843-DYehNKdT76V,belief,118,computer,1_3_50,1_3,5,0.07807002816890979,0.980957429950183,0.9405407460941836,0.9633131036565776,0.08783934575567877
00843-DYehNKdT76V,belief,119,computer equipment,1_0_45,1_0,1,0.0003916207384713607,0.9369813383206772,0.9705055843518378,0.9977215173508981,0.00043164564504598584
00843-DYehNKdT76V,belief,119,computer equipment,0_1_540,0_1,2,0.0002758654926387089,0.9827531129271098,0.9459855066032241,0.9815486973495555,0.00030231285672177946
00843-DYehNKdT76V,belief,119,computer equipment,1_4_36,1_4,3,0.0001941563516842884,0.9812424194111476,0.9324439268650434,0.9814712599410965,0.00021620960163906434
00843-DYehNKdT76V,belief,119,computer equipment,1_2_32,1_2,4,0.0001534787921019217,0.8740630681386236,0.9406879058359745,0.9767290659430526,0.0001911111078005531
00843-DYehNKdT76V,belief,119,computer equipment,1_2_76,1_2,5,0.0001310211882922261,0.942806341534569,0.9408458021327656,0.9921317006662198,0.00014887825196049296
00843-DYehNKdT76V,belief,120,cone,0_1_32,0_1,1,0.17116077207916855,0.9519735498216451,0.9189764084002812,0.9524318186699501,0.2054192298685214
00843-DYehNKdT76V,belief,120,cone,1_3_40,1_3,2,0.16922953086344525,0.9852132399876913,0.9117462835944191,0.9840212788428917,0.19145531147123498
00843-DYehNKdT76V,belief,120,cone,0_1_203,0_1,3,0.13937394900774558,0.8076528700569617,0.9123548348488317,0.9465244035251551,0.19983026825439434
00843-DYehNKdT76V,belief,120,cone,0_0_96,0_0,4,0.1353066572367753,0.9637162017306503,0.9270797046271217,0.9624881514546729,0.1573466637694075
00843-DYehNKdT76V,belief,120,cone,1_2_39,1_2,5,0.10024148861657063,0.8464411585419266,0.9365808972280663,0.942452895625915,0.13416702374372916
00843-DYehNKdT76V,belief,121,construction stuff,1_2_34,1_2,1,0.05575968399750854,0.933191122530269,0.9560009706227346,0.9838769867285772,0.06352586240357162
00843-DYehNKdT76V,belief,121,construction stuff,1_2_64,1_2,2,0.022399482157728922,0.7319434993702267,0.9507857821350567,0.9745847231271911,0.03302616467299731
00843-DYehNKdT76V,belief,121,construction stuff,1_3_73,1_3,3,0.004217614690448841,0.991524585483728,0.9502318480229848,0.996435596183846,0.0044924639229609415
00843-DYehNKdT76V,belief,121,construction stuff,0_1_108,0_1,4,0.003088279642775254,0.9527909275115471,0.9336435137230255,0.9942633545745142,0.0034916965047239903
00843-DYehNKdT76V,belief,121,construction stuff,0_1_499,0_1,5,0.00224489478275781,0.9845086303245053,0.9039098978841471,0.9953232260848021,0.002534470161043298
00843-DYehNKdT76V,belief,122,container,0_0_25,0_0,1,0.08062248328085131,0.976284574870167,0.9384715163509781,0.9897532177130224,0.08890613386794238
00843-DYehNKdT76V,belief,122,container,0_0_69,0_0,2,0.04123062910633948,0.9899780835122496,0.93172948299191,0.9937335088752389,0.04498156988426327
00843-DYehNKdT76V,belief,122,container,1_2_76,1_2,3,0.038638280844087075,0.942806341534569,0.9408458021327656,0.9921317006662198,0.04390434696712022
00843-DYehNKdT76V,belief,122,container,1_2_21,1_2,4,0.029732473264545124,0.9611740614687216,0.9432227487922564,0.9947304795584492,0.03296926784454748
00843-DYehNKdT76V,belief,122,container,0_1_342,0_1,5,0.025702887416607922,0.9546106727032884,0.928778995754004,0.9943175272880346,0.02915534253160988
00843-DYehNKdT76V,belief,123,controller,1_0_45,1_0,1,0.021784810904521067,0.9369813383206772,0.9705055843518378,0.9977215173508981,0.024011289064494956
00843-DYehNKdT76V,belief,123,controller,1_2_80,1_2,2,0.01294366389060332,0.9223813414573669,0.9999999999999999,0.7388555937006641,0.01899271941188203
00843-DYehNKdT76V,belief,123,controller,0_0_138,0_0,3,0.011851366824462741,0.9629630498312137,0.9064093631906223,0.927548297970935,0.014638544648654443
00843-DYehNKdT76V,belief,123,controller,1_3_26,1_3,4,0.008812607491506166,0.9036156361452257,0.9458904509131587,0.9783937814836982,0.01053819341242575
00843-DYehNKdT76V,belief,123,controller,1_3_50,1_3,5,0.008481692243095645,0.980957429950183,0.9405407460941836,0.9633131036565776,0.009543051475818892
00843-DYehNKdT76V,belief,124,cosmetics,1_2_76,1_2,1,0.003199284954636612,0.942806341534569,0.9408458021327656,0.9921317006662198,0.003635320040812548
00843-DYehNKdT76V,belief,124,cosmetics,1_3_92,1_3,2,0.0005731160132003416,0.9539646483921005,0.9109889261068271,0.9737320247632445,0.0006772635622791196
00843-DYehNKdT76V,belief,124,cosmetics,0_1_292,0_1,3,0.0005212506077843291,0.9849543831680181,0.9395454496160889,0.923930123457731,0.0006096401155691967
00843-DYehNKdT76V,belief,124,cosmetics,1_3_50,1_3,4,0.0003785519722179481,0.980957429950183,0.9405407460941836,0.9633131036565776,0.0004259221926012889
00843-DYehNKdT76V,belief,124,cosmetics,0_0_9,0_0,5,0.00036637040552662224,0.9793394401351101,0.8961672422804065,0.9761343014830198,0.0004276500243688604
00843-DYehNKdT76V,belief,125,counter door,0_1_88,0_1,1,0.11398855201759993,0.8068283026811307,0.89866319097309,0.9914132177713244,0.15857271218719882
00843-DYehNKdT76V,belief,125,counter door,0_1_338,0_1,2,0.09022547046685453,0.9090179512898127,0.9252080694707244,0.9943072831290704,0.10789384320413446
00843-DYehNKdT76V,belief,125,counter door,0_1_438,0_1,3,0.0893645619989094,0.9830626154244656,0.9492579773117595,0.9908523367719705,0.09664757396136195
00843-DYehNKdT76V,belief,125,counter door,0_1_439,0_1,4,0.08486276687019671,0.9870778436694082,0.948019001542812,0.990459161420997,0.09156134594501492
00843-DYehNKdT76V,belief,125,counter door,0_1_429,0_1,5,0.08332504091918086,0.9939725392920908,0.949394733205156,0.9939954447027457,0.08883210166927814
00843-DYehNKdT76V,belief,126,countertop,0_0_17,0_0,1,0.7799896620291763,0.9635192503885737,0.9246961186519229,0.9985023703870164,0.8767591677406739
00843-DYehNKdT76V,belief,126,countertop,0_0_37,0_0,2,0.7023052102937108,0.8795511667490901,0.9073970108593561,0.998976729666404,0.880870498714555
00843-DYehNKdT76V,belief,126,countertop,0_0_95,0_0,3,0.6990414106033116,0.9505550794487503,0.9423406091762935,0.9977488792904838,0.7821615470886515
00843-DYehNKdT76V,belief,126,countertop,0_0_58,0_0,4,0.49465036175172494,0.9193920477192993,0.9037929150313426,0.9974349191612328,0.596820987855437
00843-DYehNKdT76V,belief,126,countertop,0_0_212,0_0,5,0.4884107504017767,0.9651572773124201,0.9223353803413484,0.9965232324819965,0.5505678260858837
00843-DYehNKdT76V,belief,127,countertop item,0_0_95,0_0,1,0.8234631906719515,0.9505550794487503,0.9423406091762935,0.9977488792904838,0.9213778088348913
00843-DYehNKdT76V,belief,127,countertop item,0_0_17,0_0,2,0.7917806486761183,0.9635192503885737,0.9246961186519229,0.9985023703870164,0.8900130044806634
00843-DYehNKdT76V,belief,127,countertop item,0_0_123,0_0,3,0.766045671969223,0.9660400190361402,0.9710295474738031,0.9979791327449484,0.8182869773818012
00843-DYehNKdT76V,belief,127,countertop item,0_0_37,0_0,4,0.7467613286091991,0.8795511667490901,0.9073970108593561,0.998976729666404,0.9366298502578823
00843-DYehNKdT76V,belief,127,countertop item,0_0_117,0_0,5,0.7177989701840641,0.9786760296314895,0.9322209905959253,0.9938631985420928,0.7916229790950756
00843-DYehNKdT76V,belief,128,cover,1_3_78,1_3,1,0.038338197833394594,0.9914629704982698,0.9538801574170834,0.8623652928701938,0.04700782002360819
00843-DYehNKdT76V,belief,128,cover,0_1_342,0_1,2,0.020833257882762503,0.9546106727032884,0.928778995754004,0.9943175272880346,0.023631616159545964
00843-DYehNKdT76V,belief,128,cover,1_4_12,1_4,3,0.020409846325082966,0.9522456883316854,0.9150609068452498,0.9862340788858767,0.023749841339250243
00843-DYehNKdT76V,belief,128,cover,0_0_77,0_0,4,0.016996989494784377,0.9700230892790227,0.920947780438207,0.9945935380758383,0.0191297500413348
00843-DYehNKdT76V,belief,128,cover,1_4_36,1_4,5,0.016898173765912943,0.9812424194111476,0.9324439268650434,0.9814712599410965,0.0188175528982778
00843-DYehNKdT76V,belief,129,cross,1_3_85,1_3,1,0.013537089624186503,0.989795633269982,0.9321050890090511,0.9641188856602314,0.01521893637898029
00843-DYehNKdT76V,belief,129,cross,0_1_320,0_1,2,0.007904726894964152,0.875539102836659,0.919038387096194,0.880281086393772,0.011159797143026395
00843-DYehNKdT76V,belief,129,cross,0_1_278,0_1,3,0.00665582955743772,0.9750236187347028,0.8859745788298536,0.9758054376619023,0.007895916757581887
00843-DYehNKdT76V,belief,129,cross,1_3_83,1_3,4,0.006310363773089384,0.9896177388621294,0.9425867569886984,0.9793326350815497,0.006907730148276273
00843-DYehNKdT76V,belief,129,cross,0_1_53,0_1,5,0.006294833086322201,0.9487151085428531,0.9269034005105448,0.9650419908730198,0.007417673541996743
00843-DYehNKdT76V,belief,130,crutches,1_4_63,1_4,1,0.019009272263251418,0.9735288401675414,0.8720791997452002,0.9712938048228785,0.023052080230504108
00843-DYehNKdT76V,belief,130,crutches,0_1_53,0_1,2,0.009875988989037684,0.9487151085428531,0.9269034005105448,0.9650419908730198,0.01163761790351725
00843-DYehNKdT76V,belief,130,crutches,0_1_69,0_1,3,0.005639228922792132,0.9603566802907114,0.8756023213243957,0.9739156687768643,0.006885871375203732
00843-DYehNKdT76V,belief,130,crutches,1_4_39,1_4,4,0.005112481691550098,0.9456210992893489,0.9202724341958586,0.9748331021011885,0.00602653843277313
00843-DYehNKdT76V,belief,130,crutches,0_1_245,0_1,5,0.005040826266704653,0.9696652947547207,0.9573264602267528,0.9382533228471892,0.005787615932876051
00843-DYehNKdT76V,belief,131,cup,0_0_57,0_0,1,0.00960728240717886,0.9566480149300038,0.9073182929576673,0.9990876571174966,0.01107860610944614
00843-DYehNKdT76V,belief,131,cup,0_1_203,0_1,2,0.007404790052711144,0.8076528700569617,0.9123548348488317,0.9465244035251551,0.010616770157804064
00843-DYehNKdT76V,belief,131,cup,1_4_49,1_4,3,0.006792721169148437,0.9814338362959883,0.9309150502804346,0.8210477265133794,0.009055330515054891
00843-DYehNKdT76V,belief,131,cup,0_1_32,0_1,4,0.006765549165224068,0.9519735498216451,0.9189764084002812,0.9524318186699501,0.008119698703597347
00843-DYehNKdT76V,belief,131,cup,1_3_50,1_3,5,0.0060842449459764195,0.980957429950183,0.9405407460941836,0.9633131036565776,0.006845598855370913
00843-DYehNKdT76V,belief,132,curb,1_4_69,1_4,1,0.03634626426406656,0.9560002726693116,0.9494992903207446,0.975985381475487,0.041026437458655654
00843-DYehNKdT76V,belief,132,curb,0_1_420,0_1,2,0.02299485802278659,0.9825936513287681,0.9419819677385479,0.9792284799116551,0.025370565842219025
00843-DYehNKdT76V,belief,132,curb,1_2_77,1_2,3,0.01759441054588487,0.9046247520577104,0.9425694513864845,0.9827509224583227,0.02099662223416978
00843-DYehNKdT76V,belief,132,curb,1_4_39,1_4,4,0.016339376614260895,0.9456210992893489,0.9202724341958586,0.9748331021011885,0.019260681421343507
00843-DYehNKdT76V,belief,132,curb,0_1_70,0_1,5,0.015621887646563323,0.8953596540787317,0.9152170607830787,0.9889944893634914,0.01927604849694298
00843-DYehNKdT76V,belief,133,curtain,1_1_23,1_1,1,0.9231077621581899,0.9979310076412055,0.9408737620085575,0.9883676984146165,0.9947225986230733
00843-DYehNKdT76V,belief,133,curtain,1_0_50,1_0,2,0.9170897097265216,0.9882330632331419,0.9675437053894544,0.9879764926699566,0.9708122265495271
00843-DYehNKdT76V,belief,133,curtain,1_0_22,1_0,3,0.8939721782645935,0.9978475291342955,0.9293567834858206,0.9869416972202768,0.9767554559255313
00843-DYehNKdT76V,belief,133,curtain,1_1_43,1_1,4,0.8735051118339411,0.985035294275015,0.9179177555488434,0.9807857005898704,0.9849989398786657
00843-DYehNKdT76V,belief,133,curtain,1_0_26,1_0,5,0.8722825540001852,0.9913482537349477,0.9340498845733692,0.9629130275488581,0.9783039499760174
00843-DYehNKdT76V,belief,134,cushion,0_1_123,0_1,1,0.8525685701875403,0.9632089511192938,0.926642182811606,0.9993958727954864,0.9557827555025661
00843-DYehNKdT76V,belief,134,cushion,1_0_18,1_0,2,0.8386276555129053,0.9733058395827315,0.9354326086439443,0.9996794761528706,0.9213965249996793
00843-DYehNKdT76V,belief,134,cushion,0_1_72,0_1,3,0.8080989428475207,0.9538971398803061,0.904123432474097,0.9996092986742131,0.937356897432623
00843-DYehNKdT76V,belief,134,cushion,0_1_51,0_1,4,0.8014986953752063,0.9323722916787028,0.8993007950618863,0.9986318654797743,0.9572008241443533
00843-DYehNKdT76V,belief,134,cushion,0_1_332,0_1,5,0.6525265258056682,0.9728513024085096,0.9384970303279212,0.9884579993784934,0.7230371015921129
00843-DYehNKdT76V,belief,135,cutlery,0_1_292,0_1,1,0.004159820752625714,0.9849543831680181,0.9395454496160889,0.923930123457731,0.004865209875068707
00843-DYehNKdT76V,belief,135,cutlery,1_1_3,1_1,2,0.0033255126225873615,0.9482779715530216,0.9575854652740334,0.9084999183286149,0.004031071491416627
00843-DYehNKdT76V,belief,135,cutlery,1_3_90,1_3,3,0.0032691253781729516,0.9919541122582689,0.9028651395659981,0.9685122018860778,0.003768877427555844
00843-DYehNKdT76V,belief,135,cutlery,0_1_60,0_1,4,0.0028001353733123403,0.9011764946656349,0.9205624417018885,0.8804587910182403,0.0038336007941295923
00843-DYehNKdT76V,belief,135,cutlery,0_1_540,0_1,5,0.0027811305597836423,0.9827531129271098,0.9459855066032241,0.9815486973495555,0.0030477589509375967
00843-DYehNKdT76V,belief,136,cyp,1_5_2,1_5,1,0.004813383749598945,0.9772781643307129,0.9378769255774422,0.7474623370007657,0.007025821739929502
00843-DYehNKdT76V,belief,136,cyp,1_3_92,1_3,2,0.002784554838213155,0.9539646483921005,0.9109889261068271,0.9737320247632445,0.003290568550962057
00843-DYehNKdT76V,belief,136,cyp,0_0_9,0_0,3,0.002559762232817443,0.9793394401351101,0.8961672422804065,0.9761343014830198,0.0029879115909194885
00843-DYehNKdT76V,belief,136,cyp,1_3_50,1_3,4,0.0024403200884379984,0.980957429950183,0.9405407460941836,0.9633131036565776,0.0027456903120242244
00843-DYehNKdT76V,belief,136,cyp,0_1_292,0_1,5,0.0018587578048560075,0.9849543831680181,0.9395454496160889,0.923930123457731,0.0021739510823485138
00843-DYehNKdT76V,belief,137,dartboard,0_0_96,0_0,1,0.0003670676649046266,0.9637162017306503,0.9270797046271217,0.9624881514546729,0.0004268590594866308
00843-DYehNKdT76V,belief,137,dartboard,1_5_62,1_5,2,0.00019708674999107618,0.9268858283758163,0.8904872291270499,0.9721784008147654,0.00024561649095615636
00843-DYehNKdT76V,belief,137,dartboard,0_1_462,0_1,3,0.00018683639658396373,0.9418686537947638,0.8993247118650758,0.9753604323971826,0.00022614629577628239
00843-DYehNKdT76V,belief,137,dartboard,0_0_150,0_0,4,0.0001455660886319457,0.965007754848284,0.8903604479595748,0.9904448074336956,0.00017105401422900227
00843-DYehNKdT76V,belief,137,dartboard,1_3_50,1_3,5,0.00010826210537600623,0.980957429950183,0.9405407460941836,0.9633131036565776,0.00012180951806224432
00843-DYehNKdT76V,belief,138,decoder,1_0_45,1_0,1,0.00747510728654027,0.9369813383206772,0.9705055843518378,0.9977215173508981,0.008239087437200636
00843-DYehNKdT76V,belief,138,decoder,0_1_462,0_1,2,0.002891820946405449,0.9418686537947638,0.8993247118650758,0.9753604323971826,0.0035002526650847778
00843-DYehNKdT76V,belief,138,decoder,0_1_320,0_1,3,0.002576026567385333,0.875539102836659,0.919038387096194,0.880281086393772,0.0036368029293183195
00843-DYehNKdT76V,belief,138,decoder,0_1_50,0_1,4,0.002257312261671019,0.8995654442986935,0.9391863317821885,0.9979349621854272,0.002677348311587377
00843-DYehNKdT76V,belief,138,decoder,1_0_60,1_0,5,0.002233389349872534,0.9772412829792712,0.9570026725374263,0.9890292445386574,0.002414573064640348
00843-DYehNKdT76V,belief,139,decoration,1_1_54,1_1,1,0.16240230376803189,0.9653359834765375,0.9290120495009806,0.9929137343254256,0.18238151778624515
00843-DYehNKdT76V,belief,139,decoration,1_2_41,1_2,2,0.13086112374127126,0.9645901119085067,0.9372154297693613,0.9590297172630452,0.15093721939253466
00843-DYehNKdT76V,belief,139,decoration,1_2_77,1_2,3,0.12380794355216612,0.9046247520577104,0.9425694513864845,0.9827509224583227,0.14774854852766028
00843-DYehNKdT76V,belief,139,decoration,0_1_347,0_1,4,0.12010189267594207,0.9723025125052117,0.9667225597052589,0.9912026878725284,0.1289092610457415
00843-DYehNKdT76V,belief,139,decoration,1_2_6,1_2,5,0.11944811370154232,0.9717031697083041,0.9029959305060997,0.9700015447237029,0.14034193412450274
00843-DYehNKdT76V,belief,140,dehumidifier,1_3_100,1_3,1,0.1132469224211411,0.9729776792072676,0.9252712682718263,0.9970007787074296,0.1261708291463063
00843-DYehNKdT76V,belief,140,dehumidifier,1_2_93,1_2,2,0.034457947365857354,0.988826739616119,0.9444068124131855,0.9993898754206286,0.03692114362338538
00843-DYehNKdT76V,belief,140,dehumidifier,1_0_46,1_0,3,0.03202922235686851,0.9766478869198547,0.9697274512303701,0.9973388158669725,0.03390907695840408
00843-DYehNKdT76V,belief,140,dehumidifier,0_0_101,0_0,4,0.03019614318587871,0.9752812408203979,0.925048427674542,0.9902461044195359,0.033799789329860115
00843-DYehNKdT76V,belief,140,dehumidifier,1_2_8,1_2,5,0.02862572388950106,0.9581775420882139,0.9282105552716371,0.9971090713383908,0.032279092790543334
00843-DYehNKdT76V,belief,141,den,1_2_27,1_2,1,0.028987456244171036,0.9674167350531127,0.9296426970478491,0.9941848102430182,0.03242002346342823
00843-DYehNKdT76V,belief,141,den,1_4_77,1_4,2,0.02618819770465034,0.8406792395086173,0.9612428118307887,0.9941711027991992,0.03259725632695328
00843-DYehNKdT76V,belief,141,den,1_3_81,1_3,3,0.024553783916880394,0.9834038334840547,0.9578503178370077,0.9809958302355481,0.026571845803401228
00843-DYehNKdT76V,belief,141,den,1_0_44,1_0,4,0.023515625301858394,0.8112900507763298,0.9255715423682207,0.9944902927175553,0.03148979546860883
00843-DYehNKdT76V,belief,141,den,1_3_76,1_3,5,0.0231303901209668,0.9844064164707843,0.9494789027194289,0.9858562686499828,0.02510207370321436
00843-DYehNKdT76V,belief,142,desk,0_0_249,0_0,1,0.17748372478160737,0.9871110901108423,0.9355290027828591,0.9932174865073262,0.19350442037043694
00843-DYehNKdT76V,belief,142,desk,0_0_238,0_0,2,0.047723026282934775,0.9689564463412348,0.925283635853358,0.9946061979524056,0.05351772910082558
00843-DYehNKdT76V,belief,142,desk,0_0_216,0_0,3,0.04505467955777355,0.9370253599035429,0.9183297121669561,0.9961723880482038,0.052560008231983146
00843-DYehNKdT76V,belief,142,desk,0_0_241,0_0,4,0.04292483094890238,0.9674444794883864,0.9261454136944531,0.9925045040570648,0.04826928613327511
00843-DYehNKdT76V,belief,142,desk,0_0_236,0_0,5,0.03728578100452546,0.9626843109351246,0.9342692401780194,0.9971659878488995,0.04157381155393507
00843-DYehNKdT76V,belief,143,desk door,0_1_342,0_1,1,0.06507787383912761,0.9546106727032884,0.928778995754004,0.9943175272880346,0.07381924342798447
00843-DYehNKdT76V,belief,143,desk door,0_0_145,0_0,2,0.056874828860133675,0.9695527904292081,0.9045437754563475,0.9985646200638593,0.0649445748672545
00843-DYehNKdT76V,belief,143,desk door,0_1_473,0_1,3,0.04990027331881781,0.9628667152879408,0.9102321780701836,0.9976321044008687,0.05707082482649474
00843-DYehNKdT76V,belief,143,desk door,0_1_81,0_1,4,0.037310788695063386,0.9438604790924113,0.945442772420894,0.9964567899181509,0.04195975180225119
00843-DYehNKdT76V,belief,143,desk door,1_5_34,1_5,5,0.032584794667368605,0.9636074929538823,0.9338425113125306,0.9880871280557044,0.036647633714066284
00843-DYehNKdT76V,belief,144,dinnerware,0_1_292,0_1,1,0.0009488167193629407,0.9849543831680181,0.9395454496160889,0.923930123457731,0.0011097094675921056
00843-DYehNKdT76V,belief,144,dinnerware,1_1_3,1_1,2,0.0006734721622584524,0.9482779715530216,0.9575854652740334,0.9084999183286149,0.0008163596839486786
00843-DYehNKdT76V,belief,144,dinnerware,1_4_46,1_4,3,0.0006128357193119618,0.9832984981831018,0.9263289348857762,0.9925758104909527,0.0006778440332800475
00843-DYehNKdT76V,belief,144,dinnerware,0_1_103,0_1,4,0.000505886969729491,0.9779813712261715,0.9412826395790822,0.9723560330100327,0.0005651679804095074
00843-DYehNKdT76V,belief,144,dinnerware,0_1_60,0_1,5,0.00043861161383673404,0.9011764946656349,0.9205624417018885,0.8804587910182403,0.0006004930501377611
00843-DYehNKdT76V,belief,145,diploma,1_1_3,1_1,1,0.00018081495153600063,0.9482779715530216,0.9575854652740334,0.9084999183286149,0.00021917763637642107
00843-DYehNKdT76V,belief,145,diploma,1_0_29,1_0,2,0.00014337576322044174,0.953532313458504,0.9359291153099546,0.7947149285463072,0.00020215570349126118
00843-DYehNKdT76V,belief,145,diploma,1_1_54,1_1,3,0.00014169094282181447,0.9653359834765375,0.9290120495009806,0.9929137343254256,0.00015912218366876047
00843-DYehNKdT76V,belief,145,diploma,1_0_55,1_0,4,0.00013348467722747542,0.9671517548377282,0.9733602082365177,0.8921241249202492,0.00015894172415301453
00843-DYehNKdT76V,belief,145,diploma,1_3_92,1_3,5,0.00012875171431922365,0.9539646483921005,0.9109889261068271,0.9737320247632445,0.00015214867964071218
00843-DYehNKdT76V,belief,146,dirt ground,1_1_3,1_1,1,0.006151977110563302,0.9482779715530216,0.9575854652740334,0.9084999183286149,0.007457214078154618
00843-DYehNKdT76V,belief,146,dirt ground,1_3_36,1_3,2,0.004331561079486892,0.9859456788137477,0.9241327409304635,0.9538394108799035,0.004984043625795047
00843-DYehNKdT76V,belief,146,dirt ground,0_1_287,0_1,3,0.0017119658068913723,0.9723087137848635,0.8996826532640724,0.9693083864753251,0.0020190152122166786
00843-DYehNKdT76V,belief,146,dirt ground,0_0_169,0_0,4,0.0014831366236291667,0.9726494334985593,0.9150804559837692,0.8619427470636499,0.00193324600566617
00843-DYehNKdT76V,belief,146,dirt ground,0_1_288,0_1,5,0.001212739001711205,0.9317620823687585,0.9218295926624155,0.9745432024092838,0.0014488071123907999
00843-DYehNKdT76V,belief,147,dish rack,0_0_63,0_0,1,0.0032121365302755877,0.9822504664022416,0.9292111171508732,0.9953290798923438,0.0035358241920287674
00843-DYehNKdT76V,belief,147,dish rack,0_1_540,0_1,2,0.0023645345706755894,0.9827531129271098,0.9459855066032241,0.9815486973495555,0.0025912236939852782
00843-DYehNKdT76V,belief,147,dish rack,0_0_234,0_0,3,0.001532123112896431,0.9817754198402555,0.9263067327617236,0.9968672331720936,0.0016900103632016424
00843-DYehNKdT76V,belief,147,dish rack,1_5_6,1_5,4,0.0013578391936768146,0.9588170032024875,0.9146328304411353,0.9575547673228872,0.0016169709006523397
00843-DYehNKdT76V,belief,147,dish rack,0_0_102,0_0,5,0.001251955873831923,0.9615525275664146,0.9240204314611016,0.9962270382349404,0.0014144125771223925
00843-DYehNKdT76V,belief,148,dishwasher,0_0_86,0_0,1,0.00856055117449278,0.9155708958482027,0.9355162482765199,0.9983119421727547,0.01001133854412112
00843-DYehNKdT76V,belief,148,dishwasher,0_0_144,0_0,2,0.007816897718313686,0.9737235929650766,0.8996712706440089,0.9974611825807562,0.008945793739777084
00843-DYehNKdT76V,belief,148,dishwasher,0_0_142,0_0,3,0.007517621121056903,0.9700545578210277,0.9258395550042824,0.9976914336914685,0.008389813343705569
00843-DYehNKdT76V,belief,148,dishwasher,0_1_540,0_1,4,0.006781312592040473,0.9827531129271098,0.9459855066032241,0.9815486973495555,0.0074314404545988075
00843-DYehNKdT76V,belief,148,dishwasher,0_0_137,0_0,5,0.006618170232328213,0.9661058448890989,0.9250988689991797,0.9974792288961557,0.007423713677997749
00843-DYehNKdT76V,belief,149,dispenser,0_0_25,0_0,1,0.2767673663017956,0.976284574870167,0.9384715163509781,0.9897532177130224,0.3052041504723726
00843-DYehNKdT76V,belief,149,dispenser,1_3_52,1_3,2,0.0566677480827209,0.9748788397992171,0.9318979332745038,0.9819365536129354,0.0635233706937822
00843-DYehNKdT76V,belief,149,dispenser,1_2_76,1_2,3,0.0359553593150341,0.942806341534569,0.9408458021327656,0.9921317006662198,0.04085576625587141
00843-DYehNKdT76V,belief,149,dispenser,1_3_26,1_3,4,0.02854529643741348,0.9036156361452257,0.9458904509131587,0.9783937814836982,0.03413471610558232
00843-DYehNKdT76V,belief,149,dispenser,1_3_50,1_3,5,0.024435948255292397,0.980957429950183,0.9405407460941836,0.9633131036565776,0.02749374834373751
00843-DYehNKdT76V,belief,150,display case,0_0_102,0_0,1,0.007621347823536067,0.9615525275664146,0.9240204314611016,0.9962270382349404,0.008610311626431158
00843-DYehNKdT76V,belief,150,display case,0_0_234,0_0,2,0.004333305581596742,0.9817754198402555,0.9263067327617236,0.9968672331720936,0.004779858275209676
00843-DYehNKdT76V,belief,150,display case,0_0_135,0_0,3,0.003756614299229629,0.9495595099866796,0.9119729705539621,0.996555473117176,0.004353023124438879
00843-DYehNKdT76V,belief,150,display case,0_1_94,0_1,4,0.003649122679930468,0.9754185072358882,0.9304325087145628,0.998468580443847,0.004026968139499042
00843-DYehNKdT76V,belief,150,display case,0_1_471,0_1,5,0.002692302959656632,0.9939923349997591,0.9228239798167677,0.9980069662780983,0.0029409554729553787
00843-DYehNKdT76V,belief,151,document,1_4_36,1_4,1,0.03101198721814086,0.9812424194111476,0.9324439268650434,0.9814712599410965,0.03453448390590346
00843-DYehNKdT76V,belief,151,document,1_2_77,1_2,2,0.02637913162924139,0.9046247520577104,0.9425694513864845,0.9827509224583227,0.03148003510774992
00843-DYehNKdT76V,belief,151,document,1_3_49,1_3,3,0.01834083138701575,0.9856283459827369,0.9131098227243819,0.9717633141957774,0.020971153491236297
00843-DYehNKdT76V,belief,151,document,0_1_534,0_1,4,0.016002814148119774,0.9639575499763507,0.9697725597324254,0.9971263814229034,0.017167946617992754
00843-DYehNKdT76V,belief,151,document,1_3_50,1_3,5,0.015164461020728867,0.980957429950183,0.9405407460941836,0.9633131036565776,0.017062070631207734
00843-DYehNKdT76V,belief,152,document holder,1_1_28,1_1,1,0.19742095577076135,0.9129862756956192,0.9039442777997924,0.9996884497161163,0.23928896251449358
00843-DYehNKdT76V,belief,152,document holder,1_1_24,1_1,2,0.08100829314811804,0.9860453036270609,0.9336702061368993,0.997064150709667,0.08825026347301264
00843-DYehNKdT76V,belief,152,document holder,1_4_36,1_4,3,0.07382453933527026,0.9812424194111476,0.9324439268650434,0.9814712599410965,0.08220989992035305
00843-DYehNKdT76V,belief,152,document holder,0_1_342,0_1,4,0.07275199653642966,0.9546106727032884,0.928778995754004,0.9943175272880346,0.08252416720728221
00843-DYehNKdT76V,belief,152,document holder,1_1_56,1_1,5,0.05798255503654017,0.9670510478317738,0.9432970645824059,0.9942002087089924,0.06393307836139137
00843-DYehNKdT76V,belief,153,dog leash,1_2_78,1_2,1,0.0028333044575160112,0.9142822769843229,0.9065892905610848,0.9675695872612967,0.003532808934595139
00843-DYehNKdT76V,belief,153,dog leash,1_1_33,1_1,2,0.0006098647336274844,0.9662612825453282,0.949910719700739,0.9860018192563029,0.0006738735919605936
00843-DYehNKdT76V,belief,153,dog leash,1_3_50,1_3,3,0.0005214703695545077,0.980957429950183,0.9405407460941836,0.9633131036565776,0.000586724728644089
00843-DYehNKdT76V,belief,153,dog leash,0_0_139,0_0,4,0.00045116862040044044,0.9773783838738362,0.9126945040022725,0.9537391599400015,0.0005302993638081009
00843-DYehNKdT76V,belief,153,dog leash,1_5_62,1_5,5,0.00044651922431582317,0.9268858283758163,0.8904872291270499,0.9721784008147654,0.000556468078274583
00843-DYehNKdT76V,belief,154,dog toy,0_0_139,0_0,1,0.0019881458440321304,0.9773783838738362,0.9126945040022725,0.9537391599400015,0.0023368479734077914
00843-DYehNKdT76V,belief,154,dog toy,0_0_138,0_0,2,0.0011556772836967336,0.9629630498312137,0.9064093631906223,0.927548297970935,0.0014274668709022295
00843-DYehNKdT76V,belief,154,dog toy,1_2_78,1_2,3,0.0007241239997349986,0.9142822769843229,0.9065892905610848,0.9675695872612967,0.000902900402825528
00843-DYehNKdT76V,belief,154,dog toy,0_0_150,0_0,4,0.00033154847344941946,0.965007754848284,0.8903604479595748,0.9904448074336956,0.00038960102471678905
00843-DYehNKdT76V,belief,154,dog toy,1_2_80,1_2,5,0.00021526893226308952,0.9223813414573669,0.9999999999999999,0.7388555937006641,0.00031587211033318375
00843-DYehNKdT76V,belief,155,doily,1_1_3,1_1,1,0.00020307250454202705,0.9482779715530216,0.9575854652740334,0.9084999183286149,0.00024615747304337107
00843-DYehNKdT76V,belief,155,doily,0_1_269,0_1,2,0.00013792180398538564,0.9845555018127125,0.9482951981227734,0.9741311597880281,0.00015164627213988335
00843-DYehNKdT76V,belief,155,doily,1_2_27,1_2,3,0.00013343603132313954,0.9674167350531127,0.9296426970478491,0.9941848102430182,0.0001492369399344182
00843-DYehNKdT76V,belief,155,doily,1_4_77,1_4,4,0.00012035469575623368,0.8406792395086173,0.9612428118307887,0.9941711027991992,0.00014980919695064626
00843-DYehNKdT76V,belief,155,doily,0_1_208,0_1,5,0.0001128482283489063,0.8962178002609001,0.9301942472067293,0.9761515895842995,0.0001386724743410925
00843-DYehNKdT76V,belief,156,doll,0_0_138,0_0,1,0.07596278253428132,0.9629630498312137,0.9064093631906223,0.927548297970935,0.0938275390707531
00843-DYehNKdT76V,belief,156,doll,0_0_150,0_0,2,0.0381925396945899,0.965007754848284,0.8903604479595748,0.9904448074336956,0.04487987064678466
00843-DYehNKdT76V,belief,156,doll,0_0_9,0_0,3,0.024052259876256532,0.9793394401351101,0.8961672422804065,0.9761343014830198,0.02807527400424771
00843-DYehNKdT76V,belief,156,doll,0_0_139,0_0,4,0.024011378104589073,0.9773783838738362,0.9126945040022725,0.9537391599400015,0.028222748562871724
00843-DYehNKdT76V,belief,156,doll,1_3_50,1_3,5,0.015400582983108129,0.980957429950183,0.9405407460941836,0.9633131036565776,0.01732773978978761
00843-DYehNKdT76V,belief,157,door screen,0_1_473,0_1,1,0.7107991656344185,0.9628667152879408,0.9102321780701836,0.9976321044008687,0.8129393281988855
00843-DYehNKdT76V,belief,157,door screen,1_5_34,1_5,2,0.6405933169486727,0.9636074929538823,0.9338425113125306,0.9880871280557044,0.7204657718074722
00843-DYehNKdT76V,belief,157,door screen,0_1_471,0_1,3,0.6360909089302009,0.9939923349997591,0.9228239798167677,0.9980069662780983,0.6948382362414447
00843-DYehNKdT76V,belief,157,door screen,0_1_342,0_1,4,0.6205168267997903,0.9546106727032884,0.928778995754004,0.9943175272880346,0.7038656917699363
00843-DYehNKdT76V,belief,157,door screen,1_3_95,1_3,5,0.6057307614197316,0.9547901405932043,0.9392747447098937,0.9974955536208358,0.6771238173655612
00843-DYehNKdT76V,belief,158,drawer,1_2_28,1_2,1,0.9468907811229705,0.9901242183473549,0.9627820139291559,0.9999541479516311,0.9933496661105445
00843-DYehNKdT76V,belief,158,drawer,1_2_14,1_2,2,0.9119403678956762,0.9769144095480441,0.9371285332805099,0.9999735294982343,0.9961443130281704
00843-DYehNKdT76V,belief,158,drawer,1_2_24,1_2,3,0.8639420249743613,0.9692849597997135,0.8951511843821119,0.9999703853928443,0.9957483538778577
00843-DYehNKdT76V,belief,158,drawer,1_2_81,1_2,4,0.8470249269018538,0.9480490093323636,0.929535509292132,0.9999246622185626,0.9612406702364064
00843-DYehNKdT76V,belief,158,drawer,1_1_28,1_1,5,0.2997168953840872,0.9129862756956192,0.9039442777997924,0.9996884497161163,0.36327929152465904
00843-DYehNKdT76V,belief,159,drawer cart,1_2_14,1_2,1,0.5681816099435101,0.9769144095480441,0.9371285332805099,0.9999735294982343,0.6206446160711746
00843-DYehNKdT76V,belief,159,drawer cart,1_2_24,1_2,2,0.516929232831124,0.9692849597997135,0.8951511843821119,0.9999703853928443,0.5957939511950595
00843-DYehNKdT76V,belief,159,drawer cart,1_2_28,1_2,3,0.4408021031367255,0.9901242183473549,0.9627820139291559,0.9999541479516311,0.46242991346097695
00843-DYehNKdT76V,belief,159,drawer cart,1_2_81,1_2,4,0.2624924395335851,0.9480490093323636,0.929535509292132,0.9999246622185626,0.29788781946731213
00843-DYehNKdT76V,belief,159,drawer cart,1_1_28,1_1,5,0.0021089443068919972,0.9129862756956192,0.9039442777997924,0.9996884497161163,0.0025561982172906364
00843-DYehNKdT76V,belief,160,dressing table,0_1_282,0_1,1,0.002910668056642987,0.9214817996535982,0.9073939634938382,0.9908472674642633,0.003513203575741813
00843-DYehNKdT76V,belief,160,dressing table,1_0_33,1_0,2,0.002224503061584395,0.9445923223827325,0.9144069231223328,0.9972429777139906,0.0025825462276631585
00843-DYehNKdT76V,belief,160,dressing table,1_0_65,1_0,3,0.0020090318790097683,0.966756631227959,0.9995144043451561,0.9980120430497111,0.002083266495025775
00843-DYehNKdT76V,belief,160,dressing table,0_0_249,0_0,4,0.0014329190947048195,0.9871110901108423,0.9355290027828591,0.9932174865073262,0.0015622625635098315
00843-DYehNKdT76V,belief,160,dressing table,0_1_538,0_1,5,0.001315478518093206,0.9488056830885157,0.899464232918175,0.9606450546592958,0.00160457356616802
00843-DYehNKdT76V,belief,161,drill,1_3_52,1_3,1,0.012891249269564937,0.9748788397992171,0.9318979332745038,0.9819365536129354,0.01445082315360648
00843-DYehNKdT76V,belief,161,drill,0_1_462,0_1,2,0.010037852883263925,0.9418686537947638,0.8993247118650758,0.9753604323971826,0.012149791414315094
00843-DYehNKdT76V,belief,161,drill,1_3_50,1_3,3,0.00706260199408601,0.980957429950183,0.9405407460941836,0.9633131036565776,0.007946382921126215
00843-DYehNKdT76V,belief,161,drill,1_3_26,1_3,4,0.007049843348602822,0.9036156361452257,0.9458904509131587,0.9783937814836982,0.008430264573394993
00843-DYehNKdT76V,belief,161,drill,0_1_320,0_1,5,0.006404461134371073,0.875539102836659,0.919038387096194,0.880281086393772,0.009041740216921437
00843-DYehNKdT76V,belief,162,drum,0_0_96,0_0,1,0.06650483132353764,0.9637162017306503,0.9270797046271217,0.9624881514546729,0.07733775667071702
00843-DYehNKdT76V,belief,162,drum,1_4_49,1_4,2,0.033740282531213577,0.9814338362959883,0.9309150502804346,0.8210477265133794,0.04497894177949515
00843-DYehNKdT76V,belief,162,drum,0_0_139,0_0,3,0.03297404578459896,0.9773783838738362,0.9126945040022725,0.9537391599400015,0.03875738407124147
00843-DYehNKdT76V,belief,162,drum,1_3_50,1_3,4,0.030071335443220198,0.980957429950183,0.9405407460941836,0.9633131036565776,0.033834321484002394
00843-DYehNKdT76V,belief,162,drum,0_1_320,0_1,5,0.024262565123773807,0.875539102836659,0.919038387096194,0.880281086393772,0.03425359390003451
00843-DYehNKdT76V,belief,163,dustpan,1_1_26,1_1,1,0.8191003539807178,0.9923737631575595,0.9410649995741034,0.997292190047813,0.8794675112279061
00843-DYehNKdT76V,belief,163,dustpan,1_3_41,1_3,2,0.468807402277611,0.9966604680587084,0.9056167389469361,0.9906336886465524,0.5243118744761112
00843-DYehNKdT76V,belief,163,dustpan,0_1_79,0_1,3,0.3941234235037292,0.9546214177331472,0.9238615509053325,0.942163503027099,0.4743161397201599
00843-DYehNKdT76V,belief,163,dustpan,0_1_540,0_1,4,0.3543984792487311,0.9827531129271098,0.9459855066032241,0.9815486973495555,0.3883748404149067
00843-DYehNKdT76V,belief,163,dustpan,1_2_77,1_2,5,0.33662195536398243,0.9046247520577104,0.9425694513864845,0.9827509224583227,0.4017141701947047
00843-DYehNKdT76V,belief,164,dvd,1_4_36,1_4,1,0.016784719197995304,0.9812424194111476,0.9324439268650434,0.9814712599410965,0.018691211592825725
00843-DYehNKdT76V,belief,164,dvd,1_0_45,1_0,2,0.01316427813603581,0.9369813383206772,0.9705055843518378,0.9977215173508981,0.0145097099550296
00843-DYehNKdT76V,belief,164,dvd,1_3_50,1_3,3,0.010581055676024922,0.980957429950183,0.9405407460941836,0.9633131036565776,0.01190511941375952
00843-DYehNKdT76V,belief,164,dvd,1_1_3,1_1,4,0.00894529540859049,0.9482779715530216,0.9575854652740334,0.9084999183286149,0.010843177998769389
00843-DYehNKdT76V,belief,164,dvd,1_4_21,1_4,5,0.005459281218944602,0.9592674046385613,0.9515605394444202,0.9845095373753713,0.0060749041093897315
00843-DYehNKdT76V,belief,165,easel,1_4_69,1_4,1,0.009783874701113636,0.9560002726693116,0.9494992903207446,0.975985381475487,0.011043707837820356
00843-DYehNKdT76V,belief,165,easel,1_5_70,1_5,2,0.005949320753382674,0.9636509674522016,0.9385418730922628,0.9890108813679119,0.0066510911424138555
00843-DYehNKdT76V,belief,165,easel,0_1_314,0_1,3,0.0046107399236511165,0.9507406623192666,0.9616394406799293,0.9914910519363,0.005086364633386443
00843-DYehNKdT76V,belief,165,easel,0_1_133,0_1,4,0.00419247867906549,0.972592287604105,0.9315818836832752,0.9906691708728634,0.004670790183545955
00843-DYehNKdT76V,belief,165,easel,0_1_155,0_1,5,0.0034422016952253024,0.9709307423742529,0.9321686911249105,0.9910408604153347,0.0038376201784029924
00843-DYehNKdT76V,belief,166,electric hub,0_0_20,0_0,1,0.0006032358109478272,0.9644929054041022,0.914877621336939,0.9893571075290852,0.0006909903708357862
00843-DYehNKdT76V,belief,166,electric hub,0_0_9,0_0,2,0.000173891492219778,0.9793394401351101,0.8961672422804065,0.9761343014830198,0.00020297682280978304
00843-DYehNKdT76V,belief,166,electric hub,1_5_6,1_5,3,6.696714312427786e-05,0.9588170032024875,0.9146328304411353,0.9575547673228872,7.974723533982099e-05
00843-DYehNKdT76V,belief,166,electric hub,1_3_50,1_3,4,5.642930582340247e-05,0.980957429950183,0.9405407460941836,0.9633131036565776,6.349060479715214e-05
00843-DYehNKdT76V,belief,166,electric hub,1_1_3,1_1,5,5.4018096353334874e-05,0.9482779715530216,0.9575854652740334,0.9084999183286149,6.547886985950069e-05
00843-DYehNKdT76V,belief,167,electric wire casing,1_2_59,1_2,1,0.12509817477828641,0.9084493176932975,0.9559975913560569,0.9747058535757641,0.1477814413028254
00843-DYehNKdT76V,belief,167,electric wire casing,0_1_243,0_1,2,0.021826715700740223,0.9861384718984042,0.9100430939151654,0.9883614691705458,0.024607796407576963
00843-DYehNKdT76V,belief,167,electric wire casing,0_0_20,0_0,3,0.020131993883039927,0.9644929054041022,0.914877621336939,0.9893571075290852,0.023060656656056312
00843-DYehNKdT76V,belief,167,electric wire casing,0_0_161,0_0,4,0.014256911099216694,0.9699601673506667,0.9245809197350929,0.9932998096916501,0.01600465300396618
00843-DYehNKdT76V,belief,167,electric wire casing,1_2_64,1_2,5,0.013331324072112058,0.7319434993702267,0.9507857821350567,0.9745847231271911,0.019655923338511055
00843-DYehNKdT76V,belief,168,electrical box,0_0_145,0_0,1,0.12024579884488966,0.9695527904292081,0.9045437754563475,0.9985646200638593,0.1373070028001207
00843-DYehNKdT76V,belief,168,electrical box,0_1_457,0_1,2,0.0942478115208511,0.94778052784437,0.8924538602525657,0.9960073856824485,0.11187039237869723
00843-DYehNKdT76V,belief,168,electrical box,1_2_76,1_2,3,0.07443921281318316,0.942806341534569,0.9408458021327656,0.9921317006662198,0.08458463875494704
00843-DYehNKdT76V,belief,168,electrical box,0_1_455,0_1,4,0.03397725436498476,0.9543563081090995,0.9233619770915619,0.9967411312729555,0.03868328665568209
00843-DYehNKdT76V,belief,168,electrical box,1_3_20,1_3,5,0.03385653886420507,0.9756434864803123,0.9541488149682187,0.9904755037166606,0.036719059972909286
00843-DYehNKdT76V,belief,169,electrical device,1_0_45,1_0,1,0.10908957300328942,0.9369813383206772,0.9705055843518378,0.9977215173508981,0.12023888032742573
00843-DYehNKdT76V,belief,169,electrical device,0_1_457,0_1,2,0.0322452889357893,0.94778052784437,0.8924538602525657,0.9960073856824485,0.038274555848049015
00843-DYehNKdT76V,belief,169,electrical device,0_0_20,0_0,3,0.014986052297837796,0.9644929054041022,0.914877621336939,0.9893571075290852,0.01716611919702995
00843-DYehNKdT76V,belief,169,electrical device,0_1_456,0_1,4,0.01409638946213151,0.9661588773584774,0.9172812379354035,0.9957044900408843,0.01597446659103883
00843-DYehNKdT76V,belief,169,electrical device,1_4_37,1_4,5,0.012480394858183521,0.9580020877376413,0.9262587403832268,0.9988912539181065,0.014080281603321929
00843-DYehNKdT76V,belief,170,electrical installation,0_1_457,0_1,1,0.1269512794792698,0.94778052784437,0.8924538602525657,0.9960073856824485,0.1506887981709956
00843-DYehNKdT76V,belief,170,electrical installation,1_2_34,1_2,2,0.12364821136994271,0.933191122530269,0.9560009706227346,0.9838769867285772,0.14086986687883118
00843-DYehNKdT76V,belief,170,electrical installation,1_0_75,1_0,3,0.09169785582326527,0.8990516957114725,0.9495722420331363,0.9956064738257688,0.10788443549112761
00843-DYehNKdT76V,belief,170,electrical installation,0_1_455,0_1,4,0.046806854134519876,0.9543563081090995,0.9233619770915619,0.9967411312729555,0.053289854927250614
00843-DYehNKdT76V,belief,170,electrical installation,0_0_20,0_0,5,0.03935217735524706,0.9644929054041022,0.914877621336939,0.9893571075290852,0.04507685904981789
00843-DYehNKdT76V,belief,171,elevator,1_4_6,1_4,1,0.3213614117659767,0.9666411922582983,0.9184609574384055,0.9989425840150374,0.36234911223958827
00843-DYehNKdT76V,belief,171,elevator,1_4_1,1_4,2,0.2961102375464934,0.9806125017657669,0.9455969561560593,0.9990904794068838,0.31962821608936365
00843-DYehNKdT76V,belief,171,elevator,1_4_25,1_4,3,0.27562749554023874,0.9946105154394098,0.9196705756147865,0.9989737104371917,0.30163597819134874
00843-DYehNKdT76V,belief,171,elevator,1_4_17,1_4,4,0.25037514415902695,0.9548053732018279,0.9199216671562717,0.9991256633484241,0.28530238071587416
00843-DYehNKdT76V,belief,171,elevator,1_4_18,1_4,5,0.24417269453280513,0.9575281531012879,0.9216208302179869,0.9990265596312918,0.2769594752089477
00843-DYehNKdT76V,belief,172,exercise ball,0_0_139,0_0,1,0.009303258033216528,0.9773783838738362,0.9126945040022725,0.9537391599400015,0.010934962214301446
00843-DYehNKdT76V,belief,172,exercise ball,0_0_96,0_0,2,0.0040322722354628375,0.9637162017306503,0.9270797046271217,0.9624881514546729,0.004689086232836486
00843-DYehNKdT76V,belief,172,exercise ball,1_3_78,1_3,3,0.0037868358088104623,0.9914629704982698,0.9538801574170834,0.8623652928701938,0.004643173289811241
00843-DYehNKdT76V,belief,172,exercise ball,0_0_150,0_0,4,0.0005591410893150336,0.965007754848284,0.8903604479595748,0.9904448074336956,0.0006570440186075307
00843-DYehNKdT76V,belief,172,exercise ball,1_4_49,1_4,5,0.00021590694497171172,0.9814338362959883,0.9309150502804346,0.8210477265133794,0.00028782408382879623
00843-DYehNKdT76V,belief,173,exercise bike,1_3_50,1_3,1,0.0008581798319351266,0.980957429950183,0.9405407460941836,0.9633131036565776,0.0009655684357485554
00843-DYehNKdT76V,belief,173,exercise bike,0_1_540,0_1,2,0.000816442291671449,0.9827531129271098,0.9459855066032241,0.9815486973495555,0.0008947150264528543
00843-DYehNKdT76V,belief,173,exercise bike,0_1_462,0_1,3,0.0006806716372184188,0.9418686537947638,0.8993247118650758,0.9753604323971826,0.0008238832059027997
00843-DYehNKdT76V,belief,173,exercise bike,0_0_150,0_0,4,0.0003772609920452049,0.965007754848284,0.8903604479595748,0.9904448074336956,0.0004433175865878552
00843-DYehNKdT76V,belief,173,exercise bike,0_1_320,0_1,5,0.00023330670956810625,0.875539102836659,0.919038387096194,0.880281086393772,0.0003293795706649583
00843-DYehNKdT76V,belief,174,exercise equipment,1_2_32,1_2,1,0.00023722386855836258,0.8740630681386236,0.9406879058359745,0.9767290659430526,0.0002953901037142305
00843-DYehNKdT76V,belief,174,exercise equipment,0_1_462,0_1,2,0.0001893427469347301,0.9418686537947638,0.8993247118650758,0.9753604323971826,0.00022917997581992788
00843-DYehNKdT76V,belief,174,exercise equipment,0_1_445,0_1,3,0.000150383343630976,0.9930919171076771,0.9291705261612009,0.9572407295700266,0.00017025257737676033
00843-DYehNKdT76V,belief,174,exercise equipment,0_1_540,0_1,4,0.0001055433243165456,0.9827531129271098,0.9459855066032241,0.9815486973495555,0.00011566181611498522
00843-DYehNKdT76V,belief,174,exercise equipment,1_3_50,1_3,5,8.821117141154495e-05,0.980957429950183,0.9405407460941836,0.9633131036565776,9.924950415501235e-05
00843-DYehNKdT76V,belief,175,exercise ladder,0_1_488,0_1,1,0.11359930766797695,0.9835072395284021,0.9189578532621974,0.9917984117453776,0.12672990855311456
00843-DYehNKdT76V,belief,175,exercise ladder,0_1_509,0_1,2,0.07387363264833001,0.9912501490937016,0.938586374446736,0.9775860886164809,0.08122260828831868
00843-DYehNKdT76V,belief,175,exercise ladder,0_1_487,0_1,3,0.03993397723266461,0.9705244808134614,0.9155564614982923,0.9719357069841142,0.04623952901656911
00843-DYehNKdT76V,belief,175,exercise ladder,0_1_513,0_1,4,0.03129727650219552,0.9465718027204275,0.9029807838960024,0.9932296306020593,0.0368658972285892
00843-DYehNKdT76V,belief,175,exercise ladder,0_1_507,0_1,5,0.02784390322390032,0.9547678197729613,0.9213834076652461,0.9890245934546201,0.03200257061929554
00843-DYehNKdT76V,belief,176,exercise mat,1_4_36,1_4,1,0.001097908585348873,0.9812424194111476,0.9324439268650434,0.9814712599410965,0.0012226145362495382
00843-DYehNKdT76V,belief,176,exercise mat,0_1_462,0_1,2,0.0008508541726655686,0.9418686537947638,0.8993247118650758,0.9753604323971826,0.001029871710823966
00843-DYehNKdT76V,belief,176,exercise mat,0_1_420,0_1,3,0.000565308036877539,0.9825936513287681,0.9419819677385479,0.9792284799116551,0.0006237126907469878
00843-DYehNKdT76V,belief,176,exercise mat,1_0_49,1_0,4,0.00042643579562594606,0.9251528958671468,0.9543218463319678,0.9870580496563442,0.0004893308308524201
00843-DYehNKdT76V,belief,176,exercise mat,0_1_173,0_1,5,0.0003679367093379746,0.9765669228403479,0.9189996907360614,0.975696854669459,0.00042018528518940947
00843-DYehNKdT76V,belief,177,exhibition panel,1_5_38,1_5,1,0.004784788304965818,0.9663516922651001,0.9033846180241429,0.9963185954313569,0.005501189288755495
00843-DYehNKdT76V,belief,177,exhibition panel,1_1_62,1_1,2,0.004334011132343894,0.9594349703024087,0.9439052939633981,0.9970888317702914,0.004799679131616484
00843-DYehNKdT76V,belief,177,exhibition panel,0_1_429,0_1,3,0.003490200805492565,0.9939725392920908,0.949394733205156,0.9939954447027457,0.003720872733809153
00843-DYehNKdT76V,belief,177,exhibition panel,1_5_37,1_5,4,0.003378556766011055,0.9554016360640092,0.9585157078996902,0.9979016930589174,0.0036970748714344245
00843-DYehNKdT76V,belief,177,exhibition panel,0_1_338,0_1,5,0.0028012820783630088,0.9090179512898127,0.9252080694707244,0.9943072831290704,0.003349842209406738
00843-DYehNKdT76V,belief,178,extractor hood,0_0_128,0_0,1,0.3334100809035393,0.8647045161989,0.9183245876455937,0.9986867217610517,0.4204220751895129
00843-DYehNKdT76V,belief,178,extractor hood,0_0_72,0_0,2,0.32841872920006954,0.9762911758249014,0.9197302681388351,0.9988060468322373,0.36619036239711744
00843-DYehNKdT76V,belief,178,extractor hood,0_0_101,0_0,3,0.2898885705513979,0.9752812408203979,0.925048427674542,0.9902461044195359,0.32448424136343595
00843-DYehNKdT76V,belief,178,extractor hood,0_0_29,0_0,4,0.2830104950087873,0.9674004466411367,0.925397420931794,0.9986294226321363,0.31656552356880563
00843-DYehNKdT76V,belief,178,extractor hood,0_0_15,0_0,5,0.25721625799531783,0.9200841642916203,0.9017659689373942,0.9987036649770697,0.31041333825591705
00843-DYehNKdT76V,belief,179,eyeglasses,1_3_50,1_3,1,0.0009810311277403828,0.980957429950183,0.9405407460941836,0.9633131036565776,0.0011037927671837075
00843-DYehNKdT76V,belief,179,eyeglasses,1_3_11,1_3,2,0.0005264895013793572,0.9339616149663925,0.954779716459494,0.9751058091412136,0.000605488306227038
00843-DYehNKdT76V,belief,179,eyeglasses,1_3_92,1_3,3,0.00024222541077751405,0.9539646483921005,0.9109889261068271,0.9737320247632445,0.00028624299583190297
00843-DYehNKdT76V,belief,179,eyeglasses,0_1_445,0_1,4,0.00019133906007659613,0.9930919171076771,0.9291705261612009,0.9572407295700266,0.00021661952277657212
00843-DYehNKdT76V,belief,179,eyeglasses,1_3_26,1_3,5,0.00015101737823021408,0.9036156361452257,0.9458904509131587,0.9783937814836982,0.00018058790680979873
00843-DYehNKdT76V,belief,180,fan,0_0_101,0_0,1,0.5420238104959076,0.9752812408203979,0.925048427674542,0.9902461044195359,0.6067096216147637
00843-DYehNKdT76V,belief,180,fan,1_2_91,1_2,2,0.4555689653269122,0.9967225002894404,0.9282351944163945,0.9974203156577294,0.4936778342208528
00843-DYehNKdT76V,belief,180,fan,0_0_96,0_0,3,0.38036093279126454,0.9637162017306503,0.9270797046271217,0.9624881514546729,0.44231765845929827
00843-DYehNKdT76V,belief,180,fan,1_3_100,1_3,4,0.3357890837896412,0.9729776792072676,0.9252712682718263,0.9970007787074296,0.3741098319869967
00843-DYehNKdT76V,belief,180,fan,1_3_41,1_3,5,0.27226975405212944,0.9966604680587084,0.9056167389469361,0.9906336886465524,0.30450514308579063
00843-DYehNKdT76V,belief,181,faucet,1_4_52,1_4,1,0.16287049714832877,0.9532633240056497,0.9239660081377165,0.9872553789832017,0.18730269874493227
00843-DYehNKdT76V,belief,181,faucet,1_4_45,1_4,2,0.037383797921804136,0.983557012561032,0.9355504911075436,0.9961280365912052,0.040785095771782534
00843-DYehNKdT76V,belief,181,faucet,1_4_57,1_4,3,0.019560996061810186,0.9668996380040957,0.9557832249732348,0.9948929777892062,0.02127520720928183
00843-DYehNKdT76V,belief,181,faucet,1_3_52,1_3,4,0.012281782528848895,0.9748788397992171,0.9318979332745038,0.9819365536129354,0.01376762357349397
00843-DYehNKdT76V,belief,181,faucet,0_1_282,0_1,5,0.012183036806404892,0.9214817996535982,0.9073939634938382,0.9908472674642633,0.014705039406321306
00843-DYehNKdT76V,belief,182,fire extinguisher,0_0_69,0_0,1,0.19286347521707986,0.9899780835122496,0.93172948299191,0.9937335088752389,0.21040915641195182
00843-DYehNKdT76V,belief,182,fire extinguisher,0_1_273,0_1,2,0.008124733355992975,0.958145122975111,0.946977693059931,0.9934304943539773,0.009013647866704768
00843-DYehNKdT76V,belief,182,fire extinguisher,0_1_286,0_1,3,0.007632271572054402,0.9723404955727442,0.9241312844745265,0.9945301554175138,0.008540510147494507
00843-DYehNKdT76V,belief,182,fire extinguisher,0_0_138,0_0,4,0.0031005962772687797,0.9629630498312137,0.9064093631906223,0.927548297970935,0.003829787543877528
00843-DYehNKdT76V,belief,182,fire extinguisher,0_1_462,0_1,5,0.002430782600530634,0.9418686537947638,0.8993247118650758,0.9753604323971826,0.0029422130323542312
00843-DYehNKdT76V,belief,183,fireplace,0_1_50,0_1,1,0.0016227433999723977,0.8995654442986935,0.9391863317821885,0.9979349621854272,0.0019247001736655822
00843-DYehNKdT76V,belief,183,fireplace,0_1_190,0_1,2,0.000994069852001626,0.9876150294955772,0.9458830526767588,0.9957770092761712,0.0010686356864940774
00843-DYehNKdT76V,belief,183,fireplace,0_1_347,0_1,3,0.000945810214199144,0.9723025125052117,0.9667225597052589,0.9912026878725284,0.0010151688127921484
00843-DYehNKdT76V,belief,183,fireplace,0_1_178,0_1,4,0.0008441005042690303,0.9709725033243497,0.9101806289412562,0.9956650247679014,0.0009592822050184832
00843-DYehNKdT76V,belief,183,fireplace,0_1_492,0_1,5,0.0007322985517259516,0.9899465245662042,0.9293760140266856,0.9967360816186094,0.0007985549393859993
00843-DYehNKdT76V,belief,184,fireplace tool set,0_1_466,0_1,1,0.0005475947536554678,0.9503941876819575,0.892817000484917,0.9959408764333356,0.0006479768618839726
00843-DYehNKdT76V,belief,184,fireplace tool set,0_1_50,0_1,2,0.0005336216678791653,0.8995654442986935,0.9391863317821885,0.9979349621854272,0.0006329168966924884
00843-DYehNKdT76V,belief,184,fireplace tool set,0_1_347,0_1,3,0.00033852534718906537,0.9723025125052117,0.9667225597052589,0.9912026878725284,0.0003633502468536614
00843-DYehNKdT76V,belief,184,fireplace tool set,0_1_538,0_1,4,0.0003030528887839971,0.9488056830885157,0.899464232918175,0.9606450546592958,0.0003696530561354288
00843-DYehNKdT76V,belief,184,fireplace tool set,0_1_537,0_1,5,0.0003016140655575384,0.9634957363870408,0.8672976653774502,0.9720940109550654,0.00037130034153215783
00843-DYehNKdT76V,belief,185,firewood,0_1_50,0_1,1,0.0020299766544731733,0.8995654442986935,0.9391863317821885,0.9979349621854272,0.002407710559456321
00843-DYehNKdT76V,belief,185,firewood,0_1_466,0_1,2,0.0016046806642542482,0.9503941876819575,0.892817000484917,0.9959408764333356,0.0018988420436978268
00843-DYehNKdT76V,belief,185,firewood,1_1_33,1_1,3,0.0015575402329781598,0.9662612825453282,0.949910719700739,0.9860018192563029,0.0017210131584051171
00843-DYehNKdT76V,belief,185,firewood,1_5_62,1_5,4,0.0012681167521615831,0.9268858283758163,0.8904872291270499,0.9721784008147654,0.0015803720280675834
00843-DYehNKdT76V,belief,185,firewood,0_1_452,0_1,5,0.0011599468955792202,0.9782128563528049,0.9363186659281952,0.9857334346999445,0.0012847587133727678
00843-DYehNKdT76V,belief,186,fishing rod,1_4_39,1_4,1,0.006354366883620787,0.9456210992893489,0.9202724341958586,0.9748331021011885,0.007490459340592876
00843-DYehNKdT76V,belief,186,fishing rod,0_0_152,0_0,2,0.003896544537035986,0.8480570541400659,0.93991104127981,0.9918850618998187,0.004928405942025305
00843-DYehNKdT76V,belief,186,fishing rod,0_1_261,0_1,3,0.0033312891337967743,0.9826375854512056,0.944731294710281,0.9801410105230262,0.0036611885342356784
00843-DYehNKdT76V,belief,186,fishing rod,0_0_160,0_0,4,0.0027427723495998288,0.9745274220518669,0.9280922282626729,0.9629520743589044,0.0031491974379889197
00843-DYehNKdT76V,belief,186,fishing rod,0_0_158,0_0,5,0.0017241133473890828,0.9555943471751649,0.9051300085729693,0.9291288625887723,0.0021453854308417456
00843-DYehNKdT76V,belief,187,flag,0_1_268,0_1,1,0.41000211164800116,0.980607509078563,0.9392408377327404,0.9245027843132642,0.4815104182705567
00843-DYehNKdT76V,belief,187,flag,0_1_433,0_1,2,0.40724721286333004,0.9770064520457434,0.903057041840335,0.8952963327566862,0.51555938849827
00843-DYehNKdT76V,belief,187,flag,1_4_81,1_4,3,0.37613267769118897,0.8997947153719988,0.9878838801397438,0.9479516238781979,0.4463808489778341
00843-DYehNKdT76V,belief,187,flag,1_1_3,1_1,4,0.36021471062527644,0.9482779715530216,0.9575854652740334,0.9084999183286149,0.43663982536944834
00843-DYehNKdT76V,belief,187,flag,1_2_29,1_2,5,0.32482947685386415,0.9839120010247528,0.9285620870634634,0.9550469228594676,0.3722746960188458
00843-DYehNKdT76V,belief,188,flashlight,1_0_75,1_0,1,0.13637342638126376,0.8990516957114725,0.9495722420331363,0.9956064738257688,0.16044617389407556
00843-DYehNKdT76V,belief,188,flashlight,1_3_76,1_3,2,0.1281069356345387,0.9844064164707843,0.9494789027194289,0.9858562686499828,0.13902704292376705
00843-DYehNKdT76V,belief,188,flashlight,1_3_81,1_3,3,0.10627001085969803,0.9834038334840547,0.9578503178370077,0.9809958302355481,0.11500428413187885
00843-DYehNKdT76V,belief,188,flashlight,0_0_150,0_0,4,0.07598394611286667,0.965007754848284,0.8903604479595748,0.9904448074336956,0.08928837149996526
00843-DYehNKdT76V,belief,188,flashlight,1_3_34,1_3,5,0.07238382027883623,0.9464904014889458,0.9437432982255185,0.990731601426993,0.08179285921532478
00843-DYehNKdT76V,belief,189,floor stand,1_5_62,1_5,1,0.2224797283104481,0.9268858283758163,0.8904872291270499,0.9721784008147654,0.2772621202539772
00843-DYehNKdT76V,belief,189,floor stand,1_1_33,1_1,2,0.12607669260469495,0.9662612825453282,0.949910719700739,0.9860018192563029,0.13930917631963324
00843-DYehNKdT76V,belief,189,floor stand,0_1_451,0_1,3,0.11407239190804648,0.974022436009298,0.9314403069843352,0.9961330294797616,0.12622320961097425
00843-DYehNKdT76V,belief,189,floor stand,1_2_45,1_2,4,0.09339734699150117,0.8632579485770145,0.9825498862365116,0.9878587225447609,0.11146653614747339
00843-DYehNKdT76V,belief,189,floor stand,0_0_199,0_0,5,0.09180424292831214,0.9624622746267538,0.9292709710979811,0.9926336696307733,0.10340645862572363
00843-DYehNKdT76V,belief,190,flower stand,1_4_38,1_4,1,0.00937723464676283,0.9886873629553731,0.9416003183444412,0.8993706204953626,0.01119980618463047
00843-DYehNKdT76V,belief,190,flower stand,1_4_56,1_4,2,0.0005677880363904355,0.9567796472621811,0.924531114648204,0.9630461617117145,0.0006665084698413376
00843-DYehNKdT76V,belief,190,flower stand,1_4_46,1_4,3,0.00025989405975353604,0.9832984981831018,0.9263289348857762,0.9925758104909527,0.00028746307066867464
00843-DYehNKdT76V,belief,190,flower stand,0_0_13,0_0,4,0.00010645057824598743,0.9854814735044656,0.9272242679806945,0.7817140141438867,0.0001490276568399596
00843-DYehNKdT76V,belief,190,flower stand,1_3_11,1_3,5,6.91196164143879e-05,0.9339616149663925,0.954779716459494,0.9751058091412136,7.94908908157978e-05
00843-DYehNKdT76V,belief,191,flowerbed,1_4_38,1_4,1,0.002533638209410902,0.9886873629553731,0.9416003183444412,0.8993706204953626,0.003026079431335572
00843-DYehNKdT76V,belief,191,flowerbed,1_4_56,1_4,2,0.0004809823368739194,0.9567796472621811,0.924531114648204,0.9630461617117145,0.0005646099967314263
00843-DYehNKdT76V,belief,191,flowerbed,1_1_3,1_1,3,2.388224282847227e-05,0.9482779715530216,0.9575854652740334,0.9084999183286149,2.8949229530225518e-05
00843-DYehNKdT76V,belief,191,flowerbed,1_2_51,1_2,4,1.2525506693207802e-05,0.8435972140314054,0.9497394857415373,0.9636386069530631,1.6223385241984598e-05
00843-DYehNKdT76V,belief,191,flowerbed,1_3_92,1_3,5,1.1975966790388314e-05,0.9539646483921005,0.9109889261068271,0.9737320247632445,1.4152258431766307e-05
00843-DYehNKdT76V,belief,192,flush,1_4_62,1_4,1,0.0624978397956544,0.9760945489009222,0.9358768505907694,0.9966583061405601,0.06864487580371792
00843-DYehNKdT76V,belief,192,flush,1_4_44,1_4,2,0.0452254750274334,0.9833617308224974,0.9255068566229432,0.9973416922857284,0.04982487516007602
00843-DYehNKdT76V,belief,192,flush,0_1_269,0_1,3,0.039935155546735074,0.9845555018127125,0.9482951981227734,0.9741311597880281,0.0439090650716145
00843-DYehNKdT76V,belief,192,flush,1_3_33,1_3,4,0.0375934487754245,0.8445491488228882,0.9699769634310842,0.9918222223796742,0.046269199497915935
00843-DYehNKdT76V,belief,192,flush,1_4_66,1_4,5,0.03481391070691593,0.9603024207786833,0.9883284112228381,0.997735964639386,0.036764433650926416
00843-DYehNKdT76V,belief,193,flush button,1_0_45,1_0,1,0.01388328683609189,0.9369813383206772,0.9705055843518378,0.9977215173508981,0.015302203670609677
00843-DYehNKdT76V,belief,193,flush button,1_1_3,1_1,2,0.0020858043111029495,0.9482779715530216,0.9575854652740334,0.9084999183286149,0.0025283399130866225
00843-DYehNKdT76V,belief,193,flush button,0_0_20,0_0,3,0.0016477261390074865,0.9644929054041022,0.914877621336939,0.9893571075290852,0.001887425904041817
00843-DYehNKdT76V,belief,193,flush button,1_3_20,1_3,4,0.0012179087486362393,0.9756434864803123,0.9541488149682187,0.9904755037166606,0.0013208811615999481
00843-DYehNKdT76V,belief,193,flush button,0_0_90,0_0,5,0.0011730304293314708,0.9694747059943054,0.9206662506547048,0.9964178344432455,0.0013189522713410028
00843-DYehNKdT76V,belief,194,flush push,1_3_52,1_3,1,0.015025824211880168,0.9748788397992171,0.9318979332745038,0.9819365536129354,0.01684363740725237
00843-DYehNKdT76V,belief,194,flush push,1_3_25,1_3,2,0.010336721490518978,0.9525012159631366,0.8819764034161617,0.9982597818780492,0.012325845950415056
00843-DYehNKdT76V,belief,194,flush push,1_3_26,1_3,3,0.007325841074148343,0.9036156361452257,0.9458904509131587,0.9783937814836982,0.008760305076843219
00843-DYehNKdT76V,belief,194,flush push,0_1_269,0_1,4,0.006458164914644333,0.9845555018127125,0.9482951981227734,0.9741311597880281,0.007100810791846769
00843-DYehNKdT76V,belief,194,flush push,1_3_33,1_3,5,0.006231986278072233,0.8445491488228882,0.9699769634310842,0.9918222223796742,0.007670193232095737
00843-DYehNKdT76V,belief,195,foam,1_2_4,1_2,1,0.6785441083375197,0.9570253675269453,0.9555170950992808,0.9955779339646957,0.7453167999269118
00843-DYehNKdT76V,belief,195,foam,1_3_79,1_3,2,0.6722151069312281,0.9908618496200822,0.9329001394085477,0.9311464963191372,0.7809837353717054
00843-DYehNKdT76V,belief,195,foam,1_4_42,1_4,3,0.620805771464794,0.9636802616709521,0.9125898018389874,0.8504239357261778,0.8300642231690954
00843-DYehNKdT76V,belief,195,foam,1_4_35,1_4,4,0.6115548718675261,0.8566938194614488,0.8945923729570436,0.963970412981535,0.8277913825166135
00843-DYehNKdT76V,belief,195,foam,1_4_4,1_4,5,0.5839705685657294,0.9604974377566509,0.9333039611037679,0.997775576049243,0.6528881273500664
00843-DYehNKdT76V,belief,196,folding stand,0_1_440,0_1,1,0.10691540972020125,0.9700531617744066,0.9187801812437852,0.9848361199155515,0.12180614036445467
00843-DYehNKdT76V,belief,196,folding stand,0_1_88,0_1,2,0.06936841214008123,0.8068283026811307,0.89866319097309,0.9914132177713244,0.09650036831307138
00843-DYehNKdT76V,belief,196,folding stand,0_1_438,0_1,3,0.06792384980795003,0.9830626154244656,0.9492579773117595,0.9908523367719705,0.07345949167338175
00843-DYehNKdT76V,belief,196,folding stand,0_1_92,0_1,4,0.053959977614916624,0.9503838912074343,0.8948083310581137,0.9909397330819035,0.06403175909469375
00843-DYehNKdT76V,belief,196,folding stand,1_0_55,1_0,5,0.0501562181146526,0.9671517548377282,0.9733602082365177,0.8921241249202492,0.05972157965780861
00843-DYehNKdT76V,belief,197,food,0_1_22,0_1,1,0.3244804529421998,0.8418675887102173,0.9163745015099163,0.7140467709146733,0.589040415684084
00843-DYehNKdT76V,belief,197,food,0_1_60,0_1,2,0.0781408060381778,0.9011764946656349,0.9205624417018885,0.8804587910182403,0.10698077633565554
00843-DYehNKdT76V,belief,197,food,0_0_13,0_0,3,0.04386379322510604,0.9854814735044656,0.9272242679806945,0.7817140141438867,0.06140801141863644
00843-DYehNKdT76V,belief,197,food,0_1_103,0_1,4,0.019996442785576975,0.9779813712261715,0.9412826395790822,0.9723560330100327,0.022339672418409756
00843-DYehNKdT76V,belief,197,food,0_1_540,0_1,5,0.017220493365945107,0.9827531129271098,0.9459855066032241,0.9815486973495555,0.018871430760770785
00843-DYehNKdT76V,belief,198,food processor,0_1_540,0_1,1,0.011130412463167714,0.9827531129271098,0.9459855066032241,0.9815486973495555,0.012197490726535974
00843-DYehNKdT76V,belief,198,food processor,0_0_96,0_0,2,0.002458809647483125,0.9637162017306503,0.9270797046271217,0.9624881514546729,0.002859323427068969
00843-DYehNKdT76V,belief,198,food processor,1_3_50,1_3,3,0.002188365704657924,0.980957429950183,0.9405407460941836,0.9633131036565776,0.0024622075370003198
00843-DYehNKdT76V,belief,198,food processor,0_1_320,0_1,4,0.0018699785607009076,0.875539102836659,0.919038387096194,0.880281086393772,0.002640012953834661
00843-DYehNKdT76V,belief,198,food processor,0_1_128,0_1,5,0.001161883707535334,0.9519296470004605,0.9141135570616024,0.9535277492001387,0.0014003104279094783
00843-DYehNKdT76V,belief,199,food stand,0_1_22,0_1,1,0.0009340688413129827,0.8418675887102173,0.9163745015099163,0.7140467709146733,0.0016956469752665156
00843-DYehNKdT76V,belief,199,food stand,0_0_13,0_0,2,0.0003950971423880917,0.9854814735044656,0.9272242679806945,0.7817140141438867,0.0005531242979084581
00843-DYehNKdT76V,belief,199,food stand,1_3_50,1_3,3,0.0002178193167260457,0.980957429950183,0.9405407460941836,0.9633131036565776,0.0002450762055928693
00843-DYehNKdT76V,belief,199,food stand,1_1_3,1_1,4,6.655982436343713e-05,0.9482779715530216,0.9575854652740334,0.9084999183286149,8.068151918677638e-05
00843-DYehNKdT76V,belief,199,food stand,1_5_6,1_5,5,6.647981960877406e-05,0.9588170032024875,0.9146328304411353,0.9575547673228872,7.916691040337584e-05
00843-DYehNKdT76V,belief,200,foosball table,1_0_60,1_0,1,0.00016242443452998273,0.9772412829792712,0.9570026725374263,0.9890292445386574,0.0001756011170546323
00843-DYehNKdT76V,belief,200,foosball table,0_1_462,0_1,2,0.00016207770455299543,0.9418686537947638,0.8993247118650758,0.9753604323971826,0.0001961784383703351
00843-DYehNKdT76V,belief,200,foosball table,1_0_48,1_0,3,8.759688310094851e-05,0.9812915258937414,0.946765474941883,0.9922180436923738,9.502569877246507e-05
00843-DYehNKdT76V,belief,200,foosball table,0_1_50,0_1,4,7.032605327168531e-05,0.8995654442986935,0.9391863317821885,0.9979349621854272,8.341218146228792e-05
00843-DYehNKdT76V,belief,200,foosball table,1_0_49,1_0,5,5.002992458697833e-05,0.9251528958671468,0.9543218463319678,0.9870580496563442,5.740884047901089e-05
00843-DYehNKdT76V,belief,201,foot spa,0_0_139,0_0,1,0.0012599389143587874,0.9773783838738362,0.9126945040022725,0.9537391599400015,0.0014809203798981272
00843-DYehNKdT76V,belief,201,foot spa,0_1_540,0_1,2,0.00012184400981918355,0.9827531129271098,0.9459855066032241,0.9815486973495555,0.0001335252565681182
00843-DYehNKdT76V,belief,201,foot spa,1_3_50,1_3,3,8.193677756528893e-05,0.980957429950183,0.9405407460941836,0.9633131036565776,9.218996205678022e-05
00843-DYehNKdT76V,belief,201,foot spa,0_0_138,0_0,4,7.46335251577524e-05,0.9629630498312137,0.9064093631906223,0.927548297970935,9.21856699307559e-05
00843-DYehNKdT76V,belief,201,foot spa,1_4_55,1_4,5,5.4333555798475524e-05,0.9575076813744413,0.9389280997205508,0.9652703459172801,6.261012346401344e-05
00843-DYehNKdT76V,belief,202,football,0_1_320,0_1,1,0.013507753775429874,0.875539102836659,0.919038387096194,0.880281086393772,0.019070082242535206
00843-DYehNKdT76V,belief,202,football,0_0_96,0_0,2,0.008049440328932575,0.9637162017306503,0.9270797046271217,0.9624881514546729,0.009360608020580261
00843-DYehNKdT76V,belief,202,football,0_1_22,0_1,3,0.005694554964733328,0.8418675887102173,0.9163745015099163,0.7140467709146733,0.010337519542848686
00843-DYehNKdT76V,belief,202,football,1_4_49,1_4,4,0.0042516462388120175,0.9814338362959883,0.9309150502804346,0.8210477265133794,0.005667840761725148
00843-DYehNKdT76V,belief,202,football,1_1_0,1_1,5,0.003928323492783954,0.9772415238662819,0.9484882210408009,0.9782987840388347,0.004332133947553193
00843-DYehNKdT76V,belief,203,footstool,0_1_56,0_1,1,0.4812717138062226,0.8385964654611819,0.9403718582972378,0.9916891060149298,0.6154065912035802
00843-DYehNKdT76V,belief,203,footstool,0_1_111,0_1,2,0.39476274151205926,0.9763311403079987,0.941961591476373,0.9798860009684548,0.4380566392135555
00843-DYehNKdT76V,belief,203,footstool,0_1_420,0_1,3,0.07411544816667938,0.9825936513287681,0.9419819677385479,0.9792284799116551,0.08177266655767086
00843-DYehNKdT76V,belief,203,footstool,0_1_196,0_1,4,0.06794815978218462,0.9615494154194681,0.9192533585123623,0.956324672593097,0.08038323967085777
00843-DYehNKdT76V,belief,203,footstool,0_1_389,0_1,5,0.06518674080158465,0.9412041423576218,0.8917210667427415,0.9826210643037733,0.07904244053847245
00843-DYehNKdT76V,belief,204,frame,1_3_87,1_3,1,0.1407160635710886,0.9870715958513182,0.9405775202396902,0.9925715632624262,0.1526998460431498
00843-DYehNKdT76V,belief,204,frame,0_0_102,0_0,2,0.13535442904837042,0.9615525275664146,0.9240204314611016,0.9962270382349404,0.15291833427744092
00843-DYehNKdT76V,belief,204,frame,0_0_231,0_0,3,0.1347859272314157,0.971191279139498,0.9381100518592359,0.9964876655644955,0.14846157369593194
00843-DYehNKdT76V,belief,204,frame,0_0_234,0_0,4,0.13215272697976577,0.9817754198402555,0.9263067327617236,0.9968672331720936,0.1457712348578471
00843-DYehNKdT76V,belief,204,frame,0_1_445,0_1,5,0.1251261526839468,0.9930919171076771,0.9291705261612009,0.9572407295700266,0.1416583078772028
00843-DYehNKdT76V,belief,205,fruit,1_4_41,1_4,1,0.06853322204450123,0.9789326109430696,0.9476321947591272,0.657821561105043,0.11230534932390605
00843-DYehNKdT76V,belief,205,fruit,0_1_22,0_1,2,0.04747434780479944,0.8418675887102173,0.9163745015099163,0.7140467709146733,0.08618180020308086
00843-DYehNKdT76V,belief,205,fruit,1_4_56,1_4,3,0.01169460424950162,0.9567796472621811,0.924531114648204,0.9630461617117145,0.013727927120985441
00843-DYehNKdT76V,belief,205,fruit,1_2_80,1_2,4,0.010874998273588166,0.9223813414573669,0.9999999999999999,0.7388555937006641,0.015957289416708903
00843-DYehNKdT76V,belief,205,fruit,1_4_38,1_4,5,0.010437609488734798,0.9886873629553731,0.9416003183444412,0.8993706204953626,0.012466276861808626
00843-DYehNKdT76V,belief,206,fume cupboard,0_0_29,0_0,1,0.13994791822378477,0.9674004466411367,0.925397420931794,0.9986294226321363,0.15654078836723442
00843-DYehNKdT76V,belief,206,fume cupboard,0_0_72,0_0,2,0.11303665408248334,0.9762911758249014,0.9197302681388351,0.9988060468322373,0.12603706683672722
00843-DYehNKdT76V,belief,206,fume cupboard,0_0_106,0_0,3,0.08705074790230505,0.8734825157789274,0.9299932645869673,0.998496975436384,0.10732273547442692
00843-DYehNKdT76V,belief,206,fume cupboard,0_0_116,0_0,4,0.07858203521200534,0.979255128203036,0.9209799915230824,0.9990085367339913,0.08721838152748705
00843-DYehNKdT76V,belief,206,fume cupboard,0_0_15,0_0,5,0.0688551206973238,0.9200841642916203,0.9017659689373942,0.9987036649770697,0.08309563337189764
00843-DYehNKdT76V,belief,207,fur,0_1_48,0_1,1,0.2849519630792184,0.9809737855362363,0.9136362654386947,0.9277446979085441,0.3426986869039486
00843-DYehNKdT76V,belief,207,fur,0_1_420,0_1,2,0.25045751116803794,0.9825936513287681,0.9419819677385479,0.9792284799116551,0.2763334642671121
00843-DYehNKdT76V,belief,207,fur,0_1_332,0_1,3,0.2499534774594729,0.9728513024085096,0.9384970303279212,0.9884579993784934,0.2769628984078871
00843-DYehNKdT76V,belief,207,fur,0_1_389,0_1,4,0.19336566979385938,0.9412041423576218,0.8917210667427415,0.9826210643037733,0.23446630816203473
00843-DYehNKdT76V,belief,207,fur,0_1_107,0_1,5,0.19297787346643358,0.8971892860920533,0.9668950677506654,0.9563205807632223,0.23261653940521276
00843-DYehNKdT76V,belief,208,furnace,0_1_273,0_1,1,0.03120645338140657,0.958145122975111,0.946977693059931,0.9934304943539773,0.03462070318175502
00843-DYehNKdT76V,belief,208,furnace,0_1_286,0_1,2,0.02183312429392866,0.9723404955727442,0.9241312844745265,0.9945301554175138,0.02443126110273025
00843-DYehNKdT76V,belief,208,furnace,0_1_50,0_1,3,0.016876865272346792,0.8995654442986935,0.9391863317821885,0.9979349621854272,0.02001727785253604
00843-DYehNKdT76V,belief,208,furnace,0_1_466,0_1,4,0.012624143036633879,0.9503941876819575,0.892817000484917,0.9959408764333356,0.014938332652469426
00843-DYehNKdT76V,belief,208,furnace,1_3_22,1_3,5,0.011177779916444907,0.9318441044953133,0.9723028490499783,0.9910145657287024,0.012448891919589661
00843-DYehNKdT76V,belief,209,furniture,0_1_35,0_1,1,0.5374176154044772,0.8917396237148324,0.9758068521387169,0.9985837020112036,0.618479766025075
00843-DYehNKdT76V,belief,209,furniture,0_1_111,0_1,2,0.2910080840474257,0.9763311403079987,0.941961591476373,0.9798860009684548,0.3229231380689886
00843-DYehNKdT76V,belief,209,furniture,0_1_12,0_1,3,0.2854619100772899,0.8534476121254355,0.9783152054248441,0.9995751487920441,0.3420401167115073
00843-DYehNKdT76V,belief,209,furniture,0_1_56,0_1,4,0.24307895506448385,0.8385964654611819,0.9403718582972378,0.9916891060149298,0.3108273078142996
00843-DYehNKdT76V,belief,209,furniture,0_1_389,0_1,5,0.15827819065381843,0.9412041423576218,0.8917210667427415,0.9826210643037733,0.19192084647047306
00843-DYehNKdT76V,belief,210,game,1_5_6,1_5,1,0.015507950573084175,0.9588170032024875,0.9146328304411353,0.9575547673228872,0.01846750699361556
00843-DYehNKdT76V,belief,210,game,0_0_13,0_0,2,0.01532657265155623,0.9854814735044656,0.9272242679806945,0.7817140141438867,0.02145674779117443
00843-DYehNKdT76V,belief,210,game,0_1_420,0_1,3,0.01198958133494305,0.9825936513287681,0.9419819677385479,0.9792284799116551,0.013228281834894806
00843-DYehNKdT76V,belief,210,game,1_1_0,1_1,4,0.011507625591829084,0.9772415238662819,0.9484882210408009,0.9782987840388347,0.01269054739857098
00843-DYehNKdT76V,belief,210,game,1_0_45,1_0,5,0.011234167757172963,0.9369813383206772,0.9705055843518378,0.9977215173508981,0.012382336050506072
00843-DYehNKdT76V,belief,211,game console,0_1_94,0_1,1,0.12887581235750903,0.9754185072358882,0.9304325087145628,0.998468580443847,0.1422201542222841
00843-DYehNKdT76V,belief,211,game console,0_1_50,0_1,2,0.10171519148935002,0.8995654442986935,0.9391863317821885,0.9979349621854272,0.12064214633521846
00843-DYehNKdT76V,belief,211,game console,1_0_45,1_0,3,0.05485457557188158,0.9369813383206772,0.9705055843518378,0.9977215173508981,0.06046089067926151
00843-DYehNKdT76V,belief,211,game console,0_1_466,0_1,4,0.013461302788778821,0.9503941876819575,0.892817000484917,0.9959408764333356,0.01592895600207103
00843-DYehNKdT76V,belief,211,game console,0_1_342,0_1,5,0.013172538253450812,0.9546106727032884,0.928778995754004,0.9943175272880346,0.014941895770898437
00843-DYehNKdT76V,belief,212,gap,1_2_64,1_2,1,0.26851089992614163,0.7319434993702267,0.9507857821350567,0.9745847231271911,0.3958968843570162
00843-DYehNKdT76V,belief,212,gap,1_1_0,1_1,2,0.24395955088955115,0.9772415238662819,0.9484882210408009,0.9782987840388347,0.2690372761255127
00843-DYehNKdT76V,belief,212,gap,1_3_92,1_3,3,0.23608025666970744,0.9539646483921005,0.9109889261068271,0.9737320247632445,0.2789811345927329
00843-DYehNKdT76V,belief,212,gap,1_2_70,1_2,4,0.22312267605884015,0.9921973288658203,0.9567058481596832,0.9883380198610181,0.23782731097278145
00843-DYehNKdT76V,belief,212,gap,1_4_69,1_4,5,0.1978918347206847,0.9560002726693116,0.9494992903207446,0.975985381475487,0.2233736298663677
00843-DYehNKdT76V,belief,213,garage door motor,0_1_342,0_1,1,0.005254228300574395,0.9546106727032884,0.928778995754004,0.9943175272880346,0.0059599850927075995
00843-DYehNKdT76V,belief,213,garage door motor,0_1_88,0_1,2,0.0035393027082851313,0.8068283026811307,0.89866319097309,0.9914132177713244,0.004923624519922106
00843-DYehNKdT76V,belief,213,garage door motor,0_1_338,0_1,3,0.00352300839468528,0.9090179512898127,0.9252080694707244,0.9943072831290704,0.004212900341513449
00843-DYehNKdT76V,belief,213,garage door motor,0_1_429,0_1,4,0.0032450293760825175,0.9939725392920908,0.949394733205156,0.9939954447027457,0.0034594976045142305
00843-DYehNKdT76V,belief,213,garage door motor,0_1_440,0_1,5,0.003052815651188207,0.9700531617744066,0.9187801812437852,0.9848361199155515,0.003477999033895812
00843-DYehNKdT76V,belief,214,garage door opener,0_1_342,0_1,1,0.018777298320363005,0.9546106727032884,0.928778995754004,0.9943175272880346,0.02129949664700573
00843-DYehNKdT76V,belief,214,garage door opener,0_1_88,0_1,2,0.009810013613763543,0.8068283026811307,0.89866319097309,0.9914132177713244,0.013646988559760303
00843-DYehNKdT76V,belief,214,garage door opener,1_3_110,1_3,3,0.006881983130303204,0.9626770556784,0.9336481703550205,0.9940737945026418,0.007702489359144829
00843-DYehNKdT76V,belief,214,garage door opener,0_1_338,0_1,4,0.00617712875663688,0.9090179512898127,0.9252080694707244,0.9943072831290704,0.007386762940351388
00843-DYehNKdT76V,belief,214,garage door opener,0_1_438,0_1,5,0.005905572022825248,0.9830626154244656,0.9492579773117595,0.9908523367719705,0.006386862936419009
00843-DYehNKdT76V,belief,215,garage door opener railing,0_1_88,0_1,1,0.003265627688720172,0.8068283026811307,0.89866319097309,0.9914132177713244,0.004542907427353023
00843-DYehNKdT76V,belief,215,garage door opener railing,0_1_440,0_1,2,0.002922106804464801,0.9700531617744066,0.9187801812437852,0.9848361199155515,0.0033290856062380683
00843-DYehNKdT76V,belief,215,garage door opener railing,0_1_438,0_1,3,0.002576283717308519,0.9830626154244656,0.9492579773117595,0.9908523367719705,0.002786245079084775
00843-DYehNKdT76V,belief,215,garage door opener railing,0_1_338,0_1,4,0.0023545842729484675,0.9090179512898127,0.9252080694707244,0.9943072831290704,0.0028156699548576984
00843-DYehNKdT76V,belief,215,garage door opener railing,0_1_429,0_1,5,0.0020123176212434647,0.9939725392920908,0.949394733205156,0.9939954447027457,0.002145314320272124
00843-DYehNKdT76V,belief,216,gas box,0_0_25,0_0,1,0.03584889283740686,0.976284574870167,0.9384715163509781,0.9897532177130224,0.03953222892573697
00843-DYehNKdT76V,belief,216,gas box,1_3_20,1_3,2,0.018381267674708913,0.9756434864803123,0.9541488149682187,0.9904755037166606,0.019935377116747185
00843-DYehNKdT76V,belief,216,gas box,1_2_76,1_2,3,0.00767857912687306,0.942806341534569,0.9408458021327656,0.9921317006662198,0.00872510357179395
00843-DYehNKdT76V,belief,216,gas box,0_0_145,0_0,4,0.004825929740938371,0.9695527904292081,0.9045437754563475,0.9985646200638593,0.005510661950917482
00843-DYehNKdT76V,belief,216,gas box,0_1_342,0_1,5,0.004497913662400547,0.9546106727032884,0.928778995754004,0.9943175272880346,0.005102080998890454
00843-DYehNKdT76V,belief,217,gas container,0_0_69,0_0,1,0.38954802334159094,0.9899780835122496,0.93172948299191,0.9937335088752389,0.4249870063836159
00843-DYehNKdT76V,belief,217,gas container,0_0_25,0_0,2,0.1846947468382236,0.976284574870167,0.9384715163509781,0.9897532177130224,0.2036714228945721
00843-DYehNKdT76V,belief,217,gas container,1_3_50,1_3,3,0.01201808039343932,0.980957429950183,0.9405407460941836,0.9633131036565776,0.01352196667221469
00843-DYehNKdT76V,belief,217,gas container,0_1_462,0_1,4,0.008571313467925945,0.9418686537947638,0.8993247118650758,0.9753604323971826,0.010374695863060683
00843-DYehNKdT76V,belief,217,gas container,1_3_20,1_3,5,0.006136579918185513,0.9756434864803123,0.9541488149682187,0.9904755037166606,0.0066554188231755405
00843-DYehNKdT76V,belief,218,gas meter,1_0_45,1_0,1,0.02487095397566933,0.9369813383206772,0.9705055843518378,0.9977215173508981,0.027412845942840436
00843-DYehNKdT76V,belief,218,gas meter,1_4_37,1_4,2,0.006066917718401392,0.9580020877376413,0.9262587403832268,0.9988912539181065,0.006844648018749315
00843-DYehNKdT76V,belief,218,gas meter,0_0_25,0_0,3,0.005125836429869031,0.976284574870167,0.9384715163509781,0.9897532177130224,0.005652496441118055
00843-DYehNKdT76V,belief,218,gas meter,1_2_76,1_2,4,0.0018513760558594105,0.942806341534569,0.9408458021327656,0.9921317006662198,0.0021037027255706472
00843-DYehNKdT76V,belief,218,gas meter,0_0_20,0_0,5,0.0013108082035410366,0.9644929054041022,0.914877621336939,0.9893571075290852,0.0015014954852170554
00843-DYehNKdT76V,belief,219,gauge,1_0_45,1_0,1,0.008655534076528587,0.9369813383206772,0.9705055843518378,0.9977215173508981,0.009540157664438694
00843-DYehNKdT76V,belief,219,gauge,0_0_102,0_0,2,0.0019605999545859744,0.9615525275664146,0.9240204314611016,0.9962270382349404,0.0022150119604329496
00843-DYehNKdT76V,belief,219,gauge,0_0_234,0_0,3,0.0017238702460167176,0.9817754198402555,0.9263067327617236,0.9968672331720936,0.0019015172841271247
00843-DYehNKdT76V,belief,219,gauge,0_0_135,0_0,4,0.0015685648715187206,0.9495595099866796,0.9119729705539621,0.996555473117176,0.0018175938794950846
00843-DYehNKdT76V,belief,219,gauge,0_1_171,0_1,5,0.001541803966049257,0.9623341344003914,0.934616339547051,0.4720951705885266,0.0036311178190758797
00843-DYehNKdT76V,belief,220,gift,1_1_3,1_1,1,0.011917731032826938,0.9482779715530216,0.9575854652740334,0.9084999183286149,0.014446261752999212
00843-DYehNKdT76V,belief,220,gift,1_3_90,1_3,2,0.010601683882943006,0.9919541122582689,0.9028651395659981,0.9685122018860778,0.012222366063805523
00843-DYehNKdT76V,belief,220,gift,1_3_92,1_3,3,0.007615181941565146,0.9539646483921005,0.9109889261068271,0.9737320247632445,0.008999024857721354
00843-DYehNKdT76V,belief,220,gift,1_4_56,1_4,4,0.0069033146329385234,0.9567796472621811,0.924531114648204,0.9630461617117145,0.008103583340860044
00843-DYehNKdT76V,belief,220,gift,1_4_38,1_4,5,0.0050440790448361165,0.9886873629553731,0.9416003183444412,0.8993706204953626,0.006024452816867781
00843-DYehNKdT76V,belief,221,glass,0_0_31,0_0,1,0.8484541337618432,0.9858497273630369,0.9475291490973261,0.9993248924840122,0.9089047322180094
00843-DYehNKdT76V,belief,221,glass,0_0_171,0_0,2,0.8248195872867174,0.9828991620124558,0.9389303937968341,0.9970515337233399,0.8963941164915703
00843-DYehNKdT76V,belief,221,glass,0_1_402,0_1,3,0.8097905784553338,0.9893277841463983,0.9421317206808799,0.9986535879811193,0.86997349361209
00843-DYehNKdT76V,belief,221,glass,0_1_368,0_1,4,0.7960488681851219,0.9684487157430313,0.9472704136090457,0.9987528778332564,0.8688225510017354
00843-DYehNKdT76V,belief,221,glass,0_0_61,0_0,5,0.795025303291765,0.9538636169101279,0.9220404758049205,0.9993971931804692,0.9044958024821407
00843-DYehNKdT76V,belief,222,glasses,1_3_50,1_3,1,0.005921747248289396,0.980957429950183,0.9405407460941836,0.9633131036565776,0.006662766957055849
00843-DYehNKdT76V,belief,222,glasses,1_3_11,1_3,2,0.0021912303453830153,0.9339616149663925,0.954779716459494,0.9751058091412136,0.0025200205263414387
00843-DYehNKdT76V,belief,222,glasses,1_3_53,1_3,3,0.0013851759536857686,0.9775218795349699,0.8767534721332256,0.9700885239289002,0.0016660560018974086
00843-DYehNKdT76V,belief,222,glasses,1_3_26,1_3,4,0.0012520752768934657,0.9036156361452257,0.9458904509131587,0.9783937814836982,0.0014972426092433138
00843-DYehNKdT76V,belief,222,glasses,1_3_92,1_3,5,0.0010941522362034404,0.9539646483921005,0.9109889261068271,0.9737320247632445,0.001292983312451555
00843-DYehNKdT76V,belief,223,globe,0_0_139,0_0,1,0.0011249783325087573,0.9773783838738362,0.9126945040022725,0.9537391599400015,0.0013222889781159739
00843-DYehNKdT76V,belief,223,globe,0_0_96,0_0,2,0.0008120873475313896,0.9637162017306503,0.9270797046271217,0.9624881514546729,0.0009443676862093238
00843-DYehNKdT76V,belief,223,globe,0_1_171,0_1,3,0.0004929478937792827,0.9623341344003914,0.934616339547051,0.4720951705885266,0.0011609464759417363
00843-DYehNKdT76V,belief,223,globe,0_1_22,0_1,4,0.00036564389214299313,0.8418675887102173,0.9163745015099163,0.7140467709146733,0.0006637658085943958
00843-DYehNKdT76V,belief,223,globe,1_3_78,1_3,5,0.00026744476145077085,0.9914629704982698,0.9538801574170834,0.8623652928701938,0.0003279234790108937
00843-DYehNKdT76V,belief,224,globe stand,0_0_139,0_0,1,4.4985815974166975e-05,0.9773783838738362,0.9126945040022725,0.9537391599400015,5.287590606437876e-05
00843-DYehNKdT76V,belief,224,globe stand,1_3_78,1_3,2,2.266991986814327e-05,0.9914629704982698,0.9538801574170834,0.8623652928701938,2.7796390371355676e-05
00843-DYehNKdT76V,belief,224,globe stand,0_1_320,0_1,3,1.6421617108143368e-05,0.875539102836659,0.919038387096194,0.880281086393772,2.3183839001962487e-05
00843-DYehNKdT76V,belief,224,globe stand,0_0_150,0_0,4,1.4937348171190552e-05,0.965007754848284,0.8903604479595748,0.9904448074336956,1.755280636191837e-05
00843-DYehNKdT76V,belief,224,globe stand,1_2_32,1_2,5,1.4665628971369985e-05,0.8740630681386236,0.9406879058359745,0.9767290659430526,1.8261575823773443e-05
00843-DYehNKdT76V,belief,225,gloves,0_0_206,0_0,1,0.07953832894932505,0.9814853265220894,0.9195804511596174,0.9274013946803599,0.09502440881772155
00843-DYehNKdT76V,belief,225,gloves,0_0_138,0_0,2,0.0719238107578586,0.9629630498312137,0.9064093631906223,0.927548297970935,0.08883869098600913
00843-DYehNKdT76V,belief,225,gloves,1_3_50,1_3,3,0.003984513134493557,0.980957429950183,0.9405407460941836,0.9633131036565776,0.004483116441710264
00843-DYehNKdT76V,belief,225,gloves,1_2_80,1_2,4,0.0036250503987361304,0.9223813414573669,0.9999999999999999,0.7388555937006641,0.005319171268585624
00843-DYehNKdT76V,belief,225,gloves,1_4_36,1_4,5,0.002832153085500011,0.9812424194111476,0.9324439268650434,0.9814712599410965,0.003153843204638029
00843-DYehNKdT76V,belief,226,glue,1_2_39,1_2,1,0.2274855521866405,0.8464411585419266,0.9365808972280663,0.942452895625915,0.3044753215739354
00843-DYehNKdT76V,belief,226,glue,1_2_64,1_2,2,0.09931252570000129,0.7319434993702267,0.9507857821350567,0.9745847231271911,0.1464280202892007
00843-DYehNKdT76V,belief,226,glue,0_0_9,0_0,3,0.08958373475430612,0.9793394401351101,0.8961672422804065,0.9761343014830198,0.10456763366480132
00843-DYehNKdT76V,belief,226,glue,1_3_85,1_3,4,0.07252523037221896,0.989795633269982,0.9321050890090511,0.9641188856602314,0.08153575824257117
00843-DYehNKdT76V,belief,226,glue,1_3_90,1_3,5,0.06947988986241223,0.9919541122582689,0.9028651395659981,0.9685122018860778,0.08010129875100125
00843-DYehNKdT76V,belief,227,goalpost,1_2_64,1_2,1,0.0014004719500626541,0.7319434993702267,0.9507857821350567,0.9745847231271911,0.0020648788626894034
00843-DYehNKdT76V,belief,227,goalpost,1_3_102,1_3,2,0.0013143070934888382,0.9935047898156092,0.9460210638234123,0.9724061042390233,0.0014380646269614053
00843-DYehNKdT76V,belief,227,goalpost,1_4_39,1_4,3,0.0010680710372405603,0.9456210992893489,0.9202724341958586,0.9748331021011885,0.0012590306514937322
00843-DYehNKdT76V,belief,227,goalpost,1_2_32,1_2,4,0.0008018508929661072,0.8740630681386236,0.9406879058359745,0.9767290659430526,0.000998461157707383
00843-DYehNKdT76V,belief,227,goalpost,1_3_15,1_3,5,0.0005911373764454659,0.9568999118908168,0.939836788872689,0.9914635379482847,0.0006629682297509691
00843-DYehNKdT76V,belief,228,golf sticks,1_4_39,1_4,1,0.0006879445648798842,0.9456210992893489,0.9202724341958586,0.9748331021011885,0.000810941654171278
00843-DYehNKdT76V,belief,228,golf sticks,0_1_53,0_1,2,0.0002694260218929789,0.9487151085428531,0.9269034005105448,0.9650419908730198,0.000317484871594686
00843-DYehNKdT76V,belief,228,golf sticks,1_3_103,1_3,3,0.00019821338064257373,0.9612927858435583,0.9894639375374708,0.991618217624883,0.00021015165688781774
00843-DYehNKdT76V,belief,228,golf sticks,1_3_34,1_3,4,0.00017880628711012457,0.9464904014889458,0.9437432982255185,0.990731601426993,0.00020204898569977078
00843-DYehNKdT76V,belief,228,golf sticks,1_2_32,1_2,5,0.00016928899498140358,0.8740630681386236,0.9406879058359745,0.9767290659430526,0.00021079790195282114
00843-DYehNKdT76V,belief,229,grab bar,1_4_52,1_4,1,0.10063917624412198,0.9532633240056497,0.9239660081377165,0.9872553789832017,0.11573605803403386
00843-DYehNKdT76V,belief,229,grab bar,1_4_48,1_4,2,0.053083522900006834,0.9806030835892515,0.9241325066878794,0.9962301687697346,0.05879935286442144
00843-DYehNKdT76V,belief,229,grab bar,0_0_20,0_0,3,0.04348429442181715,0.9644929054041022,0.914877621336939,0.9893571075290852,0.04981008783422952
00843-DYehNKdT76V,belief,229,grab bar,0_1_282,0_1,4,0.03716052539799489,0.9214817996535982,0.9073939634938382,0.9908472674642633,0.04485310181857444
00843-DYehNKdT76V,belief,229,grab bar,1_3_33,1_3,5,0.03395907027017147,0.8445491488228882,0.9699769634310842,0.9918222223796742,0.041796085442457984
00843-DYehNKdT76V,belief,230,grass,0_1_316,0_1,1,0.8330657027668891,0.9678857525189718,0.8997953526815679,0.9993450097481751,0.9571851760498539
00843-DYehNKdT76V,belief,230,grass,0_1_17,0_1,2,0.7163542533374029,0.9649690509389177,0.9281994525613585,0.9979784708656001,0.8014048729265345
00843-DYehNKdT76V,belief,230,grass,0_1_386,0_1,3,0.6942797120589113,0.9587883348815157,0.9406644966030004,0.9983226545032955,0.7710917451467735
00843-DYehNKdT76V,belief,230,grass,0_1_460,0_1,4,0.6458592542214089,0.9406012058926503,0.8758930421507541,0.9986653354496439,0.7849849018289603
00843-DYehNKdT76V,belief,230,grass,0_1_30,0_1,5,0.4583960712858165,0.9054528245034836,0.8968907213656309,0.9981816426388707,0.5654913280591507
00843-DYehNKdT76V,belief,231,grate,1_2_91,1_2,1,0.23346953550380217,0.9967225002894404,0.9282351944163945,0.9974203156577294,0.2529995311716568
00843-DYehNKdT76V,belief,231,grate,1_3_100,1_3,2,0.2247023874595153,0.9729776792072676,0.9252712682718263,0.9970007787074296,0.2503457571366994
00843-DYehNKdT76V,belief,231,grate,1_3_104,1_3,3,0.143949268245051,0.9606392178504474,0.9369749997860197,0.9983145206028505,0.16019677085362768
00843-DYehNKdT76V,belief,231,grate,1_3_41,1_3,4,0.10941003554778564,0.9966604680587084,0.9056167389469361,0.9906336886465524,0.12236364132874326
00843-DYehNKdT76V,belief,231,grate,0_1_512,0_1,5,0.0842854076314033,0.9662180727077704,0.9182542870213677,0.9963539364059875,0.0953455941607687
00843-DYehNKdT76V,belief,232,gravel,0_1_109,0_1,1,0.004713092066021181,0.9295754133227316,0.8987265488833587,0.971491670014562,0.005807037662127621
00843-DYehNKdT76V,belief,232,gravel,0_1_48,0_1,2,0.002345936256764017,0.9809737855362363,0.9136362654386947,0.9277446979085441,0.002821350188522443
00843-DYehNKdT76V,belief,232,gravel,1_3_36,1_3,3,0.001965106780033814,0.9859456788137477,0.9241327409304635,0.9538394108799035,0.0022611196613195068
00843-DYehNKdT76V,belief,232,gravel,1_1_3,1_1,4,0.0012171299084758158,0.9482779715530216,0.9575854652740334,0.9084999183286149,0.0014753628183765822
00843-DYehNKdT76V,belief,232,gravel,0_1_420,0_1,5,0.0009327968400985489,0.9825936513287681,0.9419819677385479,0.9792284799116551,0.0010291685047884552
00843-DYehNKdT76V,belief,233,groceries,1_3_50,1_3,1,0.001464539716687338,0.980957429950183,0.9405407460941836,0.9633131036565776,0.0016478053558363324
00843-DYehNKdT76V,belief,233,groceries,0_0_138,0_0,2,0.0014138674415714503,0.9629630498312137,0.9064093631906223,0.927548297970935,0.0017463776100492745
00843-DYehNKdT76V,belief,233,groceries,0_0_150,0_0,3,0.0013230248144068405,0.965007754848284,0.8903604479595748,0.9904448074336956,0.0015546801288387811
00843-DYehNKdT76V,belief,233,groceries,1_2_76,1_2,4,0.0011525121119062398,0.942806341534569,0.9408458021327656,0.9921317006662198,0.0013095896230249475
00843-DYehNKdT76V,belief,233,groceries,0_1_540,0_1,5,0.0005871596928917714,0.9827531129271098,0.9459855066032241,0.9815486973495555,0.0006434509891473352
00843-DYehNKdT76V,belief,234,guitar,1_4_36,1_4,1,0.2310863947333386,0.9812424194111476,0.9324439268650434,0.9814712599410965,0.2573343437702525
00843-DYehNKdT76V,belief,234,guitar,1_3_50,1_3,2,0.15248478318293476,0.980957429950183,0.9405407460941836,0.9633131036565776,0.17156601459789841
00843-DYehNKdT76V,belief,234,guitar,0_1_320,0_1,3,0.13757505169963363,0.875539102836659,0.919038387096194,0.880281086393772,0.1942267821912199
00843-DYehNKdT76V,belief,234,guitar,1_2_70,1_2,4,0.13039673908646388,0.9921973288658203,0.9567058481596832,0.9883380198610181,0.13899038127516397
00843-DYehNKdT76V,belief,234,guitar,1_3_26,1_3,5,0.127727690573649,0.9036156361452257,0.9458904509131587,0.9783937814836982,0.15273789382823558
00843-DYehNKdT76V,belief,235,gun,1_3_50,1_3,1,0.24964047199561595,0.980957429950183,0.9405407460941836,0.9633131036565776,0.2808793111588289
00843-DYehNKdT76V,belief,235,gun,1_3_26,1_3,2,0.2462897824315018,0.9036156361452257,0.9458904509131587,0.9783937814836982,0.2945154842388009
00843-DYehNKdT76V,belief,235,gun,1_3_52,1_3,3,0.18906091887109477,0.9748788397992171,0.9318979332745038,0.9819365536129354,0.21193337020599998
00843-DYehNKdT76V,belief,235,gun,0_1_462,0_1,4,0.1886232938859802,0.9418686537947638,0.8993247118650758,0.9753604323971826,0.22830915169285995
00843-DYehNKdT76V,belief,235,gun,0_1_170,0_1,5,0.16427821169119777,0.9427834590485101,0.9243059753484681,0.956424463111313,0.19710678569965012
00843-DYehNKdT76V,belief,236,gym rope,0_0_150,0_0,1,0.000326098507353867,0.965007754848284,0.8903604479595748,0.9904448074336956,0.00038319679563556864
00843-DYehNKdT76V,belief,236,gym rope,1_4_39,1_4,2,0.0002573998643574343,0.9456210992893489,0.9202724341958586,0.9748331021011885,0.0003034201917445571
00843-DYehNKdT76V,belief,236,gym rope,0_0_139,0_0,3,0.00024251587772353722,0.9773783838738362,0.9126945040022725,0.9537391599400015,0.0002850508875285011
00843-DYehNKdT76V,belief,236,gym rope,1_2_32,1_2,4,0.00022315962567717707,0.8740630681386236,0.9406879058359745,0.9767290659430526,0.0002778773711693035
00843-DYehNKdT76V,belief,236,gym rope,1_2_64,1_2,5,8.744572193455233e-05,0.7319434993702267,0.9507857821350567,0.9745847231271911,0.00012893140976311175
00843-DYehNKdT76V,belief,237,hair brush,1_3_92,1_3,1,0.05231092550187103,0.9539646483921005,0.9109889261068271,0.9737320247632445,0.061816949684723455
00843-DYehNKdT76V,belief,237,hair brush,1_3_41,1_3,2,0.034722193879250234,0.9966604680587084,0.9056167389469361,0.9906336886465524,0.03883312949050267
00843-DYehNKdT76V,belief,237,hair brush,1_1_3,1_1,3,0.011959872112582952,0.9482779715530216,0.9575854652740334,0.9084999183286149,0.014497343713737586
00843-DYehNKdT76V,belief,237,hair brush,1_3_50,1_3,4,0.010404812842966378,0.980957429950183,0.9405407460941836,0.9633131036565776,0.011706822378225018
00843-DYehNKdT76V,belief,237,hair brush,0_1_433,0_1,5,0.009338198923130791,0.9770064520457434,0.903057041840335,0.8952963327566862,0.011821802518020423
00843-DYehNKdT76V,belief,238,hair dryer,0_0_139,0_0,1,0.036194322733644514,0.9773783838738362,0.9126945040022725,0.9537391599400015,0.042542467386320094
00843-DYehNKdT76V,belief,238,hair dryer,0_0_25,0_0,2,0.03034066728319722,0.976284574870167,0.9384715163509781,0.9897532177130224,0.03345805434603017
00843-DYehNKdT76V,belief,238,hair dryer,0_0_150,0_0,3,0.016102201156185637,0.965007754848284,0.8903604479595748,0.9904448074336956,0.018921619530855284
00843-DYehNKdT76V,belief,238,hair dryer,1_3_50,1_3,4,0.010094479480446632,0.980957429950183,0.9405407460941836,0.9633131036565776,0.011357655352552674
00843-DYehNKdT76V,belief,238,hair dryer,1_3_41,1_3,5,0.009106563984401614,0.9966604680587084,0.9056167389469361,0.9906336886465524,0.010184736012062495
00843-DYehNKdT76V,belief,239,hammer,1_3_50,1_3,1,0.21315060006842365,0.980957429950183,0.9405407460941836,0.9633131036565776,0.23982326760446626
00843-DYehNKdT76V,belief,239,hammer,1_3_52,1_3,2,0.18715472263076866,0.9748788397992171,0.9318979332745038,0.9819365536129354,0.2097965637422497
00843-DYehNKdT76V,belief,239,hammer,0_1_170,0_1,3,0.17096573959592226,0.9427834590485101,0.9243059753484681,0.956424463111313,0.2051307172728448
00843-DYehNKdT76V,belief,239,hammer,1_3_57,1_3,4,0.15964053152576033,0.9890211925806407,0.9441794864337028,0.9512918709778422,0.17970874911667448
00843-DYehNKdT76V,belief,239,hammer,1_3_26,1_3,5,0.15535399071615316,0.9036156361452257,0.9458904509131587,0.9783937814836982,0.1857736660956416
00843-DYehNKdT76V,belief,240,hammock,0_0_169,0_0,1,0.0025277770705310803,0.9726494334985593,0.9150804559837692,0.8619427470636499,0.0032949189218056886
00843-DYehNKdT76V,belief,240,hammock,0_1_223,0_1,2,0.002204418085467888,0.9417414639677321,0.9365569549357925,0.8731500620167224,0.0028624584440951686
00843-DYehNKdT76V,belief,240,hammock,1_5_6,1_5,3,0.0021061133818881003,0.9588170032024875,0.9146328304411353,0.9575547673228872,0.0025080466581362433
00843-DYehNKdT76V,belief,240,hammock,1_2_67,1_2,4,0.0020593956761301825,0.9759155185773507,0.954035090500391,0.5797752688490779,0.0038150790202187285
00843-DYehNKdT76V,belief,240,hammock,0_0_150,0_0,5,0.001975186814919852,0.965007754848284,0.8903604479595748,0.9904448074336956,0.0023210325750972404
00843-DYehNKdT76V,belief,241,hand dryer,1_4_45,1_4,1,0.028987411582966922,0.983557012561032,0.9355504911075436,0.9961280365912052,0.03162477927096415
00843-DYehNKdT76V,belief,241,hand dryer,1_4_36,1_4,2,0.013299591415353878,0.9812424194111476,0.9324439268650434,0.9814712599410965,0.014810225557553439
00843-DYehNKdT76V,belief,241,hand dryer,1_4_54,1_4,3,0.011984466016948638,0.9658132151890828,0.9094788808882326,0.9949866695848134,0.013712469156208077
00843-DYehNKdT76V,belief,241,hand dryer,0_0_25,0_0,4,0.010928831918730742,0.976284574870167,0.9384715163509781,0.9897532177130224,0.012051727434420168
00843-DYehNKdT76V,belief,241,hand dryer,1_3_33,1_3,5,0.007270431102661574,0.8445491488228882,0.9699769634310842,0.9918222223796742,0.008948288547147342
00843-DYehNKdT76V,belief,242,handcart,1_2_80,1_2,1,0.0005975377520607032,0.9223813414573669,0.9999999999999999,0.7388555937006641,0.0008767893665049954
00843-DYehNKdT76V,belief,242,handcart,0_1_445,0_1,2,0.0005965842427977871,0.9930919171076771,0.9291705261612009,0.9572407295700266,0.0006754072791992691
00843-DYehNKdT76V,belief,242,handcart,1_3_50,1_3,3,0.0003723283995874193,0.980957429950183,0.9405407460941836,0.9633131036565776,0.0004189198312476356
00843-DYehNKdT76V,belief,242,handcart,1_3_26,1_3,4,0.0001909244962733387,0.9036156361452257,0.9458904509131587,0.9783937814836982,0.00022830918894749627
00843-DYehNKdT76V,belief,242,handcart,0_1_128,0_1,5,0.00018688121199371882,0.9519296470004605,0.9141135570616024,0.9535277492001387,0.0002252305529701285
00843-DYehNKdT76V,belief,243,handkerchiefs,1_3_40,1_3,1,0.010849988627697814,0.9852132399876913,0.9117462835944191,0.9840212788428917,0.012274973177414576
00843-DYehNKdT76V,belief,243,handkerchiefs,0_0_206,0_0,2,0.009962664488922487,0.9814853265220894,0.9195804511596174,0.9274013946803599,0.011902391159265117
00843-DYehNKdT76V,belief,243,handkerchiefs,1_2_35,1_2,3,0.0034766939789118378,0.9605170886231283,0.9185541082990387,0.9911884749713264,0.003975578946676981
00843-DYehNKdT76V,belief,243,handkerchiefs,0_1_103,0_1,4,0.003381347678769071,0.9779813712261715,0.9412826395790822,0.9723560330100327,0.003777581857255903
00843-DYehNKdT76V,belief,243,handkerchiefs,1_2_33,1_2,5,0.0030178248882870326,0.976415196027367,0.951046343889537,0.9950827511022778,0.003265868001281584
00843-DYehNKdT76V,belief,244,handle,0_1_248,0_1,1,0.7635805135761209,0.9700828031076192,0.9465003982594311,0.981360621358993,0.8474158888487338
00843-DYehNKdT76V,belief,244,handle,1_4_52,1_4,2,0.7066871666743633,0.9532633240056497,0.9239660081377165,0.9872553789832017,0.8126973012550678
00843-DYehNKdT76V,belief,244,handle,1_2_57,1_2,3,0.6627069496560591,0.9707025985585319,0.9778001675186392,0.9875685183115567,0.7069976794843903
00843-DYehNKdT76V,belief,244,handle,1_2_74,1_2,4,0.5725456012860285,0.9382287178736006,0.9298370487279506,0.9918456998711597,0.6616836436672124
00843-DYehNKdT76V,belief,244,handle,0_1_202,0_1,5,0.5544432630565073,0.9466150466261859,0.9544981802637863,0.976732539181334,0.6282506498427165
00843-DYehNKdT76V,belief,245,hanger,1_2_32,1_2,1,0.3394939399171706,0.8740630681386236,0.9406879058359745,0.9767290659430526,0.42273634070601024
00843-DYehNKdT76V,belief,245,hanger,1_2_60,1_2,2,0.22985721269696424,0.956044105804844,0.8827508951188139,0.9923859109993982,0.2744488726500429
00843-DYehNKdT76V,belief,245,hanger,1_2_59,1_2,3,0.07674959353622897,0.9084493176932975,0.9559975913560569,0.9747058535757641,0.09066611541129066
00843-DYehNKdT76V,belief,245,hanger,1_2_41,1_2,4,0.04740460919689129,0.9645901119085067,0.9372154297693613,0.9590297172630452,0.054677200485570565
00843-DYehNKdT76V,belief,245,hanger,1_2_35,1_2,5,0.04733202935552138,0.9605170886231283,0.9185541082990387,0.9911884749713264,0.05412389486986233
00843-DYehNKdT76V,belief,246,hat,0_1_208,0_1,1,0.36097282978153566,0.8962178002609001,0.9301942472067293,0.9761515895842995,0.44357803581057903
00843-DYehNKdT76V,belief,246,hat,0_1_41,0_1,2,0.3536058634627035,0.9564920398416932,0.8987550674612226,0.9600550722549631,0.4284504459583101
00843-DYehNKdT76V,belief,246,hat,0_1_321,0_1,3,0.15637925944031303,0.9578993779326241,0.9173308618677394,0.9725186659632962,0.18299335115788437
00843-DYehNKdT76V,belief,246,hat,0_0_139,0_0,4,0.11643260269903538,0.9773783838738362,0.9126945040022725,0.9537391599400015,0.13685378890716743
00843-DYehNKdT76V,belief,246,hat,1_4_49,1_4,5,0.06575436914647959,0.9814338362959883,0.9309150502804346,0.8210477265133794,0.0876567034923569
00843-DYehNKdT76V,belief,247,hatch,1_3_33,1_3,1,0.10234518905030629,0.8445491488228882,0.9699769634310842,0.9918222223796742,0.12596423377139523
00843-DYehNKdT76V,belief,247,hatch,0_0_231,0_0,2,0.08414162139556665,0.971191279139498,0.9381100518592359,0.9964876655644955,0.09267879653538158
00843-DYehNKdT76V,belief,247,hatch,1_1_39,1_1,3,0.06824015656387208,0.9890936813490285,0.9279079739105651,0.9414873534746949,0.07897382800340741
00843-DYehNKdT76V,belief,247,hatch,1_1_24,1_1,4,0.060855219938202774,0.9860453036270609,0.9336702061368993,0.997064150709667,0.06629554807968809
00843-DYehNKdT76V,belief,247,hatch,0_0_234,0_0,5,0.053599010361079974,0.9817754198402555,0.9263067327617236,0.9968672331720936,0.05912245706961058
00843-DYehNKdT76V,belief,248,headboard,1_0_13,1_0,1,0.20015851534299567,0.9580844380167934,0.9139507746019797,0.9995370765626249,0.22869073555559
00843-DYehNKdT76V,belief,248,headboard,1_0_67,1_0,2,0.1525334977599944,0.9578035984715424,0.9343648120560688,0.9991452751753127,0.17058610428020227
00843-DYehNKdT76V,belief,248,headboard,1_0_61,1_0,3,0.14306653300996539,0.8421448638419742,0.997653871304122,0.9993598052063112,0.1703921090711695
00843-DYehNKdT76V,belief,248,headboard,1_0_54,1_0,4,0.12758748857118168,0.8523885310397428,0.9543111517504067,0.9929314606607573,0.157965127012902
00843-DYehNKdT76V,belief,248,headboard,1_1_14,1_1,5,0.09653671709032402,0.9906852750280234,0.9455412063283077,0.9949248271363605,0.10358242865675749
00843-DYehNKdT76V,belief,249,headphones,0_0_150,0_0,1,0.0013070889540695754,0.965007754848284,0.8903604479595748,0.9904448074336956,0.0015359539756083116
00843-DYehNKdT76V,belief,249,headphones,1_3_50,1_3,2,0.00047824027466334535,0.980957429950183,0.9405407460941836,0.9633131036565776,0.0005380850222002808
00843-DYehNKdT76V,belief,249,headphones,0_0_139,0_0,3,0.0003650348002143319,0.9773783838738362,0.9126945040022725,0.9537391599400015,0.0004290584796204688
00843-DYehNKdT76V,belief,249,headphones,1_3_81,1_3,4,0.00014678024273059176,0.9834038334840547,0.9578503178370077,0.9809958302355481,0.00015884402949973582
00843-DYehNKdT76V,belief,249,headphones,1_3_78,1_3,5,0.0001423122792089531,0.9914629704982698,0.9538801574170834,0.8623652928701938,0.00017449411777975608
00843-DYehNKdT76V,belief,250,heater,0_1_512,0_1,1,0.7610510155066228,0.9662180727077704,0.9182542870213677,0.9963539364059875,0.8609184353413468
00843-DYehNKdT76V,belief,250,heater,1_3_104,1_3,2,0.7272686066245676,0.9606392178504474,0.9369749997860197,0.9983145206028505,0.8093551550824117
00843-DYehNKdT76V,belief,250,heater,1_2_93,1_2,3,0.6896711107049148,0.988826739616119,0.9444068124131855,0.9993898754206286,0.7389716474077132
00843-DYehNKdT76V,belief,250,heater,0_1_2,0_1,4,0.5622507791158369,0.9181237688729937,0.9196687404889972,0.997509841185681,0.667544498451117
00843-DYehNKdT76V,belief,250,heater,1_3_100,1_3,5,0.5617791036225317,0.9729776792072676,0.9252712682718263,0.9970007787074296,0.6258901680130033
00843-DYehNKdT76V,belief,251,heater piping,0_1_2,0_1,1,0.020502340919262993,0.9181237688729937,0.9196687404889972,0.997509841185681,0.02434185134886855
00843-DYehNKdT76V,belief,251,heater piping,1_2_34,1_2,2,0.017990473605150804,0.933191122530269,0.9560009706227346,0.9838769867285772,0.02049617696662274
00843-DYehNKdT76V,belief,251,heater piping,1_2_64,1_2,3,0.014924312518941366,0.7319434993702267,0.9507857821350567,0.9745847231271911,0.022004651688421313
00843-DYehNKdT76V,belief,251,heater piping,1_3_100,1_3,4,0.010033563229006923,0.9729776792072676,0.9252712682718263,0.9970007787074296,0.011178608343879955
00843-DYehNKdT76V,belief,251,heater piping,0_1_512,0_1,5,0.009109550371361828,0.9662180727077704,0.9182542870213677,0.9963539364059875,0.01030493316818623
00843-DYehNKdT76V,belief,252,holder,1_3_78,1_3,1,0.01297277494167469,0.9914629704982698,0.9538801574170834,0.8623652928701938,0.015906378080553153
00843-DYehNKdT76V,belief,252,holder,0_0_25,0_0,2,0.0064730640835698365,0.976284574870167,0.9384715163509781,0.9897532177130224,0.007138146563221972
00843-DYehNKdT76V,belief,252,holder,1_4_36,1_4,3,0.006461483816362065,0.9812424194111476,0.9324439268650434,0.9814712599410965,0.007195411480560667
00843-DYehNKdT76V,belief,252,holder,0_1_513,0_1,4,0.006098460637641199,0.9465718027204275,0.9029807838960024,0.9932296306020593,0.007183539535911547
00843-DYehNKdT76V,belief,252,holder,0_0_20,0_0,5,0.005388468926081851,0.9644929054041022,0.914877621336939,0.9893571075290852,0.006172345994545802
00843-DYehNKdT76V,belief,253,holy cross,0_1_320,0_1,1,0.0007997946874299886,0.875539102836659,0.919038387096194,0.880281086393772,0.001129140397434231
00843-DYehNKdT76V,belief,253,holy cross,1_4_39,1_4,2,0.00038758334828751004,0.9456210992893489,0.9202724341958586,0.9748331021011885,0.0004568790824655972
00843-DYehNKdT76V,belief,253,holy cross,1_1_0,1_1,3,0.0003319117162291572,0.9772415238662819,0.9484882210408009,0.9782987840388347,0.0003660304494037384
00843-DYehNKdT76V,belief,253,holy cross,1_3_85,1_3,4,0.00033027645672140213,0.989795633269982,0.9321050890090511,0.9641188856602314,0.0003713099729603154
00843-DYehNKdT76V,belief,253,holy cross,1_3_83,1_3,5,0.00025381250486147344,0.9896177388621294,0.9425867569886984,0.9793326350815497,0.0002778394962455176
00843-DYehNKdT76V,belief,254,hook,1_4_52,1_4,1,0.11659431494997045,0.9532633240056497,0.9239660081377165,0.9872553789832017,0.13408462693250983
00843-DYehNKdT76V,belief,254,hook,1_2_77,1_2,2,0.02238242607351889,0.9046247520577104,0.9425694513864845,0.9827509224583227,0.026710491023515723
00843-DYehNKdT76V,belief,254,hook,1_2_64,1_2,3,0.01857196707692405,0.7319434993702267,0.9507857821350567,0.9745847231271911,0.02738281352510368
00843-DYehNKdT76V,belief,254,hook,0_0_20,0_0,4,0.017027434865278253,0.9644929054041022,0.914877621336939,0.9893571075290852,0.019504467935108082
00843-DYehNKdT76V,belief,254,hook,1_3_92,1_3,5,0.016383796168792406,0.9539646483921005,0.9109889261068271,0.9737320247632445,0.01936108554177234
00843-DYehNKdT76V,belief,255,hose,1_4_52,1_4,1,0.019419140066490564,0.9532633240056497,0.9239660081377165,0.9872553789832017,0.02233220506748388
00843-DYehNKdT76V,belief,255,hose,1_0_19,1_0,2,0.014407437521784534,0.9687852365300934,0.9318541660861481,0.9204222198451989,0.017339005623619067
00843-DYehNKdT76V,belief,255,hose,1_0_47,1_0,3,0.013839493309363531,0.9302735868538922,0.9546924362462721,0.8755231831439365,0.01779829364361012
00843-DYehNKdT76V,belief,255,hose,1_4_39,1_4,4,0.01326499565256199,0.9456210992893489,0.9202724341958586,0.9748331021011885,0.015636634208952054
00843-DYehNKdT76V,belief,255,hose,1_2_90,1_2,5,0.011998787224007497,0.9898656041237208,0.9416449483708842,0.9775138348828551,0.013168946239882962
00843-DYehNKdT76V,belief,256,hourglass,1_3_78,1_3,1,0.0021017238639879587,0.9914629704982698,0.9538801574170834,0.8623652928701938,0.0025769979477650497
00843-DYehNKdT76V,belief,256,hourglass,0_0_96,0_0,2,0.0018149758263434584,0.9637162017306503,0.9270797046271217,0.9624881514546729,0.0021106159662013157
00843-DYehNKdT76V,belief,256,hourglass,0_0_9,0_0,3,0.0012508072792770753,0.9793394401351101,0.8961672422804065,0.9761343014830198,0.0014600190282692477
00843-DYehNKdT76V,belief,256,hourglass,1_3_85,1_3,4,0.0009810150377646616,0.989795633269982,0.9321050890090511,0.9641188856602314,0.0011028962547376601
00843-DYehNKdT76V,belief,256,hourglass,1_4_49,1_4,5,0.0009030628746813771,0.9814338362959883,0.9309150502804346,0.8210477265133794,0.001203866992694569
00843-DYehNKdT76V,belief,257,hoverboard,0_1_462,0_1,1,0.08589705618558359,0.9418686537947638,0.8993247118650758,0.9753604323971826,0.10396957675068016
00843-DYehNKdT76V,belief,257,hoverboard,0_0_138,0_0,2,0.011880021353146052,0.9629630498312137,0.9064093631906223,0.927548297970935,0.014673938085017492
00843-DYehNKdT76V,belief,257,hoverboard,1_2_80,1_2,3,0.004787594027985233,0.9223813414573669,0.9999999999999999,0.7388555937006641,0.007025014771709071
00843-DYehNKdT76V,belief,257,hoverboard,0_1_68,0_1,4,0.0038289071258947867,0.9807724898576965,0.9417949559429695,0.9885360938827233,0.004193316716095374
00843-DYehNKdT76V,belief,257,hoverboard,1_3_50,1_3,5,0.0033652100552010685,0.980957429950183,0.9405407460941836,0.9633131036565776,0.003786316676353024
00843-DYehNKdT76V,belief,258,ice maker,0_0_102,0_0,1,0.0073095280493768065,0.9615525275664146,0.9240204314611016,0.9962270382349404,0.008258029393818275
00843-DYehNKdT76V,belief,258,ice maker,0_1_540,0_1,2,0.006364082549957134,0.9827531129271098,0.9459855066032241,0.9815486973495555,0.0069742103576922836
00843-DYehNKdT76V,belief,258,ice maker,0_0_195,0_0,3,0.005980611498648809,0.9645006602849384,0.9160387031609623,0.9931430619984839,0.006815809224323936
00843-DYehNKdT76V,belief,258,ice maker,1_2_76,1_2,4,0.005784911053511735,0.942806341534569,0.9408458021327656,0.9921317006662198,0.006573344789644695
00843-DYehNKdT76V,belief,258,ice maker,0_0_135,0_0,5,0.005763803436444369,0.9495595099866796,0.9119729705539621,0.996555473117176,0.0066788782784295495
00843-DYehNKdT76V,belief,259,information,0_1_282,0_1,1,0.31343165278542495,0.9214817996535982,0.9073939634938382,0.9908472674642633,0.378314937288462
00843-DYehNKdT76V,belief,259,information,1_2_77,1_2,2,0.3127409942361666,0.9046247520577104,0.9425694513864845,0.9827509224583227,0.37321537405248784
00843-DYehNKdT76V,belief,259,information,0_1_533,0_1,3,0.3057924070255503,0.9959330852660868,0.9254386556005898,0.9315590758116061,0.3561545525109167
00843-DYehNKdT76V,belief,259,information,1_3_17,1_3,4,0.2753638255000667,0.8690947190574977,0.9810366913392876,0.9658898118088941,0.33436971865423076
00843-DYehNKdT76V,belief,259,information,1_2_52,1_2,5,0.2657280544610104,0.7979494457121018,0.9811310044081782,0.9477438679528899,0.35813275808527717
00843-DYehNKdT76V,belief,260,installation,1_5_37,1_5,1,0.44719130769891385,0.9554016360640092,0.9585157078996902,0.9979016930589174,0.48935088587235664
00843-DYehNKdT76V,belief,260,installation,1_5_47,1_5,2,0.4396156221991607,0.9770897726217906,0.9682366274477943,0.9988515690416854,0.46521765298408946
00843-DYehNKdT76V,belief,260,installation,1_5_46,1_5,3,0.3940293410558405,0.9197420893293762,0.9646341256254705,0.998880172605989,0.44461743285957916
00843-DYehNKdT76V,belief,260,installation,1_5_38,1_5,4,0.3802457173930728,0.9663516922651001,0.9033846180241429,0.9963185954313569,0.43717789258241063
00843-DYehNKdT76V,belief,260,installation,1_5_42,1_5,5,0.3644104411375687,0.9882390149429545,0.9385418767353852,0.9990467822052411,0.3932686577767168
00843-DYehNKdT76V,belief,261,instrument,0_1_445,0_1,1,0.14857719252571797,0.9930919171076771,0.9291705261612009,0.9572407295700266,0.1682077905448048
00843-DYehNKdT76V,belief,261,instrument,0_1_462,0_1,2,0.14667860364714563,0.9418686537947638,0.8993247118650758,0.9753604323971826,0.17753940608425628
00843-DYehNKdT76V,belief,261,instrument,1_3_50,1_3,3,0.09114957169165709,0.980957429950183,0.9405407460941836,0.9633131036565776,0.1025556020805174
00843-DYehNKdT76V,belief,261,instrument,0_1_170,0_1,4,0.08667385815627533,0.9427834590485101,0.9243059753484681,0.956424463111313,0.10399434842573353
00843-DYehNKdT76V,belief,261,instrument,0_1_320,0_1,5,0.0778271642968543,0.875539102836659,0.919038387096194,0.880281086393772,0.10987544254352374
00843-DYehNKdT76V,belief,262,iron,0_1_58,0_1,1,0.16556765920155694,0.9236431027165296,0.9216937994543477,0.9668020754794563,0.20116252457908756
00843-DYehNKdT76V,belief,262,iron,1_3_90,1_3,2,0.11396276535012982,0.9919541122582689,0.9028651395659981,0.9685122018860778,0.13138428301884003
00843-DYehNKdT76V,belief,262,iron,0_1_109,0_1,3,0.11008324241993903,0.9295754133227316,0.8987265488833587,0.971491670014562,0.13563442549964352
00843-DYehNKdT76V,belief,262,iron,0_1_53,0_1,4,0.10459606198406436,0.9487151085428531,0.9269034005105448,0.9650419908730198,0.1232533779588343
00843-DYehNKdT76V,belief,262,iron,0_1_170,0_1,5,0.10411726477579207,0.9427834590485101,0.9243059753484681,0.956424463111313,0.12492356219686912
00843-DYehNKdT76V,belief,263,ironing board,1_2_43,1_2,1,0.02477246192568983,0.9106713583072026,0.9321414403488182,0.9805656234895646,0.029761102268091595
00843-DYehNKdT76V,belief,263,ironing board,1_2_74,1_2,2,0.01377579300899325,0.9382287178736006,0.9298370487279506,0.9918456998711597,0.015920508151877753
00843-DYehNKdT76V,belief,263,ironing board,1_2_82,1_2,3,0.013682520124044622,0.991689298513519,0.9625863852944776,0.9947277881642506,0.014409420118554726
00843-DYehNKdT76V,belief,263,ironing board,0_0_124,0_0,4,0.012657124214770986,0.9883392753662962,0.9237802086659712,0.994280926238473,0.013942839445326587
00843-DYehNKdT76V,belief,263,ironing board,1_2_15,1_2,5,0.011975785681903292,0.9828480780124664,0.9780048444875349,0.9946795413084436,0.012525452695374813
00843-DYehNKdT76V,belief,264,jewelry,0_1_320,0_1,1,0.0016722698769326123,0.875539102836659,0.919038387096194,0.880281086393772,0.002360890242375199
00843-DYehNKdT76V,belief,264,jewelry,0_0_96,0_0,2,0.0011438757397605175,0.9637162017306503,0.9270797046271217,0.9624881514546729,0.0013302008570289469
00843-DYehNKdT76V,belief,264,jewelry,1_4_56,1_4,3,0.0008624448535784288,0.9567796472621811,0.924531114648204,0.9630461617117145,0.0010123968150780468
00843-DYehNKdT76V,belief,264,jewelry,1_3_92,1_3,4,0.0007031899041497733,0.9539646483921005,0.9109889261068271,0.9737320247632445,0.0008309746865800962
00843-DYehNKdT76V,belief,264,jewelry,1_2_80,1_2,5,0.0006950893086984515,0.9223813414573669,0.9999999999999999,0.7388555937006641,0.0010199303935798814
00843-DYehNKdT76V,belief,265,jug,0_0_57,0_0,1,0.6330975168446711,0.9566480149300038,0.9073182929576673,0.9990876571174966,0.7300543192890422
00843-DYehNKdT76V,belief,265,jug,0_0_25,0_0,2,0.05067932941999986,0.976284574870167,0.9384715163509781,0.9897532177130224,0.05588643592205266
00843-DYehNKdT76V,belief,265,jug,0_1_54,0_1,3,0.0145669933317456,0.8787351826826731,0.9538382149067297,0.9446861547979564,0.018397111387023466
00843-DYehNKdT76V,belief,265,jug,0_1_41,0_1,4,0.010798064431863026,0.9564920398416932,0.8987550674612226,0.9600550722549631,0.013083593908804774
00843-DYehNKdT76V,belief,265,jug,0_0_69,0_0,5,0.008658233904165029,0.9899780835122496,0.93172948299191,0.9937335088752389,0.0094459134356166
00843-DYehNKdT76V,belief,266,keg,0_0_139,0_0,1,0.1621460653495946,0.9773783838738362,0.9126945040022725,0.9537391599400015,0.19058496404860525
00843-DYehNKdT76V,belief,266,keg,1_3_50,1_3,2,0.13019929171914577,0.980957429950183,0.9405407460941836,0.9633131036565776,0.1464918211342082
00843-DYehNKdT76V,belief,266,keg,0_1_462,0_1,3,0.0628566217262241,0.9418686537947638,0.8993247118650758,0.9753604323971826,0.07608149390747047
00843-DYehNKdT76V,belief,266,keg,0_0_25,0_0,4,0.0608488666065114,0.976284574870167,0.9384715163509781,0.9897532177130224,0.0671008540060185
00843-DYehNKdT76V,belief,266,keg,0_0_57,0_0,5,0.05959781665756009,0.9566480149300038,0.9073182929576673,0.9990876571174966,0.06872502626119627
00843-DYehNKdT76V,belief,267,kettle,0_0_57,0_0,1,0.2340948277759432,0.9566480149300038,0.9073182929576673,0.9990876571174966,0.26994568071095776
00843-DYehNKdT76V,belief,267,kettle,0_0_25,0_0,2,0.010039396718315604,0.976284574870167,0.9384715163509781,0.9897532177130224,0.011070906182369377
00843-DYehNKdT76V,belief,267,kettle,0_1_540,0_1,3,0.0022722632758435317,0.9827531129271098,0.9459855066032241,0.9815486973495555,0.0024901063035234353
00843-DYehNKdT76V,belief,267,kettle,0_0_96,0_0,4,0.002271492672416699,0.9637162017306503,0.9270797046271217,0.9624881514546729,0.0026414945212635227
00843-DYehNKdT76V,belief,267,kettle,0_1_320,0_1,5,0.001954571993200657,0.875539102836659,0.919038387096194,0.880281086393772,0.0027594409314072857
00843-DYehNKdT76V,belief,268,keys,1_5_6,1_5,1,0.007804171730852646,0.9588170032024875,0.9146328304411353,0.9575547673228872,0.009293529492481172
00843-DYehNKdT76V,belief,268,keys,0_1_526,0_1,2,0.003498255339754862,0.9379656118563898,0.9206550286727315,0.9887981888706213,0.004096943714143665
00843-DYehNKdT76V,belief,268,keys,0_1_433,0_1,3,0.0032917759065362504,0.9770064520457434,0.903057041840335,0.8952963327566862,0.004167262340520197
00843-DYehNKdT76V,belief,268,keys,0_0_13,0_0,4,0.0031206294626133038,0.9854814735044656,0.9272242679806945,0.7817140141438867,0.004368788825217425
00843-DYehNKdT76V,belief,268,keys,1_1_3,1_1,5,0.0028478259126538262,0.9482779715530216,0.9575854652740334,0.9084999183286149,0.0034520361676103665
00843-DYehNKdT76V,belief,269,kitchen appliance,0_0_86,0_0,1,0.17953129583088906,0.9155708958482027,0.9355162482765199,0.9983119421727547,0.209957109675743
00843-DYehNKdT76V,belief,269,kitchen appliance,0_0_142,0_0,2,0.15644694175547721,0.9700545578210277,0.9258395550042824,0.9976914336914685,0.17459787057444812
00843-DYehNKdT76V,belief,269,kitchen appliance,0_0_144,0_0,3,0.1391342779260459,0.9737235929650766,0.8996712706440089,0.9974611825807562,0.15922768818417318
00843-DYehNKdT76V,belief,269,kitchen appliance,0_0_137,0_0,4,0.1098287216704677,0.9661058448890989,0.9250988689991797,0.9974792288961557,0.12319673787164442
00843-DYehNKdT76V,belief,269,kitchen appliance,0_0_135,0_0,5,0.06647241745875321,0.9495595099866796,0.9119729705539621,0.996555473117176,0.07702573309020459
00843-DYehNKdT76V,belief,270,kitchen handle,0_0_127,0_0,1,0.13567595222037526,0.8582799462621125,0.9113985351399978,0.997811547004709,0.17382693049790443
00843-DYehNKdT76V,belief,270,kitchen handle,0_0_231,0_0,2,0.12299158483365319,0.971191279139498,0.9381100518592359,0.9964876655644955,0.13547055401719243
00843-DYehNKdT76V,belief,270,kitchen handle,0_0_234,0_0,3,0.11163897187117802,0.9817754198402555,0.9263067327617236,0.9968672331720936,0.12314351099553013
00843-DYehNKdT76V,belief,270,kitchen handle,0_0_137,0_0,4,0.09809585283902868,0.9661058448890989,0.9250988689991797,0.9974792288961557,0.11003578011920749
00843-DYehNKdT76V,belief,270,kitchen handle,0_0_135,0_0,5,0.07889000858631003,0.9495595099866796,0.9119729705539621,0.996555473117176,0.09141476987238549
00843-DYehNKdT76V,belief,271,kitchen island,0_0_113,0_0,1,0.0013247707769051902,0.9575288348013477,0.9140482478079526,0.9967117200037656,0.0015186237685144287
00843-DYehNKdT76V,belief,271,kitchen island,0_0_17,0_0,2,0.0011531632680011478,0.9635192503885737,0.9246961186519229,0.9985023703870164,0.0012962305993793836
00843-DYehNKdT76V,belief,271,kitchen island,0_0_239,0_0,3,0.0008478420538293394,0.9830738773851685,0.9682546637919494,0.9935900480087986,0.0008964621708144087
00843-DYehNKdT76V,belief,271,kitchen island,0_0_241,0_0,4,0.0008073018314348698,0.9674444794883864,0.9261454136944531,0.9925045040570648,0.000907816809898076
00843-DYehNKdT76V,belief,271,kitchen island,0_0_246,0_0,5,0.0007401073936325921,0.9601919910233232,0.9311755831691824,0.9958402064992212,0.0008312189340896264
00843-DYehNKdT76V,belief,272,kitchen utensil,0_1_540,0_1,1,0.00636129701898498,0.9827531129271098,0.9459855066032241,0.9815486973495555,0.006971157776459221
00843-DYehNKdT76V,belief,272,kitchen utensil,1_4_52,1_4,2,0.002491194339472526,0.9532633240056497,0.9239660081377165,0.9872553789832017,0.002864898376630829
00843-DYehNKdT76V,belief,272,kitchen utensil,1_4_46,1_4,3,0.0022484614389110566,0.9832984981831018,0.9263289348857762,0.9925758104909527,0.0024869734618883873
00843-DYehNKdT76V,belief,272,kitchen utensil,0_0_234,0_0,4,0.0017237657679125416,0.9817754198402555,0.9263067327617236,0.9968672331720936,0.0019014020394204174
00843-DYehNKdT76V,belief,272,kitchen utensil,0_0_102,0_0,5,0.0016991928155076857,0.9615525275664146,0.9240204314611016,0.9962270382349404,0.0019196840235702545
00843-DYehNKdT76V,belief,273,knife,1_0_0,1_0,1,0.7313792430725611,0.9731814399200166,0.9424823283184968,0.9704518152954759,0.8216779267181967
00843-DYehNKdT76V,belief,273,knife,0_0_155,0_0,2,0.727621391085162,0.9676033834380937,0.9657301005555934,0.9574340025812343,0.8132863155310632
00843-DYehNKdT76V,belief,273,knife,1_4_64,1_4,3,0.721433605798782,0.9757548926282583,0.9399838966093372,0.9587987621597535,0.8203661892416035
00843-DYehNKdT76V,belief,273,knife,1_3_35,1_3,4,0.6714151904687573,0.9242827614148457,0.9375174649750506,0.976509603021157,0.7934698406627444
00843-DYehNKdT76V,belief,273,knife,0_1_58,0_1,5,0.637393106882968,0.9236431027165296,0.9216937994543477,0.9668020754794563,0.7744242272205797
00843-DYehNKdT76V,belief,274,knob,0_1_171,0_1,1,0.11136852641679593,0.9623341344003914,0.934616339547051,0.4720951705885266,0.2622851216244252
00843-DYehNKdT76V,belief,274,knob,0_0_96,0_0,2,0.05912807376809976,0.9637162017306503,0.9270797046271217,0.9624881514546729,0.06875940424898229
00843-DYehNKdT76V,belief,274,knob,1_3_52,1_3,3,0.02483190623560553,0.9748788397992171,0.9318979332745038,0.9819365536129354,0.027836052043836084
00843-DYehNKdT76V,belief,274,knob,1_3_26,1_3,4,0.01871129653878129,0.9036156361452257,0.9458904509131587,0.9783937814836982,0.022375132684960764
00843-DYehNKdT76V,belief,274,knob,1_3_78,1_3,5,0.018045900276408965,0.9914629704982698,0.9538801574170834,0.8623652928701938,0.02212671644201547
00843-DYehNKdT76V,belief,275,lace doily,0_1_208,0_1,1,0.000103467484849521,0.8962178002609001,0.9301942472067293,0.9761515895842995,0.00012714503672641518
00843-DYehNKdT76V,belief,275,lace doily,0_1_41,0_1,2,0.00010248109028622466,0.9564920398416932,0.8987550674612226,0.9600550722549631,0.00012417234376561176
00843-DYehNKdT76V,belief,275,lace doily,1_1_3,1_1,3,7.533110405698213e-05,0.9482779715530216,0.9575854652740334,0.9084999183286149,9.131376134870249e-05
00843-DYehNKdT76V,belief,275,lace doily,1_1_16,1_1,4,6.481004256861691e-05,0.9912880582584278,0.9306191644566442,0.9878501940990846,7.111796990014405e-05
00843-DYehNKdT76V,belief,275,lace doily,0_1_321,0_1,5,5.547026808442081e-05,0.9578993779326241,0.9173308618677394,0.9725186659632962,6.491071950797111e-05
00843-DYehNKdT76V,belief,276,ladder,0_1_488,0_1,1,0.6677659174694327,0.9835072395284021,0.9189578532621974,0.9917984117453776,0.7449509631091128
00843-DYehNKdT76V,belief,276,ladder,0_1_509,0_1,2,0.567899672735467,0.9912501490937016,0.938586374446736,0.9775860886164809,0.6243945371583124
00843-DYehNKdT76V,belief,276,ladder,0_1_487,0_1,3,0.46489470780460945,0.9705244808134614,0.9155564614982923,0.9719357069841142,0.5383013118362088
00843-DYehNKdT76V,belief,276,ladder,0_1_507,0_1,4,0.4070736840167543,0.9547678197729613,0.9213834076652461,0.9890245934546201,0.4678727768605613
00843-DYehNKdT76V,belief,276,ladder,0_1_105,0_1,5,0.3948368403373053,0.9099836842361461,0.9224567744073464,0.9908640709673565,0.4747051644584111
00843-DYehNKdT76V,belief,277,landing,1_5_57,1_5,1,0.05241714674270422,0.9626118391752243,0.9663426893269955,0.992576473410886,0.056771064247202414
00843-DYehNKdT76V,belief,277,landing,1_1_0,1_1,2,0.04714750475431935,0.9772415238662819,0.9484882210408009,0.9782987840388347,0.051994013798457174
00843-DYehNKdT76V,belief,277,landing,1_5_44,1_5,3,0.044164190422788234,0.9380447961396179,0.9851352846917336,0.9891027970638175,0.048318049091712695
00843-DYehNKdT76V,belief,277,landing,1_3_76,1_3,4,0.0381517336605574,0.9844064164707843,0.9494789027194289,0.9858562686499828,0.041403868471055726
00843-DYehNKdT76V,belief,277,landing,1_3_4,1_3,5,0.0358044837853432,0.9392768501812686,0.9436879948193926,0.99283726262774,0.04068527907093302
00843-DYehNKdT76V,belief,278,laundry,1_2_33,1_2,1,0.06180779856593208,0.976415196027367,0.951046343889537,0.9950827511022778,0.06688794712694952
00843-DYehNKdT76V,belief,278,laundry,1_2_61,1_2,2,0.05988233024564689,0.975279491146601,0.9285463251383674,0.9950620313128739,0.06645319553066163
00843-DYehNKdT76V,belief,278,laundry,1_2_35,1_2,3,0.04116948015239559,0.9605170886231283,0.9185541082990387,0.9911884749713264,0.04707705640251007
00843-DYehNKdT76V,belief,278,laundry,0_0_150,0_0,4,0.01582669000096039,0.965007754848284,0.8903604479595748,0.9904448074336956,0.018597867690649514
00843-DYehNKdT76V,belief,278,laundry,1_2_60,1_2,5,0.011455072117877106,0.956044105804844,0.8827508951188139,0.9923859109993982,0.013677324248341206
00843-DYehNKdT76V,belief,279,lawn mower,0_1_460,0_1,1,0.0021258648224147,0.9406012058926503,0.8758930421507541,0.9986653354496439,0.002583801003109521
00843-DYehNKdT76V,belief,279,lawn mower,0_1_17,0_1,2,0.0017497172922160207,0.9649690509389177,0.9281994525613585,0.9979784708656001,0.0019574560459338667
00843-DYehNKdT76V,belief,279,lawn mower,0_1_316,0_1,3,0.0014946348392778329,0.9678857525189718,0.8997953526815679,0.9993450097481751,0.0017173223036463477
00843-DYehNKdT76V,belief,279,lawn mower,0_1_386,0_1,4,0.0014675255750857064,0.9587883348815157,0.9406644966030004,0.9983226545032955,0.0016298861065442468
00843-DYehNKdT76V,belief,279,lawn mower,0_1_30,0_1,5,0.0012721764326294332,0.9054528245034836,0.8968907213656309,0.9981816426388707,0.001569395519458132
00843-DYehNKdT76V,belief,280,level,0_0_175,0_0,1,0.09328723455687922,0.9674952008605544,0.9117305745288442,0.9906522677068381,0.10675436521515776
00843-DYehNKdT76V,belief,280,level,0_0_159,0_0,2,0.06256417189352306,0.9392470211308666,0.9158579686130592,0.9558547845225701,0.07608969222488776
00843-DYehNKdT76V,belief,280,level,0_1_433,0_1,3,0.04958729937664236,0.9770064520457434,0.903057041840335,0.8952963327566862,0.0627756235927437
00843-DYehNKdT76V,belief,280,level,1_5_6,1_5,4,0.04854044767399574,0.9588170032024875,0.9146328304411353,0.9575547673228872,0.05780396659559825
00843-DYehNKdT76V,belief,280,level,0_1_435,0_1,5,0.047580535280258095,0.9844767890757684,0.943811053902861,0.9786193668497795,0.052326896382478574
00843-DYehNKdT76V,belief,281,lid,1_3_33,1_3,1,0.44695817809383004,0.8445491488228882,0.9699769634310842,0.9918222223796742,0.5501064090445356
00843-DYehNKdT76V,belief,281,lid,0_0_96,0_0,2,0.14949143611811255,0.9637162017306503,0.9270797046271217,0.9624881514546729,0.17384199133765482
00843-DYehNKdT76V,belief,281,lid,0_1_41,0_1,3,0.12810727840617323,0.9564920398416932,0.8987550674612226,0.9600550722549631,0.15522259734649327
00843-DYehNKdT76V,belief,281,lid,0_1_101,0_1,4,0.11106044896365062,0.9911864845547772,0.9272741102104046,0.9921419800550088,0.12179293400820544
00843-DYehNKdT76V,belief,281,lid,1_1_24,1_1,5,0.11036738120594006,0.9860453036270609,0.9336702061368993,0.997064150709667,0.1202339919993353
00843-DYehNKdT76V,belief,282,light,1_0_75,1_0,1,0.40242390924236865,0.8990516957114725,0.9495722420331363,0.9956064738257688,0.47346010315031306
00843-DYehNKdT76V,belief,282,light,1_5_44,1_5,2,0.3940721882746615,0.9380447961396179,0.9851352846917336,0.9891027970638175,0.43113660991980735
00843-DYehNKdT76V,belief,282,light,1_0_72,1_0,3,0.2215485772091866,0.9762748789960057,0.9508419371689807,0.9936451416701271,0.2401912649304503
00843-DYehNKdT76V,belief,282,light,1_1_3,1_1,4,0.21460533713137858,0.9482779715530216,0.9575854652740334,0.9084999183286149,0.260137174202961
00843-DYehNKdT76V,belief,282,light,0_1_269,0_1,5,0.149455038406965,0.9845555018127125,0.9482951981227734,0.9741311597880281,0.16432716780111772
00843-DYehNKdT76V,belief,283,lighter,0_0_25,0_0,1,0.45957902152834157,0.976284574870167,0.9384715163509781,0.9897532177130224,0.5067990013227643
00843-DYehNKdT76V,belief,283,lighter,1_3_34,1_3,2,0.3739236486494554,0.9464904014889458,0.9437432982255185,0.990731601426993,0.42252929222924396
00843-DYehNKdT76V,belief,283,lighter,0_1_74,0_1,3,0.22718257457823912,0.9847229278101648,0.9416392344380325,0.9878273829481142,0.24802494421728621
00843-DYehNKdT76V,belief,283,lighter,0_0_181,0_0,4,0.17812109556778916,0.973827267955859,0.922961787752855,0.9927332460714849,0.19962601598165267
00843-DYehNKdT76V,belief,283,lighter,0_1_161,0_1,5,0.1753108914527464,0.9615955383558336,0.9313365294369307,0.9305251856431621,0.21036897398804633
00843-DYehNKdT76V,belief,284,liquid,1_4_56,1_4,1,0.012185142249290133,0.9567796472621811,0.924531114648204,0.9630461617117145,0.014303754209059641
00843-DYehNKdT76V,belief,284,liquid,0_1_462,0_1,2,0.009533582731964302,0.9418686537947638,0.8993247118650758,0.9753604323971826,0.011539424115052252
00843-DYehNKdT76V,belief,284,liquid,1_3_50,1_3,3,0.005475080642147352,0.980957429950183,0.9405407460941836,0.9633131036565776,0.006160206584340994
00843-DYehNKdT76V,belief,284,liquid,0_1_420,0_1,4,0.0051083508640330155,0.9825936513287681,0.9419819677385479,0.9792284799116551,0.0056361188145922945
00843-DYehNKdT76V,belief,284,liquid,0_1_540,0_1,5,0.005091217925853922,0.9827531129271098,0.9459855066032241,0.9815486973495555,0.005579315559317849
00843-DYehNKdT76V,belief,285,locker,0_1_342,0_1,1,0.17174143298001227,0.9546106727032884,0.928778995754004,0.9943175272880346,0.1948100314273014
00843-DYehNKdT76V,belief,285,locker,0_1_471,0_1,2,0.1297790954166318,0.9939923349997591,0.9228239798167677,0.9980069662780983,0.14176507869285973
00843-DYehNKdT76V,belief,285,locker,0_1_473,0_1,3,0.10027236187286118,0.9628667152879408,0.9102321780701836,0.9976321044008687,0.11468126362399904
00843-DYehNKdT76V,belief,285,locker,0_1_81,0_1,4,0.09820845160598388,0.9438604790924113,0.945442772420894,0.9964567899181509,0.11044532689858971
00843-DYehNKdT76V,belief,285,locker,0_1_441,0_1,5,0.08646681703758993,0.9566998724278207,0.9235022643409547,0.994821919480427,0.09837629126429212
00843-DYehNKdT76V,belief,286,machine,0_0_135,0_0,1,0.0367547849146821,0.9495595099866796,0.9119729705539621,0.996555473117176,0.0425900600708991
00843-DYehNKdT76V,belief,286,machine,1_3_16,1_3,2,0.03589263958620823,0.7935957518791912,0.965167295165643,0.9933024580534131,0.04717609139205286
00843-DYehNKdT76V,belief,286,machine,0_0_234,0_0,3,0.03506335856225808,0.9817754198402555,0.9263067327617236,0.9968672331720936,0.03867668259820639
00843-DYehNKdT76V,belief,286,machine,0_0_102,0_0,4,0.034379162185840376,0.9615525275664146,0.9240204314611016,0.9962270382349404,0.0388402821560717
00843-DYehNKdT76V,belief,286,machine,1_3_110,1_3,5,0.031196319045733882,0.9626770556784,0.9336481703550205,0.9940737945026418,0.03491570829870166
00843-DYehNKdT76V,belief,287,mailbox,1_2_76,1_2,1,0.017140564326905437,0.942806341534569,0.9408458021327656,0.9921317006662198,0.019476676161068487
00843-DYehNKdT76V,belief,287,mailbox,1_2_77,1_2,2,0.01455491006331051,0.9046247520577104,0.9425694513864845,0.9827509224583227,0.017369376908345713
00843-DYehNKdT76V,belief,287,mailbox,1_2_21,1_2,3,0.013849104428164836,0.9611740614687216,0.9432227487922564,0.9947304795584492,0.015356772685431033
00843-DYehNKdT76V,belief,287,mailbox,0_0_138,0_0,4,0.00833280752568522,0.9629630498312137,0.9064093631906223,0.927548297970935,0.010292498478876219
00843-DYehNKdT76V,belief,287,mailbox,1_3_20,1_3,5,0.007899759076700586,0.9756434864803123,0.9541488149682187,0.9904755037166606,0.008567672214586075
00843-DYehNKdT76V,belief,288,mannequin,0_0_9,0_0,1,0.00995517366425121,0.9793394401351101,0.8961672422804065,0.9761343014830198,0.01162028972835228
00843-DYehNKdT76V,belief,288,mannequin,0_0_150,0_0,2,0.005025020203871348,0.965007754848284,0.8903604479595748,0.9904448074336956,0.005904877197238903
00843-DYehNKdT76V,belief,288,mannequin,1_2_35,1_2,3,0.0031111311629273726,0.9605170886231283,0.9185541082990387,0.9911884749713264,0.0035575600345348598
00843-DYehNKdT76V,belief,288,mannequin,1_2_33,1_2,4,0.002293060158588679,0.976415196027367,0.951046343889537,0.9950827511022778,0.002481532916642896
00843-DYehNKdT76V,belief,288,mannequin,1_2_61,1_2,5,0.0022164161137864197,0.975279491146601,0.9285463251383674,0.9950620313128739,0.0024596226095838203
00843-DYehNKdT76V,belief,289,map,1_2_29,1_2,1,0.35590746458634415,0.9839120010247528,0.9285620870634634,0.9550469228594676,0.4078919945104829
00843-DYehNKdT76V,belief,289,map,1_1_22,1_1,2,0.10520554777042469,0.9621831649995369,0.9360663699235908,0.9656546612439252,0.12096295961017897
00843-DYehNKdT76V,belief,289,map,1_4_81,1_4,3,0.09003637585756513,0.8997947153719988,0.9878838801397438,0.9479516238781979,0.10685196016705667
00843-DYehNKdT76V,belief,289,map,0_1_197,0_1,4,0.06935725351118711,0.9845521586272165,0.942423683826586,0.6139240785376213,0.12175654042790979
00843-DYehNKdT76V,belief,289,map,1_5_2,1_5,5,0.04305551577919505,0.9772781643307129,0.9378769255774422,0.7474623370007657,0.06284568081872775
00843-DYehNKdT76V,belief,290,mascot,1_2_80,1_2,1,0.006498052304783493,0.9223813414573669,0.9999999999999999,0.7388555937006641,0.009534833814564825
00843-DYehNKdT76V,belief,290,mascot,1_5_2,1_5,2,0.003358688930009832,0.9772781643307129,0.9378769255774422,0.7474623370007657,0.0049024866766731
00843-DYehNKdT76V,belief,290,mascot,0_0_138,0_0,3,0.0024238116277066797,0.9629630498312137,0.9064093631906223,0.927548297970935,0.0029938382009132096
00843-DYehNKdT76V,belief,290,mascot,0_1_320,0_1,4,0.0022594051390488292,0.875539102836659,0.919038387096194,0.880281086393772,0.003189800653550679
00843-DYehNKdT76V,belief,290,mascot,0_0_13,0_0,5,0.002228158495369757,0.9854814735044656,0.9272242679806945,0.7817140141438867,0.003119355903034012
00843-DYehNKdT76V,belief,291,massage bed,1_0_65,1_0,1,0.021172012848695694,0.966756631227959,0.9995144043451561,0.9980120430497111,0.021954328082480615
00843-DYehNKdT76V,belief,291,massage bed,1_0_60,1_0,2,0.004526215997556236,0.9772412829792712,0.9570026725374263,0.9890292445386574,0.004893405277976844
00843-DYehNKdT76V,belief,291,massage bed,1_0_61,1_0,3,0.0028574113909031165,0.8421448638419742,0.997653871304122,0.9993598052063112,0.00340317433530071
00843-DYehNKdT76V,belief,291,massage bed,1_0_33,1_0,4,0.002621787180128098,0.9445923223827325,0.9144069231223328,0.9972429777139906,0.0030437749035746023
00843-DYehNKdT76V,belief,291,massage bed,1_0_48,1_0,5,0.0024204364771997664,0.9812915258937414,0.946765474941883,0.9922180436923738,0.0026257060689614995
00843-DYehNKdT76V,belief,292,material,0_1_420,0_1,1,0.24350487385069552,0.9825936513287681,0.9419819677385479,0.9792284799116551,0.268662517020475
00843-DYehNKdT76V,belief,292,material,0_1_292,0_1,2,0.21648851587342893,0.9849543831680181,0.9395454496160889,0.923930123457731,0.2531989063715178
00843-DYehNKdT76V,belief,292,material,0_1_48,0_1,3,0.19535388786879612,0.9809737855362363,0.9136362654386947,0.9277446979085441,0.23494318175869464
00843-DYehNKdT76V,belief,292,material,0_1_82,0_1,4,0.1869675596026047,0.9796434473527805,0.9126963278879008,0.9923816244749786,0.21071390920606042
00843-DYehNKdT76V,belief,292,material,1_3_92,1_3,5,0.1353520167165891,0.9539646483921005,0.9109889261068271,0.9737320247632445,0.1599483994370539
00843-DYehNKdT76V,belief,293,measuring tape,1_2_80,1_2,1,0.0019496384966069188,0.9223813414573669,0.9999999999999999,0.7388555937006641,0.002860777074684436
00843-DYehNKdT76V,belief,293,measuring tape,1_2_70,1_2,2,0.0011346760024533522,0.9921973288658203,0.9567058481596832,0.9883380198610181,0.0012094554764916024
00843-DYehNKdT76V,belief,293,measuring tape,1_2_77,1_2,3,0.0009047626007875748,0.9046247520577104,0.9425694513864845,0.9827509224583227,0.0010797155432288603
00843-DYehNKdT76V,belief,293,measuring tape,0_0_199,0_0,4,0.0007475840017525989,0.9624622746267538,0.9292709710979811,0.9926336696307733,0.0008420636310551437
00843-DYehNKdT76V,belief,293,measuring tape,1_4_73,1_4,5,0.0005491958425777288,0.9518928444251082,0.9417351801325089,0.9873598455389486,0.0006204901949764264
00843-DYehNKdT76V,belief,294,medical lamp,1_0_75,1_0,1,0.00866428703264225,0.8990516957114725,0.9495722420331363,0.9956064738257688,0.010193713986631155
00843-DYehNKdT76V,belief,294,medical lamp,1_2_39,1_2,2,0.005530399856703908,0.8464411585419266,0.9365808972280663,0.942452895625915,0.00740209766561719
00843-DYehNKdT76V,belief,294,medical lamp,1_0_72,1_0,3,0.0023326544088726896,0.9762748789960057,0.9508419371689807,0.9936451416701271,0.002528940696304732
00843-DYehNKdT76V,belief,294,medical lamp,1_5_44,1_5,4,0.0013591987768227956,0.9380447961396179,0.9851352846917336,0.9891027970638175,0.0014870380866312159
00843-DYehNKdT76V,belief,294,medical lamp,1_0_47,1_0,5,0.0009352809578178274,0.9302735868538922,0.9546924362462721,0.8755231831439365,0.0012028189728056004
00843-DYehNKdT76V,belief,295,medical object,0_1_540,0_1,1,0.0007701762773807028,0.9827531129271098,0.9459855066032241,0.9815486973495555,0.0008440134660091049
00843-DYehNKdT76V,belief,295,medical object,1_2_76,1_2,2,0.0005344668667884504,0.942806341534569,0.9408458021327656,0.9921317006662198,0.0006073101144586957
00843-DYehNKdT76V,belief,295,medical object,0_0_139,0_0,3,0.0004363367300307451,0.9773783838738362,0.9126945040022725,0.9537391599400015,0.0005128660990120254
00843-DYehNKdT76V,belief,295,medical object,0_1_445,0_1,4,0.0002615249217386446,0.9930919171076771,0.9291705261612009,0.9572407295700266,0.000296078614155035
00843-DYehNKdT76V,belief,295,medical object,0_1_456,0_1,5,0.0002539735324020215,0.9661588773584774,0.9172812379354035,0.9957044900408843,0.00028781069927609243
00843-DYehNKdT76V,belief,296,menu,1_1_3,1_1,1,0.009467520759649505,0.9482779715530216,0.9575854652740334,0.9084999183286149,0.011476201524360814
00843-DYehNKdT76V,belief,296,menu,1_3_78,1_3,2,0.007242942048337114,0.9914629704982698,0.9538801574170834,0.8623652928701938,0.008880827359941357
00843-DYehNKdT76V,belief,296,menu,0_1_22,0_1,3,0.005997635458897418,0.8418675887102173,0.9163745015099163,0.7140467709146733,0.010887711884635002
00843-DYehNKdT76V,belief,296,menu,0_1_292,0_1,4,0.004923412228833379,0.9849543831680181,0.9395454496160889,0.923930123457731,0.005758285084672116
00843-DYehNKdT76V,belief,296,menu,1_3_92,1_3,5,0.0037351510941517844,0.9539646483921005,0.9109889261068271,0.9737320247632445,0.004413908663186662
00843-DYehNKdT76V,belief,297,meshwork,0_1_48,0_1,1,0.1799753330350649,0.9809737855362363,0.9136362654386947,0.9277446979085441,0.21644809756608316
00843-DYehNKdT76V,belief,297,meshwork,0_1_71,0_1,2,0.14711579178607104,0.9533097465097092,0.9087490251508015,0.9466321621748158,0.17939075043008984
00843-DYehNKdT76V,belief,297,meshwork,0_1_41,0_1,3,0.12901022443432086,0.9564920398416932,0.8987550674612226,0.9600550722549631,0.15631666186411106
00843-DYehNKdT76V,belief,297,meshwork,0_0_13,0_0,4,0.10996788752490236,0.9854814735044656,0.9272242679806945,0.7817140141438867,0.153951785659691
00843-DYehNKdT76V,belief,297,meshwork,0_1_344,0_1,5,0.106031062448127,0.9698674645201831,0.9449703305715751,0.9913258112773307,0.11670410579619407
00843-DYehNKdT76V,belief,298,meter,1_0_45,1_0,1,0.3221308938057062,0.9369813383206772,0.9705055843518378,0.9977215173508981,0.35505371341863323
00843-DYehNKdT76V,belief,298,meter,1_4_37,1_4,2,0.03659030574006527,0.9580020877376413,0.9262587403832268,0.9988912539181065,0.0412808901181474
00843-DYehNKdT76V,belief,298,meter,0_0_25,0_0,3,0.024937316901347803,0.976284574870167,0.9384715163509781,0.9897532177130224,0.027499530459949375
00843-DYehNKdT76V,belief,298,meter,0_0_135,0_0,4,0.021572573184483156,0.9495595099866796,0.9119729705539621,0.996555473117176,0.024997485087825642
00843-DYehNKdT76V,belief,298,meter,0_0_231,0_0,5,0.01914133469184823,0.971191279139498,0.9381100518592359,0.9964876655644955,0.021083452325948562
00843-DYehNKdT76V,belief,299,microphone,1_3_41,1_3,1,0.004793656097483673,0.9966604680587084,0.9056167389469361,0.9906336886465524,0.005361201213664234
00843-DYehNKdT76V,belief,299,microphone,1_3_50,1_3,2,0.0029182842738303652,0.980957429950183,0.9405407460941836,0.9633131036565776,0.003283464696435565
00843-DYehNKdT76V,belief,299,microphone,0_1_320,0_1,3,0.002339152562152918,0.875539102836659,0.919038387096194,0.880281086393772,0.0033023870940876313
00843-DYehNKdT76V,belief,299,microphone,0_0_150,0_0,4,0.001995938536401117,0.965007754848284,0.8903604479595748,0.9904448074336956,0.002345417823714504
00843-DYehNKdT76V,belief,299,microphone,1_3_52,1_3,5,0.0013333528024398911,0.9748788397992171,0.9318979332745038,0.9819365536129354,0.001494660846789656
00843-DYehNKdT76V,belief,300,microphone accessory,1_3_41,1_3,1,0.012090800376858033,0.9966604680587084,0.9056167389469361,0.9906336886465524,0.013522291198279694
00843-DYehNKdT76V,belief,300,microphone accessory,1_4_36,1_4,2,0.000542137586444271,0.9812424194111476,0.9324439268650434,0.9814712599410965,0.0006037162862911633
00843-DYehNKdT76V,belief,300,microphone accessory,1_3_50,1_3,3,0.00034637489416744927,0.980957429950183,0.9405407460941836,0.9633131036565776,0.00038971862574500323
00843-DYehNKdT76V,belief,300,microphone accessory,1_3_40,1_3,4,0.0003309881366598533,0.9852132399876913,0.9117462835944191,0.9840212788428917,0.0003744585030412334
00843-DYehNKdT76V,belief,300,microphone accessory,1_0_45,1_0,5,0.0002679988617638003,0.9369813383206772,0.9705055843518378,0.9977215173508981,0.00029538921255592627
00843-DYehNKdT76V,belief,301,microwave,0_0_142,0_0,1,0.38950082137749137,0.9700545578210277,0.9258395550042824,0.9976914336914685,0.4346905937336904
00843-DYehNKdT76V,belief,301,microwave,0_0_86,0_0,2,0.3046712949490384,0.9155708958482027,0.9355162482765199,0.9983119421727547,0.35630503413132475
00843-DYehNKdT76V,belief,301,microwave,0_0_144,0_0,3,0.2719889921109177,0.9737235929650766,0.8996712706440089,0.9974611825807562,0.31126893437707964
00843-DYehNKdT76V,belief,301,microwave,0_0_135,0_0,4,0.25010014696133964,0.9495595099866796,0.9119729705539621,0.996555473117176,0.2898066281043364
00843-DYehNKdT76V,belief,301,microwave,0_0_137,0_0,5,0.1931174052835815,0.9661058448890989,0.9250988689991797,0.9974792288961557,0.21662306539957563
00843-DYehNKdT76V,belief,302,mirror,0_1_282,0_1,1,0.09055916070759976,0.9214817996535982,0.9073939634938382,0.9908472674642633,0.10930575421955116
00843-DYehNKdT76V,belief,302,mirror,0_1_300,0_1,2,0.08745652047052212,0.9664321718440539,0.9271254262978028,0.9834225561281135,0.09925266091311478
00843-DYehNKdT76V,belief,302,mirror,0_1_273,0_1,3,0.08446982278605411,0.958145122975111,0.946977693059931,0.9934304943539773,0.09371153545547874
00843-DYehNKdT76V,belief,302,mirror,0_1_286,0_1,4,0.08345556405564204,0.9723404955727442,0.9241312844745265,0.9945301554175138,0.0933867571342505
00843-DYehNKdT76V,belief,302,mirror,1_4_13,1_4,5,0.08258507345105434,0.9290849016938865,0.9089086498394339,0.998957479001478,0.09789914921832253
00843-DYehNKdT76V,belief,303,model,0_1_74,0_1,1,0.33258110481683584,0.9847229278101648,0.9416392344380325,0.9878273829481142,0.36309303265471643
00843-DYehNKdT76V,belief,303,model,0_0_9,0_0,2,0.3022233092877478,0.9793394401351101,0.8961672422804065,0.9761343014830198,0.3527735964261758
00843-DYehNKdT76V,belief,303,model,0_1_445,0_1,3,0.29621979730644854,0.9930919171076771,0.9291705261612009,0.9572407295700266,0.33535751196754454
00843-DYehNKdT76V,belief,303,model,1_2_52,1_2,4,0.2725573755688889,0.7979494457121018,0.9811310044081782,0.9477438679528899,0.3673369183655136
00843-DYehNKdT76V,belief,303,model,0_1_285,0_1,5,0.2683355801589623,0.9750691259867464,0.9212757737574153,0.9954335158362001,0.3000826916054038
00843-DYehNKdT76V,belief,304,modem,1_3_41,1_3,1,0.08296337247176454,0.9966604680587084,0.9056167389469361,0.9906336886465524,0.09278582446053678
00843-DYehNKdT76V,belief,304,modem,1_0_45,1_0,2,0.026277200828190798,0.9369813383206772,0.9705055843518378,0.9977215173508981,0.02896281577365139
00843-DYehNKdT76V,belief,304,modem,1_2_76,1_2,3,0.01628163040203728,0.942806341534569,0.9408458021327656,0.9921317006662198,0.018500676912773437
00843-DYehNKdT76V,belief,304,modem,0_0_25,0_0,4,0.00942810599190257,0.976284574870167,0.9384715163509781,0.9897532177130224,0.01039680768101973
00843-DYehNKdT76V,belief,304,modem,0_1_50,0_1,5,0.008946139102266125,0.8995654442986935,0.9391863317821885,0.9979349621854272,0.010610818373416863
00843-DYehNKdT76V,belief,305,mop,0_0_139,0_0,1,0.09961709509327112,0.9773783838738362,0.9126945040022725,0.9537391599400015,0.11708899902099926
00843-DYehNKdT76V,belief,305,mop,0_0_138,0_0,2,0.0932592163668763,0.9629630498312137,0.9064093631906223,0.927548297970935,0.11519170935348476
00843-DYehNKdT76V,belief,305,mop,0_1_420,0_1,3,0.0920655878824431,0.9825936513287681,0.9419819677385479,0.9792284799116551,0.10157732032350553
00843-DYehNKdT76V,belief,305,mop,0_1_318,0_1,4,0.09036392829508756,0.7457542810175154,0.9647215215179017,0.9886193514771886,0.1270481287537897
00843-DYehNKdT76V,belief,305,mop,0_0_199,0_0,5,0.03481685915984944,0.9624622746267538,0.9292709710979811,0.9926336696307733,0.03921701210478912
00843-DYehNKdT76V,belief,306,mortar,1_4_49,1_4,1,0.16004587910920343,0.9814338362959883,0.9309150502804346,0.8210477265133794,0.21335607583728364
00843-DYehNKdT76V,belief,306,mortar,0_1_445,0_1,2,0.09830379855212554,0.9930919171076771,0.9291705261612009,0.9572407295700266,0.1112920797298846
00843-DYehNKdT76V,belief,306,mortar,0_1_128,0_1,3,0.08999598708912274,0.9519296470004605,0.9141135570616024,0.9535277492001387,0.10846379751570179
00843-DYehNKdT76V,belief,306,mortar,1_3_52,1_3,4,0.06227823486822626,0.9748788397992171,0.9318979332745038,0.9819365536129354,0.0698126100566729
00843-DYehNKdT76V,belief,306,mortar,0_1_113,0_1,5,0.0576323600275252,0.9578367170896616,0.9383389882484423,0.9418183733783366,0.06808446087169769
00843-DYehNKdT76V,belief,307,motorcycle,0_1_462,0_1,1,0.008565092678614232,0.9418686537947638,0.8993247118650758,0.9753604323971826,0.010367166235614586
00843-DYehNKdT76V,belief,307,motorcycle,1_2_80,1_2,2,0.0015021570659101316,0.9223813414573669,0.9999999999999999,0.7388555937006641,0.002204170929231174
00843-DYehNKdT76V,belief,307,motorcycle,0_1_445,0_1,3,0.00076707524897371,0.9930919171076771,0.9291705261612009,0.9572407295700266,0.0008684242219016199
00843-DYehNKdT76V,belief,307,motorcycle,1_3_50,1_3,4,0.0006159776576951507,0.980957429950183,0.9405407460941836,0.9633131036565776,0.0006930582160799681
00843-DYehNKdT76V,belief,307,motorcycle,0_1_540,0_1,5,0.0004976778473592022,0.9827531129271098,0.9459855066032241,0.9815486973495555,0.0005453904738979111
00843-DYehNKdT76V,belief,308,music equipment,0_0_150,0_0,1,3.5372997939605456e-05,0.965007754848284,0.8903604479595748,0.9904448074336956,4.156664062179015e-05
00843-DYehNKdT76V,belief,308,music equipment,1_3_50,1_3,2,3.2785772467915376e-05,0.980957429950183,0.9405407460941836,0.9633131036565776,3.6888430441518674e-05
00843-DYehNKdT76V,belief,308,music equipment,0_1_540,0_1,3,2.3542153183990702e-05,0.9827531129271098,0.9459855066032241,0.9815486973495555,2.5799151297820963e-05
00843-DYehNKdT76V,belief,308,music equipment,0_1_445,0_1,4,1.7408475199528246e-05,0.9930919171076771,0.9291705261612009,0.9572407295700266,1.9708550823234946e-05
00843-DYehNKdT76V,belief,308,music equipment,1_5_6,1_5,5,1.4945148897164274e-05,0.9588170032024875,0.9146328304411353,0.9575547673228872,1.779729955149819e-05
00843-DYehNKdT76V,belief,309,napkin,0_1_103,0_1,1,0.14613515830084003,0.9779813712261715,0.9412826395790822,0.9723560330100327,0.1632596157356506
00843-DYehNKdT76V,belief,309,napkin,1_2_67,1_2,2,0.02153799600726662,0.9759155185773507,0.954035090500391,0.5797752688490779,0.03989964515186415
00843-DYehNKdT76V,belief,309,napkin,0_1_268,0_1,3,0.02136806754264426,0.980607509078563,0.9392408377327404,0.9245027843132642,0.02509486377700783
00843-DYehNKdT76V,belief,309,napkin,1_3_40,1_3,4,0.01762754359434572,0.9852132399876913,0.9117462835944191,0.9840212788428917,0.019942659133478886
00843-DYehNKdT76V,belief,309,napkin,1_0_62,1_0,5,0.01737972808799653,0.9671428855764113,0.9242771718254321,0.9651013269669897,0.020145460371391654
00843-DYehNKdT76V,belief,310,nightstand,1_0_15,1_0,1,0.024544608460458424,0.7694692632099529,0.9643407924072195,0.9993338156889656,0.033099673552913475
00843-DYehNKdT76V,belief,310,nightstand,1_0_21,1_0,2,0.02177303321360872,0.8119159453882966,0.9120526619158227,0.9991672787808114,0.02942725455490723
00843-DYehNKdT76V,belief,310,nightstand,1_0_73,1_0,3,0.015919543853200054,0.9728693763415018,0.9372383338611876,0.9993840857517369,0.01747002851526977
00843-DYehNKdT76V,belief,310,nightstand,1_0_65,1_0,4,0.010233494207857049,0.966756631227959,0.9995144043451561,0.9980120430497111,0.010611626342523193
00843-DYehNKdT76V,belief,310,nightstand,1_1_16,1_1,5,0.007218697931627058,0.9912880582584278,0.9306191644566442,0.9878501940990846,0.007921290001872021
00843-DYehNKdT76V,belief,311,oar,1_2_43,1_2,1,0.23885971232676892,0.9106713583072026,0.9321414403488182,0.9805656234895646,0.28696091440600546
00843-DYehNKdT76V,belief,311,oar,0_0_233,0_0,2,0.18846888371525417,0.9783218701680502,0.9288989100122884,0.9932537211417027,0.20879939792342586
00843-DYehNKdT76V,belief,311,oar,1_4_47,1_4,3,0.14484346698070918,0.9842915937718417,0.9206074345181525,0.7981678496961124,0.2002656328394993
00843-DYehNKdT76V,belief,311,oar,1_2_30,1_2,4,0.1286892373880647,0.9624300740038356,0.9421918755261836,0.8845438782023599,0.1604406104425439
00843-DYehNKdT76V,belief,311,oar,0_1_283,0_1,5,0.12158307913449613,0.9661995427269074,0.8981824482588247,0.9874831368934254,0.14187702007934314
00843-DYehNKdT76V,belief,312,object,1_1_3,1_1,1,0.24559908775347145,0.9482779715530216,0.9575854652740334,0.9084999183286149,0.2977067277497429
00843-DYehNKdT76V,belief,312,object,0_1_74,0_1,2,0.17246245444634536,0.9847229278101648,0.9416392344380325,0.9878273829481142,0.18828464605193496
00843-DYehNKdT76V,belief,312,object,0_1_540,0_1,3,0.16563768045547855,0.9827531129271098,0.9459855066032241,0.9815486973495555,0.18151744852280463
00843-DYehNKdT76V,belief,312,object,1_3_50,1_3,4,0.12863382790196834,0.980957429950183,0.9405407460941836,0.9633131036565776,0.14473046250875027
00843-DYehNKdT76V,belief,312,object,0_1_71,0_1,5,0.12101196145362221,0.9533097465097092,0.9087490251508015,0.9466321621748158,0.14756013826000258
00843-DYehNKdT76V,belief,313,objects,1_1_3,1_1,1,0.010316305252309935,0.9482779715530216,0.9575854652740334,0.9084999183286149,0.012505068757484689
00843-DYehNKdT76V,belief,313,objects,0_1_540,0_1,2,0.006629769297045408,0.9827531129271098,0.9459855066032241,0.9815486973495555,0.007265368627387748
00843-DYehNKdT76V,belief,313,objects,0_1_219,0_1,3,0.004595607723371242,0.9474263736071834,0.9223904832714959,0.9917058796064144,0.005302733228000364
00843-DYehNKdT76V,belief,313,objects,0_1_41,0_1,4,0.004565574959692228,0.9564920398416932,0.8987550674612226,0.9600550722549631,0.0055319292739684734
00843-DYehNKdT76V,belief,313,objects,0_1_128,0_1,5,0.0043853554651508584,0.9519296470004605,0.9141135570616024,0.9535277492001387,0.005285261294322624
00843-DYehNKdT76V,belief,314,outlet,1_5_48,1_5,1,0.20815408477627376,0.9486530518431341,0.9421632237687294,0.9979949629213076,0.2333581817490467
00843-DYehNKdT76V,belief,314,outlet,0_1_457,0_1,2,0.11861771538014158,0.94778052784437,0.8924538602525657,0.9960073856824485,0.14079701319860669
00843-DYehNKdT76V,belief,314,outlet,0_0_90,0_0,3,0.05356478496579138,0.9694747059943054,0.9206662506547048,0.9964178344432455,0.060228100676627115
00843-DYehNKdT76V,belief,314,outlet,0_0_20,0_0,4,0.04085385342927837,0.9644929054041022,0.914877621336939,0.9893571075290852,0.04679698853888078
00843-DYehNKdT76V,belief,314,outlet,1_5_38,1_5,5,0.037173629774241615,0.9663516922651001,0.9033846180241429,0.9963185954313569,0.042739440264469804
00843-DYehNKdT76V,belief,315,oven,0_0_86,0_0,1,0.3589018359433075,0.9155708958482027,0.9355162482765199,0.9983119421727547,0.4197262197837352
00843-DYehNKdT76V,belief,315,oven,0_0_142,0_0,2,0.27781319744848487,0.9700545578210277,0.9258395550042824,0.9976914336914685,0.31004500406148705
00843-DYehNKdT76V,belief,315,oven,0_0_144,0_0,3,0.25718116444348604,0.9737235929650766,0.8996712706440089,0.9974611825807562,0.2943225987819933
00843-DYehNKdT76V,belief,315,oven,0_0_137,0_0,4,0.22347513101469435,0.9661058448890989,0.9250988689991797,0.9974792288961557,0.25067584068814425
00843-DYehNKdT76V,belief,315,oven,0_0_127,0_0,5,0.17982863921784212,0.8582799462621125,0.9113985351399978,0.997811547004709,0.23039499527579665
00843-DYehNKdT76V,belief,316,overhang,1_1_1,1_1,1,0.7903108079713513,0.9610866588610051,0.9414878080402866,0.9701090933561346,0.900326631317788
00843-DYehNKdT76V,belief,316,overhang,0_0_175,0_0,2,0.7805621332779982,0.9674952008605544,0.9117305745288442,0.9906522677068381,0.8932456347848423
00843-DYehNKdT76V,belief,316,overhang,0_1_304,0_1,3,0.7410134309708495,0.9425153273080278,0.9378749434439181,0.967014324651643,0.8668816649819279
00843-DYehNKdT76V,belief,316,overhang,1_4_20,1_4,4,0.6974764520683849,0.9733657034380094,0.9328301001767707,0.9618474341427048,0.7986284326976346
00843-DYehNKdT76V,belief,316,overhang,1_5_9,1_5,5,0.697263146070181,0.9567239932254913,0.9072588002771258,0.9853391908502094,0.8152543022266625
00843-DYehNKdT76V,belief,317,pad,1_4_36,1_4,1,0.244814741056714,0.9812424194111476,0.9324439268650434,0.9814712599410965,0.27262202436370847
00843-DYehNKdT76V,belief,317,pad,0_1_420,0_1,2,0.18872223911896413,0.9825936513287681,0.9419819677385479,0.9792284799116551,0.2082200285261191
00843-DYehNKdT76V,belief,317,pad,1_3_41,1_3,3,0.17807942248999512,0.9966604680587084,0.9056167389469361,0.9906336886465524,0.19916314323907117
00843-DYehNKdT76V,belief,317,pad,1_3_33,1_3,4,0.129471045659605,0.8445491488228882,0.9699769634310842,0.9918222223796742,0.15935014838926287
00843-DYehNKdT76V,belief,317,pad,0_1_421,0_1,5,0.07976296416300335,0.9915508807321378,0.9451217905513355,0.9945568613361638,0.08557933079587438
00843-DYehNKdT76V,belief,318,painting stuff,1_4_69,1_4,1,0.6131309331164938,0.9560002726693116,0.9494992903207446,0.975985381475487,0.6920815217408707
00843-DYehNKdT76V,belief,318,painting stuff,0_1_0,0_1,2,0.3332045328376877,0.9797725398176531,0.9318365133747777,0.9934331292803784,0.3673730337760939
00843-DYehNKdT76V,belief,318,painting stuff,1_5_70,1_5,3,0.3330605980256391,0.9636509674522016,0.9385418730922628,0.9890108813679119,0.37234778309034
00843-DYehNKdT76V,belief,318,painting stuff,1_5_44,1_5,4,0.23143865708030145,0.9380447961396179,0.9851352846917336,0.9891027970638175,0.2532065976410593
00843-DYehNKdT76V,belief,318,painting stuff,1_5_30,1_5,5,0.2276898051506975,0.9304447853802249,0.9372128648764905,0.9959211548831529,0.26217409662788455
00843-DYehNKdT76V,belief,319,pan,0_0_34,0_0,1,0.8523352140612231,0.9922119317364974,0.9335263806688824,0.9970236322006149,0.9229409988965337
00843-DYehNKdT76V,belief,319,pan,0_0_23,0_0,2,0.8423854038270506,0.9922768245475743,0.9327734893667579,0.9975337526532961,0.9123767111188115
00843-DYehNKdT76V,belief,319,pan,0_0_111,0_0,3,0.8314185897553832,0.9611228643534644,0.9266320629572544,0.9976666567474776,0.9357245858991734
00843-DYehNKdT76V,belief,319,pan,0_0_253,0_0,4,0.7648506142417248,0.9361897383157484,0.9309437362137015,0.997105522654926,0.8801327621019333
00843-DYehNKdT76V,belief,319,pan,1_4_46,1_4,5,0.7255100752097197,0.9832984981831018,0.9263289348857762,0.9925758104909527,0.8024706459956307
00843-DYehNKdT76V,belief,320,panel,0_1_339,0_1,1,0.5722467404454823,0.9585412187155642,0.9078432496947318,0.992643440437165,0.6624733145484102
00843-DYehNKdT76V,belief,320,panel,0_1_429,0_1,2,0.5679042025345826,0.9939725392920908,0.949394733205156,0.9939954447027457,0.6054377327806335
00843-DYehNKdT76V,belief,320,panel,0_1_438,0_1,3,0.5197172909688926,0.9830626154244656,0.9492579773117595,0.9908523367719705,0.5620730879711324
00843-DYehNKdT76V,belief,320,panel,0_1_338,0_1,4,0.5131987617000106,0.9090179512898127,0.9252080694707244,0.9943072831290704,0.61369573847507
00843-DYehNKdT76V,belief,320,panel,0_1_160,0_1,5,0.5008226373331109,0.9642698976489291,0.94104647935935,0.9929094676742963,0.5558589663881974
00843-DYehNKdT76V,belief,321,pantry,0_0_143,0_0,1,0.007995401900212036,0.9792078178439686,0.9388134810130878,0.9980486943166387,0.00871433755946965
00843-DYehNKdT76V,belief,321,pantry,0_0_11,0_0,2,0.003580975446824489,0.9661050826311112,0.9498642552377704,0.9980755351302776,0.00390977730380009
00843-DYehNKdT76V,belief,321,pantry,0_0_145,0_0,3,0.003088674131346157,0.9695527904292081,0.9045437754563475,0.9985646200638593,0.003526913968516006
00843-DYehNKdT76V,belief,321,pantry,0_0_65,0_0,4,0.002773506804678904,0.9619986714037806,0.926521756942971,0.9971077117053896,0.0031207362545457363
00843-DYehNKdT76V,belief,321,pantry,1_2_31,1_2,5,0.002681132759191821,0.9271704082045894,0.9359909427424636,0.999559143750408,0.003090854876833744
00843-DYehNKdT76V,belief,322,paper holder,0_0_124,0_0,1,0.0770641554358216,0.9883392753662962,0.9237802086659712,0.994280926238473,0.08489236006528314
00843-DYehNKdT76V,belief,322,paper holder,1_1_24,1_1,2,0.07424208647920222,0.9860453036270609,0.9336702061368993,0.997064150709667,0.08087917221754222
00843-DYehNKdT76V,belief,322,paper holder,1_2_7,1_2,3,0.05600064297652817,0.9529477548093522,0.8944161878633677,0.988907076798517,0.06643987193084971
00843-DYehNKdT76V,belief,322,paper holder,1_2_82,1_2,4,0.05175378335452368,0.991689298513519,0.9625863852944776,0.9947277881642506,0.05450326404194252
00843-DYehNKdT76V,belief,322,paper holder,1_2_77,1_2,5,0.04751751475763477,0.9046247520577104,0.9425694513864845,0.9827509224583227,0.05670592397913537
00843-DYehNKdT76V,belief,323,paper storage,1_0_29,1_0,1,0.048738412320449176,0.953532313458504,0.9359291153099546,0.7947149285463072,0.06871975993975252
00843-DYehNKdT76V,belief,323,paper storage,1_0_55,1_0,2,0.03761250193819932,0.9671517548377282,0.9733602082365177,0.8921241249202492,0.044785634066285905
00843-DYehNKdT76V,belief,323,paper storage,1_1_24,1_1,3,0.025800965846267353,0.9860453036270609,0.9336702061368993,0.997064150709667,0.02810751770350307
00843-DYehNKdT76V,belief,323,paper storage,1_1_28,1_1,4,0.0166163791328942,0.9129862756956192,0.9039442777997924,0.9996884497161163,0.02014029416448914
00843-DYehNKdT76V,belief,323,paper storage,0_1_440,0_1,5,0.009470867025366628,0.9700531617744066,0.9187801812437852,0.9848361199155515,0.01078992973308433
00843-DYehNKdT76V,belief,324,paper towel,0_1_103,0_1,1,0.21130603592041117,0.9779813712261715,0.9412826395790822,0.9723560330100327,0.23606736823709046
00843-DYehNKdT76V,belief,324,paper towel,1_3_86,1_3,2,0.1909537719765722,0.9965697625245686,0.9290866004238209,0.9470150891494442,0.21777470808870195
00843-DYehNKdT76V,belief,324,paper towel,0_0_124,0_0,3,0.12904071542358697,0.9883392753662962,0.9237802086659712,0.994280926238473,0.14214871771278617
00843-DYehNKdT76V,belief,324,paper towel,0_0_42,0_0,4,0.09382298888821848,0.9984211591833562,0.9472759973916312,0.9633651561187391,0.10297410367361812
00843-DYehNKdT76V,belief,324,paper towel,0_0_207,0_0,5,0.08133838806047951,0.9412421554085727,0.9134085471890513,0.9576293931022538,0.09879424642453864
00843-DYehNKdT76V,belief,325,parapet,1_1_3,1_1,1,0.27240656713706785,0.9482779715530216,0.9575854652740334,0.9084999183286149,0.3302018279535358
00843-DYehNKdT76V,belief,325,parapet,0_1_341,0_1,2,0.1861241089912235,0.985224698670436,0.9394678438642843,0.9972417107197832,0.20164385255422704
00843-DYehNKdT76V,belief,325,parapet,0_1_347,0_1,3,0.18234579653100386,0.9723025125052117,0.9667225597052589,0.9912026878725284,0.19571766407572527
00843-DYehNKdT76V,belief,325,parapet,0_1_498,0_1,4,0.13907804531231638,0.9719268624465186,0.91451608503729,0.9900658959596405,0.15804091785892704
00843-DYehNKdT76V,belief,325,parapet,0_1_369,0_1,5,0.11423716303338764,0.9622113445963726,0.928014609985172,0.9910141386471146,0.12909287478828343
00843-DYehNKdT76V,belief,326,partial,0_1_142,0_1,1,0.876277046711987,0.9918595813169071,0.960601407242074,0.9946385399480289,0.9246614274801651
00843-DYehNKdT76V,belief,326,partial,0_1_100,0_1,2,0.8760252985973921,0.9592622548042296,0.9255823957140916,0.999358389145498,0.987285920704933
00843-DYehNKdT76V,belief,326,partial,0_1_388,0_1,3,0.8464026261581844,0.9973282967268653,0.9403231956622514,0.990568752176771,0.9111231632495187
00843-DYehNKdT76V,belief,326,partial,0_1_211,0_1,4,0.8442022833374092,0.9601917573817791,0.9185501664635174,0.9975336856506004,0.9595289855338818
00843-DYehNKdT76V,belief,326,partial,0_1_192,0_1,5,0.8384063383288326,0.9663076162894415,0.9191644957297007,0.9980187705710846,0.9458171839187643
00843-DYehNKdT76V,belief,327,pavement,1_3_111,1_3,1,0.13591686041614412,0.8997447112880687,0.9201567873647067,0.9923299509420659,0.1654383149372597
00843-DYehNKdT76V,belief,327,pavement,1_4_39,1_4,2,0.032786198810582666,0.9456210992893489,0.9202724341958586,0.9748331021011885,0.038648018539232935
00843-DYehNKdT76V,belief,327,pavement,0_0_223,0_0,3,0.009630830925518823,0.9833904026802124,0.9440619448187317,0.9928461578600885,0.010448533562417766
00843-DYehNKdT76V,belief,327,pavement,0_0_45,0_0,4,0.00946428393610482,0.9512256472716966,0.9201615349112411,0.992220823408068,0.010897623456855392
00843-DYehNKdT76V,belief,327,pavement,1_3_36,1_3,5,0.009102915986096258,0.9859456788137477,0.9241327409304635,0.9538394108799035,0.010474129202865876
00843-DYehNKdT76V,belief,328,pedestal,1_0_47,1_0,1,0.1620759706125989,0.9302735868538922,0.9546924362462721,0.8755231831439365,0.20843795744924018
00843-DYehNKdT76V,belief,328,pedestal,1_0_19,1_0,2,0.10783704019770819,0.9687852365300934,0.9318541660861481,0.9204222198451989,0.12977929236863364
00843-DYehNKdT76V,belief,328,pedestal,1_3_50,1_3,3,0.09703058424979567,0.980957429950183,0.9405407460941836,0.9633131036565776,0.10917253699912866
00843-DYehNKdT76V,belief,328,pedestal,1_3_53,1_3,4,0.09360316006402149,0.9775218795349699,0.8767534721332256,0.9700885239289002,0.11258360802919636
00843-DYehNKdT76V,belief,328,pedestal,1_4_62,1_4,5,0.06528696366873882,0.9760945489009222,0.9358768505907694,0.9966583061405601,0.07170832667650115
00843-DYehNKdT76V,belief,329,pen,1_3_34,1_3,1,0.0931148934537247,0.9464904014889458,0.9437432982255185,0.990731601426993,0.10521872625362516
00843-DYehNKdT76V,belief,329,pen,1_4_39,1_4,2,0.0458636374617697,0.9456210992893489,0.9202724341958586,0.9748331021011885,0.054063562572157546
00843-DYehNKdT76V,belief,329,pen,0_1_278,0_1,3,0.04058275241560541,0.9750236187347028,0.8859745788298536,0.9758054376619023,0.048143966443535836
00843-DYehNKdT76V,belief,329,pen,0_1_202,0_1,4,0.039181337383592335,0.9466150466261859,0.9544981802637863,0.976732539181334,0.04439714992161397
00843-DYehNKdT76V,belief,329,pen,1_1_1,1_1,5,0.034962783752542706,0.9610866588610051,0.9414878080402866,0.9701090933561346,0.03982980493234016
00843-DYehNKdT76V,belief,330,pendant,1_3_81,1_3,1,0.03160499393338333,0.9834038334840547,0.9578503178370077,0.9809958302355481,0.03420259086168547
00843-DYehNKdT76V,belief,330,pendant,1_3_78,1_3,2,0.02154168896993659,0.9914629704982698,0.9538801574170834,0.8623652928701938,0.02641302657218991
00843-DYehNKdT76V,belief,330,pendant,1_3_76,1_3,3,0.02019203030198484,0.9844064164707843,0.9494789027194289,0.9858562686499828,0.021913241852263905
00843-DYehNKdT76V,belief,330,pendant,0_1_171,0_1,4,0.01580466186862869,0.9623341344003914,0.934616339547051,0.4720951705885266,0.03722171598941995
00843-DYehNKdT76V,belief,330,pendant,0_0_96,0_0,5,0.00942004276794867,0.9637162017306503,0.9270797046271217,0.9624881514546729,0.010954466929946479
00843-DYehNKdT76V,belief,331,pet bed,0_1_420,0_1,1,0.013556052115377457,0.9825936513287681,0.9419819677385479,0.9792284799116551,0.014956592139552525
00843-DYehNKdT76V,belief,331,pet bed,0_1_204,0_1,2,0.010619547731438726,0.954133516439685,0.8851233738709474,0.9973689049545137,0.01260773976008755
00843-DYehNKdT76V,belief,331,pet bed,0_0_139,0_0,3,0.009760918457691675,0.9773783838738362,0.9126945040022725,0.9537391599400015,0.011472891983716498
00843-DYehNKdT76V,belief,331,pet bed,1_1_56,1_1,4,0.005966143436382444,0.9670510478317738,0.9432970645824059,0.9942002087089924,0.006578425452158201
00843-DYehNKdT76V,belief,331,pet bed,1_1_58,1_1,5,0.005512888799685967,0.9100467182695866,0.9506012580489853,0.9939321030574233,0.006411511738018274
00843-DYehNKdT76V,belief,332,pet bowl,0_1_22,0_1,1,0.005517708317147101,0.8418675887102173,0.9163745015099163,0.7140467709146733,0.01001648380136726
00843-DYehNKdT76V,belief,332,pet bowl,1_4_41,1_4,2,0.004911180966769229,0.9789326109430696,0.9476321947591272,0.657821561105043,0.008047949266237524
00843-DYehNKdT76V,belief,332,pet bowl,0_0_96,0_0,3,0.004787916148977207,0.9637162017306503,0.9270797046271217,0.9624881514546729,0.005567816453634736
00843-DYehNKdT76V,belief,332,pet bowl,0_0_139,0_0,4,0.004322610371919863,0.9773783838738362,0.9126945040022725,0.9537391599400015,0.005080755678852093
00843-DYehNKdT76V,belief,332,pet bowl,0_1_208,0_1,5,0.0017715720192391965,0.8962178002609001,0.9301942472067293,0.9761515895842995,0.0021769794614921473
00843-DYehNKdT76V,belief,333,phone,0_1_43,0_1,1,0.20847023355129726,0.9578573671547751,0.9386031909532351,0.9900292851211923,0.2342141565509759
00843-DYehNKdT76V,belief,333,phone,1_0_45,1_0,2,0.12907941892409092,0.9369813383206772,0.9705055843518378,0.9977215173508981,0.14227175317919183
00843-DYehNKdT76V,belief,333,phone,1_4_36,1_4,3,0.07532131134523994,0.9812424194111476,0.9324439268650434,0.9814712599410965,0.08387668278484706
00843-DYehNKdT76V,belief,333,phone,1_4_21,1_4,4,0.07080523157574203,0.9592674046385613,0.9515605394444202,0.9845095373753713,0.07878967487022427
00843-DYehNKdT76V,belief,333,phone,1_3_50,1_3,5,0.0529993345775683,0.980957429950183,0.9405407460941836,0.9633131036565776,0.05963142301815995
00843-DYehNKdT76V,belief,334,photo mount,1_1_54,1_1,1,0.1386280777333653,0.9653359834765375,0.9290120495009806,0.9929137343254256,0.15568251581525666
00843-DYehNKdT76V,belief,334,photo mount,1_1_22,1_1,2,0.12798633301727927,0.9621831649995369,0.9360663699235908,0.9656546612439252,0.1471557913011147
00843-DYehNKdT76V,belief,334,photo mount,1_1_48,1_1,3,0.05893130899711852,0.8103092652948007,0.9608679360569266,0.9943571368327767,0.07611831862535433
00843-DYehNKdT76V,belief,334,photo mount,1_5_48,1_5,4,0.03950889727191127,0.9486530518431341,0.9421632237687294,0.9979949629213076,0.04429278647206249
00843-DYehNKdT76V,belief,334,photo mount,1_5_42,1_5,5,0.036195302064374914,0.9882390149429545,0.9385418767353852,0.9990467822052411,0.039061663041937617
00843-DYehNKdT76V,belief,335,photo stand,1_5_42,1_5,1,0.01201397635274498,0.9882390149429545,0.9385418767353852,0.9990467822052411,0.012965381398118621
00843-DYehNKdT76V,belief,335,photo stand,1_5_47,1_5,2,0.007245310701404555,0.9770897726217906,0.9682366274477943,0.9988515690416854,0.007667258098760006
00843-DYehNKdT76V,belief,335,photo stand,1_0_55,1_0,3,0.00663448997160202,0.9671517548377282,0.9733602082365177,0.8921241249202492,0.007899762705837072
00843-DYehNKdT76V,belief,335,photo stand,0_1_438,0_1,4,0.006557013501913973,0.9830626154244656,0.9492579773117595,0.9908523367719705,0.007091395439275062
00843-DYehNKdT76V,belief,335,photo stand,0_1_88,0_1,5,0.00650372130827472,0.8068283026811307,0.89866319097309,0.9914132177713244,0.009047511429073717
00843-DYehNKdT76V,belief,336,piano,1_5_6,1_5,1,0.015092065412419703,0.9588170032024875,0.9146328304411353,0.9575547673228872,0.017972253795785393
00843-DYehNKdT76V,belief,336,piano,0_1_540,0_1,2,0.011495376389656961,0.9827531129271098,0.9459855066032241,0.9815486973495555,0.012597443928953579
00843-DYehNKdT76V,belief,336,piano,1_0_48,1_0,3,0.009485352636346197,0.9812915258937414,0.946765474941883,0.9922180436923738,0.010289775508716488
00843-DYehNKdT76V,belief,336,piano,0_1_467,0_1,4,0.0076892254296337306,0.9770641933007673,0.9239519136338816,0.9897750748487422,0.008605450552514953
00843-DYehNKdT76V,belief,336,piano,0_0_249,0_0,5,0.007301457982763608,0.9871110901108423,0.9355290027828591,0.9932174865073262,0.007960529319250498
00843-DYehNKdT76V,belief,337,pillow,1_0_18,1_0,1,0.8747371588132148,0.9733058395827315,0.9354326086439443,0.9996794761528706,0.9610698778180059
00843-DYehNKdT76V,belief,337,pillow,0_1_123,0_1,2,0.8491692117752175,0.9632089511192938,0.926642182811606,0.9993958727954864,0.9519718618526208
00843-DYehNKdT76V,belief,337,pillow,0_1_72,0_1,3,0.8329962791502092,0.9538971398803061,0.904123432474097,0.9996092986742131,0.9662366405848527
00843-DYehNKdT76V,belief,337,pillow,0_1_51,0_1,4,0.6990816293017739,0.9323722916787028,0.8993007950618863,0.9986318654797743,0.8348878364656351
00843-DYehNKdT76V,belief,337,pillow,0_1_332,0_1,5,0.5066083229304958,0.9728513024085096,0.9384970303279212,0.9884579993784934,0.5613512998599467
00843-DYehNKdT76V,belief,338,pitchfork,1_3_17,1_3,1,0.002136989960454377,0.8690947190574977,0.9810366913392876,0.9658898118088941,0.0025949114069228844
00843-DYehNKdT76V,belief,338,pitchfork,1_3_90,1_3,2,0.002135357252373643,0.9919541122582689,0.9028651395659981,0.9685122018860778,0.0024617898725978198
00843-DYehNKdT76V,belief,338,pitchfork,0_1_320,0_1,3,0.002133917321402486,0.875539102836659,0.919038387096194,0.880281086393772,0.003012638481161594
00843-DYehNKdT76V,belief,338,pitchfork,0_0_169,0_0,4,0.0020325601332879997,0.9726494334985593,0.9150804559837692,0.8619427470636499,0.002649411184615055
00843-DYehNKdT76V,belief,338,pitchfork,0_1_53,0_1,5,0.001900158922085126,0.9487151085428531,0.9269034005105448,0.9650419908730198,0.0022390996502458255
00843-DYehNKdT76V,belief,339,place mat,0_1_103,0_1,1,0.0016431103306518231,0.9779813712261715,0.9412826395790822,0.9723560330100327,0.0018356538174150827
00843-DYehNKdT76V,belief,339,place mat,0_1_540,0_1,2,0.0006195466450393579,0.9827531129271098,0.9459855066032241,0.9815486973495555,0.0006789428947517499
00843-DYehNKdT76V,belief,339,place mat,0_1_462,0_1,3,0.0004582324932141001,0.9418686537947638,0.8993247118650758,0.9753604323971826,0.000554643435858223
00843-DYehNKdT76V,belief,339,place mat,1_4_46,1_4,4,0.00042221777582029534,0.9832984981831018,0.9263289348857762,0.9925758104909527,0.0004670057424294356
00843-DYehNKdT76V,belief,339,place mat,0_0_253,0_0,5,0.00033933289740060844,0.9361897383157484,0.9309437362137015,0.997105522654926,0.0003904788656767176
00843-DYehNKdT76V,belief,340,plane,1_3_17,1_3,1,0.2803152268703031,0.8690947190574977,0.9810366913392876,0.9658898118088941,0.3403821230799156
00843-DYehNKdT76V,belief,340,plane,0_0_46,0_0,2,0.2671973469100359,0.9467771729707979,0.8997496343489001,0.9503588435882186,0.3300464485416465
00843-DYehNKdT76V,belief,340,plane,0_0_170,0_0,3,0.1892966373271966,0.9805463112404545,0.9313701763126347,0.9393274312654315,0.22066601723349016
00843-DYehNKdT76V,belief,340,plane,1_1_0,1_1,4,0.15254616548351466,0.9772415238662819,0.9484882210408009,0.9782987840388347,0.16822708803746314
00843-DYehNKdT76V,belief,340,plane,0_1_328,0_1,5,0.1368734535242169,0.9639486173788706,0.9341833523712506,0.9950192484842356,0.15275721597953645
00843-DYehNKdT76V,belief,341,plank,0_0_41,0_0,1,0.6518295001354398,0.9760948769172696,0.924129839133015,0.9723465558544925,0.7431695461448725
00843-DYehNKdT76V,belief,341,plank,1_3_91,1_3,2,0.5457420354104943,0.9726125909222497,0.8975980255930485,0.9901615800084342,0.6313345535602161
00843-DYehNKdT76V,belief,341,plank,0_1_230,0_1,3,0.5028382227103441,0.966884124160759,0.8746091939308842,0.9986739684526543,0.5954099464247088
00843-DYehNKdT76V,belief,341,plank,0_1_290,0_1,4,0.4722771293891484,0.9528303212659255,0.9047109897953924,0.9925985527393018,0.5519475912605859
00843-DYehNKdT76V,belief,341,plank,0_1_63,0_1,5,0.455480555371839,0.9858522040282981,0.9259267088183989,0.9984743510336652,0.49974045164188946
00843-DYehNKdT76V,belief,342,plant,0_1_197,0_1,1,0.24284438946444614,0.9845521586272165,0.942423683826586,0.6139240785376213,0.4263129121563283
00843-DYehNKdT76V,belief,342,plant,1_5_2,1_5,2,0.218970390967226,0.9772781643307129,0.9378769255774422,0.7474623370007657,0.3196185912636996
00843-DYehNKdT76V,belief,342,plant,0_0_13,0_0,3,0.20922387133706083,0.9854814735044656,0.9272242679806945,0.7817140141438867,0.2929072233717309
00843-DYehNKdT76V,belief,342,plant,0_1_22,0_1,4,0.12007274765452831,0.8418675887102173,0.9163745015099163,0.7140467709146733,0.21797214762687822
00843-DYehNKdT76V,belief,342,plant,0_0_56,0_0,5,0.10132866671654758,0.9208643711446711,0.9314319749373114,0.9511159199857006,0.12420871373004617
00843-DYehNKdT76V,belief,343,plant ornament,1_5_2,1_5,1,0.0006211300164286149,0.9772781643307129,0.9378769255774422,0.7474623370007657,0.0009066280603765571
00843-DYehNKdT76V,belief,343,plant ornament,0_1_197,0_1,2,0.0004414210082960959,0.9845521586272165,0.942423683826586,0.6139240785376213,0.0007749138283519726
00843-DYehNKdT76V,belief,343,plant ornament,0_0_13,0_0,3,0.0003922177107612268,0.9854814735044656,0.9272242679806945,0.7817140141438867,0.0005490931789098282
00843-DYehNKdT76V,belief,343,plant ornament,0_1_22,0_1,4,0.00030226621593370384,0.8418675887102173,0.9163745015099163,0.7140467709146733,0.0005487141547862663
00843-DYehNKdT76V,belief,343,plant ornament,0_0_56,0_0,5,0.00022963356369222287,0.9208643711446711,0.9314319749373114,0.9511159199857006,0.0002814848995817266
00843-DYehNKdT76V,belief,344,platform,1_1_3,1_1,1,0.04464891952976664,0.9482779715530216,0.9575854652740334,0.9084999183286149,0.05412187745628357
00843-DYehNKdT76V,belief,344,platform,0_1_452,0_1,2,0.0321207337369741,0.9782128563528049,0.9363186659281952,0.9857334346999445,0.03557696710580634
00843-DYehNKdT76V,belief,344,platform,1_5_6,1_5,3,0.031605934155414045,0.9588170032024875,0.9146328304411353,0.9575547673228872,0.037637649623923235
00843-DYehNKdT76V,belief,344,platform,0_1_440,0_1,4,0.024906100155999054,0.9700531617744066,0.9187801812437852,0.9848361199155515,0.028374917511629554
00843-DYehNKdT76V,belief,344,platform,1_3_33,1_3,5,0.024511733338338493,0.8445491488228882,0.9699769634310842,0.9918222223796742,0.030168508525153112
00843-DYehNKdT76V,belief,345,playpen,1_0_48,1_0,1,0.00016651601867450526,0.9812915258937414,0.946765474941883,0.9922180436923738,0.0001806377175900037
00843-DYehNKdT76V,belief,345,playpen,0_0_150,0_0,2,0.00013479058286342,0.965007754848284,0.8903604479595748,0.9904448074336956,0.0001583917689603636
00843-DYehNKdT76V,belief,345,playpen,1_0_60,1_0,3,0.0001281922186962013,0.9772412829792712,0.9570026725374263,0.9890292445386574,0.00013859181265371315
00843-DYehNKdT76V,belief,345,playpen,1_2_34,1_2,4,0.00010969116870074596,0.933191122530269,0.9560009706227346,0.9838769867285772,0.00012496889491127506
00843-DYehNKdT76V,belief,345,playpen,1_0_65,1_0,5,0.00010769962829043411,0.966756631227959,0.9995144043451561,0.9980120430497111,0.00011167917716406758
00843-DYehNKdT76V,belief,346,plenum box,0_1_341,0_1,1,0.5507330487883974,0.985224698670436,0.9394678438642843,0.9972417107197832,0.5966552871012754
00843-DYehNKdT76V,belief,346,plenum box,0_1_157,0_1,2,0.44108612403359876,0.95055421977326,0.8787156741767155,0.9977182402643825,0.5292857678470724
00843-DYehNKdT76V,belief,346,plenum box,0_1_136,0_1,3,0.34338395823111995,0.9691275710090417,0.8952565504758121,0.9984924772510175,0.39637545064928964
00843-DYehNKdT76V,belief,346,plenum box,0_1_10,0_1,4,0.31230239407084676,0.9695867342530579,0.9313685021151439,0.9982601639396413,0.3464362758882714
00843-DYehNKdT76V,belief,346,plenum box,1_3_104,1_3,5,0.17130923285371952,0.9606392178504474,0.9369749997860197,0.9983145206028505,0.19064484491758818
00843-DYehNKdT76V,belief,347,pliers,1_3_90,1_3,1,0.011669622356462192,0.9919541122582689,0.9028651395659981,0.9685122018860778,0.013453560570366284
00843-DYehNKdT76V,belief,347,pliers,1_2_41,1_2,2,0.007725501819105858,0.9645901119085067,0.9372154297693613,0.9590297172630452,0.008910711826785652
00843-DYehNKdT76V,belief,347,pliers,0_1_320,0_1,3,0.00603009267508433,0.875539102836659,0.919038387096194,0.880281086393772,0.008513211386273414
00843-DYehNKdT76V,belief,347,pliers,1_2_6,1_2,4,0.005846782111180868,0.9717031697083041,0.9029959305060997,0.9700015447237029,0.006869499102664118
00843-DYehNKdT76V,belief,347,pliers,1_2_64,1_2,5,0.005572013956229382,0.7319434993702267,0.9507857821350567,0.9745847231271911,0.008215468964097193
00843-DYehNKdT76V,belief,348,plumbing,1_2_34,1_2,1,0.42188158921872576,0.933191122530269,0.9560009706227346,0.9838769867285772,0.4806410270995509
00843-DYehNKdT76V,belief,348,plumbing,1_2_64,1_2,2,0.31258578015464894,0.7319434993702267,0.9507857821350567,0.9745847231271911,0.4608816122234617
00843-DYehNKdT76V,belief,348,plumbing,1_4_57,1_4,3,0.2861144916339231,0.9668996380040957,0.9557832249732348,0.9948929777892062,0.31118789022069554
00843-DYehNKdT76V,belief,348,plumbing,1_4_54,1_4,4,0.1882315763740722,0.9658132151890828,0.9094788808882326,0.9949866695848134,0.2153721059915082
00843-DYehNKdT76V,belief,348,plumbing,1_4_45,1_4,5,0.13902795416068736,0.983557012561032,0.9355504911075436,0.9961280365912052,0.1516771633866402
00843-DYehNKdT76V,belief,349,plunger,1_3_25,1_3,1,0.014894676931275781,0.9525012159631366,0.8819764034161617,0.9982597818780492,0.01776090160739047
00843-DYehNKdT76V,belief,349,plunger,1_1_3,1_1,2,0.01010229676722106,0.9482779715530216,0.9575854652740334,0.9084999183286149,0.01224565506670404
00843-DYehNKdT76V,belief,349,plunger,0_0_139,0_0,3,0.007021610240599893,0.9773783838738362,0.9126945040022725,0.9537391599400015,0.00825313480399785
00843-DYehNKdT76V,belief,349,plunger,1_3_52,1_3,4,0.003657124837459221,0.9748788397992171,0.9318979332745038,0.9819365536129354,0.004099561118685017
00843-DYehNKdT76V,belief,349,plunger,1_3_78,1_3,5,0.00351224861990957,0.9914629704982698,0.9538801574170834,0.8623652928701938,0.004306492227943531
00843-DYehNKdT76V,belief,350,podium,0_1_105,0_1,1,0.03694340317195319,0.9099836842361461,0.9224567744073464,0.9908640709673565,0.04441638288720359
00843-DYehNKdT76V,belief,350,podium,0_1_507,0_1,2,0.01844099349918857,0.9547678197729613,0.9213834076652461,0.9890245934546201,0.02119527538944965
00843-DYehNKdT76V,belief,350,podium,0_1_464,0_1,3,0.017979005554899747,0.973093248881956,0.9953901265582192,0.9813790665395639,0.018913899999502527
00843-DYehNKdT76V,belief,350,podium,0_1_467,0_1,4,0.016294247694230185,0.9770641933007673,0.9239519136338816,0.9897750748487422,0.018235821553980357
00843-DYehNKdT76V,belief,350,podium,0_1_513,0_1,5,0.014391993473263868,0.9465718027204275,0.9029807838960024,0.9932296306020593,0.01695271319415452
00843-DYehNKdT76V,belief,351,pole,0_1_141,0_1,1,0.6307329648198896,0.9752821159139168,0.9521380403453266,0.9951669055994605,0.6825263575486149
00843-DYehNKdT76V,belief,351,pole,0_0_161,0_0,2,0.5465025351073199,0.9699601673506667,0.9245809197350929,0.9932998096916501,0.6134977891993068
00843-DYehNKdT76V,belief,351,pole,0_0_152,0_0,3,0.5246236131314255,0.8480570541400659,0.93991104127981,0.9918850618998187,0.6635515410406366
00843-DYehNKdT76V,belief,351,pole,0_0_164,0_0,4,0.5196823974534303,0.9686250269143534,0.9197393001882896,0.9828785988060454,0.5934958654175225
00843-DYehNKdT76V,belief,351,pole,1_0_19,1_0,5,0.4854520175303886,0.9687852365300934,0.9318541660861481,0.9204222198451989,0.5842298638622901
00843-DYehNKdT76V,belief,352,pool,0_0_244,0_0,1,0.21858410458718028,0.9770587347744123,0.9377787659799165,0.9871906370539993,0.24165538804606837
00843-DYehNKdT76V,belief,352,pool,0_0_77,0_0,2,0.19066853247460594,0.9700230892790227,0.920947780438207,0.9945935380758383,0.21459337655686478
00843-DYehNKdT76V,belief,352,pool,0_0_30,0_0,3,0.06960887109097812,0.9827088636868843,0.9296935084763168,0.995761679064325,0.07651463481866974
00843-DYehNKdT76V,belief,352,pool,0_0_32,0_0,4,0.053456771019312455,0.9849823595303205,0.9439290957974675,0.993684685961801,0.057861048577974424
00843-DYehNKdT76V,belief,352,pool,1_5_6,1_5,5,0.042010442153417316,0.9588170032024875,0.9146328304411353,0.9575547673228872,0.05002776676498149
00843-DYehNKdT76V,belief,353,pool table,0_1_462,0_1,1,0.003489328014751461,0.9418686537947638,0.8993247118650758,0.9753604323971826,0.004223473689880513
00843-DYehNKdT76V,belief,353,pool table,1_0_60,1_0,2,0.0015046204113064179,0.9772412829792712,0.9570026725374263,0.9890292445386574,0.0016266827447063382
00843-DYehNKdT76V,belief,353,pool table,1_0_48,1_0,3,0.0008269944865505023,0.9812915258937414,0.946765474941883,0.9922180436923738,0.0008971292834115295
00843-DYehNKdT76V,belief,353,pool table,1_5_6,1_5,4,0.0007522502411057654,0.9588170032024875,0.9146328304411353,0.9575547673228872,0.0008958106052182804
00843-DYehNKdT76V,belief,353,pool table,0_1_452,0_1,5,0.0005155671625475499,0.9782128563528049,0.9363186659281952,0.9857334346999445,0.0005710428700971516
00843-DYehNKdT76V,belief,354,porcelain,1_2_64,1_2,1,0.05207183062578123,0.7319434993702267,0.9507857821350567,0.9745847231271911,0.07677556297782907
00843-DYehNKdT76V,belief,354,porcelain,1_4_55,1_4,2,0.042161196116197244,0.9575076813744413,0.9389280997205508,0.9652703459172801,0.04858356232042626
00843-DYehNKdT76V,belief,354,porcelain,0_1_297,0_1,3,0.034990059670458255,0.9718696665094824,0.927873635939986,0.9761165829469012,0.039750823457543896
00843-DYehNKdT76V,belief,354,porcelain,1_2_39,1_2,4,0.03177185819083314,0.8464411585419266,0.9365808972280663,0.942452895625915,0.04252466429920161
00843-DYehNKdT76V,belief,354,porcelain,1_4_41,1_4,5,0.03173942688305522,0.9789326109430696,0.9476321947591272,0.657821561105043,0.05201137954855707
00843-DYehNKdT76V,belief,355,poster,1_1_54,1_1,1,0.05130658140506626,0.9653359834765375,0.9290120495009806,0.9929137343254256,0.057618469516572714
00843-DYehNKdT76V,belief,355,poster,1_2_50,1_2,2,0.04295566128972142,0.9172766043080224,0.9319825065836522,0.9907274360595295,0.05071753550086136
00843-DYehNKdT76V,belief,355,poster,1_2_20,1_2,3,0.03698897453150256,0.9663945370116589,0.9346743753387454,0.9934027884076081,0.04122228996999104
00843-DYehNKdT76V,belief,355,poster,1_3_78,1_3,4,0.03281738864834758,0.9914629704982698,0.9538801574170834,0.8623652928701938,0.0402385606629265
00843-DYehNKdT76V,belief,355,poster,1_2_27,1_2,5,0.02494242091424363,0.9674167350531127,0.9296426970478491,0.9941848102430182,0.027895992820587225
00843-DYehNKdT76V,belief,356,pot,0_1_22,0_1,1,0.2263823474742425,0.8418675887102173,0.9163745015099163,0.7140467709146733,0.41095958431591595
00843-DYehNKdT76V,belief,356,pot,0_0_57,0_0,2,0.22408834654823562,0.9566480149300038,0.9073182929576673,0.9990876571174966,0.2584067397945855
00843-DYehNKdT76V,belief,356,pot,0_1_54,0_1,3,0.2030657529892595,0.8787351826826731,0.9538382149067297,0.9446861547979564,0.25645808929504926
00843-DYehNKdT76V,belief,356,pot,1_4_46,1_4,4,0.1535832762011833,0.9832984981831018,0.9263289348857762,0.9925758104909527,0.16987506456290466
00843-DYehNKdT76V,belief,356,pot,0_0_96,0_0,5,0.13264189304549506,0.9637162017306503,0.9270797046271217,0.9624881514546729,0.15424783800729885
00843-DYehNKdT76V,belief,357,pot lid,0_0_96,0_0,1,0.04605116541023837,0.9637162017306503,0.9270797046271217,0.9624881514546729,0.05355240745704226
00843-DYehNKdT76V,belief,357,pot lid,0_1_208,0_1,2,0.01142769537757859,0.8962178002609001,0.9301942472067293,0.9761515895842995,0.014042815002159021
00843-DYehNKdT76V,belief,357,pot lid,0_0_139,0_0,3,0.010187863362944794,0.9773783838738362,0.9126945040022725,0.9537391599400015,0.011974719019993725
00843-DYehNKdT76V,belief,357,pot lid,0_1_41,0_1,4,0.007548773555964366,0.9564920398416932,0.8987550674612226,0.9600550722549631,0.009146554768123536
00843-DYehNKdT76V,belief,357,pot lid,1_1_3,1_1,5,0.004972012904664144,0.9482779715530216,0.9575854652740334,0.9084999183286149,0.006026902240218662
00843-DYehNKdT76V,belief,358,pouches,0_0_138,0_0,1,0.03282622108571672,0.9629630498312137,0.9064093631906223,0.927548297970935,0.04054621801242322
00843-DYehNKdT76V,belief,358,pouches,1_2_49,1_2,2,0.0156150240613347,0.8816701426650538,0.9772579120061978,0.9817251061758882,0.01846024374707209
00843-DYehNKdT76V,belief,358,pouches,1_3_92,1_3,3,0.015109100205887578,0.9539646483921005,0.9109889261068271,0.9737320247632445,0.017854749810828532
00843-DYehNKdT76V,belief,358,pouches,1_2_80,1_2,4,0.014975557097251232,0.9223813414573669,0.9999999999999999,0.7388555937006641,0.02197419188172799
00843-DYehNKdT76V,belief,358,pouches,0_0_139,0_0,5,0.014740152328950831,0.9773783838738362,0.9126945040022725,0.9537391599400015,0.017325436763619147
00843-DYehNKdT76V,belief,359,press,0_0_9,0_0,1,0.012991813721561073,0.9793394401351101,0.8961672422804065,0.9761343014830198,0.015164842385768425
00843-DYehNKdT76V,belief,359,press,0_1_445,0_1,2,0.012632905523712419,0.9930919171076771,0.9291705261612009,0.9572407295700266,0.014302014260614782
00843-DYehNKdT76V,belief,359,press,0_1_43,0_1,3,0.006478846725955361,0.9578573671547751,0.9386031909532351,0.9900292851211923,0.007278917452593049
00843-DYehNKdT76V,belief,359,press,1_2_64,1_2,4,0.0059874423036774165,0.7319434993702267,0.9507857821350567,0.9745847231271911,0.008827983347958333
00843-DYehNKdT76V,belief,359,press,1_2_32,1_2,5,0.005689058395562996,0.8740630681386236,0.9406879058359745,0.9767290659430526,0.007083990155435084
00843-DYehNKdT76V,belief,360,pressure washer,1_3_50,1_3,1,0.0023127114721722335,0.980957429950183,0.9405407460941836,0.9633131036565776,0.0026021133513329754
00843-DYehNKdT76V,belief,360,pressure washer,1_3_52,1_3,2,0.0020128899940015524,0.9748788397992171,0.9318979332745038,0.9819365536129354,0.0022564079495114844
00843-DYehNKdT76V,belief,360,pressure washer,0_0_25,0_0,3,0.001677969879936171,0.976284574870167,0.9384715163509781,0.9897532177130224,0.0018503748421181748
00843-DYehNKdT76V,belief,360,pressure washer,0_1_462,0_1,4,0.0013329440548473966,0.9418686537947638,0.8993247118650758,0.9753604323971826,0.0016133920691694037
00843-DYehNKdT76V,belief,360,pressure washer,1_3_26,1_3,5,0.0011660273769845072,0.9036156361452257,0.9458904509131587,0.9783937814836982,0.001394345775037587
00843-DYehNKdT76V,belief,361,printer,1_1_24,1_1,1,0.2087143068789614,0.9860453036270609,0.9336702061368993,0.997064150709667,0.22737292512727708
00843-DYehNKdT76V,belief,361,printer,1_1_28,1_1,2,0.20805897040386817,0.9129862756956192,0.9039442777997924,0.9996884497161163,0.2521830318134283
00843-DYehNKdT76V,belief,361,printer,0_1_540,0_1,3,0.07482590843642102,0.9827531129271098,0.9459855066032241,0.9815486973495555,0.08199950606305963
00843-DYehNKdT76V,belief,361,printer,0_0_9,0_0,4,0.050686238774471364,0.9793394401351101,0.8961672422804065,0.9761343014830198,0.059164088911361254
00843-DYehNKdT76V,belief,361,printer,1_3_50,1_3,5,0.04321945804368272,0.980957429950183,0.9405407460941836,0.9633131036565776,0.04862773855106593
00843-DYehNKdT76V,belief,362,product,0_1_440,0_1,1,0.02571274511086586,0.9700531617744066,0.9187801812437852,0.9848361199155515,0.0292939085986386
00843-DYehNKdT76V,belief,362,product,0_1_439,0_1,2,0.01658953971458449,0.9870778436694082,0.948019001542812,0.990459161420997,0.017899022632610912
00843-DYehNKdT76V,belief,362,product,0_1_88,0_1,3,0.013698309632147382,0.8068283026811307,0.89866319097309,0.9914132177713244,0.019056107585385014
00843-DYehNKdT76V,belief,362,product,0_1_438,0_1,4,0.013181261601656032,0.9830626154244656,0.9492579773117595,0.9908523367719705,0.014255504945748615
00843-DYehNKdT76V,belief,362,product,0_1_427,0_1,5,0.013011521227029097,0.979121590211704,0.9286009717101544,0.9899974716140356,0.014455337243132369
00843-DYehNKdT76V,belief,363,products,0_1_292,0_1,1,0.0016262897904672263,0.9849543831680181,0.9395454496160889,0.923930123457731,0.001902063001947931
00843-DYehNKdT76V,belief,363,products,1_2_64,1_2,2,0.0011611896734914035,0.7319434993702267,0.9507857821350567,0.9745847231271911,0.001712077141036877
00843-DYehNKdT76V,belief,363,products,1_2_76,1_2,3,0.0011354672686791807,0.942806341534569,0.9408458021327656,0.9921317006662198,0.0012902217139282495
00843-DYehNKdT76V,belief,363,products,1_3_92,1_3,4,0.0011082078051430776,0.9539646483921005,0.9109889261068271,0.9737320247632445,0.0013095930816268422
00843-DYehNKdT76V,belief,363,products,1_2_34,1_2,5,0.0008189481772518975,0.933191122530269,0.9560009706227346,0.9838769867285772,0.0009330108331690758
00843-DYehNKdT76V,belief,364,prop,0_1_335,0_1,1,0.6301469625631945,0.9789150158564249,0.9543426146192142,0.9906983908091884,0.6808494364745675
00843-DYehNKdT76V,belief,364,prop,0_1_363,0_1,2,0.6283312410929248,0.9871687644388494,0.9393048948818548,0.9900587431547201,0.6844310438178686
00843-DYehNKdT76V,belief,364,prop,0_1_344,0_1,3,0.548498888607009,0.9698674645201831,0.9449703305715751,0.9913258112773307,0.6037105622364534
00843-DYehNKdT76V,belief,364,prop,0_1_400,0_1,4,0.537418324709668,0.9915531854112336,0.9431087124825808,0.993243736277643,0.5786005802915257
00843-DYehNKdT76V,belief,364,prop,0_1_101,0_1,5,0.5287690633273383,0.9911864845547772,0.9272741102104046,0.9921419800550088,0.5798674166758045
00843-DYehNKdT76V,belief,365,pump,1_3_50,1_3,1,0.17764504333567663,0.980957429950183,0.9405407460941836,0.9633131036565776,0.19987471183671462
00843-DYehNKdT76V,belief,365,pump,1_3_52,1_3,2,0.12133618428445307,0.9748788397992171,0.9318979332745038,0.9819365536129354,0.13601534688865824
00843-DYehNKdT76V,belief,365,pump,1_3_26,1_3,3,0.11885638937172606,0.9036156361452257,0.9458904509131587,0.9783937814836982,0.14212951396156676
00843-DYehNKdT76V,belief,365,pump,0_0_25,0_0,4,0.0987616479927547,0.976284574870167,0.9384715163509781,0.9897532177130224,0.10890902810417301
00843-DYehNKdT76V,belief,365,pump,0_1_462,0_1,5,0.0909660879860374,0.9418686537947638,0.8993247118650758,0.9753604323971826,0.1101051198557927
00843-DYehNKdT76V,belief,366,punchbag,0_0_69,0_0,1,0.015452394734994896,0.9899780835122496,0.93172948299191,0.9937335088752389,0.01685817046008941
00843-DYehNKdT76V,belief,366,punchbag,1_3_10,1_3,2,0.011159799664340551,0.830226831138134,1.0,0.988230031696447,0.013601962901215238
00843-DYehNKdT76V,belief,366,punchbag,0_0_139,0_0,3,0.009108197529210509,0.9773783838738362,0.9126945040022725,0.9537391599400015,0.010705689927840855
00843-DYehNKdT76V,belief,366,punchbag,1_3_110,1_3,4,0.0077768621521206865,0.9626770556784,0.9336481703550205,0.9940737945026418,0.008704060565113102
00843-DYehNKdT76V,belief,366,punchbag,1_3_50,1_3,5,0.0072067482819718615,0.980957429950183,0.9405407460941836,0.9633131036565776,0.00810856700018929
00843-DYehNKdT76V,belief,367,puppet,0_0_138,0_0,1,0.053131207882975276,0.9629630498312137,0.9064093631906223,0.927548297970935,0.06562648598695558
00843-DYehNKdT76V,belief,367,puppet,0_0_150,0_0,2,0.035781856482445376,0.965007754848284,0.8903604479595748,0.9904448074336956,0.04204708833912506
00843-DYehNKdT76V,belief,367,puppet,1_5_2,1_5,3,0.030760949063399493,0.9772781643307129,0.9378769255774422,0.7474623370007657,0.04490000297368844
00843-DYehNKdT76V,belief,367,puppet,1_3_81,1_3,4,0.024488507238989286,0.9834038334840547,0.9578503178370077,0.9809958302355481,0.026501204071546273
00843-DYehNKdT76V,belief,367,puppet,1_3_76,1_3,5,0.011476078427195342,0.9844064164707843,0.9494789027194289,0.9858562686499828,0.01245432372721628
00843-DYehNKdT76V,belief,368,rag,1_2_35,1_2,1,0.0399343135537151,0.9605170886231283,0.9185541082990387,0.9911884749713264,0.045664650721959
00843-DYehNKdT76V,belief,368,rag,0_1_420,0_1,2,0.023909345157152602,0.9825936513287681,0.9419819677385479,0.9792284799116551,0.02637953297875469
00843-DYehNKdT76V,belief,368,rag,1_2_33,1_2,3,0.02185422643045813,0.976415196027367,0.951046343889537,0.9950827511022778,0.023650483853126403
00843-DYehNKdT76V,belief,368,rag,1_2_61,1_2,4,0.021413291209826494,0.975279491146601,0.9285463251383674,0.9950620313128739,0.023762963496649178
00843-DYehNKdT76V,belief,368,rag,0_0_139,0_0,5,0.02110854910646116,0.9773783838738362,0.9126945040022725,0.9537391599400015,0.024810790591183327
00843-DYehNKdT76V,belief,369,rail,0_0_162,0_0,1,0.7246293130457405,0.9713920957016597,0.9408961021118001,0.9926710481005263,0.7986827564625447
00843-DYehNKdT76V,belief,369,rail,0_0_156,0_0,2,0.5185141121893783,0.9569240344607313,0.9175586987178823,0.9923734233400666,0.5950783313172436
00843-DYehNKdT76V,belief,369,rail,1_0_60,1_0,3,0.43896836471912887,0.9772412829792712,0.9570026725374263,0.9890292445386574,0.4745796740458719
00843-DYehNKdT76V,belief,369,rail,1_0_48,1_0,4,0.3798836296707385,0.9812915258937414,0.946765474941883,0.9922180436923738,0.41210036343509343
00843-DYehNKdT76V,belief,369,rail,0_1_278,0_1,5,0.2963248325256508,0.9750236187347028,0.8859745788298536,0.9758054376619023,0.3515348748996005
00843-DYehNKdT76V,belief,370,rake,0_0_169,0_0,1,0.0182507505387346,0.9726494334985593,0.9150804559837692,0.8619427470636499,0.023789575429053886
00843-DYehNKdT76V,belief,370,rake,1_3_103,1_3,2,0.0166824251850538,0.9612927858435583,0.9894639375374708,0.991618217624883,0.017687197918630854
00843-DYehNKdT76V,belief,370,rake,1_2_6,1_2,3,0.01401869310764615,0.9717031697083041,0.9029959305060997,0.9700015447237029,0.016470837786026028
00843-DYehNKdT76V,belief,370,rake,1_2_30,1_2,4,0.0077672378618868654,0.9624300740038356,0.9421918755261836,0.8845438782023599,0.009683641066701552
00843-DYehNKdT76V,belief,370,rake,1_2_62,1_2,5,0.007106868798859687,0.9041560348123312,0.9713335453551726,0.9916071173804174,0.008160690171457633
00843-DYehNKdT76V,belief,371,receipt printer,1_1_28,1_1,1,0.016315294887291356,0.9129862756956192,0.9039442777997924,0.9996884497161163,0.019775357542242102
00843-DYehNKdT76V,belief,371,receipt printer,1_0_21,1_0,2,0.010732170777076453,0.8119159453882966,0.9120526619158227,0.9991672787808114,0.014505021798541627
00843-DYehNKdT76V,belief,371,receipt printer,0_1_540,0_1,3,0.007823347164280063,0.9827531129271098,0.9459855066032241,0.9815486973495555,0.008573375407475204
00843-DYehNKdT76V,belief,371,receipt printer,1_0_45,1_0,4,0.006553602762485162,0.9369813383206772,0.9705055843518378,0.9977215173508981,0.007223402169226377
00843-DYehNKdT76V,belief,371,receipt printer,1_2_76,1_2,5,0.005269333738028077,0.942806341534569,0.9408458021327656,0.9921317006662198,0.005987498710241942
00843-DYehNKdT76V,belief,372,records,1_0_29,1_0,1,0.0004971280169440037,0.953532313458504,0.9359291153099546,0.7947149285463072,0.0007009362093927623
00843-DYehNKdT76V,belief,372,records,1_0_55,1_0,2,0.00043103988324030607,0.9671517548377282,0.9733602082365177,0.8921241249202492,0.0005132440939582744
00843-DYehNKdT76V,belief,372,records,1_3_17,1_3,3,0.0003355066496794461,0.8690947190574977,0.9810366913392876,0.9658898118088941,0.00040740015089568395
00843-DYehNKdT76V,belief,372,records,1_3_92,1_3,4,0.0003214496237949584,0.9539646483921005,0.9109889261068271,0.9737320247632445,0.00037986395823938333
00843-DYehNKdT76V,belief,372,records,1_5_6,1_5,5,0.00015839279805009648,0.9588170032024875,0.9146328304411353,0.9575547673228872,0.0001886206750494404
00843-DYehNKdT76V,belief,373,recuperator,1_2_80,1_2,1,0.02542399180881959,0.9223813414573669,0.9999999999999999,0.7388555937006641,0.03730556871964561
00843-DYehNKdT76V,belief,373,recuperator,0_1_74,0_1,2,0.009199333799229744,0.9847229278101648,0.9416392344380325,0.9878273829481142,0.010043306607586549
00843-DYehNKdT76V,belief,373,recuperator,0_0_25,0_0,3,0.006202440549177929,0.976284574870167,0.9384715163509781,0.9897532177130224,0.0068397174997974625
00843-DYehNKdT76V,belief,373,recuperator,0_1_109,0_1,4,0.006180443183814688,0.9295754133227316,0.8987265488833587,0.971491670014562,0.007614972471214727
00843-DYehNKdT76V,belief,373,recuperator,0_1_445,0_1,5,0.006097135807705647,0.9930919171076771,0.9291705261612009,0.9572407295700266,0.006902713164998437
00843-DYehNKdT76V,belief,374,refrigerator,0_0_142,0_0,1,0.1467295872074133,0.9700545578210277,0.9258395550042824,0.9976914336914685,0.1637531113693709
00843-DYehNKdT76V,belief,374,refrigerator,0_0_144,0_0,2,0.11074479197674288,0.9737235929650766,0.8996712706440089,0.9974611825807562,0.1267382665705625
00843-DYehNKdT76V,belief,374,refrigerator,0_0_86,0_0,3,0.10868179797295453,0.9155708958482027,0.9355162482765199,0.9983119421727547,0.12710049282025257
00843-DYehNKdT76V,belief,374,refrigerator,0_0_135,0_0,4,0.10086291329332062,0.9495595099866796,0.9119729705539621,0.996555473117176,0.11687614404655176
00843-DYehNKdT76V,belief,374,refrigerator,0_0_102,0_0,5,0.09566708658438657,0.9615525275664146,0.9240204314611016,0.9962270382349404,0.1080810700360029
00843-DYehNKdT76V,belief,375,remote control,1_0_45,1_0,1,0.009595032802403,0.9369813383206772,0.9705055843518378,0.9977215173508981,0.010575676199879072
00843-DYehNKdT76V,belief,375,remote control,1_5_48,1_5,2,0.0005605116043971288,0.9486530518431341,0.9421632237687294,0.9979949629213076,0.0006283805047205303
00843-DYehNKdT76V,belief,375,remote control,0_0_150,0_0,3,0.0004814139564956225,0.965007754848284,0.8903604479595748,0.9904448074336956,0.0005657072367497176
00843-DYehNKdT76V,belief,375,remote control,1_0_60,1_0,4,0.0004666263345657948,0.9772412829792712,0.9570026725374263,0.9890292445386574,0.0005044813967429046
00843-DYehNKdT76V,belief,375,remote control,0_0_90,0_0,5,0.000429472045980818,0.9694747059943054,0.9206662506547048,0.9964178344432455,0.00048289721763373046
00843-DYehNKdT76V,belief,376,rice cooker,0_0_139,0_0,1,0.016773112146923445,0.9773783838738362,0.9126945040022725,0.9537391599400015,0.01971495866157705
00843-DYehNKdT76V,belief,376,rice cooker,0_1_540,0_1,2,0.005287078033599055,0.9827531129271098,0.9459855066032241,0.9815486973495555,0.005793952874495987
00843-DYehNKdT76V,belief,376,rice cooker,0_1_41,0_1,3,0.004216542162419771,0.9564920398416932,0.8987550674612226,0.9600550722549631,0.005109019834116288
00843-DYehNKdT76V,belief,376,rice cooker,0_0_25,0_0,4,0.002883182886515735,0.976284574870167,0.9384715163509781,0.9897532177130224,0.0031794188574095954
00843-DYehNKdT76V,belief,376,rice cooker,1_3_50,1_3,5,0.0027209348216006507,0.980957429950183,0.9405407460941836,0.9633131036565776,0.0030614198582859724
00843-DYehNKdT76V,belief,377,riser,0_1_347,0_1,1,0.372992120342073,0.9723025125052117,0.9667225597052589,0.9912026878725284,0.400344553594303
00843-DYehNKdT76V,belief,377,riser,0_1_498,0_1,2,0.37268551020203694,0.9719268624465186,0.91451608503729,0.9900658959596405,0.4235000569125517
00843-DYehNKdT76V,belief,377,riser,0_1_369,0_1,3,0.27717489978715726,0.9622113445963726,0.928014609985172,0.9910141386471146,0.31321947851786935
00843-DYehNKdT76V,belief,377,riser,0_1_513,0_1,4,0.251908885815647,0.9465718027204275,0.9029807838960024,0.9932296306020593,0.29673019934487194
00843-DYehNKdT76V,belief,377,riser,0_1_467,0_1,5,0.24267949815869294,0.9770641933007673,0.9239519136338816,0.9897750748487422,0.27159646190959097
00843-DYehNKdT76V,belief,378,rocking horse,0_1_320,0_1,1,0.0022783575117149538,0.875539102836659,0.919038387096194,0.880281086393772,0.0032165573824223283
00843-DYehNKdT76V,belief,378,rocking horse,1_2_78,1_2,2,0.0016292305405049212,0.9142822769843229,0.9065892905610848,0.9675695872612967,0.0020314654836131483
00843-DYehNKdT76V,belief,378,rocking horse,0_1_445,0_1,3,0.0004938112602295847,0.9930919171076771,0.9291705261612009,0.9572407295700266,0.0005590555294345483
00843-DYehNKdT76V,belief,378,rocking horse,1_2_79,1_2,4,0.0002939595038651448,0.9541493281309372,0.9145991202722765,0.9716635982878299,0.00034667653298370624
00843-DYehNKdT76V,belief,378,rocking horse,0_1_113,0_1,5,0.0002884308517066047,0.9578367170896616,0.9383389882484423,0.9418183733783366,0.00034074015063464047
00843-DYehNKdT76V,belief,379,rod,1_5_27,1_5,1,0.4955262692095061,0.9749126099050045,0.9334731719251633,0.9850848974416033,0.5527458532461951
00843-DYehNKdT76V,belief,379,rod,1_4_39,1_4,2,0.46593341461794463,0.9456210992893489,0.9202724341958586,0.9748331021011885,0.5492372979935092
00843-DYehNKdT76V,belief,379,rod,0_0_214,0_0,3,0.41108338911127884,0.9735652870602078,0.9315442905256663,0.9849581035088024,0.46019678664073355
00843-DYehNKdT76V,belief,379,rod,0_1_247,0_1,4,0.37455654394272503,0.955657577595357,0.9368354535255127,0.9756232517421843,0.42881465715022266
00843-DYehNKdT76V,belief,379,rod,0_0_140,0_0,5,0.3675945280976717,0.9430305257753909,0.9170705513182288,0.9928112674640213,0.428128206837539
00843-DYehNKdT76V,belief,380,roll,0_1_162,0_1,1,0.2667606023613386,0.9598017957726097,0.8882433274728493,0.9850836856706903,0.3176399002043304
00843-DYehNKdT76V,belief,380,roll,0_1_22,0_1,2,0.19493718485220862,0.8418675887102173,0.9163745015099163,0.7140467709146733,0.35387610981325957
00843-DYehNKdT76V,belief,380,roll,0_1_171,0_1,3,0.17126806447249016,0.9623341344003914,0.934616339547051,0.4720951705885266,0.40335511805579793
00843-DYehNKdT76V,belief,380,roll,0_1_420,0_1,4,0.07398520467096598,0.9825936513287681,0.9419819677385479,0.9792284799116551,0.08162896698882624
00843-DYehNKdT76V,belief,380,roll,0_1_103,0_1,5,0.057671586294117,0.9779813712261715,0.9412826395790822,0.9723560330100327,0.06442967679180892
00843-DYehNKdT76V,belief,381,rope,0_0_139,0_0,1,0.006825422702001028,0.9773783838738362,0.9126945040022725,0.9537391599400015,0.008022537811650033
00843-DYehNKdT76V,belief,381,rope,0_0_150,0_0,2,0.005570073570761484,0.965007754848284,0.8903604479595748,0.9904448074336956,0.006545366800633593
00843-DYehNKdT76V,belief,381,rope,1_4_39,1_4,3,0.0024428319003419966,0.9456210992893489,0.9202724341958586,0.9748331021011885,0.0028795839712340617
00843-DYehNKdT76V,belief,381,rope,0_0_169,0_0,4,0.0015455106958591931,0.9726494334985593,0.9150804559837692,0.8619427470636499,0.002014549659068489
00843-DYehNKdT76V,belief,381,rope,0_1_261,0_1,5,0.0013268887668591112,0.9826375854512056,0.944731294710281,0.9801410105230262,0.001458291293345016
00843-DYehNKdT76V,belief,382,router,0_1_50,0_1,1,0.012448605875811368,0.8995654442986935,0.9391863317821885,0.9979349621854272,0.0147650170023653
00843-DYehNKdT76V,belief,382,router,0_1_94,0_1,2,0.007504416809987343,0.9754185072358882,0.9304325087145628,0.998468580443847,0.008281455585350693
00843-DYehNKdT76V,belief,382,router,1_2_76,1_2,3,0.006356485924061895,0.942806341534569,0.9408458021327656,0.9921317006662198,0.0072228204103531495
00843-DYehNKdT76V,belief,382,router,0_1_428,0_1,4,0.005867788185803781,0.9504784226384762,0.9173926681949583,0.9634444529325344,0.006984739616125697
00843-DYehNKdT76V,belief,382,router,1_4_65,1_4,5,0.005479191118737598,0.9732257412897187,0.9215554527339727,0.9955894498217421,0.006136222560646924
00843-DYehNKdT76V,belief,383,rug,1_1_20,1_1,1,0.04886419030267304,0.994704955810374,0.9282523793918817,0.9873660907610525,0.05359843953497527
00843-DYehNKdT76V,belief,383,rug,1_1_10,1_1,2,0.02100812206205188,0.9889803634222601,0.9445968165715712,0.9902707289259632,0.022709059270595758
00843-DYehNKdT76V,belief,383,rug,0_1_462,0_1,3,0.02086388766553072,0.9418686537947638,0.8993247118650758,0.9753604323971826,0.0252535961799705
00843-DYehNKdT76V,belief,383,rug,0_1_420,0_1,4,0.018945029677401536,0.9825936513287681,0.9419819677385479,0.9792284799116551,0.020902330526982
00843-DYehNKdT76V,belief,383,rug,1_1_29,1_1,5,0.01651872559920539,0.9972825924906101,0.9297834493233864,0.9970410526272301,0.017867485926032316
00843-DYehNKdT76V,belief,384,safe,0_1_482,0_1,1,0.6989983412950151,0.9823556439008921,0.9193259706752698,0.9983757752452666,0.7752536808200194
00843-DYehNKdT76V,belief,384,safe,0_1_436,0_1,2,0.5248126958498401,0.9543120782564608,0.9124860729183955,0.9978399164389256,0.6039858920935525
00843-DYehNKdT76V,belief,384,safe,0_1_472,0_1,3,0.5168663785423266,0.9788572068321677,0.9203619037563346,0.9964285547419685,0.5757767735412558
00843-DYehNKdT76V,belief,384,safe,0_1_441,0_1,4,0.5137725067275759,0.9566998724278207,0.9235022643409547,0.994821919480427,0.5845367679423749
00843-DYehNKdT76V,belief,384,safe,0_1_474,0_1,5,0.4843287666018372,0.9677328230200165,0.927390492510168,0.997601619390345,0.5409598194563207
00843-DYehNKdT76V,belief,385,saturator,0_1_320,0_1,1,0.0007983235003283912,0.875539102836659,0.919038387096194,0.880281086393772,0.0011270633934046897
00843-DYehNKdT76V,belief,385,saturator,1_1_0,1_1,2,0.0006412486862876614,0.9772415238662819,0.9484882210408009,0.9782987840388347,0.0007071655905613692
00843-DYehNKdT76V,belief,385,saturator,1_1_3,1_1,3,0.0006222037968059557,0.9482779715530216,0.9575854652740334,0.9084999183286149,0.0007542139428730382
00843-DYehNKdT76V,belief,385,saturator,0_0_9,0_0,4,0.0005517127723285606,0.9793394401351101,0.8961672422804065,0.9761343014830198,0.0006439930108213282
00843-DYehNKdT76V,belief,385,saturator,0_1_278,0_1,5,0.00036700610320018713,0.9750236187347028,0.8859745788298536,0.9758054376619023,0.00043538519359392425
00843-DYehNKdT76V,belief,386,sauna,0_0_231,0_0,1,0.0014058049716903988,0.971191279139498,0.9381100518592359,0.9964876655644955,0.0015484407214737498
00843-DYehNKdT76V,belief,386,sauna,1_4_6,1_4,2,0.0013097426289604376,0.9666411922582983,0.9184609574384055,0.9989425840150374,0.001476792363644963
00843-DYehNKdT76V,belief,386,sauna,1_4_12,1_4,3,0.0011372756044893836,0.9522456883316854,0.9150609068452498,0.9862340788858767,0.0013233865035244441
00843-DYehNKdT76V,belief,386,sauna,0_0_150,0_0,4,0.0010016519601453125,0.965007754848284,0.8903604479595748,0.9904448074336956,0.001177036425540138
00843-DYehNKdT76V,belief,386,sauna,1_4_13,1_4,5,0.0008679548344306745,0.9290849016938865,0.9089086498394339,0.998957479001478,0.0010289031213498087
00843-DYehNKdT76V,belief,387,saw,0_0_5,0_0,1,0.5689668845745066,0.9851979070142453,0.9319932288413748,0.9878633393884827,0.6272690848625002
00843-DYehNKdT76V,belief,387,saw,1_4_3,1_4,2,0.499918978003407,0.9789836633324431,0.9403167962578587,0.9332465522256648,0.5819070131542455
00843-DYehNKdT76V,belief,387,saw,1_3_88,1_3,3,0.45713023193111496,0.99829835006895,0.955907843376087,0.9769068369357317,0.4903547837346097
00843-DYehNKdT76V,belief,387,saw,1_3_54,1_3,4,0.38627141210433025,0.941113903792432,0.9244435352694754,0.9559429780825363,0.4644489661402667
00843-DYehNKdT76V,belief,387,saw,0_1_462,0_1,5,0.36896811992221235,0.9418686537947638,0.8993247118650758,0.9753604323971826,0.4465980671086719
00843-DYehNKdT76V,belief,388,saxophone,1_4_52,1_4,1,0.006561605323796521,0.9532633240056497,0.9239660081377165,0.9872553789832017,0.007545911670711778
00843-DYehNKdT76V,belief,388,saxophone,0_1_462,0_1,2,0.0035078742773514823,0.9418686537947638,0.8993247118650758,0.9753604323971826,0.004245922038618625
00843-DYehNKdT76V,belief,388,saxophone,1_3_85,1_3,3,0.001957684924039555,0.989795633269982,0.9321050890090511,0.9641188856602314,0.002200907516768936
00843-DYehNKdT76V,belief,388,saxophone,0_1_320,0_1,4,0.0017251238235132867,0.875539102836659,0.919038387096194,0.880281086393772,0.002435508800345171
00843-DYehNKdT76V,belief,388,saxophone,0_1_124,0_1,5,0.0014701128653179134,0.9608011469981835,0.907066288935392,0.8885370060988494,0.001898465103016896
00843-DYehNKdT76V,belief,389,scale,0_1_528,0_1,1,0.027565506528420287,0.9154795439949134,0.9602838217918643,0.995220902860801,0.03150636002183088
00843-DYehNKdT76V,belief,389,scale,0_1_108,0_1,2,0.019538601454837264,0.9527909275115471,0.9336435137230255,0.9942633545745142,0.02209089664747539
00843-DYehNKdT76V,belief,389,scale,0_1_347,0_1,3,0.016913856333013934,0.9723025125052117,0.9667225597052589,0.9912026878725284,0.018154191185027122
00843-DYehNKdT76V,belief,389,scale,1_3_17,1_3,4,0.01676079737004644,0.8690947190574977,0.9810366913392876,0.9658898118088941,0.020352357797417515
00843-DYehNKdT76V,belief,389,scale,0_1_503,0_1,5,0.016643379828735087,0.9329603348006386,0.9240752575475673,0.9942244165132869,0.019417198848106575
00843-DYehNKdT76V,belief,390,scanner,1_3_110,1_3,1,0.44484169521456873,0.9626770556784,0.9336481703550205,0.9940737945026418,0.49787806203808643
00843-DYehNKdT76V,belief,390,scanner,0_0_150,0_0,2,0.4389190532401834,0.965007754848284,0.8903604479595748,0.9904448074336956,0.5157716792690537
00843-DYehNKdT76V,belief,390,scanner,1_3_22,1_3,3,0.37908365317754905,0.9318441044953133,0.9723028490499783,0.9910145657287024,0.42219219399262004
00843-DYehNKdT76V,belief,390,scanner,1_3_16,1_3,4,0.3748029395204193,0.7935957518791912,0.965167295165643,0.9933024580534131,0.4926285147225444
00843-DYehNKdT76V,belief,390,scanner,1_3_33,1_3,5,0.36386188186093216,0.8445491488228882,0.9699769634310842,0.9918222223796742,0.4478332940955478
00843-DYehNKdT76V,belief,391,screen,1_5_43,1_5,1,0.7782946738569465,0.9832658456130461,0.9200007991139758,0.9976957673145932,0.8623563589963688
00843-DYehNKdT76V,belief,391,screen,1_5_36,1_5,2,0.7453243004835328,0.9744598477200573,0.9309061585545243,0.9979851749296621,0.8232871538232598
00843-DYehNKdT76V,belief,391,screen,1_5_51,1_5,3,0.7410428422506602,0.908065600294635,0.9532549342331831,0.9956213604471748,0.8598502569866213
00843-DYehNKdT76V,belief,391,screen,1_1_2,1_1,4,0.7276359060167281,0.9426312263434132,0.9377716524380177,0.9974189379604929,0.8252729089686401
00843-DYehNKdT76V,belief,391,screen,1_0_63,1_0,5,0.6736815322324118,0.8444632068276404,0.950246710426947,0.997697741736206,0.8414698232069359
00843-DYehNKdT76V,belief,392,screen frame,1_5_43,1_5,1,0.5982587284202694,0.9832658456130461,0.9200007991139758,0.9976957673145932,0.6628751758272055
00843-DYehNKdT76V,belief,392,screen frame,1_1_2,1_1,2,0.5783518681226022,0.9426312263434132,0.9377716524380177,0.9974189379604929,0.6559573609084848
00843-DYehNKdT76V,belief,392,screen frame,1_5_51,1_5,3,0.5722331062657378,0.908065600294635,0.9532549342331831,0.9956213604471748,0.6639761636243088
00843-DYehNKdT76V,belief,392,screen frame,1_5_36,1_5,4,0.5614680075466061,0.9744598477200573,0.9309061585545243,0.9979851749296621,0.6201990161812453
00843-DYehNKdT76V,belief,392,screen frame,1_0_63,1_0,5,0.5358568712532928,0.8444632068276404,0.950246710426947,0.997697741736206,0.6693183130960054
00843-DYehNKdT76V,belief,393,screwdriver,1_3_52,1_3,1,0.004419504729796465,0.9748788397992171,0.9318979332745038,0.9819365536129354,0.004954173171377321
00843-DYehNKdT76V,belief,393,screwdriver,1_2_80,1_2,2,0.003396880062762082,0.9223813414573669,0.9999999999999999,0.7388555937006641,0.004984368448773841
00843-DYehNKdT76V,belief,393,screwdriver,1_3_50,1_3,3,0.001175361560747161,0.980957429950183,0.9405407460941836,0.9633131036565776,0.0013224408001881452
00843-DYehNKdT76V,belief,393,screwdriver,1_3_26,1_3,4,0.0011582724891637775,0.9036156361452257,0.9458904509131587,0.9783937814836982,0.001385072412094181
00843-DYehNKdT76V,belief,393,screwdriver,0_0_181,0_0,5,0.0010688867782185992,0.973827267955859,0.922961787752855,0.9927332460714849,0.0011979356425529972
00843-DYehNKdT76V,belief,394,sculpture,0_0_56,0_0,1,0.07856190878867507,0.9208643711446711,0.9314319749373114,0.9511159199857006,0.09630121420738075
00843-DYehNKdT76V,belief,394,sculpture,0_1_54,0_1,2,0.07452471074140278,0.8787351826826731,0.9538382149067297,0.9446861547979564,0.09411958757524852
00843-DYehNKdT76V,belief,394,sculpture,0_1_71,0_1,3,0.04801845789003774,0.9533097465097092,0.9087490251508015,0.9466321621748158,0.05855297443469369
00843-DYehNKdT76V,belief,394,sculpture,0_1_320,0_1,4,0.0419511632407668,0.875539102836659,0.919038387096194,0.880281086393772,0.059226141257226375
00843-DYehNKdT76V,belief,394,sculpture,1_3_90,1_3,5,0.033023131563233325,0.9919541122582689,0.9028651395659981,0.9685122018860778,0.03807138630009818
00843-DYehNKdT76V,belief,395,security camera,1_3_81,1_3,1,0.17535890578498434,0.9834038334840547,0.9578503178370077,0.9809958302355481,0.18977155702540613
00843-DYehNKdT76V,belief,395,security camera,0_1_282,0_1,2,0.037767836357269755,0.9214817996535982,0.9073939634938382,0.9908472674642633,0.04558613182824598
00843-DYehNKdT76V,belief,395,security camera,1_3_76,1_3,3,0.025301115946679862,0.9844064164707843,0.9494789027194289,0.9858562686499828,0.0274578368088754
00843-DYehNKdT76V,belief,395,security camera,1_5_44,1_5,4,0.02164318563645284,0.9380447961396179,0.9851352846917336,0.9891027970638175,0.023678833373193243
00843-DYehNKdT76V,belief,395,security camera,0_0_150,0_0,5,0.021250637658511373,0.965007754848284,0.8903604479595748,0.9904448074336956,0.02497152262987056
00843-DYehNKdT76V,belief,396,self-closing mechanism,0_1_202,0_1,1,0.04973553124406462,0.9466150466261859,0.9544981802637863,0.976732539181334,0.05635631615776669
00843-DYehNKdT76V,belief,396,self-closing mechanism,0_0_156,0_0,2,0.04616881214296383,0.9569240344607313,0.9175586987178823,0.9923734233400666,0.052986136814922
00843-DYehNKdT76V,belief,396,self-closing mechanism,0_0_214,0_0,3,0.0244374375896405,0.9735652870602078,0.9315442905256663,0.9849581035088024,0.02735705346012356
00843-DYehNKdT76V,belief,396,self-closing mechanism,0_0_162,0_0,4,0.017634899488570367,0.9713920957016597,0.9408961021118001,0.9926710481005263,0.019437096843724067
00843-DYehNKdT76V,belief,396,self-closing mechanism,0_0_102,0_0,5,0.01050878802571318,0.9615525275664146,0.9240204314611016,0.9962270382349404,0.011872432778631143
00843-DYehNKdT76V,belief,397,sensor,1_0_45,1_0,1,0.23185634622985188,0.9369813383206772,0.9705055843518378,0.9977215173508981,0.2555528149940116
00843-DYehNKdT76V,belief,397,sensor,1_3_81,1_3,2,0.15468251888532739,0.9834038334840547,0.9578503178370077,0.9809958302355481,0.16739578935028873
00843-DYehNKdT76V,belief,397,sensor,1_3_76,1_3,3,0.11953313395411985,0.9844064164707843,0.9494789027194289,0.9858562686499828,0.1297223921775815
00843-DYehNKdT76V,belief,397,sensor,0_0_150,0_0,4,0.11678365910595914,0.965007754848284,0.8903604479595748,0.9904448074336956,0.1372319190146991
00843-DYehNKdT76V,belief,397,sensor,1_5_44,1_5,5,0.09943795495649346,0.9380447961396179,0.9851352846917336,0.9891027970638175,0.10879058221541
00843-DYehNKdT76V,belief,398,separator,0_1_440,0_1,1,0.372567418297751,0.9700531617744066,0.9187801812437852,0.9848361199155515,0.42445704849432747
00843-DYehNKdT76V,belief,398,separator,0_1_439,0_1,2,0.28016840548741834,0.9870778436694082,0.948019001542812,0.990459161420997,0.30228328917125796
00843-DYehNKdT76V,belief,398,separator,0_1_438,0_1,3,0.27575556953241404,0.9830626154244656,0.9492579773117595,0.9908523367719705,0.29822903179413246
00843-DYehNKdT76V,belief,398,separator,0_1_88,0_1,4,0.2573249324789956,0.8068283026811307,0.89866319097309,0.9914132177713244,0.35797202205254663
00843-DYehNKdT76V,belief,398,separator,0_0_25,0_0,5,0.25307931242690296,0.976284574870167,0.9384715163509781,0.9897532177130224,0.2790822400179915
00843-DYehNKdT76V,belief,399,set of valves,1_2_34,1_2,1,0.00017441646235222472,0.933191122530269,0.9560009706227346,0.9838769867285772,0.00019870909219643772
00843-DYehNKdT76V,belief,399,set of valves,1_3_81,1_3,2,0.00011130766784034163,0.9834038334840547,0.9578503178370077,0.9809958302355481,0.00012045598334668145
00843-DYehNKdT76V,belief,399,set of valves,1_2_64,1_2,3,0.00010106585672113205,0.7319434993702267,0.9507857821350567,0.9745847231271911,0.0001490131603662073
00843-DYehNKdT76V,belief,399,set of valves,1_2_32,1_2,4,9.574991919892473e-05,0.8740630681386236,0.9406879058359745,0.9767290659430526,0.00011922737258557584
00843-DYehNKdT76V,belief,399,set of valves,1_1_3,1_1,5,9.545921271080705e-05,0.9482779715530216,0.9575854652740334,0.9084999183286149,0.00011571235915268313
00843-DYehNKdT76V,belief,400,sewing machine,0_1_445,0_1,1,0.00481980049713453,0.9930919171076771,0.9291705261612009,0.9572407295700266,0.005456611332519411
00843-DYehNKdT76V,belief,400,sewing machine,0_1_540,0_1,2,0.004761937263266994,0.9827531129271098,0.9459855066032241,0.9815486973495555,0.0052184665933318565
00843-DYehNKdT76V,belief,400,sewing machine,0_1_462,0_1,3,0.004746566841742522,0.9418686537947638,0.8993247118650758,0.9753604323971826,0.005745232345198907
00843-DYehNKdT76V,belief,400,sewing machine,1_3_50,1_3,4,0.0017344252847449554,0.980957429950183,0.9405407460941836,0.9633131036565776,0.0019514631395352196
00843-DYehNKdT76V,belief,400,sewing machine,0_1_128,0_1,5,0.0015759047088073708,0.9519296470004605,0.9141135570616024,0.9535277492001387,0.0018992914547495724
00843-DYehNKdT76V,belief,401,sewing tools,1_2_32,1_2,1,0.00012493391092696887,0.8740630681386236,0.9406879058359745,0.9767290659430526,0.00015556714899901596
00843-DYehNKdT76V,belief,401,sewing tools,0_1_445,0_1,2,9.075542461626359e-05,0.9930919171076771,0.9291705261612009,0.9572407295700266,0.00010274638519646856
00843-DYehNKdT76V,belief,401,sewing tools,1_3_92,1_3,3,7.584403216359744e-05,0.9539646483921005,0.9109889261068271,0.9737320247632445,8.962652973853343e-05
00843-DYehNKdT76V,belief,401,sewing tools,0_1_462,0_1,4,6.731056090149293e-05,0.9418686537947638,0.8993247118650758,0.9753604323971826,8.147253047484113e-05
00843-DYehNKdT76V,belief,401,sewing tools,1_3_90,1_3,5,6.0402887370953595e-05,0.9919541122582689,0.9028651395659981,0.9685122018860778,6.963669252074222e-05
00843-DYehNKdT76V,belief,402,shampoo,1_3_50,1_3,1,0.02257809478456032,0.980957429950183,0.9405407460941836,0.9633131036565776,0.025403411793250497
00843-DYehNKdT76V,belief,402,shampoo,1_3_26,1_3,2,0.020269042985517866,0.9036156361452257,0.9458904509131587,0.9783937814836982,0.024237899562874143
00843-DYehNKdT76V,belief,402,shampoo,1_3_41,1_3,3,0.01716803461703086,0.9966604680587084,0.9056167389469361,0.9906336886465524,0.01920064480081717
00843-DYehNKdT76V,belief,402,shampoo,1_3_52,1_3,4,0.013479377690956963,0.9748788397992171,0.9318979332745038,0.9819365536129354,0.015110102920169611
00843-DYehNKdT76V,belief,402,shampoo,1_3_53,1_3,5,0.013315739680001428,0.9775218795349699,0.8767534721332256,0.9700885239289002,0.01601584835091827
00843-DYehNKdT76V,belief,403,sheet music,1_0_29,1_0,1,0.0012367871279073228,0.953532313458504,0.9359291153099546,0.7947149285463072,0.0017438342875750023
00843-DYehNKdT76V,belief,403,sheet music,1_0_55,1_0,2,0.001213809541972166,0.9671517548377282,0.9733602082365177,0.8921241249202492,0.0014452968340753255
00843-DYehNKdT76V,belief,403,sheet music,1_2_77,1_2,3,0.0007754020314556647,0.9046247520577104,0.9425694513864845,0.9827509224583227,0.0009253406638218024
00843-DYehNKdT76V,belief,403,sheet music,1_1_44,1_1,4,0.00045737089036443395,0.8411572927150172,0.8822237731068292,0.9704062293464167,0.0006351246571616228
00843-DYehNKdT76V,belief,403,sheet music,1_2_70,1_2,5,0.00043239631164126063,0.9921973288658203,0.9567058481596832,0.9883380198610181,0.00046089287690808626
00843-DYehNKdT76V,belief,404,sheets / clothes,1_0_54,1_0,1,0.12333399089369021,0.8523885310397428,0.9543111517504067,0.9929314606607573,0.15269890296226424
00843-DYehNKdT76V,belief,404,sheets / clothes,1_0_62,1_0,2,0.05916747031071244,0.9671428855764113,0.9242771718254321,0.9651013269669897,0.0685831172032654
00843-DYehNKdT76V,belief,404,sheets / clothes,1_0_61,1_0,3,0.03471987619545486,0.8421448638419742,0.997653871304122,0.9993598052063112,0.041351340576774614
00843-DYehNKdT76V,belief,404,sheets / clothes,1_0_13,1_0,4,0.018645751442290418,0.9580844380167934,0.9139507746019797,0.9995370765626249,0.021303668270205904
00843-DYehNKdT76V,belief,404,sheets / clothes,1_0_67,1_0,5,0.0185367590052657,0.9578035984715424,0.9343648120560688,0.9991452751753127,0.02073061688826344
00843-DYehNKdT76V,belief,405,shelf,0_1_94,0_1,1,0.6923368074892667,0.9754185072358882,0.9304325087145628,0.998468580443847,0.7640242628441538
00843-DYehNKdT76V,belief,405,shelf,1_2_69,1_2,2,0.6805054027835493,0.9393734037876129,0.9013051252873849,0.9895321019046903,0.8122534954829181
00843-DYehNKdT76V,belief,405,shelf,1_2_65,1_2,3,0.6055931570891081,0.8454376570880413,0.91282391183783,0.9960951553526647,0.7877919436457199
00843-DYehNKdT76V,belief,405,shelf,1_2_42,1_2,4,0.548564506133367,0.9515214294299017,0.9407577066958683,0.9969702989169378,0.6146800604732986
00843-DYehNKdT76V,belief,405,shelf,1_2_56,1_2,5,0.4741149044720725,0.8787937864858085,0.9378225345550988,0.997157382208876,0.5769155670779029
00843-DYehNKdT76V,belief,406,ship toy,1_2_80,1_2,1,0.032071899603346735,0.9223813414573669,0.9999999999999999,0.7388555937006641,0.04706029106755666
00843-DYehNKdT76V,belief,406,ship toy,1_5_6,1_5,2,0.014905110547773204,0.9588170032024875,0.9146328304411353,0.9575547673228872,0.017749620234111422
00843-DYehNKdT76V,belief,406,ship toy,1_2_52,1_2,3,0.006710757832438539,0.7979494457121018,0.9811310044081782,0.9477438679528899,0.009044367619551538
00843-DYehNKdT76V,belief,406,ship toy,1_2_77,1_2,4,0.0062534643264887035,0.9046247520577104,0.9425694513864845,0.9827509224583227,0.0074626898000200535
00843-DYehNKdT76V,belief,406,ship toy,1_2_76,1_2,5,0.005829467298323523,0.942806341534569,0.9408458021327656,0.9921317006662198,0.006623973668286123
00843-DYehNKdT76V,belief,407,shisha,1_3_50,1_3,1,0.004151876210068127,0.980957429950183,0.9405407460941836,0.9633131036565776,0.004671422548508658
00843-DYehNKdT76V,belief,407,shisha,0_0_150,0_0,2,0.002238723202032842,0.965007754848284,0.8903604479595748,0.9904448074336956,0.002630712922592627
00843-DYehNKdT76V,belief,407,shisha,1_4_52,1_4,3,0.0020213136597852215,0.9532633240056497,0.9239660081377165,0.9872553789832017,0.0023245309010322054
00843-DYehNKdT76V,belief,407,shisha,0_0_9,0_0,4,0.0009926017250643793,0.9793394401351101,0.8961672422804065,0.9761343014830198,0.0011586256572830892
00843-DYehNKdT76V,belief,407,shisha,0_1_22,0_1,5,0.0007959078785339028,0.8418675887102173,0.9163745015099163,0.7140467709146733,0.0014448386747702166
00843-DYehNKdT76V,belief,408,shoe,0_0_138,0_0,1,0.4807059328713818,0.9629630498312137,0.9064093631906223,0.927548297970935,0.593757274197764
00843-DYehNKdT76V,belief,408,shoe,0_1_540,0_1,2,0.2061515953873424,0.9827531129271098,0.9459855066032241,0.9815486973495555,0.22591545293749787
00843-DYehNKdT76V,belief,408,shoe,1_4_47,1_4,3,0.1770167284158926,0.9842915937718417,0.9206074345181525,0.7981678496961124,0.24474950702545617
00843-DYehNKdT76V,belief,408,shoe,1_4_55,1_4,4,0.1749895472797945,0.9575076813744413,0.9389280997205508,0.9652703459172801,0.20164550247247306
00843-DYehNKdT76V,belief,408,shoe,0_0_139,0_0,5,0.1719310215596698,0.9773783838738362,0.9126945040022725,0.9537391599400015,0.20208610978096464
00843-DYehNKdT76V,belief,409,shoe rack,0_1_160,0_1,1,0.004682988643779134,0.9642698976489291,0.94104647935935,0.9929094676742963,0.005197610956645625
00843-DYehNKdT76V,belief,409,shoe rack,0_1_50,0_1,2,0.004134616057069299,0.8995654442986935,0.9391863317821885,0.9979349621854272,0.004903976958536479
00843-DYehNKdT76V,belief,409,shoe rack,0_1_438,0_1,3,0.003582985508516752,0.9830626154244656,0.9492579773117595,0.9908523367719705,0.0038749908150513502
00843-DYehNKdT76V,belief,409,shoe rack,0_1_94,0_1,4,0.003374685812191052,0.9754185072358882,0.9304325087145628,0.998468580443847,0.0037241149280220305
00843-DYehNKdT76V,belief,409,shoe rack,0_1_88,0_1,5,0.0032472042887199204,0.8068283026811307,0.89866319097309,0.9914132177713244,0.004517278112355685
00843-DYehNKdT76V,belief,410,shoehorn,1_2_30,1_2,1,0.00486236038320475,0.9624300740038356,0.9421918755261836,0.8845438782023599,0.006062045932563464
00843-DYehNKdT76V,belief,410,shoehorn,1_3_103,1_3,2,0.004826341147088403,0.9612927858435583,0.9894639375374708,0.991618217624883,0.005117028857882401
00843-DYehNKdT76V,belief,410,shoehorn,1_2_75,1_2,3,0.0041693615155703415,0.9724593266510259,0.9323951293456538,0.9908861632271527,0.004640602261951574
00843-DYehNKdT76V,belief,410,shoehorn,1_2_43,1_2,4,0.0040224820241007726,0.9106713583072026,0.9321414403488182,0.9805656234895646,0.004832523277255559
00843-DYehNKdT76V,belief,410,shoehorn,1_3_106,1_3,5,0.0030857820763694438,0.9762775477461528,0.9127683862754299,0.9899238595210077,0.0034980786411939638
00843-DYehNKdT76V,belief,411,shovel,1_3_36,1_3,1,0.1404385312443636,0.9859456788137477,0.9241327409304635,0.9538394108799035,0.16159341946700745
00843-DYehNKdT76V,belief,411,shovel,1_4_49,1_4,2,0.09320607088017646,0.9814338362959883,0.9309150502804346,0.8210477265133794,0.1242523808665975
00843-DYehNKdT76V,belief,411,shovel,1_1_3,1_1,3,0.08307666895060942,0.9482779715530216,0.9575854652740334,0.9084999183286149,0.10070266747269306
00843-DYehNKdT76V,belief,411,shovel,0_0_169,0_0,4,0.038446557087449366,0.9726494334985593,0.9150804559837692,0.8619427470636499,0.05011450175038762
00843-DYehNKdT76V,belief,411,shovel,0_0_159,0_0,5,0.029026371672542843,0.9392470211308666,0.9158579686130592,0.9558547845225701,0.035301477189337356
00843-DYehNKdT76V,belief,412,shower,1_4_5,1_4,1,0.8993707509231185,0.9818741854452272,0.9462876545608798,0.9992616330526098,0.9686804397438904
00843-DYehNKdT76V,belief,412,shower,1_4_15,1_4,2,0.8648048001819595,0.9810024948416652,0.9252642221847037,0.9986151403912804,0.9540784008548195
00843-DYehNKdT76V,belief,412,shower,1_3_63,1_3,3,0.8133231709811756,0.9801141810122895,0.9595833239468223,0.9990821780887931,0.8655707425962805
00843-DYehNKdT76V,belief,412,shower,1_4_30,1_4,4,0.7638909224566056,0.9933236221735476,0.9354817280391513,0.9990638932511194,0.8228335910543584
00843-DYehNKdT76V,belief,412,shower,0_1_259,0_1,5,0.7501777546751215,0.9758759748311302,0.9223237261173852,0.9991045857276711,0.8342096751512164
00843-DYehNKdT76V,belief,413,shower seat,1_3_63,1_3,1,0.11323697472519753,0.9801141810122895,0.9595833239468223,0.9990821780887931,0.12051127497573044
00843-DYehNKdT76V,belief,413,shower seat,0_1_259,0_1,2,0.10084914313851587,0.9758759748311302,0.9223237261173852,0.9991045857276711,0.1121458619807963
00843-DYehNKdT76V,belief,413,shower seat,0_1_199,0_1,3,0.05797837681378529,0.9690170968710962,0.9215530032413813,0.9989191008390739,0.06499560288843684
00843-DYehNKdT76V,belief,413,shower seat,1_4_15,1_4,4,0.051486001565274137,0.9810024948416652,0.9252642221847037,0.9986151403912804,0.05680088966836218
00843-DYehNKdT76V,belief,413,shower seat,0_1_242,0_1,5,0.04792982299666134,0.9873064480400519,0.9386910257246778,0.9987379493711176,0.051782096976199544
00843-DYehNKdT76V,belief,414,shredder,0_1_428,0_1,1,0.19112361873923342,0.9504784226384762,0.9173926681949583,0.9634444529325344,0.2275045842000453
00843-DYehNKdT76V,belief,414,shredder,0_0_94,0_0,2,0.09802391836557577,0.9318989158386276,0.9132616372825544,0.8983020552717491,0.12821700973088931
00843-DYehNKdT76V,belief,414,shredder,0_0_25,0_0,3,0.08940494763111313,0.976284574870167,0.9384715163509781,0.9897532177130224,0.09859096270774396
00843-DYehNKdT76V,belief,414,shredder,0_1_320,0_1,4,0.08420977311950784,0.875539102836659,0.919038387096194,0.880281086393772,0.11888633193294484
00843-DYehNKdT76V,belief,414,shredder,1_4_71,1_4,5,0.05770828066496604,0.9454681957633491,0.9198250174012315,0.9161436882544284,0.07243065285357772
00843-DYehNKdT76V,belief,415,side table,0_1_50,0_1,1,0.03304090105296047,0.8995654442986935,0.9391863317821885,0.9979349621854272,0.03918908435910572
00843-DYehNKdT76V,belief,415,side table,0_1_94,0_1,2,0.02797719123010475,0.9754185072358882,0.9304325087145628,0.998468580443847,0.030874066891730417
00843-DYehNKdT76V,belief,415,side table,0_1_35,0_1,3,0.014291806262564636,0.8917396237148324,0.9758068521387169,0.9985837020112036,0.016447531193584018
00843-DYehNKdT76V,belief,415,side table,1_0_15,1_0,4,0.005167274166649104,0.7694692632099529,0.9643407924072195,0.9993338156889656,0.006968336380269719
00843-DYehNKdT76V,belief,415,side table,1_0_73,1_0,5,0.005040633658518202,0.9728693763415018,0.9372383338611876,0.9993840857517369,0.005531566391686547
00843-DYehNKdT76V,belief,416,sideboard,0_1_50,0_1,1,0.0046913713023655846,0.8995654442986935,0.9391863317821885,0.9979349621854272,0.0055643320814284985
00843-DYehNKdT76V,belief,416,sideboard,0_1_94,0_1,2,0.0032735372077680094,0.9754185072358882,0.9304325087145628,0.998468580443847,0.003612492973077467
00843-DYehNKdT76V,belief,416,sideboard,0_0_249,0_0,3,0.0028043971269059763,0.9871110901108423,0.9355290027828591,0.9932174865073262,0.003057538042985087
00843-DYehNKdT76V,belief,416,sideboard,1_5_6,1_5,4,0.001646693663553164,0.9588170032024875,0.9146328304411353,0.9575547673228872,0.0019609507139383775
00843-DYehNKdT76V,belief,416,sideboard,1_0_49,1_0,5,0.0016305538273370032,0.9251528958671468,0.9543218463319678,0.9870580496563442,0.0018710442867706182
00843-DYehNKdT76V,belief,417,sign,1_2_77,1_2,1,0.012298502241438098,0.9046247520577104,0.9425694513864845,0.9827509224583227,0.014676650004052702
00843-DYehNKdT76V,belief,417,sign,1_5_58,1_5,2,0.012061312040832623,0.9762915252017325,0.9644434330060133,0.9232870139629648,0.013873995407801211
00843-DYehNKdT76V,belief,417,sign,1_3_92,1_3,3,0.011865502432433162,0.9539646483921005,0.9109889261068271,0.9737320247632445,0.014021720315834395
00843-DYehNKdT76V,belief,417,sign,1_3_90,1_3,4,0.010744899626043214,0.9919541122582689,0.9028651395659981,0.9685122018860778,0.012387475234914366
00843-DYehNKdT76V,belief,417,sign,1_3_48,1_3,5,0.0072729221168952645,0.9409105854754146,0.92548151872021,0.9869543073076266,0.008462443557758156
00843-DYehNKdT76V,belief,418,silicone gun,1_4_36,1_4,1,0.011235208234676457,0.9812424194111476,0.9324439268650434,0.9814712599410965,0.012511359405337989
00843-DYehNKdT76V,belief,418,silicone gun,0_1_170,0_1,2,0.006628908310713072,0.9427834590485101,0.9243059753484681,0.956424463111313,0.007953597719206
00843-DYehNKdT76V,belief,418,silicone gun,1_3_78,1_3,3,0.003521184760973141,0.9914629704982698,0.9538801574170834,0.8623652928701938,0.004317449146488513
00843-DYehNKdT76V,belief,418,silicone gun,1_3_79,1_3,4,0.0034797386806600414,0.9908618496200822,0.9329001394085477,0.9311464963191372,0.0040427822655543484
00843-DYehNKdT76V,belief,418,silicone gun,1_2_64,1_2,5,0.0029184880599211946,0.7319434993702267,0.9507857821350567,0.9745847231271911,0.004303066766651824
00843-DYehNKdT76V,belief,419,silicone tube,1_2_39,1_2,1,0.04413673832644707,0.8464411585419266,0.9365808972280663,0.942452895625915,0.05907429050326659
00843-DYehNKdT76V,belief,419,silicone tube,1_3_79,1_3,2,0.021645401967115115,0.9908618496200822,0.9329001394085477,0.9311464963191372,0.02514776402314487
00843-DYehNKdT76V,belief,419,silicone tube,0_0_244,0_0,3,0.017305276505439043,0.9770587347744123,0.9377787659799165,0.9871906370539993,0.01913182716128594
00843-DYehNKdT76V,belief,419,silicone tube,1_3_86,1_3,4,0.016205183379115674,0.9965697625245686,0.9290866004238209,0.9470150891494442,0.018481326885460933
00843-DYehNKdT76V,belief,419,silicone tube,1_3_78,1_3,5,0.01125659999771264,0.9914629704982698,0.9538801574170834,0.8623652928701938,0.013802115296856968
00843-DYehNKdT76V,belief,420,sink,0_1_291,0_1,1,0.7185622035922563,0.9787870970307564,0.8756217464505254,0.9958191876573609,0.8419360488813421
00843-DYehNKdT76V,belief,420,sink,1_4_45,1_4,2,0.6434397801070306,0.983557012561032,0.9355504911075436,0.9961280365912052,0.7019819952464976
00843-DYehNKdT76V,belief,420,sink,1_4_57,1_4,3,0.6030813567551507,0.9668996380040957,0.9557832249732348,0.9948929777892062,0.6559318752724748
00843-DYehNKdT76V,belief,420,sink,1_4_62,1_4,4,0.5398567265938169,0.9760945489009222,0.9358768505907694,0.9966583061405601,0.59295486164005
00843-DYehNKdT76V,belief,420,sink,1_4_66,1_4,5,0.5310335878928977,0.9603024207786833,0.9883284112228381,0.997735964639386,0.5607858672603385
00843-DYehNKdT76V,belief,421,skateboard,0_1_462,0_1,1,0.05181289057182493,0.9418686537947638,0.8993247118650758,0.9753604323971826,0.06271419001069396
00843-DYehNKdT76V,belief,421,skateboard,1_3_111,1_3,2,0.02011859435083325,0.8997447112880687,0.9201567873647067,0.9923299509420659,0.024488399291430228
00843-DYehNKdT76V,belief,421,skateboard,0_1_292,0_1,3,0.01965827366247053,0.9849543831680181,0.9395454496160889,0.923930123457731,0.022991766433465885
00843-DYehNKdT76V,belief,421,skateboard,1_3_50,1_3,4,0.010155230411297596,0.980957429950183,0.9405407460941836,0.9633131036565776,0.011426008370287618
00843-DYehNKdT76V,belief,421,skateboard,0_1_452,0_1,5,0.008344354675946661,0.9782128563528049,0.9363186659281952,0.9857334346999445,0.009242218258657429
00843-DYehNKdT76V,belief,422,skates,0_1_462,0_1,1,0.006496015230257326,0.9418686537947638,0.8993247118650758,0.9753604323971826,0.007862760192812977
00843-DYehNKdT76V,belief,422,skates,0_1_540,0_1,2,0.005848778087562437,0.9827531129271098,0.9459855066032241,0.9815486973495555,0.006409503396274514
00843-DYehNKdT76V,belief,422,skates,1_3_111,1_3,3,0.004416439562669952,0.8997447112880687,0.9201567873647067,0.9923299509420659,0.005375700387967312
00843-DYehNKdT76V,belief,422,skates,1_3_50,1_3,4,0.003124945470507009,0.980957429950183,0.9405407460941836,0.9633131036565776,0.0035159865071090132
00843-DYehNKdT76V,belief,422,skates,1_3_52,1_3,5,0.0016436610576997255,0.9748788397992171,0.9318979332745038,0.9819365536129354,0.0018425099672353257
00843-DYehNKdT76V,belief,423,ski,1_3_111,1_3,1,0.6856392613787908,0.8997447112880687,0.9201567873647067,0.9923299509420659,0.8345616850627403
00843-DYehNKdT76V,belief,423,ski,0_1_278,0_1,2,0.3340749361017515,0.9750236187347028,0.8859745788298536,0.9758054376619023,0.3963184248470143
00843-DYehNKdT76V,belief,423,ski,0_0_152,0_0,3,0.20291241254439138,0.8480570541400659,0.93991104127981,0.9918850618998187,0.25664655701720085
00843-DYehNKdT76V,belief,423,ski,0_0_156,0_0,4,0.14581251937337728,0.9569240344607313,0.9175586987178823,0.9923734233400666,0.167343315589801
00843-DYehNKdT76V,belief,423,ski,0_0_162,0_0,5,0.1447954714634321,0.9713920957016597,0.9408961021118001,0.9926710481005263,0.15959283483251502
00843-DYehNKdT76V,belief,424,sky,0_1_153,0_1,1,0.17721806004170673,0.9132890460594459,0.9038743173891874,0.9821381455634217,0.2185843697444245
00843-DYehNKdT76V,belief,424,sky,0_0_46,0_0,2,0.16610715426949332,0.9467771729707979,0.8997496343489001,0.9503588435882186,0.2051782211837019
00843-DYehNKdT76V,belief,424,sky,1_1_3,1_1,3,0.16484731808526257,0.9482779715530216,0.9575854652740334,0.9084999183286149,0.19982222285266146
00843-DYehNKdT76V,belief,424,sky,1_0_40,1_0,4,0.14264580217298428,0.997955247759819,0.9303702032087731,0.8666684737403839,0.17727158905119383
00843-DYehNKdT76V,belief,424,sky,1_5_71,1_5,5,0.1367464948568357,0.940894269115395,0.9226244977482635,0.9814794656788319,0.16049783560809278
00843-DYehNKdT76V,belief,425,sled,1_2_80,1_2,1,0.06706740570352063,0.9223813414573669,0.9999999999999999,0.7388555937006641,0.09841049867916887
00843-DYehNKdT76V,belief,425,sled,1_5_6,1_5,2,0.06594129099687866,0.9588170032024875,0.9146328304411353,0.9575547673228872,0.07852560832676865
00843-DYehNKdT76V,belief,425,sled,0_1_462,0_1,3,0.061799595235294984,0.9418686537947638,0.8993247118650758,0.9753604323971826,0.07480207175080521
00843-DYehNKdT76V,belief,425,sled,0_0_138,0_0,4,0.027929727018259114,0.9629630498312137,0.9064093631906223,0.927548297970935,0.03449817747077041
00843-DYehNKdT76V,belief,425,sled,1_3_26,1_3,5,0.01460179349527627,0.9036156361452257,0.9458904509131587,0.9783937814836982,0.017460952864385707
00843-DYehNKdT76V,belief,426,sleeping bag,0_0_138,0_0,1,0.16376886168563506,0.9629630498312137,0.9064093631906223,0.927548297970935,0.202283654649527
00843-DYehNKdT76V,belief,426,sleeping bag,0_0_139,0_0,2,0.07743355438330676,0.9773783838738362,0.9126945040022725,0.9537391599400015,0.09101467338402569
00843-DYehNKdT76V,belief,426,sleeping bag,1_2_37,1_2,3,0.03657237677156197,0.9585235855633154,0.8799579040818737,0.8838913897802444,0.04905571178993224
00843-DYehNKdT76V,belief,426,sleeping bag,0_0_150,0_0,4,0.012240378775571542,0.965007754848284,0.8903604479595748,0.9904448074336956,0.014383610529914985
00843-DYehNKdT76V,belief,426,sleeping bag,0_1_462,0_1,5,0.006451216522974025,0.9418686537947638,0.8993247118650758,0.9753604323971826,0.007808535952285347
00843-DYehNKdT76V,belief,427,smoke detector,1_1_61,1_1,1,0.07655006837393041,0.8798723783155884,0.9156487287957675,0.992614028427993,0.0957230643855871
00843-DYehNKdT76V,belief,427,smoke detector,0_1_269,0_1,2,0.04217895837175222,0.9845555018127125,0.9482951981227734,0.9741311597880281,0.046376146591711534
00843-DYehNKdT76V,belief,427,smoke detector,1_0_75,1_0,3,0.03895716096379174,0.8990516957114725,0.9495722420331363,0.9956064738257688,0.04583391052257654
00843-DYehNKdT76V,belief,427,smoke detector,1_2_76,1_2,4,0.030738125856531847,0.942806341534569,0.9408458021327656,0.9921317006662198,0.03492746864618091
00843-DYehNKdT76V,belief,427,smoke detector,1_3_100,1_3,5,0.023804483409657115,0.9729776792072676,0.9252712682718263,0.9970007787074296,0.026521086357003253
00843-DYehNKdT76V,belief,428,snack,0_1_22,0_1,1,0.25123633446344384,0.8418675887102173,0.9163745015099163,0.7140467709146733,0.45607787324450616
00843-DYehNKdT76V,belief,428,snack,0_0_13,0_0,2,0.02163189426373962,0.9854814735044656,0.9272242679806945,0.7817140141438867,0.030284011306029663
00843-DYehNKdT76V,belief,428,snack,0_1_60,0_1,3,0.015100944168627181,0.9011764946656349,0.9205624417018885,0.8804587910182403,0.020674354571820326
00843-DYehNKdT76V,belief,428,snack,1_2_67,1_2,4,0.014309126452428272,0.9759155185773507,0.954035090500391,0.5797752688490779,0.026507993951360064
00843-DYehNKdT76V,belief,428,snack,1_2_77,1_2,5,0.012838044178289631,0.9046247520577104,0.9425694513864845,0.9827509224583227,0.015320522567900176
00843-DYehNKdT76V,belief,429,soap,1_4_48,1_4,1,0.16650801854871608,0.9806030835892515,0.9241325066878794,0.9962301687697346,0.18443696278116326
00843-DYehNKdT76V,belief,429,soap,0_1_171,0_1,2,0.16374980457561744,0.9623341344003914,0.934616339547051,0.4720951705885266,0.3856487895723324
00843-DYehNKdT76V,belief,429,soap,1_4_41,1_4,3,0.09577686171410461,0.9789326109430696,0.9476321947591272,0.657821561105043,0.1569494850973958
00843-DYehNKdT76V,belief,429,soap,1_2_76,1_2,4,0.07506544956349655,0.942806341534569,0.9408458021327656,0.9921317006662198,0.08529622620057553
00843-DYehNKdT76V,belief,429,soap,1_4_56,1_4,5,0.06902288271563493,0.9567796472621811,0.924531114648204,0.9630461617117145,0.08102378527609796
00843-DYehNKdT76V,belief,430,socks,0_0_138,0_0,1,0.020284051860966535,0.9629630498312137,0.9064093631906223,0.927548297970935,0.025054409606956162
00843-DYehNKdT76V,belief,430,socks,1_3_50,1_3,2,0.01788007835586413,0.980957429950183,0.9405407460941836,0.9633131036565776,0.020117507597683118
00843-DYehNKdT76V,belief,430,socks,1_3_53,1_3,3,0.017826370780417645,0.9775218795349699,0.8767534721332256,0.9700885239289002,0.021441125910203956
00843-DYehNKdT76V,belief,430,socks,0_0_206,0_0,4,0.01187210460451038,0.9814853265220894,0.9195804511596174,0.9274013946803599,0.014183598478470697
00843-DYehNKdT76V,belief,430,socks,1_3_11,1_3,5,0.009979677577892728,0.9339616149663925,0.954779716459494,0.9751058091412136,0.011477110288997562
00843-DYehNKdT76V,belief,431,sofa,0_1_118,0_1,1,0.7574594605037465,0.983628034512672,0.9397215684593172,0.9903980033093531,0.8274076749974111
00843-DYehNKdT76V,belief,431,sofa,0_1_205,0_1,2,0.714623081969581,0.9593624877874807,0.8928539835477296,0.9973754097398897,0.8364793218070259
00843-DYehNKdT76V,belief,431,sofa,0_1_169,0_1,3,0.6981986635557378,0.9715179616223688,0.9392209990729518,0.9958542365511452,0.7683597553958227
00843-DYehNKdT76V,belief,431,sofa,0_1_132,0_1,4,0.5462411787648623,0.9029102913279472,0.8993662983571189,0.9929864618007732,0.6774229358627668
00843-DYehNKdT76V,belief,431,sofa,0_1_163,0_1,5,0.5146513042178242,0.928517887802244,0.9369396889138649,0.9951102677180611,0.5944837110624567
00843-DYehNKdT76V,belief,432,solarium,1_1_3,1_1,1,0.018752800247408313,0.9482779715530216,0.9575854652740334,0.9084999183286149,0.02273149647609628
00843-DYehNKdT76V,belief,432,solarium,0_0_32,0_0,2,0.007216797770033675,0.9849823595303205,0.9439290957974675,0.993684685961801,0.007811386254483626
00843-DYehNKdT76V,belief,432,solarium,0_0_77,0_0,3,0.0024450392028442115,0.9700230892790227,0.920947780438207,0.9945935380758383,0.002751839601126236
00843-DYehNKdT76V,belief,432,solarium,0_0_44,0_0,4,0.001799709063477668,0.9668265300656891,0.9186453812440629,0.9907399435711801,0.0020452489393748153
00843-DYehNKdT76V,belief,432,solarium,1_0_40,1_0,5,0.0009893441754293129,0.997955247759819,0.9303702032087731,0.8666684737403839,0.0012294971981314507
00843-DYehNKdT76V,belief,433,speaker,1_0_45,1_0,1,0.16083345606972368,0.9369813383206772,0.9705055843518378,0.9977215173508981,0.17727115566242677
00843-DYehNKdT76V,belief,433,speaker,1_3_41,1_3,2,0.15238549485362987,0.9966604680587084,0.9056167389469361,0.9906336886465524,0.17042718195469964
00843-DYehNKdT76V,belief,433,speaker,1_3_50,1_3,3,0.14983784554550283,0.980957429950183,0.9405407460941836,0.9633131036565776,0.16858785158474998
00843-DYehNKdT76V,belief,433,speaker,0_0_9,0_0,4,0.0788375059466957,0.9793394401351101,0.8961672422804065,0.9761343014830198,0.0920239758198338
00843-DYehNKdT76V,belief,433,speaker,0_1_50,0_1,5,0.0755968005734537,0.8995654442986935,0.9391863317821885,0.9979349621854272,0.08966369864438437
00843-DYehNKdT76V,belief,434,speaker stand,1_3_50,1_3,1,0.0019358589432524056,0.980957429950183,0.9405407460941836,0.9633131036565776,0.0021781032624026728
00843-DYehNKdT76V,belief,434,speaker stand,1_0_74,1_0,2,0.0016161909351994474,0.928468564133143,0.9022381303854363,0.9972776449887532,0.0019345867154890273
00843-DYehNKdT76V,belief,434,speaker stand,1_4_36,1_4,3,0.0013374943345569772,0.9812424194111476,0.9324439268650434,0.9814712599410965,0.0014894136337053482
00843-DYehNKdT76V,belief,434,speaker stand,1_2_89,1_2,4,0.0013070733238411591,0.9963743505869957,0.960483502023201,0.9855295117489661,0.001385855241833118
00843-DYehNKdT76V,belief,434,speaker stand,1_5_65,1_5,5,0.0012455497217966599,0.9513933247990077,0.872244587179284,0.9907999004400132,0.0015148747672190125
00843-DYehNKdT76V,belief,435,spices,0_1_22,0_1,1,0.0010569110787118218,0.8418675887102173,0.9163745015099163,0.7140467709146733,0.0019186466719350375
00843-DYehNKdT76V,belief,435,spices,0_0_13,0_0,2,0.0010171161373536788,0.9854814735044656,0.9272242679806945,0.7817140141438867,0.0014239324687711867
00843-DYehNKdT76V,belief,435,spices,0_1_540,0_1,3,0.0007968782649534457,0.9827531129271098,0.9459855066032241,0.9815486973495555,0.0008732753866141493
00843-DYehNKdT76V,belief,435,spices,1_3_50,1_3,4,0.0005503500632242031,0.980957429950183,0.9405407460941836,0.9633131036565776,0.0006192182918855673
00843-DYehNKdT76V,belief,435,spices,1_2_67,1_2,5,0.0005028723173327161,0.9759155185773507,0.954035090500391,0.5797752688490779,0.0009315828181740557
00843-DYehNKdT76V,belief,436,sponge,1_2_48,1_2,1,0.8079527104473122,0.9321999317100952,0.9268432387892962,0.9957314446540672,0.9391357371177221
00843-DYehNKdT76V,belief,436,sponge,0_1_197,0_1,2,0.04804412479428109,0.9845521586272165,0.942423683826586,0.6139240785376213,0.08434137926028014
00843-DYehNKdT76V,belief,436,sponge,1_2_80,1_2,3,0.03245916062660733,0.9223813414573669,0.9999999999999999,0.7388555937006641,0.04762853356953375
00843-DYehNKdT76V,belief,436,sponge,1_2_46,1_2,4,0.023956430699996534,0.9395761483748044,0.9431871549215678,0.9573791252478236,0.028236333164361374
00843-DYehNKdT76V,belief,436,sponge,0_0_13,0_0,5,0.014269221431224024,0.9854814735044656,0.9272242679806945,0.7817140141438867,0.01997648739785975
00843-DYehNKdT76V,belief,437,spray can,0_0_25,0_0,1,0.29568494909496384,0.976284574870167,0.9384715163509781,0.9897532177130224,0.32606544225878875
00843-DYehNKdT76V,belief,437,spray can,1_3_52,1_3,2,0.1824182076629603,0.9748788397992171,0.9318979332745038,0.9819365536129354,0.2044870286667156
00843-DYehNKdT76V,belief,437,spray can,1_3_26,1_3,3,0.12457614590871205,0.9036156361452257,0.9458904509131587,0.9783937814836982,0.14896924904756037
00843-DYehNKdT76V,belief,437,spray can,1_3_50,1_3,4,0.10788079883955642,0.980957429950183,0.9405407460941836,0.9633131036565776,0.12138049661214764
00843-DYehNKdT76V,belief,437,spray can,0_0_69,0_0,5,0.07956221128920733,0.9899780835122496,0.93172948299191,0.9937335088752389,0.08680035315545867
00843-DYehNKdT76V,belief,438,sprinkler,1_2_64,1_2,1,0.0006354325439410965,0.7319434993702267,0.9507857821350567,0.9745847231271911,0.0009368921873731392
00843-DYehNKdT76V,belief,438,sprinkler,1_2_34,1_2,2,0.000543914147214664,0.933191122530269,0.9560009706227346,0.9838769867285772,0.000619670213282748
00843-DYehNKdT76V,belief,438,sprinkler,1_4_39,1_4,3,0.0002973785062966934,0.9456210992893489,0.9202724341958586,0.9748331021011885,0.00035054658488846495
00843-DYehNKdT76V,belief,438,sprinkler,1_3_81,1_3,4,0.00027654363635141153,0.9834038334840547,0.9578503178370077,0.9809958302355481,0.0002992726044961946
00843-DYehNKdT76V,belief,438,sprinkler,1_1_0,1_1,5,0.0002481843386502985,0.9772415238662819,0.9484882210408009,0.9782987840388347,0.00027369634926782417
00843-DYehNKdT76V,belief,439,square,1_1_22,1_1,1,0.5635620065008994,0.9621831649995369,0.9360663699235908,0.9656546612439252,0.6479708501585659
00843-DYehNKdT76V,belief,439,square,1_1_54,1_1,2,0.13320246636930874,0.9653359834765375,0.9290120495009806,0.9929137343254256,0.14958942961797994
00843-DYehNKdT76V,belief,439,square,1_3_40,1_3,3,0.07404259924070061,0.9852132399876913,0.9117462835944191,0.9840212788428917,0.08376699283771545
00843-DYehNKdT76V,belief,439,square,1_3_102,1_3,4,0.06107579556412427,0.9935047898156092,0.9460210638234123,0.9724061042390233,0.0668268029590752
00843-DYehNKdT76V,belief,439,square,0_0_187,0_0,5,0.05146981197094521,0.9642428987985799,0.9192431069056872,0.9887856705970283,0.05872642808412832
00843-DYehNKdT76V,belief,440,stack,1_0_55,1_0,1,0.08814145204269934,0.9671517548377282,0.9733602082365177,0.8921241249202492,0.10495102994587983
00843-DYehNKdT76V,belief,440,stack,1_0_29,1_0,2,0.07870751621361058,0.953532313458504,0.9359291153099546,0.7947149285463072,0.11097533469271717
00843-DYehNKdT76V,belief,440,stack,0_0_13,0_0,3,0.05838109010556233,0.9854814735044656,0.9272242679806945,0.7817140141438867,0.08173179709826948
00843-DYehNKdT76V,belief,440,stack,0_1_105,0_1,4,0.055123507210388785,0.9099836842361461,0.9224567744073464,0.9908640709673565,0.06627399189365776
00843-DYehNKdT76V,belief,440,stack,1_3_17,1_3,5,0.04680032488782662,0.8690947190574977,0.9810366913392876,0.9658898118088941,0.05682885701217639
00843-DYehNKdT76V,belief,441,stack of books / papers,1_0_29,1_0,1,0.018072708405037673,0.953532313458504,0.9359291153099546,0.7947149285463072,0.025481999185563344
00843-DYehNKdT76V,belief,441,stack of books / papers,1_0_55,1_0,2,0.012172144902446379,0.9671517548377282,0.9733602082365177,0.8921241249202492,0.014493511447296957
00843-DYehNKdT76V,belief,441,stack of books / papers,1_4_69,1_4,3,0.006141645923103041,0.9560002726693116,0.9494992903207446,0.975985381475487,0.006932482813825308
00843-DYehNKdT76V,belief,441,stack of books / papers,0_1_109,0_1,4,0.0015324472258116612,0.9295754133227316,0.8987265488833587,0.971491670014562,0.001888140233811277
00843-DYehNKdT76V,belief,441,stack of books / papers,1_4_79,1_4,5,0.0015020556990043789,0.9613865960481256,0.9259299381384483,0.9830361470780896,0.0017164863761293622
00843-DYehNKdT76V,belief,442,stack of stuff,0_1_109,0_1,1,0.16722761630302005,0.9295754133227316,0.8987265488833587,0.971491670014562,0.2060424562932992
00843-DYehNKdT76V,belief,442,stack of stuff,1_2_76,1_2,2,0.16473918645149702,0.942806341534569,0.9408458021327656,0.9921317006662198,0.1871917239339205
00843-DYehNKdT76V,belief,442,stack of stuff,0_0_13,0_0,3,0.09573191639985043,0.9854814735044656,0.9272242679806945,0.7817140141438867,0.1340218477057111
00843-DYehNKdT76V,belief,442,stack of stuff,1_4_69,1_4,4,0.0771170153064107,0.9560002726693116,0.9494992903207446,0.975985381475487,0.08704708639326518
00843-DYehNKdT76V,belief,442,stack of stuff,1_5_6,1_5,5,0.056619776840135055,0.9588170032024875,0.9146328304411353,0.9575547673228872,0.06742516490779576
00843-DYehNKdT76V,belief,443,stack of yarns,1_2_46,1_2,1,0.01933211149727622,0.9395761483748044,0.9431871549215678,0.9573791252478236,0.022785862712334324
00843-DYehNKdT76V,belief,443,stack of yarns,1_2_37,1_2,2,0.01817808225499371,0.9585235855633154,0.8799579040818737,0.8838913897802444,0.024382849645365492
00843-DYehNKdT76V,belief,443,stack of yarns,1_2_48,1_2,3,0.01183339050086896,0.9321999317100952,0.9268432387892962,0.9957314446540672,0.013754715798258502
00843-DYehNKdT76V,belief,443,stack of yarns,1_2_49,1_2,4,0.006323382595577209,0.8816701426650538,0.9772579120061978,0.9817251061758882,0.007475568629406968
00843-DYehNKdT76V,belief,443,stack of yarns,0_0_139,0_0,5,0.0037342778697814867,0.9773783838738362,0.9126945040022725,0.9537391599400015,0.004389235175243715
00843-DYehNKdT76V,belief,444,stage,1_1_3,1_1,1,0.0032688663978991226,0.9482779715530216,0.9575854652740334,0.9084999183286149,0.003962406895201839
00843-DYehNKdT76V,belief,444,stage,1_0_10,1_0,2,0.002006551412681252,0.9817071878877073,0.9272700586050641,0.996017449966157,0.0022130699292881788
00843-DYehNKdT76V,belief,444,stage,1_5_38,1_5,3,0.0017026693659659415,0.9663516922651001,0.9033846180241429,0.9963185954313569,0.001957601022520235
00843-DYehNKdT76V,belief,444,stage,0_1_528,0_1,4,0.001484997063959697,0.9154795439949134,0.9602838217918643,0.995220902860801,0.0016972970215598383
00843-DYehNKdT76V,belief,444,stage,1_5_37,1_5,5,0.0014243446117938059,0.9554016360640092,0.9585157078996902,0.9979016930589174,0.0015586266673101297
00843-DYehNKdT76V,belief,445,stained glass,0_0_209,0_0,1,0.000577499028435424,0.9374392525987136,0.9333725400775901,0.9945241263367847,0.0006636479856823439
00843-DYehNKdT76V,belief,445,stained glass,0_0_9,0_0,2,0.0005232718319418095,0.9793394401351101,0.8961672422804065,0.9761343014830198,0.0006107949995573327
00843-DYehNKdT76V,belief,445,stained glass,1_4_6,1_4,3,0.0004872718812092769,0.9666411922582983,0.9184609574384055,0.9989425840150374,0.0005494204565670528
00843-DYehNKdT76V,belief,445,stained glass,0_1_223,0_1,4,0.0004861340877088226,0.9417414639677321,0.9365569549357925,0.8731500620167224,0.0006312498674811345
00843-DYehNKdT76V,belief,445,stained glass,0_1_538,0_1,5,0.00039993411409578963,0.9488056830885157,0.899464232918175,0.9606450546592958,0.0004878253037663521
00843-DYehNKdT76V,belief,446,stand,1_0_55,1_0,1,0.007253925283861873,0.9671517548377282,0.9733602082365177,0.8921241249202492,0.00863733138095971
00843-DYehNKdT76V,belief,446,stand,1_3_92,1_3,2,0.005779843363350453,0.9539646483921005,0.9109889261068271,0.9737320247632445,0.0068301656479971525
00843-DYehNKdT76V,belief,446,stand,1_0_29,1_0,3,0.005747325821819624,0.953532313458504,0.9359291153099546,0.7947149285463072,0.008103564149242386
00843-DYehNKdT76V,belief,446,stand,1_3_50,1_3,4,0.00563906116289412,0.980957429950183,0.9405407460941836,0.9633131036565776,0.006344706859246848
00843-DYehNKdT76V,belief,446,stand,0_0_89,0_0,5,0.005116028852357685,0.9698803104144151,0.9184053221838591,0.9911092794996007,0.0057950729602149675
00843-DYehNKdT76V,belief,447,star,0_1_320,0_1,1,0.11722816796523458,0.875539102836659,0.919038387096194,0.880281086393772,0.1655012995798859
00843-DYehNKdT76V,belief,447,star,1_1_0,1_1,2,0.09921686118021947,0.9772415238662819,0.9484882210408009,0.9782987840388347,0.10941581905819388
00843-DYehNKdT76V,belief,447,star,1_1_3,1_1,3,0.0887809544761274,0.9482779715530216,0.9575854652740334,0.9084999183286149,0.10761720528098008
00843-DYehNKdT76V,belief,447,star,0_1_278,0_1,4,0.08628781495673546,0.9750236187347028,0.8859745788298536,0.9758054376619023,0.10236461108452712
00843-DYehNKdT76V,belief,447,star,1_4_71,1_4,5,0.06796114166476759,0.9454681957633491,0.9198250174012315,0.9161436882544284,0.08529919454768936
00843-DYehNKdT76V,belief,448,stationery,1_2_77,1_2,1,0.007801040112402359,0.9046247520577104,0.9425694513864845,0.9827509224583227,0.009309518602317006
00843-DYehNKdT76V,belief,448,stationery,0_0_77,0_0,2,0.003741247853881368,0.9700230892790227,0.920947780438207,0.9945935380758383,0.004210694859192107
00843-DYehNKdT76V,belief,448,stationery,1_2_76,1_2,3,0.0033980831573102777,0.942806341534569,0.9408458021327656,0.9921317006662198,0.003861212732618482
00843-DYehNKdT76V,belief,448,stationery,0_1_292,0_1,4,0.00339684312810613,0.9849543831680181,0.9395454496160889,0.923930123457731,0.003972852609211501
00843-DYehNKdT76V,belief,448,stationery,0_0_104,0_0,5,0.003046093907220836,0.9596495913921131,0.9077737739764782,0.991779755118318,0.0035256381319673864
00843-DYehNKdT76V,belief,449,steel plate,0_0_26,0_0,1,0.782167864529704,0.9953981889080495,0.9312337118048559,0.995436956756371,0.8476775330806486
00843-DYehNKdT76V,belief,449,steel plate,0_0_43,0_0,2,0.6356421946026687,0.9857599330295045,0.9287597811804505,0.9969911819069656,0.6963808804778844
00843-DYehNKdT76V,belief,449,steel plate,0_0_82,0_0,3,0.5771871133858747,0.9584594696220615,0.9087602698089363,0.9970899936629742,0.6645982355302844
00843-DYehNKdT76V,belief,449,steel plate,0_0_55,0_0,4,0.5130292117672721,0.9754703774079657,0.9260228756153275,0.9958300739664886,0.5703232229344659
00843-DYehNKdT76V,belief,449,steel plate,0_0_38,0_0,5,0.5082451718352884,0.9835867205510179,0.9469637531236113,0.994845672026121,0.54849356180297
00843-DYehNKdT76V,belief,450,step stool,0_1_521,0_1,1,0.10459382964369233,0.9758394437709025,0.9267584601320434,0.9795191986395445,0.11807234381903922
00843-DYehNKdT76V,belief,450,step stool,0_1_464,0_1,2,0.0930203992172602,0.973093248881956,0.9953901265582192,0.9813790665395639,0.09785738834868907
00843-DYehNKdT76V,belief,450,step stool,0_1_105,0_1,3,0.0904061203171181,0.9099836842361461,0.9224567744073464,0.9908640709673565,0.10869363703883739
00843-DYehNKdT76V,belief,450,step stool,0_1_488,0_1,4,0.08770768437311903,0.9835072395284021,0.9189578532621974,0.9917984117453776,0.09784555071847609
00843-DYehNKdT76V,belief,450,step stool,0_1_519,0_1,5,0.08642869642235276,0.9705764941019952,0.9235485753596915,0.9843828619716408,0.09794999243479319
00843-DYehNKdT76V,belief,451,stick,0_1_16,0_1,1,0.8779939409956464,0.9043631063172363,0.9891881732263639,0.9925260553631903,0.9888441536366951
00843-DYehNKdT76V,belief,451,stick,1_2_59,1_2,2,0.6725567537631684,0.9084493176932975,0.9559975913560569,0.9747058535757641,0.7945072468501119
00843-DYehNKdT76V,belief,451,stick,0_1_129,0_1,3,0.6551012935058255,0.9012365297192619,0.9416651671421776,0.9947074425341856,0.7760287248950432
00843-DYehNKdT76V,belief,451,stick,0_0_160,0_0,4,0.5911045675988932,0.9745274220518669,0.9280922282626729,0.9629520743589044,0.6786946755306094
00843-DYehNKdT76V,belief,451,stick,0_0_233,0_0,5,0.5825674440498911,0.9783218701680502,0.9288989100122884,0.9932537211417027,0.6454101556158427
00843-DYehNKdT76V,belief,452,stone,1_3_36,1_3,1,0.6821483574563553,0.9859456788137477,0.9241327409304635,0.9538394108799035,0.7849034356060953
00843-DYehNKdT76V,belief,452,stone,1_3_71,1_3,2,0.4850468149699437,0.9946596315339372,0.9440319426383765,0.9978104605866674,0.517695539058729
00843-DYehNKdT76V,belief,452,stone,0_1_175,0_1,3,0.3514253335736431,0.9802514357726998,0.947277304990007,0.9957810202965202,0.3800621333623025
00843-DYehNKdT76V,belief,452,stone,0_1_380,0_1,4,0.33126192286842965,0.9683122256036544,0.9124609087960511,0.992932835807428,0.37759128567679573
00843-DYehNKdT76V,belief,452,stone,0_1_48,0_1,5,0.3283529218069205,0.9809737855362363,0.9136362654386947,0.9277446979085441,0.394895033985162
00843-DYehNKdT76V,belief,453,stonework,0_1_285,0_1,1,0.0011615150030596698,0.9750691259867464,0.9212757737574153,0.9954335158362001,0.0012989352669956135
00843-DYehNKdT76V,belief,453,stonework,0_1_303,0_1,2,0.0008175224982088706,0.9388533911688142,0.9665522766354007,0.9923184282638601,0.0009078738962791503
00843-DYehNKdT76V,belief,453,stonework,0_1_256,0_1,3,0.0006606542951733673,0.8957207553526935,0.9745520233776439,0.9976281967989221,0.0007586262781532047
00843-DYehNKdT76V,belief,453,stonework,1_1_3,1_1,4,0.0006092563148874204,0.9482779715530216,0.9575854652740334,0.9084999183286149,0.0007385194526783707
00843-DYehNKdT76V,belief,453,stonework,0_1_347,0_1,5,0.000492315997689329,0.9723025125052117,0.9667225597052589,0.9912026878725284,0.0005284187455260732
00843-DYehNKdT76V,belief,454,stool,1_3_50,1_3,1,0.023509218051867294,0.980957429950183,0.9405407460941836,0.9633131036565776,0.02645105146415183
00843-DYehNKdT76V,belief,454,stool,0_1_442,0_1,2,0.01924275903684633,0.9719297564814138,0.9171112632911522,0.9984427750168912,0.021621571544571477
00843-DYehNKdT76V,belief,454,stool,0_1_111,0_1,3,0.018238025921969016,0.9763311403079987,0.941961591476373,0.9798860009684548,0.02023820259902465
00843-DYehNKdT76V,belief,454,stool,0_1_56,0_1,4,0.01594262673449756,0.8385964654611819,0.9403718582972378,0.9916891060149298,0.02038598424144776
00843-DYehNKdT76V,belief,454,stool,0_1_208,0_1,5,0.01495772496311916,0.8962178002609001,0.9301942472067293,0.9761515895842995,0.01838065835412261
00843-DYehNKdT76V,belief,455,storage,0_1_342,0_1,1,0.26106730786579135,0.9546106727032884,0.928778995754004,0.9943175272880346,0.2961343082300637
00843-DYehNKdT76V,belief,455,storage,0_1_158,0_1,2,0.22084023946378015,0.9551395116308237,0.9103661552500385,0.9922968034857067,0.2559491563685384
00843-DYehNKdT76V,belief,455,storage,0_1_160,0_1,3,0.22066467308345386,0.9642698976489291,0.94104647935935,0.9929094676742963,0.24491392352333832
00843-DYehNKdT76V,belief,455,storage,0_1_429,0_1,4,0.2200640923648267,0.9939725392920908,0.949394733205156,0.9939954447027457,0.23460841556226242
00843-DYehNKdT76V,belief,455,storage,0_1_439,0_1,5,0.20917787703035923,0.9870778436694082,0.948019001542812,0.990459161420997,0.22568917641014116
00843-DYehNKdT76V,belief,456,strings,1_3_17,1_3,1,0.009566966677465188,0.8690947190574977,0.9810366913392876,0.9658898118088941,0.011617008699342247
00843-DYehNKdT76V,belief,456,strings,1_3_70,1_3,2,0.0055555572986946,0.9599535893916062,0.9158211851620597,0.9933139931875528,0.006361802100076829
00843-DYehNKdT76V,belief,456,strings,0_0_169,0_0,3,0.005554894676817528,0.9726494334985593,0.9150804559837692,0.8619427470636499,0.007240720628674095
00843-DYehNKdT76V,belief,456,strings,0_0_150,0_0,4,0.005049529505751338,0.965007754848284,0.8903604479595748,0.9904448074336956,0.00593367796060298
00843-DYehNKdT76V,belief,456,strings,1_1_0,1_1,5,0.004175085070803676,0.9772415238662819,0.9484882210408009,0.9782987840388347,0.00460426128407594
00843-DYehNKdT76V,belief,457,stroke,1_3_90,1_3,1,0.020074006487856007,0.9919541122582689,0.9028651395659981,0.9685122018860778,0.023142725096390444
00843-DYehNKdT76V,belief,457,stroke,1_3_50,1_3,2,0.014379239077670317,0.980957429950183,0.9405407460941836,0.9633131036565776,0.016178589692760557
00843-DYehNKdT76V,belief,457,stroke,1_4_39,1_4,3,0.013229079121109068,0.9456210992893489,0.9202724341958586,0.9748331021011885,0.015594296187961057
00843-DYehNKdT76V,belief,457,stroke,1_3_26,1_3,4,0.010442303378822123,0.9036156361452257,0.9458904509131587,0.9783937814836982,0.012486998063095053
00843-DYehNKdT76V,belief,457,stroke,1_3_92,1_3,5,0.009399661032562985,0.9539646483921005,0.9109889261068271,0.9737320247632445,0.01110778231370842
00843-DYehNKdT76V,belief,458,sunbed,0_1_160,0_1,1,0.11088345689587205,0.9642698976489291,0.94104647935935,0.9929094676742963,0.12306864575431353
00843-DYehNKdT76V,belief,458,sunbed,0_1_438,0_1,2,0.09548925754669008,0.9830626154244656,0.9492579773117595,0.9908523367719705,0.10327141850000783
00843-DYehNKdT76V,belief,458,sunbed,0_1_92,0_1,3,0.09123687209430259,0.9503838912074343,0.8948083310581137,0.9909397330819035,0.10826649069774259
00843-DYehNKdT76V,belief,458,sunbed,0_1_429,0_1,4,0.09028510045046238,0.9939725392920908,0.949394733205156,0.9939954447027457,0.09625216062258501
00843-DYehNKdT76V,belief,458,sunbed,0_1_88,0_1,5,0.0854780526907638,0.8068283026811307,0.89866319097309,0.9914132177713244,0.11891094682527313
00843-DYehNKdT76V,belief,459,support,1_2_64,1_2,1,0.016438674122473546,0.7319434993702267,0.9507857821350567,0.9745847231271911,0.024237451328187134
00843-DYehNKdT76V,belief,459,support,1_3_92,1_3,2,0.012028524697315359,0.9539646483921005,0.9109889261068271,0.9737320247632445,0.014214367244731723
00843-DYehNKdT76V,belief,459,support,0_1_292,0_1,3,0.006665068449287653,0.9849543831680181,0.9395454496160889,0.923930123457731,0.007795277432811255
00843-DYehNKdT76V,belief,459,support,0_1_433,0_1,4,0.0060863677675141266,0.9770064520457434,0.903057041840335,0.8952963327566862,0.007705108703710688
00843-DYehNKdT76V,belief,459,support,0_1_445,0_1,5,0.005964769115151537,0.9930919171076771,0.9291705261612009,0.9572407295700266,0.0067528576688906045
00843-DYehNKdT76V,belief,460,surface,1_3_78,1_3,1,0.2890661263101382,0.9914629704982698,0.9538801574170834,0.8623652928701938,0.35443419900849865
00843-DYehNKdT76V,belief,460,surface,0_1_79,0_1,2,0.20352208905372546,0.9546214177331472,0.9238615509053325,0.942163503027099,0.24493294706913624
00843-DYehNKdT76V,belief,460,surface,0_0_46,0_0,3,0.19704258802836788,0.9467771729707979,0.8997496343489001,0.9503588435882186,0.24339016514304673
00843-DYehNKdT76V,belief,460,surface,1_3_48,1_3,4,0.1819506000119171,0.9409105854754146,0.92548151872021,0.9869543073076266,0.21170949697428917
00843-DYehNKdT76V,belief,460,surface,0_1_287,0_1,5,0.15998623003142978,0.9723087137848635,0.8996826532640724,0.9693083864753251,0.18868053957525655
00843-DYehNKdT76V,belief,461,surfboard,0_1_292,0_1,1,0.20425420920108017,0.9849543831680181,0.9395454496160889,0.923930123457731,0.23889000385465836
00843-DYehNKdT76V,belief,461,surfboard,1_4_36,1_4,2,0.011748066792635747,0.9812424194111476,0.9324439268650434,0.9814712599410965,0.013082471004580798
00843-DYehNKdT76V,belief,461,surfboard,1_2_77,1_2,3,0.010761568872283475,0.9046247520577104,0.9425694513864845,0.9827509224583227,0.012842521530861135
00843-DYehNKdT76V,belief,461,surfboard,0_1_449,0_1,4,0.01058985718632418,0.9961775251621907,0.9333283281248334,0.9764047655401747,0.011665115034713035
00843-DYehNKdT76V,belief,461,surfboard,0_1_173,0_1,5,0.0084141935437365,0.9765669228403479,0.9189996907360614,0.975696854669459,0.00960904477342106
00843-DYehNKdT76V,belief,462,swing,0_0_175,0_0,1,0.002960379887757964,0.9674952008605544,0.9117305745288442,0.9906522677068381,0.0033877462143079074
00843-DYehNKdT76V,belief,462,swing,1_3_85,1_3,2,0.002457179292846745,0.989795633269982,0.9321050890090511,0.9641188856602314,0.002762459019460739
00843-DYehNKdT76V,belief,462,swing,1_3_83,1_3,3,0.0018204979672928352,0.9896177388621294,0.9425867569886984,0.9793326350815497,0.0019928341924078585
00843-DYehNKdT76V,belief,462,swing,0_0_159,0_0,4,0.0016369179230868555,0.9392470211308666,0.9158579686130592,0.9558547845225701,0.0019907972437812386
00843-DYehNKdT76V,belief,462,swing,1_3_70,1_3,5,0.0015183324188657566,0.9599535893916062,0.9158211851620597,0.9933139931875528,0.0017386789212352417
00843-DYehNKdT76V,belief,463,switch,0_0_20,0_0,1,0.3543429972507425,0.9644929054041022,0.914877621336939,0.9893571075290852,0.40589035768390574
00843-DYehNKdT76V,belief,463,switch,1_0_45,1_0,2,0.3429361240309666,0.9369813383206772,0.9705055843518378,0.9977215173508981,0.37798530548897896
00843-DYehNKdT76V,belief,463,switch,0_0_90,0_0,3,0.19979368374928247,0.9694747059943054,0.9206662506547048,0.9964178344432455,0.22464748261550685
00843-DYehNKdT76V,belief,463,switch,0_1_457,0_1,4,0.17688888592814553,0.94778052784437,0.8924538602525657,0.9960073856824485,0.2099638045370876
00843-DYehNKdT76V,belief,463,switch,1_4_65,1_4,5,0.10054943161737828,0.9732257412897187,0.9215554527339727,0.9955894498217421,0.11260671098710218
00843-DYehNKdT76V,belief,464,table,0_1_35,0_1,1,0.04547499039714254,0.8917396237148324,0.9758068521387169,0.9985837020112036,0.052334275272404744
00843-DYehNKdT76V,belief,464,table,0_0_249,0_0,2,0.007395141370328729,0.9871110901108423,0.9355290027828591,0.9932174865073262,0.008062669104920617
00843-DYehNKdT76V,belief,464,table,0_1_68,0_1,3,0.006482555771918063,0.9807724898576965,0.9417949559429695,0.9885360938827233,0.0070995217662930404
00843-DYehNKdT76V,belief,464,table,0_1_63,0_1,4,0.0061872956384620365,0.9858522040282981,0.9259267088183989,0.9984743510336652,0.0067885267117114845
00843-DYehNKdT76V,belief,464,table,0_1_230,0_1,5,0.004762431733263009,0.966884124160759,0.8746091939308842,0.9986739684526543,0.005639187903953127
00843-DYehNKdT76V,belief,465,table cloth,1_0_62,1_0,1,0.0049196136253311425,0.9671428855764113,0.9242771718254321,0.9651013269669897,0.005702498959124495
00843-DYehNKdT76V,belief,465,table cloth,1_0_54,1_0,2,0.002633906909189737,0.8523885310397428,0.9543111517504067,0.9929314606607573,0.0032610206855681776
00843-DYehNKdT76V,belief,465,table cloth,0_1_103,0_1,3,0.0017253894205199432,0.9779813712261715,0.9412826395790822,0.9723560330100327,0.0019275745622319798
00843-DYehNKdT76V,belief,465,table cloth,1_1_39,1_1,4,0.0011038268701061105,0.9890936813490285,0.9279079739105651,0.9414873534746949,0.0012774506650450907
00843-DYehNKdT76V,belief,465,table cloth,0_1_420,0_1,5,0.0009047958800358559,0.9825936513287681,0.9419819677385479,0.9792284799116551,0.0009982746327666348
00843-DYehNKdT76V,belief,466,table pad,1_1_56,1_1,1,0.002770537801743439,0.9670510478317738,0.9432970645824059,0.9942002087089924,0.0030548672832791672
00843-DYehNKdT76V,belief,466,table pad,0_1_420,0_1,2,0.0023811699482323115,0.9825936513287681,0.9419819677385479,0.9792284799116551,0.002627179906624196
00843-DYehNKdT76V,belief,466,table pad,1_1_58,1_1,3,0.002201767174879557,0.9100467182695866,0.9506012580489853,0.9939321030574233,0.002560664036417304
00843-DYehNKdT76V,belief,466,table pad,1_4_36,1_4,4,0.001702675440116678,0.9812424194111476,0.9324439268650434,0.9814712599410965,0.0018960738365482782
00843-DYehNKdT76V,belief,466,table pad,1_4_69,1_4,5,0.0016861518717422818,0.9560002726693116,0.9494992903207446,0.975985381475487,0.0019032713736201212
00843-DYehNKdT76V,belief,467,table stand,0_1_94,0_1,1,0.01880932874908411,0.9754185072358882,0.9304325087145628,0.998468580443847,0.02075692549732758
00843-DYehNKdT76V,belief,467,table stand,0_1_50,0_1,2,0.015562643180992824,0.8995654442986935,0.9391863317821885,0.9979349621854272,0.018458508001734517
00843-DYehNKdT76V,belief,467,table stand,0_0_26,0_0,3,0.009792536268215397,0.9953981889080495,0.9312337118048559,0.995436956756371,0.010612700115766989
00843-DYehNKdT76V,belief,467,table stand,0_1_538,0_1,4,0.009633035808738966,0.9488056830885157,0.899464232918175,0.9606450546592958,0.011750031952674841
00843-DYehNKdT76V,belief,467,table stand,0_1_35,0_1,5,0.00836991957686239,0.8917396237148324,0.9758068521387169,0.9985837020112036,0.009632408304388117
00843-DYehNKdT76V,belief,468,table tennis table,0_0_249,0_0,1,0.001521278226044971,0.9871110901108423,0.9355290027828591,0.9932174865073262,0.0016585974951518745
00843-DYehNKdT76V,belief,468,table tennis table,1_0_48,1_0,2,0.0011924564539514183,0.9812915258937414,0.946765474941883,0.9922180436923738,0.0012935849288368386
00843-DYehNKdT76V,belief,468,table tennis table,0_1_462,0_1,3,0.0011055724970033235,0.9418686537947638,0.8993247118650758,0.9753604323971826,0.0013381821180493486
00843-DYehNKdT76V,belief,468,table tennis table,0_0_121,0_0,4,0.0010950458978536825,0.9736952036619186,0.9105131048155903,0.9933019903354067,0.0012434885347436004
00843-DYehNKdT76V,belief,468,table tennis table,0_0_38,0_0,5,0.0010787066245338236,0.9835867205510179,0.9469637531236113,0.994845672026121,0.0011641303674258252
00843-DYehNKdT76V,belief,469,tablet,1_4_36,1_4,1,0.2534704529467837,0.9812424194111476,0.9324439268650434,0.9814712599410965,0.28226089532219034
00843-DYehNKdT76V,belief,469,tablet,1_3_41,1_3,2,0.06755743876323562,0.9966604680587084,0.9056167389469361,0.9906336886465524,0.07555590457972763
00843-DYehNKdT76V,belief,469,tablet,1_3_86,1_3,3,0.031130541914245597,0.9965697625245686,0.9290866004238209,0.9470150891494442,0.03550306761601805
00843-DYehNKdT76V,belief,469,tablet,0_1_281,0_1,4,0.020969482227732265,0.9367108723355665,0.9482081240185176,0.9882853612147633,0.023888897751883704
00843-DYehNKdT76V,belief,469,tablet,1_3_33,1_3,5,0.018872898717857616,0.8445491488228882,0.9699769634310842,0.9918222223796742,0.02322835345852505
00843-DYehNKdT76V,belief,470,tambourine,0_1_208,0_1,1,0.0059641256058001755,0.8962178002609001,0.9301942472067293,0.9761515895842995,0.007328959143959776
00843-DYehNKdT76V,belief,470,tambourine,0_0_96,0_0,2,0.003593542743332322,0.9637162017306503,0.9270797046271217,0.9624881514546729,0.004178892401329867
00843-DYehNKdT76V,belief,470,tambourine,0_1_321,0_1,3,0.0014705945160199121,0.9578993779326241,0.9173308618677394,0.9725186659632962,0.0017208741085233527
00843-DYehNKdT76V,belief,470,tambourine,1_4_49,1_4,4,0.0013988810260248967,0.9814338362959883,0.9309150502804346,0.8210477265133794,0.0018648388070789264
00843-DYehNKdT76V,belief,470,tambourine,0_1_320,0_1,5,0.0011939244574681249,0.875539102836659,0.919038387096194,0.880281086393772,0.0016855680058890314
00843-DYehNKdT76V,belief,471,tea set,1_1_3,1_1,1,4.5362443653924156e-05,0.9482779715530216,0.9575854652740334,0.9084999183286149,5.498678674449175e-05
00843-DYehNKdT76V,belief,471,tea set,1_4_46,1_4,2,1.3847898791579743e-05,0.9832984981831018,0.9263289348857762,0.9925758104909527,1.5316854539544283e-05
00843-DYehNKdT76V,belief,471,tea set,0_1_128,0_1,3,1.2350920577629999e-05,0.9519296470004605,0.9141135570616024,0.9535277492001387,1.488541647238055e-05
00843-DYehNKdT76V,belief,471,tea set,0_1_540,0_1,4,1.057919534910112e-05,0.9827531129271098,0.9459855066032241,0.9815486973495555,1.1593428149395712e-05
00843-DYehNKdT76V,belief,471,tea set,0_1_445,0_1,5,7.908930184598934e-06,0.9930919171076771,0.9291705261612009,0.9572407295700266,8.953888879642318e-06
00843-DYehNKdT76V,belief,472,telescope,1_3_78,1_3,1,0.013858653512465827,0.9914629704982698,0.9538801574170834,0.8623652928701938,0.016992585121361096
00843-DYehNKdT76V,belief,472,telescope,1_1_3,1_1,2,0.009876445325438236,0.9482779715530216,0.9575854652740334,0.9084999183286149,0.011971885753040229
00843-DYehNKdT76V,belief,472,telescope,1_3_81,1_3,3,0.009281818543440432,0.9834038334840547,0.9578503178370077,0.9809958302355481,0.010044686063311452
00843-DYehNKdT76V,belief,472,telescope,0_1_320,0_1,4,0.005942624894473513,0.875539102836659,0.919038387096194,0.880281086393772,0.008389725439049948
00843-DYehNKdT76V,belief,472,telescope,0_0_159,0_0,5,0.0056913885891529585,0.9392470211308666,0.9158579686130592,0.9558547845225701,0.006921789148234835
00843-DYehNKdT76V,belief,473,tennis racket,1_4_39,1_4,1,0.0008998923820615817,0.9456210992893489,0.9202724341958586,0.9748331021011885,0.0010607834615461607
00843-DYehNKdT76V,belief,473,tennis racket,1_4_52,1_4,2,0.00022271788681858622,0.9532633240056497,0.9239660081377165,0.9872553789832017,0.0002561277947220758
00843-DYehNKdT76V,belief,473,tennis racket,1_2_90,1_2,3,0.0002172633367379516,0.9898656041237208,0.9416449483708842,0.9775138348828551,0.0002384515324744695
00843-DYehNKdT76V,belief,473,tennis racket,1_1_3,1_1,4,0.00019554579304957798,0.9482779715530216,0.9575854652740334,0.9084999183286149,0.00023703385345003354
00843-DYehNKdT76V,belief,473,tennis racket,1_3_41,1_3,5,0.00017999071236113022,0.9966604680587084,0.9056167389469361,0.9906336886465524,0.00020130072035524612
00843-DYehNKdT76V,belief,474,tent,1_1_3,1_1,1,0.005567102842368356,0.9482779715530216,0.9575854652740334,0.9084999183286149,0.006748249699980205
00843-DYehNKdT76V,belief,474,tent,1_3_40,1_3,2,0.0033344725413346353,0.9852132399876913,0.9117462835944191,0.9840212788428917,0.0037724058900136235
00843-DYehNKdT76V,belief,474,tent,1_5_6,1_5,3,0.003043351417141189,0.9588170032024875,0.9146328304411353,0.9575547673228872,0.003624148356368357
00843-DYehNKdT76V,belief,474,tent,1_1_39,1_1,4,0.002791138532800174,0.9890936813490285,0.9279079739105651,0.9414873534746949,0.00323016396096229
00843-DYehNKdT76V,belief,474,tent,1_0_55,1_0,5,0.002575131908787249,0.9671517548377282,0.9733602082365177,0.8921241249202492,0.003066238867301561
00843-DYehNKdT76V,belief,475,thermometer,1_0_45,1_0,1,0.015343911758836686,0.9369813383206772,0.9705055843518378,0.9977215173508981,0.01691210918636297
00843-DYehNKdT76V,belief,475,thermometer,0_0_152,0_0,2,0.0010153708191970538,0.8480570541400659,0.93991104127981,0.9918850618998187,0.0012842557119843454
00843-DYehNKdT76V,belief,475,thermometer,1_3_34,1_3,3,0.0008172178950542451,0.9464904014889458,0.9437432982255185,0.990731601426993,0.000923446537926923
00843-DYehNKdT76V,belief,475,thermometer,0_0_90,0_0,4,0.0007322037446927055,0.9694747059943054,0.9206662506547048,0.9964178344432455,0.0008232879284275887
00843-DYehNKdT76V,belief,475,thermometer,1_3_78,1_3,5,0.0006673079946173321,0.9914629704982698,0.9538801574170834,0.8623652928701938,0.0008182099285836191
00843-DYehNKdT76V,belief,476,thermostat,1_0_45,1_0,1,0.16079744870123178,0.9369813383206772,0.9705055843518378,0.9977215173508981,0.17723146822437189
00843-DYehNKdT76V,belief,476,thermostat,0_1_457,0_1,2,0.004706401046835663,0.94778052784437,0.8924538602525657,0.9960073856824485,0.005586410159609215
00843-DYehNKdT76V,belief,476,thermostat,1_3_100,1_3,3,0.0045715347694527085,0.9729776792072676,0.9252712682718263,0.9970007787074296,0.0050932450966573875
00843-DYehNKdT76V,belief,476,thermostat,0_0_145,0_0,4,0.0032395738321367973,0.9695527904292081,0.9045437754563475,0.9985646200638593,0.003699224234970512
00843-DYehNKdT76V,belief,476,thermostat,1_5_48,1_5,5,0.003138035393516649,0.9486530518431341,0.9421632237687294,0.9979949629213076,0.003518000785246509
00843-DYehNKdT76V,belief,477,three,0_0_13,0_0,1,0.08281296942221061,0.9854814735044656,0.9272242679806945,0.7817140141438867,0.11593570455232799
00843-DYehNKdT76V,belief,477,three,1_3_50,1_3,2,0.07589822165902464,0.980957429950183,0.9405407460941836,0.9633131036565776,0.08539576955350946
00843-DYehNKdT76V,belief,477,three,0_1_320,0_1,3,0.05785979720147682,0.875539102836659,0.919038387096194,0.880281086393772,0.08168575690027757
00843-DYehNKdT76V,belief,477,three,0_1_540,0_1,4,0.05504962846567276,0.9827531129271098,0.9459855066032241,0.9815486973495555,0.06032726414508765
00843-DYehNKdT76V,belief,477,three,0_1_55,0_1,5,0.05013751280864581,0.9235845656399059,0.90677269850581,0.9432747777383697,0.06346721793614374
00843-DYehNKdT76V,belief,478,tile,1_4_59,1_4,1,0.9348575920060048,0.9958686795499591,0.9599636268279714,0.9995792101318173,0.9782985115430447
00843-DYehNKdT76V,belief,478,tile,1_3_59,1_3,2,0.9006979725359567,0.9906686908910846,0.939908634581486,0.9990986607837959,0.96818139154567
00843-DYehNKdT76V,belief,478,tile,0_1_446,0_1,3,0.8827703763917183,0.9831312894436256,0.9393687408472227,0.9983787625603525,0.9574250678350967
00843-DYehNKdT76V,belief,478,tile,1_3_14,1_3,4,0.8777746421089149,0.9899359196853545,0.9558815341665023,0.998302859941253,0.9292007685897598
00843-DYehNKdT76V,belief,478,tile,0_1_359,0_1,5,0.8773969695521961,0.9915766744759795,0.9456194875042327,0.9978072668552385,0.9377924929647877
00843-DYehNKdT76V,belief,479,tire,0_0_139,0_0,1,0.4729712657908975,0.9773783838738362,0.9126945040022725,0.9537391599400015,0.5559259886598715
00843-DYehNKdT76V,belief,479,tire,1_3_26,1_3,2,0.24996306158470658,0.9036156361452257,0.9458904509131587,0.9783937814836982,0.29890802370133945
00843-DYehNKdT76V,belief,479,tire,1_3_52,1_3,3,0.2268952553530557,0.9748788397992171,0.9318979332745038,0.9819365536129354,0.25434487697328095
00843-DYehNKdT76V,belief,479,tire,0_1_462,0_1,4,0.19602224209635072,0.9418686537947638,0.8993247118650758,0.9753604323971826,0.2372648196516128
00843-DYehNKdT76V,belief,479,tire,1_4_36,1_4,5,0.19051279471213178,0.9812424194111476,0.9324439268650434,0.9814712599410965,0.21215219123417484
00843-DYehNKdT76V,belief,480,tissue,1_2_49,1_2,1,0.7942491500875289,0.8816701426650538,0.9772579120061978,0.9817251061758882,0.9389696006185587
00843-DYehNKdT76V,belief,480,tissue,1_2_46,1_2,2,0.7298125068104748,0.9395761483748044,0.9431871549215678,0.9573791252478236,0.8601961347197394
00843-DYehNKdT76V,belief,480,tissue,0_1_294,0_1,3,0.72230478364402,0.9764411295939871,0.925099979383103,0.971114425526957,0.8234085076444496
00843-DYehNKdT76V,belief,480,tissue,1_2_23,1_2,4,0.7107403654940226,0.9676782924571339,0.9108727568784092,0.9829345638910031,0.8203471291282532
00843-DYehNKdT76V,belief,480,tissue,1_2_26,1_2,5,0.6922185284046566,0.906484720931537,0.9458393899143658,0.9693000080759461,0.8329273419382308
00843-DYehNKdT76V,belief,481,title,0_1_466,0_1,1,0.5611680331486033,0.9503941876819575,0.892817000484917,0.9959408764333356,0.6640383215541464
00843-DYehNKdT76V,belief,481,title,0_1_215,0_1,2,0.5499749510452939,0.9699034009554935,0.9397168753112208,0.9937884416497724,0.6071883919931693
00843-DYehNKdT76V,belief,481,title,0_1_267,0_1,3,0.5191438090366416,0.9253985411765329,0.9223017588322574,0.9688103055855429,0.6278372541763075
00843-DYehNKdT76V,belief,481,title,0_1_74,0_1,4,0.4887254406740779,0.9847229278101648,0.9416392344380325,0.9878273829481142,0.533562489930368
00843-DYehNKdT76V,belief,481,title,1_3_85,1_3,5,0.4301550263421941,0.989795633269982,0.9321050890090511,0.9641188856602314,0.4835974467734861
00843-DYehNKdT76V,belief,482,toaster,0_0_62,0_0,1,0.7844386466432565,0.9647414782133299,0.910456060832364,0.999472128097123,0.8935489560789965
00843-DYehNKdT76V,belief,482,toaster,0_0_25,0_0,2,0.030212077838251347,0.976284574870167,0.9384715163509781,0.9897532177130224,0.03331625282936717
00843-DYehNKdT76V,belief,482,toaster,0_1_540,0_1,3,0.008294851062844373,0.9827531129271098,0.9459855066032241,0.9815486973495555,0.009090082622890197
00843-DYehNKdT76V,belief,482,toaster,0_0_234,0_0,4,0.005545022689157736,0.9817754198402555,0.9263067327617236,0.9968672331720936,0.006116444383603713
00843-DYehNKdT76V,belief,482,toaster,1_3_33,1_3,5,0.005119646951385841,0.8445491488228882,0.9699769634310842,0.9918222223796742,0.0063011501702770764
00843-DYehNKdT76V,belief,483,toaster oven,0_0_62,0_0,1,0.04498811894600906,0.9647414782133299,0.910456060832364,0.999472128097123,0.05124567344072441
00843-DYehNKdT76V,belief,483,toaster oven,0_0_234,0_0,2,0.0060423397553454015,0.9817754198402555,0.9263067327617236,0.9968672331720936,0.0066650106108080715
00843-DYehNKdT76V,belief,483,toaster oven,0_0_86,0_0,3,0.005281134906389384,0.9155708958482027,0.9355162482765199,0.9983119421727547,0.006176147816577032
00843-DYehNKdT76V,belief,483,toaster oven,0_0_142,0_0,4,0.00496374441121164,0.9700545578210277,0.9258395550042824,0.9976914336914685,0.0055396365985085055
00843-DYehNKdT76V,belief,483,toaster oven,0_0_102,0_0,5,0.004886150483757849,0.9615525275664146,0.9240204314611016,0.9962270382349404,0.005520188724213439
00843-DYehNKdT76V,belief,484,toilet,1_3_9,1_3,1,0.8932269807961579,0.9649494321982877,0.9317344486598438,0.999921406820054,0.9935718056099955
00843-DYehNKdT76V,belief,484,toilet,1_3_28,1_3,2,0.8913618502923204,0.9481172178029303,0.9778242494406564,0.9992370975809158,0.9621940270986901
00843-DYehNKdT76V,belief,484,toilet,1_3_25,1_3,3,0.8086667001471661,0.9525012159631366,0.8819764034161617,0.9982597818780492,0.9642807132209976
00843-DYehNKdT76V,belief,484,toilet,0_1_239,0_1,4,0.7961810855453735,0.9821405967846857,0.9446609859272728,0.9967754411094826,0.8609241378731142
00843-DYehNKdT76V,belief,484,toilet,1_3_60,1_3,5,0.7550243511052204,0.9890368903572464,0.9397223029121469,0.998409763728636,0.813654656507239
00843-DYehNKdT76V,belief,485,toilet brush,1_3_25,1_3,1,0.6632145544556788,0.9525012159631366,0.8819764034161617,0.9982597818780492,0.7908388010445879
00843-DYehNKdT76V,belief,485,toilet brush,1_3_9,1_3,2,0.20856475708488237,0.9649494321982877,0.9317344486598438,0.999921406820054,0.23199485319927543
00843-DYehNKdT76V,belief,485,toilet brush,1_3_28,1_3,3,0.05869905275541018,0.9481172178029303,0.9778242494406564,0.9992370975809158,0.06336358005347
00843-DYehNKdT76V,belief,485,toilet brush,0_1_239,0_1,4,0.022304085199154017,0.9821405967846857,0.9446609859272728,0.9967754411094826,0.024117786355068907
00843-DYehNKdT76V,belief,485,toilet brush,1_3_60,1_3,5,0.01478214371799135,0.9890368903572464,0.9397223029121469,0.998409763728636,0.015930029345009467
00843-DYehNKdT76V,belief,486,toilet cleaner,1_3_9,1_3,1,0.3923832332290238,0.9649494321982877,0.9317344486598438,0.999921406820054,0.4364634364077934
00843-DYehNKdT76V,belief,486,toilet cleaner,1_3_25,1_3,2,0.2815192428711317,0.9525012159631366,0.8819764034161617,0.9982597818780492,0.3356927844955252
00843-DYehNKdT76V,belief,486,toilet cleaner,1_3_28,1_3,3,0.050783129786842095,0.9481172178029303,0.9778242494406564,0.9992370975809158,0.05481861731265752
00843-DYehNKdT76V,belief,486,toilet cleaner,0_1_239,0_1,4,0.042759776389322816,0.9821405967846857,0.9446609859272728,0.9967754411094826,0.04623687285714471
00843-DYehNKdT76V,belief,486,toilet cleaner,1_3_60,1_3,5,0.010741282072803693,0.9890368903572464,0.9397223029121469,0.998409763728636,0.011575380532563097
00843-DYehNKdT76V,belief,487,toilet paper,1_3_25,1_3,1,0.5581302721256451,0.9525012159631366,0.8819764034161617,0.9982597818780492,0.6655328539899105
00843-DYehNKdT76V,belief,487,toilet paper,1_3_9,1_3,2,0.5064958296907063,0.9649494321982877,0.9317344486598438,0.999921406820054,0.5633954043698681
00843-DYehNKdT76V,belief,487,toilet paper,0_1_239,0_1,3,0.3697480897714858,0.9821405967846857,0.9446609859272728,0.9967754411094826,0.39981489286284516
00843-DYehNKdT76V,belief,487,toilet paper,1_4_4,1_4,4,0.2948694503561467,0.9604974377566509,0.9333039611037679,0.997775576049243,0.32966860595149855
00843-DYehNKdT76V,belief,487,toilet paper,1_3_28,1_3,5,0.10161465521547897,0.9481172178029303,0.9778242494406564,0.9992370975809158,0.10968947603261475
00843-DYehNKdT76V,belief,488,toiletry,1_2_76,1_2,1,0.02191131127015146,0.942806341534569,0.9408458021327656,0.9921317006662198,0.024897634974784838
00843-DYehNKdT76V,belief,488,toiletry,1_3_28,1_3,2,0.005732992685042357,0.9481172178029303,0.9778242494406564,0.9992370975809158,0.006188565639351958
00843-DYehNKdT76V,belief,488,toiletry,1_4_8,1_4,3,0.0050644856005261545,0.9743140197935558,0.9235141748461707,0.9956632109589073,0.005653017925003307
00843-DYehNKdT76V,belief,488,toiletry,1_4_48,1_4,4,0.004258537426905414,0.9806030835892515,0.9241325066878794,0.9962301687697346,0.004717080389005692
00843-DYehNKdT76V,belief,488,toiletry,1_3_9,1_3,5,0.0041184960787277215,0.9649494321982877,0.9317344486598438,0.999921406820054,0.004581166571672361
00843-DYehNKdT76V,belief,489,tool,1_3_57,1_3,1,0.5372046058843108,0.9890211925806407,0.9441794864337028,0.9512918709778422,0.6047359453172919
00843-DYehNKdT76V,belief,489,tool,1_3_88,1_3,2,0.4751136190405182,0.99829835006895,0.955907843376087,0.9769068369357317,0.5096452162653902
00843-DYehNKdT76V,belief,489,tool,1_3_54,1_3,3,0.4454053495308193,0.941113903792432,0.9244435352694754,0.9559429780825363,0.5355510338597332
00843-DYehNKdT76V,belief,489,tool,0_0_78,0_0,4,0.4167164212165183,0.963765688809232,0.9422223562364715,0.9909263109117502,0.4630995824134329
00843-DYehNKdT76V,belief,489,tool,1_3_90,1_3,5,0.34773524309322473,0.9919541122582689,0.9028651395659981,0.9685122018860778,0.4008936204190954
00843-DYehNKdT76V,belief,490,tool rack,1_2_32,1_2,1,0.014462756616922654,0.8740630681386236,0.9406879058359745,0.9767290659430526,0.01800896007230995
00843-DYehNKdT76V,belief,490,tool rack,0_1_438,0_1,2,0.0014988295435214138,0.9830626154244656,0.9492579773117595,0.9908523367719705,0.001620980799578339
00843-DYehNKdT76V,belief,490,tool rack,0_1_160,0_1,3,0.0013969355594678561,0.9642698976489291,0.94104647935935,0.9929094676742963,0.001550447400563984
00843-DYehNKdT76V,belief,490,tool rack,0_1_88,0_1,4,0.0010614949478656795,0.8068283026811307,0.89866319097309,0.9914132177713244,0.0014766757703008687
00843-DYehNKdT76V,belief,490,tool rack,0_1_156,0_1,5,0.0010145371198155314,0.9458406268761901,0.8865747907319168,0.9927404770196455,0.0012187057753785457
00843-DYehNKdT76V,belief,491,toothbrush,1_2_53,1_2,1,0.06679859612939693,0.9302806167868135,0.9581161640166612,0.5606048415292368,0.1336836676132306
00843-DYehNKdT76V,belief,491,toothbrush,1_4_52,1_4,2,0.030839777008488035,0.9532633240056497,0.9239660081377165,0.9872553789832017,0.03546605163930388
00843-DYehNKdT76V,belief,491,toothbrush,1_3_34,1_3,3,0.001807618638707823,0.9464904014889458,0.9437432982255185,0.990731601426993,0.0020425876426703998
00843-DYehNKdT76V,belief,491,toothbrush,1_2_76,1_2,4,0.0015447557208928962,0.942806341534569,0.9408458021327656,0.9921317006662198,0.0017552926700646558
00843-DYehNKdT76V,belief,491,toothbrush,1_2_15,1_2,5,0.0014698790096037185,0.9828480780124664,0.9780048444875349,0.9946795413084436,0.001537343811232078
00843-DYehNKdT76V,belief,492,toothpaste,1_2_53,1_2,1,0.024944741233024804,0.9302806167868135,0.9581161640166612,0.5606048415292368,0.049921775140813016
00843-DYehNKdT76V,belief,492,toothpaste,1_2_76,1_2,2,0.02206805379382622,0.942806341534569,0.9408458021327656,0.9921317006662198,0.025075740159425108
00843-DYehNKdT76V,belief,492,toothpaste,1_2_77,1_2,3,0.019986898616981334,0.9046247520577104,0.9425694513864845,0.9827509224583227,0.023851743074823302
00843-DYehNKdT76V,belief,492,toothpaste,1_2_21,1_2,4,0.01920350728471541,0.9611740614687216,0.9432227487922564,0.9947304795584492,0.021294077004333167
00843-DYehNKdT76V,belief,492,toothpaste,1_1_42,1_1,5,0.013230534129694863,0.9771371930318428,0.9385776611425107,0.9711227155799821,0.014855165919498543
00843-DYehNKdT76V,belief,493,towel,1_2_37,1_2,1,0.44143126221275325,0.9585235855633154,0.8799579040818737,0.8838913897802444,0.592106028805138
00843-DYehNKdT76V,belief,493,towel,1_2_33,1_2,2,0.12104210890517113,0.976415196027367,0.951046343889537,0.9950827511022778,0.13099088413490492
00843-DYehNKdT76V,belief,493,towel,1_2_61,1_2,3,0.11870416678129463,0.975279491146601,0.9285463251383674,0.9950620313128739,0.1317295297805328
00843-DYehNKdT76V,belief,493,towel,0_0_138,0_0,4,0.07882646584578533,0.9629630498312137,0.9064093631906223,0.927548297970935,0.09736469698983205
00843-DYehNKdT76V,belief,493,towel,1_1_44,1_1,5,0.05976150384465055,0.8411572927150172,0.8822237731068292,0.9704062293464167,0.0829873641729872
00843-DYehNKdT76V,belief,494,towel bar,1_3_33,1_3,1,0.029087479204322798,0.8445491488228882,0.9699769634310842,0.9918222223796742,0.03580023706354128
00843-DYehNKdT76V,belief,494,towel bar,1_4_52,1_4,2,0.022876143533550147,0.9532633240056497,0.9239660081377165,0.9872553789832017,0.02630779358896517
00843-DYehNKdT76V,belief,494,towel bar,0_0_20,0_0,3,0.013048618161072185,0.9644929054041022,0.914877621336939,0.9893571075290852,0.01494684058601697
00843-DYehNKdT76V,belief,494,towel bar,0_1_440,0_1,4,0.012741099135511032,0.9700531617744066,0.9187801812437852,0.9848361199155515,0.014515626080084646
00843-DYehNKdT76V,belief,494,towel bar,1_4_8,1_4,5,0.012150817505676795,0.9743140197935558,0.9235141748461707,0.9956632109589073,0.013562836303828912
00843-DYehNKdT76V,belief,495,toy,1_2_80,1_2,1,0.009280270688401423,0.9223813414573669,0.9999999999999999,0.7388555937006641,0.013617286321771596
00843-DYehNKdT76V,belief,495,toy,0_0_138,0_0,2,0.008723880083058966,0.9629630498312137,0.9064093631906223,0.927548297970935,0.010775542601699458
00843-DYehNKdT76V,belief,495,toy,0_0_150,0_0,3,0.00646278010480275,0.965007754848284,0.8903604479595748,0.9904448074336956,0.007594381977254245
00843-DYehNKdT76V,belief,495,toy,1_2_77,1_2,4,0.006368721225295957,0.9046247520577104,0.9425694513864845,0.9827509224583227,0.007600233797747436
00843-DYehNKdT76V,belief,495,toy,0_0_139,0_0,5,0.004795450152832255,0.9773783838738362,0.9126945040022725,0.9537391599400015,0.005636527121419286
00843-DYehNKdT76V,belief,496,traffic cone,0_0_69,0_0,1,0.004088140277841836,0.9899780835122496,0.93172948299191,0.9937335088752389,0.004460057282418221
00843-DYehNKdT76V,belief,496,traffic cone,1_1_3,1_1,2,0.0002906900789361031,0.9482779715530216,0.9575854652740334,0.9084999183286149,0.0003523644691882961
00843-DYehNKdT76V,belief,496,traffic cone,1_3_50,1_3,3,0.00015954292632498808,0.980957429950183,0.9405407460941836,0.9633131036565776,0.00017950738070713715
00843-DYehNKdT76V,belief,496,traffic cone,0_0_96,0_0,4,0.000151182385674306,0.9637162017306503,0.9270797046271217,0.9624881514546729,0.00017580837848151727
00843-DYehNKdT76V,belief,496,traffic cone,1_3_36,1_3,5,0.0001449660137918607,0.9859456788137477,0.9241327409304635,0.9538394108799035,0.00016680289709358734
00843-DYehNKdT76V,belief,497,trampoline,1_5_6,1_5,1,0.010248770233673765,0.9588170032024875,0.9146328304411353,0.9575547673228872,0.01220465818964033
00843-DYehNKdT76V,belief,497,trampoline,1_0_48,1_0,2,0.0035689491382230767,0.9812915258937414,0.946765474941883,0.9922180436923738,0.0038716204702420815
00843-DYehNKdT76V,belief,497,trampoline,0_1_462,0_1,3,0.002334330739398283,0.9418686537947638,0.8993247118650758,0.9753604323971826,0.002825467946735931
00843-DYehNKdT76V,belief,497,trampoline,0_0_9,0_0,4,0.0017014136703006424,0.9793394401351101,0.8961672422804065,0.9761343014830198,0.001985994465136214
00843-DYehNKdT76V,belief,497,trampoline,1_1_0,1_1,5,0.0015719309653340109,0.9772415238662819,0.9484882210408009,0.9782987840388347,0.0017335169852082364
00843-DYehNKdT76V,belief,498,trash bag,0_0_206,0_0,1,0.7264941613551898,0.9814853265220894,0.9195804511596174,0.9274013946803599,0.8679422751801367
00843-DYehNKdT76V,belief,498,trash bag,0_0_139,0_0,2,0.37780972923157546,0.9773783838738362,0.9126945040022725,0.9537391599400015,0.4440740113401285
00843-DYehNKdT76V,belief,498,trash bag,0_1_540,0_1,3,0.1385261166192364,0.9827531129271098,0.9459855066032241,0.9815486973495555,0.15180668537105557
00843-DYehNKdT76V,belief,498,trash bag,1_3_50,1_3,4,0.1351693521033976,0.980957429950183,0.9405407460941836,0.9633131036565776,0.15208381159147247
00843-DYehNKdT76V,belief,498,trash bag,0_0_150,0_0,5,0.11886692630247174,0.965007754848284,0.8903604479595748,0.9904448074336956,0.13967995632904978
00843-DYehNKdT76V,belief,499,tray,1_4_69,1_4,1,0.040102121670627364,0.9560002726693116,0.9494992903207446,0.975985381475487,0.04526592264685516
00843-DYehNKdT76V,belief,499,tray,0_1_103,0_1,2,0.028696684450039537,0.9779813712261715,0.9412826395790822,0.9723560330100327,0.032059428618511604
00843-DYehNKdT76V,belief,499,tray,1_3_33,1_3,3,0.020946639237393833,0.8445491488228882,0.9699769634310842,0.9918222223796742,0.025780668208324156
00843-DYehNKdT76V,belief,499,tray,0_0_23,0_0,4,0.014305301350228849,0.9922768245475743,0.9327734893667579,0.9975337526532961,0.015493886454097378
00843-DYehNKdT76V,belief,499,tray,0_1_50,0_1,5,0.013479692474045952,0.8995654442986935,0.9391863317821885,0.9979349621854272,0.01598796608644114
00843-DYehNKdT76V,belief,500,treadmill,0_1_462,0_1,1,0.023078036071585324,0.9418686537947638,0.8993247118650758,0.9753604323971826,0.02793359573831772
00843-DYehNKdT76V,belief,500,treadmill,1_0_49,1_0,2,0.007059624189970326,0.9251528958671468,0.9543218463319678,0.9870580496563442,0.008100848488371688
00843-DYehNKdT76V,belief,500,treadmill,1_0_60,1_0,3,0.006642807593720415,0.9772412829792712,0.9570026725374263,0.9890292445386574,0.007181705370942645
00843-DYehNKdT76V,belief,500,treadmill,1_0_48,1_0,4,0.0055363557022942295,0.9812915258937414,0.946765474941883,0.9922180436923738,0.006005876586466513
00843-DYehNKdT76V,belief,500,treadmill,1_3_110,1_3,5,0.004681326076463934,0.9626770556784,0.9336481703550205,0.9940737945026418,0.005239458395629929
00843-DYehNKdT76V,belief,501,tree,0_1_223,0_1,1,0.2902395734487583,0.9417414639677321,0.9365569549357925,0.8731500620167224,0.3768789247855589
00843-DYehNKdT76V,belief,501,tree,0_1_319,0_1,2,0.21112031106494042,0.9034680818888919,0.9310612201253905,0.9933041087451547,0.2526717759348173
00843-DYehNKdT76V,belief,501,tree,0_1_186,0_1,3,0.1315441409280882,0.9647582650917285,0.8776003249922708,0.9961374303802388,0.15596852554675247
00843-DYehNKdT76V,belief,501,tree,0_1_234,0_1,4,0.11937733397901534,0.9842831522494822,0.9225357286297615,0.9922540366176288,0.13249386070038663
00843-DYehNKdT76V,belief,501,tree,0_1_121,0_1,5,0.11603296072093167,0.9515834784381637,0.909913213503905,0.9964522936449022,0.13448628527887443
00843-DYehNKdT76V,belief,502,tree branch,0_1_319,0_1,1,0.0006239363342428358,0.9034680818888919,0.9310612201253905,0.9933041087451547,0.000746735834407253
00843-DYehNKdT76V,belief,502,tree branch,0_0_56,0_0,2,0.00040722464138074325,0.9208643711446711,0.9314319749373114,0.9511159199857006,0.0004991761023222987
00843-DYehNKdT76V,belief,502,tree branch,0_1_391,0_1,3,0.00036021659158021755,0.6704365543454711,0.9033509582573638,0.9946719924994545,0.0005979565508533725
00843-DYehNKdT76V,belief,502,tree branch,0_1_223,0_1,4,0.0002559749082026758,0.9417414639677321,0.9365569549357925,0.8731500620167224,0.00033238592184100846
00843-DYehNKdT76V,belief,502,tree branch,0_1_197,0_1,5,0.00022915596935888628,0.9845521586272165,0.942423683826586,0.6139240785376213,0.0004022829139715244
00843-DYehNKdT76V,belief,503,trimmer,1_3_50,1_3,1,0.013600532713821424,0.980957429950183,0.9405407460941836,0.9633131036565776,0.0153024396625815
00843-DYehNKdT76V,belief,503,trimmer,1_3_52,1_3,2,0.01133131053596549,0.9748788397992171,0.9318979332745038,0.9819365536129354,0.012702164175851157
00843-DYehNKdT76V,belief,503,trimmer,1_2_80,1_2,3,0.009068108727474156,0.9223813414573669,0.9999999999999999,0.7388555937006641,0.01330597318603021
00843-DYehNKdT76V,belief,503,trimmer,1_3_26,1_3,4,0.0072846138285336814,0.9036156361452257,0.9458904509131587,0.9783937814836982,0.008711005174564848
00843-DYehNKdT76V,belief,503,trimmer,1_3_92,1_3,5,0.006970674398828507,0.9539646483921005,0.9109889261068271,0.9737320247632445,0.008237396384156104
00843-DYehNKdT76V,belief,504,tripod,0_0_150,0_0,1,0.17693796250195457,0.965007754848284,0.8903604479595748,0.9904448074336956,0.20791895310167652
00843-DYehNKdT76V,belief,504,tripod,1_3_50,1_3,2,0.1212928586989668,0.980957429950183,0.9405407460941836,0.9633131036565776,0.13647087881026462
00843-DYehNKdT76V,belief,504,tripod,1_3_81,1_3,3,0.0986890916439293,0.9834038334840547,0.9578503178370077,0.9809958302355481,0.10680029336893329
00843-DYehNKdT76V,belief,504,tripod,1_3_76,1_3,4,0.06572805526600606,0.9844064164707843,0.9494789027194289,0.9858562686499828,0.07133085430152997
00843-DYehNKdT76V,belief,504,tripod,1_3_26,1_3,5,0.05707458444060858,0.9036156361452257,0.9458904509131587,0.9783937814836982,0.06825028918497336
00843-DYehNKdT76V,belief,505,trolley,1_3_50,1_3,1,0.007323194157907905,0.980957429950183,0.9405407460941836,0.9633131036565776,0.008239584367520566
00843-DYehNKdT76V,belief,505,trolley,0_1_452,0_1,2,0.0049449585307599474,0.9782128563528049,0.9363186659281952,0.9857334346999445,0.005477042598996248
00843-DYehNKdT76V,belief,505,trolley,1_3_26,1_3,3,0.003867907283796852,0.9036156361452257,0.9458904509131587,0.9783937814836982,0.004625277489922012
00843-DYehNKdT76V,belief,505,trolley,1_3_52,1_3,4,0.003291870616133485,0.9748788397992171,0.9318979332745038,0.9819365536129354,0.003690118709488272
00843-DYehNKdT76V,belief,505,trolley,1_5_6,1_5,5,0.0029882856324186854,0.9588170032024875,0.9146328304411353,0.9575547673228872,0.003558573749351182
00843-DYehNKdT76V,belief,506,trombone,1_2_70,1_2,1,0.034752890188679435,0.9921973288658203,0.9567058481596832,0.9883380198610181,0.03704323813293795
00843-DYehNKdT76V,belief,506,trombone,0_1_462,0_1,2,0.015732159242982033,0.9418686537947638,0.8993247118650758,0.9753604323971826,0.01904216524409439
00843-DYehNKdT76V,belief,506,trombone,0_1_124,0_1,3,0.011368856429712847,0.9608011469981835,0.907066288935392,0.8885370060988494,0.01468144229072621
00843-DYehNKdT76V,belief,506,trombone,0_1_320,0_1,4,0.011288493905621838,0.875539102836659,0.919038387096194,0.880281086393772,0.01593695819109014
00843-DYehNKdT76V,belief,506,trombone,1_3_50,1_3,5,0.011224756023211543,0.980957429950183,0.9405407460941836,0.9633131036565776,0.012629369406820148
00843-DYehNKdT76V,belief,507,trophy,0_1_203,0_1,1,0.10269673393867236,0.8076528700569617,0.9123548348488317,0.9465244035251551,0.14724355618763857
00843-DYehNKdT76V,belief,507,trophy,0_1_32,0_1,2,0.08225039717431933,0.9519735498216451,0.9189764084002812,0.9524318186699501,0.09871311655519824
00843-DYehNKdT76V,belief,507,trophy,0_0_13,0_0,3,0.07454781353895326,0.9854814735044656,0.9272242679806945,0.7817140141438867,0.10436473110160105
00843-DYehNKdT76V,belief,507,trophy,0_1_41,0_1,4,0.06703003652218974,0.9564920398416932,0.8987550674612226,0.9600550722549631,0.08121768332487829
00843-DYehNKdT76V,belief,507,trophy,0_0_63,0_0,5,0.02977429974822489,0.9822504664022416,0.9292111171508732,0.9953290798923438,0.032774662084944846
00843-DYehNKdT76V,belief,508,trough,0_1_533,0_1,1,0.11549804826225041,0.9959330852660868,0.9254386556005898,0.9315590758116061,0.13451987279490898
00843-DYehNKdT76V,belief,508,trough,1_0_60,1_0,2,0.1102043893654548,0.9772412829792712,0.9570026725374263,0.9890292445386574,0.11914472063823142
00843-DYehNKdT76V,belief,508,trough,1_2_43,1_2,3,0.10007352886185523,0.9106713583072026,0.9321414403488182,0.9805656234895646,0.1202261824327561
00843-DYehNKdT76V,belief,508,trough,1_4_47,1_4,4,0.07810433706030835,0.9842915937718417,0.9206074345181525,0.7981678496961124,0.10798978245235887
00843-DYehNKdT76V,belief,508,trough,0_1_462,0_1,5,0.0745013882284291,0.9418686537947638,0.8993247118650758,0.9753604323971826,0.09017628944946192
00843-DYehNKdT76V,belief,509,trumpet,1_4_52,1_4,1,0.004405195517029707,0.9532633240056497,0.9239660081377165,0.9872553789832017,0.0050660188510832935
00843-DYehNKdT76V,belief,509,trumpet,1_2_70,1_2,2,0.003291368684177684,0.9921973288658203,0.9567058481596832,0.9883380198610181,0.003508282427428276
00843-DYehNKdT76V,belief,509,trumpet,1_2_67,1_2,3,0.002878791992718568,0.9759155185773507,0.954035090500391,0.5797752688490779,0.0053330300059831765
00843-DYehNKdT76V,belief,509,trumpet,1_2_36,1_2,4,0.002878459620187758,0.7530531658976591,0.932540767366627,0.9682557216736531,0.004233276191222747
00843-DYehNKdT76V,belief,509,trumpet,1_3_50,1_3,5,0.0026505353241659175,0.980957429950183,0.9405407460941836,0.9633131036565776,0.0029822108975460534
00843-DYehNKdT76V,belief,510,tv,1_5_46,1_5,1,0.48207121967987415,0.9197420893293762,0.9646341256254705,0.998880172605989,0.5439627099220937
00843-DYehNKdT76V,belief,510,tv,1_5_42,1_5,2,0.478747168983305,0.9882390149429545,0.9385418767353852,0.9990467822052411,0.5166598848615075
00843-DYehNKdT76V,belief,510,tv,1_5_47,1_5,3,0.474326184755944,0.9770897726217906,0.9682366274477943,0.9988515690416854,0.5019496652943994
00843-DYehNKdT76V,belief,510,tv,1_5_48,1_5,4,0.21777791163858315,0.9486530518431341,0.9421632237687294,0.9979949629213076,0.24414729857310502
00843-DYehNKdT76V,belief,510,tv,0_1_201,0_1,5,0.1958089272427725,0.9706259968253805,0.933402225843091,0.9952540496771848,0.2171589751592554
00843-DYehNKdT76V,belief,511,tv stand,0_1_94,0_1,1,0.21383442444514378,0.9754185072358882,0.9304325087145628,0.998468580443847,0.2359757371558462
00843-DYehNKdT76V,belief,511,tv stand,0_1_50,0_1,2,0.1481190657323126,0.8995654442986935,0.9391863317821885,0.9979349621854272,0.17568075861101334
00843-DYehNKdT76V,belief,511,tv stand,1_5_42,1_5,3,0.03364170006453018,0.9882390149429545,0.9385418767353852,0.9990467822052411,0.036305837418939724
00843-DYehNKdT76V,belief,511,tv stand,1_5_46,1_5,4,0.026169830876152708,0.9197420893293762,0.9646341256254705,0.998880172605989,0.029529686777501722
00843-DYehNKdT76V,belief,511,tv stand,1_5_47,1_5,5,0.02468116476544144,0.9770897726217906,0.9682366274477943,0.9988515690416854,0.026118529381766346
00843-DYehNKdT76V,belief,512,typewriter,0_1_445,0_1,1,0.006522774573557148,0.9930919171076771,0.9291705261612009,0.9572407295700266,0.007384588984274707
00843-DYehNKdT76V,belief,512,typewriter,1_5_6,1_5,2,0.0044108946406969775,0.9588170032024875,0.9146328304411353,0.9575547673228872,0.0052526752159342644
00843-DYehNKdT76V,belief,512,typewriter,0_1_128,0_1,3,0.002891879242292721,0.9519296470004605,0.9141135570616024,0.9535277492001387,0.003485313231414176
00843-DYehNKdT76V,belief,512,typewriter,0_1_320,0_1,4,0.0026426581046724777,0.875539102836659,0.919038387096194,0.880281086393772,0.003730872522023193
00843-DYehNKdT76V,belief,512,typewriter,0_1_540,0_1,5,0.0022784277119296367,0.9827531129271098,0.9459855066032241,0.9815486973495555,0.0024968617272099706
00843-DYehNKdT76V,belief,513,ukulele,0_0_138,0_0,1,0.000637649668803296,0.9629630498312137,0.9064093631906223,0.927548297970935,0.000787610685352313
00843-DYehNKdT76V,belief,513,ukulele,1_3_50,1_3,2,0.00044674074431619147,0.980957429950183,0.9405407460941836,0.9633131036565776,0.0005026437881927975
00843-DYehNKdT76V,belief,513,ukulele,0_1_292,0_1,3,0.00042088025445133527,0.9849543831680181,0.9395454496160889,0.923930123457731,0.000492249760734416
00843-DYehNKdT76V,belief,513,ukulele,1_3_11,1_3,4,0.00021899390819321931,0.9339616149663925,0.954779716459494,0.9751058091412136,0.0002518535511127113
00843-DYehNKdT76V,belief,513,ukulele,1_2_80,1_2,5,0.00021113722700467135,0.9223813414573669,0.9999999999999999,0.7388555937006641,0.0003098095055460877
00843-DYehNKdT76V,belief,514,umbrella,1_3_40,1_3,1,0.06111920070881357,0.9852132399876913,0.9117462835944191,0.9840212788428917,0.06914629821919842
00843-DYehNKdT76V,belief,514,umbrella,1_3_70,1_3,2,0.03428046228834064,0.9599535893916062,0.9158211851620597,0.9933139931875528,0.03925538073899697
00843-DYehNKdT76V,belief,514,umbrella,1_2_30,1_2,3,0.02532055734292816,0.9624300740038356,0.9421918755261836,0.8845438782023599,0.031567874356069524
00843-DYehNKdT76V,belief,514,umbrella,1_3_81,1_3,4,0.02382937104712334,0.9834038334840547,0.9578503178370077,0.9809958302355481,0.025787893841522535
00843-DYehNKdT76V,belief,514,umbrella,1_3_76,1_3,5,0.016838603591594014,0.9844064164707843,0.9494789027194289,0.9858562686499828,0.018273961926489796
00843-DYehNKdT76V,belief,515,umbrella stand,1_3_50,1_3,1,0.006750804346866691,0.980957429950183,0.9405407460941836,0.9633131036565776,0.0075955683770267965
00843-DYehNKdT76V,belief,515,umbrella stand,1_3_110,1_3,2,0.003926851873882731,0.9626770556784,0.9336481703550205,0.9940737945026418,0.004395031809993274
00843-DYehNKdT76V,belief,515,umbrella stand,0_0_25,0_0,3,0.002929910385196431,0.976284574870167,0.9384715163509781,0.9897532177130224,0.003230947427157915
00843-DYehNKdT76V,belief,515,umbrella stand,1_3_11,1_3,4,0.0020998758868385255,0.9339616149663925,0.954779716459494,0.9751058091412136,0.002414958495236406
00843-DYehNKdT76V,belief,515,umbrella stand,1_3_31,1_3,5,0.0017910265631622074,0.9638942027943476,0.9646550528232136,0.9898707049488127,0.001945907283895863
00843-DYehNKdT76V,belief,516,unknown,1_5_58,1_5,1,0.6648089533857344,0.9762915252017325,0.9644434330060133,0.9232870139629648,0.7647224725728995
00843-DYehNKdT76V,belief,516,unknown,1_3_75,1_3,2,0.654530358580082,0.9921967685222626,0.951817460848409,0.9078572203348356,0.763415137459696
00843-DYehNKdT76V,belief,516,unknown,1_5_10,1_5,3,0.6328331164237796,0.928054757403589,0.9104117758509587,0.9528538039236715,0.7860523273925368
00843-DYehNKdT76V,belief,516,unknown,1_3_87,1_3,4,0.5973177514087565,0.9870715958513182,0.9405775202396902,0.9925715632624262,0.6481870396614587
00843-DYehNKdT76V,belief,516,unknown,1_3_82,1_3,5,0.5264491966083322,0.9789335861107409,0.9211849408091151,0.9665561380022881,0.6039894121571362
00843-DYehNKdT76V,belief,517,vacuum cleaner,0_1_462,0_1,1,0.03415314691912644,0.9418686537947638,0.8993247118650758,0.9753604323971826,0.04133888153528281
00843-DYehNKdT76V,belief,517,vacuum cleaner,0_0_25,0_0,2,0.0197305381266066,0.976284574870167,0.9384715163509781,0.9897532177130224,0.021757775158821737
00843-DYehNKdT76V,belief,517,vacuum cleaner,0_0_139,0_0,3,0.009200818892582454,0.9773783838738362,0.9126945040022725,0.9537391599400015,0.010814556209426632
00843-DYehNKdT76V,belief,517,vacuum cleaner,0_0_138,0_0,4,0.00883780586585541,0.9629630498312137,0.9064093631906223,0.927548297970935,0.010916261194145377
00843-DYehNKdT76V,belief,517,vacuum cleaner,0_0_150,0_0,5,0.008264640850061773,0.965007754848284,0.8903604479595748,0.9904448074336956,0.00971173991724479
00843-DYehNKdT76V,belief,518,vanity,0_1_282,0_1,1,0.11618591148639916,0.9214817996535982,0.9073939634938382,0.9908472674642633,0.14023748216607645
00843-DYehNKdT76V,belief,518,vanity,1_4_62,1_4,2,0.08523092556143912,0.9760945489009222,0.9358768505907694,0.9966583061405601,0.09361389639914759
00843-DYehNKdT76V,belief,518,vanity,1_4_44,1_4,3,0.082809144422632,0.9833617308224974,0.9255068566229432,0.9973416922857284,0.09123077823875977
00843-DYehNKdT76V,belief,518,vanity,1_4_66,1_4,4,0.06825981511428734,0.9603024207786833,0.9883284112228381,0.997735964639386,0.07208421555740911
00843-DYehNKdT76V,belief,518,vanity,1_4_67,1_4,5,0.06551174549391207,0.9640939603983577,0.9320994790079531,0.9977670680678082,0.07306482994041964
00843-DYehNKdT76V,belief,519,vase,1_4_38,1_4,1,0.6545774937129387,0.9886873629553731,0.9416003183444412,0.8993706204953626,0.7818020278437747
00843-DYehNKdT76V,belief,519,vase,1_4_56,1_4,2,0.3882209174652375,0.9567796472621811,0.924531114648204,0.9630461617117145,0.45572029186297663
00843-DYehNKdT76V,belief,519,vase,0_1_203,0_1,3,0.14069610786587075,0.8076528700569617,0.9123548348488317,0.9465244035251551,0.20172594073246547
00843-DYehNKdT76V,belief,519,vase,1_4_40,1_4,4,0.13361503168230268,0.9682038516842577,0.9183961562008978,0.9167541580285928,0.1639100441126238
00843-DYehNKdT76V,belief,519,vase,0_0_13,0_0,5,0.12111836730481775,0.9854814735044656,0.9272242679806945,0.7817140141438867,0.1695621271122493
00843-DYehNKdT76V,belief,520,vegetables,0_1_22,0_1,1,0.0005157937911458,0.8418675887102173,0.9163745015099163,0.7140467709146733,0.0009363380332741097
00843-DYehNKdT76V,belief,520,vegetables,1_1_3,1_1,2,0.00011019901155474363,0.9482779715530216,0.9575854652740334,0.9084999183286149,0.00013357943399264568
00843-DYehNKdT76V,belief,520,vegetables,1_5_2,1_5,3,2.617659217880527e-05,0.9772781643307129,0.9378769255774422,0.7474623370007657,3.8208478686629205e-05
00843-DYehNKdT76V,belief,520,vegetables,0_0_56,0_0,4,2.5266785457840602e-05,0.9208643711446711,0.9314319749373114,0.9511159199857006,3.097203410946396e-05
00843-DYehNKdT76V,belief,520,vegetables,0_0_13,0_0,5,2.3800935509034103e-05,0.9854814735044656,0.9272242679806945,0.7817140141438867,3.332060480981037e-05
00843-DYehNKdT76V,belief,521,vessel,1_4_47,1_4,1,0.2966005191218307,0.9842915937718417,0.9206074345181525,0.7981678496961124,0.41009022982285015
00843-DYehNKdT76V,belief,521,vessel,0_1_540,0_1,2,0.09884528558435332,0.9827531129271098,0.9459855066032241,0.9815486973495555,0.10832163302722905
00843-DYehNKdT76V,belief,521,vessel,1_4_8,1_4,3,0.08832041540797486,0.9743140197935558,0.9235141748461707,0.9956632109589073,0.09858392950967218
00843-DYehNKdT76V,belief,521,vessel,1_4_49,1_4,4,0.06724321048155664,0.9814338362959883,0.9309150502804346,0.8210477265133794,0.08964146777722573
00843-DYehNKdT76V,belief,521,vessel,1_3_85,1_3,5,0.059662559065877994,0.989795633269982,0.9321050890090511,0.9641188856602314,0.06707502985046657
00843-DYehNKdT76V,belief,522,vinyl records,0_1_540,0_1,1,0.00036896832202302533,0.9827531129271098,0.9459855066032241,0.9815486973495555,0.00040434150137330606
00843-DYehNKdT76V,belief,522,vinyl records,1_3_78,1_3,2,0.0002611417041500793,0.9914629704982698,0.9538801574170834,0.8623652928701938,0.00032019507757489004
00843-DYehNKdT76V,belief,522,vinyl records,1_3_92,1_3,3,0.00021441114794332552,0.9539646483921005,0.9109889261068271,0.9737320247632445,0.00025337428112951816
00843-DYehNKdT76V,belief,522,vinyl records,1_0_29,1_0,4,0.00020706750969702508,0.953532313458504,0.9359291153099546,0.7947149285463072,0.0002919592346206077
00843-DYehNKdT76V,belief,522,vinyl records,1_0_55,1_0,5,0.00019820365415407969,0.9671517548377282,0.9733602082365177,0.8921241249202492,0.00023600334644396874
00843-DYehNKdT76V,belief,523,violin,1_3_50,1_3,1,0.01365974263554163,0.980957429950183,0.9405407460941836,0.9633131036565776,0.0153690588365223
00843-DYehNKdT76V,belief,523,violin,0_1_320,0_1,2,0.011124516139664547,0.875539102836659,0.919038387096194,0.880281086393772,0.015705456378520773
00843-DYehNKdT76V,belief,523,violin,0_0_138,0_0,3,0.008249535615329796,0.9629630498312137,0.9064093631906223,0.927548297970935,0.010189642867724221
00843-DYehNKdT76V,belief,523,violin,0_1_540,0_1,4,0.006728566120143563,0.9827531129271098,0.9459855066032241,0.9815486973495555,0.007373637151805754
00843-DYehNKdT76V,belief,523,violin,1_3_26,1_3,5,0.006418537197945551,0.9036156361452257,0.9458904509131587,0.9783937814836982,0.007675343135614802
00843-DYehNKdT76V,belief,524,violin case,0_0_138,0_0,1,0.031534323561482065,0.9629630498312137,0.9064093631906223,0.927548297970935,0.03895049493084925
00843-DYehNKdT76V,belief,524,violin case,0_1_462,0_1,2,0.014783556564108569,0.9418686537947638,0.8993247118650758,0.9753604323971826,0.017893978991774508
00843-DYehNKdT76V,belief,524,violin case,0_0_25,0_0,3,0.012532632270730423,0.976284574870167,0.9384715163509781,0.9897532177130224,0.01382031211439867
00843-DYehNKdT76V,belief,524,violin case,0_1_540,0_1,4,0.0071962097439854525,0.9827531129271098,0.9459855066032241,0.9815486973495555,0.007886114006011366
00843-DYehNKdT76V,belief,524,violin case,1_3_26,1_3,5,0.006442763915754664,0.9036156361452257,0.9458904509131587,0.9783937814836982,0.007704313657479841
00843-DYehNKdT76V,belief,525,waffle iron,1_3_41,1_3,1,0.003978551370523037,0.9966604680587084,0.9056167389469361,0.9906336886465524,0.004449592128119127
00843-DYehNKdT76V,belief,525,waffle iron,1_0_45,1_0,2,0.0001579201715405983,0.9369813383206772,0.9705055843518378,0.9977215173508981,0.0001740601240283889
00843-DYehNKdT76V,belief,525,waffle iron,0_1_428,0_1,3,0.0001365602554999441,0.9504784226384762,0.9173926681949583,0.9634444529325344,0.00016255491786264063
00843-DYehNKdT76V,belief,525,waffle iron,0_1_22,0_1,4,0.00010743387884477905,0.8418675887102173,0.9163745015099163,0.7140467709146733,0.0001950283786880526
00843-DYehNKdT76V,belief,525,waffle iron,1_5_6,1_5,5,9.649082171357668e-05,0.9588170032024875,0.9146328304411353,0.9575547673228872,0.00011490524917637788
00843-DYehNKdT76V,belief,526,wardrobe,0_1_471,0_1,1,0.014392891025202553,0.9939923349997591,0.9228239798167677,0.9980069662780983,0.015722172529059764
00843-DYehNKdT76V,belief,526,wardrobe,0_1_342,0_1,2,0.013103994747118765,0.9546106727032884,0.928778995754004,0.9943175272880346,0.01486414538538583
00843-DYehNKdT76V,belief,526,wardrobe,1_4_6,1_4,3,0.012298548045900758,0.9666411922582983,0.9184609574384055,0.9989425840150374,0.013867153314329162
00843-DYehNKdT76V,belief,526,wardrobe,1_4_13,1_4,4,0.011891288666431176,0.9290849016938865,0.9089086498394339,0.998957479001478,0.014096337206057555
00843-DYehNKdT76V,belief,526,wardrobe,1_3_10,1_3,5,0.00976130915148675,0.830226831138134,1.0,0.988230031696447,0.01189743265464446
00843-DYehNKdT76V,belief,527,washing machine,0_0_154,0_0,1,0.023851808751054575,0.9840763237948781,0.9170565567403103,0.9963283304427593,0.026527354149324122
00843-DYehNKdT76V,belief,527,washing machine,0_0_195,0_0,2,0.011100774760797145,0.9645006602849384,0.9160387031609623,0.9931430619984839,0.012651007849093263
00843-DYehNKdT76V,belief,527,washing machine,0_0_205,0_0,3,0.006878793882326868,0.9367758433459665,0.9134917348335425,0.9936248243861882,0.008090019302144522
00843-DYehNKdT76V,belief,527,washing machine,0_0_186,0_0,4,0.005874790192244518,0.9735537447253744,0.9446280882247137,0.9956947248446751,0.006415719503479321
00843-DYehNKdT76V,belief,527,washing machine,0_0_150,0_0,5,0.005102579332750327,0.965007754848284,0.8903604479595748,0.9904448074336956,0.005996016558470201
00843-DYehNKdT76V,belief,528,washing powder,1_2_35,1_2,1,0.021557938988201165,0.9605170886231283,0.9185541082990387,0.9911884749713264,0.024651375385665697
00843-DYehNKdT76V,belief,528,washing powder,1_2_76,1_2,2,0.01880161872166631,0.942806341534569,0.9408458021327656,0.9921317006662198,0.021364118016287608
00843-DYehNKdT76V,belief,528,washing powder,0_0_139,0_0,3,0.013495604638658626,0.9773783838738362,0.9126945040022725,0.9537391599400015,0.01586260708409706
00843-DYehNKdT76V,belief,528,washing powder,1_2_21,1_2,4,0.010220667834095963,0.9611740614687216,0.9432227487922564,0.9947304795584492,0.011333330139550906
00843-DYehNKdT76V,belief,528,washing powder,1_2_33,1_2,5,0.008362307200130972,0.976415196027367,0.951046343889537,0.9950827511022778,0.0090496276333966
00843-DYehNKdT76V,belief,529,washing stuff,1_2_35,1_2,1,0.01032914325283256,0.9605170886231283,0.9185541082990387,0.9911884749713264,0.011811314053595347
00843-DYehNKdT76V,belief,529,washing stuff,1_2_76,1_2,2,0.00815282641689413,0.942806341534569,0.9408458021327656,0.9921317006662198,0.009263986697917507
00843-DYehNKdT76V,belief,529,washing stuff,1_2_33,1_2,3,0.006996280311386445,0.976415196027367,0.951046343889537,0.9950827511022778,0.007571323334775325
00843-DYehNKdT76V,belief,529,washing stuff,1_2_61,1_2,4,0.006794125214930912,0.975279491146601,0.9285463251383674,0.9950620313128739,0.007539641986467675
00843-DYehNKdT76V,belief,529,washing stuff,0_0_150,0_0,5,0.0034481167749586695,0.965007754848284,0.8903604479595748,0.9904448074336956,0.004051865523283711
00843-DYehNKdT76V,belief,530,watch,1_3_81,1_3,1,0.013480595136045263,0.9834038334840547,0.9578503178370077,0.9809958302355481,0.014588557776091478
00843-DYehNKdT76V,belief,530,watch,0_1_320,0_1,2,0.012343634626734096,0.875539102836659,0.919038387096194,0.880281086393772,0.01742659300851324
00843-DYehNKdT76V,belief,530,watch,1_2_80,1_2,3,0.010249029579275152,0.9223813414573669,0.9999999999999999,0.7388555937006641,0.015038782271267639
00843-DYehNKdT76V,belief,530,watch,0_1_428,0_1,4,0.009093291358104572,0.9504784226384762,0.9173926681949583,0.9634444529325344,0.01082422718386283
00843-DYehNKdT76V,belief,530,watch,0_1_49,0_1,5,0.0065141085842275815,0.9713503895517414,0.9371962705758853,0.9929130856504135,0.007206714025282855
00843-DYehNKdT76V,belief,531,water dispenser,0_0_25,0_0,1,0.11253711346205508,0.976284574870167,0.9384715163509781,0.9897532177130224,0.12409986975612844
00843-DYehNKdT76V,belief,531,water dispenser,0_0_102,0_0,2,0.009539667408144341,0.9615525275664146,0.9240204314611016,0.9962270382349404,0.010777556817833494
00843-DYehNKdT76V,belief,531,water dispenser,1_2_76,1_2,3,0.007994267456965467,0.942806341534569,0.9408458021327656,0.9921317006662198,0.009083817512348808
00843-DYehNKdT76V,belief,531,water dispenser,0_0_57,0_0,4,0.007521326313767255,0.9566480149300038,0.9073182929576673,0.9990876571174966,0.008673192701046894
00843-DYehNKdT76V,belief,531,water dispenser,0_0_128,0_0,5,0.006982647789277348,0.8647045161989,0.9183245876455937,0.9986867217610517,0.00880495054597578
00843-DYehNKdT76V,belief,532,water heater,1_4_54,1_4,1,0.11212813869166392,0.9658132151890828,0.9094788808882326,0.9949866695848134,0.12829554868594298
00843-DYehNKdT76V,belief,532,water heater,1_4_57,1_4,2,0.09003522720606509,0.9668996380040957,0.9557832249732348,0.9948929777892062,0.09792538728043382
00843-DYehNKdT76V,belief,532,water heater,0_0_25,0_0,3,0.08663056753891621,0.976284574870167,0.9384715163509781,0.9897532177130224,0.09553152571399413
00843-DYehNKdT76V,belief,532,water heater,0_0_124,0_0,4,0.04898111644318665,0.9883392753662962,0.9237802086659712,0.994280926238473,0.05395663587019276
00843-DYehNKdT76V,belief,532,water heater,0_1_282,0_1,5,0.042655943671073816,0.9214817996535982,0.9073939634938382,0.9908472674642633,0.05148612308773452
00843-DYehNKdT76V,belief,533,water meter,0_0_139,0_0,1,0.003955864606176268,0.9773783838738362,0.9126945040022725,0.9537391599400015,0.004649686146399845
00843-DYehNKdT76V,belief,533,water meter,1_2_76,1_2,2,0.003546099141180231,0.942806341534569,0.9408458021327656,0.9921317006662198,0.004029402024961198
00843-DYehNKdT76V,belief,533,water meter,1_4_37,1_4,3,0.0013618433500208805,0.9580020877376413,0.9262587403832268,0.9988912539181065,0.0015364207691980177
00843-DYehNKdT76V,belief,533,water meter,1_4_57,1_4,4,0.001150418755551419,0.9668996380040957,0.9557832249732348,0.9948929777892062,0.0012512347185420173
00843-DYehNKdT76V,belief,533,water meter,1_0_45,1_0,5,0.0008835968159465724,0.9369813383206772,0.9705055843518378,0.9977215173508981,0.0009739032694452912
00843-DYehNKdT76V,belief,534,water pump,1_3_50,1_3,1,0.0017336902034317076,0.980957429950183,0.9405407460941836,0.9633131036565776,0.0019506360735901016
00843-DYehNKdT76V,belief,534,water pump,1_2_76,1_2,2,0.0016479786625175714,0.942806341534569,0.9408458021327656,0.9921317006662198,0.001872584012874233
00843-DYehNKdT76V,belief,534,water pump,1_3_52,1_3,3,0.0010774522473392298,0.9748788397992171,0.9318979332745038,0.9819365536129354,0.0012078016301736245
00843-DYehNKdT76V,belief,534,water pump,0_0_25,0_0,4,0.000747265630218965,0.976284574870167,0.9384715163509781,0.9897532177130224,0.0008240443044122781
00843-DYehNKdT76V,belief,534,water pump,1_3_26,1_3,5,0.0006866300804622938,0.9036156361452257,0.9458904509131587,0.9783937814836982,0.0008210782787813039
00843-DYehNKdT76V,belief,535,water tank,0_0_25,0_0,1,0.005441449838295526,0.976284574870167,0.9384715163509781,0.9897532177130224,0.006000537915384429
00843-DYehNKdT76V,belief,535,water tank,1_2_34,1_2,2,0.0037711057557509777,0.933191122530269,0.9560009706227346,0.9838769867285772,0.004296343310694834
00843-DYehNKdT76V,belief,535,water tank,1_3_33,1_3,3,0.00310780632054964,0.8445491488228882,0.9699769634310842,0.9918222223796742,0.0038250204578303333
00843-DYehNKdT76V,belief,535,water tank,1_0_19,1_0,4,0.002929529314430949,0.9687852365300934,0.9318541660861481,0.9204222198451989,0.0035256182912937277
00843-DYehNKdT76V,belief,535,water tank,1_4_8,1_4,5,0.002851682209989374,0.9743140197935558,0.9235141748461707,0.9956632109589073,0.0031830696977020114
00843-DYehNKdT76V,belief,536,watering can,0_0_57,0_0,1,0.014292443850995472,0.9566480149300038,0.9073182929576673,0.9990876571174966,0.016481284618867612
00843-DYehNKdT76V,belief,536,watering can,0_0_25,0_0,2,0.007463629913020914,0.976284574870167,0.9384715163509781,0.9897532177130224,0.008230489228126017
00843-DYehNKdT76V,belief,536,watering can,1_4_56,1_4,3,0.002422473983199991,0.9567796472621811,0.924531114648204,0.9630461617117145,0.002843665812399767
00843-DYehNKdT76V,belief,536,watering can,1_4_46,1_4,4,0.0017931002868101127,0.9832984981831018,0.9263289348857762,0.9925758104909527,0.001983308564082343
00843-DYehNKdT76V,belief,536,watering can,1_1_3,1_1,5,0.0011827598282631111,0.9482779715530216,0.9575854652740334,0.9084999183286149,0.001433700594765673
00843-DYehNKdT76V,belief,537,weight,0_0_13,0_0,1,0.015224593405411579,0.9854814735044656,0.9272242679806945,0.7817140141438867,0.02131397986685068
00843-DYehNKdT76V,belief,537,weight,0_1_320,0_1,2,0.011087864183388864,0.875539102836659,0.919038387096194,0.880281086393772,0.01565371159310734
00843-DYehNKdT76V,belief,537,weight,0_1_171,0_1,3,0.010762761885718985,0.9623341344003914,0.934616339547051,0.4720951705885266,0.025347487311143925
00843-DYehNKdT76V,belief,537,weight,0_1_420,0_1,4,0.010451826443279374,0.9825936513287681,0.9419819677385479,0.9792284799116551,0.01153165419364182
00843-DYehNKdT76V,belief,537,weight,0_1_54,0_1,5,0.009363882370266908,0.8787351826826731,0.9538382149067297,0.9446861547979564,0.011825939853035015
00843-DYehNKdT76V,belief,538,weight bench,0_1_442,0_1,1,0.023029144750341894,0.9719297564814138,0.9171112632911522,0.9984427750168912,0.025876034713960352
00843-DYehNKdT76V,belief,538,weight bench,0_1_445,0_1,2,0.0027256158030931872,0.9930919171076771,0.9291705261612009,0.9572407295700266,0.0030857347909097822
00843-DYehNKdT76V,belief,538,weight bench,0_1_462,0_1,3,0.0008907526533331754,0.9418686537947638,0.8993247118650758,0.9753604323971826,0.0010781647296096608
00843-DYehNKdT76V,belief,538,weight bench,0_0_249,0_0,4,0.0007456126800631961,0.9871110901108423,0.9355290027828591,0.9932174865073262,0.0008129159428787718
00843-DYehNKdT76V,belief,538,weight bench,0_0_238,0_0,5,0.000702433359270369,0.9689564463412348,0.925283635853358,0.9946061979524056,0.0007877253636418528
00843-DYehNKdT76V,belief,539,weights,1_2_80,1_2,1,0.0022158628679574016,0.9223813414573669,0.9999999999999999,0.7388555937006641,0.0032514179958640353
00843-DYehNKdT76V,belief,539,weights,1_3_52,1_3,2,0.0021588289669643083,0.9748788397992171,0.9318979332745038,0.9819365536129354,0.0024200025124125955
00843-DYehNKdT76V,belief,539,weights,0_1_445,0_1,3,0.002083551057581908,0.9930919171076771,0.9291705261612009,0.9572407295700266,0.0023588379476377546
00843-DYehNKdT76V,belief,539,weights,0_1_128,0_1,4,0.0013167028888285393,0.9519296470004605,0.9141135570616024,0.9535277492001387,0.001586899595654298
00843-DYehNKdT76V,belief,539,weights,0_1_320,0_1,5,0.0012132041161814623,0.875539102836659,0.919038387096194,0.880281086393772,0.0017127867932154723
00843-DYehNKdT76V,belief,540,wheel,0_0_96,0_0,1,0.049227499672066834,0.9637162017306503,0.9270797046271217,0.9624881514546729,0.057246132579824575
00843-DYehNKdT76V,belief,540,wheel,0_1_320,0_1,2,0.0007496132303105278,0.875539102836659,0.919038387096194,0.880281086393772,0.0010582948275320717
00843-DYehNKdT76V,belief,540,wheel,0_0_139,0_0,3,0.000628487513633158,0.9773783838738362,0.9126945040022725,0.9537391599400015,0.0007387183274075801
00843-DYehNKdT76V,belief,540,wheel,1_3_111,1_3,4,0.00048271248399675516,0.8997447112880687,0.9201567873647067,0.9923299509420659,0.0005875587451556266
00843-DYehNKdT76V,belief,540,wheel,1_4_49,1_4,5,0.0003395894282354029,0.9814338362959883,0.9309150502804346,0.8210477265133794,0.00045270436332006745
00843-DYehNKdT76V,belief,541,wheelbarrow,0_1_462,0_1,1,0.00558981373424079,0.9418686537947638,0.8993247118650758,0.9753604323971826,0.006765896223597169
00843-DYehNKdT76V,belief,541,wheelbarrow,0_1_445,0_1,2,0.00518066462561439,0.9930919171076771,0.9291705261612009,0.9572407295700266,0.0058651542367607
00843-DYehNKdT76V,belief,541,wheelbarrow,1_2_80,1_2,3,0.001910800106314021,0.9223813414573669,0.9999999999999999,0.7388555937006641,0.0028037880601769066
00843-DYehNKdT76V,belief,541,wheelbarrow,0_1_128,0_1,4,0.0019072670269700172,0.9519296470004605,0.9141135570616024,0.9535277492001387,0.0022986516545097546
00843-DYehNKdT76V,belief,541,wheelbarrow,1_3_50,1_3,5,0.0018896597719755335,0.980957429950183,0.9405407460941836,0.9633131036565776,0.002126122943263617
00843-DYehNKdT76V,belief,542,window shade,1_0_58,1_0,1,0.4498413307405337,0.9463994909861498,0.9748639907542221,0.8995686316004716,0.5420090341909402
00843-DYehNKdT76V,belief,542,window shade,1_0_28,1_0,2,0.44126062561510554,0.9665178679193218,0.9370577572299486,0.8824084539226724,0.552140073528301
00843-DYehNKdT76V,belief,542,window shade,1_0_29,1_0,3,0.4155401044947721,0.953532313458504,0.9359291153099546,0.7947149285463072,0.5858995988311922
00843-DYehNKdT76V,belief,542,window shade,1_2_91,1_2,4,0.3416487898207366,0.9967225002894404,0.9282351944163945,0.9974203156577294,0.3702281047653114
00843-DYehNKdT76V,belief,542,window shade,1_0_55,1_0,5,0.28917302570039316,0.9671517548377282,0.9733602082365177,0.8921241249202492,0.3443216123228868
00843-DYehNKdT76V,belief,543,wine,1_3_50,1_3,1,0.020953804148047803,0.980957429950183,0.9405407460941836,0.9633131036565776,0.023575865035874617
00843-DYehNKdT76V,belief,543,wine,0_0_138,0_0,2,0.02007478051080255,0.9629630498312137,0.9064093631906223,0.927548297970935,0.024795922290815006
00843-DYehNKdT76V,belief,543,wine,0_1_540,0_1,3,0.012212838946507997,0.9827531129271098,0.9459855066032241,0.9815486973495555,0.013383689983426992
00843-DYehNKdT76V,belief,543,wine,0_1_292,0_1,4,0.010969736198491805,0.9849543831680181,0.9395454496160889,0.923930123457731,0.012829896299284854
00843-DYehNKdT76V,belief,543,wine,0_1_420,0_1,5,0.006310576733361787,0.9825936513287681,0.9419819677385479,0.9792284799116551,0.006962552339200261
00843-DYehNKdT76V,belief,544,wine storage,0_1_429,0_1,1,0.00043100200324399713,0.9939725392920908,0.949394733205156,0.9939954447027457,0.0004594874883886188
00843-DYehNKdT76V,belief,544,wine storage,0_1_105,0_1,2,0.000368968516545603,0.9099836842361461,0.9224567744073464,0.9908640709673565,0.00044360414843034
00843-DYehNKdT76V,belief,544,wine storage,0_1_160,0_1,3,0.00036730342176195373,0.9642698976489291,0.94104647935935,0.9929094676742963,0.00040766707642979274
00843-DYehNKdT76V,belief,544,wine storage,0_1_338,0_1,4,0.00033404758145038396,0.9090179512898127,0.9252080694707244,0.9943072831290704,0.00039946233795442975
00843-DYehNKdT76V,belief,544,wine storage,0_1_164,0_1,5,0.0003212554337837565,0.9347075448487623,0.9096069563675033,0.9930721694035461,0.0003804872863477674
00843-DYehNKdT76V,belief,545,wood,1_0_23,1_0,1,0.9175508793742374,0.970441257041928,0.9990870025719141,0.9612420522975019,0.9845206571706978
00843-DYehNKdT76V,belief,545,wood,1_0_64,1_0,2,0.8980237159752383,0.9799336679279802,0.9608913272655513,0.9833395624404729,0.9698695870798142
00843-DYehNKdT76V,belief,545,wood,1_4_76,1_4,3,0.8979690769988645,0.9896732871917027,0.9514516414736192,0.9943115883938045,0.9590920971052654
00843-DYehNKdT76V,belief,545,wood,1_5_60,1_5,4,0.8954446045977272,0.9743164307449969,0.9899638365275089,0.9870336968591666,0.9405619117330225
00843-DYehNKdT76V,belief,545,wood,1_5_69,1_5,5,0.8904119282066086,0.9910076310924313,0.9368365673220247,0.9943419403137939,0.9645269760756255
00843-DYehNKdT76V,belief,546,wrench,0_1_462,0_1,1,0.029145942943865837,0.9418686537947638,0.8993247118650758,0.9753604323971826,0.03527817467138983
00843-DYehNKdT76V,belief,546,wrench,0_1_170,0_1,2,0.016141857869052548,0.9427834590485101,0.9243059753484681,0.956424463111313,0.019367569728420832
00843-DYehNKdT76V,belief,546,wrench,0_1_58,0_1,3,0.013337174846353952,0.9236431027165296,0.9216937994543477,0.9668020754794563,0.016204491721291642
00843-DYehNKdT76V,belief,546,wrench,0_1_320,0_1,4,0.013106215381033374,0.875539102836659,0.919038387096194,0.880281086393772,0.01850319522845554
00843-DYehNKdT76V,belief,546,wrench,1_3_52,1_3,5,0.012107764411223689,0.9748788397992171,0.9318979332745038,0.9819365536129354,0.013572552871598356
